Date,Open,High,Low,Close,Volume,Segment,SMA_20,SMA_50,EMA_20,EMA_50,EMA_200,RSI_14,MACD,MACD_Signal,MACD_Hist,BB_upper,BB_middle,BB_lower,ATR_14,STOCH_K,STOCH_D,OBV,CCI_20,Williams_%R,VWAP,CMF_20,MarketCap,PE,EPS,PB,DividendYield
2024-06-26,12.699999809265137,13.335000038146973,12.699999809265137,13.335000038146973,33485540,0,,,,,,,,,,,,,,,,33485540.0,,,13.123333295186361,,3994379520,9.267326,1.01,0.9423135,
2024-06-27,13.399999618530272,13.399999618530272,12.66800022125244,12.66800022125244,16139280,0,,,,,,,,,,,,,,,,17346260.0,,,13.054602226822166,,3994379520,9.267326,1.01,0.9423135,
2024-06-28,12.034000396728516,12.034000396728516,12.034000396728516,12.034000396728516,821660,0,,,,,,,,,,,,,,,,16524600.0,,,13.037978912376545,,3994379520,9.267326,1.01,0.9423135,
2024-07-01,11.432000160217283,12.295000076293944,11.432000160217283,11.564000129699709,9139800,0,,,,,,,,,,,,,,,,7384800.0,,,12.84251515884736,,3994379520,9.267326,1.01,0.9423135,
2024-07-02,11.5,11.5,10.984999656677246,10.984999656677246,4206520,0,,,,,,,,,,,,,,,,3178280.0,,,12.731349692491849,,3994379520,9.267326,1.01,0.9423135,
2024-07-03,10.4350004196167,11.534000396728516,10.4350004196167,11.354999542236328,6212170,0,,,,,,,,,,,,,,,,9390450.0,,,12.587295298686895,,3994379520,9.267326,1.01,0.9423135,
2024-07-04,11.39900016784668,11.39900016784668,10.90999984741211,11.008999824523926,2582750,0,,,,,,,,,,,,,,,,6807700.0,,,12.534589199492467,,3994379520,9.267326,1.01,0.9423135,
2024-07-05,11.008999824523926,11.18000030517578,10.640000343322754,11.085000038146973,1553020,0,,,,,,,,,,,,,,,,8360720.0,,,12.501780971117565,,3994379520,9.267326,1.01,0.9423135,
2024-07-08,11.184000015258787,11.395000457763672,10.880999565124512,11.244999885559082,1465000,0,,,,,,,,,,,,,,46.50324363111027,33.13706934125842,9825720.0,,,12.476046317892441,,3994379520,9.267326,1.01,0.9423135,
2024-07-09,11.199999809265137,11.380000114440918,11.0,11.204999923706056,861810,0,,,,,,,,,,,,,,59.5710642468145,46.11755349700036,8963910.0,,,12.461608579057282,,3994379520,9.267326,1.01,0.9423135,
2024-07-10,11.5,11.890000343322754,10.710000038146973,11.286999702453612,5131140,0,,,,,,,,,,,,,,65.17563965681644,57.08331584491375,14095050.0,,,12.388291090249519,,3994379520,9.267326,1.01,0.9423135,
2024-07-11,11.4399995803833,11.470000267028809,11.0,11.088000297546388,2253500,0,,,,,,,,,,,,,,52.554531890413216,59.100411931348056,11841550.0,,,12.35597991808112,,3994379520,9.267326,1.01,0.9423135,
2024-07-12,11.100000381469728,11.100000381469728,10.800000190734863,10.833999633789062,1950900,0,,,,,,,,,,,,,,32.70279421976056,50.14432192233008,9890650.0,,,12.323133072026662,,3994379520,9.267326,1.01,0.9423135,
2024-07-15,10.755000114440918,10.979999542236328,9.880000114440918,10.04800033569336,7695200,0,,,,,,,,,,,,,,18.235550979952556,34.49762569670878,2195450.0,,-95.22726576929152,12.156842404014487,,3994379520,9.267326,1.01,0.9423135,
2024-07-16,10.199999809265137,10.295000076293944,10.104999542236328,10.156999588012695,1574990,0,,,,,,16.70157678070055,,,,,,,0.6519286291939871,10.882574456533225,20.606973218748784,3770440.0,,-92.13069566487229,12.124187777066435,,3994379520,9.267326,1.01,0.9423135,
2024-07-18,10.279999732971191,10.324999809265137,9.630000114440918,9.72599983215332,3933620,0,,,,,,15.221081805544944,,,,,,,0.6550051338818609,9.118887102880118,12.745670846455303,-163180.0,,-96.39775913371301,12.03556746100352,,3994379520,9.267326,1.01,0.9423135,
2024-07-19,9.725000381469728,9.859999656677246,9.270999908447266,9.461000442504885,3792990,0,,,,,,14.377209751372755,,,,,,,0.6502904634781552,9.795553026098899,9.93233819517075,-3956170.0,,-93.71691390503744,11.943144563914178,,3994379520,9.267326,1.01,0.9423135,
2024-07-22,9.404999732971191,11.352999687194824,9.404999732971191,10.868000030517578,26999600,0,,,,,,34.98669371517591,,,,,,,0.7429839985314036,30.77023252786189,16.561557552280306,23043430.0,,-39.02253314645835,11.651692357810505,,3994379520,9.267326,1.01,0.9423135,
2024-07-23,10.866000175476074,11.300000190734863,10.80500030517578,11.086000442504885,12168620,0,,,,,,37.49699954643624,,,,,,,0.7252708476048094,58.08971649203793,32.88516734866624,35212050.0,,-30.698731092654167,11.601290493762589,,3994379520,9.267326,1.01,0.9423135,
2024-07-24,11.24899959564209,12.54699993133545,11.086000442504885,11.916000366210938,25746250,0,11.147800016403199,,11.147800016403199,,,46.03985251134833,,,,12.937241630453155,11.147800016403199,9.358358402353243,0.777822893406649,81.53988394775917,56.799944322552996,60958300.0,75.4705002256547,-19.26128085213536,11.639419377853454,,3994379520,9.267326,1.01,0.9423135,
2024-07-25,11.890000343322754,12.19499969482422,11.699999809265137,11.880000114440918,7208350,0,11.075050020217896,,11.217533359073458,,,45.74778429455624,,,,12.601937590408943,11.075050020217896,9.54816245002685,0.7576212499889657,82.51811898056981,74.04923980678898,53749950.0,100.40822203571017,-20.360189628646328,11.65118779923831,,3994379520,9.267326,1.01,0.9423135,
2024-07-26,11.99899959564209,12.244999885559082,11.434000015258787,11.652999877929688,4265950,0,11.024300003051758,,11.25900636086929,,,43.858448741125,,,,12.395573328849752,11.024300003051758,9.653026677253765,0.7614340085826321,77.30843836759055,80.45548043197319,49484000.0,97.09537351199899,-27.28937872892914,11.654190948134872,,3994379520,9.267326,1.01,0.9423135,
2024-07-29,11.74899959564209,12.098999977111816,11.449999809265137,11.937999725341797,2902750,0,11.019499969482421,,11.323672395580957,,,46.827573932376566,,,,12.377207166289054,11.019499969482421,9.661792772675788,0.7534030199586355,72.07558677471992,77.30071470762677,52386750.0,106.87539286538737,-18.589749747826506,11.656977606236143,-0.024704334174149894,3994379520,9.267326,1.01,0.9423135,
2024-07-30,12.187999725341797,12.300000190734863,11.630000114440918,11.911999702453612,4082060,0,11.036899948120118,,11.379703567664066,,,46.58552183395957,,,,12.430518570631122,11.036899948120118,9.643281325609113,0.747445666839729,64.37451261138446,71.25284591789833,48304690.0,120.0619845973879,-19.38340123459491,11.66334397793097,0.01932125556447831,3994379520,9.267326,1.01,0.9423135,
2024-07-31,12.06999969482422,12.3100004196167,11.619999885559082,11.741000175476074,2955460,0,11.074699974060058,,11.414112768408067,,,44.940210248418715,,,,12.501258839003057,11.074699974060058,9.64814110911706,0.7433424430695782,52.20747215459008,62.885857180231504,45349230.0,101.9115554958741,-24.60316697888147,11.666891073733995,0.03776594800046473,3994379520,9.267326,1.01,0.9423135,
2024-08-01,11.774999618530272,11.883999824523926,11.156000137329102,11.23900032043457,1772730,0,11.068900012969971,,11.397435392410591,,,40.42628473978025,,,,12.491791782618176,11.068900012969971,9.646008243321766,0.7422465319356671,32.92488018408377,49.83562165001945,43576500.0,40.279260795110595,-39.9267277705243,11.664657233775065,-0.006812522709193421,3994379520,9.267326,1.01,0.9423135,
2024-08-02,11.151000022888184,11.401000022888184,11.022000312805176,11.326000213623049,3132480,0,11.084750032424926,,11.390632042049873,,,41.52252986413437,,,,12.511676306549065,11.084750032424926,9.657823758300788,0.7163003303747628,21.946842495055733,35.69306494457654,46708980.0,17.403870587473197,-37.27105339382581,11.657957644320954,0.02145866302071003,3994379520,9.267326,1.01,0.9423135,
2024-08-05,10.210000038146973,11.220000267028809,10.210000038146973,10.70300006866455,2278260,0,11.065650033950806,,11.325143282679843,,,36.36241030649205,,,,12.502245295840694,11.065650033950806,9.629054772060918,0.744850319310571,18.090350312301055,24.320690997146865,44430720.0,-45.518409869666186,-56.28815170291706,11.646967938938875,0.01264904726443915,3994379520,9.267326,1.01,0.9423135,
2024-08-06,11.175000190734863,11.175000190734863,10.40999984741211,10.541999816894531,1048520,0,11.030500030517578,,11.25055819070029,,,35.146825795409605,,,,12.482144784453393,11.030500030517578,9.578855276581763,0.7462896067400127,20.96272429367649,20.33330570034444,43382200.0,-41.68838262501655,-61.20268926839848,11.641984793369831,0.0020429290511752266,3994379520,9.267326,1.01,0.9423135,
2024-08-07,10.649999618530272,10.984000205993652,10.565999984741213,10.925999641418455,754590,0,11.016550016403198,,11.219647852673448,,,40.27516352457489,,,,12.466580396696678,11.016550016403198,9.566519636109717,0.7245546626228061,27.352494629222264,22.135189745066615,44136790.0,-25.843560887724998,-49.4810829850938,11.638874299560198,0.005967058634807507,3994379520,9.267326,1.01,0.9423135,
2024-08-08,11.050000190734863,11.050000190734863,10.25,10.380000114440918,1715240,0,10.971200037002564,,11.139681401413208,,,35.92515636387157,,,,12.441156556852059,10.971200037002564,9.50124351715307,0.7299436289165245,24.285007458298974,24.20007546039926,42421550.0,-50.756781831611185,-68.96879949347816,11.62961382198558,-0.0026967549904189925,3994379520,9.267326,1.01,0.9423135,
2024-08-09,10.6899995803833,10.690999984741213,10.125,10.324000358581545,1652850,0,10.93300004005432,,11.061997492572097,,,35.50163091189966,,,,12.428319482768096,10.93300004005432,9.437680597340545,0.7182333686182879,25.073018756703163,25.57017361474148,40768700.0,-64.24823890518918,-91.78363483801508,11.61936274439656,0.005102331406055019,3994379520,9.267326,1.01,0.9423135,
2024-08-12,10.149999618530272,10.489999771118164,10.149999618530272,10.36400032043457,835270,0,10.909500074386596,,10.995521571416141,,,36.08128249580344,,,,12.424941647760381,10.909500074386596,9.394058501012811,0.6912167103304024,18.40306719797861,22.587031137660265,41603970.0,-63.367241501097624,-90.13210870312496,11.614058898178136,0.01995513799583294,3994379520,9.267326,1.01,0.9423135,
2024-08-13,10.154999732971191,10.449999809265137,10.029999732971191,10.0649995803833,1417430,0,10.910350036621093,,10.906900429413014,,,33.64704685866477,-0.2948720008186161,-0.19930772987582066,-0.09556427094279543,12.42387576467697,10.910350036621093,9.396824308565217,0.6718440936135126,14.788943830423642,19.421676595035155,40186540.0,-77.92405559311815,-98.46491943545843,11.604093486343068,0.05885953123240287,3994379520,9.267326,1.01,0.9423135,
2024-08-14,10.09000015258789,10.279999732971191,9.94499969482422,10.142000198364258,1369680,0,10.909600067138673,,10.83405278836075,,,34.86574660411899,-0.3126008040745294,-0.2219663447155624,-0.090634459358967,12.424632342298581,10.909600067138673,9.394567791978764,0.647783803937331,14.673793020347597,15.955268016249965,41556220.0,-83.32524602624845,-91.67017153631852,11.594198419329151,0.06764062524503359,3994379520,9.267326,1.01,0.9423135,
2024-08-16,10.175000190734863,11.59000015258789,10.175000190734863,11.284000396728516,7368760,0,10.987500095367432,,10.876904941538633,,,49.639297573682725,-0.2318287588462642,-0.22393882754170275,-0.007889931304561448,12.408380933190234,10.987500095367432,9.56661925754463,0.7049421003863526,34.21921474197206,21.227317197581115,48924980.0,2.5133178328591383,-43.382651520253205,11.574157696778654,0.12753670208388743,3994379520,9.267326,1.01,0.9423135,
2024-08-19,11.399999618530272,11.81999969482422,11.111000061035156,11.538000106811523,3115810,0,11.091350078582764,,10.939866385850337,,,52.23433150370305,-0.14564180911554558,-0.2082794238564713,0.06263761474092572,12.344479319211535,11.091350078582764,9.838220837953992,0.705231924200832,61.395436716366994,36.7628148262289,52040790.0,47.73393290198993,-32.64270935362679,11.57293659437336,0.1458847132758757,3994379520,9.267326,1.01,0.9423135,
2024-08-20,11.550000190734863,11.96399974822998,11.300000190734863,11.392999649047852,2410450,0,11.117600059509277,,10.98302193472629,,,50.630408454714704,-0.08802367351717777,-0.1842282737886126,0.09620460027143482,12.372908026345506,11.117600059509277,9.862292092673048,0.7022867551504238,79.35896224270248,58.324537900347195,49630340.0,49.58605920107165,-38.773805054512685,11.572708781374342,0.013196442656189201,3994379520,9.267326,1.01,0.9423135,
2024-08-21,11.446999549865724,11.470000267028809,11.199999809265137,11.210000038146973,2157170,0,11.123800039291382,,11.00463889695683,,,48.6020372444783,-0.056476400359356305,-0.15867789910276134,0.10220149874340503,12.379647234079345,11.123800039291382,9.867952844503419,0.6714091624799415,73.11116178654683,71.28852024853879,47473170.0,16.82111591935443,-37.345205058866625,11.569971384651971,-0.03172405492143631,3994379520,9.267326,1.01,0.9423135,
2024-08-22,11.229999542236328,11.515000343322754,11.100000381469728,11.131999969482422,835210,0,11.084600019454957,,11.016768522911649,,,47.72441797668632,-0.0373384978031428,-0.13441001884283763,0.09707152103969482,12.286890660944273,11.084600019454957,9.88230937796564,0.6530942195780189,62.62234535964933,71.69748979629956,46637960.0,15.875101809671403,-41.20850702029927,11.568758324256738,-0.12563610730907282,3994379520,9.267326,1.01,0.9423135,
2024-08-23,11.154999732971191,11.890000343322754,11.0,11.583999633789062,3709080,0,11.069799995422363,,11.070790533471403,,,53.018671994146835,0.0141380486206657,-0.10470040535013696,0.11883845397080266,12.239404354385712,11.069799995422363,9.900195636459014,0.6700160855597856,58.909752776508924,64.88108664090173,50347040.0,51.161483369516496,-18.821203783522094,11.567480298579438,-0.07170191706732802,3994379520,9.267326,1.01,0.9423135,
2024-08-26,11.550000190734863,12.520000457763672,11.49899959564209,12.217000007629396,14702420,0,11.098000001907348,,11.17995334053407,,,59.24382280774936,0.10480331511523744,-0.06279966125706207,0.1676029763722995,12.346992615197502,11.098000001907348,9.849007388617194,0.6950864267427711,64.71340975046023,62.081835962206185,65049460.0,123.03637730844697,-11.76700428579253,11.59887346391932,0.07255057686084275,3994379520,9.267326,1.01,0.9423135,
2024-08-27,12.223999977111816,12.489999771118164,11.899999618530272,12.149999618530272,5807750,0,11.108599996566772,,11.272338700343232,,,58.36233704005039,0.16929825565874346,-0.016380077873900965,0.18567833353264443,12.389128731155386,11.108599996566772,9.828071261978158,0.6875802643031369,72.10150113814194,65.24155455503706,59241710.0,129.8195610675407,-14.368960373084768,11.612637174703055,0.03200567911221047,3994379520,9.267326,1.01,0.9423135,
2024-08-28,12.5,12.984999656677246,11.9399995803833,12.039999961853027,9098480,0,11.115000009536743,,11.345449296677499,,,56.86635523240654,0.20912425349311903,0.02872078839950304,0.180403465093616,12.412690635620748,11.115000009536743,9.817309383452738,0.7131102508739089,69.37218898710636,68.72903329190287,50143230.0,140.6718680040409,-31.085516667184304,11.63800408935529,-0.06884706056130396,3994379520,9.267326,1.01,0.9423135,
2024-08-29,12.038000106811523,12.038000106811523,11.03499984741211,11.267999649047852,7548720,0,11.091349983215332,,11.33807313976039,,,47.637400379529964,0.17635970543595825,0.05824857180679408,0.11811113362916417,12.359447062477471,11.091349983215332,9.823252903953193,0.733959526842981,47.184015066374144,62.88590173054084,42594510.0,39.46690669613684,-56.48026411759561,11.632497947433245,-0.09368387391549775,3994379520,9.267326,1.01,0.9423135,
2024-08-30,11.30500030517578,11.543999671936035,11.204999923706056,11.342000007629396,1469840,0,11.096499967575074,,11.338447127176485,,,48.500187799954304,0.15458284077162787,0.07751542559976085,0.07706741517186702,12.367786353724567,11.096499967575074,9.825213581425581,0.7057481140849095,27.212599281299756,47.922934444926774,44064350.0,29.60776403135616,-54.0460417652888,11.630997398087258,-0.07907204754674715,3994379520,9.267326,1.01,0.9423135,
2024-09-02,11.354999542236328,11.5,10.800000190734863,10.875,2801800,0,11.073949956893921,,11.29430930554063,,,43.61596125121886,0.09850600498985962,0.08171354147778061,0.01679246351207901,12.344152081841797,11.073949956893921,9.803747831946046,0.7053375208834971,10.892443329812112,28.42968589249536,41262550.0,-7.561599517459618,-69.40788431428467,11.624968460590711,-0.13622087106309047,3994379520,9.267326,1.01,0.9423135,
2024-09-03,10.972000122070312,11.489999771118164,10.95199966430664,11.371999740600586,3183410,0,11.107399940490723,,11.301708394593959,,,49.45033948967238,0.09309528953934887,0.08398989109009426,0.009105398449254606,12.371988333371856,11.107399940490723,9.842811547609589,0.6988848244716876,15.118187129531245,17.741076580214393,44445960.0,16.254323319993315,-53.05920843148496,11.620788348170587,-0.10931209480215356,3994379520,9.267326,1.01,0.9423135,
2024-09-04,11.194000244140623,11.59000015258789,11.020000457763672,11.48799991607666,1993020,0,11.15469994544983,,11.319450444258978,,,50.73176271667559,0.09704878528374294,0.086601669928824,0.010447115354918948,12.40180477258497,11.15469994544983,9.907595118314688,0.6896787437825828,28.39481637491566,18.13514894475303,46438980.0,25.144908154216576,-53.27402224606974,11.618916681610404,-0.08132379941460546,3994379520,9.267326,1.01,0.9423135,
2024-09-05,11.48900032043457,11.637999534606934,11.310999870300291,11.371000289916992,1020160,0,11.176949977874756,11.207099990844727,11.324359953369266,11.207099990844727,,49.37229720513945,0.08970698088517537,0.08722273212009427,0.002484248765081104,12.422817786304975,11.176949977874756,9.931082169444537,0.663773095248587,49.96348424759449,31.158829250680487,45418820.0,31.85853254342008,-73.86726596128211,11.618246446799905,-0.09708083127941262,3994379520,9.267326,1.01,0.9423135,
2024-09-06,11.371000289916992,11.779999732971191,11.109999656677246,11.274999618530272,1874910,0,11.221699953079224,11.165899982452393,11.319658969098885,11.2097627213422,,48.230254677166045,0.07527437993937802,0.08483306168395102,-0.009558681744573,12.412948577171026,11.221699953079224,10.030451328987422,0.6642178796089697,57.39377641667621,45.250692346395475,43543910.0,20.686833989636526,-78.26089043959821,11.616674374056025,-0.09409799233529086,3994379520,9.267326,1.01,0.9423135,
2024-09-09,11.25,11.789999961853027,11.0600004196167,11.402000427246094,2547730,0,11.275599956512451,11.140579986572266,11.327501012731952,11.217301454907059,,49.88187661407544,0.07324007755815565,0.08251446485879195,-0.009274387300636303,12.394877036919668,11.275599956512451,10.156322876105234,0.6689165697966383,56.769065999881924,54.70877555471756,46091640.0,19.527589247240975,-72.44849502736194,11.61483926952735,-0.08859409312666458,3994379520,9.267326,1.01,0.9423135,
2024-09-10,11.399999618530272,11.52299976348877,11.149999618530272,11.26099967956543,980030,0,11.320449924468994,11.125119972229005,11.321167552430378,11.219015110776015,,48.049059555303415,0.059563683255799305,0.07792430853819342,-0.018360625282394114,12.358994559301799,11.320449924468994,10.281905289636189,0.6477796823081997,44.48910946143366,52.883983959330614,45111610.0,-8.18192187653225,-78.90162006828048,11.613768285307465,-0.09655181885516038,3994379520,9.267326,1.01,0.9423135,
2024-09-11,11.486000061035156,12.0600004196167,11.324999809265137,11.38599967956543,5754440,0,11.386499929428101,11.121559963226318,11.327342040728954,11.225563525238345,,49.80969503718954,0.05814128107297556,0.07396770304514985,-0.015826421972174293,12.250648520068161,11.386499929428101,10.522351338788042,0.6585811864327047,39.19930079066026,46.81915875065863,50866050.0,40.1342596036761,-73.1807948713696,11.61329258070306,-0.13666956763785787,3994379520,9.267326,1.01,0.9423135,
2024-09-12,11.5,11.97700023651123,11.399999618530272,11.642999649047852,4945060,0,11.46154990196228,11.13471996307373,11.35740467009266,11.241933569309305,,53.31301352121386,0.076865706773658,0.07454730379085148,0.002318402982806528,12.11548055448217,11.46154990196228,10.807619249442391,0.6537539986122116,40.732823109846656,41.47374445398021,55811110.0,48.22705069549369,-61.418779663206664,11.614321960691301,-0.1430600994246553,3994379520,9.267326,1.01,0.9423135,
2024-09-13,11.8100004196167,12.300000190734863,11.611000061035156,11.9350004196167,6582000,0,11.49409990310669,11.146319980621337,11.412413789094948,11.269112661478223,,56.98666935967472,0.11395338716260461,0.0824285204652021,0.03152486669740251,12.17374216281309,11.49409990310669,10.81445764340029,0.6562715794041756,53.82145936399044,44.58452775483247,62393110.0,106.41708655747517,-48.05489673690541,11.621781510174223,-0.19983343876733903,3994379520,9.267326,1.01,0.9423135,
2024-09-16,12.1899995803833,12.472000122070312,11.800999641418455,11.935999870300291,4227180,0,11.513999891281127,11.164859981536866,11.462279130162123,11.295265101039872,,56.99914152349188,0.141791800773575,0.09430117652687668,0.047490624246698324,12.2203986693701,11.513999891281127,10.807601113192154,0.6573236437790101,62.77327304871607,52.44251850751775,66620290.0,116.25831671534854,-48.00915527567531,11.62810851990803,-0.23499667909084337,3994379520,9.267326,1.01,0.9423135,
2024-09-17,11.850000381469728,12.041000366210938,11.300000190734863,11.42099952697754,2607310,0,11.515399885177612,11.171579971313477,11.458347739382639,11.300195862841349,,49.09888495064019,0.12090401424048558,0.09962174406959846,0.021282270170887116,12.220944352650795,11.515399885177612,10.809855417704428,0.663300538900229,46.78135741840936,54.45869661037198,64012980.0,2.3549008521129706,-62.85888984775993,11.62775630975723,-0.23469023781719617,3994379520,9.267326,1.01,0.9423135,
2024-09-18,11.4399995803833,12.199999809265137,11.262999534606934,11.878999710083008,3496640,0,11.548849868774415,11.184259967803955,11.498409831830292,11.322894052929257,,55.063894316256935,0.13969674293960566,0.1076367438435999,0.03205999909600575,12.256737249077492,11.548849868774415,10.840962488471337,0.6828505200257986,40.24357739869174,49.93273595527241,67509620.0,41.99956673236415,-35.46653327393783,11.629507359355047,-0.1946292845169056,3994379520,9.267326,1.01,0.9423135,
2024-09-19,11.994000434875488,11.994999885559082,11.154999732971191,11.395000457763672,2289260,0,11.561999893188476,11.188059978485107,11.488561320014425,11.325721755079627,,48.584356734211646,0.11421877814062675,0.10895315070300528,0.005265627437621476,12.247852655207984,11.561999893188476,10.876147131168969,0.6940754937802337,26.499549806939125,37.841494874680095,65220360.0,-24.262987182504308,-64.4138581660363,11.628655248615756,-0.19453347144082345,3994379520,9.267326,1.01,0.9423135,
2024-09-20,11.44499969482422,11.725000381469728,11.387999534606934,11.55799961090088,1392010,0,11.560699892044067,11.193479976654054,11.495174490575039,11.334830690602029,,50.688850099422346,0.10595855265789211,0.10835423109398265,-0.002395678436090537,12.246479487754097,11.560699892044067,10.874920296334036,0.6685701618575595,33.25810106633195,33.333742757320955,66612370.0,-14.99462432627007,-60.13159446768665,11.628332474854616,-0.21347179360283497,3994379520,9.267326,1.01,0.9423135,
2024-09-23,11.553999900817873,12.0600004196167,11.343999862670898,11.484999656677246,4059130,0,11.52409987449646,11.20141996383667,11.49420545877525,11.340719669663802,,49.70756168699902,0.092456002980839,0.10517458547135392,-0.012718582490514913,12.14048899310394,11.52409987449646,10.907710755888981,0.6719580472210053,26.80068395539931,28.85277827622348,62553240.0,9.271333270064376,-67.9752543788899,11.628349772383645,-0.35881155302267914,3994379520,9.267326,1.01,0.9423135,
2024-09-24,11.545000076293944,11.689000129699709,11.329999923706056,11.416999816894531,902510,0,11.487449884414673,11.213079967498778,11.486852540500896,11.343711047986575,,48.7606195729481,0.07539896398645496,0.09921946117437412,-0.023820497187919162,12.033807500813614,11.487449884414673,10.941092268015732,0.6496039157047658,29.0835147092738,29.714099910335037,61650730.0,-25.876186032500694,-74.71675123886507,11.627919528925041,-0.37828427667460773,3994379520,9.267326,1.01,0.9423135,
2024-09-25,11.359999656677246,11.529000282287598,11.211000442504885,11.293999671936035,774070,0,11.450149869918823,11.237999954223632,11.468485600637576,11.341761582259103,,47.01589027901024,0.05136396216811079,0.08964836137312146,-0.03828439920501067,11.93939802780783,11.450149869918823,10.960901712029816,0.6259179102817621,24.003270640670067,26.629156435114407,60876660.0,-63.918140833720216,-83.4278114993425,11.627222943577843,-0.3147905826671776,3994379520,9.267326,1.01,0.9423135,
2024-09-26,11.310999870300291,11.418999671936035,11.156000137329102,11.18299961090088,614090,0,11.445899868011475,11.258519954681397,11.441296458757892,11.335535622597996,,45.43587948375757,0.0230930702658263,0.07633730315166243,-0.05324423288583613,11.942820003967864,11.445899868011475,10.948979732055086,0.5999951691621315,14.472513552617643,22.51976630085385,60262570.0,-90.8120884724319,-91.28900728021065,11.626493615639689,-0.2891792469677437,3994379520,9.267326,1.01,0.9423135,
2024-09-27,11.19499969482422,11.59000015258789,11.14900016784668,11.31999969482422,1997210,0,11.444799852371215,11.290399951934814,11.429744386002303,11.334926370528436,,47.76894269866782,0.011609123814722011,0.06339166728427434,-0.05178254346955233,11.942731490154442,11.444799852371215,10.946868214587989,0.5886383702749229,12.372096263241565,16.949293485509774,62259780.0,-53.96247038251276,-87.07486523853379,11.624772528733708,-0.28943880297887914,3994379520,9.267326,1.01,0.9423135,
2024-09-30,11.600000381469728,11.6899995803833,10.800000190734863,10.984000205993652,2193090,0,11.450249862670898,11.320859947204589,11.387292559334814,11.321164560154523,,42.921660254032304,-0.02432394586211295,0.04584854465499688,-0.07017249051710983,11.924960294328342,11.450249862670898,10.975539431013454,0.6101641573730312,14.143788120369754,13.662799312076336,60066690.0,-129.71935161702413,-88.99521394646078,11.621569189673817,-0.27560944266833337,3994379520,9.267326,1.01,0.9423135,
2024-10-01,11.039999961853027,11.289999961853027,10.68000030517578,10.760000228881836,3065120,0,11.419649887084962,11.318699951171874,11.327550432625006,11.299158115790888,,40.007032619251845,-0.07006838385872882,0.02266515895225174,-0.09273354281098056,11.981494042495697,11.419649887084962,10.857805731674226,0.6101524073233324,15.78849602422489,14.101460135945418,57001570.0,-197.35920658952037,-95.53571808703121,11.614808983053202,-0.352149410622999,3994379520,9.267326,1.01,0.9423135,
2024-10-03,10.60099983215332,10.734999656677246,10.399999618530272,10.45199966430664,1185170,0,11.36784987449646,11.30601993560791,11.244164645166114,11.265936215732683,,36.35175650587936,-0.12967938876396978,-0.007803750590992566,-0.12187563817297722,12.068757097450028,11.36784987449646,10.666942651542893,0.592284421825349,10.875324941694444,13.602536362096378,55816400.0,-258.9176449316866,-97.49034589096257,11.610834897319325,-0.39750415188449667,3994379520,9.267326,1.01,0.9423135,
2024-10-04,10.5,10.616999626159668,10.100000381469728,10.201000213623049,2172530,0,11.309349870681762,11.271719932556152,11.144815651685821,11.224174019571521,,33.6532883547259,-0.19492808794637995,-0.04522861806207004,-0.1496994698843099,12.175310363196232,11.309349870681762,10.443389378167293,0.5869069091728197,6.101331843671937,10.921717603197104,53643870.0,-244.3745056360287,-95.74199649247231,11.602138881783617,-0.4016009192420104,3994379520,9.267326,1.01,0.9423135,
2024-10-07,10.300000190734863,10.545000076293944,9.730999946594238,9.923999786376951,1241340,0,11.241799879074097,11.232599925994872,11.028547474037357,11.173186794740362,,30.92497871995169,-0.2659243611266291,-0.08936776667498186,-0.17655659445164723,12.297848434957357,11.241799879074097,10.185751323190837,0.6031278534961687,6.745054757722076,7.9072371810295,52402530.0,-224.47577832267478,-92.18307612322299,11.596314080805818,-0.4007652983709985,3994379520,9.267326,1.01,0.9423135,
2024-10-08,9.885000228881836,10.390000343322754,9.885000228881836,10.227999687194824,643320,0,11.183099842071533,11.204099922180175,10.952304827671401,11.136120633660145,,36.96483659533273,-0.29426704049176244,-0.13034762143833797,-0.16391941905342447,12.32409988488082,11.183099842071533,10.042099799262246,0.5961187292779365,16.02784859358089,9.624745064991648,53045850.0,-164.22435279348431,-79.87040225822675,11.593510923445095,-0.4080441639717702,3994379520,9.267326,1.01,0.9423135,
2024-10-09,10.380000114440918,10.486000061035156,10.17199993133545,10.230999946594238,1609870,0,11.131599855422973,11.169959926605225,10.883609124711672,11.100625704755599,,37.023363452091104,-0.3128800359341035,-0.1668541043374911,-0.14602593159661242,12.344595019654411,11.131599855422973,9.918604691191534,0.5759674007366344,30.51072102406376,17.761208125122256,54655720.0,-120.91778883931518,-78.53156296910817,11.587172832706607,-0.41482936455723235,3994379520,9.267326,1.01,0.9423135,
2024-10-10,10.345999717712402,10.378999710083008,10.10200023651123,10.20699977874756,413170,0,11.07264986038208,11.135859928131104,10.819170139381757,11.0655815507945,,36.729579256785314,-0.32581182597004066,-0.198645648664001,-0.12716617730603966,12.34366916276911,11.07264986038208,9.80163055799505,0.5546125487962875,45.13493652423065,30.557835380625118,54242550.0,-110.8347063558751,-79.56205515340264,11.585472236581676,-0.36131445487748076,3994379520,9.267326,1.01,0.9423135,
2024-10-11,10.34000015258789,10.34000015258789,10.039999961853027,10.119999885559082,437420,0,10.996499872207641,11.103439922332763,10.75258249616055,11.0284999168637,,35.62598714253459,-0.3391707774380741,-0.22675067441881563,-0.11242010301925848,12.303688995045036,10.996499872207641,9.689310749370247,0.5364259517919001,50.43803310715719,42.02789688515055,53805130.0,-102.34266721557613,-83.29755861062498,11.583593482256855,-0.386441975960589,3994379520,9.267326,1.01,0.9423135,
2024-10-14,10.239999771118164,10.239999771118164,10.039999961853027,10.118000030517578,244060,0,10.905649852752685,11.081019916534423,10.692146070861218,10.992794038967773,,35.599508170911065,-0.34593153095693197,-0.2505868457264389,-0.09534468523049305,12.191699710883036,10.905649852752685,9.619599994622334,0.5123955130399884,46.76066158390763,47.44454373843184,53561070.0,-94.00634069260299,-80.24501499396348,11.582522283997214,-0.4458065840768703,3994379520,9.267326,1.01,0.9423135,
2024-10-15,10.239999771118164,10.239999771118164,9.826000213623049,10.0,833490,0,10.808849859237672,11.054499912261964,10.626227397445865,10.953860939400409,,33.9940273824231,-0.35669928579553734,-0.2718093337402586,-0.08488995205527872,12.06111156592883,10.808849859237672,9.556588152546514,0.5053672305010689,37.640329797080575,44.94634149604848,52727580.0,-95.46267470358326,-86.2684990458387,11.578597602004221,-0.41843947874973364,3994379520,9.267326,1.01,0.9423135,
2024-10-16,10.0,10.1899995803833,10.0,10.048999786376951,319690,0,10.740249872207642,11.04141990661621,10.571253339248825,10.91837618830145,,35.29890415897104,-0.3571617969604368,-0.28887982638429427,-0.06828197057614255,12.001148176063072,10.740249872207642,9.479351568352211,0.4828409697783712,35.15258782059815,39.85119306719546,53047270.0,-80.01114238207775,-83.76723332164983,11.57715307353768,-0.39689637756158963,3994379520,9.267326,1.01,0.9423135,
2024-10-17,10.170000076293944,10.170000076293944,9.954999923706056,10.048999786376951,433160,0,10.64874987602234,11.03155990600586,10.52151490564198,10.884282996069116,,35.29890415897104,-0.35345394334934177,-0.30179464977730375,-0.05165929357203802,11.828830649968634,10.64874987602234,9.468669102076046,0.4637094828361938,36.69140095865852,36.49477285877909,53047270.0,-75.44074947341763,-83.76723332164983,11.57517200930866,-0.4853069128167499,3994379520,9.267326,1.01,0.9423135,
2024-10-18,10.048999786376951,10.175999641418455,9.800000190734863,10.067999839782717,578440,0,10.582399845123291,11.014399909973145,10.478322994607765,10.852271891901022,,35.86904737335814,-0.3450052908940435,-0.3104367780006517,-0.0345685128933918,11.736114481159941,10.582399845123291,9.428685209086641,0.45744448053957937,48.206554006339864,40.01684759519886,53625710.0,-74.39008746962394,-82.79734782100704,11.572459216505463,-0.46949658632436686,3994379520,9.267326,1.01,0.9423135,
2024-10-21,10.069000244140623,10.260000228881836,9.6899995803833,9.770000457763672,577070,0,10.49299988746643,11.002199916839599,10.410863705384518,10.809829874876028,,31.221989119110965,-0.35822632254005526,-0.31999468690853244,-0.03823163563152282,11.606879424942749,10.49299988746643,9.379120349990112,0.4654842068223619,39.44314364999432,41.44703287166425,53048640.0,-82.48264285727066,-94.99994635583249,11.569575252295095,-0.5028416897735616,3994379520,9.267326,1.01,0.9423135,
2024-10-22,9.81999969482422,9.836999893188477,9.300000190734863,9.401000022888184,636800,0,10.388799905776978,10.983739910125733,10.314686211813438,10.75458164538631,,26.622556784727912,-0.3939382615400735,-0.3347834018348407,-0.05915485970523282,11.50189339317907,10.388799905776978,9.275706418374885,0.47059245651030845,28.488370114489,38.712689256941076,52411840.0,-127.91576978134432,-92.96168155108042,11.565653053573051,-0.4864425486173138,3994379520,9.267326,1.01,0.9423135,
2024-10-23,9.449999809265137,9.675000190734863,9.28499984741211,9.505000114440918,403890,0,10.293199920654297,10.966559906005859,10.237573250158912,10.705578448094334,,29.763070611700233,-0.4091320724100669,-0.3496531359498859,-0.05947893646018099,11.364274654677958,10.293199920654297,9.222125186630636,0.4648358769969117,15.70672074408344,27.8794115028556,52815730.0,-129.07962007184994,-83.48346069278865,11.563143750806406,-0.4729779886363419,3994379520,9.267326,1.01,0.9423135,
2024-10-24,9.505000114440918,9.675000190734863,9.355999946594238,9.437999725341797,305660,0,10.200399923324586,10.95401990890503,10.16142339065252,10.655869478574626,,28.904776684252877,-0.42171834190973634,-0.36406617714185596,-0.057652164767880376,11.229334894168524,10.200399923324586,9.171464952480648,0.4544190460786055,16.25907519577802,20.151388684783498,52510070.0,-127.69085416169537,-87.85715475103805,11.561249978968615,-0.4729813584441102,3994379520,9.267326,1.01,0.9423135,
2024-10-25,9.649999618530272,9.649999618530272,9.06999969482422,9.229000091552734,489240,0,10.102699947357177,10.9357599067688,10.072621171690635,10.599913816338473,,26.351935982026813,-0.44344580769567266,-0.3799421032526193,-0.06350370444305337,11.110742173872463,10.102699947357177,9.09465772084189,0.4633891087662802,17.20592734533767,16.39057442839972,52020830.0,-153.09719224618462,-88.77116132716958,11.557972970310903,-0.46246793512156376,3994379520,9.267326,1.01,0.9423135,
2024-10-28,9.399999618530272,9.4350004196167,9.100000381469728,9.366000175476074,315140,0,10.00499997138977,10.89739990234375,10.005323933955914,10.551525046108575,,30.674178331627378,-0.4444864558737258,-0.3928509737768406,-0.05163548209688523,10.893903546004573,10.00499997138977,9.116096396774967,0.454218460864901,22.548543385425194,18.671181975513637,52335970.0,-148.0525032840515,-79.09601665966238,11.555852143065596,-0.47043720705932746,3994379520,9.267326,1.01,0.9423135,
2024-10-29,9.550000190734863,9.623000144958496,9.300999641418455,9.59000015258789,280680,0,9.935299968719482,10.858439903259278,9.96576928811134,10.513818187539137,,37.16718868049843,-0.4223674617607305,-0.3987542713736186,-0.023613190387111904,10.718545703801528,9.935299968719482,9.152054233637436,0.4447743210559824,45.96791985257968,28.574130194447523,52616650.0,-94.83472578115762,-60.27498459112953,11.554137394704096,-0.4327631659257102,3994379520,9.267326,1.01,0.9423135,
2024-10-30,9.699999809265137,10.0,9.609999656677246,9.878999710083008,290050,0,9.891249942779542,10.82815990447998,9.957505518775308,10.488923345285956,,44.40224936191976,-0.37717036535623016,-0.3944374901701409,0.01726712481391074,10.577048821741164,9.891249942779542,9.20545106381792,0.44229043008142005,70.51053602840288,46.3423330888026,52906700.0,-20.13903618438647,-36.29923435749412,11.552648932805655,-0.3454954749129868,3994379520,9.267326,1.01,0.9423135,
2024-10-31,10.0,10.0,9.847000122070312,9.895000457763672,195430,0,9.863399982452393,10.801859912872315,9.95155265582182,10.465632251657631,,44.78136277735874,-0.3361848841376496,-0.3827869689636426,0.04660208482599304,10.499271340871847,9.863399982452393,9.227528624032939,0.42162681921343914,87.21645639587341,67.89830409228533,53102130.0,5.7129010421941375,-30.672235908466586,11.551696501691929,-0.31309090390034955,3994379520,9.267326,1.01,0.9423135,
2024-11-01,10.100000381469728,10.100000381469728,9.899999618530272,10.008999824523926,124010,0,9.853799962997437,10.779399909973144,9.95702381474583,10.447725097652388,,47.52670874601735,-0.29114861877882525,-0.36445929892667916,0.07331068014785391,10.474612996485767,9.853799962997437,9.232986929509106,0.4061534695343404,88.86629835297488,82.19776359241706,53226140.0,31.817806160063725,-21.092461488404478,11.551125523700085,-0.24623002813388,3994379520,9.267326,1.01,0.9423135,
2024-11-04,10.050000190734863,10.098999977111816,9.649999618530272,9.711999893188477,256390,0,9.843199968338013,10.741959915161132,9.93368820316894,10.418873128849881,,41.70867325205943,-0.27623816472925533,-0.3468150720871944,0.07057690735793909,10.46609260107737,9.843199968338013,9.220307335598655,0.4092139616091407,77.01631921396286,84.3663579876037,52969750.0,-10.685632384806352,-46.05042771071792,11.549807232160905,-0.222304510742532,3994379520,9.267326,1.01,0.9423135,
2024-11-05,9.711999893188477,9.854999542236328,9.550000190734863,9.746000289916992,314350,0,9.81909999847412,10.692539920806885,9.915813163811611,10.39248595869565,,42.57533458157684,-0.2586958894274112,-0.32919123555523777,0.0704953461278266,10.417387043713969,9.81909999847412,9.220812953234272,0.4017700608871638,59.325198868964854,75.06927214530086,53284100.0,-31.785368588392323,-43.1932527973099,11.548097255089003,-0.24593419356453963,3994379520,9.267326,1.01,0.9423135,
2024-11-06,9.704999923706056,10.0,9.704999923706056,9.946999549865724,301580,0,9.804899978637696,10.648479919433594,9.918783295816764,10.375015903447418,,47.54082441382826,-0.22596971123857656,-0.30854693069190553,0.08257721945332896,10.376284413012028,9.804899978637696,9.233515544263364,0.39414363341621955,53.08577630989995,63.14243146427588,53585680.0,17.866297319811782,-26.302566264307004,11.546609084331944,-0.13285286644643546,3994379520,9.267326,1.01,0.9423135,
2024-11-07,9.800000190734863,9.99899959564209,9.675999641418455,9.770000457763672,289970,0,9.7830500125885,10.603079929351807,9.90461350171647,10.351289807538251,,43.937830747426354,-0.2118739754322334,-0.2892123396399711,0.07733836420773771,10.323861655623022,9.7830500125885,9.242238369553979,0.38906194204532063,49.27269353946557,53.89455623944345,53295710.0,4.783566584715081,-41.17643287498223,11.545121432985244,-0.13778613599017975,3994379520,9.267326,1.01,0.9423135,
2024-11-08,9.970000267028809,9.970000267028809,9.60200023651123,9.64900016784668,1048340,0,9.75950002670288,10.570699939727783,9.880269374681252,10.323749037354268,,41.61586518888804,-0.20806823431884958,-0.2729835185757468,0.06491528425689724,10.28021650877053,9.75950002670288,9.23878354463523,0.387557519793339,43.40483368008333,48.58776784314961,52247370.0,-11.507542167172035,-43.78639931705871,11.539533133055947,-0.19754401017016995,3994379520,9.267326,1.01,0.9423135,
2024-11-11,9.800000190734863,9.800000190734863,9.399999618530272,9.42099952697754,1065010,0,9.724650001525879,10.532279930114747,9.83652938918566,10.288347095770867,,37.5852700461547,-0.22090346566038654,-0.26256750799267475,0.04166404233228821,10.237972146765532,9.724650001525879,9.211327856286225,0.38844630925128565,20.51093564266917,37.72948762073934,51182360.0,-65.22600633528178,-65.92236911060208,11.533264146461338,-0.2789401513687884,3994379520,9.267326,1.01,0.9423135,
2024-11-12,9.595000267028809,9.595000267028809,9.199999809265137,9.263999938964844,351870,0,9.687849998474121,10.500059928894043,9.782002774878915,10.248176619033375,,35.066709513876646,-0.24096632383883865,-0.25824727116190754,0.017280947323068896,10.222039885677633,9.687849998474121,9.153660111270609,0.3889144627164561,9.844262184688318,24.586677169146924,50830490.0,-109.02773404044827,-81.165037396971,11.531007679108203,-0.3068427337943672,3994379520,9.267326,1.01,0.9423135,
2024-11-13,9.39900016784668,9.39900016784668,8.800000190734863,8.829999923706055,706460,0,9.626900005340577,10.449219932556153,9.691335836671977,10.192561846667598,,29.234800180063914,-0.288560116234752,-0.2643098401764764,-0.024250276058275566,10.252675320636765,9.626900005340577,9.001124690044389,0.40392057088755323,4.667353620953828,11.674183816103756,50124030.0,-178.443619101573,-97.69232857156481,11.525779440921719,-0.34725327530438926,3994379520,9.267326,1.01,0.9423135,
2024-11-14,8.899999618530273,9.0,8.60099983215332,8.659000396728516,1175420,0,9.557400035858155,10.39263994216919,9.59301817572498,10.132422181964104,,27.30775625866687,-0.33620125355471764,-0.27868812285212463,-0.05751313070259301,10.28128265592986,9.557400035858155,8.83351741578645,0.40356911352749086,4.912929114184533,6.474848306608877,48948610.0,-208.8949456912919,-96.1307175903541,11.51624716466005,-0.4009882406430342,3994379520,9.267326,1.01,0.9423135,
2024-11-18,8.800000190734863,8.800000190734863,8.399999618530273,8.479999542236328,2089920,0,9.478000020980835,10.334819927215577,9.487016401107013,10.067621294131643,,25.418923460279057,-0.38397484806911386,-0.2997454678955225,-0.08422938017359138,10.301895967669259,9.478000020980835,8.65410407429241,0.40331421771871223,4.151016988878234,4.577099908005515,46858690.0,-218.26190376728027,-95.29412424687813,11.498284778741272,-0.480687873071483,3994379520,9.267326,1.01,0.9423135,
2024-11-19,8.5,8.800000190734863,8.3100004196167,8.434000015258789,865070,0,9.41119999885559,10.277999935150147,9.386729126264324,10.003557714568002,,24.941490016762543,-0.42069799865188706,-0.3239359740467954,-0.09676202460509165,10.339580260665993,9.41119999885559,8.482819737045187,0.4095060429615302,6.533587350221016,5.199177817761243,45993620.0,-185.91452133406514,-93.07264814052151,11.490799686671908,-0.4697118622734195,3994379520,9.267326,1.01,0.9423135,
2024-11-21,8.300000190734863,8.390000343322754,8.140000343322754,8.192999839782715,958690,0,9.350799989700317,10.213819923400878,9.273040622789885,9.932555444968578,,22.551581066947197,-0.46390050386267134,-0.3519288800099706,-0.11197162385270076,10.420416174930537,9.350799989700317,8.281183804470096,0.4012555878882806,6.524567958940813,5.736390766013337,45034930.0,-188.1842790069705,-97.2959441107936,11.481789543466624,-0.47002932112213536,3994379520,9.267326,1.01,0.9423135,
2024-11-22,8.324999809265137,8.324999809265137,8.076000213623047,8.164999961853027,1637250,0,9.283799982070922,10.15189992904663,9.167512940795898,9.863239543669929,,22.28441356303989,-0.49469561354798763,-0.380482226717574,-0.11421338683041365,10.468110576945246,9.283799982070922,8.099489387196598,0.3903801598706956,7.830478519562558,6.962877942908112,43397680.0,-160.6680037709819,-95.60277960230277,11.466270377781857,-0.4653521260540536,3994379520,9.267326,1.01,0.9423135,
2024-11-25,8.390000343322754,8.390000343322754,8.050000190734863,8.079999923706055,1762460,0,9.215899991989136,10.085779933929443,9.063940272501627,9.793308578181149,,21.45350624334221,-0.5199659092100557,-0.4083789632160703,-0.11158694599398539,10.507883488190977,9.215899991989136,7.923916495787296,0.3867815879219238,5.947208276350188,6.767418251617837,41635220.0,-134.72659334247862,-98.53588403616982,11.449649632058897,-0.5084039029110401,3994379520,9.267326,1.01,0.9423135,
2024-11-26,8.180000305175781,8.22700023651123,7.900000095367432,8.071999549865723,2037490,0,9.158049964904786,10.014359931945801,8.969469727488685,9.72580626334525,,21.372729339090558,-0.5344772429358606,-0.4335986191600284,-0.10087862377583223,10.542788992194632,9.158049964904786,7.773310937614939,0.3825114845806291,10.914340827315678,8.230675874409458,39597730.0,-124.2318771235093,-91.80954941384222,11.43002239524831,-0.4390597529413684,3994379520,9.267326,1.01,0.9423135,
2024-11-27,8.149999618530273,8.486000061035156,7.900000095367432,8.180999755859375,1990980,0,9.09879994392395,9.939279918670655,8.894377349238274,9.665225615992863,,25.489063891364484,-0.5310604396168586,-0.4530909832513944,-0.07796945636546415,10.543007919922767,9.09879994392395,7.654591967925134,0.39704637608685023,23.687725391264156,13.516424831643326,41588710.0,-96.56073506198389,-86.6190631784286,11.411753383922635,-0.41262843186060677,3994379520,9.267326,1.01,0.9423135,
2024-11-28,8.270000457763672,8.529999732971191,8.130000114440918,8.163999557495117,1243900,0,9.027499914169312,9.863839912414551,8.82481755954845,9.606354005855696,,25.266886153260327,-0.5236876273177327,-0.46721031206466207,-0.05647731525307059,10.508012232409774,9.027499914169312,7.546987595928849,0.3972573219756662,36.32263747025592,23.64156789627857,40344810.0,-78.62623740868236,-87.42260481276243,11.40074429535652,-0.4585067660151545,3994379520,9.267326,1.01,0.9423135,
2024-11-29,8.234999656677246,8.281999588012695,8.029999732971191,8.173999786376953,2562080,0,8.94224991798401,9.798899917602538,8.762834914484497,9.550183252150648,,25.67728756003828,-0.5111455182002906,-0.4759973532917878,-0.035148164908502866,10.413143724553144,8.94224991798401,7.471356111414874,0.38688178862322603,44.44963446667046,34.81999910939683,42906890.0,-81.32260197673158,-86.76330104892648,11.3775019021739,-0.3966434987363453,3994379520,9.267326,1.01,0.9423135,
2024-12-02,8.24899959564209,8.899999618530273,8.03600025177002,8.5649995803833,3414270,0,8.875749874114991,9.732619915008545,8.743993454093907,9.51154859835585,,39.635469678921204,-0.46430319252429086,-0.4736585211382884,0.009355328613997516,10.287400118367785,8.875749874114991,7.464099629862198,0.4209616156330137,50.632240102785595,43.80150401323731,46321160.0,-43.22084687874621,-65.00002886119496,11.350247222360565,-0.30918239184431745,3994379520,9.267326,1.01,0.9423135,
2024-12-03,8.694999694824219,8.947999954223633,8.539999961853027,8.873000144958496,1829680,0,8.818949890136718,9.682179908752442,8.75627980560482,9.486507482536346,,47.93103392014918,-0.39774231463511,-0.4584752798376527,0.06073296520254268,10.131581552699016,8.818949890136718,7.506318227574421,0.42003578539998454,67.61184945388935,54.231241341115116,48150840.0,-8.66356792250584,-42.59587309437464,11.337300958362196,-0.24458272040011092,3994379520,9.267326,1.01,0.9423135,
2024-12-04,8.800000190734863,9.199999809265137,8.751999855041504,9.13599967956543,1196480,0,8.790149879455566,9.633739910125733,8.792443603124877,9.47276207849827,,53.772867854637326,-0.32008078287710795,-0.43079638044554375,0.1107155975684358,10.047241988771868,8.790149879455566,7.533057770139264,0.4220332260302451,84.62447089962004,67.62285348543163,49347320.0,24.823060917785487,-17.545061745478396,11.32970326096746,-0.19726229486321165,3994379520,9.267326,1.01,0.9423135,
2024-12-05,9.270000457763672,9.600000381469728,9.151000022888184,9.496000289916992,1144270,0,8.777649879455566,9.593959922790527,8.859449001866983,9.473673380906847,,60.33325874437935,-0.22686921178080155,-0.3900109467125953,0.16314173493179374,10.00099387451956,8.777649879455566,7.554305884391572,0.4250309028783918,93.58307519024737,81.93979851458556,50491590.0,76.08052666303638,-6.117651414705585,11.323696223339855,-0.17239062223452847,3994379520,9.267326,1.01,0.9423135,
2024-12-06,9.696000099182127,9.788999557495115,9.310999870300291,9.352999687194824,2713640,0,8.747949886322022,9.552679920196534,8.906453829041062,9.46894107919265,,56.88013082908314,-0.16266225445206572,-0.3445412082604894,0.18187895380842367,9.881868720192408,8.747949886322022,7.614031052451637,0.4288143874724227,87.67801527674082,88.62852045553605,47777950.0,91.34032304806637,-23.080994941586727,11.31010742671045,-0.2393436953389834,3994379520,9.267326,1.01,0.9423135,
2024-12-09,9.494999885559082,9.68299961090088,9.253000259399414,9.411999702453612,3230740,0,8.730049848556519,9.515039920806885,8.954601055080353,9.466708084026413,,57.94949598286207,-0.10579740342512345,-0.2967924472934162,0.19099504386829275,9.808829359829355,8.730049848556519,7.651270337283683,0.4288990277602115,79.43999884839678,86.9003631051283,51008690.0,92.8801896826859,-19.9576475589288,11.293883580921934,-0.23984186832313847,3994379520,9.267326,1.01,0.9423135,
2024-12-10,9.489999771118164,9.600000381469728,8.979000091552734,9.144000053405762,2031890,0,8.704799842834472,9.474259929656982,8.972639054920869,9.454052867139328,,51.67993234708496,-0.08141839068218992,-0.2537176359711709,0.172299245288981,9.718008606782206,8.704799842834472,7.691591078886737,0.442620546485696,60.91519449509675,76.01106954007811,48976800.0,71.69951083748211,-34.14503376103958,11.282687973974433,-0.23795076177026703,3994379520,9.267326,1.01,0.9423135,
2024-12-11,9.399999618530272,10.972000122070312,9.28499984741211,10.557000160217283,32328440,0,8.76159987449646,9.458999938964844,9.123530588758623,9.497305702161993,,70.06747408903996,0.05132777757353146,-0.19270855326223044,0.2440363308357619,10.025414667329072,8.76159987449646,7.497785081663847,0.5415762266413285,62.26478556399305,67.53999296916218,81305240.0,198.74106748395286,-13.509113224144098,11.20193958612338,0.1422375271517151,3994379520,9.267326,1.01,0.9423135,
2024-12-12,10.767999649047852,11.020000457763672,10.300000190734863,10.468000411987305,6381700,0,8.821799898147583,9.448679943084716,9.251575333828022,9.535372161370828,,68.3043781442644,0.14764655879743493,-0.12463753085029736,0.2722840896477323,10.275970126527442,8.821799898147583,7.367629669767725,0.5543208009547199,63.31097962888192,62.1636532293239,74923540.0,203.5450508027699,-17.69230710449075,11.192537599940415,0.08580911784435954,3994379520,9.267326,1.01,0.9423135,
2024-12-13,10.494999885559082,10.699999809265137,10.123000144958496,10.652000427246094,2615150,0,8.912899923324584,9.446519947052002,9.38494915224879,9.579161505130642,,69.98588554682166,0.23610547340891408,-0.05248892999845506,0.28859440340736914,10.57161253918548,8.912899923324584,7.254187307463687,0.5559407197655714,78.03372777909419,67.86983099065638,77538690.0,158.25667121773702,-11.794871402993834,11.188109310168496,0.12203345157162722,3994379520,9.267326,1.01,0.9423135,
2024-12-16,10.652000427246094,10.652000427246094,10.3100004196167,10.406999588012695,1220530,0,9.000299882888793,9.445619945526124,9.48228728898821,9.611625743675036,,65.03819654585665,0.28317600368237805,0.014644056737711561,0.2685319469446665,10.776347826490506,9.000299882888793,7.224251939287081,0.5406592403272731,74.96324234880147,72.10264991892585,76318160.0,130.9000032634292,-19.647461491965217,11.185957771274456,0.12612871829923594,3994379520,9.267326,1.01,0.9423135,
2024-12-17,10.5,10.58899974822998,10.109999656677246,10.184000015258787,986600,0,9.085499906539917,9.445279941558837,9.54911707244255,9.634071793541066,,60.82333509517819,0.2990384075950967,0.07152292690918859,0.2275154806859081,10.916181974412194,9.085499906539917,7.254817838667642,0.536255015414806,67.91694791378215,73.63797268055926,75331560.0,101.80193793379787,-27.959874242602627,11.183843722946474,0.13598789469770758,3994379520,9.267326,1.01,0.9423135,
2024-12-18,10.199999809265137,10.399999618530272,9.91100025177002,9.984000205993652,1128000,0,9.16299991607666,9.446479949951172,9.590534513733132,9.647794476382344,,57.24048722042737,0.29210397108852604,0.11563913574505608,0.17646483534346996,11.007977412869545,9.16299991607666,7.318022419283777,0.5328796119394807,42.78790689331057,61.88936571863139,74203560.0,76.4277844902009,-34.64882945277288,11.180909054010925,0.130467848918771,3994379520,9.267326,1.01,0.9423135,
2024-12-19,9.899999618530272,9.970999717712402,9.699999809265137,9.8100004196167,910020,0,9.243849945068359,9.43811996459961,9.611436028579186,9.654155493764083,,54.24660625530039,0.2694618629910437,0.1464036811942536,0.1230581817967901,11.053086512141496,9.243849945068359,7.4346133779952215,0.5151025251386975,23.132705284450513,44.61252003051441,73293540.0,48.79326823163208,-40.54959633436254,11.177962527948507,0.13581991267565313,3994379520,9.267326,1.01,0.9423135,
2024-12-20,9.8100004196167,9.939000129699709,9.399999618530272,9.428000450134276,820760,0,9.306999969482423,9.422059974670411,9.593965973489196,9.645286668523699,,48.276693049673156,0.21817859710990462,0.1607586643773838,0.05741993273252083,11.04808700858959,9.306999969482423,7.565912930375255,0.5168095241408931,6.606349716753011,24.17565396483803,72472780.0,24.070713902309283,-64.19353585833947,11.174849750622018,0.13361526677839933,3994379520,9.267326,1.01,0.9423135,
2024-12-23,9.5,9.539999961853027,9.187000274658203,9.24899959564209,588080,0,9.365449953079224,9.402899971008301,9.561112032741852,9.62974599899893,,45.73667672254113,0.16123376397163192,0.16085368429623342,0.0003800796753984925,11.013869032568174,9.365449953079224,7.717030873590276,0.5051088215018882,5.886251629759426,11.875102210320982,71884700.0,-5.089931515345544,-78.086437013991,11.172257340648455,0.1510483961520576,3994379520,9.267326,1.01,0.9423135,
2024-12-24,9.390000343322754,9.534000396728516,9.288999557495115,9.423999786376951,380100,0,9.433049964904786,9.388979969024659,9.548053723564243,9.621677520072577,,48.58479902090039,0.12874157357751237,0.1544312621524892,-0.025689688574976832,10.970934629861517,9.433049964904786,7.895165299948055,0.4893868200436409,8.732332958656912,7.074978101723115,72264800.0,-3.1884674998303475,-78.19698113771793,11.17066738774445,0.15371459855986158,3994379520,9.267326,1.01,0.9423135,
2024-12-26,9.5649995803833,9.64900016784668,9.17099952697754,9.392999649047852,443350,0,9.493649959564209,9.374479961395263,9.533286668848396,9.612709760424549,,48.10314466340962,0.09934464338404503,0.14341393839880037,-0.044069295014755344,10.920953243966013,9.493649959564209,8.066346675162405,0.4885735215311765,17.236840271997227,10.618474953471187,71821450.0,-12.107362895994225,-79.71585089601447,11.168804540948168,0.15800078365074452,3994379520,9.267326,1.01,0.9423135,
2024-12-27,9.53499984741211,9.585000038146973,9.300999641418455,9.430999755859377,537620,0,9.556999969482423,9.363099956512452,9.523545058087537,9.605583877892581,,48.77354659239656,0.07821207533271313,0.13037356578558293,-0.0521614904528698,10.848639525201405,9.556999969482423,8.26536041376344,0.4739611554738437,27.04749452164769,17.67222258410061,72359070.0,-16.280744632803696,-77.85401356170418,11.166595137805041,0.17453018367255207,3994379520,9.267326,1.01,0.9423135,
2024-12-30,9.399999618530272,9.399999618530272,8.916999816894531,8.968999862670898,1002750,0,9.596749973297118,9.34149995803833,9.47073122995262,9.58061979886428,,41.71760021690486,0.02390922198591916,0.10908069702565018,-0.08517147503973102,10.75805243799488,9.596749973297118,8.435447508599356,0.47682106858034384,22.902668842476363,22.39566787870709,71356320.0,-72.13768393868175,-97.52734046933641,11.161672512261342,0.16096091559234318,3994379520,9.267326,1.01,0.9423135,
2024-12-31,8.5,8.789999961853027,8.25100040435791,8.498000144958496,3762290,0,9.593400001525879,9.31047996520996,9.378090174238894,9.538164126162092,,35.99973749997339,-0.056480845405133095,0.07596838853949353,-0.13244923394462663,10.766910541601602,9.593400001525879,8.419889461450156,0.49404809641838987,19.54202653353595,23.16406329922,67594030.0,-153.90719967372075,-91.07982174659817,11.138262905050277,0.1435399857819951,3994379520,9.267326,1.01,0.9423135,
2025-01-01,7.199999809265137,8.088000297546387,7.199999809265137,7.927000045776367,14722720,0,9.546099996566772,9.267659969329834,9.239891114385319,9.474981221048926,,30.535605711886394,-0.16437072554193755,0.027900565723207316,-0.19227129126514486,10.895084947419921,9.546099996566772,8.197115045713623,0.5514732563666019,18.152500321514964,20.19906523250909,52871310.0,-235.46146846796668,-80.96858342689076,11.024603612888674,0.22513686350479586,3994379520,9.267326,1.01,0.9423135,
2025-01-02,8.100000381469727,8.489999771118164,7.849999904632568,8.430000305175781,7143710,0,9.51080002784729,9.240859966278077,9.162758656365362,9.434001577289195,,39.27895409999655,-0.20690128643159333,-0.019059804707752814,-0.18784148172384052,10.935677319646654,9.51080002784729,8.085922736047927,0.5577965856608158,32.97533862262657,23.556621825892496,60015020.0,-154.1749896993106,-64.8571286882673,10.980422267836307,0.26807426549311414,3994379520,9.267326,1.01,0.9423135,
2025-01-03,8.470000267028809,8.689000129699707,8.239999771118164,8.404000282287598,3511510,0,9.45620002746582,9.220919971466065,9.090495954072242,9.393609369642073,,39.005658056562616,-0.23993917742816961,-0.06323567925183618,-0.17670349817633343,10.960629482583105,9.45620002746582,7.951770572348536,0.5500254265837249,45.32841104168415,32.15208332860856,56503510.0,-116.76971922550143,-65.12166113902177,10.960678815747483,0.24268571319554805,3994379520,9.267326,1.01,0.9423135,
2025-01-06,8.5,8.586999893188477,7.75,7.793000221252441,3706940,0,9.378200054168701,9.186679973602295,8.966924931898928,9.330840383430715,,33.16564196190015,-0.3118299609704209,-0.11295453559555313,-0.1988754253748678,11.048555902219768,9.378200054168701,7.707844206117635,0.5705236027697785,47.86508722565437,42.056278963321695,52796570.0,-138.27259931165065,-82.5022005704599,10.936898721919036,0.22747352944913157,3994379520,9.267326,1.01,0.9423135,
2025-01-07,7.901000022888184,8.220000267028809,7.901000022888184,7.972000122070312,3983440,0,9.306200075149537,9.157359981536866,8.872170188105727,9.277552530044032,,36.18029574013853,-0.35032183677480155,-0.16042799583140283,-0.18989384094339873,11.08513341784824,9.306200075149537,7.527266732450833,0.560271920127392,47.95660191274695,47.05003339336182,56780010.0,-119.00841294238022,-75.87498878687555,10.911666160426853,0.21001471002189281,3994379520,9.267326,1.01,0.9423135,
2025-01-08,7.999000072479248,8.119000434875488,7.729000091552734,7.828999996185303,2842870,0,9.240450072288514,9.129359979629516,8.772820646018067,9.220746548324081,,34.828710712373336,-0.38789443513345034,-0.20592128369181234,-0.181973151441638,11.132135519583585,9.240450072288514,7.348764624993444,0.5481096646413465,33.18638769461885,43.00269227767339,53937140.0,-113.01094650898516,-77.3006060013684,10.893070673084964,0.203238827288014,3994379520,9.267326,1.01,0.9423135,
2025-01-09,7.890999794006348,7.988999843597412,7.60099983215332,7.696000099182129,2312140,0,9.097400069236755,9.095959978103638,8.670266308224168,9.160952569926359,,33.572522255484465,-0.42352088505989904,-0.24944120396542968,-0.17407968109446936,11.001875045469347,9.097400069236755,7.192925093004163,0.5366732608415425,23.665061023267867,34.936016876877886,51625000.0,-108.44452410594444,-81.89119270207692,10.877465210604754,0.008284600649004228,3994379520,9.267326,1.01,0.9423135,
2025-01-10,7.603000164031982,7.940000057220459,7.60099983215332,7.691999912261963,2858110,0,8.958600044250488,9.05799997329712,8.577098080037292,9.103346583351284,,33.53334734867856,-0.44692600022599116,-0.28893816321754195,-0.1579878370084492,10.847854925860364,8.958600044250488,7.069345162640612,0.522553758286228,9.459170866369806,22.103539861418838,48766890.0,-97.79832515506993,-79.91016615114782,10.858280299269635,0.04630227835543189,3994379520,9.267326,1.01,0.9423135,
2025-01-13,7.691999912261963,7.784999847412109,7.199999809265137,7.23799991607666,3554330,0,8.787900018692017,9.005179977416992,8.44956492156485,9.03019573365424,,29.347736400050266,-0.49638669128855284,-0.33042786883174413,-0.1659588224568087,10.651043062468446,8.787900018692017,6.924756974915589,0.5270142068477097,7.2287850921028145,13.45100566058016,45212560.0,-111.5197724973408,-98.44834212954002,10.83220305333375,-0.04792844426264418,3994379520,9.267326,1.01,0.9423135,
2025-01-14,7.34499979019165,7.499000072479248,7.238999843597412,7.376999855041504,1731520,0,8.636400032043458,8.95481996536255,8.347415867610245,8.965364522728251,,32.140511577784224,-0.5183928023598767,-0.36802085553737063,-0.1503719468225061,10.440097398299049,8.636400032043458,6.832702665787866,0.5080132032444867,10.73825754408229,9.142071167518301,46944080.0,-105.12509081919524,-92.77255941771746,10.819509517634833,-0.036348092014078945,3994379520,9.267326,1.01,0.9423135,
2025-01-15,7.377999782562256,7.698999881744385,7.321000099182129,7.473000049591064,2074850,0,8.50085003376007,8.904099969863891,8.264138170656038,8.906840425742478,,34.0786213165134,-0.522068312011692,-0.3988303468322349,-0.12323796517945712,10.224658533310803,8.50085003376007,6.777041534209338,0.4987265303386131,19.195448521406806,12.387497052530634,49018930.0,-89.0948881829528,-88.55345014143172,10.804972586307716,-0.030916222655291207,3994379520,9.267326,1.01,0.9423135,
2025-01-16,7.510000228881836,7.742000102996826,7.400000095367432,7.478000164031982,2551880,0,8.375550031661987,8.859419975280762,8.18926788431089,8.85080747430285,,34.18405791808647,-0.5185996188545889,-0.4227842012367057,-0.09581541761788326,10.012013555710556,8.375550031661987,6.739086507613418,0.48753177871652603,30.4761498298202,20.136618631769764,51570810.0,-80.07231112945637,-87.36361914232593,10.787493630196604,-0.04021362277207342,3994379520,9.267326,1.01,0.9423135,
2025-01-17,7.478000164031982,8.489999771118164,7.448999881744385,8.336999893188477,9778830,0,8.301900005340576,8.83123996734619,8.203337599442088,8.830658157396405,,49.212653725585014,-0.44144781968079005,-0.42651692492552257,-0.014930894755267488,9.800260175515769,8.301900005340576,6.803539835165383,0.5270652151920442,53.43597877570372,34.36919237564357,61349640.0,-24.11109813222771,-28.49056762210029,10.733308298346861,0.06859187578824096,3994379520,9.267326,1.01,0.9423135,
2025-01-20,8.333000183105469,8.970000267028809,8.1850004196167,8.833000183105469,9585690,0,8.272149991989135,8.808959980010986,8.263305464552886,8.830750001541858,,55.52736821984705,-0.33640353429847103,-0.40849424680011226,0.07209071250164123,9.701952769927868,8.272149991989135,6.8423472140504025,0.5454891174934774,72.59754790526519,52.16989217026304,70935330.0,41.890158221394394,-7.740115734005754,10.693294465629629,0.15129473184046613,3994379520,9.267326,1.01,0.9423135,
2025-01-21,8.824999809265137,9.079999923706056,8.298999786376953,8.378999710083008,3149900,0,8.228649997711182,8.781139965057372,8.274323964127182,8.81303430383759,,49.464838846807766,-0.2864867839488916,-0.3840927542298681,0.0976059702809765,9.588136418611553,8.228649997711182,6.869163576810812,0.5623113331960221,80.12427864364138,68.71926844153677,67785430.0,40.40763194603225,-37.28724313570131,10.67999742969628,0.11976720793817201,3994379520,9.267326,1.01,0.9423135,
2025-01-22,8.321000099182129,8.479999542236328,7.824999809265137,8.005000114440918,4181180,0,8.15770001411438,8.748259963989257,8.248674073680872,8.781346688567131,,45.09674947168173,-0.2739481377837887,-0.3620638309406522,0.08811569315686352,9.403613076301186,8.15770001411438,6.9117869519275725,0.5689319331799628,62.74840050400787,71.82340901763816,63604250.0,-10.491022332708877,-57.18083743759906,10.658594804276213,0.09127636097565343,3994379520,9.267326,1.01,0.9423135,
2025-01-23,7.949999809265137,8.609999656677246,7.881999969482422,8.550000190734863,5300590,0,8.11555004119873,8.730839977264404,8.277371799114587,8.772274276887435,,51.77924986818776,-0.21752670649384775,-0.3331564060512913,0.11562969955744357,9.242838702439698,8.11555004119873,6.9882613799577635,0.5802939156095958,54.55477344237232,65.80915086334052,68904840.0,33.808436149237004,-28.19147344194743,10.634510484840783,0.13675068143824207,3994379520,9.267326,1.01,0.9423135,
2025-01-24,8.46500015258789,8.920000076293945,8.1899995803833,8.718999862670898,6506460,0,8.079950046539306,8.719939975738525,8.319431614691378,8.770185084173061,,53.66266464513304,-0.15736148927185845,-0.29799742269540475,0.1406359334235463,9.07617242850545,8.079950046539306,7.083727664573163,0.5909872427739564,58.250527570508275,58.51790050562949,75411300.0,90.72866976512215,-19.202129737237456,10.608937727745086,0.15958751666538654,3994379520,9.267326,1.01,0.9423135,
2025-01-27,8.609999656677246,8.894000053405762,8.098999977111816,8.154999732971191,3515930,0,8.039250040054322,8.706439971923828,8.303771435479932,8.746060168439655,,47.05702998702278,-0.15342166858370376,-0.26908227187306455,0.11566060328936079,8.94967721901632,8.039250040054322,7.128822861092324,0.6055595880253842,55.01149512492676,55.93893204593579,71895370.0,63.3951822126014,-49.20213480997285,10.593847157413233,0.13236101507060202,3994379520,9.267326,1.01,0.9423135,
2025-01-28,8.199999809265137,8.345000267028809,7.842000007629394,8.098999977111816,1552360,0,8.019300031661988,8.695239963531494,8.284269391825825,8.720685258975818,,46.445694800042226,-0.1530537363913531,-0.24587656477672226,0.09282282838536915,8.905815297237847,8.019300031661988,7.132784766086129,0.5982339216949578,40.85090334578333,51.3709753470728,70343010.0,13.157025414992717,-52.18084504670219,10.586391881148813,0.13913479720712796,3994379520,9.267326,1.01,0.9423135,
2025-01-29,8.098999977111816,8.369999885559082,8.098999977111816,8.263999938964844,967860,0,8.036150026321412,8.690919971466064,8.282338967743827,8.702776030740093,,48.56594934166088,-0.13785887818523612,-0.22427302745842503,0.08641414927318891,8.927803197833082,8.036150026321412,7.144496854809741,0.574860063605837,30.154737123873037,42.005711864861055,71310870.0,39.155030404447956,-43.404251865371684,10.582042848639299,0.04929978978945317,3994379520,9.267326,1.01,0.9423135,
2025-01-30,8.265000343322754,8.331000328063965,8.104999542236328,8.192999839782715,868250,0,8.024300003051758,8.686099967956544,8.273830479366579,8.682784807565294,,47.69098629369123,-0.13004685897633728,-0.20542779376200748,0.0753809347856702,8.9008731320186,8.024300003051758,7.147726874084917,0.549941543764537,32.24322611110272,34.41628886025305,70442620.0,32.66149270058567,-47.18085265580532,10.578097477489155,-0.02700014178469251,3994379520,9.267326,1.01,0.9423135,
2025-01-31,8.300000190734863,8.600000381469727,8.135000228881836,8.36400032043457,2138760,0,8.022300004959106,8.68951997756958,8.282418083277816,8.670283455128795,,50.02618269826298,-0.10880325163558346,-0.18610288533672267,0.07729963370113921,8.89557501958673,8.022300004959106,7.149024990331483,0.5438743015376336,40.44221249834842,34.280058577774746,72581380.0,66.9512775203401,-38.8918833305663,10.569073773989405,-0.015012448419374958,3994379520,9.267326,1.01,0.9423135,
2025-02-01,8.404999732971191,8.477999687194824,8.152000427246094,8.246000289916992,1080070,0,8.044950008392334,8.69113998413086,8.278949722005358,8.653644899630292,,48.41983462907666,-0.10033258448242854,-0.16894882516586385,0.0686162406834353,8.916758385208729,8.044950008392334,7.173141631575938,0.5283117985669976,45.159414209762225,39.281617606404474,71501310.0,47.221340341141186,-47.41328692370881,10.564391906446385,0.025101169818490792,3994379520,9.267326,1.01,0.9423135,
2025-02-03,8.25,8.597000122070312,8.107000350952148,8.222999572753906,1579330,0,8.057499980926513,8.693999977111817,8.273621136362362,8.636756847595924,,48.09565028826312,-0.09438744566624457,-0.15403654926594,0.05964910359969541,8.931968865985246,8.057499980926513,7.18303109586778,0.5255752251777952,42.55612058106123,42.71924909639065,69921980.0,46.898887214216614,-51.01193086428168,10.557631367943747,0.04622259425185269,3994379520,9.267326,1.01,0.9423135,
2025-02-04,8.383999824523926,8.399999618530273,8.182999610900879,8.277000427246094,1324350,0,8.079900002479553,8.698099994659424,8.273942973589383,8.622648752680245,,48.95967487567322,-0.08434617249559828,-0.14009847391187163,0.05575230141627335,8.952758769781061,8.079900002479553,7.207041235178044,0.5035341382100523,37.59871897679898,41.77141792254083,71246330.0,39.16845713467578,-49.233566879260266,10.551937474741727,0.06541127092118511,3994379520,9.267326,1.01,0.9423135,
2025-02-05,8.298999786376953,8.388999938964844,8.154999732971191,8.204000473022461,1203050,0,8.10530002117157,8.698560009002685,8.2672817830592,8.606231173085822,,47.80124904995586,-0.0813412263598483,-0.12834702440146697,0.04700579804161867,8.96139939745001,8.10530002117157,7.249200644893127,0.48428171448030943,26.39115762449661,35.515332394118964,70043280.0,27.775405835561557,-69.80074667752821,10.546704952832533,0.07385739426457065,3994379520,9.267326,1.01,0.9423135,
2025-02-06,8.164999961853027,8.451000213623047,8.164999961853027,8.298999786376953,1256760,0,8.135650014877319,8.701260013580322,8.27030254527994,8.594182883410964,,49.476596417105064,-0.07048166548606893,-0.11677395261838737,0.046292287132318435,8.973839836693205,8.135650014877319,7.297460193061432,0.47011875285814586,31.202217036859185,31.730697879384948,71300040.0,35.76883832458861,-62.23108096504238,10.541395996369555,0.09518443212919951,3994379520,9.267326,1.01,0.9423135,
2025-02-07,8.25,8.399999618530273,8.189000129699707,8.269000053405762,748780,0,8.187200021743774,8.703160018920899,8.27017849843478,8.581430615567623,,48.942387036639246,-0.06356339375091125,-0.10613184084489215,0.0425684470939809,8.91818146551903,8.187200021743774,7.456218577968517,0.45161023399903305,30.640078564721573,29.411151075359147,70551260.0,25.613112493344257,-59.452042386676084,10.538218075721906,0.14721090831028902,3994379520,9.267326,1.01,0.9423135,
2025-02-10,8.399999618530273,8.496999740600586,8.01099967956543,8.072999954223633,1800400,0,8.222000026702881,8.693320026397705,8.25139958946229,8.561492158260016,,45.48680866520754,-0.0730540617706481,-0.09951628503004334,0.026462223259395234,8.855098106641957,8.222000026702881,7.588901946763805,0.454066650215899,28.334004106642993,30.05876656940794,68750860.0,-13.786065561871006,-78.57143489049992,10.530301708654516,0.12337826658131104,3994379520,9.267326,1.01,0.9423135,
2025-02-11,8.024999618530273,8.060999870300293,7.510000228881836,7.593999862670898,2613910,0,8.228050017356873,8.667740020751953,8.188790091672633,8.523551283923188,,38.35885007485154,-0.11786807892683626,-0.10318664380940193,-0.014681435117434333,8.834138639042676,8.228050017356873,7.62196139567107,0.4618475841534631,18.10968039061011,25.694587687324915,66136950.0,-198.66404390258973,-94.04257851919388,10.516600487331727,0.09943744718009163,3994379520,9.267326,1.01,0.9423135,
2025-02-12,7.610000133514404,7.736999988555908,7.289999961853027,7.449999809265137,1674370,0,8.22664999961853,8.634020023345947,8.118429112395729,8.48145122609346,,36.50674933998895,-0.16312273390576948,-0.11517386182867544,-0.04794887207709404,8.839751170638566,8.22664999961853,7.6135488285984945,0.4607870443355644,11.50795279291188,19.31721243005502,64462580.0,-280.0117825436137,-90.0249477381748,10.507179640077679,0.11586775993709879,3994379520,9.267326,1.01,0.9423135,
2025-02-13,7.465000152587891,7.638999938964844,7.401000022888184,7.423999786376953,774180,0,8.180999994277954,8.592580013275146,8.052292986108226,8.439982542183008,,36.167194746592166,-0.19879378753668853,-0.13189784697027807,-0.06689594056641046,8.88383098898218,8.180999994277954,7.478168999573729,0.44487367803135697,10.956164956189832,13.524599379903963,63688400.0,-221.58927736166783,-89.77100903806324,10.502837296299013,-0.009282603477369374,3994379520,9.267326,1.01,0.9423135,
2025-02-14,7.425000190734863,7.447000026702881,7.0,7.124000072479248,2333410,0,8.095549988746644,8.548000020980835,7.96388413719118,8.38837538650835,,32.420193464438384,-0.24840733906800416,-0.15519974538982328,-0.09320759367818088,8.872205324803733,8.095549988746644,7.318894652689555,0.445025560079323,10.880376291237964,11.114831346779916,61354990.0,-230.8460442427182,-92.24999731779162,10.488539728355853,-0.1741020135744732,3994379520,9.267326,1.01,0.9423135,
2025-02-17,7.150000095367432,7.152999877929688,6.798999786376953,6.85699987411499,1201540,0,8.019449996948243,8.496900024414062,7.858466588326781,8.328321444845866,,29.491700047955693,-0.30574666348122026,-0.18530912900810267,-0.12043753447311759,8.95259586143286,8.019449996948243,7.086304132463626,0.43852374089885243,7.993672886876671,9.943404711434846,60153450.0,-216.34328052431698,-96.77956309975292,10.480662254277398,-0.14225035412459838,3994379520,9.267326,1.01,0.9423135,
2025-02-18,6.857999801635742,6.999000072479248,6.599999904632568,6.705999851226807,1391520,0,7.954499983787537,8.448140020370483,7.748707851460117,8.264700990194138,,27.95382851138189,-0.35923192900993417,-0.22009368900846898,-0.13913824000146519,9.049431801210321,7.954499983787537,6.8595681663647525,0.4357006285379829,7.40063315707869,8.758227445064465,58761930.0,-187.6678731647964,-94.7000039339056,10.471152429977327,-0.12130920809432805,3994379520,9.267326,1.01,0.9423135,
2025-02-19,6.651000022888184,7.0,6.6479997634887695,6.934000015258789,1295750,0,7.873699975013733,8.375680017471314,7.671116628964753,8.212516638235888,,33.58536462089,-0.3788544808944394,-0.25184584738566307,-0.12700863350877634,9.018305172010466,7.873699975013733,6.729094778016999,0.4297220291075006,15.354988053485386,10.249764699146938,60057680.0,-142.11630124595817,-83.27490864999703,10.462560539667011,-0.23582755946558404,3994379520,9.267326,1.01,0.9423135,
2025-02-20,6.830999851226807,7.789999961853027,6.830999851226807,7.633999824523926,5722660,0,7.8194499731063845,8.319000005722046,7.667581695208484,8.189829704364831,,47.22472279914749,-0.3340704044991041,-0.2682907588083513,-0.06577964569075279,8.899697009009966,7.8194499731063845,6.739202937202804,0.4675276063588378,42.78660778337811,21.84740966464742,65780340.0,-58.636510593920555,-48.22234314936463,10.430898688764515,-0.21435226468461452,3994379520,9.267326,1.01,0.9423135,
2025-02-21,7.605999946594238,8.180000305175781,7.605999946594238,7.855000019073486,2474470,0,7.804449987411499,8.263059997558594,7.6854310593861035,8.176699128471054,,50.66923264504087,-0.2775464498720339,-0.2701418970210878,-0.0074045528509461,8.873920741186307,7.804449987411499,6.734979233636691,0.4751328029461739,66.15580544846063,41.432467095108066,68254810.0,7.091667528915255,-33.842898104389896,10.41947960725499,-0.1417167726742108,3994379520,9.267326,1.01,0.9423135,
2025-02-24,7.724999904632568,7.72599983215332,7.261000156402588,7.48199987411499,1923600,0,7.773599982261658,8.20456000328064,7.666056660788855,8.149456020457091,,45.29575508993371,-0.25985337504840356,-0.268084192626551,0.00823081757814742,8.842900537641292,7.773599982261658,6.704299426882024,0.48362330721222563,74.04796032445871,60.99679118543251,66331210.0,-42.760765536524495,-53.50553264374178,10.409318095605602,-0.1439418653913629,3994379520,9.267326,1.01,0.9423135,
2025-02-25,7.590000152587891,7.636000156402588,7.309999942779541,7.385000228881836,1020440,0,7.729649996757507,8.1485800075531,7.639289381559615,8.119477361963943,,43.98927222679278,-0.25076785080292296,-0.2646209242618254,0.01385307345890241,8.78690152926547,7.729649996757507,6.672398464249543,0.47236451481299857,61.120066185828385,67.10794398624927,65310770.0,-43.99078269920515,-58.618851232072416,10.403871653453566,-0.16584584032156147,3994379520,9.267326,1.01,0.9423135,
2025-02-27,7.340000152587891,7.39900016784668,7.050000190734863,7.118000030517578,713230,0,7.675900006294251,8.09126000404358,7.589642776698469,8.08020374112291,,40.524387470125355,-0.2620909704139782,-0.26411493349225595,0.002023963078277735,8.742721958601734,7.675900006294251,6.609078053986767,0.46355276212005697,41.73495212249794,58.9676595442617,64597540.0,-72.0295654894384,-72.69371794011357,10.39975028495527,-0.1736926402959747,3994379520,9.267326,1.01,0.9423135,
2025-02-28,7.0,7.085999965667725,6.699999809265137,6.802000045776367,2845820,0,7.59779999256134,8.031099996566773,7.514629183277316,8.030078106011281,,36.827204593006584,-0.2931835447277624,-0.26992865573935726,-0.023254888988405165,8.680276065774732,7.59779999256134,6.5153239193479475,0.4602990092009415,25.424664401158342,42.759894236494915,61751720.0,-106.45012572445296,-89.35159944066518,10.381749759646988,-0.20762292461998447,3994379520,9.267326,1.01,0.9423135,
2025-03-03,6.781000137329102,7.0,6.552000045776367,6.677999973297119,1308540,0,7.519399976730346,7.976099987030029,7.43495021089825,7.977055434140137,,35.46006287500392,-0.3240944444052509,-0.280761813472536,-0.043332630932714944,8.629508930454982,7.519399976730346,6.409291023005711,0.45942050527399086,12.966488112152732,26.708701545269694,60443180.0,-113.16264242669726,-92.26044794567572,10.37325567169721,-0.2095499749695161,3994379520,9.267326,1.01,0.9423135,
2025-03-04,6.642000198364258,6.8420000076293945,6.517000198364258,6.690999984741211,804390,0,7.442799997329712,7.924939994812012,7.364097808407103,7.9266218871048855,,35.729441625031214,-0.34358196381622985,-0.2933258435412748,-0.050256120274955074,8.559541011532872,7.442799997329712,6.326058983126553,0.44981902698764414,11.058006340191467,16.48305295116754,61247570.0,-113.4600124497417,-89.53699487665317,10.367967830344295,-0.1884613186450898,3994379520,9.267326,1.01,0.9423135,
2025-03-05,6.590000152587891,6.882999897003174,6.590000152587891,6.723999977111816,3826270,0,7.365149974822998,7.870939998626709,7.303136110188505,7.879460243575745,,36.454502329957435,-0.3523020213557668,-0.3051210791041732,-0.04718094225159364,8.454713654091366,7.365149974822998,6.275586295554631,0.43861764966104694,16.583825646446275,13.53610669959685,65073840.0,-96.2013439892071,-87.55262985854884,10.343352822429932,-0.17974238922242886,3994379520,9.267326,1.01,0.9423135,
2025-03-06,6.730999946594238,6.880000114440918,6.710999965667725,6.757999897003174,1254350,0,7.2928499460220335,7.8182400035858155,7.251218375599426,7.835481406455252,,37.24008765469111,-0.3524068930964832,-0.31457824190263517,-0.03782865119384804,8.341292622688618,7.2928499460220335,6.244407269355449,0.41935925674048596,27.124638658353575,18.25549021499713,66328190.0,-80.33298645029637,-85.50813691160937,10.335467979259366,-0.17563913563592998,3994379520,9.267326,1.01,0.9423135,
2025-03-07,6.705999851226807,7.505000114440918,6.705999851226807,7.315000057220459,3358720,0,7.243649959564209,7.775920009613037,7.257292821468096,7.815070373151927,,48.47752755248679,-0.30403996338203054,-0.31247058619851426,0.008430622816483713,8.185552351971168,7.243649959564209,6.301747567157251,0.44647647148860203,48.86451999047993,30.85766143175995,69686910.0,-15.220442292918186,-52.014443319176365,10.316838834784695,-0.11910745363226453,3994379520,9.267326,1.01,0.9423135,
2025-03-10,7.314000129699707,7.360000133514404,6.900000095367432,6.938000202178955,1927790,0,7.177099967002869,7.735300016403198,7.226884000583416,7.78067546448632,,42.88097881391478,-0.2927548648525713,-0.3085274419293257,0.01577257707675439,8.000434833647066,7.177099967002869,6.353765100358671,0.4474424405356285,55.245178842536795,43.74477916379013,67759120.0,-26.80136319384223,-74.68430686863381,10.305876534646627,-0.1510920655214571,3994379520,9.267326,1.01,0.9423135,
2025-03-11,6.835000038146973,6.940000057220459,6.651000022888184,6.776999950408936,1481360,0,7.112299966812134,7.700880012512207,7.184037900566799,7.741315640404854,,40.71902101819733,-0.29342035059202676,-0.3055060236618659,0.012085673069839153,7.842075815801697,7.112299966812134,6.3825241178225705,0.43612512580681756,47.939233536036,50.68297745635093,66277760.0,-73.73425093481684,-84.36562024381483,10.296787888181623,-0.1234755964627159,3994379520,9.267326,1.01,0.9423135,
2025-03-12,6.751999855041504,6.913000106811523,6.626999855041504,6.681000232696533,974290,0,7.066649985313416,7.6759600162506105,7.136129551245821,7.699734644024136,,39.44208120276404,-0.2982560180334213,-0.304056022536177,0.005800004502755696,7.784308706935803,7.066649985313416,6.348991263691029,0.4254019205184748,23.066286715198174,42.083566364590354,65303470.0,-77.28270322624952,-90.1383028383135,10.290752703946067,-0.09715894113883614,3994379520,9.267326,1.01,0.9423135,
2025-03-13,6.690000057220459,7.099999904632568,6.631999969482422,6.678999900817871,2291980,0,7.028099989891052,7.640940008163452,7.092593394062207,7.659705830565066,,39.41434517905213,-0.29880528802445383,-0.30300587563383236,0.0042005876093785255,7.74206968968898,7.028099989891052,6.314130290093124,0.42844463584930853,10.836691608119624,27.280737286451295,63011490.0,-57.71390396956227,-90.25858736929273,10.276887436404134,-0.13045181754009177,3994379520,9.267326,1.01,0.9423135,
2025-03-17,6.757999897003174,6.783999919891357,6.5,6.526000022888184,2167140,0,6.983200001716614,7.603380002975464,7.038632120617062,7.61524677928362,,37.25631278489319,-0.30803555776082714,-0.30401181205923133,-0.0040237457015958045,7.704838583056769,6.983200001716614,6.2615614203764585,0.4181271561380263,5.032065201482467,12.978347841600117,60844350.0,-96.72355212250476,-97.87928006135876,10.263128069335117,-0.15436402776595104,3994379520,9.267326,1.01,0.9423135,
2025-03-19,6.65500020980835,6.980000019073486,6.64900016784668,6.840000152587891,2246050,0,6.969000005722046,7.584320001602173,7.019714790328569,7.584844950785748,,44.02940507799242,-0.28670843045275785,-0.3005511357379366,0.01384270528517878,7.690174041518086,6.969000005722046,6.247825969926007,0.42068950185568893,21.87083794256635,12.579864917389509,63090400.0,-40.60737497567048,-70.0704132238343,10.249825472223591,-0.12027510419262806,3994379520,9.267326,1.01,0.9423135,
2025-03-20,6.900000095367432,7.340000152587891,6.732999801635742,6.979000091552734,4033600,0,6.975100016593933,7.564460000991821,7.015837199968966,7.561086328855042,,46.76878819572964,-0.25564349591559044,-0.2915696077734674,0.035926111857876974,7.694443011154369,6.975100016593933,6.255757022033497,0.4339974196482932,38.904589725121326,21.935830956390078,67124000.0,5.782486899611222,-52.33830477529822,10.227532538205175,-0.1113518778503311,3994379520,9.267326,1.01,0.9423135,
2025-03-21,6.936999797821045,7.21999979019165,6.935999870300293,7.033999919891357,1416720,0,6.991500020027161,7.548559999465942,7.0175669828187175,7.540416273601564,,47.85628068211151,-0.2240041051040107,-0.2780565072395761,0.05405240213556539,7.700435393170776,6.991500020027161,6.282564646883546,0.42328331252279777,59.087306218716215,39.95424462880133,68540720.0,13.72951951889664,-46.86568566328753,10.219886541869485,-0.1063390196265158,3994379520,9.267326,1.01,0.9423135,
2025-03-24,7.133999824523926,7.480000019073486,7.133999824523926,7.248000144958496,3090230,0,7.007200026512146,7.53960000038147,7.0395129982606015,7.528948974439091,,51.96804100434933,-0.17959141223939312,-0.2583634882395395,0.07877207600014635,7.724208126318576,7.007200026512146,6.290191926705717,0.42490594014132144,65.64058715654724,54.54416103346163,71630950.0,62.55311379840455,-25.572133354968926,10.20451066616463,-0.14361282382697704,3994379520,9.267326,1.01,0.9423135,
2025-03-25,7.349999904632568,7.372000217437744,6.985000133514404,7.000999927520752,1790530,0,6.975550031661987,7.5257800006866455,7.035845086761568,7.508245090246215,,47.32907109306101,-0.1624522381696769,-0.23918123822556697,0.07672900005589006,7.632456278686623,6.975550031661987,6.318643784637351,0.4221983789828942,60.752178053329544,61.826690476197705,69840420.0,26.978920492947772,-50.14926661978954,10.195166350582376,-0.2917961668246149,3994379520,9.267326,1.01,0.9423135,
2025-03-26,6.900000095367432,6.948999881744385,6.550000190734863,6.611999988555908,6646120,0,6.913400030136108,7.513260002136231,6.995478886932458,7.4730982235132615,,41.10571940530447,-0.17820413694222648,-0.22698581796889888,0.04878168102667241,7.449891034085086,6.913400030136108,6.37690902618713,0.42425561882596524,41.78392427691009,56.05889649559566,63194300.0,-74.83542741452706,-88.85572380076654,10.156350353609833,-0.3590763795037754,3994379520,9.267326,1.01,0.9423135,
2025-03-27,6.671999931335449,6.804999828338623,6.426000118255615,6.602000236511231,7123000,0,6.869400048255921,7.497760009765625,6.958004729749484,7.438937518140633,,40.956630623523196,-0.18931225281668063,-0.21945110493845524,0.030138852121774612,7.353973482810151,6.869400048255921,6.384826613701691,0.421023053915754,21.907844641153233,41.48131565713099,56071300.0,-97.17109322358758,-83.68858953866106,10.114604953228868,-0.33016782722726445,3994379520,9.267326,1.01,0.9423135,
2025-03-28,6.699999809265137,6.800000190734863,6.440000057220459,6.519000053405762,3339100,0,6.8261000394821165,7.478680009841919,6.916194760573891,7.402861539131422,,39.67050054382965,-0.20247888524164104,-0.2160566609990924,0.013577775757451366,7.271856893004717,6.8261000394821165,6.380343185959516,0.41666427388708616,10.729491752666192,24.80708689024321,52732200.0,-102.8265027266096,-91.38091422808725,10.095236837417852,-0.3407521173451397,3994379520,9.267326,1.01,0.9423135,
2025-04-01,6.420000076293945,6.771999835968018,6.420000076293945,6.677000045776367,3490410,0,6.804050040245056,7.462660007476806,6.8934143115455555,7.374396382529262,,43.31936775577472,-0.197883183217483,-0.21242196544277053,0.014538782225287539,7.233188017203796,6.804050040245056,6.374912063286317,0.412045380014728,17.505873403918887,16.714403265912807,56222610.0,-85.16171093173864,-75.75471855135063,10.07542627488197,-0.28683288201852875,3994379520,9.267326,1.01,0.9423135,
2025-04-02,6.701000213623047,7.199999809265137,6.701000213623047,6.914000034332275,3040730,0,6.809650039672851,7.434200010299683,6.895374856572862,7.35634162377644,,48.36428952795544,-0.17312150096939583,-0.2045618725480956,0.03144037157869978,7.241449672649065,6.809650039672851,6.377850406696638,0.41997069312001667,33.0508882786956,20.428751145093596,59263340.0,35.60233190528842,-53.396227857997886,10.059910873858056,-0.2696982610887563,3994379520,9.267326,1.01,0.9423135,
2025-04-03,6.800000190734863,8.125,6.800000190734863,7.920000076293945,17398550,0,6.871750044822693,7.415940008163452,6.992958210832013,7.378445876816342,,63.297416137231345,-0.07149771237387359,-0.1779490405132512,0.1064513281393776,7.515282773787958,6.871750044822693,6.228217315857427,0.4846156299875252,59.43522809096837,36.663996591194326,76661890.0,222.63919667458532,-12.023456473854779,9.992626466858614,-0.03362477011470523,3994379520,9.267326,1.01,0.9423135,
2025-04-04,8.100000381469727,8.5,7.868000030517578,8.131999969482422,15096740,0,6.943800044059754,7.41100001335144,7.101438378322528,7.407997017705208,,65.55795436006568,0.025848526151885487,-0.13718952718022387,0.16303805333210936,7.7831339593558795,6.943800044059754,6.104466128763628,0.49514308280858926,77.87252778438675,56.78621471801694,91758630.0,285.5849806099527,-17.692309808449004,9.950040747924488,-0.05758728112957779,3994379520,9.267326,1.01,0.9423135,
2025-04-07,7.400000095367432,7.800000190734863,7.295000076293945,7.491000175476074,4691490,0,6.982150053977966,7.400720014572143,7.1385395018609605,7.411252043500144,,54.60661152982678,0.05068848984931762,-0.09961392377431558,0.1503024136236332,7.847494905006601,6.982150053977966,6.1168052029493305,0.5195614264071526,73.92487499670291,70.41087695735273,87067140.0,116.24862448325693,-48.509608727587505,9.932617626311108,-0.06534097345004891,3994379520,9.267326,1.01,0.9423135,
2025-04-08,7.599999904632568,8.020000457763672,7.570000171661377,7.842000007629394,5512230,0,7.036350059509277,7.386560010910034,7.2055357405055735,7.428144120524821,,58.67727019194404,0.09757233987122493,-0.06017667104520747,0.1577490109164324,7.971706076642811,7.036350059509277,6.100994042375743,0.520235630398613,65.74073401948469,72.51271226685816,92579370.0,150.65962841882626,-31.634616178168418,9.914828292170137,-0.043541309288847155,3994379520,9.267326,1.01,0.9423135,
2025-04-09,7.798999786376953,8.168000221252441,7.559999942779541,7.908999919891357,6628730,0,7.066050052642822,7.3703600120544435,7.272532329018506,7.447001210696057,,59.42523320971462,0.13853748784807518,-0.020433839266550936,0.1589713271146261,8.070110265946502,7.066050052642822,6.061989839339143,0.5265045338324906,60.049932457260375,66.57184715781604,99208100.0,139.17580520334337,-28.413466432038323,9.894508835402732,-0.05029785113896529,3994379520,9.267326,1.01,0.9423135,
2025-04-11,8.197999954223633,8.494999885559082,7.954999923706055,8.395999908447266,11728380,0,7.138950037956238,7.375180015563965,7.379529241345054,7.484216845901987,,64.46069650015072,0.20790291640023195,0.02523351186680564,0.1826694045334263,8.295389941909203,7.138950037956238,5.982510134003272,0.5307542075350073,73.34289752033045,66.37785466569188,110936480.0,166.93813239333403,-5.000004584972843,9.866526865494123,0.04117395671049156,3994379520,9.267326,1.01,0.9423135,
2025-04-15,8.600000381469727,9.06999969482422,8.550000190734863,8.864999771118164,10963630,0,7.243350028991699,7.390500011444092,7.52100262513297,7.5383651959104645,,68.51334035270746,0.2972928803347825,0.07964538556040102,0.2176474947743815,8.608415515346291,7.243350028991699,5.878284542637107,0.5409860345951465,81.68509266933845,71.6926408823098,121900110.0,195.19162553789067,-7.735847291168748,9.849954577841707,0.05981092625131574,3994379520,9.267326,1.01,0.9423135,
2025-04-16,8.765000343322754,9.067999839782717,8.5600004196167,8.656999588012695,9662090,0,7.342149996757508,7.398360004425049,7.629192812073896,7.582233211287023,9.407799973487855,64.97459900690816,0.34734719211173193,0.1331857468706672,0.21416144524106473,8.8121131269005,7.342149996757508,5.872186866614514,0.5386298478502087,84.1563291869222,79.72810645886375,112238020.0,155.23666944705226,-15.584911934462108,9.83485733254699,0.01170992810836009,3994379520,9.267326,1.01,0.9423135,
2025-04-17,8.930000305175781,10.15999984741211,8.920000076293945,9.729999542236328,5061263,0,7.4946999788284305,7.429099998474121,7.829269643517937,7.666459341912486,9.411005939346047,72.78401286567852,0.4682005986316069,0.20018871722285514,0.26801188140875176,9.261085298140204,7.4946999788284305,5.728314659516657,0.607513448675152,81.52040907217491,82.45394364281191,117299283.0,199.8198015789045,-11.49733506660676,9.833187036114587,0.038484595174579174,3994379520,9.267326,1.01,0.9423135,
2025-04-21,9.0,9.0,8.300000190734863,8.4399995803833,5677503,0,7.590399956703186,7.430619983673096,7.887434399409877,7.696794253225066,9.401344184530497,56.47970346991589,0.45464471676993856,0.25107991713227185,0.20356479963766672,9.343832447457117,7.590399956703186,5.836967465949255,0.6662624417341743,59.36865707282566,75.01513177730764,111621780.0,91.48536027639679,-45.98931476711221,9.823126732137732,0.024715108930268494,3994379520,9.267326,1.01,0.9423135,
2025-04-22,8.600000381469727,8.600000381469727,7.900000095367432,7.949999809265137,3121667,0,7.645899939537048,7.424699974060059,7.893393009872282,7.706723882873697,9.386902946965668,51.73867485918041,0.39975457440427675,0.2808148485866728,0.11893972581760393,9.370848328574393,7.645899939537048,5.920951550499703,0.6686722877604686,35.88978437490514,58.92628350663529,108500113.0,45.949393011139215,-59.090913727148155,9.815774140006297,0.0012160462562581433,3994379520,9.267326,1.01,0.9423135,
2025-04-23,7.800000190734863,8.569999694824219,7.800000190734863,8.359999656677246,4636609,0,7.714949917793274,7.427439975738525,7.937831738139422,7.732342540669914,9.376685003778718,55.1324642454288,0.3849004099580231,0.3016319608609429,0.0832684490970802,9.438148091715654,7.714949917793274,5.991751743870894,0.6759099460696748,15.978873796353533,37.0791050813615,113136722.0,49.128137799016116,-48.128350291227676,9.805577093421773,0.023281045529707153,3994379520,9.267326,1.01,0.9423135,
2025-04-24,8.359999656677246,8.529999732971191,8.0,8.100000381469727,3128066,0,7.768249940872193,7.423899974822998,7.953276370837546,7.746760495211083,9.363981674203504,52.60610604938548,0.3481355194498681,0.3109326725787279,0.03720284687114017,9.469708893875627,7.768249940872193,6.066790987868758,0.6654877879912117,12.88434856120952,21.58433557748945,110008656.0,41.44613519831463,-59.55477548535659,9.798626892032555,0.011534461960247041,3994379520,9.267326,1.01,0.9423135,
2025-04-25,8.390000343322754,8.390000343322754,7.699999809265137,7.769999980926514,1543783,0,7.794349932670594,7.4152199649810795,7.935821476560305,7.7476718475920805,9.34812115984254,49.505356244366794,0.2890389434306302,0.30655392674910836,-0.017514983318478172,9.479017963163958,7.794349932670594,6.109681902177229,0.6672386984245263,13.941765506356534,14.268329287973247,108464873.0,14.183175666928912,-71.13095567542713,9.794668463745674,0.010315364167782044,3994379520,9.267326,1.01,0.9423135,
2025-04-28,7.760000228881836,7.929999828338623,7.550000190734863,7.710000038146973,3051610,0,7.829799938201904,7.403439970016479,7.9143146729018925,7.746194521731488,9.331821447188853,48.940523028849306,0.23465799591826642,0.29217474058293996,-0.05751674466467355,9.475589018310513,7.829799938201904,6.184010858093294,0.6467216226516144,11.111526691742549,12.645880253102918,105413263.0,-11.453551499904028,-85.51483438021151,9.785950546118308,0.019039868351428357,3994379520,9.267326,1.01,0.9423135,
2025-04-29,7.869999885559082,7.920000076293945,7.400000095367432,7.53000020980835,1106570,0,7.8756999492645265,7.388659973144531,7.877713295464412,7.737716313420777,9.31389287766268,47.20063300158396,0.1750187145990223,0.2687435353861564,-0.09372482078713412,9.431837181034243,7.8756999492645265,6.319562717494811,0.6376700768141071,10.577943477804292,11.877078558634508,104306693.0,-30.315305964748,-91.79755140354906,9.782634166680259,0.05183972185398809,3994379520,9.267326,1.01,0.9423135,
2025-04-30,7.630000114440918,7.630000114440918,7.300000190734863,7.369999885559082,1131267,0,7.914099931716919,7.37459997177124,7.82935963737819,7.72329606134777,9.294550658835778,45.64717141456069,0.11353470804583843,0.23770176991809283,-0.1241670618722544,9.377776524657907,7.914099931716919,6.45042333877593,0.6156936373063892,10.680078950547047,10.789849706698014,103175426.0,-59.74041799396555,-97.55245792911931,9.7789681497652,0.05322881801934036,3994379520,9.267326,1.01,0.9423135,
2025-05-02,7.309999942779541,7.460000038146973,7.170000076293945,7.25,460062,0,7.950649929046631,7.367719974517822,7.774182529056458,7.704735431490994,9.27420687118567,44.465171831781326,0.054496994570159885,0.20106081484850624,-0.14656382027834636,9.305622463555219,7.950649929046631,6.595677394538043,0.5924298033454347,7.786509424694706,9.681510617682067,102715364.0,-86.3615900129065,-97.32441706254255,9.777391740842097,0.06877221567098595,3994379520,9.267326,1.01,0.9423135,
2025-05-05,7.199999809265137,7.389999866485596,6.920000076293945,7.0,2039132,0,7.966799926757813,7.35871997833252,7.700450859622509,7.677098747903112,9.25157794709427,42.02375375789375,-0.01232169256400617,0.15838431336600375,-0.17070600593000992,9.267268124007067,7.966799926757813,6.666331729508558,0.5836848024058787,6.723063349257228,8.396550574833046,100676232.0,-118.9684849504461,-97.53086637785638,9.769896038219501,0.04412202213673278,3994379520,9.267326,1.01,0.9423135,
2025-05-06,7.0,7.119999885559082,6.820000171661377,6.920000076293945,1004419,0,7.967099928855896,7.348639984130859,7.626122213591217,7.647408603918438,9.228378167285312,41.243365855052346,-0.07091385796403227,0.11252467909999656,-0.18343853706402882,9.266598922599137,7.967099928855896,6.667600935112655,0.563421581798152,7.8563523465123675,7.455308373488154,99671813.0,-139.4692189688009,-97.00599058860413,9.766012467480644,0.0458808173859429,3994379520,9.267326,1.01,0.9423135,
2025-05-07,6.75,7.0,6.75,6.860000133514404,977023,0,7.914099931716919,7.3433599853515625,7.553158205964854,7.6165298403731825,9.204812216700526,40.63389894889638,-0.12079758574459731,0.06586022613107778,-0.1866578118756751,9.300516877696573,7.914099931716919,6.527682985737264,0.5410343259554269,9.837233741906173,8.138883145891976,98694790.0,-136.3404044644985,-96.77418948866274,9.762133465557113,-0.07115675334405984,3994379520,9.267326,1.01,0.9423135,
2025-05-08,6.949999809265137,7.21999979019165,6.800000190734863,6.880000114440918,838489,0,7.851499938964844,7.343819990158081,7.489047911534003,7.5876463217091725,9.181679757971574,40.94715558343542,-0.1569082277125018,0.021306535362361864,-0.17821476307486367,9.304377536305966,7.851499938964844,6.398622341623723,0.5323889883483812,13.300263015141459,10.331283034520053,99533279.0,-109.83708114256693,-96.18767975782823,9.758923742576336,-0.05969828508969124,3994379520,9.267326,1.01,0.9423135,
2025-05-09,6.699999809265137,6.920000076293945,6.599999904632568,6.75,716609,0,7.81444993019104,7.344699993133545,7.418662396149813,7.5547974463480285,9.157483939484296,39.48856974894295,-0.19378229276854064,-0.021711230263818646,-0.17207106250472198,9.338271083564358,7.81444993019104,6.290628776817722,0.5172183585850237,16.5990808656496,13.245525874232465,98816670.0,-122.05775556475238,-93.74999627470984,9.755980540886956,-0.049979272630506125,3994379520,9.267326,1.01,0.9423135,
2025-05-12,7.099999904632568,7.489999771118164,7.059999942779541,7.440000057220459,1391962,0,7.794349932670594,7.354819993972779,7.420694554347017,7.550295587950869,9.140394547620973,49.72503673786264,-0.16542114495419202,-0.05045321320189332,-0.1149679317522987,9.326768154954198,7.794349932670594,6.261931710386989,0.5331313166231052,43.89309427529764,24.597479385362956,100208632.0,-53.30225523256605,-58.000002384185215,9.751369718556566,-0.05384084734878552,3994379520,9.267326,1.01,0.9423135,
2025-05-13,7.559999942779541,7.699999809265137,7.0,7.190000057220459,2255915,0,7.758399939537048,7.345939998626709,7.398723649858773,7.536166351451637,9.12098763726873,46.64608130661713,-0.1612587511400525,-0.07261432078952515,-0.08864443035052735,9.311961921061776,7.758399939537048,6.20483795801232,0.5450504946689646,55.668596898139555,38.720257346362324,97952717.0,-51.99622480140231,-70.0507504860956,9.74383183015809,-0.08572821293272058,3994379520,9.267326,1.01,0.9423135,
2025-05-14,7.130000114440918,7.28000020980835,7.0,7.130000114440918,1409962,0,7.695099949836731,7.331440000534058,7.37313093219993,7.520238263725727,9.101176816146065,45.91132449227527,-0.16094623004141617,-0.09028070263990336,-0.07066552740151281,9.242742608728019,7.695099949836731,6.147457290945444,0.5261183314646349,65.40009245538313,54.987261209606835,96542755.0,-62.901258739958905,-72.53884679023092,9.73883756947517,-0.2255354051730775,3994379520,9.267326,1.01,0.9423135,
2025-05-15,7.130000114440918,7.260000228881836,7.039999961853027,7.139999866485596,1064930,0,7.608849954605103,7.324600000381469,7.35092797356047,7.505326954030036,9.081662617641982,46.063811131234495,-0.15806953123930345,-0.10383846835978337,-0.05423106287952008,9.07627479256127,7.608849954605103,6.141425116648936,0.5042527554335045,50.30304448992221,57.12391128114836,97607685.0,-56.88767550183494,-69.83241175917439,9.735092567354494,-0.3179905456370493,3994379520,9.267326,1.01,0.9423135,
2025-05-16,7.170000076293945,7.409999847412109,7.139999866485596,7.260000228881836,1750210,0,7.53899998664856,7.32210000038147,7.342268188352981,7.4957062981418705,9.06353662372397,47.95982792096674,-0.14444166673037717,-0.11195910803390213,-0.03248255869647504,8.931276998733985,7.53899998664856,6.146722974563135,0.4875204143972908,44.80521709084227,53.502784678715926,99357895.0,-38.33088137501458,-50.37591262335025,9.729253267202399,-0.2409991556324626,3994379520,9.267326,1.01,0.9423135,
2025-05-19,7.269999980926514,7.440000057220459,7.25,7.289999961853027,895924,0,7.417000007629395,7.325539999008178,7.3372902620196525,7.487639382993288,9.045889492760079,48.44772617418331,-0.12972536493530828,-0.11551235941418336,-0.014213005521124922,8.38198896653581,7.417000007629395,6.452011048722979,0.4662689603132314,42.55412903578817,45.88746353885094,100253819.0,-22.460035636083845,-47.727275190274256,9.72634347934303,-0.321455381465796,3994379520,9.267326,1.01,0.9423135,
2025-05-20,7.400000095367432,7.579999923706055,7.21999979019165,7.260000228881836,5333452,0,7.358000040054321,7.334700002670288,7.329929306482717,7.478712357341859,9.02811945033343,47.963458241821954,-0.11911028821111458,-0.1162319451735696,-0.0028783430375449726,8.202336387163855,7.358000040054321,6.513663692944787,0.4586783298276009,41.13303626475369,42.830794130461435,94920367.0,-10.258377355546042,-39.99996532093095,9.709357164060686,-0.3439690240535121,3994379520,9.267326,1.01,0.9423135,
2025-05-21,7.300000190734863,7.340000152587891,7.159999847412109,7.170000076293945,1568752,0,7.3190000534057615,7.3445400047302245,7.314697951226644,7.466605993379196,9.009630700342987,46.46297929281362,-0.1166157498078757,-0.11630870610043083,-0.0003070437074448734,8.121368997932901,7.3190000534057615,6.516631108878622,0.43877275663818516,36.776768600284605,40.15464463360888,93351615.0,-30.289660110869065,-48.18179808372135,9.70413395581085,-0.32338989315253486,3994379520,9.267326,1.01,0.9423135,
2025-05-22,7.159999847412109,7.730000019073486,7.039999961853027,7.550000190734863,10174061,0,7.278500080108643,7.361720008850098,7.337107688322665,7.469876354059811,8.995107013680219,53.130103923176634,-0.08301898552164211,-0.10965076198467308,0.02663177646303097,7.935136288126626,7.278500080108643,6.6218638720906595,0.4567175638226333,47.60493301784063,41.8382459609597,103525676.0,31.75447578593956,-15.929186735319957,9.673697336077536,-0.21467023849297523,3994379520,9.267326,1.01,0.9423135,
2025-05-23,7.670000076293945,7.889999866485596,7.369999885559082,7.449999809265137,1683636,0,7.246000051498413,7.376240005493164,7.347859318888615,7.469096881714922,8.979732812641263,51.31891218339339,-0.06372788740298585,-0.10046618706833563,0.03673829966534978,7.791761890247196,7.246000051498413,6.70023821274963,0.46123773647291044,48.74081635517964,44.374172657768355,101842040.0,86.48893189266745,-34.108532576110974,9.66902787870984,-0.20298672477074592,3994379520,9.267326,1.01,0.9423135,
2025-05-26,7.5,8.479999542236328,7.440000057220459,8.130000114440918,10008655,0,7.264000058174133,7.403680009841919,7.422348918465024,7.495014655547314,8.971277760917877,61.04394128264978,0.0063575031302463,-0.07910144902861924,0.08545895215886554,7.894821760972546,7.264000058174133,6.633178355375721,0.5025778613688361,65.94760973209333,54.09778636837126,111850695.0,219.86351738609088,-18.616994428866917,9.64750885292626,-0.07567318317806226,3994379520,9.267326,1.01,0.9423135,
2025-05-27,8.539999961853027,8.539999961853027,8.0,8.100000381469727,5954697,0,7.283500075340271,7.419380016326905,7.486887153036901,7.518739585975643,8.962608334256702,60.47000509946175,0.058802118118634894,-0.05152073559916841,0.1103228537178033,7.988064571838982,7.283500075340271,6.57893557884156,0.5052508685462783,64.86548443910993,59.85130350879436,105895998.0,243.47239929749773,-22.68039007244729,9.636481995194018,-0.13454854883344458,3994379520,9.267326,1.01,0.9423135,
2025-05-28,8.25,8.25,7.980000019073486,8.069999694824219,1573573,0,7.310500049591065,7.44202000617981,7.542421680826169,7.540357629459901,8.953726656252398,59.863849434471064,0.09682787715925567,-0.02185101304748359,0.11867889020673926,8.088355436099008,7.310500049591065,6.532644663083121,0.4884472337162951,71.67594020136418,67.49634479085587,104322425.0,184.4660047443239,-24.22681717351096,9.633366531209157,-0.1327950308786161,3994379520,9.267326,1.01,0.9423135,
2025-05-29,8.149999618530273,8.300000190734863,8.039999961853027,8.0600004196167,1323261,0,7.345000076293945,7.467680015563965,7.591714894044315,7.560735778093501,8.944833857877914,59.64922903052287,0.12471902394479262,0.007462994350971655,0.11725602959382096,8.18876551158215,7.345000076293945,6.50123464100574,0.47212959051383374,66.10258142684545,67.54800202243992,102999164.0,156.84250700229484,-31.168802215992375,9.630813155196275,-0.14124227665327044,3994379520,9.267326,1.01,0.9423135,
2025-05-30,8.100000381469727,8.140000343322754,7.929999828338623,8.0,1132098,0,7.382500076293946,7.494060010910034,7.630599189849618,7.577961826011403,8.935432525958731,58.298603456213485,0.14036340434643346,0.034043076350064025,0.10632032799636944,8.271496750584062,7.382500076293946,6.49350340200383,0.45340608511885494,59.51671325345111,65.76507829388699,101867066.0,112.79594012270339,-35.064933456444024,9.628475577912194,-0.14267760353634254,3994379520,9.267326,1.01,0.9423135,
2025-06-02,8.039999961853027,8.5,7.829999923706055,8.079999923706055,3546513,0,7.436500072479248,7.522080011367798,7.673399259740707,7.5976495945484475,8.926920758772138,59.611726407569364,0.15740257487872622,0.05871497605579647,0.09868759882292975,8.356658229701075,7.436500072479248,6.516341915257421,0.46887708448850424,48.36491886980185,57.99473785003287,105413579.0,113.637314697737,-29.87013308711196,9.621710430506662,-0.13058754142464082,3994379520,9.267326,1.01,0.9423135,
2025-06-03,8.149999618530273,8.199999809265137,7.980000019073486,8.020000457763672,1570284,0,7.4915000915527346,7.551960020065308,7.706408897647656,7.614212373498064,8.917896676175038,58.13322512500822,0.16417230864077492,0.07980644257279215,0.08436586606798277,8.41309171294643,7.4915000915527346,6.569908470159038,0.4511001348958718,38.1595470902808,48.680393071177996,103843295.0,88.87628488526241,-34.66663360595703,9.618594325042157,-0.14129197341070474,3994379520,9.267326,1.01,0.9423135,
2025-06-04,8.0,8.100000381469727,7.920000076293945,7.929999828338623,2752839,0,7.545000076293945,7.573760013580323,7.727703271999177,7.626596195256517,8.908066856793582,55.89380028966618,0.16042578421370646,0.09593031090097501,0.06449547331273145,8.437513430583726,7.545000076293945,6.652486722004165,0.43173586134443676,26.164969450240594,37.56314513677449,101090456.0,66.84653286634392,-40.66667556762695,9.612869842501599,-0.17779730016355177,3994379520,9.267326,1.01,0.9423135,
2025-06-05,8.079999923706055,8.800000190734863,7.960000038146973,8.460000038146973,8883684,0,7.624000072479248,7.603380012512207,7.79744582115611,7.65927869889928,8.903608480488641,64.55346438972819,0.197941478003834,0.1163325443215468,0.0816089336822872,8.546288577331058,7.624000072479248,6.701711567627438,0.4630404685624227,36.07736338790412,33.467293309475245,109974140.0,118.92005060273442,-19.318187975685646,9.599395635714624,-0.12176483441630717,3994379520,9.267326,1.01,0.9423135,
2025-06-06,8.399999618530273,8.640000343322754,8.359999656677246,8.449999809265137,4293348,0,7.709000062942505,7.631700010299682,7.859593820023636,7.69028736989402,8.89909496137199,64.29695080704607,0.22428063319351654,0.13792216209594074,0.0863584710975758,8.606438629286785,7.709000062942505,6.811561496598224,0.44996619842550023,47.930433702359416,36.72425551350145,105680792.0,118.14244569534694,-19.886382724625495,9.593402750969327,-0.13712236824876187,3994379520,9.267326,1.01,0.9423135,
2025-06-09,8.399999618530273,8.649999618530273,8.399999618530273,8.430000305175781,1961451,0,7.758500075340271,7.655340013504028,7.913918247180983,7.719295720297226,8.894427352852624,63.751351041401975,0.24076541675444751,0.1584908130276421,0.08227460372680542,8.699292849917644,7.758500075340271,6.817707300762898,0.4356828985379645,62.27350261110852,48.760433233790756,103719341.0,107.49723083434162,-21.022718036471538,9.590710690021004,-0.17300539967558842,3994379520,9.267326,1.01,0.9423135,
2025-06-10,8.460000038146973,8.5600004196167,8.199999809265137,8.239999771118164,1369685,0,7.811000061035156,7.680120010375976,7.944973630413095,7.7397154869960865,8.887915635621436,58.65877993927412,0.2357803422775957,0.1739487188776328,0.0618316233999629,8.736092482359378,7.811000061035156,6.885907639710934,0.43027702081036434,52.74521908738285,54.316385133617,102349656.0,76.4733369067128,-31.81820152219406,9.588565666343296,-0.17575054875732737,3994379520,9.267326,1.01,0.9423135,
2025-06-11,8.34000015258789,8.520000457763672,8.130000114440918,8.34000015258789,2401090,0,7.871500062942505,7.714680013656616,7.982595203953552,7.763256062117334,8.882463740267868,60.449513830694734,0.2371649400864495,0.18659196311939613,0.050572976967053374,8.768367400394744,7.871500062942505,6.974632725490266,0.427400115275535,46.518753842360034,53.845825180283875,104750746.0,71.47338814006034,-32.16782797052814,9.584813058855238,-0.16911297091714536,3994379520,9.267326,1.01,0.9423135,
2025-06-12,8.479999542236328,8.479999542236328,8.100000381469727,8.130000114440918,3115623,0,7.921000075340271,7.74524001121521,7.99663376685711,7.777638181816298,8.874976540010882,55.056192027397465,0.21879486478438004,0.1930325434523929,0.025762321331987137,8.758207316064322,7.921000075340271,7.0837928346162204,0.4240143328106112,29.018734023386994,42.76090231771004,101635123.0,52.39165354575482,-49.26470665576954,9.579617242030672,-0.1996921039512532,3994379520,9.267326,1.01,0.9423135,
2025-06-13,8.0,8.239999771118164,7.980000019073486,8.029999732971191,1168228,0,7.959500050544738,7.7754600048065186,7.999811477915594,7.787534713234137,8.866568810587601,52.64735697824368,0.19393172846426854,0.19321238045476802,0.00071934800950052,8.740511572372016,7.959500050544738,7.178488528717461,0.4122990056130445,19.3850844804137,31.640857448720322,100466895.0,18.486511951841493,-79.38146863837957,9.577458074227627,-0.20875246576557435,3994379520,9.267326,1.01,0.9423135,
2025-06-16,8.0,8.079999923706055,7.75,7.849999904632568,1784416,0,7.9875000476837155,7.798920001983642,7.9855437090314965,7.7899843285830945,8.856453697095512,48.53133008853189,0.15788305440338846,0.1861465152444921,-0.02826346084110365,8.708329417581421,7.9875000476837155,7.266670677786011,0.40642049976254524,8.420937879935627,18.94158546124552,98682479.0,-32.700696101116385,-90.4762012888225,9.573754177099891,-0.2087354869461307,3994379520,9.267326,1.01,0.9423135,
2025-06-17,7.849999904632568,7.989999771118164,7.75,7.769999980926514,1360598,0,8.01300003528595,7.816040000915527,7.96501573492626,7.789200628674993,8.845643212357512,46.78079277472798,0.12145879386742031,0.17320897096907775,-0.05175017710165744,8.661539965878312,8.01300003528595,7.364460104693589,0.39453330485937516,7.4685692486155135,11.758197202988358,97321881.0,-58.94535362749663,-98.0952402577645,9.570846056545049,-0.17642388035602405,3994379520,9.267326,1.01,0.9423135,
2025-06-18,7.880000114440918,7.889999866485596,7.650000095367432,7.710000038146973,891868,0,8.0400000333786,7.811840000152588,7.940728525709185,7.786094723164091,8.834343280275816,45.45647893606722,0.08675080178568706,0.1559173371323996,-0.06916653534671255,8.582143976871421,8.0400000333786,7.49785608988578,0.3834951953064315,7.390657668429443,7.76005493232694,96430013.0,-103.23294196026768,-94.7826141040127,9.56885006663503,-0.1640400882600851,3994379520,9.267326,1.01,0.9423135,
2025-06-19,7.800000190734863,7.860000133514404,7.400000095367432,7.510000228881836,1037409,0,8.03800003528595,7.799400005340576,7.899706783154199,7.775267488094198,8.821165737475875,41.26323575133644,0.04261491663171757,0.1332568530322632,-0.09064193640054563,8.58760356956452,8.03800003528595,7.488396501007381,0.38895982693789877,7.640523735678606,7.499916884241266,95392604.0,-162.49993513420657,-92.14284814133997,9.566330104623852,-0.28349245240398485,3994379520,9.267326,1.01,0.9423135,
2025-06-20,7.449999809265137,7.659999847412109,7.400000095367432,7.590000152587891,814150,0,8.045000052452087,7.801380004882812,7.8702109135764555,7.768002102388069,8.808915333646144,43.508075294441184,0.013931639651379335,0.10939181035608643,-0.0954601707047071,8.567360052595355,8.045000052452087,7.5226400523088195,0.3797483930169544,16.088454856594634,10.373212086900972,96206754.0,-174.4395345492319,-86.42856826587621,9.56431701380861,-0.260752971616777,3994379520,9.267326,1.01,0.9423135,
2025-06-23,7.5,7.590000152587891,7.0,7.429999828338623,1347177,0,8.010000038146973,7.793140001296997,7.82828604831571,7.754747111248875,8.795194781354526,40.199000987861766,-0.021463337007248562,0.08322078088341943,-0.10468411789066799,8.594944495996163,8.010000038146973,7.4250555802977845,0.39476637584344987,28.156929040069528,17.295302544114335,94859577.0,-194.82601679106145,-76.11112317921075,9.560648401869466,-0.36253151166078873,3994379520,9.267326,1.01,0.9423135,
2025-06-24,7.5,7.940000057220459,7.5,7.53000020980835,1946694,0,7.981500029563904,7.785560007095337,7.799877873219771,7.7459335072708155,8.782605780642625,43.111250063770534,-0.04097260923500112,0.058382102859735316,-0.09935471209473644,8.60066961174067,7.981500029563904,7.362330447387137,0.4029973653461917,42.586175228910996,28.943853041858464,96806271.0,-94.57121540679329,-70.55554701958265,9.556121437698918,-0.3486411028666885,3994379520,9.267326,1.01,0.9423135,
2025-06-25,7.599999904632568,7.809999942779541,7.349999904632568,7.46999979019165,1521074,0,7.951500034332275,7.767040004730225,7.768460912931379,7.7351125771892795,8.769545024518735,41.79604762170373,-0.06057708551693697,0.03459026518440086,-0.09516735070133783,8.607648671047103,7.951500034332275,7.295351397617447,0.4070689848319618,49.93910279471012,40.22740235456362,95285197.0,-107.25279545292669,-71.51515764529087,9.552389031042132,-0.3536442419992071,3994379520,9.267326,1.01,0.9423135,
2025-06-26,7.510000228881836,7.679999828338623,7.449999809265137,7.489999771118164,522509,0,7.923000001907349,7.739540004730225,7.741940804187263,7.72550031028453,8.75681323095256,42.4265464004076,-0.07365094070076061,0.01294202400736856,-0.08659296470812917,8.606757311146334,7.923000001907349,7.2392426926683635,0.39442120156349925,52.83686809991735,48.45404870784623,95807706.0,-94.99266063932286,-70.30303730890385,9.551107970265017,-0.34222735537941706,3994379520,9.267326,1.01,0.9423135,
2025-06-27,7.599999904632568,7.599999904632568,6.900000095367432,7.289999961853027,3743120,0,7.8875,7.712200012207031,7.69889881920305,7.708421865248001,8.742218074046097,37.99419939269889,-0.09900906341350346,-0.009448193476805845,-0.08956086993669762,8.623322714787047,7.8875,7.151677285212953,0.4162482449707591,46.54253174202368,49.77283421221713,92064586.0,-134.04147225664485,-76.50603672851855,9.540722290240438,-0.3053242692200124,3994379520,9.267326,1.01,0.9423135,
2025-06-30,7.309999942779541,7.769999980926514,7.309999942779541,7.639999866485596,2834996,0,7.865499997138977,7.670400018692017,7.693289395134721,7.705738649610259,8.731250728697235,48.194146781657906,-0.08982800974580574,-0.025524156730605825,-0.06430385301519992,8.603293387042664,7.865499997138977,7.127706607235291,0.42080194312095387,53.59381578187742,50.99107187460623,94899582.0,-64.78245822386332,-54.321012001282156,9.533981047310764,-0.26306447640343944,3994379520,9.267326,1.01,0.9423135,
2025-07-01,7.800000190734863,7.920000076293945,7.300000190734863,7.429999828338623,2341168,0,7.835999965667725,7.650200023651123,7.668214198296997,7.694925362501568,8.718302958544413,43.56366525888254,-0.09836333530282904,-0.04009199244505047,-0.05827134285777857,8.59363845445824,7.835999965667725,7.078361476877209,0.4350303675808202,53.538191466507534,51.22484633013628,92558414.0,-63.16339423010759,-66.45570135980122,9.528382952929988,-0.26647800546369765,3994379520,9.267326,1.01,0.9423135,
2025-07-02,7.5,7.590000152587891,7.400000095367432,7.460000038146973,1304827,0,7.812499976158142,7.640400028228759,7.648384278282709,7.685712604683741,8.705782531475782,44.38573313525998,-0.10153642736076662,-0.0523808794281937,-0.04915554793257292,8.58600826695515,7.812499976158142,7.038991685361134,0.4175282025550801,59.33884735435282,55.490284867579334,93863241.0,-69.52943718214314,-58.20894938158831,9.5251719223139,-0.23107756393535622,3994379520,9.267326,1.01,0.9423135,
2025-07-03,7.489999771118164,7.550000190734863,7.420000076293945,7.510000228881836,736256,0,7.764999985694885,7.623400039672852,7.635204845006435,7.678821923279744,8.693884200106687,45.80269645897968,-0.09887673865966562,-0.061680051274488085,-0.037196687385177535,8.488698840827983,7.764999985694885,7.041301130561789,0.3969904819754971,55.555550361250916,56.14419639403716,94599497.0,-62.55500580875408,-48.30506591062373,9.52337337818247,-0.32127013829663154,3994379520,9.267326,1.01,0.9423135,
2025-07-04,7.53000020980835,7.590000152587891,7.400000095367432,7.429999828338623,1597444,0,7.71399998664856,7.610000028610229,7.615661510085691,7.669064194066367,8.681308236208498,43.876461874983825,-0.10204793486413521,-0.06975362799241751,-0.03229430687171771,8.37878273517438,7.71399998664856,7.04921723812274,0.38220545163585146,45.22452644413996,53.372974719914644,93002053.0,-62.6317356288413,-51.37615682260121,9.519443692866313,-0.33386682959925096,3994379520,9.267326,1.01,0.9423135,
2025-07-07,7.5,7.5,7.25,7.360000133514404,1011675,0,7.6604999780654905,7.601800031661988,7.591312807555092,7.656944034829035,8.668160891903083,42.20398449307597,-0.1089535721058752,-0.07759361681510904,-0.031359955290766156,8.254653987596347,7.6604999780654905,7.066345968534634,0.37276220509043345,32.39651721235508,44.3921980059154,91990378.0,-83.1464937065113,-55.76922547887749,9.516837479486057,-0.3018365970314503,3994379520,9.267326,1.01,0.9423135,
2025-07-08,7.369999885559082,7.480000019073486,7.199999809265137,7.269999980926514,1815693,0,7.611999988555908,7.593000030517578,7.5607115859714185,7.641769758205407,8.654248843037644,40.088174257736746,-0.12030183485663226,-0.08613526042341368,-0.03416657443321858,8.166025293605552,7.611999988555908,7.057974683506265,0.36613634828457037,18.444787341465467,32.02194366598692,90174685.0,-95.57213774637397,-64.42308662205794,9.512060012839825,-0.293064137477593,3994379520,9.267326,1.01,0.9423135,
2025-07-09,7.300000190734863,7.389999866485596,7.210000038146973,7.260000228881836,724105,0,7.557999992370606,7.587600030899048,7.532072409105744,7.626798404114287,8.64037572249878,39.849133033103016,-0.12861966384319334,-0.09463214110736962,-0.03398752273582373,8.020670456825899,7.557999992370606,7.095329527915314,0.35284088257414553,16.583794701637615,22.475033085152802,89450580.0,-106.52920246396508,-65.38460127700664,9.510134567321266,-0.3246269056265259,3994379520,9.267326,1.01,0.9423135,
2025-07-10,7.389999866485596,7.440000057220459,7.25,7.360000133514404,1288160,0,7.519499993324279,7.587400035858154,7.5156845733351405,7.61633572683586,8.627635666886995,43.47876984481032,-0.12569352990079796,-0.10084441886605529,-0.024849111034742674,7.907493446703034,7.519499993324279,7.131506539945525,0.3412093950488822,24.78638121670805,19.938321086603793,90738740.0,-84.32229590972965,-55.76922547887749,9.5068148158932,-0.24964470663087626,3994379520,9.267326,1.01,0.9423135,
2025-07-11,7.409999847412109,7.409999847412109,7.260000228881836,7.289999961853027,796529,0,7.482500004768371,7.588200035095215,7.494190800813034,7.603538245856141,8.614325858876708,41.587021764834354,-0.1275526291964022,-0.10618606093212467,-0.021366568264277533,7.804175274730781,7.482500004768371,7.160824734805962,0.32755155386898155,28.80347642511275,23.391217447819553,89942211.0,-90.43063861152491,-62.500011462432106,9.504738678692268,-0.24460730919973128,3994379520,9.267326,1.01,0.9423135,
2025-07-14,7.389999866485596,7.389999866485596,7.159999847412109,7.260000228881836,722365,0,7.453000020980835,7.593400039672852,7.471886936819587,7.59006616675911,8.600849981961336,40.768345668779276,-0.12994873834939025,-0.11093859641557778,-0.019010141933812466,7.74089579709672,7.453000020980835,7.16510424486495,0.32058358709787477,34.091940761837456,29.22726613455283,89219846.0,-105.72726063006522,-64.70586860331122,9.502816241611493,-0.23230213338464642,3994379520,9.267326,1.01,0.9423135,
2025-07-15,7.300000190734863,7.400000095367432,7.21999979019165,7.320000171661377,900529,0,7.430500030517578,7.6014000415802006,7.4574215306140434,7.579475343421944,8.588105207729495,43.17764973523035,-0.12555881432046423,-0.11386263999655508,-0.011696174323909153,7.684072459390834,7.430500030517578,7.176927601644322,0.31054192410343956,39.464354787544586,34.11992399149835,90120375.0,-74.67385878645503,-58.823521161986726,9.500470703735703,-0.19190397813718232,3994379520,9.267326,1.01,0.9423135,
2025-07-16,7.599999904632568,7.989999771118164,7.5,7.679999828338623,5471393,0,7.429000020027161,7.617800035476685,7.47861946373067,7.583417480085343,8.579069333307695,55.00393219155817,-0.09197062414325785,-0.10948423682589563,0.017513612682637777,7.676216434385874,7.429000020027161,7.181783605668447,0.3362174723429644,50.347879481336,41.30139167690609,95591768.0,148.81431560558744,-28.44037018323239,9.488978467181612,-0.19580926143034488,3994379520,9.267326,1.01,0.9423135,
2025-07-17,7.800000190734863,7.829999923706055,7.579999923706055,7.610000133514404,1213664,0,7.434000015258789,7.632400035858154,7.491131908471978,7.584459937082561,8.569426853707762,52.70685849148222,-0.07019101348734136,-0.10162559215818477,0.03143457867084341,7.691402340750796,7.434000015258789,7.1765976897667825,0.3300590814613241,58.003480974085306,49.27190508098871,94378104.0,115.73890897217126,-45.78309307632382,9.486377753571963,-0.2064241613895419,3994379520,9.267326,1.01,0.9423135,
2025-07-18,7.650000095367432,7.849999904632568,7.429999828338623,7.699999809265137,1673053,0,7.439499998092652,7.651400032043457,7.511024089499898,7.588990912462269,8.560775838340174,55.29206524302164,-0.04514785706185176,-0.09033004513891817,0.04518218807706641,7.71412506511479,7.439499998092652,7.164874931070513,0.33648343823508275,60.64258504745777,56.331315167626435,96051157.0,101.78111077422426,-34.93975765180083,9.482778547334052,-0.1980824836390156,3994379520,9.267326,1.01,0.9423135,
2025-07-21,7.800000190734863,7.800000190734863,7.53000020980835,7.590000152587891,859821,0,7.447500014305115,7.654400033950806,7.518545619317802,7.589030490506412,8.55111637878045,51.580813827820414,-0.03378754635446146,-0.07902154538202683,0.045233999027565364,7.729767502788766,7.447500014305115,7.165232525821464,0.3317346198558993,55.77638185951826,58.140815960353855,95191336.0,83.8628710409405,-48.19272955402508,9.480914109446077,-0.23413747502683577,3994379520,9.267326,1.01,0.9423135,
2025-07-22,7.690000057220459,7.699999809265137,7.5,7.53000020980835,716119,0,7.447500014305115,7.661200037002564,7.519636532697854,7.58671557753786,8.54095601889018,49.62424267423861,-0.029288294980890583,-0.06907489530179958,0.039786600320909,7.729767502788766,7.447500014305115,7.165232525821464,0.3223249905279877,43.656483818751546,53.35848357524261,94475217.0,55.1208592853492,-55.421638987128844,9.479310828853619,-0.20608769945829283,3994379520,9.267326,1.01,0.9423135,
2025-07-23,7.599999904632568,7.599999904632568,7.340000152587891,7.400000095367432,1184317,0,7.444000029563904,7.666600036621094,7.508242586285433,7.57939340176647,8.529603223631247,45.589209584109874,-0.03579985024211574,-0.062419886289862815,0.026620036047747077,7.726800199222519,7.444000029563904,7.161199859905289,0.31787318777917983,25.89130316351795,41.77472294726267,93290900.0,-10.326998614631767,-71.08430481731965,9.47648447866195,-0.20544047033851556,3994379520,9.267326,1.01,0.9423135,
2025-07-24,7.429999828338623,7.429999828338623,7.309999942779541,7.349999904632568,581233,0,7.437000036239624,7.6708000373840335,7.493171854699446,7.570397578349454,8.517865877173548,44.10381453652455,-0.04448213980463667,-0.058832336992817584,0.014350197188180917,7.721822692967642,7.437000036239624,7.152177379511606,0.30373938047774424,12.343104683435106,27.296963888568282,92709667.0,-49.21471872246971,-77.10842473670543,9.475043421387248,-0.20039273194919263,3994379520,9.267326,1.01,0.9423135,
2025-07-25,7.360000133514404,7.440000057220459,7.139999866485596,7.190000057220459,964450,0,7.432000041007996,7.669400033950805,7.464298350177637,7.555480028501258,8.504653281950135,39.65162642423096,-0.06354110504114363,-0.059774090602482795,-0.003767014438660836,7.730167677631258,7.432000041007996,7.133832404384734,0.30347229549610993,8.915961334008918,15.716789726987406,91745217.0,-104.61271040724056,-94.11762395944302,9.472536017678687,-0.2570281020381437,3994379520,9.267326,1.01,0.9423135,
2025-07-28,7.179999828338623,7.289999961853027,7.079999923706055,7.130000114440918,774679,0,7.406500053405762,7.666200037002564,7.432460422964617,7.538794541675363,8.490975140979895,38.09845061495381,-0.08253554782661965,-0.06432638204731017,-0.018209165779309477,7.716162688717481,7.406500053405762,7.096837418094043,0.2967957056854572,7.682577333606577,9.647214450350281,90970538.0,-133.00491862567245,-94.50547262430256,9.470444451508692,-0.33829319697175425,3994379520,9.267326,1.01,0.9423135,
2025-07-29,7.159999847412109,7.21999979019165,7.110000133514404,7.170000076293945,506892,0,7.3935000658035275,7.664400033950805,7.407464199472172,7.52433201362119,8.477831110485507,39.79165629409459,-0.09328577757822831,-0.0701182611534938,-0.02316751642473451,7.719522992831696,7.3935000658035275,7.0674771387753585,0.28345313075629924,10.982684473583262,9.193741047066332,91477430.0,-118.38740789033153,-90.1098716836232,9.46907793944949,-0.3066970460122067,3994379520,9.267326,1.01,0.9423135,
2025-07-30,7.21999979019165,7.300000190734863,7.010000228881836,7.099999904632568,1163718,0,7.375500059127807,7.663000030517578,7.378181885677924,7.507691538758891,8.46412134724319,37.84093909126046,-0.10622929574887774,-0.07734046807257058,-0.028888827676307155,7.723837492723238,7.375500059127807,7.027162625532377,0.28392076154892265,15.434145391523083,11.36646906623772,90313712.0,-118.26745761136145,-90.81635532753862,9.465906040813596,-0.3068575071257516,3994379520,9.267326,1.01,0.9423135,
2025-07-31,7.059999942779541,7.070000171661377,6.900000095367432,7.0,835107,0,7.350000047683716,7.652000026702881,7.342164563232408,7.487782066650699,8.44955297562883,35.187120741645664,-0.12313683889316529,-0.08649974223668952,-0.03663709665647577,7.728576281826101,7.350000047683716,6.971423813541332,0.2779264078143665,18.918796653118324,15.111875506074968,89478605.0,-163.65565944193168,-90.82569409356073,9.463492141895843,-0.31111027226148774,3994379520,9.267326,1.01,0.9423135,
2025-08-01,7.099999904632568,7.099999904632568,6.809999942779541,6.860000133514404,804262,0,7.321500062942505,7.640200033187866,7.296244141354503,7.463163167312021,8.433736529438637,31.82235858238788,-0.14614830120286104,-0.09842945402992383,-0.047718847172937215,7.75371639619783,7.321500062942505,6.88928372968718,0.2787888045314137,16.55092768917599,16.96795657793921,88674343.0,-168.7386202840422,-95.76269508401023,9.461109308685065,-0.29781055835869136,3994379520,9.267326,1.01,0.9423135,
2025-08-04,6.989999771118164,6.989999771118164,6.869999885559082,6.920000076293945,703027,0,7.299500060081482,7.616000032424926,7.260411373253498,7.441862653938763,8.41867447517849,34.70416000393446,-0.1577253967371277,-0.1102886425713646,-0.04743675416576311,7.765138283381553,7.299500060081482,6.833861836781411,0.26816100689372413,17.05720434679724,17.508976229697264,89377370.0,-145.18090880293246,-90.67795343078323,9.459032800050457,-0.3015105734515526,3994379520,9.267326,1.01,0.9423135,
2025-08-05,6.900000095367432,6.980000019073486,6.849999904632568,6.929999828338623,1111373,0,7.282500052452088,7.592600021362305,7.228943607071129,7.421789601954444,8.403861792125356,35.19580124035281,-0.16420062929474533,-0.12107103991604075,-0.04312958937870458,7.775242365713336,7.282500052452088,6.78975773919084,0.25829237171852365,19.047623681602715,17.551918572525395,90488743.0,-127.75479407692661,-88.46154904224503,9.45574848141542,-0.2601119365358824,3994379520,9.267326,1.01,0.9423135,
2025-08-06,6.929999828338623,7.019999980926514,6.789999961853027,6.909999847412109,479560,0,7.265000033378601,7.569400024414063,7.198568010913127,7.401719415501804,8.388997494168011,34.634117377229316,-0.16899802502724803,-0.13065643693828222,-0.03834158808896582,7.783864193584913,7.265000033378601,6.746135873172289,0.2562714893867353,28.54946776610433,21.551431931501508,90009183.0,-115.01389710188687,-88.67925546822038,9.454326475128203,-0.24784555016699292,3994379520,9.267326,1.01,0.9423135,
2025-08-07,6.900000095367432,7.21999979019165,6.820000171661377,7.050000190734863,1846023,0,7.249500036239624,7.549200019836426,7.184418694705673,7.38792650472663,8.375674137914945,41.653517114636664,-0.15966264643263894,-0.13645767883715357,-0.023204967595485376,7.774570507475213,7.249500036239624,6.724429565004035,0.26653778432555947,41.22153382146581,29.606208423057698,91855206.0,-70.25485946746527,-74.2574089146811,9.449131644654715,-0.23875968129860833,3994379520,9.267326,1.01,0.9423135,
2025-08-08,7.099999904632568,7.199999809265137,6.909999847412109,6.949999809265137,529264,0,7.23250002861023,7.528200016021729,7.162093086568479,7.370752908826179,8.361488323699524,38.475269327295415,-0.15850632444376167,-0.1408674079584752,-0.017638916485286482,7.773013698300979,7.23250002861023,6.69198635891948,0.26821365414895004,45.46137432944662,38.410791972339005,91325942.0,-66.29138922473346,-82.41759623728258,9.447640224910716,-0.23742088247677542,3994379520,9.267326,1.01,0.9423135,
2025-08-11,6.900000095367432,7.050000190734863,6.849999904632568,7.019999980926514,403440,0,7.220500016212464,7.5070000171661375,7.148560409840673,7.356997892045801,8.348140180985364,41.82168106706099,-0.15020997501004452,-0.14273592136878904,-0.007474053641255474,7.768641446668596,7.220500016212464,6.6723585857563315,0.2633412707170461,50.38762440741872,45.6901775194438,91729382.0,-71.65191482853783,-71.60493391095389,9.446482765531059,-0.22417785563640566,3994379520,9.267326,1.01,0.9423135,
2025-08-12,7.050000190734863,7.21999979019165,6.949999809265137,6.980000019073486,771934,0,7.2035000085830685,7.486200008392334,7.132507039291418,7.342213661733161,8.334526846040967,40.467184831375725,-0.14518907169828488,-0.1432265514346882,-0.0019625202635966676,7.759279659418567,7.2035000085830685,6.64772035774757,0.2638168928748652,44.96125234491237,46.93675036059265,90957448.0,-46.95769947315581,-70.7692262547968,9.444339681504056,-0.2564564520727365,3994379520,9.267326,1.01,0.9423135,
2025-08-13,6.989999771118164,7.099999904632568,6.960000038146973,7.0,436861,0,7.169500017166138,7.467600011825562,7.119887321263664,7.328793518135782,8.321247971951008,41.48760464273336,-0.13800529915278759,-0.14218230097830808,0.004177001825520499,7.686354984899466,7.169500017166138,6.65264504943281,0.25497281956134593,47.55815844676704,47.63567839969946,91394309.0,-50.60441330381116,-67.6923065636992,9.443113367440766,-0.257980949468016,3994379520,9.267326,1.01,0.9423135,
2025-08-14,7.050000190734863,7.079999923706055,7.0,7.019999980926514,415821,0,7.1400000095367435,7.4388000106811525,7.110374241231554,7.316683967656988,8.308300230746784,42.548106640664386,-0.12920883729362753,-0.13958760824137198,0.010378770947744448,7.61887372727101,7.1400000095367435,6.661126291802477,0.24247475557168227,45.04401941178631,45.85447673448866,91810130.0,-42.46071766512372,-54.90197728386197,9.441953683253995,-0.22763400094474798,3994379520,9.267326,1.01,0.9423135,
2025-08-18,7.090000152587891,7.099999904632568,6.949999809265137,6.960000038146973,253401,0,7.103000020980835,7.409000015258789,7.096052888556832,7.302696362578164,8.294884308432358,40.19448821689459,-0.12563087728617273,-0.13679626205033213,0.011165384764159403,7.512394798335227,7.103000020980835,6.693605243626442,0.23586942269995007,40.22525192904319,44.275809929198935,91556729.0,-47.75642690926318,-66.66666666666667,9.441238724322124,-0.2941726241350241,3994379520,9.267326,1.01,0.9423135,
2025-08-19,7.079999923706055,7.079999923706055,6.880000114440918,6.929999828338623,505052,0,7.070000004768372,7.3790000057220455,7.080238311393193,7.288080812215829,8.281303368331923,39.031879904022496,-0.12378912048685464,-0.13419483373763663,0.01040571325078199,7.418998668288357,7.070000004768372,6.721001341248386,0.23330730745460623,30.127189338964126,38.46548689326463,91051677.0,-59.60820097192428,-72.54905810678903,9.439791633843578,-0.28611284546928695,3994379520,9.267326,1.01,0.9423135,
2025-08-20,6.929999828338623,6.96999979019165,6.880000114440918,6.909999847412109,914144,0,7.03899998664856,7.352400007247925,7.064025124347375,7.273254107713722,8.26765855717849,38.23782581949725,-0.12253088648167587,-0.1318620442864445,0.00933115780476862,7.323176050011519,7.03899998664856,6.754823923285601,0.22307104804718667,19.35728083468614,29.903240700897907,90137533.0,-80.13277875170276,-72.09303872917302,9.437130937594965,-0.2694366147017803,3994379520,9.267326,1.01,0.9423135,
2025-08-21,6.980000019073486,6.980000019073486,6.860000133514404,6.880000114440918,1398824,0,7.0129999876022335,7.323200006484985,7.046498932927713,7.257832382487337,8.253851010484585,37.02120930556436,-0.1225418683216839,-0.12999800909349238,0.007456140771808478,7.251838869194476,7.0129999876022335,6.774161106009991,0.2157088221551792,12.22513360909169,20.56986792758074,88738709.0,-90.4777975427988,-79.06972360067644,9.433048889130257,-0.28483002589767725,3994379520,9.267326,1.01,0.9423135,
2025-08-22,6.900000095367432,7.550000190734863,6.849999904632568,7.199999809265137,3519645,0,7.005499982833863,7.30460000038147,7.061118064007467,7.255564438439408,8.24336492888041,53.878301653722424,-0.09562694261694649,-0.1231237957981832,0.027496853181236708,7.20822888782472,7.005499982833863,6.802771077843006,0.25030106957997317,23.989851512576394,18.524088652118163,92258354.0,139.24384432036553,-46.052667903096676,9.424021695155638,-0.2286232804536626,3994379520,9.267326,1.01,0.9423135,
2025-08-25,7.400000095367432,7.400000095367432,7.150000095367432,7.190000057220459,437611,0,7.005499982833863,7.287800006866455,7.073392539551562,7.2529932862347435,8.232883686376331,53.39731599522087,-0.07424768540321569,-0.11334857371918969,0.039100888315974,7.20822888782472,7.005499982833863,6.802771077843006,0.2502795646099751,35.6349099304174,23.949965017361915,91820743.0,178.1979455011441,-47.36842435482697,9.42292785237374,-0.21599361661455044,3994379520,9.267326,1.01,0.9423135,
2025-08-26,7.159999847412109,7.230000019073486,6.989999771118164,7.0,532383,0,6.998999977111817,7.270800008773803,7.066402773879984,7.243071980892204,8.220616187009403,45.14979874819342,-0.07180812735986475,-0.1050404844473247,0.033232357087459946,7.193514763257886,6.998999977111817,6.804485190965748,0.2495453277060713,39.999990917391195,33.208250786795084,91288360.0,45.5852246395544,-72.36842435482697,9.421492729094837,-0.2236533190408739,3994379520,9.267326,1.01,0.9423135,
2025-08-28,7.099999904632568,7.099999904632568,6.869999885559082,6.909999847412109,394922,0,6.985999965667725,7.2536000061035155,7.05150725707352,7.230010328598867,8.207575228406444,41.85221066758751,-0.0762579658245377,-0.0992839807227673,0.0230260148982296,7.167372506788207,6.985999965667725,6.804627424547243,0.24814923423231525,26.190474568581777,33.941791805463545,90893438.0,-46.54767285250758,-87.67127761654586,9.42037795909297,-0.2424821295211804,3994379520,9.267326,1.01,0.9423135,
2025-08-29,6.900000095367432,7.059999942779541,6.889999866485596,6.940000057220459,889885,0,6.977999973297119,7.238200006484985,7.040887523754181,7.218637376780106,8.194962540135936,43.33780325307099,-0.07648209072440348,-0.09472360272309453,0.01824151199869105,7.152539367874551,6.977999973297119,6.803460578719687,0.2425671515224317,14.285717529503172,26.82539433849213,91783323.0,-38.36811071245236,-87.14284059953393,9.4178731228532,-0.24198210441928947,3994379520,9.267326,1.01,0.9423135,
2025-09-01,7.050000190734863,7.050000190734863,6.889999866485596,6.920000076293945,555631,0,6.973999977111816,7.226400003433228,7.029374433519873,7.206926110094374,8.182276346465867,42.55720145218158,-0.07738153645234647,-0.09125518946894493,0.013873653016598458,7.149999970739729,6.973999977111816,6.797999983483904,0.23666952100291996,10.28752360384311,16.921238567309437,91227692.0,-45.44703576656191,-89.99997956413014,9.416305367326956,-0.27524631081276885,3994379520,9.267326,1.01,0.9423135,
2025-09-02,6.920000076293945,7.010000228881836,6.920000076293945,6.929999828338623,1455680,0,6.977499961853027,7.2131999969482425,7.019910185407373,7.196066255907874,8.169815883598929,43.10896225417184,-0.07640668850967991,-0.08828548927709193,0.011878800767412018,7.146954994043388,6.977499961853027,6.808044929662667,0.22619313754470358,12.985932836207056,12.519724656517864,92683372.0,-47.869159209419216,-88.57144414161513,9.41220749657208,-0.299512168755849,3994379520,9.267326,1.01,0.9423135,
2025-09-03,6.980000019073486,7.0,6.900000095367432,6.920000076293945,508633,0,6.977499961853027,7.203000001907348,7.01039493692038,7.185240131217132,8.15737990541679,42.66759701908881,-0.07556988827885025,-0.08574236907744359,0.010172480798593342,7.146954994043388,6.977499961853027,6.808044929662667,0.21717933519383675,15.946616889448471,13.073357776499629,92174739.0,-62.44206992089018,-89.99997956413014,9.410771114724817,-0.3136961296684544,3994379520,9.267326,1.01,0.9423135,
2025-09-04,6.929999828338623,7.050000190734863,6.900000095367432,6.909999847412109,613664,0,6.9764999628067015,7.190599994659424,7.000833499824354,7.174446394597327,8.144968163546096,42.20225570645055,-0.074850819310468,-0.08356405912404848,0.008713239813580478,7.14729518667254,6.9764999628067015,6.805704738940863,0.21238081806337925,16.72351517795852,15.218688301204764,91561075.0,-51.825010051923634,-91.42858310621135,9.409049684967705,-0.3697049431863556,3994379520,9.267326,1.01,0.9423135,
2025-09-05,6.909999847412109,6.989999771118164,6.880000114440918,6.900000095367432,358585,0,6.975999975204468,7.17920000076294,6.991230318447505,7.163683794627527,8.132580421574168,41.71236163974809,-0.07423214641503861,-0.0816976765822465,0.007465530167207884,7.14762748296213,6.975999975204468,6.8043724674468065,0.20506787796436973,15.089530108599924,15.919887392002387,91202490.0,-84.55115567255663,-92.85711852872636,9.408032635459648,-0.38725216688558267,3994379520,9.267326,1.01,0.9423135,
2025-09-08,7.019999980926514,7.019999980926514,6.920000076293945,6.929999828338623,314154,0,6.969999957084656,7.168000001907348,6.9853988431990395,7.154519717518158,8.120614445522074,43.81936860794581,-0.07050833970536186,-0.07945980920686957,0.008951469501507714,7.139233514253487,6.969999957084656,6.800766399915824,0.19899159279256345,17.646987325487046,16.48667753734858,91516644.0,-45.73807862833161,-88.57144414161513,9.407154233069205,-0.4609855198122593,3994379520,9.267326,1.01,0.9423135,
2025-09-09,6.929999828338623,7.369999885559082,6.929999828338623,7.150000095367432,1733438,0,6.979999971389771,7.1652000045776365,7.001075152929363,7.154342477433816,8.11095659129168,56.296086215022015,-0.04923743463188757,-0.07341533429187316,0.024177899659985597,7.166118225468725,6.979999971389771,6.793881717310817,0.21620648310884172,32.092778418642375,21.609765284243196,93250082.0,131.67394705228043,-57.14284741149054,9.40270018934193,-0.4038156887257886,3994379520,9.267326,1.01,0.9423135,
2025-09-10,7.039999961853027,7.71999979019165,7.039999961853027,7.570000171661377,10138008,0,7.0074999809265135,7.163800010681152,7.0552584880466975,7.17064277916823,8.105573940350085,69.99569458140468,0.0014931943423670546,-0.05843362856502512,0.05992682290739217,7.325171272539147,7.0074999809265135,6.68982868931388,0.24933457919668323,55.552180512000994,35.09731541871022,103388090.0,280.15391180933324,-17.24133773119754,9.380345435858306,-0.04761891262108845,3994379520,9.267326,1.01,0.9423135,
2025-09-11,7.659999847412109,8.25,7.630000114440918,7.880000114440918,5319473,0,7.052499985694885,7.172800016403198,7.133805309608052,7.198460713884806,8.103329424669397,75.98048540285734,0.06595173732919868,-0.03355655538618035,0.09950829271537903,7.547388957904196,7.052499985694885,6.557611013485574,0.2800963827068218,70.07922171747192,52.57472688270517,108707563.0,354.83308687579944,-26.42856145391727,9.371655160436758,-0.05454604147991511,3994379520,9.267326,1.01,0.9423135,
2025-09-12,7.940000057220459,8.0,7.699999809265137,7.820000171661377,1542519,0,7.093499994277954,7.1800000190734865,7.199157201232178,7.222834810268201,8.100510228122053,72.9476381416315,0.11091553782559327,-0.004662136743825627,0.11557767456941889,7.68969723461982,7.093499994277954,6.497302753936087,0.28151808328025335,74.26826215824191,66.63322146257168,107165044.0,229.1238517174031,-31.15940526663142,9.36901669076123,-0.056463105129533536,3994379520,9.267326,1.01,0.9423135,
2025-09-15,7.849999904632568,7.940000057220459,7.639999866485596,7.71999979019165,757342,0,7.128499984741211,7.184200010299683,7.248761257323556,7.242331476147552,8.096724054610307,68.07073197248816,0.1369023535066587,0.023650761306271237,0.11325159220038745,7.782694986651945,7.128499984741211,6.474304982830477,0.2828382338127255,66.83678832910779,70.3947574016073,106407702.0,163.58473633374666,-38.405809120028195,9.367662615244345,-0.06039033955412022,3994379520,9.267326,1.01,0.9423135,
2025-09-16,7.730000019073486,7.889999866485596,7.610000133514404,7.659999847412109,711193,0,7.163499975204468,7.1888000106811525,7.28792683733199,7.258710627961848,8.092378540110824,65.25195599078334,0.15091593327998964,0.04910379570101492,0.10181213757897473,7.8518974458554265,7.163499975204468,6.47510250455351,0.2826354837526159,59.5857721694054,66.89694088558512,105696509.0,125.71337541538041,-42.753630700017624,9.366356129431512,-0.06682997106077747,3994379520,9.267326,1.01,0.9423135,
2025-09-17,7.639999866485596,7.849999904632568,7.619999885559082,7.670000076293945,892474,0,7.2004999876022335,7.195000009536743,7.3243147648521765,7.274839625935655,8.088175769326575,65.50832071623005,0.1609731330328028,0.0714776631673725,0.0894954698654303,7.913815542383128,7.2004999876022335,6.487184432821339,0.27887580770410664,40.154375179571616,55.52564522602836,106588983.0,105.87575359967428,-42.335764390911834,9.364712925666606,-0.07368156399523923,3994379520,9.267326,1.01,0.9423135,
2025-09-18,7.670000076293945,7.75,7.539999961853027,7.590000152587891,789745,0,7.234500002861023,7.2014000129699705,7.3496181351127206,7.287198862274959,8.083218798015743,61.59337094375099,0.16063649353457787,0.08930942924081357,0.0713270642937643,7.9539852952448475,7.234500002861023,6.515014710477199,0.2739561098785971,23.82808571444393,41.18941102114041,105799238.0,76.13009374042743,-48.17517536819141,9.363185418182574,-0.07727587052963311,3994379520,9.267326,1.01,0.9423135,
2025-09-19,7.590000152587891,8.199999809265137,7.559999942779541,7.769999980926514,6900004,0,7.278999996185303,7.211600008010865,7.389654501380701,7.306132239476981,8.080102192870577,66.4515096622973,0.17290108999421072,0.106027761391493,0.06687332860271772,8.015176672980251,7.278999996185303,6.542823319390354,0.3001020924933827,18.364364863445577,27.448941919153796,112699242.0,104.64661032931421,-35.03650066931236,9.351603945759908,-0.10371186927423019,3994379520,9.267326,1.01,0.9423135,
2025-09-22,7.610000133514404,8.149999618530273,7.610000133514404,7.989999771118164,3421147,0,7.318499994277954,7.22420000076294,7.4468302413556975,7.332950574051146,8.079205651360603,71.23989457098135,0.1980895623354879,0.12444012158029198,0.07364944075519593,8.115727082467894,7.318499994277954,6.521272906088016,0.3172376205307032,37.966635540354254,26.71969537274801,116120389.0,103.29143821278039,-18.97812048179352,9.346202872987222,-0.0675552325056077,3994379520,9.267326,1.01,0.9423135,
2025-09-23,8.0,8.119999885559082,7.809999942779541,7.920000076293945,2862904,0,7.354999995231628,7.236800003051758,7.49189403515934,7.355972123158707,8.077621516285312,67.91819193785466,0.2099826682882835,0.1415486309218903,0.0684340373663932,8.191241618707553,7.354999995231628,6.518758371755704,0.31672064354847734,53.535363022473994,36.622121142091366,113257485.0,96.32126013348464,-24.087587684095705,9.341818930366449,-0.07664173483937582,3994379520,9.267326,1.01,0.9423135,
2025-09-24,7.929999828338623,8.479999542236328,7.929999828338623,8.369999885559082,8352041,0,7.423499989509582,7.2589999961853025,7.575523163768839,7.395737917762643,8.080530753790523,75.74711134084356,0.2528050845939509,0.16379992165630242,0.08900516293764849,8.351600744880129,7.423499989509582,6.495399234139037,0.33409770229089913,71.35183230418598,54.28461028900483,121609526.0,130.9760561563449,-6.874981001012683,9.331999263741853,0.04907215807276267,3994379520,9.267326,1.01,0.9423135,
2025-09-25,8.699999809265137,9.489999771118164,8.600000381469727,9.130000114440918,30665465,0,7.534500002861023,7.2951999950408934,7.7235685876423705,7.463748199985321,8.090973234991024,83.20254070648895,0.34410124001951825,0.1998601853289456,0.14424105469057266,8.6928518735612,7.534500002861023,6.376148132160847,0.39023357252434077,75.74028608517045,66.8758271372769,152274991.0,219.19773551251464,-14.007770405664157,9.32365668684547,0.1078365077390873,3994379520,9.267326,1.01,0.9423135,
2025-09-26,9.369999885559082,9.449999809265137,8.819999694824219,9.0,9453297,0,7.6375,7.321599998474121,7.845133484057383,7.523993368613347,8.100018277428925,78.74352760315514,0.4013378057676871,0.2401557094166939,0.16118209635099318,8.925209233469111,7.6375,6.349790766530888,0.40735975408981057,81.19374913074104,76.09528917336591,142821694.0,194.1019216675497,-19.140616487129403,9.3213564277021,0.05507549282448113,3994379520,9.267326,1.01,0.9423135,
2025-09-29,9.100000381469728,9.260000228881836,8.100000381469727,8.380000114440918,7082055,0,7.710500001907349,7.336999998092652,7.896073163141529,7.557562260606585,8.102804166354417,61.74729532823069,0.3921489384230199,0.2705543552179591,0.12159458320506078,8.992755485316586,7.710500001907349,6.428244518498111,0.46111976075568906,63.0706429550792,73.33489272366366,135739639.0,114.8073418223248,-45.30611196293048,9.315928801950133,0.01592303635424265,3994379520,9.267326,1.01,0.9423135,
2025-09-30,8.4399995803833,8.869999885559082,8.399999618530273,8.630000114440918,3229114,0,7.795500016212463,7.355600004196167,7.965970968027185,7.599618647031461,8.108049897181148,65.0254056117563,0.4004237695527184,0.29652823808491097,0.10389553146780744,9.084894875131674,7.795500016212463,6.506105157293253,0.463182618638723,50.91219244468428,65.05886151016826,138968753.0,110.0649974169717,-44.102550810060826,9.313657770163555,0.02674705618034613,3994379520,9.267326,1.01,0.9423135,
2025-10-01,8.720000267028809,9.670000076293944,8.5,9.229999542236328,15341686,0,7.910999989509582,7.388399991989136,8.086354641761389,7.6635551527257695,8.1192135752414,71.3673026431745,0.4502068677314295,0.32726396401421465,0.12294290371721484,9.277541564418232,7.910999989509582,6.544458414600931,0.5136695798998102,50.25829426662876,54.747043222130834,154310439.0,153.55947151692376,-20.657300958554504,9.31085173484554,0.060337959513778225,3994379520,9.267326,1.01,0.9423135,
2025-10-03,9.4399995803833,9.470000267028809,9.15999984741211,9.31999969482422,4413165,0,8.031499981880188,7.424199981689453,8.203844646814993,7.728513762219826,8.131161695834264,72.18213339875993,0.491259656337359,0.36006310247884354,0.13119655385851547,9.447837039337932,8.031499981880188,6.615162924422445,0.49912178273673086,64.8510918084199,55.340526173244406,158723604.0,146.75076566703126,-16.43194190914827,9.310877647715715,0.0642314514436703,3994379520,9.267326,1.01,0.9423135,
2025-10-06,9.31999969482422,9.369999885559082,8.899999618530273,8.9399995803833,3881220,0,8.133499956130981,7.45499997138977,8.273954640488165,7.776023009990943,8.13920983398898,63.91199648566259,0.4875117219696534,0.3855528263770055,0.10195889559264792,9.502225855206403,8.133499956130981,6.7647740570555595,0.49704167447187925,67.7282015521206,60.94586254238985,154842384.0,102.97023654727064,-34.27232191028561,9.309937292274517,0.03690845085370978,3994379520,9.267326,1.01,0.9423135,
2025-10-07,8.949999809265137,9.029999732971191,8.800000190734863,8.880000114440918,1788335,0,8.230999970436097,7.485599975585938,8.331673257055094,7.819316229773294,8.146580881555666,62.69066320776364,0.47423333483180663,0.40328892806796574,0.0709444067638409,9.518305513574123,8.230999970436097,6.943694427298069,0.4779672364550542,56.33514094763748,62.97147810272609,153054049.0,74.96310024709322,-37.08919809426326,9.309207218579031,0.03399618331188047,3994379520,9.267326,1.01,0.9423135,
2025-10-08,8.880000114440918,9.020000457763672,8.5,8.630000114440918,1581779,0,8.30499997138977,7.514399976730346,8.360085338710887,7.8511077546622206,8.151391023176414,57.73955365605171,0.4384826516345548,0.41032767278128357,0.02815497885327123,9.502238309329542,8.30499997138977,7.10776163345,0.48096960940566974,34.13652175735768,52.73328808570535,151472270.0,46.659729394229714,-48.82628666552938,9.308267666624507,0.02740017938600694,3994379520,9.267326,1.01,0.9423135,
2025-10-09,8.699999809265137,8.75,8.430000305175781,8.5600004196167,1553391,0,8.354499983787537,7.542999982833862,8.379124870225725,7.878907467013376,8.155456788315123,56.396502169316776,0.39989188257227326,0.40824051473948153,-0.00834863216720827,9.50712253151175,8.354499983787537,7.201877436063326,0.46947175836413757,20.468810881943046,36.98015786231283,149918879.0,24.96313660911293,-52.60661547108228,9.307135388859189,-0.024359288355096775,3994379520,9.267326,1.01,0.9423135,
2025-10-10,8.59000015258789,9.0600004196167,8.59000015258789,8.8100004196167,2564171,0,8.400999999046325,7.575799989700317,8.420160636834389,7.9154209161350755,8.161969660268372,59.977106013088765,0.38504279703832367,0.40360097119925,-0.01855817416092631,9.548325513472024,8.400999999046325,7.253674484620626,0.4716523470524135,21.345564588579766,25.31696574262693,152483050.0,50.180167958617176,-41.74755730899946,9.305888394398222,-0.016948211063473672,3994379520,9.267326,1.01,0.9423135,
2025-10-13,8.8100004196167,9.289999961853027,8.489999771118164,8.8100004196167,5978858,0,8.450500011444092,7.61,8.457288235194609,7.950502465291217,8.16841772752557,59.97710601308878,0.3690209460127125,0.3966849661619425,-0.027664020149229973,9.578550958903342,8.450500011444092,7.322449063984841,0.49510576445830273,32.370550352079555,24.72830860753422,152483050.0,50.920411070927166,-46.23653736262407,9.303262549032118,-0.02418469852363123,3994379520,9.267326,1.01,0.9423135,
2025-10-14,8.850000381469727,8.850000381469727,7.989999771118164,8.300000190734863,3375907,0,8.479500031471252,7.636000003814697,8.442308421436538,7.96420825844587,8.16972700576646,50.220181382425736,0.31157906787942125,0.37966378650543825,-0.068084718626017,9.559749474875021,8.479500031471252,7.399250588067483,0.521169682022107,36.152607406492315,29.956240782383976,149107143.0,-18.50262445270387,-78.7356143867779,9.30017973921528,-0.028759457093956924,3994379520,9.267326,1.01,0.9423135,
2025-10-15,8.34000015258789,8.579999923706055,8.25,8.420000076293945,1657864,0,8.517500042915344,7.667200002670288,8.440183817137243,7.982082447381089,8.17221728507519,52.19093720414304,0.2725966292397679,0.3582503550523042,-0.08565372581253627,9.531183817617174,8.517500042915344,7.503816268213515,0.5075146992852461,33.70306726099327,34.07540833985515,150765007.0,-20.03557001319552,-74.40474838897187,9.298733362507061,-0.024141728846149832,3994379520,9.267326,1.01,0.9423135,
2025-10-16,8.529999732971191,8.800000190734863,8.25,8.380000114440918,1462023,0,8.553000044822692,7.696400003433228,8.434452035928068,7.997687061775592,8.17428477591465,51.4596138209429,0.2357574381436187,0.3337517716705671,-0.09799433352694836,9.49249129115422,8.553000044822692,7.613508798491164,0.510549377245933,28.97438211083313,32.94335225943967,149302984.0,-18.591698005744874,-76.78569806676626,9.297548264658438,-0.026313496373448188,3994379520,9.267326,1.01,0.9423135,
2025-10-17,8.430000305175781,8.4399995803833,8.0,8.039999961853027,2543842,0,8.57550003528595,7.718600006103515,8.396885171730444,7.999346391190393,8.172948608610554,45.60938565189251,0.17708561029040837,0.30241853939453534,-0.12533292910412697,9.440242113703922,8.57550003528595,7.710757956867978,0.5055101060414592,22.30771055352966,28.328386641785453,146759142.0,-84.86855417752788,-97.02379871117752,9.294702067095898,-0.04004237656982593,3994379520,9.267326,1.01,0.9423135,
2025-10-20,8.039999961853027,8.220000267028809,7.900000095367432,8.09000015258789,1458572,0,8.591500043869019,7.742200012207031,8.3676580270502,8.002901440656961,8.172123250839183,46.57134725526949,0.13308820356613893,0.26855247222885603,-0.1354642686627171,9.40644226316643,8.591500043869019,7.776557824571608,0.49225939644288186,17.94872998720859,23.076940883857223,148217714.0,-107.46703140561252,-89.26553337469514,9.292947618350214,-0.018496829829959816,3994379520,9.267326,1.01,0.9423135,
2025-10-21,8.25,9.100000381469728,8.149999618530273,8.529999732971191,1458650,0,8.61850004196167,7.771800003051758,8.383119141899819,8.023571961924185,8.175684210860398,54.24099821353061,0.13220030780344416,0.24128203934377365,-0.10908173154032949,9.38636120338969,8.61850004196167,7.850638880533651,0.5292408844742359,25.44870841236939,21.90171631770264,149676364.0,-13.128183063761217,-64.40679975182913,9.291946764864864,-0.03405025080650001,3994379520,9.267326,1.01,0.9423135,
2025-10-23,8.800000190734863,8.880000114440918,8.109999656677246,8.1899995803833,3469032,0,8.632000017166138,7.796599998474121,8.36472680270777,8.03009853519709,8.175826652348189,48.45293817376153,0.10287558746607672,0.21360074896823428,-0.11072516150215755,9.358652516380516,8.632000017166138,7.90534751795176,0.5464379968520527,32.222191757633276,25.206543385737177,146207332.0,-65.13701451949827,-81.5286972415429,9.288899803678488,-0.0510872258740769,3994379520,9.267326,1.01,0.9423135,
2025-10-24,8.260000228881836,8.279999732971191,8.100000381469727,8.180000305175781,1012790,0,8.622500038146972,7.819800004959107,8.34713380294282,8.035977035980569,8.175868181232046,48.28973287680611,0.07793034487789718,0.18646666815016685,-0.10853632327226967,9.36734551899827,8.622500038146972,7.877654557295674,0.5202638078984393,33.33330684238641,30.334735670796448,145194542.0,-110.57407843581008,-80.95236396109657,9.287809747929728,-0.10397402773818583,3994379520,9.267326,1.01,0.9423135,
2025-10-27,8.25,8.270000457763672,8.0600004196167,8.140000343322754,900693,0,8.573000049591064,7.843000011444092,8.327406806788527,8.040056381366536,8.1755112873225,47.59903515917627,0.054307376150985576,0.1600348097503306,-0.10572743359934503,9.307876719849311,8.573000049591064,7.838123379332817,0.4981021100590488,22.49999304612645,29.35183054871547,144293849.0,-107.98600674176113,-82.73379345264783,9.286815789365113,-0.22750332311118543,3994379520,9.267326,1.01,0.9423135,
2025-10-28,8.180000305175781,8.199999809265137,8.050000190734863,8.100000381469727,1155487,0,8.52800006866455,7.865000019073486,8.30574905199626,8.042407126468623,8.174759935025458,46.87696829142749,0.03198958459432255,0.13442576471912898,-0.10243618012480643,9.262999165966775,8.52800006866455,7.793000971362325,0.473237646378422,16.03176107031455,23.95502031960923,143138362.0,-108.0553839138508,-85.61148882640073,9.285498166783109,-0.20051948306491033,3994379520,9.267326,1.01,0.9423135,
2025-10-29,8.199999809265137,8.199999809265137,8.010000228881836,8.069999694824219,1609363,0,8.512500047683716,7.88600001335144,8.28329673226559,8.043489187972764,8.173717544575695,46.309546388116964,0.011746364530122122,0.10988988468132761,-0.09814352015120549,9.271996421362308,8.512500047683716,7.753003674005123,0.45300635595019906,10.552809734020826,16.361521283487367,141528999.0,-99.38874392449426,-87.76981181396762,9.283631380644174,-0.16787627013156906,3994379520,9.267326,1.01,0.9423135,
2025-10-30,8.109999656677246,8.199999809265137,8.029999732971191,8.100000381469727,868370,0,8.486000061035156,7.908800020217895,8.265839936951698,8.04570531320794,8.172984040465188,47.000427986863954,-0.0018543527054930564,0.08754103720396347,-0.08939538990945653,9.264007571441821,8.486000061035156,7.70799255062849,0.43279162168903806,14.997288126204623,13.860619643513424,142397369.0,-85.81063124313575,-85.61148882640073,9.282640608093308,-0.17615603223349127,3994379520,9.267326,1.01,0.9423135,
2025-10-31,8.140000343322754,8.149999618530273,8.0,8.0600004196167,1000303,0,8.427500104904174,7.931400032043457,8.246236173395983,8.046265905616126,8.171859825332367,46.14777872635806,-0.01567993322075445,0.06689684311901989,-0.08257677633977434,9.14666267350188,8.427500104904174,7.708337536306471,0.41259219289198346,20.817427425363476,15.455841761863065,141397066.0,-87.93278941310956,-88.48918420015362,9.281462516707874,-0.325445568503798,3994379520,9.267326,1.01,0.9423135,
2025-11-03,8.140000343322754,8.149999618530273,7.900000095367432,7.920000076293945,1453274,0,8.357500123977662,7.951600036621094,8.215166068910076,8.041314304466237,8.169353758177756,43.1942019251364,-0.037501370604946516,0.0460172003742266,-0.08351857097917312,8.981835741221715,8.357500123977662,7.733164506733608,0.40097843076847334,20.740819232459618,18.851844928009328,139943792.0,-100.86399881412486,-98.33333532015435,9.279642262305039,-0.38250122490566807,3994379520,9.267326,1.01,0.9423135,
2025-11-04,7.949999809265137,7.96999979019165,7.579999923706055,7.739999771118164,1275261,0,8.297500133514404,7.968800029754639,8.169912135787037,8.029498048256508,8.165081579202038,39.677983218199465,-0.06852957101279422,0.023107846096822437,-0.09163741710961666,8.917012184527934,8.297500133514404,7.677988082500875,0.40019424760541067,18.231812797206164,19.930019818343172,138668531.0,-142.4242877789757,-89.4736974193079,9.277769197642414,-0.33023457499008174,3994379520,9.267326,1.01,0.9423135,
2025-11-06,7.760000228881836,7.789999961853027,7.199999809265137,7.360000133514404,2719996,0,8.221500134468078,7.972000036239624,8.09277765938012,8.003243228070543,8.15707081854843,33.48144366589871,-0.12237181226924054,-0.0059880855763901585,-0.11638372669285038,8.906051948704935,8.221500134468078,7.536948320231222,0.41375181224701635,16.157710285650907,18.376780771772317,135948535.0,-194.8303865486684,-91.57893283876133,9.272966194854195,-0.3402807086722187,3994379520,9.267326,1.01,0.9423135,
2025-11-07,7.309999942779541,7.800000190734863,7.28000020980835,7.550000190734863,1787157,0,8.167500138282776,7.979200038909912,8.041084567128191,7.985468991312281,8.151030314789091,38.64122777099397,-0.14800465413326602,-0.03439139928776533,-0.1136132548455007,8.884267308416906,8.167500138282776,7.450732968148647,0.4213409671526947,26.216205668360487,20.201909583739276,137735692.0,-157.44008519819712,-81.57893283876135,9.269984998369702,-0.31663200439917727,3994379520,9.267326,1.01,0.9423135,
2025-11-10,7.659999847412109,7.710000038146973,7.449999809265137,7.53000020980835,782524,0,8.116000127792358,7.989800043106079,7.992409866431063,7.96760747046899,8.144850910759432,38.304407671896705,-0.16799614234413873,-0.061112347899040007,-0.10688379444509873,8.860053962841665,8.116000127792358,7.371946292743051,0.40981662870477625,29.19302549389252,23.855647149301394,136953168.0,-140.09378684074684,-82.63156309683056,9.268697967602087,-0.32321815028030365,3994379520,9.267326,1.01,0.9423135,
2025-11-11,7.550000190734863,7.579999923706055,7.269999980926514,7.449999809265137,1823029,0,8.04800009727478,8.00060004234314,7.940751765748594,7.947309130813937,8.137936969451031,36.91817980164252,-0.18812630161429045,-0.0865151386420901,-0.10161116297220035,8.774294869867303,8.04800009727478,7.321705324682258,0.40268686542440235,34.68219244284293,30.03047453503207,135130139.0,-154.02919550403254,-86.84210922579237,9.265479123019672,-0.31744581864903426,3994379520,9.267326,1.01,0.9423135,
2025-11-12,7.5,7.590000152587891,7.389999866485596,7.400000095367432,1461149,0,7.977500081062317,8.009800043106079,7.889251606664674,7.925846031384663,8.130594313987514,36.0403014661789,-0.20574248560850794,-0.11036060803537366,-0.09538187757313428,8.66704702637925,7.977500081062317,7.287953135745385,0.38820925261568034,33.51259477933437,32.462604238690034,133668990.0,-127.02721586515646,-88.09522322786907,9.262944805786892,-0.36412898613450423,3994379520,9.267326,1.01,0.9423135,
2025-11-13,7.5,7.610000133514404,7.400000095367432,7.460000038146973,937657,0,7.935500073432922,8.02060004234314,7.848370504901084,7.907577561061617,8.123921734128404,37.94718231841502,-0.2124133752328623,-0.1307711614748714,-0.08164221375799091,8.643440029903926,7.935500073432922,7.227560116961919,0.3754800230107726,33.88331543491859,34.026034219032056,134606647.0,-103.54298923930396,-75.92590303250793,9.261349212587417,-0.37540046807772376,3994379520,9.267326,1.01,0.9423135,
2025-11-14,7.590000152587891,7.730000019073486,7.300000190734863,7.329999923706055,1704548,0,7.881000065803528,8.028600044250489,7.799001878120604,7.884927457635908,8.116022014621713,35.479059164652185,-0.22558956996252544,-0.1497348431724022,-0.07585472679012323,8.599105917576859,7.881000065803528,7.162894214030198,0.37937429481990476,27.40862592431536,31.60151204618953,132902099.0,-96.82894651899834,-87.85046395781731,9.258396069378174,-0.4239509789672827,3994379520,9.267326,1.01,0.9423135,
2025-11-17,7.329999923706055,7.599999904632568,7.329999923706055,7.449999809265137,964233,0,7.834500050544738,8.039200038909913,7.765763585848655,7.86787147142529,8.10939492800125,39.39738406461078,-0.22376933769800456,-0.16454174207752267,-0.05922759562048188,8.537620981248768,7.834500050544738,7.131379119840709,0.37156184382751967,29.3409707228604,30.21097069403154,133866332.0,-84.82636121384016,-75.0,9.256735949995106,-0.4090523673024907,3994379520,9.267326,1.01,0.9423135,
2025-11-18,7.5,7.5,7.289999961853027,7.309999942779541,743577,0,7.798000049591065,8.04720004081726,7.722357524603977,7.845994156576437,8.10144074904382,36.60442354137572,-0.23096123239333632,-0.17782564014068541,-0.05313559225265091,8.529863474565412,7.798000049591065,7.066136624616718,0.36002171485033774,18.90643619310825,25.21867761342809,133122755.0,-92.49632507230339,-88.99998664855957,9.255391432103316,-0.38306104731078583,3994379520,9.267326,1.01,0.9423135,
2025-11-19,7.320000171661377,7.989999771118164,7.179999828338623,7.75,3943293,0,7.78100004196167,8.064200038909911,7.72499014130836,7.842229679847949,8.09794382616776,48.8721648677281,-0.19886415122373524,-0.18203334235729537,-0.016830808866439867,8.500636103245204,7.78100004196167,7.061363980678137,0.3921630168452808,38.015413457877706,28.75427345794887,137066048.0,-35.052934487709116,-44.117629184304576,9.249320372461474,-0.30952327963477627,3994379520,9.267326,1.01,0.9423135,
2025-11-20,7.849999904632568,7.889999866485596,7.619999885559082,7.71999979019165,1607668,0,7.740500044822693,8.080000038146972,7.724514869773435,7.83743635084182,8.094183188993869,48.18747163275593,-0.17384378640350295,-0.1803954311665369,0.006551644763033937,8.372844223528718,7.740500044822693,7.108155866116668,0.38343708570822604,47.19417094013164,34.705340197039284,135458380.0,-7.031580263728435,-44.32988879860115,9.247016383699684,-0.31205211524566395,3994379520,9.267326,1.01,0.9423135,
2025-11-21,7.679999828338623,7.75,7.320000171661377,7.349999904632568,2073637,0,7.698500061035157,8.084000034332275,7.688846777855257,7.818321196088516,8.086778380194254,40.62755321837634,-0.18177547108862058,-0.18067143915095363,-0.0011040319376669494,8.317282148037226,7.698500061035157,7.079717974033087,0.3867629958961115,52.67490947451957,45.96149795750972,133384743.0,-63.47426551610327,-82.47421514798916,9.243523249262013,-0.29433268073961066,3994379520,9.267326,1.01,0.9423135,
2025-11-24,7.409999847412109,7.460000038146973,7.150000095367432,7.190000057220459,1226775,0,7.64900004863739,8.076400032043457,7.641337566366229,7.793681151427024,8.07785521280148,37.86136398414383,-0.19868175921281406,-0.18427350316332572,-0.014408256049488338,8.264171748278686,7.64900004863739,7.033828348996094,0.38127992067349936,30.805411316009096,43.55816391022018,132157968.0,-107.11522091172638,-95.23809794125478,9.241222650339799,-0.31879088958929247,3994379520,9.267326,1.01,0.9423135,
2025-11-25,7.25,7.300000190734863,7.099999904632568,7.25,810533,0,7.604500031471252,8.063800029754638,7.604067321950398,7.772360321959297,8.069617847499972,39.52423491504714,-0.20487692673268576,-0.18839418787719772,-0.01648273885548804,8.199595959717069,7.604500031471252,7.009404103225435,0.36833137534698474,14.201171036478891,32.56049727566927,132968501.0,-114.09488053045433,-83.14605417192392,9.239667159246103,-0.2990574143549883,3994379520,9.267326,1.01,0.9423135,
2025-11-26,7.550000190734863,7.75,7.239999771118164,7.340000152587891,765052,0,7.566500020027161,8.054200029373169,7.578918067725397,7.755405021199635,8.062357969938658,42.030203896956074,-0.20021641131551426,-0.19075863256486103,-0.009457778750653234,8.126188395957763,7.566500020027161,7.006811644096557,0.3784505791709027,17.331875858657284,20.77948607038184,133733553.0,-47.94020014858337,-73.03367595963492,9.238365401363117,-0.305710085107489,3994379520,9.267326,1.01,0.9423135,
2025-11-27,7.340000152587891,7.400000095367432,7.260000228881836,7.309999942779541,659242,0,7.528500032424927,8.046000032424926,7.553306817730554,7.737938155379239,8.054871820414686,41.41416384792705,-0.19667652097263666,-0.19194221024641617,-0.004734310726220492,8.048049024669375,7.528500032424927,7.00895104018048,0.3614183854076665,26.513806317842477,19.348951070992964,133074311.0,-82.40213820595162,-76.40448655613686,9.237170307555596,-0.301721193234138,3994379520,9.267326,1.01,0.9423135,
2025-11-28,7.309999942779541,7.489999771118164,6.989999771118164,7.150000095367432,1739091,0,7.481000018119812,8.035800037384034,7.5148966536959705,7.714881760868972,8.045868121657996,38.19847899428158,-0.20442529532977893,-0.19443882726308873,-0.009986468066690207,7.954535719609286,7.481000018119812,7.0074643166303385,0.37131707216426174,27.913380342849347,23.919687506449787,131335220.0,-121.6910850429428,-83.99996757507324,9.233838504784668,-0.30884922335578074,3994379520,9.267326,1.01,0.9423135,
2025-12-01,7.199999809265137,7.340000152587891,7.150000095367432,7.190000057220459,476851,0,7.4375,8.026200037002564,7.483954120698303,7.694298164647462,8.037352021514339,39.46398183964723,-0.20497575924718703,-0.19654621365990838,-0.008429545587278653,7.845611451372548,7.4375,7.029388548627452,0.3583658568111329,26.558726844280113,26.995304501657397,131812071.0,-118.43925178646151,-79.99997138977051,9.232934359398145,-0.31705818131024127,3994379520,9.267326,1.01,0.9423135,
2025-12-02,7.300000190734863,7.300000190734863,6.989999771118164,7.119999885559082,1005638,0,7.397499990463257,8.016800031661987,7.449291812589806,7.671776663506741,8.028224139564536,37.99760888607843,-0.20865518758569745,-0.19896800844506618,-0.009687179140631275,7.763225233643035,7.397499990463257,7.031774747283479,0.35491118272581623,21.49125338700681,25.32112019137884,130806433.0,-153.7664084815376,-86.9999885559082,9.230944844966876,-0.2849037607351414,3994379520,9.267326,1.01,0.9423135,
2025-12-03,7.119999885559082,7.199999809265137,7.0,7.050000190734863,853870,0,7.363000011444091,8.002400035858154,7.4112640390798115,7.647393272417648,8.01849056793439,36.53562752715324,-0.21474411492993006,-0.20212322974203895,-0.012620885187891118,7.723116605760624,7.363000011444091,7.002883417127559,0.343846084621482,18.473725393754535,22.174568541680568,129952563.0,-154.44173848079657,-93.99995803833008,9.229215600826825,-0.29622971108881957,3994379520,9.267326,1.01,0.9423135,
2025-12-04,7.099999904632568,7.21999979019165,6.96999979019165,7.139999866485596,930903,0,7.351999998092651,7.985400037765503,7.3854293559756,7.627495491792861,8.009749366924948,39.745617589540906,-0.20988795435706376,-0.2036761746650439,-0.006211779692019859,7.725020069139778,7.351999998092651,6.978979927045525,0.3371427928628047,20.599226850396132,20.18806854371924,130883466.0,-121.00337420367107,-83.33332554187635,9.227356909072533,-0.2563047254726259,3994379520,9.267326,1.01,0.9423135,
2025-12-05,7.199999809265137,7.199999809265137,7.019999980926514,7.050000190734863,519772,0,7.326999998092651,7.968000040054322,7.353483721190768,7.604848617241567,8.00019962387828,37.69250223759975,-0.2108708459412627,-0.20511510892028767,-0.005755737020975038,7.710463079595381,7.326999998092651,6.943536916589921,0.3259182953967917,22.1047053952947,20.39255254648187,130363694.0,-114.27965850416231,-92.15682332949214,9.226310732317494,-0.28587384757062434,3994379520,9.267326,1.01,0.9423135,
2025-12-08,6.900000095367432,7.050000190734863,6.840000152587891,6.869999885559082,1078704,0,7.293999981880188,7.938000040054321,7.307437641606798,7.576031019920685,7.988953855337791,33.91869107166984,-0.22359682983531304,-0.20881145310329274,-0.014785376732020294,7.713780798468168,7.293999981880188,6.8742191652922084,0.3176384198789474,20.2785709341356,20.994167726608893,129284990.0,-160.6837406678354,-97.39132670239213,9.223970309690992,-0.30107082227534726,3994379520,9.267326,1.01,0.9423135,
2025-12-09,6.920000076293945,7.070000171661377,6.699999809265137,7.039999961853027,897452,0,7.273499989509583,7.896200037002563,7.281967386392154,7.55501019411411,7.979511528039436,40.02598571543457,-0.21745795836890824,-0.21054075415641585,-0.006917204212492395,7.700783207097644,7.273499989509583,6.8462167719215214,0.3213785586301826,31.17601212192478,24.519762817118444,130182442.0,-133.39410942516088,-71.42855997990071,9.222040818776973,-0.29372568130085225,3994379520,9.267326,1.01,0.9423135,
2025-12-10,7.099999904632568,7.099999904632568,6.900000095367432,6.949999809265137,875251,0,7.250999975204468,7.855200033187867,7.250351426665771,7.531284296669052,7.969267630340189,38.02248480614882,-0.21734964721712569,-0.2119025327685578,-0.00544711444856788,7.69628186729615,7.250999975204468,6.805718083112785,0.31270864796125075,39.99441750232396,30.483000186128198,129307191.0,-104.43188969011692,-76.190480515529,9.220200553143117,-0.2641079109964531,3994379520,9.267326,1.01,0.9423135,
2025-12-11,6.900000095367432,7.079999923706055,6.900000095367432,6.940000057220459,596917,0,7.224999976158142,7.826400032043457,7.220794153385265,7.508096679435774,7.959026161950939,37.79611145618775,-0.21558557001382717,-0.21263914021761168,-0.002946429796215483,7.679070398183524,7.224999976158142,6.770929554132761,0.3032294465596345,53.82054051939127,41.663656714546754,128710274.0,-98.35487205883821,-77.14283768011953,9.218941632126192,-0.26494968967594146,3994379520,9.267326,1.01,0.9423135,
2025-12-12,6.920000076293945,7.099999904632568,6.920000076293945,7.070000171661377,689956,0,7.211999988555908,7.795200033187866,7.2064328217925135,7.490916424228935,7.950180132196814,42.58209633081055,-0.20137626313260704,-0.21038656480061074,0.009010301668003706,7.668184095610811,7.211999988555908,6.755815881501005,0.2944273309724194,62.859014325587964,52.22465744910115,129400230.0,-72.15263157400885,-64.76187664906155,9.217524920272277,-0.19113046538994882,3994379520,9.267326,1.01,0.9423135,
2025-12-15,7.070000171661377,7.150000095367432,6.929999828338623,6.989999771118164,499661,0,7.188999986648559,7.750400037765503,7.185820150299718,7.471272633910866,7.9406260987532455,40.51616795780329,-0.19433052743558132,-0.20717535732760486,0.01284482989202354,7.641234412091266,7.188999986648559,6.736765561205853,0.2891111121193043,68.31483771036208,61.66479751844719,128900569.0,-68.62928213754743,-72.38096103105799,9.216496969137886,-0.20062290983481768,3994379520,9.267326,1.01,0.9423135,
2025-12-16,7.03000020980835,7.070000171661377,6.800000190734863,6.880000114440918,1013812,0,7.167499995231628,7.701600046157837,7.15669443259888,7.448085476284594,7.930072606372028,37.80054112836715,-0.19537067262230057,-0.20481442038654402,0.009443747764243449,7.6352979894127815,7.167499995231628,6.699702001050475,0.2877460313198193,59.93386360898916,63.702571881646485,127886757.0,-97.15236831883685,-77.21515014335294,9.214312916938985,-0.18970290993498684,3994379520,9.267326,1.01,0.9423135,
2025-12-17,6.949999809265137,6.960000038146973,6.610000133514404,6.690000057220459,1599453,0,7.1144999980926515,7.65660005569458,7.112247349229507,7.4183566363212945,7.917733576032211,33.610109657261766,-0.20911585449703463,-0.20567470720864214,-0.003441147288392482,7.545010104387581,7.1144999980926515,6.683989891797722,0.29219273655644423,34.038774671501336,54.09582533028427,126287304.0,-147.65690944742647,-90.90909583509664,9.210631295635725,-0.3362592459300199,3994379520,9.267326,1.01,0.9423135,
2025-12-18,6.760000228881836,6.829999923706055,6.639999866485596,6.679999828338623,1930926,0,7.0625,7.612600049972534,7.07108091866847,7.3894014673807975,7.9054178173486935,33.40023925482766,-0.21829952403052477,-0.20819967057301866,-0.010099853457506108,7.43526672634827,7.0625,6.68973327365173,0.2848932594610167,16.878278794823206,36.95030569177131,124356378.0,-158.0611775502016,-90.4110009595531,9.20613523733188,-0.3655231235139829,3994379520,9.267326,1.01,0.9423135,
2025-12-19,6.679999828338623,6.869999885559082,6.659999847412109,6.809999942779541,700891,0,7.035500001907349,7.576200046539307,7.046216063821905,7.366679838965062,7.894518137004722,38.75420989658452,-0.2126365833503021,-0.20908705312847536,-0.0035495302218267466,7.3991743747065994,7.035500001907349,6.671825629108098,0.27954374365287066,21.60490447655937,24.17398598096138,125057269.0,-120.17358252092156,-71.01452280007048,9.204548674039156,-0.28164163134211256,3994379520,9.267326,1.01,0.9423135,
2025-12-22,6.869999885559082,7.0,6.820000171661377,6.869999885559082,839752,0,7.019499993324279,7.542400035858154,7.029433570654017,7.347202193733455,7.884323925547552,41.10739383201074,-0.20099027731528896,-0.20746769796583808,0.006477420650549126,7.382734150055469,7.019499993324279,6.65626583659309,0.2731477660505555,35.507197412226326,24.66346022786971,125897021.0,-63.311377502330984,-57.3770658395231,9.202741847758524,-0.2584882369034656,3994379520,9.267326,1.01,0.9423135,
2025-12-23,6.96999979019165,6.980000019073486,6.809999942779541,6.849999904632568,841303,0,6.999499988555908,7.503200025558471,7.012344650080546,7.327704064749107,7.874032144244915,40.548133609971906,-0.1911706311530459,-0.20420828460327964,0.01303765345023375,7.353701989186974,6.999499988555908,6.645297987924843,0.26578007392508335,51.699036263392294,36.2703793840594,125055718.0,-64.68799551468281,-60.65575308263671,9.200921456909304,-0.3040043593154524,3994379520,9.267326,1.01,0.9423135,
2025-12-24,6.849999904632568,6.929999828338623,6.71999979019165,6.75,929301,0,6.969999980926514,7.462000017166138,6.987359445310971,7.305049003386397,7.8628477447996925,37.7804538046698,-0.1892757938609746,-0.20122178645481864,0.011945992593844046,7.303526639482039,6.969999980926514,6.636473322370989,0.2617957856552183,49.53856192288737,45.58159853283541,124126417.0,-95.142522026702,-76.27119602947987,9.198844775727775,-0.3119717897779644,3994379520,9.267326,1.01,0.9423135,
2025-12-26,6.849999904632568,6.849999904632568,6.699999809265137,6.760000228881836,475659,0,6.942499995231628,7.431200017929077,6.965706186603434,7.28367454164112,7.851874137676131,38.23448540206496,-0.1848365065690798,-0.19794473047767086,0.013108223908591066,7.2489555702732815,6.942499995231628,6.636044420189975,0.25381037920609073,40.501956310657114,47.24651816564566,124602076.0,-102.44771550097173,-72.22220259929252,9.197769948399252,-0.31002776772461427,3994379520,9.267326,1.01,0.9423135,
2025-12-29,6.809999942779541,6.809999942779541,6.480000019073486,6.53000020980835,1580072,0,6.911500000953675,7.3934000205993655,6.924210379289616,7.254118685490815,7.838721163269486,32.38171257553116,-0.19759961341383825,-0.19787570706490434,0.00027609365106609496,7.251339635453145,6.911500000953675,6.571660366454204,0.2592524895275167,23.194288887222964,37.744935706922554,123022004.0,-169.7127703288739,-92.53728581473669,9.19396659341821,-0.3386319370095919,3994379520,9.267326,1.01,0.9423135,
2025-12-30,6.53000020980835,6.599999904632568,6.309999942779541,6.460000038146973,1221026,0,6.875,7.355000019073486,6.879999870609365,7.222976777751841,7.825002545109063,30.834672125501566,-0.21093141038014007,-0.2004868477279515,-0.010444562652188571,7.242994516145352,6.875,6.507005483854648,0.2614487375507675,20.471785579034133,28.05601025897148,121800978.0,-210.56438313756237,-82.14284903338313,9.190865175942884,-0.30874886119172756,3994379520,9.267326,1.01,0.9423135,
2025-12-31,6.460000038146973,6.559999942779541,6.110000133514404,6.340000152587891,2108979,0,6.83600001335144,7.3210000228881835,6.828571326035891,7.188350243431686,7.8102264018998975,28.335484251979402,-0.22854541414044327,-0.20609856101044985,-0.02244685312999342,7.253822878499003,6.83600001335144,6.418177148203878,0.274916671244651,20.017428762188665,21.227834409481996,119691999.0,-214.4933055307721,-77.88461273943874,9.185290491717952,-0.2815128372787747,3994379520,9.267326,1.01,0.9423135,
2026-01-01,6.309999942779541,6.570000171661377,6.309999942779541,6.409999847412109,980696,0,6.803999996185302,7.287400016784668,6.788707375690769,7.157826698489742,7.796293799367681,31.80761026398648,-0.23415703215310302,-0.2117102552389805,-0.02244677691412253,7.2485401578553414,6.803999996185302,6.359459834515263,0.2738512110758785,30.325793018649595,23.60500245329087,120672695.0,-150.09127648797266,-71.15387260561255,9.182790311064041,-0.26987745512941025,3994379520,9.267326,1.01,0.9423135,
2026-01-02,6.5,6.5,6.340000152587891,6.420000076293945,624436,0,6.76800000667572,7.245200023651123,6.753592394795834,7.12889232114873,7.782599334461475,32.31215591411868,-0.2350874037091648,-0.21638568493301735,-0.018701718776147458,7.214479528586638,6.76800000667572,6.321520484764802,0.2657189708141807,37.62500861604648,29.32274346562832,121297131.0,-135.25496006535906,-70.19231210093542,9.181194966176426,-0.2907649668948833,3994379520,9.267326,1.01,0.9423135,
2026-01-05,6.409999847412109,6.5,6.329999923706055,6.369999885559082,672542,0,6.7339999914169315,7.208800029754639,6.717059774868524,7.099131833478548,7.768543618551998,31.07418426991656,-0.23712588776516608,-0.2205337254994471,-0.016592162265718968,7.192798376173539,6.7339999914169315,6.275201606660324,0.25888190691987817,45.96247708912198,37.97109290793943,120624589.0,-123.73495002909968,-72.91669357153998,9.179466345989153,-0.28903446493805274,3994379520,9.267326,1.01,0.9423135,
2026-01-06,6.369999885559082,6.420000076293945,6.25,6.269999980926514,1166781,0,6.703999996185303,7.170600023269653,6.674482651635952,7.066616858868665,7.753632736585575,28.705422863583703,-0.24399790170833313,-0.22522656074122432,-0.018771340967108807,7.200241839146378,6.703999996185303,6.207758153224227,0.25253320473231156,44.043163163346996,42.54354962283856,119457808.0,-130.13188143566066,-82.02248635790116,9.1763791346122,-0.2937903242340626,3994379520,9.267326,1.01,0.9423135,
2026-01-07,6.480000019073486,6.480000019073486,6.25,6.320000171661377,1025830,0,6.668000006675721,7.134200019836426,6.640722415447897,7.03733777309583,7.739367735939563,31.516447308879727,-0.24261273614412104,-0.22870379582180367,-0.013908940322317376,7.165979873123906,6.668000006675721,6.170020140227535,0.2509236914709669,36.57293774042359,42.19285933096427,120483638.0,-102.59102584178139,-76.40448655613686,9.173705048458341,-0.3485490270400629,3994379520,9.267326,1.01,0.9423135,
2026-01-08,6.420000076293945,6.420000076293945,6.130000114440918,6.159999847412109,1217813,0,6.628500008583069,7.095400009155274,6.594939313730203,7.002932364245488,7.723652632571131,27.746385839613218,-0.2515262335921111,-0.23326828337586517,-0.01825795021624596,7.155236187918371,6.628500008583069,6.101763829247767,0.25371485364111407,21.588550998461063,34.06821730074396,119265825.0,-119.015411197359,-94.38205377545252,9.170409920387458,-0.3682840381058105,3994379520,9.267326,1.01,0.9423135,
2026-01-09,6.159999847412109,6.190000057220459,5.880000114440918,5.929999828338623,1520623,0,6.577999997138977,7.052600011825562,6.53161174369291,6.960856578523651,7.7058053409867275,23.41104145403733,-0.2739909270333829,-0.2414128121073687,-0.0325781149260142,7.165727861288238,6.577999997138977,5.990272132989716,0.2577352171510017,12.68251727584196,23.61466867157561,117745202.0,-160.96535833533355,-95.53573937440662,9.165974742188686,-0.384841501906827,3994379520,9.267326,1.01,0.9423135,
2026-01-12,6.0,6.0,5.46999979019165,5.75,2994715,0,6.511999988555909,7.005600004196167,6.45717253000787,6.913372006816841,7.6863445913251685,20.686834356396368,-0.30282802726614033,-0.253695855139123,-0.049132172127017315,7.157526132466408,6.511999988555909,5.866473844645409,0.27718271662652655,14.631765561981998,16.30094461209508,114750487.0,-195.68582092712492,-81.45694255849938,9.156561940565085,-0.35992916655634105,3994379520,9.267326,1.01,0.9423135,
2026-01-13,5.849999904632568,5.900000095367432,5.71999979019165,5.760000228881836,754036,0,6.450500011444092,6.95960000038147,6.3907751679958675,6.868141741015468,7.667176985728718,21.235204834990526,-0.321172426258312,-0.26719116936296083,-0.05398125689535116,7.13532041345987,6.450500011444092,5.765679609428314,0.27024111580861615,21.50005548499234,16.271446107605506,115504523.0,-163.36486117163696,-80.13695677307975,9.154236916929845,-0.36407111618550564,3994379520,9.267326,1.01,0.9423135,
2026-01-14,5.760000228881836,5.760000228881836,5.599999904632568,5.679999828338623,722828,0,6.390499997138977,6.914799995422364,6.323082278504701,6.821547940518337,7.64740407869001,20.041424880277013,-0.3382665323353029,-0.28140624195742925,-0.05686029037787366,7.122906315304549,6.390499997138977,5.658093678973405,0.262366773554377,26.18031849968578,20.77071318222011,114781695.0,-168.95605325939852,-84.78260719332981,9.15193608128014,-0.3512261117195275,3994379520,9.267326,1.01,0.9423135,
2026-01-16,5.679999828338623,5.789999961853027,5.619999885559082,5.659999847412109,586948,0,6.33899998664856,6.873199996948242,6.259931570781597,6.775997034906328,7.627628912209633,19.74261523450392,-0.34939990130332,-0.2950049738266074,-0.054394927476712596,7.122961750460559,6.33899998664856,5.5550382228365605,0.255769152321489,25.735685260127962,24.472019748268764,114194747.0,-143.1172169889702,-85.8208928668016,9.150075381105369,-0.34240681313607535,3994379520,9.267326,1.01,0.9423135,
2026-01-19,5.659999847412109,5.679999828338623,5.510000228881836,5.630000114440918,571540,0,6.286500000953675,6.8385999965667725,6.1999380987491515,6.731055979201802,7.607752008749247,19.27830594096247,-0.35653400211296304,-0.3073107794838785,-0.04922322262908452,7.111636982599098,6.286500000953675,5.461363019308251,0.24964275568829603,26.227625346371116,26.047876368728353,113623207.0,-137.02546756441882,-85.84068070396349,9.14822185652009,-0.3011831369527349,3994379520,9.267326,1.01,0.9423135,
2026-01-20,5.53000020980835,5.599999904632568,5.199999809265137,5.320000171661377,1721749,0,6.212000012397766,6.793999996185303,6.116134486645554,6.675720457337471,7.584988308877726,15.279423978984275,-0.38278967194779767,-0.32240655797666234,-0.06038311397113533,7.101192900069318,6.212000012397766,5.322807124726214,0.26252543779454496,24.573505810039478,25.512272138846253,111901458.0,-152.19175160929208,-91.24085177712288,9.142282756600821,-0.3314010309275032,3994379520,9.267326,1.01,0.9423135,
2026-01-21,5.28000020980835,5.320000171661377,5.0,5.110000133514404,1830427,0,6.124000024795532,6.745599994659424,6.02031216729973,6.614319660324802,7.560361560864161,13.271159009406762,-0.4157502177737342,-0.3410752899360767,-0.0746749278376575,7.081066365343263,6.124000024795532,5.166933684247802,0.2666307759278901,20.41856619556768,23.739899117326157,110071031.0,-160.6118376875497,-92.99362283521269,9.135605175596915,-0.3259002539863736,3994379520,9.267326,1.01,0.9423135,
2026-01-22,5.019999980926514,5.300000190734863,4.949999809265137,5.110000133514404,1941253,0,6.037000036239624,6.698800001144409,5.933615783129699,6.555326737704786,7.535979855119387,13.271159009406762,-0.43683611301885605,-0.3602274545526326,-0.07660865846622344,7.029937083072649,6.037000036239624,5.044062989406599,0.272585747752307,16.704874767213763,20.565648924273706,110071031.0,-142.1753262959478,-89.67739970577612,9.128506365407269,-0.30003616407094047,3994379520,9.267326,1.01,0.9423135,
2026-01-23,5.239999771118164,5.239999771118164,4.949999809265137,4.960000038146973,1745041,0,5.9475000381469725,6.65,5.840890474083725,6.492764906349578,7.510348215149512,11.968054852626656,-0.4603440315676339,-0.3802507699556329,-0.08009326161200103,6.9887468820091705,5.9475000381469725,4.9062531942847745,0.2738296201880727,11.447205575359966,16.19021551271387,108325990.0,-134.5932671011192,-99.35482402249933,9.122035391979916,-0.32816146834901566,3994379520,9.267326,1.01,0.9423135,
2026-01-27,5.010000228881836,5.050000190734863,4.889999866485596,4.960000038146973,1127381,0,5.85750002861023,6.6,5.7569961468516535,6.432656480145554,7.484971616373367,11.968054852626652,-0.47351583064069125,-0.39890378209264454,-0.0746120485480467,6.913338520519715,5.85750002861023,4.8016615367007445,0.26569895619244377,10.092242365925399,12.748107569499775,108325990.0,-130.5397653110078,-95.59747390291476,9.117780405698433,-0.3217253568427136,3994379520,9.267326,1.01,0.9423135,
2026-01-28,5.0,5.099999904632568,4.929999828338623,4.980000019073486,1430875,0,5.780000019073486,6.553000001907349,5.682996515634685,6.375689560103512,7.46004652585297,13.284713971815949,-0.4768439843631578,-0.4144918225467472,-0.06235216181641057,6.854392810230439,5.780000019073486,4.705607227916533,0.2588633219139796,10.719775366121732,10.753074435802432,109756865.0,-113.9319991867001,-94.33961358799834,9.1124400889312,-0.3038524648247012,3994379520,9.267326,1.01,0.9423135,
2026-01-29,5.050000190734863,5.050000190734863,4.849999904632568,4.880000114440918,1053974,0,5.701000022888183,6.501600008010865,5.606520667901946,6.317035072038313,7.43437442225683,12.294564224483015,-0.4819945930980234,-0.42799237665700246,-0.054002216441020934,6.7959319077927445,5.701000022888183,4.606068137983622,0.2546588193560021,12.485380272982665,11.099132668343332,108702891.0,-113.08432005831382,-98.08915881986157,9.108442073845595,-0.3360499018664322,3994379520,9.267326,1.01,0.9423135,
2026-01-30,4.869999885559082,5.050000190734863,4.809999942779541,4.900000095367432,815295,0,5.629000020027161,6.453400011062622,5.5392329943272305,6.261465072953181,7.409156767262906,13.6802775303552,-0.4789417143622785,-0.4381822441980577,-0.040759470164220823,6.735704937590594,5.629000020027161,4.522295102463728,0.25361177854166783,16.175746213583533,13.126967284229375,109518186.0,-102.23560254513069,-93.47825035330867,9.10534974730011,-0.36402129907620645,3994379520,9.267326,1.01,0.9423135,
2026-02-02,4.949999809265137,5.099999904632568,3.920000076293945,4.960000038146973,1714459,0,5.556500029563904,6.397600011825562,5.484067950881491,6.2104272284509765,7.384787048565235,17.872473329445793,-0.466305512346306,-0.4438068978277073,-0.022498614518598692,6.638761933710246,5.556500029563904,4.474238125417562,0.3197823535271646,38.57752942020851,22.412885302258303,111232645.0,-122.17670702479016,-49.999999999999986,9.098458824848839,-0.292659828622647,3994379520,9.267326,1.01,0.9423135,
2026-02-03,5.5,5.5,4.96999979019165,5.010000228881836,679398,0,5.486000037193298,6.343400020599365,5.4389186440243815,6.163351659840422,7.361157328966395,21.30250356134706,-0.4471027119350417,-0.4444660606491742,-0.002636651285867486,6.516541532601419,5.486000037193298,4.455458541785177,0.3355121826932977,59.35107798976253,38.034784541184926,111912043.0,-48.723354496403445,-44.949487773341474,9.09604098128309,-0.3148299880519927,3994379520,9.267326,1.01,0.9423135,
2026-02-04,4.949999809265137,5.389999866485596,4.949999809265137,5.28000020980835,896679,0,5.431500053405761,6.302000026702881,5.423783555051426,6.1287104265058305,7.340449297929997,36.68117467045502,-0.4054241352205681,-0.436657675563453,0.03123354034288489,6.381411007243553,5.431500053405761,4.4815890995679695,0.3429756023023806,81.06630651456926,59.664971308180164,112808722.0,-36.52205385664455,-27.27271568212961,9.092892199025567,-0.2805416319916762,3994379520,9.267326,1.01,0.9423135,
2026-02-05,5.300000190734863,5.380000114440918,5.199999809265137,5.309999942779541,479106,0,5.383500051498413,6.264400024414062,5.412947020549342,6.096604133026368,7.320245821759346,38.12791628502685,-0.3657566205181295,-0.4224774645543883,0.056720844036258766,6.252666807175683,5.383500051498413,4.514333295821143,0.3313345096504806,81.0126653588854,73.81001662107246,113287828.0,-16.890178992469092,-25.66845178870043,9.09125077161042,-0.24808927984136928,3994379520,9.267326,1.01,0.9423135,
2026-02-06,5.369999885559082,5.480000019073486,5.230000019073486,5.420000076293945,345556,0,5.338500046730042,6.227800025939941,5.413618740144066,6.070070640605489,7.3013379038940185,43.24824591495728,-0.32173497731685785,-0.4023289671068822,0.08059398979002436,6.094946213226305,5.338500046730042,4.5820538802337785,0.3255249018183034,89.66245158694234,83.91380782013239,113633384.0,5.771299913871749,-14.772715265591557,9.090092711040361,-0.2310153236691527,3994379520,9.267326,1.01,0.9423135,
2026-02-09,5.440000057220459,5.590000152587891,4.980000019073486,5.010000228881836,1844460,0,5.281000065803528,6.18120002746582,5.3751788819286155,6.028499251910444,7.278538524043151,32.46417537545898,-0.3162851309861514,-0.38512019988273605,0.06883506889658464,5.948529730419156,5.281000065803528,4.613470401187899,0.34584456122516777,64.09548444100604,78.25686712894465,111788924.0,-23.459033358718717,-35.119031906937266,9.08361899919248,-0.2533114921185948,3994379520,9.267326,1.01,0.9423135,
2026-02-10,5.139999866485596,5.170000076293945,4.949999809265137,4.980000019073486,1200767,0,5.233500075340271,6.1346000289916995,5.337542799751937,5.987381634936446,7.255667494142956,31.838580476470096,-0.31080409853528224,-0.3702569796132453,0.05945288107796304,5.842146872783569,5.233500075340271,4.624853277896974,0.33685568306828495,36.33310141630003,63.363679148082866,110588157.0,-55.19677454565026,-36.52695243392521,9.07924321896261,-0.2502122829341453,3994379520,9.267326,1.01,0.9423135,
2026-02-11,4.96999979019165,5.050000190734863,4.949999809265137,4.989999771118164,729175,0,5.195500063896179,6.091400022506714,5.304443463691578,5.9482686206690625,7.233123536699923,32.30683637519748,-0.30217021427493673,-0.35663962654558357,0.05446941227064683,5.763988380183797,5.195500063896179,4.627011747608561,0.3199374472398165,6.770860496893867,35.73314878473337,111317332.0,-60.52864425143596,-35.928164913695326,9.076566564037707,-0.2899679997703467,3994379520,9.267326,1.01,0.9423135,
2026-02-12,5.03000020980835,5.039999961853027,4.940000057220459,4.96999979019165,309184,0,5.15600004196167,6.0470000171661376,5.272591685263013,5.909905137120929,7.210604892456059,31.83576688188841,-0.29355767990812076,-0.344023237218091,0.050465557309970266,5.669201704330963,5.15600004196167,4.642798379592378,0.3042276227678702,5.184287937205702,16.096083283466594,111008148.0,-59.94201088544109,-37.12576850727704,9.075428965401105,-0.28232350715169985,3994379520,9.267326,1.01,0.9423135,
2026-02-13,5.039999961853027,5.039999961853027,4.909999847412109,4.980000019073486,479579,0,5.121000051498413,6.004200019836426,5.2447258122925815,5.8734382697465195,7.188409819089069,32.36679262261622,-0.2826668420756464,-0.3317519581896021,0.04908511611395572,5.578991312676634,5.121000051498413,4.663008790320192,0.29178280074451646,7.053157271714597,6.336101901938117,111487727.0,-57.09108798427849,-36.52695243392521,9.073662800412306,-0.283801509291868,3994379520,9.267326,1.01,0.9423135,
2026-02-16,5.019999980926514,5.050000190734863,4.920000076293945,4.96999979019165,590907,0,5.08650004863739,5.962600011825561,5.21856142923535,5.838009309763976,7.166336087458249,32.09750586902696,-0.27171059887467397,-0.3197436863266165,0.04803308745194251,5.475667177657708,5.08650004863739,4.6973329196170726,0.2802268945799737,12.66212062750006,8.299855278806847,110896820.0,-49.79715914752851,-37.12576850727704,9.071490504149747,-0.275641534850521,3994379520,9.267326,1.01,0.9423135,
2026-02-17,4.96999979019165,5.010000228881836,4.909999847412109,4.960000038146973,408359,0,5.053000044822693,5.919000015258789,5.193936534845981,5.803577573622133,7.144382494927789,31.81248484714639,-0.2608279315854567,-0.3079605353783845,0.04713260379292783,5.354801369393501,5.053000044822693,4.751198720251885,0.26735357221495604,23.02845113221636,14.247909677143733,110488461.0,-52.928461699190926,-37.72455602750693,9.069983307079097,-0.28877522727875315,3994379520,9.267326,1.01,0.9423135,
2026-02-18,4.960000038146973,5.610000133514404,4.929999828338623,5.539999961853027,5753099,0,5.064000034332276,5.888800010681153,5.226894956465699,5.793241196690011,7.128418489623562,56.13999531531716,-0.20306142704230545,-0.28698071371116873,0.08391928666886328,5.415818184414083,5.064000034332276,4.712181884250469,0.296828338855015,49.59706489642837,28.42921221871499,116241560.0,147.3877119903368,-4.1420218515558,9.050921447102906,-0.03571148789914455,3994379520,9.267326,1.01,0.9423135,
2026-02-19,5.559999942779541,5.690000057220459,5.369999885559082,5.429999828338623,1143418,0,5.080000019073486,5.860000009536743,5.246238277596454,5.778996437146819,7.111518801451573,52.32698095078835,-0.1642636187256894,-0.26243729471407284,0.09817367598838345,5.466160582437638,5.080000019073486,4.693839455709334,0.2984834697697551,64.12698674138842,45.58416759001111,115098142.0,178.54567505087036,-14.689278626191719,9.047295664184277,-0.04248253676375912,3994379520,9.267326,1.01,0.9423135,
2026-02-20,5.429999828338623,6.199999809265137,5.090000152587891,5.880000114440918,5368590,0,5.118500018119812,5.836800012588501,5.306596547772117,5.782957365668157,7.0992648841678845,63.306619721368605,-0.09609706666632523,-0.22916924910452333,0.1330721824381981,5.639087196348117,5.118500018119812,4.5979128398915075,0.3564489116917188,77.28681574208161,63.670289126632866,120466732.0,213.37765527278887,-24.806178626901158,9.031450769334205,0.04946675737277986,3994379520,9.267326,1.01,0.9423135,
2026-02-23,6.190000057220459,7.050000190734863,5.940000057220459,7.050000190734863,14317992,0,5.223000025749206,5.838800020217896,5.472634989959046,5.832645319592341,7.098774688213327,77.69225108886776,0.051738238801540604,-0.17298775152331053,0.22472599032485113,6.20709561988104,5.223000025749206,4.238904431617373,0.41455970916330637,80.62015588737157,74.01131945694726,134784724.0,356.7567917632576,-0.0,9.001931572412747,0.42600638068569185,3994379520,9.267326,1.01,0.9423135,
2026-02-24,7.28000020980835,7.369999885559082,6.800000190734863,7.070000171661377,8515873,0,5.328500032424927,5.841400022506714,5.624765007264029,5.881169039281323,7.098488374615795,77.85209724176086,0.16856945109327626,-0.10467631099999317,0.27324576209326945,6.590391961973382,5.328500032424927,4.066608102876471,0.42566256528194296,87.63291713990715,81.84662958978684,143300597.0,303.1748750868208,-12.195110131936575,8.987687865343892,0.3541458039504795,3994379520,9.267326,1.01,0.9423135,
2026-02-25,7.03000020980835,7.400000095367432,6.949999809265137,7.190000057220459,3190142,0,5.439000034332276,5.843800020217896,5.7738350120217845,5.932495745867171,7.099398938621811,78.83217085338015,0.2677554977357506,-0.030189949252844406,0.297945446988595,6.926372300032753,5.439000034332276,3.9516277686317984,0.4274009739119681,92.87133969304688,87.04147090677526,146490739.0,230.87203754785358,-8.433735631930775,8.982683081147696,0.35773400137460015,3994379520,9.267326,1.01,0.9423135,
2026-02-26,7.070000171661377,7.309999942779541,7.0,7.139999866485596,3354488,0,5.552000021934509,5.846800022125244,5.903945950542147,5.979848848636521,7.099802927953789,77.2973204951415,0.33842539943136707,0.04353312048399789,0.2948922789473692,7.188271445535128,5.552000021934509,3.9157285983338896,0.41901518597393755,89.11953254553981,89.87459645949802,143136251.0,174.91499992877058,-10.441775220518014,8.977363186592548,0.3498734423750498,3994379520,9.267326,1.01,0.9423135,
2026-02-27,7.139999866485596,7.199999809265137,6.809999942779541,7.099999904632568,1922075,0,5.662000012397766,5.851200017929077,6.017855850931712,6.0237763410285226,7.099804887920742,76.02212965401694,0.3867459761740566,0.11217569162200963,0.27457028455204696,7.400742122833428,5.662000012397766,3.9232579019621046,0.4169426631533417,86.36856995245468,89.45314739701386,141214176.0,132.57806031476727,-12.048199231353898,8.97414066649306,0.36401581234514535,3994379520,9.267326,1.01,0.9423135,
2026-03-02,6.550000190734863,7.329999923706055,6.550000190734863,7.170000076293945,2836019,0,5.772500014305114,5.860800018310547,6.127583872394782,6.068726291431088,7.100503347506545,76.7451467394113,0.4257806756215263,0.17489668842191297,0.25088398719961336,7.597502800793045,5.772500014305114,3.9474972278171845,0.44287531099747385,80.37926400519196,85.28912216772888,144050195.0,110.48396839766052,-9.236947637348717,8.969356458745342,0.36321788180845394,3994379520,9.267326,1.01,0.9423135,
2026-03-04,7.170000076293945,7.260000228881836,6.920000076293945,7.130000114440918,5662917,0,5.878500008583069,5.8698000240325925,6.223052085922985,6.110344872725591,7.1007968476750465,75.34701163435169,0.4483203357744703,0.22958141789242442,0.21873891788204586,7.759449581368222,5.878500008583069,3.9975504357979164,0.4355270853967893,73.54283541859319,80.09688979208,138387278.0,100.67083686367921,-10.8433716481846,8.960293964040812,0.3648892373030994,3994379520,9.267326,1.01,0.9423135,
2026-03-05,7.25,7.289999961853027,6.949999809265137,7.230000019073486,2917610,0,5.9759999990463255,5.878200025558471,6.318951889080176,6.15425291768041,7.102082451370554,76.49966055247394,0.4688477503860762,0.27743468439115476,0.19141306599492142,7.923720809800206,5.9759999990463255,4.028279188292445,0.4287037330532965,76.11865300182079,76.68025080853539,141304888.0,91.2998855413267,-6.827311621094891,8.955792235408548,0.37632996787012274,3994379520,9.267326,1.01,0.9423135,
2026-03-06,7.21999979019165,7.590000152587891,6.869999885559082,7.519999980926514,8976240,0,6.0865000009536745,5.89120002746582,6.43333742163697,6.207811626043003,7.10624083474922,79.49394246032958,0.5027213884160826,0.32249202519614034,0.18022936321994226,8.119441546787538,6.0865000009536745,4.053558455119811,0.4495106283372617,82.8946672770593,77.5187185658245,150281128.0,91.55351376700214,-2.6119464063563096,8.94337765343602,0.4325323723710924,3994379520,9.267326,1.01,0.9423135,
2026-03-09,7.889999866485596,7.889999866485596,7.889999866485596,7.889999866485596,2057838,0,6.209999990463257,5.912000026702881,6.5720671782892195,6.273779792334869,7.11403943207993,82.54904673920478,0.5530472052258881,0.3686030612020899,0.18444414402379822,8.36256131647057,6.209999990463257,4.057438664455944,0.4438312895673917,93.48290301116515,84.16540776334848,152338966.0,115.40305871522135,-0.0,8.941540605994442,,3994379520,9.267326,1.01,0.9423135,
2026-03-10,8.279999732971191,8.279999732971191,8.279999732971191,8.279999732971191,1683420,0,6.373499965667724,5.9426000213623045,6.734727421592265,6.352455084124529,7.125641027113674,85.07341085401117,0.6172848321871127,0.41833941539909447,0.19894541678801825,8.630837157115302,6.373499965667724,4.116162774220148,0.439986187918692,97.75640467214849,91.37799165345773,154022386.0,125.91769882245522,-0.0,8.940598163080757,,3994379520,9.267326,1.01,0.9423135,
2026-03-11,8.6899995803833,8.6899995803833,7.900000095367432,7.940000057220459,5993640,0,6.521499967575073,5.9662000179290775,6.849515291652093,6.414711749736134,7.13374410204011,74.9010970524301,0.6334563910605251,0.4613628105313806,0.17209358052914447,8.782112999646117,6.521499967575073,4.260886935504028,0.4649871377113475,86.26374269373567,92.50101679234984,148028746.0,109.49281024296084,-20.83332339922429,8.936742902410154,,3994379520,9.267326,1.01,0.9423135,
2026-03-12,7.769999980926514,8.329999923706055,7.599999904632568,8.15999984741211,2049210,0,6.679999971389771,5.998800010681152,6.974323344581618,6.483154420233231,7.14395560199406,76.83151762673131,0.6564573803805036,0.5003817245012052,0.1560756558792984,8.933379672378495,6.679999971389771,4.426620270401047,0.4839166292372145,76.55678624976072,86.85897787188169,150077956.0,94.08023874620847,-14.722217144788711,8.935181083722126,,3994379520,9.267326,1.01,0.9423135,
2026-03-13,8.170000076293945,8.25,7.760000228881836,7.760000228881836,906289,0,6.81949999332428,6.02480001449585,7.049149714514972,6.533226804886118,7.150085399276525,66.7752924183307,0.635088301242682,0.5273230398495006,0.10776526139318143,8.975500698251391,6.81949999332428,4.663499288397168,0.4843511393715681,48.116430648708764,70.31231986406844,149171667.0,82.59822081206907,-33.81816410032864,8.934410870380644,,3994379520,9.267326,1.01,0.9423135,
2026-03-16,7.78000020980835,8.140000343322754,7.599999904632568,8.140000343322754,2417112,0,6.977500009536743,6.060800018310547,7.153040250591904,6.596237531883633,7.159935299217284,70.698922087843,0.641422071147165,0.5501428461090334,0.09127922503813157,9.031879532158879,6.977500009536743,4.923120486914607,0.4883260893228979,45.03313441759133,56.56878377202033,151588779.0,82.56516386115322,-25.700906258244384,8.932436688119259,,3994379520,9.267326,1.01,0.9423135,
2026-03-17,8.3100004196167,8.539999961853027,8.199999809265137,8.460000038146973,4757709,0,7.1520000219345095,6.101800022125244,7.277512611311435,6.66932625761945,7.172871266768823,73.53341438090581,0.6646018144355486,0.5730346397743364,0.09156717466121211,9.0838965115254,7.1520000219345095,5.220103532343621,0.48201705569485326,47.70646362438638,46.95200956356222,156346488.0,117.13695018384489,-10.747645225922836,8.930321807525397,,3994379520,9.267326,1.01,0.9423135,
2026-03-18,8.449999809265137,8.880000114440918,8.130000114440918,8.829999923706055,2709437,0,7.345500016212464,6.150000019073486,7.425368545825208,6.754058558250297,7.189360109126407,76.37873694722096,0.7047044325045446,0.599368598320378,0.10533583418416659,9.130050100585406,7.345500016212464,5.560949931839522,0.5011586945737923,74.84473113848014,55.86144306015268,159055925.0,125.4948157446134,-2.145931003093507,8.929606387435845,,3994379520,9.267326,1.01,0.9423135,
2026-03-19,8.829999923706055,9.0,8.399999618530273,8.640000343322754,2277170,0,7.50050003528595,6.19540002822876,7.541047764634498,6.8280170596256875,7.203794340312441,72.09265615924893,0.7129363811889418,0.6220821548940908,0.09085422629485096,9.165342102901883,7.50050003528595,5.835657967670016,0.508218815066359,83.09286486266627,68.54801987517766,156778755.0,118.50323790965503,-14.693864681778319,8.929133816694177,,3994379520,9.267326,1.01,0.9423135,
2026-03-20,8.819999694824219,8.819999694824219,8.399999618530273,8.470000267028809,527686,0,7.652500057220459,6.239400033950806,7.629519431529194,6.892408557955221,7.216393404259867,68.39445983786779,0.6977000228619401,0.6372057284876607,0.060494294374279445,9.070200660982563,7.652500057220459,6.234799453458356,0.5019174765826152,77.50745169823124,78.48168256645927,156251069.0,98.47749420775834,-21.632643846211636,8.928973401619187,,3994379520,9.267326,1.01,0.9423135,
2026-03-23,8.109999656677246,8.6899995803833,8.050000190734863,8.050000190734863,625735,0,7.761000061035157,6.274000034332276,7.66956521812021,6.937804308260305,7.224687999150166,60.18071487028486,0.6443074280824428,0.6386260684066171,0.005681359675825726,8.929775514402646,7.761000061035157,6.592224607667668,0.5117804703730311,45.47620645185609,68.69217433758459,155625334.0,61.82525618556175,-44.60092761612328,8.928627438903884,,3994379520,9.267326,1.01,0.9423135,
2026-03-24,8.25,8.34000015258789,7.650000095367432,8.0600004196167,1176387,0,7.811500072479248,6.312000045776367,7.706749523024638,6.981811998901732,7.232999565522967,60.30295778415009,0.5959308273189103,0.6300870201890757,-0.03415619287016536,8.939600748635401,7.811500072479248,6.683399396323096,0.524510440862133,30.837758443143965,51.27380553107715,156801721.0,28.278528766095153,-44.13143332764711,8.927737210389836,,3994379520,9.267326,1.01,0.9423135,
2026-03-25,8.140000343322754,8.300000190734863,7.800000190734863,8.0600004196167,510569,0,7.8610000848770145,6.354600057601929,7.740392465557215,7.0240938977533,7.2412284297428045,60.30295778415009,0.5512376976344457,0.6143171556781497,-0.06307945804370396,8.940442623670686,7.8610000848770145,6.781557546083344,0.5227596950862664,20.246931022851115,32.186965305950444,156801721.0,28.789044449561658,-44.13143332764711,8.927366907025895,,3994379520,9.267326,1.01,0.9423135,
2026-03-27,8.0600004196167,8.09000015258789,7.800000190734863,7.889999866485596,559058,0,7.896000075340271,6.397400054931641,7.754640789455156,7.058050994566331,7.247683866924325,56.86138148217346,0.49637850406909845,0.5907294253563394,-0.09435092128724099,8.930609270771711,7.896000075340271,6.86139087990883,0.5061339998553207,27.084533680424453,26.056407715473227,156242663.0,7.192469907865072,-79.28571842154649,8.926903085636576,,3994379520,9.267326,1.01,0.9423135,
2026-03-30,7.840000152587891,7.900000095367432,7.5,7.53000020980835,2593709,0,7.9155000925064085,6.432800054550171,7.733246448536412,7.076558806928763,7.250492984763967,50.31298044377388,0.41902299799015363,0.5563881398831023,-0.13736514189294868,8.906145892855646,7.9155000925064085,6.924854292157171,0.4985530066776143,17.801410476757994,21.71095839334457,153648954.0,-41.736972091155245,-97.9999860127767,8.92414887130258,,3994379520,9.267326,1.01,0.9423135,
2026-04-01,7.889999866485596,7.900000095367432,7.599999904632568,7.900000095367432,443054,0,7.9555001020431515,6.477200059890747,7.749127748234605,7.108850622161652,7.256955742083404,55.93044927416509,0.38315730178497986,0.5217419722634778,-0.13858467047849798,8.873116055149694,7.9555001020431515,7.037884148936608,0.48937064088343346,23.550961739400986,22.812301965527862,154092008.0,-25.54705914909374,-73.33332697550456,8.923736984032875,,3994379520,9.267326,1.01,0.9423135,
2026-04-02,8.180000305175781,8.180000305175781,7.659999847412109,8.050000190734863,285127,0,7.999500107765198,6.525000066757202,7.777782266567963,7.145758448380209,7.2648467316222245,58.00338865700737,0.36265675194659064,0.4899249282001004,-0.12726817625350978,8.84369145493929,7.999500107765198,7.155308760591106,0.4915584849463076,39.630028232020585,26.994133482726568,154377135.0,-5.256726500648953,-63.33332061767578,8.923510578209392,,3994379520,9.267326,1.01,0.9423135,
2026-04-06,8.050000190734863,8.449999809265137,7.949999809265137,8.399999618530273,2179193,0,8.063000082969666,6.5804000568389895,7.837041061992944,7.194944376621388,7.2761417852233,62.44258318144743,0.37038240939652844,0.466016424439386,-0.09563401504285757,8.822871103068584,8.063000082969666,7.303129062870747,0.49216145030728564,70.36862624799551,44.51653873980573,156556328.0,50.98488634224995,-40.00002543131511,8.922329246775366,,3994379520,9.267326,1.01,0.9423135,
2026-04-07,8.399999618530273,8.819999694824219,8.300000190734863,8.819999694824219,1564783,0,8.142500066757203,6.650400047302246,7.930656169881637,7.258672036158754,7.291503555468085,66.95640065147761,0.40571867235201875,0.45395687402191254,-0.04823820166989379,8.869105075463194,8.142500066757203,7.41589505805121,0.49414988272029065,87.8289428072603,65.94253242909217,158121111.0,125.14140242925653,-12.000020345052084,8.92197370930398,,3994379520,9.267326,1.01,0.9423135,
2026-04-08,9.09000015258789,9.149999618530272,8.819999694824219,8.970000267028809,1642377,0,8.215000081062318,6.727600049972534,8.02964132199089,7.325782947173266,7.30820501528461,68.41635333693506,0.44074606165424246,0.45131471154837854,-0.010568649894136084,8.967582219634409,8.215000081062318,7.462417942490227,0.48242488564784514,94.37465248016129,84.19074051180574,159763488.0,180.99849160065784,-10.90905412825468,8.922052153773109,,3994379520,9.267326,1.01,0.9423135,
2026-04-09,8.800000190734863,9.350000381469728,8.529999732971191,8.640000343322754,1875922,0,8.252500104904176,6.798200054168701,8.087770752593926,7.377320884277168,7.32145671009096,61.93327747045758,0.4368416455508939,0.44842009834888163,-0.011578452797987748,9.011285242367022,8.252500104904176,7.4937149674413295,0.5065374401371803,82.12510438957064,88.10956655899746,157887566.0,129.94856218510552,-38.37837252676222,8.92192565113548,,3994379520,9.267326,1.01,0.9423135,
2026-04-10,8.880000114440918,9.06999969482422,8.399999618530273,9.0,2027504,0,8.288500118255616,6.879000053405762,8.17464972853736,7.440955359403554,7.338158633373637,65.74655464146235,0.4575222990447365,0.4502405384880526,0.007281760556683892,9.114436467930446,8.288500118255616,7.462563768580786,0.5182133427198065,73.79176537960676,83.43050741644628,159915070.0,109.44821067319475,-18.918935637822486,8.92176163810188,0.06610592534750698,3994379520,9.267326,1.01,0.9423135,
2026-04-13,8.869999885559082,9.100000381469728,8.75,8.90999984741211,562734,0,8.337000107765197,6.958000049591065,8.244683073192098,7.498564947168595,7.353798844458597,64.01994552468429,0.46133166155803274,0.45245876310204863,0.008872898455984102,9.188894339430437,8.337000107765197,7.485105876099958,0.5061981312019437,63.69445150474949,73.20377375797567,159352336.0,111.121355564078,-23.783807747545524,8.921760825134493,0.2458891830070622,3994379520,9.267326,1.01,0.9423135,
2026-04-15,8.90999984741211,9.350000381469728,8.90999984741211,9.25,2863078,0,8.391500115394592,7.043400049209595,8.340427542411899,7.567248674730611,7.372666517648064,67.49304968047123,0.4861813832599857,0.45920328713363606,0.02697809612634966,9.326535259562558,8.391500115394592,7.456464971226627,0.5014697314059205,74.18961010809488,70.55860899748376,162215414.0,135.94774286676065,-5.405424910792898,8.92234233511045,0.2540963565934176,3994379520,9.267326,1.01,0.9423135,
2026-04-16,9.399999618530272,9.710000038146973,9.170000076293944,9.550000190734863,2631289,0,8.481000113487244,7.136800050735474,8.455624937490276,7.645003636142542,7.394331529320569,70.22420534669612,0.5240416490023598,0.4721709595073808,0.05187068949497903,9.496340345022649,8.481000113487244,7.46565988195184,0.5042218907235712,78.45170748545621,72.11192303276691,164846703.0,162.523122483068,-7.23981197512852,8.923533171576752,0.29908605284292067,3994379520,9.267326,1.01,0.9423135,
2026-04-17,9.699999809265137,9.970000267028809,9.350000381469728,9.8100004196167,2212460,0,8.564500117301941,7.235000057220459,8.584613078645173,7.729905470788587,7.418368035691675,72.38933531437499,0.5684730247625716,0.49143137255841896,0.0770416522041526,9.719064527507872,8.564500117301941,7.409935707096011,0.512491747497536,89.02295291252365,80.5547568353583,167059163.0,173.3782556050439,-6.477725915575507,8.924951222476434,0.26130917938675846,3994379520,9.267326,1.01,0.9423135,
2026-04-20,9.8100004196167,10.100000381469728,9.529999732971191,9.619999885559082,1056150,0,8.622500109672547,7.328200054168701,8.683221345970308,7.80402682038743,7.44027482026747,68.47107290006502,0.5816488688691095,0.5094748718205571,0.07217399704855243,9.863545991057975,8.622500109672547,7.381454228287119,0.5165995261404647,80.67987466179135,82.71817835325713,166003013.0,154.12234448910198,-18.461554826361663,8.92566074693276,0.18631211361133668,3994379520,9.267326,1.01,0.9423135,
2026-04-21,9.84000015258789,10.0,9.710000038146973,9.75,2665826,0,8.668500113487244,7.423000049591065,8.784819313020755,7.880339494097727,7.463257160364311,69.6803255814376,0.5957137260148837,0.5267226426594224,0.06899108335546134,10.001680838022672,8.668500113487244,7.335319388951817,0.5068424253047827,74.94718844022422,81.5500053381798,168668839.0,139.58081007607436,-13.461551158384067,8.927597858125822,0.04527826018369885,3994379520,9.267326,1.01,0.9423135,
2026-04-22,9.899999618530272,9.979999542236328,9.3100004196167,9.640000343322754,961559,0,8.718500113487243,7.510200052261353,8.86626512543047,7.949345801910473,7.484916296513151,67.3272754218817,0.5911695391888596,0.5396120219653098,0.05155751722354984,10.117060421878358,8.718500113487243,7.319939805096128,0.518496475112986,61.856760244137,72.49460778205092,167707280.0,103.36391927029963,-18.39999801635786,8.928156598210995,0.06256330960129768,3994379520,9.267326,1.01,0.9423135,
2026-04-23,9.5,9.609999656677246,9.300000190734863,9.43000030517578,667113,0,8.766500115394592,7.5926000595092775,8.919954190168118,8.007410684391466,7.504270366251087,62.95635107494577,0.5641201642543106,0.54451365042311,0.0196065138312006,10.193262536153979,8.766500115394592,7.339737694635206,0.5057467377897649,45.7919578019839,60.865302162115114,167040167.0,73.55192417553468,-27.459013510122748,8.928437272593879,0.07065400702555759,3994379520,9.267326,1.01,0.9423135,
2026-04-24,9.43000030517578,9.5,8.960000038146973,8.970000267028809,969988,0,8.81250011920929,7.663600063323974,8.924720483202469,8.045159295475283,7.518854743373254,54.59530321299545,0.4998037544761509,0.5355716712337182,-0.0357679167575673,10.202750110334241,8.81250011920929,7.422250128084338,0.5081933966514265,22.55495658802974,43.40122487805028,166070179.0,37.30827198708722,-52.55813086980845,8.928606277562466,0.0593577932542387,3994379520,9.267326,1.01,0.9423135,
2026-04-27,9.010000228881836,9.1899995803833,8.8100004196167,9.010000228881836,675966,0,8.860000109672546,7.743600063323974,8.932842363743362,8.08299619482456,7.533692011885777,55.153054299001845,0.4469085158008994,0.5178390401471544,-0.07093052434625502,10.20845112492439,8.860000109672546,7.511549094420702,0.49903666551679615,11.311311937913962,26.552742109309264,166746145.0,17.78193984472889,-60.555557615962854,8.92864721019373,0.053956380193907506,3994379520,9.267326,1.01,0.9423135,
2026-04-28,9.0,9.199999809265137,8.800000190734863,8.829999923706055,449054,0,8.898500084877014,7.820600061416626,8.92304784564457,8.112290458702265,7.546590598073044,52.05424975661458,0.3860144039951461,0.49147411291675275,-0.10545970892160667,10.196410424455367,8.898500084877014,7.600589745298661,0.4919625907320445,6.742092343980219,13.536120289974704,166297091.0,6.024088662362462,-74.70587575312192,8.928652552311695,0.04015033888790603,3994379520,9.267326,1.01,0.9423135,
2026-04-29,8.699999809265137,9.18000030517578,8.699999809265137,9.0,659421,0,8.954000091552734,7.900800065994263,8.930376622249849,8.147102597576687,7.561052383166844,54.64604302652823,0.34746757713949705,0.4626728057613016,-0.11520522862180455,10.166805168667459,8.954000091552734,7.74119501443801,0.4911081553876587,17.4387078970346,11.830704059642992,166956512.0,1.780310737125688,-64.70587575312192,8.928669287941437,0.053014447492043336,3994379520,9.267326,1.01,0.9423135,
2026-04-30,8.850000381469727,9.029999732971191,8.850000381469727,8.949999809265137,193631,0,9.025000071525573,7.980400066375733,8.932245497203686,8.17858876274094,7.574872755565832,53.726137794847574,0.30931870809551576,0.43200198622814445,-0.12268327813262869,10.04734063819638,9.025000071525573,8.002659504854767,0.4688860979672163,22.253134551073895,15.477978264029636,166762881.0,-11.357422913269078,-67.6470621234391,8.928671586398657,0.14153406908105165,3994379520,9.267326,1.01,0.9423135,
2026-05-04,8.960000038146973,9.390000343322754,8.960000038146973,9.279999732971191,1464335,0,9.094000053405761,8.066400060653686,8.965364948229164,8.221781349808793,7.591839193151955,58.67112136220315,0.30222977374877225,0.40604754373227003,-0.10381776998349779,9.980575611640512,9.094000053405761,8.20742449517101,0.46682284340224495,49.424982300363894,29.70560824949086,168227216.0,23.36921376224329,-58.571450953571805,8.929004666051606,0.14615370583666865,3994379520,9.267326,1.01,0.9423135,
2026-05-05,9.199999809265137,9.31999969482422,8.899999618530273,8.989999771118164,711948,0,9.141000032424927,8.146800060272216,8.96771112183764,8.25190756240916,7.605751238703857,53.28244575967952,0.2700976513207518,0.3788575652499664,-0.10875991392921458,9.890237176084948,9.141000032424927,8.391762888764905,0.46347836003736653,52.44561163157982,41.37457616100593,167515268.0,-14.57783977862955,-79.2857254767859,8.929085780115212,0.12433146447237718,3994379520,9.267326,1.01,0.9423135,
2026-05-06,8.989999771118164,9.34000015258789,8.949999809265137,9.0600004196167,895507,0,9.174000072479249,8.228800067901611,8.976500578768979,8.283597478378084,7.620221379807468,54.37182612877629,0.24742897293035426,0.352571846786044,-0.10514287385568971,9.843698625293886,9.174000072479249,8.504301519664612,0.45822993027203707,59.420267821026336,53.76362058432341,168410775.0,-15.327930759342403,-74.2856811990679,8.929221420119644,0.05053522426998013,3994379520,9.267326,1.01,0.9423135,
2026-05-07,9.350000381469728,9.359999656677246,8.920000076293945,8.989999771118164,1312939,0,9.182500076293945,8.297800064086914,8.977786216135568,8.311299529073773,7.633851015541903,53.03987999195975,0.22126481165673795,0.32631043976018276,-0.10504562810344481,9.838179205203007,9.182500076293945,8.526820947384882,0.4569277624228416,40.042907765174796,50.63626240592705,167097836.0,-28.58231041671604,-79.2857254767859,8.92939169165086,-0.04181775093285308,3994379520,9.267326,1.01,0.9423135,
2026-05-08,9.239999771118164,9.390000343322754,9.199999809265137,9.279999732971191,1504979,0,9.198000049591064,8.374800062179565,9.006568455834199,8.349287772363867,7.650230604770055,57.666631074237884,0.2213781886795676,0.3053239895440597,-0.0839458008644921,9.847479938595288,9.198000049591064,8.54852016058684,0.45286153455010936,51.88356829988654,50.44891462869595,168602815.0,18.282918813264807,-58.571450953571805,8.929828920673508,-0.045386519644968364,3994379520,9.267326,1.01,0.9423135,
2026-05-11,9.279999732971191,9.34000015258789,8.960000038146973,9.0,515235,0,9.216000032424926,8.437200059890747,9.005942888611894,8.374805898937833,7.663661146016124,52.30793784112038,0.19660802743559813,0.2835807971223674,-0.08697276968676926,9.821058871035987,9.216000032424926,8.610941193813865,0.4476571473994528,41.29498490366347,44.40715365624167,168087580.0,-34.84134208844555,-76.92306563699199,8.929899528671193,-0.009223475273527664,3994379520,9.267326,1.01,0.9423135,
2026-05-12,8.850000381469727,9.449999809265137,8.850000381469727,9.220000267028809,1679663,0,9.227000045776368,8.480600061416625,9.026329305603982,8.407950776117872,7.679147107419235,55.78456777005009,0.19251053747825608,0.26536674519354514,-0.07285620771528906,9.823895509471823,9.227000045776368,8.630104582080913,0.45853873885630686,53.208615461600196,48.79572288838347,169767243.0,-21.074097001171047,-59.374955762168476,8.930228364315616,-0.058513221168167734,3994379520,9.267326,1.01,0.9423135,
2026-05-13,9.350000381469728,9.350000381469728,9.0,9.239999771118164,803157,0,9.24350004196167,8.524000053405763,9.04667887374819,8.440580148470824,7.694677979694846,56.097880867070046,0.18870180308030626,0.25003375677089734,-0.06133195369059108,9.822405188339713,9.24350004196167,8.664594895583628,0.4507859990429798,49.02495919858607,47.84285318794998,170570400.0,-19.20517997859294,-40.65933490113225,8.930400350014263,-0.044026730682103825,3994379520,9.267326,1.01,0.9423135,
2026-05-14,9.300000190734863,9.34000015258789,9.0,9.029999732971191,444412,0,9.232500028610229,8.560800046920777,9.045090384150381,8.463694641980641,7.707964763309536,51.93628071954769,0.16681516422027087,0.23339003826077204,-0.06657487404050116,9.818806427880332,9.232500028610229,8.646193629340125,0.44287272429618774,52.222195731243744,51.4852567971434,170125988.0,-39.532161629047344,-58.750019371504926,8.93046923621378,-0.13453537914584657,3994379520,9.267326,1.01,0.9423135,
2026-05-15,9.18000030517578,9.289999961853027,8.899999618530273,8.960000038146973,488477,0,9.203000020980834,8.597200050354004,9.036986541673866,8.483157598693046,7.72042282574573,50.58908052511787,0.1421824639397311,0.21514852339656385,-0.07296605945683274,9.78176091322841,9.203000020980834,8.624239128733258,0.43909612565522815,37.7777247958208,46.341626575216935,169637511.0,-56.67918692021761,-65.33330281575522,8.930516127592359,-0.21807278490528115,3994379520,9.267326,1.01,0.9423135,
2026-05-18,9.0,9.220000267028809,8.760000228881836,8.789999961853027,612564,0,9.151999998092652,8.631000051498413,9.013464010262357,8.495190632542457,7.731065384313961,47.37505950503928,0.10770176716156143,0.19365917214956335,-0.08595740498800192,9.685838994453706,9.151999998092652,8.618161001731599,0.4405892622617813,17.560334718375,35.853418415146585,169024947.0,-93.99960782043561,-87.99997965494792,8.93051259582799,-0.3222855118757023,3994379520,9.267326,1.01,0.9423135,
2026-05-19,8.850000381469727,9.09000015258789,8.710000038146973,8.819999694824219,294353,0,9.111999988555908,8.664000043869018,8.995038837363486,8.507928242828015,7.74190055158272,48.002863836365464,0.08185274676426779,0.17129788707250423,-0.08944514030823644,9.618778177041191,9.111999988555908,8.605221800070625,0.4362614659888625,13.289506921273457,22.87585547848982,169319300.0,-111.6377034597437,-84.00001525878906,8.930499088770352,-0.3026321206224123,3994379520,9.267326,1.01,0.9423135,
2026-05-20,9.0,9.239999771118164,8.699999809265137,9.119999885559082,1105563,0,9.080499982833862,8.703800039291382,9.00693988957259,8.53193105234688,7.755612982766564,53.922686112895555,0.08459950956843798,0.15395821157169098,-0.069358702003253,9.49457621691688,9.080499982833862,8.666423748750844,0.44367135855058853,29.053401294634302,19.967747644760987,170424863.0,-49.25609988705884,-43.99998982747396,8.930578426247724,-0.17633962186248656,3994379520,9.267326,1.01,0.9423135,
2026-05-21,9.119999885559082,9.390000343322754,8.770000457763672,8.989999771118164,4285146,0,9.047999954223632,8.739000034332275,9.005326544957883,8.549894531514383,7.767895438372053,51.20232943168632,0.07541705523375875,0.13824998030410454,-0.0628329250703458,9.373981621162724,9.047999954223632,8.722018287284541,0.4562662533369095,41.613787100382496,27.98556510543015,166139717.0,-23.592946321258992,-61.33333841959636,8.930987336306181,-0.20895697273039843,3994379520,9.267326,1.01,0.9423135,
2026-05-22,9.149999618530272,9.239999771118164,8.960000038146973,9.18000030517578,3606535,0,9.035499954223633,8.77220004081726,9.021962141169112,8.574604561854045,7.781946233066617,54.79208272406315,0.08252010876834959,0.12710400599695354,-0.04458389722860395,9.318234833722366,9.035499954223633,8.7527650747249,0.4436757875965011,59.073053194849194,43.24674719662206,169746252.0,43.33334494859346,-35.99993387858097,8.931549631163415,-0.08622442075714634,3994379520,9.267326,1.01,0.9423135,
2026-05-25,9.15999984741211,9.630000114440918,9.010000228881836,9.5600004196167,2599603,0,9.064999961853028,8.805600051879884,9.073203881973644,8.613247536668267,7.7996383145248265,60.97535120360249,0.11745817854408891,0.1251748405063806,-0.007716661962291704,9.426414012658453,9.064999961853028,8.703585911047602,0.4562703660223998,68.02244547722468,56.23642859081885,172345855.0,212.28372540728623,-7.526846435925412,8.932517911613404,0.040806713870258596,3994379520,9.267326,1.01,0.9423135,
2026-05-26,9.5600004196167,9.710000038146973,9.300000190734863,9.420000076293944,825921,0,9.085499954223632,8.828400058746338,9.10623209095653,8.644884891163391,7.815761317129494,57.83674036853369,0.132324636837863,0.12660479977267708,0.005719837065185918,9.477340661011612,9.085499954223632,8.693659247435653,0.4529653289788076,77.77517599327274,68.29022488844893,171519934.0,214.05483421771885,-28.712861003416403,8.932875021138251,0.025096522808188148,3994379520,9.267326,1.01,0.9423135,
2026-05-27,9.420000076293944,9.850000381469728,9.210000038146973,9.770000457763672,1848795,0,9.132499980926514,8.865000066757203,9.169448125890543,8.689007070245756,7.835206482707944,62.96862721121733,0.17038443217857235,0.13536072625385615,0.03502370592471621,9.607215963600517,9.132499980926514,8.657783998252512,0.46632497286051816,85.45096389807576,77.08286178952444,173368729.0,227.71519470365706,-6.956511643528471,8.933868286879223,0.09213785061677741,3994379520,9.267326,1.01,0.9423135,
2026-05-29,9.460000038146973,10.25,9.460000038146973,10.06999969482422,3752480,0,9.185999965667724,8.903200063705444,9.255214941979466,8.743163643758637,7.857443231087211,66.70893156217753,0.2221932202916097,0.15272722506140685,0.06946599523020286,9.807430705541066,9.185999965667724,8.564569225794383,0.48944461493141167,83.30874189613301,82.17829392916057,177121209.0,274.8455251578865,-11.61292148554126,8.936815394317856,0.14716048081702593,3994379520,9.267326,1.01,0.9423135,
2026-06-01,10.020000457763672,10.300000190734863,10.0,10.170000076293944,938979,0,9.246999979019165,8.951400060653686,9.342337335723702,8.799118013661982,7.8804537469599145,67.87376324778478,0.26822927308668554,0.1758276346664626,0.09240163842022295,9.991180190205986,9.246999979019165,8.502819767832344,0.47591287034594393,89.5205193808586,86.0934083916892,178060188.0,255.81392306266022,-8.125005215405285,8.937720828490955,0.14695829997621582,3994379520,9.267326,1.01,0.9423135,
2026-06-02,10.199999809265137,10.199999809265137,9.899999618530272,10.039999961853027,686489,0,9.284999990463257,8.989400053024292,9.408781395355065,8.847780050845945,7.901941768998652,64.70423302617317,0.29087028226603806,0.19883616418637767,0.09203411807966039,10.105719297562667,9.284999990463257,8.464280683363848,0.4633476789451526,84.03857678022864,85.62261268574015,177373699.0,175.49148993056426,-16.25001043081035,8.93832228234915,0.12459478633629242,3994379520,9.267326,1.01,0.9423135,
2026-06-03,9.960000038146973,10.100000381469728,9.800000190734863,9.880000114440918,644170,0,9.329500007629395,9.017800054550172,9.453659368601338,8.88825926902614,7.921623941590117,60.932814550856676,0.2925306830287706,0.21757506795485626,0.07495561507391435,10.177473579480873,9.329500007629395,8.481526435777917,0.45168000121584634,75.84571036177316,83.1349355076202,176729529.0,123.25660384316923,-26.249998509884232,8.938825025776781,0.1285697792486376,3994379520,9.267326,1.01,0.9423135,
2026-06-04,9.710000038146973,10.369999885559082,9.710000038146973,10.369999885559082,1729123,0,9.394999980926514,9.048600053787231,9.540929894025885,8.946366744184294,7.94598589128135,67.23198252240901,0.32958618464969724,0.23997729129382445,0.0896088933558728,10.345736635398952,9.394999980926514,8.444263326454076,0.4665599902298651,79.20488654485304,79.69639122895167,178458652.0,141.2079480133049,-0.0,8.940476522341074,0.19637261275271437,3994379520,9.267326,1.01,0.9423135,
2026-06-05,10.199999809265137,10.739999771118164,10.100000381469728,10.59000015258789,3791167,0,9.475,9.087600049972535,9.640841347222267,9.010822956278552,7.972294490896341,69.60188124374386,0.3724121837493062,0.26646426978492077,0.10594791396438541,10.53853195627382,9.475,8.41146804372618,0.478948518759763,82.30160492238798,79.11740060967145,182249819.0,164.89161979704477,-7.352922614470137,8.945055477554165,0.2717094143626173,3994379520,9.267326,1.01,0.9423135,
2026-06-08,10.579999923706056,10.789999961853027,10.15999984741211,10.210000038146973,1047119,0,9.52150001525879,9.122400045394897,9.695046936834144,9.057849508508687,7.994560217734656,61.348552518678524,0.3714079040144025,0.28745299663081714,0.08395490738358535,10.627344130279626,9.52150001525879,8.415655900237953,0.48973791845127407,77.24440867702286,79.58363338142135,181202700.0,127.02779770047877,-27.751190495746336,8.946241342549772,0.2553406984223542,3994379520,9.267326,1.01,0.9423135,
2026-06-09,10.220000267028809,10.4399995803833,9.81999969482422,10.010000228881836,593958,0,9.57200002670288,9.161600046157837,9.725042488457733,9.095188752444889,8.014614347198806,57.48494649993305,0.35043410571645417,0.3000492184479445,0.05038488726850965,10.670191376451095,9.57200002670288,8.473808676954667,0.49904234467326025,53.17034114392536,70.90545158111213,180608742.0,74.69947618679919,-37.320558661461156,8.946774773920902,0.2602732585787264,3994379520,9.267326,1.01,0.9423135,
2026-06-10,10.0,10.170000076293944,9.539999961853027,9.68000030517578,889345,0,9.59500002861023,9.194000043869018,9.720752756716594,9.118122538826492,8.031185351755791,51.699417139360385,0.30368331136155113,0.30077603703066585,0.002907274330885279,10.681950021102422,9.59500002861023,8.508050036118037,0.5083964710852357,28.424708144437435,52.946485988461944,179719397.0,29.49727206422214,-54.95049154369231,8.947367862176524,0.23831902284406062,3994379520,9.267326,1.01,0.9423135,
2026-06-11,9.649999618530272,10.050000190734863,9.199999809265137,9.829999923706056,3476017,0,9.624500036239624,9.229400033950805,9.73115724881083,9.146039299017847,8.049084004213007,53.967279091206834,0.27556019918435304,0.2957328694614033,-0.020172670277050275,10.70330457736529,9.624500036239624,8.545695495113957,0.5327967503984136,26.200156590342818,35.93173529290193,183195414.0,11.58453029657556,-52.459020665028824,8.949396959984236,0.2603438089439418,3994379520,9.267326,1.01,0.9423135,
2026-06-12,9.90999984741211,10.300000190734863,9.850000381469728,10.130000114440918,866590,0,9.67950005531311,9.274200038909912,9.769142283632743,9.18462599766189,8.069789637150599,58.19501963397645,0.27431777381429256,0.2914498503319812,-0.01713207651768861,10.743520343303954,9.67950005531311,8.615479767322265,0.5283112873005845,36.437750662774484,30.354205132518302,184062004.0,64.47098541211966,-37.07864867543726,8.95017217753795,0.2740725451756252,3994379520,9.267326,1.01,0.9423135,
2026-06-15,10.140000343322754,10.289999961853027,9.630000114440918,9.989999771118164,1871912,0,9.73100004196167,9.323400030136108,9.790176330059925,9.21620928289547,8.088896205647789,55.62744516676549,0.25905011659189725,0.2849699035839644,-0.02591978699206715,10.749467586127645,9.73100004196167,8.712532497795694,0.5377176130228363,53.940970208386226,38.859625820501236,182190092.0,41.1887127536036,-50.31447257616798,8.951662859371813,0.2777151008610731,3994379520,9.267326,1.01,0.9423135,
2026-06-16,9.989999771118164,10.479999542236328,9.850000381469728,10.199999809265137,1152977,0,9.801500034332275,9.369400024414062,9.829207137603278,9.254789303537418,8.109902211653932,58.57951968611147,0.26088827860212227,0.280153578587596,-0.019265299985473716,10.741867552388761,9.801500034332275,8.861132516275788,0.5443091521473908,66.77509400626879,52.384604959143225,183343069.0,68.61246345799,-37.10692427466777,8.952764753635547,0.29189854112500113,3994379520,9.267326,1.01,0.9423135,
2026-06-17,10.300000190734863,10.710000038146973,10.020000457763672,10.380000114440918,4378429,0,9.87950005531311,9.416000022888184,9.881663611587815,9.298915217690496,8.132490250487633,60.97604860848666,0.2737143469306833,0.27886573225621347,-0.005151385325530167,10.736365821445649,9.87950005531311,9.022634289180573,0.5547156113070987,73.32680204341278,64.680955419356,187721498.0,96.71356841966588,-25.786151450664452,8.957589352700696,0.2700021760677607,3994379520,9.267326,1.01,0.9423135,
2026-06-18,10.529999732971191,10.850000381469728,10.199999809265137,10.579999923706056,3733976,0,9.952500057220458,9.4596000289917,9.948171831789551,9.349153833612675,8.156843580569408,63.502830478630415,0.29659840978554364,0.2824122677620795,0.014186142023464132,10.7865713081388,9.952500057220458,9.118428806302116,0.5615216799426339,78.04651326965758,72.71613643977979,191455474.0,124.8741363375532,-16.36365843212527,8.96217971020067,0.2538037026649277,3994379520,9.267326,1.01,0.9423135,
2026-06-19,10.600000381469728,11.0,10.300000190734863,10.90999984741211,1651482,0,10.048500061035156,9.501400032043456,10.03977449994408,9.410363481212652,8.184238170289236,67.26872673189511,0.33747226024056687,0.29342426625777696,0.04404799398278991,10.858987974685173,10.048500061035156,9.23801214738514,0.5714129748942413,83.14838958618911,78.17390163308657,193106956.0,154.66215425996566,-5.000007947285128,8.964448701800862,0.33212043878128195,3994379520,9.267326,1.01,0.9423135,
2026-06-22,10.859999656677246,11.100000381469728,10.5,10.649999618530272,1841884,0,10.122000026702882,9.535000019073486,10.09789117790467,9.458976663068245,8.208773110072729,61.85348423207048,0.3449093355268289,0.30372128011158733,0.041188055415241565,10.868179399714439,10.122000026702882,9.375820653691324,0.5734549325067759,78.43313466465878,79.87601250683524,191265072.0,149.27282637828972,-23.684243548269873,8.966991441667071,0.2696013447862712,3994379520,9.267326,1.01,0.9423135,
2026-06-23,10.600000381469728,10.979999542236328,10.399999618530272,10.520000457763672,1394514,0,10.170000028610229,9.572600021362305,10.138092061700766,9.500585439330811,8.23177039711443,59.28372923682157,0.3364352097722705,0.310264066043724,0.02617114372854651,10.88838698069629,10.170000028610229,9.451613076524168,0.5739224318781532,67.90896125979036,76.49682850354617,189870558.0,111.94185133275211,-30.52630258069218,8.968786118633329,0.202104315340318,3994379520,9.267326,1.01,0.9423135,
2026-06-24,10.5,10.800000190734863,10.350000381469728,10.529999732971191,671068,0,10.225500011444092,9.603200016021729,10.175416601821759,9.540954627316708,8.254638350705044,59.42337127138371,0.32675958095237867,0.3135631690254549,0.013196411926923779,10.871393804789639,10.225500011444092,9.579606218098546,0.5650708159772233,48.98762446972365,65.10990679805768,190541626.0,84.02303145599255,-30.000025096685043,8.969610388491187,0.20858519767014852,3994379520,9.267326,1.01,0.9423135,
2026-06-25,10.850000381469728,10.850000381469728,10.329999923706056,10.380000114440918,426566,0,10.255999994277953,9.632600021362304,10.194900745880727,9.573858371909814,8.275786228951171,56.303818477696154,0.30348942263862533,0.311548419748089,-0.008058997109463673,10.869788137007587,10.255999994277953,9.64221185154832,0.5618515046762553,30.987640841133782,49.294742190216006,190115060.0,66.01025735709791,-37.894739483861635,8.970120727126854,0.16822094057634823,3994379520,9.267326,1.01,0.9423135,
2026-06-29,10.34000015258789,10.789999961853027,10.3100004196167,10.399999618530272,411233,0,10.272499990463256,9.65560001373291,10.21443397184735,9.606256067855714,8.296922680588773,56.630730517474795,0.2833946502388116,0.30591766584623353,-0.022523015607421926,10.883134775532566,10.272499990463256,9.661865205393946,0.5560049359305462,19.35297572222213,33.10941367769326,190526293.0,54.846032947662245,-36.8421343224775,8.970606058812944,0.11425813728233578,3994379520,9.267326,1.01,0.9423135,
2026-06-30,10.359999656677246,10.850000381469728,10.270000457763672,10.739999771118164,1442427,0,10.300999975204467,9.679400005340575,10.26448785749219,9.650716605238555,8.32123190537016,61.8554660268545,0.2915438333201692,0.3030428993410207,-0.01149906602085149,10.942276675792577,10.300999975204467,9.659723274616358,0.557718863628797,29.196488012228965,26.5123681918617,191968720.0,76.40560784039843,-18.947394838615843,8.972439338970743,0.13604916660801686,3994379520,9.267326,1.01,0.9423135,
2026-07-01,10.84000015258789,10.84000015258789,10.479999542236328,10.520000457763672,324992,0,10.325,9.693600006103516,10.28882239085138,9.684806168082677,8.343110199423826,57.06498822575724,0.27705628129785254,0.29784557573238707,-0.020789294434534533,10.961317407301392,10.325,9.688682592698607,0.5435961312518517,40.230976634452894,29.59348012296807,191643728.0,68.70599453538561,-30.52630258069218,8.972850162216902,0.13116886298467023,3994379520,9.267326,1.01,0.9423135,
2026-07-02,10.350000381469728,10.600000381469728,10.300000190734863,10.359999656677246,165200,0,10.348999977111816,9.70840000152588,10.295601178072891,9.711284344105993,8.363178751237292,53.801509934494305,0.24978470191965307,0.2882334009698403,-0.03844869905018722,10.951690497024984,10.348999977111816,9.746309457198649,0.526196421214924,41.60591033180338,37.011124992828485,191478528.0,17.229962540785564,-50.340176215626435,8.973034311528298,0.1394651186994708,3994379520,9.267326,1.01,0.9423135,
2026-07-03,10.359999656677246,10.489999771118164,9.90999984741211,10.06999969482422,733490,0,10.333999967575073,9.714799995422362,10.274115322525398,9.72535161276161,8.380162044208307,48.39886260545916,0.20243763049922947,0.27107424687571813,-0.06863661637648866,10.948667271017507,10.333999967575073,9.719332664132638,0.5300395285357191,25.2139366467583,35.68360787100493,190745038.0,-52.75275898977864,-70.06806119344202,8.973702674177735,0.07728744870292878,3994379520,9.267326,1.01,0.9423135,
2026-07-06,10.0,10.239999771118164,9.899999618530272,9.90999984741211,413459,0,10.299999952316284,9.72019998550415,10.239437658228894,9.732592720002806,8.395384310906852,45.67374595317357,0.15027184448739916,0.24691376639805435,-0.09664192191065518,10.929316956063266,10.299999952316284,9.670682948569302,0.5164652873965886,11.19700360697356,26.00561686184515,190331579.0,-78.95619452887864,-95.20004272460952,8.974034541641513,-0.0006465349370764156,3994379520,9.267326,1.01,0.9423135,
2026-07-07,9.989999771118164,10.0,9.699999809265137,9.8100004196167,238197,0,10.27999997138977,9.727799987792968,10.198538873599162,9.735628316066096,8.40946009308307,44.00602008789386,0.09971155243761487,0.21747332360596644,-0.11776177116835157,10.94395765509853,10.27999997138977,9.616042287681012,0.501003494777894,9.241026319833303,15.217322191188458,190093382.0,-107.12579834635056,-92.14281675768578,8.974192646554338,0.029973316211674244,3994379520,9.267326,1.01,0.9423135,
2026-07-08,10.039999961853027,10.039999961853027,9.449999809265137,9.539999961853027,332009,0,10.25649995803833,9.739199981689453,10.135820882004293,9.727956615900878,8.420709246006153,39.782260784411804,0.03742397596803215,0.18146345407837958,-0.14403947811034742,10.986959288787064,10.25649995803833,9.526040627289595,0.5073603989071794,6.175974866027038,8.871334930944704,189761373.0,-128.94667304723254,-94.54544718929156,8.974372058992053,0.030240264449783734,3994379520,9.267326,1.01,0.9423135,
2026-07-09,9.6899995803833,10.010000228881836,9.600000381469728,9.800000190734863,233703,0,10.262499952316285,9.754999980926513,10.10383795902625,9.730781854129662,8.434433534013404,45.2335083159178,0.008937443135222267,0.14695825188974812,-0.13802080875452585,10.975686373746187,10.262499952316285,9.549313530886382,0.5046918180587243,17.04305127991144,10.820017488590665,189995076.0,-102.25072817869048,-78.78786302467243,8.974521061328542,0.049968671814079664,3994379520,9.267326,1.01,0.9423135,
2026-07-10,9.5,10.18000030517578,9.5,9.75,464761,0,10.258499956130981,9.773399982452393,10.070139105785655,9.731535506908891,8.447523747605311,44.40107857060501,-0.01747153590221373,0.11407229433135574,-0.13154383023356947,10.98216483513875,10.258499956130981,9.534835077123212,0.5172138528527996,26.484896640235984,16.567974262058225,189530315.0,-104.20505742431108,-81.8181765637797,8.974819602636707,-0.022528220589994093,3994379520,9.267326,1.01,0.9423135,
2026-07-13,9.739999771118164,9.899999618530272,9.40999984741211,9.529999732971191,482591,0,10.228499937057496,9.783999977111817,10.018697260755706,9.723632143225059,8.458294652932334,40.83979088868189,-0.05551310447341784,0.08015521457040102,-0.13566831904381887,11.017759669780238,10.228499937057496,9.439240204334753,0.5152699898717541,29.070995015587815,24.19964764524515,189047724.0,-130.45652906416996,-92.35669370161773,8.975056427536629,-0.04339591921243435,3994379520,9.267326,1.01,0.9423135,
2026-07-14,9.56999969482422,9.800000190734863,9.210000038146973,9.420000076293944,820773,0,10.199999952316285,9.793399982452392,9.961678481283158,9.711725003345407,8.467863861124988,39.14901075927635,-0.09346002563054157,0.0454321665302125,-0.13889219216075407,11.059674232678866,10.199999952316285,9.340325671953703,0.5206078586371924,25.069527829216096,26.875139828346704,188226951.0,-141.33945551336092,-87.19512230579805,8.975372650755363,-0.06461611037306188,3994379520,9.267326,1.01,0.9423135,
2026-07-15,9.420000076293944,9.68000030517578,9.109999656677246,9.229999542236328,379848,0,10.151499938964843,9.792399978637695,9.891994772802509,9.692833808792109,8.475447300738036,36.34969091265712,-0.1372821856570372,0.00888929609276256,-0.14617148174979977,11.109524480533425,10.151499938964843,9.193475397396261,0.5241359150558595,16.149603248178458,23.43004203099419,187847103.0,-140.892776370785,-93.1034577256631,8.975479000490319,-0.08399125288283499,3994379520,9.267326,1.01,0.9423135,
2026-07-16,9.199999809265137,9.6899995803833,9.199999809265137,9.460000038146973,420944,0,10.105499935150146,9.801799983978272,9.850852417121029,9.683703072688377,8.48524384538887,41.777004440302505,-0.1517036995577783,-0.023229303037345612,-0.1284743965204327,11.102765685776115,10.105499935150146,9.108234184524177,0.5216976190603099,21.858238162612754,21.025789746669172,188268047.0,-107.59100543430438,-79.8850439265496,8.975632326826776,-0.11396066933527944,3994379520,9.267326,1.01,0.9423135,
2026-07-17,9.81999969482422,9.81999969482422,8.989999771118164,9.40999984741211,905348,0,10.04699993133545,9.80879997253418,9.808866458101132,9.672969612873622,8.494445397647809,40.959358818820036,-0.1652624085750105,-0.051635924144878595,-0.11362648443013192,11.063151495900046,10.04699993133545,9.030848366770853,0.5437192122492918,30.02636475191285,22.678068720901422,187362699.0,-101.37055426269217,-77.41935814663202,8.975931665378296,-0.18254521540906743,3994379520,9.267326,1.01,0.9423135,
2026-07-20,9.59000015258789,9.739999771118164,9.029999732971191,9.699999809265137,1092402,0,9.986499929428101,9.822999973297119,9.798498205831038,9.67402962057525,8.506440963932558,47.39069678146951,-0.15086809636291498,-0.07148235858848587,-0.07938573777442912,10.931513710892446,9.986499929428101,9.041486147963756,0.5555964140991261,54.8021132036633,35.562238706063034,188455101.0,-81.39073517194078,-61.621627473237844,8.976362067940109,-0.20979387201578745,3994379520,9.267326,1.01,0.9423135,
2026-07-21,9.729999542236328,9.739999771118164,9.5,9.630000114440918,1056955,0,9.935499954223634,9.829999980926514,9.782450768555789,9.672302973275865,8.517620656972442,46.08572950175724,-0.14345522801904131,-0.08587693247459696,-0.05757829554444435,10.841049021587512,9.935499954223634,9.029950886859755,0.5330537967433431,69.6015085325309,51.47666216270242,187398146.0,-55.88350727992665,-60.24844095040425,8.976885742521738,-0.1417583635791522,3994379520,9.267326,1.01,0.9423135,
2026-07-22,9.93000030517578,9.93000030517578,9.210000038146973,9.40999984741211,1063331,0,9.879999923706055,9.838199977874757,9.746979252256391,9.662016576183168,8.52650005190219,42.156703389259214,-0.1535624866234997,-0.0994140433043775,-0.05414844331912219,10.771403314196483,9.879999923706055,8.988596533215627,0.5464071160494476,69.11049903857167,64.50470692492202,186334815.0,-67.19092961055094,-71.99999491373698,8.977324932664066,-0.11709390549900746,3994379520,9.267326,1.01,0.9423135,
2026-07-23,9.279999732971191,9.579999923706056,9.100000381469728,9.270000457763672,927030,0,9.81699995994568,9.839199981689454,9.701552700399942,9.646643395068677,8.533898065890861,39.82961856600206,-0.17089932160893717,-0.11371109896528944,-0.05718822264364773,10.693723372501585,9.81699995994568,8.940276547389773,0.5416637179199391,50.52553538277624,63.07918098462633,185407785.0,-94.77318550409296,-77.59994506835938,8.97756547413162,-0.12570304230134982,3994379520,9.267326,1.01,0.9423135,
2026-07-24,9.109999656677246,9.529999732971191,9.109999656677246,9.210000038146973,786350,0,9.758499956130981,9.83859998703003,9.654738161137754,9.629520126169787,8.54062544869938,38.84006713251815,-0.187321099625537,-0.12843309909733897,-0.05888800052819804,10.633286150900236,9.758499956130981,8.883713761361726,0.5329734578037967,31.48938171803577,50.37513871312796,184621435.0,-95.662548027447,-81.51259089954685,8.977749214662747,-0.12744675274517503,3994379520,9.267326,1.01,0.9423135,
2026-07-27,9.229999542236328,9.4399995803833,9.079999923706056,9.260000228881836,606017,0,9.70149998664856,9.843199996948242,9.617144072351476,9.615029149805553,8.547783406711146,40.173970780941545,-0.19406383243319247,-0.14155924576450968,-0.052504586668682796,10.549822409266637,9.70149998664856,8.853177564030483,0.5206181862947572,23.654602782222522,35.22317329434491,185227452.0,-93.85463174600112,-77.31089608480802,8.977879866723782,-0.10558082357048083,3994379520,9.267326,1.01,0.9423135,
2026-07-28,9.420000076293944,9.420000076293944,9.0,9.279999732971191,795414,0,9.628499984741211,9.849599990844727,9.585035087648592,9.601890741302244,8.555069141300798,40.73079588274398,-0.19553964462085816,-0.15235532553577938,-0.043184319085078776,10.348340983784823,9.628499984741211,8.908658985697599,0.5134311784375563,23.761335489851685,26.301773330036724,186022866.0,-96.53611134477845,-75.63026624331022,8.978034975931314,-0.1626323951230127,3994379520,9.267326,1.01,0.9423135,
2026-07-29,9.220000267028809,9.4399995803833,9.220000267028809,9.380000114440918,294638,0,9.571499967575074,9.861399993896484,9.565507947343098,9.593189148091996,8.563277409690253,43.55949422780691,-0.18649029730453925,-0.15918231988953135,-0.0273079774150079,10.170307845365828,9.571499967575074,8.972692089784319,0.49247175950305166,38.93375166851155,28.783229980195316,186317504.0,-67.9750504494815,-67.22687661383254,8.978117868652689,-0.13137245455302446,3994379520,9.267326,1.01,0.9423135,
2026-07-30,9.25,9.380000114440918,9.140000343322754,9.210000038146973,207819,0,9.51399998664856,9.86920000076294,9.531650051229182,9.578162124172584,8.569712460719673,40.05929336100527,-0.19083636691999395,-0.16551312929562387,-0.025323237624370082,10.011127707793285,9.51399998664856,9.016872265503835,0.47443804604698825,45.082475562668606,35.92585424034401,186109685.0,-92.39401348393257,-76.59572957058298,8.978159926832742,-0.12989323684022686,3994379520,9.267326,1.01,0.9423135,
2026-07-31,9.119999885559082,9.399999618530272,8.989999771118164,9.300000190734863,776291,0,9.475500011444092,9.872800006866456,9.509588159753532,9.567253813057379,8.57697900529694,42.68506386335347,-0.18488713445306715,-0.16938793032711252,-0.015499204125954624,9.909710819922491,9.475500011444092,9.041289202965693,0.4698353175730682,58.00964991157529,47.34195904758521,186885976.0,-93.90658075087649,-67.02125069242797,8.978309020113633,-0.07037238897836444,3994379520,9.267326,1.01,0.9423135,
2026-08-03,9.34000015258789,9.4399995803833,9.149999618530272,9.220000267028809,253814,0,9.441000032424927,9.877400016784668,9.482008360446416,9.55363602693861,8.583377226806709,40.96714891899658,-0.18450083928940053,-0.17241051211957012,-0.012090327169830412,9.839843403158588,9.441000032424927,9.042156661691267,0.4569899350216368,53.20764099441414,52.09992215621941,186632162.0,-75.268854015026,-75.53187603864201,8.978365470013662,-0.05005470816299312,3994379520,9.267326,1.01,0.9423135,
2026-08-04,9.369999885559082,9.369999885559082,9.140000343322754,9.270000457763672,229174,0,9.414000034332275,9.879200019836425,9.461817131619489,9.542513063441554,8.59020929875653,42.52411154257435,-0.17810699351235648,-0.1735498083981274,-0.00455718511422909,9.781118473732421,9.414000034332275,9.04688159493213,0.44077633553697193,60.740885165554424,57.31939202384802,186861336.0,-73.3651174064651,-70.21270983359402,8.978414674033662,-0.042390590927319,3994379520,9.267326,1.01,0.9423135,
2026-08-05,9.350000381469728,9.489999771118164,9.210000038146973,9.40999984741211,343623,0,9.40750002861023,9.876200008392335,9.456882152171167,9.537316466734516,8.59836641864365,46.75834807493575,-0.15989981837591039,-0.170819810393684,0.010919992017773605,9.770039615692916,9.40750002861023,9.044960441527543,0.42929229249655904,65.77788647314627,59.90880421103835,187204959.0,-21.745846764759154,-55.3191662050479,8.9785172259412,-0.011216657833091804,3994379520,9.267326,1.01,0.9423135,
2026-08-06,9.350000381469728,9.350000381469728,8.800000190734863,9.0600004196167,827513,0,9.37050004005432,9.86900001525879,9.419083891927883,9.518598190376956,8.60295979178766,39.019192539154886,-0.17173289969284866,-0.1710024282535169,-0.000730471439331748,9.715896733417349,9.37050004005432,9.025103346691292,0.4421999613666081,61.30121064974124,62.60666076281405,186377446.0,-154.17067227368005,-76.99113251767459,8.978574886273469,-0.013790416986213281,3994379520,9.267326,1.01,0.9423135,
2026-08-07,9.149999618530272,9.34000015258789,9.06999969482422,9.119999885559082,316924,0,9.339000034332276,9.856000003814698,9.39059970084514,9.502966884305666,8.608104469337624,40.82728504058564,-0.17426048008316108,-0.17165403861944575,-0.002606441463715331,9.653763272186888,9.339000034332276,9.024236796477664,0.4306142307669355,56.019342111746425,61.03281307821138,186694370.0,-99.28881014074882,-71.68144580387559,8.978622691787077,-0.020031725988042426,3994379520,9.267326,1.01,0.9423135,
2026-08-10,9.289999961853027,9.949999809265137,9.289999961853027,9.829999923706056,2387464,0,9.354000043869018,9.851200008392334,9.432447341117609,9.51579170938019,8.620262633062683,57.054413747055875,-0.11761672401161682,-0.16084657569787997,0.04322985168626314,9.726955665970934,9.354000043869018,8.981044421767102,0.45914178026258684,57.87441165259668,58.39832147136152,189081834.0,187.09561610434724,-10.434776118660189,8.979913627297348,0.10443105559509307,3994379520,9.267326,1.01,0.9423135,
2026-08-11,10.119999885559082,10.729999542236328,9.75,9.760000228881836,2238294,0,9.371000051498413,9.843000011444092,9.463642854238012,9.52536851406653,8.6316033056579,55.44017692277309,-0.0774813725567931,-0.1441735350696626,0.0666921625128695,9.783354176262378,9.371000051498413,8.958645926734448,0.49634590611785406,61.89432359440375,58.596025786249015,186843540.0,294.7539811807664,-50.259048667548534,8.981782042580493,-0.027829123653834595,3994379520,9.267326,1.01,0.9423135,
2026-08-12,9.550000190734863,10.149999618530272,9.550000190734863,9.75,1489061,0,9.397000074386597,9.837200012207031,9.490914963358202,9.534177591946275,8.642731630974735,55.199898507394366,-0.045951057082115554,-0.12452903947215319,0.07857798239003763,9.83527382778682,9.397000074386597,8.958726320986374,0.5037497290948222,62.84299326598404,60.87057617099489,185354479.0,150.1831712965814,-50.7771954158392,8.982724318320955,-0.04225896546410083,3994379520,9.267326,1.01,0.9423135,
2026-08-13,10.130000114440918,10.130000114440918,9.760000228881836,9.899999618530272,551615,0,9.419000053405762,9.837600002288818,9.529875406707923,9.548523553773098,8.655241760204143,58.13110584959392,-0.008758378157008195,-0.10137490720912419,0.092616529052116,9.908852884169326,9.419000053405762,8.929147222642198,0.4949104709052576,49.65458530553739,58.130634055308455,185906094.0,156.1392774009644,-43.00519184425366,8.983120204192211,-0.051264055048027404,3994379520,9.267326,1.01,0.9423135,
2026-08-14,9.760000228881836,10.0,9.609999656677246,9.68000030517578,280176,0,9.432500076293945,9.823800010681152,9.544173016085814,9.553679504808498,8.665438362641671,52.6863147922238,0.0029311929059741004,-0.08051368718610454,0.08344488009207864,9.935326904216296,9.432500076293945,8.929673248371593,0.48741689036365016,42.10205655048585,51.53321170733582,185625918.0,90.39143923256057,-54.40412382748678,8.983285784830569,-0.06473278816471821,3994379520,9.267326,1.01,0.9423135,
2026-08-17,9.380000114440918,9.9399995803833,9.3100004196167,9.399999618530272,482903,0,9.417500066757203,9.8,9.530442216318619,9.547652842601508,8.672747429864444,46.69202423549492,-0.010279952266042613,-0.06646694020209215,0.05618698793604954,9.905183214156189,9.417500066757203,8.929816919358217,0.49760133824957525,27.807113579280298,39.85458514510125,185143015.0,27.848430064149436,-68.91193630046394,8.983493004252594,-0.14979414093743934,3994379520,9.267326,1.01,0.9423135,
2026-08-18,9.199999809265137,9.5,9.199999809265137,9.359999656677246,361615,0,9.404000043869019,9.782999992370605,9.51420959159087,9.54029389413389,8.679585760479496,45.888809035201064,-0.023704294274947912,-0.0579144110166633,0.03421011674171539,9.882263418134546,9.404000043869019,8.925736669603491,0.483486970569953,16.754477773520772,28.887882634429044,184781400.0,-24.749146836363305,-70.98447388043293,8.98359424332132,-0.1608416314797825,3994379520,9.267326,1.01,0.9423135,
