Date,Open,High,Low,Close,Adj Close,Volume,Segment,SMA_20,SMA_50,EMA_20,EMA_50,EMA_200,RSI_14,MACD,MACD_Signal,MACD_Hist,BB_upper,BB_middle,BB_lower,ATR_14,STOCH_K,STOCH_D,OBV,CCI_20,Williams_%R,VWAP,CMF_20,MarketCap,PE,EPS,PB,DividendYield
2021-01-01,62.400001525878906,63.25,62.0,62.70000076293945,62.70000076293945,184719,0,,,,,,,,,,,,,,,,184719.0,,,62.65000025431315,,12948962304,8.733119,3.11,0.3401889,
2021-01-04,63.150001525878906,63.400001525878906,62.5,62.79999923706055,62.79999923706055,307035,0,,,,,,,,,,,,,,,,491754.0,,,62.806092019708046,,12948962304,8.733119,3.11,0.3401889,
2021-01-05,62.70000076293945,65.30000305175781,62.25,63.849998474121094,63.849998474121094,1128184,0,,,,,,,,,,,,,,,,1619938.0,,,63.498286199153036,,12948962304,8.733119,3.11,0.3401889,
2021-01-06,64.30000305175781,68.19999694824219,63.29999923706055,65.6500015258789,65.6500015258789,2553208,0,,,,,,,,,,,,,,,,4173146.0,,,64.85553198177277,,12948962304,8.733119,3.11,0.3401889,
2021-01-07,70.9000015258789,70.9000015258789,65.25,66.05000305175781,66.05000305175781,4408144,0,,,,,,,,,,,,,,,,8581290.0,,,66.16260681015338,,12948962304,8.733119,3.11,0.3401889,
2021-01-08,66.44999694824219,67.75,66.25,66.94999694824219,66.94999694824219,764994,0,,,,,,,,,,,,,,,,9346284.0,,,66.22978325029594,,12948962304,8.733119,3.11,0.3401889,
2021-01-11,68.0,68.19999694824219,66.3499984741211,67.25,67.25,597559,0,,,,,,,,,,,,,,,,9943843.0,,,66.29209297356896,,12948962304,8.733119,3.11,0.3401889,
2021-01-12,67.4000015258789,69.3499984741211,66.6500015258789,68.5,68.5,1039639,0,,,,,,,,,,,,,,,,10983482.0,,,66.46953032173582,,12948962304,8.733119,3.11,0.3401889,
2021-01-13,68.8499984741211,69.4000015258789,66.8499984741211,67.69999694824219,67.69999694824219,599533,0,,,,,,,,,,,,,,56.52908873670981,56.42125547370288,10383949.0,,,66.54788420896428,,12948962304,8.733119,3.11,0.3401889,
2021-01-14,68.3499984741211,69.1500015258789,67.05000305175781,67.44999694824219,67.44999694824219,851732,0,,,,,,,,,,,,,,49.95964365307495,55.558434721740355,9532217.0,,,66.63935733558361,,12948962304,8.733119,3.11,0.3401889,
2021-01-15,71.5,71.5999984741211,68.1500015258789,68.69999694824219,68.69999694824219,3637819,0,,,,,,,,,,,,,,42.073254864071934,49.52066241795223,13170036.0,,,67.28305456598086,,12948962304,8.733119,3.11,0.3401889,
2021-01-18,68.69999694824219,69.30000305175781,63.04999923706055,64.9000015258789,64.9000015258789,859206,0,,,,,,,,,,,,,,34.83148468641155,42.288127734519485,12310830.0,,,67.20525948411459,,12948962304,8.733119,3.11,0.3401889,
2021-01-19,65.69999694824219,70.5,64.55000305175781,67.6500015258789,67.6500015258789,2668952,0,,,,,,,,,,,,,,40.066844153325775,38.99052790126976,14979782.0,,,67.25447105891071,,12948962304,8.733119,3.11,0.3401889,
2021-01-20,68.1500015258789,68.19999694824219,65.5,65.8499984741211,65.8499984741211,500268,0,,,,,,,,,,,,,,36.06239625769985,36.98690836581239,14479514.0,,-59.89584285352117,67.23610874669012,,12948962304,8.733119,3.11,0.3401889,
2021-01-21,66.3499984741211,66.80000305175781,64.0,64.1500015258789,64.1500015258789,492981,0,,,,,,53.994492963616615,,,,,,,3.375,33.138419388598415,36.42255326654134,13986533.0,,-79.67912474918872,67.18218157470525,,12948962304,8.733119,3.11,0.3401889,
2021-01-22,64.05000305175781,64.0999984741211,61.150001525878906,61.70000076293945,61.70000076293945,462004,0,,,,,,47.14153527227434,,,,,,,3.3482142857142856,17.16546758196339,28.788761076087212,13524529.0,,-94.73684786909853,67.07542389577733,,12948962304,8.733119,3.11,0.3401889,
2021-01-25,62.25,62.70000076293945,59.650001525878906,60.400001525878906,60.400001525878906,326919,0,,,,,,43.953770405799126,,,,,,,3.326913210810447,8.553438034553743,19.619108335038508,13197610.0,,-93.7238477695986,66.98126385595462,,12948962304,8.733119,3.11,0.3401889,
2021-01-27,60.79999923706055,60.95000076293945,59.29999923706055,59.75,59.75,205546,0,,,,,,42.40957436901178,,,,,,,3.207133804743908,5.95032625258159,10.556410623032901,12992064.0,,-96.34145698494373,66.9147944525333,,12948962304,8.733119,3.11,0.3401889,
2021-01-28,58.75,60.70000076293945,58.650001525878906,60.0,60.0,199272,0,,,,,,43.235598392305995,,,,,,,3.124481335623668,9.511009456863347,8.004924581332887,13191336.0,,-89.57529890148476,66.84956960296383,,12948962304,8.733119,3.11,0.3401889,
2021-01-29,60.75,61.0,58.25,58.599998474121094,58.599998474121094,347290,0,64.52999973297119,,64.52999973297119,,,39.793467670376856,,,,70.70587123200657,64.52999973297119,58.35412823393581,3.0977326687934057,9.201155487398966,8.22083039894796,12844046.0,-136.41548002486482,-97.37828828370607,66.73085815521704,-0.36006449504949506,12948962304,8.733119,3.11,0.3401889,
2021-02-01,59.0,60.400001525878906,58.349998474121094,59.599998474121094,59.599998474121094,265240,0,64.37499961853027,,64.0604758035569,,,43.26780246837188,,,,70.8739604483155,64.37499961853027,57.876038788745035,3.0228948390051493,17.628105325111534,12.113423423124608,13109286.0,-119.99317222990551,-89.88765072342099,66.64464592681463,-0.35713639945752157,12948962304,8.733119,3.11,0.3401889,
2021-02-02,60.04999923706055,61.150001525878906,60.04999923706055,60.5,60.5,191333,0,64.25999965667725,,63.72138286988481,,,46.27283977095068,,,,70.9451018302097,64.25999965667725,57.57489748314481,2.9176882827731965,37.968695564845305,21.599318792451925,13300619.0,-87.64383482249528,-83.14606548935856,66.5931701950796,-0.3559492137775428,12948962304,8.733119,3.11,0.3401889,
2021-02-03,60.79999923706055,60.849998474121094,59.54999923706055,60.0,60.0,235397,0,64.06749973297119,,63.366965453705305,,,44.851465845125894,,,,71.00567423417127,64.06749973297119,57.129325231771105,2.802139065222293,56.08933368979003,37.22871152658228,13065222.0,-86.84684605218548,-86.8913842695011,66.52655486545518,-0.3769657504952984,12948962304,8.733119,3.11,0.3401889,
2021-02-04,60.45000076293945,62.5,60.04999923706055,61.599998474121094,61.599998474121094,655666,0,63.8649995803833,,63.19868288422109,,,50.13046681443175,,,,70.84289971362433,63.8649995803833,56.887099447142255,2.7805577034207007,72.25148513900878,55.436504797881355,13720888.0,-55.23722025868541,-74.90637560285082,66.38294937691923,-0.3996047572188379,12948962304,8.733119,3.11,0.3401889,
2021-02-05,62.20000076293945,62.29999923706055,59.599998474121094,60.20000076293945,60.20000076293945,293757,0,63.572499465942386,,62.9130941107657,,,45.98278458241125,,,,70.64925438850962,63.572499465942386,56.49574454337515,2.774803636243469,61.2488804527432,63.19656642718066,13427131.0,-61.833627985922554,-84.08162642498405,66.31273662308911,-0.3105965573996728,12948962304,8.733119,3.11,0.3401889,
2021-02-08,60.099998474121094,60.95000076293945,59.75,59.849998474121094,59.849998474121094,236328,0,63.217499542236325,,62.62137071679955,,,44.980804275117094,,,,70.29325146899218,63.217499542236325,56.14174761548047,2.6623177167217533,44.52376951878583,59.34137837017926,13190803.0,-65.42492200514211,-86.93878796635842,66.25241237081192,-0.3317427750062961,12948962304,8.733119,3.11,0.3401889,
2021-02-09,60.5,60.95000076293945,59.45000076293945,59.54999923706055,59.54999923706055,222431,0,62.832499504089355,,62.32885914730059,,,44.0939007357181,,,,69.82615841204422,62.832499504089355,55.838840596134496,2.579295022670199,19.342151454510553,41.70493380867985,12968372.0,-63.774819338166914,-86.93467702731094,66.19487457477635,-0.35280950355734714,12948962304,8.733119,3.11,0.3401889,
2021-02-10,59.70000076293945,60.0,58.599998474121094,58.79999923706055,58.79999923706055,205215,0,62.347499465942384,,61.992777251087254,,,41.871154401200506,,,,69.04066494120839,62.347499465942384,55.65433399067637,2.4950597728993924,6.192108344415193,23.352676439237182,12763157.0,-76.04834295427305,-93.56726268129844,66.13558192564147,-0.41419268186772906,12948962304,8.733119,3.11,0.3401889,
2021-02-11,59.0,59.900001525878906,58.650001525878906,59.20000076293945,59.20000076293945,277543,0,61.922499656677246,,61.72679853793032,,,43.506812506634766,,,,68.27289086393903,61.922499656677246,55.57210844941547,2.406126931978007,8.207712244205728,11.24732401437715,13040700.0,-70.10194237588419,-83.76066648321337,66.05826776751816,-0.41166703406975275,12948962304,8.733119,3.11,0.3401889,
2021-02-12,59.29999923706055,59.70000076293945,59.0,59.150001525878906,59.150001525878906,206951,0,61.507499885559085,,61.48138929868733,,,43.3426391804548,,,,67.42909368795374,61.507499885559085,55.58590608316444,2.284260777046682,14.916286600953006,9.772035729857967,12833749.0,-66.36302505243181,-79.77525007693686,66.00201553513104,-0.4001719151843671,12948962304,8.733119,3.11,0.3401889,
2021-02-15,59.25,59.75,58.29999923706055,58.599998474121094,58.599998474121094,262891,0,61.002499961853026,,61.20697112491912,,,41.48802123478321,,,,66.04129779079496,61.002499961853026,55.963702132911095,2.2246707760390225,16.980452175610292,13.368150340256333,12570858.0,-77.95138454875044,-91.76474178538602,65.9277160348785,-0.29339596686469216,12948962304,8.733119,3.11,0.3401889,
2021-02-16,58.95000076293945,59.0,58.0,58.150001525878906,58.150001525878906,164556,0,60.66499996185303,,60.915831163105764,,,39.98065707353773,,,,65.5150622643476,60.66499996185303,55.81493765935844,2.1371942920362352,14.075052696132587,15.323930490898618,12406302.0,-94.02731231795414,-96.66663275824654,65.87874719305698,-0.28964804535886024,12948962304,8.733119,3.11,0.3401889,
2021-02-17,58.150001525878906,58.95000076293945,57.75,58.04999923706055,58.04999923706055,265273,0,60.18499984741211,,60.642894789196696,,,39.636013262784495,,,,63.95476115111154,60.18499984741211,56.415238543712675,2.070251897100751,10.924746228624521,13.99341703345579,12141029.0,-104.93133826166635,-93.68422658819901,65.79975065009074,-0.4460416771069102,12948962304,8.733119,3.11,0.3401889,
2021-02-18,58.04999923706055,59.0,58.04999923706055,58.70000076293945,58.70000076293945,344928,0,59.82749996185303,,60.457857262886485,,,43.07113551019172,-2.185800351833585,-2.5777785739304995,0.3919782220969146,62.606434682609205,59.82749996185303,57.04856524109685,1.9902339589463725,22.984519141513804,15.99477268875696,12485957.0,-93.62884249095728,-79.99998393811677,65.70387609464095,-0.37296155687382665,12948962304,8.733119,3.11,0.3401889,
2021-02-19,58.75,59.79999923706055,58.349998474121094,58.599998474121094,58.599998474121094,318026,0,59.54999980926514,,60.280918330623116,,,42.668830658033016,-2.067067259057353,-2.47563631095587,0.408569051898517,61.54474311850435,59.54999980926514,57.555256500025926,1.9516458735173068,34.30561225428638,22.73829254147489,12167931.0,-68.68085733896858,-82.10529528166118,65.62174271564396,-0.34367363188499184,12948962304,8.733119,3.11,0.3401889,
2021-02-22,58.099998474121094,58.599998474121094,57.54999923706055,57.79999923706055,57.79999923706055,239936,0,59.354999732971194,,60.04464032171239,,,39.49099562642765,-2.01430403708585,-2.383369856181866,0.3690658190960159,61.22980647797716,59.354999732971194,57.48019298796523,1.887242542341824,33.358168296782274,30.216099897527474,11927995.0,-136.25679740331614,-94.94949572792505,65.5526365010068,-0.32761876503027815,12948962304,8.733119,3.11,0.3401889,
2021-02-23,58.400001525878906,58.400001525878906,56.5,57.400001525878906,57.400001525878906,209213,0,59.20499973297119,,59.79276996020444,,,37.96836311634167,-1.9819189479763892,-2.3030796745407707,0.32116072656438144,61.19771099645922,59.20499973297119,57.212288469483155,1.8881538983087585,26.615748853384357,31.42650980148433,11718782.0,-166.70229203433857,-84.9999745686849,65.48908680447477,-0.30581776815328027,12948962304,8.733119,3.11,0.3401889,
2021-02-24,57.79999923706055,57.79999923706055,56.70000076293945,57.25,57.25,139832,0,59.07999973297119,,59.55060139256592,,,37.38621780894185,-1.9459259776846594,-2.2316489351695483,0.28572295748488896,61.227881925412,59.07999973297119,56.93211754053038,1.831857082295354,20.370389636522635,26.78143559556308,11578950.0,-158.93287446629463,-87.06896381627627,65.44620967134982,-0.2919317008045461,12948962304,8.733119,3.11,0.3401889,
2021-02-25,57.599998474121094,58.400001525878906,57.0,57.650001525878906,57.650001525878906,316359,0,58.96249980926514,,59.36959188145288,,,40.0269031604346,-1.863641608836872,-2.158047469903013,0.2944058610661413,61.15290430627206,58.96249980926514,56.772095312258216,1.8010102568370363,28.282865647487217,25.089668045798064,11895309.0,-109.31317699510643,-74.15727351203259,65.35587396899487,-0.30149030096781315,12948962304,8.733119,3.11,0.3401889,
2021-02-26,57.0,57.849998474121094,56.650001525878906,56.900001525878906,56.900001525878906,236020,0,58.877499961853026,,59.13439279996964,,,36.8857465175263,-1.8377647773027093,-2.0939909313829523,0.2562261540802431,61.24255183326475,58.877499961853026,56.5124480904413,1.758080734794547,25.54117422481215,24.731476502940662,11659289.0,-129.13114405658072,-91.0112032067454,65.28510265148755,-0.28490885089863544,12948962304,8.733119,3.11,0.3401889,
2021-03-01,57.099998474121094,62.5,57.099998474121094,59.849998474121094,59.849998474121094,2407745,0,58.88999996185303,,59.2025457213174,,,52.631738776061965,-1.5612203262147162,-1.9874368103493052,0.426216484134589,61.27277045136606,58.88999996185303,56.50722947234,2.032503430460729,36.576517531592266,30.133519134630536,14067034.0,51.5049577246875,-44.16669209798177,64.84370945720211,-0.20458165329156358,12948962304,8.733119,3.11,0.3401889,
2021-03-02,60.900001525878906,60.900001525878906,58.150001525878906,58.45000076293945,58.45000076293945,762063,0,58.7875,,59.130874772900455,,,46.67975675737247,-1.4384434902005552,-1.8776381463195553,0.4391946561190001,61.05815410651153,58.7875,56.51684589348847,2.08375318542782,35.216746401320975,32.44481271924179,13304971.0,13.669158432477008,-67.49998728434245,64.70228997737149,-0.2601115467367701,12948962304,8.733119,3.11,0.3401889,
2021-03-03,58.900001525878906,60.400001525878906,58.099998474121094,58.79999923706055,58.79999923706055,1110139,0,58.72749996185303,,59.099362817106176,,,48.25520476035191,-1.2979381878071408,-1.7616981546170725,0.4637599668099317,60.92919704576162,58.72749996185303,56.525802877944436,2.0991996044513908,41.118213622815006,37.637159185242744,14415110.0,13.333313957092564,-61.66667938232422,64.50610831414872,-0.27526020563223463,12948962304,8.733119,3.11,0.3401889,
2021-03-04,58.5,59.099998474121094,58.099998474121094,58.599998474121094,58.599998474121094,348463,0,58.57749996185303,,59.05180430825045,,,47.39345629478103,-1.1890188443680714,-1.6471622925672722,0.45814344819920083,60.34115294205312,58.57749996185303,56.81384698165294,2.0206853469905774,33.618207609138416,36.651055877758125,14066647.0,-15.93951679508996,-65.00002543131511,64.44189486918052,-0.30543320815281816,12948962304,8.733119,3.11,0.3401889,
2021-03-05,58.599998474121094,61.45000076293945,58.29999923706055,58.75,58.75,1856561,0,58.50499992370605,,59.02306104079803,,,48.14146271733018,-1.0781671704426472,-1.5333632681423472,0.45519609769970004,60.107777604850114,58.50499992370605,56.90222224256199,2.1013507883397438,33.54699075090087,36.09447066095142,15923208.0,71.35999502942022,-62.5,64.17130282455295,-0.3731086509484832,12948962304,8.733119,3.11,0.3401889,
2021-03-08,60.0,61.25,59.25,59.95000076293945,59.95000076293945,1344792,0,58.51000003814697,,59.1113410143353,,,53.80085762611194,-0.8833042064153886,-1.4033514557969555,0.5200472493815669,60.13006101093425,58.51000003814697,56.88993906535969,2.129825732029762,39.704258742940105,35.62315236765979,17268000.0,131.70152664154617,-42.49998728434245,64.01789685106898,-0.3546832820977784,12948962304,8.733119,3.11,0.3401889,
2021-03-09,60.5,64.75,59.849998474121094,61.900001525878906,61.900001525878906,3021995,0,58.62750015258789,,59.37692772972041,,,61.209133696060924,-0.5650120317844411,-1.2356835709944527,0.6706715392100115,60.784227951497044,58.62750015258789,56.47077235367874,2.3276954315904157,47.64079209667832,40.29734719683976,20289995.0,271.00272683674785,-34.54543604995265,63.87172821186336,-0.3053654402653766,12948962304,8.733119,3.11,0.3401889,
2021-03-10,62.400001525878906,62.95000076293945,59.900001525878906,60.650001525878906,60.650001525878906,864967,0,58.72000026702881,,59.49817285316407,,,55.10866693417685,-0.40891403705325047,-1.0703296642062123,0.6614156271529619,61.0501077512595,58.72000026702881,56.389892782798114,2.3792885605525678,50.237567621876195,45.8608728204982,19425028.0,161.9791104256808,-49.6969512014678,63.811946144162114,-0.31159242819322625,12948962304,8.733119,3.11,0.3401889,
2021-03-12,61.099998474121094,61.5,59.400001525878906,59.599998474121094,59.599998474121094,648535,0,58.74000015258789,,59.507870531350456,,,50.55100740589924,-0.36571597651173704,-0.9294069266673173,0.5636909501555802,61.092998278397005,58.74000015258789,56.387002026778774,2.3593392686646055,38.54793874113518,45.475432819896554,18776493.0,81.59167847816138,-62.42426091974431,63.752527693954654,-0.3365507138976581,12948962304,8.733119,3.11,0.3401889,
2021-03-15,60.20000076293945,61.20000076293945,59.5,60.099998474121094,60.099998474121094,1394741,0,58.7875,61.29599983215332,59.564263668757185,61.29599983215332,,52.56289750601989,-0.28781759886226155,-0.8010890611063062,0.5132714622440446,61.20904374309811,58.7875,56.365956256901896,2.312243661112809,24.651814670831673,37.81244034461434,20171234.0,80.59082812121396,-56.36365485913826,63.63446918646079,-0.3299205015378071,12948962304,8.733119,3.11,0.3401889,
2021-03-16,60.45000076293945,60.45000076293945,59.400001525878906,59.79999923706055,59.79999923706055,739131,0,58.847500038146975,61.237999801635745,59.586714675262265,61.23733314214968,,51.21644492187393,-0.2474376968355969,-0.6903587882521643,0.44292109141656744,61.30666120773157,58.847500038146975,56.38833886856238,2.222083345109076,14.362045707732449,25.853933039899754,19432103.0,50.60369729625849,-61.111132042238594,63.568331013038566,-0.3218381741881866,12948962304,8.733119,3.11,0.3401889,
2021-03-17,60.0,60.150001525878906,57.54999923706055,57.900001525878906,57.900001525878906,446258,0,58.83500003814697,61.139999847412106,59.426075327701945,61.106457392492004,,43.59905101774335,-0.3645479876287965,-0.6251966281274908,0.2606486404986943,61.310701657733205,58.83500003814697,56.35929841856074,2.2490775553740248,9.804211537196267,16.272690638586784,18985845.0,-35.157234382497414,-84.56789832746686,63.51529699299347,-0.32890605211107443,12948962304,8.733119,3.11,0.3401889,
2021-03-18,58.099998474121094,58.70000076293945,56.04999923706055,56.70000076293945,56.70000076293945,500425,0,58.76750011444092,60.99699989318847,59.16644917867695,60.933655171725235,,39.593736701643856,-0.5478732280274272,-0.6097319481074781,0.06185872008005089,61.39414677509135,58.76750011444092,56.14085345379049,2.2777149818386593,8.628249577688493,10.931502274205721,18485420.0,-113.48905192526048,-92.52871874853386,63.4409904036462,-0.33151201627647264,12948962304,8.733119,3.11,0.3401889,
2021-03-19,56.099998474121094,57.0,54.150001525878906,56.70000076293945,56.70000076293945,501490,0,58.66750011444092,60.81799987792969,58.93154932955909,60.76762950863559,,39.59373670164385,-0.6852605448294611,-0.6248376674518747,-0.06042287737758634,61.44477794733898,58.66750011444092,55.89022228154286,2.3185923741445476,18.192786575564284,12.208415896816334,18485420.0,-158.76429422276834,-75.94339996098932,63.35437003600196,-0.3130859932981148,12948962304,8.733119,3.11,0.3401889,
2021-03-22,56.150001525878906,57.29999923706055,56.150001525878906,56.599998474121094,56.599998474121094,321114,0,58.56750011444092,60.62899978637695,58.70949686713642,60.604192997478165,,39.24528321165357,-0.7930683340834648,-0.6584838007781928,-0.13458453330527198,61.48764967796748,58.56750011444092,55.647350550914354,2.2351213267900545,28.995227616319056,18.60542125652393,18164306.0,-104.05602140100913,-76.88681791583626,63.30533941641699,-0.30507209869907087,12948962304,8.733119,3.11,0.3401889,
2021-03-23,57.79999923706055,57.79999923706055,56.599998474121094,56.900001525878906,56.900001525878906,279720,0,58.52250022888184,60.427999877929686,58.53716397749285,60.458930586827215,,40.92494889644824,-0.8445634430843114,-0.6956997292394165,-0.14886371384489494,61.51540388649876,58.52250022888184,55.52959657126492,2.1611841436578687,40.297461449840405,29.1618252139079,18444026.0,-78.70815731045222,-74.05660003901069,63.26586349845903,-0.3051890643177221,12948962304,8.733119,3.11,0.3401889,
2021-03-24,56.54999923706055,56.95000076293945,55.70000076293945,56.04999923706055,56.04999923706055,283621,0,58.45500011444092,60.2039998626709,58.30029114507073,60.28603131820891,,37.74120775963963,-0.9430904097219468,-0.7451778653359226,-0.19791254438602424,61.60299928935203,58.45500011444092,55.307000939529814,2.0960995619680207,42.16012564921137,37.150938238456924,18160405.0,-112.46176863333419,-82.07549071049107,63.22079212558488,-0.31038619634165937,12948962304,8.733119,3.11,0.3401889,
2021-03-25,56.45000076293945,56.54999923706055,53.849998474121094,54.400001525878906,54.400001525878906,384848,0,58.312500190734866,59.92199989318848,57.928834990861986,60.05520662047048,,32.4619576250559,-1.1411601820853363,-0.8243743286858053,-0.316785853399531,61.893962398786805,58.312500190734866,54.73103798268293,2.1392353620374087,33.83855233100557,38.7653798100191,17775557.0,-154.1669187288049,-94.95410114895866,63.1493423336115,-0.3189408575681606,12948962304,8.733119,3.11,0.3401889,
2021-03-26,52.0,53.79999923706055,50.0,51.349998474121094,51.349998474121094,8306574,0,57.997500038146974,59.594999923706055,57.30227913212476,59.71382590884893,,25.391514072060072,-1.5266434644807987,-0.964828155844804,-0.5618153086359947,62.6919090848499,57.997500038146974,53.30309099144405,2.3007186594546587,24.329999365912283,33.44289244870972,9468983.0,-226.78779953881494,-90.84746797206039,61.35566535759762,-0.3124785975449675,12948962304,8.733119,3.11,0.3401889,
2021-03-30,49.0,50.150001525878906,48.75,49.29999923706055,49.29999923706055,9446667,0,57.617499923706056,59.23199996948242,56.54015723735674,59.30544054917095,,21.933560219413916,-1.9747953375250304,-1.1668215921808494,-0.8079737453441811,63.646453347805334,57.617499923706056,51.58854649960678,2.3220957890736895,12.436379929862213,23.534977208926666,22316.0,-236.59136416096663,-96.56250476837158,59.54547105122479,-0.28412548773368507,12948962304,8.733119,3.11,0.3401889,
2021-03-31,49.400001525878906,49.70000076293945,48.599998474121094,49.25,49.25,5381875,0,57.0875,58.84300003051758,55.84585654808467,58.91110954724268,,21.85538243346511,-2.307395230330613,-1.394936319810802,-0.9124589105198109,64.03234562481914,57.0875,50.142654375180854,2.2348033961983087,10.38982062144885,15.718733305741091,-5359559.0,-195.74485159147883,-95.47037336443219,58.722618017395405,-0.23724154381729082,12948962304,8.733119,3.11,0.3401889,
2021-04-01,49.599998474121094,49.75,49.0,49.20000076293945,49.20000076293945,4848933,0,56.625,58.52900001525879,55.21291790188036,58.53028175177981,,21.771811839077586,-2.5456726327178103,-1.6250835823922036,-0.9205890503256067,64.33515583044165,56.625,48.91484416955834,2.1287460107555725,7.136328434499409,9.9875096619368,-10208492.0,-159.83330954553,-95.34882001669003,58.09459238486608,-0.2538354283402265,12948962304,8.733119,3.11,0.3401889,
2021-04-05,49.20000076293945,49.20000076293945,46.099998474121094,47.04999923706055,47.04999923706055,2625197,0,56.0375,58.11699996948242,54.43549707665942,58.08007459433984,,18.496550894479086,-2.8748567861372294,-1.8750382231412088,-0.9998185629960206,64.72403449400318,56.0375,47.35096550599683,2.1981214591886284,9.223105392882262,8.91641814961015,-12833689.0,-163.30589995235167,-93.70860517257714,57.72323042100495,-0.2583646120411502,12948962304,8.733119,3.11,0.3401889,
2021-04-06,47.25,48.20000076293945,46.349998474121094,46.45000076293945,46.45000076293945,3235514,0,55.430000114440915,57.72900001525879,53.674973618209904,57.62399326761826,,17.696469753636013,-3.1478658240893154,-2.12960374333083,-1.0182620807584852,64.9720337399238,55.430000114440915,45.88796648895803,2.1732558041621806,9.508964737150277,8.622799521510627,-16069203.0,-141.82922081114654,-97.56096004882812,57.28115960159847,-0.30444845873379495,12948962304,8.733119,3.11,0.3401889,
2021-04-07,46.54999923706055,47.79999923706055,46.54999923706055,47.25,47.25,938367,0,54.85500011444092,57.390999984741214,53.06307136885658,57.217170002221465,,22.5094714543175,-3.2620710762339726,-2.3560972099114585,-0.9059738663225141,64.90019330503074,54.85500011444092,44.8098069238511,2.114451709159246,17.49552476093214,12.07586496365487,-15130836.0,-118.19613376954166,-91.81493753672154,57.16205064484808,-0.2789803096520782,12948962304,8.733119,3.11,0.3401889,
2021-04-08,47.5,48.70000076293945,47.29999923706055,47.70000076293945,47.70000076293945,997126,0,54.242500114440915,57.11099998474121,52.55230273972162,56.84394767911237,,25.160631972329373,-3.278476029716984,-2.5405729738725635,-0.7379030558444204,64.46268984157565,54.242500114440915,44.022310387306185,2.0669909272864038,27.994854693179047,18.333114730420466,-14133710.0,-94.00485844350749,-87.30157144306035,57.04720889327528,-0.2816568941887549,12948962304,8.733119,3.11,0.3401889,
2021-04-09,48.0,48.70000076293945,47.650001525878906,48.349998474121094,48.349998474121094,1046592,0,53.564999961853026,56.869999923706054,52.1520832858549,56.51085163185781,,28.942286815679502,-3.2021156940357187,-2.6728815179051946,-0.5292341761305241,63.456061673044715,53.564999961853026,43.67393825066134,1.9943486636988426,49.307710113925054,31.599363189345393,-13087118.0,-79.32416406556591,-80.7692320232403,56.933976320685794,-0.27503856123280507,12948962304,8.733119,3.11,0.3401889,
2021-04-12,48.0,48.0,46.0,46.20000076293945,46.20000076293945,1154066,0,52.84249992370606,56.598999938964845,51.585218283672475,56.10650453895905,,24.527446783910328,-3.277307662196961,-2.7937667467635476,-0.48354091543341315,62.66870314578843,52.84249992370606,43.01629670162369,2.0197522215861463,41.274561988176295,39.52570893176011,-14241184.0,-90.81326570285083,-98.30507817058745,56.79148905508501,-0.2843338206402292,12948962304,8.733119,3.11,0.3401889,
2021-04-13,46.20000076293945,47.79999923706055,46.20000076293945,47.150001525878906,47.150001525878906,589459,0,52.22000007629394,56.34199996948242,51.162816687692136,55.7552691266814,,29.63496228632303,-3.2230869762517997,-2.879630792661198,-0.3434561835906016,61.83001546606482,52.22000007629394,42.60998468652306,1.9897698110529283,40.860220738497596,43.81416428019963,-13651725.0,-78.89800240451348,-90.25422372683661,56.72247949379617,-0.27008441193654126,12948962304,8.733119,3.11,0.3401889,
2021-04-15,47.0,47.79999923706055,46.5,47.20000076293945,47.20000076293945,581090,0,51.57500019073486,56.11400001525879,50.7854056472395,55.41976840653466,,29.90383024231261,-3.139887502811277,-2.931682134691214,-0.20820536812006285,60.7024039866349,51.57500019073486,42.447596394834825,1.9405004843391869,31.48151026176822,37.872097662814014,-13070635.0,-71.68416576041446,-89.04108968648765,56.656209181555596,-0.2645651116824554,12948962304,8.733119,3.11,0.3401889,
2021-04-16,47.29999923706055,49.0,47.29999923706055,48.400001525878906,48.400001525878906,1290434,0,51.005000305175784,55.890000076293944,50.558224302348016,55.14448343082267,,36.20434521732636,-2.9431939798206983,-2.933984503717111,-0.009209476103587466,59.401184082179206,51.005000305175784,42.60881652817236,1.930464680962141,55.67904935887682,42.67359345304752,-11780201.0,-49.95729819410986,-77.25116872569939,56.528457491196846,-0.248314085278441,12948962304,8.733119,3.11,0.3401889,
2021-04-19,47.79999923706055,48.150001525878906,47.099998474121094,47.599998474121094,47.599998474121094,1296431,0,50.49000015258789,55.632000045776365,50.276488509183544,54.8486212756579,,34.00962858682311,-2.819366602919068,-2.9110609235575025,0.09169432063843441,58.379588260705624,50.49000015258789,42.600412044470154,1.8854317074475462,59.259264492038675,48.806608037561226,-13076632.0,-56.29282655894097,-79.48719704331589,56.394700298645084,-0.2375100088034496,12948962304,8.733119,3.11,0.3401889,
2021-04-20,48.0,48.349998474121094,46.5,46.75,46.75,1156845,0,49.992500114440915,55.367000045776365,49.940632460689876,54.53102828445563,,31.803628074617823,-2.758027463932642,-2.8804542316325303,0.12242676769988847,57.49851597347591,49.992500114440915,42.48648425540592,1.8829007622099425,50.99205619353358,55.31012334814968,-14233477.0,-60.868667697240305,-81.92771748822041,56.2731831406787,-0.24721190542883825,12948962304,8.733119,3.11,0.3401889,
2021-04-22,45.0,45.70000076293945,41.54999923706055,43.54999923706055,43.54999923706055,9751288,0,49.33500003814697,55.00600006103516,49.332000725106134,54.100399694361705,,25.181447367818222,-2.9338099376799605,-2.8911253728420165,-0.04268456483794392,56.67762213082385,49.33500003814697,41.992377945470096,2.1198364765477646,33.27391751755196,47.84174606770805,-23984765.0,-134.7422609134108,-75.60975836686312,55.00289578269503,-0.21868059767267564,12948962304,8.733119,3.11,0.3401889,
2021-04-23,43.0,44.70000076293945,42.79999923706055,43.25,43.25,4603756,0,48.66750011444092,54.66700004577637,48.75276256081031,53.67489382399458,,24.66297621523507,-3.0620290806072745,-2.925306114395068,-0.13672296621220648,55.66616278963702,48.66750011444092,41.66883743924482,2.104133980071418,23.1024233107441,35.78946567394319,-28588521.0,-134.9239428328302,-79.26828530769484,54.486912476322736,-0.2430229876205203,12948962304,8.733119,3.11,0.3401889,
2021-04-26,43.849998474121094,44.45000076293945,43.5,43.900001525878906,43.900001525878906,1731163,0,48.01750011444092,54.348000106811526,48.290594843197795,53.29156471426455,,28.116420950015257,-3.075738782196943,-2.955392647955443,-0.1203461342415002,54.20476703140077,48.01750011444092,41.83023319748107,2.039553035990563,28.074431916956666,28.15025758175089,-26857358.0,-129.68914935082663,-69.28102195968688,54.3108737568384,-0.2393472774690942,12948962304,8.733119,3.11,0.3401889,
2021-04-27,44.150001525878906,45.099998474121094,43.75,44.349998474121094,44.349998474121094,2764312,0,47.43250007629395,54.04400009155273,47.915299950904775,52.94091505778834,,30.49194305036697,-3.0155316547256845,-2.967420449309491,-0.0481112054161934,52.59963438348507,47.43250007629395,42.26536576910283,1.9902991387141726,32.851374968198975,28.009410065299893,-24093046.0,-117.01481166152743,-62.41612147223746,54.05334725291561,-0.23272587453264276,12948962304,8.733119,3.11,0.3401889,
2021-04-28,44.349998474121094,47.79999923706055,44.25,47.0,47.0,4560103,0,47.0625,53.80800010681153,47.828128527009085,52.7079379966986,,42.53539645092867,-2.722599662138485,-2.91845629187529,0.19585662973680495,51.12204094645282,47.0625,43.00295905354718,2.1017062885960565,54.31177908711621,38.41252865742393,-19532943.0,-37.05811886902877,-26.845634834685374,53.73671937393142,-0.17685452700567136,12948962304,8.733119,3.11,0.3401889,
2021-04-29,47.400001525878906,47.400001525878906,45.25,45.400001525878906,45.400001525878906,1805566,0,46.76500015258789,53.532000122070315,47.596878336425256,52.42135225274488,,38.22852813378876,-2.589702968877397,-2.8527056272757116,0.2630026583983147,50.37084258692417,46.76500015258789,43.159157718251606,2.105155948401974,60.125507323936915,49.096220459750676,-21338509.0,-42.52691600334637,-48.32212222083972,53.613091174024234,-0.18185106380528263,12948962304,8.733119,3.11,0.3401889,
2021-04-30,45.150001525878906,45.5,44.20000076293945,44.29999923706055,44.29999923706055,1309947,0,46.51500015258789,53.23500007629394,47.282889850771475,52.10286782075726,,35.562515031866894,-2.5438188137908,-2.7909282645787292,0.24710945078792923,50.076193982234805,46.51500015258789,42.95380632294097,2.0476447547347294,52.60156490146352,55.679617104172195,-22648456.0,-94.55444729612894,-63.08725210230761,53.51034383700303,-0.1927627686745128,12948962304,8.733119,3.11,0.3401889,
2021-05-03,44.5,44.5,43.650001525878906,43.849998474121094,43.849998474121094,1863717,0,46.24500007629395,52.94000007629395,46.95594781490001,51.77922588559506,,34.502458351855324,-2.514777798002555,-2.7356981712634942,0.22092037326093905,49.754259725236366,46.24500007629395,42.73574042735153,1.9620985918337552,25.14129624245362,45.956122822618,-24512173.0,-109.5785459831835,-69.1275301809088,53.35744485577146,-0.24766172973983142,12948962304,8.733119,3.11,0.3401889,
2021-05-04,44.04999923706055,44.45000076293945,43.20000076293945,43.5,43.5,1779573,0,45.96000003814697,52.647000045776366,46.62680992776667,51.454550360669764,,33.66200392254434,-2.491286535158146,-2.6868158440424246,0.19552930888427866,49.38791521633872,45.96000003814697,42.532084859955226,1.9112344067027727,9.981855886375923,29.241572343431002,-26291746.0,-106.8337653298963,-73.82549579538478,53.21168431617938,-0.23485615290196468,12948962304,8.733119,3.11,0.3401889,
2021-05-05,43.54999923706055,44.5,43.400001525878906,44.04999923706055,44.04999923706055,1905263,0,45.810000038146974,52.367000045776365,46.38139938579466,51.16417580680274,,36.28841765716675,-2.4006163868375197,-2.6295759526014435,0.22895956576392384,49.296058475720926,45.810000038146974,42.32394160057302,1.8532889829469386,10.526328723164157,15.216493617331215,-24386483.0,-83.51207396403906,-66.44295645664329,53.0646842698691,-0.20795095813638229,12948962304,8.733119,3.11,0.3401889,
2021-05-06,44.45000076293945,44.75,43.849998474121094,44.45000076293945,44.45000076293945,1295777,0,45.71000003814697,52.08200004577637,46.197456659808445,50.900874824690455,,38.20461861875894,-2.2703121160109347,-2.5577231852833417,0.287411069272407,49.231449008435526,45.71000003814697,42.18855106785842,1.7851970217277933,27.03587468477443,15.848019764771484,-23090706.0,-60.58704593768684,-61.07380900811225,52.9712855857389,-0.1392517554449447,12948962304,8.733119,3.11,0.3401889,
2021-05-07,45.5,46.5,44.75,45.0,45.0,3706479,0,45.597500038146975,51.810000076293946,46.08341316839812,50.66946796882024,,40.839375425237364,-2.098474789574894,-2.4658735061416523,0.3673987165667585,49.0582048629878,45.597500038146975,42.13679521330615,1.804111465680133,43.04378112761114,26.86866151184989,-19384227.0,-12.612614841800463,-49.2646889703065,52.74657732129213,-0.1918005264585395,12948962304,8.733119,3.11,0.3401889,
2021-05-10,45.900001525878906,46.20000076293945,44.650001525878906,44.95000076293945,44.95000076293945,2425429,0,45.46000003814697,51.553000106811524,45.97546912978301,50.44517513721708,,40.66961340450848,-1.9439187061261336,-2.3614825461385487,0.4175638400124151,48.791756645014665,45.46000003814697,42.12824343127928,1.7859605922073052,53.97453448068612,41.35139676435721,-21809656.0,-14.341849747132317,-49.99997195075225,52.60376754602075,-0.20864551582905347,12948962304,8.733119,3.11,0.3401889,
2021-05-11,44.95000076293945,45.25,44.54999923706055,44.849998474121094,44.849998474121094,1434714,0,45.285000038146975,51.30200004577637,45.8682814482914,50.22575644454665,,40.30870949655137,-1.8086522283882474,-2.2509164825884884,0.44226425420024107,48.34802212050966,45.285000038146975,42.22197795578429,1.708392032973887,51.449959151640805,49.489424919979335,-23244370.0,-26.75830468221819,-47.20001220703125,52.517548582260076,-0.21870483891198428,12948962304,8.733119,3.11,0.3401889,
2021-05-12,45.0,45.0,44.099998474121094,44.20000076293945,44.20000076293945,1466174,0,45.185000038146974,51.041000061035156,45.70939757349598,49.989452300169894,,37.95130133108605,-1.7339144666264588,-2.1475160793960826,0.4136016127696238,48.25258927029798,45.185000038146974,42.117410805995966,1.6506498538956742,37.67068645119941,47.69839336117542,-24710544.0,-45.199978597369366,-71.99996948242188,52.42632843528965,-0.221850379955472,12948962304,8.733119,3.11,0.3401889,
2021-05-14,44.20000076293945,44.75,43.849998474121094,44.04999923706055,44.04999923706055,1961232,0,45.02999992370606,50.76900001525879,45.5513596366926,49.75653257220482,,37.40759522259785,-1.6675654648418785,-2.051525956485242,0.38396049164336343,47.996378650308074,45.02999992370606,42.06362119710404,1.5970321161801908,22.50964610626849,37.21009723636954,-26671776.0,-51.78937218562348,-81.52176617224856,52.30425659103206,-0.24024801651587066,12948962304,8.733119,3.11,0.3401889,
2021-05-17,44.349998474121094,44.349998474121094,43.849998474121094,44.0,44.0,983752,0,44.86999988555908,50.51099998474121,45.40361109986473,49.53078619682424,,37.21620400835647,-1.6005675767722707,-1.9613342805426477,0.360766703770377,47.69265855088193,44.86999988555908,42.047341220236234,1.518672679310177,9.045952542891287,23.075428366786372,-27655528.0,-55.817952131768315,-82.60870646889943,52.24327202336454,-0.24720346021158332,12948962304,8.733119,3.11,0.3401889,
2021-05-18,44.04999923706055,44.5,43.900001525878906,44.0,44.0,1064390,0,44.64999980926514,50.19400001525879,45.26993385225857,49.31389262047819,,37.21620400835647,-1.529836267580734,-1.875034677950265,0.3451984103695309,46.98087935370456,44.64999980926514,42.31912026482572,1.4530530932252426,8.214871573746409,13.256823407635373,-27655528.0,-47.752679054054354,-82.60870646889943,52.17882726955224,-0.27063531316249795,12948962304,8.733119,3.11,0.3401889,
2021-05-19,44.150001525878906,44.25,43.5,43.70000076293945,43.70000076293945,1662365,0,44.454999923706055,49.89900001525879,45.12041641518056,49.09373999861393,,35.936742983909504,-1.480917531226602,-1.7962112486055324,0.3152937173789303,46.38396359425269,44.454999923706055,42.52603625315942,1.4028350151377253,10.143601553804595,9.134808556814074,-29317893.0,-69.09180881293244,-88.0952402577645,52.076319354901216,-0.2831271035976813,12948962304,8.733119,3.11,0.3401889,
2021-05-20,43.900001525878906,45.150001525878906,43.650001525878906,43.900001525878906,43.900001525878906,5692260,0,44.3125,49.60100006103516,45.004186425723255,48.8900639800753,,37.47990249238586,-1.4097598560568088,-1.7189209700957877,0.30916111403897895,45.939729394874654,44.3125,42.685270605125346,1.4097753711993164,16.09675384164257,11.485075656397834,-23625633.0,-25.058933008188344,-78.78785076438459,51.760367402470564,-0.31412286488680025,12948962304,8.733119,3.11,0.3401889,
2021-05-21,44.400001525878906,48.400001525878906,44.150001525878906,47.5,47.5,15152224,0,44.51000003814697,49.37900009155273,45.24188295660675,48.83555166713117,,57.38048083419787,-1.0507645359106235,-1.5852896832587549,0.5345251473481314,46.60942858195973,44.51000003814697,42.41057149433421,1.6305057018279367,39.73616871251719,21.99217470265476,-8473409.0,196.91582937770727,-17.307719112144014,51.268665339272495,-0.13186586756217106,12948962304,8.733119,3.11,0.3401889,
2021-05-24,48.79999923706055,49.900001525878906,47.54999923706055,48.900001525878906,48.900001525878906,13816318,0,44.79250011444092,49.18200012207031,45.590275201299335,48.83807911257226,,62.393708574366734,-0.6458448381657433,-1.3974007142401526,0.7515558760744092,47.55389063940861,44.79250011444092,42.03110958947323,1.6854696892601488,63.4167085556258,39.749877036595166,5342909.0,279.9928416748923,-14.925371434753025,51.066996038407254,-0.04857327010144947,12948962304,8.733119,3.11,0.3401889,
2021-05-25,49.5,49.79999923706055,48.20000076293945,48.849998474121094,48.849998474121094,9609658,0,45.03999996185303,48.960000076293944,45.90072503680617,48.83854653851535,,62.11268556460018,-0.32522885302817883,-1.1829663419977579,0.857737488969579,48.28246827706457,45.03999996185303,41.79753164664149,1.6793646024645021,83.20044586454937,62.1177743775641,-4266749.0,219.48533787922528,-16.153893103966347,50.95390002769994,-0.06359845689104945,12948962304,8.733119,3.11,0.3401889,
2021-05-26,49.20000076293945,49.5,48.04999923706055,48.099998474121094,48.099998474121094,6341869,0,45.22749996185303,48.68400001525879,46.11017964988378,48.80958386932342,,57.90027093298068,-0.13015674099129626,-0.9724044217964656,0.8422476808051693,48.7132528996775,45.22749996185303,41.741747024028555,1.6629814710698558,79.72288704167127,75.44668048728214,-10608618.0,159.58253674025153,-28.12504097818351,50.87203373221214,-0.13085852494704067,12948962304,8.733119,3.11,0.3401889,
2021-05-27,48.29999923706055,49.0,48.099998474121094,48.650001525878906,48.650001525878906,5738495,0,45.310000038146974,48.44400001525879,46.352067447597605,48.803325738207946,,60.0404958461599,0.06803568984438613,-0.7643163994682952,0.8323520893126813,49.029892591340534,45.310000038146974,41.590107484953414,1.6084829035562167,77.68484232164725,80.20272507595594,-4870123.0,140.36064899260379,-19.531245343388235,50.803614634813755,-0.14413252817364994,12948962304,8.733119,3.11,0.3401889,
2021-05-28,49.0,51.900001525878906,48.20000076293945,50.900001525878906,50.900001525878906,22874802,0,45.58500003814697,48.27000007629395,46.78520402648154,48.88554831811661,,67.3524410921518,0.40202650386272154,-0.5310478188020918,0.9330743226648134,50.03282016494102,45.58500003814697,41.13717991135292,1.757877036369305,75.49077569523662,77.63283501951837,18004679.0,173.6871733733476,-11.904759742235504,50.75354086903878,0.003788481463735468,12948962304,8.733119,3.11,0.3401889,
2021-05-31,51.25,53.25,51.04999923706055,52.650001525878906,52.650001525878906,29444845,0,46.00250015258789,48.121000137329105,47.343756169281285,49.03317393410729,,71.69127792870536,0.7987198595310758,-0.2650942831354583,1.0638141426665342,51.363328660444985,46.00250015258789,40.6416716447308,1.8001714247801472,81.2446484707023,78.14008882919536,47449524.0,190.7690696996123,-6.153830503806089,50.94195647754117,0.1142628428032042,12948962304,8.733119,3.11,0.3401889,
2021-06-01,52.95000076293945,53.900001525878906,49.70000076293945,50.099998474121094,50.099998474121094,12957520,0,46.31500015258789,47.92700012207031,47.60625543640889,49.07501019057842,,59.320082071962624,0.8969982296776706,-0.03267578057283249,0.9296740102505031,51.86289192284498,46.31500015258789,40.767108382330804,1.9715878060772405,66.83859471247659,74.52467295947183,34492004.0,132.9255972967559,-36.53848552139201,50.956633719168835,0.03804657902413447,12948962304,8.733119,3.11,0.3401889,
2021-06-02,50.349998474121094,52.900001525878906,49.599998474121094,52.599998474121094,52.599998474121094,10210987,0,46.77000007629395,47.82100006103516,48.0818500114291,49.21324502522715,,65.58941591701782,1.1632049501095807,0.20650036556365015,0.9567045845459305,52.792159072926054,46.77000007629395,40.74784107966184,2.0664746093401383,67.03014795407601,71.7044637124183,44702991.0,125.3568385263456,-12.500027509832014,50.98501496721615,0.09787526884334138,12948962304,8.733119,3.11,0.3401889,
2021-06-03,53.349998474121094,53.849998474121094,52.25,52.849998474121094,52.849998474121094,6896439,0,47.21000003814697,47.74400001525879,48.53595938882833,49.35586280753672,,66.15119982027952,1.378458592042172,0.4408920108593545,0.9375665811828174,53.64471792671259,47.21000003814697,40.77528214958136,2.0331548853959207,64.73592355280438,66.20155540645231,51599430.0,135.5544835382617,-10.096181708676013,51.035248502402396,0.08133715363339711,12948962304,8.733119,3.11,0.3401889,
2021-06-04,53.25,54.25,52.70000076293945,53.45000076293945,53.45000076293945,6704397,0,47.660000038146975,47.67900001525879,49.003963329219864,49.516417237160354,,67.5216667564491,1.5792591084245302,0.6685654303723896,0.9106936780521406,54.50540703223266,47.660000038146975,40.81459304406129,1.9986437676576796,80.65359444847316,70.80655531845116,58303827.0,128.62855696408627,-7.441853368005087,51.093249867214105,0.07454254134638118,12948962304,8.733119,3.11,0.3401889,
2021-06-07,54.0,58.29999923706055,53.79999923706055,56.79999923706055,56.79999923706055,17697434,0,48.25,47.683000030517576,49.74644293949041,49.80204790382311,,73.88037155472881,1.9858205410366097,0.9320164525052337,1.053804088531376,56.04486973113548,48.25,40.45513026886452,2.202311960976495,82.37774649120917,75.92242149749553,76001261.0,165.26437070210002,-10.135135657601005,51.401692914018504,0.11763379368142639,12948962304,8.733119,3.11,0.3401889,
2021-06-08,57.099998474121094,59.79999923706055,55.20000076293945,56.75,56.75,16854722,0,48.839999961853025,47.68,50.41344837382466,50.0745166134771,,73.64860918047921,2.27773260133997,1.201159682272181,1.076572919067789,57.30401764333896,48.839999961853025,40.37598228036709,2.3735752833439667,78.55079737042031,80.52737943670085,59146539.0,160.44227255123542,-18.885446868818093,51.71402304084758,0.08736870571667764,12948962304,8.733119,3.11,0.3401889,
2021-06-09,57.349998474121094,59.20000076293945,54.650001525878906,55.79999923706055,55.79999923706055,22843185,0,49.3875,47.675,50.92645321794236,50.29904534381371,,69.2063387391658,2.404698028165498,1.4418673514508444,0.9628306767146537,58.159322259552425,49.3875,40.61567774044758,2.529034137180865,66.62551110988547,75.85135165717162,36303354.0,127.37097892504667,-25.55910916933919,52.04042617633832,0.025639035070189387,12948962304,8.733119,3.11,0.3401889,
2021-06-10,56.400001525878906,64.3499984741211,56.25,63.25,63.25,41078157,0,50.339999961853025,47.85199996948242,52.10012434004309,50.806925918566115,,79.59871740747518,3.0710704544522898,1.7677079720511335,1.3033624824011563,60.653466528772164,50.339999961853025,40.026533394933885,2.9591030728865566,69.22528742827855,71.46719863619474,77381511.0,180.3712734609352,-6.547610262353546,53.0408466564229,0.1460223576588455,12948962304,8.733119,3.11,0.3401889,
2021-06-11,64.8499984741211,65.30000305175781,60.54999923706055,61.099998474121094,61.099998474121094,13965480,0,51.19249992370605,48.04699996948242,52.95725520995528,51.21057582270553,,72.04241970139384,3.3866490660945914,2.091496190859825,1.2951528752347663,62.087602477622,51.19249992370605,40.297397369790104,3.0870245544444646,67.01868217717048,67.62316023844481,63416031.0,170.20627459153883,-24.3478472396525,53.37005989088111,0.10246288073060895,12948962304,8.733119,3.11,0.3401889,
2021-06-14,60.849998474121094,64.19999694824219,57.150001525878906,62.29999923706055,62.29999923706055,10550012,0,52.10749988555908,48.30699996948242,53.84704035539387,51.64545517228808,,73.55156286862064,3.691029531335502,2.4114028589549603,1.2796266723805418,63.49535557081933,52.10749988555908,40.71964420029883,3.3700939021529517,75.28904615607637,70.51100525384179,73966043.0,134.9102810208771,-17.391322616063523,53.57494629743407,0.1182353477275541,12948962304,8.733119,3.11,0.3401889,
2021-06-15,62.45000076293945,64.19999694824219,61.29999923706055,61.650001525878906,61.650001525878906,4218448,0,52.98999996185303,48.555,54.59017951448769,52.03779032340929,,71.30626713449102,3.835589570944684,2.696240201352905,1.1393493695917791,64.4631681468798,52.98999996185303,41.51683177682627,3.3365156027978577,67.01229247493556,69.77334026939413,69747595.0,133.20158730257023,-21.220933456172467,53.66596204715608,0.10779634890767488,12948962304,8.733119,3.11,0.3401889,
2021-06-16,61.849998474121094,62.79999923706055,59.150001525878906,60.0,60.0,4166883,0,53.804999923706056,48.77099998474121,55.10540051310791,52.35003384013834,,65.8139360095493,3.773514385429401,2.911695038168204,0.8618193472611968,64.82969454688856,53.804999923706056,42.780305300523544,3.358907181968128,59.66503145387312,67.32212336162834,65580712.0,96.01437326111737,-30.99416574478162,53.736524754237266,0.10158150664728736,12948962304,8.733119,3.11,0.3401889,
2021-06-17,59.0,61.95000076293945,59.0,59.650001525878906,59.650001525878906,2995559,0,54.59249992370606,49.02300003051758,55.53821965718134,52.6363070827164,,64.67594641354778,3.6539568616863534,3.060147402871834,0.5938094588145195,64.90144150992708,54.59249992370606,44.28355833748504,3.329699580608937,45.94632703721587,57.54121698867485,62585153.0,79.84260321589024,-35.987260372693385,53.78313252385165,0.11031241996635607,12948962304,8.733119,3.11,0.3401889,
2021-06-18,60.0,61.0,56.20000076293945,58.150001525878906,58.150001525878906,5761798,0,55.125,49.257000045776365,55.78696078753349,52.85253039421297,,59.89594892733061,3.398987783406909,3.127915478978849,0.2710723044280603,65.00480282189102,55.125,45.24519717810898,3.4347209846411952,32.162104052641986,45.92448751457699,56823355.0,48.68079942786633,-45.54139771438957,53.846975871818586,0.07714899398589425,12948962304,8.733119,3.11,0.3401889,
2021-06-21,57.25,62.099998474121094,56.54999923706055,59.54999923706055,59.54999923706055,5302785,0,55.65749988555908,49.503000030517576,56.14534540177416,53.115176231187384,,62.66910330928641,3.2721715106223286,3.1567666853075447,0.11540482531478391,65.282585949382,55.65749988555908,46.03241382173617,3.5858122883854344,32.30828764547236,36.805572911776736,62126140.0,56.96148277334948,-36.62421744059643,53.91602080639594,0.07335920850731531,12948962304,8.733119,3.11,0.3401889,
2021-06-22,60.400001525878906,62.0,59.54999923706055,59.79999923706055,59.79999923706055,3597553,0,56.204999923706055,49.745,56.493407671801435,53.377326152986335,,63.159011214149075,3.155467348063219,3.1565068178586797,-0.001039469795460768,65.4573997016559,56.204999923706055,46.95260014575621,3.5046828937107217,40.26515536345776,34.91184902052402,65723693.0,67.65930411096882,-42.14561324532736,53.970676467923234,0.0708792678409464,12948962304,8.733119,3.11,0.3401889,
2021-06-23,60.29999923706055,61.5,58.849998474121094,59.95000076293945,59.95000076293945,3700180,0,56.79750003814697,49.977000045776364,56.82260701381458,53.63507809847469,,63.468789123559,3.040038654697412,3.1332131852264262,-0.09317453052901437,65.39223520952801,56.79750003814697,48.20276486676593,3.4436342245798777,53.32659720717593,41.96668007203534,69423873.0,56.48732855607375,-42.4603279125284,54.02296002983736,0.09294836551563118,12948962304,8.733119,3.11,0.3401889,
2021-06-24,60.29999923706055,60.900001525878906,57.20000076293945,57.900001525878906,57.900001525878906,2727650,0,57.26000003814697,50.21100006103516,56.92521601496357,53.802329997588586,,56.47921772736374,2.751426050902296,3.0568557583616003,-0.3054297074593042,65.0047145694117,57.26000003814697,49.515285506882236,3.4619461201769903,48.97279138615844,47.52151465226404,66696223.0,25.47514018153415,-64.3478180104735,54.05197759674888,0.08194459071499172,12948962304,8.733119,3.11,0.3401889,
2021-06-25,58.0,58.349998474121094,56.29999923706055,56.75,56.75,2686132,0,57.55249996185303,50.403000030517575,56.90852877544323,53.917924899643936,,52.95603480557365,2.4022117689311457,2.9259269604755094,-0.5237151915443636,64.73584752005172,57.55249996185303,50.36915240365433,3.361092771382959,33.377188328731854,45.22552564068874,64010091.0,-12.486188969740324,-80.28170729348521,54.07082329445748,0.03575748587094811,12948962304,8.733119,3.11,0.3401889,
2021-06-28,57.099998474121094,57.900001525878906,56.0,56.20000076293945,56.20000076293945,2247523,0,57.72999992370605,50.58300003051758,56.84104991710954,54.007418070753566,,51.30758235672288,2.057360620055114,2.75221369239143,-0.6948530723363162,64.58809075350096,57.72999992370605,50.871909093911135,3.2567291109898124,13.301854781457651,31.883944832115976,61762568.0,-29.109806707509374,-85.44601863864399,54.08420928160547,-0.036192773936119506,12948962304,8.733119,3.11,0.3401889,
2021-06-29,56.25,58.20000076293945,56.099998474121094,56.70000076293945,56.70000076293945,2298436,0,58.060000038146974,50.74900001525879,56.82761666433144,54.1130095488785,,52.74763096838081,1.8036184308211247,2.562494640077369,-0.7588762092562442,63.99014377651408,58.060000038146974,52.12985629977987,3.1741057665489945,7.939755837418154,18.206266315869215,64061004.0,-32.51813727604738,-92.47311254583788,54.09931216142606,0.012699609168742668,12948962304,8.733119,3.11,0.3401889,
2021-06-30,57.150001525878906,57.25,55.599998474121094,56.099998474121094,56.099998474121094,1788534,0,58.23500003814697,50.91900001525879,56.75831969383521,54.19093068320174,,50.805863427685935,1.536400083671431,2.357275728796181,-0.8208756451247501,63.69852477663384,58.23500003814697,52.7714752996601,3.0652411779297024,8.498196493312294,9.913269037396027,62272470.0,-63.595449209598904,-94.8453632573252,54.10821351788442,-0.03756978761491212,12948962304,8.733119,3.11,0.3401889,
2021-07-01,56.650001525878906,56.75,54.599998474121094,54.900001525878906,54.900001525878906,2020916,0,58.337500190734865,51.08200004577637,56.58133701117271,54.218737382914576,,47.07350986933059,1.2138058946354349,2.128581761964032,-0.9147758673285971,63.45930378804209,58.337500190734865,53.21569659342764,2.9998669170689314,10.053774937051443,8.830575755927292,60251554.0,-99.66996799390814,-96.87496771414561,54.114121851309605,-0.037084748948283675,12948962304,8.733119,3.11,0.3401889,
2021-07-02,55.20000076293945,55.849998474121094,54.5,54.75,54.75,1472685,0,58.40250015258789,51.30600006103516,56.40692396248959,54.239571211035575,,46.612540642254665,0.9352626801395658,1.8899179455991386,-0.9546552654595728,63.30275254420923,58.40250015258789,53.502247760966554,2.882019171144086,8.063597858589993,8.871856429651238,58778869.0,-118.71659125721997,-97.42267960150953,54.11713664015076,-0.042472452732198025,12948962304,8.733119,3.11,0.3401889,
2021-07-05,55.25,56.349998474121094,54.79999923706055,55.650001525878906,55.650001525878906,1687525,0,58.34500026702881,51.55400009155274,56.334836111383815,54.29488220377453,,49.78957218720304,0.7781675462868236,1.6675678657366757,-0.8894003194498521,63.34508991176391,58.34500026702881,53.34491062229371,2.7904462642138723,15.279317551951033,11.132230115864152,60466394.0,-97.23683151722538,-86.14455865557187,54.12268869817829,-0.08469168309204599,12948962304,8.733119,3.11,0.3401889,
2021-07-06,55.79999923706055,57.599998474121094,54.70000076293945,55.04999923706055,55.04999923706055,3174106,0,58.260000228881836,51.77700004577637,56.2124706947816,54.324494636452414,,47.74950040035122,0.5983558765387755,1.4537254678970957,-0.8553695913583201,63.42087201730879,58.260000228881836,53.099128440454884,2.798271367568713,18.526596960491865,13.956504123677625,57292288.0,-85.87792509900672,-92.76316648044917,54.13430192585962,-0.07073827177206296,12948962304,8.733119,3.11,0.3401889,
2021-07-07,55.150001525878906,57.79999923706055,54.650001525878906,56.95000076293945,56.95000076293945,6425556,0,58.317500305175784,52.02900009155273,56.28271165365378,54.42745566102053,,54.15541088868818,0.6022259906064136,1.2834255724389592,-0.6811995818325456,63.39236693649588,58.317500305175784,53.242633673855686,2.8233946778267796,41.021833348052645,24.942582620165172,63717844.0,-64.27641639467515,-67.7631413837516,54.16685987954774,0.036695753897706025,12948962304,8.733119,3.11,0.3401889,
2021-07-08,57.150001525878906,57.5,55.599998474121094,56.0,56.0,4075717,0,57.95500030517578,52.20900009155273,56.25578673425818,54.48912406647071,,50.80171643813729,0.522611620361026,1.1312627820233725,-0.6086511616623465,62.585000003955315,57.95500030517578,53.325000606396245,2.7574380241162175,45.812980031794574,35.12047011344635,59642127.0,-60.795989628098994,-80.2631539321004,54.18616665911575,-0.3276886531389888,12948962304,8.733119,3.11,0.3401889,
2021-07-09,55.900001525878906,56.75,55.29999923706055,56.20000076293945,56.20000076293945,2794945,0,57.7100004196167,52.42500007629395,56.25047378460878,54.556217270253796,,51.48290725977298,0.4702344780914487,0.9990571212369878,-0.5288226431455391,62.163605635295085,57.7100004196167,53.25639520393831,2.6640496483178775,56.30112707646223,47.71198015210314,62437072.0,-63.6191207213895,-77.3333231608073,54.19751661381006,-0.2225827366874498,12948962304,8.733119,3.11,0.3401889,
2021-07-12,56.75,57.650001525878906,54.900001525878906,55.599998474121094,55.599998474121094,3332334,0,57.375000381469725,52.651000061035155,56.188523755038524,54.59714986648389,,49.278546536191655,0.375976027597396,0.8744409025090694,-0.49846487491167335,61.38280565718561,57.375000381469725,53.367195105753844,2.670188959152315,41.60652396475656,47.90687702433778,59104738.0,-59.587789852030774,-84.28573608398436,54.21063654545831,-0.34452124779269233,12948962304,8.733119,3.11,0.3401889,
2021-07-13,56.0,56.400001525878906,55.150001525878906,55.5,55.5,1951262,0,57.067500305175784,52.884000091552736,56.122950064082474,54.632555754072754,,48.9027283091584,0.2898651008975506,0.7575257421867656,-0.46766064128921503,60.63573183767659,57.067500305175784,53.49926877267498,2.5687468906414352,35.44970469377645,44.45245191166507,57153476.0,-69.40101637587226,-84.3750037252894,54.21671874265422,-0.3202168191388153,12948962304,8.733119,3.11,0.3401889,
2021-07-14,55.599998474121094,56.849998474121094,55.5,55.849998474121094,55.849998474121094,3258693,0,56.86000022888184,53.13100006103516,56.09695467456234,54.680298605839354,,50.330526946870535,0.24701607534012737,0.655423808817438,-0.40840773347731063,60.197155063854595,56.86000022888184,53.52284539390908,2.4816934323185538,30.562698971312898,35.8729758766153,60412169.0,-50.15847679183821,-64.9350906709312,54.22939084979302,-0.31442973574316346,12948962304,8.733119,3.11,0.3401889,
2021-07-15,56.0,56.400001525878906,55.25,55.5,55.5,3007794,0,56.65250015258789,53.36000007629394,56.04010184841355,54.71244375855154,,48.86021558375924,0.18270979726307957,0.5608810065065664,-0.3781712092434868,59.77939572855419,56.65250015258789,53.52560457662159,2.3865725818585792,27.782522684844896,31.264975449978078,57404375.0,-63.23228146802599,-72.9729785459408,54.238735190408256,-0.3147572049425201,12948962304,8.733119,3.11,0.3401889,
2021-07-16,55.900001525878906,56.400001525878906,55.0,55.150001525878906,55.150001525878906,2298635,0,56.50250015258789,53.57400009155273,55.95533038912453,54.729602886682024,,47.369944098232274,0.10232511653478582,0.46916982851221023,-0.3668447119774244,59.61545281767104,56.50250015258789,53.38954748750474,2.3161032207171743,21.818126331676115,26.721115995944633,55105740.0,-69.55357256749912,-82.43239481489958,54.24484188992814,-0.3450966930455653,12948962304,8.733119,3.11,0.3401889,
2021-07-19,54.599998474121094,54.900001525878906,53.599998474121094,53.75,53.75,3437691,0,56.212500190734865,53.74900009155274,55.74529892349363,54.6911870872043,,41.86886104970407,-0.07350146577583416,0.36063556965460136,-0.4341370354304355,59.21447881617119,56.212500190734865,53.21052156529854,2.26138178007722,11.841488996029993,20.480712670850334,51668049.0,-147.43978448296937,-96.4285357468858,54.243695853734614,-0.40921738345846387,12948962304,8.733119,3.11,0.3401889,
2021-07-20,53.79999923706055,54.04999923706055,51.150001525878906,51.5,51.5,6373093,0,55.79750022888184,53.880000076293946,55.34098474030376,54.566042495549226,,34.861827843803866,-0.3899068910530943,0.21052707751306224,-0.6004339685661565,58.9897529635946,55.79750022888184,52.60524749416908,2.3069972037275357,6.6155560171029455,13.425057114936351,45294956.0,-259.3027123577135,-94.7368632393273,54.21759319720642,-0.4229701138637274,12948962304,8.733119,3.11,0.3401889,
2021-07-22,52.400001525878906,53.150001525878906,51.20000076293945,51.650001525878906,51.650001525878906,4201479,0,55.38250026702881,54.0160001373291,54.989462529406154,54.451687947719016,,35.635201342197234,-0.6213935624560136,0.04414294951924705,-0.6655365119752606,58.46361607305464,55.38250026702881,52.30138446100298,2.2814974579569585,6.759856161403089,8.405633724845343,49496435.0,-246.38885645689263,-92.48120041967421,54.19877221367273,-0.4461818932413054,12948962304,8.733119,3.11,0.3401889,
2021-07-23,52.150001525878906,52.29999923706055,51.20000076293945,51.900001525878906,51.900001525878906,2922054,0,55.082500267028806,54.17000015258789,54.69522814811784,54.351621813529206,,36.97819381648268,-0.7757333356354366,-0.11983230751168969,-0.6559010281237468,58.29050144983771,55.082500267028806,51.8744990842199,2.197104673397254,9.98328373480625,7.786231971104094,52418489.0,-203.94689119663957,-88.7218006295113,54.18469619966398,-0.4042124316406444,12948962304,8.733119,3.11,0.3401889,
2021-07-26,51.900001525878906,52.900001525878906,51.75,51.849998474121094,51.849998474121094,1781240,0,54.837500190734865,54.3260001373291,54.424253893451485,54.253518937473984,,36.81274466356508,-0.891803391849173,-0.2742265243791864,-0.6175768674699866,58.24115615685487,54.837500190734865,51.43384422461486,2.1223115914316577,14.15870303199403,10.300614309401121,50637249.0,-147.1509227580446,-89.47372647865461,54.17750333695055,-0.40966874173531687,12948962304,8.733119,3.11,0.3401889,
2021-07-27,52.25,52.349998474121094,50.349998474121094,50.70000076293945,50.70000076293945,2357021,0,54.562500190734866,54.46000015258789,54.06956311911701,54.11416528357067,,33.140260588971266,-1.064316177616881,-0.4322444550267253,-0.6320717225901558,58.34864237993652,54.562500190734866,50.77635800153321,2.1135750491865393,14.137272980345395,12.759753249048558,48280228.0,-158.4254443184916,-95.30198318153913,54.163213056097014,-0.40493481764546213,12948962304,8.733119,3.11,0.3401889,
2021-07-28,51.04999923706055,51.04999923706055,49.29999923706055,50.04999923706055,50.04999923706055,2819851,0,54.23000011444092,54.5810001373291,53.68674751130211,53.95478622292322,,31.24304303946358,-1.239198781891126,-0.5936353203996054,-0.6455634614915207,58.35933404451492,54.23000011444092,50.10066618436692,2.0876054028160724,15.868870851571012,14.721615621303478,45460377.0,-162.63890224618447,-91.01796653392134,54.14070725828557,-0.39196768808889254,12948962304,8.733119,3.11,0.3401889,
2021-07-29,50.45000076293945,52.400001525878906,49.650001525878906,51.75,51.75,2737927,0,54.01250019073486,54.742000122070316,53.502295367368575,53.8683240181027,,40.79020320284296,-1.2264805473770153,-0.7202043657950874,-0.5062761815819279,58.18297680370076,54.01250019073486,49.84202357776896,2.1349193026149242,32.331853582676644,20.779332471531017,48198304.0,-103.84904592950019,-70.6586815404794,54.12520688694074,-0.3514024808854307,12948962304,8.733119,3.11,0.3401889,
2021-07-30,51.95000076293945,53.5,51.95000076293945,52.95000076293945,52.95000076293945,2567163,0,53.91500015258789,54.92300010681152,53.449695881232465,53.83231134142963,,46.44332398972539,-1.1068125757439944,-0.7975260077848688,-0.30928656795912557,58.08909878970408,53.91500015258789,49.740901515471705,2.107425066713858,58.14694127597634,35.449221903407995,50765467.0,-44.93247504010221,-56.287418857756606,54.11853922113293,-0.3132034218817027,12948962304,8.733119,3.11,0.3401889,
2021-08-02,53.29999923706055,54.45000076293945,52.79999923706055,54.04999923706055,54.04999923706055,3183238,0,53.88000011444092,55.05400009155274,53.50686762940657,53.84084812165045,,51.056353774015115,-0.9126932031586676,-0.8205594468596286,-0.09213375629903908,58.0372106483473,53.88000011444092,49.72278958053454,2.0747519566542185,82.39776610327559,57.625520320642856,53948705.0,-9.433287924837677,-37.08608635768121,54.11635754344336,-0.2650131606116141,12948962304,8.733119,3.11,0.3401889,
2021-08-03,54.150001525878906,54.79999923706055,53.54999923706055,54.099998474121094,54.099998474121094,2048080,0,53.80249996185303,55.15800003051758,53.56335628128414,53.85101088057087,,51.26184708431808,-0.7462157703629586,-0.8056907115602946,0.059474941197335984,57.88189614081985,53.80249996185303,49.72310378288621,2.0158411026074887,88.80349274371747,76.4494000409898,55996785.0,6.774289333931923,-36.42384474028983,54.1164912116829,-0.26985555932170635,12948962304,8.733119,3.11,0.3401889,
2021-08-04,54.349998474121094,54.599998474121094,53.0,53.25,53.25,1701832,0,53.7125,55.246000061035154,53.53351282592375,53.827441826430835,,47.60275837296295,-0.6750869959330998,-0.7795699684348556,0.10448297250175576,57.75711043435306,53.7125,49.66788956564694,1.9861380577156034,83.13620328067891,84.77915404255732,54294953.0,-9.010735656681055,-44.366204372071486,54.11484642360708,-0.2565702671191747,12948962304,8.733119,3.11,0.3401889,
2021-08-05,53.400001525878906,53.45000076293945,50.95000076293945,51.45000076293945,51.45000076293945,1341083,0,53.4375,55.31300010681152,53.335083105639534,53.73420884354882,,40.93853106702633,-0.7552557072885122,-0.774707116205587,0.019451408917074753,57.30840065581779,53.4375,49.56659934418221,2.022842482164489,56.72088186497803,76.22019262979147,52953870.0,-65.11550674715154,-69.7182981297781,54.10924713185284,-0.3436449389140182,12948962304,8.733119,3.11,0.3401889,
2021-08-06,51.54999923706055,52.25,51.0,51.349998474121094,51.349998474121094,713282,0,53.204999923706055,55.367000045776365,53.146027426447304,53.64071039768891,,40.59847563819104,-0.8174364391417868,-0.7832529807928269,-0.03418345834895986,56.98995672919449,53.204999923706055,49.42004311821762,1.9676394477241685,31.09316241711039,56.98341585425578,52240588.0,-73.32347659247822,-63.39288572874653,54.105708412310456,-0.3274072582737412,12948962304,8.733119,3.11,0.3401889,
2021-08-09,51.349998474121094,53.29999923706055,50.70000076293945,52.099998474121094,52.099998474121094,2734397,0,52.999999809265134,55.390999984741214,53.046405621463855,53.58029032225488,,44.33312880701428,-0.7970089619425949,-0.7860041770227805,-0.011004784919814381,56.55077401597647,52.999999809265134,49.449225602553796,2.0128079496096634,19.174290512779283,35.662778264955904,54974985.0,-48.03116774711994,-49.09092296253551,54.09485159994803,-0.33624697026318767,12948962304,8.733119,3.11,0.3401889,
2021-08-10,52.0,52.349998474121094,49.5,49.900001525878906,49.900001525878906,1916200,0,52.714999961853025,55.335999984741214,52.746748088551,53.435965271416606,,36.98715872592038,-0.9474201370800088,-0.8182873690342262,-0.12913276804578266,56.300121588087784,52.714999961853025,49.129878335618265,2.072607272789051,17.459674308286978,22.575709079392215,53058785.0,-101.40825527672003,-89.09086747602983,54.082007118311886,-0.3403444214067207,12948962304,8.733119,3.11,0.3401889,
2021-08-11,49.900001525878906,50.400001525878906,47.70000076293945,48.95000076293945,48.95000076293945,1562794,0,52.3875,55.31300003051758,52.385153105159425,53.26004509461358,,34.34097523327883,-1.1302503763300749,-0.8806799704933959,-0.249570405836679,56.08991420236929,52.3875,48.68508579763071,2.11742109351408,21.242866100715208,19.292276973927155,51495991.0,-157.3521559462541,-82.39436241351112,54.066941136330726,-0.32881603567149253,12948962304,8.733119,3.11,0.3401889,
2021-08-12,49.400001525878906,52.54999923706055,49.25,51.900001525878906,51.900001525878906,1827668,0,52.19000015258789,55.299000091552735,52.33894819284699,53.20671005270242,,47.017125034165126,-1.0252853989116772,-0.9096010561770521,-0.11568434273462513,55.53687899455302,52.19000015258789,48.84312131062276,2.223319477843152,34.860778005099384,24.521106138033854,53323659.0,-55.33266193828797,-40.845046963768965,54.057118770206365,-0.28600536618563366,12948962304,8.733119,3.11,0.3401889,
2021-08-13,51.79999923706055,52.75,50.70000076293945,51.0,51.0,1209420,0,51.96500015258789,55.26200012207031,52.21142931733775,53.12017240357684,,44.21268823232181,-1.003158710418525,-0.9283125870253467,-0.0748461233931782,54.98014496792454,51.96500015258789,48.94985533725124,2.210939460644395,51.88924611866786,35.99763007482748,52114239.0,-37.74509394732588,-53.52112751729777,54.05122852321118,-0.27936464890791707,12948962304,8.733119,3.11,0.3401889,
2021-08-16,50.95000076293945,51.349998474121094,50.400001525878906,50.599998474121094,50.599998474121094,540591,0,51.7375,55.20500007629394,52.057959713221884,53.0213420534021,,42.98549045546304,-1.0062999313510659,-0.9439100558904905,-0.062389875460575395,54.42597022423754,51.7375,49.049029775762456,2.1208721383299514,63.78477128268427,50.178265135483834,51573648.0,-74.28575189841634,-59.154953036231035,54.047889057190794,-0.2584802090266186,12948962304,8.733119,3.11,0.3401889,
2021-08-17,50.599998474121094,50.95000076293945,48.900001525878906,49.099998474121094,49.099998474121094,910529,0,51.50499992370605,55.051000061035154,51.776249119021806,52.867563873822455,,38.652753085846044,-1.1169513160548945,-0.9785183079233712,-0.13843300813152326,54.26052140148629,51.50499992370605,48.74947844592582,2.1158097882392797,48.02567031020292,54.56656257051835,50663119.0,-136.49180357567312,-80.28171814001769,54.04033237446234,-0.23079457724829028,12948962304,8.733119,3.11,0.3401889,
2021-08-18,49.45000076293945,49.70000076293945,48.29999923706055,48.900001525878906,48.900001525878906,697019,0,51.375,54.89400009155273,51.50232077681772,52.71197319351094,,38.101314400959645,-1.2068693789612013,-1.0241885221309373,-0.18268085683026403,54.35535182898636,51.375,48.39464817101364,2.0646806266421103,32.8772107530253,48.22921744863749,49966100.0,-156.8263588243171,-83.09857717134226,54.033667550011394,-0.14467591753375544,12948962304,8.733119,3.11,0.3401889,
2021-08-20,48.29999923706055,48.5,46.349998474121094,46.54999923706055,46.54999923706055,1065095,0,51.11999988555908,54.70900009155273,51.03067110636466,52.47032715600309,,32.274787128430155,-1.4510290765973934,-1.1095566330242286,-0.34147244357316486,54.76189473518186,51.11999988555908,47.4781050359363,2.099346514150375,14.776979169370769,31.893286744199667,48901005.0,-216.50929856936744,-97.63312727950714,54.01984430739956,-0.11897378113823553,12948962304,8.733119,3.11,0.3401889,
2021-08-23,47.29999923706055,47.29999923706055,44.650001525878906,44.849998474121094,44.849998474121094,1040314,0,50.76749973297119,54.34100006103515,50.442035617579556,52.171490737105756,,28.839075717687862,-1.7613989395770702,-1.2399250943347968,-0.5214738452422734,55.29599569670117,50.76749973297119,46.23900376924121,2.138678742509751,6.531078934543982,18.061756285646688,47860691.0,-226.6949233362234,-98.02958627249873,54.003401688537735,-0.17376050278532426,12948962304,8.733119,3.11,0.3401889,
2021-08-24,45.0,47.70000076293945,44.54999923706055,47.099998474121094,47.099998474121094,1514238,0,50.52999973297119,54.06100006103516,50.12374636582161,51.972608687576944,,38.21388168293519,-1.8050061092668273,-1.352941297321203,-0.4520648119456243,55.29837504174583,50.52999973297119,45.761624424196555,2.2109160841789763,15.31792339777865,12.20866050056447,49374929.0,-158.0115161044119,-74.62687133689397,53.98199218957183,-0.10525925460089318,12948962304,8.733119,3.11,0.3401889,
2021-08-25,47.20000076293945,47.900001525878906,46.900001525878906,47.20000076293945,47.20000076293945,408735,0,50.354999732971194,53.759000091552736,49.845294403642356,51.78544759249312,,38.60104463699325,-1.8106240099525905,-1.4444778398474805,-0.3661461701051101,55.33765983008549,50.354999732971194,45.372339635856896,2.124422078166192,31.428361359982418,17.759121230768354,49783664.0,-107.32384011376399,-70.22470706130346,53.97690926808942,-0.06950301763683356,12948962304,8.733119,3.11,0.3401889,
2021-08-26,46.900001525878906,47.650001525878906,46.0,46.5,46.5,531742,0,50.177499771118164,53.456000061035155,49.5266949366288,51.578175137885545,,36.85991744569779,-1.8502321239442665,-1.5256286966668378,-0.32460342727742875,55.43625211604611,50.177499771118164,44.918747426190215,2.0905348958599577,46.88905067645539,31.21177847807216,49251922.0,-110.9049620053453,-77.71427699497768,53.96969557022164,-0.06836816047745796,12948962304,8.733119,3.11,0.3401889,
2021-08-27,46.5,47.45000076293945,46.25,47.0,47.0,379169,0,49.93999977111817,53.19600006103516,49.28605732361653,51.398638857968464,,38.977204365419325,-1.8202928158301148,-1.5845615204994932,-0.23573129533062165,55.32085479522056,49.93999977111817,44.55914474701577,2.0269253149370643,57.98590820493314,45.43444008045699,49631091.0,-92.32553237951156,-71.99999128069197,53.96469025061152,-0.12250810405929397,12948962304,8.733119,3.11,0.3401889,
2021-08-30,47.400001525878906,47.79999923706055,46.349998474121094,47.099998474121094,47.099998474121094,804261,0,49.64749965667725,52.945,49.0778612427122,51.23006472526857,,39.41477617803968,-1.7681149290207046,-1.6212722022037354,-0.1468427268169692,54.97783508719709,49.64749965667725,44.3171642261574,1.9857164183658063,66.20690925204083,57.02728937780979,50435352.0,-78.23794693867926,-68.90245122188928,53.954371722336845,-0.15823543975431567,12948962304,8.733119,3.11,0.3401889,
2021-08-31,47.400001525878906,47.599998474121094,46.599998474121094,46.70000076293945,46.70000076293945,469465,0,49.27999973297119,52.71599998474121,48.8513983398767,51.05241515811841,,38.2337673405489,-1.7389940097170395,-1.6448165637063963,-0.09417744601064326,54.35280965064208,49.27999973297119,44.2071898153003,1.9153081027682486,62.03191506633318,62.07491084110239,49965887.0,-74.09887094596607,-73.78047163610024,53.94826083253605,-0.2626443615469316,12948962304,8.733119,3.11,0.3401889,
2021-09-01,46.70000076293945,47.29999923706055,46.599998474121094,46.900001525878906,46.900001525878906,586502,0,48.91999988555908,52.46300003051758,48.665551024257866,50.889575407834506,,39.21450503943981,-1.6804064022820526,-1.6519345314215275,-0.02847187086052516,53.5784762051823,48.91999988555908,44.26152356593586,1.8285004356376204,54.32051666594608,60.853113661440034,50552389.0,-68.79022108898495,-71.34143816864774,53.94060512920674,-0.2727510008273779,12948962304,8.733119,3.11,0.3401889,
2021-09-02,47.0,48.5,46.0,46.900001525878906,46.900001525878906,1029344,0,48.60249996185303,52.20500007629394,48.497403452983676,50.73312153011076,,39.2145050394398,-1.6153545001346288,-1.6446185251641476,0.02926402502951886,52.887879208860895,48.60249996185303,44.31712071484516,1.8764646902349331,40.94742760973062,52.43328644733663,50552389.0,-56.120828377135574,-71.34143816864774,53.92759160416657,-0.23993561025165852,12948962304,8.733119,3.11,0.3401889,
2021-09-03,47.0,49.599998474121094,47.0,48.95000076293945,48.95000076293945,1485259,0,48.47749996185303,51.98500007629394,48.54050795869375,50.66319522551581,,48.86615608880344,-1.382446609169449,-1.5921841419652079,0.2097375327957589,52.5646107371562,48.47749996185303,44.390389186549854,1.9352884229497371,55.981555789609295,50.416500021762005,52037648.0,-3.203790199529944,-35.294087947855324,53.91270694987326,-0.166106026391212,12948962304,8.733119,3.11,0.3401889,
2021-09-06,49.349998474121094,51.599998474121094,49.0,49.54999923706055,49.54999923706055,2467164,0,48.3875,51.81800003051758,48.636649985204876,50.619540480870505,,51.30330609928188,-1.136351413364629,-1.501017596245092,0.36466618288046293,52.29286501693935,48.3875,44.482134983060654,1.986339086394873,60.44580739903071,52.45826359945688,54504812.0,59.51562993319204,-29.078006509335186,53.89513682155019,-0.20140334339944005,12948962304,8.733119,3.11,0.3401889,
2021-09-07,49.29999923706055,50.45000076293945,48.5,48.75,48.75,826363,0,48.22000007629394,51.65800003051758,48.64744522470917,50.546225167895194,,48.01710665532621,-0.9944095163216389,-1.3996959802604014,0.40528646393876255,51.7426983721601,48.22000007629394,44.697301780427786,1.9837434918623431,64.81483913323898,60.41406744062633,53678449.0,36.03412388793783,-40.42551464600417,53.8880451484986,-0.2582434139774544,12948962304,8.733119,3.11,0.3401889,
2021-09-08,48.70000076293945,49.95000076293945,48.54999923706055,48.75,48.75,558680,0,48.1625,51.50900001525879,48.657212346165444,50.475784965232634,,48.01710665532622,-0.8718691751475447,-1.2941306192378301,0.42226144409028543,51.610380110779175,48.1625,44.71461988922083,1.9420476371492406,53.86905775589471,59.70990142938814,53678449.0,34.49047944048513,-40.42551464600417,53.88310877574591,-0.22667373743710986,12948962304,8.733119,3.11,0.3401889,
2021-09-09,48.54999923706055,50.54999923706055,48.54999923706055,49.25,49.25,1010255,0,48.17749996185303,51.36,48.71366831319731,50.427714966596064,,50.32358108352384,-0.726039914396928,-1.1805124782696497,0.4544725638727216,51.64152609087614,48.17749996185303,44.71347383282992,1.9461870916385806,49.042457392970384,55.908784760701366,54688704.0,49.227353298683774,-33.33331529693769,53.874888037451164,-0.24281679604634415,12948962304,8.733119,3.11,0.3401889,
2021-09-13,49.29999923706055,50.04999923706055,49.20000076293945,49.5,49.5,738336,0,48.05749988555908,51.22800003051758,48.788557045273755,50.39133398751387,,51.482730013905666,-0.583569240995196,-1.061123830814759,0.477554589819563,51.14299411512092,48.05749988555908,44.97200565599724,1.8678879046730459,43.426098778433094,48.77920464243274,55427040.0,62.152173326301366,-29.787215622404446,53.869079699376336,-0.3297971074520466,12948962304,8.733119,3.11,0.3401889,
2021-09-14,49.70000076293945,52.04999923706055,49.70000076293945,51.349998474121094,51.349998474121094,3038981,0,48.07499980926514,51.15699996948242,49.03250384802112,50.42892867326317,,59.09008348772197,-0.3177183309528999,-0.9124427308423873,0.5947243998894873,51.230233185384904,48.07499980926514,44.91976643314537,1.9166101427007245,53.81760150313128,48.762052558178254,58466021.0,133.0169864745075,-11.570262003529699,53.853370067150074,-0.1961117239440505,12948962304,8.733119,3.11,0.3401889,
2021-09-15,51.5,52.25,50.25,50.54999923706055,50.54999923706055,1632029,0,48.07249984741211,51.07299995422363,49.177027218405826,50.43367653851013,,55.06896353060312,-0.1696274621558942,-0.7638796771050886,0.5942522149491944,51.219796058535955,48.07249984741211,44.925203636288266,1.9225665610792444,55.53126257138771,50.92498761765069,56833992.0,130.5882293102787,-27.20001220703125,53.844955684289424,-0.22514901647736393,12948962304,8.733119,3.11,0.3401889,
2021-09-16,50.599998474121094,51.25,49.70000076293945,49.849998474121094,49.849998474121094,803877,0,48.10999984741211,50.956999893188474,49.24111971895014,50.41078720265173,,51.75047450588251,-0.10750929290946942,-0.6326056002659648,0.5250963073564954,51.322568605986675,48.10999984741211,44.89743108883755,1.895954609363623,56.49027153009664,55.279711868205204,56030115.0,91.84417271052067,-38.4000244140625,53.839735192603825,-0.22227686064390087,12948962304,8.733119,3.11,0.3401889,
2021-09-17,50.150001525878906,50.25,48.70000076293945,48.849998474121094,48.849998474121094,691067,0,48.10749969482422,50.83299987792969,49.20387007658547,50.34957980153288,,47.359816005711316,-0.13738811423594655,-0.5335621030599611,0.39617398882401456,51.31768225795458,48.10749969482422,44.89731713169386,1.8712435113419748,31.13814624180039,47.719893447761585,55339048.0,44.63437700991631,-54.4000244140625,53.834006837969085,-0.24405321134204053,12948962304,8.733119,3.11,0.3401889,
2021-09-20,48.75,49.599998474121094,47.349998474121094,47.650001525878906,47.650001525878906,838407,0,48.162499809265135,50.64699989318848,49.0558825955658,50.24371398680135,,42.68023518693281,-0.25495802294996395,-0.4778412870379617,0.22288326408799775,51.300950289678056,48.162499809265135,45.024049328852215,1.8982975462461193,15.160968390357752,34.263128720751595,54500641.0,-6.6627402278097145,-73.5999755859375,53.82545784778978,-0.23461703883920504,12948962304,8.733119,3.11,0.3401889,
2021-09-21,47.650001525878906,48.0,47.0,47.75,47.75,474098,0,48.30749988555908,50.48199989318848,48.93151282455953,50.14592128143659,,43.18404333189083,-0.3361886085031358,-0.4495107513309965,0.11332214282786068,51.06526519989702,48.30749988555908,45.549734571221144,1.834133435799968,8.211170728830517,18.170095120329552,54974739.0,-43.5962625735575,-72.0,53.820106408789535,-0.18594323295680615,12948962304,8.733119,3.11,0.3401889,
2021-09-22,48.29999923706055,50.099998474121094,48.29999923706055,48.650001525878906,48.650001525878906,1745532,0,48.38500003814697,50.33099990844727,48.90470222468519,50.0872577616108,,47.644294888664085,-0.3242046024304912,-0.42444952155089544,0.10024491912040423,51.08927331896788,48.38500003814697,45.68072675732606,1.8709809385371912,19.743929651434158,14.372022923540811,56720271.0,24.267024012807287,-57.5999755859375,53.80499233469219,-0.281516107080167,12948962304,8.733119,3.11,0.3401889,
2021-09-23,48.849998474121094,49.29999923706055,47.20000076293945,48.04999923706055,48.04999923706055,1003021,0,48.42749996185303,50.179999923706056,48.823301940149506,50.00736527045197,,45.10225904790837,-0.35898421498665556,-0.41135646023804745,0.05237224525139189,51.08220699921052,48.42749996185303,45.77279292449554,1.8873393339360411,28.4723161443814,18.80913884154869,55717250.0,-23.966364937561686,-80.00001453218006,53.79484641577158,-0.2748974567355829,12948962304,8.733119,3.11,0.3401889,
2021-09-24,48.25,48.5,47.45000076293945,47.54999923706055,47.54999923706055,648420,0,48.47999992370605,50.020999908447266,48.7020350160458,49.910997975024856,,43.04135178967583,-0.42202825086414464,-0.4134908183632669,-0.00853743250087774,51.01917198444429,48.47999992370605,45.940827862967815,1.8275293270163628,29.624384584420245,25.946876793411935,55068830.0,-49.019592883539886,-89.52382405598959,53.78789899929815,-0.28824466582033537,12948962304,8.733119,3.11,0.3401889,
2021-09-27,48.0,48.400001525878906,46.900001525878906,47.150001525878906,47.150001525878906,762560,0,48.4875,49.846999969482425,48.55422230269657,49.80272360447011,,41.41112015203623,-0.49852093683548304,-0.4304968420577101,-0.06802409477777294,51.00997278325606,48.4875,45.965027216743934,1.8041343750866226,19.287365296350217,25.794688675050622,54306270.0,-73.20744774051545,-95.3271014709762,53.77927031223938,-0.31103838795155775,12948962304,8.733119,3.11,0.3401889,
2021-09-28,47.25,48.150001525878906,46.900001525878906,47.25,47.25,829688,0,48.49500007629395,49.68199996948242,48.430010654820705,49.70261679645167,,42.002536014511975,-0.544792867375044,-0.4533560471211769,-0.09143682025386707,51.00176952935974,48.49500007629395,45.988230623228155,1.7645533482947209,12.163963267826643,20.358571049532372,55135958.0,-78.52755313770794,-93.45797058047587,53.76983448702089,-0.32882515346360697,12948962304,8.733119,3.11,0.3401889,
2021-09-29,47.349998474121094,49.20000076293945,47.0,48.75,48.75,1342856,0,48.597500038146975,49.55399993896484,48.46048583055207,49.665259275022194,,50.133937746592075,-0.4551792190242665,-0.4537206815017948,-0.0014585375224717145,50.96614281563244,48.597500038146975,46.22885726066151,1.795656735055059,31.94443782169979,21.131922128625554,56478814.0,-30.362485112904103,-65.4205794063331,53.7567425539804,-0.26413789954677197,12948962304,8.733119,3.11,0.3401889,
2021-09-30,49.0,49.0,47.900001525878906,48.0,48.0,667413,0,48.652499961853025,49.43899993896484,48.41663003716616,49.59995498972721,,46.614810091555164,-0.4396109279343534,-0.4508987307883065,0.011287802853953088,50.90937161531331,48.652499961853025,46.39562830839274,1.7459668592740614,45.28228083099367,29.7968939735067,55811401.0,-38.504212093393534,-79.4392749934045,53.75023922573862,-0.2836531006785898,12948962304,8.733119,3.11,0.3401889,
2021-10-01,47.650001525878906,49.5,47.54999923706055,48.45000076293945,48.45000076293945,3179586,0,48.72999992370605,49.37799995422363,48.41980820152552,49.554858745539455,,48.93111766360834,-0.38650624097204656,-0.43802023282505453,0.05151399185300798,50.84267493783777,48.72999992370605,46.617324909574336,1.760540709535875,61.50825666811691,46.24499177360346,58990987.0,-31.539195586870896,-71.02804338060707,53.72059784669884,-0.25723987161851497,12948962304,8.733119,3.11,0.3401889,
2021-10-04,48.45000076293945,50.849998474121094,48.45000076293945,49.79999923706055,49.79999923706055,2277488,0,48.77249984741211,49.340999908447266,48.55125496681457,49.56447209814812,,55.209731993402976,-0.23280318925149857,-0.39697682411034335,0.16417363485884479,50.93478344896407,48.77249984741211,46.610216245860144,1.8062162096534295,60.286382344474454,55.69230661452835,61268475.0,53.83945470814084,-45.79441984498777,53.704404269174006,-0.26719268439099153,12948962304,8.733119,3.11,0.3401889,
2021-10-05,49.70000076293945,51.95000076293945,49.70000076293945,50.900001525878906,50.900001525878906,2829107,0,48.839999961853025,49.32099990844726,48.77494511529689,49.61684580119639,,59.571296160012736,-0.021978072251293668,-0.3219770737385334,0.29999900148723974,51.17272303370212,48.839999961853025,46.50727689000393,1.8379150518210419,70.6070026750517,64.13388056254769,64097582.0,131.1867343321743,-20.792067241414475,53.69019429511192,-0.2012147005309189,12948962304,8.733119,3.11,0.3401889,
2021-10-06,51.150001525878906,51.5,49.54999923706055,49.75,49.75,1102175,0,48.88999996185303,49.278999938964844,48.867807485268614,49.62206753448281,,53.68550120732542,0.051710750368229697,-0.24723950891718077,0.29895025928541047,51.255501377027706,48.88999996185303,46.52449854667835,1.8459211740437855,67.40187258890796,66.09841920281137,62995407.0,81.24293378380388,-43.56437812493626,53.68356737810097,-0.20908960777896127,12948962304,8.733119,3.11,0.3401889,
2021-10-07,50.400001525878906,50.70000076293945,49.75,49.95000076293945,49.95000076293945,790032,0,48.95,49.263999938964844,48.97087351171346,49.63492766108895,,54.52697357099886,0.1248093389186522,-0.17282973935001417,0.29763907826866637,51.35873354040662,48.95,46.54126645959339,1.7819268589649047,61.11112259295396,66.37333261897122,63785439.0,65.16496261483498,-39.603966379292764,53.67864826795522,-0.20946665628731648,12948962304,8.733119,3.11,0.3401889,
2021-10-08,49.70000076293945,50.5,49.5,49.95000076293945,49.95000076293945,683158,0,48.98500003814697,49.261999969482424,49.06412372611593,49.647283469004655,,54.52697357099885,0.18065798420552426,-0.10213219463890648,0.28279017884443075,51.43021936638253,48.98500003814697,46.53978070991141,1.7260749404674114,49.134204388601226,59.21573319015439,63785439.0,52.44446029496996,-39.603966379292764,53.6742260769609,-0.2030916990762903,12948962304,8.733119,3.11,0.3401889,
2021-10-11,50.400001525878906,50.54999923706055,49.75,49.900001525878906,49.900001525878906,577316,0,49.00500011444092,49.225,49.143731135617166,49.65719398103894,,54.24124502581521,0.21836672175359695,-0.03803241136040579,0.25639913311400275,51.47317719547408,49.00500011444092,46.53682303340776,1.6599266759383495,37.909733658219274,49.38502021325815,63208123.0,54.9079898238063,-40.59405043106086,53.67058145081256,-0.20989669833883368,12948962304,8.733119,3.11,0.3401889,
2021-10-12,50.0,54.0,49.5,52.95000076293945,52.95000076293945,7468622,0,49.08500022888184,49.225,49.50623300488596,49.78632365876052,,65.95942493042763,0.4887268772419162,0.06731944636005861,0.4214074308818576,51.92737609988196,49.08500022888184,46.242624357881716,1.8627890562284672,45.28347142895788,44.10913649192613,70676745.0,170.53247538346824,-14.788724827022246,53.65096426569251,-0.08848172914792177,12948962304,8.733119,3.11,0.3401889,
2021-10-13,53.599998474121094,53.900001525878906,51.849998474121094,52.20000076293945,52.20000076293945,1933075,0,49.16750030517578,49.18800003051758,49.762782315176764,49.88097766284597,,61.770403193006054,0.635148914992115,0.1808853400864699,0.4542635749056451,52.259955121067904,49.16750030517578,46.07504548928365,1.8761614844805634,50.99776279464695,44.730322627274695,68743670.0,181.30837421484952,-25.35210737891557,53.64763302505372,-0.09187315314190074,12948962304,8.733119,3.11,0.3401889,
2021-10-14,52.70000076293945,54.79999923706055,51.650001525878906,53.29999923706055,53.29999923706055,4034731,0,49.34000034332276,49.172000045776365,50.09966011726093,50.01505694026615,,65.25566392608478,0.8303780374899148,0.3107838795671589,0.5195941579227559,52.91303833220184,49.34000034332276,45.76696235444367,1.9671497863877832,69.45493656951764,55.24539026437416,72778401.0,181.5280171691173,-18.98734727323912,53.64489000134606,-0.05830463125471066,12948962304,8.733119,3.11,0.3401889,
2021-10-18,53.5,54.849998474121094,51.45000076293945,53.54999923706055,53.54999923706055,3581513,0,49.57500038146973,49.17800003051758,50.428263842956135,50.153682128375735,,66.0140111060002,0.9938153495609541,0.4473901735659179,0.5464251759950361,53.58030912973726,49.57500038146973,45.5696916332022,2.0694960667302014,69.13302266576902,63.19524067664454,76359914.0,153.4850649918885,-16.35219793823931,53.64268948419298,-0.01564484224363697,12948962304,8.733119,3.11,0.3401889,
2021-10-19,53.900001525878906,55.25,51.0,51.599998474121094,51.599998474121094,3890458,0,49.77250022888184,49.18099998474121,50.539857617352794,50.21040041644418,,55.78604883092263,0.9549833782190404,0.5489088144965424,0.40607456372249806,53.768181991269635,49.77250022888184,45.77681846649404,2.225246347678044,61.306921212169094,66.63162681581859,72469456.0,110.90845246758201,-44.24244273792613,53.63595076380674,-0.0691193463324706,12948962304,8.733119,3.11,0.3401889,
2021-10-20,51.599998474121094,52.150001525878906,49.45000076293945,49.900001525878906,49.900001525878906,1702095,0,49.880000305175784,49.15200004577637,50.47891894197433,50.19822791093182,,48.701768027898105,0.7780641754193667,0.5947398866811072,0.18332428873825946,53.76643794929754,49.880000305175784,45.99356266105403,2.2591573773395734,39.993763122468515,56.81123566680221,70767361.0,20.38335090909135,-69.48049277957145,53.62696559598536,-0.1004697976572137,12948962304,8.733119,3.11,0.3401889,
2021-10-21,50.04999923706055,50.75,48.54999923706055,48.79999923706055,48.79999923706055,1335783,0,49.88750019073486,49.08600006103516,50.31902182722064,50.14339541391726,,44.74245277192877,0.5428359658509905,0.5843591025150838,-0.04152313666409335,53.76498308954019,49.88750019073486,46.010017291929536,2.254931904882422,16.003896772154313,39.10152703559731,69431578.0,-29.420321920644128,-83.76623537472462,53.61740744419568,-0.10063353618188675,12948962304,8.733119,3.11,0.3401889,
2021-10-22,48.900001525878906,49.400001525878906,47.45000076293945,47.79999923706055,47.79999923706055,1233075,0,49.875000190734866,49.04400001525879,50.07911491387206,50.051497524628765,53.4492499923706,41.44387445688856,0.27258211543871624,0.5220037050998103,-0.24942158966109407,53.777627347650316,49.875000190734866,45.972373033819416,2.2331511090293525,5.325712695527838,20.44112419671689,68198503.0,-79.57924427732141,-95.5128396364691,53.606245440502185,-0.11473295217057412,12948962304,8.733119,3.11,0.3401889,
2021-10-25,48.5,48.5,45.849998474121094,46.29999923706055,46.29999923706055,1349513,0,49.812500190734866,48.99099998474121,49.71919913512811,49.90437994472413,53.37811316893468,37.03347959869214,-0.06191970030239702,0.4052190240193688,-0.46713872432176584,53.89782443768657,49.812500190734866,45.72717594378316,2.2629261388043207,4.33524820134942,8.554952556343855,66848990.0,-131.4688193556925,-95.21275861817078,53.59107309567962,-0.12160891912382008,12948962304,8.733119,3.11,0.3401889,
2021-10-26,47.150001525878906,47.900001525878906,46.45000076293945,47.54999923706055,47.54999923706055,1195809,0,49.83250007629395,48.903999938964844,49.512608668645484,49.812051289521634,53.32012198553295,42.52277212360775,-0.2235730351388554,0.279460612187724,-0.5030336473265794,53.869117039302104,49.83250007629395,45.79588311328579,2.215574435233895,12.086175922788144,7.249045606555132,68044799.0,-112.836638683682,-81.91488843635584,53.57851750811376,-0.09352604751410303,12948962304,8.733119,3.11,0.3401889,
2021-10-27,47.54999923706055,48.099998474121094,47.29999923706055,47.5,47.5,405247,0,49.84500007629394,48.833999938964844,49.32093165258401,49.72138261150118,53.26221032398536,42.36368374861662,-0.35166521057237077,0.15323544763570504,-0.5049006582080758,53.850983288742235,49.84500007629394,45.83901686384565,2.114461921078656,21.81495248230658,12.745458868814714,67639552.0,-99.89443051160329,-82.4467951272526,53.57449921077519,-0.09057393781574828,12948962304,8.733119,3.11,0.3401889,
2021-10-28,47.5,47.5,46.0,46.25,46.25,654710,0,49.72000007629394,48.746999969482424,49.02846197138553,49.58524996006976,53.192437086930774,38.486984739672806,-0.5477298470451046,0.013042388699543106,-0.5607722357446477,54.00140189984573,49.72000007629394,45.43859825274215,2.070571783858752,23.975084998390315,19.29207113449501,66984842.0,-132.69542790702894,-95.74466530906753,53.56687347943221,-0.12217770085433778,12948962304,8.733119,3.11,0.3401889,
2021-10-29,46.400001525878906,46.400001525878906,44.099998474121094,44.650001525878906,44.650001525878906,1901148,0,49.55250015258789,48.65800003051758,48.61146573848014,49.39171080578777,53.107437728114334,34.175935210336505,-0.8227350120514032,-0.15411309145064617,-0.6686219206007571,54.32402754795057,49.55250015258789,44.78097275722521,2.0869597315658277,19.147064665130937,21.64570071527594,65083694.0,-169.25544286140283,-95.06723787901493,53.539982562007786,-0.12918304707980743,12948962304,8.733119,3.11,0.3401889,
2021-11-01,45.900001525878906,46.0,44.599998474121094,44.70000076293945,44.70000076293945,1172510,0,49.36500015258789,48.57400001525879,48.238945264619126,49.20772217665646,53.023781638908616,34.42313509697994,-1.0248304584640309,-0.3282565648533231,-0.6965738936107078,54.5701032033612,49.36500015258789,44.15989710181458,2.0378912883024762,12.92258705792186,18.6815789071477,66256204.0,-145.66395794231408,-94.6188142896145,53.52357958130497,-0.15460097568218056,12948962304,8.733119,3.11,0.3401889,
2021-11-02,44.900001525878906,45.29999923706055,43.75,44.04999923706055,44.04999923706055,2577223,0,49.07750015258789,48.52400001525879,47.83999802389926,49.005458531966426,52.93449027172605,32.70366105124954,-1.2233403406698002,-0.5072733200166185,-0.7160670206531817,54.76735734542526,49.07750015258789,43.387642959750515,2.00304185607091,11.465552949376617,14.5117348908098,63678981.0,-141.1079496831921,-97.3913109820822,53.484628952745226,-0.19958014451439726,12948962304,8.733119,3.11,0.3401889,
2021-11-03,44.5,44.79999923706055,41.79999923706055,42.5,42.5,2760118,0,48.65750007629394,48.477000045776364,47.3314267835279,48.750342511104996,52.830664497878026,28.985503078329007,-1.4885734884806325,-0.7035333537094213,-0.7850401347712113,54.95490224058867,48.65750007629394,42.36009791199921,2.0742531520658445,11.392435773476885,11.926858593591783,60918863.0,-150.24133618605634,-94.79553365626374,53.43723344194413,-0.24107976059495473,12948962304,8.733119,3.11,0.3401889,
2021-11-04,42.900001525878906,44.5,42.849998474121094,44.20000076293945,44.20000076293945,488410,0,48.38000011444092,48.41900009155273,47.03319573394805,48.57189773666713,52.74478724678411,37.39282859195076,-1.5438008398531409,-0.8715868509381652,-0.6722139889149756,54.94387076464422,48.38000011444092,41.81612946423762,2.0689493554897127,23.783723451531433,15.54723739146164,61407273.0,-113.148754689736,-82.15612349634993,53.42954622916917,-0.21493304919669518,12948962304,8.733119,3.11,0.3401889,
2021-11-08,44.349998474121094,44.5,43.5,44.099998474121094,44.099998474121094,1854850,0,48.0875,48.35700004577637,46.75384361396453,48.39652913813592,52.65876944805114,37.11447318895844,-1.577454350835886,-1.0127603509177094,-0.5646939999181766,54.863404002107785,48.0875,41.31159599789221,1.9925958300975903,39.73883679973705,24.971665341581787,59552423.0,-97.30347268202121,-82.8996348952036,53.401020795760274,-0.18902051623169847,12948962304,8.733119,3.11,0.3401889,
2021-11-09,44.29999923706055,45.29999923706055,43.79999923706055,44.70000076293945,44.70000076293945,2101771,0,47.825,48.32100006103516,46.55823953291452,48.25156724106939,52.57957771984107,40.00041286635916,-1.5379809435139364,-1.1178044694369549,-0.42017647407698155,54.69802687639199,47.825,40.95197312360801,1.9574104136620483,63.26432778578903,42.2622960123525,61654194.0,-76.50517131729632,-71.98066778195859,53.3708492445019,-0.17109402498270604,12948962304,8.733119,3.11,0.3401889,
2021-11-10,44.5,45.20000076293945,43.900001525878906,44.20000076293945,44.20000076293945,1514527,0,47.53999996185303,48.265000076293944,46.333645364345465,48.09268228114272,52.49619884464802,38.418163512866,-1.5294136763128208,-1.200126310812128,-0.3292873655006927,54.51714808869463,47.53999996185303,40.56285183501142,1.9104524724762266,68.73017842357108,57.24444766969905,60139667.0,-73.41311172088206,-73.18434277886394,53.34882497805064,-0.17791463279498707,12948962304,8.733119,3.11,0.3401889,
2021-11-11,44.20000076293945,44.45000076293945,43.20000076293945,43.349998474121094,43.349998474121094,1433063,0,47.05999984741211,48.19000007629395,46.04948851765743,47.90669468086736,52.405191875787054,35.82387769972207,-1.5730786646357728,-1.274716781576857,-0.29836188305891587,53.79918350007547,47.05999984741211,40.320816194748744,1.863277295870782,57.278938510593,63.09114823998437,58706604.0,-84.14891355182777,-79.60527933865215,53.32630159357828,-0.3434932001451435,12948962304,8.733119,3.11,0.3401889,
2021-11-12,43.599998474121094,43.79999923706055,41.849998474121094,41.95000076293945,41.95000076293945,2810272,0,46.54749984741211,48.09500007629394,45.659061112446196,47.67309884094862,52.30116012342041,31.99197726257696,-1.7010430322806585,-1.3599820317176172,-0.34106100056304123,53.20365996798182,46.54749984741211,39.8913397268424,1.86947182923283,30.626081834763113,52.211732922975735,55896332.0,-102.99277286654724,-97.7611715104776,53.2772888778078,-0.3684353889866494,12948962304,8.733119,3.11,0.3401889,
2021-11-15,41.95000076293945,41.95000076293945,40.04999923706055,40.45000076293945,40.45000076293945,3095800,0,45.90499992370606,47.96600006103515,45.162960126778884,47.389840092791395,52.18323813973403,28.477274079189975,-1.9015730293553617,-1.468300231245166,-0.4332727981101956,52.305772717549154,45.90499992370606,39.50422712986296,1.871652521850407,10.308616673242776,32.73787900619964,52800532.0,-134.53437546968092,-95.03103647466969,53.21526413984804,-0.4313198027213596,12948962304,8.733119,3.11,0.3401889,
2021-11-16,40.900001525878906,41.5,40.150001525878906,40.29999923706055,40.29999923706055,2636239,0,45.242499923706056,47.83400001525879,44.699820994424755,47.11180711805685,52.06499695662285,28.144287346816654,-2.0489790116993305,-1.584435987335999,-0.4645430243633315,51.05698794911495,45.242499923706056,39.428011898297164,1.8343915184411703,5.124020201117685,15.352906236374535,50164293.0,-133.07142592883392,-96.8944096435556,53.16222801989998,-0.5227238713442808,12948962304,8.733119,3.11,0.3401889,
2021-11-17,40.20000076293945,40.75,39.849998474121094,39.95000076293945,39.95000076293945,1674109,0,44.660000038146975,47.65400001525879,44.24745716285473,46.83095196687578,51.94444973081505,27.340951230788058,-2.1690379472354664,-1.7013563793158926,-0.4676815679195738,50.13444963975566,44.660000038146975,39.18555043653829,1.7676493761152943,4.882468631954132,6.771701835438208,48490184.0,-143.01463319516154,-98.69278079906174,53.127532430162994,-0.5129480732370091,12948962304,8.733119,3.11,0.3401889,
2021-11-18,40.150001525878906,40.25,38.5,38.70000076293945,38.70000076293945,2193970,0,44.1,47.437000045776365,43.71912798191042,46.51209113534887,51.812664168945645,24.636301148718104,-2.33809793436793,-1.8287046903263,-0.50939324404163,49.60708574687777,44.1,38.59291425312223,1.7663887063927732,3.600643018803975,4.535710617291941,46296214.0,-162.3785290284808,-97.46834526190547,53.078735198503985,-0.5218306017997012,12948962304,8.733119,3.11,0.3401889,
2021-11-22,39.04999923706055,39.29999923706055,37.29999923706055,37.849998474121094,37.849998474121094,2076800,0,43.55249996185303,47.219000015258786,43.16016326688286,46.17240122706543,51.673732171982216,22.97214605110314,-2.511713799925971,-1.9653065122462343,-0.5464072876797368,49.255435478357114,43.55249996185303,37.849564445348946,1.783075227364718,5.92516608777233,4.802759246176822,44219414.0,-169.18175450733065,-93.67817024334697,53.02956308415955,-0.5080437715065658,12948962304,8.733119,3.11,0.3401889,
2021-11-23,37.79999923706055,41.29999923706055,37.650001525878906,40.54999923706055,40.54999923706055,3024200,0,43.189999961853026,47.055,42.91157621642359,45.95191487451622,51.563048262182,37.430245875344866,-2.4037294308845247,-2.0529910959738924,-0.35073833491063233,48.684779357543405,43.189999961853026,37.69522056616265,1.916426833351641,30.99415828971502,13.506655798763783,47243614.0,-104.11485924375481,-59.375,52.9665713611131,-0.41373838840545574,12948962304,8.733119,3.11,0.3401889,
2021-11-24,41.0,42.900001525878906,40.29999923706055,41.45000076293945,41.45000076293945,2939552,0,42.94750003814697,46.89900001525879,42.77237855418701,45.77536922308184,51.462420923881076,41.38002739991478,-2.2199383712419447,-2.086380551027503,-0.13355782021444185,48.29805852295959,42.94750003814697,37.59694155333435,1.9652536515992638,54.43867161375953,30.45266533041563,50183166.0,-47.253127178072795,-48.12498092651367,52.913844789700896,-0.38232163249937523,12948962304,8.733119,3.11,0.3401889,
2021-11-25,41.79999923706055,42.400001525878906,41.04999923706055,42.04999923706055,42.04999923706055,1304294,0,42.67250003814697,46.75,42.703580523984485,45.62927628245355,51.368764986698785,43.921562509753535,-2.0027809576748012,-2.0696606323569626,0.06687967468216138,47.59697745831954,42.67250003814697,37.7480226179744,1.921307125686342,78.76982401468551,54.734217972720025,51487460.0,-32.39691929001981,-40.625,52.8911848391152,-0.3810023825128427,12948962304,8.733119,3.11,0.3401889,
2021-11-26,41.650001525878906,41.70000076293945,39.79999923706055,40.25,40.25,1525662,0,42.310000038146974,46.528000030517575,42.46990618836691,45.418324271376946,51.25813050921919,38.52518750397857,-1.953409351053807,-2.0464103760963317,0.09300102504252461,46.80862237975497,42.310000038146974,37.811377696538976,1.9447851881373175,70.53569908045394,67.91473156963299,49961798.0,-64.69760872974771,-63.124990463256836,52.86181330773492,-0.3853677425272321,12948962304,8.733119,3.11,0.3401889,
2021-11-29,40.25,40.650001525878906,38.29999923706055,39.150001525878906,39.150001525878906,1850701,0,41.95500011444092,46.30000007629395,42.15372479193948,45.17250769312212,51.13765161386257,35.643117854103004,-1.9802159836760396,-2.0331714976122734,0.05295551393623388,46.27077366836099,41.95500011444092,37.639226560520854,1.9737292667573918,55.357128665566535,68.22088392023532,48111097.0,-95.89275773281341,-76.87497138977051,52.82285998884329,-0.3759510110595244,12948962304,8.733119,3.11,0.3401889,
2021-11-30,39.20000076293945,40.25,39.150001525878906,39.75,39.75,1060294,0,41.71000003814697,46.098000106811526,41.924798621278576,44.959860332607526,51.02434164755548,38.352187249314696,-1.9307886411148303,-2.012694926312785,0.08190628519795462,45.94150093009855,41.71000003814697,37.4784991461954,1.9113199244262276,37.59057737503079,54.49446837368375,49171391.0,-76.59396820205971,-68.98733810476219,52.80122205045473,-0.3566922304105677,12948962304,8.733119,3.11,0.3401889,
2021-12-01,39.95000076293945,40.349998474121094,38.79999923706055,39.150001525878906,39.150001525878906,1471341,0,41.43250007629395,45.90400016784668,41.66053223124051,44.73202273234366,50.90618900952885,36.68898334798468,-1.9179233519598498,-1.9937406114421978,0.07581725948234808,45.570165177892136,41.43250007629395,37.29483497469576,1.8855113039001075,26.941640057233588,39.96311536594363,47700050.0,-79.63554387572667,-74.12584763622202,52.770666131003445,-0.34914799278340786,12948962304,8.733119,3.11,0.3401889,
2021-12-02,39.54999923706055,41.29999923706055,39.349998474121094,40.79999923706055,40.79999923706055,1311825,0,41.27000007629395,45.767000122070314,41.57857670798528,44.57782573252864,50.805629907315236,43.89469920025362,-1.7543632840437624,-1.9458651459625107,0.1915018619187483,45.23540025584553,41.27000007629395,37.30459989674236,1.9044031901345027,41.92762345529386,35.486613629186074,49011875.0,-35.797295996377926,-46.15384615384615,52.74567599746241,-0.3037359392201414,12948962304,8.733119,3.11,0.3401889,
2021-12-03,41.0,41.900001525878906,40.54999923706055,41.04999923706055,41.04999923706055,1440574,0,41.19750003814697,45.63300010681152,41.52823599646864,44.43947959545146,50.7085589553724,44.917642852854165,-1.5862821677671306,-1.8739485503234348,0.28766638255630417,45.12311765493715,41.19750003814697,37.27188242135679,1.8648031257547781,56.88332355207532,41.91752902153425,50452449.0,-5.594694275230859,-33.035741655182846,52.71987282459741,-0.2852800582379782,12948962304,8.733119,3.11,0.3401889,
2021-12-06,40.54999923706055,41.099998474121094,39.599998474121094,39.900001525878906,39.900001525878906,943190,0,40.982500076293945,45.458000106811525,41.37316604688866,44.26146084762509,50.60101112025306,41.19670867295612,-1.5282551029977398,-1.8048098608582959,0.27655475786055606,44.69184935834553,40.982500076293945,37.27315079424236,1.8387457596294368,61.80071256319507,53.53721985685474,49509259.0,-41.227499553554736,-53.57140667585373,52.701632520692,-0.30480222882207814,12948962304,8.733119,3.11,0.3401889,
2021-12-07,40.099998474121094,40.95000076293945,39.599998474121094,40.650001525878906,40.650001525878906,2114380,0,40.81000022888183,45.31000015258789,41.30429323536392,44.119834991870334,50.50199609941352,44.42985619854338,-1.405547230565908,-1.7249573347998184,0.31941010423391036,44.233244174606874,40.81000022888183,37.38675628315679,1.8038355117143596,57.18340268336772,58.62247959954603,51623639.0,-27.103672974177567,-40.17855500689029,52.66158619860595,-0.28188577597072106,12948962304,8.733119,3.11,0.3401889,
2021-12-08,40.95000076293945,41.5,40.599998474121094,40.95000076293945,40.95000076293945,1071344,0,40.62250022888183,45.17800018310547,41.27055109513302,43.995527767206376,50.40695136969736,45.71556546796353,-1.2694593887462062,-1.633857745589096,0.3643983568428897,43.547474298998786,40.62250022888183,37.69752615876488,1.7392759412975416,52.63549347780026,57.20653624145434,52694983.0,15.728039879518473,-34.82142796321816,52.64240982295591,-0.3071949120862075,12948962304,8.733119,3.11,0.3401889,
2021-12-09,41.0,43.400001525878906,40.70000076293945,42.599998474121094,42.599998474121094,3097377,0,40.54250011444092,45.087000122070314,41.397165131227126,43.94080112826185,50.32927024635829,52.25813715684359,-1.0167473375539373,-1.5104356639820642,0.4936883264281269,43.141013359618036,40.54250011444092,37.9439868692638,1.8078991428433926,67.12328895017667,58.9807283704482,55792360.0,109.70757240091558,-13.114799206293121,52.59308737890886,-0.24158651603781667,12948962304,8.733119,3.11,0.3401889,
2021-12-10,42.29999923706055,46.5,42.0,45.5,45.5,7978146,0,40.650000190734865,45.05200012207031,41.7879113092055,44.001946182055505,50.281217806096016,61.12621618893566,-0.57582754794511,-1.3235140407746733,0.7476864928295632,43.819384615964935,40.650000190734865,37.480615765504794,2.0001920612117217,75.73322243538941,65.1640016211221,63770506.0,258.60756953067335,-11.299436976448874,52.497511363423165,-0.085895385784945,12948962304,8.733119,3.11,0.3401889,
2021-12-13,45.70000076293945,46.400001525878906,44.54999923706055,45.349998474121094,45.349998474121094,3959591,0,40.820000076293944,44.98400009155274,42.12715770586413,44.05481097782278,50.23215094707139,60.50022343443523,-0.23578136672118433,-1.1059675059639755,0.8701861392427912,44.562912614111426,40.820000076293944,37.07708753847646,1.9894642203264816,82.59595650184887,75.1508226291383,59810915.0,255.07083110336723,-14.024407547331316,52.45548802428061,-0.041300697550478396,12948962304,8.733119,3.11,0.3401889,
2021-12-14,45.0,47.0,44.29999923706055,45.70000076293945,45.70000076293945,4449270,0,41.08250007629395,44.93800010681152,42.467428473204635,44.119328224297945,50.187054925338735,61.49119618553897,0.061243959177332385,-0.872525212935714,0.9337691721130463,45.38008901751512,41.08250007629395,36.784911135072775,2.0402168305131227,82.84269375013868,80.39062422912563,64260185.0,204.28488249282037,-14.942518655841113,52.410409639204985,0.0005295705882334829,12948962304,8.733119,3.11,0.3401889,
2021-12-15,45.900001525878906,47.150001525878906,44.75,45.349998474121094,45.349998474121094,3360237,0,41.33500003814697,44.87600006103516,42.741958949482395,44.16758980272238,50.138925010401245,59.87353829232712,0.26533776173707224,-0.6449526180011567,0.9102903797382289,45.99698382052712,41.33500003814697,36.673016255766825,2.0659157373249646,78.37127030379233,81.26997351859328,60899948.0,165.62582533551517,-20.339012273839156,52.377175564437216,0.008102404579187676,12948962304,8.733119,3.11,0.3401889,
2021-12-16,45.54999923706055,45.75,43.70000076293945,43.95000076293945,43.95000076293945,1946733,0,41.535000038146975,44.759000091552736,42.857010550764016,44.15905689920148,50.07734367460561,53.77916667425077,0.3105357923464567,-0.45385493593163395,0.7643907282780906,46.28453622043276,41.535000038146975,36.78546385586119,2.064778844448935,63.214859090716224,74.8096077148824,58953215.0,101.28418461473247,-36.15819135982069,52.354373725263464,0.004599682047622161,12948962304,8.733119,3.11,0.3401889,
2021-12-17,44.0,44.0,41.54999923706055,41.75,41.75,2155740,0,41.6875,44.57600006103516,42.751580974500776,44.06458407962495,49.99448453356476,45.87664263587982,0.1669098490014207,-0.329701978945023,0.4966118279464437,46.25552690578945,41.6875,37.11947309421055,2.092294695769686,37.84283374799438,59.8096543808343,56797475.0,25.419698493234577,-64.6706592297603,52.3228070629532,0.002335759714884368,12948962304,8.733119,3.11,0.3401889,
2021-12-20,41.29999923706055,41.5,39.599998474121094,40.150001525878906,40.150001525878906,2001598,0,41.80250015258789,44.384000091552736,42.50381150320346,43.91107103830158,49.89652947876191,41.1416932656901,-0.07515491194239843,-0.2787925655444981,0.20363765360209968,46.085193976689276,41.80250015258789,37.5198063284865,2.0964166122060592,16.24010922974862,39.099267356153064,54795877.0,-52.95804503190039,-83.8323123500676,52.287736577600796,0.004212357280469318,12948962304,8.733119,3.11,0.3401889,
2021-12-21,41.599998474121094,41.599998474121094,39.75,40.25,40.25,1460131,0,41.78750019073486,44.19000007629395,42.28916278861265,43.76749962503485,49.80054411081403,41.547746950255494,-0.2559732376871011,-0.2742286999730187,0.018255462285917567,46.08969335604629,41.78750019073486,37.48530702542343,2.0788153166285617,6.488511559064194,20.190484845602388,56256008.0,-50.60132315055918,-88.46152341342889,52.26253346640836,-0.04733817316597387,12948962304,8.733119,3.11,0.3401889,
2021-12-22,40.45000076293945,41.75,40.45000076293945,41.400001525878906,41.400001525878906,1229243,0,41.785000228881835,44.01900009155273,42.20448076359039,43.67465656232285,49.71695662240671,46.148834779145915,-0.302984929722534,-0.27997994592292175,-0.023004983799612244,46.08803298528917,41.785000228881835,37.4819674724745,2.0374713654408074,15.054142994927595,12.594254594580123,57485251.0,-24.482080140164573,-76.15890961343743,52.24260055180895,-0.029285904040851636,12948962304,8.733119,3.11,0.3401889,
2021-12-23,41.70000076293945,42.150001525878906,41.099998474121094,41.5,41.5,1055352,0,41.75750026702881,43.85100006103516,42.13738735753416,43.589375912819996,49.6351958599947,46.54287855937294,-0.32838754600589937,-0.28966146593951725,-0.03872608006638212,46.06043717597041,41.75750026702881,37.45456335808721,1.9669379144634507,27.019820394206572,16.187491649399444,58540603.0,-9.526040310433737,-74.83442704786003,52.22613668402247,-0.04877801011698028,12948962304,8.733119,3.11,0.3401889,
2021-12-24,41.599998474121094,41.79999923706055,40.650001525878906,41.04999923706055,41.04999923706055,1419756,0,41.79750022888184,43.613000030517576,42.03382658415572,43.4897925137706,49.54977101797546,44.94893358508047,-0.38044506924295973,-0.30781818660020577,-0.07262688264275396,46.05830604292712,41.79750022888184,37.53669441483655,1.9085850428004643,43.104293298277184,28.392752229137106,57120847.0,-26.540283976329157,-80.79469964450067,52.20320406087072,-0.04071860645829166,12948962304,8.733119,3.11,0.3401889,
2021-12-27,40.79999923706055,41.650001525878906,40.349998474121094,41.0,41.0,761934,0,41.89000015258789,43.38900001525879,41.93536690947422,43.39215359166195,49.464698669537896,44.76549180509472,-0.42088386482961226,-0.33043132224608707,-0.0904525425835252,45.994338429094014,41.89000015258789,37.78566187608176,1.865114900583132,50.70928169042245,40.27779846096872,56358913.0,-37.164035118001244,-81.45694092728937,52.19075082294873,-0.030161343678601318,12948962304,8.733119,3.11,0.3401889,
2021-12-28,41.25,41.95000076293945,41.0,41.400001525878906,41.400001525878906,1048941,0,41.972500228881835,43.151000061035155,41.88437973008419,43.31402998123909,49.38445292681492,46.64162810699563,-0.4158613309333177,-0.3475173239835332,-0.06834400694978449,45.96630383420093,41.972500228881835,37.97869662356274,1.7997496050371549,55.75980372039891,49.85779290303284,57407854.0,-23.773207201557852,-76.15890961343743,52.17433947443242,-0.03608660535024743,12948962304,8.733119,3.11,0.3401889,
2021-12-29,41.349998474121094,42.29999923706055,41.29999923706055,41.5,41.5,1072429,0,42.09000015258789,42.91000007629395,41.84777213674284,43.24289155060226,49.30600065888642,47.1251536510163,-0.39921005053273717,-0.357855869293374,-0.041354181239363186,45.877689925674254,42.09000015258789,38.30231037950153,1.7426246332487867,56.463706115392974,54.310930508738096,58480283.0,-19.145245600120834,-74.83442704786003,52.15800233927584,-0.032690613892157404,12948962304,8.733119,3.11,0.3401889,
2021-12-30,41.5,42.25,41.25,41.70000076293945,41.70000076293945,1119140,0,42.135000228881836,42.712000122070314,41.83369867257109,43.182386029517446,49.23031906788197,48.13741801837782,-0.3656602964740614,-0.35941675472951146,-0.006243541744549941,45.881477670699695,42.135000228881836,38.38852278706398,1.6895800165881592,62.179559215314214,58.134356350368684,59599423.0,-20.978626776532405,-72.18541139093405,52.14106204083288,-0.05002617391669771,12948962304,8.733119,3.11,0.3401889,
2021-12-31,42.04999923706055,42.650001525878906,41.849998474121094,42.04999923706055,42.04999923706055,1009754,0,42.18500022888183,42.55500007629394,41.85429872633199,43.13797870432306,49.158873099416084,49.94344795455826,-0.30728770152413176,-0.3489909440884355,0.041703242564303744,45.89877093065146,42.18500022888183,38.47122952711221,1.6367529270418228,67.37275074940085,62.00533869336933,60609177.0,-3.517449517946839,-67.54967188564198,52.12648350305307,-0.05356213146161636,12948962304,8.733119,3.11,0.3401889,
2022-01-03,42.25,42.95000076293945,42.0,42.45000076293945,42.45000076293945,1102370,0,42.312500190734866,42.428000106811524,41.91103225362794,43.110999177209976,49.09211815079443,52.00069269558023,-0.22614337918243876,-0.32442143110723615,0.09827805192479738,45.87576682491981,42.312500190734866,38.749233556549925,1.5876992010345108,72.50094082949643,67.35108359807049,61711547.0,4.286013386601801,-62.25164057179004,52.11106860177498,-0.041666798330343736,12948962304,8.733119,3.11,0.3401889,
2022-01-04,42.54999923706055,42.900001525878906,41.900001525878906,42.20000076293945,42.20000076293945,939129,0,42.39000015258789,42.3160001373291,41.93855306403856,43.07527374919937,49.02353986832821,50.60095459808645,-0.17993465507789352,-0.29552407590136764,0.11558942082347412,45.871751865744635,42.39000015258789,38.90824843943114,1.545720686674903,68.0514452365657,69.30837893848765,60772418.0,-6.768547006041906,-57.72355050844009,52.0977941084534,-0.0795301767430413,12948962304,8.733119,3.11,0.3401889,
2022-01-05,42.25,44.349998474121094,41.79999923706055,42.900001525878906,42.900001525878906,1418475,0,42.48750019073486,42.24800018310547,42.03011958421383,43.068400328677,48.962609138552594,54.309524901591224,-0.08584018467514198,-0.25358729765612253,0.16774711298098055,45.91122193673418,42.48750019073486,39.06377844473555,1.617454868845306,61.15574633466173,67.23604413357462,62190893.0,21.861933370819983,-30.526251541940788,52.07921065990569,-0.07786316989749789,12948962304,8.733119,3.11,0.3401889,
2022-01-06,43.0,43.95000076293945,42.400001525878906,42.849998474121094,42.849998474121094,1396351,0,42.500000190734866,42.15400016784668,42.10820328801452,43.059835550066964,48.90178714189158,53.997674935871196,-0.01513005746648588,-0.2058958496181952,0.19076579215170933,45.927097420515,42.500000190734866,39.072902960954735,1.612636609432109,50.0949025338806,59.76736470170268,60794542.0,21.942569758082843,-31.57894736842105,52.061091717841435,-0.12629021416300654,12948962304,8.733119,3.11,0.3401889,
2022-01-07,43.400001525878906,43.900001525878906,43.04999923706055,43.20000076293945,43.20000076293945,1081465,0,42.385000228881836,42.06800018310547,42.212183999912135,43.06533222508157,48.845052949066186,55.90623544262978,0.0683624476593252,-0.15104419016269113,0.21940663782201633,45.54571151695631,42.385000228881836,39.22428894080736,1.5724484981696594,49.768123969985574,53.67292427950931,61876007.0,42.97891669255487,-24.99995853588553,52.04760099704742,-0.3029148767187811,12948962304,8.733119,3.11,0.3401889,
2022-01-10,43.70000076293945,45.150001525878906,43.349998474121094,44.099998474121094,44.099998474121094,2057233,0,42.322500228881836,42.02500015258789,42.391975854598705,43.10590737210273,48.79783847667867,60.45011282417063,0.2047924335056166,-0.0798768654290296,0.2846692989346462,45.28973323691167,42.322500228881836,39.355267220852,1.5994165170817873,54.91171225767156,51.59157958717925,63933240.0,94.06107342474769,-21.87504967050573,52.02446154194644,-0.31488423565143486,12948962304,8.733119,3.11,0.3401889,
2022-01-11,44.20000076293945,44.54999923706055,43.400001525878906,43.599998474121094,43.599998474121094,1162201,0,42.21750011444092,42.00400009155273,42.50702562788655,43.12528349375051,48.746118675658195,56.9395500895484,0.2694621667640362,-0.01000905899041643,0.27947122575445266,44.82619135903422,42.21750011444092,39.608808869847614,1.5673151738032054,59.096655860930014,54.59216402952905,62771039.0,87.57656119706367,-32.291709714438305,52.01086744740513,-0.3828676316394192,12948962304,8.733119,3.11,0.3401889,
2022-01-12,44.04999923706055,44.349998474121094,42.900001525878906,43.0,43.0,978500,0,42.10000019073486,41.97000007629394,42.55397556808783,43.12037041556422,48.688943365452644,52.9646130736233,0.26919541663190216,0.04583183613404729,0.22336358049785487,44.315851517163466,42.10000019073486,39.884148864306255,1.5589353005488469,48.06868562183896,54.02568458014685,61792539.0,77.06213415142894,-44.79166997803372,51.99885120857656,-0.38571821717532484,12948962304,8.733119,3.11,0.3401889,
2022-01-13,43.29999923706055,45.0,43.150001525878906,44.099998474121094,44.099998474121094,2142735,0,42.107500076293945,41.971000061035156,42.701215844852904,43.15878720217429,48.643282222255316,58.662191241787184,0.3536678363541981,0.10739903617807744,0.24626880017612063,44.349211545457216,42.107500076293945,39.865788607130675,1.5904399219382148,42.9608692766027,50.0420702531239,63935274.0,126.01554633595352,-21.87504967050573,51.97468979435713,-0.3253920798900675,12948962304,8.733119,3.11,0.3401889,
2022-01-14,44.0,44.79999923706055,43.70000076293945,44.150001525878906,44.150001525878906,1142897,0,42.22750015258789,42.00400009155273,42.83919543352204,43.19765835212349,48.598572961594854,58.90587937108756,0.4198083763184002,0.169880904206142,0.2499274721122582,44.63092924684807,42.22750015258789,39.82407105832772,1.5554083899512776,43.568959862294776,44.86617158691215,65078171.0,117.95684774924747,-24.096376682372796,51.96207947205234,-0.27592209318743494,12948962304,8.733119,3.11,0.3401889,
2022-01-17,44.099998474121094,44.900001525878906,44.04999923706055,44.349998474121094,44.349998474121094,1523119,0,42.4375,42.007000045776365,42.98308143738862,43.242848160829276,48.556298588585165,59.9235053648916,0.4827979191550398,0.23246430719592154,0.25033361195911824,44.81192022053217,42.4375,40.06307977946783,1.505022239870355,59.312092383859714,48.61397384091907,66601290.0,117.18931210320352,-20.512890737331784,51.945805828549105,-0.2654620696318095,12948962304,8.733119,3.11,0.3401889,
2022-01-18,44.45000076293945,44.599998474121094,42.5,42.849998474121094,42.849998474121094,1611621,0,42.56749992370605,41.98200004577637,42.97040686945838,43.22744229076229,48.49951948296861,49.93565887797639,0.4069886103329807,0.26736916782333336,0.13961944250964736,44.723252973396356,42.56749992370605,40.41174687401575,1.5475205423168366,46.20100613892337,49.694019461692626,64989669.0,41.43244158304976,-58.97441415076069,51.926114882540695,-0.27983851316400915,12948962304,8.733119,3.11,0.3401889,
2022-01-19,42.849998474121094,44.45000076293945,42.5,42.900001525878906,42.900001525878906,2849208,0,42.642499923706055,41.94600006103516,42.963701598641286,43.21460147645314,48.44380288638065,50.233443437531164,0.34694465330112934,0.2832842649188926,0.06366038838223675,44.73397599876694,42.642499923706055,40.55102384864517,1.5762691295041662,33.01584129879027,46.176313273857794,67838877.0,34.21648361643066,-67.1641332159698,51.89138804186131,-0.3465600019099416,12948962304,8.733119,3.11,0.3401889,
2022-01-20,43.400001525878906,43.70000076293945,42.5,42.650001525878906,42.650001525878906,1454397,0,42.7,41.91500007629394,42.933825401235346,43.19246030192082,48.38615312159954,48.67459393458356,0.27600486185678363,0.2818283843064708,-0.005823522449687146,44.72484497607321,42.7,40.6751550239268,1.5493928176066867,12.08335320153558,30.433400213083075,66384480.0,6.57899592643849,-74.62681468441087,51.87308658502864,-0.37225385195617783,12948962304,8.733119,3.11,0.3401889,
2022-01-21,42.599998474121094,43.0,40.70000076293945,41.29999923706055,41.29999923706055,1386151,0,42.7125,41.87400009155274,42.77822290940917,43.11824614251453,48.31564412772353,41.23344437802872,0.10958740834813341,0.2473801891148033,-0.1377927807666699,44.69917362715573,42.7125,40.72582637284427,1.603007561853391,12.178598666667348,19.092597722331067,64998329.0,-95.0065062613485,-86.51689053363748,51.85321486896911,-0.3811814764464092,12948962304,8.733119,3.11,0.3401889,
2022-01-24,41.29999923706055,41.54999923706055,38.54999923706055,39.29999923706055,39.29999923706055,1997963,0,42.627499961853026,41.82100006103516,42.446963512042636,42.96851096975163,48.2259362183637,33.148429435548515,-0.1815896553221492,0.1615862202274128,-0.343175875549562,45.0066748432581,42.627499961853026,40.248325080447955,1.7027927360067203,10.977476914338586,11.746476260847174,63000366.0,-217.3367576701595,-88.63636757716525,51.81948421987486,-0.3997056807503778,12948962304,8.733119,3.11,0.3401889,
2022-01-25,39.400001525878906,40.099998474121094,38.349998474121094,39.25,39.25,1819302,0,42.51999988555908,41.797000045776365,42.142490796610005,42.82268701015352,48.13662342017103,32.97435875140828,-0.4116389787572956,0.04694118043047113,-0.45858015918776673,45.27579355836846,42.51999988555908,39.7642062127497,1.7061646834348119,13.812162992496667,12.322746191167537,61181064.0,-218.73370070363325,-86.7646893828047,51.78749329314031,-0.38174803315360545,12948962304,8.733119,3.11,0.3401889,
2022-01-27,39.5,45.150001525878906,39.29999923706055,42.70000076293945,42.70000076293945,7078984,0,42.579999923706055,41.84500007629394,42.19558698387948,42.81787578477258,48.082527672337875,51.787547127652104,-0.31197227410581263,-0.024841510476785622,-0.287130763629027,45.29632075502336,42.579999923706055,39.86367909238875,2.0057244578951043,30.373802267469845,18.3878140581017,68260048.0,-24.00388934676852,-36.02940681484141,51.695396212857354,-0.26590141775138443,12948962304,8.733119,3.11,0.3401889,
2022-01-28,43.150001525878906,44.20000076293945,42.45000076293945,42.599998474121094,42.599998474121094,1922283,0,42.624999809265134,41.89800003051758,42.234102363902494,42.80933157651174,48.02797514300239,51.33773253364484,-0.23830797556260563,-0.06753480349394964,-0.170773172068656,45.311167932012005,42.624999809265134,39.93883168651826,1.9874584251883112,47.074894325002525,30.420286528323015,66337765.0,18.285317336847605,-37.500028049232014,51.672554636885806,-0.301031422660632,12948962304,8.733119,3.11,0.3401889,
2022-01-31,43.0,43.20000076293945,41.75,41.849998474121094,41.849998474121094,1266853,0,42.614999771118164,41.960999984741214,42.19752104106617,42.77171067053563,47.9665027383369,47.97234446704748,-0.23770708097106308,-0.10156925898937233,-0.13613782198169075,45.31112652312678,42.614999771118164,39.91887301910955,1.9490685921705355,59.31371009061767,45.58746889436335,65070912.0,-38.56942493245208,-48.52943486407342,51.65614234903831,-0.31506467827681445,12948962304,8.733119,3.11,0.3401889,
2022-02-01,42.29999923706055,42.349998474121094,41.150001525878906,41.5,41.5,592668,0,42.56749973297119,42.03400001525879,42.13109046572653,42.72183966384796,47.90215942750768,46.44230782692368,-0.26244748820419517,-0.1337449048323369,-0.12870258337185828,45.30671027832542,42.56749973297119,39.82828918761697,1.895563474747082,53.43135604947131,53.2733201550305,64478244.0,-73.4523695036412,-53.67646893828047,51.647994501636084,-0.32482183086336075,12948962304,8.733119,3.11,0.3401889,
2022-02-02,41.75,43.04999923706055,41.5,42.29999923706055,42.29999923706055,1279313,0,42.572499656677245,42.06900001525879,42.14717701537739,42.70529690201316,47.84641654004054,50.34098348936713,-0.21502254062185955,-0.15000043199024143,-0.06502210863161811,45.30937280304331,42.572499656677245,39.83562651031118,1.8708803149123294,49.692042471850385,54.14570287064645,65757557.0,-32.58969984582108,-41.911779555475775,51.63153587233452,-0.3102368003616752,12948962304,8.733119,3.11,0.3401889,
2022-02-03,42.5,43.95000076293945,42.349998474121094,42.75,42.75,2195390,0,42.5649995803833,42.095,42.20458872819859,42.707049964679314,47.79570592770183,52.43828615345125,-0.139518346576466,-0.14790401490748634,0.008385668331020335,45.299062380362614,42.5649995803833,39.83093678040399,1.8551032585527991,50.021513922184646,51.048304147835445,67952947.0,15.52929486195047,-35.29412424687812,51.605631249996385,-0.32815773984762214,12948962304,8.733119,3.11,0.3401889,
2022-02-04,43.04999923706055,43.95000076293945,42.599998474121094,42.79999923706055,42.79999923706055,1214437,0,42.562499618530275,42.11,42.26129449094734,42.71069503418446,47.745997403416844,52.677433789703464,-0.07478414319616888,-0.13328004056522286,0.05849589736905397,45.29560673111014,42.562499618530275,39.82939250595041,1.8190246178574818,54.22317214887885,51.31224284763797,69167384.0,21.889215228588295,-34.55884167891483,51.59153431090911,-0.33710108113397097,12948962304,8.733119,3.11,0.3401889,
2022-02-07,42.79999923706055,43.099998474121094,41.20000076293945,41.599998474121094,41.599998474121094,1136879,0,42.482499504089354,42.136999969482424,42.19831391791627,42.66713830633884,47.684843185214895,46.61882700455163,-0.11894077812476667,-0.13041218807713162,0.011471409952364953,45.22991184379497,42.482499504089354,39.735087164383735,1.8248084102377788,42.486269729299245,48.91031860012092,68030505.0,-47.634302224846586,-52.205903802353895,51.576595036155446,-0.335464298348395,12948962304,8.733119,3.11,0.3401889,
2022-02-08,41.900001525878906,42.099998474121094,40.400001525878906,41.099998474121094,41.099998474121094,1197583,0,42.332499504089355,42.17599990844727,42.09371244707864,42.605681842330306,47.61932234231844,44.33097160334562,-0.19206702169417866,-0.14274315480054103,-0.04932386689363763,45.037545862348004,42.332499504089355,39.62745314583071,1.8158933058095224,31.572685944269548,42.760709274149214,66832922.0,-85.73378108933193,-59.55884167891483,51.55965667158086,-0.3398269319998667,12948962304,8.733119,3.11,0.3401889,
2022-02-09,41.20000076293945,42.599998474121094,41.099998474121094,41.75,41.75,1879638,0,42.2399995803833,42.215999908447266,42.06097792830924,42.57212569165068,47.56092112498194,47.90988818130935,-0.1953188911249626,-0.15325830206542534,-0.042060589059537246,44.89133910285746,42.2399995803833,39.58866005790914,1.7933294982516994,24.605895431769607,32.888283701779464,68712560.0,-41.572471704123906,-50.0,51.53475857035916,-0.3193427761604156,12948962304,8.733119,3.11,0.3401889,
2022-02-10,41.95000076293945,45.0,41.5,43.150001525878906,43.150001525878906,4247093,0,42.24749965667725,42.295999908447264,42.164694461411116,42.5947874890714,47.51703137772718,54.669574535932796,-0.08395976236243996,-0.13939859412482827,0.05543883176238831,44.90822828610393,42.24749965667725,39.58677102725057,1.9152345340908639,39.17633028748602,31.78497055450839,72959653.0,50.027222494686136,-29.41175150624376,51.48700402890349,-0.27816321461051924,12948962304,8.733119,3.11,0.3401889,
2022-02-11,42.650001525878906,46.349998474121094,42.54999923706055,44.599998474121094,44.599998474121094,8521449,0,42.27249965667725,42.37199989318847,42.396628176907306,42.67342321397531,47.48800617470622,60.40118547443165,0.11991349692509345,-0.08753617591484393,0.20744967283993737,45.01065169828138,42.27249965667725,39.534347615073116,2.049860584302984,56.132994313139896,39.971740010798506,81481102.0,129.76276917090905,-21.875,51.40743762657183,-0.22658064825627192,12948962304,8.733119,3.11,0.3401889,
2022-02-14,43.75,44.599998474121094,41.150001525878906,41.849998474121094,41.849998474121094,2017366,0,42.15749950408936,42.38799987792969,42.344568205213385,42.64113204770652,47.43190659559592,48.00419227099607,0.05890350352444074,-0.058248240026987,0.11715174355142774,44.76043539623888,42.15749950408936,39.554563611939834,2.149870324584356,51.58018594782169,48.96317018281587,79463736.0,10.202883043874893,-56.25,51.38357791471847,-0.24338007050558,12948962304,8.733119,3.11,0.3401889,
2022-02-15,41.900001525878906,43.25,41.04999923706055,43.099998474121094,43.099998474121094,1637808,0,42.09499950408936,42.45199981689453,42.41651394510936,42.6591268095267,47.38880303219816,52.751237220811376,0.11014748586268297,-0.024569094849053008,0.13471658071173598,44.53956506337057,42.09499950408936,39.65043394480815,2.1534510701811485,44.54572192433096,50.75296739509752,81101544.0,13.673211648441303,-46.09929576893212,51.36415624977044,-0.2034200707360258,12948962304,8.733119,3.11,0.3401889,
2022-02-16,43.20000076293945,45.099998474121094,43.0,43.95000076293945,43.95000076293945,2116942,0,42.14999961853027,42.51799980163574,42.56256030871222,42.709749317503665,47.35458609419559,55.71220600419375,0.2168471134594867,0.023714146812654935,0.19313296664683177,44.70695131310507,42.14999961853027,39.593047923955474,2.14963302760543,39.255321120998396,45.12707633105035,83218486.0,125.2928566814522,-40.33611667465937,51.34352925258791,-0.18301507261831232,12948962304,8.733119,3.11,0.3401889,
2022-02-17,44.150001525878906,44.400001525878906,42.25,42.54999923706055,42.54999923706055,883757,0,42.13249950408935,42.549999771118166,42.56136401617397,42.70348460846668,47.30677925979624,50.138918501139806,0.18629146220784776,0.056229609891693504,0.13006185231615425,44.67341987260308,42.13249950408935,39.59157913557563,2.1496593489106783,40.56604837372709,41.455697139685476,82334729.0,56.41268421455634,-63.86556615265465,51.333840274650456,-0.16810735468195143,12948962304,8.733119,3.11,0.3401889,
2022-02-18,42.54999923706055,43.04999923706055,41.599998474121094,41.849998474121094,41.849998474121094,918145,0,42.092499351501466,42.534999771118166,42.49361491693084,42.67001456398254,47.25248293357061,47.576174095124394,0.1043883530758336,0.06586135852852153,0.03852699454731208,44.62474656853482,42.092499351501466,39.560252134468115,2.0996837356270195,34.25732665605518,38.02623205026021,81416584.0,-8.19573540236474,-75.63029089165228,51.32270506731766,-0.159299080578955,12948962304,8.733119,3.11,0.3401889,
2022-02-21,41.849998474121094,41.849998474121094,40.5,40.650001525878906,40.650001525878906,1025993,0,42.05999946594238,42.43799980163574,42.318032689211606,42.59079836640985,47.18678660115577,43.473895068671034,-0.056696612663166945,0.04134976429018383,-0.09804637695335078,44.648164782732465,42.05999946594238,39.4718341491523,2.046134788376596,17.10528866251428,30.64288789743218,80390591.0,-91.14291137014754,-95.79831717268598,51.30871240545181,-0.163579883562481,12948962304,8.733119,3.11,0.3401889,
2022-02-22,40.0,40.0,38.54999923706055,39.29999923706055,39.29999923706055,2138021,0,42.05999946594238,42.31699981689453,42.03060093186389,42.461747420160854,47.108311104995614,39.36191545615983,-0.2899491574337816,-0.024910020054609253,-0.26503913737917234,44.648164782732465,42.05999946594238,39.4718341491523,2.049982466979579,11.488119378043672,20.950244898871038,78252570.0,-208.303686065062,-90.38461444410808,51.27483983499127,-0.13928140934843072,12948962304,8.733119,3.11,0.3401889,
2022-02-23,39.5,40.599998474121094,39.5,39.70000076293945,39.70000076293945,781329,0,42.082499504089355,42.19699981689453,41.80863901101394,42.353443629681585,47.034596574228885,41.13841928293698,-0.4374836601619094,-0.10742474807606929,-0.33005891208584015,44.578751509814026,42.082499504089355,39.586247498364685,1.9964122362710768,11.456474960518966,13.349961000358968,79033899.0,-172.3089928531864,-85.25638925174707,51.26317723783504,-0.1550301277812993,12948962304,8.733119,3.11,0.3401889,
2022-02-24,37.04999923706055,38.45000076293945,35.0,35.45000076293945,35.45000076293945,1953341,0,41.71999950408936,41.9989998626709,41.20305441595922,42.082720380005426,46.9193269641663,30.810169614937834,-0.8871191405311123,-0.2633636265670779,-0.6237555139640344,45.51834064535334,41.71999950408936,37.921658362825376,2.189525702461675,12.232864394161643,11.725819577574756,77080558.0,-303.12790908133064,-96.03523503579765,51.22480851054544,-0.24206594255902383,12948962304,8.733119,3.11,0.3401889,
2022-02-25,37.45000076293945,38.25,37.099998474121094,37.900001525878906,37.900001525878906,1072508,0,41.484999656677246,41.87799987792969,40.88847795023729,41.91869218964752,46.82958243244205,40.1400755435811,-1.0338463746539048,-0.4174601761844433,-0.6163861984694615,45.60447692758673,41.484999656677246,37.36552238576776,2.2331309549330234,22.52800276629334,15.405780706991314,78153066.0,-179.1918555514461,-74.44932232818232,51.20586381432326,-0.19461587881017817,12948962304,8.733119,3.11,0.3401889,
2022-02-28,37.0,39.400001525878906,37.0,39.0,39.0,1484170,0,41.34249973297119,41.82299987792969,40.708622907357544,41.80423367240644,46.75167613958193,43.80403515376547,-1.0492727182714603,-0.5438226846018467,-0.5054500336696136,45.59658810815865,41.34249973297119,37.088411357783734,2.2450502814291577,39.78482037998145,24.848562513478807,79637236.0,-122.19861308322095,-64.75770451317398,51.18112686943767,-0.13915378879913284,12948962304,8.733119,3.11,0.3401889,
2022-03-02,38.25,39.400001525878906,38.20000076293945,38.75,38.75,776652,0,41.20499973297119,41.79499984741211,40.52208739237111,41.68445980290031,46.67205747152639,43.157483487193396,-1.0693443810114687,-0.6489270238837711,-0.42041735712769757,45.60510116477639,41.20499973297119,36.804898301165984,2.1704038872513216,60.242897660481766,40.85190693558551,78860584.0,-94.65284355329231,-66.96034798110061,51.16854195879995,-0.1337526176593972,12948962304,8.733119,3.11,0.3401889,
2022-03-03,39.70000076293945,39.70000076293945,38.54999923706055,38.70000076293945,38.70000076293945,735233,0,41.02499980926514,41.7639998626709,40.34855533242524,41.567422193490074,46.59273352417726,43.02071853167978,-1.0768723250774244,-0.7345160841225018,-0.34235624095492256,45.52461000407272,41.02499980926514,36.52538961445756,2.097518004296149,72.37210085367478,57.466606298045996,78125351.0,-77.31807070899885,-67.40086995275152,51.15684372998871,-0.1510847122661676,12948962304,8.733119,3.11,0.3401889,
2022-03-04,38.400001525878906,38.75,37.79999923706055,38.20000076293945,38.20000076293945,869196,0,40.79749984741211,41.69999984741211,40.14393108771231,41.43536645111554,46.50922374545848,41.60096350489925,-1.1103842775498691,-0.8096897228079752,-0.3006945547418939,45.38448859444261,40.79749984741211,36.210511100381616,2.015552487056385,63.37739060416305,65.3307963727732,77256155.0,-90.70734966197169,-68.31681934270867,51.142211608302,-0.13032162699285105,12948962304,8.733119,3.11,0.3401889,
2022-03-07,37.29999923706055,37.650001525878906,36.5,36.79999923706055,36.79999923706055,974184,0,40.49749984741211,41.60599983215332,39.825461387650236,41.25358734468201,46.412614546369944,37.835815580550836,-1.2356671622915556,-0.8948852107046913,-0.3407819515868643,45.30108884213582,40.49749984741211,35.6939108526884,1.99301307819089,44.18094725828425,59.976812905374025,76281971.0,-116.04222527358964,-82.17822268317536,51.12424409811847,-0.12049475053570512,12948962304,8.733119,3.11,0.3401889,
2022-03-08,37.150001525878906,37.79999923706055,36.849998474121094,37.400001525878906,37.400001525878906,784723,0,40.2875,41.53299987792969,39.59446521033868,41.10246633217993,46.32293680487252,40.32843053465467,-1.2718781610604495,-0.970283800775843,-0.3015943602846065,45.24470344676089,40.2875,35.330296553239116,1.9220835726058263,27.31482501464672,44.95772095903134,77066694.0,-92.73603140893346,-76.23760506471011,51.110178489650664,-0.09995698651012325,12948962304,8.733119,3.11,0.3401889,
2022-03-09,37.849998474121094,39.099998474121094,37.849998474121094,38.849998474121094,38.849998474121094,788313,0,40.175,41.48999984741211,39.5235636164132,41.01413425931488,46.24857920954166,45.96704662938021,-1.170084991449123,-1.010244038910499,-0.15984095253862396,45.155410865166616,40.175,35.19458913483338,1.906220242294138,36.979149902864265,36.15830739193174,77855007.0,-49.97266835871676,-59.04257607276168,51.09735839223301,-0.0818863910586241,12948962304,8.733119,3.11,0.3401889,
2022-03-10,39.5,39.70000076293945,38.650001525878906,38.900001525878906,38.900001525878906,995698,0,40.03250007629394,41.43999984741211,39.46417675064803,40.931227093297785,46.175459033584815,46.15600079950774,-1.0730093588048746,-1.022797102889374,-0.05021225591550049,44.98752446519933,40.03250007629394,35.07747568738856,1.8450615990631671,58.854168529311316,41.04938114894077,78850705.0,-32.10399458840764,-51.552771484448115,51.081827964108086,-0.09177420318076243,12948962304,8.733119,3.11,0.3401889,
2022-03-11,39.0,39.45000076293945,38.349998474121094,38.650001525878906,38.650001525878906,777710,0,39.80750007629395,41.382999877929684,39.38663625305097,40.841767267124496,46.100578859378786,45.30299329078682,-1.00466794452457,-1.0191712712164134,0.014503326691843288,44.5812055642134,39.80750007629395,35.0337945883745,1.7918430769028237,71.8749987582368,55.90277239680413,78072995.0,-36.036028943165036,-46.71529432205853,51.0694565323051,-0.10550792451364296,12948962304,8.733119,3.11,0.3401889,
2022-03-14,39.29999923706055,39.29999923706055,38.150001525878906,38.20000076293945,38.20000076293945,2317532,0,39.48750019073486,41.312999877929684,39.27362334923083,40.738168580685866,46.02196614200128,43.73615837738905,-0.9755723908411582,-1.0104514951413623,0.03487910430020413,43.76556833046975,39.48750019073486,35.20943205099998,1.7459969793513106,63.18534159599549,64.63816962784787,75755463.0,-39.933377710087946,-42.85711366302318,51.03193878125661,-0.24297325470462153,12948962304,8.733119,3.11,0.3401889,
2022-03-15,38.45000076293945,41.45000076293945,38.349998474121094,39.5,39.5,4300775,0,39.37000026702881,41.261999893188474,39.29518303025647,40.68961295007073,45.95707095650873,49.20200503671846,-0.8379554521972921,-0.9759522865525483,0.13799683435525623,43.50888824584343,39.37000026702881,35.231112288214185,1.8534257665405025,53.463113854824236,62.84115140301884,80056238.0,11.871996119387555,-30.23256639198878,50.969636279062115,-0.2194236191817279,12948962304,8.733119,3.11,0.3401889,
2022-03-16,40.04999923706055,40.5,39.349998474121094,39.599998474121094,39.599998474121094,1097656,0,39.19500026702881,41.20499984741211,39.32421307252929,40.646882970621725,45.89381650394766,49.60754025720484,-0.7126094772364837,-0.9232837246893354,0.21067424745285168,42.968048929747944,39.19500026702881,35.421951604309676,1.803181177921817,45.713707173297486,54.12072087470574,81153894.0,21.79050538263422,-28.682202635511928,50.95391596180288,-0.29979892366192656,12948962304,8.733119,3.11,0.3401889,
2022-03-17,39.95000076293945,40.599998474121094,38.5,38.900001525878906,38.900001525878906,1603447,0,38.942500305175784,41.1389998626709,39.2838119728483,40.578377815925926,45.824226305160906,46.79151484264646,-0.6621232479704204,-0.8710516293455524,0.20892838137513192,42.0208554173317,38.942500305175784,35.864145193019866,1.8243824133646225,37.49997872695299,45.55893325169158,79550447.0,12.757086530974362,-51.515128162248686,50.93003819501635,-0.33575783057038316,12948962304,8.733119,3.11,0.3401889,
2022-03-21,39.650001525878906,40.25,39.099998474121094,39.650001525878906,39.650001525878906,1428383,0,38.797500419616696,41.073999862670895,39.31868716837502,40.54197090259075,45.76279123273024,50.06240739994918,-0.555193886032967,-0.8078800806830353,0.25268619465006825,41.42228083253514,38.797500419616696,36.172720006698256,1.7904978462757992,37.373715188471074,40.19580036290719,80978830.0,50.217212407080694,-36.36361534602381,50.909458920892604,-0.3075025164306161,12948962304,8.733119,3.11,0.3401889,
2022-03-22,39.95000076293945,40.25,38.849998474121094,39.54999923706055,39.54999923706055,2034364,0,38.68250045776367,41.007999877929684,39.34071688920221,40.503070052962116,45.70097240690268,49.62436744279459,-0.4730677151212319,-0.7409176075706746,0.2678498924494427,40.93777744089304,38.68250045776367,36.4272234746343,1.7626052519617355,35.63050246496106,36.83473212679505,78944466.0,59.265164476268076,-38.38386329360141,50.87997571943253,-0.2736868507352563,12948962304,8.733119,3.11,0.3401889,
2022-03-23,39.849998474121094,40.25,38.099998474121094,38.400001525878906,38.400001525878906,1910396,0,38.57000045776367,40.91199989318848,39.251124949838086,40.42059677739022,45.62832593047458,44.77274054279699,-0.4950704731037803,-0.6917481806772957,0.19667770757351544,40.63818766141114,38.57000045776367,36.5018132541162,1.7902764143843906,32.054783827839266,35.019667160423815,77034070.0,18.634936287302622,-61.6161367063986,50.85088825929531,-0.2853861309971512,12948962304,8.733119,3.11,0.3401889,
2022-03-24,38.5,40.04999923706055,38.20000076293945,38.70000076293945,38.70000076293945,2164103,0,38.54000053405762,40.80399993896484,39.19863693203822,40.35312242388235,45.55938737159364,46.24907981502292,-0.4827357093291056,-0.6499456864076577,0.16720997707855212,40.58220490677721,38.54000053405762,36.49779616133803,1.7945422757941552,24.903295690965468,30.862860661255283,79198173.0,26.395882016715113,-55.55554699282452,50.81829140282909,-0.3221489538028002,12948962304,8.733119,3.11,0.3401889,
2022-03-25,39.0,39.150001525878906,37.849998474121094,38.04999923706055,38.04999923706055,1093933,0,38.45750045776367,40.69299995422363,39.08924286584987,40.26280386753639,45.484667091648035,43.533661251341634,-0.5194224325463637,-0.6238410356353989,0.10441860308903528,40.43797358245169,38.45750045776367,36.477027333075654,1.759218045505845,14.777857815772146,23.911979111525643,78104240.0,-25.474670635002475,-68.68688892605114,50.801003924270695,-0.32761576220774097,12948962304,8.733119,3.11,0.3401889,
2022-03-28,38.29999923706055,38.400001525878906,36.900001525878906,37.099998474121094,37.099998474121094,1827559,0,38.54000034332275,40.57499992370605,38.89979101901856,40.13877228348089,45.40123755316518,39.85095808898358,-0.6180297844462643,-0.622678785397572,0.0046490009513077135,40.10671675588382,38.54000034332275,36.97328393076169,1.7407024708268561,12.767837417589243,17.482996974775634,76276681.0,-127.82479775691014,-94.5652200954835,50.77018822794041,-0.32546855366951183,12948962304,8.733119,3.11,0.3401889,
2022-03-29,37.099998474121094,37.5,36.0,36.20000076293945,36.20000076293945,2815751,0,38.45500030517578,40.41699996948242,38.64266813748721,39.98431065522436,45.30968295823756,36.684818687761215,-0.7600378714769604,-0.6501506026134497,-0.10988726886351075,40.30942749474709,38.45500030517578,36.60057311560447,1.7235094371963664,6.3364403348303595,11.294045189397266,73460930.0,-196.5678322433226,-96.33026174419133,50.71979457606555,-0.38775591585360947,12948962304,8.733119,3.11,0.3401889,
2022-03-30,37.0,37.95000076293945,36.599998474121094,37.150001525878906,37.150001525878906,1792249,0,38.36250038146973,40.276999969482425,38.500509412572136,39.873161277602975,45.22849209821409,41.92944417001746,-0.7868528318337411,-0.677491048457508,-0.10936178337623315,40.28236357638738,38.36250038146973,36.442637186552076,1.7254016202537688,13.023688644570603,10.709322132330087,75253179.0,-114.66028869973334,-78.89905752492676,50.68940656765015,-0.42641660498020306,12948962304,8.733119,3.11,0.3401889,
2022-03-31,37.29999923706055,37.75,36.45000076293945,36.900001525878906,36.900001525878906,1418836,0,38.27000045776367,40.128000030517576,38.348080090029924,39.75656677753536,45.14562154525553,40.96772296945606,-0.8188377400125972,-0.7057603867685258,-0.11307735324407142,40.2823123454456,38.27000045776367,36.25768857008175,1.695015735739967,20.557489409929513,13.30587279644351,73834343.0,-112.4639554003785,-83.48621284607873,50.66509069204692,-0.4295052338285382,12948962304,8.733119,3.11,0.3401889,
2022-04-01,36.79999923706055,39.5,36.70000076293945,39.150001525878906,39.150001525878906,1759685,0,38.292500495910645,40.05400009155274,38.42445356011078,39.73277990492139,45.08596363461497,51.70429794149231,-0.6550784773035829,-0.6956240048755372,0.04054552757195429,40.33340089767602,38.292500495910645,36.25160009414527,1.773943128691437,48.98887050729033,27.523349520596835,75594028.0,0.9401595746588032,-42.20181495571102,50.63817500394651,-0.35918802775237846,12948962304,8.733119,3.11,0.3401889,
2022-04-04,39.650001525878906,40.150001525878906,39.5,39.900001525878906,39.900001525878906,1575550,0,38.37750053405762,39.994000091552735,38.56498193780298,39.73933761554717,45.03436202159272,54.66422301458417,-0.4594827190295234,-0.6483957477063345,0.18891302867681103,40.534228401948226,38.37750053405762,36.22077266616701,1.7186614766420487,70.84913753259578,46.79849914993856,77169578.0,101.88736095044243,-28.440348992255114,50.61693287499614,-0.33663795673644636,12948962304,8.733119,3.11,0.3401889,
2022-04-05,40.04999923706055,41.400001525878906,39.849998474121094,40.599998474121094,40.599998474121094,2108279,0,38.56750049591064,39.95300003051758,38.758793036499945,39.773089021765756,44.99023900121987,57.29492292815519,-0.2451616963735006,-0.5677489374397677,0.3225872410662671,40.802958503664705,38.56750049591064,36.33204248815658,1.7066144462931747,89.27142470121449,69.70314424703355,79277857.0,146.87097260605623,-14.814867142608884,50.5906535137383,-0.3141004869391571,12948962304,8.733119,3.11,0.3401889,
2022-04-06,40.29999923706055,41.79999923706055,40.099998474121094,41.0,41.0,2016518,0,38.7475004196167,39.94700004577637,38.97224131873804,39.82120317777494,44.950535130560965,58.767310344989255,-0.04254354611563116,-0.4627078591749404,0.42016431305930924,41.151345799995475,38.7475004196167,36.34365503923792,1.7061420403393375,87.62032315826059,82.5802951306903,81294375.0,156.9327798829789,-13.79309210850842,50.56652436104319,-0.3034486423849617,12948962304,8.733119,3.11,0.3401889,
2022-04-07,41.150001525878906,42.349998474121094,41.0,41.400001525878906,41.400001525878906,2237571,0,38.87500057220459,39.98900009155273,39.20345657656098,39.8831168384849,44.91520643797706,60.243477901006926,0.1485966482717842,-0.34044695768559546,0.48904360595737967,41.5430520542111,38.87500057220459,36.20694909019808,1.6807032141808915,84.02365051844846,86.97179945930786,83531946.0,171.36468285511026,-14.960585457048902,50.541602192381816,-0.3287949509286918,12948962304,8.733119,3.11,0.3401889,
2022-04-08,41.5,43.5,41.5,42.599998474121094,42.599998474121094,4215195,0,39.0600004196167,40.05600006103516,39.52693675728099,39.989661216352985,44.892169542814315,64.36513863760001,0.3923832050074978,-0.1938809251469768,0.5862641301544746,42.183555413655895,39.0600004196167,35.9364454255775,1.7106528756051917,81.91086291022536,84.51827886231149,87747141.0,190.469402211605,-12.000020345052084,50.49996601379628,-0.2793666546389468,12948962304,8.733119,3.11,0.3401889,
2022-04-11,42.75,44.20000076293945,42.45000076293945,43.400001525878906,43.400001525878906,2410343,0,39.297500419616696,40.070000076293944,39.89580006857603,40.12340005202067,44.87732209985973,66.8337695097348,0.6427303723337374,-0.026558665650833924,0.6692890379845713,42.93954282775613,39.297500419616696,35.655458011477265,1.7134633844905351,80.76502412690682,82.23317918519358,90157484.0,194.94518301959772,-9.756087349115944,50.47877225212404,-0.25524482955011407,12948962304,8.733119,3.11,0.3401889,
2022-04-12,43.20000076293945,43.45000076293945,41.900001525878906,42.400001525878906,42.400001525878906,1868646,0,39.50750045776367,40.0660001373291,40.134295445462016,40.21267854119158,44.852672143899724,61.13280370392348,0.7517746729758485,0.12910800207450257,0.622666670901346,43.350972112685795,39.50750045776367,35.66402880284154,1.7017873739598215,71.73559618769352,78.13716107494193,88288838.0,136.4529786712207,-21.95120816568438,50.46067003970625,-0.22313371112100377,12948962304,8.733119,3.11,0.3401889,
2022-04-13,42.849998474121094,43.400001525878906,41.79999923706055,42.0,42.0,1631703,0,39.63250045776367,40.06900016784668,40.31198159351325,40.28276957879191,44.82428734644799,58.96609186818289,0.7967320554831616,0.2626328127562344,0.5340992427269272,43.626530240379964,39.63250045776367,35.638470675147374,1.6945170107354313,56.318939753158126,69.6065200225862,86657135.0,111.02342291753504,-26.82927510058937,50.44456461966789,-0.2413202694251318,12948962304,8.733119,3.11,0.3401889,
2022-04-18,42.70000076293945,45.29999923706055,42.04999923706055,44.75,44.75,4461981,0,39.89000053405762,40.13400016784668,40.73465001317866,40.45795508550595,44.82354816887139,67.49561146560391,1.0422487277554637,0.41855599575608027,0.6236927319993835,44.464341774545524,39.89000053405762,35.315659293569716,1.8091943126157966,57.624643200883305,61.893059713911676,91119116.0,148.06708801683564,-5.913970776135088,50.409725866036055,-0.1378601771934537,12948962304,8.733119,3.11,0.3401889,
2022-04-19,45.5,45.95000076293945,42.400001525878906,43.349998474121094,43.349998474121094,3857990,0,40.11250038146973,40.15500015258789,40.9837308189827,40.57136855172615,44.80888598285397,60.59055665033445,1.1110465831379486,0.5570541132324539,0.5539924699054947,44.90049271624266,40.11250038146973,35.3245080466968,1.9335375215047073,51.375230327973604,55.106271094005045,87261126.0,122.34996615774557,-26.13067426590086,50.3792832855377,-0.14883369476749123,12948962304,8.733119,3.11,0.3401889,
2022-04-20,43.650001525878906,44.599998474121094,43.20000076293945,43.54999923706055,43.54999923706055,1134331,0,40.30750026702881,40.1710001373291,41.228137334990116,40.688177598209855,44.79635974657742,61.20121395783491,1.1682410140779425,0.6792914934015516,0.48894952067639086,45.31681852548732,40.30750026702881,35.29818200857029,1.8954275350530596,55.01478587621734,54.67155313502477,88395457.0,103.83184629550752,-25.263173956620065,50.370226415602744,-0.16121294955312573,12948962304,8.733119,3.11,0.3401889,
2022-04-21,43.95000076293945,45.0,43.650001525878906,44.29999923706055,44.29999923706055,1405692,0,40.54500026702881,40.2010001373291,41.520695611377775,40.82981766247851,44.791420836034966,63.48612589288409,1.259567237588442,0.7953466422389297,0.4642205953495122,45.830914800729246,40.54500026702881,35.25908573332838,1.863611337044945,46.58632212456189,50.99211277625097,89801149.0,106.43953837266287,-17.3684371145148,50.35994332703765,-0.16472310557133119,12948962304,8.733119,3.11,0.3401889,
2022-04-22,44.29999923706055,45.0,44.0,44.29999923706055,44.29999923706055,1886123,0,40.84000015258789,40.25500015258789,41.78539119477613,40.9659032144229,44.78653106888099,63.486125892884104,1.3167650795116117,0.8996303296934661,0.4171347498181456,46.27070841769918,40.84000015258789,35.4092918874766,1.801924812970306,53.367295340075884,51.65613444695173,89801149.0,98.59384989722909,-17.837854333826012,50.34646579956009,-0.15055694451266635,12948962304,8.733119,3.11,0.3401889,
2022-04-25,43.79999923706055,43.900001525878906,41.79999923706055,42.099998474121094,42.099998474121094,1550909,0,41.01000003814697,40.27500015258789,41.815353792808985,41.010377538332634,44.75979940127144,52.88982273158253,1.1710736973136662,0.9539190032175061,0.21715469409616006,46.374568249373546,41.01000003814697,35.645431826920394,1.8517873263295699,41.72070714890355,47.22477487118047,88250240.0,42.68356818850427,-59.68995090573913,50.3320076586439,-0.1553352881802347,12948962304,8.733119,3.11,0.3401889,
2022-04-26,42.70000076293945,43.45000076293945,42.29999923706055,43.0,43.0,1261370,0,41.257500076293944,40.30000015258789,41.92817724111289,41.0884019485941,44.74228895946774,56.116682543841364,1.1153774518177144,0.9862106929375478,0.1291667588801666,46.50852531319,41.257500076293944,36.00647483939789,1.815945537935912,34.14039821397876,43.07613356765276,89511610.0,47.06434890202003,-48.36065009921336,50.32076840711923,-0.1308753417454987,12948962304,8.733119,3.11,0.3401889,
2022-04-27,42.70000076293945,45.400001525878906,42.20000076293945,44.650001525878906,44.650001525878906,5250631,0,41.635000228881836,40.33000015258789,42.1873986015668,41.228072520252326,44.74137067654646,61.344309394266496,1.1906539914358092,1.0270993526372,0.1635546387986091,46.71910190768187,41.635000228881836,36.550898550081804,1.9148066254361649,41.298529811309265,39.05321172473055,94762241.0,76.90275491849948,-22.222200486063972,50.28166183364418,-0.03276829356026151,12948962304,8.733119,3.11,0.3401889,
2022-04-28,45.79999923706055,45.849998474121094,42.0,42.20000076293945,42.20000076293945,4349940,0,41.93500022888183,40.28200019836426,42.188598807411815,41.26618735329888,44.7160834137245,51.52863158166181,1.040620974532473,1.0298036770162546,0.010817297516218405,46.36716574498303,41.93500022888183,37.50283471278063,2.0530346146279457,42.181092519914365,39.206673515067486,90412301.0,49.22392502355997,-75.75756408112434,50.24584369538721,-0.06976167995239614,12948962304,8.733119,3.11,0.3401889,
2022-04-29,42.5,42.900001525878906,40.04999923706055,40.75,40.75,2333046,0,42.11500015258789,40.260000228881836,42.05158939718212,41.24594471199304,44.67661989717003,46.7598660867907,0.79554523405141,0.9829519884232857,-0.1874067543718757,46.01578133882743,42.11500015258789,38.21421896634835,2.109960877070118,33.704080972508166,39.061234434577294,88079255.0,-41.15488662627012,-88.13558335757928,50.22093508678439,-0.08653360629247211,12948962304,8.733119,3.11,0.3401889,
2022-05-02,40.29999923706055,41.45000076293945,40.25,40.95000076293945,40.95000076293945,984651,0,42.31750011444092,40.217000274658204,41.946676193920915,41.234339066932115,44.63953910976475,47.48182927278849,0.6104227605294881,0.9084461428445262,-0.2980233823150381,45.46142624349986,42.31750011444092,39.17357398538198,2.044963726060785,12.487610911372863,29.45759480126516,89063906.0,-76.43632851421965,-84.74574079462063,50.210056016853756,-0.0748752561124868,12948962304,8.733119,3.11,0.3401889,
2022-05-04,41.29999923706055,41.400001525878906,39.0,39.29999923706055,39.29999923706055,1128435,0,42.325,40.124000244140625,41.694611721838974,41.158482603015585,44.58640935978759,42.376346642528986,0.3268033474660825,0.7921175837688375,-0.4653142363027549,45.43924137778915,42.325,39.210758622210854,2.0703235689049366,10.655267289744316,18.948986391208475,87935471.0,-139.14496733517228,-95.68346468880583,50.196308248953024,-0.12130715436330265,12948962304,8.733119,3.11,0.3401889,
2022-05-05,39.54999923706055,40.95000076293945,39.54999923706055,39.849998474121094,39.849998474121094,1072284,0,42.32249984741211,40.07000022888184,41.51893426967537,41.10716949992168,44.539280893263545,44.51787994889055,0.14474473394869136,0.6626430138048083,-0.5178982798561169,45.44459487268051,42.32249984741211,39.20040482214371,2.040300565831649,10.768520407632925,11.303799536250063,89007755.0,-129.80771286449058,-87.76980747032907,50.183552686060494,-0.1433014811826992,12948962304,8.733119,3.11,0.3401889,
2022-05-06,39.0,39.04999923706055,37.5,38.099998474121094,38.099998474121094,1366671,0,42.19749984741211,39.995000228881835,41.193321336765436,40.98924122440009,44.47520843138153,39.48910726444305,-0.13914443315409386,0.5022855244130279,-0.6414299575671217,45.755234902204286,42.19749984741211,38.639764792619935,2.0624218449951806,9.299790402868163,10.24119270008183,87641084.0,-202.85244027368182,-92.89942698286367,50.16428232103522,-0.1507731678687571,12948962304,8.733119,3.11,0.3401889,
2022-05-09,37.849998474121094,38.150001525878906,36.75,37.150001525878906,37.150001525878906,1140507,0,42.00499992370605,39.925000228881835,40.808243259538145,40.83868280485024,44.40232080048101,37.04285718495934,-0.43576226156272924,0.31467596721787644,-0.7504382287806057,46.16647808919691,42.00499992370605,37.843521758215196,2.0151061079154466,10.676829569634796,10.248380126711991,86500577.0,-201.62156344408865,-95.65215768796193,50.147085278529445,-0.16700850095025424,12948962304,8.733119,3.11,0.3401889,
2022-05-10,37.150001525878906,37.79999923706055,36.25,36.400001525878906,36.400001525878906,857073,0,41.75499992370605,39.8670002746582,40.38841071347536,40.664616872341554,44.32269573307203,35.189494957855274,-0.7230182551984115,0.10713712273461884,-0.8301553779330303,46.5797172540282,41.75499992370605,36.9302825933839,1.981884188568668,7.511466407086195,9.16269545986308,85643504.0,-179.1688483279791,-98.4374838570728,50.13365498883694,-0.16723818539501656,12948962304,8.733119,3.11,0.3401889,
2022-05-11,36.900001525878906,36.900001525878906,34.04999923706055,35.0,35.0,1512410,0,41.375,39.77300025939942,39.87522874076342,40.44247503421051,44.229932591449426,31.973617210469186,-1.0515178789979203,-0.12459387761188898,-0.9269240013860313,47.003809628443406,41.375,35.746190371556594,2.043892624300789,8.397147820412581,8.861814599044553,84131094.0,-183.11403118623517,-91.94914555624916,50.10735946439476,-0.20046301030894823,12948962304,8.733119,3.11,0.3401889,
2022-05-12,35.0,35.599998474121094,34.25,34.70000076293945,34.70000076293945,1176498,0,40.939999961853026,39.75800025939942,39.382349885732566,40.2172799647489,44.13510739912594,31.313241860646006,-1.3208378324639298,-0.3638426685822972,-0.9569951638816326,47.18640648300542,40.939999961853026,34.69359344070063,1.9943287564308108,9.893601532316978,8.600738586605281,82954596.0,-163.00367125935173,-94.49151213639547,50.08632537068701,-0.22149428691894496,12948962304,8.733119,3.11,0.3401889,
2022-05-13,35.0,36.20000076293945,34.54999923706055,34.849998474121094,34.849998474121094,1176538,0,40.562499809265134,39.69700019836426,38.950697370341,40.00679833766545,44.042718255593556,32.06871336551735,-1.5048255816383218,-0.5920392511935022,-0.9127863304448196,47.30333593525157,40.562499809265134,33.8216636832787,1.969733954248532,15.426773364342958,11.239174239024202,84131134.0,-130.5821939954254,-93.22034501029484,50.06583034951252,-0.2275374195448479,12948962304,8.733119,3.11,0.3401889,
2022-05-16,35.900001525878906,36.54999923706055,34.75,35.650001525878906,35.650001525878906,929433,0,40.24499988555908,39.63000022888183,38.63634538515413,39.835943560732645,43.95920863639242,36.105189160905866,-1.5680086108325781,-0.7872331231213174,-0.7807754877112607,47.276990598605515,40.24499988555908,33.21300917251265,1.9576100458779615,25.059641280145993,16.793338725602005,85060567.0,-104.4837008690033,-86.44065769264465,50.050168590112214,-0.20014089340634056,12948962304,8.733119,3.11,0.3401889,
2022-05-17,35.95000076293945,37.45000076293945,35.849998474121094,37.150001525878906,37.150001525878906,659441,0,39.86499996185303,39.59800025939941,38.49478882712792,39.7306125005423,43.89145533181019,42.950154926455944,-1.4799838204767113,-0.9257832625923962,-0.5542005578843151,46.700794822976825,39.86499996185303,33.029205100729236,1.9463521309624319,51.11846343679078,30.53495936042661,85720008.0,-71.09468051129335,-73.72879246396808,50.03997566371625,-0.2943541956267418,12948962304,8.733119,3.11,0.3401889,
2022-05-18,37.45000076293945,37.79999923706055,37.0,37.25,37.25,639185,0,39.560000038146974,39.569000244140625,38.37623751025859,39.6333335789524,43.82537119915536,43.385586086832554,-1.3861755301486198,-1.017861716103641,-0.36831381404497887,46.29012586189799,39.560000038146974,32.82987421439596,1.8644697813980113,72.78342836816064,49.653844361699164,86359193.0,-53.066812536639176,-72.88134771323432,50.03050868446151,-0.27530687454063524,12948962304,8.733119,3.11,0.3401889,
2022-05-19,36.099998474121094,36.599998474121094,35.79999923706055,36.20000076293945,36.20000076293945,581242,0,39.19250011444092,39.529000244140626,38.16897686765677,39.49869307636366,43.749496866456695,39.93860996672492,-1.3806427571482658,-1.090417924312566,-0.2902248328356998,45.81279233852268,39.19250011444092,32.57220789035916,1.8348648515081145,75.48427837400332,66.46205672631828,85777951.0,-70.58824592024645,-75.70620373064365,50.02113253139232,-0.2620351848026129,12948962304,8.733119,3.11,0.3401889,
2022-05-20,36.650001525878906,37.29999923706055,36.54999923706055,37.0,37.0,423470,0,38.82750015258789,39.533000259399415,38.05764573740374,39.40070511258469,43.68233769365613,43.614364951490444,-1.2967565399363394,-1.1316856474373207,-0.16507089249901874,45.07565757189805,38.82750015258789,32.57934273327773,1.7823743959804703,69.68228279701094,72.64999651305833,86201421.0,-48.376069044334216,-60.1351330452722,50.014679690409515,-0.26601855759616755,12948962304,8.733119,3.11,0.3401889,
2022-05-23,37.400001525878906,37.79999923706055,36.099998474121094,36.25,36.25,557086,0,38.42500019073486,39.510000228881836,37.885489000508144,39.277148049346074,43.608384084764026,41.07632127370292,-1.2760849277055044,-1.1605655034909574,-0.11551942421454697,44.23279653881047,38.42500019073486,32.61720384265926,1.776490565048969,49.01327537428629,64.72661218176687,85644335.0,-48.80908388973165,-70.06802615168789,50.00604906740028,-0.2680175399284672,12948962304,8.733119,3.11,0.3401889,
2022-05-24,36.400001525878906,36.70000076293945,34.95000076293945,35.349998474121094,35.349998474121094,684970,0,38.087500190734865,39.440000228881836,37.64401371228081,39.12314218365098,43.52621109361335,38.20331082125323,-1.3171419352562381,-1.1918807898440136,-0.12526114541222455,43.78529608525207,38.087500190734865,32.38970429621766,1.7745983818311857,36.76852110922747,51.82135976017492,84959365.0,-71.00390249661892,-81.15943551338627,49.994615317435716,-0.250076774456519,12948962304,8.733119,3.11,0.3401889,
2022-05-25,35.400001525878906,35.75,34.5,34.70000076293945,34.70000076293945,667895,0,37.67250022888184,39.35600021362305,37.36363152662925,38.94968565734857,43.438388105248436,36.232274931801044,-1.3861506111779178,-1.2307347541107945,-0.15541585706712335,43.08031658871524,37.67250022888184,32.26468386904843,1.7371270688432439,14.198561217436852,33.32678590031689,84291470.0,-85.49906259117836,-86.99996948242188,49.98295326115843,-0.2819701088370065,12948962304,8.733119,3.11,0.3401889,
2022-05-26,34.70000076293945,35.70000076293945,33.70000076293945,35.0,35.0,415442,0,37.19000015258789,39.28300018310547,37.13852376218837,38.79479602372705,43.354424044499694,37.82665111130381,-1.400489086380361,-1.2646856205647077,-0.13580346581565328,41.66265027437724,37.19000015258789,32.71735003079854,1.755903706783012,17.267651923533005,22.744911416732464,84706912.0,-90.96171088603478,-70.78653900720164,49.97561985076859,-0.459764344789469,12948962304,8.733119,3.11,0.3401889,
2022-05-27,35.650001525878906,35.79999923706055,35.20000076293945,35.45000076293945,35.45000076293945,269350,0,36.85250015258789,39.22800018310547,36.97771204797419,38.66362758212754,43.27577306657372,40.24031053121037,-1.3598654481263566,-1.2837215860770375,-0.07614386204931911,40.74280508459425,36.85250015258789,32.962195220581535,1.6876248160885503,26.816961186938418,19.42772477596945,84976262.0,-64.74189450748028,-57.31705728560928,49.9710829711777,-0.3533348070336501,12948962304,8.733119,3.11,0.3401889,
2022-05-30,35.95000076293945,36.25,35.400001525878906,35.95000076293945,35.95000076293945,532813,0,36.61250019073486,39.15700019836426,36.879834782732786,38.55721084412016,43.20287980982114,42.89309396704687,-1.272654729287737,-1.2815082147191774,0.008853485431440378,40.08076669646701,36.61250019073486,33.14423368500272,1.6277943630908749,49.796750993217266,31.29378803456292,85509075.0,-43.65951733266604,-45.12193079578336,49.96235397274853,-0.31115320494381776,12948962304,8.733119,3.11,0.3401889,
2022-05-31,36.54999923706055,36.75,35.79999923706055,36.25,36.25,409656,0,36.37750015258789,39.090000228881834,36.81985051771061,38.466731987488004,43.133696926141326,44.485431966428074,-1.165892492149652,-1.2583850702052723,0.09249257805562028,39.21853368247597,36.37750015258789,33.53646662269981,1.5793805345086305,67.09649866357205,47.90340361457593,85918731.0,-15.023081145347888,-37.80487351017408,49.955840223050366,-0.333657654035536,12948962304,8.733119,3.11,0.3401889,
2022-06-01,36.150001525878906,36.650001525878906,34.95000076293945,35.95000076293945,35.95000076293945,718741,0,36.21000022888184,39.031000213623045,36.73700768392288,38.368036645348845,43.06221736232837,43.18855149795483,-1.0928919037055564,-1.2252864369053291,0.13239453319977268,38.71750847135351,36.21000022888184,33.702491986410166,1.587996265110832,77.45902117762024,64.78409027813655,85199990.0,-32.37567805362738,-45.12193079578336,49.94407941914923,-0.2806856128593805,12948962304,8.733119,3.11,0.3401889,
2022-06-02,35.849998474121094,36.349998474121094,35.70000076293945,36.150001525878906,36.150001525878906,350856,0,36.025000381469724,38.961000213623045,36.681102335537744,38.281054875957864,42.993439095299024,44.35326211240784,-1.007288625075205,-1.1816868745393043,0.17439824946409943,37.89623001347578,36.025000381469724,34.15377074946367,1.5209963684016041,74.68126694736644,73.07892892951959,85550846.0,-4.754052958280474,-40.24386159156673,49.93843360804423,-0.2445068318072599,12948962304,8.733119,3.11,0.3401889,
2022-06-03,36.349998474121094,36.849998474121094,35.849998474121094,36.099998474121094,36.099998474121094,477456,0,35.92500038146973,38.89200019836426,36.62575911064092,38.19552325235642,42.92484764633208,44.1097802545663,-0.9327303040654442,-1.1318955604445322,0.199165256379088,37.53791757140086,35.92500038146973,34.3120831915386,1.4837823420872038,66.98783860118742,73.04270890872472,85073390.0,24.703742826058427,-41.463448673694394,49.93086864840955,-0.2549117118005586,12948962304,8.733119,3.11,0.3401889,
2022-06-06,36.0,36.29999923706055,35.29999923706055,35.650001525878906,35.650001525878906,516269,0,35.85000038146973,38.83700019836426,36.53282981685406,38.09569887092593,42.85246111777036,41.88154288534883,-0.8995834523755164,-1.085433138830729,0.1858496864552126,37.364596424951486,35.85000038146973,34.33540433798797,1.4492264605095464,54.678398448838045,65.44916799913067,84557121.0,-21.62565989618081,-52.438988081392644,49.92238919841914,-0.24201813744925232,12948962304,8.733119,3.11,0.3401889,
2022-06-07,35.400001525878906,36.400001525878906,35.25,35.75,35.75,307582,0,35.817500305175784,38.77800018310547,36.45827459620129,38.003710679909226,42.78178986286717,42.57575208261167,-0.8553849472483819,-1.0394235005142596,0.1840385532658777,37.31124590553134,35.817500305175784,34.32375470482023,1.4278532508930721,46.49124392073716,56.05249365692091,84864703.0,-11.22567143379117,-50.0,49.917359948823965,-0.20218526529761832,12948962304,8.733119,3.11,0.3401889,
2022-06-08,36.04999923706055,37.20000076293945,35.75,36.79999923706055,36.79999923706055,683698,0,35.90750026702881,38.75300018310547,36.49081980009265,37.95650630960144,42.72226955813278,49.40903696511579,-0.7272478893092043,-0.9769883782732485,0.24974048896404422,37.41025621078241,35.90750026702881,34.40474432327521,1.429435216039242,52.811524262363754,51.32705554397969,85548401.0,74.51392244280419,-24.39025297965184,49.9068132609312,-0.14937795745310756,12948962304,8.733119,3.11,0.3401889,
2022-06-09,36.650001525878906,37.349998474121094,36.29999923706055,36.5,36.5,617835,0,35.99750022888183,38.741000213623046,36.491694104845735,37.89938841510726,42.66035642820111,47.66386077768759,-0.6424994452840878,-0.9100905916754163,0.2675911463913285,37.41329528120867,35.99750022888183,34.581705176555,1.4023326461121923,60.37207858732696,53.224948923476,84930566.0,81.77638280627002,-31.70731026526112,49.897392145733,-0.1557258908031631,12948962304,8.733119,3.11,0.3401889,
2022-06-10,36.150001525878906,36.45000076293945,35.54999923706055,35.79999923706055,35.79999923706055,417471,0,36.04500026702881,38.73300018310547,36.42581840315191,37.81705942773288,42.59209416759275,43.778290777207104,-0.624619677404489,-0.8529964088212308,0.22837673141674186,37.36405291518724,36.04500026702881,34.725947618870386,1.370023225885568,55.06714030909808,56.08358105292964,84513095.0,-19.957511573701964,-42.46575915135997,49.8906560445852,-0.11475328444426008,12948962304,8.733119,3.11,0.3401889,
2022-06-13,35.45000076293945,35.45000076293945,34.25,34.79999923706055,34.79999923706055,478491,0,36.00250015258789,38.6860001373291,36.27097848257178,37.69874334182416,42.51456088470188,38.89966454899989,-0.6832652190668611,-0.8190501708703569,0.1357849518034958,37.42076513541967,36.00250015258789,34.58423516975611,1.3828786552552095,34.48541042348562,49.97487643997025,84034604.0,-147.31518572060853,-69.86303660543986,49.88233549355561,-0.12355572767048921,12948962304,8.733119,3.11,0.3401889,
2022-06-14,34.5,35.25,34.25,34.54999923706055,34.54999923706055,340066,0,35.872500038146974,38.63900009155273,36.10707569728499,37.57526318085304,42.43531151507361,37.76655776519693,-0.7413691024881857,-0.8035139571939227,0.06214485470573705,37.32249153608371,35.872500038146974,34.42250854021024,1.3555301798798374,17.869926001122852,35.807492244568884,83694538.0,-147.51701236873728,-76.71235596895984,49.87636873689207,-0.18179794256148032,12948962304,8.733119,3.11,0.3401889,
2022-06-15,34.849998474121094,35.20000076293945,34.650001525878906,34.900001525878906,34.900001525878906,230484,0,35.75500011444092,38.55400009155274,35.992116252389174,37.47035095908935,42.3603333062259,40.384729103844364,-0.7505230268300593,-0.7929157711211501,0.042392744291090745,37.117681242987416,35.75500011444092,34.39231898589442,1.305135276022628,16.12904019708456,22.828125540564375,83925022.0,-110.42934352009284,-79.03219852186561,49.87238942315642,-0.16687778062591627,12948962304,8.733119,3.11,0.3401889,
2022-06-16,35.20000076293945,35.5,31.799999237060547,32.75,32.75,502182,0,35.58250007629395,38.41100006103515,35.683343275971154,37.28523915677212,42.26470809919877,31.59231302074723,-0.9206520291414719,-0.8184630227252144,-0.1021890064162575,37.454470916766155,35.58250007629395,33.71052923582174,1.476197096516687,17.025106071847787,17.008024090018434,83422840.0,-232.06864882423818,-82.88286678319251,49.86281909426792,-0.1936957088388582,12948962304,8.733119,3.11,0.3401889,
2022-06-17,32.599998474121094,33.5,32.0,32.75,32.75,552995,0,35.37000007629395,38.25400009155273,35.40397724968819,37.10738664082027,42.17003438676893,31.59231302074723,-1.0434522215034931,-0.8634608624808702,-0.17999135902262298,37.49753384976925,35.37000007629395,33.24246630281865,1.477897303908352,22.357869903197344,18.50400539070993,83422840.0,-228.1052325277088,-82.88286678319251,49.85191075340277,-0.199820912265619,12948962304,8.733119,3.11,0.3401889,
2022-06-20,33.20000076293945,33.20000076293945,30.649999618530273,31.350000381469727,31.350000381469727,568330,0,35.12500009536743,38.06100009918213,35.01788421461976,36.88160678751241,42.06237235686546,27.131417441763933,-1.2394528862681398,-0.938659267238324,-0.3007936190298157,37.83857698405048,35.12500009536743,32.41142320668438,1.5544761496584112,20.17960417256087,19.854193382535367,82854510.0,-240.0321879307942,-89.55222563425758,49.84004880067711,-0.17880830492409105,12948962304,8.733119,3.11,0.3401889,
2022-06-21,31.700000762939453,32.5,31.5,32.25,32.25,342851,0,34.970000171661376,37.87800006866455,34.75427619417979,36.699975148786436,41.964736811026,33.62036936439121,-1.307095000075428,-1.0123464138057447,-0.29474858626968325,37.95502946481498,34.970000171661376,31.984970878507774,1.5255849688635443,24.366130426603334,22.301201500787215,83197361.0,-175.91422342250735,-76.11939321251369,49.83303863818276,-0.12752418940660434,12948962304,8.733119,3.11,0.3401889,
2022-06-22,32.25,33.29999923706055,31.700000762939453,32.650001525878906,32.650001525878906,367496,0,34.86750020980835,37.67900012969971,34.55386908291304,36.54115265377045,41.87205287784046,36.333970467638885,-1.3132863350386614,-1.072534398052328,-0.24075193698633335,38.018733891941466,34.86750020980835,31.71626652767523,1.5309002192390835,29.553283254620766,24.699672617928357,83564857.0,-125.78697792864233,-70.14922016472093,49.82572810601079,-0.07425358467436709,12948962304,8.733119,3.11,0.3401889,
2022-06-23,32.650001525878906,33.150001525878906,32.5,32.650001525878906,32.650001525878906,164332,0,34.75000028610229,37.464000129699706,34.372548363195506,36.388558491892354,41.780291172845814,36.333970467638885,-1.30317087000941,-1.1186616924437445,-0.18450917756566554,38.044692629082334,34.75000028610229,31.455307943122246,1.4679788839990706,48.13411386857337,34.01784251659919,83564857.0,-99.04181542678288,-70.14922016472093,49.82250205374649,-0.10044469932333973,12948962304,8.733119,3.11,0.3401889,
2022-06-24,32.75,33.650001525878906,32.70000076293945,32.900001525878906,32.900001525878906,338093,0,34.622500324249266,37.27400012969971,34.232305807260595,36.251752336362415,41.69193008183122,38.166220327683554,-1.2604516780917976,-1.147019689573355,-0.1134319885184425,37.9954028758882,34.622500324249266,31.249597772610326,1.4345518208562797,62.13755383601136,46.60831698640186,83902950.0,-73.78109568818132,-66.4178762437979,49.81599184004945,-0.11658582388852542,12948962304,8.733119,3.11,0.3401889,
2022-06-27,33.400001525878906,33.70000076293945,33.099998474121094,33.29999923706055,33.29999923706055,350393,0,34.49000024795532,37.10000011444092,34.14351470533678,36.13599731286038,41.608428282380764,41.08758605652053,-1.180709454722006,-1.1537576426030853,-0.026951812118920726,37.85208247243447,34.49000024795532,31.127918023476177,1.3892266362994417,75.66454359600029,61.97873710019504,84253343.0,-53.885307040649025,-60.447760131794965,49.809364279311644,-0.15033120366995162,12948962304,8.733119,3.11,0.3401889,
2022-06-28,33.54999923706055,34.25,32.75,33.70000076293945,33.70000076293945,506252,0,34.362500286102296,36.879000129699705,34.101275282251315,36.040468036392895,41.529737461291795,43.93993440046223,-1.0728690217584997,-1.1375799184341682,0.06471089667566843,37.64028489386618,34.362500286102296,31.084715678338412,1.3971390194209101,78.41651022499313,72.07286921900163,84759595.0,-39.421013935868224,-54.47758708400221,49.79991448491347,-0.1309601215600736,12948962304,8.733119,3.11,0.3401889,
2022-06-29,33.5,34.25,33.20000076293945,33.45000076293945,33.45000076293945,348648,0,34.237500286102296,36.68100017547607,34.03924913755495,35.938881084492756,41.449342071258435,42.5532070385135,-0.9960952463966848,-1.1092829840266716,0.1131877376299868,37.45368925101979,34.237500286102296,31.021311321184807,1.3723433206808842,71.511757554224,75.19760379173918,84410947.0,-32.01548980209298,-51.72412772524714,49.79343964800938,-0.1732595803105789,12948962304,8.733119,3.11,0.3401889,
2022-06-30,33.5,33.849998474121094,33.29999923706055,33.45000076293945,33.45000076293945,166354,0,34.10250024795532,36.47900020599365,33.983130244734426,35.84127793462792,41.369746635354765,42.553207038513506,-0.9245933398152459,-1.0723450551843865,0.14775171536914056,37.21111252970199,34.10250024795532,30.993887966208646,1.3136044575651458,60.36809149618983,70.0987864251357,84410947.0,-32.13147183246543,-42.26802218187295,49.7903329635884,-0.20256006947876065,12948962304,8.733119,3.11,0.3401889,
2022-07-01,33.599998474121094,33.599998474121094,33.150001525878906,33.29999923706055,33.29999923706055,276065,0,33.9625002861023,36.25900020599365,33.91807014876549,35.74161994648802,41.28945064134189,41.638768353417326,-0.8700025849874748,-1.0318765611450043,0.1618739761575294,36.94844604963179,33.9625002861023,30.9765545225728,1.25191820689922,46.44649809251487,59.44211571430961,84134882.0,-36.348692182493885,-45.360836905187476,49.78512191906859,-0.18944559694890875,12948962304,8.733119,3.11,0.3401889,
2022-07-04,33.04999923706055,33.400001525878906,32.900001525878906,33.099998474121094,33.099998474121094,218233,0,33.835000133514406,36.03500019073486,33.84015856070412,35.638026947571674,41.20796355510088,40.392410584365656,-0.8332719680208527,-0.992155642520174,0.15888367449932128,36.73846302037636,33.835000133514406,30.931537246652457,1.1982097635492757,36.12898933445436,47.64785964105306,83916649.0,-43.472224779994775,-49.48456365175828,49.78095058175657,-0.18240413205086004,12948962304,8.733119,3.11,0.3401889,
2022-07-05,33.150001525878906,33.45000076293945,32.650001525878906,33.0,33.0,254070,0,33.6975001335144,35.853000221252444,33.76014345968468,35.534574910412,41.12629227594565,39.75172168775629,-0.8029755285265168,-0.9543196197214425,0.15134409119492576,36.48326248559171,33.6975001335144,30.911737781437097,1.1697661545143665,27.2915909687441,36.622359465237814,83662579.0,-45.30741227771357,-51.54638769827084,49.77606772743241,-0.18258545124408368,12948962304,8.733119,3.11,0.3401889,
2022-07-06,33.0,33.349998474121094,32.900001525878906,33.099998474121094,33.099998474121094,304965,0,33.51250009536743,35.65500019073486,33.69727250867862,35.4391013246751,41.046428656027,40.763582768820875,-0.7621111973286858,-0.9158779352428912,0.15376673791420536,35.91455615942773,33.51250009536743,31.110444031307125,1.1183540683520679,27.56933271869074,30.32997100729644,83967544.0,-35.989767402174145,-31.944483445010352,49.77023965674691,-0.23833612771171275,12948962304,8.733119,3.11,0.3401889,
2022-07-07,33.45000076293945,33.900001525878906,33.20000076293945,33.70000076293945,33.70000076293945,379917,0,33.37250013351441,35.436000175476075,33.69753234241775,35.37090130264625,40.97332987102115,46.56273718520897,-0.6735465250904156,-0.8674116532123961,0.19386512812198053,35.35075025461756,33.37250013351441,31.394250012411256,1.0956147100239069,47.79156850428101,34.21749739723865,84347461.0,14.019496257760414,-15.277754966126022,49.76319546224645,-0.16959580851031872,12948962304,8.733119,3.11,0.3401889,
2022-07-08,33.79999923706055,34.75,33.5,34.099998474121094,34.099998474121094,349248,0,33.287500095367434,35.27400012969971,33.73586245019902,35.32106197603742,40.90493851383806,50.07195052881902,-0.564573855919555,-0.8068440937538279,0.24227023783427293,34.96436440212513,33.287500095367434,31.61063578860974,1.106642230736485,63.515767971696995,46.29222306488962,84696709.0,83.93411296897744,-20.00004695012019,49.75693214737874,-0.14686653116013387,12948962304,8.733119,3.11,0.3401889,
2022-07-11,33.900001525878906,34.29999923706055,33.75,34.04999923706055,34.04999923706055,247101,0,33.25000009536743,35.140000114440916,33.76578023942393,35.27121637843048,40.83673016282535,49.63318923907834,-0.4767510615948538,-0.7408254873220331,0.2640744257271793,34.820031674912975,33.25000009536743,31.67996851582189,1.0668820169024893,73.23802299236235,61.51511982278015,84449608.0,84.46807253856839,-22.95085042755888,49.752480140912816,-0.1427016084300018,12948962304,8.733119,3.11,0.3401889,
2022-07-12,33.95000076293945,36.0,33.95000076293945,35.0,35.0,894820,0,33.272500133514406,35.02100009918213,33.88332497852642,35.26058044202144,40.77865324578231,57.290907715779646,-0.32672743182853736,-0.658005876223334,0.3312784443947966,34.92703164831441,33.272500133514406,31.617968618714396,1.1371046754852077,67.81868320602472,68.19082472336139,85344428.0,190.6139185299079,-28.57142857142857,49.73735235641788,-0.11051075351099837,12948962304,8.733119,3.11,0.3401889,
2022-07-13,35.150001525878906,35.54999923706055,34.54999923706055,34.79999923706055,34.79999923706055,402896,0,33.26750001907349,34.93100009918213,33.970627288863,35.24251843398376,40.71916415116816,55.38186815995262,-0.22141863823667052,-0.5706884286260012,0.3492697903893307,34.902820499812826,33.26750001907349,31.632179538334153,1.1273114843791214,63.85044797968914,68.30238472602544,84941532.0,187.6649708567247,-35.82093461264294,49.73054344574423,-0.13193565813056177,12948962304,8.733119,3.11,0.3401889,
2022-07-14,34.900001525878906,35.04999923706055,33.849998474121094,34.099998474121094,34.099998474121094,521352,0,33.33499994277954,34.816000099182126,33.982948354125675,35.19771372967542,40.65330180612291,49.202198285419676,-0.19222897604748113,-0.4949965381102972,0.3027675620628161,34.99062598676051,33.33499994277954,31.679373898798566,1.1325035757048594,49.628225596012925,60.43245226057562,84420180.0,100.38872237282312,-56.71648929265232,49.72136438728681,-0.13951908570861307,12948962304,8.733119,3.11,0.3401889,
2022-07-15,34.20000076293945,34.29999923706055,33.54999923706055,34.099998474121094,34.099998474121094,389530,0,33.4024998664856,34.73600009918213,33.99409598460143,35.15466607259486,40.58809480779453,49.202198285419676,-0.1671689389927309,-0.4294310182867839,0.26226207929405304,35.06727378587727,33.4024998664856,31.737725947093928,1.1051818917259408,34.53056621432395,49.33641326334203,84420180.0,56.91480810001243,-56.71648929265232,49.71435753506921,-0.11800987879240854,12948962304,8.733119,3.11,0.3401889,
2022-07-18,33.0,33.349998474121094,32.0,32.400001525878906,32.400001525878906,1334133,0,33.454999923706055,34.64100009918213,33.8422774647231,35.04664001193933,40.50662124280035,37.4366195432013,-0.28124223986097263,-0.3997932626016217,0.11855102274064905,34.910643058557476,33.454999923706055,31.999356788854634,1.1762402190398802,18.81630619086009,34.325032667065685,83086047.0,-103.5663826012861,-89.99996185302734,49.68827484738214,-0.14214375268495905,12948962304,8.733119,3.11,0.3401889,
2022-07-19,32.45000076293945,32.79999923706055,32.29999923706055,32.45000076293945,32.45000076293945,463102,0,33.464999961853025,34.56200008392334,33.70967968360085,34.94481102178247,40.42645586489129,37.90691624806949,-0.3634223257345539,-0.3925190752282081,0.029096749493654206,34.88981455764827,33.464999961853025,32.04018536605778,1.1279373462513174,15.041686720421774,22.79618637520197,83549149.0,-118.02477485929181,-88.74998092651367,49.679204413658375,-0.18316955249716008,12948962304,8.733119,3.11,0.3401889,
2022-07-20,32.849998474121094,33.400001525878906,32.5,32.900001525878906,32.900001525878906,612455,0,33.47749996185303,34.52000011444092,33.63256747810352,34.864622414099976,40.351565771965795,42.12375171706984,-0.38776937117613386,-0.3915691344177933,0.0037997632416594262,34.87766844771223,33.47749996185303,32.07733147599382,1.11522759030047,17.394790943981555,17.084261285087837,84161604.0,-73.41504902746591,-77.49996185302734,49.667514291748596,-0.19397535877492736,12948962304,8.733119,3.11,0.3401889,
2022-07-21,33.099998474121094,34.29999923706055,32.849998474121094,33.599998474121094,33.599998474121094,750457,0,33.52499980926514,34.49800006866455,33.62946566820043,34.81502931841453,40.28438599785789,48.03552231947808,-0.346585455110457,-0.382572398556326,0.035986943445869,34.87314568103476,33.52499980926514,32.17685393749552,1.1391399597746832,37.24983626979144,23.228771311398287,84912061.0,1.4213097142736815,-60.000038146972656,49.65376784021709,-0.1689363830347992,12948962304,8.733119,3.11,0.3401889,
2022-07-22,33.95000076293945,36.150001525878906,33.75,35.04999923706055,35.04999923706055,1938700,0,33.63249969482422,34.50200008392334,33.76475457952044,34.8242438250281,40.232302547501696,57.6789314862308,-0.19469958587738745,-0.3449978360205383,0.15029825014315085,35.10160570532771,33.63249969482422,32.16339368432073,1.2399158949163354,57.522452917668694,37.38902671048059,86850761.0,153.15982197479482,-26.50606950283942,49.621448568055975,-0.11032098862385604,12948962304,8.733119,3.11,0.3401889,
2022-07-25,35.0,35.400001525878906,33.75,34.150001525878906,34.150001525878906,724100,0,33.67499980926514,34.47200008392334,33.80144476488792,34.797802950551656,40.171782139326346,51.313686781098625,-0.1452765759927246,-0.30505358401497557,0.15977700802225098,35.15232771779912,33.67499980926514,32.19767190073116,1.2692077256993761,63.70369451883994,52.82532790210005,86126661.0,78.29684832680411,-48.19275336474559,49.60896170946886,-0.1297206533146076,12948962304,8.733119,3.11,0.3401889,
2022-07-26,34.20000076293945,34.400001525878906,33.70000076293945,33.900001525878906,33.900001525878906,356476,0,33.68499984741211,34.40700008392334,33.810831123077534,34.762595051544885,40.109376362078116,49.67381935735282,-0.1248422910290401,-0.2690113254177885,0.1441690343887484,35.165573348202,33.68499984741211,32.20442634662221,1.2285500855022387,53.30069986193772,58.17561576614881,85770185.0,27.909641807216065,-54.21684753533879,49.60264662266508,-0.15782049637351622,12948962304,8.733119,3.11,0.3401889,
2022-07-27,34.25,34.25,33.5,33.650001525878906,33.650001525878906,314215,0,33.694999885559085,34.335000114440916,33.79551401858242,34.71896393289132,40.045103975648274,48.021125040907194,-0.12735283937909259,-0.24067962821004932,0.11332678883095673,35.17178624476937,33.694999885559085,32.2182135263488,1.194367936537793,36.88355446324378,51.29598294800718,85455970.0,5.3515312231019765,-60.240941705931995,49.59701314044935,-0.15886075474893702,12948962304,8.733119,3.11,0.3401889,
2022-07-28,33.95000076293945,33.95000076293945,33.5,33.599998474121094,33.599998474121094,374445,0,33.70249977111816,34.28300006866455,33.776893490538484,34.675082934508175,39.980973572648004,47.679431137087185,-0.13185732623939828,-0.2189151678159191,0.08705784157652083,35.175752328297385,33.70249977111816,32.22924721393894,1.1411988527093402,22.124069869096733,37.436108064759445,85081525.0,-8.264491875604772,-61.44583407635643,49.59025551061465,-0.16780667746687072,12948962304,8.733119,3.11,0.3401889,
2022-07-29,33.599998474121094,34.95000076293945,33.5,34.400001525878906,34.400001525878906,814715,0,33.757499885559085,34.231000099182125,33.836237112951856,34.66429542828742,39.92544151248115,53.39333283039972,-0.07006592775623233,-0.18914531980398175,0.11907939204774942,35.24856442154536,33.757499885559085,32.26643534957281,1.1632561320114914,25.12816092476864,28.04526175236975,85896240.0,52.56418962821383,-42.1686591941524,49.57612596387032,-0.1352544147201545,12948962304,8.733119,3.11,0.3401889,
2022-08-01,34.650001525878906,35.25,34.20000076293945,34.849998474121094,34.849998474121094,546158,0,33.84499988555908,34.20300006866455,33.932785814015595,34.67157790067305,39.87493959170145,56.28528163092709,0.015041801145983413,-0.14830789561398872,0.16334969675997213,35.37630568861405,33.84499988555908,32.313694082504114,1.1551663538007095,42.76158614100132,30.004605644955593,86442398.0,95.7041721126119,-31.32536322339043,49.56696748147197,-0.11704336169726992,12948962304,8.733119,3.11,0.3401889,
2022-08-02,34.849998474121094,36.400001525878906,34.849998474121094,36.099998474121094,36.099998474121094,838333,0,33.999999809265134,34.21800006866455,34.13918701973993,34.72759439374944,39.83737798854145,63.12927203911873,0.18126532890531166,-0.08239325071012864,0.2636585796154403,35.76719994582004,33.999999809265134,32.23279967271023,1.1833689750833598,71.38876863146446,46.42617189907818,87280731.0,182.0612146656004,-6.818248811808911,49.55389571559765,-0.06815014028984137,12948962304,8.733119,3.11,0.3401889,
2022-08-03,35.650001525878906,36.04999923706055,35.04999923706055,35.150001525878906,35.150001525878906,377542,0,34.10249996185303,34.22700008392334,34.23545506794364,34.74415937932314,39.79073742672391,55.95881120972845,0.2336485034563438,-0.01918489987683414,0.25283340333317794,35.886728508454325,34.10249996185303,32.31827141525173,1.1738425652245874,74.56480565911329,62.905053477193064,86903189.0,127.1618841647945,-28.409081057086926,49.54786042663089,-0.08898979168513198,12948962304,8.733119,3.11,0.3401889,
2022-08-04,35.54999923706055,35.79999923706055,34.099998474121094,34.29999923706055,34.29999923706055,591158,0,34.132499885559085,34.21300006866455,34.24160213166906,34.72674133452853,39.736103215881485,50.43852915534141,0.20422034078054452,0.025496148254641596,0.17872419252590294,35.90880830374934,34.132499885559085,32.35619146736883,1.2114252936327918,58.045937700326284,67.99983733030139,86312031.0,53.283680815869204,-47.72730819448707,49.537964198767696,-0.13541041235650997,12948962304,8.733119,3.11,0.3401889,
2022-08-05,34.45000076293945,35.0,34.29999923706055,34.75,34.75,299263,0,34.16499996185303,34.19900005340576,34.29002097627201,34.72765343905682,39.68649024855928,53.07759882285382,0.2147342873997431,0.0633437760836619,0.1513905113160812,35.96141210460188,34.16499996185303,32.36858781910418,1.1748949700118392,37.58121296228151,56.73065210724041,86611294.0,44.35856166969236,-40.24391718948149,49.53294254980123,-0.12816261424836287,12948962304,8.733119,3.11,0.3401889,
2022-08-08,35.0,35.20000076293945,34.099998474121094,34.79999923706055,34.79999923706055,404162,0,34.20249996185303,34.17600002288818,34.33859033444235,34.73049052917462,39.63786844744984,53.37467195811681,0.22451313870566025,0.09557764860806157,0.1289354900975987,36.01894466763873,34.20249996185303,32.38605525606733,1.1695454927837334,28.760613293581304,41.46258798539641,87015456.0,42.28377103512093,-41.02568366195144,49.52617368203581,-0.11982995105478825,12948962304,8.733119,3.11,0.3401889,
2022-08-10,34.79999923706055,35.150001525878906,34.25,34.45000076293945,34.45000076293945,457413,0,34.175,34.14000003814697,34.34920085144208,34.71949093049873,39.58624787347461,50.943266448601236,0.20169597140911577,0.11680131316827241,0.08489465824084336,35.958674982924386,34.175,32.39132501707561,1.1502923522905315,25.548167369616504,30.629997875159816,86558043.0,36.8473295564912,-54.92955173584694,49.51847740403171,-0.1460762369096644,12948962304,8.733119,3.11,0.3401889,
2022-08-11,34.79999923706055,35.04999923706055,33.599998474121094,34.0,34.0,634181,0,34.13500003814697,34.101000022888186,34.315943627495216,34.691275599890936,39.53066331751964,47.92069177577364,0.1456232470373493,0.1225656999420878,0.023057547095261505,35.896560893653216,34.13500003814697,32.37343918264072,1.1717000959083117,22.188494977907425,25.499091880368454,85923862.0,1.5313249316778974,-82.75862976146315,49.50753395173734,-0.149926030103253,12948962304,8.733119,3.11,0.3401889,
2022-08-12,34.04999923706055,34.79999923706055,33.650001525878906,34.20000076293945,34.20000076293945,562100,0,34.14000015258789,34.06200000762939,34.304901449918475,34.67200992001049,39.47762189906611,49.35881852976946,0.11598657801147993,0.12124987555596622,-0.0052632975444862895,35.90170291980552,34.14000015258789,32.37829738537025,1.1701499255706922,24.54359964766809,24.09342066506405,86485962.0,2.142297373742208,-75.86205535780526,49.4978474099073,-0.12756816329810383,12948962304,8.733119,3.11,0.3401889,
2022-08-16,34.099998474121094,35.79999923706055,34.099998474121094,35.54999923706055,35.54999923706055,856445,0,34.212500190734865,34.05100002288818,34.42348219155105,34.706440873620295,39.43854107655859,57.82476922981237,0.1991373671317902,0.13682737387113103,0.06230999326065917,36.077941445420144,34.212500190734865,32.347058936049585,1.2079964139541752,48.10611273954938,31.612735788375005,87342407.0,88.42269387020202,-29.310408330242115,49.484012053768126,-0.09116443408453477,12948962304,8.733119,3.11,0.3401889,
2022-08-17,35.400001525878906,36.150001525878906,35.20000076293945,35.400001525878906,35.400001525878906,594993,0,34.36250019073486,34.04600002288819,34.516484032915606,34.73363933057161,39.398356603417504,56.69075069810906,0.2500489956972416,0.15947169823635315,0.09057729746088844,36.098839062284654,34.36250019073486,32.62616131918507,1.1895681531674092,65.57490915904401,46.07487384875387,86747414.0,122.75008981127478,-34.48274047707368,49.474706096230626,-0.08063883430904889,12948962304,8.733119,3.11,0.3401889,
2022-08-18,35.400001525878906,35.75,35.04999923706055,35.29999923706055,35.29999923706055,628500,0,34.50500011444092,34.037000007629395,34.591104528548456,34.75584952298294,39.35757692813037,55.90360335008111,0.2791100720100488,0.18339937299109227,0.09571069901895651,36.04704351329149,34.50500011444092,32.962956715590344,1.1545990538654125,75.29708495723179,62.9927022852751,86118914.0,94.74289693972435,-37.931093449510534,49.46473648555831,-0.07913963575658174,12948962304,8.733119,3.11,0.3401889,
2022-08-19,35.45000076293945,36.900001525878906,35.25,36.45000076293945,36.45000076293945,1474284,0,34.68250007629395,34.03000003814697,34.768142265157124,34.82228682651065,39.328645822009065,62.37367119732322,0.39043599344193325,0.22480669708126047,0.16562929636067278,36.26151062368811,34.68250007629395,33.103489528899786,1.1899849447235193,74.4695699911054,71.7805213691271,87593198.0,177.5925014582205,-13.235310617195301,49.44278485994031,-0.019573662208051346,12948962304,8.733119,3.11,0.3401889,
2022-08-22,36.45000076293945,37.849998474121094,36.04999923706055,36.650001525878906,36.650001525878906,1372843,0,34.83500022888184,34.03300006866455,34.947366956654434,34.89396191276038,39.301992644933144,63.38000470994031,0.48916222074194593,0.2776778018133976,0.21148441892854836,36.54967208370041,34.83500022888184,33.12032837406327,1.2335573941761642,73.606840286799,74.45783174504544,88966041.0,207.63304045377598,-28.23522231158088,49.42340900570123,-0.052857887806648296,12948962304,8.733119,3.11,0.3401889,
2022-08-23,36.650001525878906,36.75,35.5,35.900001525878906,35.900001525878906,850490,0,34.87750034332275,34.03500011444092,35.038094058485335,34.93341444660817,39.26814198703211,57.20164869262086,0.5011082709543047,0.32236389564157897,0.1787443753127257,36.65245813679733,34.87750034332275,33.102542549848174,1.2347318660207238,61.50371231044653,69.86004086278369,88115551.0,107.18834257542316,-45.88228113511029,49.41067351335716,-0.09303980064361642,12948962304,8.733119,3.11,0.3401889,
2022-08-24,35.900001525878906,36.45000076293945,35.099998474121094,35.349998474121094,35.349998474121094,581191,0,34.937500190734866,34.04600009918213,35.06779924092684,34.94975107513809,39.22915548441608,53.11273583743451,0.4608821891177257,0.3500675543368083,0.11081463478091741,36.69103240677817,34.937500190734866,33.18396797469156,1.2429654676491264,36.35719187946873,57.155914825571465,87534360.0,60.26709667635152,-58.8235294117647,49.40171355126711,-0.09352023308552934,12948962304,8.733119,3.11,0.3401889,
2022-08-25,35.650001525878906,36.400001525878906,35.25,35.650001525878906,35.650001525878906,958973,0,35.025000190734865,34.068000144958496,35.12324707758894,34.97721187712793,39.193542012191834,55.00218825511042,0.4480456768319385,0.3696631788358343,0.0783824979961042,36.73687085387014,35.025000190734865,33.31312952759959,1.236325186094111,20.3572017437364,39.40603531121726,88493333.0,65.40592283863117,-51.76463407628676,49.38709786910769,-0.09963483543956803,12948962304,8.733119,3.11,0.3401889,
2022-08-26,35.849998474121094,36.25,35.54999923706055,35.70000076293945,35.70000076293945,603550,0,35.12750015258789,34.08400012969971,35.178176000003276,35.005556539316615,39.158780407721665,55.32530912634126,0.436871189799966,0.38310478102866063,0.05376640877130534,36.740409662575374,35.12750015258789,33.51459064260041,1.198016298725921,17.510879135601446,24.7417575862689,89096883.0,65.17781816917523,-50.58818143956801,49.377960179407545,-0.10886211325539187,12948962304,8.733119,3.11,0.3401889,
2022-08-29,34.349998474121094,37.599998474121094,34.349998474121094,36.45000076293945,36.45000076293945,1945180,0,35.270000267028806,34.15800014495849,35.299302167901956,35.062201410831236,39.1318273764303,59.96889771123449,0.482966720589161,0.40307716894076073,0.07988955164840028,36.82029096695509,35.270000267028806,33.71970956710252,1.344586563102641,35.47794368717219,24.448674855503384,91042063.0,87.9110293985818,-32.9411226160386,49.349244430679896,-0.04729457464959071,12948962304,8.733119,3.11,0.3401889,
2022-08-30,36.75,37.79999923706055,36.20000076293945,36.849998474121094,36.849998474121094,1867490,0,35.39250011444092,34.24000011444092,35.446987530399014,35.1323110995877,39.1091226112332,62.22411186615015,0.5454862077622593,0.43155897670506044,0.11392723105719887,37.03301092171249,35.39250011444092,33.75198930716935,1.3628302710325304,52.965824059892526,35.318215627555425,92909553.0,156.64507433801012,-23.52941176470588,49.32348886626747,-0.0775193816591658,12948962304,8.733119,3.11,0.3401889,
2022-09-01,36.45000076293945,37.54999923706055,36.25,37.29999923706055,37.29999923706055,838562,0,35.51500015258789,34.35900009155274,35.62346483579535,35.21731847752781,39.09112138362949,64.63774166753915,0.6241498416763847,0.4700771496993253,0.15407269197705936,37.331617791498566,35.51500015258789,33.69838251367721,1.3583423400345314,74.1954855711676,54.21308443941081,93748115.0,145.56567658396955,-12.94115851907169,49.31203623614897,-0.053101762884199794,12948962304,8.733119,3.11,0.3401889,
2022-09-02,37.29999923706055,37.70000076293945,36.5,36.75,36.75,660233,0,35.54750022888184,34.44900009155273,35.730753899052935,35.277423635271816,39.06782664349387,59.623481884692495,0.6347934921663665,0.5030204181927336,0.13177307397363291,37.42698817604878,35.54750022888184,33.668012281714894,1.347032227384883,75.84541596960922,67.66890853355648,93087882.0,124.519794311542,-26.19045889024926,49.30299747840518,-0.10796210323687397,12948962304,8.733119,3.11,0.3401889,
2022-09-05,36.900001525878906,38.79999923706055,36.900001525878906,38.54999923706055,38.54999923706055,2164235,0,35.71750011444092,34.56700004577637,35.99925345505366,35.40575993338118,39.06267413198707,68.29262013608235,0.7794881034306869,0.5583139552403242,0.22117414819036263,37.99527844303914,35.71750011444092,33.43972178584269,1.3972441566474303,83.15150641758368,77.73080265278686,95252117.0,184.0366139000661,-5.319148072725974,49.2760984899406,0.005943471726028039,12948962304,8.733119,3.11,0.3401889,
2022-09-06,38.79999923706055,38.79999923706055,37.54999923706055,37.70000076293945,37.70000076293945,975921,0,35.88750019073486,34.668000030517575,36.16122938913802,35.495730161991304,39.04911519299157,61.56988620071364,0.8161636259622398,0.6098838893847074,0.2062797365775324,38.22349548766015,35.88750019073486,33.55150489380957,1.3867267168868995,73.87987040719094,77.62559759812797,94276196.0,153.6410905281082,-24.719062596171074,49.263939050283746,-0.00964236561000366,12948962304,8.733119,3.11,0.3401889,
2022-09-07,37.349998474121094,37.900001525878906,36.79999923706055,37.20000076293945,37.20000076293945,872720,0,36.010000228881836,34.75400001525879,36.26015999616673,35.56256430320496,39.03071604443384,57.955744476722124,0.795710959843511,0.6470493034764682,0.14866165636704287,38.351495307564434,36.010000228881836,33.66850515019924,1.3662464005962893,63.10976933734678,73.38038205404048,93403476.0,91.1491537037351,-35.95501572597963,49.25239622014092,-0.026115464799350955,12948962304,8.733119,3.11,0.3401889,
2022-09-08,37.54999923706055,37.70000076293945,36.95000076293945,37.20000076293945,37.20000076293945,911628,0,36.130000305175784,34.83200004577637,36.349668640621275,35.62677749770435,39.01249997198116,57.95574447672214,0.7706188600656674,0.671763214794308,0.09885564527135937,38.457101270845655,36.130000305175784,33.80289933950591,1.3222288005536973,41.794036817514105,59.59455885401729,93403476.0,80.89567894876998,-35.95501572597963,49.24034576330319,-0.04634918120753887,12948962304,8.733119,3.11,0.3401889,
2022-09-09,37.54999923706055,37.70000076293945,36.25,36.5,36.5,914225,0,36.23250026702881,34.88800003051758,36.36398591294306,35.66102151740222,38.987499972259954,52.91268061620807,0.6863373095201553,0.6746780337394774,0.011659275780677825,38.43165333085899,36.23250026702881,34.03334720319863,1.3313553692955369,25.831231134612555,43.578345763157834,92489251.0,40.89827328980218,-51.685367252415475,49.227814617831555,-0.06231960205019368,12948962304,8.733119,3.11,0.3401889,
2022-09-12,36.75,36.849998474121094,36.400001525878906,36.599998474121094,36.599998474121094,600314,0,36.36250019073486,34.95099998474121,36.38646329972192,35.6978441431559,38.963743738447626,53.53470331945326,0.6204603341278272,0.6638344938171474,-0.043374159689320235,38.31157016779745,36.36250019073486,34.41343021367228,1.2684011963631547,17.98806161390323,28.537776522009977,93089565.0,18.611067025745562,-49.43821091586151,49.21946756760238,-0.05167061832791937,12948962304,8.733119,3.11,0.3401889,
2022-09-13,36.70000076293945,37.0,36.650001525878906,36.849998474121094,36.849998474121094,432505,0,36.49500007629395,35.018999938964846,36.430609506807556,35.74302666593885,38.942711447260294,55.130525762511475,0.5817195661238301,0.6474115082784839,-0.06569194215465379,38.180496755914106,36.49500007629395,34.80950339667379,1.2063726484714226,19.96428974139008,21.26119416330197,93522070.0,29.440940017501315,-43.82023435095723,49.213563928733684,-0.04771506330834993,12948962304,8.733119,3.11,0.3401889,
2022-09-14,36.349998474121094,36.849998474121094,36.20000076293945,36.5,36.5,765481,0,36.54250011444092,35.08299995422363,36.43721812520684,35.77271189472556,38.91840586072039,52.4163768130265,0.516817723556926,0.6212927513341724,-0.10447502777724638,38.171387380378235,36.54250011444092,34.913612848503604,1.1666315815221524,23.36296461988579,20.43843865839305,92756589.0,-8.090001161180302,-51.685367252415475,49.2028620829172,-0.08108146165029721,12948962304,8.733119,3.11,0.3401889,
2022-09-15,36.599998474121094,37.400001525878906,36.04999923706055,36.400001525878906,36.400001525878906,1009135,0,36.59250011444092,35.14900001525879,36.433673687175606,35.79731148810412,38.89334711111998,51.63422490162644,0.4521019546808134,0.5874545920035006,-0.1353526373226872,38.137257147021806,36.59250011444092,35.04774308186003,1.1797294891861672,25.858566569087298,23.061940310121074,91747454.0,-3.211592699780719,-53.93252358896944,49.18889235102365,-0.08636009953999144,12948962304,8.733119,3.11,0.3401889,
2022-09-16,36.400001525878906,36.599998474121094,35.0,35.29999923706055,35.29999923706055,1000697,0,36.59250011444092,35.195,36.32570469192655,35.77780904688672,38.85759240590546,43.87791740135561,0.3084970875965709,0.5316630911221146,-0.22316600352554372,38.137257147021806,36.59250011444092,35.04774308186003,1.2097487023958047,17.90404990426635,22.3751936977465,90746757.0,-122.47144023464395,-78.65167190865988,49.17398890594235,-0.10625087627875049,12948962304,8.733119,3.11,0.3401889,
2022-09-19,35.45000076293945,35.599998474121094,34.75,35.150001525878906,35.150001525878906,531880,0,36.52750015258789,35.236000061035156,36.21373296182678,35.7531891441021,38.820700954362906,42.930889082661,0.18050488613890536,0.46143145012547276,-0.2809265639865674,38.19527517701711,36.52750015258789,34.85972512815867,1.1840522575190395,16.268863029002407,20.01049316745204,90214877.0,-156.9429061782625,-90.12341725354932,49.165808371322925,-0.14661617618036768,12948962304,8.733119,3.11,0.3401889,
2022-09-20,35.20000076293945,36.04999923706055,35.150001525878906,35.400001525878906,35.400001525878906,830096,0,36.46500015258789,35.27000007629395,36.13623472983174,35.73933864926982,38.78666414412923,45.05927985356647,0.09811208002662397,0.388767576105703,-0.29065549607907903,38.20197967044766,36.46500015258789,34.72802063472812,1.1637626470663682,17.374231372932737,17.18238143540052,91044973.0,-101.78623411371504,-83.95057658453607,49.15339412809921,-0.14614479049942863,12948962304,8.733119,3.11,0.3401889,
2022-09-21,35.45000076293945,35.900001525878906,34.5,34.79999923706055,34.79999923706055,870620,0,36.410000038146975,35.284000091552734,36.008974206710676,35.70250180957534,38.74699583659621,41.09772541435355,-0.015422205124089317,0.30792961985974454,-0.32335182498383386,38.27965206866344,36.410000038146975,34.54034800763051,1.1806368526958353,16.655843230027248,16.766312543987485,90174353.0,-132.60394359879328,-93.02327231886616,49.13995282445099,-0.15588804504979356,12948962304,8.733119,3.11,0.3401889,
2022-09-22,34.79999923706055,35.45000076293945,34.5,34.70000076293945,34.70000076293945,469081,0,36.37750015258789,35.297000122070315,35.88431006920865,35.6631880430406,38.70672722889814,40.459278684094635,-0.11217490276322906,0.22390871533514983,-0.3360836180983789,38.340017053423175,36.37750015258789,34.41498325175261,1.1641628462846652,14.79899798429354,16.27635752908453,89705272.0,-137.5382962430466,-95.34881864127556,49.132627214037946,-0.15188824738633247,12948962304,8.733119,3.11,0.3401889,
2022-09-23,34.79999923706055,35.04999923706055,33.849998474121094,34.150001525878906,34.150001525878906,488442,0,36.30250015258789,35.28000015258789,35.719137826986774,35.60384739530877,38.66138667463924,37.05010073054592,-0.23057453489259672,0.13301206528960052,-0.36358660018219724,38.4740138555356,36.30250015258789,34.130986449640176,1.1667226974742928,11.16838207762453,14.20774109731513,89216830.0,-160.16549893547796,-93.93933322184658,49.12472203408643,-0.15315889148058812,12948962304,8.733119,3.11,0.3401889,
2022-09-26,34.0,34.099998474121094,32.099998474121094,32.45000076293945,32.45000076293945,905742,0,36.14000015258789,35.23300018310547,35.40779143993465,35.48016713521586,38.59958183969695,28.934521051571373,-0.4563227458849326,0.015145103054693895,-0.4714678489396265,38.87963442902577,36.14000015258789,33.400365876150005,1.2298141513516871,10.673722041658133,12.213700701192094,88311088.0,-218.42079749415888,-93.96548095414735,49.10863246671287,-0.16352739842585895,12948962304,8.733119,3.11,0.3401889,
2022-09-27,32.70000076293945,33.20000076293945,32.349998474121094,32.45000076293945,32.45000076293945,421931,0,35.94000015258789,35.200000228881834,35.12609708974463,35.361337081401096,38.53839197823668,28.934521051571366,-0.6279907431480467,-0.11348206618585423,-0.5145086769621925,39.110109770892706,35.94000015258789,32.76989053428308,1.2026847325993066,10.569297500495594,10.80380053992611,88311088.0,-183.86135469932944,-93.74996168274401,49.10104823697133,-0.22857456678223864,12948962304,8.733119,3.11,0.3401889,
2022-09-28,32.349998474121094,32.599998474121094,31.950000762939453,32.04999923706055,32.04999923706055,438211,0,35.70000019073486,35.15900024414063,34.83313538948901,35.23148069534852,38.473830856433935,27.302540030125076,-0.7872408257673413,-0.24823381810215167,-0.5390070076651896,39.26089854660435,35.70000019073486,32.13910183486537,1.1632070882123304,6.97616471282388,9.406394751659228,87872877.0,-172.15922861753822,-98.26089610224184,49.09295531736515,-0.24595892364409086,12948962304,8.733119,3.11,0.3401889,
2022-09-29,32.29999923706055,32.650001525878906,31.899999618530273,32.0,32.0,279163,0,35.43500022888183,35.15100021362305,34.563312971442436,35.1047559621976,38.40941462900673,27.09680732239772,-0.9070265467215677,-0.37999236382603485,-0.5270341828955328,39.25927768669596,35.43500022888183,31.61072277106771,1.133692432436352,5.080764693565276,7.542075635628276,87593714.0,-148.0593826133092,-98.18181187653563,49.08779866822399,-0.30118554957659793,12948962304,8.733119,3.11,0.3401889,
2022-09-30,32.20000076293945,32.599998474121094,32.0,32.5,32.5,320972,0,35.222500228881835,35.152000198364256,34.3668069741622,35.0026086695624,38.350614483444474,32.56888135258288,-0.9506532335464257,-0.494124537770113,-0.4565286957763127,39.20012181262304,35.222500228881835,31.244878645140627,1.0955714354138335,11.10149124299132,7.719473549793517,87914686.0,-121.37544363453355,-89.09090593826782,49.081937874637894,-0.2684986912385071,12948962304,8.733119,3.11,0.3401889,
2022-10-03,32.75,33.150001525878906,32.0,32.04999923706055,32.04999923706055,523083,0,34.89750022888184,35.13500015258789,34.14615861824776,34.88682006436625,38.28792179442573,30.36017672732844,-1.0098975278625417,-0.5972791357885987,-0.412618392073943,38.795894262606254,34.89750022888184,30.999106195157427,1.0994592990184817,13.99526550185485,10.059173812803841,87391603.0,-107.09503053421157,-97.27273515433046,49.072414460156836,-0.45379382307893923,12948962304,8.733119,3.11,0.3401889,
2022-10-04,32.5,33.099998474121094,32.45000076293945,32.900001525878906,32.900001525878906,456783,0,34.65750026702881,35.12100021362305,34.02747699040311,34.80890561187655,38.23431064747501,38.8024663457836,-0.9769987436419285,-0.6732230573592647,-0.3037756862826638,38.42502922915264,34.65750026702881,30.889971304904975,1.0959264374500577,39.60373711796405,21.566831287603435,87848386.0,-79.98390718188296,-81.81815344441034,49.06431462810784,-0.40151902125023975,12948962304,8.733119,3.11,0.3401889,
2022-10-06,33.20000076293945,33.900001525878906,33.0,33.04999923706055,33.04999923706055,581191,0,34.45000019073486,35.08100021362305,33.93438387103715,34.73992889129553,38.18272545931168,40.180607820356634,-0.9281238247008403,-0.7242032108275798,-0.20392061387326055,38.089505584565636,34.45000019073486,30.810494796904084,1.0890745490607678,49.67945954834526,34.42615405605475,88429577.0,-52.84613975608366,-75.5319170522285,49.0543372034228,-0.4325480170692515,12948962304,8.733119,3.11,0.3401889,
2022-10-07,33.04999923706055,33.20000076293945,32.650001525878906,33.0,33.0,219630,0,34.24000015258789,35.05800018310547,33.845394930938376,34.67169638575453,38.13115605175634,39.85839477770322,-0.8832431427352958,-0.756011197209123,-0.12723194552617278,37.70086694124609,34.24000015258789,30.779133363929688,1.0505691696321806,63.37716442904371,50.886787031784365,88209947.0,-60.89096936653146,-73.49396427512703,49.05048229190808,-0.4272033844652956,12948962304,8.733119,3.11,0.3401889,
2022-10-10,32.70000076293945,33.25,32.599998474121094,33.0,33.0,612278,0,34.06500015258789,35.04000015258789,33.76488112799186,34.606139664744546,38.08009977263439,39.85839477770322,-0.8380147663493531,-0.772411911037169,-0.06560285531218413,37.40282865963542,34.06500015258789,30.72717164554037,1.0219571950783752,54.254333149629396,55.77031904233948,88209947.0,-54.565357181315534,-73.49396427512703,49.03974542033537,-0.37521170323631087,12948962304,8.733119,3.11,0.3401889,
2022-10-11,33.20000076293945,33.20000076293945,32.349998474121094,32.400001525878906,32.400001525878906,417836,0,33.85500030517578,35.01500015258789,33.6348925944573,34.519624443612564,38.02358138211941,35.85662451710803,-0.8408925290384062,-0.7861080346374164,-0.05478449440098976,37.05404706728507,33.85500030517578,30.65595354306649,1.0096747017740884,36.163023448734286,51.264840342469164,87792111.0,-61.57414113290175,-87.49995827676855,49.032290025251385,-0.4072156371155492,12948962304,8.733119,3.11,0.3401889,
2022-10-12,32.599998474121094,32.650001525878906,32.04999923706055,32.45000076293945,32.45000076293945,312996,0,33.6350004196167,34.99200019836426,33.52204575336036,34.43846273064499,37.968122868495726,36.42940281462711,-0.829575822444788,-0.7948015921988907,-0.03477423024589732,36.57457561408207,33.6350004196167,30.69542522515133,0.9804123865629649,25.826403672718897,38.747920090360886,88105107.0,-68.535801651911,-84.50701501109755,49.026618884249835,-0.40774945137910357,12948962304,8.733119,3.11,0.3401889,
2022-10-13,32.70000076293945,34.349998474121094,32.29999923706055,33.20000076293945,33.20000076293945,1223465,0,33.470000457763675,34.96800018310547,33.4913748018917,34.389895594656544,37.92067886744542,44.443461072104164,-0.751426541524495,-0.7861265820640115,0.034700040539516586,36.102186392573884,33.470000457763675,30.837814522953465,1.0568114473127923,24.949252422365664,28.979559847939644,89328572.0,-18.510797171951594,-58.73011740186387,49.00568481230817,-0.3996555638604783,12948962304,8.733119,3.11,0.3401889,
2022-10-14,35.29999923706055,35.5,33.29999923706055,33.349998474121094,33.349998474121094,1300837,0,33.317500305175784,34.938000183105466,33.47791038972307,34.34911531541986,37.87519946054667,45.912064906846226,-0.6696695776149113,-0.7628351811741915,0.09316560355928016,35.580524046244136,33.317500305175784,31.054476564107432,1.1456105751519179,36.43429641756628,29.069984170883643,90629409.0,36.54444346994207,-59.7222582793492,48.984570234177895,-0.4520320339640463,12948962304,8.733119,3.11,0.3401889,
2022-10-17,33.45000076293945,33.54999923706055,32.5,32.650001525878906,32.650001525878906,527442,0,33.1850004196167,34.86900024414062,33.39906192649982,34.282483402104525,37.82320744129624,40.52788444518718,-0.6538236265185731,-0.7410328702430677,0.08720924372449468,35.27164895136208,33.1850004196167,31.098351887871317,1.138781193859677,35.02419291529474,32.135913918408924,90101967.0,-33.51953530671395,-79.16661589234502,48.975368094305246,-0.4490685060674466,12948962304,8.733119,3.11,0.3401889,
2022-10-18,32.900001525878906,34.099998474121094,32.25,33.75,33.75,878520,0,33.115000343322755,34.84100021362305,33.432484600166504,34.26160170006121,37.78267801401966,50.37622769495962,-0.5462085600429134,-0.7020680082030368,0.15585944816012343,35.0192327576972,33.115000343322755,31.210767928948307,1.189582428164064,34.78262311794488,35.413704150268664,90980487.0,9.15196532578089,-48.61110596009298,48.96050841435067,-0.3883764876193113,12948962304,8.733119,3.11,0.3401889,
2022-10-19,33.849998474121094,33.849998474121094,32.70000076293945,33.0,33.0,518750,0,32.99500026702881,34.815000228881836,33.39129559062684,34.212127123588225,37.73508917805926,44.91494648169061,-0.515499222376306,-0.6647542510376907,0.14925502866138474,34.5846228479106,32.99500026702881,31.40537768614701,1.1867549483796052,29.914554485843414,33.24045683969437,90461737.0,4.2802022434954425,-69.44443708584711,48.95164432125052,-0.3883838861985511,12948962304,8.733119,3.11,0.3401889,
2022-10-20,32.95000076293945,33.0,32.599998474121094,32.650001525878906,32.650001525878906,322282,0,32.88750038146973,34.77300025939942,33.32069615588894,34.15086729622708,37.68449129097289,42.59429510383142,-0.5134846711727974,-0.634500335064712,0.12101566389191465,34.248704120071686,32.88750038146973,31.526296642867766,1.130558275343841,28.220011956971636,30.97239652025333,90139455.0,-35.15459577983293,-81.42852783203124,48.94599117099725,-0.3845664908290731,12948962304,8.733119,3.11,0.3401889,
2022-10-21,32.95000076293945,33.0,32.400001525878906,32.599998474121094,32.599998474121094,267658,0,32.78250026702881,34.72900024414062,33.252058281434856,34.09004891104645,37.63389932264601,42.2583666687814,-0.5100434893595818,-0.609608965923686,0.0995654765641042,33.86336818894783,32.78250026702881,31.701632345109783,1.0926611466850733,18.101171459323858,25.41191263404632,89871797.0,-40.28563486386327,-82.85718645368303,48.941275036741786,-0.3750458900522728,12948962304,8.733119,3.11,0.3401889,
2022-10-24,32.95000076293945,33.0,32.599998474121094,32.75,32.75,111543,0,32.712500190734865,34.69500022888184,33.20424320701249,34.037497973358356,37.585303309485354,43.69300210395986,-0.48956901163684563,-0.5856009750663179,0.09603196342947229,33.59276988622005,32.712500190734865,31.832230495249686,1.0431854594846328,19.41788020665661,21.91302120765072,89983340.0,-10.79294624508138,-79.71012730028959,48.93932453881229,-0.3679991958535063,12948962304,8.733119,3.11,0.3401889,
2022-10-25,32.900001525878906,33.0,32.650001525878906,32.75,32.75,328129,0,32.72750015258789,34.67000022888183,33.160981949201776,33.987007856756065,37.53719083874421,43.69300210395986,-0.46794862012602323,-0.562070504078259,0.09412188395223575,33.59955221444319,32.72750015258789,31.855448090732597,0.9936721033872372,23.361259321882994,20.293436995954508,89983340.0,-6.666560618049285,-79.71012730028959,48.933595353317656,-0.34459192449500475,12948962304,8.733119,3.11,0.3401889,
2022-10-27,32.849998474121094,33.0,32.45000076293945,32.849998474121094,32.849998474121094,499644,0,32.747500038146974,34.64300018310547,33.131364475384565,33.94241925351548,37.490552108747956,44.754253796743484,-0.43769973288564756,-0.5371963498397367,0.09949661695408918,33.611487770931525,32.747500038146974,31.883512305362423,0.9619811843639022,42.05486934338857,28.27800295730941,90482984.0,-14.507468906475856,-76.811621445007,48.92486128779151,-0.28773643511725716,12948962304,8.733119,3.11,0.3401889,
2022-10-28,32.650001525878906,33.0,32.650001525878906,32.79999923706055,32.79999923706055,270140,0,32.785000038146975,34.58800018310547,33.09980588125847,33.897618468556466,37.44387994087047,44.304619201268224,-0.41300097423906834,-0.512357274719603,0.09935630048053468,33.58755817440628,32.785000038146975,31.98244190188767,0.918268133632273,55.26800448324874,40.228044382840125,90212844.0,-11.487912552300052,-78.2608743726483,48.9201576143572,-0.26603397784782346,12948962304,8.733119,3.11,0.3401889,
2022-10-31,32.79999923706055,33.599998474121094,32.70000076293945,32.900001525878906,32.900001525878906,676623,0,32.83000011444092,34.53800018310547,33.080776895031846,33.85849623551029,37.39866722032329,45.484336497590796,-0.38096614058755307,-0.486079047893193,0.10511290730563994,33.54791347346676,32.83000011444092,32.112086755415085,0.9169631034572278,60.265571950703105,52.52948192578017,90889467.0,35.74211260629596,-75.36225794645493,48.90857102696518,-0.27234484581018675,12948962304,8.733119,3.11,0.3401889,
2022-11-01,33.150001525878906,33.349998474121094,32.75,32.900001525878906,32.900001525878906,496914,0,32.85000019073486,34.49000022888183,33.063560193207756,33.820908207681605,37.3539043775925,45.484336497590796,-0.3515261297142942,-0.45916846425741326,0.10764233454311906,33.55213949548641,32.85000019073486,32.14786088598331,0.8943227727903611,48.30920425007043,54.61426022800745,90889467.0,13.775833669240651,-75.36225794645493,48.90003681852446,-0.3116516635775982,12948962304,8.733119,3.11,0.3401889,
2022-11-02,32.849998474121094,33.0,32.75,32.79999923706055,32.79999923706055,202037,0,32.88750019073486,34.417000198364256,33.03845914976517,33.7808725617749,37.30859188863198,44.393774873226754,-0.33243198891062065,-0.43382116918805474,0.1013891802774341,33.48739544590381,32.88750019073486,32.287604935565916,0.8482997175910496,36.23195616959403,48.26891079012254,90687430.0,-31.40669810583917,-83.07694655198317,48.89653685854826,-0.28658292090930715,12948962304,8.733119,3.11,0.3401889,
2022-11-03,32.70000076293945,32.95000076293945,32.5,32.79999923706055,32.79999923706055,312956,0,32.882500076293944,34.34000015258789,33.01574868188854,33.74240694119786,37.263730270208384,44.39377487322675,-0.31368379325063955,-0.4097936940005717,0.09610990074993214,33.483561087589464,32.882500076293944,32.28143906499842,0.8198497922587927,32.279328416395735,38.94016294535342,90687430.0,-56.71413595482114,-83.07694655198317,48.89108465420403,-0.29775165150472166,12948962304,8.733119,3.11,0.3401889,
2022-11-04,32.79999923706055,33.45000076293945,32.70000076293945,32.79999923706055,32.79999923706055,1169235,0,32.87000007629395,34.278000106811525,32.995201115714444,33.705449776329736,37.21931503604771,44.39377487322675,-0.29542029188454677,-0.3869190135773667,0.09149872169281992,33.466992055487026,32.87000007629395,32.27300809710087,0.8148605213831647,28.32670066319744,32.279328416395764,90687430.0,10.360283131639074,-70.27028698919099,48.871041203152444,-0.31328625538930877,12948962304,8.733119,3.11,0.3401889,
2022-11-07,33.150001525878906,33.900001525878906,33.0,33.20000076293945,33.20000076293945,750877,0,32.88000011444092,34.235000152587894,33.014705844021584,33.68562824639286,37.17932185920086,50.34195024900505,-0.2458357141984422,-0.35870235370158177,0.11286663950313958,33.49188205957019,32.88000011444092,32.26811816931165,0.8352277904856785,34.8484638308399,31.818164303477715,91438307.0,104.00370991840732,-48.64856505404503,48.858505933833676,-0.3410196987387839,12948962304,8.733119,3.11,0.3401889,
2022-11-09,33.45000076293945,33.79999923706055,33.29999923706055,33.5,33.5,600992,0,32.90500011444092,34.19200012207031,33.06092433506715,33.67834870731863,37.142711691447616,54.29110589480158,-0.18025428867659343,-0.3230127406965841,0.14275845201999066,33.572757174970306,32.90500011444092,32.23724305391153,0.8184256964596368,49.567063107983834,37.58074253400708,92039299.0,124.46761835949496,-26.666768391927086,48.848595246581176,-0.3647344438970881,12948962304,8.733119,3.11,0.3401889,
2022-11-10,33.400001525878906,34.099998474121094,33.150001525878906,33.400001525878906,33.400001525878906,543146,0,32.95500011444092,34.1460001373291,33.09321740085875,33.66743313157589,37.10547079427778,52.784232689784524,-0.1347957362611396,-0.2853693398094952,0.15057360354835558,33.61371101951342,32.95500011444092,32.296289209368425,0.8278236430155334,59.2262141964819,47.88058037843523,91496153.0,110.56659546450564,-41.176364990889596,48.83965922788508,-0.3508490381899951,12948962304,8.733119,3.11,0.3401889,
2022-11-11,33.70000076293945,33.75,33.0,33.20000076293945,33.20000076293945,600889,0,32.992500114440915,34.0810001373291,33.10338724486643,33.649102450452894,37.066610395956005,49.80668567332217,-0.11359840436088575,-0.2510151527197733,0.13741674835888756,33.616419380862375,32.992500114440915,32.368580848019455,0.8222648113715667,54.46432889735011,54.41920206727196,90895264.0,51.64593479882466,-52.9411368715836,48.82963467326562,-0.3753048845950432,12948962304,8.733119,3.11,0.3401889,
2022-11-14,33.29999923706055,35.599998474121094,32.79999923706055,35.25,35.25,1879218,0,33.09500007629394,34.04900016784668,33.307826554879156,33.71188274651357,37.04853467062311,69.06754161179909,0.0678364632394235,-0.18724482952793395,0.25508129276735747,34.260289793543016,33.09500007629394,31.929710359044865,0.9635315560636367,59.821514734689366,57.83735260950714,92774482.0,252.02878999903854,-11.111070743914947,48.80085317203192,-0.2280746442220361,12948962304,8.733119,3.11,0.3401889,
2022-11-15,35.5,35.599998474121094,34.349998474121094,34.95000076293945,34.95000076293945,1122805,0,33.17500019073486,34.00200019836426,33.46422409850395,33.76043639421654,37.0276537362183,65.1288305428911,0.1852816601039038,-0.1127395316015664,0.2980211917054702,34.591863178040285,33.17500019073486,31.758137203429442,0.9839935877733769,66.66672829872361,60.31752397692105,91651677.0,276.62619004117266,-20.634862967497543,48.78421312862711,-0.13236144574437764,12948962304,8.733119,3.11,0.3401889,
2022-11-16,34.79999923706055,35.5,34.400001525878906,34.79999923706055,34.79999923706055,1080972,0,33.28250007629394,33.96300018310547,33.59144077836648,33.80120356452415,37.005488019808766,63.18848846304489,0.2632197221344086,-0.03754768085437139,0.30076740298877996,34.84271656246117,33.28250007629394,31.722283590126715,0.992279651083928,78.57147722829468,68.35324008723592,90570705.0,206.80014217239378,-25.396819630083087,48.76815371994394,-0.12007689994973444,12948962304,8.733119,3.11,0.3401889,
2022-11-17,35.0,35.0,34.599998474121094,34.650001525878906,34.650001525878906,394489,0,33.32750015258789,33.885000228881836,33.692256087653384,33.834489759087084,36.98205034325225,61.224215276697514,0.30931702201123557,0.03182525971875,0.27749176229248557,34.987764066377764,33.32750015258789,31.667236238798008,0.9499740707121408,71.42863630439292,72.22228061047043,90176216.0,152.4676356301145,-30.64507793061185,48.76223897155052,-0.19416267648961644,12948962304,8.733119,3.11,0.3401889,
2022-11-18,34.650001525878906,34.79999923706055,33.75,34.150001525878906,34.150001525878906,719758,0,33.385000228881836,33.81400024414062,33.73585089129391,33.84686276954951,36.953870753029626,55.077944349792126,0.30202211995448636,0.08586463176589727,0.2161574881885891,35.07529655206333,33.385000228881836,31.69470390570034,0.9571187254513127,61.90483326816556,70.63498226695108,89456458.0,82.86639963716668,-46.77411812769644,48.75106273077683,-0.1847898111018335,12948962304,8.733119,3.11,0.3401889,
2022-11-21,35.79999923706055,35.79999923706055,34.29999923706055,34.650001525878906,34.650001525878906,784551,0,33.48500022888184,33.76300025939941,33.82291285649248,33.87835840705262,36.93094668111768,59.460719516909386,0.3327509332153866,0.13524189205579515,0.19750904115959148,35.22543198501547,33.48500022888184,31.744568472748206,1.0066100815749075,52.72947956989907,62.02098304748588,90241009.0,129.02728040759143,-34.84842354709129,48.739472455799536,-0.19191525682137708,12948962304,8.733119,3.11,0.3401889,
2022-11-22,35.5,35.5,34.0,34.150001525878906,34.150001525878906,819391,0,33.562500381469725,33.702000274658204,33.85406415833881,33.88901107837914,36.903275585045655,53.807250049225516,0.3131481409472556,0.17082314183408726,0.14232499911316837,35.276232369550065,33.562500381469725,31.84876839338938,1.0418522186052712,37.209729069519874,50.614680635861525,89421618.0,82.34385229474955,-49.99994220154322,48.727067650845605,-0.2263654891714994,12948962304,8.733119,3.11,0.3401889,
2022-11-23,34.400001525878906,35.0,34.20000076293945,34.650001525878906,34.650001525878906,548257,0,33.657500457763675,33.66500030517578,33.92986771715215,33.91885384102619,36.88085494764101,58.09774118681111,0.33410722801983184,0.20347995907123617,0.13062726894859567,35.39107412012291,33.657500457763675,31.92392679540444,1.0281483797135442,35.77244546996778,41.90388470312893,89969875.0,77.43463974259431,-34.84842354709129,48.71881863630416,-0.21221610652817327,12948962304,8.733119,3.11,0.3401889,
2022-11-24,35.0,35.650001525878906,34.45000076293945,34.650001525878906,34.650001525878906,984225,0,33.75250053405762,33.62600036621094,33.99845188941184,33.947526299255706,36.85865740115582,58.09774118681111,0.3467206754069565,0.23212810233838024,0.11459257306857626,35.48497790554524,33.75250053405762,32.02002316256999,1.0404235499439662,35.77244546996778,36.25154000315183,89969875.0,91.16107746020324,-37.0967186204079,48.7043487817482,-0.23824384141382096,12948962304,8.733119,3.11,0.3401889,
2022-11-25,34.79999923706055,35.5,34.70000076293945,35.25,35.25,1255057,0,33.872500610351565,33.59400039672852,34.117646947563095,33.99860369928489,36.842650859850785,62.894236967842396,0.4005148993534533,0.26580546174139486,0.13470943761205845,35.66957509571236,33.872500610351565,32.07542612499077,1.026821758813761,52.416511157295396,41.32046736574367,91224932.0,98.94450692304565,-18.33330790201823,48.68625268524107,-0.21040427051187602,12948962304,8.733119,3.11,0.3401889,
2022-11-28,35.20000076293945,36.25,35.150001525878906,35.29999923706055,35.29999923706055,1080438,0,33.997500610351565,33.570000381469725,34.23025192751523,34.04963881841335,36.82730109245984,63.27153739475645,0.44208564187644583,0.3010614977684051,0.14102414410804076,35.826291285263245,33.997500610351565,32.168709935439885,1.032048667049999,57.04158251490848,48.41017971405723,92305370.0,120.06446817717895,-27.53624790882765,48.67119133460062,-0.24639623114226944,12948962304,8.733119,3.11,0.3401889,
2022-11-29,35.5,35.900001525878906,35.150001525878906,35.29999923706055,35.29999923706055,798203,0,34.11750049591065,33.54800033569336,34.3321326236624,34.098672560321084,36.81210405907278,63.27153739475645,0.46961729893147464,0.33477265800101896,0.13484464093045567,35.957412213613324,34.11750049591065,32.27758877820797,1.011902333689285,60.29356662343201,56.58388676521198,92305370.0,101.75798468446894,-27.53624790882765,48.65998768056872,-0.2509222598627459,12948962304,8.733119,3.11,0.3401889,
2022-11-30,35.70000076293945,36.599998474121094,35.5,36.099998474121094,36.099998474121094,1570100,0,34.27750034332276,33.56400032043457,34.500500799896564,34.177155929489714,36.805018431361816,69.10164816256558,0.5496535243790603,0.37774883127662723,0.17190469310243311,36.21978616744037,34.27750034332276,32.335214519205145,1.0324806839300893,62.726795760189084,60.02064829950987,93875470.0,139.46397684092057,-13.157897378599746,48.63903111651758,-0.2125618243687895,12948962304,8.733119,3.11,0.3401889,
2022-12-01,36.349998474121094,37.45000076293945,35.95000076293945,36.79999923706055,36.79999923706055,3076110,0,34.47750034332275,33.5970002746582,34.719500651055036,34.28001252978661,36.80496848912996,73.12200457506418,0.6619366276920928,0.43458639055972037,0.22735023713237246,36.586640559749824,34.47750034332275,32.36836012689568,1.0658749207922258,68.9220747627801,63.98081238213374,96951580.0,180.9169920760364,-13.978522851259669,48.600341400127185,-0.15570824117352336,12948962304,8.733119,3.11,0.3401889,
2022-12-02,37.0,37.400001525878906,36.25,37.0,37.0,1670838,0,34.687500381469725,33.62900024414063,34.93669106524027,34.386678705089096,36.80690910117842,74.15665992248658,0.7583187594944363,0.4993328643466636,0.2589858951477727,36.91951097726637,34.687500381469725,32.45548978567308,1.071883964012703,77.84749503787337,69.8321218536142,98622418.0,176.67359709503853,-12.162180274307607,48.57969596742786,-0.1270069624716512,12948962304,8.733119,3.11,0.3401889,
2022-12-05,37.04999923706055,37.5,36.5,36.70000076293945,36.70000076293945,1616437,0,34.88250045776367,33.6670002746582,35.104625322164,34.47739721716166,36.80584533661883,69.81532985136091,0.801258453425973,0.5597179821625254,0.24154047126344758,37.102246079177156,34.88250045776367,32.66275483635018,1.0667493951546527,74.25192699811646,73.67383226625667,97005981.0,159.85005923572953,-21.33331298828125,48.5598202157148,-0.12954698327986128,12948962304,8.733119,3.11,0.3401889,
2022-12-06,36.70000076293945,36.849998474121094,35.5,35.599998474121094,35.599998474121094,1097544,0,35.00250034332275,33.68500022888183,35.151803717588486,34.52142079586595,36.79384686037507,56.70650774188522,0.7380200429717121,0.5953783943243628,0.1426416486473493,37.101659786939614,35.00250034332275,32.90334089970589,1.0869814722236841,50.46404127442446,67.52115443680479,95908437.0,74.4388842496232,-50.666707356770836,48.54530534912801,-0.15080649914941235,12948962304,8.733119,3.11,0.3401889,
2022-12-07,35.75,35.900001525878906,35.20000076293945,35.54999923706055,35.54999923706055,637204,0,35.10500030517578,33.71300018310547,35.18972710039535,34.56175720532456,36.78147026710826,56.19005945704926,0.6760752518477702,0.6115177658290443,0.06455748601872591,37.09821252478458,35.10500030517578,33.11178808556698,1.0593399929890963,28.724903628491514,51.14695730034416,95271233.0,32.19536650188285,-52.000020345052086,48.53660361534619,-0.14516663497289775,12948962304,8.733119,3.11,0.3401889,
2022-12-08,35.650001525878906,36.54999923706055,35.29999923706055,35.650001525878906,35.650001525878906,741525,0,35.21750030517578,33.777000198364256,35.23356275996522,34.604433453189436,36.77021187167314,57.03293008846251,0.6278158373760832,0.6147773801384521,0.013038457237631085,37.061482694199455,35.21750030517578,33.37351791615211,1.0729585649184465,13.260836922751949,30.816593941889327,96012758.0,49.18652317076233,-52.85709926060267,48.526712531591485,-0.14695467158689163,12948962304,8.733119,3.11,0.3401889,
2022-12-09,35.849998474121094,36.099998474121094,34.54999923706055,34.75,34.75,895571,0,35.29500026702881,33.82300018310547,35.18750916377805,34.61014194522122,36.75011026100972,48.069471883789745,0.5110561648580614,0.5940331370823739,-0.08297697222431255,36.909279208588615,35.29500026702881,33.68072132546901,1.1070328986428823,13.854090729372821,18.61327709353878,95117187.0,-25.46097971121415,-78.57142857142857,48.51412952147408,-0.16191716930925198,12948962304,8.733119,3.11,0.3401889,
2022-12-12,34.75,35.099998474121094,34.45000076293945,34.900001525878906,34.900001525878906,445093,0,35.27750034332276,33.88000022888183,35.16012748397814,34.62150898759995,36.73170121886912,49.49418815597545,0.42571972076324727,0.5603704538185486,-0.13465073305530129,36.90091381749994,35.27750034332276,33.65408686914557,1.0743875281099364,15.031663949711076,14.048863867278635,95562280.0,-60.29060216085248,-78.78785076438459,48.50773684851652,-0.2308267629738559,12948962304,8.733119,3.11,0.3401889,
2022-12-13,34.95000076293945,35.849998474121094,34.95000076293945,35.45000076293945,35.45000076293945,788680,0,35.302500343322755,33.94900024414063,35.187734462926834,34.653998861142675,36.71894798050166,54.43079140844604,0.3978837595910818,0.5278731149730552,-0.12998935538197343,36.92036047079473,35.302500343322755,33.68464021585078,1.0655024866908114,24.382939005334492,17.756231228139484,96350960.0,-0.1791811054420801,-67.21310655265096,48.49691980501926,-0.228188443277503,12948962304,8.733119,3.11,0.3401889,
2022-12-14,35.70000076293945,38.400001525878906,35.650001525878906,37.900001525878906,37.900001525878906,3445093,0,35.45750045776367,34.0570002746582,35.44604561177941,34.78129308328919,36.73069975707258,68.9772204139802,0.5669823265471834,0.5356949572878809,0.03128736925930253,37.41205213435723,35.45750045776367,33.50294878117011,1.200109506422857,51.236968828970454,30.21719059467203,99796053.0,169.7506503747634,-12.658225403174793,48.45671107004792,-0.09867210016040079,12948962304,8.733119,3.11,0.3401889,
2022-12-15,38.099998474121094,40.400001525878906,38.0,38.599998474121094,38.599998474121094,3628707,0,35.65500030517578,34.188000259399416,35.746422074859574,34.93104623587084,36.74929974430689,71.75175991143327,0.7488458341184696,0.5783251326539987,0.17052070146447096,38.002103913695606,35.65500030517578,33.30789669665596,1.292958827392653,68.23623618834286,47.95204800754929,103424760.0,248.81911895976233,-30.25214825129812,48.421023426839355,-0.14375652322649562,12948962304,8.733119,3.11,0.3401889,
2022-12-16,39.400001525878906,39.79999923706055,37.70000076293945,38.54999923706055,38.54999923706055,2241769,0,35.875000190734866,34.30100021362305,36.013429423640616,35.07296596140769,36.76721715219499,71.26151043120092,0.8788090894117317,0.6384219240055453,0.24038716540618643,38.4320483030174,35.875000190734866,33.31795207845233,1.3506045164446847,75.33238496334586,64.93519666021975,101182991.0,184.7999037912058,-31.09247145548954,48.39837378548856,-0.14506633149940104,12948962304,8.733119,3.11,0.3401889,
2022-12-19,38.95000076293945,39.70000076293945,38.5,38.79999923706055,38.79999923706055,1329046,0,36.08250007629395,34.41600021362305,36.2788170249187,35.21912412908035,36.78744383960659,72.28131855229455,0.9905602542208456,0.7088495900486054,0.2817106641722402,38.87127575334677,36.08250007629395,33.29372439924112,1.3398471054800254,69.76584808039284,71.11148974402721,102512037.0,166.93780486308566,-26.890791321981567,48.38543156572194,-0.15089530132070458,12948962304,8.733119,3.11,0.3401889,
2022-12-20,38.599998474121094,38.95000076293945,37.79999923706055,38.5,38.5,1221400,0,36.3,34.52600021362305,36.49035826064073,35.347785927939945,36.8044841994115,69.1119517122018,1.0428945866081065,0.7756585893605056,0.26723599724760094,39.130193625253554,36.3,33.46980637474644,1.3262867069370883,66.51655345623674,70.53826216665851,101290637.0,113.99106321821196,-31.932794659680965,48.37283169624343,-0.11712681177046415,12948962304,8.733119,3.11,0.3401889,
2022-12-21,38.75,39.45000076293945,36.349998474121094,36.54999923706055,36.54999923706055,2143401,0,36.39499988555908,34.597000198364256,36.4960383536331,35.39493154790546,36.80195201073139,52.88095906937112,0.9164568136672528,0.803818234221855,0.11263857944539779,39.12298393503342,36.39499988555908,33.667015836084744,1.4529806770714646,45.19347284868306,60.491958128437574,99147236.0,53.08393221094938,-64.70591252355335,48.34865798944363,-0.17414457611123285,12948962304,8.733119,3.11,0.3401889,
2022-12-22,36.849998474121094,37.29999923706055,34.54999923706055,35.04999923706055,35.04999923706055,1346666,0,36.41499977111816,34.65000015258789,36.35832034253095,35.381404790617424,36.784519644824215,44.268488045940046,0.6872938085008613,0.7805133490776563,-0.09321954057679505,39.09699501465103,36.41499977111816,33.733004527585294,1.5456249144235028,24.820688040630852,45.510238115183576,97800570.0,-53.366390889110434,-89.9159933246012,48.33100214572343,-0.17858247952453069,12948962304,8.733119,3.11,0.3401889,
2022-12-23,35.20000076293945,35.20000076293945,31.600000381469727,32.400001525878906,32.400001525878906,1308985,0,36.27249984741211,34.64900016784668,35.9813375980879,35.26448701552964,36.74089259886456,33.79631659995941,0.2885219065981559,0.6821150605817563,-0.3935931539836004,39.44495486865701,36.27249984741211,33.100044826167206,1.692366019212519,8.11288437296907,26.042348420761027,96491585.0,-181.94867974709442,-90.90907908668356,48.310427712602035,-0.21681030221098105,12948962304,8.733119,3.11,0.3401889,
2022-12-26,32.54999923706055,34.29999923706055,32.5,33.95000076293945,33.95000076293945,918678,0,36.204999923706055,34.66400016784668,35.787876947121376,35.2129385350359,36.7131225308454,42.38193174494573,0.09645244217667681,0.5649825369007404,-0.4685300947240636,39.51194637248135,36.204999923706055,32.89805347493076,1.7071968543531706,16.445558511425926,16.459710308341982,97410263.0,-138.77549617705841,-73.295453683404,48.296509448249346,-0.17437572500993265,12948962304,8.733119,3.11,0.3401889,
2022-12-27,34.29999923706055,35.400001525878906,34.099998474121094,34.70000076293945,34.70000076293945,643384,0,36.175,34.69100021362305,35.684269691485,35.19282332828702,36.69309146847818,46.029159686132346,0.004700554756126962,0.45292614047181773,-0.44822558571569077,39.52484985926157,36.175,32.82515014073842,1.6888257049664763,26.434438270264867,16.99762705155332,98053647.0,-77.32546438778687,-64.77272751902743,48.287538280220595,-0.1612951565482465,12948962304,8.733119,3.11,0.3401889,
2022-12-28,34.599998474121094,35.54999923706055,34.349998474121094,35.20000076293945,35.20000076293945,602459,0,36.13000011444092,34.74200019836426,35.63814884114733,35.1931047963126,36.67823484454247,48.37530617879678,-0.02735235481560494,0.3568704414143332,-0.38422279622993816,39.506743186910306,36.13000011444092,32.75325704197153,1.6539096376788318,44.19489068242596,29.02496248803895,98656106.0,-58.09130576052196,-59.09091007610971,48.279334204987734,-0.16289871736521594,12948962304,8.733119,3.11,0.3401889,
2022-12-29,35.20000076293945,35.20000076293945,34.29999923706055,34.849998474121094,34.849998474121094,615517,0,36.03250007629394,34.76400016784668,35.563086901430545,35.17964964642274,36.660043437871614,46.84033063201309,-0.08007373601183332,0.2694816059290999,-0.34955534194093324,39.438710554625835,36.03250007629394,32.62628959796205,1.6000590582645515,61.642273157813186,44.0905340368347,98040589.0,-63.9359643097115,-63.068208295448265,48.27080479389484,-0.18755999554004898,12948962304,8.733119,3.11,0.3401889,
2022-12-30,35.04999923706055,36.099998474121094,34.400001525878906,34.849998474121094,34.849998474121094,865931,0,35.925,34.801000137329105,35.495173717877265,35.166722149469734,36.64203304022236,46.840330632013085,-0.12046714024236138,0.19149185669480767,-0.31195899693716905,39.33798923884025,35.925,32.51201076115974,1.6071974789772399,70.23804457789616,58.69173613937846,98040589.0,-44.688618535453095,-63.068208295448265,48.25911966204509,-0.2277732010836142,12948962304,8.733119,3.11,0.3401889,
2023-01-02,34.95000076293945,35.45000076293945,34.900001525878906,35.25,35.25,423963,0,35.85249996185303,34.85300010681152,35.47182383998419,35.16998794752975,36.62818196519527,48.98583141741487,-0.11883259573471605,0.12942696620890293,-0.24825956194361898,39.25815265785746,35.85249996185303,32.4468472658486,1.5352549653944627,68.35209863930078,66.74413879167007,98464552.0,-37.65686318722429,-58.522737001583316,48.253442374351756,-0.19565595570471397,12948962304,8.733119,3.11,0.3401889,
2023-01-03,35.29999923706055,35.900001525878906,34.95000076293945,35.20000076293945,35.20000076293945,790527,0,35.83250007629395,34.90500015258789,35.44593592788469,35.17116492068307,36.61397120696387,48.72113369472205,-0.12018629520808588,0.07950431392550517,-0.19969060913359105,39.248531391251056,35.83250007629395,32.41646876133684,1.4934510937905334,57.5926484394595,65.39426388555218,97674025.0,-28.580368972681384,-59.09091007610971,48.24299109572831,-0.17566614163177632,12948962304,8.733119,3.11,0.3401889,
2023-01-04,35.349998474121094,35.45000076293945,34.599998474121094,34.70000076293945,34.70000076293945,435693,0,35.79000015258789,34.94400016784668,35.374894483604194,35.152687894889205,36.59492672493377,46.041820289629,-0.1597632814597887,0.03165079484844639,-0.1914140763082351,39.240013857607444,35.79000015258789,32.33998644756834,1.4474904648639497,43.24083289004043,56.39519332293361,97238332.0,-46.89863887436293,-62.19511202302031,48.23704483014076,-0.190508635627131,12948962304,8.733119,3.11,0.3401889,
2023-01-05,34.79999923706055,35.0,34.29999923706055,34.849998474121094,34.849998474121094,436147,0,35.75,34.9860001373291,35.324904387462944,35.14081772152575,36.57756425477643,46.98374137517641,-0.17698459821275492,-0.010076283763793874,-0.16690831444896104,39.22404594442901,35.75,32.27595405557099,1.3940983432979142,34.25931616577552,45.03093249842519,97674479.0,-52.38423375084823,-59.876568647004646,48.23100838652031,-0.16941667923569986,12948962304,8.733119,3.11,0.3401889,
2023-01-06,34.900001525878906,35.150001525878906,34.349998474121094,34.5,34.5,468853,0,35.7375,35.01900016784668,35.246342064847425,35.11568761479925,36.55689197363438,45.00938080456111,-0.21638027054781617,-0.05133708112059834,-0.16504318942721782,39.227610345534096,35.7375,32.2473896544659,1.351662965330764,21.759290778582827,33.08647994479963,97205626.0,-53.09003551909287,-63.05733149547545,48.22450130230453,-0.1570046521225687,12948962304,8.733119,3.11,0.3401889,
2023-01-09,34.900001525878906,35.0,34.54999923706055,34.650001525878906,34.650001525878906,352485,0,35.725,35.056000213623044,35.189547727802804,35.097425415233744,36.53791793932835,46.055639617899864,-0.232814020078699,-0.08763246891221847,-0.14518155116648052,39.22878296579788,35.725,32.22121703420212,1.2908298963785665,21.643555893993156,25.88738761278387,97558111.0,-49.8144497081468,-61.146484124907275,48.219637402886455,-0.17289786219145217,12948962304,8.733119,3.11,0.3401889,
2023-01-10,34.650001525878906,35.349998474121094,34.45000076293945,34.79999923706055,34.79999923706055,573467,0,35.69249992370605,35.09400016784668,35.15244787154164,35.08576164354068,36.5206252159227,47.13872279505452,-0.2310706842598762,-0.11632011198175002,-0.11475057227812618,39.217875140302205,35.69249992370605,32.1671247071099,1.2629133117216433,25.95111491376235,23.117987195446144,98131578.0,-42.11152817627015,-43.85965792866582,48.211809848571875,-0.1835013976419788,12948962304,8.733119,3.11,0.3401889,
2023-01-11,34.95000076293945,35.29999923706055,34.75,34.95000076293945,34.95000076293945,353794,0,35.54499988555908,35.13500015258789,35.13316719453191,35.08043768743867,36.504997111912914,48.25753855425628,-0.21510560502390064,-0.13607721059018013,-0.0790283944337205,38.932756327336676,35.54499988555908,32.15724344378148,1.2119908778172792,42.41942238208846,30.00469772994802,98485372.0,-33.066665075231285,-25.55551552476481,48.207033505785176,-0.3214703455385907,12948962304,8.733119,3.11,0.3401889,
2023-01-12,35.150001525878906,35.900001525878906,34.5,34.79999923706055,34.79999923706055,613501,0,35.35499992370605,35.17500015258789,35.10143691286797,35.06944010114933,36.488031958929305,47.18210660655482,-0.21211193982339438,-0.15128415643682297,-0.06082778338657141,38.44965591182795,35.35499992370605,32.26034393558415,1.225420209821681,44.805135171077296,37.725224155642735,97871871.0,-24.782956335365963,-36.111105224230116,48.19880097635321,-0.293510584354087,12948962304,8.733119,3.11,0.3401889,
2023-01-13,34.900001525878906,35.599998474121094,34.54999923706055,35.20000076293945,35.20000076293945,633878,0,35.1875,35.22300018310547,35.11082394620811,35.07456012710189,36.47521572812344,50.35904332797734,-0.17544029192013966,-0.1561153835334863,-0.01932490838665335,37.912912191312124,35.1875,32.462087808687876,1.212890140338743,47.55377101612808,44.92610952309798,98505749.0,-14.854941562893128,-44.99988555908203,48.19033818174689,-0.28691773944114296,12948962304,8.733119,3.11,0.3401889,
2023-01-16,35.400001525878906,35.45000076293945,33.70000076293945,33.79999923706055,33.79999923706055,1399306,0,34.9375,35.243000183105465,34.98598349771786,35.02457734710027,36.448596658560625,41.05197173780519,-0.25639065768519487,-0.176170438363828,-0.08022021932136686,37.16300514230627,34.9375,32.71199485769373,1.2512551303145472,28.433914817383997,40.26427366819649,97106443.0,-77.18593555067628,-95.83339293803496,48.17055419342531,-0.3212689036322168,12948962304,8.733119,3.11,0.3401889,
2023-01-17,33.95000076293945,34.0,32.900001525878906,33.349998474121094,33.349998474121094,1110797,0,34.679999923706056,35.246000137329105,34.830175400232456,34.9589075873756,36.417764835829885,38.58361501547275,-0.3527889748275115,-0.2114941456565647,-0.14129482917094677,36.308925628027346,34.679999923706056,33.051074219384766,1.2404510834435862,23.756464200458655,33.248050011323606,95995646.0,-171.440075160012,-85.93758195646473,48.153871753233545,-0.3526344417689548,12948962304,8.733119,3.11,0.3401889,
2023-01-18,33.5,33.70000076293945,33.0,33.04999923706055,33.04999923706055,698994,0,34.50499992370605,35.23700012207031,34.660634813263705,34.884048436382855,36.38425473036949,36.98694930830786,-0.44822589776917,-0.25884049607908577,-0.18938540169008422,36.04217262431728,34.50499992370605,32.96782722309482,1.2018474891218625,8.181735197273378,20.124038071705368,95296652.0,-166.81798783484328,-95.31256705528932,48.14327477456747,-0.3006681582005167,12948962304,8.733119,3.11,0.3401889,
2023-01-19,33.0,33.45000076293945,32.650001525878906,32.79999923706055,32.79999923706055,524031,0,34.392499923706055,35.225000076293945,34.48343142505388,34.802321016801585,36.348590496605226,35.662523324257485,-0.5378334482474614,-0.3146390865127609,-0.22319436173470047,36.07603059746413,34.392499923706055,32.70896924994798,1.1731440425460542,8.361498472169385,13.433232623300498,94772621.0,-159.95114618020537,-95.38468580979567,48.13518922109456,-0.28018166970731023,12948962304,8.733119,3.11,0.3401889,
2023-01-20,32.95000076293945,33.599998474121094,32.79999923706055,33.099998474121094,33.099998474121094,515227,0,34.427499771118164,35.223000030517575,34.351675905917425,34.7355632700298,36.31626619787404,38.508047554961166,-0.5779780748880441,-0.36730688418781754,-0.21067119070022655,35.96681052550662,34.427499771118164,32.88818901672971,1.1464908421542321,8.718640366978319,8.420624678807052,95287848.0,-141.09359940839272,-86.15394005408653,48.12735261123842,-0.25120579119562564,12948962304,8.733119,3.11,0.3401889,
2023-01-23,33.150001525878906,33.25,32.599998474121094,32.70000076293945,32.70000076293945,612218,0,34.364999771118164,35.172000045776365,34.1943735113481,34.65573728935959,36.28028345722793,36.20855754215271,-0.6347524222945822,-0.4207959918091705,-0.21395643048541169,36.06943577832562,34.364999771118164,32.66056376391071,1.1110273195631375,9.433003413165638,8.837714084104471,94675630.0,-157.8604147837338,-96.96963041397518,48.11785455460189,-0.3350436134173408,12948962304,8.733119,3.11,0.3401889,
2023-01-24,33.0,33.150001525878906,32.5,32.599998474121094,32.599998474121094,423945,0,34.259999656677245,35.125,34.04252826970743,34.575120080918865,36.24366370615224,35.63562755128426,-0.6799774933331406,-0.4726322921139645,-0.2073452012191761,36.12053796300441,34.259999656677245,32.39946135035008,1.0780969057285497,10.515845894144805,9.55582989142961,94251685.0,-137.39049250612908,-97.05886972814685,48.1112412826949,-0.36054685978608486,12948962304,8.733119,3.11,0.3401889,
2023-01-25,32.650001525878906,32.70000076293945,32.150001525878906,32.29999923706055,32.29999923706055,391939,0,34.1149995803833,35.075,33.87657312374106,34.48589965566952,36.20442326367372,33.90255153948584,-0.7315927731051204,-0.5244243883121957,-0.20716838479292465,36.10726025957045,34.1149995803833,32.12273890119614,1.0403756436808351,8.60696841066571,9.518605905992073,93859746.0,-139.41789447750585,-96.00006103515625,48.10498652776424,-0.40181131492918026,12948962304,8.733119,3.11,0.3401889,
2023-01-27,32.5,32.5,29.799999237060547,30.600000381469727,30.600000381469727,1654258,0,33.90249967575073,34.99399997711182,33.56451857685808,34.33351144883816,36.14865786186074,26.14347996465672,-0.8993072996048852,-0.5994009705707336,-0.2999063290341516,36.382716798277066,33.90249967575073,31.422282553224395,1.1589202950564506,13.24351943639239,10.788777913734323,92205488.0,-193.77035198906114,-86.88523206170551,48.076267878662065,-0.43143391826756344,12948962304,8.733119,3.11,0.3401889,
2023-01-30,31.0,31.899999618530273,30.5,30.950000762939453,30.950000762939453,662150,0,33.70749979019165,34.92999996185303,33.315516880294396,34.2008247552735,36.09692993052819,29.710240890265176,-0.9925387950688886,-0.6780285354703646,-0.3145102595985241,36.45764093654189,33.70749979019165,30.957358643841403,1.176140246733152,21.576909206943128,14.475799018000432,92867638.0,-155.21210211035554,-81.14752304295159,48.06490015951926,-0.42507837049064556,12948962304,8.733119,3.11,0.3401889,
2023-01-31,31.25,32.150001525878906,30.899999618530273,32.0,32.0,630003,0,33.54499979019165,34.87699993133545,33.190229558361594,34.11451790212552,36.056164458582636,39.19695169130006,-0.9705118077031614,-0.736525189916924,-0.23398661778623742,36.295436310472844,33.54499979019165,30.794563269910462,1.181416079634258,40.01921860289278,24.94654908207612,93497641.0,-109.18271451386383,-63.93442725468848,48.05445963096933,-0.39113874078377864,12948962304,8.733119,3.11,0.3401889,
2023-02-01,32.29999923706055,32.400001525878906,30.200000762939453,30.700000762939453,30.700000762939453,829694,0,33.31999979019165,34.80799991607666,32.95306491117853,33.980615269216266,36.00286929743196,33.219040160235586,-1.0458978757410762,-0.7983997270817544,-0.24749814865932174,36.22403135013561,33.31999979019165,30.415968230247696,1.254172128441772,43.3465029775781,34.98087692913803,92667947.0,-127.22228943937219,-85.24588216091887,48.040240863742454,-0.3958518399091146,12948962304,8.733119,3.11,0.3401889,
2023-02-02,30.399999618530273,31.399999618530273,30.399999618530273,31.100000381469727,31.100000381469727,695699,0,33.13999977111816,34.736999893188475,32.77658257501579,33.86764997950071,35.954084532098996,36.43151837395522,-1.0611331688710308,-0.8509464154396097,-0.21018675343142112,36.1247272648224,33.13999977111816,30.15527227741393,1.2360169764102167,48.28477189028853,43.88349782358649,93363646.0,-121.02782555452862,-77.58618421701684,48.028243091683144,-0.3432480741039281,12948962304,8.733119,3.11,0.3401889,
2023-02-03,31.100000381469727,31.399999618530273,30.299999237060547,30.950000762939453,30.950000762939453,641459,0,32.944999885559085,34.662999877929686,32.60262240243709,33.753232363164976,35.9042926537989,35.73725542104382,-1.072942747942541,-0.8953456819401959,-0.17759706600234515,35.966737532759915,32.944999885559085,29.923262238358255,1.2263015053430386,37.75786441426395,43.12971309404355,92722187.0,-112.0822845672517,-79.64599618935478,48.017141695820264,-0.34775432290051056,12948962304,8.733119,3.11,0.3401889,
2023-02-06,31.0,31.149999618530273,30.649999618530273,30.899999618530273,30.899999618530273,273967,0,32.764999866485596,34.57599987030029,32.44046785158882,33.64134088298322,35.85449869324896,35.494437081259086,-1.073956694655795,-0.9310678844833158,-0.14288881017247923,35.82344694438206,32.764999866485596,29.70655278858913,1.1744228263899643,38.019064320765175,41.35390020843925,92448220.0,-100.12676979726535,-73.80951948447101,48.012409279948145,-0.33117992262193896,12948962304,8.733119,3.11,0.3401889,
2023-02-07,31.25,31.25,30.0,30.549999237060547,30.549999237060547,625080,0,32.559999752044675,34.480999870300295,32.260423221633744,33.52011179882939,35.80171760413266,33.765016920110945,-1.0904325329711035,-0.9629408141808733,-0.12749171879023025,35.63515790197754,32.559999752044675,29.484841602111807,1.1798211959335383,29.60854544712954,35.128491394052915,91823140.0,-102.78711662790494,-80.76923829328554,48.001432524102945,-0.31595355669922887,12948962304,8.733119,3.11,0.3401889,
2023-02-08,30.5,30.899999618530273,30.200000762939453,30.600000381469727,30.600000381469727,1007101,0,32.349999809265135,34.386999893188474,32.10228771304669,33.4055976255996,35.74995922380766,34.25782790931937,-1.0869256764507895,-0.9877377866348566,-0.09918788981593296,35.35749007711054,32.349999809265135,29.342509541419734,1.1455481716233442,32.530640285173355,33.38608335102271,92830241.0,-94.09808411966296,-78.94733407820333,47.98374252576749,-0.28739390708992063,12948962304,8.733119,3.11,0.3401889,
2023-02-09,30.700000762939453,31.549999237060547,30.549999237060547,31.149999618530273,31.149999618530273,521759,0,32.159999752044676,34.28799991607666,32.01159360880703,33.317142801792954,35.70418848146659,39.582834235780275,-1.0279169388821714,-0.9957736170843196,-0.03214332179785184,34.95939195821042,32.159999752044676,29.36060754587893,1.1351518736502482,46.65578746193021,36.26499106474439,93352000.0,-61.59566230804742,-64.47366703910166,47.97486324877945,-0.27017218938464244,12948962304,8.733119,3.11,0.3401889,
2023-02-10,31.100000381469727,31.5,30.600000381469727,30.899999618530273,30.899999618530273,342395,0,31.964999771118165,34.16999992370606,31.90572751449496,33.22235287303756,35.65638560720851,38.073245711130006,-0.9899138887770427,-0.9946016714228642,0.004687782645821481,34.53562175126412,31.964999771118165,29.39437779097221,1.1183552839988213,58.37175405893498,45.85272726867954,93009605.0,-59.91711134542526,-68.11593802279309,47.969012729589856,-0.25867460921029967,12948962304,8.733119,3.11,0.3401889,
2023-02-13,30.899999618530273,31.649999618530273,30.600000381469727,31.399999618530273,31.399999618530273,642598,0,31.774999713897706,34.05799991607666,31.85756295297451,33.150888039527466,35.61403350781868,42.773922150971735,-0.9089723094778464,-0.9774757990338606,0.06850348955601426,33.880824024922305,31.774999713897706,29.66917540287311,1.113472709217516,72.36885391323909,59.13213181136812,93652203.0,-41.883971579360995,-52.2388272148288,47.95818356665064,-0.24544264026887938,12948962304,8.733119,3.11,0.3401889,
2023-02-14,31.549999237060547,31.899999618530273,30.899999618530273,31.649999618530273,31.649999618530273,642249,0,31.66749973297119,33.956999893188474,31.837795016360776,33.0920296700766,35.574590384542184,45.0210767802205,-0.8152548634801562,-0.9450316119231197,0.1297767484429635,33.55728052351599,31.66749973297119,29.777718942426386,1.1053675157019793,76.0690363971364,68.93654812310352,94294452.0,-17.819234007392883,-36.20691696329211,47.94754644061244,-0.14320086834994317,12948962304,8.733119,3.11,0.3401889,
2023-02-15,31.75,32.099998474121094,31.350000381469727,31.899999618530273,31.899999618530273,289718,0,31.59499979019165,33.88299991607666,31.843719264186443,33.04528339354537,35.53802729234306,47.251729116705725,-0.7125958403938739,-0.8985444576172705,0.18594861722339662,33.32557695000359,31.59499979019165,29.864422630379718,1.0799839854840785,85.7464769226953,78.06145574435696,94584170.0,12.693594041521598,-22.222230071391333,47.94283988743114,-0.12580681150100478,12948962304,8.733119,3.11,0.3401889,
2023-02-16,31.899999618530273,32.099998474121094,31.450000762939453,31.649999618530273,31.649999618530273,307774,0,31.524999809265136,33.804999923706056,31.82526977412395,32.99056638276046,35.49934044981756,45.27355315005759,-0.6439872514756289,-0.8476330163889422,0.20364576491331332,33.122653599950006,31.524999809265136,29.927346018580266,1.0492706801767615,80.79699585651964,80.87083639211714,94276396.0,16.902296305262904,-31.25005960460688,47.93782754965523,-0.09053035758032899,12948962304,8.733119,3.11,0.3401889,
2023-02-17,31.600000381469727,31.950000762939453,31.299999237060547,31.399999618530273,31.399999618530273,243598,0,31.45499982833862,33.71999988555908,31.7847678545436,32.92819121553575,35.458550988809726,43.32045138640195,-0.6028382174060596,-0.7986740565923657,0.1958358391863061,32.94190868463485,31.45499982833862,29.96809097204239,1.0207514548697718,70.14341003660171,78.89562760527224,94032798.0,6.774313357776475,-41.66671964853945,47.933817706133055,-0.07936230650553354,12948962304,8.733119,3.11,0.3401889,
2023-02-20,31.450000762939453,31.600000381469727,30.899999618530273,31.049999237060547,31.049999237060547,288309,0,31.352499866485594,33.645999870300294,31.714789890973783,32.854536628144565,35.41468480222516,40.674878397760786,-0.5916492528544808,-0.7572690958447887,0.16561984299030796,32.6410936601515,31.352499866485594,30.06390607281969,0.9978406911604633,45.27778952211742,65.40606513841294,93744489.0,-27.032944315696916,-56.25005960460688,47.928968259954935,-0.0839632122576721,12948962304,8.733119,3.11,0.3401889,
2023-02-21,31.200000762939453,31.399999618530273,30.75,30.899999618530273,30.899999618530273,255624,0,31.262499809265137,33.565999832153324,31.637190817407735,32.77788811796361,35.36976256159138,39.55984549822994,-0.588106309993357,-0.7234365386745024,0.13533022868114541,32.405248025438205,31.262499809265137,30.119751593092065,0.9729949002583068,25.648141944027277,47.02311383424882,93488865.0,-43.89043276967943,-57.142844167686945,47.92462816281128,-0.0614240733159548,12948962304,8.733119,3.11,0.3401889,
2023-02-22,30.850000381469727,30.850000381469727,30.100000381469727,30.200000762939453,30.200000762939453,392707,0,31.142499923706055,33.46099983215332,31.50031557412504,32.67679449619796,35.3183221456844,34.76964653058964,-0.6344687983972328,-0.7056429906190484,0.07117419222181565,32.199038566832876,31.142499923706055,30.08596128057923,0.9606380671727525,9.537033128799173,26.820988198314637,93096158.0,-148.49323997977316,-90.47614722562315,47.9177153595475,-0.06110663139584296,12948962304,8.733119,3.11,0.3401889,
2023-02-23,30.200000762939453,30.649999618530273,29.899999618530273,30.299999237060547,30.299999237060547,313153,0,31.042499923706053,33.30899978637695,31.38599973249985,32.583586838976885,35.26838858440456,35.96257270679203,-0.6555851854117236,-0.6956314295775835,0.04004624416585989,32.017320139816036,31.042499923706053,30.06767970759607,0.9455924909461272,11.87442829188947,15.68653445490532,93409311.0,-165.79414955270698,-81.81818969979184,47.91217542930954,-0.043856949465721495,12948962304,8.733119,3.11,0.3401889,
2023-02-24,30.200000762939453,30.950000762939453,29.899999618530273,30.5,30.5,410936,0,31.03749990463257,33.14699981689453,31.301618805595105,32.50187755117387,35.220941931823425,38.38941810023143,-0.6487038302123906,-0.6862459097045449,0.03754207949215427,32.022321978634714,31.03749990463257,30.05267783063042,0.9530502519077738,19.93543790326527,13.78229977465132,93820247.0,-116.06130129332391,-72.72724120083265,47.90497959767427,0.023848150886541474,12948962304,8.733119,3.11,0.3401889,
2023-02-27,30.549999237060547,30.549999237060547,29.899999618530273,30.149999618530273,30.149999618530273,429897,0,30.997499847412108,32.978999824523925,31.191940787779405,32.40964704401138,35.17048479437772,35.830355555250286,-0.6638400771653394,-0.6817647431967038,0.017924666031364334,32.055552129078166,30.997499847412108,29.93944756574605,0.9314037780950952,23.824318844860613,18.5447283466718,93390350.0,-140.93574638597886,-88.63635772515612,47.897350360151094,0.038445185945553545,12948962304,8.733119,3.11,0.3401889,
2023-02-28,30.149999618530273,30.450000762939453,30.0,30.200000762939453,30.200000762939453,226739,0,30.907499885559083,32.806999855041504,31.09747030922322,32.32299424867522,35.1210272418261,36.48177962736055,-0.6641451357406751,-0.678240821705498,0.014095685964822913,31.91411515713161,30.907499885559083,29.900884613986555,0.8970178484411208,26.84409911195105,23.534618620025658,93617089.0,-122.3555446214704,-86.36357725156121,47.89333293443169,-0.013630129822607332,12948962304,8.733119,3.11,0.3401889,
2023-03-01,30.200000762939453,30.700000762939453,30.100000381469727,30.299999237060547,30.299999237060547,341693,0,30.887499809265137,32.64299983978272,31.021520683302963,32.243661110964844,35.07305681391799,37.8408359256505,-0.6488384499568092,-0.6723603473557602,0.023521897398951053,31.92522545854049,30.887499809265137,29.849774159989785,0.8758023150860212,27.77777777777779,26.148731911529833,93958782.0,-85.84622333069994,-81.81818969979184,47.88733351401399,0.023706000918533077,12948962304,8.733119,3.11,0.3401889,
2023-03-02,30.200000762939453,30.5,29.899999618530273,30.0,30.0,370067,0,30.83249979019165,32.5119998550415,30.924232999178873,32.15567440073093,35.022578636665074,35.39412971423875,-0.6533834250203583,-0.6685649628886798,0.015181537868321549,31.93398714755123,30.83249979019165,29.731012432832074,0.8561021769705716,25.396834046923157,26.67290364555068,93588715.0,-107.25398272422427,-95.4545257505204,47.88075406526048,-0.03667486258918787,12948962304,8.733119,3.11,0.3401889,
2023-03-03,30.25,30.649999618530273,30.149999618530273,30.350000381469727,30.350000381469727,260900,0,30.802499771118164,32.41799987792969,30.86954417844467,32.08486365487755,34.97608532069298,40.24819055112448,-0.6215780796107921,-0.6591675862331023,0.0375895066223102,31.922086406448116,30.802499771118164,29.682913135788212,0.8413805656534075,34.623003539867,29.26587178818933,93849615.0,-63.107964746574766,-79.54540922619692,47.87618373493383,-0.05900086852265938,12948962304,8.733119,3.11,0.3401889,
2023-03-06,30.450000762939453,31.0,30.350000381469727,30.5,30.5,459941,0,30.78249979019165,32.37999984741211,30.83434949478327,32.022712139,34.931547158298024,42.25075216149649,-0.5776100692833808,-0.642856082843158,0.06524601355977722,31.908676603714923,30.78249979019165,29.656322976668378,0.827710498001755,40.10644022796786,33.37542593825268,94309556.0,-27.557873997558584,-72.72724120083265,47.86823989835187,-0.08727148460092485,12948962304,8.733119,3.11,0.3401889,
2023-03-08,30.549999237060547,30.649999618530273,30.149999618530273,30.549999237060547,30.549999237060547,458987,0,30.78249979019165,32.311999816894534,30.8072685178573,31.964958691865117,34.887949666544415,42.93725976932532,-0.5325912038848983,-0.6208031070515061,0.08821190316660776,31.908676603714923,30.78249979019165,29.656322976668378,0.8043026052873439,56.62877970982919,43.78607449255469,94768543.0,-49.254314676821224,-70.45454742494796,47.86024330930038,-0.04633793054031461,12948962304,8.733119,3.11,0.3401889,
2023-03-09,30.899999618530273,30.899999618530273,30.25,30.399999618530273,30.399999618530273,378224,0,30.772499752044677,32.22599979400635,30.768481003635678,31.90358774781277,34.84329344716119,41.349162142748455,-0.5032163791519224,-0.5972857614715894,0.094069382319667,31.908490192890728,30.772499752044677,29.636509311198626,0.7932809633761246,53.03028463989559,49.92183485923089,94390319.0,-39.47294905733277,-75.60976971336753,47.85368452122155,-0.09604880689164336,12948962304,8.733119,3.11,0.3401889,
2023-03-10,30.149999618530273,30.399999618530273,29.950000762939453,30.100000381469727,30.100000381469727,807957,0,30.71999979019165,32.123999786376956,30.704816182477018,31.832858831485595,34.79609650123391,38.29820588779092,-0.4983988188086741,-0.5775083729390064,0.07910955413033227,31.878187662930962,30.71999979019165,29.56181191745234,0.7687608128200314,39.61035731546658,49.75647388839713,93582362.0,-82.09120457259338,-88.23525451873128,47.83939436255405,-0.14007293335645565,12948962304,8.733119,3.11,0.3401889,
2023-03-13,30.0,30.200000762939453,28.5,28.700000762939453,28.700000762939453,1216327,0,30.60999984741211,32.00099983215332,30.513881380616297,31.710001652326923,34.73543883219616,27.938197614874966,-0.6006254995756777,-0.5821317982663406,-0.01849370130933703,32.060033786771534,30.60999984741211,29.159965908052683,0.8352779521142758,22.580082848097025,38.406908267819745,92366035.0,-191.29525628205587,-93.1034210604202,47.81669098819428,-0.2194541266185788,12948962304,8.733119,3.11,0.3401889,
2023-03-14,28.700000762939453,28.899999618530273,28.25,28.549999237060547,28.549999237060547,473347,0,30.467499828338624,31.87499984741211,30.32684498599194,31.586079988983144,34.673892169557995,27.092560251466153,-0.6858388270321853,-0.6028732040195096,-0.08296562301267574,32.124386661772455,30.467499828338624,28.810612994904794,0.8220437854297042,11.202148803131111,24.464196322231587,91892688.0,-231.38879929262868,-89.09093683416194,47.80760308755638,-0.2673237211614706,12948962304,8.733119,3.11,0.3401889,
2023-03-15,28.75,29.0,28.0,28.299999237060547,28.299999237060547,533362,0,30.299999809265138,31.735999832153322,30.133812057522285,31.457214077143043,34.610470349334136,25.69654693478642,-0.7647285983780847,-0.6352442828912246,-0.12948431548686012,32.11466219249934,30.299999809265138,28.485337426030938,0.8347549436132968,9.888520237579321,14.556917296269168,91359326.0,-219.1536699806217,-90.00002543131511,47.79730233143738,-0.3339463562231585,12948962304,8.733119,3.11,0.3401889,
2023-03-16,28.25,29.25,27.649999618530273,29.0,29.0,896600,0,30.154999828338624,31.61199981689453,30.025829956805875,31.36085274078449,34.55464477371887,35.68891729408672,-0.7619814512678396,-0.6605917165665476,-0.10138973470129198,31.89709615464749,30.154999828338624,28.41290350202976,0.8894153320316133,23.58548438589845,14.892051142202975,92255926.0,-168.07911502302656,-59.7014857390121,47.78018965644898,-0.25851444981459504,12948962304,8.733119,3.11,0.3401889,
2023-03-17,29.450000762939453,29.450000762939453,29.0,29.200000762939453,29.200000762939453,446400,0,30.032499885559083,31.501999816894532,29.947179557390026,31.276113447535668,34.50136473381062,38.244291216055935,-0.7351911019154365,-0.6755115936363254,-0.05967950827911106,31.678791000357133,30.032499885559083,28.386208770761034,0.858028577096459,40.07335230875411,24.51578564407731,92702326.0,-90.17336040323066,-53.73131439080145,47.771940201787025,-0.24714939452355927,12948962304,8.733119,3.11,0.3401889,
2023-03-20,29.200000762939453,29.399999618530273,28.450000762939453,28.950000762939453,28.950000762939453,1198791,0,29.909999942779542,31.383999862670898,29.852210148394732,31.184893342257386,34.44612728136414,36.30251833941798,-0.7257662857343199,-0.6855625320559243,-0.04020375367839557,31.494487007068134,29.909999942779542,28.32551287849095,0.864597882703199,60.69916472346343,41.45266713937202,91503535.0,-100.04853935677366,-61.19400010817797,47.74948510464284,-0.2011043541791917,12948962304,8.733119,3.11,0.3401889,
2023-03-21,29.100000381469727,29.399999618530273,28.549999237060547,28.75,28.75,545646,0,29.794999980926512,31.2689998626709,29.74723775330952,31.089407328835527,34.38944939796748,34.781090578646726,-0.7260658064453196,-0.6936631869338034,-0.03240261951151624,31.365636663056293,29.794999980926512,28.22436329879673,0.8635552040436653,64.70588821944722,55.1594684172216,90957889.0,-88.77980411175326,-67.16417145638862,47.73926400535944,-0.20805150183605142,12948962304,8.733119,3.11,0.3401889,
2023-03-22,28.950000762939453,29.350000381469727,28.649999618530273,28.75,28.75,470486,0,29.6875,31.15099983215332,29.652262729184805,30.997665864959625,34.333335473609594,34.781090578646726,-0.7180262194645302,-0.6985357934399488,-0.019490426024581398,31.235038288980487,29.6875,28.139961711019513,0.851872743964793,64.81480892794006,63.406620623616924,90957889.0,-76.40812821967094,-67.16417145638862,47.7304674958251,-0.2225090323283545,12948962304,8.733119,3.11,0.3401889,
2023-03-23,28.700000762939453,29.049999237060547,28.399999618530273,28.549999237060547,28.549999237060547,332186,0,29.604999923706053,31.02599983215332,29.5472852537444,30.901678938375348,34.275789839415076,33.168904815592384,-0.7194992395919648,-0.7027284826703519,-0.016770756921612895,31.209337761021494,29.604999923706053,28.000662086390612,0.8374532350051844,45.50261642870049,58.3411045253626,90625703.0,-87.85535007812784,-73.13434280459927,47.72417921866535,-0.2134613737615407,12948962304,8.733119,3.11,0.3401889,
2023-03-24,28.700000762939453,28.799999237060547,27.549999237060547,27.700000762939453,27.700000762939453,705692,0,29.475,30.88099983215332,29.37135339747726,30.776122931495507,34.210359102335715,27.36369628464395,-0.7802600397403054,-0.7182347940843427,-0.06202524565596279,31.24573417739041,29.475,27.704265822609592,0.8669208610762427,27.83498158391875,46.05080231351979,89920011.0,-126.83265664667567,-95.65213064616535,47.7103790741343,-0.2566391506122194,12948962304,8.733119,3.11,0.3401889,
2023-03-27,28.0,28.0,26.899999618530273,27.100000381469727,27.100000381469727,1109711,0,29.305000019073486,30.726999855041505,29.1550340626194,30.631961262867044,34.13960926431715,24.15054161452584,-0.8668360812302893,-0.747955051513532,-0.11888102971675729,31.289414086379697,29.305000019073486,27.320585951767274,0.8835693982472057,10.131293939615844,27.82296398407838,88810300.0,-160.6590426555208,-94.99998092651367,47.68796556924012,-0.30684515204036045,12948962304,8.733119,3.11,0.3401889,
2023-03-28,27.25,27.850000381469727,25.200000762939453,25.850000381469727,25.850000381469727,1014208,0,29.090000057220458,30.53999984741211,28.840268950128955,30.444433385165187,34.05712559384106,19.114741631167966,-1.0245029390218114,-0.8032646290151879,-0.22123831000662353,31.538999626572735,29.090000057220458,26.64100048786818,1.009742985410282,10.59028742793481,16.185520983823153,87796092.0,-207.41133929144388,-88.59649563099957,47.66648633501206,-0.32629214173634014,12948962304,8.733119,3.11,0.3401889,
2023-03-29,25.950000762939453,27.100000381469727,25.950000762939453,26.600000381469727,26.600000381469727,1167289,0,28.910000038146972,30.395999870300294,28.626910038828075,30.293671306588895,33.98292534297169,28.718756002465163,-1.076526796960792,-0.8579170626043087,-0.21860973435648323,31.529465294058998,28.910000038146972,26.290534782234946,1.026904200738119,20.008771411691917,13.57678425974754,88963381.0,-166.23035901429267,-73.07692448768421,47.64210706789765,-0.2895656896299833,12948962304,8.733119,3.11,0.3401889,
2023-03-31,26.649999618530273,27.75,26.600000381469727,26.799999237060547,26.799999237060547,1306044,0,28.73500003814697,30.26499988555908,28.452918533897833,30.156664558764252,33.911453441420335,31.069188306159866,-1.0890637935101743,-0.9041464087854818,-0.18491738472469255,31.426300717827957,28.73500003814697,26.043699358465986,1.035696730580416,32.15690153813937,20.918653459255385,90269425.0,-119.01210028372047,-68.00003051757812,47.615541532777705,-0.3219726180029797,12948962304,8.733119,3.11,0.3401889,
2023-04-03,27.149999618530273,27.549999237060547,27.0,27.5,27.5,558154,0,28.61000003814697,30.153999900817873,28.362164387812324,30.052481634891144,33.847657884789285,38.68934838719514,-1.0306347266005886,-0.9294440723485031,-0.10119065425208551,31.28686376022891,28.61000003814697,25.93313631606503,1.0152898212532433,54.316971347167986,35.49421476566644,90827579.0,-88.98004662087513,-45.88237089269301,47.60437462691174,-0.2687000069446684,12948962304,8.733119,3.11,0.3401889,
2023-04-05,27.450000762939453,28.0,27.450000762939453,27.850000381469727,27.850000381469727,349126,0,28.48500003814697,30.054999923706056,28.313386863398744,29.96610982103148,33.78797970067665,42.1338768444552,-0.9451915841855119,-0.9325935747159049,-0.012598009469606986,31.056594688023914,28.48500003814697,25.91340538827003,0.9820547795251936,73.74338082705489,53.4057512374541,91176705.0,-54.94191757641054,-37.64706779928768,47.597539531056725,-0.2524419243453178,12948962304,8.733119,3.11,0.3401889,
2023-04-06,27.950000762939453,28.850000381469727,27.450000762939453,28.399999618530273,28.399999618530273,363202,0,28.380000019073485,29.96099994659424,28.321635697220795,29.904693734658885,33.73436795856574,47.15790564279723,-0.823602954161057,-0.9107954506049353,0.08719249644387828,30.779666469284297,28.380000019073485,25.980333568862672,1.0119079823112707,87.08948395183842,71.71661204202044,91539907.0,-16.35576729640989,-24.70590928021599,47.590601069039444,-0.22781445136815798,12948962304,8.733119,3.11,0.3401889,
2023-04-10,28.549999237060547,29.5,28.100000381469727,28.149999618530273,28.149999618530273,725843,0,28.260000038146973,29.869999923706054,28.305289404012175,29.835882200693057,33.67880210443604,45.235395117039516,-0.7388984382825114,-0.8764160481404505,0.13751760985793904,30.44394138493596,28.260000038146973,26.076058691357986,1.0396288134697709,77.52461872093635,79.45249449994323,90814064.0,17.737616212311657,-31.395363279007892,47.57700019556887,-0.28868302774931615,12948962304,8.733119,3.11,0.3401889,
2023-04-11,28.600000381469727,28.799999237060547,28.149999618530273,28.399999618530273,28.399999618530273,387353,0,28.160000038146972,29.785999946594238,28.31430942444247,29.779573079823926,33.62627670656633,47.53863151820007,-0.6441709863744514,-0.8299670357872506,0.18579604941279926,30.11386803315274,28.160000038146972,26.206132043141203,1.0117981566883782,64.6436571989821,76.41925329058563,91201417.0,17.02344582630779,-25.58140875907876,47.5696990265506,-0.28068001326197817,12948962304,8.733119,3.11,0.3401889,
2023-04-12,28.700000762939453,28.75,28.299999237060547,28.399999618530273,28.399999618530273,232577,0,28.075,29.707999954223634,28.322470395307974,29.725472159773194,33.57427394947145,47.53863151820006,-0.5626133418724173,-0.7764962970042839,0.21388295513186661,29.82070897038033,28.075,26.329291029619668,0.9716697714205978,51.9298887207183,64.69938821354559,91201417.0,29.86521009215889,-25.58140875907876,47.565325526948776,-0.28220419848798795,12948962304,8.733119,3.11,0.3401889,
2023-04-13,28.799999237060547,29.149999618530273,28.5,28.950000762939453,28.950000762939453,362830,0,28.0875,29.67499996185303,28.38223519222526,29.695061516760106,33.52826128094874,52.62259875649997,-0.44842861922567323,-0.7108827614485618,0.26245414222288854,29.85438281602385,28.0875,26.320617183976147,0.9558362163191266,58.50405617221537,58.359200697305276,91564247.0,69.33335907452323,-12.79068220106297,47.55864366495536,-0.2193138592766373,12948962304,8.733119,3.11,0.3401889,
2023-04-17,30.899999618530273,30.899999618530273,29.100000381469727,29.649999618530273,29.649999618530273,1572300,0,28.142500019073488,29.648999938964845,28.502974661397165,29.69329438349619,33.48967161266597,58.17767157697141,-0.29801699198550224,-0.6283096075559499,0.33029261557044765,30.028043648876956,28.142500019073488,26.25695638927002,1.026847833409962,58.289771489453834,56.24123879412918,93136547.0,152.56972547356435,-21.92982896433291,47.53131525744321,-0.2427084396426751,12948962304,8.733119,3.11,0.3401889,
2023-04-18,29.5,29.649999618530273,28.850000381469727,29.25,29.25,504989,0,28.19000005722046,29.593999938964842,28.57411993174029,29.67591029002575,33.44748582547527,54.26237848441238,-0.20868572093096915,-0.5443848302309537,0.3356991092999846,30.13591881354466,28.19000005722046,26.24408130089626,1.0106443622421466,56.17596783450275,57.656598498724,92631558.0,86.56959209096341,-28.94736754046675,47.52224153259756,-0.22821948880361023,12948962304,8.733119,3.11,0.3401889,
2023-04-19,29.450000762939453,29.649999618530273,29.299999237060547,29.450000762939453,29.450000762939453,170415,0,28.21250009536743,29.568999938964843,28.65753715375926,29.66705109288511,33.40770985470377,55.86185823522361,-0.12036417168303615,-0.45958069852137023,0.3392165268383341,30.20520558629422,28.21250009536743,26.219794604440644,0.9670268805484413,46.52932199782159,53.66502044059274,92801973.0,97.70358149388109,-25.438581521268112,47.5192178050598,-0.28785650554730025,12948962304,8.733119,3.11,0.3401889,
2023-04-20,29.600000381469727,29.899999618530273,29.299999237060547,29.549999237060547,29.549999237060547,476131,0,28.230000019073486,29.53799991607666,28.7425335426451,29.662460824029246,33.36932467442871,56.67762098777472,-0.04181761896137104,-0.3760280826093704,0.33421046364799933,30.26283042551811,28.230000019073486,26.197169612628862,0.9408107020428188,42.66027015508862,48.455186662471,93278104.0,104.08019358362978,-23.684221973932228,47.51082958863471,-0.28942059027548156,12948962304,8.733119,3.11,0.3401889,
2023-04-21,29.350000381469727,30.149999618530273,29.350000381469727,29.899999618530273,29.899999618530273,523679,0,28.277499961853028,29.516999893188476,28.852768407015116,29.671776070872422,33.33480402710634,59.49908484284617,0.04811851538465817,-0.2911987630105647,0.33931727839522285,30.417003175525075,28.277499961853028,26.13799674818098,0.9307527402583708,46.40009687811192,45.196563010340725,93801783.0,113.56406176909645,-20.202024872602568,47.501724145513,-0.29424342412639226,12948962304,8.733119,3.11,0.3401889,
2023-04-24,30.25,30.5,29.850000381469727,29.950000762939453,29.950000762939453,641754,0,28.3375,29.49799991607666,28.95726672662696,29.682686843110346,33.301124392637014,59.900869418255866,0.12202163483501849,-0.20855468344144806,0.33057631827646655,30.590913968120468,28.3375,26.08408603187953,0.9106989458492211,53.87872480146496,47.64636394488851,94443537.0,125.4703311035292,-22.093000561559023,47.490767330252446,-0.3040430981606628,12948962304,8.733119,3.11,0.3401889,
2023-04-25,30.100000381469727,30.200000762939453,29.700000762939453,29.799999237060547,29.799999237060547,308625,0,28.38999996185303,29.48299991607666,29.037526965715873,29.68728732914761,33.266287326412375,58.040662727899615,0.16656644561820855,-0.13353045762951674,0.3000969032477253,30.726792439036572,28.38999996185303,26.053207484669485,0.881363306859991,53.18427980513258,51.15436716156983,94134912.0,101.83692377908942,-28.205140745225638,47.48544247408295,-0.29610752200995866,12948962304,8.733119,3.11,0.3401889,
2023-04-26,29.799999237060547,30.399999618530273,29.649999618530273,30.100000381469727,30.100000381469727,294089,0,28.467500019073487,29.47299991607666,29.138714910073382,29.703472154728868,33.234781983676626,60.671235368189556,0.2234997482574137,-0.06212441645213064,0.2856241647095443,30.92030950603928,28.467500019073487,26.014690532107693,0.8719802135128488,58.33335500774695,55.13211987144817,94429001.0,100.19492667983823,-23.188391374800766,47.48041466818201,-0.27838346692643423,12948962304,8.733119,3.11,0.3401889,
2023-04-27,30.149999618530273,31.5,30.0,30.549999237060547,30.549999237060547,915422,0,28.60999994277954,29.460999908447267,29.273122941215018,29.73666929521246,33.20806772749139,64.28791519873772,0.30145595107591916,0.010591657053479323,0.29086429402243985,31.19545909799256,28.60999994277954,26.024540787566522,0.9168387696905025,54.71575666241532,55.41113049176496,95344423.0,124.07550161249166,-23.456813380265107,47.46535094692248,-0.2513807643086853,12948962304,8.733119,3.11,0.3401889,
2023-04-28,30.75,31.0,30.200000762939453,30.5,30.5,437823,0,28.779999923706054,29.45299991607666,29.389968375385017,29.76660383265511,33.18112177995416,63.58821333058556,0.3551088095747481,0.07949508755773309,0.275613722017015,31.392929195125934,28.779999923706054,26.167070652286174,0.9084930887883628,56.14219563446577,56.39710243487602,94906600.0,105.77540672587985,-29.411768005793853,47.45810588145318,-0.21663194648504602,12948962304,8.733119,3.11,0.3401889,
2023-05-02,30.799999237060547,31.350000381469727,30.399999618530273,30.899999618530273,30.899999618530273,707215,0,29.032499885559083,29.44299991607666,29.533780874732184,29.81105072621884,33.15842404700467,66.7098366770284,0.4250065023602936,0.14859737051824518,0.2764091318420484,31.431306824895607,29.032499885559083,26.63369294622256,0.9114579226562978,56.44247363000196,55.76680864229436,95613815.0,116.57265353704791,-17.910457108858353,47.4466351994535,-0.17603264141384378,12948962304,8.733119,3.11,0.3401889,
2023-05-03,30.899999618530273,31.600000381469727,30.100000381469727,31.200000762939453,31.200000762939453,680521,0,29.26249990463257,29.433999938964845,29.692468483132878,29.865519355109846,33.13893724815825,68.86572047348368,0.4988579882578499,0.21864949406616613,0.28020849419168375,31.564428648169997,29.26249990463257,26.960571161095142,0.9534966424665622,64.33357260080331,58.97274728842368,96294336.0,115.67867313799094,-12.121196358005747,47.435667918313655,-0.16911873538277983,12948962304,8.733119,3.11,0.3401889,
2023-05-04,31.350000381469727,32.150001525878906,31.200000762939453,31.75,31.75,656127,0,29.50999994277954,29.430999946594238,29.88842386569165,29.939420556870246,33.1251169770323,72.39525202154559,0.5949084307264876,0.2939012813982304,0.3010071493282572,31.76357494754981,29.50999994277954,27.25642493800927,0.9532469367860543,76.15001726019817,65.64202116366782,96950463.0,155.5914219218763,-10.958941333115948,47.42557781574945,-0.0913269746087595,12948962304,8.733119,3.11,0.3401889,
2023-05-05,31.649999618530273,32.0,30.950000762939453,31.049999237060547,31.049999237060547,566803,0,29.687499904632567,29.418999938964845,29.999050091536308,29.982972661975747,33.10446903932114,62.659174435495345,0.6075415264349324,0.3566293304055708,0.2509121960293616,31.83665670849231,29.687499904632567,27.538343100772824,0.9601578153770894,69.0746266217471,69.85273882758287,96383660.0,120.77338386296131,-33.33339113175671,47.41666877858301,-0.17542551918507907,12948962304,8.733119,3.11,0.3401889,
2023-05-08,31.100000381469727,31.299999237060547,30.549999237060547,30.700000762939453,30.700000762939453,336884,0,29.829999923706055,29.404999961853026,30.06580729833661,30.01109141103315,33.080543981844706,58.42812397494125,0.5825955946363344,0.40182258325172354,0.18077301138461083,31.84677969450954,29.829999923706055,27.81322015290257,0.9451465428501544,52.33498924736296,65.85321104310275,96046776.0,78.55063291942989,-43.93940182099713,47.411219303033825,-0.20883411648952982,12948962304,8.733119,3.11,0.3401889,
2023-05-09,30.700000762939453,31.100000381469727,30.149999618530273,30.399999618530273,30.399999618530273,394577,0,29.929999923706056,29.391999969482423,30.097635138355052,30.02634271328794,33.05387189862765,54.9999171482003,0.5324800799166276,0.42795408258470435,0.10452599733192325,31.849218618847654,29.929999923706056,28.010781228564458,0.9454932728565328,30.081259209154762,50.49695835942162,95652199.0,47.78376710351851,-61.403526383629746,47.40472559761394,-0.23729122508798114,12948962304,8.733119,3.11,0.3401889,
2023-05-10,30.5,31.799999237060547,30.0,31.600000381469727,31.600000381469727,965882,0,30.102499961853027,29.40599998474121,30.240717542461212,30.088054778706834,33.039405515372344,64.07891333450387,0.5828741952861947,0.45893810512500244,0.12393609016119222,31.97024604621243,30.102499961853027,28.234753877493624,1.0065294131568197,39.44032182864131,40.618856761719684,96618081.0,89.13441897974303,-19.29827027041497,47.38940021273657,-0.10419134883543012,12948962304,8.733119,3.11,0.3401889,
2023-05-11,31.649999618530273,31.899999618530273,31.049999237060547,31.200000762939453,31.200000762939453,339734,0,30.242500019073486,29.42599998474121,30.332077849173427,30.1316605035787,33.021102980522265,59.751428531063155,0.5838055218578191,0.4839115884715658,0.0998939333862533,31.99500550820256,30.242500019073486,28.48999452994441,0.995348768036313,49.68423622688956,39.73527242156189,96278347.0,101.06058689516908,-33.9285848092005,47.384099400870106,-0.11640226349678222,12948962304,8.733119,3.11,0.3401889,
2023-05-12,31.200000762939453,31.600000381469727,30.799999237060547,31.0,31.0,446054,0,30.372500038146974,29.44,30.39568948258548,30.165713032850125,33.000992503104136,57.654841223817364,0.5619276624773626,0.4995148032727251,0.06241285920463746,31.934381969859626,30.372500038146974,28.810618106434323,0.9813953663486606,62.35006574654202,50.49154126735764,95832293.0,72.15005548304173,-46.00002593992162,47.37703636795031,-0.12250462837231893,12948962304,8.733119,3.11,0.3401889,
2023-05-15,31.100000381469727,31.350000381469727,30.700000762939453,31.049999237060547,31.049999237060547,396372,0,30.477499961853027,29.450999984741213,30.458004697297394,30.200390923211316,32.9815796347853,58.0511205648082,0.5423716985404958,0.5080861823262792,0.034285516214216605,31.920578417104224,30.477499961853027,29.03442150660183,0.9577242415044901,55.96491883225814,55.99974026856325,96228665.0,57.234441409174565,-44.0000579833542,47.37072656673719,-0.13176355086141053,12948962304,8.733119,3.11,0.3401889,
2023-05-16,31.100000381469727,31.399999618530273,30.549999237060547,30.850000381469727,30.850000381469727,527780,0,30.5375,29.465,30.49533761959952,30.22586580392733,32.960369890971215,55.80158423229441,0.5049148756534798,0.5074519209917193,-0.0025370453382395075,31.937098284716956,30.5375,29.137901715283046,0.9500296800734356,50.877196504799656,56.397393694533285,95700885.0,42.19164449110034,-52.00000610351097,47.36228107514817,-0.10080475749388981,12948962304,8.733119,3.11,0.3401889,
2023-05-17,30.899999618530273,31.25,30.25,30.450000762939453,30.450000762939453,419832,0,30.597500038146972,29.47,30.491019823727132,30.2346554101631,32.93539109367737,51.502942993502664,0.437905544840401,0.4935426457614557,-0.05563710092105467,31.8681200889763,30.597500038146972,29.326879987317643,0.9535989886396187,37.37375372077565,48.07195635261116,95281053.0,1.9750160699442687,-79.06974681073791,47.35545339996857,-0.1263279754191643,12948962304,8.733119,3.11,0.3401889,
2023-05-18,30.649999618530273,31.0,30.25,30.450000762939453,30.450000762939453,372072,0,30.647500038146973,29.47300003051758,30.487113246509256,30.243100325958252,32.910660841630225,51.50294299350268,0.38041498030206,0.47091711266957653,-0.09050213236751653,31.807446417720893,30.647500038146973,29.487553658573052,0.9390562037367888,23.89099982317768,37.380650016251,95281053.0,-18.476869052782707,-79.06974681073791,47.34937693961416,-0.13822475412440594,12948962304,8.733119,3.11,0.3401889,
2023-05-19,30.5,30.700000762939453,30.049999237060547,30.350000381469727,30.350000381469727,216994,0,30.687500095367433,29.480000038146972,30.474054878410254,30.247292484997917,32.88518163307141,50.37773006587687,0.3230600633493381,0.44134570280552887,-0.11828563945619075,31.743850033902582,30.687500095367433,29.631150156832284,0.9184094410326543,16.386143006283056,25.883632183412136,95064059.0,-59.548247907609166,-83.72092404322137,47.34579294428671,-0.13557949532164382,12948962304,8.733119,3.11,0.3401889,
2023-05-22,30.299999237060547,30.5,30.0,30.049999237060547,30.049999237060547,207550,0,30.695000076293944,29.474000015258788,30.433668626853137,30.239555494882726,32.85697086296185,47.056290939968704,0.25051056346656964,0.403178674937737,-0.15266811147116738,31.73080906566049,30.695000076293944,29.659191086927397,0.8885230523874647,13.536180968466008,17.93777459930892,94856509.0,-97.41385162136888,-97.67445574067173,47.34232934748887,-0.17679959523219857,12948962304,8.733119,3.11,0.3401889,
2023-05-23,30.049999237060547,30.899999618530273,30.049999237060547,30.75,30.75,690252,0,30.73500003814697,29.47900001525879,30.463795424295697,30.259572926455952,32.83600597875328,54.580938208699706,0.24665548267077497,0.3718740364843446,-0.1252185538135696,31.71280394364207,30.73500003814697,29.757196132651874,0.8857714330361975,28.597891920929715,19.506738631892933,95546761.0,-37.61475041863372,-65.11630382711449,47.33107757252214,-0.0857627719581323,12948962304,8.733119,3.11,0.3401889,
2023-05-24,30.75,32.900001525878906,30.700000762939453,31.75,31.75,1973396,0,30.832500076293947,29.50300003051758,30.586291098172296,30.31802104698709,32.825199949113944,62.73014989401368,0.3205963113046053,0.36161849144839675,-0.04102218014379144,31.80680759076385,30.832500076293947,29.858192561824044,0.9796449566007157,41.30539029458492,27.81315439466022,97520157.0,168.73571991839313,-39.655204165121056,47.30132097347476,-0.06512677385074607,12948962304,8.733119,3.11,0.3401889,
2023-05-25,31.850000381469727,32.20000076293945,31.299999237060547,31.700000762939453,31.700000762939453,608518,0,30.91250009536743,29.529000053405763,30.692358685292977,30.372216329965614,32.81400393731121,62.129908126035275,0.37088509760485877,0.36347181267968914,0.0074132849251696276,31.895798345253073,30.91250009536743,29.92920184548179,0.9739561401205865,59.65516031804912,43.186147511187926,96911639.0,143.0745589481581,-41.37931488073158,47.29213867612259,-0.07406052865829871,12948962304,8.733119,3.11,0.3401889,
2023-05-26,31.799999237060547,32.29999923706055,31.049999237060547,31.399999618530273,31.399999618530273,705056,0,30.955000114440917,29.55500003814697,30.759753059887004,30.412521556968148,32.799934242596976,58.51214503158001,0.38212681782905733,0.36720281370956276,0.014924004119494572,31.94540418566918,30.955000114440917,29.964596043212655,0.9936735586834018,55.74710148930964,52.23588403398124,96206583.0,101.56798937614215,-51.724176486218425,47.281410755553274,-0.08107292996395384,12948962304,8.733119,3.11,0.3401889,
2023-05-29,31.549999237060547,33.25,31.399999618530273,32.099998474121094,32.099998474121094,2637098,0,31.035000038146972,29.622999992370605,30.88739548029025,30.478697122346695,32.79296970758727,63.80773422383121,0.44242007636717773,0.38224626624108576,0.060173810126091964,32.11948125100385,31.035000038146972,29.950518825290096,1.0548397603109965,56.986323172503724,57.46286165995417,98843681.0,180.64920549189574,-35.38466233473557,47.24311356821328,-0.10661334677030415,12948962304,8.733119,3.11,0.3401889,
2023-05-30,32.25,32.5,31.399999618530273,31.600000381469727,31.600000381469727,930092,0,31.070000076293944,29.68400001525879,30.955262613735915,30.52266979917505,32.78109936603386,58.10285469843698,0.4447306723736624,0.3947431474676011,0.04998752490606129,32.17968451129791,31.070000076293944,29.960315641289984,1.0580655189651915,49.21079921513959,53.98140795898433,97913589.0,102.41545660025143,-50.76921903170072,47.22927876071145,-0.14963158164397183,12948962304,8.733119,3.11,0.3401889,
2023-05-31,31.5,32.099998474121094,31.5,31.899999618530273,31.899999618530273,513174,0,31.105000019073486,29.756000022888184,31.045237566573473,30.57668273326741,32.77233220436715,60.391099214917624,0.46540437564997106,0.40887539310407506,0.056528982545896,32.27157593757532,31.105000019073486,29.938424100571652,1.02534644433347,45.997647236267476,50.73158987463694,98426763.0,90.18799740175314,-41.538473275991585,47.22165609777571,-0.16197012263297178,12948962304,8.733119,3.11,0.3401889,
2023-06-01,32.099998474121094,32.70000076293945,31.799999237060547,32.400001525878906,32.400001525878906,1030825,0,31.137500095367432,29.82400005340576,31.17426270555494,30.64818543101688,32.768627421496625,63.92726978398097,0.5161841599922674,0.4303371464817135,0.0858470135105539,32.40591451472671,31.137500095367432,29.869085676008154,1.0163932358724297,45.098066648270354,46.76883769989249,99457588.0,140.12745972496722,-26.15379920372596,47.20683071422124,-0.14091087833051383,12948962304,8.733119,3.11,0.3401889,
2023-06-02,32.54999923706055,34.599998474121094,32.45000076293945,33.900001525878906,33.900001525878906,2668833,0,31.28000020980835,29.91800006866455,31.43385687891913,30.77570763081539,32.77988487527157,72.00263042356647,0.6697445704029903,0.47821863126596886,0.19152593913702143,33.02711255864301,31.28000020980835,29.532887860973688,1.1009363581845553,59.37505808066279,50.15692398840022,102126421.0,239.12581881081198,-15.217330009569917,47.17204765017065,-0.03798446714386828,12948962304,8.733119,3.11,0.3401889,
2023-06-05,34.5,35.20000076293945,33.650001525878906,33.95000076293945,33.95000076293945,2316604,0,31.44250020980835,30.018000068664552,31.67348962977821,30.900189714428098,32.79152781942747,72.22582359551379,0.7864115596310022,0.5398572169389755,0.2465543426920267,33.51741641980838,31.44250020980835,29.36758399980833,1.1330122781042689,68.86469324310134,57.77927265734485,104443025.0,235.99327079481066,-24.03845801156,47.1433699230678,-0.10021131994890317,12948962304,8.733119,3.11,0.3401889,
2023-06-06,34.20000076293945,34.20000076293945,33.150001525878906,33.349998474121094,33.349998474121094,744732,0,31.59000015258789,30.11000003814697,31.833157138763248,30.996260646180765,32.79708474136472,65.47983696038776,0.820991934879622,0.5960841605271048,0.2249077743525172,33.764534763751634,31.59000015258789,29.415465541424144,1.1270827751725745,65.07676968629393,64.43884033668604,103698293.0,151.67894244778356,-35.57696187284002,47.133678081023284,-0.11298648185043793,12948962304,8.733119,3.11,0.3401889,
2023-06-07,33.400001525878906,34.349998474121094,33.25,33.400001525878906,33.400001525878906,795310,0,31.680000209808348,30.20300006866455,31.982380413726645,31.090524994404223,32.80308391334994,65.76680183090559,0.8427176354581647,0.6454108555133168,0.1973067799448479,33.99330990098649,31.680000209808348,29.366690518630207,1.1251481822403258,54.72136374755845,62.88760889231793,104493603.0,136.78437812313922,-34.61536486473599,47.12341946647236,-0.18574266103718037,12948962304,8.733119,3.11,0.3401889,
2023-06-08,33.5,34.400001525878906,32.70000076293945,32.79999923706055,32.79999923706055,1020666,0,31.760000133514403,30.28800006866455,32.06024887309178,31.157563199998588,32.80305322005353,59.38724971824762,0.8022721455161523,0.6767831135138839,0.12548903200226846,34.11172321384015,31.760000133514403,29.408277053188655,1.166209080861692,36.59534513965382,52.13115952450209,103472937.0,96.19240040871196,-46.153868726016015,47.109918781691995,-0.21457979954796105,12948962304,8.733119,3.11,0.3401889,
2023-06-09,33.150001525878906,33.75,32.400001525878906,32.70000076293945,32.70000076293945,1434559,0,31.845000171661376,30.38800006866455,32.12117762450585,31.218050947564898,32.8020278224703,58.370987784474515,0.7534642948280919,0.6921193497767255,0.06134494505136634,34.20358059570306,31.845000171661376,29.48641974761969,1.179336894665935,23.500116118255516,38.272275001822614,102038378.0,64.40007384177378,-48.543674937520464,47.090508131391864,-0.23248398325446445,12948962304,8.733119,3.11,0.3401889,
2023-06-12,32.5,35.150001525878906,32.400001525878906,34.54999923706055,34.54999923706055,3174953,0,32.02000017166138,30.537000045776367,32.352493968558676,31.348715586368648,32.81942057286423,68.95529910936426,0.8542162639359674,0.7245387326085739,0.12967753132739346,34.623344234252706,32.02000017166138,29.416656109070054,1.2915271164755109,33.87440452622645,31.32328859471195,105213331.0,116.31932870724377,-14.444478352864584,47.05101406760099,-0.1278654976602806,12948962304,8.733119,3.11,0.3401889,
2023-06-13,34.54999923706055,35.099998474121094,34.04999923706055,34.150001525878906,34.150001525878906,1056697,0,32.18500022888183,30.70300006866455,32.52368516449393,31.45856993693768,32.832660184337016,65.10117122391964,0.8915096842659764,0.7579329229400544,0.133576761325922,34.88724031530726,32.18500022888183,29.482760142456407,1.2742751250887279,50.844119991425316,36.072880211969114,104156634.0,123.10101351296278,-25.30117713241499,47.038324747082996,-0.15476316766255452,12948962304,8.733119,3.11,0.3401889,
2023-06-14,34.29999923706055,34.599998474121094,33.849998474121094,34.099998474121094,34.099998474121094,847753,0,32.367500114440915,30.853000030517578,32.67381024160128,31.5621553697684,32.84527051557865,64.61497082055897,0.9065796740222964,0.7876622731565028,0.11891740086579361,35.069402347731014,32.367500114440915,29.66559788115082,1.2368269018681044,67.87872314453125,50.865749220727686,103308881.0,96.33794294316698,-26.50606950283942,47.027961418443525,-0.15327891472318064,12948962304,8.733119,3.11,0.3401889,
2023-06-15,34.45000076293945,34.45000076293945,33.400001525878906,33.70000076293945,33.70000076293945,462564,0,32.53000011444092,30.991000061035155,32.771542672204916,31.645992444010403,32.853775294159355,60.709031465085104,0.876146604432023,0.8053591394116069,0.07078746502041611,35.14044098167113,32.53000011444092,29.919559247210703,1.2234820686675647,57.57571133700284,58.76618482431982,102846317.0,70.07579894391942,-39.4736723226229,47.02216730322142,-0.15372570299758365,12948962304,8.733119,3.11,0.3401889,
2023-06-16,33.849998474121094,34.75,33.45000076293945,34.400001525878906,34.400001525878906,2861541,0,32.73250017166138,31.129000091552733,32.926633991602436,31.75399280016211,32.86916062979836,64.72744770243193,0.8981589714042499,0.8239191058101355,0.07423986559411444,35.262179542097975,32.73250017166138,30.20282080122478,1.228947580695635,60.606014367305875,62.02014961628001,105707858.0,82.77573436727609,-21.052605161384232,46.98738576273562,-0.08836093032768118,12948962304,8.733119,3.11,0.3401889,
2023-06-19,34.25,35.29999923706055,34.150001525878906,34.349998474121094,34.349998474121094,903333,0,32.9475001335144,31.25900005340576,33.06219251374707,31.855796944238932,32.88389533471699,64.22217033631865,0.9011808505567487,0.8393714547594582,0.0618093957972905,35.24934193557037,32.9475001335144,30.64565833145844,1.2233083043017783,56.6666239566187,58.28278322030916,104804525.0,100.41280252456149,-25.000025096697577,46.97678729117246,-0.1015701026329167,12948962304,8.733119,3.11,0.3401889,
2023-06-20,34.349998474121094,34.70000076293945,34.04999923706055,34.29999923706055,34.29999923706055,689629,0,33.12500009536743,31.377000045776366,33.18007886834835,31.95164801454566,32.89798592080996,63.686814625601265,0.8892900093231759,0.8493551656722017,0.03993484365097422,35.2633406046221,33.12500009536743,30.98665958611277,1.182357820128716,56.69850999692208,57.99038277361557,104114896.0,79.58271426662749,-28.57142857142857,46.9685451413995,-0.12370112304009007,12948962304,8.733119,3.11,0.3401889,
2023-06-21,34.5,35.5,33.70000076293945,34.099998474121094,34.099998474121094,1508295,0,33.24250001907349,31.496000022888182,33.267690259374326,32.03589705217607,32.9099462447235,61.47912460328525,0.8538849872752223,0.8502611299928058,0.0036238572824165427,35.3231908948398,33.24250001907349,31.16180914330718,1.2264750641952753,43.56715649841278,52.31076348398454,102606601.0,79.97780561255549,-45.16136177376127,46.95067489601161,-0.15364426489836305,12948962304,8.733119,3.11,0.3401889,
2023-06-22,34.20000076293945,36.70000076293945,34.0,36.25,36.25,5792577,0,33.46999998092652,31.65300003051758,33.55171975848153,32.20115599130642,32.94318061044764,72.5108179999286,0.987925220073862,0.877793948009017,0.11013127206484497,35.80567975905195,33.46999998092652,31.134320202801085,1.3317268998198593,55.61846418697183,51.961376894102244,108399178.0,159.76705931399425,-10.465135878653571,46.88914057000922,-0.006396015326003865,12948962304,8.733119,3.11,0.3401889,
2023-06-23,36.5,36.70000076293945,35.099998474121094,35.349998474121094,35.349998474121094,1785698,0,33.66749992370605,31.792000007629394,33.72298439806625,32.32464001024033,32.9671290469021,64.21986278431615,1.0098890958992754,0.9042129775870686,0.1056761183122068,35.936701034928326,33.66749992370605,31.39829881248378,1.3508894276054664,58.16231953886186,52.44931340808217,106613480.0,155.26552559096544,-31.395407635960712,46.87041779350972,-0.03384240567157526,12948962304,8.733119,3.11,0.3401889,
2023-06-26,35.45000076293945,36.0,34.04999923706055,34.599998474121094,34.599998474121094,2527980,0,33.79249992370605,31.904999961853026,33.806509548166716,32.41386975392193,32.98337650388935,58.243313063790104,0.9557594932451181,0.9145222807186786,0.041237212526439526,35.97636627346004,33.79249992370605,31.60863357395207,1.393683094415037,57.05122336363181,56.944002363155185,104085500.0,83.03869866198211,-48.837271195748116,46.84204703204569,-0.04788032995453099,12948962304,8.733119,3.11,0.3401889,
2023-06-27,34.849998474121094,35.150001525878906,34.20000076293945,34.400001525878906,34.400001525878906,554492,0,33.932499980926515,32.0,33.863032593663114,32.49175727439083,32.997472275252434,56.72724178614499,0.8865042418102078,0.9089186729369845,-0.022414431126776657,35.8826981658009,33.932499980926515,31.982301796052127,1.3619914993096383,36.111068725585945,50.441537209359886,103531008.0,52.933893213643294,-53.48836384056691,46.83568642583169,-0.040144965676502505,12948962304,8.733119,3.11,0.3401889,
2023-06-28,34.650001525878906,34.75,34.04999923706055,34.150001525878906,34.150001525878906,603911,0,34.045000076293945,32.098000030517575,33.890362968159856,32.55678646072369,33.008940227994984,54.80676509157152,0.8021987970471258,0.8875746977590128,-0.08537590071188694,35.75844622783771,34.045000076293945,32.33155392475018,1.3147064467117677,19.62963099014749,37.59730769312176,102927097.0,19.351184185043966,-59.30231836049605,46.828615825819575,-0.05841099079405981,12948962304,8.733119,3.11,0.3401889,
2023-06-30,34.29999923706055,34.599998474121094,33.95000076293945,34.04999923706055,34.04999923706055,828428,0,34.127499961853026,32.19,33.905566422340875,32.61534382450161,33.01929902410509,54.01896103023026,0.719028265466072,0.8538654113004246,-0.13483714583435258,35.66615968444267,34.127499961853026,32.588840239263384,1.2672272513167588,10.841759138081912,22.194152951271793,102098669.0,-5.767101903037479,-61.62795339681109,46.81883924020711,-0.08692556193685386,12948962304,8.733119,3.11,0.3401889,
2023-07-03,34.29999923706055,34.849998474121094,34.0,34.70000076293945,34.70000076293945,707894,0,34.16749992370605,32.293000030517575,33.98122683573121,32.69709507698936,33.0360224244915,58.22250471035401,0.6975240873405895,0.8225971465084576,-0.12507305916786815,35.721936824934915,34.16749992370605,32.61306302247719,1.2374251958027827,15.259099373025018,15.243496500418152,102806563.0,33.33329674149713,-60.60607461780771,46.810706450855555,-0.10793951952316272,12948962304,8.733119,3.11,0.3401889,
2023-07-04,34.79999923706055,35.45000076293945,34.349998474121094,34.650001525878906,34.650001525878906,992622,0,34.20249996185303,32.38800006866455,34.044919663364325,32.77367964361248,33.05208191803764,57.784897152734125,0.6687385489600643,0.791825426998779,-0.12308687803871465,35.76726015161121,34.20249996185303,32.63773977209485,1.2276092738753237,28.962801716210866,18.354553409105943,101813941.0,69.12315462139189,-62.12120336387019,46.79959843624883,-0.07975051143766927,12948962304,8.733119,3.11,0.3401889,
2023-07-05,35.0,35.650001525878906,34.75,35.25,35.25,1050108,0,34.29750003814697,32.49400005340576,34.15968921923439,32.870790245823756,33.07395174969896,61.52233587013994,0.6864279507404234,0.7707459317471079,-0.08431798100668453,35.87435573926132,34.29750003814697,32.720644337032624,1.211351468598515,53.240868678745734,32.487589922660554,102864049.0,111.79146524887913,-43.9394272172933,46.78826101669241,-0.059409990758930754,12948962304,8.733119,3.11,0.3401889,
2023-07-06,35.25,36.0,35.25,35.349998474121094,35.349998474121094,982814,0,34.39499988555908,32.605000038146976,34.27305200541407,32.968014097913844,33.09659898078774,62.124196580055944,0.7004417141649952,0.7566850882306854,-0.05624337406569013,35.97895029412508,34.39499988555908,32.811049476993084,1.1783977922700495,63.809941086689,48.67120382721521,103846863.0,136.02337595830815,-41.53853196364182,46.77796004558189,-0.06381432922713871,12948962304,8.733119,3.11,0.3401889,
2023-07-07,35.349998474121094,36.25,34.79999923706055,35.45000076293945,35.45000076293945,920333,0,34.527499961853025,32.712000045776364,34.38514236327363,33.065346908307006,33.120015913943476,62.75167002364849,0.7114163072476529,0.7476313320340788,-0.03621502478642591,35.99463109860856,34.527499961853025,33.06036882509749,1.197798004460721,69.73586136121158,62.26222370888212,104767196.0,117.17568557367332,-41.66666666666667,46.768302481523165,-0.0369000726957983,12948962304,8.733119,3.11,0.3401889,
2023-07-10,35.70000076293945,35.79999923706055,34.849998474121094,35.20000076293945,35.20000076293945,527098,0,34.652499961853025,32.80500007629394,34.462747925146566,33.14905882417494,33.140712280600155,60.07236015818066,0.6919643068736931,0.7364979270020017,-0.044533620128308526,35.88232701210189,34.652499961853025,33.42267291160416,1.1800982014949162,59.15800056253164,64.23460100347742,104240098.0,77.64112090425489,-50.0,46.762672586075,-0.015190108732681767,12948962304,8.733119,3.11,0.3401889,
2023-07-11,35.5,35.900001525878906,34.70000076293945,34.900001525878906,34.900001525878906,674034,0,34.670000076293945,32.89300010681152,34.504391125216316,33.21772324384961,33.15821764622482,56.9310441397455,0.644906939443409,0.7181797294902832,-0.07327279004687415,35.90345039253018,34.670000076293945,33.43654976005771,1.181519813026669,40.69489545795983,56.52958579390103,103566064.0,54.61476608918623,-59.9999745686849,46.7554082296693,-0.101835798603569,12948962304,8.733119,3.11,0.3401889,
2023-07-12,35.099998474121094,35.20000076293945,33.849998474121094,33.95000076293945,33.95000076293945,1675802,0,34.660000038146975,32.95400012969971,34.451592043094706,33.246440009304116,33.166096085197104,48.315008591834065,0.5249057281516585,0.6795249292225582,-0.15461920107089977,35.913235763511956,34.660000038146975,33.406764312781995,1.1935542755832185,20.60232246865298,40.1517394963815,101890262.0,-59.36073369556891,-96.49115057869581,46.73609086330171,-0.12076236568239071,12948962304,8.733119,3.11,0.3401889,
2023-07-13,34.150001525878906,34.150001525878906,32.95000076293945,33.25,33.25,1387660,0,34.617500114440915,32.99500011444092,34.33715470565711,33.246579616782384,33.16693095002101,43.13482005648958,0.36906533675524145,0.6174330107290948,-0.2483676739738534,35.99527893574873,34.617500114440915,33.2397212931331,1.1940147389658067,8.720309612608206,23.33917584640702,100502602.0,-164.20778291660952,-92.00002034505209,46.71900438925376,-0.1333748883439313,12948962304,8.733119,3.11,0.3401889,
2023-07-14,33.45000076293945,34.400001525878906,33.25,34.150001525878906,34.150001525878906,931458,0,34.64000015258789,33.0430001449585,34.31933059329728,33.28200792694303,33.176712746795715,50.48546765682316,0.31455728474262656,0.5568578655318012,-0.2423005807891746,35.971014595649436,34.64000015258789,33.30898570952634,1.190870938031028,17.978542967332693,15.76705834953131,101434060.0,-103.48346049096799,-63.63633210993267,46.707976707721045,-0.10516353797219727,12948962304,8.733119,3.11,0.3401889,
2023-07-17,34.5,35.900001525878906,34.5,35.099998474121094,35.099998474121094,1913349,0,34.675,33.12400012969971,34.3936799152805,33.35330167389119,33.19584991821189,56.829048174492826,0.3440500799230861,0.5142963084100581,-0.17024622848697202,36.015708511706094,34.675,33.3342914882939,1.2308087281716689,40.88337633779494,22.527409639245295,103347409.0,50.13594347459622,-34.84853914400485,46.687565063656145,-0.16799476700210503,12948962304,8.733119,3.11,0.3401889,
2023-07-18,35.349998474121094,35.599998474121094,33.650001525878906,33.95000076293945,33.95000076293945,2069851,0,34.65500011444092,33.18900012969971,34.351424757914685,33.37670163816759,33.20335390671664,48.69598125320303,0.27149846294829416,0.4657367393177053,-0.19423827636941116,36.026094171044676,34.65500011444092,33.28390605783716,1.282179315319563,49.15251241931488,36.004810574814194,101277558.0,-47.679992109374716,-69.69696269109615,46.664100986533256,-0.1910309754350155,12948962304,8.733119,3.11,0.3401889,
2023-07-19,34.20000076293945,35.099998474121094,34.0,34.45000076293945,34.45000076293945,1183913,0,34.66250019073486,33.27000015258789,34.36081294886942,33.41879179992335,33.21575835304722,51.917973137374084,0.2514480683048177,0.42287900511512777,-0.17143093681031008,36.02737151423436,34.66250019073486,33.29762886723536,1.2727377721668542,52.54233343031715,47.52607406247568,102461471.0,-34.363198471242995,-54.54544403664422,46.65084753985375,-0.18969211156346677,12948962304,8.733119,3.11,0.3401889,
2023-07-20,34.650001525878906,37.20000076293945,34.650001525878906,36.099998474121094,36.099998474121094,4361961,0,34.76250019073486,33.360000114440915,34.52644966556006,33.523937159695805,33.24445725972457,60.691224834355125,0.3644973136407472,0.41120266682025164,-0.046705353179504416,36.236566795885444,34.76250019073486,33.28843358558428,1.3782565027263647,52.29919565429291,51.331347167975,106823432.0,135.95171460125064,-25.8824067957261,46.608137774025636,-0.12684399930262913,12948962304,8.733119,3.11,0.3401889,
2023-07-21,36.25,36.75,35.79999923706055,36.29999923706055,36.29999923706055,1274910,0,34.76500015258789,33.46200008392334,34.69535914856011,33.6328023392003,33.27486066248413,61.605711629347034,0.46486932097727873,0.42193599765165707,0.042933323325621664,36.24928344231456,34.76500015258789,33.28071686286122,1.3476668070272997,65.88237651265761,56.90796853242258,108098342.0,159.05627711179446,-21.17650649126838,46.59606976406902,-0.28888316116548945,12948962304,8.733119,3.11,0.3401889,
2023-07-24,36.349998474121094,37.79999923706055,36.349998474121094,37.25,37.25,2458688,0,34.86000022888184,33.58700008392334,34.93865827726867,33.77465322785911,33.314414287733044,65.68890115853874,0.6139942386295303,0.4603476458472317,0.15364659278229859,36.68581431231562,34.86000022888184,33.034186145448054,1.3585477493824925,77.84889469592092,65.34348895429049,110557030.0,218.80896330829935,-11.340194022642793,46.574787558938596,-0.21592767160551546,12948962304,8.733119,3.11,0.3401889,
2023-07-25,37.400001525878906,38.5,37.400001525878906,38.29999923706055,38.29999923706055,2534805,0,35.04500026702881,33.73200008392334,35.25878598772504,33.95211777723956,33.36402209817411,69.54415739807048,0.8075935378818002,0.5297968242541454,0.2777967136276548,37.400821878179585,35.04500026702881,32.68917865587804,1.3507943387123142,85.65012550695008,76.46046557184289,113091835.0,241.53010556212428,-3.6036178456373946,46.555105578573205,-0.11762643771064103,12948962304,8.733119,3.11,0.3401889,
2023-07-26,38.29999923706055,40.20000076293945,37.400001525878906,39.75,39.75,7021617,0,35.312500190734866,33.91000007629395,35.68652065556075,34.17948570754389,33.427564166848995,73.90473710101745,1.0657401319135715,0.6369854857860306,0.4287546461275409,38.41215669574783,35.312500190734866,32.2128436857219,1.4543089743086166,91.3981382195157,84.96571947412893,120113452.0,246.64711370976937,-6.20690707502694,46.507742995587584,0.053815637449100936,12948962304,8.733119,3.11,0.3401889,
2023-07-27,40.20000076293945,40.79999923706055,39.75,40.29999923706055,40.29999923706055,4259580,0,35.62000007629395,34.10700004577637,36.12589956808454,34.41950584595631,33.49594660535856,75.3466156969058,1.2997211332491219,0.7695326152786489,0.530188517970473,39.352880257716265,35.62000007629395,31.887119894871628,1.4254297073623259,92.48247187732828,89.84357853459805,124373032.0,237.92424176991454,-6.369427989678448,46.48379290385601,0.06540194317847349,12948962304,8.733119,3.11,0.3401889,
2023-07-28,40.599998474121094,42.45000076293945,40.099998474121094,42.150001525878906,42.150001525878906,6129140,0,36.025000190734865,34.34100006103515,36.69962356406496,34.72266253928661,33.58205660456772,79.45813040585861,1.615806474904943,0.9387873872039078,0.6770190877010352,40.64165453531659,36.025000190734865,31.40834584615314,1.4914706060377567,92.32461953209268,92.06840987631226,130502172.0,226.15898508196872,-3.1578867059004936,46.456718730822665,0.1766740015859923,12948962304,8.733119,3.11,0.3401889,
2023-07-31,42.70000076293945,43.150001525878906,41.75,41.95000076293945,41.95000076293945,4048663,0,36.38750019073486,34.57300006866455,37.19965948776729,35.006087567665155,33.66531973052167,77.94472219397409,1.8290834597865029,1.1168466017204268,0.7122368580660761,41.62752633539666,36.38750019073486,31.147474046073064,1.4849371003121246,88.07080102657842,90.95929747866649,126453509.0,195.6642492175168,-11.764712482174707,46.44159469646978,0.09175344545324333,12948962304,8.733119,3.11,0.3401889,
2023-08-01,42.150001525878906,42.349998474121094,41.29999923706055,41.70000076293945,41.70000076293945,2182800,0,36.74000015258789,34.80600009918213,37.62826341873607,35.26859396747983,33.7452668054711,75.99621179435307,1.9553935367189297,1.2845559887201274,0.6708375479988022,42.39699593198996,36.74000015258789,31.08300437318582,1.453870110079869,82.99833283562508,87.79791779809875,124270709.0,145.99950215479097,-14.215692691003188,46.432511101551334,0.08801888952962147,12948962304,8.733119,3.11,0.3401889,
2023-08-02,41.650001525878906,42.45000076293945,40.0,40.650001525878906,40.650001525878906,2911166,0,37.010000228881836,35.004000129699705,37.91604800036872,35.479629558005286,33.81397063353486,68.27618321806692,1.9483101132768965,1.4173068136314813,0.5310032996454153,42.86863515011247,37.010000228881836,31.151365307651208,1.5250222995698393,60.127879391875695,77.06567108469308,121359543.0,106.72281848040154,-25.252521360374782,46.418505993774986,0.054713340516985086,12948962304,8.733119,3.11,0.3401889,
2023-08-03,40.650001525878906,41.95000076293945,40.29999923706055,41.0,41.0,2341984,0,37.29250030517578,35.18900012969971,38.209757714619315,35.69611467337763,33.88547341330068,69.39232447845971,1.9484775644897852,1.523540963803142,0.4249366006866431,43.345373708558824,37.29250030517578,31.239626901792732,1.533949387163344,44.33307767653383,62.48642996801156,123701527.0,94.1132300980884,-22.631595009251644,46.407395867604315,0.06045100276075168,12948962304,8.733119,3.11,0.3401889,
2023-08-04,41.20000076293945,42.45000076293945,40.650001525878906,40.900001525878906,40.900001525878906,2305621,0,37.56500034332275,35.373000144958496,38.465971410929754,35.90018866759336,33.95526971292833,68.64916690712526,1.9184267996755224,1.6025181309776182,0.31590866869790424,43.750798873267684,37.56500034332275,31.379201813377822,1.552952947870287,28.92936692476736,44.46344133105899,121395906.0,88.46125550987422,-23.684210526315788,46.39701482963996,0.02876720822760462,12948962304,8.733119,3.11,0.3401889,
2023-08-07,41.0,42.0,41.0,41.29999923706055,41.29999923706055,1699058,0,37.87000026702881,35.5710001373291,38.73587882294221,36.11194594482737,34.028351598740585,70.03171478833703,1.9049289888221423,1.663000302546523,0.24192868627561936,44.15994481236681,37.87000026702881,31.580055721690805,1.5205990568882017,37.79288545528879,37.01844335219669,123094964.0,81.36147621330097,-20.21860087767206,46.389542517444134,0.017999464874371887,12948962304,8.733119,3.11,0.3401889,
2023-08-08,41.400001525878906,44.400001525878906,41.349998474121094,43.70000076293945,43.70000076293945,6529791,0,38.31000022888183,35.80300018310547,39.20865234103719,36.409516722008235,34.12458691380724,76.67748321708775,2.0640983015988965,1.7432199023569976,0.32087839924189887,44.92986466629156,38.31000022888183,31.69013579147211,1.6334135734546416,55.24117908876659,40.654477156274275,129624755.0,107.76662771522057,-7.179495004507212,46.37090790224727,0.08345615984223347,12948962304,8.733119,3.11,0.3401889,
2023-08-09,44.0,44.400001525878906,43.0,43.5,43.5,2481721,0,38.78750019073486,36.04100017547607,39.617352118081264,36.68757488977262,34.21787460620717,75.18125547553626,2.1493266390487733,1.8244412496953528,0.3248853893534205,45.45802346643379,38.78750019073486,32.116976915035934,1.616741284342089,71.73360987331738,54.92255813912428,127143034.0,107.45067957513474,-10.465131236640246,46.36493606571538,0.09430457491156885,12948962304,8.733119,3.11,0.3401889,
2023-08-10,43.599998474121094,44.650001525878906,43.099998474121094,43.75,43.75,2893904,0,39.312500190734866,36.27800018310547,40.01093763064495,36.96453273723252,34.31272162505088,75.81650159290587,2.2115502465773176,1.9018630490717459,0.3096871975055717,45.807566007995945,39.312500190734866,32.81743437347379,1.6119742677289264,79.8798715490082,68.95155350369741,130036938.0,103.81058102778611,-10.843387891144207,46.35851265896885,0.09568639215794986,12948962304,8.733119,3.11,0.3401889,
2023-08-11,44.0,44.099998474121094,42.70000076293945,43.0,43.0,1713885,0,39.75500011444092,36.49000015258789,40.295610237250195,37.20121772792928,34.39916220589614,70.0258610525249,2.1752690245945345,1.9565442441763037,0.21872478041823085,45.98331511260642,39.75500011444092,33.52668511627542,1.596833085118406,70.11440500655989,73.90929547629518,128323053.0,84.91060862183012,-22.758641736260778,46.35387356470489,0.07032055328251073,12948962304,8.733119,3.11,0.3401889,
2023-08-14,42.900001525878906,43.099998474121094,41.75,42.349998474121094,42.349998474121094,2253392,0,40.117500114440915,36.659000091552734,40.49126625980933,37.40313069836818,34.478275004584944,65.36620427365403,2.070202201608055,1.9792758356626539,0.09092636594540093,46.05713629517173,40.117500114440915,34.1778639337101,1.5792020414757408,54.1991539245851,68.06447682671775,126069661.0,59.59211973679927,-31.72418002424569,46.34608894572556,0.07030538802675772,12948962304,8.733119,3.11,0.3401889,
2023-08-16,42.20000076293945,44.0,42.150001525878906,42.79999923706055,42.79999923706055,2548765,0,40.560000038146974,36.83600006103516,40.71114559097611,37.61477260184631,34.56107823077873,67.00321187606428,2.000190339028542,1.9834587363358316,0.016731602692710457,45.88236829747873,40.560000038146974,35.23763177881522,1.5985446438075517,40.434783704470725,54.91611421187192,128618426.0,71.77210686452534,-37.755136994299754,46.338616948169815,0.08046702077197308,12948962304,8.733119,3.11,0.3401889,
2023-08-17,43.0,43.5,41.54999923706055,42.0,42.0,1588968,0,40.9375,37.009000091552736,40.83389362993076,37.78674230373469,34.635097352860534,61.443085908919016,1.8587259452873042,1.958512178126126,-0.09978623283882193,45.487871496105164,40.9375,36.387128503894836,1.623648652316973,27.00866546592628,40.54753436499405,127029458.0,49.55750852892573,-56.989261425629834,46.33309937661625,0.06987633134981136,12948962304,8.733119,3.11,0.3401889,
2023-08-18,42.0,42.599998474121094,41.400001525878906,42.20000076293945,42.20000076293945,1865886,0,41.242500114440915,37.185000076293946,40.96399907116969,37.95981126291919,34.71037002360759,62.28568691658474,1.7426644333280876,1.9153426291665183,-0.1726781958384307,45.239033350389214,41.242500114440915,37.24596687849262,1.5933878163116313,26.784209660208926,31.409219610201998,128895344.0,34.32797117796559,-52.68817116089813,46.326180182008535,0.07311481229771978,12948962304,8.733119,3.11,0.3401889,
2023-08-21,42.20000076293945,43.150001525878906,41.70000076293945,42.29999923706055,42.29999923706055,2003530,0,41.54250011444092,37.375000076293944,41.09123718220691,38.13001471288552,34.78588872224891,62.724310317703356,1.6398507118274992,1.8602442456987145,-0.2203935338712153,44.85162020901687,41.54250011444092,38.23338001986497,1.5831458839279045,26.253698228922644,26.682191118352637,130898874.0,42.297516016247386,-50.53766704676899,46.31932599989563,0.065574075557812,12948962304,8.733119,3.11,0.3401889,
2023-08-22,42.5,43.849998474121094,42.45000076293945,43.29999923706055,43.29999923706055,2449247,0,41.84500007629394,37.587000045776364,41.301595473145355,38.332759204029635,34.87060623980923,66.87340804737121,1.620382973195099,1.8122719911979914,-0.1918890180028925,44.586696645819885,41.84500007629394,39.103303506768,1.5807782662945218,45.773943231264035,32.93728370679855,133348121.0,80.60260470557955,-29.03229775958391,46.31271112840444,0.06447273405015104,12948962304,8.733119,3.11,0.3401889,
2023-08-23,43.599998474121094,44.599998474121094,43.29999923706055,43.54999923706055,43.54999923706055,3018479,0,42.107500076293945,37.76700004577637,41.515729164946805,38.53735685238379,34.95696835918486,67.83725003935129,1.6066075885321638,1.771139110664826,-0.1645315221326622,44.41168611846996,42.107500076293945,39.80331403411793,1.5607226213492378,58.293229126929326,43.44029019570535,136366600.0,115.14099056247959,-25.287395633007023,46.30620481300659,0.008217002972658554,12948962304,8.733119,3.11,0.3401889,
2023-08-24,43.900001525878906,43.95000076293945,42.29999923706055,42.599998474121094,42.599998474121094,1261006,0,42.25,37.93599998474121,41.61899290867769,38.6966761316676,35.03301841007975,60.61937783097142,1.5017224532081173,1.7172557791734842,-0.2155333259653669,44.29083267720827,42.25,40.20916732279173,1.5670996859584998,59.254770292420325,54.440647550204574,135105594.0,49.407754354317525,-51.25007629394531,46.30255401787835,-0.08950158163514463,12948962304,8.733119,3.11,0.3401889,
2023-08-25,42.349998474121094,43.150001525878906,41.5,42.79999923706055,42.79999923706055,1623197,0,42.375,38.11,41.73146970185701,38.857590763251636,35.11030180139299,61.546984242752245,1.4183883202604193,1.6574822873908712,-0.23909396713045195,44.219585930072554,42.375,40.530414069927446,1.5730212459528146,48.87430428205615,55.474101233801946,136728791.0,2.911228570376514,-50.684973025398556,46.29721378660275,-0.08029512683745485,12948962304,8.733119,3.11,0.3401889,
2023-08-28,43.20000076293945,43.849998474121094,42.400001525878906,42.54999923706055,42.54999923706055,1669110,0,42.39499988555908,38.28699996948242,41.809424895685915,39.00239109555787,35.18432864154889,59.65540724931026,1.316991055754272,1.5893840410635514,-0.27239298530927925,44.23806726242182,42.39499988555908,40.55193250869634,1.564233796116341,37.76879336655719,48.63262264701123,135059681.0,38.883646470080585,-63.63637414516181,46.292384136436254,-0.20676074600037012,12948962304,8.733119,3.11,0.3401889,
2023-08-29,42.900001525878906,43.400001525878906,42.25,42.400001525878906,42.400001525878906,1303387,0,42.41749992370605,38.44699996948242,41.86567028903763,39.13563072027634,35.25612638169147,58.493807672204646,1.2105746800411907,1.5136221688590792,-0.30304748881788846,44.249240218683376,42.41749992370605,40.58575962872873,1.5346457768136672,34.946253760349954,40.52978380298777,133756294.0,13.554074767474328,-69.23076923076923,46.2883423836111,-0.17758469947914496,12948962304,8.733119,3.11,0.3401889,
2023-08-30,42.75,43.150001525878906,42.099998474121094,42.25,42.25,1132927,0,42.444999885559085,38.605,41.90227311865309,39.25776284889295,35.3257171639632,57.29237568763465,1.1014383701669104,1.4311854091206455,-0.32974703895373514,44.2491334040058,42.444999885559085,40.640866367112366,1.5000284393096774,31.171838914927715,34.628962013944964,132623367.0,-7.555008291305655,-73.84620079627403,46.28465827782549,-0.188023686582625,12948962304,8.733119,3.11,0.3401889,
2023-08-31,42.599998474121094,42.70000076293945,41.650001525878906,41.79999923706055,41.79999923706055,1439611,0,42.50249977111817,38.755,41.89253274897761,39.357458393526976,35.390137881108444,53.7271628562044,0.9674832133053712,1.3384449699575907,-0.3709617566522194,44.1397151357197,42.50249977111817,40.865284406516636,1.4678834962918825,24.13683007073931,30.084974248672335,131183756.0,-62.174261908239515,-87.50005960470162,46.27943181249439,-0.18663041935284835,12948962304,8.733119,3.11,0.3401889,
2023-09-01,42.0,43.849998474121094,42.0,43.599998474121094,43.599998474121094,3306181,0,42.63249969482422,38.945,42.05514853232461,39.523832514334586,35.4718280362628,63.508959520426544,0.9950968248368568,1.2697753409334438,-0.274678516096587,44.18242672459374,42.63249969482422,41.0825726650547,1.5094631920610728,44.00483883622373,33.10450260729693,134489937.0,49.85153425794116,-31.25002980235081,46.27058661349517,-0.12125972454998327,12948962304,8.733119,3.11,0.3401889,
2023-09-04,43.70000076293945,46.75,43.650001525878906,45.599998474121094,45.599998474121094,7793620,0,42.86749954223633,39.13199996948242,42.39275328868618,39.76211353236543,35.57260585156487,70.8759028836847,1.1649354455542635,1.2488073618576077,-0.08387191630334412,44.69568823720762,42.86749954223633,41.03931084726504,1.6266445016194895,59.61774162331563,42.58647017675957,142283557.0,266.1499545809411,-21.495361754618635,46.264383245596534,-0.035410335253805436,12948962304,8.733119,3.11,0.3401889,
2023-09-05,46.5,46.79999923706055,45.04999923706055,45.75,45.75,3294470,0,43.0899995803833,39.34,42.71249107071607,39.996932609527576,35.67387345503189,71.34318522106116,1.2966902080604754,1.2583839310981813,0.03830627696229416,45.16716090608168,43.0899995803833,41.012838254684915,1.635455608646669,81.899649279395,61.84074324631147,145578027.0,262.7631295870255,-19.44443855756345,46.26327361665126,-0.033930037293029555,12948962304,8.733119,3.11,0.3401889,
2023-09-06,46.099998474121094,47.900001525878906,45.29999923706055,47.099998474121094,47.099998474121094,3171358,0,43.259999465942386,39.59,43.13034891865941,40.275484212060654,35.78756624129148,75.19978540704945,1.4928319634233134,1.3052735375632076,0.18755842586010574,45.96935312791185,43.259999465942386,40.55064580397292,1.704351800087504,81.4208503789767,74.3127470938958,148749385.0,247.37379750299792,-12.3077392578125,46.26462197521871,-0.08364490265129468,12948962304,8.733119,3.11,0.3401889,
2023-09-07,47.0,47.20000076293945,46.0,46.150001525878906,46.150001525878906,1709766,0,43.39249954223633,39.825,43.41793488125174,40.505857440053525,35.89067505009334,68.24009472561187,1.553708716472613,1.3549605733450887,0.19874814312752442,46.38068871208051,43.39249954223633,40.404310372392146,1.6683267260055004,79.05019937744873,80.79023301194016,147039619.0,176.76173629561728,-27.34374348074353,46.26488929010571,-0.09692167829308856,12948962304,8.733119,3.11,0.3401889,
2023-09-08,46.45000076293945,46.599998474121094,44.70000076293945,44.900001525878906,44.900001525878906,1602207,0,43.44999961853027,40.04,43.559084085501944,40.67817681596824,35.9803200896534,60.32843045789309,1.4839829963092797,1.380765057937927,0.10321793837135274,46.50695899188751,43.44999961853027,40.39304024517303,1.6848746535180816,62.31690219988008,74.26265065210185,145437412.0,99.99100411064535,-46.87498882413177,46.26372216075471,-0.11667256876140294,12948962304,8.733119,3.11,0.3401889,
2023-09-11,45.25,45.75,43.95000076293945,44.349998474121094,44.349998474121094,2015289,0,43.51749954223633,40.24599998474121,43.63440926537044,40.822169822170316,36.0636004715884,57.186740376967805,1.3685682086187612,1.3783256880740937,-0.009757479455332563,46.59130423808659,43.51749954223633,40.443694846386066,1.6930978380568291,36.6257592685159,59.330953615281594,143422123.0,54.57311814276523,-55.46878445892704,46.261044196383736,-0.11890593237240617,12948962304,8.733119,3.11,0.3401889,
2023-09-12,44.5,44.650001525878906,40.75,41.25,41.25,3545456,0,43.46249961853027,40.37699996948242,43.40732266866849,40.838947476202854,36.11520643704523,43.45171897345016,1.0152539729356889,1.3057113450464128,-0.290457372110724,46.65497114194268,43.46249961853027,40.270028095117866,1.8507338157584061,15.510430861432381,38.151030776609474,139876667.0,-71.49558458523764,-93.00699449936778,46.24902336715537,-0.1650837909293138,12948962304,8.733119,3.11,0.3401889,
2023-09-13,41.349998474121094,42.400001525878906,40.70000076293945,42.150001525878906,42.150001525878906,1842416,0,43.42999973297119,40.526999969482425,43.28757779792662,40.890361360503874,36.17525414937193,47.40150665620281,0.7986659729927297,1.2043022706356763,-0.4056362976429466,46.661779173946115,43.42999973297119,40.198220291996265,1.839967169128481,13.142410641212381,21.75953359038691,141719083.0,-89.26870334285066,-79.86110264872417,46.24208517618698,-0.12432336468243696,12948962304,8.733119,3.11,0.3401889,
2023-09-14,42.400001525878906,42.79999923706055,41.75,41.900001525878906,41.900001525878906,1137323,0,43.42499980926514,40.66,43.15542767677922,40.92995509247937,36.23221680983469,46.431338549030194,0.5999298935731119,1.0834277952231635,-0.4834979016500516,46.66590977617871,43.42499980926514,40.18408984235157,1.7835408882664858,16.54657113936574,15.066470880670188,140581760.0,-68.59724590987055,-83.33332450301653,46.238193330186526,-0.12459724419169581,12948962304,8.733119,3.11,0.3401889,
2023-09-15,42.29999923706055,47.70000076293945,41.900001525878906,47.099998474121094,47.099998474121094,14506496,0,43.66999969482422,40.895,43.53110108604987,41.17191757803395,36.34035394082262,63.27042467567174,0.8522027515107027,1.0371827864806713,-0.18498003496996862,47.2287067834427,43.66999969482422,40.11129260620574,2.0704307703232048,44.691748882877086,24.79357688781842,155088256.0,87.1613831322503,-11.11115231925622,46.230144807687864,0.08364585728874492,12948962304,8.733119,3.11,0.3401889,
2023-09-18,48.349998474121094,50.75,47.25,49.04999923706055,49.04999923706055,19469909,0,44.00749969482422,41.16699996948242,44.056710433765176,41.480861956819304,36.46681807312349,67.40790868240117,1.1956963306819262,1.0688854953209224,0.1268108353610038,48.205388438778975,44.00749969482422,39.80961095086946,2.1832572528628975,64.95070361409167,42.06300787877819,174558165.0,198.3762473199636,-16.91543176113389,46.27425981040874,0.0764099432665478,12948962304,8.733119,3.11,0.3401889,
2023-09-20,48.900001525878906,52.400001525878906,47.599998474121094,51.150001525878906,51.150001525878906,13375408,0,44.39999980926514,41.48599998474121,44.73226196634744,41.86004390070399,36.6129194010116,71.17387442771006,1.6187106128365443,1.1788505188240468,0.4398600940124975,49.606630163827745,44.39999980926514,39.193369454702534,2.3701676670696767,87.94311566098126,65.86185605265003,187933573.0,201.21499455013736,-10.683759987088719,46.31846905724513,0.13364736155563728,12948962304,8.733119,3.11,0.3401889,
2023-09-21,51.150001525878906,54.29999923706055,50.45000076293945,51.75,51.75,17791979,0,44.80999984741211,41.82299995422363,45.40061796955244,42.24788531636266,36.76353711841447,72.163550431013,1.9795483405190737,1.3389900831630521,0.6405582573560216,50.900697663766394,44.80999984741211,38.71930203105782,2.475869867573349,84.02736266538645,78.97372731348649,205725552.0,208.05289857765266,-18.74999649384403,46.400984843362885,0.07642365609817922,12948962304,8.733119,3.11,0.3401889,
2023-09-22,52.29999923706055,52.70000076293945,50.650001525878906,51.20000076293945,51.20000076293945,6734186,0,45.23999996185303,42.16799995422363,45.9529401403512,42.59894866720881,36.907183522837606,69.79792541151177,2.195822423461877,1.510356551222817,0.6854658722390599,51.83898477942636,45.23999996185303,38.6410151442797,2.4454505368224346,81.33250914940551,84.4343291585911,198991366.0,161.01116217368383,-22.794108984791137,46.428159640963685,0.05119374559039385,12948962304,8.733119,3.11,0.3401889,
2023-09-25,51.45000076293945,54.20000076293945,51.400001525878906,52.349998474121094,52.349998474121094,9504458,0,45.71749992370606,42.54999992370605,46.56218379118643,42.9813427772838,37.06084337309913,71.87405611309192,2.431982021833697,1.694681645344993,0.7373003764887041,52.897630203149326,45.71749992370606,38.53736964426279,2.4850612127636893,75.67389971736952,80.34459051072052,208495824.0,159.87776276178184,-14.338242512674052,46.47445952945053,0.013435030904777108,12948962304,8.733119,3.11,0.3401889,
2023-09-26,52.54999923706055,53.150001525878906,51.29999923706055,51.599998474121094,51.599998474121094,2681194,0,46.16999988555908,42.8989998626709,47.041975665751636,43.31932927519899,37.20551158305955,68.56379877161429,2.5294633935286157,1.8616379949817177,0.667825398546898,53.629851873837424,46.16999988555908,38.710147897280734,2.4396998610533087,69.01396838224628,75.34012574967379,205814630.0,123.7907137694455,-19.852949013760398,46.48606957563696,0.009162307021797518,12948962304,8.733119,3.11,0.3401889,
2023-09-27,51.70000076293945,51.849998474121094,49.45000076293945,49.75,49.75,3358929,0,46.537499809265135,43.19199989318847,47.29988274520386,43.57151244087746,37.330332363327614,61.08979885906357,2.4294336680773227,1.9751971296008386,0.45423653847648415,53.942219219803576,46.537499809265135,39.132780398726695,2.4368639932053324,46.07581689382578,63.58789499781388,202455701.0,77.96368698368424,-33.45588049674095,46.496183386208024,-0.004024357630372631,12948962304,8.733119,3.11,0.3401889,
2023-09-28,49.95000076293945,51.599998474121094,49.5,50.150001525878906,50.150001525878906,4909317,0,46.93249988555908,43.51599990844726,47.57132262907767,43.829492404995165,37.45789126046743,62.05298623713039,2.355285900422608,2.0512148837651925,0.3040710166574154,54.22216874740264,46.93249988555908,39.64283102371552,2.412802170413601,26.87463237727346,47.32147255111519,207365018.0,70.06586541385555,-30.51469247646247,46.51112464242389,-0.012513533042041818,12948962304,8.733119,3.11,0.3401889,
2023-09-29,50.70000076293945,51.04999923706055,49.95000076293945,50.29999923706055,50.29999923706055,1755171,0,47.35749988555908,43.83299987792969,47.8311965917427,44.08323777095851,37.58567342938875,62.428575044054746,2.282317684486273,2.0974354439094087,0.1848822405768642,54.38717056848855,47.35749988555908,40.32782920262961,2.319030477821279,12.9390387037157,28.62982932493833,209120189.0,62.46497167973427,-29.411768005793853,46.51646149491419,-0.009323374142345606,12948962304,8.733119,3.11,0.3401889,
2023-10-03,50.400001525878906,53.5,50.400001525878906,53.20000076293945,53.20000076293945,8931799,0,47.8375,44.17499992370605,48.34251127471382,44.440757888291095,37.741039870518605,68.84828338127214,2.430478689056571,2.164044092938841,0.2664345961177297,55.08304134623708,47.8375,40.591958653762916,2.3819569267582916,41.741390973561366,27.18502068485019,218051988.0,91.94815335689678,-8.08822498189421,46.55669134194093,0.028180466952814724,12948962304,8.733119,3.11,0.3401889,
2023-10-04,52.95000076293945,54.900001525878906,51.599998474121094,52.900001525878906,52.900001525878906,12615551,0,48.20250015258789,44.50699996948242,48.776557965300974,44.77249293290238,37.891875309875424,67.56220321241241,2.4949299222842285,2.2302212588079184,0.26470866347631006,55.691790551465374,48.20250015258789,40.7132097537104,2.447531649972543,57.930024061440655,37.536817912905924,205436437.0,96.7811475698864,-14.08450628551933,46.61995450203261,-0.00782584721190172,12948962304,8.733119,3.11,0.3401889,
2023-10-05,53.349998474121094,55.349998474121094,53.150001525878906,54.150001525878906,54.150001525878906,8784662,0,48.62250022888183,44.845,49.28831449487983,45.14023836792107,38.05364771003466,70.07087311156114,2.6167087526217543,2.3075187575706857,0.3091899950510686,56.44908783394579,48.62250022888183,40.79591262381788,2.4477077427060894,78.46086458984468,59.37742654161559,214221099.0,107.01280120664674,-8.823507962339958,46.67050108933839,-0.008519593865338411,12948962304,8.733119,3.11,0.3401889,
2023-10-06,54.20000076293945,54.5,52.150001525878906,52.54999923706055,52.54999923706055,4793677,0,48.895000267028806,45.13,49.59895113699228,45.43081722553438,38.197890013786164,63.320443790994965,2.55466396414716,2.3569477988859804,0.19771616526117963,56.868700526618454,48.895000267028806,40.92130000743916,2.4407285092357327,63.64604134443622,66.67897666524054,209427422.0,78.02999585024995,-20.817842917254232,46.693640673883586,-0.03948202332000794,12948962304,8.733119,3.11,0.3401889,
2023-10-09,50.900001525878906,51.5,49.900001525878906,50.150001525878906,50.150001525878906,4458358,0,49.09500026702881,45.33800003051758,49.65143212641005,45.61588327652829,38.31681649649355,54.79342499513156,2.285487586368845,2.342655756382553,-0.05716817001370833,56.983466394479635,49.09500026702881,41.20653413957798,2.4556763093747263,44.074175044810694,62.060360326363885,204969064.0,26.090347067768935,-64.19750528170839,46.70646074919239,-0.05112401855197081,12948962304,8.733119,3.11,0.3401889,
2023-10-10,50.599998474121094,51.650001525878906,50.20000076293945,50.5,50.5,2723584,0,49.375000190734866,45.54200004577637,49.732248114371,45.80741726568404,38.4380422029961,55.72970488243055,2.0764690765138027,2.2894184204088033,-0.21294934389500053,57.04243131055043,49.375000190734866,41.707569070919305,2.38741371584796,21.248150436555296,42.989455608600764,207692648.0,27.85142099811508,-62.580625472530244,46.714795401670756,-0.05301699821817057,12948962304,8.733119,3.11,0.3401889,
2023-10-11,51.0,51.849998474121094,50.70000076293945,51.0,51.0,2955333,0,49.707500267028806,45.719000015258786,49.85298638919281,46.01104796114741,38.563036807941415,57.096749908736555,1.9289307103708069,2.217320878401204,-0.2883901680303973,57.0440710735981,49.707500267028806,42.370929460459514,2.313312627153184,11.926593517764147,25.74963966637674,210647981.0,32.734046970672715,-73.72881629897928,46.72468614674944,-0.05468947521409415,12948962304,8.733119,3.11,0.3401889,
2023-10-12,51.099998474121094,54.900001525878906,51.04999923706055,54.150001525878906,54.150001525878906,12422220,0,50.35250034332275,45.96300003051758,50.26222592602006,46.33022261074473,38.7181309842393,64.52827790917627,2.042638030011261,2.1823843087232158,-0.13974627871195455,56.81798347606272,50.35250034332275,43.88701721058278,2.4266475484907355,38.73087400712825,23.96853932048259,223070201.0,87.63705695887539,-20.338939216331568,46.785911620384965,0.014480743049565594,12948962304,8.733119,3.11,0.3401889,
2023-10-13,54.099998474121094,54.25,52.25,52.54999923706055,52.54999923706055,4150552,0,50.87250022888183,46.18,50.4801090985001,46.57413541961986,38.85576151411812,58.943353617214264,1.9808115248664393,2.1420697519518606,-0.16125822708542126,56.18573610952779,50.87250022888183,45.55926434823588,2.39617272359854,52.72780792207763,34.46175848232337,218919649.0,75.1942291762915,-47.45763259795856,46.80504299902535,-0.012511103468913449,12948962304,8.733119,3.11,0.3401889,
2023-10-16,52.0,53.599998474121094,50.75,51.29999923706055,51.29999923706055,3977006,0,51.34250011444092,46.39299995422363,50.5581938736011,46.75946341246067,38.97958477504292,54.942525221941175,1.810083504882705,2.0756725025380294,-0.2655889976553243,54.70141071744895,51.34250011444092,47.98358951143288,2.4285888486358655,53.80139109270792,48.42002434063796,214942643.0,22.941842418442786,-68.64408149489638,46.81993995717266,-0.02248062843138433,12948962304,8.733119,3.11,0.3401889,
2023-10-17,51.79999923706055,52.349998474121094,50.349998474121094,50.54999923706055,50.54999923706055,3019399,0,51.51500015258789,46.583999938964844,50.55741343202581,46.908111876170466,39.09471327715255,52.63408774623236,1.5958654435862414,1.9797110907476718,-0.38384564716143044,54.28792331792549,51.51500015258789,48.742076987250286,2.397975359447589,26.933263831138913,44.487487615308176,211923244.0,-35.735819278666156,-81.35595083305908,46.82941396024808,-0.1180175668205397,12948962304,8.733119,3.11,0.3401889,
2023-10-18,50.849998474121094,51.25,48.20000076293945,48.45000076293945,48.45000076293945,4076080,0,51.48500022888184,46.734999923706056,50.3567074635414,46.96857810702415,39.187800714822075,46.71556277689729,1.2423230335968896,1.8322334793175155,-0.5899104457206259,54.37448136710953,51.48500022888184,48.59551909065414,2.444548493562801,10.510393376157394,30.415016100001434,207847164.0,-145.55131068549954,-96.50349538421483,46.83680319797312,-0.16147671791474297,12948962304,8.733119,3.11,0.3401889,
2023-10-19,48.400001525878906,50.599998474121094,48.349998474121094,50.04999923706055,50.04999923706055,5676617,0,51.430000114440915,46.90999992370605,50.32749715625751,47.0894181513393,39.29588229215778,51.216515720871556,1.0788087954029635,1.681548542534605,-0.6027397471316416,54.38404851298199,51.430000114440915,48.47595171589984,2.4306521725940295,12.901817368552798,16.781824858616393,213523781.0,-117.23129331691865,-74.1258871841603,46.84854153400238,-0.19938639711140235,12948962304,8.733119,3.11,0.3401889,
2023-10-20,50.150001525878906,51.099998474121094,49.20000076293945,49.70000076293945,49.70000076293945,3776410,0,51.32750015258789,47.02999992370606,50.26773559498912,47.191793940029505,39.399405859031226,50.21723354940148,0.9104851260003102,1.5273358592277462,-0.616850733227436,54.37093185678161,51.32750015258789,48.284068448394166,2.3927482824931445,20.69587448063506,14.702695075115109,209747371.0,-87.61257850728471,-79.02097230528898,46.8572140597366,-0.18866552226611086,12948962304,8.733119,3.11,0.3401889,
2023-10-23,49.849998474121094,50.099998474121094,45.0,45.29999923706055,45.29999923706055,4781024,0,51.03250007629394,47.06599990844727,49.79461784661497,47.117605912462096,39.45811823095192,39.72413182530218,0.41723443564605844,1.3053155745114087,-0.8880811388653502,55.05459885634674,51.03250007629394,47.01040129624114,2.586123296180855,20.812634567834994,18.136775472340975,204966347.0,-216.36201067740149,-97.10145621943174,46.857015416443474,-0.20207479696417385,12948962304,8.733119,3.11,0.3401889,
2023-10-25,45.599998474121094,46.650001525878906,43.400001525878906,44.349998474121094,44.349998474121094,3753496,0,50.632500076293944,47.077999877929685,49.27608266828222,47.00907228742911,39.50679365625708,37.883540099990206,-0.04975388045738072,1.0343016835176508,-1.0840555639750316,55.54384243082963,50.632500076293944,45.72115772175826,2.6335430607393655,14.653762325437887,18.720757124636005,201212851.0,-252.89254348449523,-92.05023271255371,46.85142382192573,-0.1988533097339416,12948962304,8.733119,3.11,0.3401889,
2023-10-26,44.25,45.349998474121094,42.45000076293945,44.849998474121094,44.849998474121094,3193466,0,50.295000076293945,47.11499984741211,48.854550840266874,46.92440272612291,39.55995987335025,39.47311896453179,-0.375174881615834,0.7524063704909538,-1.1275812521067878,55.78735048839629,50.295000076293945,44.8026496641916,2.6525755357709566,14.643047681973078,16.703148191748678,204406317.0,-223.8770815335692,-80.72291113165362,46.84534440338631,-0.16037808354837751,12948962304,8.733119,3.11,0.3401889,
2023-10-27,45.29999923706055,46.849998474121094,45.25,45.54999923706055,45.54999923706055,3620822,0,50.08500003814697,47.1789998626709,48.53983163996151,46.87050455008125,39.61956225507871,41.7216347273845,-0.570018341529817,0.48792142808679967,-1.0579397696166166,55.9529736714779,50.08500003814697,44.217026404816046,2.6059629975016025,25.22855401910661,18.17512134217255,208027139.0,-137.28533797059336,-75.10041538833462,46.84283418265097,-0.1575212176637771,12948962304,8.733119,3.11,0.3401889,
2023-10-30,45.79999923706055,46.5,44.599998474121094,46.349998474121094,46.349998474121094,1222970,0,49.89499988555908,47.24999984741211,48.33127610035766,46.85009254710242,39.686531769696046,44.26972365486972,-0.6523599354686525,0.25986515537570926,-0.9122250908443617,55.9841637548853,49.89499988555908,43.80583601623286,2.5555371780999816,38.18805508114024,26.019885594073333,209250109.0,-117.69582609178572,-68.67471909888583,46.841930582633516,-0.13448578230168173,12948962304,8.733119,3.11,0.3401889,
2023-10-31,46.45000076293945,47.599998474121094,46.099998474121094,46.45000076293945,46.45000076293945,2736822,0,49.70249996185303,47.338999862670896,48.152107020603545,46.834402673213674,39.75382996863379,44.59582662158479,-0.7014608884726101,0.06759994660604537,-0.7690608350786555,55.96911712273221,49.70249996185303,43.43588280097385,2.480141665378554,54.82948568460174,39.41536492828289,211986931.0,-81.6191025444408,-67.87148791261923,46.84168422730685,-0.14126620578711244,12948962304,8.733119,3.11,0.3401889,
2023-11-01,46.599998474121094,46.70000076293945,45.099998474121094,45.25,45.25,1167332,0,49.304999923706056,47.39999984741211,47.87571587578416,46.772269235048434,39.80851822765236,41.460690851820615,-0.8276629964056639,-0.11145264199629648,-0.7162103544093674,55.641948269010534,49.304999923706056,42.96805157840158,2.417274567052826,61.00641876994086,51.34131984522764,210819599.0,-94.80683246233367,-77.51004766686083,46.8407133658787,-0.23975235521032523,12948962304,8.733119,3.11,0.3401889,
2023-11-02,45.70000076293945,46.099998474121094,45.0,45.599998474121094,45.599998474121094,1196419,0,48.93999977111817,47.46599983215332,47.65898088514958,46.72629783265913,39.86614489677145,42.725408125036104,-0.8891871286580155,-0.2669995393286403,-0.6221875893293752,55.247504327585965,48.93999977111817,42.63249521465037,2.323183417557702,55.124070717523075,56.986658390688575,212016018.0,-86.16645753560728,-73.30510241654622,46.83961986607865,-0.2391824191005538,12948962304,8.733119,3.11,0.3401889,
2023-11-03,46.25,51.70000076293945,46.25,50.349998474121094,50.349998474121094,5918722,0,48.749999618530275,47.60699981689453,47.91526827457544,46.86840374016744,39.970461847789856,56.47035642037176,-0.5483392308083452,-0.3232674776245813,-0.22507175318376393,54.6329418339102,48.749999618530275,42.86705740315035,2.59295619407632,56.22938803555817,57.45329250767406,217934740.0,12.656336095589307,-29.14798804613903,46.85058615057187,-0.20025241901407775,12948962304,8.733119,3.11,0.3401889,
2023-11-06,52.099998474121094,55.5,52.099998474121094,54.79999923706055,54.79999923706055,14896832,0,48.86249961853027,47.83199981689453,48.57095693766926,47.179446700829914,40.11801943375275,64.9553889354832,0.07994153897569589,-0.24262567430452586,0.32256721328022175,55.1067676914255,48.86249961853027,42.61823154563504,2.775602289205076,69.2175162620706,60.19032500505063,232831572.0,129.5409468570949,-5.363990834202724,46.92726959033442,-0.04479904859685355,12948962304,8.733119,3.11,0.3401889,
2023-11-07,55.0,56.79999923706055,53.0,54.5,54.5,8508983,0,49.07999954223633,48.069999847412106,49.13562770551028,47.466527222366,40.26112371799402,64.04897755603241,0.547341729565467,-0.08463219353052728,0.6319739230959943,55.775252246717066,49.07999954223633,42.38474683775559,2.8487734997661813,84.94256507816557,70.1298231252648,224322589.0,131.68382798623173,-16.027870952100688,46.974136746027625,-0.029280684572627988,12948962304,8.733119,3.11,0.3401889,
2023-11-08,54.79999923706055,54.79999923706055,53.25,53.95000076293945,53.95000076293945,3200883,0,49.2524995803833,48.29299987792969,49.59413942526544,47.72078108670221,40.39733144978452,62.331679759980155,0.8634263644835087,0.10497951807227993,0.7584468464112288,56.25589060488969,49.2524995803833,42.24910855587691,2.7560039095729216,83.22975828185137,79.12994654069587,221121706.0,104.69440639586225,-19.86061865623752,46.98990204385691,-0.015479248270493535,12948962304,8.733119,3.11,0.3401889,
2023-11-09,53.95000076293945,55.20000076293945,53.599998474121094,53.79999923706055,53.79999923706055,2049263,0,49.39249954223633,48.51799987792969,49.99469750257926,47.95918179848097,40.53069132826487,61.84465186825373,1.0892654710929577,0.3018367086764155,0.7874287624165421,56.637793529856324,49.39249954223633,42.147205554616335,2.6734323652333103,75.97330925485676,81.38187753829125,219072443.0,100.87955305360886,-20.905925567938034,47.00024508061935,-0.016952812570055324,12948962304,8.733119,3.11,0.3401889,
2023-11-10,53.45000076293945,55.599998474121094,52.5,54.70000076293945,54.70000076293945,3539116,0,49.419999504089354,48.7639998626709,50.442821622613565,48.22352764022444,40.671679481843725,63.678410217782776,1.3255866538788155,0.5065866977168955,0.81899995616192,56.74109291915496,49.419999504089354,42.09890608902375,2.7039013730110093,67.57687887918574,75.59331547196466,222611559.0,99.89384923051396,-14.634137264253011,47.01820275112103,-0.09093667553712169,12948962304,8.733119,3.11,0.3401889,
2023-11-13,54.95000076293945,54.95000076293945,53.599998474121094,53.849998474121094,53.849998474121094,2035061,0,49.48499946594238,48.99599983215332,50.76731465609047,48.44417355527921,40.80280703400569,60.7107523469541,1.4278257267098198,0.6908345035154804,0.7369912231943394,56.93799264460369,49.48499946594238,42.03200628728107,2.6071942955686773,52.75949552097325,65.43656121833861,220576498.0,94.20251747743116,-20.557498791790874,47.02829942119026,-0.07355070297855082,12948962304,8.733119,3.11,0.3401889,
2023-11-15,54.20000076293945,59.75,54.20000076293945,58.900001525878906,58.900001525878906,21281150,0,49.8649995803833,49.33799987792969,51.541856262736985,48.854206024714486,40.9828786209895,69.7351203840085,1.8945052924388932,0.9315686613001629,0.9629366311387303,58.35258550908889,49.8649995803833,41.377413651677706,2.842394812019408,58.330130230743805,59.555501543634286,241857648.0,146.64291856376624,-4.913286194257182,47.18312572790208,0.11187031143586977,12948962304,8.733119,3.11,0.3401889,
2023-11-16,59.20000076293945,59.45000076293945,56.900001525878906,57.150001525878906,57.150001525878906,5239300,0,50.19499969482422,49.60899993896484,52.075965335417166,49.17953133848564,41.14374551556552,64.22947132834635,2.0989464873270407,1.1650442265055385,0.9339022608215022,59.25722460696808,50.19499969482422,41.13277478268036,2.821509413808061,61.26971803957153,57.453114597096224,236618348.0,129.7166657028621,-17.16170437131529,47.22132819447263,0.09179772214321671,12948962304,8.733119,3.11,0.3401889,
2023-11-17,57.0,58.150001525878906,56.29999923706055,56.95000076293945,56.95000076293945,2855351,0,50.619999694824216,49.835999984741214,52.54015918565739,49.48425562964069,41.30102168718118,63.61135544055704,2.2192471177618813,1.375884804756807,0.8433623130050742,60.10253226739538,50.619999694824216,41.13746712225305,2.752116047737368,71.26438535492997,63.62141120841513,233762997.0,102.24145320873026,-18.481841287458938,47.240667144527634,0.11833565752336574,12948962304,8.733119,3.11,0.3401889,
2023-11-20,56.95000076293945,57.400001525878906,55.900001525878906,56.20000076293945,56.20000076293945,1770613,0,50.927499771118164,50.045,52.888715526350914,49.7476181838877,41.44927023519868,61.23163621953754,2.2283801231708082,1.5463838684396074,0.6819962547312008,60.71026528409314,50.927499771118164,41.14473425814319,2.662679187184699,55.93124081359289,62.82178140269816,231992384.0,82.15614974794903,-24.067791437698624,47.251856115181084,0.08214184028743698,12948962304,8.733119,3.11,0.3401889,
2023-11-21,56.5,58.150001525878906,55.25,55.599998474121094,55.599998474121094,3264370,0,51.22249965667724,50.215,53.146932949948074,49.97712329330862,41.59007350125761,59.31973010478395,2.162277536013704,1.6695626019544267,0.49271493405927735,61.19343238209622,51.22249965667724,41.25156693125827,2.679630782805714,42.96031927085502,56.718648479792655,228728014.0,71.95955744776194,-28.13560356528072,47.27204331764891,0.07543368498597092,12948962304,8.733119,3.11,0.3401889,
2023-11-22,55.349998474121094,55.849998474121094,53.70000076293945,54.349998474121094,54.349998474121094,2329831,0,51.67499961853027,50.378999938964846,53.26151061891693,50.14860859451696,41.71703792884829,55.436206154163244,1.9861313205941613,1.7328763456823737,0.2532549749117876,61.34668623873643,51.67499961853027,42.00331299832411,2.64179984911828,26.26864832166164,41.720069468703215,226398183.0,43.36639832154005,-36.61017983646716,47.283703627635546,0.11256660408190088,12948962304,8.733119,3.11,0.3401889,
2023-11-23,54.650001525878906,56.150001525878906,54.349998474121094,55.45000076293945,55.45000076293945,2669737,0,52.229999732971194,50.58999992370605,53.46993825168098,50.35650632661196,41.85368432520741,58.03957079848967,1.9132405216316641,1.7689491808722317,0.1442913407594324,61.41849362186793,52.229999732971194,43.04150584407446,2.5816715064496747,25.285110475918316,31.504692689478357,229067920.0,49.15278022041138,-31.85184620044849,47.29825783249356,0.1371026915800163,12948962304,8.733119,3.11,0.3401889,
2023-11-24,55.45000076293945,57.25,53.54999923706055,54.25,54.25,2247763,0,52.69999980926514,50.787999954223636,53.54422984675898,50.50919235301933,41.97703074983221,54.31203728706766,1.7386024784307637,1.762879840383938,-0.024277361953174426,61.271348370551294,52.69999980926514,44.12865124797898,2.661552167627516,21.949181431052832,24.50098007621096,226820157.0,40.42429454459061,-71.89541049624962,47.31001385796866,0.10048340230083101,12948962304,8.733119,3.11,0.3401889,
2023-11-28,54.400001525878906,54.849998474121094,53.150001525878906,53.900001525878906,53.900001525878906,2523150,0,53.117499923706056,51.04099998474121,53.57811286381802,50.64216526175892,42.095667274967006,53.23807502618103,1.554044560854237,1.7211127844779979,-0.16706822362376084,61.04430823249588,53.117499923706056,45.19069161491623,2.5928696519571353,23.181078757536074,23.471790221502435,224297007.0,16.65814414928497,-80.6896341258082,47.321375454336746,0.12338900106214162,12948962304,8.733119,3.11,0.3401889,
2023-11-29,54.20000076293945,56.650001525878906,53.79999923706055,54.29999923706055,54.29999923706055,4124397,0,53.51499996185303,51.28399993896485,53.64686394698398,50.78560973137859,42.21710341389331,54.34908623448137,1.4236466415839288,1.661619555899184,-0.23797291431525514,60.81719898640591,53.51499996185303,46.212800937300145,2.611236268875794,19.422045140006365,21.517435109531785,228421404.0,32.26469293335602,-75.17242431640625,47.34250719414014,0.07993745880540853,12948962304,8.733119,3.11,0.3401889,
2023-11-30,54.54999923706055,55.150001525878906,53.20000076293945,54.75,54.75,2549937,0,53.929999923706056,51.54099990844727,53.751924523461696,50.94107601642257,42.34180885256104,55.62638158443273,1.3411566330273317,1.5975269713248135,-0.2563703382974818,60.48403783964344,53.929999923706056,47.37596200776867,2.5640051613089123,27.35770088420374,23.32027492724875,230971341.0,11.7558356184622,-68.96551724137932,47.354568874756566,0.1118366949427334,12948962304,8.733119,3.11,0.3401889,
2023-12-01,55.400001525878906,56.400001525878906,53.599998474121094,53.849998474121094,53.849998474121094,4132616,0,54.35999984741211,51.67599990844727,53.76126489971497,51.05515140692055,42.456318202029294,52.46466155283742,1.1894488791533107,1.5159113528905128,-0.32646247373720216,59.570432994212275,54.35999984741211,49.14956670061195,2.580862153483834,28.048735101740814,24.942827041983666,226838725.0,7.526012379179415,-81.3793313914332,47.37472300810522,0.08300122171685394,12948962304,8.733119,3.11,0.3401889,
2023-12-04,54.45000076293945,54.849998474121094,53.75,54.150001525878906,54.150001525878906,2146119,0,54.7875,51.77799995422363,53.79828743554011,51.17651807825225,42.572673259978046,53.41516623475609,1.0809664222223958,1.4289223667568893,-0.3479559445344935,58.115995621511615,54.7875,51.45900437848839,2.4750861763864953,28.2229662583034,27.876467414749346,228984844.0,-35.44278998612305,-84.84848134554808,47.384617546718104,0.0750565074651984,12948962304,8.733119,3.11,0.3401889,
2023-12-05,54.45000076293945,55.400001525878906,53.20000076293945,54.5,54.5,3530171,0,54.99500007629395,51.844999923706055,53.86511720358391,51.30685070263451,42.69135312803797,54.55681264828529,1.0115744448164108,1.3454527823687936,-0.33387833755238283,57.63789721151091,54.99500007629395,52.352102941076986,2.455437218283135,27.775220065755757,28.01564047526669,232515015.0,-49.99439614779787,-79.54547293587261,47.40110689011752,0.052237675988586335,12948962304,8.733119,3.11,0.3401889,
2023-12-06,54.95000076293945,59.900001525878906,54.79999923706055,57.54999923706055,57.54999923706055,16840370,0,55.132500076293944,51.96099990844726,54.2160583496293,51.55168005692573,42.83920035300336,63.05396121266577,1.1889843794938528,1.3141591017938055,-0.12517472229995263,57.997335035620935,55.132500076293944,52.26766511696695,2.6657632402542615,43.7259668371741,33.24138438707778,249355385.0,127.34636751322107,-34.81484872323495,47.51268681116727,-0.02566092834169632,12948962304,8.733119,3.11,0.3401889,
2023-12-07,58.900001525878906,58.900001525878906,57.25,58.04999923706055,58.04999923706055,4831214,0,55.310000038146974,52.09799987792969,54.581195577003704,51.80651610320553,42.99055158568055,64.23461427229175,1.3543171274093027,1.322190706916905,0.03212642049239767,58.425060775863464,55.310000038146974,52.194939300430484,2.593208832084593,58.33150020811215,43.27756237034737,254186599.0,136.76215173018264,-27.407441315827544,47.54631054353694,-0.009016741514794868,12948962304,8.733119,3.11,0.3401889,
2023-12-08,58.45000076293945,59.04999923706055,55.29999923706055,56.150001525878906,56.150001525878906,3787894,0,55.420000076293945,52.17399993896484,54.73060566737277,51.976848864878995,43.121491386080535,56.805870316687425,1.3168507492156465,1.3211227153766534,-0.00427196616100689,58.49024506004671,55.420000076293945,52.34975509254118,2.6758367726499794,60.44774292359505,54.168403322960465,250398705.0,63.705388576804694,-55.55555555555555,47.56945059072996,-0.027744291385567624,12948962304,8.733119,3.11,0.3401889,
2023-12-11,56.400001525878906,57.900001525878906,56.150001525878906,57.150001525878906,57.150001525878906,3208327,0,55.587500190734865,52.285,54.96102432056383,52.17971759668291,43.26107855165067,59.46309605717004,1.3522619828335465,1.327350568868032,0.02491141396551444,58.65146487169947,55.587500190734865,52.52353550977026,2.6097055746035522,58.45770478611603,59.07898263927444,253607032.0,67.34393857587708,-40.74074074074074,47.589451482025844,-0.006381833132658461,12948962304,8.733119,3.11,0.3401889,
2023-12-12,57.29999923706055,61.29999923706055,57.29999923706055,58.25,58.25,12093106,0,55.76500015258789,52.455,55.27426009955775,52.41776788700907,43.41022204864917,62.21657531232423,1.4523445998961577,1.3523493750736573,0.09999522482250045,59.008779525536646,55.76500015258789,52.52122077963913,2.719726441501987,52.020673496186156,56.975373735299115,265700138.0,141.22281806729373,-37.42331403205189,47.67892152545669,-0.08156450925708338,12948962304,8.733119,3.11,0.3401889,
2023-12-13,58.79999923706055,59.0,56.79999923706055,57.650001525878906,57.650001525878906,3800091,0,55.95500030517578,52.605,55.500521187778816,52.62295351990593,43.551911396681305,59.82937720410961,1.4663428449595273,1.3751480690508313,0.09119477590869596,59.17290399207948,55.95500030517578,52.737096618272076,2.68260317874752,50.39962272750722,53.62600033660317,261900047.0,79.85298315638013,-44.785260567299474,47.70394815894243,-0.07622692860194273,12948962304,8.733119,3.11,0.3401889,
2023-12-14,58.099998474121094,58.400001525878906,56.95000076293945,57.25,57.25,1839310,0,55.87250022888183,52.74400001525879,55.667138217514164,52.80440632304687,43.68821078576905,58.22542575548278,1.4286907175748595,1.385856598755637,0.0428341188192225,58.8605560335426,55.87250022888183,52.884444424221066,2.594560149046944,41.581217447916686,48.000504557203385,260060737.0,66.65065734745062,-49.693256128207565,47.715679016434315,-0.278163045971969,12948962304,8.733119,3.11,0.3401889,
2023-12-15,57.70000076293945,58.5,56.5,56.75,56.75,2553063,0,55.85250015258789,52.815,55.77026791108425,52.95913548684895,43.81817883765195,56.19734351331961,1.343023771987724,1.3772900334020544,-0.03426626141433031,58.81129665394659,55.85250015258789,52.893703651229195,2.5520915669721624,27.772392838432207,39.917744337952065,257507674.0,55.48409043708609,-55.8282271762854,47.73144717199464,-0.2595105214471658,12948962304,8.733119,3.11,0.3401889,
2023-12-18,56.5,58.25,55.79999923706055,57.29999923706055,57.29999923706055,3452453,0,55.87000007629395,52.90299995422363,55.91595660879628,53.12936543783764,43.952326304312734,57.93310525009652,1.3044752634785581,1.3627270794173552,-0.058251815938797025,58.858545031468466,55.87000007629395,52.88145512111943,2.544799366684112,23.80773365812819,31.053781314825724,260960127.0,49.019570123321714,-49.38272535210604,47.7523898199084,-0.23825609455514532,12948962304,8.733119,3.11,0.3401889,
2023-12-19,57.650001525878906,59.0,56.79999923706055,58.25,58.25,6123094,0,55.972500038146975,52.984999923706056,56.13824645557759,53.33017463635381,44.09459171422007,60.82105076418121,1.3351911622488402,1.3572198959836521,-0.022028733734811956,59.13485293071143,55.972500038146975,52.81014714558252,2.5201708949880652,38.495231282220374,30.02511925959362,267083221.0,85.14691703401904,-37.65431866197349,47.79285144424257,-0.19228482060110152,12948962304,8.733119,3.11,0.3401889,
2023-12-20,58.5,60.0,52.45000076293945,52.849998474121094,52.849998474121094,11889932,0,55.83500003814697,52.990999908447264,55.82507998115316,53.311344198619196,44.18171018944297,42.82431975828839,0.9132711189104441,1.2684301405690106,-0.3551590216585665,59.27696205675499,55.83500003814697,52.393038019538956,2.8794443479932426,36.3777387751964,32.893567905181676,255193289.0,-46.56504365196814,-95.48025107177925,47.84835996246072,-0.25947131713404725,12948962304,8.733119,3.11,0.3401889,
2023-12-21,52.20000076293945,55.099998474121094,51.5,54.75,54.75,4640825,0,55.85500011444092,53.08299987792969,55.72269141151953,53.36776207318315,44.28686730198582,48.5885856876067,0.7238664076024932,1.159517393975707,-0.43565098637321387,59.26673011736556,55.85500011444092,52.44327011151628,2.9309124998595175,40.031927723502996,38.301632593639944,259834114.0,-101.20748913966332,-66.83673211208516,47.86590524979225,-0.20633944827453604,12948962304,8.733119,3.11,0.3401889,
2023-12-22,55.099998474121094,55.599998474121094,53.75,54.849998474121094,54.849998474121094,2280249,0,55.825,53.16999984741211,55.63957779843396,53.425888990866994,44.391973084793136,48.8806925342973,0.5752002994409366,1.042653975068753,-0.46745367562781626,59.260913612106165,55.825,52.38908638789384,2.853704355163916,27.648341445646896,34.686002648115455,262114363.0,-57.11725640472006,-65.81633943957422,47.87586601060834,-0.20879645125326787,12948962304,8.733119,3.11,0.3401889,
2023-12-26,55.20000076293945,56.70000076293945,55.099998474121094,56.04999923706055,56.04999923706055,2707844,0,55.91499996185303,53.27099983215332,55.678665554493634,53.52879527503145,44.507973345014705,52.37746615106713,0.5478955712931111,0.9437022943136245,-0.39580672302051345,59.274628261034216,55.91499996185303,52.55537166267184,2.782011350424948,43.72548122032018,37.13525012982338,264822207.0,-6.922104085465122,-53.571432742016285,47.88974917135859,-0.1885949846852162,12948962304,8.733119,3.11,0.3401889,
2023-12-27,56.400001525878906,57.599998474121094,55.79999923706055,56.75,56.75,2895320,0,56.05749988555908,53.322999801635746,55.78069740644662,53.655117028951786,44.62978455551207,54.33957969038033,0.5760996705423409,0.8701817695593678,-0.29408209901702687,59.303001182582335,56.05749988555908,52.81199858853583,2.7118676280417766,51.56861847522214,40.98081371372976,267717527.0,22.369213650243623,-46.428567257983715,47.90594774095571,-0.1832857127286505,12948962304,8.733119,3.11,0.3401889,
2023-12-28,57.150001525878906,57.29999923706055,55.900001525878906,56.150001525878906,56.150001525878906,1730971,0,56.15,53.39499984741211,55.81586922734493,53.752955636674415,44.74441358009283,52.34866097699342,0.5437685347474073,0.8048991225969757,-0.26113058784956844,59.293724413667974,56.15,53.00627558633202,2.618162633980338,63.84122031693389,53.045106670825426,265986556.0,6.470917714988227,-52.55100114402001,47.91531146429406,-0.17168352007577842,12948962304,8.733119,3.11,0.3401889,
2023-12-29,56.349998474121094,57.599998474121094,55.400001525878906,57.099998474121094,57.099998474121094,3164138,0,56.267499923706055,53.51099983215332,55.93816725084743,53.88421221853507,44.86735472331699,55.15055117325856,0.5880243127194404,0.7615241606214687,-0.17349984790202821,59.36851228759212,56.267499923706055,53.16648755981999,2.588293656427613,75.00241334255594,63.47075071157068,269150694.0,14.32324392211144,-42.857153978710095,47.93287481792377,-0.16832925551431796,12948962304,8.733119,3.11,0.3401889,
2024-01-01,57.29999923706055,57.95000076293945,56.599998474121094,57.25,57.25,2742019,0,56.4375,53.64499984741211,56.063103703147675,54.016203896239574,44.99056512408001,55.594538466621756,0.6279624449588752,0.73481181748895,-0.10684937253007476,59.357239064616714,56.4375,53.517760935383286,2.4998442730269517,79.560374530621,72.8013360633703,271892713.0,40.96614071568879,-41.326526044458355,47.94901849426921,-0.13654941053265524,12948962304,8.733119,3.11,0.3401889,
2024-01-02,57.20000076293945,58.599998474121094,55.79999923706055,57.25,57.25,3911029,0,56.59249992370606,53.82099983215332,56.17614144570504,54.143019429720376,45.11254955070608,55.59453846662177,0.6520967372267066,0.7182688014365013,-0.06617206420979471,59.33371821056888,56.59249992370606,53.85128163684323,2.5212839133150657,73.42135958764989,75.99471582027564,271892713.0,33.4785988265024,-32.35294117647059,47.97182529388118,-0.12669465302117267,12948962304,8.733119,3.11,0.3401889,
2024-01-03,57.29999923706055,58.79999923706055,57.0,57.29999923706055,57.29999923706055,4091967,0,56.73249988555908,53.96599983215332,56.28317552107223,54.26682255941999,45.2338177067892,55.76382719551911,0.6675626120484779,0.7081275635588966,-0.04056495151041872,59.31325125066473,56.73249988555908,54.15174852045343,2.4697635792968855,63.0444733796974,72.00873583265613,275984680.0,61.75872892424593,-31.764714858111212,47.99680863422996,-0.160155214084958,12948962304,8.733119,3.11,0.3401889,
2024-01-04,57.650001525878906,59.400001525878906,57.25,57.95000076293945,57.95000076293945,4454101,0,56.752499961853026,54.13099983215332,56.441920782202445,54.41126092034232,45.36034689142751,58.00524290473583,0.7239241728815315,0.7112868854234236,0.012637287458107993,59.36429594079773,56.752499961853026,54.14070398290832,2.4469234326241724,59.14827053968592,65.2047011690111,280438781.0,93.32362965279857,-24.117638083065255,48.025251334621565,-0.2165178345185999,12948962304,8.733119,3.11,0.3401889,
2024-01-05,58.20000076293945,60.849998474121094,58.04999923706055,58.900001525878906,58.900001525878906,10106085,0,56.795000076293945,54.40299987792969,56.676023710171634,54.5872899636967,45.495069823113596,61.107018428447276,0.8356157794338657,0.736152664225512,0.09946311520835371,59.515276701269194,56.795000076293945,54.0747234513187,2.479285881092563,60.3394991265055,60.8440810152963,290544866.0,158.5647765807722,-20.855585737680975,48.09590592583496,-0.24583524257362677,12948962304,8.733119,3.11,0.3401889,
2024-01-08,59.400001525878906,64.9000015258789,59.29999923706055,63.599998474121094,63.599998474121094,24503739,0,57.16749992370605,54.787999877929686,57.33544987816682,54.940729513125106,45.675218366904716,72.0902391514467,1.2885292929237124,0.8466279899651521,0.44190130295856034,61.170408414288346,57.16749992370605,53.16459143312376,2.730765461014523,70.28347663639158,63.25708210086103,315048605.0,298.25539984778067,-9.701514206898906,48.3136222221486,-0.06497421044655284,12948962304,8.733119,3.11,0.3401889,
2024-01-09,64.69999694824219,65.5,62.349998474121094,62.70000076293945,62.70000076293945,8860939,0,57.444999885559085,55.14499992370605,57.8463594862404,55.24501466017665,45.844619186765755,68.12306586362743,1.5568972790346223,0.9886818477790461,0.5682154312555762,62.11799713968839,57.444999885559085,52.77200263142978,2.760710894219122,71.38642716261036,67.33646764183584,306187666.0,257.8362934186812,-19.999994550432476,48.3957003167242,-0.12423143764096925,12948962304,8.733119,3.11,0.3401889,
2024-01-10,62.900001525878906,69.4000015258789,62.79999923706055,65.44999694824219,65.44999694824219,27267635,0,57.80499973297119,55.54299987792969,58.57051543500248,55.645210044022356,46.039697572452084,73.01044279025334,1.9687875931452723,1.1847029968522913,0.784084596292981,63.63637129842792,57.80499973297119,51.97362816751446,3.04208874198486,73.420922205928,71.69694200164334,333455301.0,266.9074789740028,-22.0670627984361,48.68148537489241,-0.1027067261425907,12948962304,8.733119,3.11,0.3401889,
2024-01-11,66.0,67.44999694824219,63.75,64.5999984741211,64.5999984741211,12151300,0,58.1524995803833,55.90799987792969,59.14475191491854,55.99637821775172,46.224377183413964,69.46526729824132,2.2012512077676547,1.388012639035364,0.8132385687322907,64.69096013683058,58.1524995803833,51.614039023936016,3.0890821852889547,64.08591452934293,69.63108796596045,321304001.0,185.66976041688028,-30.670943027197204,48.80139461437396,-0.13699290350892301,12948962304,8.733119,3.11,0.3401889,
2024-01-12,64.94999694824219,65.05000305175781,63.5,64.0999984741211,64.0999984741211,4969217,0,58.49499950408936,56.26099983215332,59.616680158652116,56.314167247413266,46.402244061928464,67.3922670053622,2.318409296628289,1.574091970553949,0.7443173260743401,65.5088350579747,58.49499950408936,51.48116395020403,2.979147961465302,57.5745484114668,65.02712838224593,316334784.0,128.62561607119576,-37.062950494309966,48.84683758741902,-0.1343291952587169,12948962304,8.733119,3.11,0.3401889,
2024-01-15,64.6500015258789,65.0,60.849998474121094,62.20000076293945,62.20000076293945,7417031,0,58.76749954223633,56.59999984741211,59.86271069239377,56.54498424802214,46.55943567089375,60.05779594820694,2.2322124343407594,1.705716063311311,0.5264963710294484,65.91125669835152,58.76749954223633,51.623742386121144,3.0627803589234164,40.34115390388697,54.000538948232254,308917753.0,80.95199990212227,-51.42857687813895,48.9074521591036,-0.13448530273234716,12948962304,8.733119,3.11,0.3401889,
2024-01-16,62.099998474121094,63.0,59.150001525878906,60.400001525878906,60.400001525878906,5230822,0,58.922499656677246,56.895999908447266,59.91388124796378,56.69616139617339,46.69715274407768,54.055684800679856,1.9956512790583432,1.7637031064607176,0.23194817259762557,66.06669081312184,58.922499656677246,51.778308500232654,3.119010224294679,25.16978364034036,41.02849531856473,303686931.0,36.98797451523927,-64.28571428571428,48.94423524121181,-0.15016669074160907,12948962304,8.733119,3.11,0.3401889,
2024-01-17,59.29999923706055,63.650001525878906,58.650001525878906,61.70000076293945,61.70000076293945,9060787,0,59.09499969482422,57.12299995422363,60.08398786843765,56.89239039094853,46.8464348139171,57.369374289901145,1.8912725207073322,1.7892169893100405,0.10205553139729173,66.33191157411297,59.09499969482422,51.85808781553547,3.253366636845059,20.881239012660746,28.79739218562938,312747718.0,42.71559212040907,-55.00000544956752,49.009982240451684,-0.1470107447196638,12948962304,8.733119,3.11,0.3401889,
2024-01-18,61.650001525878906,62.20000076293945,58.849998474121094,61.5,61.5,5094137,0,59.527499771118165,57.25699996948242,60.218846166681686,57.073080963852505,46.9922414326841,56.69192857956489,1.7719868512154164,1.7857709616911157,-0.013784110475699274,66.2343220834264,59.527499771118165,52.82067745880993,3.260269183414581,30.46181258693178,25.504278413310985,307653581.0,27.61066768698203,-58.08823673782853,49.04520305624542,-0.06148485080019995,12948962304,8.733119,3.11,0.3401889,
2024-01-19,62.0,63.25,60.400001525878906,61.20000076293945,61.20000076293945,3729397,0,59.849999809265135,57.390999984741214,60.31228946156338,57.234920955973564,47.13361217228863,55.6307643735605,1.6344042724324197,1.7554976238393765,-0.12109335140695676,66.21867247563588,59.849999809265135,53.48132714289439,3.2309641327507603,39.782597919806285,30.37521650646629,303924184.0,37.89216132361428,-60.29411310968179,49.07252151289196,-0.09858421179723058,12948962304,8.733119,3.11,0.3401889,
2024-01-23,60.54999923706055,61.5,58.20000076293945,58.70000076293945,58.70000076293945,4780724,0,60.04249992370605,57.48599998474121,60.15873815693253,57.29237506605066,47.248700615976695,47.629763340032675,1.3085557645832608,1.6661092519881533,-0.35755348740489246,66.01546093531172,60.04249992370605,54.069538912100384,3.2358952116300306,31.287668044406658,33.84402618371493,299143460.0,-17.836875652680103,-86.29031811494912,49.10139545208259,-0.12220836610805955,12948962304,8.733119,3.11,0.3401889,
2024-01-24,58.599998474121094,60.0,57.5,59.099998474121094,59.099998474121094,4886295,0,60.194999885559085,57.59199996948242,60.057905806188586,57.36326225852401,47.36662397774928,48.896203418478976,1.0702576825212518,1.546938938094773,-0.47668125557352115,65.90226610877146,60.194999885559085,54.487733662346706,3.1833312679421715,25.116005829604262,32.06209059793909,304029755.0,-38.36931485902162,-84.77367702233875,49.12904297423769,-0.11474937672449725,12948962304,8.733119,3.11,0.3401889,
2024-01-25,59.29999923706055,60.0,57.900001525878906,59.5,59.5,3200589,0,60.33249988555908,57.687999954223635,60.00477191988491,57.447055895444635,47.48735408742341,50.193312772648014,0.9032691908616286,1.418204988648144,-0.5149357977865154,65.82979584525657,60.33249988555908,54.83520392586159,3.1059503540978084,23.324382744873976,26.576018872961654,307230344.0,-36.274158897892896,-83.1932794659681,49.14756138949382,-0.10450396858374832,12948962304,8.733119,3.11,0.3401889,
2024-01-29,59.95000076293945,61.70000076293945,59.20000076293945,59.95000076293945,59.95000076293945,4544002,0,60.52249984741211,57.81,59.999555619223436,57.54521059613071,47.61136052200566,51.67922647931654,0.7980415822931377,1.2941723073771427,-0.496130725084005,65.68064539949826,60.52249984741211,55.364354295325946,3.0626681859479645,34.46918217100138,27.636523581826562,311774346.0,-10.808773251950972,-79.41176093455583,49.176749544310574,-0.10716903066789854,12948962304,8.733119,3.11,0.3401889,
2024-01-30,60.400001525878906,62.70000076293945,60.400001525878906,61.650001525878906,61.650001525878906,6190974,0,60.75,57.865,60.15674094366681,57.70618278945417,47.751048492193455,56.90932402394303,0.8421164047341634,1.2037611268485469,-0.3616447221143835,65.68061752073196,60.75,55.81938247926804,3.040334744094538,52.39967585284612,36.73108025624052,317965320.0,22.34040654640995,-65.12604206937363,49.22089752497624,-0.11266012594920485,12948962304,8.733119,3.11,0.3401889,
2024-01-31,61.95000076293945,62.29999923706055,60.75,61.0,61.0,2514738,0,60.9375,57.941999969482424,60.23705132998426,57.83535209182851,47.88287885545521,54.48119115227943,0.8151992190581936,1.1260487452904762,-0.31084952623228257,65.59935200706211,60.9375,56.2756479929379,2.9338822078778244,63.24136709841807,50.03674170742189,315450582.0,8.925704147158307,-70.58823906544417,49.23840379909436,-0.1230291731598004,12948962304,8.733119,3.11,0.3401889,
2024-02-01,61.29999923706055,61.599998474121094,59.400001525878906,59.650001525878906,59.650001525878906,2675458,0,61.05750007629395,57.99599998474121,60.18114182483137,57.906514814732446,47.99996465317087,49.734905191884785,0.6771280503615671,1.0362646063046943,-0.3591365559431272,65.44922676140057,61.05750007629395,56.66577339118733,2.8814618321895646,61.19124383426611,58.9440955951768,312775124.0,-38.90202378878765,-78.39193783613436,49.25523587681567,-0.1381777867554323,12948962304,8.733119,3.11,0.3401889,
2024-02-02,59.79999923706055,60.599998474121094,57.599998474121094,57.95000076293945,57.95000076293945,4498505,0,61.09000015258789,58.030999984741214,59.968652199889284,57.90822014603468,48.098969987596426,44.4799164362105,0.4256234778392809,0.9141363806116116,-0.4885129027723307,65.37842482162121,61.09000015258789,56.80157548355458,2.889928844176024,36.876269485831024,53.769626806171765,308276619.0,-100.51985849331363,-94.03972740335935,49.27956423414134,-0.14243490577529447,12948962304,8.733119,3.11,0.3401889,
2024-02-05,58.20000076293945,63.5,57.95000076293945,62.04999923706055,62.04999923706055,12763828,0,61.295000076293945,58.16,60.16687572723893,58.070642855486675,48.23778619903388,56.43532100531342,0.5507907311737625,0.8414672507240418,-0.2906765195502793,65.34899646037407,61.295000076293945,57.24100369221382,3.0799338722392045,39.58161608783709,45.883043135978106,321040447.0,-11.658946123855955,-39.333343505859375,49.36566118121321,-0.08872867172851744,12948962304,8.733119,3.11,0.3401889,
2024-02-06,62.54999923706055,64.0,61.45000076293945,62.70000076293945,62.70000076293945,7172725,0,61.48500003814697,58.327000045776366,60.40812573063898,58.252186302837764,48.38168883151055,57.980162407015435,0.6944313991706252,0.8120600804133585,-0.11762868124273329,65.42683825333502,61.48500003814697,57.543161822958915,3.0420813982978716,53.99134196636111,43.483075846676435,328213172.0,47.12473763133676,-19.99998826246995,49.41978206754707,-0.06662939627077535,12948962304,8.733119,3.11,0.3401889,
2024-02-07,63.150001525878906,65.0999984741211,62.5,62.900001525878906,62.900001525878906,5130599,0,61.45000019073486,58.47600006103516,60.64544723494755,58.43445356648644,48.52614965434009,58.468176474629416,0.815011112745438,0.8126502868797745,0.0023608258656635517,65.3280139507238,61.45000019073486,57.571986430745916,3.0105040465709587,75.25931545298647,56.27742450239492,333343771.0,75.88495903014403,-28.94733407820332,49.46049072027936,-0.19305253880715273,12948962304,8.733119,3.11,0.3401889,
2024-02-08,63.400001525878906,63.900001525878906,62.0,62.54999923706055,62.54999923706055,3158815,0,61.44250011444092,58.64200004577637,60.82683313991069,58.595847514352094,48.665690446207954,57.21584808244127,0.8722741118769974,0.8245750518792191,0.04769905999777835,65.31138432211178,61.44250011444092,57.57361590677005,2.931182437950098,72.11807809769977,67.12291183901581,330184956.0,50.558131956169454,-33.55262827675032,49.48422320615279,-0.1603563513045337,12948962304,8.733119,3.11,0.3401889,
2024-02-09,62.849998474121094,64.75,59.400001525878906,60.650001525878906,60.650001525878906,7344234,0,61.202500343322754,58.77700004577637,60.80999203381243,58.676402573627655,48.78493732262259,50.848694030382276,0.7556310702832221,0.8107862555600197,-0.055155185276797636,64.61592532123088,61.202500343322754,57.78907536541463,3.103955011962312,58.14299268342069,68.506795411369,322840722.0,9.443855162379096,-58.55260318005275,49.5340708017076,-0.17525812206045704,12948962304,8.733119,3.11,0.3401889,
2024-02-12,61.0,61.70000076293945,54.5,55.150001525878906,55.150001525878906,6950095,0,60.730000495910645,58.79400009155273,60.27094531877114,58.53811233646104,48.848271294794294,37.751964268446024,0.2168864528489749,0.6920062950178107,-0.47511984216883585,64.70195156986226,60.730000495910645,56.75804942195903,3.396529708460679,36.63145381433099,55.630841531817175,315890627.0,-191.44348971009546,-93.86790925049826,49.563478935957825,-0.1756039187410103,12948962304,8.733119,3.11,0.3401889,
2024-02-13,55.45000076293945,57.29999923706055,53.650001525878906,57.04999923706055,57.04999923706055,3795866,0,60.37750053405762,58.84000007629395,59.96418854908442,58.47975496001396,48.929880528050674,43.19504018651379,-0.05611177989383975,0.5423826800354806,-0.5984944599293204,64.34190150013546,60.37750053405762,56.41309956797977,3.4146345657978907,24.52955411309625,39.768000203616005,319686493.0,-204.87659951489744,-70.30568893117818,49.57708404071795,-0.13754370412692052,12948962304,8.733119,3.11,0.3401889,
2024-02-14,56.400001525878906,59.70000076293945,55.95000076293945,59.349998474121094,59.349998474121094,2730589,0,60.235000419616696,58.95000007629395,59.90569425623077,58.513882156645614,49.033563293683216,49.007792901213975,-0.08588411108188154,0.41672932181200817,-0.5026134328938897,64.13142192776468,60.235000419616696,56.33857891146872,3.43858923966947,29.059244245150865,30.0734173908594,322417082.0,-89.2945040787801,-50.21835399600473,49.590378002273226,-0.09802122107100088,12948962304,8.733119,3.11,0.3401889,
2024-02-15,59.5,60.04999923706055,58.5,58.79999923706055,58.79999923706055,2002069,0,60.15500030517578,59.043000030517575,59.800389968690745,58.52510243430895,49.1307417607815,47.74949505701171,-0.15210585829008494,0.30296228579158957,-0.4550681440816745,64.09998460193643,60.15500030517578,56.21001600841513,3.3036899537688322,42.480674713437814,32.023157690561675,320415013.0,-49.973390609471835,-55.02184206282892,49.600970528497,-0.0951782553199911,12948962304,8.733119,3.11,0.3401889,
2024-02-16,58.900001525878906,60.900001525878906,58.900001525878906,59.29999923706055,59.29999923706055,3018123,0,60.035000228881835,59.13900001525879,59.75273370853549,58.555490544220774,49.231928402336514,49.030702798844025,-0.1623695535866574,0.20989591791594017,-0.3722654715025976,63.93039508830806,60.035000228881835,56.13960536945561,3.217712263415227,55.97800889820204,42.505975952263604,323433136.0,-21.94473596431618,-50.65502867187198,49.617870502315604,-0.1407106016686419,12948962304,8.733119,3.11,0.3401889,
2024-02-19,59.5,60.400001525878906,59.099998474121094,59.45000076293945,59.45000076293945,2411957,0,59.93250026702881,59.17700004577637,59.723901999431106,58.59056937632739,49.33360076413356,49.43131216891911,-0.1565946113291119,0.13659781206692975,-0.2931924233960417,63.77584206177975,59.93250026702881,56.089158472277866,3.080733034011126,65.52756175139146,54.66208178767713,325845093.0,-21.571814696130826,-49.34497132812802,49.63126886465358,-0.18836706819646945,12948962304,8.733119,3.11,0.3401889,
2024-02-20,59.70000076293945,61.849998474121094,59.29999923706055,59.95000076293945,59.95000076293945,3019247,0,59.87000026702881,59.21500007629395,59.74543521500333,58.64388041109649,49.4392365850172,50.81892866305909,-0.11039949005805028,0.08719835164193374,-0.197597841699984,63.66926347235228,59.87000026702881,56.07073706170534,3.0428234770860847,72.66097985667095,64.72218350208817,328864340.0,12.730662367309229,-44.97815793717109,49.649186484945815,-0.1881309047127731,12948962304,8.733119,3.11,0.3401889,
2024-02-21,60.20000076293945,60.650001525878906,58.099998474121094,58.599998474121094,58.599998474121094,2062772,0,59.86500015258789,59.26400001525879,59.63634600158598,58.642159550822946,49.530388444610274,47.06380704159104,-0.18064110765674002,0.03363045978219898,-0.214271567438939,63.67066724806949,59.86500015258789,56.059333057106286,3.0076220181340654,53.70998642674388,63.96617601160212,326801568.0,-42.47164295108042,-56.768574082440125,49.659969848170604,-0.17073532198340757,12948962304,8.733119,3.11,0.3401889,
2024-02-22,58.79999923706055,58.900001525878906,57.0,58.099998474121094,58.099998474121094,1580931,0,59.81500015258789,59.282999954223634,59.490027189446465,58.62089833212875,49.6156581961477,45.71642442122015,-0.27350116580207384,-0.027795865334655584,-0.24570530046741826,63.68528473036996,59.81500015258789,55.94471557480583,2.9285062686872685,34.60345261627334,53.65813963322941,325220637.0,-87.86398997341165,-61.13538747339706,49.66724379657519,-0.1901309388998237,12948962304,8.733119,3.11,0.3401889,
2024-02-23,58.400001525878906,59.650001525878906,58.04999923706055,58.400001525878906,58.400001525878906,1625775,0,59.760000228881836,59.28599998474121,59.38621522148765,58.61223571227582,49.703064597438555,46.702368198264075,-0.3192060828321033,-0.08607790883414512,-0.23312817399795815,63.67760178469091,59.760000228881836,55.842398673072765,2.833613127268061,21.626580434380994,36.64667315913276,326846412.0,-55.75171048710452,-58.51527278590914,49.67533813012397,-0.224059444425061,12948962304,8.733119,3.11,0.3401889,
2024-02-26,58.849998474121094,59.25,57.54999923706055,58.5,58.5,2106809,0,59.687500190734866,59.30299995422363,59.30181377182216,58.60783431179441,49.79059629298643,47.04760864169869,-0.3434000160985988,-0.13754233028703586,-0.20585768581156297,63.64184931577684,59.687500190734866,55.733151065692894,2.7526408155303033,27.49141758389847,27.90715021151762,328953221.0,-61.044521139197634,-57.641923434174636,49.68549654987349,-0.20569920315788945,12948962304,8.733119,3.11,0.3401889,
2024-02-27,58.0,58.400001525878906,57.150001525878906,57.599998474121094,57.599998474121094,1369188,0,59.48500003814697,59.30999992370605,59.13973612442206,58.56831133776801,49.868301787326075,44.268273648713205,-0.4302369799404815,-0.19608126021772498,-0.2341557197227565,63.431403735288704,59.48500003814697,55.53859634100524,2.652452076858217,25.41072406462453,24.842907360968024,327584033.0,-83.33331478966691,-64.41443701590282,49.691545931534364,-0.23025338795879363,12948962304,8.733119,3.11,0.3401889,
2024-02-28,57.70000076293945,57.79999923706055,54.25,54.75,54.75,2876574,0,59.17250003814697,59.26999992370605,58.72166601733424,58.41857363824769,49.91687589889497,36.84539126144952,-0.7207189583226636,-0.3010087998387127,-0.41971015848395093,63.55524771924628,59.17250003814697,54.78975235704766,2.7165625883012403,18.87513630407304,23.925759317532037,324707459.0,-151.31308166747593,-90.0901024744673,49.70088130539305,-0.2338223072124227,12948962304,8.733119,3.11,0.3401889,
2024-02-29,55.25,56.79999923706055,53.5,56.5,56.5,2813675,0,59.01499996185303,59.253999938964846,58.51007877758813,58.343335456355625,49.98237962129403,43.149090904819396,-0.8004900928577285,-0.4009050584425159,-0.39958503441521265,63.54182024729298,59.01499996185303,54.488179676413075,2.758236634641191,24.82601327742283,23.03729121537349,327521134.0,-133.79190779785094,-64.07184972191537,49.70998405722304,-0.177699875730776,12948962304,8.733119,3.11,0.3401889,
2024-03-01,56.95000076293945,57.20000076293945,55.0,55.20000076293945,55.20000076293945,1711036,0,58.877499961853026,59.19299995422363,58.19483325238349,58.22006742916283,50.03429624956911,39.95837584219453,-0.957570093608183,-0.5122380654756493,-0.4453320281325337,63.68379541838474,58.877499961853026,54.07120450532131,2.7183626438053525,29.20165433487377,24.3009346387899,325810098.0,-112.78715862978711,-79.6407057054176,49.71569334498715,-0.15716212019281162,12948962304,8.733119,3.11,0.3401889,
2024-03-04,56.29999923706055,56.29999923706055,54.599998474121094,55.0,55.0,1335904,0,58.525,59.23599998474121,57.890563418823156,58.093790275078014,50.08370623713559,39.47475055013194,-1.0856804673809677,-0.626926545856713,-0.45875392152425465,63.382726009528305,58.525,53.66727399047169,2.6456225094577883,36.31931390898091,30.115660507092525,324474194.0,-116.76022114623287,-82.03592486095768,49.719777770741004,-0.2910474806079009,12948962304,8.733119,3.11,0.3401889,
2024-03-05,54.599998474121094,54.95000076293945,53.0,53.20000076293945,53.20000076293945,2210917,0,58.05,59.205,57.44384316588185,57.9018769608765,50.114714142864976,35.330241130087295,-1.3172690985937479,-0.76499505640412,-0.5522740421896278,63.03798547356327,58.05,53.06201452643673,2.5995066159250895,21.44804974950755,28.989672664454094,322263277.0,-153.60172592114736,-97.74010398392394,49.724610091319555,-0.34270332613419746,12948962304,8.733119,3.11,0.3401889,
2024-03-06,52.20000076293945,53.099998474121094,50.900001525878906,52.29999923706055,52.29999923706055,2285749,0,57.51999988555908,59.15400001525879,56.95395326789887,57.682195481511165,50.136458273155476,33.43975938235973,-1.5554965627354846,-0.923095357670393,-0.6324012050650917,62.58600397100972,57.51999988555908,52.453995800108444,2.5781132317204793,19.000369057206175,25.5892442385649,319977528.0,-181.59375216009568,-87.21462921132245,49.7275754829867,-0.285969172975955,12948962304,8.733119,3.11,0.3401889,
2024-03-07,52.70000076293945,56.95000076293945,52.150001525878906,55.5,55.5,4672590,0,57.16749992370605,59.14300003051758,56.81548152809898,57.596619188118574,50.18982684755194,44.75817039268317,-1.4691448391620696,-1.0323052539687283,-0.4368395851933413,61.741696433880065,57.16749992370605,52.59330341353204,2.7368193749590555,33.1349098147768,24.527776207163527,324650118.0,-82.6032323224637,-57.99086980695885,49.74065693132021,-0.22360326138354428,12948962304,8.733119,3.11,0.3401889,
2024-03-11,55.45000076293945,56.29999923706055,52.45000076293945,52.849998474121094,52.849998474121094,2343074,0,56.777499771118165,59.065,56.43781647533918,57.41047719933436,50.21629621697054,38.864281483587014,-1.596144096669967,-1.145073022508976,-0.4510710741609909,61.4269592568241,56.777499771118165,52.12804028541223,2.816332167756344,42.489801600591,31.541693490858012,322307044.0,-104.27395227300329,-82.19180372871956,49.745916788752325,-0.20588186846217107,12948962304,8.733119,3.11,0.3401889,
2024-03-12,53.0,53.25,50.0,51.25,51.25,2316251,0,56.58249969482422,58.96699996948242,55.94373871578307,57.168889858183995,50.226581826751925,35.79907618299538,-1.8050904690442735,-1.2770765118160354,-0.5280139572282381,61.78310293161226,56.58249969482422,51.38189645803618,2.847308441488034,41.07760858509111,38.90077333348633,319990793.0,-154.05036371370343,-88.26291247975345,49.748124522144714,-0.1187675849222981,12948962304,8.733119,3.11,0.3401889,
2024-03-13,51.400001525878906,52.45000076293945,46.25,46.849998474121094,46.849998474121094,3868143,0,56.072499656677245,58.761999969482424,55.077668216577166,56.76422745096584,50.19298398244714,29.02058507346048,-2.2992213330082834,-1.481505476054485,-0.8177158569537983,62.77372929821719,56.072499656677245,49.3712700151373,3.0867864644488496,18.60814336416884,34.05851784995034,316122650.0,-198.55442439187482,-95.5223999567288,49.74554154186378,-0.25083108160493656,12948962304,8.733119,3.11,0.3401889,
2024-03-14,46.25,52.25,46.25,50.70000076293945,50.70000076293945,3319233,0,55.63999977111816,58.63099998474121,54.660747506706905,56.52641463967069,50.19802892553661,39.76752380267775,-2.353036256572828,-1.6558116321581537,-0.6972246244146745,62.552495939478185,55.63999977111816,48.72750360275814,3.294873145559646,21.727286907719314,27.137679618993108,319441883.0,-146.26781881978846,-66.79104286409715,49.74551960883568,-0.2604108273028788,12948962304,8.733119,3.11,0.3401889,
2024-03-15,51.0,51.20000076293945,49.099998474121094,50.75,50.75,2225610,0,55.23749980926514,58.50099998474121,54.288295363211006,56.29988857536988,50.20352117503376,39.894801253476835,-2.364395174852781,-1.7975283406970792,-0.5668668341557019,62.302899913136194,55.23749980926514,48.17209970539408,3.2095252272209827,30.65745799629384,23.664296089394018,321667493.0,-117.08235278814242,-65.38461538461539,49.746246929952264,-0.20841001011806928,12948962304,8.733119,3.11,0.3401889,
2024-03-18,50.0,51.5,49.400001525878906,50.349998474121094,50.349998474121094,1773218,0,54.78999977111816,58.36199996948242,53.91321946901196,56.06655955179149,50.204978660596815,39.18148100478784,-2.3782588915256753,-1.9136744508627985,-0.46458444066287674,61.90305867929929,54.78999977111816,47.67694086293703,3.130273316285276,48.31210626230132,33.565617055438175,319894275.0,-102.35504798523293,-66.25516082950033,49.74688900809524,-0.17956404710909843,12948962304,8.733119,3.11,0.3401889,
2024-03-19,50.150001525878906,50.95000076293945,49.20000076293945,49.349998474121094,49.349998474121094,1168137,0,54.28499965667724,58.189999923706054,53.47862699330807,55.803164999725986,50.196471395059746,37.381974113260185,-2.4417901921494405,-2.0192975991201267,-0.42249259302931375,61.43699990432994,54.28499965667724,47.13299940902455,3.031682365122042,51.115832937203685,43.3617990652663,318726138.0,-102.30986592422825,-73.16018459833217,49.74694351296611,-0.18123542232335021,12948962304,8.733119,3.11,0.3401889,
2024-03-20,49.650001525878906,50.0,48.45000076293945,49.20000076293945,49.20000076293945,1277266,0,53.74749965667725,57.99599990844727,53.071138780892014,55.544217382597104,50.18655626439188,37.106681789307736,-2.475704388206495,-2.1105789569374003,-0.3651254312690946,60.72951066966593,53.74749965667725,46.76548864368857,2.925847855974792,52.5793517972663,50.669096998923784,317448872.0,-104.70357866660228,-73.059355640195,49.74657817960178,-0.15624571355895142,12948962304,8.733119,3.11,0.3401889,
2024-03-21,49.70000076293945,50.849998474121094,49.349998474121094,49.849998474121094,49.849998474121094,1563315,0,53.30999965667725,57.72099990844727,52.7643635135805,55.32091468030393,50.183207430657845,39.19633168416986,-2.422210514844032,-2.1729052685187265,-0.2493052463253056,60.115262834868126,53.30999965667725,46.50473647848637,2.834715702775281,48.35607480056179,50.68375317834395,319012187.0,-77.92504390912922,-67.12330389687847,49.74680573638656,-0.1415146211960709,12948962304,8.733119,3.11,0.3401889,
2024-03-22,49.849998474121094,51.25,49.75,50.5,50.5,1882424,0,52.92999973297119,57.47699989318848,52.54870984562045,55.131859202644954,50.18635959552692,41.29680884488113,-2.3008438482951377,-2.198492984474009,-0.10235086382112879,59.466390865412706,52.92999973297119,46.393608600529674,2.739378866862761,54.09378723934005,51.676404612389405,320894611.0,-60.12578290982923,-60.28037666389418,49.74756908646896,-0.14613975305799887,12948962304,8.733119,3.11,0.3401889,
2024-03-26,50.5,51.45000076293945,48.20000076293945,48.95000076293945,48.95000076293945,1972510,0,52.45749969482422,57.14699996948242,52.20597564726988,54.88943338148003,50.17405751759073,37.93174864482487,-2.303182224202736,-2.2194308324197545,-0.08375139178298152,58.70372081878941,52.45749969482422,46.21127857085904,2.7758518049439926,45.39720180420633,49.28235461470275,318922101.0,-75.85634815928286,-74.76634980914037,49.747341813413954,-0.14828991293002894,12948962304,8.733119,3.11,0.3401889,
2024-03-27,49.5,50.04999923706055,48.599998474121094,49.04999923706055,49.04999923706055,3180012,0,51.984999656677246,56.835999984741214,51.90540646534518,54.660435964051814,50.16287285808297,38.28116292575048,-2.270790107970228,-2.229702687529849,-0.04108742044037905,57.74191750146167,51.984999656677246,46.22808181189282,2.6811481590865256,38.814609611099996,46.101866218215484,322102113.0,-78.02127050792313,-73.83178469707562,49.746464214445645,-0.1763399412697744,12948962304,8.733119,3.11,0.3401889,
2024-03-28,49.849998474121094,49.849998474121094,46.650001525878906,47.04999923706055,47.04999923706055,3202664,0,51.45749969482422,56.495,51.44298672931807,54.36198746495412,50.13189899120712,34.14141443759594,-2.3790778789223026,-2.25957772580834,-0.11950015311396278,56.988709482648204,51.45749969482422,45.92628990700024,2.7182087868833587,19.188003084935612,34.466604833414,318899449.0,-108.90596275972034,-92.52337214936072,49.743208801000726,-0.21166009576667347,12948962304,8.733119,3.11,0.3401889,
2024-04-01,47.849998474121094,51.349998474121094,47.79999923706055,51.0,51.0,2682271,0,51.26999969482422,56.27099998474121,51.40079751700207,54.23014481926965,50.140536812190135,46.45673109128692,-2.1217069505286474,-2.2320035707524015,0.11029662022375408,56.59234938825431,51.26999969482422,45.94765000139413,2.831193819038872,41.704022931064316,33.235545209033326,321581720.0,-41.76335876433251,-52.73631481996715,49.74364922463954,-0.1242506766475201,12948962304,8.733119,3.11,0.3401889,
2024-04-02,51.20000076293945,52.650001525878906,50.45000076293945,52.0,52.0,2290429,0,51.04499969482422,56.102999954223634,51.45786442014473,54.142688159690444,50.15903893346187,49.054078881734185,-1.8161119844022409,-2.1488252534823693,0.33271326908012844,55.815838793959884,51.04499969482422,46.274160595688556,2.7861086007460565,62.70830360827285,41.20010987475761,323872149.0,17.17858050645513,-17.857142857142854,49.746044513082865,-0.15449811381461864,12948962304,8.733119,3.11,0.3401889,
2024-04-03,51.849998474121094,53.599998474121094,51.70000076293945,53.29999923706055,53.29999923706055,2438853,0,50.94999961853027,55.93499992370605,51.63330583127957,54.10964153527358,50.19029226981609,52.293941127244736,-1.452285653176979,-2.0095173334212912,0.5572316802443122,55.45433125194154,50.94999961853027,46.445667985119,2.7228149657771694,91.82502872340575,65.41245175424766,326311002.0,69.08625965411065,-4.081623120288069,49.750107589648195,-0.08823757437560888,12948962304,8.733119,3.11,0.3401889,
2024-04-04,53.54999923706055,54.70000076293945,52.5,52.900001525878906,52.900001525878906,2039453,0,50.84499969482422,55.76299995422363,51.75394351647951,54.062204672160064,50.21725455097094,51.21471858258276,-1.1825949187423106,-1.844132850485495,0.6615379317431844,55.055095227895436,50.84499969482422,46.634904161753,2.6854710941459037,87.49662082200602,80.67665105122823,324271549.0,98.42441286895752,-21.301764195751286,49.7540409616876,-0.09908724650933831,12948962304,8.733119,3.11,0.3401889,
2024-04-05,53.0,54.0,51.900001525878906,53.79999923706055,53.79999923706055,2156023,0,50.874999618530275,55.61499992370605,51.94880596605866,54.05192210607773,50.25290375182755,53.53812380261361,-0.8860272049030229,-1.6525117213690006,0.7664845164659777,55.15968197182739,50.874999618530275,46.59031726523316,2.6436516212869887,86.75990791335778,88.69385248625655,326427572.0,95.65972482440598,-11.1801442382191,49.75803673614159,-0.027210874529974158,12948962304,8.733119,3.11,0.3401889,
2024-04-08,54.20000076293945,54.400001525878906,52.150001525878906,52.54999923706055,52.54999923706055,1193575,0,50.88749961853027,55.49199989318848,52.006062468058836,53.993023170037844,50.27576042332241,49.977975438984586,-0.7432915065400181,-1.470667678403204,0.7273761718631859,55.190159009013065,50.88749961853027,46.584840228047476,2.615533648337918,71.33599674112203,81.86417515882863,325233997.0,82.4946516308848,-26.708096020441094,49.76011777907967,-0.05711307280753743,12948962304,8.733119,3.11,0.3401889,
2024-04-09,52.54999923706055,52.75,51.04999923706055,51.79999923706055,51.79999923706055,954993,0,50.702499580383304,55.34599990844727,51.98643739843995,53.90702223148971,50.29092697868299,47.919011530771726,-0.6828200447850676,-1.3130981516795768,0.6302781068945091,54.482377479337444,50.702499580383304,46.92262168142916,2.5501384422380275,52.305389309230314,70.13376465457006,324279004.0,46.635025014119606,-36.02486708977429,49.76118814307364,-0.10669955107512187,12948962304,8.733119,3.11,0.3401889,
2024-04-10,52.0,52.849998474121094,51.70000076293945,52.5,52.5,1131650,0,50.68499965667725,55.20599990844727,52.035348122398055,53.85184488907835,50.31290780476574,49.98986804465913,-0.5718201771951641,-1.1648425567826943,0.5930223795875302,54.428006896005876,50.68499965667725,46.94199241734862,2.450128390019714,36.56189903685557,53.401095029069324,325410654.0,76.61450162931501,-27.32920461422034,49.76274594066376,-0.05580909823928585,12948962304,8.733119,3.11,0.3401889,
2024-04-12,52.349998474121094,54.20000076293945,50.45000076293945,51.20000076293945,51.20000076293945,1430232,0,50.682499694824216,55.030999908447264,51.955791231021045,53.747851001778784,50.32173460036946,46.30730992079389,-0.5820416425561135,-1.048282373937378,0.46624073138126465,54.42406064511362,50.682499694824216,46.94093874453481,2.542976362161163,26.420435470826543,38.42924127230416,323980422.0,55.201476380063674,-43.47826499022158,49.76440810579382,-0.06474484821727777,12948962304,8.733119,3.11,0.3401889,
2024-04-15,50.20000076293945,50.599998474121094,48.75,49.650001525878906,49.650001525878906,1488673,0,50.82249984741211,54.79099990844727,51.7361922114837,53.58715102233173,50.3150506891805,42.30565938764761,-0.7070636227319795,-0.9800386236962983,0.2729750009643188,54.168613346125,50.82249984741211,47.47638634869922,2.5363352479310413,24.880865347204935,29.28773328496237,322491749.0,-57.182355818397824,-62.732915722667215,49.76433085500007,0.009553927062083268,12948962304,8.733119,3.11,0.3401889,
2024-04-16,49.0,51.29999923706055,49.0,50.29999923706055,50.29999923706055,1620398,0,50.802499771118164,54.57699989318848,51.5994119282053,53.45824310918384,50.31490092348777,44.472671850515,-0.7451059422315538,-0.9330520874033494,0.18794614517179564,54.15607632555739,50.802499771118164,47.448923216678935,2.5194541042974343,21.11897111386244,24.14009064396466,324112147.0,-32.73958458853991,-54.65840922844068,49.764705335703916,-0.026991018764683048,12948962304,8.733119,3.11,0.3401889,
2024-04-18,51.0,52.900001525878906,50.75,50.95000076293945,50.95000076293945,1796016,0,50.812499809265134,54.40299987792969,51.53756324579903,53.35988066423308,50.32122032487535,46.63141568221765,-0.7145679689234257,-0.8893552637073647,0.17478729478393906,54.16658325586543,50.812499809265134,47.458416362664835,2.525207546048929,28.24551868728318,24.748451716116872,325908163.0,29.99697028795421,-46.58385534666598,49.76638872582139,-0.1007044589660598,12948962304,8.733119,3.11,0.3401889,
2024-04-19,50.900001525878906,50.900001525878906,49.0,49.650001525878906,49.650001525878906,1628603,0,50.777499961853025,54.236999893188475,51.35779546294949,53.21439520782704,50.314541530855486,43.028424631057234,-0.7862026244854405,-0.8687247358629799,0.0825221113775394,54.16460414747469,50.777499961853025,47.39039577623136,2.484121347255395,28.440372323733612,25.93495404162643,324279560.0,-50.11712554403664,-62.732915722667215,49.766460828030986,-0.1104079558303999,12948962304,8.733119,3.11,0.3401889,
2024-04-22,50.04999923706055,50.70000076293945,49.79999923706055,50.29999923706055,50.29999923706055,1223079,0,50.825,54.001999893188476,51.257052965245784,53.10010516975777,50.31439683141474,45.30401176618351,-0.7815153990396482,-0.8512828684983136,0.06976746945866541,54.156891210513564,50.825,47.49310878948644,2.3816840536700488,31.410044484182368,29.36531183173307,325502639.0,-31.57189864024787,-63.76812395441383,49.76678455963436,-0.08053510158782218,12948962304,8.733119,3.11,0.3401889,
2024-04-23,50.79999923706055,53.54999923706055,50.5,52.75,52.75,4011729,0,51.002499961853026,53.802999877929686,51.399238397127135,53.08637555525746,50.3386316888136,52.934872934468025,-0.5734952567146934,-0.7957253461415895,0.22223008942689615,54.34741768711625,51.002499961853026,47.6575822365898,2.443706621265046,45.42691628826844,35.09244436539482,329514368.0,59.259235537324216,-32.773117863872386,49.772080123033,-0.02616540692139311,12948962304,8.733119,3.11,0.3401889,
2024-04-24,53.5,54.54999923706055,52.75,53.79999923706055,53.79999923706055,2669349,0,51.2,53.62099983215332,51.627882286644606,53.114360797681115,50.37307315695536,55.782109460288055,-0.32022033134741434,-0.7006243431827545,0.3804040118353401,54.71169446729316,51.2,47.68830553270685,2.397727522393296,68.75114877990465,48.529369850785166,332183717.0,115.73824094058966,-15.12607412564906,49.77760875033025,-0.0018945084712186058,12948962304,8.733119,3.11,0.3401889,
2024-04-25,53.79999923706055,54.5,53.0,53.150001525878906,53.150001525878906,1526434,0,51.33250007629395,53.43299987792969,51.77284602371454,53.115758473296715,50.400704285004345,53.619612483184866,-0.16998799548329657,-0.5944970736428629,0.4245090781595663,54.92753472716068,51.33250007629395,47.73746542542721,2.3336041279366317,81.22629780441261,65.13478762419525,330657283.0,98.17822361335926,-26.05040400523928,49.78064260517436,-0.031961200011787275,12948962304,8.733119,3.11,0.3401889,
2024-04-26,53.150001525878906,54.29999923706055,52.70000076293945,53.099998474121094,53.099998474121094,1318507,0,51.53999996185303,53.28199981689453,51.89924149518183,53.11514043411336,50.427562933652275,53.44795567188365,-0.054336260738715225,-0.4864649110620333,0.4321286503233181,55.03879959208947,51.53999996185303,48.04120033161659,2.281203724092665,76.91165510819944,75.62970056417225,329338776.0,83.70734726315663,-25.00001644266279,49.78313200106208,-0.022408091203093335,12948962304,8.733119,3.11,0.3401889,
2024-04-29,53.5,53.650001525878906,52.599998474121094,52.75,52.75,729968,0,51.725,53.233999786376955,51.98026611468833,53.10082120140303,50.4506717601831,52.18854637782301,0.008973183199529444,-0.3873772922097208,0.3963504754092502,55.06528413352133,51.725,48.38471586647867,2.1932608189258898,66.60134890562922,74.91310060608043,328608808.0,61.681451286082826,-31.034473686806734,49.7843678590624,-0.005625371271498504,12948962304,8.733119,3.11,0.3401889,
2024-04-30,53.0,53.150001525878906,51.0,51.400001525878906,51.400001525878906,1740245,0,51.94250011444092,53.12099983215332,51.925002820516,53.034122390598164,50.46011782750345,47.53580943676995,-0.04921984507731736,-0.3197458027832401,0.27052595770592275,54.5151002132646,51.94250011444092,49.36990001561723,2.1901708694225337,45.43229506920965,62.98176636101278,326868563.0,-8.1548902556988,-54.310312509248995,49.786258014496426,0.03044471157415817,12948962304,8.733119,3.11,0.3401889,
2024-05-02,51.5,52.04999923706055,50.79999923706055,51.29999923706055,51.29999923706055,1800696,0,51.95750007629395,52.95999984741211,51.86547866971072,52.96611756104767,50.46847485645427,47.200119945068096,-0.10222915414494338,-0.27624247305558075,0.17401331891063737,54.51137388981443,51.95750007629395,49.403626262773464,2.123015807320924,26.778909262005154,46.27085107894802,325067867.0,-43.431115507055715,-56.034490129469525,49.787768750251715,-0.04022172685294884,12948962304,8.733119,3.11,0.3401889,
2024-05-03,51.54999923706055,52.150001525878906,50.5,51.20000076293945,51.20000076293945,1156178,0,51.91750011444092,52.80799987792969,51.80209982144679,52.896858078768915,50.47575372119542,46.84388389613049,-0.15057274574724744,-0.2511085275939141,0.10053578184666667,54.49243142630844,51.91750011444092,49.342568802573396,2.0892290729322083,14.40074605743129,28.870650129548707,323911689.0,-47.61901166552593,-57.75860197903889,49.78867654845388,-0.07421974752680226,12948962304,8.733119,3.11,0.3401889,
2024-05-06,51.54999923706055,51.54999923706055,50.0,50.04999923706055,50.04999923706055,865388,0,51.75500011444092,52.622999877929686,51.63523309912429,52.785216555564666,50.4715173581692,42.83955753227255,-0.27847086378785235,-0.25658099483270175,-0.021889868955150604,54.370319865720404,51.75500011444092,49.13968036316143,2.0507126560842326,11.1014762243381,17.427043847924857,323046301.0,-85.9964002896034,-77.58621710234242,49.78901471347156,-0.15411304949941354,12948962304,8.733119,3.11,0.3401889,
2024-05-07,50.04999923706055,50.349998474121094,49.04999923706055,49.25,49.25,1016601,0,51.57250003814697,52.4189998626709,51.40806804206483,52.64658061220919,50.45936295659538,40.26122239710853,-0.4393200878440098,-0.29312881343496333,-0.14619127440904645,54.347292239064856,51.57250003814697,48.79770783722908,1.997090269011112,8.222994203860052,11.241738828543156,322029700.0,-128.9397264507206,-95.49549487627664,49.7888872731412,-0.14024082863130422,12948962304,8.733119,3.11,0.3401889,
2024-05-08,49.0,49.75,48.599998474121094,49.25,49.25,652932,0,51.34500007629394,52.20499984741211,51.20253775234438,52.513381372514715,50.4473294943407,40.26122239710854,-0.5603350629553105,-0.3465700633390328,-0.21376499961627776,54.09797983955231,51.34500007629394,48.592020313035576,1.9365839302159544,8.185930867173658,9.170133765123945,322029700.0,-131.66856965800807,-89.07560600785892,49.78868567703863,-0.20269997244622429,12948962304,8.733119,3.11,0.3401889,
2024-05-09,49.150001525878906,50.599998474121094,48.0,48.650001525878906,48.650001525878906,1618967,0,51.150000190734865,52.005999908447265,50.95943906410957,52.36187628048978,50.429445633958,38.258361899424955,-0.69662490677063,-0.41658103202535224,-0.2800438747452778,54.080699185393456,51.150000190734865,48.21930119607627,1.9839706833520359,12.950210891543078,9.786378654192271,320410733.0,-121.66903722164919,-90.07631142609708,49.788087462092406,-0.20118779129562445,12948962304,8.733119,3.11,0.3401889,
2024-05-10,48.650001525878906,49.099998474121094,47.75,48.650001525878906,48.650001525878906,716586,0,50.99250030517578,51.816999969482424,50.73949263189712,52.21631256462269,50.411739722434824,38.25836189942495,-0.7954659535573256,-0.4923580163317469,-0.3031079372255787,54.09979344459805,50.99250030517578,47.88520716575351,1.9386869541212541,19.218941148409815,13.451694302375524,320410733.0,-130.7068694368668,-86.76468195799457,49.78760410975555,-0.1911270689201445,12948962304,8.733119,3.11,0.3401889,
2024-05-13,48.650001525878906,49.0,47.349998474121094,48.25,48.25,849568,0,50.78000030517578,51.613999938964845,50.50239809552597,52.0607708954218,50.3902298744504,36.841329099846966,-0.8957493346875864,-0.5730362800029148,-0.3227130546846716,54.02413288155079,50.78000030517578,47.535867728800774,1.918066566389658,22.3464305634396,18.171860867797506,319561165.0,-127.01349360410583,-87.49998013178718,49.78689812149146,-0.20517591155633969,12948962304,8.733119,3.11,0.3401889,
2024-05-14,48.5,52.79999923706055,48.25,51.04999923706055,51.04999923706055,4254046,0,50.77250022888184,51.46499992370605,50.554550585195926,52.021132791172334,50.3967947437301,50.62690298302912,-0.7407492031615917,-0.6065788646346502,-0.1341703385269415,54.01340611709587,50.77250022888184,47.53159434066781,2.1060617571518643,39.755507610186605,27.10695977401201,323815211.0,-8.785025415101966,-48.61110596009298,49.7889267951751,-0.13115734208576577,12948962304,8.733119,3.11,0.3401889,
2024-05-15,51.45000076293945,52.599998474121094,51.400001525878906,52.0,52.0,2192100,0,50.89000015258789,51.352999954223634,50.692212434224885,52.02030405426362,50.41274703483726,54.273677158239366,-0.535085230669857,-0.5922801378416915,0.05719490717183451,54.129999615234325,50.89000015258789,47.65000068994145,2.06634300571677,60.30112812185498,40.80102209849374,326007311.0,47.83562490607833,-34.96502750316113,49.791455263877204,-0.12718906631790125,12948962304,8.733119,3.11,0.3401889,
2024-05-16,52.349998474121094,52.400001525878906,51.0,51.29999923706055,51.29999923706055,1083002,0,50.94000015258789,51.28399993896485,50.7500968916378,51.992056806530165,50.42157541495889,51.268772723001234,-0.42369516800432905,-0.558563143874219,0.13486797586988997,54.172892998281554,50.94000015258789,47.70710730689423,2.018747185728351,75.22936593207508,58.42866722137223,324924309.0,24.14024291729407,-43.1654628873907,49.79245763421241,-0.1545426987393456,12948962304,8.733119,3.11,0.3401889,
2024-05-17,51.54999923706055,51.650001525878906,51.099998474121094,51.25,51.25,544287,0,50.95500011444092,51.17899993896484,50.79770671148182,51.96295653960741,50.42981844565581,51.05135335707246,-0.3355838595503613,-0.5139672870094475,0.1783834274590862,54.19072200220435,50.95500011444092,47.71927822667749,1.9138368904447414,76.45261201734463,70.66103535709158,324380022.0,13.391133323722137,-38.095243861973415,49.792894774816496,-0.1222300048606575,12948962304,8.733119,3.11,0.3401889,
2024-05-21,51.20000076293945,51.20000076293945,50.45000076293945,50.54999923706055,50.54999923706055,677288,0,51.0,51.08599990844726,50.7741155234417,51.907546449311454,50.431014274426005,47.98335094566096,-0.318566982340279,-0.4748872260756138,0.15632024373533476,54.18653370530685,51.0,47.81346629469315,1.834277058060156,64.86205377948785,72.18134390963587,323702734.0,-18.73890005394245,-44.827602082560524,49.79322665110042,-0.12544944093407176,12948962304,8.733119,3.11,0.3401889,
2024-05-22,50.599998474121094,52.45000076293945,50.04999923706055,51.79999923706055,51.79999923706055,1732631,0,51.075,51.02199989318848,50.87181873426254,51.903328911576125,50.44463601534774,53.37212799342098,-0.20188917845955956,-0.42028761655240293,0.21839843809284337,54.26271024362179,51.075,47.887289756378216,1.874685948618638,63.57885492618468,68.29784024100573,325435365.0,14.15666973591686,-18.348621284607873,49.7947059587803,-0.10227133878079074,12948962304,8.733119,3.11,0.3401889,
2024-05-23,51.95000076293945,52.099998474121094,50.5,50.599998474121094,50.599998474121094,765538,0,50.96749992370606,50.96999984741211,50.84593109043954,51.85221791402887,50.44618191045991,48.20879307996214,-0.2039007698591817,-0.3770102472137587,0.173109477354577,54.065769089159026,50.96749992370606,47.86923075825309,1.8550654147259562,47.36451135944572,58.601806688372754,324669827.0,-1.8896400845186012,-40.366980825024406,49.795212654765265,-0.2065000707794016,12948962304,8.733119,3.11,0.3401889,
2024-05-24,50.70000076293945,54.349998474121094,50.650001525878906,53.20000076293945,53.20000076293945,6492363,0,50.9375,50.98799987792969,51.0701282021062,51.90507214339791,50.47358309307165,57.74670397614939,0.004254442481148146,-0.30075730927477734,0.3050117517559255,53.93547821328208,50.9375,47.93952178671792,1.9904178851026735,54.93331808579203,55.29222812380748,331162190.0,93.907218529256,-16.42853873116629,49.80510536021136,-0.11822893651116508,12948962304,8.733119,3.11,0.3401889,
2024-05-27,53.20000076293945,53.400001525878906,51.849998474121094,52.0,52.0,1961179,0,50.87999992370605,50.91799987792969,51.15868742095323,51.90879480444113,50.48877132100129,52.90409917527158,0.0715639702912938,-0.2262930533615631,0.29785702365285693,53.74729777740296,50.87999992370605,48.01270207000914,1.9589596827208975,47.173781914141934,49.82387045312657,329201011.0,82.51016639230055,-33.57140677315848,49.807758857106855,-0.12783626826330588,12948962304,8.733119,3.11,0.3401889,
2024-05-28,52.150001525878906,52.20000076293945,50.0,50.20000076293945,50.20000076293945,1802761,0,50.73500003814697,50.86499992370605,51.06738392971382,51.841783273401845,50.4858979821151,46.59244992077235,-0.020105871221730354,-0.18505561693359657,0.1649497457118662,53.42648627692385,50.73500003814697,48.04351379937009,1.9761769027365086,41.067481911978184,47.724860637304054,327398250.0,-4.3323967463586905,-59.285681588309146,49.80868472984637,-0.15092262708466553,12948962304,8.733119,3.11,0.3401889,
2024-05-29,50.20000076293945,52.54999923706055,49.75,50.29999923706055,50.29999923706055,3118267,0,50.6125,50.84599990844727,50.99429967327065,51.78132115432964,50.48404824335834,46.9709561790744,-0.08372075913000288,-0.16478864537287782,0.08106788624287495,53.14427275960507,50.6125,48.08072724039492,2.0350213551882255,20.634364139627507,36.29187598858255,330516517.0,7.296705211979879,-57.857131958007805,49.81038958166587,-0.1797857652497242,12948962304,8.733119,3.11,0.3401889,
2024-05-30,50.150001525878906,50.599998474121094,49.04999923706055,49.25,49.25,1233271,0,50.50499992370605,50.893999938964846,50.828175894863925,51.682053658081415,50.47176915635975,43.48597888685395,-0.21636802344895045,-0.17510452098809234,-0.04126350246085811,53.07616653830193,50.50499992370605,47.93383330911017,2.000376918179106,6.775943088203802,22.825929713269833,329283246.0,-68.82559509310568,-72.85712105887276,49.810276812530944,-0.17727930807751363,12948962304,8.733119,3.11,0.3401889,
2024-05-31,49.45000076293945,50.04999923706055,48.900001525878906,49.20000076293945,49.20000076293945,1094410,0,50.4,50.863999938964845,50.67311159658541,51.584718250428786,50.45911474448492,43.32115140650553,-0.32181675345353966,-0.2044469674811818,-0.11736978597235787,53.00403487003796,50.4,47.795965129962035,1.9396355462507153,7.465586225343761,11.625297817725027,328188836.0,-75.3954917945968,-73.57139587402344,49.81003564261678,-0.1858074480724766,12948962304,8.733119,3.11,0.3401889,
2024-06-03,51.29999923706055,51.349998474121094,50.20000076293945,50.400001525878906,50.400001525878906,1129453,0,50.36000003814697,50.85699996948242,50.64710111366098,51.53825877103467,50.45852655325501,48.378403777555995,-0.30503929583286293,-0.22456543315151803,-0.0804738626813449,52.93809960419184,50.36000003814697,47.7819004721021,1.9546614151743529,17.178721912511264,10.473417075352947,329318289.0,8.649449901114872,-64.75406452968522,49.810525026043024,-0.2025640809887904,12948962304,8.733119,3.11,0.3401889,
2024-06-04,50.75,50.79999923706055,43.29999923706055,46.04999923706055,46.04999923706055,2854802,0,50.160000038146975,50.77099998474121,50.209281887318085,51.32303290695725,50.41466060981029,35.88033856149866,-0.635427062379577,-0.30673775899712985,-0.3286893033824472,53.35101847340822,50.160000038146975,46.968981602885734,2.3507570283761843,25.830765207768753,16.82502444854126,326463487.0,-194.80403723317016,-75.11312045364866,49.805975590219475,-0.1899555319469545,12948962304,8.733119,3.11,0.3401889,
2024-06-05,47.150001525878906,48.0,45.70000076293945,47.70000076293945,47.70000076293945,1289837,0,50.08250007629395,50.738000030517576,49.97030273261536,51.18095321503498,50.38764906904541,42.00091004587062,-0.7554124892348995,-0.3964727050446838,-0.35893978419021566,53.42962913725744,50.08250007629395,46.73537101533045,2.347131471853639,41.82801837976345,28.279168500014492,327753324.0,-148.40289199770893,-60.18097891697803,49.80420112228858,-0.14256494094133987,12948962304,8.733119,3.11,0.3401889,
2024-06-06,48.0,49.70000076293945,48.0,49.0,49.0,1629358,0,50.070000076293944,50.734000015258786,49.877892948556756,51.095425637974785,50.37384161562207,46.34643985646515,-0.7371058333676075,-0.4645993307092685,-0.272506502658339,53.43130904132184,50.070000076293944,46.70869111126605,2.322336366721236,51.73186952087081,39.796884369467676,329382682.0,-61.59159663072216,-48.41627912676913,49.803443400246984,-0.13334318446037838,12948962304,8.733119,3.11,0.3401889,
2024-06-07,49.349998474121094,49.849998474121094,48.75,49.599998474121094,49.599998474121094,815855,0,50.117499923706056,50.72900001525879,49.85142680813431,51.036781435470715,50.36614168386584,48.2727776463611,-0.6664998192013201,-0.5049794284076788,-0.16152039079364122,53.423596434839986,50.117499923706056,46.811403412572126,2.235026517249797,67.90891544592397,53.82293444885275,330198537.0,-39.049960325614954,-42.98642830733413,49.8032741836412,-0.10167898711463019,12948962304,8.733119,3.11,0.3401889,
2024-06-10,50.0,51.060001373291016,49.9900016784668,50.150001525878906,50.150001525878906,1473391,0,50.19249992370605,50.72200004577637,49.87986249553856,51.002005752741624,50.36399103552766,50.04340183830058,-0.5597113900795136,-0.5159258207420458,-0.0437855693374678,53.42936184572827,50.19249992370605,46.95563800168383,2.179667687386949,79.11384606006634,66.25154367562038,331671928.0,5.051906590863147,-38.00902478034419,49.80372584340228,-0.13397297207950018,12948962304,8.733119,3.11,0.3401889,
2024-06-11,50.45000076293945,53.95000076293945,50.22999954223633,52.31999969482422,52.31999969482422,6375630,0,50.395999908447266,50.789400024414064,50.112256514518144,51.05369178968604,50.38345380825698,56.386572616713856,-0.2965614974889661,-0.4720529560914299,0.1754914586024638,53.630534804159446,50.395999908447266,47.161465012735086,2.295405655220777,82.25882662377667,76.42719604325566,338047558.0,92.92591520544896,-18.371030945309666,49.81143973115359,-0.09983587341803622,12948962304,8.733119,3.11,0.3401889,
2024-06-12,52.45000076293945,54.20000076293945,52.45000076293945,53.459999084472656,53.459999084472656,3703807,0,50.51649990081787,50.877600021362305,50.431089140228096,51.14805678163846,50.4140661990651,59.309616057380325,0.003929811236140779,-0.37685640262591574,0.3807862138620565,54.00880718465011,50.51649990081787,47.02419261698563,2.265733898998952,85.52670096404968,82.29979121596422,341751365.0,141.5600277180507,-8.054293675093408,49.818175655744945,-0.11092015020308474,12948962304,8.733119,3.11,0.3401889,
2024-06-13,53.7400016784668,54.150001525878906,52.84000015258789,53.22999954223633,53.22999954223633,1592950,0,50.577999877929685,51.00120002746582,50.69765203565745,51.22970159577955,50.442085436310585,58.45834357680805,0.2209651487627582,-0.25729209234818096,0.47825724111093915,54.21304358164357,50.577999877929685,46.9429561742158,2.1974672900198136,83.50290559233076,83.76281106005236,340158415.0,134.11285915577815,-8.899092522144489,49.821094662901864,-0.12810494271144154,12948962304,8.733119,3.11,0.3401889,
2024-06-14,53.459999084472656,55.349998474121094,53.29999923706055,53.790000915527344,53.790000915527344,4322363,0,50.70249996185303,51.05700004577637,50.99216145278791,51.33010549067162,50.47539802814359,59.96505312910616,0.4331614327425868,-0.11920138733002741,0.5523628200726142,54.58974515125238,50.70249996185303,46.81525477245368,2.19193383586731,80.38728533957185,83.13896396531743,344480778.0,151.29229252479573,-12.9460386503252,49.83062105209789,-0.15550310411697213,12948962304,8.733119,3.11,0.3401889,
2024-06-18,54.08000183105469,54.63999938964844,53.41999816894531,53.58000183105469,53.58000183105469,1732842,0,50.81900005340576,51.08860008239746,51.23862244119427,51.418336719706254,50.506289608272056,59.09940413837702,0.5777237062418692,0.02018363138435192,0.5575400748575172,54.899739964289644,50.81900005340576,46.738260142521874,2.122510077641297,72.84237044873316,78.91085379354526,342747936.0,121.86828906045703,-14.688769752139635,49.83419318549844,-0.17397750016547428,12948962304,8.733119,3.11,0.3401889,
2024-06-19,53.849998474121094,57.540000915527344,52.560001373291016,56.34000015258789,56.34000015258789,12569790,0,51.10850009918213,51.14940010070801,51.724467937517474,51.61134312883887,50.564336479359774,66.03854883315996,0.9045718070688338,0.19706126652124828,0.7075105405475854,55.84125967953865,51.10850009918213,46.37574051882561,2.326616467969514,70.91654786712509,74.7154012184767,355317726.0,156.45608231449447,-8.426970656569864,49.87009068766381,-0.016624657371172094,12948962304,8.733119,3.11,0.3401889,
2024-06-20,56.79999923706055,57.900001525878906,56.0,57.58000183105469,57.58000183105469,5492505,0,51.39750022888184,51.24300010681152,52.282137832140066,51.84540817598459,50.634144094799524,68.6148611027138,1.2492583811321083,0.40750068944342027,0.841757691688688,56.90616264975841,51.39750022888184,45.88883780800527,2.296143972105899,78.62052986230611,74.12648272605479,360810231.0,176.85423171325058,-2.1917783880711825,49.890288198695295,0.03074343642403328,12948962304,8.733119,3.11,0.3401889,
2024-06-21,57.88999938964844,58.20000076293945,55.290000915527344,55.959999084472656,55.959999084472656,4084303,0,51.665500259399415,51.28620010375977,52.63241033236222,52.00676468219981,50.68713767678632,61.99777855760953,1.3758444137206425,0.6011694342988647,0.7746749794217778,57.50451926548546,51.665500259399415,45.82648125331337,2.339990820342057,76.905165872967,75.48074786746606,356725928.0,133.0799527455113,-15.033566772300487,49.903843693607016,0.005488401353468001,12948962304,8.733119,3.11,0.3401889,
2024-06-24,55.79999923706055,57.2400016784668,55.15999984741211,56.060001373291016,56.060001373291016,2719406,0,51.80850028991699,51.356400146484376,52.95884757435544,52.165715140673974,50.7405990070998,62.23985963105797,1.4673197567231426,0.7743994987837203,0.6929202579394224,57.92435971991115,51.80850028991699,45.69264085992283,2.321420178250102,72.1159649041153,75.8805535464628,359445334.0,110.96233608903503,-14.362410540237883,49.91238719535186,-0.04044790074790168,12948962304,8.733119,3.11,0.3401889,
2024-06-25,56.209999084472656,56.75,54.709999084472656,54.970001220703125,54.970001220703125,1592343,0,51.95700035095215,51.419800186157225,53.15038601686474,52.27568714381237,50.78268261121526,57.90969478301532,1.4353153009577184,0.9065826592185199,0.5287326417391985,58.226546641890444,51.95700035095215,45.687454060013856,2.301318802341334,55.023632187390945,68.01492098815775,357852991.0,84.10928874092912,-25.839996337890625,49.91683776190179,-0.034176378816222604,12948962304,8.733119,3.11,0.3401889,
2024-06-26,55.18000030517578,55.18000030517578,53.310001373291016,53.75,53.75,2371224,0,52.13450031280517,51.444800186157224,53.20749211049667,52.3335033342511,50.81220815737232,53.42913421729555,1.2965616806756302,0.9845784635099419,0.3119832171656882,58.396029342221915,52.13450031280517,45.87297128338843,2.270510240165865,37.92839024221662,55.02266244457429,355481767.0,45.002866166373025,-43.62745519694495,49.92179053847106,-0.030269960601657753,12948962304,8.733119,3.11,0.3401889,
2024-06-27,53.79999923706055,55.09000015258789,52.20000076293945,53.18000030517578,53.18000030517578,2142494,0,52.278500366210935,51.48440017700195,53.204873843323256,52.3666992938952,50.835768278245986,51.42709708625952,1.127605886500838,1.013183948108121,0.11442193839271697,58.49696777644417,52.278500366210935,46.0600329559777,2.3147594651289056,22.68725070875232,38.54642437945329,353339273.0,27.52242866578332,-53.1216936770086,49.92562192693938,-0.01077072165039925,12948962304,8.733119,3.11,0.3401889,
2024-06-28,53.630001068115234,54.27000045776367,53.099998474121094,53.310001373291016,53.310001373291016,995181,0,52.481500434875485,51.55760017395019,53.21488598903447,52.40369153230288,50.86038751302255,51.87005891349813,0.9927533593303366,1.0090978303525642,-0.01634447102222758,58.55463280561428,52.481500434875485,46.40836806413669,2.232991073594168,15.785023795624761,25.466888248864567,354334454.0,25.509627874918273,-59.56150956090553,49.92743369175749,-0.006194185549942116,12948962304,8.733119,3.11,0.3401889,
2024-07-01,53.72999954223633,54.849998474121094,53.13999938964844,53.970001220703125,53.970001220703125,1526162,0,52.720000457763675,51.63100021362305,53.28680172538387,52.46511544165191,50.89132894294972,54.155856168778094,0.9284358018326984,0.992965424648591,-0.0645296228158927,58.63142047729731,52.720000457763675,46.80858043823004,2.195634502942631,25.752752940653824,21.408342481676968,355860616.0,32.57172146400866,-53.07401373099352,49.93053455294856,0.0017753250006524084,12948962304,8.733119,3.11,0.3401889,
2024-07-02,54.0,57.45000076293945,54.0,55.959999084472656,55.959999084472656,6924015,0,52.99800033569336,51.73120018005371,53.54139195005899,52.60216970215468,50.94176347172109,60.2809737253045,1.0262103564377298,0.9996144110064188,0.026595945431311052,58.96949848358321,52.99800033569336,47.026502187803516,2.287374862892181,44.18131625542472,28.573030997234437,362784631.0,77.36919236130225,-37.33336130777995,49.95081783888616,0.02699236764464162,12948962304,8.733119,3.11,0.3401889,
2024-07-03,56.20000076293945,56.95000076293945,55.619998931884766,56.040000915527344,56.040000915527344,2589223,0,53.4975004196167,51.85900016784668,53.77935470867502,52.73698661248302,50.99249220250523,60.50940535362288,1.0975015597430442,1.019191840753744,0.07830971898930028,58.67983565067972,53.4975004196167,48.31516518855368,2.2189910749037884,61.22099706076127,43.7183554189466,365373854.0,88.9540550805526,-35.99999745686849,49.95888273727837,0.024179778672531696,12948962304,8.733119,3.11,0.3401889,
2024-07-04,56.209999084472656,56.29999923706055,54.5099983215332,54.65999984741211,54.65999984741211,1535858,0,53.84550037384033,51.94620018005371,53.86322567426903,52.81239889620573,51.02898481588739,54.668757471622776,1.0307637955343907,1.0215062317098733,0.009257563824517367,58.308712569630494,53.84550037384033,49.38228817805017,2.1883489206626137,60.207985787864374,55.20343303468345,363837996.0,48.347952187210225,-59.00001525878906,49.96285658947396,-0.00962895914075725,12948962304,8.733119,3.11,0.3401889,
2024-07-05,54.650001525878906,55.79999923706055,54.310001373291016,55.02000045776367,55.02000045776367,1774151,0,54.14650039672851,51.99160018920898,53.97339470126852,52.8989715064629,51.06869641431402,55.86556472155606,0.9954477748800485,1.0162945403439083,-0.020846765463859773,58.037255383152704,54.14650039672851,50.25574541030432,2.138466702313108,50.874814052774774,57.43459896713347,365612147.0,36.132354168977535,-53.00000508626302,49.967339439374896,-0.015199114032354136,12948962304,8.733119,3.11,0.3401889,
2024-07-08,55.20000076293945,56.20000076293945,54.849998474121094,55.16999816894531,55.16999816894531,1667190,0,54.42500038146973,52.01900016784668,54.08735693628535,52.98803137557986,51.109505386996915,56.38228508411599,0.9684000231239835,1.0067156368999233,-0.03831561377593973,57.72698448044281,54.42500038146973,51.12301628249665,2.0821478156349116,37.798188337887545,49.62699605950889,367279337.0,44.51308235468252,-50.50004323323568,49.97184583563772,-0.034681076600257835,12948962304,8.733119,3.11,0.3401889,
2024-07-09,55.619998931884766,56.75,55.310001373291016,55.86000061035156,55.86000061035156,2329540,0,54.71050033569336,52.073200149536135,54.25618014333928,53.10065762008071,51.156773996184526,58.77342993223128,0.9912157967250153,1.0036156688649416,-0.012399872139926327,57.41859564102181,54.71050033569336,52.00240503036491,2.0462802453077527,45.41486307812901,44.69595515626377,369608877.0,67.93256322216371,-39.000002543131515,49.97878529806082,-0.02715014247858047,12948962304,8.733119,3.11,0.3401889,
2024-07-10,56.04999923706055,56.04999923706055,53.13999938964844,54.099998474121094,54.099998474121094,1704404,0,54.7995002746582,52.09320014953613,54.241305698651836,53.13984745749406,51.186059811885386,51.08121446845875,0.8573964654968975,0.9743718281913327,-0.1169753626944352,57.29624617041911,54.7995002746582,52.30275437889729,2.107974502600921,39.739285572788354,40.98411232960163,367904473.0,-33.43114295939613,-68.333371480306,49.982547832113575,-0.05074273597762169,12948962304,8.733119,3.11,0.3401889,
2024-07-11,54.150001525878906,54.810001373291016,53.58000183105469,54.130001068115234,54.130001068115234,1299655,0,54.833000373840335,52.120800170898434,54.23070525764835,53.17867701085175,51.215352759708566,51.19847021440128,0.7451747295485092,0.928532408462768,-0.1833576789142588,57.274320547686074,54.833000373840335,52.391680199994596,2.045262005432021,37.57624612890667,40.91013159327466,369204128.0,-55.540063453312946,-63.238089425223215,49.985247269592335,-0.06436999065663497,12948962304,8.733119,3.11,0.3401889,
2024-07-12,54.34000015258789,55.29999923706055,53.45000076293945,53.63999938964844,53.63999938964844,2251158,0,54.85350036621094,52.16560012817383,54.17444755593407,53.19676808453005,51.239478596822394,49.12735025565264,0.6096712443602712,0.8647601756422686,-0.2550889312819974,57.24705235622724,54.85350036621094,52.45994837619463,2.0313146103383835,22.6223485568964,33.3126267528638,366952970.0,-63.6843085185507,-72.57145472935268,49.98986650305022,-0.08225128876404188,12948962304,8.733119,3.11,0.3401889,
2024-07-15,54.119998931884766,56.75,53.20000076293945,55.81999969482422,55.81999969482422,6533414,0,54.95500030517578,52.2560001373291,54.33116680725694,53.29963991238472,51.28505592118062,57.386560611353424,0.6704628829378123,0.8259007171013774,-0.15543783416356505,57.33165765376315,54.95500030517578,52.57834295658841,2.139792083675681,38.50416693084234,32.90092053888179,373486384.0,14.380513958866528,-31.047639392671133,50.00684698092297,0.0046634165368049625,12948962304,8.733119,3.11,0.3401889,
2024-07-16,55.95000076293945,57.70000076293945,54.04999923706055,54.439998626708984,54.439998626708984,5587689,0,54.998000144958496,52.32080009460449,54.341531742442854,53.34435986196606,51.316448385912246,51.66803980503922,0.6003655016553182,0.7807936740121655,-0.18042817235684727,57.3036508975022,54.998000144958496,52.69234939241479,2.247664186690197,38.86579427751126,33.33076992174999,367898695.0,20.58057352098885,-59.27276611328125,50.0216678420931,-0.04162531411911377,12948962304,8.733119,3.11,0.3401889,
2024-07-18,54.9900016784668,54.9900016784668,53.119998931884766,53.25,53.25,2426085,0,54.8435001373291,52.38480010986328,54.23757633840068,53.340659475222296,51.335687705455406,47.291708116049406,0.443675463458284,0.7133700319013891,-0.26969456844310513,57.182613747339296,54.8435001373291,52.50438652731891,2.2206883695396136,35.195139931963055,37.52170038010554,365472610.0,-95.86672818239472,-96.73909888602603,50.02615756660659,-0.19842259753036548,12948962304,8.733119,3.11,0.3401889,
2024-07-19,53.29999923706055,54.08000183105469,51.790000915527344,52.040000915527344,52.040000915527344,2466770,0,54.56650009155273,52.44060012817383,54.02828344098417,53.28965325719504,51.34269579709791,43.277721689734896,0.21933233889061654,0.6145624932992346,-0.3952301544086181,56.85533596432105,54.56650009155273,52.277664218784416,2.225639265681594,11.859105099874254,28.64001310311618,363005840.0,-158.88408469169374,-95.76988144746788,50.02931894606744,-0.31160894478005796,12948962304,8.733119,3.11,0.3401889,
2024-07-22,52.040000915527344,52.59000015258789,51.099998474121094,51.810001373291016,51.810001373291016,1195497,0,54.35900020599365,52.49180015563965,53.81701848215625,53.23162769312037,51.3473456038262,42.53862549668753,0.022717877938227105,0.49619357022703314,-0.47347569228880604,56.848545142431554,54.35900020599365,51.86945526955575,2.17309372373768,5.942061546793852,17.665435526210377,361810343.0,-186.57449454558466,-89.24238404624799,50.03037711796967,-0.2874526451209926,12948962304,8.733119,3.11,0.3401889,
2024-07-23,52.09000015258789,52.75,49.650001525878906,52.279998779296875,52.279998779296875,2342675,0,54.170000076293945,52.564400100708006,53.6706356533125,53.194308912186116,51.35662573492541,44.61996521747021,-0.09409101353041649,0.3781366534755432,-0.4722276670059597,56.68807834883624,54.170000076293945,51.65192180375165,2.239301205907924,15.88617031234819,11.229112319672089,364153018.0,-179.12752161758613,-67.3292235692396,50.03213328281942,-0.2505761849982296,12948962304,8.733119,3.11,0.3401889,
2024-07-24,52.70000076293945,54.5,52.279998779296875,54.36000061035156,54.36000061035156,2564633,0,54.139500045776366,52.67860008239746,53.73628945874479,53.24002231211417,51.386510062044074,52.77285536477838,-0.018609617035330928,0.2987873993733684,-0.31739701640869933,56.63273426132481,54.139500045776366,51.64626583022792,2.2379226355361523,43.876873303493774,21.901701720878595,366717651.0,-37.31828442436059,-41.49068905759909,50.03675430384625,-0.18028213573696902,12948962304,8.733119,3.11,0.3401889,
2024-07-25,54.15999984741211,55.650001525878906,53.68000030517578,54.29999923706055,54.29999923706055,2165410,0,54.1670000076294,52.79960006713867,53.789976104298674,53.281590034661086,51.41550000408404,52.53260202381682,0.035953870292708245,0.24622069355723636,-0.2102668232645281,56.65456946453281,54.1670000076294,51.67943055072598,2.2187853916195075,66.12432193658556,41.9624551841425,364552241.0,15.67537334151279,-42.23604780266309,50.041525754355426,-0.17228850807362792,12948962304,8.733119,3.11,0.3401889,
2024-07-26,54.599998474121094,56.150001525878906,54.5,55.459999084472656,55.459999084472656,2981324,0,54.280999946594235,52.88780006408692,53.94902591193429,53.36701784053605,51.4557437760282,56.64227058730289,0.1708289109239871,0.2311423370305865,-0.0603134261065994,56.78610543311625,54.280999946594235,51.77589446007222,2.1924437414194253,85.02892240117183,65.01003921375037,367533565.0,63.496751797034726,-27.826110444263,50.04928184198628,-0.14728245663792827,12948962304,8.733119,3.11,0.3401889,
2024-07-29,55.849998474121094,58.65999984741211,55.66999816894531,56.52000045776367,56.52000045776367,8141783,0,54.441499900817874,52.978200073242185,54.19388063058471,53.49066421768223,51.50613438977681,60.04635960372978,0.3591119849469351,0.25673626661385623,0.10237571833307885,57.08471188045702,54.441499900817874,51.798287921178726,2.264412100099427,81.04438489322753,77.39920974366163,375675348.0,145.93158395071944,-23.751384997864026,50.07660440740453,-0.17764850533651674,12948962304,8.733119,3.11,0.3401889,
2024-07-30,56.439998626708984,57.29999923706055,56.0,56.349998474121094,56.349998474121094,2290668,0,54.56049976348877,53.0792000579834,54.39922518711198,53.6027949728367,51.55433204235735,59.243011543840055,0.4889733578088453,0.3031836848528541,0.18578967295599125,57.31983607134181,54.56049976348877,51.80116345563573,2.195525467025221,76.47542693720548,80.84957807720161,373384680.0,107.90230401130918,-25.638199818198526,50.08380749043654,-0.1920764410763536,12948962304,8.733119,3.11,0.3401889,
2024-07-31,56.75,58.900001525878906,56.43000030517578,57.59000015258789,57.59000015258789,4719121,0,54.64199981689453,53.206000061035155,54.703108517157304,53.75915596027792,51.61438844146412,63.11892123536887,0.6840617655092984,0.37935930098414294,0.3047024645251555,57.647199090925824,54.64199981689453,51.63680054286324,2.2208452945061206,71.6486323689703,76.38948139980111,378103801.0,154.8204376681803,-14.16217700855152,50.10108948701624,-0.22030709460470133,12948962304,8.733119,3.11,0.3401889,
2024-08-01,57.93000030517578,58.13999938964844,54.79999923706055,55.220001220703125,55.220001220703125,2505783,0,54.60099983215332,53.299400100708006,54.752336393685475,53.81644400970636,51.65026518553615,52.78644254788526,0.6400534890500751,0.4314981385973294,0.2085553504527457,57.55064970829944,54.60099983215332,51.6513499560072,2.300784927226247,51.68698017896673,66.60367982838085,375598018.0,69.48746867338177,-39.78378708298142,50.108309314467064,-0.2363809938457923,12948962304,8.733119,3.11,0.3401889,
2024-08-02,54.47999954223633,56.06999969482422,54.099998474121094,55.119998931884766,55.119998931884766,2185713,0,54.623999786376956,53.365800094604495,54.78735187351398,53.8675638105761,51.684789899430164,52.39668437600694,0.5903026227554875,0.463259035428961,0.12704358732652649,57.58229223524246,54.623999786376956,51.66570733751145,2.2771575196174525,37.50594952609949,53.61385402467885,373412305.0,17.47639379573165,-40.864892908044766,50.113581540318194,-0.2108498071742032,12948962304,8.733119,3.11,0.3401889,
2024-08-05,54.0,54.0,51.5,51.720001220703125,51.720001220703125,3108629,0,54.45899982452393,53.38820014953613,54.495223239912946,53.783345669796766,51.685140260835865,41.245868273661586,0.2733720397494537,0.42528163629305954,-0.15190959654360586,57.66802966092434,54.45899982452393,51.24996998812352,2.373074763350832,13.52888110480538,34.240603603290545,370303676.0,-112.72238878711775,-77.62162492081926,50.117023297374665,-0.2471800133482997,12948962304,8.733119,3.11,0.3401889,
2024-08-06,52.25,53.15999984741211,50.150001525878906,50.459999084472656,50.459999084472656,2483587,0,54.223499870300294,53.333400115966796,54.11091617749006,53.65301835272523,51.67294980136956,38.01694721474548,-0.07856373888333934,0.3245125612577797,-0.40307630014111906,57.85300799562307,54.223499870300294,50.59399174497752,2.4185693032210014,9.255271374454095,20.096700668453,367820089.0,-146.749712779502,-91.24326963682432,50.11838825446377,-0.26175821489978573,12948962304,8.733119,3.11,0.3401889,
2024-08-07,50.900001525878906,52.65999984741211,50.900001525878906,52.560001373291016,52.560001373291016,2235368,0,54.05849990844727,53.344600143432615,53.96321000566158,53.61015494176703,51.681776185169774,45.6532590149196,-0.18588003541203335,0.2224340419238171,-0.40831407733585046,57.67543891783224,54.05849990844727,50.441560899062296,2.4029572646294617,12.226175876961284,11.670109452073596,370055457.0,-98.65171116955348,-68.54054219013936,50.12045752634956,-0.22079140217895646,12948962304,8.733119,3.11,0.3401889,
2024-08-08,52.70000076293945,52.959999084472656,51.75,51.86000061035156,51.86000061035156,1112798,0,53.94650001525879,53.377800140380856,53.762904348965385,53.541521438574264,51.683549562534765,43.71972617603165,-0.3236819806144453,0.11321083741616461,-0.4368928180306099,57.68794456247162,53.94650001525879,50.20505546804596,2.3177459660468327,20.863555793087553,14.11500101483432,368942659.0,-82.13764331783497,-76.10811800570102,50.1215663451645,-0.2284029300053818,12948962304,8.733119,3.11,0.3401889,
2024-08-09,52.099998474121094,53.900001525878906,52.04999923706055,52.540000915527344,52.540000915527344,2250813,0,53.86700000762939,53.422600173950194,53.64643735530462,53.50224612394497,51.69207146654464,46.10755363795438,-0.37371274546710254,0.015826120839511182,-0.3895388663066137,57.65672819197802,53.86700000762939,50.07727182328077,2.2979070338668697,40.37525632210261,24.488329330717153,371193472.0,-50.1832874255294,-68.75676335515203,50.12449829977987,-0.2398389956135133,12948962304,8.733119,3.11,0.3401889,
2024-08-12,52.060001373291016,52.630001068115234,51.290000915527344,51.86000061035156,51.86000061035156,1473300,0,53.778000068664554,53.474800186157225,53.47630052245195,53.43784433909817,51.693742403298934,44.09290135191972,-0.4628968420412818,-0.07991847173664741,-0.3829783703046344,57.667172116121925,53.778000068664554,49.88882802120718,2.2294851137755143,45.52101167278807,35.586607929326085,369720172.0,-78.08547227993436,-80.4571533203125,50.12577438204245,-0.21709290690751626,12948962304,8.733119,3.11,0.3401889,
2024-08-13,52.0099983215332,52.970001220703125,51.04999923706055,51.36000061035156,51.36000061035156,1782889,0,53.555000114440915,53.51800018310547,53.27474814987096,53.35636027130418,51.69042158943876,42.618316096260976,-0.567381284177273,-0.17741103422477253,-0.3899702499525004,57.46167838092569,53.555000114440915,49.64832184795614,2.207379175908876,41.003736409936444,42.30000146827572,367937283.0,-76.15979083647417,-86.17143903459822,50.127202044472924,-0.3125710925002275,12948962304,8.733119,3.11,0.3401889,
2024-08-14,51.0,52.119998931884766,50.41999816894531,51.04999923706055,51.04999923706055,1238569,0,53.3855001449585,53.5310001373291,53.06286730103187,53.26591474054953,51.684049227723555,41.6874549800752,-0.6675058850400575,-0.2754300043878295,-0.392075880652228,57.41608019316443,53.3855001449585,49.354920096752565,2.171137860696774,26.345579969089655,37.62344268393806,366698714.0,-89.92348195024954,-89.71431187220983,50.127837738083784,-0.2600540279378146,12948962304,8.733119,3.11,0.3401889,
2024-08-16,51.45000076293945,51.45000076293945,49.34000015258789,49.959999084472656,49.959999084472656,2924810,0,53.22100009918213,53.609200134277344,52.767356042311945,53.13627098933083,51.66689449993002,38.50302923335557,-0.8252957595972319,-0.38540315542971,-0.4398926041675219,57.519892271588446,53.22100009918213,48.92210792677581,2.166770914243545,15.67774267703557,27.67568635202056,363773904.0,-111.51931913358035,-93.5146564558355,50.128008971005535,-0.24064649391827406,12948962304,8.733119,3.11,0.3401889,
2024-08-19,50.84000015258789,51.650001525878906,50.060001373291016,50.849998474121094,50.849998474121094,1232448,0,53.161499977111816,53.67220008850098,52.5847505596271,53.04661324363633,51.65876618126525,42.3737674911463,-0.8685181230008681,-0.4820261489439416,-0.3864919740569265,57.55600686397873,53.161499977111816,48.7669930902449,2.132716023326595,24.432554293284568,22.151958979803265,365006352.0,-83.75793036646469,-84.20504074662712,50.128437122289945,-0.2087753452789565,12948962304,8.733119,3.11,0.3401889,
2024-08-20,51.20000076293945,52.599998474121094,50.88999938964844,51.689998626708984,51.689998626708984,2007390,0,53.15549983978271,53.72600006103516,52.49953608982538,52.993412670423496,51.65907695186668,45.838765395758635,-0.8254755964240488,-0.550716038439963,-0.2747595579840858,57.557692511821344,53.15549983978271,48.75330716774408,2.1053791645175526,39.97747743368649,26.69592480133554,367013742.0,-53.593610499455046,-75.41842953405235,50.12997226709753,-0.20690989030936013,12948962304,8.733119,3.11,0.3401889,
2024-08-21,51.900001525878906,53.70000076293945,51.689998626708984,53.529998779296875,53.529998779296875,3013830,0,53.21799983978271,53.80460006713867,52.59767539358457,53.01445526292834,51.67769308945305,52.56680182698684,-0.6355650509346376,-0.5676858409388978,-0.06787920999573971,57.604162717687366,53.21799983978271,48.83183696187806,2.0985665196399035,67.478947023974,43.96299291698168,370027572.0,-13.867924554856918,-52.38637511395326,50.134066792573954,-0.18763099515277354,12948962304,8.733119,3.11,0.3401889,
2024-08-22,53.88999938964844,54.95000076293945,53.52000045776367,53.70000076293945,53.70000076293945,2538501,0,53.18499984741211,53.875600051879886,52.70265876209456,53.04133940018367,51.69781555386585,53.145921071374815,-0.465970419153102,-0.5473427565817387,0.0813723374286367,57.546158021511296,53.18499984741211,48.82384167331292,2.0508117900353233,79.51915530096598,62.325193252875486,372566073.0,23.341930900230015,-35.215439718993395,50.13881880848456,-0.26675470341541624,12948962304,8.733119,3.11,0.3401889,
2024-08-23,53.97999954223633,54.099998474121094,52.5,52.86000061035156,52.86000061035156,1535005,0,53.11299991607666,53.88640007019043,52.7176437000238,53.034228075092216,51.70937958427864,49.90379974316508,-0.3947954871186994,-0.5168333026891309,0.12203781557043147,57.445602463287365,53.11299991607666,48.780397368865955,2.0186108388985926,77.02631340748549,74.67480524414181,371031068.0,-5.847647589477272,-37.25490062748703,50.141025469233384,-0.27081171588193104,12948962304,8.733119,3.11,0.3401889,
2024-08-26,52.91999816894531,53.86000061035156,52.40999984741211,52.650001525878906,52.650001525878906,941776,0,52.972500038146975,53.870200119018556,52.711201588200474,53.01916036727993,51.71873900658312,49.09741797874692,-0.3512846213275296,-0.4837235664168106,0.132438945089281,57.171747167321236,52.972500038146975,48.773252908972715,1.97799583347294,59.44261979662983,71.99602950169376,370089292.0,-8.638235516167029,-40.99819940868799,50.14229692604688,-0.3044018251658665,12948962304,8.733119,3.11,0.3401889,
2024-08-27,52.790000915527344,53.060001373291016,52.2599983215332,52.83000183105469,52.83000183105469,1133207,0,52.78800010681152,53.86220016479492,52.722515897043735,53.01174238546717,51.72979634812015,49.84551407779648,-0.2988326694107073,-0.4467453870155899,0.14791271760488262,56.65899802150936,52.78800010681152,48.917002192113685,1.8938534919218595,45.192965808553424,60.55396633755623,371222499.0,-12.177059826838924,-37.78963816818393,50.14368674799621,-0.26083647790887865,12948962304,8.733119,3.11,0.3401889,
2024-08-28,52.849998474121094,54.20000076293945,52.599998474121094,52.75,52.75,1836236,0,52.60800018310547,53.841400146484375,52.725133430658616,53.001477978193954,51.73994762823836,49.49732855722966,-0.2607142472305455,-0.409539159058581,0.14882491182803553,56.1176650237047,52.60800018310547,49.09833534250623,1.8728641202716094,32.178283808825945,45.604623138003056,369386263.0,19.41745876875891,-39.21569560759077,50.14634349811916,-0.2739277726588055,12948962304,8.733119,3.11,0.3401889,
2024-08-29,52.97999954223633,55.66999816894531,52.939998626708984,53.47999954223633,53.47999954223633,6376236,0,52.40250015258789,53.839400100708005,52.797025441285065,53.02024352972503,51.757261577631375,52.74127707325299,-0.16964470229868311,-0.36156026770660143,0.19191556540791832,55.1111599836574,52.40250015258789,49.69384032151838,1.947659409462588,29.654074425595542,35.675108014324955,375762499.0,86.7869056015657,-34.59714554490829,50.158094857586406,-0.3448172541988692,12948962304,8.733119,3.11,0.3401889,
2024-08-30,53.5099983215332,53.79999923706055,52.70000076293945,53.06999969482422,53.06999969482422,1698873,0,52.295000076293945,53.774000091552736,52.823022989241174,53.022194751885785,51.770323648449214,50.76884229199884,-0.12906718680604,-0.31506165152648913,0.18599446472044912,54.701670325590214,52.295000076293945,49.888329826997676,1.8871121997953384,25.91550992335418,29.24928938592521,374063626.0,50.12270188271634,-41.07423837104542,50.16053721700428,-0.32066159061322314,12948962304,8.733119,3.11,0.3401889,
2024-09-02,52.88999938964844,52.88999938964844,51.5099983215332,51.79999923706055,51.79999923706055,1796712,0,52.12900009155273,53.65840003967285,52.72559215570016,52.974265516010284,51.77061892793788,45.13770229946533,-0.19711541275955113,-0.2914724037731015,0.09435699101355038,54.16240097885011,52.12900009155273,50.09559920425536,1.8637471407593154,22.167348877542775,25.912311075497485,372266914.0,-22.53297502578682,-61.13744304317721,50.16215975119153,-0.3497801333854992,12948962304,8.733119,3.11,0.3401889,
2024-09-03,51.79999923706055,52.2599983215332,51.04999923706055,51.16999816894531,51.16999816894531,1058147,0,52.10149993896484,53.56260002136231,52.57744034743779,52.90350993377244,51.764642601977755,42.61270861518476,-0.29843971587466456,-0.29286586619341415,-0.005573849681250409,54.170841635527964,52.10149993896484,50.03215824240172,1.817050851024554,11.107421070924019,19.730093290606977,371208767.0,-63.235487149086524,-71.09006967097774,50.16282675113319,-0.3252901172171823,12948962304,8.733119,3.11,0.3401889,
2024-09-04,50.849998474121094,51.34000015258789,50.709999084472656,51.08000183105469,51.08000183105469,1165144,0,52.132500076293944,53.46300003051758,52.43482715540131,52.83199981209724,51.75783025599842,42.24912292588311,-0.38160302628519105,-0.31061329821176953,-0.07098972807342152,54.119487164553306,52.132500076293944,50.14551298803458,1.7322615808167454,5.676096786391135,12.98362224495263,370043623.0,-96.79050175234512,-72.5118132111505,50.16331228374383,-0.28090639535969014,12948962304,8.733119,3.11,0.3401889,
2024-09-05,51.599998474121094,52.06999969482422,51.2400016784668,51.86000061035156,51.86000061035156,1227743,0,52.097500038146975,53.40080001831055,52.380081770158476,52.7938821963425,51.75884687643975,46.50904596698604,-0.3801885887850176,-0.32452835632641913,-0.05566023245859847,54.07778218931342,52.097500038146975,50.117217886980534,1.6792427438848014,15.757996757264829,10.847171538193315,371271366.0,-41.82242985754058,-67.91443377552568,50.164218207930055,-0.3241440780594886,12948962304,8.733119,3.11,0.3401889,
2024-09-06,52.099998474121094,52.38999938964844,50.619998931884766,50.810001373291016,50.810001373291016,1300282,0,52.045000076293945,53.342000045776366,52.230550303790146,52.7160829483797,51.749405627652195,42.016030323683516,-0.4585084006653801,-0.35132436519421134,-0.10718403547116878,54.10187678164398,52.045000076293945,49.98812337094391,1.6857254377332922,17.682253369720993,13.038782304458971,369971084.0,-69.52784670275389,-96.23757484928166,50.16489991981441,-0.3254385961043394,12948962304,8.733119,3.11,0.3401889,
2024-09-09,50.79999923706055,50.93000030517578,49.70000076293945,50.47999954223633,50.47999954223633,1106544,0,51.942000007629396,53.28800003051758,52.063831183642165,52.62839340304075,51.736774721329645,40.68571527267777,-0.5409698420727054,-0.38925346056991017,-0.1517163815027952,54.09354500892091,51.942000007629396,49.79045500633788,1.6531735880549376,24.86109262996739,19.433780918984393,368864540.0,-121.64471849834588,-86.93468813718091,50.16500714444788,-0.29914716760761456,12948962304,8.733119,3.11,0.3401889,
2024-09-10,50.849998474121094,51.95000076293945,50.66999816894531,51.20000076293945,51.20000076293945,1419638,0,51.90900001525879,53.24580001831055,51.98156161976571,52.572378005389716,51.7314336869178,44.7928273939533,-0.5419754911867685,-0.41979786669328184,-0.12217762449348663,54.08467409245681,51.90900001525879,49.73332593806077,1.640089847529808,31.042837373151656,24.528727790946665,370284178.0,-54.319794662033416,-74.87436094208367,50.16575001578751,-0.3002226867170877,12948962304,8.733119,3.11,0.3401889,
2024-09-11,51.349998474121094,52.0,51.0,51.130001068115234,51.130001068115234,1194515,0,51.89750003814697,53.18900001525879,51.90046061484662,52.515814203927974,51.72544928275062,44.470426561981945,-0.5421710552799297,-0.4442725044106114,-0.09789855086931831,54.08704713627205,51.89750003814697,49.7079529400219,1.5943691441348218,45.97275066284535,33.95889355532145,369089663.0,-44.95774256982096,-76.04688565296208,50.166432558063406,-0.29623361928586184,12948962304,8.733119,3.11,0.3401889,
2024-09-12,51.70000076293945,51.7599983215332,51.0,51.18000030517578,51.18000030517578,854816,0,51.90400009155273,53.09340003967285,51.83184534725892,52.46342934515338,51.72002192973992,44.776176280209306,-0.5321571443591466,-0.46184943240031845,-0.07030771195882818,54.08419667533316,51.90400009155273,49.7238035077723,1.5347712282347064,54.646866156054756,43.8874847306839,369944479.0,-49.86613160297085,-75.20937713059242,50.16689498885251,-0.3029167897405717,12948962304,8.733119,3.11,0.3401889,
2024-09-13,51.22999954223633,52.720001220703125,51.20000076293945,51.7599983215332,51.7599983215332,1838404,0,51.99400005340576,53.00779998779297,51.82500277338028,52.435843814815335,51.72041970478264,48.33024594684294,-0.4719793707447266,-0.4638754200692001,-0.00810395067552655,53.98627927335461,51.99400005340576,50.001720833456915,1.5351447773270375,58.79677252181042,53.13879644690349,371782883.0,-17.445351666575746,-65.49416325505639,50.16839075620804,-0.2917736194391952,12948962304,8.733119,3.11,0.3401889,
2024-09-16,51.9900016784668,56.380001068115234,51.75,55.59000015258789,55.59000015258789,13628417,0,52.231000137329104,53.02639999389648,52.18357395235243,52.55953622021818,51.75892299282051,64.55329522531872,-0.11392564853254328,-0.3938854657618687,0.27995981722932545,54.69453332182291,52.231000137329104,49.7674669528353,1.756205940954766,69.79834741300738,61.08066203029083,385411300.0,150.6857924967322,-11.826360470601134,50.196501819845516,-0.02741706693008413,12948962304,8.733119,3.11,0.3401889,
2024-09-17,56.599998474121094,57.45000076293945,55.59000015258789,55.970001220703125,55.970001220703125,9136720,0,52.44500026702881,53.04540000915527,52.544186073147735,52.69327994572739,51.800824268719836,65.70386200408298,0.1982125455122059,-0.2754658635070538,0.4736784090192597,55.38154599670058,52.44500026702881,49.50845453735704,1.76361984591168,77.14357239495692,68.57956410992489,394548020.0,216.0959164035574,-19.096768286920362,50.222660019266876,-0.12009520011265136,12948962304,8.733119,3.11,0.3401889,
2024-09-18,56.20000076293945,56.380001068115234,54.400001525878906,54.97999954223633,54.97999954223633,2954742,0,52.51750030517578,53.04160003662109,52.77616830829903,52.78295522402186,51.83245785353095,60.21969917793445,0.3615319363474967,-0.14806630353614372,0.5095982398836404,55.6242792981305,52.51750030517578,49.41072131222106,1.7790755385062977,74.97476659878261,73.97222880224895,391593278.0,134.61607058888418,-31.870983492943548,50.229581281000875,-0.1883212161987373,12948962304,8.733119,3.11,0.3401889,
2024-09-19,55.27000045776367,55.77000045776367,52.25,52.75,52.75,2348531,0,52.47000026702881,52.97940002441406,52.77367608846102,52.78166286229551,51.84158762613263,50.07976275291141,0.30747700059734484,-0.056957642709446005,0.3644346433067909,55.53173187702737,52.47000026702881,49.40826865703025,1.903427318453253,54.51989104358426,68.87941001244126,389244747.0,50.247178246542944,-60.64517113470262,50.23325202909631,-0.18497894193766443,12948962304,8.733119,3.11,0.3401889,
2024-09-20,52.9900016784668,56.5,52.9900016784668,54.63999938964844,54.63999938964844,4084831,0,52.559000205993655,52.99020004272461,52.95142116476459,52.854538804544646,51.86943251930194,56.729840461680695,0.4123914381371634,0.03691217345987588,0.37547926467728754,55.761167547029245,52.559000205993655,49.356832864958065,2.035325367135164,45.73571221509172,58.410123285819516,393329578.0,99.28725071641664,-36.2580822360131,50.24174143491254,-0.16621376617349817,12948962304,8.733119,3.11,0.3401889,
2024-09-23,54.5099983215332,54.939998626708984,53.90999984741211,54.41999816894531,54.41999816894531,1532122,0,52.64750003814697,52.99599998474121,53.09128564135323,52.915929367854474,51.89481128198496,55.79805221404857,0.4723397868300836,0.12399769613391744,0.3483420906961662,55.95106678250221,52.64750003814697,49.343933293791736,1.9635163251467147,39.077484193372186,46.44436248401604,391797456.0,76.79329739343063,-39.096807664440526,50.24471355675204,-0.15385051218003107,12948962304,8.733119,3.11,0.3401889,
2024-09-24,54.41999816894531,55.43000030517578,52.900001525878906,53.27000045776367,53.27000045776367,1646811,0,52.66949996948242,52.98860000610352,53.10830610005899,52.929814508635225,51.908494756370814,51.075518975845036,0.42218736754275454,0.18363563041568487,0.23855173712706967,55.98347903098779,52.66949996948242,49.35552090797706,2.003979357586012,38.810825186019244,41.208007198161035,390150645.0,46.25529038663962,-53.935487808719756,50.24747850332881,-0.18078500637884828,12948962304,8.733119,3.11,0.3401889,
2024-09-25,53.290000915527344,53.45000076293945,52.349998474121094,52.95000076293945,52.95000076293945,1268065,0,52.67950000762939,52.93120002746582,53.0932294012857,52.930606126451075,51.91885800021727,49.8121547230905,0.35255586831407726,0.21741967799536335,0.1351361903187139,55.995596704815725,52.67950000762939,49.36340331044306,1.9394095669597513,27.400448284401254,35.09625255459754,388882580.0,3.708377826828938,-58.064516129032256,50.249046573761,-0.15468206331850035,12948962304,8.733119,3.11,0.3401889,
2024-09-26,52.79999923706055,54.7599983215332,52.650001525878906,53.81999969482422,53.81999969482422,2302999,0,52.69650001525879,52.918800048828125,53.162445619717936,52.96548430560296,51.93777483299943,53.201396335180206,0.3633851684041929,0.24661277607712925,0.11677239232706363,56.03226519140142,52.69650001525879,49.36073483911616,1.9515943690093618,25.297440031776972,30.50290450073247,391185579.0,42.71206136767432,-46.83872345955141,50.25277078250241,-0.0898112235313702,12948962304,8.733119,3.11,0.3401889,
2024-09-27,53.84000015258789,54.290000915527344,52.810001373291016,53.0,53.0,1140070,0,52.69300003051758,52.91380004882812,53.14697460831623,52.96683786224598,51.948344237646204,49.78857663585363,0.3023154401879182,0.25775330889928705,0.04456213128863118,56.02733689964368,52.69300003051758,49.35866316139148,1.9179090242398595,24.332080807862734,25.676656374680302,390045509.0,24.698777957552362,-65.63420443056101,50.25441284005963,-0.09625476633960928,12948962304,8.733119,3.11,0.3401889,
2024-09-30,52.900001525878906,53.349998474121094,52.04999923706055,52.79999923706055,52.79999923706055,981331,0,52.74300003051758,52.92900001525879,53.11392933486331,52.96029517106224,51.95681841674485,48.96355394777679,0.23506912000976143,0.2532164711213819,-0.01814735111162047,56.05216941866211,52.74300003051758,49.433830642373046,1.8737726108699087,26.238326112380054,25.2892823173399,389064178.0,-6.1435017941948535,-72.09303838531277,50.25553753182928,-0.07490846506277592,12948962304,8.733119,3.11,0.3401889,
2024-10-01,52.45000076293945,55.43000030517578,52.45000076293945,54.869998931884766,54.869998931884766,3343647,0,52.92800006866455,52.990199966430666,53.28117405838916,53.03518551462391,51.98580528754226,56.92024844696844,0.3448325870355333,0.2715396943042122,0.07329289273132111,56.27817318015535,52.92800006866455,49.577826957173755,1.9527888202532242,42.24173082267563,30.937379247639456,392407825.0,59.0376997490345,-40.000023657034504,50.26170296360233,-0.017883748705259793,12948962304,8.733119,3.11,0.3401889,
2024-10-03,53.70000076293945,54.70000076293945,52.5,52.77000045776367,52.77000045776367,1833059,0,53.0125,53.0,53.23249085832959,53.02478610062939,51.99360822455939,48.6361568784541,0.25937864347016415,0.2691074841374026,-0.009728840667238448,56.255503577170266,53.0125,49.76949642282974,1.98258954251262,42.307687966891145,36.92924830064893,390574766.0,10.523619053063982,-74.8800048828125,50.26429145457097,-0.04643893051257785,12948962304,8.733119,3.11,0.3401889,
2024-10-04,52.70000076293945,53.09000015258789,51.689998626708984,51.91999816894531,51.91999816894531,1465040,0,53.015499877929685,52.95119995117187,53.10749155457871,52.9814610837006,51.99287578619507,45.73474009808747,0.12166521571725042,0.23961903045337216,-0.11795381473612174,56.25434184474655,53.015499877929685,49.77665791111282,1.940976112753069,36.96114647368079,40.503521754415836,389109726.0,-46.96006199629419,-96.00695387264479,50.26562107672946,-0.07495304043351514,12948962304,8.733119,3.11,0.3401889,
2024-10-07,52.33000183105469,52.5099983215332,49.5099983215332,49.97999954223633,49.97999954223633,1608714,0,52.97399978637695,52.86479995727539,52.80963517245086,52.86375670952553,51.9728471668522,39.88629314215253,-0.1423741433789658,0.16322039568690455,-0.30559453906587036,56.343453151898764,52.97399978637695,49.60454642085514,2.01662067612785,11.796909767163934,30.355248069245274,387501012.0,-123.25385475301962,-94.08059098002137,50.265918225090026,-0.07603779935717543,12948962304,8.733119,3.11,0.3401889,
2024-10-08,50.0,51.27000045776367,49.779998779296875,51.16999816894531,51.16999816894531,931134,0,53.008499717712404,52.778999938964844,52.653479267355095,52.797334805973364,51.964858619609345,44.56879919838157,-0.2526914243763798,0.08003803167424767,-0.3327294560506275,56.28803198999759,53.008499717712404,49.728967445427216,1.9790050334377745,14.043151112349014,20.933735784397896,388432146.0,-122.37233054815805,-76.25179615441499,50.26612145169922,-0.0671042583486199,12948962304,8.733119,3.11,0.3401889,
2024-10-09,51.25,52.70000076293945,51.11000061035156,52.189998626708984,52.189998626708984,1300933,0,53.05799961090088,52.69239990234375,52.609338253960225,52.77351770090417,51.96709881868496,48.28708243867687,-0.2548751103005955,0.013055403279279024,-0.2679305135798745,56.25571537071606,53.05799961090088,49.8602838510857,1.9512189705199254,29.205827412751347,18.348629430754748,389733079.0,-61.58762460026806,-61.65951843142306,50.26715928951453,-0.05442438929832409,12948962304,8.733119,3.11,0.3401889,
2024-10-10,52.189998626708984,52.79999923706055,51.54999923706055,51.779998779296875,51.779998779296875,850709,0,53.09049949645996,52.600999908447264,52.530353542087525,52.734556174566634,51.96523712675075,46.92452115789933,-0.2863879562136873,-0.046833268619314236,-0.23955468759437304,56.22169458128682,53.09049949645996,49.959304411633106,1.9011319011970735,47.69535889133482,30.314779138811712,388882370.0,-62.88694143799036,-67.5250370145608,50.26785423742571,-0.04847394624944957,12948962304,8.733119,3.11,0.3401889,
2024-10-11,52.0,53.4900016784668,51.599998474121094,51.75,51.75,2478403,0,53.11899948120117,52.484199905395506,52.45603415712681,52.6959461285052,51.963095463798005,46.820417753151354,-0.31020689245744393,-0.09950799338694018,-0.21069889907050376,56.189914655989405,53.11899948120117,50.04808430641294,1.9003369942791186,57.10898328125298,44.670056528446366,386403967.0,-55.02531376602635,-62.162146488192164,50.270145224012154,-0.07593592861114906,12948962304,8.733119,3.11,0.3401889,
2024-10-14,52.0,52.47999954223633,51.099998474121094,51.720001220703125,51.720001220703125,767623,0,53.11699962615967,52.414199905395506,52.38593578222932,52.657673779179625,51.96067661560801,46.708821739991414,-0.32772639592614894,-0.14515167389478195,-0.182574722031367,56.19150225410511,53.11699962615967,50.042496998214226,1.8631701424102698,57.32677779548133,54.043706656023026,385636344.0,-83.37455065718753,-62.66888245516927,50.27067278041051,-0.07009796024738225,12948962304,8.733119,3.11,0.3401889,
2024-10-15,51.75,52.099998474121094,50.290000915527344,50.52000045776367,50.52000045776367,2064124,0,52.86349964141846,52.32219993591308,52.20822765608973,52.57384345284959,51.946341529460305,42.35945179864639,-0.433444285477421,-0.20281019621130975,-0.23063408926611123,55.91657220124656,52.86349964141846,49.810427081590355,1.8593721007090898,38.586671927667545,51.00747766813393,383572220.0,-113.71585006719611,-82.93915882087231,50.271335062097755,-0.3273176038836788,12948962304,8.733119,3.11,0.3401889,
2024-10-16,50.72999954223633,50.72999954223633,50.06999969482422,50.38999938964844,50.38999938964844,1054731,0,52.584499549865725,52.29559989929199,52.0350630592858,52.48820250919464,51.930855538019394,41.9042172116401,-0.5217026113803058,-0.266588679245109,-0.25511393213519684,55.466071714138316,52.584499549865725,49.702927385593135,1.7737026540450196,22.945108280600255,39.61951933458302,382517489.0,-133.6532745383349,-85.13512207349346,50.271395682271404,-0.2515036927317364,12948962304,8.733119,3.11,0.3401889,
2024-10-17,50.41999816894531,50.5,49.0099983215332,49.16999816894531,49.16999816894531,1788923,0,52.29399948120117,52.269799880981445,51.76219973639623,52.358076848792706,51.90338432041667,37.798768778546794,-0.6822275782106786,-0.3497164590382229,-0.3325111191724557,55.31889235066109,52.29399948120117,49.26910661174125,1.753438298646575,6.705205755501229,22.745661987922986,380728566.0,-160.38462339236057,-97.50779130879133,50.27081255425987,-0.26513468635992493,12948962304,8.733119,3.11,0.3401889,
2024-10-18,49.18000030517578,49.599998474121094,47.599998474121094,48.54999923706055,48.54999923706055,1805628,0,52.083999443054196,52.18959983825684,51.456275879316635,52.208740471862036,51.870017304661886,35.87517965291264,-0.8496789333624832,-0.44970895390307497,-0.39996997945940826,55.50971062157147,52.083999443054196,48.65828826453692,1.7710498487432482,10.7984525910326,13.482922209044672,378922938.0,-182.29401519306768,-87.86717061582743,50.269417573574685,-0.22288187042531757,12948962304,8.733119,3.11,0.3401889,
2024-10-21,48.70000076293945,49.4900016784668,47.04999923706055,47.18000030517578,47.18000030517578,1220050,0,51.710999488830566,52.09599983215332,51.049011538922265,52.011534975129244,51.8233504688461,31.999946138206102,-1.0804777283085514,-0.5758627087841702,-0.5046150195243811,55.542734810937006,51.710999488830566,47.87926416672413,1.8188321767906055,8.537641980876709,8.680433442470155,377702888.0,-182.84575476327183,-98.44867480256214,50.26809854522808,-0.2701719197154551,12948962304,8.733119,3.11,0.3401889,
2024-10-22,47.0,47.7400016784668,45.150001525878906,45.38999938964844,45.38999938964844,1487001,0,51.25949954986572,51.95299980163574,50.51005800089619,51.751866912953524,51.759337025271996,27.777917418138475,-1.3917819543247916,-0.7390465578922945,-0.6527353964324971,55.77503500871626,51.25949954986572,46.74396409101519,1.8739156036332687,8.780847322467764,9.372313964792335,376215887.0,-212.6879270689211,-97.48693316290357,50.26525993041312,-0.30874152072932876,12948962304,8.733119,3.11,0.3401889,
2024-10-23,45.29999923706055,46.380001068115234,44.4900016784668,45.380001068115234,45.380001068115234,1242934,0,50.8649995803833,51.82339981079102,50.02148115015515,51.50198982099908,51.6958610455988,27.75588888365282,-1.6206181005928713,-0.9153608664324098,-0.7052572341604615,55.9515325131087,50.8649995803833,45.77846664765789,1.8750644454914949,7.227987901984591,8.182159068442997,374972953.0,-196.4832767567366,-90.11111789279514,50.26250582735139,-0.2774469216448755,12948962304,8.733119,3.11,0.3401889,
2024-10-24,45.31999969482422,45.720001220703125,43.7400016784668,44.04999923706055,44.04999923706055,1906750,0,50.419999504089354,51.67719978332519,49.45276858700328,51.20975489613875,51.61978281864817,24.924367227554477,-1.887534109398807,-1.1097955150256893,-0.7777385943731177,56.20792805873989,50.419999504089354,44.63207094943882,1.8825598095446971,8.133249453350205,8.047361559267495,373066203.0,-186.1132715010278,-96.82053786057692,50.25749173885629,-0.3169661167410411,12948962304,8.733119,3.11,0.3401889,
2024-10-25,44.04999923706055,44.27000045776367,42.36000061035156,42.880001068115234,42.880001068115234,1335218,0,49.872999572753905,51.513799819946286,48.82679072806156,50.88309788327508,51.5328198161553,22.727821799856663,-2.1684791655654934,-1.3215322451336502,-0.8469469204318432,56.304297752570704,49.872999572753905,43.441701392937105,1.8845198122495124,9.130614267792936,8.163950541042553,371730985.0,-181.4096608183234,-95.32793883323743,50.25317338512027,-0.3550625109174613,12948962304,8.733119,3.11,0.3401889,
2024-10-28,43.189998626708984,44.04999923706055,42.15999984741211,43.66999816894531,43.66999816894531,1327764,0,49.40649948120117,51.38799980163574,48.335667627193345,50.600231227811165,51.45458278483978,27.381419159011138,-2.300861088529402,-1.5173980138128005,-0.7834630747166014,56.20583223410929,49.40649948120117,42.60716672829306,1.8849112106351498,13.214696505548774,10.159520075563947,373058749.0,-148.77190110742205,-86.67256771844104,50.24895903450585,-0.2996018092358738,12948962304,8.733119,3.11,0.3401889,
2024-10-29,43.790000915527344,45.380001068115234,43.61000061035156,44.5,44.5,1280325,0,48.991499519348146,51.26099983215332,47.970365948413026,50.361006473779355,51.385382956134904,32.014003687773794,-2.312147507878194,-1.6763479126258791,-0.635799595252315,55.92357030120112,48.991499519348146,42.059428737495175,1.8767032997157584,29.93475014662479,17.426686973322145,374339074.0,-104.12918073647681,-79.34686871652461,50.24560229153876,-0.3013438015736845,12948962304,8.733119,3.11,0.3401889,
2024-10-30,44.560001373291016,47.70000076293945,44.310001373291016,47.130001068115234,47.130001068115234,2292633,0,48.604499626159665,51.169799880981444,47.89033119790847,50.23430037943959,51.3430408477964,44.16802845017905,-2.084840229764744,-1.758046376053652,-0.32679385371109193,55.0260425780878,48.604499626159665,42.182956674231534,1.9847958775680927,57.40743867569258,33.518961775955354,376631707.0,-54.90435325740366,-56.13415342016342,50.241567185359756,-0.33070393612573235,12948962304,8.733119,3.11,0.3401889,
2024-10-31,47.13999938964844,48.56999969482422,46.900001525878906,48.130001068115234,48.130001068115234,1084252,0,48.37249965667725,51.061799926757814,47.91315689983293,50.15177883781902,51.31107030272495,47.97632236559547,-1.8032195391657169,-1.7670810086760649,-0.03613853048965199,54.504030320450816,48.37249965667725,42.24096899290368,1.9623103269521798,79.43238992574095,55.591526249352746,377715959.0,-15.77597197750736,-42.1511492515135,50.24039535553075,-0.27443078762202966,12948962304,8.733119,3.11,0.3401889,
2024-11-01,48.349998474121094,48.790000915527344,48.02000045776367,48.540000915527344,48.540000915527344,378258,0,48.20349979400635,50.95859992980957,47.97285632989906,50.088571860474254,51.28349747300159,49.497325983455035,-1.5293204970035177,-1.7195289063415555,0.19020840933803784,54.117050898199196,48.20349979400635,42.2899486898135,1.8771453362958577,93.02540225902196,76.6217436201518,378094217.0,3.1179981737614866,-35.814869722697566,50.240087213343244,-0.24542781940445557,12948962304,8.733119,3.11,0.3401889,
2024-11-04,48.439998626708984,49.04999923706055,47.099998474121094,47.34000015258789,47.34000015258789,1487772,0,48.071499824523926,50.848199920654295,47.91258431301228,49.980784734674785,51.24425869369399,45.32085206234708,-1.3930256331279693,-1.6542282516988382,0.2612026185708689,53.93821327833951,48.071499824523926,42.20478637070834,1.8823492953418288,85.97706453243893,86.14495223906727,376606445.0,-9.560779590894882,-39.55658705210689,50.238456830270934,-0.24708642965610852,12948962304,8.733119,3.11,0.3401889,
2024-11-05,47.09000015258789,48.77000045776367,46.709999084472656,48.31999969482422,48.31999969482422,1343843,0,47.92899990081787,50.7615998840332,47.951385777946754,49.915655909582604,51.21516158922763,49.098226075473434,-1.1921903702194143,-1.5618206754029536,0.36963030518353923,53.62367406842284,47.92899990081787,42.234325733212906,1.8950387294810564,83.13153524741142,87.3780006796241,377950288.0,-3.2072628182333665,-26.13909190996034,50.23704916991772,-0.24524227577637883,12948962304,8.733119,3.11,0.3401889,
2024-11-06,48.400001525878906,49.189998626708984,48.38999938964844,48.86000061035156,48.86000061035156,863626,0,47.7625,50.68219985961914,48.03792052389007,49.87425766255394,51.19172715162687,51.10272671109358,-0.9781775941068886,-1.4450920591437406,0.46691446503685197,53.13470210371109,47.7625,42.390297896288914,1.8218216010813215,79.95299003872606,83.02052993952545,378813914.0,28.128487843322272,-9.946209682257194,50.23649065617998,-0.26029816550536816,12948962304,8.733119,3.11,0.3401889,
2024-11-07,48.849998474121094,49.439998626708984,48.099998474121094,48.689998626708984,48.689998626708984,1251014,0,47.60799999237061,50.60099983215332,48.100023200349014,49.82781613173649,51.16683433048341,50.42943761417734,-0.8129178554590837,-1.3186572184068093,0.5057393629477256,52.67841081259681,47.60799999237061,42.53758917214441,1.7874057833317907,81.27341755740059,81.45264761451267,377562900.0,32.863205597284626,-10.914090749179294,50.23564263611844,-0.24299466469503464,12948962304,8.733119,3.11,0.3401889,
2024-11-08,48.38999938964844,48.5,46.63999938964844,46.91999816894531,46.91999816894531,1179864,0,47.36649990081787,50.4697998046875,47.98763986402485,49.71378405476429,51.1245772542492,43.93850816780079,-0.8153734488135029,-1.218000464488148,0.402627015674645,52.07173243472686,47.36649990081787,42.66126736690888,1.8061624585981304,56.407017655234675,72.54447508378709,376383036.0,-4.2923228891955,-34.61539670762227,50.23409959297719,-0.20821022550931562,12948962304,8.733119,3.11,0.3401889,
2024-11-11,46.900001525878906,47.040000915527344,45.54999923706055,45.72999954223633,45.72999954223633,1195347,0,47.06699981689453,50.322999801635746,47.77262650004499,49.557557211135745,51.07089986407992,40.19284061109083,-0.9029340070045606,-1.1549871729914305,0.2520531659868699,51.37111923128733,47.06699981689453,42.76288040250173,1.7835795457316066,29.051561659209934,55.577332290615054,375187689.0,-40.05407319449239,-50.961534430792575,50.23186219131278,-0.23501732411911813,12948962304,8.733119,3.11,0.3401889,
2024-11-12,46.13999938964844,46.650001525878906,44.75,45.04999923706055,45.04999923706055,615415,0,46.79349975585937,50.18799980163574,47.51332866547504,49.380790231760244,51.0109904051046,38.18941045399462,-1.0154907762907328,-1.127087893651291,0.1115971173605581,50.874584217427326,46.79349975585937,42.71241529429142,1.7918954014564137,7.0079303828321216,30.822169899092227,374572274.0,-55.23601086507403,-60.30219952966032,50.23053731336008,-0.20525625164052652,12948962304,8.733119,3.11,0.3401889,
2024-11-13,45.04999923706055,45.5,42.63999938964844,43.2400016784668,43.2400016784668,1266967,0,46.43599987030029,50.02939987182617,47.10634514290283,49.13997499437619,50.93366713419278,33.414992459894535,-1.2364910044649733,-1.1489685158140275,-0.0875224886509458,50.44630328822119,46.43599987030029,42.4256964523794,1.86818863066321,6.61579869369979,14.22509691191393,373305307.0,-108.6580664267807,-85.16480752543481,50.22684190956395,-0.23029442063917493,12948962304,8.733119,3.11,0.3401889,
2024-11-14,44.20000076293945,44.41999816894531,43.310001373291016,43.5,43.5,746006,0,46.152499961853025,49.87779983520508,46.76288370072161,48.91879950440065,50.85970029703663,34.67830888444981,-1.3748076589582112,-1.1941363444428643,-0.1806713145153469,50.15126407338971,46.152499961853025,42.15373585031634,1.8190320492214462,9.965304985896166,7.863011354142674,374051313.0,-100.89523366154495,-81.59340141101902,50.22465109814724,-0.20366809990665316,12948962304,8.733119,3.11,0.3401889,
2024-11-18,43.54999923706055,43.869998931884766,42.81999969482422,43.16999816894531,43.16999816894531,769342,0,45.88349990844726,49.703999786376954,46.42070412626672,48.69335631477495,50.7831858480009,33.80170225677971,-1.4938330168480647,-1.2540756789239045,-0.2397573379241602,49.92455585198471,45.88349990844726,41.84244396490982,1.7641011340670965,11.848254496959255,9.476452725518385,373281971.0,-107.00202803051198,-92.20589942998318,50.22223422369743,-0.2192082520888573,12948962304,8.733119,3.11,0.3401889,
2024-11-19,43.16999816894531,44.4900016784668,43.06999969482422,43.630001068115234,43.630001068115234,773373,0,45.70599994659424,49.560399780273436,46.154922882633244,48.49479336392555,50.71200988004183,36.22188103325403,-1.5333673763225946,-1.3099340184036425,-0.22343335791895202,49.814962947388764,45.70599994659424,41.597036945799715,1.739522623322488,17.136502478905534,12.983353987253631,374055344.0,-80.58225485076188,-85.44115015379403,50.21996157484728,-0.18442771127703958,12948962304,8.733119,3.11,0.3401889,
2024-11-21,43.709999084472656,43.84000015258789,42.54999923706055,42.75,42.75,877622,0,45.57399997711182,49.40579978942871,45.83064451285865,48.26950734965396,50.63278590113595,33.68475884983655,-1.6170668328964695,-1.3713605813022078,-0.24570625159426163,49.87998381830076,45.57399997711182,41.26801613592288,1.7074139299085491,14.504471919184398,14.496409631683042,373177722.0,-94.97282628242354,-97.09723104997751,50.21711316210651,-0.16317107042614531,12948962304,8.733119,3.11,0.3401889,
2024-11-22,42.75,43.4900016784668,42.61000061035156,43.20000076293945,43.20000076293945,591748,0,45.464999961853025,49.24579978942871,45.58010701286634,48.0707031697828,50.558827840059365,36.14774165030916,-1.6283177213976856,-1.4227520093213033,-0.2055657120763823,49.89372665986855,45.464999961853025,41.0362732638375,1.6483130112090265,21.65772808682736,17.766234161639076,373769470.0,-84.09583040660527,-90.56601475385511,50.21520813541357,-0.15573471365095773,12948962304,8.733119,3.11,0.3401889,
2024-11-25,43.97999954223633,44.349998474121094,43.5,43.900001525878906,43.900001525878906,673643,0,45.45750007629395,49.101199798583984,45.42009696648659,47.90714624257089,50.492570861808815,39.88781797689798,-1.5627356760698703,-1.4507487426710166,-0.11198693339885368,49.89628299318323,45.45750007629395,41.018717159404666,1.6127190612070703,36.62417850901662,24.262126171676105,374443113.0,-54.39247298830834,-80.40635111163277,50.21328947578708,-0.10520364829960453,12948962304,8.733119,3.11,0.3401889,
2024-11-26,43.9900016784668,44.689998626708984,43.90999984741211,44.4900016784668,44.4900016784668,611848,0,45.53800010681152,48.96739982604981,45.33151646286566,47.773140573390336,50.43284380525815,42.922461835266226,-1.446479238913497,-1.4498948419195128,0.0034156030060157327,49.84327398499201,45.53800010681152,41.23272622863104,1.5539532068944282,64.58239864954363,40.95476841512919,375054961.0,-42.4751201703331,-71.84321316020844,50.21167138028179,-0.06492495496842218,12948962304,8.733119,3.11,0.3401889,
2024-11-27,44.59000015258789,45.52000045776367,44.06999969482422,44.810001373291016,44.810001373291016,989915,0,45.59500026702881,48.82839988708496,45.28184835909664,47.65693903613154,50.37689512434306,44.5572889029848,-1.3133840006549917,-1.4225926736666086,0.10920867301161685,49.829442057431784,45.59500026702881,41.36055847662583,1.5465280323262156,78.7787738554518,59.99511700467067,376044876.0,-31.023225050232927,-67.19880498645755,50.20925066912339,-0.10415477054759839,12948962304,8.733119,3.11,0.3401889,
2024-11-28,44.9900016784668,45.900001525878906,44.27000045776367,44.52000045776367,44.52000045776367,763153,0,45.596000289916994,48.60699989318848,45.20929141611255,47.53392183697986,50.31861756547162,43.34561367055863,-1.217273741712134,-1.3815288872757137,0.16425514556357967,49.829416531813514,45.596000289916994,41.36258404802047,1.5524903920254312,74.93445091538979,72.76520780679506,375281723.0,-28.54085250039717,-71.4078171957045,50.20741927712732,-0.134027520852914,12948962304,8.733119,3.11,0.3401889,
2024-11-29,44.880001068115234,45.099998474121094,44.40999984741211,44.63999938964844,44.63999938964844,485432,0,45.47150020599365,48.38039985656738,45.15507312787787,47.420434682182545,50.26211390203059,44.023930461510076,-1.1185290514873287,-1.3289289201180368,0.21039986863070803,49.663393317742475,45.47150020599365,41.279607094244824,1.4908838373599707,60.54965052256821,71.42095843113658,375767155.0,-32.11830699824578,-64.87395151937129,50.20621554716395,-0.24131732883303633,12948962304,8.733119,3.11,0.3401889,
2024-12-02,44.7400016784668,45.439998626708984,44.5,45.27000045776367,45.27000045776367,580901,0,45.32850017547607,48.18619987487793,45.16601858786699,47.33610392828377,50.21244113144087,47.572909034353884,-0.9781617126696673,-1.258775478628363,0.2806137659586956,49.3390820395379,45.32850017547607,41.317918311414246,1.451534893742043,57.96543879763336,64.48318007853042,376348056.0,-15.210201921920765,-39.42093087074468,50.20486844602397,-0.25642692648678805,12948962304,8.733119,3.11,0.3401889,
2024-12-03,45.459999084472656,46.7400016784668,45.459999084472656,46.09000015258789,46.09000015258789,918036,0,45.2060001373291,48.052999877929686,45.254016832126126,47.287237113550596,50.17142181821845,51.85186244421133,-0.7916270788217616,-1.1653457986670426,0.37371871984528093,48.95806235607174,45.2060001373291,41.453937918586455,1.4528539170964059,63.83233919631643,60.78247617217264,377266092.0,32.22300288178382,-15.513153869684919,50.203166341268265,-0.25690327509251437,12948962304,8.733119,3.11,0.3401889,
2024-12-04,46.0099983215332,46.599998474121094,45.77000045776367,46.060001373291016,46.060001373291016,619107,0,45.14200019836426,47.881399917602536,45.33077726461802,47.23911022177571,50.13051216205002,51.68566418360281,-0.6388533842259037,-1.0600473157788148,0.4211939315529112,48.78845866292204,45.14200019836426,41.495541733806476,1.408364209900764,72.15557003266046,64.65111600887006,376646985.0,40.427776392535456,-16.22911477224723,50.20203230385179,-0.21531050314827385,12948962304,8.733119,3.11,0.3401889,
2024-12-05,46.060001373291016,46.470001220703125,45.22999954223633,45.529998779296875,45.529998779296875,789069,0,45.00250015258789,47.70359992980957,45.34975074220648,47.172086243639285,50.08473590948531,48.714804283886885,-0.5541579229184066,-0.9588694372067332,0.40471151428832663,48.353468774123876,45.00250015258789,41.65153153105191,1.396338314798338,65.39787147933836,67.1285935694384,375857916.0,29.864207501362387,-28.87833398884179,50.20044550429432,-0.29280612118512594,12948962304,8.733119,3.11,0.3401889,
2024-12-06,45.70000076293945,45.84000015258789,44.95000076293945,45.029998779296875,45.029998779296875,1156292,0,44.81100006103516,47.538799896240235,45.319298174310326,47.088082813665075,50.03444001764264,46.02697783899832,-0.5213719298949471,-0.871369935744376,0.349998005849429,47.658172490099496,44.81100006103516,41.96382763197082,1.3601712487162023,48.06628828322075,61.873243265073164,374701624.0,17.907271721872075,-40.81150126003292,50.19787728283895,-0.3529617160055585,12948962304,8.733119,3.11,0.3401889,
2024-12-09,45.22999954223633,45.650001525878906,44.900001525878906,45.060001373291016,45.060001373291016,915042,0,44.629500198364255,47.380999908447265,45.294603240879916,47.00855020816021,49.98494311570879,46.218731993447406,-0.4873499685477469,-0.7945659423050502,0.30721597375730325,46.8605753643839,44.629500198364255,42.39842503234461,1.3165875880936164,26.808290377191813,46.75748337991695,375616666.0,28.94467601481469,-40.09544931462949,50.19581793302718,-0.38285827806483214,12948962304,8.733119,3.11,0.3401889,
2024-12-10,45.189998626708984,45.68000030517578,44.93000030517578,45.33000183105469,45.33000183105469,718506,0,44.55000038146973,47.21119995117188,45.29797453518228,46.94272478160705,49.938625291980884,48.008874652858005,-0.4336022418752279,-0.7223732022190857,0.28877096034385785,46.55032031330956,44.55000038146973,42.549680449629896,1.2761170460869296,19.21682207539916,31.36380024527055,376335172.0,48.495289516445524,-33.65152806304535,50.19423768953895,-0.33951788965120805,12948962304,8.733119,3.11,0.3401889,
2024-12-11,45.369998931884766,45.959999084472656,45.11000061035156,45.279998779296875,45.279998779296875,685872,0,44.52750034332276,47.05679992675781,45.29626255843129,46.877519840339986,49.89227079931736,47.69226710376741,-0.39053971095435713,-0.65600650396614,0.2654667930117829,46.48386297615275,44.52750034332276,42.57113771049276,1.245680005232227,19.39782519488617,21.807645882492356,375649300.0,63.66628716077028,-35.351150643556814,50.19277238396003,-0.31880452764813366,12948962304,8.733119,3.11,0.3401889,
2024-12-12,45.29999923706055,45.470001220703125,44.560001373291016,44.869998931884766,44.869998931884766,624982,0,44.518500328063965,46.8981999206543,45.25566602256971,46.798793530204485,49.842297944915046,45.06781808892535,-0.385057206340349,-0.6018166444409818,0.2167594381006328,46.46680492126222,44.518500328063965,42.57019573486571,1.2217028511022185,23.88018379394957,20.831610354744942,375024318.0,27.553234512897806,-57.71610425420941,50.19130196162517,-0.30434461979255245,12948962304,8.733119,3.11,0.3401889,
2024-12-13,44.790000915527344,45.04999923706055,43.900001525878906,44.27000045776367,44.27000045776367,988177,0,44.57000026702881,46.68619995117187,45.1617931116358,46.69962517442249,49.786852198774234,41.4712488879511,-0.42423680657162066,-0.5663006768671096,0.14206387029548895,46.43298724785458,44.57000026702881,42.70701328620304,1.2165810553936058,21.435834953762207,21.571281314199293,374036141.0,-22.183787309201588,-86.97186929558394,50.188729706945225,-0.28482545088151595,12948962304,8.733119,3.11,0.3401889,
2024-12-16,44.5,45.349998474121094,43.45000076293945,43.68000030517578,43.68000030517578,1141104,0,44.579000282287595,46.50439994812012,45.020669987211036,46.58120851288341,49.72608750331554,38.23961563722714,-0.4971640063145699,-0.5524733427566016,0.05530933644203173,46.42286480056466,44.579000282287595,42.73513576401053,1.2653965308070367,16.422395981884353,20.57947157653202,372895037.0,-46.82152371412068,-93.00913440021148,50.18563562809572,-0.3015218434939323,12948962304,8.733119,3.11,0.3401889,
2024-12-17,43.5,45.5,43.4900016784668,44.66999816894531,44.66999816894531,1455606,0,44.6540002822876,46.359399948120114,44.98727267118573,46.50625908763093,49.675778156704894,45.86281750616516,-0.4696608260254109,-0.5359108394103635,0.06625001338495262,46.38082832634846,44.6540002822876,42.92717223822674,1.3185823730017627,25.243325278142123,21.03385207126287,374350643.0,-19.222068484631066,-62.918022294522366,50.18195072649996,-0.2577041220824513,12948962304,8.733119,3.11,0.3401889,
2024-12-18,44.689998626708984,45.22999954223633,43.56999969482422,44.0099983215332,44.0099983215332,831529,0,44.67300014495849,46.23999992370605,44.894198923599774,46.40836650856827,49.619402237946964,42.129396795901286,-0.4954100506519623,-0.5278106816586833,0.03240063100672097,46.362297022832955,44.67300014495849,42.98370326708403,1.3429693354596446,28.36193519790005,23.342552152642153,373519114.0,-52.24874477897857,-82.97880234771941,50.17974199930313,-0.27063810323032683,12948962304,8.733119,3.11,0.3401889,
2024-12-19,43.459999084472656,44.0,43.2400016784668,43.43000030517578,43.43000030517578,732122,0,44.707000160217284,46.085199966430665,44.754751436130825,46.29156783392543,49.55781614906367,39.115924800089,-0.5562058940357204,-0.5334897241340907,-0.022716169901629724,46.26216052052854,44.707000160217284,43.15183979990603,1.3020427145744133,28.109832071605126,27.238364182549077,372786992.0,-134.6326570749529,-94.57146780831472,50.17756411859125,-0.2583440651146958,12948962304,8.733119,3.11,0.3401889,
2024-12-20,43.5,43.95000076293945,42.349998474121094,42.560001373291016,42.560001373291016,1046351,0,44.67500019073486,45.892600021362306,44.54572762062227,46.145231894292706,49.488186151294784,35.06434377070444,-0.666901060551865,-0.5601719914176455,-0.10672906913421953,46.37268657980335,44.67500019073486,42.97731380166638,1.3233255413061238,14.1302482810879,23.534005183531004,371740641.0,-196.5939233343043,-95.21633836253154,50.17417055559136,-0.30951785651103086,12948962304,8.733119,3.11,0.3401889,
2024-12-23,43.369998931884766,43.369998931884766,41.400001525878906,41.83000183105469,41.83000183105469,1181593,0,44.57150020599365,45.69360008239746,44.287087069234886,45.976007185930435,49.41198531228742,32.06332927477354,-0.8042616124958784,-0.6089899156332921,-0.19527169686258627,46.65427927144293,44.57150020599365,42.48872114054437,1.3695163887846764,8.520532274550188,16.92020420908105,370559048.0,-232.39386354922627,-91.73075850898068,50.169942798804215,-0.3367262933664083,12948962304,8.733119,3.11,0.3401889,
2024-12-24,42.0,42.27000045776367,41.2599983215332,41.369998931884766,41.369998931884766,678176,0,44.41550006866455,45.486000061035156,44.00926915139202,45.795379411261976,49.331965547308286,30.303318859872384,-0.9394102920154737,-0.6750739909097284,-0.26433630110574524,46.92333143135896,44.41550006866455,41.90766870597014,1.3438367993165186,6.641789025834658,9.764189860490893,369880872.0,-221.7608428356316,-97.88866508367802,50.1673459160557,-0.38332506388613297,12948962304,8.733119,3.11,0.3401889,
2024-12-26,41.400001525878906,42.38999938964844,40.0099983215332,40.31999969482422,40.31999969482422,1122997,0,44.19099998474121,45.25800003051758,43.65791015552842,45.580658638068336,49.24229424529352,26.700524213255267,-1.1183511020938823,-0.7637294131465592,-0.35462168894732315,47.25875411431904,44.19099998474121,41.12324585516338,1.417848532802141,7.009355437322629,7.390558912569136,368757875.0,-211.20889296478384,-94.7898935539318,50.16268332596221,-0.42920766890257994,12948962304,8.733119,3.11,0.3401889,
2024-12-27,40.47999954223633,41.790000915527344,40.47999954223633,41.43000030517578,41.43000030517578,671953,0,44.036499977111816,45.07620002746582,43.445728265018644,45.41788772305294,49.16455997723265,35.439049481712246,-1.1572550943256346,-0.8424345493823743,-0.3148205449432603,47.325665520828665,44.036499977111816,40.74733443339497,1.4215737247950686,15.526962412757122,9.72603562530478,369429828.0,-155.28587229802665,-76.13442350314824,50.15999406051761,-0.3835088004671646,12948962304,8.733119,3.11,0.3401889,
2024-12-30,41.4900016784668,41.68000030517578,40.54999923706055,40.65999984741211,40.65999984741211,620129,0,43.8375,44.881600036621094,43.180420796675165,45.23130388479252,49.07993748837871,32.54090915955376,-1.2359718758179739,-0.9211420146694942,-0.31482986114847966,47.4246317688926,43.8375,40.250368231107394,1.4007471064607948,21.051790617969985,14.52936948934989,368809699.0,-139.00347007424975,-89.07560600785892,50.15743861595197,-0.3998684911082949,12948962304,8.733119,3.11,0.3401889,
2024-12-31,40.54999923706055,45.0,40.43000030517578,43.63999938964844,43.63999938964844,1240749,0,43.75599994659424,44.77100006103515,43.22419018648214,45.16889978694373,49.02580875107791,49.688835556292624,-1.0458386570843672,-0.9460813431524688,-0.09975731393189835,47.28280233381377,43.75599994659424,40.229197559374704,1.6271222913438965,42.71046835433959,26.42974046168888,370050448.0,-39.736353081440974,-38.99158650994995,50.15347459152419,-0.3780718190170195,12948962304,8.733119,3.11,0.3401889,
2025-01-01,43.5099983215332,44.25,43.40999984741211,43.88999938964844,43.88999938964844,716792,0,43.645999908447266,44.67780006408692,43.28760058678369,45.11874683018706,48.97470617036717,50.8183269344047,-0.8650124753747406,-0.9298675695969232,0.06485509422218261,47.00814428707814,43.645999908447266,40.28385552981639,1.5708992814327531,56.615424728331256,40.125894566880255,370767240.0,2.879771654046209,-29.326049510447337,50.15145182082016,-0.3758050082339744,12948962304,8.733119,3.11,0.3401889,
2025-01-02,44.0,45.099998474121094,43.95000076293945,44.25,44.25,898530,0,43.55549983978271,44.6192000579834,43.37925767375667,45.08467832704247,48.92769416867198,52.47298036406398,-0.6847638515528303,-0.8808468259881046,0.19608297443527434,46.74591303883899,43.55549983978271,40.36508664072643,1.5451206959356034,77.43324497726313,58.91971268664464,371665770.0,36.892630609373626,-22.768663348552746,50.14915257942936,-0.3833945492485901,12948962304,8.733119,3.11,0.3401889,
2025-01-03,44.439998626708984,45.0099983215332,44.25,44.5,44.5,662797,0,43.503999900817874,44.60140007019043,43.485995038160794,45.06174976519767,48.88363751027723,53.63945089496226,-0.5157968231846368,-0.8078368254274111,0.29204000224277427,46.59702662297197,43.503999900817874,40.41097317866378,1.4890405263354318,82.23543630386729,72.09470200315387,372328567.0,49.316929928547935,-18.214930678842197,50.14750320398615,-0.37609158347024574,12948962304,8.733119,3.11,0.3401889,
2025-01-06,44.29999923706055,44.650001525878906,41.5099983215332,41.720001220703125,41.720001220703125,959789,0,43.338500022888184,44.52820007324219,43.317805150783876,44.93070080266847,48.812357547196896,41.4551425026353,-0.5993035061656045,-0.7661301615750498,0.1668266554094453,46.441409819883084,43.338500022888184,40.23559022589328,1.606966431907594,65.52465313741953,75.0644448061833,371368778.0,-47.064937027266616,-68.8524157310007,50.14427526378518,-0.37368205340265936,12948962304,8.733119,3.11,0.3401889,
2025-01-07,41.869998931884766,42.33000183105469,41.22999954223633,41.43000030517578,41.43000030517578,1227546,0,43.15699996948242,44.475800094604494,43.13801421310691,44.79341843021778,48.738901256231514,40.42359104262961,-0.6810332766210792,-0.7491107845842556,0.06807750796317646,46.2605529310663,43.15699996948242,40.05344700789854,1.57075470740122,39.981066156053465,62.58038519911341,370141232.0,-86.96402226956933,-72.79690322656081,50.13962232771479,-0.3813591185218529,12948962304,8.733119,3.11,0.3401889,
2025-01-08,41.599998474121094,44.0,41.439998626708984,43.540000915527344,43.540000915527344,1758927,0,43.06749992370605,44.48900009155273,43.176298660956476,44.7442648021907,48.687170904582715,50.144248660141564,-0.5689863725724393,-0.7130859021818924,0.14409952960945305,46.01452392758444,43.06749992370605,40.12047591982766,1.6421293493600058,30.827037003640033,45.44425209903766,371900159.0,-12.656595816063318,-30.64828117540637,50.13400884522712,-0.30468311774263646,12948962304,8.733119,3.11,0.3401889,
2025-01-09,43.0,43.849998474121094,42.0099983215332,42.33000183105469,42.33000183105469,711067,0,42.920000076293945,44.46220016479492,43.09569896287059,44.649587822930464,48.62391549091577,45.554011774798106,-0.5712403049415755,-0.684716782733829,0.11347647779225345,45.699869877134205,42.920000076293945,40.140130275453686,1.6562629781619975,31.31951776212311,34.04254030727218,371189092.0,-21.518418661778977,-54.420364637082905,50.13165843556951,-0.3069940874021457,12948962304,8.733119,3.11,0.3401889,
2025-01-10,42.0099983215332,42.16999816894531,40.849998474121094,41.0,41.0,780349,0,42.72650012969971,44.39220016479492,42.89610858545434,44.506466731835154,48.54805563528477,41.100404231732526,-0.6725933575093208,-0.6822920976889273,0.00969874017960648,45.4750794251772,42.72650012969971,39.97792083422222,1.6436730052171116,30.912659631702407,31.0197381324885,370408743.0,-96.1898753654467,-80.55006583912471,50.128596651564465,-0.3253262093551861,12948962304,8.733119,3.11,0.3401889,
2025-01-13,40.81999969482422,41.20000076293945,38.099998474121094,38.290000915527344,38.290000915527344,1614251,0,42.42750015258789,44.21540016174316,42.45743166450892,44.26268375864661,48.445985439068274,33.84059934340069,-0.9605184013592591,-0.7379373584229937,-0.22258104293626546,45.69202318071936,42.42750015258789,39.16297712445642,1.7476965254743437,12.0894613281745,24.773879573999988,368794492.0,-191.02773150254632,-97.28567940848214,50.120726738203764,-0.3682332471952757,12948962304,8.733119,3.11,0.3401889,
2025-01-14,37.0,39.95000076293945,37.0,39.279998779296875,39.279998779296875,2640637,0,42.20750007629395,44.038400115966795,42.15481900877444,44.06728434769172,48.354781591707365,38.13935810937459,-1.0961804334611003,-0.809585973430615,-0.2865944600304853,45.69047468421882,42.20750007629395,38.72452546836907,1.8335753995789943,13.246398689462254,18.7495065497797,371435129.0,-179.5604349491787,-71.85186161971134,50.10734407977429,-0.2356150495409651,12948962304,8.733119,3.11,0.3401889,
2025-01-15,39.279998779296875,39.790000915527344,38.56999969482422,38.93000030517578,38.93000030517578,1003091,0,41.92050018310547,43.84620010375976,41.84769341795552,43.86582222837737,48.26100267343342,37.218636062146956,-1.2178963718358986,-0.8912480531116718,-0.32664831872422684,45.489429706556884,41.92050018310547,38.35157065965405,1.789748672516432,21.32232795861054,15.552729325415745,370432038.0,-141.76694516656124,-76.17283125000588,50.102426501726555,-0.27216503631088895,12948962304,8.733119,3.11,0.3401889,
2025-01-16,39.04999923706055,39.77000045776367,39.04999923706055,39.33000183105469,39.33000183105469,647865,0,41.68650035858154,43.6860001373291,41.60791326682211,43.68794691867844,48.17213699340975,39.030185608157616,-1.2674697474516137,-0.9664923919796602,-0.3009773554719535,45.29027201063607,41.68650035858154,38.08272870652701,1.7219094925215361,35.271451327864696,23.280059325312475,371079903.0,-114.48634516869798,-71.23453987678054,50.09933539367144,-0.26275743473560986,12948962304,8.733119,3.11,0.3401889,
2025-01-17,39.33000183105469,40.689998626708984,39.20000076293945,40.400001525878906,40.400001525878906,943413,0,41.5350004196167,43.5276001739502,41.49287405339895,43.559007883666695,48.094802312140786,43.70929150269274,-1.2065090860539982,-1.0144957307945277,-0.1920133552594705,45.08724177271746,41.5350004196167,37.98275906651594,1.7053443761821072,51.398448476142185,35.997409254205785,372023316.0,-74.18492857340522,-58.024664612695126,50.09513676914139,-0.21553054126925086,12948962304,8.733119,3.11,0.3401889,
2025-01-20,40.54999923706055,42.150001525878906,40.40999984741211,41.7400016784668,41.7400016784668,1320719,0,41.49400043487549,43.3852001953125,41.51641001769113,43.48767430699219,48.03157046503955,48.989085609572776,-1.038103893743397,-1.0192173633843016,-0.018886530359095488,45.0167797847502,41.49400043487549,37.97122108500078,1.7085340635976711,72.68633082949222,53.11874354449967,373344035.0,-8.451110875624295,-41.48144973593813,50.09004987287632,-0.14408057453969453,12948962304,8.733119,3.11,0.3401889,
2025-01-21,41.599998474121094,41.939998626708984,40.7599983215332,41.060001373291016,41.060001373291016,716569,0,41.4555004119873,43.23260025024414,41.47294252774826,43.39247144684705,47.962201618355486,46.60040069832818,-0.948577298542638,-1.0050893504159688,0.05651205187333086,44.97958000676096,41.4555004119873,37.93142081721364,1.6707816522818217,80.84810892894865,68.31096274486099,372627466.0,-15.104421286106303,-49.87651681339911,50.08723509070721,-0.1323039046479256,12948962304,8.733119,3.11,0.3401889,
2025-01-22,40.810001373291016,40.810001373291016,39.52000045776367,40.029998779296875,40.029998779296875,604812,0,41.38850040435791,43.09480026245117,41.335519313610035,43.26060977360979,47.88327422692207,43.166994117516126,-0.9497908306151572,-0.9940296464558065,0.04423881584064926,44.967065740711135,41.38850040435791,37.80993506800469,1.6614401710850735,64.40159644258598,72.64534540034225,372022654.0,-64.76379406269692,-62.17229195727348,50.08455608172343,-0.11341124717679082,12948962304,8.733119,3.11,0.3401889,
2025-01-23,39.599998474121094,40.22999954223633,39.29999923706055,39.40999984741211,39.40999984741211,597480,0,41.343000411987305,42.96840026855469,41.15213650730547,43.109605462778504,47.79896303906625,41.19927777185095,-0.9893763807298512,-0.9930989933106155,0.0037226125807642285,44.99709441828206,41.343000411987305,37.68890640569255,1.6091944663772668,36.09485341552383,60.448186262352785,371425174.0,-81.26060943166522,-68.49674030443771,50.08178531565521,-0.09793680369686884,12948962304,8.733119,3.11,0.3401889,
2025-01-24,39.40999984741211,40.0,38.54999923706055,38.720001220703125,38.720001220703125,510028,0,41.20750045776367,42.84180030822754,40.9205045752481,42.93746411995202,47.708625110525325,39.06504873633623,-1.0641583816029936,-1.007310870969091,-0.05684751063390259,45.035485986951755,41.20750045776367,37.37951492857559,1.5978234875602801,14.484583543850556,38.32701113398676,370915146.0,-95.35755920442777,-75.42855398995535,50.07929515349916,-0.13307476746920396,12948962304,8.733119,3.11,0.3401889,
2025-01-27,38.72999954223633,38.959999084472656,35.95000076293945,36.290000915527344,36.290000915527344,1841961,0,40.989000511169436,42.70280029296875,40.47950422670327,42.67677928840595,47.595006959331315,32.65027861206539,-1.30446728547372,-1.0667421538700168,-0.23772513160370323,45.37521907286215,40.989000511169436,36.60278194947672,1.698693118558346,5.839005654265556,18.806147537879948,369073185.0,-153.2410571671624,-95.77639521973369,50.06865725976151,-0.168772895613837,12948962304,8.733119,3.11,0.3401889,
2025-01-28,36.529998779296875,38.79999923706055,35.61000061035156,38.15999984741211,38.15999984741211,1817213,0,40.715000534057616,42.596000289916994,40.25859904772316,42.49965068287678,47.501126291551024,40.717744862960274,-1.3287040641910437,-1.1191345359342222,-0.2095695282568215,45.08920894947153,40.715000534057616,36.340792118643705,1.805214940569106,19.812281814179237,13.378623670765085,370890398.0,-119.82438257786376,-69.05339929428082,50.05854733819684,-0.13768734220364567,12948962304,8.733119,3.11,0.3401889,
2025-01-29,36.209999084472656,39.79999923706055,36.209999084472656,38.689998626708984,38.689998626708984,1200315,0,40.455000495910646,42.50640029907227,40.109208531436096,42.35025256302706,47.41345337946304,42.80872230295482,-1.2902719618269032,-1.1533620211127584,-0.13690994071414475,44.65824949882299,40.455000495910646,36.2517514929983,1.9326995985704478,40.460403421688646,22.037230296711115,372090713.0,-86.30418730021165,-53.0487932526354,50.05225614191443,-0.11888568254927416,12948962304,8.733119,3.11,0.3401889,
2025-01-30,39.54999923706055,39.599998474121094,38.41999816894531,39.08000183105469,39.08000183105469,1000332,0,40.196500587463376,42.41540031433105,40.01118884568549,42.22200743628305,47.33053346355848,44.36382782247539,-1.2143460196071771,-1.165558820811642,-0.04878719879553506,44.056258790807135,40.196500587463376,36.33674238411962,1.8789353633279717,64.9161325978386,41.729605944568796,373091045.0,-51.56392648352817,-46.94188478682611,50.047372770412245,-0.09403882872298415,12948962304,8.733119,3.11,0.3401889,
2025-01-31,39.0,39.54999923706055,38.72999954223633,39.439998626708984,39.439998626708984,729459,0,39.94350051879883,42.34920028686523,39.95678977721153,42.112909051593874,47.25202067911222,45.82809167628664,-1.1123034883616612,-1.154907754321646,0.04260426595998479,43.26797564336915,39.94350051879883,36.61902539422851,1.8032971012919894,79.03935176580639,61.47196259511119,373820504.0,-37.33235411762481,-41.43734739754856,50.043881229262674,-0.06014996092215249,12948962304,8.733119,3.11,0.3401889,
2025-02-01,39.70000076293945,40.25,38.79999923706055,39.15999984741211,39.15999984741211,604389,0,39.81550045013428,42.268400268554686,39.88090502199254,41.99710869064557,47.1715030588963,44.83961559203708,-1.0420158979751903,-1.1323293830523549,0.09031348507716452,43.05250253465823,39.81550045013428,36.57849836561033,1.7780616485525225,82.32001015495437,75.42516483953308,373216115.0,-24.17030155913802,-45.718673698774275,50.04103375091122,-0.03744036115063345,12948962304,8.733119,3.11,0.3401889,
2025-02-03,38.58000183105469,38.970001220703125,37.61000061035156,37.79999923706055,37.79999923706055,520838,0,39.63400039672852,42.14640022277832,39.68272351866568,41.832516163053995,47.078254264649175,40.29353235320675,-1.0835625251594152,-1.1225760114737668,0.03901348631435164,42.89552465530186,39.63400039672852,36.37247613815517,1.7617714763030956,69.09104732943979,76.81680308340015,372695277.0,-85.61304539233184,-66.51378715392126,50.03828678442964,-0.019846240325281244,12948962304,8.733119,3.11,0.3401889,
2025-02-04,38.29999923706055,38.720001220703125,38.13999938964844,38.5099983215332,38.5099983215332,269288,0,39.38250026702881,42.02680015563965,39.57103540465307,41.70222134573945,46.992997986608216,43.5133038081502,-1.047126906953693,-1.1074861905697522,0.060359283616059134,42.13674051630704,39.38250026702881,36.62826001775058,1.7016450839702013,49.98529169585856,67.13211639341755,372964565.0,-64.3878810379885,-55.657533559415356,50.036906354723065,-0.07375127046454605,12948962304,8.733119,3.11,0.3401889,
2025-02-05,38.779998779296875,39.20000076293945,38.400001525878906,38.599998474121094,38.599998474121094,369748,0,39.19600009918213,41.90260009765625,39.478555696983356,41.580565546852455,46.909485553648146,43.92609895137111,-0.9994679129170834,-1.0858825350392185,0.08641462212213513,41.610874592299815,39.19600009918213,36.78112560606444,1.6372418091909402,36.982396176156236,52.019578400484825,373334313.0,-40.939046874223266,-54.28138462992192,50.03505675196104,-0.060895119582973195,12948962304,8.733119,3.11,0.3401889,
2025-02-06,37.900001525878906,39.400001525878906,37.900001525878906,38.38999938964844,38.38999938964844,573906,0,39.06550006866455,41.780000076293945,39.37488366771336,41.455445305393475,46.82471454704118,43.134022316827284,-0.9674903612176493,-1.0622041002749048,0.09471373905725544,41.355159887496704,39.06550006866455,36.77584024983239,1.6274388228201586,33.71205772139214,40.22658186446895,372760407.0,-48.524785186369954,-56.082154021011576,50.03214391610677,-0.04084689012239369,12948962304,8.733119,3.11,0.3401889,
2025-02-07,38.439998626708984,38.59000015258789,37.95000076293945,38.09000015258789,38.09000015258789,420499,0,39.05550003051758,41.649000091552736,39.25251380912999,41.32346706410698,46.73780196600185,41.96971397656878,-0.9553427557346907,-1.0408318313668619,0.08548907563217112,41.3603172277964,39.05550003051758,36.750682833238756,1.5569074347364642,31.286982019579515,33.99381197237593,372339908.0,-71.56087092178562,-52.30770810821121,50.02994490705926,0.020850994962548313,12948962304,8.733119,3.11,0.3401889,
2025-02-10,38.0,38.400001525878906,37.720001220703125,37.849998474121094,37.849998474121094,400431,0,38.984000015258786,41.500600051879886,39.11894092008152,41.18725260959773,46.64936611036124,41.01586689143413,-0.9540837371202073,-1.023482212517531,0.06939847539732358,41.34457201521969,38.984000015258786,36.62342801529788,1.4942712111964156,21.36631621742221,28.78845198613125,371939477.0,-82.80504284645065,-51.72417762022053,50.02781264255772,-0.08117109415841912,12948962304,8.733119,3.11,0.3401889,
2025-02-11,37.599998474121094,37.849998474121094,35.619998931884766,35.90999984741211,35.90999984741211,755214,0,38.8329999923706,41.297000045776365,38.813327484589195,40.98030152088457,46.542506744560754,34.24151768686989,-1.0969823025913996,-1.0381822305323047,-0.05880007205909488,41.54784959262417,38.8329999923706,36.11815039211704,1.5468232348421238,14.075170047425749,22.242822761475782,371184263.0,-168.46527357329168,-93.53449835080093,50.02328237590903,-0.09176203609905093,12948962304,8.733119,3.11,0.3401889,
2025-02-12,36.04999923706055,36.290000915527344,34.04999923706055,35.18000030517578,35.18000030517578,1301675,0,38.62549991607666,41.07940002441406,38.46729632464506,40.752838728111676,46.42944697899473,32.09349646401867,-1.2546722270268091,-1.0814802298312056,-0.17319199719560352,41.75881483844651,38.62549991607666,35.492184993706815,1.5963359808153148,12.177137742875928,15.872874669241256,369882588.0,-210.92797439035195,-81.77417856349594,50.01474112414743,-0.07869501572863304,12948962304,8.733119,3.11,0.3401889,
2025-02-13,35.290000915527344,36.20000076293945,35.2599983215332,35.560001373291016,35.560001373291016,508677,0,38.38349990844726,40.880000076293946,38.190411091182774,40.549198047530474,46.32129329137579,34.400421714771085,-1.33360672960346,-1.1319055297856564,-0.20170119981780354,41.67486610783957,38.38349990844726,35.092133709054956,1.5551691577401974,20.684478374614244,15.645595388305267,370391265.0,-158.06617209386022,-75.64512983197491,50.01151834698648,-0.12814735072216288,12948962304,8.733119,3.11,0.3401889,
2025-02-14,35.88999938964844,35.93000030517578,34.0,34.150001525878906,34.150001525878906,607200,0,38.003999900817874,40.66240013122559,37.805610180201455,40.29824916432845,46.200185910624576,30.288716629778285,-1.4927308236709962,-1.2040705885627243,-0.2886602351082719,41.40815784661756,38.003999900817874,34.599841955018185,1.5819428111284533,19.263527634106914,17.375047917198987,369784065.0,-185.46762936144205,-97.5999755859375,50.007410455421706,-0.21300470231464577,12948962304,8.733119,3.11,0.3401889,
2025-02-17,34.150001525878906,35.130001068115234,33.43000030517578,33.779998779296875,33.779998779296875,839352,0,37.63999977111816,40.4368000793457,37.42221861821054,40.04263150217035,46.07660195906907,29.299064618508837,-1.6299054090789298,-1.2892375526659654,-0.3406678564129644,41.21196212215672,37.63999977111816,34.068037420079605,1.590375521972096,14.862532480333465,18.2701794963515,368944713.0,-177.79664963336128,-94.86805733456686,50.001520684610696,-0.22046142509107858,12948962304,8.733119,3.11,0.3401889,
2025-02-18,33.75,33.939998626708984,32.84000015258789,33.4900016784668,33.4900016784668,1020119,0,37.31299991607666,40.20000007629395,37.047721766806376,39.785665626730996,45.951362155281984,28.512718658364903,-1.7419376260991797,-1.3797775673526083,-0.3621600587465714,41.13834659297143,37.31299991607666,33.487653239181896,1.5553485899827388,10.056088324132489,14.727382812857583,367924594.0,-172.92661587044898,-91.22804940264723,49.99405772179613,-0.19505689471237958,12948962304,8.733119,3.11,0.3401889,
2025-02-19,33.36000061035156,34.84000015258789,33.27000045776367,34.29999923706055,34.29999923706055,674624,0,37.05749988555908,39.98040008544922,36.78603390683058,39.57054145458706,45.8354281958967,33.852779911299216,-1.745245824206151,-1.4528712187233168,-0.2923746054828342,40.97008330473355,37.05749988555908,33.144916466384615,1.556395097471416,23.403828792606646,16.10748319902416,368599218.0,-121.72638715182435,-80.29690803593537,49.98933831237887,-0.15235557965332752,12948962304,8.733119,3.11,0.3401889,
2025-02-20,34.47999954223633,35.0,34.11000061035156,34.7400016784668,34.7400016784668,461026,0,36.858499908447264,39.77780014038086,36.59117369460546,39.38110852219018,45.72502594199192,36.622333434058895,-1.6928489661526385,-1.5008667682091812,-0.19198219794345728,40.81719697927002,36.858499908447264,32.899802837624506,1.508795404055489,41.260561689120834,24.906826268619948,369060244.0,-89.88421574656789,-71.03656816880031,49.986212372956885,-0.11625212325829679,12948962304,8.733119,3.11,0.3401889,
2025-02-21,34.849998474121094,35.779998779296875,33.86000061035156,34.16999816894531,34.16999816894531,675324,0,36.75249977111817,39.57580009460449,36.360585549304496,39.176751253435484,45.61005054126509,34.60119355176029,-1.6779759360594113,-1.5362886017792272,-0.1416873342801841,40.87649158509596,36.75249977111817,32.62850795714037,1.5381670301190478,50.059704731169035,38.241365070965465,368384920.0,-79.93657103683398,-79.72564423884884,49.98163173148873,-0.05977881544283553,12948962304,8.733119,3.11,0.3401889,
2025-02-24,34.279998779296875,34.279998779296875,33.650001525878906,33.939998626708984,33.939998626708984,472355,0,36.54149971008301,39.38100006103516,36.13005346143826,38.97138840532856,45.49393062171727,33.79082372230665,-1.66554858609571,-1.5621405986425239,-0.10340798745318613,40.78591317053145,36.54149971008301,32.29708624963457,1.4732977603546848,48.047233314887585,46.455833245059104,367912565.0,-91.47789730192842,-83.23173408774383,49.97829476656834,-0.14974189696777157,12948962304,8.733119,3.11,0.3401889,
2025-02-25,33.91999816894531,34.4900016784668,33.70000076293945,33.83000183105469,33.83000183105469,454839,0,36.29849987030029,39.164200134277344,35.911000925211255,38.76976540241586,45.37787162877535,33.388086785076275,-1.64560612083622,-1.5788337030812631,-0.0667724177549569,40.579397505767155,36.29849987030029,32.017602234833426,1.4244908428670175,34.987935688370605,44.3649579114757,367457726.0,-81.16520392952796,-84.90851415828082,49.97509288107524,-0.21884777030603966,12948962304,8.733119,3.11,0.3401889,
2025-02-27,33.84000015258789,34.16999816894531,33.209999084472656,33.4900016784668,33.4900016784668,479696,0,36.018999862670896,38.953800201416016,35.68042956837845,38.56271584461393,45.2595843655882,32.11399481475769,-1.6383508554309714,-1.5907371335512048,-0.047613721879766535,40.266797566829716,36.018999862670896,31.771202158512075,1.391312860124563,23.540267342833427,35.52514544869717,366978030.0,-85.66694687575456,-88.69562563688858,49.971636371725396,-0.2544777257326064,12948962304,8.733119,3.11,0.3401889,
2025-02-28,33.0,33.439998626708984,31.270000457763672,31.59000015258789,31.59000015258789,1525954,0,35.62649993896484,38.71700019836426,35.290864862112684,38.28927601355409,45.123568602274766,26.116344346156623,-1.7655629389536003,-1.625702294631684,-0.13986064432191636,39.98655977257877,35.62649993896484,31.266440105350913,1.4505048858801746,13.43373667357381,23.987313234925907,365452076.0,-126.48724485805019,-95.51192641113015,49.95962698115215,-0.36324815034691393,12948962304,8.733119,3.11,0.3401889,
2025-03-03,31.729999542236328,32.33000183105469,30.110000610351562,30.84000015258789,30.84000015258789,1313232,0,35.210499954223636,38.482600173950196,34.86697298501508,37.997147548418155,44.9814435430739,24.195412948509425,-1.9049392102154457,-1.6815496777484362,-0.22338953246700943,39.727455734820865,35.210499954223636,30.693544173626407,1.5054689097960996,11.552345189128397,16.175449735178503,364138844.0,-149.79533570531729,-90.56847876336747,49.9487228228812,-0.3550256168517843,12948962304,8.733119,3.11,0.3401889,
2025-03-04,30.260000228881836,31.610000610351562,30.260000228881836,30.790000915527344,30.790000915527344,901988,0,34.86000003814697,38.26180015563965,34.47868993077815,37.71451434712832,44.840235158720205,24.068316917696222,-1.9964169777192637,-1.7445231377426018,-0.2518938399766619,39.60115493988272,34.86000003814697,30.11884513641122,1.4943640149156445,13.09570301417758,12.693928292293222,363236856.0,-144.81140942501912,-88.99675935927904,49.9411586361679,-0.3324326844166124,12948962304,8.733119,3.11,0.3401889,
2025-03-05,30.790000915527344,31.899999618530273,30.770000457763672,31.549999237060547,31.549999237060547,1111872,0,34.51200008392334,38.06540016174316,34.199767007566955,37.472768656537426,44.707994005270855,30.080487315126803,-1.9847097559236602,-1.7925604613788135,-0.19214929454484664,39.1510579081575,34.51200008392334,29.87294225968918,1.4683379539049988,22.553245762167695,15.73376465515785,364348728.0,-120.23780099849873,-76.35470294533458,49.93209682830886,-0.2901317667516043,12948962304,8.733119,3.11,0.3401889,
2025-03-06,31.600000381469727,32.529998779296875,31.600000381469727,32.209999084472656,32.209999084472656,803708,0,34.19250011444092,37.90320014953613,34.010265300605596,37.2663855360643,44.58363584685495,34.901054019526754,-1.900270095681428,-1.8141023882393363,-0.08616770744209168,38.5318586070333,34.19250011444092,29.85314162184854,1.433456638785808,38.01871331407717,24.55588736347411,365152436.0,-87.90250811498589,-63.91755009903793,49.92580174072984,-0.2534429835037728,12948962304,8.733119,3.11,0.3401889,
2025-03-07,32.0,33.900001525878906,32.0,32.7599983215332,32.7599983215332,2051377,0,33.91100006103515,37.729800109863284,33.89119225497966,37.089664468827785,44.46598771227464,38.6942382172626,-1.7685835840374509,-1.8049986273989593,0.03641504336150847,37.83524205806179,33.91100006103515,29.986758064008523,1.4667812735781722,56.15059655044555,38.9075185422301,367203813.0,-51.774937324780126,-53.262811870103796,49.91045106488058,-0.24372080365961593,12948962304,8.733119,3.11,0.3401889,
2025-03-10,32.939998626708984,33.75,32.599998474121094,32.79999923706055,32.79999923706055,1819456,0,33.64650001525879,37.57260009765625,33.787269110415934,36.92144230287613,44.34990822495907,38.972751743132534,-1.6420646362510993,-1.7724118291693873,0.130347192918288,37.09235119711493,33.64650001525879,30.200648833402646,1.4441541487425105,67.58799650704118,53.9191021238546,369023269.0,-36.72797088132374,-52.55732812327599,49.89698941310002,-0.2772288869915808,12948962304,8.733119,3.11,0.3401889,
2025-03-11,32.36000061035156,32.59000015258789,31.639999389648438,31.760000228881836,31.760000228881836,1065952,0,33.34200010299683,37.335000114440916,33.59419588360316,36.71903280977831,44.22463550858019,34.574783003117275,-1.607190001045268,-1.7393674635445635,0.13217746249929552,36.28833783165207,33.34200010299683,30.395662374341583,1.4238574129331962,57.11010319316373,60.28289875021679,367957317.0,-79.89800427242444,-70.89946822968388,49.88862023135568,-0.29658964834760176,12948962304,8.733119,3.11,0.3401889,
2025-03-12,31.700000762939453,32.13999938964844,31.06999969482422,31.65999984741211,31.65999984741211,803793,0,33.12950010299683,37.09040012359619,33.409986737299256,36.520639360273755,44.09961425822031,34.17542862295531,-1.5695282517443232,-1.7053996211845155,0.1358713694401923,35.91287601109663,33.12950010299683,30.34612419489703,1.3985818616396979,40.75253032450684,55.15021000823722,367153524.0,-89.5710519775035,-72.66314395743684,49.88218295540063,-0.26187528243829106,12948962304,8.733119,3.11,0.3401889,
2025-03-13,31.31999969482422,32.45000076293945,30.670000076293945,30.790000915527344,30.790000915527344,1295214,0,32.9100001335144,36.821200141906736,33.160464278082884,36.29590844087193,43.96718029461143,30.838173678220322,-1.5915364455563932,-1.682626986058891,0.09109054050249776,35.704316073630686,32.9100001335144,30.115684193398117,1.425826063425827,18.730872632940336,38.8645020502036,365858310.0,-96.33676029489985,-88.00704541845964,49.87163798973242,-0.3219147885170001,12948962304,8.733119,3.11,0.3401889,
2025-03-17,30.700000762939453,31.170000076293945,30.0,30.260000228881836,30.260000228881836,1265846,0,32.64500007629395,36.536400146484375,32.8842296067304,36.059206158048795,43.830790443211136,28.9814875838056,-1.6329214220298063,-1.672685873253074,0.03976445122326777,35.388592618313794,32.64500007629395,29.901407534274103,1.4075527786306927,10.498860823498164,23.327421260315077,364592464.0,-126.74440089678728,-94.20935118735594,49.86088537694352,-0.33594102437767565,12948962304,8.733119,3.11,0.3401889,
2025-03-19,31.260000228881836,32.70000076293945,31.100000381469727,32.290000915527344,32.290000915527344,1381377,0,32.55200004577637,36.34780014038086,32.8276363980444,35.911394187753835,43.71595671656752,43.10983756414405,-1.48479938104974,-1.6351085748124072,0.15030919376266727,35.209988575115844,32.55200004577637,29.89401151643689,1.481299046875473,31.821119595901994,20.35028435078013,365973841.0,-36.62102332558495,-48.99777150396719,49.85010419347696,-0.26510261510506644,12948962304,8.733119,3.11,0.3401889,
2025-03-20,32.5,33.099998474121094,32.150001525878906,32.22999954223633,32.22999954223633,1188826,0,32.47450008392334,36.16380012512207,32.770718602253154,35.76702577028256,43.60166858547964,42.838565866260176,-1.356614992612215,-1.5794098583723688,0.22279486576015373,35.074503686363634,32.47450008392334,29.874496481483042,1.4433488969730954,54.56122290212147,32.29373444050717,364785015.0,-5.9495030041528025,-46.52276927017583,49.84107721047866,-0.28447135228354503,12948962304,8.733119,3.11,0.3401889,
2025-03-21,32.22999954223633,33.400001525878906,32.0099983215332,33.040000915527344,33.040000915527344,1233338,0,32.452000045776366,35.95380012512207,32.796364536850696,35.66008361911569,43.4965773648831,47.62953908745524,-1.1761101343702833,-1.4987499135719518,0.3226397792016684,35.02410098979867,32.452000045776366,29.879899101754063,1.439538490356853,82.05402692525307,56.14545647442548,366018353.0,16.00769319809103,-22.051289073733177,49.8318965204938,-0.26208500295798126,12948962304,8.733119,3.11,0.3401889,
2025-03-24,33.45000076293945,34.189998626708984,33.349998474121094,33.560001373291016,33.560001373291016,1921853,0,32.41500015258789,35.7784001159668,32.869091854606914,35.57772745261276,43.397705961981686,50.49798183716874,-0.9798044666455112,-1.3949608241866636,0.4151563575411523,34.89950019968231,32.41500015258789,29.93050010549348,1.4188570061300523,82.10383903961481,72.90636295566308,367940206.0,74.35873938593008,-15.035738899819098,49.818352052558694,-0.3000830668802176,12948962304,8.733119,3.11,0.3401889,
2025-03-25,33.810001373291016,33.97999954223633,31.860000610351562,32.47999954223633,32.47999954223633,1356655,0,32.30200004577637,35.608000106811524,32.83203544390496,35.45624792671565,43.28907206725785,44.98673668013289,-0.9009918591772461,-1.2961670311847802,0.39517517200753405,34.547302464721014,32.30200004577637,30.05669762683172,1.468938572255389,73.01206832777392,79.0566447642139,366583551.0,23.046135887564176,-40.811447373092996,49.808255667105975,-0.3211032191954095,12948962304,8.733119,3.11,0.3401889,
2025-03-26,32.459999084472656,32.650001525878906,31.0,31.170000076293945,31.170000076293945,1546989,0,32.1520001411438,35.465600090026854,32.673746361275334,35.28815977571872,43.16848428625323,39.373526176031646,-0.933477758196922,-1.2236291765872085,0.29015141839028646,34.27562545072844,32.1520001411438,30.028374831559162,1.4818716403713543,44.984537255983135,66.70014820779058,365036562.0,-53.327640563632954,-72.07636134208195,49.79596989957243,-0.34156927486169597,12948962304,8.733119,3.11,0.3401889,
2025-03-27,31.290000915527344,32.599998474121094,30.770000457763672,31.809999465942383,31.809999465942383,3867149,0,32.04550018310547,35.31620010375977,32.591484752196,35.15176133219808,43.0554645367974,43.10833686355872,-0.8972376678478184,-1.1583508748393305,0.2611132069915121,34.00723937748165,32.04550018310547,30.083760988729278,1.5067378100846447,26.799564891112208,48.26539015828971,368903711.0,-38.90825016875411,-56.8019078955155,49.765532613460714,-0.2785753465118369,12948962304,8.733119,3.11,0.3401889,
2025-03-28,31.799999237060547,33.099998474121094,31.040000915527344,31.18000030517578,31.18000030517578,1817719,0,31.913000106811523,35.16120010375977,32.4570576620036,34.99600599780505,42.93730071359719,40.465694593249836,-0.9088758472896146,-1.1084558693293873,0.19958002203977276,33.72714573693951,31.913000106811523,30.098854476683535,1.5462563635495807,15.9089361156216,29.231012754238943,367085992.0,-29.089284672268914,-71.8376923167966,49.751298157350114,-0.30938511638976224,12948962304,8.733119,3.11,0.3401889,
2025-04-01,31.239999771118164,32.689998626708984,31.239999771118164,32.52000045776367,32.52000045776367,1066902,0,31.864500045776367,35.02500007629394,32.46305221398075,34.89890774133284,42.83364598468342,47.79612405087406,-0.8007419204658959,-1.046913079556689,0.24617115909079312,33.55506753553872,31.864500045776367,30.173932556014012,1.5436665034055537,32.304933187090334,25.00447806460801,368152894.0,16.330207191914077,-39.85677127195159,49.7431286194442,-0.26854291061209545,12948962304,8.733119,3.11,0.3401889,
2025-04-02,32.599998474121094,32.84000015258789,31.68000030517578,32.61000061035156,32.61000061035156,579270,0,31.91550006866455,34.8692000579834,32.4770472993494,34.809146677372794,42.73191817001345,48.256950323398684,-0.699716844024735,-0.9774738324502982,0.2777569884255632,33.63122108566812,31.91550006866455,30.199779051660972,1.5162617422631648,48.491828805707065,32.23523270280629,368732164.0,38.67702594444142,-37.70879556584543,49.738753285551404,-0.22729127468527574,12948962304,8.733119,3.11,0.3401889,
2025-04-03,32.470001220703125,33.150001525878906,32.0,32.84000015258789,32.84000015258789,554008,0,32.01550006866455,34.69120002746582,32.511614237753065,34.731925245028286,42.63349112506394,49.484192275619634,-0.5942446201499934,-0.9008279899902372,0.3065833698402438,33.70170844111618,32.01550006866455,30.329291696212923,1.4901002982357177,73.48730614231305,51.42802271170344,369286172.0,62.40211648653678,-32.21954454866836,49.73463987927896,-0.20802699578938907,12948962304,8.733119,3.11,0.3401889,
2025-04-04,33.099998474121094,33.099998474121094,30.979999542236328,31.520000457763672,31.520000457763672,1452180,0,32.05200004577637,34.50040000915527,32.417174830135025,34.605967410233596,42.52290912837439,43.15763618195936,-0.6101367894061838,-0.8426897498734265,0.23255296046724272,33.66032340257434,32.05200004577637,30.443676688978396,1.535093057782078,63.60986033028681,61.86299842610226,367833992.0,-32.534806932552364,-63.72312754294267,49.72336437949702,-0.22236780990127686,12948962304,8.733119,3.11,0.3401889,
2025-04-07,30.010000228881836,30.799999237060547,28.139999389648438,29.43000030517578,29.43000030517578,2504283,0,31.94600009918213,34.28840003967285,32.13268201823414,34.40298830807447,42.39263142864107,35.433176141931924,-0.782358452256009,-0.830623490349943,0.04826503809393401,33.91230008414414,31.94600009918213,29.979700114220115,1.6668722013773036,45.869353472820166,60.98883998180663,365329709.0,-262.09172459351225,-78.67766812886238,49.70133338565093,-0.2287509812804178,12948962304,8.733119,3.11,0.3401889,
2025-04-08,30.239999771118164,31.299999237060547,29.850000381469727,30.329999923706055,30.329999923706055,681732,0,31.852000141143797,34.10680004119873,31.960998009231467,34.24326327339335,42.27260524451236,40.381648360317094,-0.8365793472868646,-0.8318146617373273,-0.00476468554953724,33.93510932767197,31.852000141143797,29.76889095461563,1.681381253556408,31.448629743201096,46.975947848769316,366011441.0,-133.46651534194868,-63.80163950034396,49.69565094356158,-0.24602877722280903,12948962304,8.733119,3.11,0.3401889,
2025-04-09,30.329999923706055,30.469999313354492,29.65999984741211,30.149999618530273,30.149999618530273,469335,0,31.721500205993653,33.93540000915527,31.78852197202183,34.08274313006539,42.1519823029603,39.72587943550363,-0.8838854364300559,-0.842228816675873,-0.04165661975418289,33.88614612793511,31.721500205993653,29.55685428405219,1.6191396972982635,36.52694170038467,37.9483083054686,365542106.0,-146.7829211468931,-66.77685153133318,49.69165939775937,-0.24173932803618353,12948962304,8.733119,3.11,0.3401889,
2025-04-11,31.0,31.200000762939453,30.299999237060547,30.770000457763672,30.770000457763672,702120,0,31.620000267028807,33.825,31.69151992304486,33.95283165272022,42.038728752261825,43.15038619759146,-0.8614170867722848,-0.8460664706951554,-0.015350616077129398,33.763110469307904,31.620000267028807,29.476890064749707,1.5784869435204718,45.618846560809395,37.86480600146501,366244226.0,-80.75367023755477,-56.5289024830845,49.68589312805441,-0.2063172250923374,12948962304,8.733119,3.11,0.3401889,
2025-04-15,31.5,32.70000076293945,31.139999389648438,32.41999816894531,32.41999816894531,991781,0,31.653000164031983,33.710199966430665,31.76089880360681,33.89272053570944,41.943019990238774,51.111118102717924,-0.7023732109430476,-0.8173278187447338,0.1149546078016862,33.823862825983156,31.653000164031983,29.482137502080807,1.6035950407815653,62.334522299086395,48.16010352009345,367236007.0,31.518179821951982,-29.25620960282376,49.67832582602393,-0.15320295015571858,12948962304,8.733119,3.11,0.3401889,
2025-04-16,32.5,33.189998626708984,32.41999816894531,33.040000915527344,33.040000915527344,816832,0,31.722000217437746,33.59720001220703,31.882718052361145,33.859280550604254,41.854432735764036,53.732878022565956,-0.520303024045301,-0.7579228598048473,0.23761983575954626,33.97551859663717,31.722000217437746,29.468481838238315,1.5440525705660015,80.87819684714526,62.94385523568031,368052839.0,88.91204015970622,-16.095866475147968,49.67238029708273,-0.13754533904115449,12948962304,8.733119,3.11,0.3401889,
2025-04-17,33.150001525878906,33.95000076293945,32.650001525878906,33.040000915527344,33.040000915527344,1065677,0,31.834500217437743,33.476399993896486,31.992935467900782,33.82715193746398,41.76672694650795,53.732878022565956,-0.37172606252660856,-0.6806835003491996,0.308957437822591,34.11516255844118,31.834500217437743,29.553837876434308,1.5266201896013263,89.46608418090621,77.55960110904591,368052839.0,104.03466275212116,-15.66264427398318,49.66478215106006,-0.1125023642028785,12948962304,8.733119,3.11,0.3401889,
2025-04-21,33.2400016784668,34.45000076293945,33.04999923706055,34.33000183105469,34.33000183105469,1247675,0,32.03800029754639,33.3742000579834,32.215513216772585,33.846871541134206,41.69272968167757,59.03404701536865,-0.1481773608100454,-0.5741822724413688,0.42600491163132337,34.443300112782225,32.03800029754639,29.63270048231055,1.5182901651592393,90.54903966410792,86.96444023071977,369300514.0,147.09058068371047,-1.9017259234316064,49.65628962779196,-0.04689650135203079,12948962304,8.733119,3.11,0.3401889,
2025-04-22,34.650001525878906,34.900001525878906,34.0,34.720001220703125,34.720001220703125,864186,0,32.15950031280518,33.28540008544922,32.45403588381359,33.88111192072515,41.6233492989813,60.50729101516785,0.059767326726849035,-0.4473923526077252,0.5071596793345743,34.833886805893336,32.15950031280518,29.485113819717025,1.4741266909249298,90.3697026561067,90.12827550037359,370164700.0,162.89678216023808,-2.662725566476722,49.65063592902782,-0.05380644597272835,12948962304,8.733119,3.11,0.3401889,
2025-04-23,35.400001525878906,35.45000076293945,33.54999923706055,34.279998779296875,34.279998779296875,1622177,0,32.262000274658206,33.21500007629395,32.62793711195486,33.89675454262992,41.55028113460634,57.974136117730055,0.18690593472218353,-0.32053269514174343,0.507438629863927,35.09195201748032,32.262000274658206,29.4320485318361,1.504546321993071,84.56910910045023,88.49595047355494,368542523.0,135.00046938415414,-16.00549608536988,49.63995518238594,-0.02967081125829067,12948962304,8.733119,3.11,0.3401889,
2025-04-24,34.20000076293945,34.9900016784668,33.900001525878906,34.470001220703125,34.470001220703125,2116583,0,32.33350028991699,33.13420013427734,32.8033717889785,33.91923480451514,41.47983058819934,58.7767108027339,0.2995428629820296,-0.19651758351698884,0.4960604464990184,35.30707969764809,32.33350028991699,29.359920882185893,1.4749358813212725,73.86629119249655,82.93503431635115,370659106.0,122.1755024822335,-13.406283968933446,49.626066068689404,-0.04696532967826755,12948962304,8.733119,3.11,0.3401889,
2025-04-25,34.7400016784668,34.7400016784668,32.70000076293945,32.939998626708984,32.939998626708984,1361741,0,32.30250015258789,33.0210001373291,32.81638386876236,33.88083338577765,41.3948571358462,50.42571044575679,0.26232608573898375,-0.10474884966579431,0.3670749354047781,35.236957091278285,32.30250015258789,29.36804321389749,1.5152976694788491,45.03776935424398,67.8243898823969,369297365.0,65.88430607107007,-34.336548080570985,49.61655955052567,-0.05096483535581587,12948962304,8.733119,3.11,0.3401889,
2025-04-28,32.939998626708984,33.31999969482422,32.41999816894531,32.81999969482422,32.81999969482422,747268,0,32.31950016021729,32.90960014343262,32.8167282331492,33.83923206456379,41.309535171258915,49.827747360830394,0.22060560660061412,-0.03967795841251262,0.26028356501312677,35.26180223046223,32.31950016021729,29.377198089972346,1.471347944935996,28.976187015815572,49.29341585418535,368550097.0,29.94683077648952,-35.9781200277831,49.61115180163939,-0.03374356413598716,12948962304,8.733119,3.11,0.3401889,
2025-04-29,32.93000030517578,33.70000076293945,32.70000076293945,33.099998474121094,33.099998474121094,879524,0,32.416000080108645,32.80980010986328,32.843706351337,33.81024251199741,41.227848238949086,51.279515910520686,0.20774068247200717,0.00980576976439134,0.19793491270761582,35.327607534664445,32.416000080108645,29.504392625552846,1.437680234583425,14.790263106278632,29.601406492112705,369429621.0,43.668748044923476,-32.14776808941106,49.60491034994521,0.006786128536758448,12948962304,8.733119,3.11,0.3401889,
2025-04-30,33.0,33.099998474121094,32.310001373291016,32.470001220703125,32.470001220703125,367465,0,32.44900016784668,32.702200164794924,32.80811538651472,33.75768402998587,41.140705482548626,47.919702942411554,0.14503771962027656,0.036852159735568386,0.10818555988470818,35.347316544991465,32.44900016784668,29.550683790701886,1.3914171536010431,13.87124571766499,19.212565279919712,369062156.0,9.738572075958492,-51.46803231489498,49.60221845870498,-0.02622250786919001,12948962304,8.733119,3.11,0.3401889,
2025-05-02,32.470001220703125,32.88999938964844,31.81999969482422,32.04999923706055,32.04999923706055,605876,0,32.492500114440915,32.62500015258789,32.73591384847147,33.69071599889076,41.05025069403631,45.766825326615695,0.06075418342455663,0.04163256447336604,0.01912161895119059,35.33897812399464,32.492500114440915,29.646022104887184,1.3684587636884127,12.096356421577733,13.585955081840432,368456280.0,-14.415609243108507,-58.721951438054994,49.59768436393018,0.03144234368900477,12948962304,8.733119,3.11,0.3401889,
2025-05-05,32.4900016784668,32.4900016784668,31.90999984741211,32.189998626708984,32.189998626708984,323944,0,32.476000022888186,32.565200119018556,32.68392192258933,33.63186433723657,40.9620889819236,46.62758432002153,0.0051957609819197614,0.034345203775076785,-0.029149442793157024,35.32547334668441,32.476000022888186,29.62652669909196,1.3121404113574324,11.175872416335451,12.381158185192705,368780224.0,-18.080100947826438,-63.30099359871767,49.59525317245132,-0.00887842888686284,12948962304,8.733119,3.11,0.3401889,
2025-05-06,32.349998474121094,32.4900016784668,31.469999313354492,31.690000534057617,31.690000534057617,440184,0,32.43000001907349,32.487800102233884,32.58926274272916,33.55571281554328,40.86982939537767,43.94500281137863,-0.07827801625423803,0.011820559769213822,-0.09009857602345185,35.29897231406391,32.43000001907349,29.56102772408307,1.291273408054209,12.474331182595852,11.915520006836326,368340040.0,-34.966575260125325,-87.23895663195087,49.59189121655044,-0.039214430986892736,12948962304,8.733119,3.11,0.3401889,
2025-05-07,31.299999237060547,31.799999237060547,30.860000610351562,31.600000381469727,31.600000381469727,400941,0,32.36800003051758,32.4368000793457,32.49504727975207,33.479018210285496,40.777592290761675,43.460314599079176,-0.1499651414604699,-0.02053658047672292,-0.129428560983747,35.25240393650715,32.36800003051758,29.483596124528002,1.2661823522438358,20.860679273278723,14.836960957403326,367939099.0,-56.87577035699775,-83.87800116518636,49.58875000163529,-0.0407910346402561,12948962304,8.733119,3.11,0.3401889,
2025-05-08,31.600000381469727,32.630001068115234,31.479999542236328,31.81999969482422,31.81999969482422,608924,0,32.38299999237061,32.39760009765625,32.43075703356847,33.41395866065956,40.68846201617523,45.055602743194875,-0.18687146081074246,-0.05380355654352684,-0.13306790426721563,35.2526909367007,32.38299999237061,29.51330904804051,1.257883721789198,30.063959494592666,21.132989983489065,368548023.0,-25.127082448281982,-79.08498796168017,49.584127502109034,-0.01798729810054351,12948962304,8.733119,3.11,0.3401889,
2025-05-09,31.049999237060547,32.189998626708984,29.459999084472656,31.920000076293945,31.920000076293945,627948,0,32.50749998092651,32.366200065612794,32.38211351382804,33.35537204950797,40.60121363866397,45.80414587492383,-0.20567984057407074,-0.08417881334963562,-0.12150102722443512,35.051504202879265,32.50749998092651,29.963495758973757,1.363034851821136,52.64295523052643,34.522531332799254,369175971.0,-82.06340099480208,-58.931547537546734,49.5791502640303,0.014199378415940269,12948962304,8.733119,3.11,0.3401889,
2025-05-12,32.97999954223633,33.470001220703125,32.63999938964844,33.20000076293945,33.20000076293945,788240,0,32.651000022888184,32.34420009613037,32.46000753755293,33.34927905787783,40.52756972945278,54.37276430511261,-0.11596350395454635,-0.09053575147061776,-0.02542775248392859,35.00412530640351,32.651000022888184,30.297874739372862,1.3763895870059961,72.7199850691868,51.808966598101954,369964211.0,32.514246643799645,-37.56259381509741,49.57355599366326,0.043778396046429635,12948962304,8.733119,3.11,0.3401889,
2025-05-13,33.189998626708984,34.040000915527344,33.189998626708984,33.90999984741211,33.90999984741211,843651,0,32.83900003433227,32.32760005950928,32.59810204325381,33.3712681084478,40.46172326296481,58.310144875698825,0.012286698186258604,-0.06997126153924249,0.0822579597255011,34.9513063780758,32.83900003433227,30.726693690588746,1.3387904942783078,89.34362711396587,71.56885580455969,370807862.0,68.04863558613849,-25.709523939925223,49.56779427102895,0.0707949406349179,12948962304,8.733119,3.11,0.3401889,
2025-05-14,34.2400016784668,34.25,33.95000076293945,34.06999969482422,34.06999969482422,444714,0,33.0039999961853,32.32560009002685,32.7382827719748,33.39866934712923,40.398124023480825,59.16532732175737,0.12539112702818755,-0.030898783825756476,0.15628991085394403,34.95332252553522,33.0039999961853,31.054677466835376,1.2674483270147066,95.55684683070496,85.87348633795254,371252576.0,88.88885681701845,-16.636556095683325,49.56483089375664,0.0648569244027528,12948962304,8.733119,3.11,0.3401889,
2025-05-15,34.06999969482422,34.95000076293945,34.060001373291016,34.70000076293945,34.70000076293945,732968,0,33.11800012588501,32.34080013275147,32.92511305682858,33.449701951670804,40.34142627959484,62.433019107692054,0.2628332447793085,0.027847621895256525,0.23498562288405195,35.18075224343723,33.11800012588501,31.055248008332793,1.2404876886314018,96.28332757777183,93.72793384081422,371985544.0,114.0934118629907,-4.553732669710549,49.56010061632334,0.047243580904282836,12948962304,8.733119,3.11,0.3401889,
2025-05-16,34.939998626708984,35.5,34.720001220703125,35.25,35.25,851934,0,33.228500080108645,32.36920009613037,33.146530860940146,33.52030187513469,40.29076532158892,65.06159526257956,0.41139514802755883,0.104557127121717,0.30683802090584184,35.48990965296653,33.228500080108645,30.96709050725076,1.2090242278049121,94.31572533054087,95.3852999130059,372837478.0,137.22581717756668,-4.139072220292418,49.554821359035515,0.03576725521723056,12948962304,8.733119,3.11,0.3401889,
2025-05-19,35.47999954223633,36.04999923706055,35.060001373291016,35.220001220703125,35.220001220703125,1311151,0,33.33750009536743,32.403800086975096,33.34400422853662,33.586956751431494,40.240309957401,64.79528747284378,0.520708472759317,0.18778739624923702,0.33292107651007996,35.756706207813544,33.33750009536743,30.91829398292132,1.1933794875166706,85.89470232833087,92.1645850788812,371526327.0,133.7961406163571,-12.594810275254423,49.54686560345036,0.008429730233264389,12948962304,8.733119,3.11,0.3401889,
2025-05-20,35.40999984741211,35.63999938964844,34.900001525878906,35.130001068115234,35.130001068115234,707847,0,33.37750005722046,32.474600105285646,33.514099165639344,33.64746829326223,40.18946111273149,63.949578006786645,0.593239316456561,0.2688777802907018,0.3243615361658592,35.885837800646485,33.37750005722046,30.86916231379443,1.160995085820446,72.80945706863515,84.33996157583563,370818480.0,109.2531980003314,-13.96051817364571,49.54250734208375,-0.06948534574170588,12948962304,8.733119,3.11,0.3401889,
2025-05-21,35.13999938964844,35.20000076293945,34.54999923706055,34.97999954223633,34.97999954223633,350779,0,33.39049997329712,32.55740009307861,33.65370872531525,33.69972442067298,40.1376256742191,62.48573083192019,0.6313389803491773,0.34137002030239694,0.2899689600467804,35.92904705557251,33.39049997329712,30.85195289102172,1.1244955458246217,57.80024715869663,72.16813551855422,370467701.0,88.05304004366867,-16.23671729968064,49.54030131608827,-0.09681036593758607,12948962304,8.733119,3.11,0.3401889,
2025-05-22,34.900001525878906,36.04999923706055,34.20000076293945,34.81999969482422,34.81999969482422,1008593,0,33.417500019073486,32.63800006866455,33.76478405574468,33.743656784365186,40.08471397293159,60.884789418579075,0.6412308775615188,0.4013421917542213,0.23988868580729744,36.00434318104428,33.417500019073486,30.830656857102696,1.176317183560084,45.31170945501751,58.64047122744977,369459108.0,90.56851472173454,-18.664636020581998,49.53401115254499,-0.09786068051607218,12948962304,8.733119,3.11,0.3401889,
2025-05-23,34.79999923706055,35.150001525878906,34.209999084472656,34.810001373291016,34.810001373291016,714410,0,33.43450002670288,32.70320011138916,33.86432856217766,33.78547421922502,40.0322292704476,60.77999275810123,0.6408758781889219,0.4492489290411614,0.19162694914776046,36.05306104222475,33.43450002670288,30.81593901118101,1.1594375591205244,37.57254332497925,46.89483331289781,368744698.0,71.85489789640563,-18.816355615448423,49.529466933736444,-0.10046040645030457,12948962304,8.733119,3.11,0.3401889,
2025-05-26,34.849998474121094,35.189998626708984,34.68000030517578,34.9900016784668,34.9900016784668,470814,0,33.53700017929077,32.75880016326904,33.97153552563377,33.83271059017568,39.982057851621924,62.046538423893416,0.6476533146695616,0.48892980616684145,0.1587235085027201,36.22955424888665,33.53700017929077,30.844446109694896,1.1130490421500014,36.396434664148224,39.76022914804833,369215512.0,75.82547975927606,-16.084939818665852,49.5265202013877,-0.020822539931681403,12948962304,8.733119,3.11,0.3401889,
2025-05-27,35.150001525878906,35.290000915527344,34.54999923706055,34.93000030517578,34.93000030517578,480230,0,33.64250020980835,32.8022002029419,34.06281788559015,33.87574155939137,39.931788622304055,61.33549246493283,0.6407961731349374,0.5193030795604606,0.1214930935744768,36.3793959555647,33.64250020980835,30.90560446405199,1.0864028018869154,38.37842927820365,37.44913575577704,368735282.0,67.34565753246098,-16.9954310463095,49.52350957843086,-0.013843646307573496,12948962304,8.733119,3.11,0.3401889,
2025-05-28,34.93000030517578,35.75,34.93000030517578,35.56999969482422,35.56999969482422,714255,0,33.766000270843506,32.85760021209717,34.20635901027911,33.94218305489854,39.888387737453506,65.8331657880607,0.6791753306722441,0.5512775297828173,0.12789780088942682,36.61446977026561,33.766000270843506,30.917530771421408,1.067374008525294,52.07210402378718,42.28232265537969,369449537.0,84.08233339070976,-7.28375616270407,49.519185342146244,0.031041528464188797,12948962304,8.733119,3.11,0.3401889,
2025-05-29,35.75,36.04999923706055,35.15999984741211,35.369998931884766,35.369998931884766,944448,0,33.91100015640259,32.92980018615722,34.31718185995584,33.9981758343882,39.84342864486078,63.353007287050644,0.6855501045690104,0.578132044740056,0.10741805982895447,36.77601643126412,33.91100015640259,31.045983881541055,1.054704392891233,58.8523297998096,49.76762103393349,368505089.0,82.03829396797921,-19.94135881536305,49.513516109635056,0.00875235575246345,12948962304,8.733119,3.11,0.3401889,
2025-05-30,35.400001525878906,38.720001220703125,35.33000183105469,37.86000061035156,37.86000061035156,4786060,0,34.201500225067136,33.05380020141602,34.654593169517334,34.149619943249505,39.82369304252735,75.65164469921424,0.881364661265323,0.6387785680451094,0.24258609322021363,37.41039616110892,34.201500225067136,30.992604289025348,1.2215111783738906,72.1580053708362,61.02747973147766,373291149.0,156.05287301253628,-15.551540812757777,49.48849769482691,0.1606750440458432,12948962304,8.733119,3.11,0.3401889,
2025-06-02,37.66999816894531,38.0,36.70000076293945,36.83000183105469,36.83000183105469,1377766,0,34.433500385284425,33.174600219726564,34.861774946806605,34.25473295845755,39.793905070273894,65.8126684998346,0.9425714379778967,0.6995371420316668,0.24303429594622983,37.69759187197362,34.433500385284425,31.16940889859523,1.22711746828008,65.69875130146782,65.56969549070455,371913383.0,139.5760014495142,-39.62262491133029,49.481239952948776,0.09293506105172838,12948962304,8.733119,3.11,0.3401889,
2025-06-03,36.720001220703125,37.540000915527344,36.08000183105469,36.189998626708984,36.189998626708984,1032021,0,34.658500289916994,33.293200187683105,34.98827244013064,34.33062572976153,39.75804530466628,60.543644040953815,0.9287295237966049,0.7453756183846545,0.1833539054119504,37.75098995567613,34.658500289916994,31.566010624157855,1.2437518694366927,55.76603981086374,64.54093216105592,370881362.0,107.43241640533763,-54.29190293641653,49.4755560650447,0.057450708920182385,12948962304,8.733119,3.11,0.3401889,
2025-06-04,36.189998626708984,37.25,35.720001220703125,36.41999816894531,36.41999816894531,1303756,0,34.89950017929077,33.375800132751465,35.12462727144633,34.41256190384717,39.72483090530587,61.72945343212223,0.9256484488324332,0.7814301844742102,0.14421826435822305,37.7421853823488,34.89950017929077,32.05681497623274,1.2641980772838486,41.104941027925534,54.18991071341904,372185118.0,98.48798788098904,-50.88501811559038,49.46830473884744,0.0379001194277697,12948962304,8.733119,3.11,0.3401889,
2025-06-05,36.59000015258789,37.47999954223633,36.29999923706055,36.54999923706055,36.54999923706055,837157,0,35.13600015640259,33.46220012664795,35.26037698245721,34.49638297573789,39.69324054044771,62.4169873609294,0.9230562565154798,0.8097553988824642,0.11330085763301567,37.68654813441886,35.13600015640259,32.58545217838632,1.258183950704701,34.87555281482844,43.915511217872584,373022275.0,111.4238774823569,-48.00888858131254,49.46376491642667,0.025985230652730746,12948962304,8.733119,3.11,0.3401889,
2025-06-06,36.689998626708984,36.849998474121094,36.400001525878906,36.58000183105469,36.58000183105469,587357,0,35.36900024414062,33.53300014495849,35.38605553946649,34.578093519083644,39.66226304085176,62.584051331513116,0.9128995463120972,0.8303842283683908,0.08251531794370648,37.52228510426675,35.36900024414062,33.215715384014494,1.2004563076716643,36.366891128846426,37.44912832386681,373609632.0,92.23587122687647,-47.34511444512618,49.460539856772634,-0.004581961090534689,12948962304,8.733119,3.11,0.3401889,
2025-06-09,36.7400016784668,37.25,36.52000045776367,36.93000030517578,36.93000030517578,762816,0,35.555500221252444,33.60040012359619,35.53309789810547,34.67032515775392,39.63507634696444,64.56302441663209,0.9224587023924755,0.8487991231732077,0.0736595792192678,37.56645502214075,35.555500221252444,33.54454542036414,1.166852252997712,46.73031769611699,39.32425387993063,374372448.0,100.28515045073281,-39.601786155857376,49.45644826904048,-0.013538301648807347,12948962304,8.733119,3.11,0.3401889,
2025-06-10,37.11000061035156,38.47999954223633,36.97999954223633,37.79999923706055,37.79999923706055,1665928,0,35.750000190734866,33.706800117492676,35.74899326372024,34.793057474589475,39.61681687323405,68.9581206176258,0.9888373440030378,0.8768067673391737,0.11203057666386407,37.837735597588875,35.750000190734866,33.66226478388086,1.1942198947164857,59.85503844607219,47.650749090345215,376038376.0,140.6204945867742,-20.354024125425884,49.448128473686005,-0.03340898567324236,12948962304,8.733119,3.11,0.3401889,
2025-06-11,37.849998474121094,39.20000076293945,37.61000061035156,38.060001373291016,38.060001373291016,1497595,0,35.949500274658206,33.844600143432615,35.96908927415555,34.921172921597375,39.60132617174208,70.14964812079634,1.0503155117561604,0.9115085162225711,0.13880699553358933,38.11795104756498,35.949500274658206,33.78104950175143,1.222489913135872,67.51182234357903,58.03239282858942,377535971.0,153.65455873881524,-22.845671466762074,49.441002188930725,-0.05715911414979208,12948962304,8.733119,3.11,0.3401889,
2025-06-12,38.20000076293945,38.400001525878906,37.11000061035156,37.349998474121094,37.349998474121094,715641,0,36.082000160217284,33.95540012359619,36.10060443605703,35.01642098248066,39.57892490111899,63.03423029390639,1.0298743519508164,0.9351816833682202,0.09469266858259628,38.25271043826255,36.082000160217284,33.91128988217202,1.2273121275924055,56.66015379501121,61.342338194887496,376820330.0,97.71688589264744,-39.78498240317645,49.43739561823086,-0.09203783982281845,12948962304,8.733119,3.11,0.3401889,
2025-06-13,36.77000045776367,36.97999954223633,36.20000076293945,36.54999923706055,36.54999923706055,867014,0,36.14700012207031,34.062800102233886,36.14340394091451,35.076561306189674,39.548786337297514,56.12619361516732,0.9383051354494825,0.9358063737844726,0.002498761665009841,38.29186443127812,36.14700012207031,34.0021358128625,1.2217896692773509,35.4282614629209,53.20007920050373,375953316.0,25.0035330623538,-56.989261425629834,49.432643621353485,-0.10980829502982718,12948962304,8.733119,3.11,0.3401889,
2025-06-16,36.29999923706055,36.86000061035156,35.7400016784668,36.33000183105469,36.33000183105469,646106,0,36.20250015258789,34.13900012969971,36.161175168546905,35.12571583657654,39.51675863076773,54.36184248793854,0.8383202851707736,0.9163091560617328,-0.07798887089095918,38.305582277431114,36.20250015258789,34.09941802774466,1.2145189023207377,20.882373176499225,37.6569294781438,375307210.0,3.988174621740225,-67.21308253413797,49.42903127036051,-0.07026908458808691,12948962304,8.733119,3.11,0.3401889,
2025-06-17,36.099998474121094,36.849998474121094,35.40999984741211,35.59000015258789,35.59000015258789,582851,0,36.22550010681152,34.198600120544434,36.10677754797938,35.14392306465542,39.47768640710425,48.8043625691746,0.6913995958135146,0.8713272440120892,-0.17992764819857454,38.29088598480575,36.22550010681152,34.1601142288173,1.230624596919898,11.155998373918449,22.488877671112878,374724359.0,-25.513309525160533,-89.3564305017081,49.425684905521265,-0.07861214535944487,12948962304,8.733119,3.11,0.3401889,
2025-06-18,35.59000015258789,35.77000045776367,35.060001373291016,35.2599983215332,35.2599983215332,379546,0,36.23950004577637,34.24700008392334,36.02613190736545,35.14847503551337,39.43571936147668,46.520367312847064,0.5420866635456107,0.8054791279187935,-0.26339246437318276,38.27449863055661,36.23950004577637,34.20450146099613,1.1934370603165234,9.263103875420546,13.767158475279428,374344813.0,-73.38729506153805,-95.1691551273593,49.42341185437191,-0.09156161412274229,12948962304,8.733119,3.11,0.3401889,
2025-06-19,35.150001525878906,35.4900016784668,34.560001373291016,34.709999084472656,34.709999084472656,484633,0,36.234000015258786,34.310800056457516,35.90078592423281,35.13127990017844,39.38869726916818,42.9155622811903,0.3750513881451809,0.7193935799640709,-0.34434219181889003,38.28484779790153,36.234000015258786,34.183152232616045,1.1746201492350419,5.6451789335920965,8.688093727643718,373860180.0,-106.51518047868267,-96.76729028205744,49.42041903604711,-0.09365812649410601,12948962304,8.733119,3.11,0.3401889,
2025-06-20,34.88999938964844,35.22999954223633,34.459999084472656,34.88999938964844,34.88999938964844,390592,0,36.23799991607666,34.42000003814697,35.804520539986676,35.12181791937334,39.34393410618789,44.43313795138624,0.2542682036928312,0.626368504709823,-0.37210030101699176,38.27800622503914,36.23799991607666,34.19799360711418,1.1457187427013726,10.03428583924542,8.314189549419375,374250772.0,-112.64466520210986,-90.92826681624997,49.41799788308289,-0.10253823947757493,12948962304,8.733119,3.11,0.3401889,
2025-06-23,34.75,35.279998779296875,34.369998931884766,35.02000045776367,35.02000045776367,494906,0,36.2394998550415,34.513800048828124,35.729804341679724,35.11782507774159,39.30090989078068,45.5588270589896,0.16711031585253977,0.5345168669383663,-0.36740655108582654,38.275874417152885,36.2394998550415,34.20312529293012,1.1288816787521394,16.774889664591274,10.818118145809619,374745678.0,-109.63309695623514,-86.542416574261,49.41493759716864,-0.09703855893004956,12948962304,8.733119,3.11,0.3401889,
2025-06-24,35.54999923706055,36.0,35.29999923706055,35.40999984741211,35.40999984741211,473844,0,36.26349983215332,34.61900005340576,35.69934677079709,35.12928291184632,39.262194367961094,48.903079181871504,0.1280308927490168,0.4532196721004964,-0.3251887793514796,38.24823497819164,36.26349983215332,34.278764686115004,1.1182472404295816,35.97670237169306,20.92862595850994,375219522.0,-62.24869445560869,-78.4678981105014,49.41214587422862,-0.11351613241136001,12948962304,8.733119,3.11,0.3401889,
2025-06-25,35.540000915527344,40.11000061035156,35.45000076293945,38.31999969482422,38.31999969482422,7734212,0,36.40099983215332,34.770000038146975,35.94893276356158,35.25440906019839,39.252819296586594,65.78968415036132,0.32809080956690195,0.4281938995937775,-0.10010309002687556,38.54883559143737,36.40099983215332,34.25316407286927,1.3740867777517154,52.94292110108581,35.2315043791234,382953734.0,118.34216519591207,-31.184675820608266,49.37457755038045,-0.03411348057179672,12948962304,8.733119,3.11,0.3401889,
2025-06-26,38.29999923706055,39.0,37.900001525878906,38.099998474121094,38.099998474121094,1334028,0,36.537499809265135,34.883600044250485,36.15379616456725,35.36600080192085,39.24134844263171,64.06586726040021,0.46354402810525386,0.4352639252960728,0.028280102809181085,38.751861157298265,36.537499809265135,34.323138461232006,1.3545090417780996,65.86719031299562,51.59560459525818,381619706.0,133.32297944820345,-35.01744857969027,49.36833364685858,-0.04616509013322169,12948962304,8.733119,3.11,0.3401889,
2025-06-27,38.099998474121094,38.52000045776367,37.2599983215332,37.4900016784668,37.4900016784668,890222,0,36.518999862670896,34.972600059509276,36.28105383255768,35.44929495394226,39.223922106669875,59.41715833377555,0.515725078553416,0.4513561559475414,0.06436892260587457,38.69470146812114,36.518999862670896,34.34329825722065,1.3477585485246972,62.7177694173461,60.50929361047586,380729484.0,84.46994452545624,-45.644567347663035,49.36395336303944,-0.17513680057376316,12948962304,8.733119,3.11,0.3401889,
2025-06-30,37.5099983215332,38.529998779296875,37.5099983215332,37.849998474121094,37.849998474121094,645364,0,36.56999969482422,35.06880001068115,36.430477131754195,35.5434401900277,39.21025122475397,61.20621290301661,0.5794481521641046,0.4769745551908541,0.10247359697325054,38.81905295348844,36.56999969482422,34.32094643616,1.3257755879750817,57.45083536320984,62.01193169785054,381374848.0,92.54233794190036,-39.37284800296669,49.36083645582466,-0.14260521057121514,12948962304,8.733119,3.11,0.3401889,
2025-07-01,38.029998779296875,38.34000015258789,37.52000045776367,38.209999084472656,38.209999084472656,554321,0,36.670999717712405,35.14639995574951,36.59995541296548,35.64801112706476,39.20029846713923,62.964495525521755,0.6514882368482233,0.511877291522328,0.13961094532589535,39.02184551849769,36.670999717712405,34.32015391692712,1.2896487384643058,55.53246280041056,58.56702252698886,381929169.0,85.84214403198396,-33.101062200149265,49.358174705024304,-0.09065502457419361,12948962304,8.733119,3.11,0.3401889,
2025-07-02,38.04999923706055,38.25,37.52000045776367,37.720001220703125,37.720001220703125,514752,0,36.73599987030029,35.20639995574951,36.70662644227382,35.729265640540774,39.18556914130404,59.04199371246277,0.6614173825895193,0.5417853097357662,0.1196320728537531,39.12703654398058,36.73599987030029,34.34496319662,1.249673795876593,46.22629282501379,53.069863662878085,381414417.0,65.82541309994122,-41.63760785322325,49.35566193619216,-0.09942433140938661,12948962304,8.733119,3.11,0.3401889,
2025-07-03,37.720001220703125,38.45000076293945,37.459999084472656,37.63999938964844,37.63999938964844,651584,0,36.79049987792969,35.27359996795654,36.79551910392855,35.8041963757999,39.17019033780498,58.40227709940541,0.6552771953501022,0.5644836868586334,0.09079350849146883,39.21159449620458,36.79049987792969,34.3694052596548,1.231125787490179,38.528563206393265,46.762439610605895,380762833.0,61.00074374502124,-43.03136756856983,49.352488306965675,-0.09716885613984393,12948962304,8.733119,3.11,0.3401889,
2025-07-04,37.63999938964844,38.400001525878906,37.40999984741211,37.790000915527344,37.790000915527344,693280,0,36.85099983215332,35.339999961853025,36.89023165741415,35.882071063632345,39.156457109722616,59.29286659562645,0.6549648946446069,0.5825799284158281,0.07238496622877888,39.30823338883455,36.85099983215332,34.39376627547209,1.2139026368456516,30.09565168006664,38.28350257049125,381456113.0,56.68444886293503,-40.418101331355544,49.34911840374874,-0.09868413287339022,12948962304,8.733119,3.11,0.3401889,
2025-07-07,37.72999954223633,40.0,37.45000076293945,39.34000015258789,39.34000015258789,3083662,0,36.971499824523924,35.46799999237061,37.12354294266879,36.01767612594433,39.1582834086566,67.1252066306244,0.770902889986786,0.6202445207300197,0.15065836925676634,39.658076096196105,36.971499824523924,34.284923552851744,1.3093381082895728,46.12247140804711,38.248895431502355,384539775.0,107.23697731469304,-13.41463819866592,49.33553908263327,-0.03191900665201706,12948962304,8.733119,3.11,0.3401889,
2025-07-08,39.34000015258789,39.79999923706055,38.400001525878906,38.849998474121094,38.849998474121094,788224,0,37.023999786376955,35.58859996795654,37.287967278997584,36.12874759057871,39.155215896870175,62.99851432966697,0.8138638306194963,0.658968382707915,0.15489544791158127,39.812392918545626,37.023999786376955,34.23560665420828,1.3158137942104347,54.68149345437294,43.63320551416225,383751551.0,104.10798550696003,-21.95125030986099,49.33210257289793,-0.051772352650280934,12948962304,8.733119,3.11,0.3401889,
2025-07-09,38.849998474121094,39.06999969482422,38.09000015258789,38.150001525878906,38.150001525878906,494914,0,37.02849979400635,35.6896000289917,37.370065778700564,36.20801245078656,39.14521376382549,57.55496104066449,0.7824076733566372,0.6836562408376594,0.09875143251897778,39.82384796285851,37.02849979400635,34.23315162515419,1.29182706192657,52.89575763467179,51.23324083236397,383256637.0,71.96236921995208,-34.14631552853812,49.32982475396632,-0.04447179262212308,12948962304,8.733119,3.11,0.3401889,
2025-07-10,38.279998779296875,39.400001525878906,37.959999084472656,38.56999969482422,38.56999969482422,506666,0,37.0894998550415,35.81159999847412,37.484345199283766,36.30063940153314,39.139490240750845,59.799462854730365,0.7823503365753126,0.70339505998519,0.07895527659012258,39.962418138582336,37.0894998550415,34.21658157150067,1.30241101760369,42.985842417172684,50.18769783540582,383763303.0,77.76908576042858,-26.82927639733184,49.32753805589389,-0.02814375720022693,12948962304,8.733119,3.11,0.3401889,
2025-07-11,38.56999969482422,39.38999938964844,38.0,38.209999084472656,38.209999084472656,790228,0,37.17249984741211,35.93479999542237,37.55345509311128,36.375516251844495,39.13024157252917,57.016336911351814,0.7446717438374009,0.7116503967556322,0.033021347081768626,40.07405029333553,37.17249984741211,34.27094940148869,1.3086673298926006,34.38766420496517,43.42308808560323,382973075.0,66.36147016790291,-39.501059946245306,49.323936832227005,-0.04913818802769463,12948962304,8.733119,3.11,0.3401889,
2025-07-14,38.31999969482422,39.5099983215332,38.029998779296875,39.11000061035156,39.11000061035156,1028964,0,37.311499786376956,36.07320003509521,37.70169752332464,36.48275093257026,39.13004016992044,61.80257555866706,0.7784601847101484,0.7250123543465354,0.053447830363613,40.30324381250529,37.311499786376956,34.31975576024862,1.32090534506001,45.69719288874976,41.02356650362922,384002039.0,78.83929477291912,-21.45922817047604,49.319403221765995,-0.028843577000067837,12948962304,8.733119,3.11,0.3401889,
2025-07-15,39.0,41.5,38.56999969482422,39.040000915527344,39.040000915527344,3299390,0,37.48399982452393,36.220200042724606,37.82915498924871,36.5830352456274,39.12914425694141,61.23148718650644,0.7904772475195116,0.7381053329811307,0.05237191453838097,40.45659772839502,37.48399982452393,34.51140192065284,1.4358406993539936,40.937486939805765,40.340781344506915,380702649.0,116.47134625545932,-58.01882336429175,49.306032791975326,-0.0972208893274598,12948962304,8.733119,3.11,0.3401889,
2025-07-16,39.349998474121094,42.599998474121094,39.22999954223633,40.959999084472656,40.959999084472656,9149921,0,37.768999862670896,36.40740001678467,38.127330617365274,36.75468088636643,39.14736171791187,69.54440043517884,0.9440462845934832,0.7792935233036011,0.16475276128988203,40.92157275557873,37.768999862670896,34.61642696976306,1.5875661892996906,52.55459235818656,46.396424062247384,389852570.0,182.92317192933365,-30.711598179517935,49.27385927940935,-0.06008539961041628,12948962304,8.733119,3.11,0.3401889,
2025-07-17,41.20000076293945,42.25,40.75,41.220001220703125,41.220001220703125,2110007,0,38.09449996948242,36.59540004730225,38.421870674826025,36.92979148771297,39.16798499654661,70.4678845914175,1.074346455167337,0.8383041096763483,0.23604234549098868,41.26077530327518,38.09449996948242,34.92822463568966,1.5813114614925698,55.05458302877154,49.515554108921314,391962577.0,194.02659805317842,-26.589549490748805,49.266896833222965,-0.07023915729940954,12948962304,8.733119,3.11,0.3401889,
2025-07-18,41.25,41.5,40.33000183105469,40.619998931884766,40.619998931884766,863743,0,38.38099994659424,36.76940002441406,38.631216223117335,37.07450550513147,39.18243289640072,65.52976524898666,1.1163267885013184,0.8939086454413423,0.2224181430599761,41.367441767630154,38.38099994659424,35.39455812555832,1.551931940596337,63.77639947057636,57.128524952511505,391098834.0,146.9516952025354,-38.150290291923646,49.2638366040308,-0.08264798157975052,12948962304,8.733119,3.11,0.3401889,
2025-07-21,41.04999923706055,41.04999923706055,38.56999969482422,39.400001525878906,39.400001525878906,1411939,0,38.6,36.893400039672855,38.70443387099939,37.165701427513724,39.18459775838558,56.81207067487466,1.0391739598536631,0.9229617083238064,0.1162122515298567,41.183679544331575,38.6,36.01632045566843,1.6182224835706223,49.08986755531834,55.97361668488876,389686895.0,66.39660997974978,-61.65699026921185,49.25816244910645,-0.09894117276506664,12948962304,8.733119,3.11,0.3401889,
2025-07-22,39.400001525878906,40.5,38.52000045776367,39.220001220703125,39.220001220703125,1214894,0,38.79050006866455,36.99960006713867,38.75353552335213,37.24626220371723,39.18495003164247,55.63604101922457,0.9525251499891567,0.9288743966568764,0.023650753332280283,40.92870001048142,38.79050006866455,36.65230012684768,1.6440637020467441,31.47548089835576,48.11391597475017,388472001.0,39.44180303704152,-65.12520515947129,49.253153237519875,-0.09781924392202308,12948962304,8.733119,3.11,0.3401889,
2025-07-23,38.93000030517578,39.189998626708984,38.43000030517578,38.77000045776367,38.77000045776367,585100,0,38.81300010681152,37.09360008239746,38.7551036123437,37.30601664505238,39.18082118016109,52.69903389258974,0.8378854215703484,0.9106766016395709,-0.07279118006922247,40.94036559275238,38.81300010681152,36.685634620870665,1.5830592172953584,15.551001074868253,32.0387831761808,387886901.0,-11.43252535157816,-73.79574238511988,49.250591513667906,-0.18123262356430564,12948962304,8.733119,3.11,0.3401889,
2025-07-24,38.7599983215332,39.119998931884766,38.06999969482422,38.220001220703125,38.220001220703125,548991,0,38.819000244140625,37.16400009155274,38.7041414798065,37.34185917743084,39.17126078255454,49.2752146617425,0.6946448357038335,0.8674702484524234,-0.17282541274858987,40.93895193564712,38.819000244140625,36.69904855263413,1.5449835044214433,10.143546663831524,19.05667621235186,387337910.0,-38.18937160137703,-85.04852815581157,49.24811395230806,-0.17068736594905362,12948962304,8.733119,3.11,0.3401889,
2025-07-25,38.20000076293945,38.439998626708984,37.099998474121094,37.33000183105469,37.33000183105469,544137,0,38.81100025177002,37.20560012817383,38.57327103706823,37.34139418345531,39.1529397979625,44.26370842752457,0.5035060226945305,0.7946774033008448,-0.2911713806063143,40.95205489659617,38.81100025177002,36.66994560694387,1.5303418364333325,6.365539625516518,10.686695788072113,386793773.0,-104.83032641671113,-95.81812078302556,49.245466606197105,-0.16563979530388678,12948962304,8.733119,3.11,0.3401889,
2025-07-28,37.25,37.63999938964844,36.79999923706055,36.97999954223633,36.97999954223633,433095,0,38.76750030517578,37.240800094604495,38.42153089470329,37.327221844583974,39.13131850188562,42.43586630463848,0.3200950205428228,0.6997609267492404,-0.3796659062064176,41.01746782650822,38.76750030517578,36.517532783843336,1.4810317161586581,5.020320906853978,7.1764690654006875,386360678.0,-134.88720155972715,-96.8965460542542,49.24327277251365,-0.16794681560814023,12948962304,8.733119,3.11,0.3401889,
2025-07-29,37.0,37.45000076293945,36.79999923706055,37.290000915527344,37.290000915527344,349048,0,38.721500396728516,37.284000091552734,38.31376613478177,37.325762200307246,39.112996933862156,44.61730197708842,0.19747858971165044,0.5993044593417224,-0.40182586963007194,41.051377914497785,38.721500396728516,36.39162287895925,1.4216724168529615,10.396636098519851,7.260832210296797,386709726.0,-123.42769627331154,-91.55169408754732,49.241511097323944,-0.17606119846418125,12948962304,8.733119,3.11,0.3401889,
2025-07-30,37.70000076293945,38.349998474121094,37.349998474121094,37.630001068115234,37.630001068115234,300855,0,38.71700038909912,37.337000122070314,38.248645652242104,37.33769313629971,39.09824075609353,46.990031119661055,0.12628363653512764,0.5047002947804035,-0.3784166582452758,41.05493158665144,38.71700038909912,36.3790691915468,1.395838498405875,20.380995108068454,11.932650704480773,387010581.0,-79.11142932025011,-85.68962172009984,49.24006816384792,-0.17388912896347614,12948962304,8.733119,3.11,0.3401889,
2025-07-31,37.06999969482422,37.43000030517578,36.599998474121094,37.0099983215332,37.0099983215332,385509,0,38.68550033569336,37.380800094604496,38.130679239793636,37.32484235925005,39.07746222440636,43.34336605923112,0.019606076495293223,0.4076814511233814,-0.38807537462808817,41.09646243664012,38.68550033569336,36.27453823474661,1.3697073623764653,26.18690392315284,18.988178376580393,386625072.0,-126.8119015283569,-93.16666920979819,49.23809666784725,-0.16116349991353643,12948962304,8.733119,3.11,0.3401889,
2025-08-01,36.86000061035156,39.20000076293945,36.86000061035156,37.619998931884766,37.619998931884766,1894669,0,38.67700023651123,37.437000045776365,38.08204301999279,37.33641712680435,39.06296010209271,47.64807816911518,-0.015535622157386797,0.32303803646722773,-0.3385736586246145,41.10169074283498,38.67700023651123,36.252309730187484,1.43901399024871,32.429765518793566,26.332554850004964,388519741.0,-64.96833963349864,-82.99999237060547,49.229113373977896,-0.1715470138786173,12948962304,8.733119,3.11,0.3401889,
2025-08-04,37.619998931884766,38.599998474121094,37.4900016784668,38.41999816894531,38.41999816894531,483420,0,38.6310001373291,37.50559997558594,38.114229224654935,37.378910501005954,39.056562470917115,52.721500483087816,0.020926355041581246,0.26261570018209845,-0.2416893451405172,41.03847936875786,38.6310001373291,36.223520905900344,1.415512762063395,43.837759165710686,34.151476202552374,389003161.0,-41.839294058433175,-69.66667175292969,49.226879472411994,-0.23065750409726013,12948962304,8.733119,3.11,0.3401889,
2025-08-05,38.20000076293945,38.540000915527344,37.619998931884766,37.84000015258789,37.84000015258789,325579,0,38.58050022125244,37.56379997253418,38.08811217017236,37.39699244812682,39.04445737322229,49.01297658054337,0.002987306185573857,0.21069002138279352,-0.20770271519721967,41.00975924913194,38.58050022125244,36.15124119337295,1.3801191350333366,52.30766973553895,42.85839814001441,388677582.0,-49.22055563664142,-78.05307356489777,49.22535234436713,-0.23047293579554418,12948962304,8.733119,3.11,0.3401889,
2025-08-06,37.75,37.75,36.65999984741211,36.91999816894531,36.91999816894531,275078,0,38.51900005340576,37.5907999420166,37.97686321767454,37.3782867901197,39.023318475667296,43.75533179907045,-0.08449201917663629,0.15165361327090757,-0.23614563244754386,41.04893244968706,38.51900005340576,35.989067657124465,1.3658249329006542,43.3333088801672,46.49291259380562,388402504.0,-99.73814051779948,-93.4693960168345,49.22396014308353,-0.22142446518115716,12948962304,8.733119,3.11,0.3401889,
2025-08-07,36.66999816894531,36.66999816894531,35.79999923706055,36.25,36.25,503851,0,38.403000068664554,37.60839996337891,37.81240005408649,37.33404024933069,38.99572326695419,40.3598656154366,-0.20551422751957205,0.08022004511281165,-0.2857342726323837,41.11885831233243,38.403000068664554,35.68714182499668,1.3482659328280906,24.411770205731703,40.01758294047929,387898653.0,-135.4467575658844,-91.42855689639137,49.22122784532708,-0.21787104587954742,12948962304,8.733119,3.11,0.3401889,
2025-08-08,36.599998474121094,36.599998474121094,34.5099983215332,35.65999984741211,35.65999984741211,976697,0,38.27550010681152,37.56439994812012,37.60740955821274,37.2683916061182,38.9625319891478,37.593293502032935,-0.3450556937779439,-0.004835102665339458,-0.3402205911126044,41.24336486205033,38.27550010681152,35.30763535157271,1.4012469485252192,17.886792008166182,28.54395703135504,386921956.0,-148.5832661908496,-80.80131546518597,49.21566961625026,-0.19200548493735495,12948962304,8.733119,3.11,0.3401889,
2025-08-11,35.75,36.029998779296875,35.150001525878906,35.54999923706055,35.54999923706055,296647,0,38.097500038146975,37.538799896240235,37.411465718103,37.20100367007672,38.92857643937579,37.08291334163818,-0.4592257722274766,-0.0957132365777669,-0.36351253564970976,41.26418251160876,38.097500038146975,34.93081756468519,1.36401482744613,22.386388002931444,21.561650072276453,386625309.0,-131.80933349084785,-77.82515193711691,49.21398069118175,-0.2166792550117023,12948962304,8.733119,3.11,0.3401889,
2025-08-12,35.689998626708984,36.08000183105469,35.52000045776367,35.63999938964844,35.63999938964844,272611,0,37.92749996185303,37.527799911499024,37.242754639202566,37.13978781594228,38.89585427967701,37.82665223927026,-0.5362624224048318,-0.18382307374317988,-0.35243934866165194,41.235441631633805,37.92749996185303,34.619558292072256,1.3065852950064787,29.60013716678596,23.291105725961206,386897920.0,-113.09371037072003,-75.9061731367369,49.212448324434185,-0.15433633609079048,12948962304,8.733119,3.11,0.3401889,
2025-08-13,35.86000061035156,35.95000076293945,35.11000061035156,35.279998779296875,35.279998779296875,382545,0,37.64349994659424,37.50499992370605,37.055825509687736,37.06685491254442,38.859875617981686,35.99381280839437,-0.6192255169888625,-0.2709035623923164,-0.34832195459654614,40.83450235533572,37.64349994659424,34.45249753785276,1.2732577848337223,32.11039589592722,28.032307021881554,386515375.0,-119.48217043682972,-83.58208833825692,49.210250705229036,-0.28324851600344736,12948962304,8.733119,3.11,0.3401889,
2025-08-14,35.27000045776367,35.790000915527344,34.7599983215332,34.91999816894531,34.91999816894531,312482,0,37.32849979400635,37.47239990234375,36.852413381997984,36.98266445201112,38.82067285729476,34.20876992377512,-0.7058863888763227,-0.35790012768911766,-0.34798626118720505,40.27990896623309,37.32849979400635,34.37709062177961,1.2558824140594667,30.047315371749637,30.585949478154287,386202893.0,-124.6930574289317,-91.25800353977695,49.208418287295494,-0.2781367746150156,12948962304,8.733119,3.11,0.3401889,
2025-08-18,35.27000045776367,35.91999816894531,35.11000061035156,35.43000030517578,35.43000030517578,476562,0,37.0689998626709,37.449399871826174,36.71694546991968,36.92177566193915,38.78693482195029,38.83648565286944,-0.7250548629478146,-0.4313310747408571,-0.29372378820695755,39.71390477425811,37.0689998626709,34.42409495108369,1.2376050987695049,35.34099302978998,32.499568099155624,386679455.0,-100.10373238119897,-80.38376322536146,49.2056902203266,-0.259106861995846,12948962304,8.733119,3.11,0.3401889,
2025-08-19,35.43000030517578,37.93000030517578,35.43000030517578,37.06999969482422,37.06999969482422,931777,0,36.95249977111816,37.45219985961914,36.75056968181535,36.92758836911111,38.769850890337096,50.81688007433151,-0.6009840025709252,-0.4652616603068707,-0.1357223422640545,39.37211117693709,36.95249977111816,34.532888365299236,1.3277761631431118,47.74848913769015,37.712265846409935,387611232.0,-14.479493333677135,-45.41577738446923,49.200873627170374,-0.20401949523676052,12948962304,8.733119,3.11,0.3401889,
2025-08-20,37.0,37.5,36.849998474121094,37.310001373291016,37.310001373291016,338972,0,36.85699977874756,37.44239990234375,36.80384889052732,36.94258495751033,38.75532502449584,52.28968834531307,-0.47778323444842385,-0.46776597513518137,-0.010017259313242488,39.05137606264586,36.85699977874756,34.66262349484926,1.2793636890528113,68.02331252583734,50.37093156443917,387950204.0,21.280163631639656,-40.298473471193766,49.199180271464016,-0.17407142374078388,12948962304,8.733119,3.11,0.3401889,
2025-08-21,37.310001373291016,37.54999923706055,36.59000015258789,36.849998474121094,36.849998474121094,354844,0,36.76099967956543,37.41819984436035,36.80824408896482,36.93895411502447,38.73636655135778,49.245789490655774,-0.4125089809022029,-0.4567145762885857,0.0442055953863828,38.77259573325825,36.76099967956543,34.74940362587261,1.2565519315828002,73.0809698069507,62.95092382349274,387595360.0,12.731094248646968,-50.10663252690621,49.197375100160855,-0.18765819417692284,12948962304,8.733119,3.11,0.3401889,
2025-08-22,36.849998474121094,37.099998474121094,36.31999969482422,36.41999816894531,36.41999816894531,373820,0,36.67099952697754,37.39959983825683,36.7712682870582,36.91860290145274,38.713318109741735,46.519677236199,-0.39096924556346124,-0.4435655101435608,0.05259626458009958,38.57143049915458,36.67099952697754,34.7705685548005,1.222512420705234,64.27535613321656,68.45987948866821,387221540.0,-10.436551972160718,-53.30073896932293,49.19541423975329,-0.17969786918701974,12948962304,8.733119,3.11,0.3401889,
2025-08-25,36.59000015258789,37.099998474121094,36.0,36.38999938964844,36.38999938964844,253495,0,36.623999404907224,37.39639984130859,36.734956963495364,36.89787335197022,38.690200510536826,46.32700092667861,-0.372030959580286,-0.4292586000309059,0.0572276404506199,38.503291091206165,36.623999404907224,34.74470771860828,1.2137614245206525,50.26144848893745,62.53925814303491,386968045.0,-15.950077960503128,-53.34987945375085,49.19407256151384,-0.15637801730252235,12948962304,8.733119,3.11,0.3401889,
2025-08-26,36.349998474121094,36.349998474121094,35.45000076293945,35.77000045776367,35.77000045776367,218143,0,36.563499450683594,37.385199813842775,36.64305634390187,36.85364304239349,38.66114379359381,42.4167794282401,-0.40241220632979946,-0.4238893212906846,0.021477114960885113,38.470751894681456,36.563499450683594,34.65624700668573,1.1942069389626762,33.36395810621408,49.30025424278936,386749902.0,-63.686964550832435,-63.15785364286646,49.192860035032076,-0.14083705505986896,12948962304,8.733119,3.11,0.3401889,
2025-08-28,35.5,35.77000045776367,35.130001068115234,35.29999923706055,35.29999923706055,233512,0,36.463999366760255,37.37939979553223,36.51514614325031,36.79271583434122,38.62769956915069,39.68240557568946,-0.4591222582115222,-0.4309359086748521,-0.028186349536670097,38.41636626378902,36.463999366760255,34.51163246973149,1.1546206854402306,20.220926065704756,34.615444220285426,386516390.0,-90.7265712522641,-76.90057142347243,49.19151788878269,-0.17242282525148594,12948962304,8.733119,3.11,0.3401889,
2025-08-29,35.43000030517578,35.88999938964844,34.95000076293945,35.040000915527344,35.040000915527344,240383,0,36.33449935913086,37.37499984741211,36.37465612156241,36.723981915956365,38.59200107508479,38.214804291198185,-0.5190616548997156,-0.4485610579198248,-0.07050059697989075,38.30383879585075,36.33449935913086,34.36515992241097,1.1392905383879988,8.816290961095016,20.800391711004615,386276007.0,-89.73579095568681,-84.50285711736211,49.190125839437805,-0.18001985080963806,12948962304,8.733119,3.11,0.3401889,
2025-09-01,35.16999816894531,35.63999938964844,34.900001525878906,34.97999954223633,34.97999954223633,326757,0,36.23299942016602,37.38039985656738,36.24183168543612,36.65559045032028,38.5560607613251,37.86675281037637,-0.5648939224832006,-0.47182763083249996,-0.09306629165070063,38.26099425441316,36.23299942016602,34.20500458591887,1.1107696330581083,4.949019873378936,11.3287456333929,385949250.0,-89.60381132211421,-93.05990274333121,49.18821771264067,-0.20768492249603257,12948962304,8.733119,3.11,0.3401889,
2025-09-02,35.0,36.2599983215332,35.0,35.959999084472656,35.959999084472656,398466,0,36.14999942779541,37.40179985046387,36.21499048534436,36.628312357541944,38.53022930185393,46.44606716962959,-0.5161882549986103,-0.48069975566572204,-0.03548849933288828,38.077526174783934,36.14999942779541,34.22247268080688,1.1228574292180202,26.97525678030318,13.58018920492571,386347716.0,-39.83739993769337,-62.14511003048146,49.18598559216918,-0.13722935067000722,12948962304,8.733119,3.11,0.3401889,
2025-09-03,35.95000076293945,36.400001525878906,35.790000915527344,36.220001220703125,36.220001220703125,268964,0,36.0399995803833,37.42579986572266,36.21546769823567,36.612300156097284,38.50724195776288,48.47866458137436,-0.4514051456176702,-0.4748408336561117,0.023435688038441482,37.663994866050615,36.0399995803833,34.41600429471599,1.0862247992989875,54.91323064359347,28.945835765758527,386616680.0,3.209031830014776,-53.94315502944055,49.184523768776984,-0.16890402883981692,12948962304,8.733119,3.11,0.3401889,
2025-09-04,36.220001220703125,37.2400016784668,36.209999084472656,36.33000183105469,36.33000183105469,524101,0,35.96449966430664,37.44419990539551,36.2263757108851,36.601229633546595,38.48557787690011,49.35446277084423,-0.3867299525918213,-0.45721865744325363,0.07048870485143233,37.37282476443453,35.96449966430664,34.556174564178754,1.0822089274914986,74.07151119457517,51.986666206157274,387140781.0,63.08478398351147,-50.47310640110614,49.181775875206085,-0.19385217697815058,12948962304,8.733119,3.11,0.3401889,
2025-09-05,36.33000183105469,36.560001373291016,35.7599983215332,35.95000076293945,35.95000076293945,355092,0,35.915999794006346,37.396799926757815,36.20005428727123,36.57569124646396,38.46034825387562,46.41893298844759,-0.3619648016366952,-0.4381678862819419,0.07620308464524672,37.25443813891792,35.915999794006346,34.57756144909477,1.0620513649390924,64.66095305477299,64.54856496431388,386785689.0,13.317167104584282,-65.34654587206785,49.17984037424868,-0.1972182010035569,12948962304,8.733119,3.11,0.3401889,
2025-09-08,35.939998626708984,36.650001525878906,35.70000076293945,35.90999984741211,35.90999984741211,370628,0,35.898999786376955,37.352999954223634,36.17243005490369,36.5495857014031,38.43497165281629,46.10804313355712,-0.3416279068092294,-0.4188598903873994,0.07723198357817002,37.22864529343589,35.898999786376955,34.56935427931802,1.0540477505105466,48.86928075216533,62.5339150005045,386415061.0,14.07940210824199,-66.66670863255008,49.17782028727864,-0.22889113039630227,12948962304,8.733119,3.11,0.3401889,
2025-09-09,36.06999969482422,36.150001525878906,35.5,35.59000015258789,35.59000015258789,134455,0,35.895499801635744,37.314999923706054,36.11696054039743,36.511954895567214,38.40666347868466,43.5927424731829,-0.3473282878641797,-0.4045535698827555,0.057225282018575796,37.22800876424747,35.895499801635744,34.56299083902402,1.0251873058940009,30.223046553890367,47.917760120276235,386280606.0,-30.380756219853495,-73.96229348434748,49.17706857285516,-0.28383554665619315,12948962304,8.733119,3.11,0.3401889,
2025-09-10,35.709999084472656,36.439998626708984,35.529998779296875,36.029998779296875,36.029998779296875,278644,0,35.91949977874756,37.27859992980957,36.10867846791166,36.49305465571348,38.38301507371563,47.80871384921514,-0.3127366357012278,-0.3861901830464499,0.07345354734522214,37.24351639752936,35.91949977874756,34.59548315996575,1.0169596302881516,25.41901696574649,34.83711475726741,386559250.0,-0.5998220799518078,-57.358557381013725,49.175540370721194,-0.27682232014999797,12948962304,8.733119,3.11,0.3401889,
2025-09-11,36.0,36.540000915527344,35.869998931884766,35.97999954223633,35.97999954223633,240837,0,35.936499786376956,37.23399993896484,36.09642333213306,36.472934847341826,38.35910447141236,47.37539038156951,-0.28605950678407766,-0.3661640477939755,0.08010454100989783,37.254442105503955,35.936499786376956,34.61855746724996,0.9921769412420393,25.79037446595683,27.144145995197903,386318413.0,14.359648943181146,-53.84624162682156,49.174232833635266,-0.27892834984212106,12948962304,8.733119,3.11,0.3401889,
2025-09-12,35.9900016784668,36.279998779296875,35.560001373291016,35.650001525878906,35.650001525878906,216059,0,35.954999923706055,37.19259994506836,36.05390696963266,36.440662952382496,38.3321482231981,44.50806798238814,-0.2882233129910645,-0.3505759008333933,0.06235258784232878,37.245666601209265,35.954999923706055,34.664333246202844,0.9727355458680265,28.414099821310796,26.541163751004714,386102354.0,-29.902728140049764,-67.94872003873384,49.17303307016969,-0.2761208960431724,12948962304,8.733119,3.11,0.3401889,
2025-09-15,35.72999954223633,36.47999954223633,35.70000076293945,36.150001525878906,36.150001525878906,311370,0,36.016500091552736,37.162799987792965,36.063058832132306,36.42926446506863,38.310435320737206,49.49571082861849,-0.2467479667088881,-0.32981031400849226,0.08306234729960416,37.218186734706684,36.016500091552736,34.81481344839879,0.9625400080458404,39.09424019540406,31.0995714942239,386413724.0,3.0288674617228515,-46.58120006455641,49.17134070459333,-0.23770957378680926,12948962304,8.733119,3.11,0.3401889,
2025-09-16,36.27000045776367,36.900001525878906,36.060001373291016,36.189998626708984,36.189998626708984,359851,0,36.05450000762939,37.1307999420166,36.0751483363777,36.41988149101531,38.28933644815981,49.883760366498606,-0.20825044272690718,-0.3054983397521752,0.09724789702526804,37.22731660126342,36.05450000762939,34.88168341399537,0.9537871612274155,41.23958670026794,36.24930890566094,386773575.0,39.673729746178324,-44.87192236276464,49.169426298954996,-0.2638895712913733,12948962304,8.733119,3.11,0.3401889,
2025-09-17,36.29999923706055,37.349998474121094,36.220001220703125,36.560001373291016,36.560001373291016,642600,0,36.02900009155273,37.07519996643067,36.12132481608373,36.42537638835945,38.27212913398201,53.44717277181685,-0.1461994519284744,-0.27363856218743504,0.12743911025896065,37.13251999741026,36.02900009155273,34.9254801856952,0.9685166388120364,55.51372624423491,45.282517713302305,387416175.0,94.0865110147108,-32.24481979036266,49.166096399965866,-0.3606023460140902,12948962304,8.733119,3.11,0.3401889,
2025-09-18,36.58000183105469,36.939998626708984,36.2400016784668,36.599998474121094,36.599998474121094,248673,0,35.99349994659424,37.030199966430665,36.166912783515855,36.43222431329128,38.25549101796349,53.82934741756703,-0.09272726075889182,-0.2374563019017264,0.14472904114283458,36.96804092329539,35.99349994659424,35.01895896989309,0.94933666091419,54.047192610031175,50.26683518484467,387664848.0,87.33796803337555,-30.612283029091383,49.16479621011887,-0.3867827762677481,12948962304,8.733119,3.11,0.3401889,
2025-09-19,36.5,36.7400016784668,36.060001373291016,36.349998474121094,36.349998474121094,358627,0,35.968499946594235,36.994199905395504,36.18434951595445,36.42899977057872,38.236530893149144,51.01049999136868,-0.06971939291081952,-0.20390892010354503,0.1341895271927255,36.877307082220675,35.968499946594235,35.059692810967796,0.930098349790018,51.12011946370185,53.56034610598931,387306221.0,59.885988938300265,-42.55321911959977,49.16289028359103,-0.3692583395423456,12948962304,8.733119,3.11,0.3401889,
2025-09-22,36.29999923706055,36.439998626708984,35.79999923706055,35.970001220703125,35.970001220703125,429175,0,35.94600009918213,36.94219993591309,36.16393539259718,36.410999827446346,38.21397835909495,46.98314705303886,-0.0812119338391426,-0.17936952285066454,0.09815758901152194,36.83094967912354,35.94600009918213,35.061050519240716,0.9093769954941909,36.15407381038066,47.10712862803789,386877046.0,5.843710415800516,-74.59450765620683,49.160554271494114,-0.35408829725443974,12948962304,8.733119,3.11,0.3401889,
2025-09-23,36.0099983215332,36.11000061035156,35.45000076293945,35.58000183105469,35.58000183105469,336988,0,35.90550022125244,36.88959999084473,36.10832267245028,36.37841167072511,38.18776963742291,43.21232612604648,-0.12040163164566309,-0.16757594460966424,0.04717431296400115,36.779536073524575,35.90550022125244,35.0314643689803,0.8915643420597565,19.067966785496473,35.44738668652633,386540058.0,-58.94745963077395,-93.157830277891,49.158670660411126,-0.3696313516864918,12948962304,8.733119,3.11,0.3401889,
2025-09-24,35.5,35.7400016784668,34.209999084472656,34.720001220703125,34.720001220703125,552970,0,35.853000259399415,36.80180000305176,35.97610158180769,36.313375966802674,38.153264479047586,36.29470742026813,-0.2183377497654746,-0.1777283056408263,-0.040609444124648286,36.86804864541732,35.853000259399415,34.83795187338151,0.937167074340784,12.163815032375766,22.4619518760843,385987088.0,-184.53616102772145,-83.75789059348926,49.15539175002094,-0.3692712272024505,12948962304,8.733119,3.11,0.3401889,
2025-09-25,34.75,35.099998474121094,34.220001220703125,34.31999969482422,34.31999969482422,418785,0,35.804000282287596,36.707399978637696,35.81837759257117,36.23520434829371,38.11512254089611,33.6004353354197,-0.3244891007868347,-0.207080464670028,-0.11740863611680669,36.9996487904148,35.804000282287596,34.60835177416039,0.93308351570344,9.95713851326992,13.72964011038072,385568303.0,-208.8692398354791,-96.49679516772522,49.15284976873984,-0.39005020326885015,12948962304,8.733119,3.11,0.3401889,
2025-09-26,34.400001525878906,34.400001525878906,33.369998931884766,33.529998779296875,33.529998779296875,535186,0,35.72850017547607,36.55879997253418,35.60043675321171,36.129117855391875,38.069499418890146,29.01872974109066,-0.46697824825832157,-0.2590600213876867,-0.20791822687063488,37.253049896249884,35.72850017547607,34.20395045470226,0.9400063070099185,9.413655916617108,10.511536487420932,385033117.0,-261.57354409865076,-95.97990286897856,49.149429123832576,-0.3982019961687554,12948962304,8.733119,3.11,0.3401889,
2025-09-29,33.54999923706055,34.0,32.70000076293945,32.97999954223633,32.97999954223633,549417,0,35.62850017547608,36.393999938964846,35.35087130454739,36.005623019581854,38.0188576290727,26.327160975495595,-0.6171679382848723,-0.3306816047671238,-0.28648633351774844,37.547628195620085,35.62850017547608,33.70937215533207,0.9657200877278206,5.92355865018228,8.43145102668977,384483700.0,-255.7989700446494,-93.97851791144811,49.14579588670375,-0.3939493651755288,12948962304,8.733119,3.11,0.3401889,
2025-09-30,33.0,33.400001525878906,32.869998931884766,33.02000045776367,33.02000045776367,360193,0,35.481500244140626,36.24199996948242,35.128883604853705,35.88853978186349,37.96911775672137,26.858514282285554,-0.7246137142660558,-0.40946802666691023,-0.3151456875991456,37.70309703216935,35.481500244140626,33.2599034561119,0.9345974096039863,7.983044259178487,7.7734196086592915,384843893.0,-196.76436851405987,-93.1182827455005,49.14339542374396,-0.4446802826503503,12948962304,8.733119,3.11,0.3401889,
2025-10-01,33.150001525878906,34.20000076293945,33.02000045776367,34.0,34.0,392639,0,35.37050018310547,36.13399993896484,35.02137088058193,35.814479398261,37.929624047699264,38.5515559435602,-0.7223605699787186,-0.4720465353292719,-0.2503140346494467,37.65437848340557,35.37050018310547,33.08662188280537,0.9521261878591145,24.301365793428477,12.735989567596414,385236532.0,-120.63402614284784,-72.0430133990282,49.14088442000113,-0.41785549560802226,12948962304,8.733119,3.11,0.3401889,
2025-10-03,33.79999923706055,35.45000076293945,33.79999923706055,35.22999954223633,35.22999954223633,680597,0,35.31550006866455,36.05419990539551,35.04124027692996,35.79155861959337,37.902762112321525,49.47033128757627,-0.6142436351025111,-0.5004859552839197,-0.11375767981859142,37.556887907429086,35.31550006866455,33.07411222990001,1.0019744262890995,52.230981575462614,28.171797209356527,385917129.0,-39.256196163573854,-45.59139732019436,49.13684078054892,-0.29351472098864506,12948962304,8.733119,3.11,0.3401889,
2025-10-06,35.36000061035156,35.720001220703125,34.31999969482422,34.41999816894531,34.41999816894531,239424,0,35.238999938964845,35.96719985961914,34.982074361883804,35.73777193525423,37.86810774472574,43.93391843685871,-0.587152201543482,-0.5178192045358322,-0.06933299700764983,37.49294689234622,35.238999938964845,32.98505298558347,1.030404933402657,67.7067300010289,48.07969245664,385677705.0,-35.09434314139577,-63.01079026620037,49.13541816844104,-0.30040368564097053,12948962304,8.733119,3.11,0.3401889,
2025-10-07,34.400001525878906,34.88999938964844,34.34000015258789,34.459999084472656,34.459999084472656,238312,0,35.16649990081787,35.89199981689453,34.93235290689226,35.6876631960079,37.834196215767996,44.26564138511023,-0.5560445700059518,-0.5254642776298561,-0.030580292376095608,37.42272952950518,35.16649990081787,32.91027027213055,0.996090240806792,68.24764590072961,62.72845249240704,385916017.0,-47.0221900547155,-62.15055510025275,49.13397706127287,-0.29605779694520507,12948962304,8.733119,3.11,0.3401889,
2025-10-08,34.400001525878906,34.54999923706055,33.900001525878906,34.220001220703125,34.220001220703125,316878,0,35.09799995422363,35.8297998046875,34.86450988915996,35.63010782442732,37.798234076513616,42.63570415368715,-0.5444809324922844,-0.5292676086023418,-0.015213323889942565,37.3816603108166,35.09799995422363,32.81433959763066,0.9713693458335669,52.395814078058685,62.783396659939065,385599139.0,-63.15033790386458,-64.1509145381425,49.13201659209173,-0.2770684929600609,12948962304,8.733119,3.11,0.3401889,
2025-10-09,34.25,34.4900016784668,33.79999923706055,34.0099983215332,34.0099983215332,196218,0,34.99699993133545,35.770399780273436,34.783127835100274,35.566574118431475,37.760540188404356,41.20593319775134,-0.5459685596447912,-0.5326077988108316,-0.01336076083395954,37.28552036042048,34.99699993133545,32.70847950225043,0.9512717098030443,37.05711179769432,52.56685725882753,385402921.0,-64.78670056703487,-67.57432520475666,49.130792843236634,-0.2937479879303149,12948962304,8.733119,3.11,0.3401889,
2025-10-10,34.189998626708984,34.849998474121094,34.18000030517578,34.63999938964844,34.63999938964844,402755,0,34.929999923706056,35.717399749755856,34.76949655458105,35.53023785455763,37.72949003120281,46.95309900542962,-0.4906557201038666,-0.5242173830694387,0.03356166296557206,37.177576836871964,34.929999923706056,32.68242301054015,0.9433237414305333,33.04395463540525,40.83229350371942,385805676.0,-30.879041171314448,-48.12834933671148,49.12835790965532,-0.24756662507786,12948962304,8.733119,3.11,0.3401889,
2025-10-13,34.650001525878906,35.95000076293945,33.88999938964844,34.41999816894531,34.41999816894531,1008768,0,34.868499755859375,35.653199691772464,34.73621099404431,35.48669904335715,37.69655976391666,45.288252211881165,-0.4592778865583327,-0.5112294837672174,0.05195159720888476,37.101169188301526,34.868499755859375,32.635830323417224,1.0230864294205677,27.84151430664734,32.64752691324897,384796908.0,-14.37992599149158,-49.56019111522288,49.12234503919076,-0.26288262522103345,12948962304,8.733119,3.11,0.3401889,
2025-10-14,34.04999923706055,34.31999969482422,32.40999984741211,32.939998626708984,32.939998626708984,1495691,0,34.70799961090088,35.571799697875974,34.56514314953618,35.38682843878271,37.64923079737728,36.03226495042632,-0.547522819354235,-0.518488150884621,-0.029034668469614,37.009552471938385,34.70799961090088,32.40644674986337,1.0935801360000417,29.186271653632303,30.023913531894962,383301217.0,-116.11394190524906,-85.02828694274723,49.112490763615995,-0.30407483651571,12948962304,8.733119,3.11,0.3401889,
2025-10-15,32.77000045776367,33.220001220703125,32.77000045776367,33.119998931884766,33.119998931884766,223924,0,34.55449962615967,35.48179969787598,34.427510366902716,35.297933164002394,37.60416381364104,37.69997951261519,-0.5960620122218501,-0.5340029231520668,-0.0620590890697833,36.849708027509536,34.55449962615967,32.2592912248098,1.0476101807814282,21.28843944649132,26.105408468923653,383525141.0,-119.15185892116503,-79.94353387428744,49.110999184606904,-0.26963930969119576,12948962304,8.733119,3.11,0.3401889,
2025-10-16,33.2400016784668,33.400001525878906,33.0,33.09000015258789,33.09000015258789,239086,0,34.38099956512451,35.375199737548826,34.300128441729875,35.211347555711626,37.55924676228727,37.524393686252466,-0.6296916299142197,-0.5531406645044974,-0.07655096540972228,36.56551708873911,34.38099956512451,32.19648204150992,1.0013524197169623,18.079074127953863,22.85126174269249,383286055.0,-100.81600066888187,-80.79095679910344,49.10941946279023,-0.26794804131919375,12948962304,8.733119,3.11,0.3401889,
2025-10-17,33.0,33.5,32.84000015258789,33.130001068115234,33.130001068115234,286651,0,34.20749969482422,35.280999755859376,34.18868773948086,35.129726124825496,37.51517466582785,37.93945756553731,-0.6456726917688584,-0.5716470699573696,-0.07402562181148886,36.202472428291905,34.20749969482422,32.21252696135654,0.9769700931237585,19.868173866815994,19.745229147087056,383572706.0,-92.42761429436564,-79.66098772616084,49.10752508380238,-0.2713675405299909,12948962304,8.733119,3.11,0.3401889,
2025-10-20,33.099998474121094,33.34000015258789,32.599998474121094,33.02000045776367,33.02000045776367,292304,0,34.040999794006346,35.20299980163574,34.07738418884113,35.046991784940715,37.47044656425507,37.20740264826309,-0.659610350836644,-0.5892397261332245,-0.07037062470341948,35.83905374846321,34.040999794006346,32.242945839549485,0.9600437777911184,23.828420918871203,20.591889637880346,383280402.0,-97.9598027900069,-82.76834879686204,49.10557322621687,-0.2632937888433917,12948962304,8.733119,3.11,0.3401889,
2025-10-21,33.11000061035156,33.66999816894531,33.11000061035156,33.4900016784668,33.4900016784668,111402,0,33.91699981689453,35.14779983520508,34.02144299737691,34.98593334939272,37.43084014748106,42.32784302836142,-0.6255202672486249,-0.5964958343563046,-0.029024432892320262,35.4943407850015,33.91699981689453,32.339658848787565,0.9378976301761556,45.15137094799568,29.615988577894285,383391804.0,-53.37095637123574,-69.49148158924126,49.104849613429025,-0.24557702513971832,12948962304,8.733119,3.11,0.3401889,
2025-10-23,33.4900016784668,33.70000076293945,33.099998474121094,33.459999084472656,33.459999084472656,346493,0,33.81099967956543,35.10379981994629,33.96797214852889,34.92609278998409,37.39132929113271,42.09188122593025,-0.5940764455282235,-0.5960119565906884,0.001935511062464923,35.20086125802564,33.81099967956543,32.421138101105214,0.9137622486505987,64.43227052078286,44.470687462549904,383045311.0,-47.52976649151052,-70.33901227383916,49.102598913108736,-0.21453792888156395,12948962304,8.733119,3.11,0.3401889,
2025-10-24,33.43000030517578,33.79999923706055,33.11000061035156,33.33000183105469,33.33000183105469,346050,0,33.741499710083005,35.05939987182617,33.9072130706742,34.863500987673135,37.350918072624474,41.0247410505003,-0.5730410219968292,-0.5914177696719165,0.018376747675087346,35.080682016546355,33.741499710083005,32.402317403619655,0.8977791327976262,74.06439289377495,61.21601145418449,382699261.0,-43.40136474423779,-74.01125012122976,49.10035077984981,-0.21286164328015678,12948962304,8.733119,3.11,0.3401889,
2025-10-27,33.20000076293945,33.470001220703125,33.119998931884766,33.27000045776367,33.27000045776367,299790,0,33.68899974822998,35.011999893188474,33.84652615515891,34.80101077081394,37.310311927202974,40.51418672868995,-0.5548163293843729,-0.5840974816144078,0.029281152230034913,35.01561729993191,33.68899974822998,32.36238219652805,0.8586522153705357,64.94958284399218,67.81541541951665,382399471.0,-52.94718433543107,-75.70620373064365,49.09838797607041,-0.18302530956426613,12948962304,8.733119,3.11,0.3401889,
2025-10-28,33.27000045776367,33.5,32.810001373291016,32.880001068115234,32.880001068115234,381948,0,33.6564998626709,34.96399993896485,33.75447614686904,34.72567705698262,37.266229232087674,37.2676828946989,-0.5653260932709614,-0.5803432039457185,0.015017110674757084,35.02818811788775,33.6564998626709,32.284811607454046,0.8466055304661392,41.24590968061501,60.08662847279404,382017523.0,-71.76722771546348,-86.72313279237923,49.09585265666833,-0.17869432245865058,12948962304,8.733119,3.11,0.3401889,
2025-10-29,33.0,33.7400016784668,32.79999923706055,33.650001525878906,33.650001525878906,437319,0,33.689999961853026,34.93860000610351,33.74452618296522,34.683493702821686,37.230246866851765,46.40007798466696,-0.5056932382235075,-0.5654132108012763,0.05971997257776873,35.026232558329475,33.689999961853026,32.35376736537658,0.8532767383904327,49.301461174275495,51.832317899627554,382454842.0,-35.78840551556929,-64.97171305725277,49.093011109551,-0.10079444469896744,12948962304,8.733119,3.11,0.3401889,
2025-10-30,33.689998626708984,33.689998626708984,33.2400016784668,33.36000061035156,33.36000061035156,177008,0,33.706999969482425,34.89720001220703,33.70790469985916,34.6315920129209,37.191736953851766,43.813113039562424,-0.4763434306560512,-0.5475992547722313,0.07125582411618003,35.01709981229937,33.706999969482425,32.39690012666548,0.8244710390941296,49.3570192376688,46.63479669751976,382277834.0,-34.68597306559014,-73.16382719641376,49.09186370721382,-0.09398569576778519,12948962304,8.733119,3.11,0.3401889,
2025-10-31,33.5,34.02000045776367,32.97999954223633,33.11000061035156,33.11000061035156,513021,0,33.6625,34.81800003051758,33.65096145323938,34.57192176183975,37.15112266187664,41.656935705440986,-0.46786317195611815,-0.5316520382090086,0.06378886625289049,34.99011155930425,33.6625,32.33488844069575,0.8398660302679305,55.470096472260195,51.37619229473483,381764813.0,-38.698924884133525,-80.22597226263214,49.08852641254981,-0.17086436189466442,12948962304,8.733119,3.11,0.3401889,
2025-11-03,33.400001525878906,33.70000076293945,33.119998931884766,33.599998474121094,33.599998474121094,268626,0,33.58099994659424,34.74379997253418,33.6461078361805,34.53380712310568,37.11578809284425,47.14713099349929,-0.4167991719109594,-0.5086814649493988,0.09188229303843942,34.696954131470456,33.58099994659424,32.465045761718024,0.8220184675764991,48.994567626430886,51.273894445453294,382033439.0,-21.92651379476714,-37.69640200121831,49.08679100076614,-0.22117335894783788,12948962304,8.733119,3.11,0.3401889,
2025-11-04,33.59000015258789,34.0099983215332,33.25,33.33000183105469,33.33000183105469,309599,0,33.526500129699706,34.67340003967285,33.616002502358995,34.486599072437016,37.07811857780157,44.65365913337299,-0.39358011010411076,-0.4856611939803412,0.09208108387623043,34.57782749544066,33.526500129699706,32.47517276395875,0.8175884571448352,44.80878588521724,49.757816661302776,381723840.0,-7.512102835902303,-48.59138470630902,49.084798625864735,-0.2241735017927673,12948962304,8.733119,3.11,0.3401889,
2025-11-06,33.45000076293945,33.45000076293945,32.66999816894531,32.90999984741211,32.90999984741211,208846,0,33.44900016784668,34.603200073242185,33.54876415426882,34.424771651847806,37.03664475958874,41.019397888325265,-0.4044077257869958,-0.4694105003416721,0.06500277455467629,34.44046106647438,33.44900016784668,32.45753926921898,0.8149037526340713,42.26476880582746,45.356040772491866,381514994.0,-89.42544672772246,-78.1689478703542,49.08340999858551,-0.2181458487246136,12948962304,8.733119,3.11,0.3401889,
2025-11-07,32.97999954223633,33.02000045776367,32.400001525878906,32.650001525878906,32.650001525878906,319671,0,33.37050018310547,34.5284001159668,33.46316771346978,34.35517282337844,36.99299656820854,38.90831447477881,-0.42902287226156943,-0.46133297472565155,0.03231010246408211,34.35393140304975,33.37050018310547,32.38706896316119,0.8009819797234067,25.5509243378083,37.54149300961767,381195323.0,-148.3913185684092,-84.56789105970948,49.081242648501856,-0.22531515795893764,12948962304,8.733119,3.11,0.3401889,
2025-11-10,32.650001525878906,32.68000030517578,32.099998474121094,32.29999923706055,32.29999923706055,438199,0,33.285000228881835,34.45900009155273,33.352389763335566,34.27457778077774,36.946300077351346,36.206892731017575,-0.471339504393697,-0.46333428065926063,-0.00800522373443635,34.32677701733434,33.285000228881835,32.24322344042933,0.7851976833899268,14.560408625818889,27.45870058981822,380757124.0,-191.8836756136972,-89.58330435888317,49.07821282167696,-0.225893500126237,12948962304,8.733119,3.11,0.3401889,
2025-11-11,32.5,32.5,31.899999618530273,32.099998474121094,32.099998474121094,340863,0,33.15800018310547,34.39500007629395,33.233114402458,34.18930016090885,36.89807817085154,34.72329436223798,-0.5150766473596846,-0.47368275399934545,-0.04139389336033916,34.12465633555586,33.15800018310547,32.19134403065508,0.7719693046813411,11.793992828194583,17.301775263940595,380416261.0,-210.6847542565669,-90.56609545196497,49.07582951547591,-0.2604337893078753,12948962304,8.733119,3.11,0.3401889,
2025-11-12,32.2400016784668,32.349998474121094,32.029998779296875,32.20000076293945,32.20000076293945,204225,0,33.047000312805174,34.338200073242184,33.13472262726576,34.11128841981201,36.851331131966845,36.13247970576935,-0.5354964298078215,-0.4860454891610407,-0.04945094064678085,33.9131209896167,33.047000312805174,32.18087963599365,0.739685761120118,13.10158926551596,13.151996906509815,380620486.0,-186.11582194498504,-85.84900822408818,49.074404152207,-0.21997765697456967,12948962304,8.733119,3.11,0.3401889,
2025-11-13,32.25,32.439998626708984,31.850000381469727,31.959999084472656,31.959999084472656,284175,0,32.99800033569336,34.27780006408691,33.0228441946188,34.02692413215165,36.802661161345014,34.22299191417694,-0.5645377444832533,-0.5017439402254832,-0.06279380425777015,33.98521130488107,32.99800033569336,32.010789366505655,0.7289937957000566,12.745040253750105,12.546874115820222,380336311.0,-169.28198807269558,-94.93093552370782,49.072408266822684,-0.18333852263996048,12948962304,8.733119,3.11,0.3401889,
2025-11-14,31.899999618530273,31.989999771118164,31.65999984741211,31.790000915527344,31.790000915527344,206843,0,32.93150043487549,34.19440010070801,32.90543054899104,33.939201653068345,36.75278394496872,32.89685563697062,-0.5944185401763562,-0.5202788602156578,-0.07413967996069837,34.04764215472101,32.93150043487549,31.81535871502997,0.7004942334147708,13.833897740984781,13.22684242008362,380129468.0,-170.73282881516377,-94.49148158924126,49.07093272959935,-0.21184862525241424,12948962304,8.733119,3.11,0.3401889,
2025-11-17,31.75,33.20000076293945,31.75,32.290000915527344,32.290000915527344,545713,0,32.89150047302246,34.115800094604495,32.84681820294688,33.87452711434125,36.70837814368075,40.23261203608134,-0.5711693796489996,-0.5304569641023262,-0.040712415546673375,34.03895515428379,32.89150047302246,31.74404579176113,0.7540304140951052,21.018643639170644,15.865860544635183,380675181.0,-72.04456128847399,-73.3050463905861,49.06717634039754,-0.20279530862372797,12948962304,8.733119,3.11,0.3401889,
2025-11-18,32.31999969482422,32.400001525878906,31.81999969482422,31.959999084472656,31.959999084472656,283416,0,32.833000373840335,34.02840003967285,32.76235923928267,33.799447583758166,36.66113059085281,37.331847099967746,-0.5727701050219665,-0.5389195922862543,-0.03385051273571216,34.043424125975356,32.833000373840335,31.622576621705313,0.7415998010207897,24.37826378040491,19.743601720186785,380391765.0,-103.95513526226034,-87.28817120874147,49.065184751936705,-0.22060967578455312,12948962304,8.733119,3.11,0.3401889,
2025-11-19,31.989999771118164,32.040000915527344,31.790000915527344,31.899999618530273,31.899999618530273,151816,0,32.77700033187866,33.94740001678467,32.68022975159196,33.724959428259034,36.61375615331726,36.81216071903781,-0.5722832221269982,-0.5455923182544031,-0.026690903872595095,34.04966914839744,32.77700033187866,31.50433151535988,0.7064855295193048,25.324661920591485,23.57385644672235,380239949.0,-106.34748494091465,-89.83052080302589,49.064108711194834,-0.2349762396678185,12948962304,8.733119,3.11,0.3401889,
2025-11-20,31.93000030517578,32.150001525878906,31.399999618530273,31.649999618530273,31.649999618530273,325572,0,32.68500022888183,33.86220001220703,32.582112596062274,33.64358845532849,36.564365541030824,34.64786948993738,-0.5853230349913119,-0.5535384616017849,-0.031784573389527004,34.00340144940021,32.68500022888183,31.366599008363462,0.7095938422213995,16.31790995784632,22.00694521961424,379914377.0,-112.22497568763669,-90.45801832364492,49.06177781784012,-0.25031263714412694,12948962304,8.733119,3.11,0.3401889,
2025-11-21,31.5,31.59000015258789,31.200000762939453,31.270000457763672,31.270000457763672,253739,0,32.575500297546384,33.77580001831055,32.45714953527193,33.55050657307105,36.51168529144608,31.606123559075595,-0.6191823879804517,-0.5666672468775182,-0.05251514110293343,33.979259915014204,32.575500297546384,31.171740680078567,0.6910513431763582,10.991085418950746,17.544552432462854,379660638.0,-136.14269410362982,-97.50890549316884,49.05992181141284,-0.29083850849034065,12948962304,8.733119,3.11,0.3401889,
2025-11-24,31.5,31.5,29.5,30.31999969482422,30.31999969482422,799846,0,32.42500019073486,33.661600036621095,32.25361145522929,33.42382002882607,36.45007647953939,25.56386938068552,-0.7144376981867069,-0.596221337139356,-0.11821636104735089,34.09339523268248,32.42500019073486,30.75660514878724,0.7845476758066183,15.221567155896842,14.17685417756464,378860792.0,-199.38525380998962,-81.81818181818181,49.05377212994511,-0.27404093049894923,12948962304,8.733119,3.11,0.3401889,
2025-11-25,30.139999389648438,31.350000381469727,30.139999389648438,30.739999771118164,30.739999771118164,449775,0,32.29850015640259,33.55680004119873,32.10945796150442,33.318572175582624,36.393259795873504,31.773830022092355,-0.7474219072401027,-0.6264614511595054,-0.12096045608059736,34.07179459721515,32.29850015640259,30.525205715590022,0.8149371983790948,26.189412886340307,17.4673551537293,379310567.0,-151.49385063790322,-68.60760679460225,49.05037210732778,-0.2624165174404732,12948962304,8.733119,3.11,0.3401889,
2025-11-26,30.81999969482422,31.649999618530273,30.809999465942383,31.469999313354492,31.469999313354492,258242,0,32.22800006866455,33.47319999694824,32.04855713787109,33.246079122161916,36.34427212938078,40.98886389814041,-0.7065130259811454,-0.6424717661238334,-0.06404125985731202,34.015273464554056,32.22800006866455,30.440726672775043,0.8217273875957387,49.80260261440106,30.404527552212738,379568809.0,-89.16847314669425,-46.75678629348625,49.04848093522285,-0.2005033154804511,12948962304,8.733119,3.11,0.3401889,
2025-11-27,31.520000457763672,32.31999969482422,31.5,32.029998779296875,32.029998779296875,398937,0,32.14699993133545,33.3907999420166,32.04678967514974,33.19838969695152,36.301344036345114,46.91249454348444,-0.6217381556206796,-0.6383250440232027,0.016586888402523092,33.81178982075658,32.14699993133545,30.482210041914318,0.8237468871581665,70.28274988454716,48.758255128429504,379967746.0,-25.179297421802982,-31.621668713199778,49.045665589179144,-0.23679108851070843,12948962304,8.733119,3.11,0.3401889,
2025-11-28,32.029998779296875,32.31999969482422,31.780000686645508,32.02000045776367,32.02000045776367,211417,0,32.079999923706055,33.3073999786377,32.04423832111297,33.15217835423827,36.258743602727385,46.82212350538846,-0.5490313494420995,-0.6204663051069821,0.07143495566488256,33.64924210247523,32.079999923706055,30.510757744936882,0.8034791815167768,84.47252014490937,68.18595754795253,379756329.0,-10.211487749904515,-31.89189356378224,49.044181822673536,-0.2268596512354924,12948962304,8.733119,3.11,0.3401889,
2025-12-01,32.04999923706055,32.790000915527344,31.90999984741211,32.290000915527344,32.290000915527344,327978,0,32.03899993896484,33.221999969482425,32.067644282485766,33.118367474288824,36.21925362574032,49.64323746719202,-0.4642720619370806,-0.5892274564730018,0.1249553945359212,33.53981199283759,32.03899993896484,30.538187885092093,0.8089450305595237,86.73669761508036,80.49732254817896,380084307.0,30.570079310085482,-24.594585399197676,49.041919768141035,-0.1816130039760373,12948962304,8.733119,3.11,0.3401889,
2025-12-02,32.20000076293945,32.70000076293945,31.760000228881836,31.889999389648438,31.889999389648438,328996,0,31.95349998474121,33.12779998779297,32.05072572126316,33.070196176851944,36.17617646916229,45.7693564621138,-0.4244833166749231,-0.556278628513386,0.13179531183846294,33.27270156135747,31.95349998474121,30.634298408124945,0.8183061379522447,75.01307504189556,82.07409760062842,379755311.0,14.35518252677002,-35.40543522078329,49.03962234981438,-0.24223819774181124,12948962304,8.733119,3.11,0.3401889,
2025-12-03,31.809999465942383,32.08000183105469,31.399999618530273,31.799999237060547,31.799999237060547,285030,0,31.876999855041504,33.03680000305176,32.02684700848196,33.02038453215424,36.132632417101576,44.91999575140236,-0.39565188094463366,-0.5241532789996356,0.12850139805500194,33.035725340088625,31.876999855041504,30.718274369994383,0.808427286135971,54.818140405531004,72.18930435416897,379470281.0,-25.24004603417467,-37.837871275644815,49.0375905166782,-0.19863982206648118,12948962304,8.733119,3.11,0.3401889,
2025-12-04,31.770000457763672,31.850000381469727,31.3799991607666,31.530000686645508,31.530000686645508,144227,0,31.807999897003175,32.947999992370605,31.979528311164202,32.96193810684017,36.08683508645027,42.379182164118646,-0.3900926418050652,-0.4973411515607215,0.10724850975565631,32.87301851683396,31.807999897003175,30.74298127717239,0.7842539957479105,31.320242577263556,53.7171526748967,379326054.0,-43.44984714520117,-45.135127890276955,49.03655226563231,-0.19630360637133834,12948962304,8.733119,3.11,0.3401889,
2025-12-05,31.350000381469727,31.520000457763672,31.200000762939453,31.290000915527344,31.290000915527344,158783,0,31.739999866485597,32.86219997406006,31.91385903538926,32.896371942474964,36.03910539320726,40.2023801006278,-0.40043689326007126,-0.47796029990059147,0.07752340664052021,32.7537256106298,31.739999866485597,30.726274122341394,0.7518072763163495,15.025234461668427,33.72120581482099,379167271.0,-74.4120708655885,-45.5926924798308,49.03539299886703,-0.2024274156782847,12948962304,8.733119,3.11,0.3401889,
2025-12-08,31.100000381469727,31.299999237060547,30.260000228881836,30.59000015258789,30.59000015258789,398425,0,31.65449991226196,32.77959995269775,31.787777237027225,32.80592598993037,35.98488544056428,34.61727205143275,-0.4598184970760002,-0.4743319393356732,0.014513442259672993,32.750026691960294,31.65449991226196,30.55897313256363,0.7723924000208039,9.941121113343593,18.762199384091854,378768846.0,-148.30134199740078,-66.86930549339442,49.032382909211464,-0.20520138335150356,12948962304,8.733119,3.11,0.3401889,
2025-12-09,30.350000381469727,30.889999389648438,29.920000076293945,30.75,30.75,319794,0,31.58699998855591,32.708199958801266,31.688941309691298,32.72530144130565,35.93279702822036,36.779220811725544,-0.48833892822568004,-0.47713333711367456,-0.011205591112005475,32.72975288869086,31.58699998855591,30.444247088420955,0.7865071795446388,19.203620555315158,14.723325376775719,379088640.0,-147.99625719190908,-62.00608960014099,49.0299416553824,-0.1520556623085698,12948962304,8.733119,3.11,0.3401889,
2025-12-10,30.75,31.299999237060547,30.700000762939453,30.850000381469727,30.850000381469727,219510,0,31.51949996948242,32.65459999084473,31.609042173670197,32.65176022327287,35.88222193720791,38.15563538934143,-0.4971416409667242,-0.4811349978842845,-0.01600664308243971,32.6689080235512,31.51949996948242,30.37009191541365,0.7731851291572427,33.37900398140341,20.841248550020712,379308150.0,-79.57269257869659,-58.96656517333098,49.02830524465001,-0.17097776602435005,12948962304,8.733119,3.11,0.3401889,
2025-12-11,30.729999542236328,30.850000381469727,30.270000457763672,30.639999389648438,30.639999389648438,275640,0,31.45349998474121,32.607799987792966,31.516752384715744,32.57286764156211,35.83006051882423,36.36511701795986,-0.5151251372941239,-0.48793302576625236,-0.027192111527871543,32.64497438343341,31.45349998474121,30.26202558604901,0.7593861859107293,43.870791407705724,32.151138648141426,379032510.0,-110.82619031320652,-65.34957226704265,49.026209524074225,-0.13112866041222188,12948962304,8.733119,3.11,0.3401889,
2025-12-12,30.639999389648438,30.979999542236328,30.309999465942383,30.610000610351562,30.610000610351562,282274,0,31.39449996948242,32.559599990844724,31.430395072871537,32.495892463867584,35.778119624212565,36.10447284508855,-0.5257374642490262,-0.49549391346280713,-0.030243550786219098,32.6295460816466,31.39449996948242,30.15945385731824,0.7530014637952448,47.72885071765837,41.659548702255826,378750236.0,-93.27047085119688,-75.95817657524023,49.02406928829018,-0.12734696425184552,12948962304,8.733119,3.11,0.3401889,
2025-12-15,30.350000381469727,32.9900016784668,30.299999237060547,31.989999771118164,31.989999771118164,493229,0,31.379499912261963,32.51939998626709,31.483690758418835,32.47605353474015,35.7404268893559,52.84732063752748,-0.41797525215254794,-0.4799901812007553,0.06201492904820738,32.577405795952885,31.379499912261963,30.181594028571045,0.8913586764817453,54.14222681039799,48.580622978587364,379243465.0,46.0640273229484,-32.57333503151472,49.0205597937793,-0.08665326582091665,12948962304,8.733119,3.11,0.3401889,
2025-12-16,31.950000762939453,31.959999084472656,31.020000457763672,31.219999313354492,31.219999313354492,306764,0,31.342499923706054,32.439199981689455,31.458577287460326,32.42679650645052,35.69544751049022,45.65821815175741,-0.3902074558056583,-0.4620336361217359,0.07182618031607763,32.511770953019465,31.342499923706054,30.173228894392643,0.8969758648297986,50.78438230505932,50.88515327770523,378936701.0,5.490657586186644,-57.65477007762967,49.01833227180472,-0.09097376944745217,12948962304,8.733119,3.11,0.3401889,
2025-12-17,31.25,31.3700008392334,30.420000076293945,30.719999313354492,30.719999313354492,413045,0,31.283499908447265,32.36520000457764,31.388236528021675,32.35986328319186,35.64594056325504,41.69207057402644,-0.403891291080253,-0.45040516711343936,0.04651387603318635,32.45337637749075,31.283499908447265,30.113623439403778,0.9007633575519167,39.63238198557183,48.186330367009724,378523656.0,-62.28395366950801,-73.94140652909327,49.01523802457461,-0.10754077743333919,12948962304,8.733119,3.11,0.3401889,
2025-12-18,30.719999313354492,31.360000610351562,30.290000915527344,30.979999542236328,30.979999542236328,424609,0,31.249999904632567,32.29560001373291,31.349356815089738,32.305750979624975,35.599513289414055,44.39688481459778,-0.3892687358879492,-0.4381778808683413,0.048909144980392116,32.41433664233311,31.249999904632567,30.085663166932022,0.9128516673570812,25.67532615331146,38.697363481314206,378948265.0,-50.8358697025735,-65.47234811890169,49.01206524231242,-0.07166190832860332,12948962304,8.733119,3.11,0.3401889,
2025-12-19,31.0,31.40999984741211,30.75,31.25,31.25,193111,0,31.248999881744385,32.23619998931885,31.339894261271667,32.264348980423996,35.556234550215905,47.139209852898226,-0.35183770899672595,-0.42090984649401825,0.0690721374972923,32.41330054486817,31.248999881744385,30.084699218620596,0.8947908230752974,25.88502574010882,30.397577959664037,379141376.0,-15.08484840171074,-56.677549524250345,49.010643318901394,-0.033126121398715215,12948962304,8.733119,3.11,0.3401889,
2025-12-22,31.299999237060547,33.0099983215332,31.25,31.920000076293945,31.920000076293945,596309,0,31.32899990081787,32.194400024414065,31.395142434130932,32.25084510183066,35.52005311266444,53.2949299990797,-0.265054559802131,-0.3897387891556408,0.12468422935350981,32.44588664740489,31.32899990081787,30.21211315423085,0.9565913586794336,40.34583531877985,30.635395737400046,379737685.0,96.7097849528609,-35.27504414989917,49.00648072200474,-0.03390785431602838,12948962304,8.733119,3.11,0.3401889,
2025-12-23,31.920000076293945,32.349998474121094,31.760000228881836,32.18000030517578,32.18000030517578,265287,0,31.40099992752075,32.14520004272461,31.46989080280187,32.24806687451086,35.48681875637102,55.46241186788249,-0.17330074021121078,-0.3464511793667548,0.173150439155544,32.542120471725916,31.40099992752075,30.259879383315585,0.9304061362908496,54.98911547642299,40.40665884510389,380002972.0,91.07249228826595,-26.8607924822027,49.0046335209933,-0.01647221031673948,12948962304,8.733119,3.11,0.3401889,
2025-12-24,32.18000030517578,32.279998779296875,31.559999465942383,31.68000030517578,31.68000030517578,217222,0,31.411499977111816,32.09040008544922,31.489901231599386,32.22578975414478,35.44893996581187,50.59927290540946,-0.13932494719597344,-0.3050259329325985,0.16570098573662506,32.55881473398462,31.411499977111816,30.264185220239018,0.9153770775096811,60.17160076724096,51.835517187481265,379785750.0,52.2544723983295,-43.042031444727904,49.003098342562886,-0.06328195369988238,12948962304,8.733119,3.11,0.3401889,
2025-12-26,31.780000686645508,32.0099983215332,31.530000686645508,31.649999618530273,31.649999618530273,231665,0,31.392500019073488,32.06460010528564,31.505148697021376,32.20320974882656,35.41113956434638,50.31420102373081,-0.1135112046264588,-0.26672298727137056,0.15321178264491175,32.510424622902484,31.392500019073488,30.274575415244488,0.884278545893825,53.47044232119986,56.21038618828794,379554085.0,40.58526670960291,-44.01292800402951,49.00145090196689,-0.10319115126789423,12948962304,8.733119,3.11,0.3401889,
2025-12-29,31.600000381469727,31.739999771118164,30.950000762939453,31.040000915527344,31.040000915527344,262071,0,31.34350004196167,32.023000144958495,31.460848908307657,32.157593716148156,35.36764564744271,44.78882118642108,-0.1406540526576805,-0.24150920034863255,0.10085514769095205,32.432651634857805,31.34350004196167,30.25434844906553,0.8775442931998884,31.76497788094301,48.469006989794615,379292014.0,-17.947790996309354,-63.7539975642712,48.999535111064056,-0.1314531408123155,12948962304,8.733119,3.11,0.3401889,
2025-12-30,30.979999542236328,31.260000228881836,30.81999969482422,31.110000610351562,31.110000610351562,152358,0,31.28450002670288,31.98340015411377,31.427434784692792,32.116511633567896,35.32528102020797,45.52807941011557,-0.15473290035818366,-0.22415394035054276,0.0694210399923591,32.28652737228093,31.28450002670288,30.28247268112483,0.846291167546869,21.048763165727873,35.42806112262358,379444372.0,-36.414546306001974,-69.34303622294556,48.998410245225195,-0.11970517575749777,12948962304,8.733119,3.11,0.3401889,
2025-12-31,31.010000228881836,31.84000015258789,31.0,31.139999389648438,31.139999389648438,393362,0,31.24700002670288,31.943600120544435,31.40005998516476,32.07821703576713,35.283636426869066,45.8626274108066,-0.16160693367982049,-0.2116445390163983,0.050037605336577806,32.21099379867569,31.24700002670288,30.283006254730076,0.8458418093355133,15.080356337226595,22.631365794632497,379837734.0,8.58664645588677,-68.2481894096125,48.995549320166496,-0.12244676721507158,12948962304,8.733119,3.11,0.3401889,
2026-01-01,31.170000076293945,31.5,30.84000015258789,31.219999313354492,31.219999313354492,224237,0,31.21800003051758,31.90760009765625,31.38291134975426,32.04456143880977,35.243202226734596,46.8009672598145,-0.15876913756859778,-0.20106945872683818,0.042300321158240395,32.148002275493276,31.21800003051758,30.287997785541886,0.8325673834838417,24.828525500162772,20.319215001039083,380061971.0,-9.76328201055147,-65.80884982560366,48.99390593808847,-0.12642657719333608,12948962304,8.733119,3.11,0.3401889,
2026-01-02,31.139999389648438,31.479999542236328,30.8799991607666,31.3799991607666,31.3799991607666,465711,0,31.210499954223632,31.865400047302245,31.3826339984221,32.018500173004156,35.20476239523243,48.715504218636795,-0.14197293754466855,-0.18925015449040425,0.047277216945735695,32.13270331186144,31.210499954223632,30.288296596585827,0.8159554547685478,36.81104565329773,25.573309163562367,380527682.0,3.421716739080096,-59.92649688442718,48.990505313518284,-0.0623461502121093,12948962304,8.733119,3.11,0.3401889,
2026-01-05,31.200000762939453,31.579999923706055,31.020000457763672,31.5,31.5,398072,0,31.220999908447265,31.82620006561279,31.393811712858092,31.998166832886348,35.16789908781718,50.164114606264654,-0.1176228798372776,-0.1749246995597789,0.05730181972250131,32.15133103842998,31.220999908447265,30.290668778464553,0.7976728841381074,51.72733418858661,37.78896844734904,380925754.0,24.298564405174968,-55.51469711695564,48.9876192732851,-0.005903408481488952,12948962304,8.733119,3.11,0.3401889,
2026-01-06,31.579999923706055,32.20000076293945,31.299999237060547,31.940000534057617,31.940000534057617,527787,0,31.288499927520753,31.798400039672853,31.445829695829474,31.99588580155973,35.13578069424744,55.16488999411669,-0.062105009915637055,-0.15236076163095053,0.09025575171531347,32.22180118791902,31.288499927520753,30.355198667122483,0.8049820728338787,67.48363171483021,52.00733718557152,381453541.0,91.94810737786784,-39.33819146713116,48.9838912094894,0.049512735210566455,12948962304,8.733119,3.11,0.3401889,
2026-01-07,31.940000534057617,32.20000076293945,31.729999542236328,31.979999542236328,31.979999542236328,273486,0,31.34999990463257,31.772600021362305,31.496703014534887,31.995262810998028,35.10437988676474,55.60105271696483,-0.014709549809889921,-0.12483051926673841,0.11012096945684849,32.295283017231675,31.34999990463257,30.404716792033458,0.7810548691102533,77.12415275736406,65.44503955359363,381727027.0,106.81402871220286,-37.86763829342623,48.98197767688452,0.018112808503767595,12948962304,8.733119,3.11,0.3401889,
2026-01-08,31.90999984741211,32.20000076293945,31.350000381469727,31.510000228881836,31.510000228881836,250500,0,31.382999897003174,31.745200004577637,31.497969415901263,31.976232905817,35.06861491504451,49.506707718339236,-0.014901547090818923,-0.10284472483155452,0.0879431777407356,32.301871096409585,31.382999897003174,30.46412869759676,0.7859795485645015,70.81102910689587,71.80627119303006,381476527.0,51.2553015080245,-66.37164631315987,48.98019616603213,0.011041586684621501,12948962304,8.733119,3.11,0.3401889,
2026-01-09,31.510000228881836,31.510000228881836,30.729999542236328,30.940000534057617,30.940000534057617,251448,0,31.397999954223632,31.69099998474121,31.444829522392343,31.93559634221859,35.02753417493519,43.30708754912903,-0.0603522152360334,-0.09434622291245029,0.03399400767641689,32.27678548582979,31.397999954223632,30.519214422617473,0.785552486998859,48.61217084092842,65.5157842350628,381225079.0,-65.62402004175065,-90.78942525197093,48.97834349454195,-0.01792354356842606,12948962304,8.733119,3.11,0.3401889,
2026-01-12,30.700000762939453,30.920000076293945,30.0,30.350000381469727,30.350000381469727,248007,0,31.38499994277954,31.630799980163573,31.34056008039971,31.873416108463733,34.98099155012459,38.00224525813133,-0.14233947777577782,-0.1039448738851158,-0.03839460389066203,32.3161605288656,31.38499994277954,30.45383935669348,0.796584490360199,25.974056113419152,48.46575202041449,380977072.0,-176.73678995082915,-85.10635707537521,48.97645163745975,-0.022542296848374038,12948962304,8.733119,3.11,0.3401889,
2026-01-13,30.299999237060547,30.8700008392334,30.139999389648438,30.549999237060547,30.549999237060547,448165,0,31.31299991607666,31.579599952697755,31.26526857151027,31.82151740762439,34.93690207437271,40.65593918376372,-0.18899808555579156,-0.12095551621925095,-0.06804256933654061,32.268282229820386,31.31299991607666,30.357717602332933,0.7918285588762534,18.39827642539261,30.994834459913402,381425237.0,-142.12838198293173,-75.87721352946687,48.973051712490715,-0.03358876636973678,12948962304,8.733119,3.11,0.3401889,
2026-01-14,30.540000915527344,30.639999389648438,30.0,30.25,30.25,267752,0,31.264499950408936,31.51259998321533,31.16857632660453,31.759889273992062,34.890266232836666,38.02663921716301,-0.24733171357566164,-0.1462307556905331,-0.10110095788512855,32.32629995708009,31.264499950408936,30.202699943737787,0.7809836182171237,17.424230601837543,20.59885438021644,381157485.0,-154.24475588241063,-88.63636757716523,48.970996480099295,-0.01570098664566682,12948962304,8.733119,3.11,0.3401889,
2026-01-16,30.020000457763672,30.479999542236328,30.020000457763672,30.15999984741211,30.15999984741211,301770,0,31.236499977111816,31.44919994354248,31.0725214238243,31.6971485121654,34.843198905618515,37.24836765450363,-0.2973956028167528,-0.17646372511577704,-0.12093187770097577,32.38060275523175,31.236499977111816,30.09239719899188,0.7580561515210904,15.653201284269583,17.158569437166587,380855715.0,-151.56272791635323,-92.72728218519656,48.96867116428781,-0.010641667034859758,12948962304,8.733119,3.11,0.3401889,
2026-01-19,30.040000915527344,30.149999618530273,29.540000915527344,29.920000076293945,29.920000076293945,326744,0,31.183500003814697,31.38939994812012,30.962757485964264,31.627456416641028,34.79421185259041,35.180613547378734,-0.35237560487185604,-0.21164610106699283,-0.1407295038048632,32.46068874529987,31.183500003814697,29.906311262329524,0.7481949215470671,16.498611672510364,16.525347852872503,380528971.0,-175.09187259295638,-85.7143164449314,48.96610707002962,-0.017585396598810765,12948962304,8.733119,3.11,0.3401889,
2026-01-20,29.969999313354492,30.010000228881836,27.40999984741211,28.59000015258789,28.59000015258789,939258,0,31.050500011444093,31.308199920654296,30.736780597071277,31.508340484717376,34.73247840283914,26.42582481478663,-0.4975322886594249,-0.26882333858547924,-0.22870895007394565,32.754852948853916,31.050500011444093,29.346147074034274,0.8804667401129713,24.078749293844822,18.743520750208265,379589713.0,-245.6506420317946,-75.36534280503635,48.95827722277524,-0.04216367497004579,12948962304,8.733119,3.11,0.3401889,
2026-01-21,28.260000228881836,28.989999771118164,27.799999237060547,28.579999923706055,28.579999923706055,560960,0,30.883500003814696,31.233799934387207,30.531372913893637,31.393503599971833,34.67125971150448,26.372682609024945,-0.6063868906412893,-0.33633604899664127,-0.270050841644648,32.84888316981912,30.883500003814696,28.918116837810274,0.9025762968233032,32.62105027170167,24.399470412685627,379028753.0,-207.2449923636276,-75.57411581068274,48.95355468463807,0.0028310073018117435,12948962304,8.733119,3.11,0.3401889,
2026-01-22,28.799999237060547,29.3799991607666,28.75,29.100000381469727,29.100000381469727,205614,0,30.729500007629394,31.17379997253418,30.395051720329455,31.303562297285477,34.61582429528523,33.82487817947273,-0.6432799252995913,-0.39772482425723127,-0.24555510104236006,32.746393303817385,30.729500007629394,28.712606711441403,0.8952493639831064,41.791948600748334,32.830582722098285,379234367.0,-131.6064951577996,-64.71815843334633,48.95187657627542,-0.010038704373741587,12948962304,8.733119,3.11,0.3401889,
2026-01-23,29.149999618530273,29.31999969482422,27.600000381469727,27.93000030517578,27.93000030517578,683328,0,30.542000007629394,31.088399963378905,30.160284918886248,31.171265748575294,34.54929868344335,27.16308424824007,-0.7581872385932265,-0.4698173071244303,-0.28836993146879614,32.84720783381084,30.542000007629394,28.236792181447942,0.9541600746524911,36.74997366573346,37.05432417939449,378551039.0,-163.2103152964665,-89.14404262266359,48.9460791374797,-0.04668423839055255,12948962304,8.733119,3.11,0.3401889,
2026-01-27,28.100000381469727,28.229999542236328,27.0,27.209999084472656,27.209999084472656,701484,0,30.319999980926514,30.993399963378906,29.879305315608764,31.015921957826173,34.47627082673717,24.02700762197018,-0.897010020305661,-0.5552558497606764,-0.3417541705449846,32.98303593211001,30.319999980926514,27.656964029743015,0.9738628937656223,27.001238841393704,35.18105370262517,377849555.0,-182.16859974217118,-95.96155666035041,48.9398997908267,-0.08781377936154505,12948962304,8.733119,3.11,0.3401889,
2026-01-28,27.649999618530273,28.34000015258789,27.309999465942383,28.049999237060547,28.049999237060547,423638,0,30.170499897003175,30.91859992980957,29.705085689080363,30.899611262894187,34.41232782584487,33.65133890966586,-0.9285434123775573,-0.6299133622840526,-0.29863005009350474,32.98639403265327,30.170499897003175,27.354605761353074,0.9850156205048802,23.357488093466127,29.0362335335311,378273193.0,-131.55696889128433,-79.8077099422,48.936242705074626,-0.037882631922303296,12948962304,8.733119,3.11,0.3401889,
2026-01-29,28.049999237060547,28.209999084472656,27.3700008392334,27.75,27.75,229951,0,30.002499866485596,30.827799911499024,29.51888705202509,30.776097095721866,34.34603600668223,32.08790968220949,-0.9665989331979468,-0.6972504764668315,-0.2693484567311153,32.97093301789308,30.002499866485596,27.03406671507811,0.9746572365573358,27.53565331752374,25.96479341746119,378043242.0,-118.00466916429401,-85.576925193064,48.93424653356902,-0.046186578909634214,12948962304,8.733119,3.11,0.3401889,
2026-01-30,27.5,28.399999618530273,27.219999313354492,28.1200008392334,28.1200008392334,372378,0,29.851499938964842,30.750999946594238,29.385659793663976,30.671936458212514,34.28408540800115,36.035072424868375,-0.9558834032671193,-0.7489770618268891,-0.20690634144023023,32.87976197293949,29.851499938964842,26.823237904990194,0.9893245986015105,41.30205043544052,30.731730615476796,378415620.0,-97.39934513826445,-75.16627976954493,48.931035647910676,0.010222488303831804,12948962304,8.733119,3.11,0.3401889,
2026-02-02,27.799999237060547,28.350000381469727,26.899999618530273,28.040000915527344,28.040000915527344,512846,0,29.692500019073485,30.67379997253418,29.25750180527001,30.568723299675842,34.22195521404618,35.553904375202386,-0.9429765471979579,-0.7877769589011028,-0.1551995882968551,32.75043963311957,29.692500019073485,26.634560405027404,1.0222300389113634,51.929535737843615,40.255746496935956,377902774.0,-92.47655644391698,-71.6417620103642,48.92658361281695,0.04081476539605281,12948962304,8.733119,3.11,0.3401889,
2026-02-03,29.200000762939453,29.600000381469727,27.940000534057617,28.780000686645508,28.780000686645508,672083,0,29.562500095367433,30.616399993896483,29.212025508258154,30.498577314851122,34.16780641277852,43.1197822800533,-0.863086845775964,-0.802838936276075,-0.060247909499888896,32.542499272916146,29.562500095367433,26.58250091781872,1.0677850252328454,64.63521352458528,52.622266565956465,378574857.0,-38.95165187749055,-52.64482392823374,48.92103037587516,0.004655468073310176,12948962304,8.733119,3.11,0.3401889,
2026-02-04,29.049999237060547,29.31999969482422,27.299999237060547,28.860000610351562,28.860000610351562,508605,0,29.43050012588501,30.56819999694824,29.178499327505147,30.43431940487075,34.11499242469467,43.886739068340255,-0.7842776915368717,-0.7991266873282343,0.014848995791362674,32.28682977416043,29.43050012588501,26.574170477609588,1.1358004132707615,72.74078159829038,63.101843620239755,379083462.0,-47.4257913234628,-47.59355316122656,48.91677157149689,0.003749395139348764,12948962304,8.733119,3.11,0.3401889,
2026-02-05,29.100000381469727,31.049999237060547,29.020000457763672,29.530000686645508,29.530000686645508,495517,0,29.310000133514404,30.552400016784667,29.211975647423277,30.39885592572466,34.06937061635587,49.97092005361617,-0.6601476906305201,-0.7713308879886915,0.11118319735817139,31.925912914852244,29.310000133514404,26.694087352176563,1.2111002856592061,68.53192795578025,68.63597435955197,379578979.0,30.121883416874866,-36.62647446105906,48.91290295767882,-0.0503531666192547,12948962304,8.733119,3.11,0.3401889,
2026-02-06,29.420000076293945,29.440000534057617,28.899999618530273,29.010000228881836,29.010000228881836,195354,0,29.16150016784668,30.51780002593994,29.19273989327647,30.344390996436708,34.019028622450655,45.818589759286866,-0.5968533083103367,-0.7364353720530206,0.1395820637426839,31.473860723727647,29.16150016784668,26.84913961196571,1.1695931986917796,62.26984240931255,67.84751732112773,379383625.0,-4.175401858862997,-49.1566071252117,48.911318175360975,-0.06630995582124428,12948962304,8.733119,3.11,0.3401889,
2026-02-09,29.100000381469727,29.790000915527344,29.100000381469727,29.329999923706055,29.329999923706055,417512,0,29.05250015258789,30.475000038146973,29.205812277126906,30.30461095436884,33.9723716204731,48.646558603282905,-0.5149349042466014,-0.6921352784917367,0.17720037424513535,31.10239655321333,29.05250015258789,27.002603751962447,1.141765162117046,56.11675668586971,62.306175683654175,379801137.0,24.588206142745754,-41.44577039656769,48.907981626167185,-0.0631033768840421,12948962304,8.733119,3.11,0.3401889,
2026-02-10,29.399999618530273,29.989999771118164,29.399999618530273,29.709999084472656,29.709999084472656,243369,0,28.99100008010864,30.428600044250487,29.25383006830269,30.28129284182389,33.92995995344822,51.85984584109491,-0.414572291038688,-0.636622681001127,0.22205038996243898,30.878028338697682,28.99100008010864,27.1039718215196,1.1073533539238363,56.414469038774804,58.26702271131902,380044506.0,54.91885153710311,-32.28916327135599,48.90606651458995,-0.04849155556262142,12948962304,8.733119,3.11,0.3401889,
2026-02-11,29.81999969482422,29.81999969482422,29.15999984741211,29.350000381469727,29.350000381469727,188473,0,28.941000080108644,30.37520004272461,29.26298914574717,30.244771568868824,33.884388216413605,48.747853794557045,-0.35993398872458826,-0.5812849425458192,0.22135095382123093,30.731886879481607,28.941000080108644,27.15011328073568,1.0753995320301415,46.443428666281086,52.99155146364186,379856033.0,40.98292402659471,-40.96383161097438,48.904563834536944,-0.051198802901412925,12948962304,8.733119,3.11,0.3401889,
2026-02-12,29.43000030517578,29.43000030517578,28.809999465942383,29.040000915527344,29.040000915527344,196660,0,28.86550016403198,30.31020004272461,29.24175217144052,30.197525660894648,33.83618535769832,46.178119653284035,-0.3377536923003994,-0.5325786924967353,0.19482500019633586,30.499103284293057,28.86550016403198,27.231897043770907,1.0428710539732313,34.89619252795905,45.91803007767164,379659373.0,19.509242500632936,-48.433698946821735,48.902967933182765,-0.06527849793316992,12948962304,8.733119,3.11,0.3401889,
2026-02-13,28.969999313354492,28.969999313354492,28.280000686645508,28.43000030517578,28.43000030517578,277807,0,28.774500179290772,30.241000061035155,29.164442469891497,30.128210941062537,33.782392471603565,41.537970166408435,-0.36518793960521734,-0.4991005419184317,0.13391260231321434,30.287807561116647,28.774500179290772,27.261192797464897,1.0226659950381316,16.39794239968627,32.57918786464213,379381566.0,-23.358116237510785,-63.132510185932034,48.900653276192706,-0.0768472224304007,12948962304,8.733119,3.11,0.3401889,
2026-02-16,28.43000030517578,28.639999389648438,27.90999984741211,28.459999084472656,28.459999084472656,209170,0,28.6895001411438,30.1742000579834,29.09735262366113,30.062790868255092,33.72943333342316,41.84744300581035,-0.3801272570698657,-0.4753058849487185,0.09517862787885278,30.066837981909146,28.6895001411438,27.312162300378453,1.0017612484094314,18.235275808058237,23.176470245234515,379590736.0,-39.88922786453682,-62.40964796775431,48.89889171124025,-0.050894323327088105,12948962304,8.733119,3.11,0.3401889,
2026-02-17,28.299999237060547,29.0,28.260000228881836,28.81999969482422,28.81999969482422,237360,0,28.634500122070314,30.120000038146973,29.070938059009997,30.014053959493097,33.68058324746695,45.571042824745184,-0.3587819185646097,-0.4520010916718967,0.093219173107287,29.89368220891603,28.634500122070314,27.3753180352246,0.9830640000314838,27.619386356728157,20.75086818815755,379828096.0,6.517519399801346,-53.73493366792368,48.89692777168895,-0.04642210656623407,12948962304,8.733119,3.11,0.3401889,
2026-02-18,28.8700008392334,29.1200008392334,28.520000457763672,29.030000686645508,29.030000686645508,254726,0,28.656500148773194,30.074800033569336,29.067039261641952,29.9754636350677,33.634308794125445,47.67578870367297,-0.32121746405121954,-0.4258443661477613,0.10462690209654174,29.92712661355066,28.656500148773194,27.38587368399573,0.9557023129913583,49.256830135205426,31.70383076666394,380082822.0,28.697379192499206,-48.67466833961839,48.89484108092835,-0.015680520037797914,12948962304,8.733119,3.11,0.3401889,
2026-02-19,29.100000381469727,29.15999984741211,28.40999984741211,28.489999771118164,28.489999771118164,244022,0,28.652000141143798,30.03280002593994,29.012083119687304,29.917210150206934,33.58312163966766,43.06426421469597,-0.3312030218500155,-0.4069160972882121,0.07571307543819661,29.924314815657574,28.652000141143798,27.379685466630022,0.9410092906348327,55.9094041065592,44.261873532830926,379838800.0,2.9318120075943432,-61.686739789364346,48.89282217025349,-0.06676105493776342,12948962304,8.733119,3.11,0.3401889,
2026-02-20,28.350000381469727,28.690000534057617,28.15999984741211,28.479999542236328,28.479999542236328,209687,0,28.62100009918213,29.98740001678467,28.961408493263402,29.86084894989436,33.53234430536486,42.981350415283664,-0.336049810214579,-0.39274283987348546,0.056693029658906435,29.87826563148413,28.62100009918213,27.36373456688013,0.9116515332070237,55.228071010230416,53.464768417331676,379629113.0,-23.341624208992382,-68.5333251953125,48.891066763688336,-0.06388164543856509,12948962304,8.733119,3.11,0.3401889,
2026-02-23,29.0,29.0,28.299999237060547,28.40999984741211,28.40999984741211,252015,0,28.645000076293947,29.938600006103517,28.908893384134707,29.803952906659763,33.48137570379319,42.366452842066025,-0.3416015452985519,-0.3825145809584988,0.04091303565994686,29.8664011984873,28.645000076293947,27.423598954100594,0.8965336210450544,38.99998982747385,50.045821648087816,379377098.0,-9.627297884730403,-70.39998372395834,48.88897047132926,-0.03161964787978356,12948962304,8.733119,3.11,0.3401889,
2026-02-24,28.350000381469727,28.600000381469727,27.899999618530273,28.219999313354492,28.219999313354492,197754,0,28.695500087738036,29.890200004577636,28.843284425012783,29.74183707947132,33.42902369990823,40.66587617851447,-0.3572150379495831,-0.37745467235671565,0.020239634407132556,29.747117535799134,28.695500087738036,27.64388263967694,0.8824955597517972,31.998924049692402,42.07566162913222,379179344.0,-61.10729685307673,-89.84127829915344,48.88729912103412,0.036069308879828656,12948962304,8.733119,3.11,0.3401889,
2026-02-25,28.600000381469727,28.600000381469727,27.56999969482422,27.809999465942383,27.809999465942383,234275,0,28.68350009918213,29.83419998168945,28.744876333672746,29.666078741685872,33.37311301101305,37.196219746911694,-0.39808354522814327,-0.3815804469310012,-0.016503098297142083,29.769230847922188,28.68350009918213,27.59776935044207,0.893031640244205,21.830373447378932,30.94309577484839,378945069.0,-96.65599337742083,-90.08265439868471,48.88529580722647,-0.013259758085159907,12948962304,8.733119,3.11,0.3401889,
2026-02-26,27.81999969482422,28.149999618530273,27.489999771118164,27.860000610351562,27.860000610351562,322848,0,28.689000129699707,29.75159999847412,28.660602455261206,29.59525214830021,33.31825617120547,37.89217860503752,-0.4215777710892077,-0.3895799117626425,-0.03199785932656518,29.75672483766676,28.689000129699707,27.621275421732655,0.8763865121847696,21.664827821543412,25.16470843953825,379267917.0,-119.95100664599316,-85.19996643066406,48.88251458645933,-0.0032851811529627187,12948962304,8.733119,3.11,0.3401889,
2026-02-27,27.84000015258789,28.239999771118164,27.670000076293945,28.030000686645508,28.030000686645508,294612,0,28.68450012207031,29.687800025939943,28.60054514396447,29.533869738039243,33.26563671364766,40.313903538696636,-0.42161936337184613,-0.39598780208448325,-0.02563156128736288,29.7624885572624,28.68450012207031,27.60651168687822,0.8545017395161588,25.11977717191914,22.871659480280496,379562529.0,-100.51601841752822,-78.39996337890625,48.8799949296858,-0.022488438568194716,12948962304,8.733119,3.11,0.3401889,
2026-03-02,26.25,27.3700008392334,26.200000762939453,27.25,27.25,375357,0,28.645000076293947,29.618400039672853,28.471921796920235,29.44430621890045,33.205779631919825,33.80145298260632,-0.47906944784567074,-0.41260413123672074,-0.06646531660895,29.863318723667916,28.645000076293947,27.426681428919977,0.9241801812440086,34.67166096716257,27.15208865354171,379187172.0,-222.1788815191824,-70.99448765544632,48.87662588509482,-0.022205118466086703,12948962304,8.733119,3.11,0.3401889,
2026-03-04,27.0,27.309999465942383,26.209999084472656,27.059999465942383,27.059999465942383,709612,0,28.55900001525879,29.54000003814697,28.337453003493774,29.350803993294253,33.144627590467316,32.42727021747073,-0.5337774546620011,-0.4368387959217768,-0.09693865874022428,29.95668261104056,28.55900001525879,27.16131741947702,0.936738766974417,38.44830158877675,32.74657990928616,378477560.0,-191.9192360326511,-73.37464938439281,48.8702363185567,0.040418717041426966,12948962304,8.733119,3.11,0.3401889,
2026-03-05,27.030000686645508,27.899999618530273,26.559999465942383,27.139999389648438,27.139999389648438,1300168,0,28.47299995422363,29.457800025939942,28.22340980217517,29.264105773543438,33.08488004618056,33.650384321914245,-0.5641751589129207,-0.4623060685200056,-0.10186909039291508,29.99238301323365,28.47299995422363,26.953616895213614,0.9655431516610937,41.88721553637773,38.335726030772356,379777728.0,-130.42749749022622,-68.24327981586347,48.85871951576183,-0.030116038347980465,12948962304,8.733119,3.11,0.3401889,
2026-03-06,27.020000457763672,27.309999465942383,26.709999084472656,27.030000686645508,27.030000686645508,277650,0,28.34799995422363,29.36000003814697,28.109751791172343,29.176493809351363,33.02463249036429,32.77200678356147,-0.5903365028372356,-0.4879121553834516,-0.10242434745378398,29.90973749542089,28.34799995422363,26.78626241302637,0.9394329537902818,40.86598733181739,40.400501485657294,379500078.0,-131.67444017791925,-71.95945336402275,48.8562408917649,0.008822041585427662,12948962304,8.733119,3.11,0.3401889,
2026-03-09,26.5,27.65999984741211,26.299999237060547,27.3700008392334,27.3700008392334,471934,0,28.26599998474121,29.263800048828124,28.03929931955911,29.10565094777811,32.96836749881075,38.14643378107786,-0.5769832814565419,-0.5057263805980696,-0.07125690085847225,29.8521196992201,28.26599998474121,26.67988027026232,0.9694735006875161,51.86275241284883,44.871985093681324,379972012.0,-107.40224812755343,-60.47295816976955,48.85204715454377,0.06435251499758815,12948962304,8.733119,3.11,0.3401889,
2026-03-10,27.549999237060547,27.649999618530273,26.989999771118164,27.139999389648438,27.139999389648438,363903,0,28.15649995803833,29.173000030517578,27.953651707186665,29.028566572949494,32.910373786281774,36.047068014394654,-0.5782937418065757,-0.5202398528397708,-0.058053888966804856,29.7360476842159,28.15649995803833,26.576952231860762,0.9473682397392729,54.84648574936949,49.19174183134524,379608109.0,-82.99050273455187,-68.24327981586347,48.848836817426296,0.05620962848267613,12948962304,8.733119,3.11,0.3401889,
2026-03-11,27.049999237060547,27.479999542236328,26.600000381469727,26.770000457763672,26.770000457763672,536997,0,28.00950002670288,29.075400047302246,27.840923016765426,28.939995352746127,32.84927554420697,32.90938863881379,-0.6022457979940548,-0.5366410418706276,-0.0656047561234272,29.529480081081505,28.00950002670288,26.489519972324256,0.9425561626697964,51.076078662481706,52.59510560823335,379071112.0,-101.83395119642597,-80.7432475971266,48.84403319564787,0.006119062214550096,12948962304,8.733119,3.11,0.3401889,
2026-03-12,26.350000381469727,27.350000381469727,26.25,27.010000228881836,27.010000228881836,798694,0,27.892500019073488,28.994800033569337,27.761787513157465,28.86430926945733,32.79117330226343,36.75495377607768,-0.5950031731173375,-0.5483134681199695,-0.04668970499736802,29.340255208154275,27.892500019073488,26.4447448299927,0.9538021782983629,46.10179568089205,50.674786697581084,379869806.0,-97.98286403213905,-71.07143976250778,48.83686640979719,0.05520695037235641,12948962304,8.733119,3.11,0.3401889,
2026-03-13,27.0,27.149999618530273,26.0,26.270000457763672,26.270000457763672,591506,0,27.753999996185303,28.89800003051758,27.619712555500914,28.762571668998756,32.72628601027836,30.877991453199176,-0.6415794097490846,-0.5669666564457925,-0.07461275330329209,29.264766479123043,27.753999996185303,26.243233513247564,0.9678162811720707,33.18029662940882,43.45272365759419,379278300.0,-120.66020174957349,-90.99998474121094,48.83146597265499,0.020305062396901986,12948962304,8.733119,3.11,0.3401889,
2026-03-16,26.149999618530273,27.1299991607666,25.899999618530273,26.18000030517578,26.18000030517578,626983,0,27.641499996185303,28.798800048828124,27.482597103088995,28.661294360613542,32.66114883908331,30.24458712094345,-0.677938816322289,-0.5891610884210918,-0.0887777279011972,29.265042446470098,27.641499996185303,26.017957545900508,0.9865436569623748,28.721953278243195,36.00134852951469,378651317.0,-112.83810950122228,-89.62960712867817,48.82572656487954,-0.0022109791974919035,12948962304,8.733119,3.11,0.3401889,
2026-03-17,26.200000762939453,26.530000686645508,25.969999313354492,26.170000076293945,26.170000076293945,530622,0,27.52700004577637,28.697800064086913,27.357587862441846,28.563596545542186,32.59656029417993,30.170530088524295,-0.6994974714534372,-0.611228365027561,-0.08826910642587626,29.224799617175822,27.52700004577637,25.829200474376915,0.9560763509858491,16.45125531385118,26.117835073834396,378120695.0,-115.64038076543855,-89.9999858714956,48.82083256644041,-0.031304001268118636,12948962304,8.733119,3.11,0.3401889,
2026-03-18,26.200000762939453,27.100000381469727,26.1200008392334,26.6299991607666,26.6299991607666,524006,0,27.417500019073486,28.602800064086914,27.288293700377537,28.487769197119615,32.53719152668328,37.72438099345081,-0.6717215908551957,-0.6233270101930879,-0.04839458066210778,29.048792408655117,27.417500019073486,25.786207629491855,0.9577851503608833,27.81114871866896,24.328119103587778,378644701.0,-74.99150575554785,-68.80344040024974,48.81608575461411,-0.04134282819820928,12948962304,8.733119,3.11,0.3401889,
2026-03-19,26.350000381469727,26.489999771118164,25.799999237060547,25.959999084472656,25.959999084472656,394531,0,27.263999938964844,28.49200004577637,27.161789451243738,28.38864095740797,32.47174682576576,32.25186472644057,-0.6957522136708469,-0.6378120508886397,-0.05794016278220726,28.836162741037814,27.263999938964844,25.691837136891873,0.9486576341712526,26.428414706396747,23.56360624630563,378250170.0,-119.24687546000644,-93.442630639673,48.81242732617091,-0.08283373238876447,12948962304,8.733119,3.11,0.3401889,
2026-03-20,25.969999313354492,26.469999313354492,25.81999969482422,25.950000762939453,25.950000762939453,376117,0,27.136999988555907,28.372200050354003,27.046381004738567,28.29300800860528,32.40685383011575,32.17685019555936,-0.7074484114558928,-0.6517393230020903,-0.05570908845380251,28.70284914343581,27.136999988555907,25.571150833676004,0.9273249187683256,24.491639196710537,26.24373420725875,377874053.0,-114.70755728401156,-92.8570714937716,48.80894023302005,-0.0852580878828402,12948962304,8.733119,3.11,0.3401889,
2026-03-23,25.75,25.780000686645508,25.06999969482422,25.149999618530273,25.149999618530273,606357,0,26.970499992370605,28.23560005187988,26.86577325367111,28.169752777621948,32.33464632552286,26.804683869134244,-0.77236776412974,-0.6758650112276202,-0.09650275290211974,28.63480138177642,26.970499992370605,25.30619860296479,0.9239446437216763,9.023676557227152,19.981243486778144,377267696.0,-179.79042144258366,-97.17314749601512,48.80313616345154,-0.13424811739198544,12948962304,8.733119,3.11,0.3401889,
2026-03-24,25.5,25.75,24.280000686645508,25.110000610351562,25.110000610351562,714520,0,26.805500030517578,28.107600059509277,26.698556811450203,28.04976249655252,32.26275930348135,26.565862523885244,-0.8176193970579249,-0.7042158883936811,-0.11340350866424376,28.519810034191906,26.805500030517578,25.09119002684325,0.9629485486954489,14.883939021592832,16.13308492517684,376553176.0,-186.9089675514926,-77.07181854681066,48.7962169431721,-0.10231609706488576,12948962304,8.733119,3.11,0.3401889,
2026-03-25,25.25,26.540000915527344,25.25,25.739999771118164,25.739999771118164,1306897,0,26.681500053405763,28.00360004425049,26.607265664751914,27.95918356614333,32.19785622355734,36.20666508301937,-0.7934990123444052,-0.7220725131838259,-0.0714264991605793,28.32596085492377,26.681500053405763,25.037039251887755,0.996309388444044,32.658409686749245,18.85534175518974,377860073.0,-92.01224274223793,-56.80475008930118,48.78399590250162,-0.11848394682367185,12948962304,8.733119,3.11,0.3401889,
2026-03-27,25.5,25.5,23.920000076293945,24.06999969482422,24.06999969482422,1881384,0,26.494500064849852,27.87800003051758,26.36562128666356,27.806666551581795,32.11698202924158,26.336334087286613,-0.8987779305513399,-0.7574135966573288,-0.14136433389401115,28.411179481081312,26.494500064849852,24.577820648618392,1.0551444103283423,33.253173965988864,26.931840891443645,375978689.0,-199.57162759723602,-95.98931476711222,48.765394142762375,-0.21105861699693718,12948962304,8.733119,3.11,0.3401889,
2026-03-30,23.75,24.280000686645508,22.520000457763672,22.979999542236328,22.979999542236328,1041772,0,26.250500011444093,27.726600036621093,26.043181120527635,27.617385492391776,32.02606678061466,22.10130939043382,-1.057970509061775,-0.817524979138218,-0.24044552992355706,28.602720306632026,26.250500011444093,23.89827971625616,1.1054912545107347,27.25655309904486,31.056045583927656,374936917.0,-251.89048165019656,-91.03315478118097,48.754581860043025,-0.2390839742066568,12948962304,8.733119,3.11,0.3401889,
2026-04-01,23.510000228881836,25.280000686645508,23.5,24.850000381469727,24.850000381469727,727082,0,26.091499996185302,27.61860004425049,25.929544859664976,27.508860586081106,31.954663134852026,39.94389257896505,-1.0214635391346754,-0.8583126911375094,-0.16315084799716595,28.369826489422838,26.091499996185302,23.813173502947766,1.1908133895034807,25.042708981779054,28.517478682270923,375663999.0,-126.60868017965095,-53.02418641567595,48.74742067698654,-0.21071022390388858,12948962304,8.733119,3.11,0.3401889,
2026-04-02,24.25,25.190000534057617,23.8799991607666,25.010000228881836,25.010000228881836,647433,0,25.979500007629394,27.515600051879883,25.841969180542772,27.41086606226937,31.885562011409537,41.185192430328875,-0.9684570815448446,-0.8803415692189764,-0.08811551232586812,28.23916801811454,25.979500007629394,23.719831997144247,1.199326816916876,43.78107942002679,32.026780500283564,376311432.0,-99.12152564628238,-48.447208893378416,48.74108703442414,-0.19487443644874522,12948962304,8.733119,3.11,0.3401889,
2026-04-06,25.75,25.8799991607666,25.040000915527344,25.469999313354492,25.469999313354492,462525,0,25.9,27.426600036621092,25.806543478905795,27.334753640743298,31.82172556665277,44.72263148391283,-0.8791961740559096,-0.8801124901863631,0.0009163161304535095,28.113422889636826,25.9,23.68657711036317,1.1758033965574397,69.23269838213913,46.01882892798165,376773957.0,-36.30241266168294,-36.285110360530155,48.736709148583,-0.22478755927906557,12948962304,8.733119,3.11,0.3401889,
2026-04-07,25.5,25.709999084472656,25.18000030517578,25.3799991607666,25.3799991607666,334104,0,25.811999988555907,27.36240001678467,25.765920210511585,27.25809660231284,31.7576287864947,44.16296223708166,-0.8064225843601278,-0.865374509021116,0.0589519246609882,27.960214446566702,25.811999988555907,23.663785530545113,1.1296744953245423,78.28564883805085,63.76647554673892,376439853.0,-33.68541330955101,-37.96096512695457,48.73354238238339,-0.23420565987060116,12948962304,8.733119,3.11,0.3401889,
2026-04-08,26.5,26.780000686645508,25.8700008392334,26.420000076293945,26.420000076293945,906868,0,25.78149995803833,27.319200019836426,25.828213531062286,27.225230071880727,31.704518053059864,51.6868844642915,-0.6572532021990263,-0.823750247656698,0.16649704545767174,27.876334565206168,25.78149995803833,23.686665350870495,1.1489835689355683,87.31367822893333,78.27734181637443,377346721.0,42.31858328692711,-14.84716848260419,48.72529506754232,-0.21122137424597204,12948962304,8.733119,3.11,0.3401889,
2026-04-09,26.530000686645508,27.56999969482422,26.270000457763672,27.280000686645508,27.280000686645508,985121,0,25.776999950408936,27.28280002593994,25.966478974451164,27.227377939126406,31.660493004637832,56.863187565268866,-0.46428850136443245,-0.7518578983982449,0.28756939703381246,27.858510197304067,25.776999950408936,23.695489703513804,1.1597704023730668,88.76145507780565,84.78692738159658,378331842.0,97.46918745669292,-5.742555484968957,48.71661645855028,-0.18452201432874935,12948962304,8.733119,3.11,0.3401889,
2026-04-10,27.510000228881836,29.399999618530273,27.459999084472656,28.959999084472656,28.959999084472656,1266572,0,25.867999935150145,27.30340000152588,26.251576127786542,27.295323866394885,31.633622418367533,64.79770358413606,-0.17379732793385827,-0.6362457843053676,0.46244845637150933,28.30814421823159,25.867999935150145,23.4278556520687,1.2283581544810451,90.35785499607651,88.81099610093848,379598414.0,203.24985825322426,-6.3953573797905845,48.70627426425946,-0.11524987265617158,12948962304,8.733119,3.11,0.3401889,
2026-04-13,28.799999237060547,29.59000015258789,28.0,29.100000381469727,29.100000381469727,918410,0,25.98449993133545,27.34120002746582,26.52285462813732,27.366095494437037,31.60841224884616,65.36936738331406,0.06694426272443721,-0.49560777489940666,0.5625520376238439,28.782080942540084,25.98449993133545,23.186918920130815,1.2541897257743915,90.31269491647951,89.81066833012055,380516824.0,198.18103348970354,-6.930690131102571,48.69888974282008,-0.06884610683905658,12948962304,8.733119,3.11,0.3401889,
2026-04-15,29.139999389648438,29.530000686645508,28.510000228881836,29.040000915527344,29.040000915527344,1464309,0,26.085999965667725,27.361000061035156,26.76258284598399,27.431738844283714,31.582855917171347,64.8830709305525,0.2500102893163074,-0.34648416205626387,0.5964944513725713,29.15880610455786,26.085999965667725,23.013193826777588,1.2374619209164828,88.00406895589413,89.55820628948338,379052515.0,181.20749340818796,-7.77933890807928,48.687204493173745,-0.08121528549261997,12948962304,8.733119,3.11,0.3401889,
2026-04-16,29.059999465942383,29.25,28.31999969482422,28.90999984741211,28.90999984741211,480328,0,26.217999935150146,27.3842000579834,26.967098750881906,27.48970986401424,31.556260334387673,63.77601786848764,0.380218512245861,-0.2011436271958389,0.5813621394416999,29.528689505259013,26.217999935150146,22.90731036504128,1.2155003769350041,84.54067548414763,87.61914645217375,378572187.0,144.25477049803175,-9.61810939926339,48.683335516272535,-0.05442796710151687,12948962304,8.733119,3.11,0.3401889,
2026-04-17,28.90999984741211,29.530000686645508,28.809999465942383,29.239999771118164,29.239999771118164,588408,0,26.370999908447267,27.406600036621093,27.18356551471393,27.558348683900668,31.53321296559892,65.39032499495826,0.504225307460711,-0.06006984026452891,0.5642951477252399,29.933756884393595,26.370999908447267,22.80824293250094,1.1801075800612983,82.76706606864421,85.10393683622864,379160595.0,137.80946451896477,-4.950500658804181,48.678685504489835,-0.02633929633665925,12948962304,8.733119,3.11,0.3401889,
2026-04-20,29.549999237060547,29.649999618530273,28.440000534057617,28.719999313354492,28.719999313354492,332229,0,26.498499870300293,27.420200004577637,27.32989254315589,27.603903610545917,31.5052207899547,60.79287292284059,0.5541539531497683,0.06277491841833054,0.4913790347314378,30.203050013422967,26.498499870300293,22.79394972717762,1.1822426875192527,68.90748625744429,78.7384092700787,378828366.0,107.12461800103247,-13.043484076312144,48.676026407361036,-0.028350104966647048,12948962304,8.733119,3.11,0.3401889,
2026-04-21,28.799999237060547,29.149999618530273,28.639999389648438,28.8799991607666,28.8799991607666,313775,0,26.610999870300294,27.42219997406006,27.4775217448331,27.65394657329967,31.479099181704072,61.68549466983412,0.5997202137749262,0.17016397748964968,0.42955623628527656,30.458585622993798,26.610999870300294,22.76341411760679,1.1342253690451514,56.43654099214382,69.37036443941076,379142141.0,91.8838390204853,-10.799446681574127,48.67350973436664,-0.03125854665892073,12948962304,8.733119,3.11,0.3401889,
2026-04-22,29.030000686645508,29.030000686645508,28.0,28.110000610351562,28.110000610351562,1021058,0,26.71849994659424,27.40719997406006,27.53775782726343,27.67183104534092,31.445575812834893,55.17519013810565,0.5671614713395918,0.2495634762596381,0.31759799507995373,30.607244126637745,26.71849994659424,22.829755766550733,1.1267807488737482,30.802754242469586,52.048927164019226,378121083.0,63.924325263663455,-25.040635832539124,48.665113632465896,-0.06617840880021163,12948962304,8.733119,3.11,0.3401889,
2026-04-23,27.989999771118164,30.25,27.899999618530273,28.149999618530273,28.149999618530273,2568362,0,26.82849988937378,27.379599952697752,27.596066569288844,27.690582754093445,31.41278400990649,55.438292094946604,0.5383799105815505,0.3073267631240206,0.23105314745752997,30.748404404954652,26.82849988937378,22.90859537379291,1.214153579773461,19.80340892097601,35.680901385196464,380689445.0,70.74138291545381,-32.967034612234876,48.64442680841444,-0.1551054416443193,12948962304,8.733119,3.11,0.3401889,
2026-04-24,28.489999771118164,28.489999771118164,27.200000762939453,27.790000915527344,27.790000915527344,722343,0,26.960499954223632,27.355199966430664,27.614536507025843,27.694481505522226,31.376736416927592,52.454134566493536,0.480977025866828,0.34205681567258206,0.13892021019424594,30.82280231882488,26.960499954223632,23.098197589622384,1.2195711103738363,12.216424493747192,20.940862552397586,379967102.0,32.126635820150064,-47.21688131969511,48.63834169199261,-0.13229873576303366,12948962304,8.733119,3.11,0.3401889,
2026-04-27,28.200000762939453,28.200000762939453,27.889999389648438,28.100000381469727,28.100000381469727,341211,0,27.10999994277954,27.330599975585937,27.660771161734782,27.710384206539775,31.34413207826632,54.71468394845338,0.4552513382496457,0.3646957201879948,0.09055561806165091,30.905102214088714,27.10999994277954,23.31489767147037,1.1617445915908557,19.83025329255908,17.28336223576075,380308313.0,36.688869323560525,-42.406306665563136,48.63550119383467,-0.13342742580427716,12948962304,8.733119,3.11,0.3401889,
2026-04-28,28.239999771118164,28.34000015258789,28.010000228881836,28.049999237060547,28.049999237060547,314098,0,27.22549991607666,27.297399978637696,27.697840502242,27.723702443030785,31.31135463706029,54.26652002222403,0.42591914026907673,0.37694040420421115,0.04897873606486558,30.987252156050605,27.22549991607666,23.463747676102717,1.102334258170513,25.573757711214288,19.206811832506844,379994215.0,35.71666372331672,-50.228337545032815,48.6328959928031,-0.13668194749550866,12948962304,8.733119,3.11,0.3401889,
2026-04-29,28.139999389648438,28.329999923706055,28.0,28.149999618530273,28.149999618530273,338618,0,27.429499912261964,27.273399963378907,27.740903275221836,27.740419979324884,31.279898368219197,55.05934763839999,0.40606153250674026,0.382764629864717,0.023296902642023276,30.917166687038034,27.429499912261964,23.941833137485894,1.04716751999448,29.508170750061257,24.970727251278202,380332833.0,32.28660881695183,-52.76383474882899,48.63009181132249,-0.055380010229678686,12948962304,8.733119,3.11,0.3401889,
2026-04-30,27.969999313354492,28.040000915527344,27.440000534057617,27.729999542236328,27.729999542236328,328051,0,27.666999912261964,27.247199935913088,27.73986482446131,27.740011334733175,31.24457599184126,51.05599659490229,0.3523718162648599,0.37668606714474556,-0.024314250879885646,30.49483368192169,27.666999912261964,24.839166142602238,1.0230840603143498,33.367176310990686,29.483034924088738,380004782.0,4.770006270394968,-82.62298649596829,48.627319703180724,-0.02571722950736236,12948962304,8.733119,3.11,0.3401889,
2026-05-04,27.729999542236328,28.309999465942383,27.540000915527344,27.600000381469727,27.600000381469727,393497,0,27.804499912261964,27.230599937438964,27.726544401319256,27.734520709115,31.208311557907216,49.84786284015377,0.2959212871108967,0.3605331111379758,-0.0646118240270791,30.32140661394093,27.804499912261964,25.287593210582997,1.0050065238929704,30.003495963440894,30.95961434149761,379611285.0,0.31723632557723325,-86.88525512826766,48.62400826093331,-0.07437151160489561,12948962304,8.733119,3.11,0.3401889,
2026-05-05,27.649999618530273,27.799999237060547,27.440000534057617,27.540000915527344,27.540000915527344,220111,0,27.930999946594238,27.21219997406006,27.708778355053358,27.726892481915485,31.17181095450045,49.26839650784672,0.24353506001069292,0.33713350091251926,-0.09359844090182634,30.104236371372977,27.930999946594238,25.757763521815498,0.9589345366865389,23.324711614373992,28.898461296268522,379391174.0,-28.8560650853604,-88.85245122501841,48.62213651734224,-0.11626796172577422,12948962304,8.733119,3.11,0.3401889,
2026-05-06,27.600000381469727,27.940000534057617,27.350000381469727,27.81999969482422,27.81999969482422,457352,0,28.048499965667723,27.19219997406006,27.719370863602965,27.73054374516681,31.138459598682775,52.068634252636855,0.22205247632896885,0.3141172959958092,-0.09206481966684033,29.908309345113278,28.048499965667723,26.18869058622217,0.9325820806794926,25.616020858172693,26.314742811995856,379848526.0,-34.51612975903736,-79.67216108282398,48.618268766328164,-0.09810082246412705,12948962304,8.733119,3.11,0.3401889,
2026-05-07,28.0,28.299999237060547,27.760000228881836,28.18000030517578,28.18000030517578,483704,0,28.188500022888185,27.175199966430664,27.763240334228946,27.748169492618143,31.109022192777232,55.47180099353313,0.23140887710404812,0.297575612217457,-0.06616673511340887,29.588417885654657,28.188500022888185,26.788582160121713,0.9045404326437224,48.50956735165342,32.483433274733365,380332230.0,-14.20926622264566,-67.86885943024667,48.61425335820673,-0.07280713677099085,12948962304,8.733119,3.11,0.3401889,
2026-05-08,28.18000030517578,28.290000915527344,27.600000381469727,27.700000762939453,27.700000762939453,467621,0,28.25250005722046,27.15939998626709,27.757217517915663,27.746280522826822,31.075101581535066,50.33968796031076,0.1978116905573657,0.27762282788543874,-0.07981113732807305,29.421086339053453,28.25250005722046,27.083913775387465,0.8892161541732863,56.95865056267053,43.69474625749888,379864609.0,-54.82289783872674,-83.60655327632549,48.610332009615135,-0.11232133034568738,12948962304,8.733119,3.11,0.3401889,
2026-05-11,27.600000381469727,27.600000381469727,27.25,27.31999969482422,27.31999969482422,368596,0,28.254500007629396,27.136199989318847,27.715577725240287,27.729563627611032,31.037737383657344,46.65932166362484,0.13892136870610017,0.24988253604957103,-0.11096116734347086,29.41654057443474,28.254500007629396,27.09245944082405,0.8578436262280125,43.19448604158976,49.554234651971235,379496013.0,-123.74734543941,-96.06560780649849,48.60717160848126,-0.1747633126589077,12948962304,8.733119,3.11,0.3401889,
2026-05-12,27.31999969482422,27.440000534057617,26.0,26.18000030517578,26.18000030517578,426809,0,28.115500068664552,27.09159999847412,27.569332256662715,27.668796438495924,30.989401691334145,37.744067800131255,0.00025895590245994526,0.1999578200201488,-0.19969886411768886,29.54176033957706,28.115500068664552,26.689239797752045,0.8994262625015557,16.98371770220381,39.0456181021547,379069204.0,-204.32703704404776,-95.76469870174631,48.603366695198766,-0.26711493324520846,12948962304,8.733119,3.11,0.3401889,
2026-05-13,25.649999618530273,26.399999618530273,25.649999618530273,26.209999084472656,26.209999084472656,382554,0,27.971000003814698,27.051399993896485,27.439871954549375,27.611588699122464,30.94184544648975,38.07935303328462,-0.10598957265679587,0.13876834148475986,-0.24475791414155573,29.54676518695122,27.971000003814698,26.395234820678176,0.8887529580371589,11.874934542653035,24.017712762148864,379451758.0,-221.9461007535438,-87.8260995760296,48.599887370863115,-0.2926501425905605,12948962304,8.733119,3.11,0.3401889,
2026-05-14,26.700000762939453,26.700000762939453,25.670000076293945,25.940000534057617,25.940000534057617,513194,0,27.81599998474121,27.014000015258787,27.297027057359685,27.546036222061097,30.89207584537102,36.190199743141996,-0.2095632093371087,0.06910203132038614,-0.2786652406574949,29.54324492050348,27.81599998474121,26.088755048978943,0.8988420815091838,13.314346316266523,14.05766618704112,378938564.0,-188.0623078668946,-89.78870070612192,48.59522501993354,-0.3450741089417971,12948962304,8.733119,3.11,0.3401889,
2026-05-15,25.940000534057617,26.219999313354492,25.850000381469727,26.1200008392334,26.1200008392334,197582,0,27.676500034332275,26.979200019836426,27.18492932230004,27.490113265871777,30.844592511976618,38.38483204345806,-0.273963462057381,0.0004889326448327125,-0.2744523947022137,29.476902657044263,27.676500034332275,25.876097411620286,0.8610675708217254,18.73985113343276,14.64304399745077,379136146.0,-164.20788918262647,-82.52783913041937,48.59342731762581,-0.35768235555582617,12948962304,8.733119,3.11,0.3401889,
2026-05-18,26.1200008392334,26.1200008392334,25.25,25.6299991607666,25.6299991607666,329316,0,27.496000003814697,26.93119998931885,27.03684073548733,27.41716761469118,30.792706010969553,34.86903850683613,-0.36038586276084317,-0.07168602643630247,-0.2886998363245407,29.35606866908371,27.496000003814697,25.63593133854568,0.8617056614225591,17.479683553570904,16.51129366775673,378806830.0,-166.73891497004075,-87.70229313910065,48.5903789276314,-0.38132506123203486,12948962304,8.733119,3.11,0.3401889,
2026-05-19,25.649999618530273,29.399999618530273,25.360000610351562,26.84000015258789,26.84000015258789,1255681,0,27.40200004577637,26.922999992370606,27.01809401330643,27.394533596569485,30.75337560441849,47.62611952108603,-0.3274644638189983,-0.12284171391284164,-0.20462274990615664,29.19391069368322,27.40200004577637,25.61008939786952,1.0887266147622843,26.589144368052974,20.936226351685544,380062511.0,-27.048525398849023,-61.686739789364346,48.57953984137015,-0.364291081367353,12948962304,8.733119,3.11,0.3401889,
2026-05-20,26.549999237060547,26.950000762939453,26.219999313354492,26.700000762939453,26.700000762939453,301722,0,27.29300012588501,26.91580001831055,26.987799418033386,27.367297014858504,30.713043516443573,46.491468807696876,-0.30910759870752713,-0.16009489087177875,-0.14901270783574838,28.973798793713943,27.29300012588501,25.612201458056074,1.0631033886781898,30.20153215450489,24.75678669204292,379760789.0,-68.63204533928563,-65.06021936809304,48.576866796326314,-0.3547445945635375,12948962304,8.733119,3.11,0.3401889,
2026-05-21,26.690000534057617,28.389999389648438,26.010000228881836,27.139999389648438,27.139999389648438,958347,0,27.244500064849852,26.91580001831055,27.002294653425295,27.358383382497326,30.677490838565014,50.484204956095546,-0.25610324016525965,-0.17929656073047492,-0.07680667943478472,28.883664188672647,27.244500064849852,25.605335941027057,1.1571673723987905,39.59839966540952,32.129692062655785,380719136.0,-13.921189734640528,-54.45784184631364,48.568596004881414,-0.29032248193330157,12948962304,8.733119,3.11,0.3401889,
2026-05-22,27.219999313354492,27.579999923706055,26.510000228881836,26.950000762939453,26.950000762939453,378559,0,27.18450012207031,26.914200019836425,26.997314282902835,27.342368377808782,30.640401385076203,48.79114470527414,-0.22681363899165774,-0.18879997638271148,-0.03801366260894626,28.77378270604199,27.18450012207031,25.59521753809863,1.1509411097148927,40.48193878559317,36.76062353516919,380340577.0,-22.759842787917652,-59.03612242881337,48.5653052565133,-0.14663170494594047,12948962304,8.733119,3.11,0.3401889,
2026-05-25,27.09000015258789,27.690000534057617,27.09000015258789,27.530000686645508,27.530000686645508,367296,0,27.17150011062622,26.91740001678467,27.04804632135452,27.349726507567084,30.6094521243953,53.876289123211215,-0.1550133747680782,-0.1820426560597848,0.02702928129170662,28.74493298697468,27.17150011062622,25.59806723427776,1.1215881569579835,46.73964069566534,42.27332638222267,380707873.0,21.856838330368678,-45.06021936809304,48.562176072053006,-0.12612625549139528,12948962304,8.733119,3.11,0.3401889,
2026-05-26,27.600000381469727,28.1299991607666,27.31999969482422,27.709999084472656,27.709999084472656,415688,0,27.15200004577637,26.92880001068115,27.111089441651483,27.36385484391632,30.580601845391094,55.357880413880444,-0.0826342257660393,-0.16216097000103571,0.07952674423499642,28.688145769538465,27.15200004577637,25.615854322014272,1.0993318218854407,55.36843748817682,47.53000565647844,381123561.0,53.82213148835735,-40.722908178389964,48.558683211596005,-0.14040722429375238,12948962304,8.733119,3.11,0.3401889,
2026-05-27,27.709999084472656,28.280000686645508,27.43000030517578,27.850000381469727,27.850000381469727,568728,0,27.142000102996825,26.950400009155274,27.181461912110365,27.382919374800768,30.55343168157098,56.52755838595065,-0.013817020083578768,-0.13249218001754431,0.11867515993396555,28.657092203638665,27.142000102996825,25.626908002354984,1.081522433284318,67.4841309785554,56.53073638746584,381692289.0,70.53539677422926,-37.349382639449026,48.5539368777551,-0.11123482551666508,12948962304,8.733119,3.11,0.3401889,
2026-05-29,27.850000381469727,28.3700008392334,27.450000762939453,27.639999389648438,27.639999389648438,370096,0,27.116500091552734,26.962999992370605,27.225132148066372,27.39300094401048,30.524442305531952,54.23218887721496,0.023504837101647524,-0.10129277659370595,0.12479761369535347,28.579131666601835,27.116500091552734,25.653868516503632,1.06998512207072,69.8307098965934,64.22775945444187,381322193.0,70.26043412954577,-42.40964796775432,48.55084442919423,-0.1311537849247138,12948962304,8.733119,3.11,0.3401889,
2026-06-01,27.639999389648438,27.700000762939453,26.299999237060547,26.6200008392334,26.6200008392334,323604,0,27.06100015640259,26.97,27.167500594844185,27.36268721441138,30.485592141688187,44.73125390676922,-0.028889658721968914,-0.08681215301935855,0.05792249429738963,28.510481491030987,27.06100015640259,25.61151882177419,1.0935577223427333,51.17419459702234,62.8296784907237,380998589.0,-28.286357614704713,-66.98792855025404,48.54801777301033,-0.1491620701449156,12948962304,8.733119,3.11,0.3401889,
2026-06-02,26.5,26.84000015258789,26.239999771118164,26.530000686645508,26.530000686645508,307419,0,27.007500171661377,26.977000007629396,27.10678631787288,27.3300328407735,30.44623302273254,43.998803120732255,-0.07678974985891784,-0.08480767238727041,0.008017922528352567,28.452434420967894,27.007500171661377,25.56256592235486,1.05830362656609,29.942228459328323,50.31571098431468,380691170.0,-58.00269078830744,-69.1566071252117,48.545291475151274,-0.11517396667968986,12948962304,8.733119,3.11,0.3401889,
2026-06-03,26.700000762939453,26.75,26.020000457763672,26.360000610351562,26.360000610351562,314947,0,26.948500156402588,26.980800018310546,27.03566386953752,27.291992361149113,30.405573993753624,42.58050117204578,-0.12700447407388893,-0.09324703272459411,-0.033757441349294814,28.398000313543854,26.948500156402588,25.498999999261322,1.0348533348282498,14.514050504220938,31.87682452019052,380376223.0,-67.84984405648515,-73.25299488233037,48.542478816576185,-0.10568662302571831,12948962304,8.733119,3.11,0.3401889,
2026-06-04,26.34000015258789,26.860000610351562,26.270000457763672,26.68000030517578,26.68000030517578,244907,0,26.891500186920165,26.98180004119873,27.001791149122116,27.267992672679572,30.36850360879265,46.10244201154552,-0.13937210885378448,-0.10247204795043219,-0.036900060903352294,28.28812857858236,26.891500186920165,25.49487179525797,1.003078107525367,18.722748070349212,21.059675677966144,380621130.0,-38.4183601336437,-65.54215815368636,48.540314509662664,-0.12777682702631538,12948962304,8.733119,3.11,0.3401889,
2026-06-05,26.68000030517578,28.040000915527344,26.649999618530273,27.389999389648438,27.389999389648438,1079065,0,26.852000141143797,27.010400047302245,27.038763362505577,27.272777249815604,30.33886675089072,52.99194439561998,-0.09083546145726373,-0.10014473065179849,0.009309269194534758,28.14117958172082,26.852000141143797,25.562820700566775,1.0307154782019172,36.79163283785654,23.34281047080888,381700195.0,52.15603794861173,-48.433744907033976,48.53111236125371,-0.14060486544893175,12948962304,8.733119,3.11,0.3401889,
2026-06-08,27.139999389648438,27.479999542236328,26.899999618530273,27.0,27.0,337106,0,26.817000102996825,27.031400032043457,27.03507161369552,27.262080102764013,30.305644196155487,49.26663387738914,-0.08288407407915699,-0.09669259933727019,0.0138085252581132,28.048926805384934,26.817000102996825,25.585073400608717,0.9985215100236413,48.140542364005505,34.55164109073707,381363089.0,31.1166425027258,-59.405945735918074,48.52820753104417,-0.13076872442617105,12948962304,8.733119,3.11,0.3401889,
2026-06-09,27.0,27.440000534057617,26.75,27.1200008392334,27.1200008392334,349417,0,26.807000160217285,27.070800056457518,27.043160111365797,27.256508366939283,30.273946252305517,50.421550425703806,-0.06613709025057801,-0.09058149751993175,0.024444407269353735,28.025607388158473,26.807000160217285,25.588392932276097,0.9764842974546396,56.93066128328638,47.28761216171612,381712506.0,30.765313726159373,-53.3613024470971,48.525194167749405,-0.10487506443470376,12948962304,8.733119,3.11,0.3401889,
2026-06-10,27.1200008392334,27.3799991607666,26.799999237060547,26.90999984741211,26.90999984741211,245703,0,26.8435001373291,27.10680004119873,27.030478181465444,27.24291979754606,30.24047414877424,48.347347127059784,-0.0690147508122152,-0.08626814817838843,0.017253397366173234,28.028055161860205,26.8435001373291,25.658945112797998,0.9481639850440263,46.37613939133494,50.482447679542254,381466803.0,18.576308203325926,-62.18487664338579,48.523068486774534,-0.08879353279202352,12948962304,8.733119,3.11,0.3401889,
2026-06-11,26.90999984741211,26.90999984741211,26.170000076293945,26.40999984741211,26.40999984741211,216252,0,26.853500175476075,27.12020004272461,26.9713850067937,27.21025627008983,30.202359976621384,43.73427352918951,-0.11036887517461125,-0.091088293577633,-0.01928058159697825,28.019729306722446,26.853500175476075,25.687271044229703,0.9332951126207504,34.48260231468864,45.92980099643663,381250551.0,-56.833349758749016,-83.40428398549766,48.52115153081394,-0.11959073233534284,12948962304,8.733119,3.11,0.3401889,
2026-06-12,26.5,27.399999618530273,26.5,27.18000030517578,27.18000030517578,352820,0,26.915500164031982,27.18240005493164,26.991253130449135,27.209069761661826,30.172286746059736,51.421466711759976,-0.080086527258878,-0.088887940313882,0.00880141305500401,28.010552007648723,26.915500164031982,25.82044832041524,0.9373454453705656,42.03054680003248,40.96309616868533,381603371.0,10.773018785703458,-50.638312378203636,48.51809993493583,-0.07412512679441192,12948962304,8.733119,3.11,0.3401889,
2026-06-15,27.75,30.950000762939453,27.34000015258789,29.450000762939453,29.450000762939453,18481826,0,27.082000160217284,27.3118000793457,27.22541957163869,27.296949408770754,30.16509982085456,66.11794441264605,0.12563428357657358,-0.04598349553579088,0.17161777911236448,28.580807808753676,27.082000160217284,25.583192511680892,1.1396779462557876,52.850914504649644,43.12135453979024,400085197.0,289.39875437851816,-30.425961605422593,48.37583829513185,0.08718929315168399,12948962304,8.733119,3.11,0.3401889,
2026-06-16,29.600000381469727,29.899999618530273,28.760000228881836,28.950000762939453,28.950000762939453,1487095,0,27.24800024032593,27.393800086975098,27.38966539938162,27.36177495207149,30.15300928296486,61.69085404179897,0.2454937874097496,0.012311961053317215,0.23318182635643236,28.801198273675038,27.24800024032593,25.69480220697682,1.1397009064981198,67.95917958029051,54.28021362832419,398598102.0,227.61952143309108,-40.567948807230124,48.364457080468284,0.050135686448910435,12948962304,8.733119,3.11,0.3401889,
2026-06-17,29.450000762939453,29.59000015258789,28.850000381469727,28.950000762939453,28.950000762939453,854709,0,27.353500270843504,27.47260009765625,27.53826876733951,27.424058317203567,30.141039048934758,61.69085404179897,0.33660315608349123,0.07717020005935202,0.2594329560241392,29.060536136465416,27.353500270843504,25.646464405221593,1.1111508253995515,61.64575167415026,60.81861525303012,398598102.0,173.48870526483987,-40.567948807230124,48.35789681978201,0.040551622130620926,12948962304,8.733119,3.11,0.3401889,
2026-06-18,29.399999618530273,32.0,29.020000457763672,31.309999465942383,31.309999465942383,5137985,0,27.584000205993654,27.58940010070801,27.897481214825497,27.576448166173716,30.152670495870158,71.96612535641745,0.5924112114824283,0.18021840234396727,0.412192809138461,29.981251845037647,27.584000205993654,25.18674856694966,1.249639997661051,67.92417979903277,65.8430370178245,403736087.0,247.15432189148504,-11.538471352450625,48.32192391809576,0.11579857482685209,12948962304,8.733119,3.11,0.3401889,
2026-06-19,31.59000015258789,33.599998474121094,31.010000228881836,33.08000183105469,33.08000183105469,4148351,0,27.881000328063966,27.74340015411377,28.391054606847323,27.792273800090616,30.18179817084712,76.95794421444053,0.9272762730548578,0.3296299764861454,0.5976462965687124,31.256760769566313,27.881000328063966,24.50523988656162,1.3453798724880657,79.1022932344952,69.55740823589274,407884438.0,270.12575117583106,-6.860115819875786,48.2959337324504,0.1758719896300321,12948962304,8.733119,3.11,0.3401889,
2026-06-22,33.08000183105469,34.38999938964844,32.66999816894531,32.97999954223633,32.97999954223633,1983534,0,28.182500267028807,27.874600143432616,28.828096981646276,27.9957140252728,30.209640970562436,76.13310366682248,1.1710902979929934,0.497922040787515,0.6731682572054783,32.189838069710646,28.182500267028807,24.17516246434697,1.3721385402177126,84.70115729360474,77.24254344237755,405900904.0,226.87570154482907,-16.84587846290924,48.28415404555928,0.13640078354006632,12948962304,8.733119,3.11,0.3401889,
2026-06-23,33.0,33.040000915527344,31.309999465942383,31.59000015258789,31.59000015258789,1342786,0,28.38550024032593,27.960800132751466,29.09113537887881,28.13666642242241,30.22337588779652,65.6072415817228,1.237883781627918,0.6459143889555956,0.5919693926723224,32.64354912000136,28.38550024032593,24.127451360650497,1.3977001766010875,72.03580820466273,78.6130862442542,404558118.0,136.9428823040514,-34.06325390455413,48.275461486838914,0.10495563642512278,12948962304,8.733119,3.11,0.3401889,
2026-06-24,31.3700008392334,33.38999938964844,31.3700008392334,32.540000915527344,32.540000915527344,3250204,0,28.627000331878662,28.032400169372558,29.419598763321527,28.309346206465744,30.246426883097325,68.78380900526673,1.3518914575122416,0.7871098026669248,0.5647816548453168,33.2376842176556,28.627000331878662,24.016316446101726,1.442150060444941,63.32115075822389,73.35270541883044,407808322.0,129.37039974438244,-22.506066042067946,48.25504379682691,0.11057891929633518,12948962304,8.733119,3.11,0.3401889,
2026-06-25,33.5,33.5,30.8700008392334,31.239999771118164,31.239999771118164,1286331,0,28.796500301361085,28.075200157165526,29.592970287873587,28.424273797236427,30.256313180490565,60.543173347138094,1.3221037452463804,0.8941085911828159,0.4279951540635645,33.52812712152039,28.796500301361085,24.064873481201776,1.5269964247536312,41.83973196396436,59.06556364228364,406521991.0,96.28551117854724,-38.32116644356255,48.24669043402252,0.08690376444258159,12948962304,8.733119,3.11,0.3401889,
2026-06-29,31.309999465942383,31.329999923706055,29.0,29.34000015258789,29.34000015258789,1521752,0,28.881500339508058,28.081200141906738,29.568877894036856,28.46018463470119,30.24719563792437,50.937895128923024,1.1321321635570811,0.941713305657669,0.19041885789941215,33.58798224058969,28.881500339508058,24.175018438426427,1.584353817535947,27.45622956536907,44.20570409585242,405000239.0,29.950151224485676,-61.43551896477832,48.2356257907133,0.06470408484958198,12948962304,8.733119,3.11,0.3401889,
2026-06-30,29.350000381469727,29.739999771118164,28.700000762939453,29.190000534057617,29.190000534057617,1458209,0,29.01000032424927,28.086800155639647,29.532794335943596,28.4888048660485,30.23667628365704,50.2599598576167,0.9584264571820533,0.9450559359625459,0.013370521219507436,33.60141419983857,29.01000032424927,24.418586448659966,1.5454713311532873,9.00921636340755,26.10172596424697,403542030.0,4.83371392602367,-63.260331994708615,48.22464314184256,0.06511241009346774,12948962304,8.733119,3.11,0.3401889,
2026-07-01,29.350000381469727,30.06999969482422,28.959999084472656,29.43000030517578,29.43000030517578,1217834,0,29.155000305175783,28.0906001663208,29.523004428251422,28.525714491112314,30.228649657005484,51.37505447367579,0.8305552848442979,0.9221558057388963,-0.09160052089459847,33.604964547208766,29.155000305175783,24.7050360631428,1.5143662796674497,10.57487922773843,15.680108385504994,404759864.0,9.768737368451069,-60.34062650606882,48.215613929829736,0.059913967379143694,12948962304,8.733119,3.11,0.3401889,
2026-07-02,29.540000915527344,30.0,29.399999618530273,29.81999969482422,29.81999969482422,718452,0,29.328000259399413,28.112600173950195,29.551289691734546,28.57647077361082,30.224583488227562,53.21070446735858,0.7520173628440006,0.8881281171599171,-0.13611075431591657,33.595142862777024,29.328000259399413,25.060857656021806,1.4490544297961836,16.24999039702779,11.944695329391232,405478316.0,13.548923545836237,-57.92142013115984,48.21036328961383,0.06614343863411189,12948962304,8.733119,3.11,0.3401889,
2026-07-03,30.0,30.350000381469727,29.440000534057617,29.739999771118164,29.739999771118164,508494,0,29.481000232696534,28.129800186157226,29.56926208024727,28.62209936174836,30.21976175969911,52.77062277934685,0.6755330441396517,0.8456091025558641,-0.17007605841621243,33.57324142772183,29.481000232696534,25.388759037671235,1.410550531054464,26.028447381952542,17.617772335572898,404969822.0,12.087783719954901,-65.95744853539958,48.20666966262851,0.05992022209313203,12948962304,8.733119,3.11,0.3401889,
2026-07-06,29.739999771118164,29.770000457763672,29.010000228881836,29.25,29.25,435884,0,29.57400026321411,28.152600173950194,29.53885616784277,28.646722916189603,30.210112388955835,50.04071018912415,0.5688227495198142,0.7902518319486541,-0.22142908242883996,33.55496211833567,29.57400026321411,25.593038408092543,1.3640826523278478,32.070103577665975,24.782847118882078,404533938.0,-12.72691709345378,-90.3339302319189,48.20341846893401,0.05568691860845213,12948962304,8.733119,3.11,0.3401889,
2026-07-07,29.209999084472656,29.3700008392334,28.719999313354492,28.81999969482422,28.81999969482422,282826,0,29.665000247955323,28.166000175476075,29.470393646602908,28.653518083979197,30.196280421850048,47.70828410949199,0.4444334886552639,0.721088163289976,-0.27665467463471216,33.486458242420476,29.665000247955323,25.843542253490167,1.3130768575814948,26.337328217123414,28.145293058913953,404251112.0,-34.36071498131783,-97.89105516965351,48.20126776484566,0.05630710419746909,12948962304,8.733119,3.11,0.3401889,
2026-07-08,28.739999771118164,28.90999984741211,27.889999389648438,27.989999771118164,27.989999771118164,517043,0,29.70850019454956,28.17000015258789,29.329403753699598,28.627497757984646,30.174327380549233,43.49414211209297,0.2757019258172555,0.6320109157954319,-0.3563089899781764,33.43162967704799,29.70850019454956,25.98537071205114,1.292142829023079,14.511112675807878,24.306181490199066,403734069.0,-70.97549366127835,-98.46153259277344,48.19719280897723,0.046396438085578265,12948962304,8.733119,3.11,0.3401889,
2026-07-09,28.190000534057617,28.75,28.020000457763672,28.40999984741211,28.40999984741211,351395,0,29.78350019454956,28.176200141906737,29.241841476910313,28.618968428158272,30.156771882707073,46.08920054169621,0.17386720972753622,0.5403821745818528,-0.36651496485431656,33.33456946100536,29.78350019454956,26.232430928093766,1.2541326432987046,10.446088231430945,17.09817637478739,404085464.0,-70.70463679272231,-91.99999295748196,48.19444237536309,0.05016492534655335,12948962304,8.733119,3.11,0.3401889,
2026-07-10,28.75,29.56999969482422,28.549999237060547,29.190000534057617,29.190000534057617,452263,0,29.922500228881837,28.19900016784668,29.236904244257676,28.641361844075895,30.147152267297624,50.62439962642645,0.15432306004802498,0.46317035167508724,-0.30884729162706226,33.136089553603036,29.922500228881837,26.70891090416064,1.2474088721639478,31.450744580855787,18.802648496031512,404537727.0,-45.43749571210209,-79.99998239370493,48.19103044346743,0.05408336781626139,12948962304,8.733119,3.11,0.3401889,
2026-07-13,29.399999618530273,30.420000076293945,28.969999313354492,30.100000381469727,30.100000381469727,897685,0,30.068500232696532,28.23800018310547,29.31910387637311,28.69856335534624,30.14668309430431,55.3442574582092,0.2098446051348688,0.4125052023670436,-0.20266059723217478,33.02551434122488,30.068500232696532,27.111486124168184,1.2618797215050552,59.21299112511951,33.703274645802054,405435412.0,-16.480166176033883,-60.606047212483375,48.18451948205167,0.060378162923126054,12948962304,8.733119,3.11,0.3401889,
2026-07-14,30.100000381469727,30.989999771118164,30.0,30.299999237060547,30.299999237060547,912233,0,30.11100015640259,28.28940017700195,29.412522482152866,28.761364762472294,30.14820862806308,56.33223787934503,0.26690732432257747,0.38338562675815036,-0.11647830243557289,33.05564232531911,30.11100015640259,27.166357987486066,1.2424597250488485,78.08089096754293,56.248208891172716,406347645.0,13.240137145587438,-57.04100561120827,48.17812386666313,-0.023804385237866266,12948962304,8.733119,3.11,0.3401889,
2026-07-15,29.549999237060547,29.549999237060547,28.799999237060547,28.940000534057617,28.940000534057617,1174703,0,30.110500144958497,28.316200180053713,29.36752039185808,28.76837008684819,30.13618665697845,48.47788586008187,0.20008297900988836,0.346725097208498,-0.14664211819860962,33.05593400225314,30.110500144958497,27.16506628766385,1.2608554589739307,65.3567186177099,67.55020023679076,405172942.0,-59.938518893068846,-81.28340409675322,48.169276666707724,-0.015094639127275485,12948962304,8.733119,3.11,0.3401889,
2026-07-16,29.200000762939453,29.200000762939453,28.1299991607666,28.209999084472656,28.209999084472656,600666,0,30.073500061035155,28.329600143432618,29.25728026734518,28.746473184794247,30.11702061148088,44.86209872178735,0.08721384093180262,0.2948228459531589,-0.20760900502135626,33.09395262247444,30.073500061035155,27.05304749959587,1.2472230406309965,37.17185374487059,60.203154443374444,404572276.0,-88.78369114075441,-90.69768473417165,48.164617693454495,-0.011228354761335239,12948962304,8.733119,3.11,0.3401889,
2026-07-17,28.31999969482422,28.31999969482422,27.059999465942383,27.31999969482422,27.31999969482422,674870,0,29.874000072479248,28.319600143432616,29.072777355676518,28.69053304793268,30.089189557583797,40.86066788618748,-0.07320738768744661,0.22121679922503779,-0.2944241869124844,33.063749183592435,29.874000072479248,26.684250961366065,1.248135696934628,13.463140543699772,38.66390430209339,403897406.0,-127.79066316029994,-93.38421860834418,48.1591337649992,-0.1462628346759457,12948962304,8.733119,3.11,0.3401889,
2026-07-20,27.350000381469727,27.350000381469727,26.920000076293945,27.010000228881836,27.010000228881836,482028,0,29.570499992370607,28.296200141906738,28.876322391219883,28.624629800126762,30.05855085779572,39.537836327519805,-0.2227885653681625,0.13241572630639772,-0.35520429167456025,32.634950964889285,29.570499992370607,26.506049019851933,1.189697454666139,3.8747623501621598,18.16991887957748,403415378.0,-147.38651431821162,-97.78869387380193,48.155128647354324,-0.3106495692463441,12948962304,8.733119,3.11,0.3401889,
2026-07-21,27.020000457763672,27.329999923706055,26.81999969482422,27.15999984741211,27.15999984741211,352688,0,29.279500007629395,28.28540012359619,28.71286310133343,28.567193331392854,30.029709554209813,40.54090637721697,-0.32547711317977246,0.040837158409163674,-0.36631427158893615,32.08828988089429,29.279500007629395,26.470710134364502,1.1411476528244031,7.09376921655905,8.143890703473634,403768066.0,-141.85183194110817,-91.8465192717679,48.15220055705409,-0.2629512786653231,12948962304,8.733119,3.11,0.3401889,
2026-07-22,27.25,27.920000076293945,26.799999237060547,27.399999618530273,27.399999618530273,847284,0,29.069999980926514,28.287000122070314,28.587828483923605,28.521421028927655,30.0035432861931,42.19336511283419,-0.38307668185260724,-0.04394560964319051,-0.33913107220941674,31.781560724475398,29.069999980926514,26.35843923737763,1.1396371661393314,13.221842086007113,8.063457884242746,404615350.0,-116.78533480744372,-85.68018365170272,48.14525974270308,-0.2162277188754831,12948962304,8.733119,3.11,0.3401889,
2026-07-23,27.399999618530273,27.40999984741211,26.920000076293945,26.969999313354492,26.969999313354492,300846,0,28.791499900817872,28.30280010223389,28.433749515297976,28.460580961650276,29.973358769050428,40.04596147962745,-0.45814102146098534,-0.12678469200674947,-0.3313563294542359,31.14014456338559,28.791499900817872,26.442855238250154,1.0932344950663908,16.212810769745584,12.176140690770554,404314504.0,-122.1832428123473,-95.94271946000646,48.1427639611061,-0.30907266948830353,12948962304,8.733119,3.11,0.3401889,
2026-07-24,26.799999237060547,27.350000381469727,26.6200008392334,27.15999984741211,27.15999984741211,296792,0,28.58749990463257,28.321800117492675,28.31244002311837,28.40957778069976,29.945365147939597,41.4636024392502,-0.49657439568562367,-0.2007426327425243,-0.2958317629430994,30.751522991180778,28.58749990463257,26.42347681808436,1.067289141292815,25.90754059994862,18.44739781856708,404611296.0,-113.21101462916465,-87.64304027081738,48.14029576221107,-0.25474112746732347,12948962304,8.733119,3.11,0.3401889,
