Date,Open,High,Low,Close,Volume,Segment,SMA_20,SMA_50,EMA_20,EMA_50,EMA_200,RSI_14,MACD,MACD_Signal,MACD_Hist,BB_upper,BB_middle,BB_lower,ATR_14,STOCH_K,STOCH_D,OBV,CCI_20,Williams_%R,VWAP,CMF_20,MarketCap,PE,EPS,PB,DividendYield
2021-01-01,34.4279838351199,35.1689017406261,33.83525101811628,34.18101119995117,55222,0,,,,,,,,,,,,,,,,55222.0,,,34.39505465289785,,4481359872,10.320957,8.35,1.6156125,0.23
2021-01-04,34.57616870272733,36.255583364846174,34.427983615171456,34.7243537902832,153481,0,,,,,,,,,,,,,,,,208703.0,,,34.93992932839732,,4481359872,10.320957,8.35,1.6156125,0.23
2021-01-05,34.23040345282018,35.267687606556564,33.78585202450379,34.427978515625,68932,0,,,,,,,,,,,,,,,,139771.0,,,34.82917285976291,,4481359872,10.320957,8.35,1.6156125,0.23
2021-01-06,34.674954928942235,41.2444282398103,34.42798230475175,40.10835266113281,2307431,0,,,,,,,,,,,,,,,,2447202.0,,,38.189291162551946,,4481359872,10.320957,8.35,1.6156125,0.23
2021-01-07,40.79987551139172,40.89866681914027,37.6386252649963,38.033782958984375,318506,0,,,,,,,,,,,,,,,,2128696.0,,,38.26253792144352,,4481359872,10.320957,8.35,1.6156125,0.23
2021-01-08,38.725307515526644,39.0710676756417,36.55194770886639,36.947105407714844,178206,0,,,,,,,,,,,,,,,,1950490.0,,,38.21979521981831,,4481359872,10.320957,8.35,1.6156125,0.23
2021-01-11,40.25653780965468,40.50351043425379,38.428941895022554,39.21925354003906,392293,0,,,,,,,,,,,,,,,,2342783.0,,,38.351246454991376,,4481359872,10.320957,8.35,1.6156125,0.23
2021-01-12,38.52773250107195,39.02167778954723,37.589235699268215,37.83620834350586,126669,0,,,,,,,,,,,,,,,,2216114.0,,,38.344133136039936,,4481359872,10.320957,8.35,1.6156125,0.23
2021-01-13,39.169856721838,39.169856721838,36.70013066796431,37.04589080810547,85371,0,,,,,,,,,,,,,,44.737111149070394,52.40319000937429,2130743.0,,,38.32779346420721,,4481359872,10.320957,8.35,1.6156125,0.23
2021-01-14,36.70013172659706,37.836203483047754,36.551946651689015,36.996498107910156,36938,0,,,,,,,,,,,,,,24.204547663198127,41.339651706094976,2093805.0,,,38.31589193151579,,4481359872,10.320957,8.35,1.6156125,0.23
2021-01-15,36.551946428163085,37.49044310366787,35.56405598415868,35.761634826660156,86723,0,,,,,,,,,,,,,,8.871203795449313,25.93762086923928,2007082.0,,,38.26936721328554,,4481359872,10.320957,8.35,1.6156125,0.23
2021-01-18,36.05800397149448,37.243473348915494,35.168900996302895,35.811031341552734,64881,0,,,,,,,,,,,,,,10.4331502675738,14.502967242073746,2071963.0,,,38.23261367190329,,4481359872,10.320957,8.35,1.6156125,0.23
2021-01-19,35.959211789118314,36.947102181473184,35.81102672286397,36.20618438720703,50263,0,,,,,,,,,,,,,,15.325109212267513,11.543154425096875,2122226.0,,,38.20813889724147,,4481359872,10.320957,8.35,1.6156125,0.23
2021-01-20,36.0579969675254,37.04588729540281,35.66283932897342,35.95920944213867,35904,0,,,,,,,,,,,,,,23.868272088554892,16.542177189465402,2086322.0,,-70.860961195587,38.190140816005126,,4481359872,10.320957,8.35,1.6156125,0.23
2021-01-21,36.5025551365289,36.60134268023133,32.60038686423091,34.23040771484375,60847,0,,,,,,50.138509666368094,,,,,,,2.5438188184110992,29.62958956921511,22.940990290012504,2025475.0,,-81.14283840406095,38.13396748963098,,4481359872,10.320957,8.35,1.6156125,0.23
2021-01-22,34.57616326776617,36.65073155643105,34.42797820350322,35.5146598815918,119779,0,,,,,,53.727495673709704,,,,,,,2.5349977486379704,41.90957843819954,31.802480031989845,2145254.0,,-66.2857581224205,38.05868796539966,,4481359872,10.320957,8.35,1.6156125,0.23
2021-01-25,36.35437005247201,36.35437005247201,33.88464377487876,34.23040771484375,52293,0,,,,,,49.86236594572742,,,,,,,2.5303355007062045,44.25533015321715,38.598166053543935,2092961.0,,-81.14283840406095,38.01834294562789,,4481359872,10.320957,8.35,1.6156125,0.23
2021-01-27,33.884639119903966,34.08221794866925,32.60038238568364,33.73645782470703,54496,0,,,,,,48.41956754311703,,,,,,,2.466027631310055,41.66273792988546,42.609215507100714,2038465.0,,-86.30951435644917,37.96003591866582,,4481359872,10.320957,8.35,1.6156125,0.23
2021-01-28,33.58827276100738,35.31708091782394,32.64977615074928,33.73645782470703,52902,0,,,,,,48.41956754311704,,,,,,,2.4804045695789547,30.09039469910127,38.66948759406796,2038465.0,,-85.62499010465946,37.91011294124353,,4481359872,10.320957,8.35,1.6156125,0.23
2021-01-29,34.526770415333544,34.67495171501139,33.291907408837375,33.68706130981445,25226,0,35.91969738006592,,35.91969738006592,,,48.257617365311376,,,,39.5869680864146,35.91969738006592,32.25242667371724,2.402021693621459,26.811230719681316,32.854787782889346,2013239.0,-99.41272644539366,-86.25001496303202,37.886641360895496,0.1417820175309883,4481359872,10.320957,8.35,1.6156125,0.23
2021-02-01,33.78585261143584,34.427979113712155,33.193116107215985,33.68706130981445,45760,0,35.89499988555908,,35.7070653733753,,,48.257617365311376,,,,39.61504846139204,35.89499988555908,32.17495130972612,2.3186532159696527,27.94180505657968,28.281143491787418,2013239.0,-101.04289025311452,-83.45866246633463,37.843548879799776,0.14613189821832237,4481359872,10.320957,8.35,1.6156125,0.23
2021-02-02,34.52677067630263,34.72434951253598,33.68706156443663,34.0328254699707,44040,0,35.860423469543456,,35.54761395400343,,,49.625424776935766,,,,39.63579570908702,35.860423469543456,32.08505122999989,2.2271271435947866,36.16797860409244,30.307004793451142,2057279.0,-79.55530993788712,-78.19546875457333,37.80669596015952,0.17109134200112933,4481359872,10.320957,8.35,1.6156125,0.23
2021-02-03,34.4773790300712,35.26769065511373,33.785854944970325,33.93403625488281,51585,0,35.83572635650635,,35.393939887420515,,,49.225038816951944,,,,39.65447086072592,35.83572635650635,32.016981852286776,2.1738920412054026,43.274301050397575,35.794694903689894,2005694.0,-71.15709440757526,-74.52827657021017,37.76654442495461,0.1641442519779891,4481359872,10.320957,8.35,1.6156125,0.23
2021-02-04,34.03282987995194,34.5267751502894,33.98343610661886,34.18101119995117,28460,0,35.53935928344727,,35.27842286956629,,,50.30453085560301,,,,38.87522875970099,35.53935928344727,32.20348980719355,2.060952530791202,49.498248735419615,42.98017612996987,2034154.0,-67.79944154084556,-67.67670371751342,37.74416146195703,-0.44908521925403194,4481359872,10.320957,8.35,1.6156125,0.23
2021-02-05,34.57616892362248,34.921929105457366,33.98343610661886,34.18101119995117,36052,0,35.346720695495605,,35.17390747246009,,,50.30453085560301,,,,38.52542777053431,35.346720695495605,32.168013620456904,1.980776849937438,47.79552138109315,46.85602372230344,2034154.0,-56.19370275829642,-65.95740150722082,37.7172589538137,-0.3916316792308229,4481359872,10.320957,8.35,1.6156125,0.23
2021-02-08,34.52677260765246,34.57616637734806,33.48948837003263,33.58827590942383,36249,0,35.178779220581056,,35.02289494264711,,,47.494015345425424,,,,38.35644199070417,35.178779220581056,32.00111645045794,1.9169126468930087,33.597934680370564,43.63056826562777,1997905.0,-71.56040854238304,-77.77769806124007,37.68684892820345,-0.36671474210122623,4481359872,10.320957,8.35,1.6156125,0.23
2021-02-09,33.68706192135185,33.736459457310694,32.797962801636054,32.946144104003906,53920,0,34.8651237487793,,34.82510914849062,,,44.587704408501935,,,,37.59200237243991,34.8651237487793,32.13824512511869,1.8470257903774108,19.72484745604361,33.706101172502436,1943985.0,-101.85189735075681,-92.22221715323421,37.63404605880759,-0.42556059800476326,4481359872,10.320957,8.35,1.6156125,0.23
2021-02-10,33.588277838677755,33.588277838677755,32.748572400112124,33.14372634887695,31578,0,34.63049964904785,,34.66497745328932,,,45.68898882532542,,,,37.0887197822646,34.63049964904785,32.1722795158311,1.7750743366765693,9.91237041394809,21.07838418345408,1975563.0,-98.98095563763896,-86.58525622636499,37.60369041961684,-0.38695174714443514,4481359872,10.320957,8.35,1.6156125,0.23
2021-02-11,33.538883209228516,34.576167479925644,32.94614664847073,33.538883209228516,47919,0,34.455149269104005,,34.557730382426385,,,47.91836942986618,,,,36.68928391152194,34.455149269104005,32.22101462668607,1.7647133720178796,20.181747315713423,16.606321728568364,2023482.0,-64.44436931603897,-76.82913783525245,37.56377470504716,-0.35357323835002347,4481359872,10.320957,8.35,1.6156125,0.23
2021-02-12,33.094333488989854,33.44009367475705,32.60038821303478,32.748573303222656,53979,0,34.24275302886963,,34.385429708216506,,,44.02596633042113,,,,36.26801806593361,34.24275302886963,32.21748799180565,1.705697773744726,20.681807043046863,16.92530825756945,1969503.0,-115.15990364663028,-96.0524399467247,37.511178296003706,-0.3705520220153825,4481359872,10.320957,8.35,1.6156125,0.23
2021-02-15,32.15583419799805,32.99554336260048,31.859467809286695,32.15583419799805,28259,0,34.062462997436526,,34.17308727867189,,,41.31529141588057,,,,36.15562475583292,34.062462997436526,31.969301239040135,1.665010472285373,18.25758206303162,19.707045473930627,1941244.0,-153.24288101879833,-91.42858441913037,37.48061526325004,-0.3359105005543727,4481359872,10.320957,8.35,1.6156125,0.23
2021-02-16,33.440094414569685,33.440094414569685,31.661892135492007,32.00765609741211,27040,0,33.87229423522949,,33.96685573759953,,,40.641625254214354,,,,35.98644123645864,33.87229423522949,31.758147234000344,1.6730956013419662,10.091211616494766,16.343533574191074,1914204.0,-140.1157336348303,-90.54046227129443,37.451891838166475,-0.3407356937946766,4481359872,10.320957,8.35,1.6156125,0.23
2021-02-17,32.00765395444155,32.35341412470891,31.85946887089656,32.106441497802734,24497,0,33.66730709075928,,33.789673429047454,,,41.32846401361637,,,,35.62582110780591,33.66730709075928,31.70879307371265,1.5888705765184223,12.675916882153631,13.67490352056,1938701.0,-152.7853111929359,-87.6712644954615,37.42481251771472,-0.33357928266859616,4481359872,10.320957,8.35,1.6156125,0.23
2021-02-18,33.09432917487465,34.47737727465863,31.95825368087332,32.946144104003906,56814,0,33.516653823852536,,33.70933730285283,,,46.947900761744826,-1.1817181196112188,-1.2934737778506218,0.11175565823940303,35.18950870718594,33.516653823852536,31.84379894051914,1.6553172206089144,24.24418979398136,15.670439430876579,1995515.0,-54.535428243371605,-64.38370137645332,37.374907460233246,-0.3172246589522895,4481359872,10.320957,8.35,1.6156125,0.23
2021-02-19,33.785854097573086,35.0701109271191,32.501597268027076,33.44009017944336,137523,0,33.47713794708252,,33.683694719670974,,,49.98266263580405,-1.05812407311862,-1.2464038369042214,0.18827976378560152,35.11771129733917,33.47713794708252,31.836564596825866,1.7205455376434224,37.68063353763807,24.866913404591013,2133038.0,2.7058569731995923,-50.68504148873247,37.273630382532424,-0.3186470136311381,4481359872,10.320957,8.35,1.6156125,0.23
2021-02-22,34.279797100801765,34.329190866333356,32.20522503195048,32.649776458740234,32287,0,33.33389377593994,,33.58522631386805,,,45.49810113951089,-1.0122777058871364,-1.1995786107008044,0.187300904813668,34.71809449370601,33.33389377593994,31.94969305817387,1.7493612731248123,42.25768558790652,34.72750297317531,2100751.0,-51.36742002822878,-72.60289730908582,37.24676518430492,-0.3664155597241921,4481359872,10.320957,8.35,1.6156125,0.23
2021-02-23,32.6991714968157,33.09432917345211,31.711281073727577,32.057044982910156,82673,0,33.225225639343265,,33.439685234729204,,,42.4237544003932,-1.012105681702053,-1.1620840249010542,0.14997834319900116,34.65144360688576,33.225225639343265,31.799007671800766,1.7231960464533638,30.48445196689867,36.80759036414775,2018078.0,-122.80726158830582,-88.40588378924166,37.16707748514489,-0.35858772921864046,4481359872,10.320957,8.35,1.6156125,0.23
2021-02-24,32.797964281505145,34.08222113582097,31.958255122854094,32.69917297363281,40642,0,33.17336139678955,,33.36916025748193,,,46.63099165766693,-0.9492130517364075,-1.1195098302681248,0.17029677853171732,34.59688263100712,33.17336139678955,31.74984016257199,1.7518224726329006,22.89710676891433,31.879748107906497,2058720.0,-48.629635938781895,-69.56530957786299,37.13373822098757,-0.40800036837584147,4481359872,10.320957,8.35,1.6156125,0.23
2021-02-25,33.291910584371905,33.98343468767105,32.50159893853138,33.538883209228516,32566,0,33.163482666015625,,33.38532434812446,,,51.61061290917761,-0.8221355245450184,-1.0600349691235036,0.23789944457848522,34.5739180841147,33.163482666015625,31.75304724791655,1.7325377066690986,31.372611718698426,28.2513901515038,2091286.0,0.3706302859614227,-44.927506463268266,37.11007024767443,-0.3921609271378665,4481359872,10.320957,8.35,1.6156125,0.23
2021-02-26,33.39069424722225,34.08221827017268,32.20522503195048,32.649776458740234,26347,0,33.11161842346191,,33.31527216818311,,,46.647597706656086,-0.7841301881856424,-1.0048540129359314,0.22072382475028895,34.51750617297694,33.11161842346191,31.70573067394689,1.7428559589228918,39.890897367611196,31.386871951741302,2064939.0,-36.126115375846105,-71.0146447852719,37.08931740604954,-0.3950100289536982,4481359872,10.320957,8.35,1.6156125,0.23
2021-03-01,33.48949029361237,33.8352504698445,32.501599768945376,33.14372634887695,32731,0,33.08445167541504,,33.29893447110633,,,49.55015053246564,-0.7060145609053023,-0.9450861225298055,0.23907156162450316,34.46559160899258,33.08445167541504,31.703311741837496,1.7136270119211943,50.22588971128247,40.49646626586402,2097670.0,-12.250307542078392,-56.52174041686117,37.06494801504201,-0.3919243019804952,4481359872,10.320957,8.35,1.6156125,0.23
2021-03-02,33.09432917487465,33.98343206309334,32.600383963309355,32.946144104003906,65456,0,33.0301176071167,,33.265335388525145,,,48.41550469949954,-0.652528655237866,-0.8865746290714176,0.23404597383355163,34.34148406171015,33.0301176071167,31.718751152523254,1.690014232482822,47.5924413257853,45.90307613489298,2032214.0,-4.930387001997926,-62.31896932007722,37.01731099474145,-0.40234419602915905,4481359872,10.320957,8.35,1.6156125,0.23
2021-03-03,33.785855126983336,36.2061875536238,33.14372480839397,35.16889953613281,331696,0,33.0918607711792,,33.446627212106826,,,59.61834018483636,-0.4258736957532392,-0.7944344424077819,0.36856074665454275,34.658990934446,33.0918607711792,31.524730607912392,1.8021591765640415,60.33410920144581,52.71748007950452,2363910.0,199.75314832418113,-22.826157237757812,36.89001434171923,-0.18607668112162026,4481359872,10.320957,8.35,1.6156125,0.23
2021-03-04,34.971323819005015,36.601340818189804,34.62555989663027,35.90981674194336,150174,0,33.17830104827881,,33.68121669113888,,,62.53881189106364,-0.18433725585585847,-0.6724150050973973,0.4880777492415388,35.12173478832088,33.17830104827881,31.234867308236744,1.814560729778005,68.2850734667871,58.737207998006056,2514084.0,253.67779342728238,-14.000025522458767,36.85964815217132,-0.12926983508252257,4481359872,10.320957,8.35,1.6156125,0.23
2021-03-05,35.860424285737466,36.45316084501191,34.87253378878325,35.31708526611328,108722,0,33.23510475158692,,33.8370136982793,,,58.87071227905051,-0.04028201747420468,-0.5459884075727588,0.5057063900985541,35.351191261050516,33.23510475158692,31.119018242123314,1.7978511816673373,75.67280362655248,68.09732876492845,2405362.0,204.04705740283654,-25.99997762048003,36.83560614211,-0.14161711380540673,4481359872,10.320957,8.35,1.6156125,0.23
2021-03-08,35.761639865363264,37.73742103175346,35.11950947888505,36.058006286621094,178899,0,33.35859127044678,,34.0485368019309,,,61.88050920796099,0.13214563836360327,-0.41036159838548636,0.5425072367490896,35.805147028267854,33.35859127044678,30.91203551262571,1.8564269224674141,73.41736292997984,72.45841334110646,2584261.0,212.97185031214593,-27.868830741238405,36.820075204685295,-0.1421170210834292,4481359872,10.320957,8.35,1.6156125,0.23
2021-03-09,36.551947713785395,36.99649918292395,34.57616675628348,35.16889953613281,57132,0,33.469729042053224,,34.15523801471203,,,56.53408911619186,0.19480670328744765,-0.28932793805089957,0.4841346413383472,36.030519804563575,33.469729042053224,30.90893827954287,1.8967058870512037,60.022794592112824,69.7043203828817,2527129.0,130.5345566985152,-42.62299769854793,36.808596197260755,-0.13681600276479536,4481359872,10.320957,8.35,1.6156125,0.23
2021-03-10,35.56405723503444,36.35436886433458,35.07011199565896,35.16889953613281,130627,0,33.570987701416016,,34.2517772072283,,,56.53408911619186,0.2416801108114086,-0.18312632827843794,0.42480643908984655,36.23046445208961,33.570987701416016,30.91151095074242,1.852959528595805,43.38119752380178,58.940451681964795,2527129.0,107.81984259522156,-42.62299769854793,36.78210853694309,-0.19460621015835242,4481359872,10.320957,8.35,1.6156125,0.23
2021-03-12,35.860425813269515,35.860425813269515,34.57616886622469,35.07011413574219,120033,0,33.6475492477417,,34.32971405756296,,,55.91161760157347,0.26776978435814414,-0.09294710575112153,0.36071689010926566,36.385913682838954,33.6475492477417,30.909184812644448,1.8123379156278776,26.15364025843169,43.185877458115414,2407096.0,75.43219879484322,-44.262279246581976,36.75194697714674,-0.19495387340543374,4481359872,10.320957,8.35,1.6156125,0.23
2021-03-15,35.07011291392942,35.514664394708035,33.58827715700282,33.8846435546875,111101,0,33.70435276031494,34.56925102233887,34.28732639062244,34.56925102233887,,48.946710995701146,0.1905914505074051,-0.0362393944994162,0.22683084500682132,36.41273685707012,33.70435276031494,30.995968663559758,1.8204842957762588,13.839266982201515,27.79136825481164,2295995.0,25.116710528014295,-63.93441745299425,36.710733525454096,-0.21233351042164592,4481359872,10.320957,8.35,1.6156125,0.23
2021-03-16,34.08222069513568,36.35436798777746,33.58827546766995,34.67495346069336,74910,0,33.830308723449704,34.57912986755371,34.32424325443872,34.57339621599983,,53.1378031662896,0.19099677745094112,0.009207839890655274,0.18178893756028586,36.47241318643126,33.830308723449704,31.188204260468147,1.888027740371348,18.21729170378408,19.40339964813907,2370905.0,48.85946118131036,-52.99151502718054,36.68988899855706,-0.20828898852880381,4481359872,10.320957,8.35,1.6156125,0.23
2021-03-17,34.67495732686422,35.465272793729994,31.760683174684527,32.550994873046875,50474,0,33.857475662231444,34.53566268920898,34.15536245621092,34.49408635941344,,42.93635244815566,0.019705145956827153,0.011307301103889649,0.008397844852937503,36.43442736716911,33.857475662231444,31.280523957293784,2.017782160276642,18.743711964554088,16.93342355017987,2320431.0,-45.965165705370524,-86.77687197828806,36.66387362857791,-0.2123712599736942,4481359872,10.320957,8.35,1.6156125,0.23
2021-03-18,32.995546174817086,33.58827900275852,31.612497884949192,32.205230712890625,100389,0,33.86241512298584,34.4912077331543,33.96963562351375,34.404327314451756,,41.53829312383173,-0.14230458546506242,-0.019415076209900763,-0.12288950925516165,36.42626789606314,33.86241512298584,31.298562349908533,2.014782085814691,20.529427888283344,19.16347718554048,2220042.0,-94.3766034624353,-90.32260791303649,36.60154437043464,-0.22488350417966468,4481359872,10.320957,8.35,1.6156125,0.23
2021-03-19,33.29191091564963,33.29191091564963,30.32823938787969,31.21734046936035,67851,0,33.775974941253665,34.31338748931885,33.70751227549914,34.27934743817366,,37.755646516820704,-0.34641964135681746,-0.08481598923928411,-0.26160365211753334,36.56431259845174,33.775974941253665,30.987637284055587,2.082559903097209,14.819462003507022,18.030867285448128,2152191.0,-132.47116541974725,-88.00000966077263,36.551943731954225,-0.23130318787819518,4481359872,10.320957,8.35,1.6156125,0.23
2021-03-22,32.05704754929576,32.797965425927394,30.624605567440643,31.76068115234375,37295,0,33.69200448989868,34.18792545318603,33.52209978757958,34.18057621127837,,40.941165559939016,-0.4590476262037413,-0.15966231663217556,-0.2993853095715657,36.61370619271301,33.69200448989868,30.77030278708435,2.0890456141964617,17.008198446933502,17.4523627795746,2189486.0,-112.42860583403454,-80.6666669368477,36.525724386118235,-0.22282182647125431,4481359872,10.320957,8.35,1.6156125,0.23
2021-03-23,31.711282122079584,32.50159750147965,31.36552196996932,31.563100814819336,39562,0,33.63767070770264,34.080245361328124,33.33552845684051,34.07793011729959,,40.136753326547066,-0.5578190073398446,-0.23929365477370937,-0.31852535256613523,36.67308345038565,33.63767070770264,30.602257965019632,2.020976322576024,20.854343470091788,17.560667973510746,2149924.0,-100.50150156367016,-83.33336276131547,36.49869290819749,-0.22576251142418963,4481359872,10.320957,8.35,1.6156125,0.23
2021-03-24,30.87157672376099,32.106439792711434,30.229448304757067,30.67399787902832,34903,0,33.56851835250855,33.90934024810791,33.082049354191724,33.94444257854385,,36.6473289160061,-0.6997726711153973,-0.331389458042047,-0.3683832130733503,36.80141150203202,33.56851835250855,30.335625202985074,2.01069169153162,20.348059254094725,19.403533723706648,2115021.0,-131.7478741310714,-94.07896658078168,36.47104126246611,-0.21896290615419275,4481359872,10.320957,8.35,1.6156125,0.23
2021-03-25,31.316129319678716,31.3655230905301,28.69821801102061,29.290952682495117,57870,0,33.39810733795166,33.738435134887695,32.720992528315854,33.7619527786988,,31.98852171790694,-0.9133437034707939,-0.4477803071277964,-0.4655633963429975,37.11883304611785,33.39810733795166,29.677381629785465,2.0575926478157536,16.72563048311675,19.309344402434395,2057151.0,-165.69506593741337,-93.44262242904628,36.41572153070945,-0.2278589218100343,4481359872,10.320957,8.35,1.6156125,0.23
2021-03-26,30.130660007929865,30.1800537788324,28.30306222076249,28.846403121948242,48092,0,33.16348333358765,33.57444538116455,32.3519840134237,33.5691861254929,,30.64020305230465,-1.1057256031265297,-0.579369366327543,-0.5263562367989867,37.378129794030286,33.16348333358765,28.94883687314501,2.0446925699767644,12.742136464183773,16.605275400465057,2009059.0,-165.31811226692312,-94.24082852824337,36.365830729803356,-0.2441601966728391,4481359872,10.320957,8.35,1.6156125,0.23
2021-03-30,30.03187058187322,30.03187058187322,28.056089597746674,28.846403121948242,24689,0,32.973314666748045,33.41144348144531,32.018119166616515,33.3839789488833,,30.64020305230465,-1.243851301111782,-0.7122657532843908,-0.5315855478273912,37.587775161673335,32.973314666748045,28.358854171822756,2.039770313844606,14.256320600042537,14.574695849114327,2009059.0,-146.88439953230363,-91.1602089739617,36.340021891621376,-0.23948324421184264,4481359872,10.320957,8.35,1.6156125,0.23
2021-03-31,29.142768217068056,30.723393310776284,28.797006183405085,29.43913459777832,58468,0,32.78808507919312,33.284993476867676,31.772501588631926,33.229279170408596,,34.88435473142419,-1.2906110743831611,-0.8279348175041449,-0.46267625687901626,37.651035149109646,32.78808507919312,27.925135009276588,2.0316715148107916,21.33734681646294,16.11193462689639,2067527.0,-106.67297039798098,-83.33335194441668,36.28515424462511,-0.2460369285567793,4481359872,10.320957,8.35,1.6156125,0.23
2021-04-01,30.130661386571507,31.316130784989742,29.88368875225535,30.822185516357422,36833,0,32.68188714981079,33.18521656036377,31.681995296034355,33.13488334083796,,43.562305992297645,-1.202209557664876,-0.9027897655362911,-0.2994197921285848,37.6185993217779,32.68188714981079,27.745174977843686,2.0206232771251225,45.16875492773185,26.920807448079085,2104360.0,-66.91426285078313,-66.66662904520263,36.25629885384515,-0.22563994014794203,4481359872,10.320957,8.35,1.6156125,0.23
2021-04-05,30.970366366912796,31.019760136322336,29.142768634987032,29.686107635498047,27431,0,32.40774755477905,33.05481502532959,31.49191075693566,32.999637234746196,,38.968239638543686,-1.209876011613236,-0.9642070147516801,-0.24566899686155597,37.37044942536556,32.40774755477905,27.445045684192543,2.0103638645687067,55.90946197710172,40.805187907098805,2076929.0,-80.41127450365961,-80.3571540850014,36.23223721617895,-0.34916882914631364,4481359872,10.320957,8.35,1.6156125,0.23
2021-04-06,29.883687317685876,30.575211414275103,29.784897891851475,30.1800537109375,15514,0,32.12125940322876,32.939231910705566,31.36697199065012,32.88906533185174,,41.840117973723615,-1.1626916260777413,-1.0039039370168923,-0.15878768906084906,36.900352859779744,32.12125940322876,27.342165946677778,1.9302738584407317,66.24450983657536,55.77424224713628,2092443.0,-67.60642010015629,-74.40476188720697,36.21920622553287,-0.4158486744147123,4481359872,10.320957,8.35,1.6156125,0.23
2021-04-07,30.525815759232117,30.67399895585793,29.340348301974036,30.1800537109375,108470,0,31.86440782546997,32.85822483062744,31.253932154487014,32.78282958201196,,41.840117973723615,-1.1124737556316688,-1.0256179007398476,-0.08685585489182124,36.47817403684653,31.86440782546997,27.25064161409341,1.8876579152581006,56.68442737227796,59.61279972865165,2092443.0,-65.67988111633771,-71.33335676809457,36.127931981953914,-0.3611000530613602,4481359872,10.320957,8.35,1.6156125,0.23
2021-04-08,30.575209727012247,31.513704510020204,30.22944769779817,30.970365524291992,48417,0,31.610025787353514,32.76733894348145,31.226925808754157,32.71175256014059,,46.51064414488674,-0.9974066896227711,-1.0199756585164323,0.022568968893661223,35.813667837357386,31.610025787353514,27.406383737349646,1.8480859783884294,65.71223811096031,62.880391773271185,2140860.0,-33.68577367203342,-47.32147232874651,36.093580910291486,-0.35232967450188657,4481359872,10.320957,8.35,1.6156125,0.23
2021-04-09,30.624603476720072,31.612493911452976,30.229447679677204,30.525814056396484,17963,0,31.3778715133667,32.6932470703125,31.16015326091057,32.62602948156239,,44.35302969213928,-0.9313507670875474,-1.0022506802306554,0.07089991314310806,35.27107207336844,31.3778715133667,27.484670953364965,1.8148688536303825,62.661744785840774,61.68613675635965,2122897.0,-32.62054877165007,-52.830237918833696,36.08067056202763,-0.3481310593151221,4481359872,10.320957,8.35,1.6156125,0.23
2021-04-12,30.52581627748654,30.52581627748654,28.303062637607646,28.64882469177246,38238,0,31.051867771148682,32.59149440765381,30.920979111468846,32.47006066627651,,36.62713353283325,-1.0187152127967671,-1.0055435867438778,-0.013171626052889351,34.70523025763262,31.051867771148682,27.39850528466474,1.844003481219562,47.8437009243487,58.73922794038324,2084659.0,-93.7271570436969,-87.4999870198373,36.044994600511224,-0.3016174312705465,4481359872,10.320957,8.35,1.6156125,0.23
2021-04-13,29.14276951586659,29.784897958857403,28.55003484377831,28.846403121948242,21688,0,30.740682220458986,32.493693313598634,30.723400445800216,32.32795644885187,,37.854287758634186,-1.059792607879178,-1.0163933909709377,-0.043399216908240223,34.012266815770055,30.740682220458986,27.469097625147917,1.8004934550666716,27.621896756711077,46.04244748896682,2106347.0,-95.50280561486039,-82.22219954804429,36.02463475912407,-0.31459622247505575,4481359872,10.320957,8.35,1.6156125,0.23
2021-04-15,29.29095161796489,29.29095161796489,28.15487797140752,28.451244354248047,24383,0,30.46901226043701,32.388976974487306,30.50700462755715,32.17592852357329,,36.338697089499206,-1.1114209802773303,-1.0353989088322162,-0.07602207144511408,33.54788446791604,30.46901226043701,27.39014005295798,1.7530348973160073,11.812376119328995,29.092657933462903,2081964.0,-111.37176340313529,-90.24393601835676,36.000487885351404,-0.2739149155900275,4481359872,10.320957,8.35,1.6156125,0.23
2021-04-16,28.698217391967773,29.34034770469377,28.55003419835852,28.698217391967773,16726,0,30.17017545700073,32.28920009613037,30.334739176548638,32.03954769488288,,38.00923540502703,-1.1195032407680152,-1.052219775219376,-0.06728346554863918,32.66244248660894,30.17017545700073,27.67790842739252,1.691325501110987,13.56787628312833,17.66738305305611,2098690.0,-93.9884028689463,-81.9444658823983,35.98453022879295,-0.28572749603191966,4481359872,10.320957,8.35,1.6156125,0.23
2021-04-19,28.64882188409603,28.64882188409603,26.969407433741555,27.710325241088867,16697,0,29.92814197540283,32.16275009155274,30.084794992219138,31.869774265322327,,34.14908150279154,-1.1918838359146697,-1.0801525873584348,-0.11173124855623495,32.38854570662141,29.92814197540283,27.46773824418425,1.6940029623335033,15.039667045693085,13.47330648271678,2081993.0,-152.85088431167023,-84.04255852429199,35.9662513570451,-0.2651410404957598,4481359872,10.320957,8.35,1.6156125,0.23
2021-04-20,28.0560913669576,28.550036644137318,26.969411380311882,27.611541748046875,11793,0,29.698457527160645,32.03630020141602,29.849247064202732,31.702784754840938,,33.77965316965361,-1.2428897223159439,-1.1127000143499366,-0.13018970796600726,32.12309511586017,29.698457527160645,27.273819938461127,1.685904555297213,19.784928064929026,16.13082379791679,2070200.0,-144.20632610087222,-86.17009789958018,35.953286652159214,-0.24594263879646436,4481359872,10.320957,8.35,1.6156125,0.23
2021-04-22,27.51275062561035,27.858512675245805,27.1669885759749,27.51275062561035,24653,0,29.513228034973146,31.9029349899292,29.6267235938606,31.53846969094954,,33.390613581212236,-1.276568386986341,-1.1454736888772175,-0.13109469810912344,32.01036428093699,29.513228034973146,27.0160917890093,1.6148773798667622,22.18576204960554,19.003452386742527,2045547.0,-140.58549170149757,-88.29780159217258,35.92566884274177,-0.22267007823132384,4481359872,10.320957,8.35,1.6156125,0.23
2021-04-23,27.660933822810808,28.648824316482624,27.216382346957857,27.51275062561035,36659,0,29.300831508636474,31.76956977844238,29.425392834979625,31.380598355053888,,33.390613581212236,-1.288407017289515,-1.174060354559677,-0.11434666272983796,31.71856043542412,29.300831508636474,26.883102581848828,1.6018462791280483,22.88025121545313,21.616980443329208,2045547.0,-110.64060204055467,-88.29780159217258,35.88628902161606,-0.25556849906180445,4481359872,10.320957,8.35,1.6156125,0.23
2021-04-26,27.660933991023544,29.142769740542665,27.660933991023544,28.303062438964844,33127,0,29.13782958984375,31.663865509033204,29.318504225835362,31.259910672070003,,39.820952200523784,-1.2199547793701093,-1.1832392395217635,-0.03671553984834586,31.354735271609282,29.13782958984375,26.92092390807822,1.6038586245426387,35.732412747194644,26.932808670751076,2078674.0,-66.49583814106215,-71.27654176536794,35.853540383597874,-0.22747378896590587,4481359872,10.320957,8.35,1.6156125,0.23
2021-04-27,28.599430920142463,28.99458674593728,28.253668865977644,28.64882469177246,20334,0,29.036570930480956,31.577919120788575,29.254725222591276,31.157515143430885,,42.439074716208495,-1.124839316054068,-1.1715592548282243,0.04671993877415637,31.145959489516283,29.036570930480956,26.927182371445628,1.5422199999295672,53.851061979627666,37.487908647425115,2099008.0,-42.62813462964509,-63.82972261893577,35.83428214250995,-0.20362134848606325,4481359872,10.320957,8.35,1.6156125,0.23
2021-04-28,28.648823642746404,29.537924689291675,27.562143748412613,28.2536678314209,76205,0,28.984706687927247,31.480117950439453,29.159386423432192,31.043638778254024,,40.28215499920487,-1.0690224568338849,-1.1510518952293565,0.08202943839547161,31.11740590059607,28.984706687927247,26.852007475258425,1.573188638568817,61.4899155857577,50.35779677085998,2022803.0,-52.099570813240405,-72.34037307200111,35.76122124211455,-0.1851865874797146,4481359872,10.320957,8.35,1.6156125,0.23
2021-04-29,28.648823213004416,29.439134823800487,27.61153898830314,28.006694793701172,50173,0,28.94272127151489,31.369474182128908,29.049606268219716,30.92454293572254,,38.94974645324016,-1.0328102600910576,-1.1274035682016967,0.09459330811063915,31.117308751643048,28.94272127151489,26.768133791386735,1.5913605812065692,52.382876931883345,55.90795149908954,1972630.0,-54.92997457157317,-77.65952960516695,35.7132631363901,-0.1962556476551652,4481359872,10.320957,8.35,1.6156125,0.23
2021-04-30,28.00669542151841,28.945190244845243,27.710327147637653,28.154878616333008,28074,0,28.908145046234132,31.277600288391113,28.96439411089717,30.815928648687656,,40.22725509669368,-0.9808480316627559,-1.0980924608939087,0.11724442923115275,31.109583762162504,28.908145046234132,26.70670633030576,1.5658964752066422,36.62531054723211,50.166034354957695,2000704.0,-56.5382049408615,-74.46803568526744,35.686401286649605,-0.19942850894396355,4481359872,10.320957,8.35,1.6156125,0.23
2021-05-03,28.05608980364057,28.945190876172006,27.957300376858946,28.74761390686035,26161,0,28.873569011688232,31.20943588256836,28.94374837717938,30.734818266655214,,45.1696982817211,-0.8816754018074846,-1.0548090490766238,0.17313364726913916,31.062247718100185,28.873569011688232,26.68489030527628,1.5246103340713864,41.34755679926532,43.45191475946024,2026865.0,-32.544360011624924,-49.999942322539574,35.66248193925447,-0.15713057681828885,4481359872,10.320957,8.35,1.6156125,0.23
2021-05-04,29.537924908355194,29.537924908355194,28.00669542151841,28.154878616333008,56371,0,28.740203666687012,31.132380332946777,28.868617923765438,30.63364416272101,,41.47632316754771,-0.8412121918853686,-1.0120896776383728,0.1708774857530042,30.755904819966762,28.740203666687012,26.724502513407263,1.5250831306974864,40.00004554341839,39.32430429663859,1970494.0,-26.224977801707734,-57.89468399853079,35.611600334588765,-0.23411985473442104,4481359872,10.320957,8.35,1.6156125,0.23
2021-05-05,28.846402703663127,28.99458589847358,28.25366804016975,28.599430084228516,24197,0,28.685869789123537,31.062240104675293,28.842980986666685,30.553871061603655,,45.10191861171692,-0.7644609879047479,-0.9625639396916478,0.19810295178689985,30.654691526861555,28.685869789123537,26.717048051385518,1.4761277129434212,47.09406799286904,42.813890111850895,1994691.0,-17.888505776693993,-36.53838579657117,35.59013434424948,-0.22092771045915643,4481359872,10.320957,8.35,1.6156125,0.23
2021-05-06,28.500641568904573,31.414917440660712,28.3030627133526,31.21734046936035,347362,0,28.73773412704468,31.02766403198242,29.06911046120894,30.579889469750977,,60.586773473694834,-0.48678031602446126,-0.8674072149582105,0.38062689893374924,30.90583261173955,28.73773412704468,26.569635642349805,1.5929653568266136,58.64960725386044,48.5812402633826,2342053.0,134.132439389212,-4.444416298531431,35.36743537835681,0.14549297687376775,4481359872,10.320957,8.35,1.6156125,0.23
2021-05-07,32.10644155084101,32.600386805469334,29.78489847723757,31.21734046936035,195767,0,28.78959846496582,30.98320903778076,29.2737037953186,30.60488754816703,,60.586773473694834,-0.2636768800382008,-0.7466611479742086,0.4829842679360078,31.13555749429662,28.78959846496582,26.44363943563502,1.6802884262126958,72.05385872015285,59.26584465562741,2342053.0,189.7085292495247,-24.56138168527185,35.27066372878638,0.11196053121869494,4481359872,10.320957,8.35,1.6156125,0.23
2021-05-10,31.31613105027129,33.09433327871028,31.118552187443992,32.402809143066406,140214,0,28.86122064590454,30.978269691467286,29.57171382843744,30.67539427737877,,65.67192701133041,0.00869142560323155,-0.5955906332587205,0.6042820588619521,31.533843722125482,28.86122064590454,26.1885975696836,1.7013950451450952,83.76241182658057,71.48862593353125,2482267.0,239.64951218829808,-11.290333935926602,35.220504708226485,0.1321278767888082,4481359872,10.320957,8.35,1.6156125,0.23
2021-05-11,32.40280639756967,33.19311801341224,31.661888551122942,32.35341262817383,85593,0,28.95260057449341,30.984197044372557,29.836637523650428,30.74119891858642,,65.29389760452328,0.2180458869479338,-0.4328633292173897,0.6509092161653235,31.95167037459929,28.95260057449341,25.95353077438753,1.6892403606553952,79.87351983342914,78.56326346005416,2396674.0,220.77069849531424,-13.934406719207516,35.19263822094228,0.12667102746409123,4481359872,10.320957,8.35,1.6156125,0.23
2021-05-12,32.600384146518344,33.094329360859525,31.6618874855695,31.958253860473633,70053,0,29.118072032928467,30.969378662109374,30.038696222395494,30.78892656336631,,62.2088762270762,0.3480625474219927,-0.2766781538895132,0.6247407013115059,32.38506313016171,29.118072032928467,25.851080935695222,1.670897611700726,81.38507289959706,81.67366818653556,2326621.0,163.58826461665276,-20.661180648652856,35.16891594576921,0.112313709789174,4481359872,10.320957,8.35,1.6156125,0.23
2021-05-14,31.76067943153864,34.47737816532956,31.1679429012461,33.44009017944336,414492,0,29.347756385803223,30.96740280151367,30.3626385040191,30.89289376399678,,68.26432834017403,0.5641700926408859,-0.10850850458343339,0.6726785972243193,33.113844355288464,29.347756385803223,25.58166841631798,1.7879360154423498,78.54737841748512,79.93532371683709,2741113.0,160.88575391704134,-15.00004082795303,35.071840042773296,0.18401390072162627,4481359872,10.320957,8.35,1.6156125,0.23
2021-05-17,34.27980138265996,36.84831519616053,33.5882772733319,36.008609771728516,375077,0,29.725624656677248,31.034579467773437,30.900350053324757,31.093510078025478,,75.57113205268274,0.9319519819531834,0.09958359272388997,0.8323683892292935,34.450550865051454,29.725624656677248,25.000698448303044,1.9036709441048367,79.32898723794487,79.75381285167566,3116190.0,203.86304659512544,-9.042536304190865,35.08799908287355,0.24694162057396957,4481359872,10.320957,8.35,1.6156125,0.23
2021-05-18,36.947106946686056,37.441052206569545,35.0701134517275,35.811031341552734,145018,0,30.081265354156493,31.087925567626954,31.368033985536947,31.278510911889292,,74.15673392882458,1.1937184081302377,0.31841055580515953,0.8753078523250781,35.46776033868192,30.081265354156493,24.694770369631065,1.9370472163003516,79.08508815415583,78.98715126986191,2971172.0,179.8556365461978,-16.50000981303674,35.10330362710855,0.21222721616631127,4481359872,10.320957,8.35,1.6156125,0.23
2021-05-19,35.811024385556046,37.441044933954785,34.576161475709284,35.95920944213867,250441,0,30.493709564208984,31.148186874389648,31.805288790927587,31.46206771699711,,74.54157066805043,1.3970229106447007,0.5341330267730677,0.862889883871633,36.33491331421057,30.493709564208984,24.6525058142074,2.003321233582148,78.57948332460246,78.9978529055677,3221613.0,148.27622204049118,-15.075444038033654,35.12576642398109,0.18889232971094708,4481359872,10.320957,8.35,1.6156125,0.23
2021-05-20,36.00860197876022,36.15678326179483,34.87252663298289,35.11949920654297,71516,0,30.86910743713379,31.14719886779785,32.12092787812905,31.605496402861654,,68.33171436115228,1.4734011441268038,0.7219866502438149,0.7514144938829889,36.883604481439974,30.86910743713379,24.854610392827603,1.9519594760985617,71.12852991491057,76.26436713122293,3150097.0,114.83539378647208,-23.857965218075996,35.12760905234206,0.1674154296393206,4481359872,10.320957,8.35,1.6156125,0.23
2021-05-21,35.61344848160674,36.40376005490328,35.1688970439703,35.465267181396484,96803,0,31.266733264923097,31.138307876586914,32.43943638320214,31.756859962804196,,69.45993232173613,1.5440333746879702,0.886395995132646,0.6576373795553242,37.39157286853485,31.266733264923097,25.141893661311343,1.904266716974401,62.695905908065534,70.80130638252616,3246900.0,108.65008963469145,-20.833369120682192,35.13290829339455,0.14287729366410926,4481359872,10.320957,8.35,1.6156125,0.23
2021-05-24,35.81102857815019,36.996497864093,34.57616552373122,36.650733947753906,319203,0,31.723632431030275,31.164980850219727,32.84051234173088,31.94877658966497,,73.01017344171875,1.676343344384776,1.044385464983072,0.631957879401704,38.021064313734946,31.723632431030275,25.426200548325603,1.9411285472163566,61.374509228715944,65.06631501723066,3566103.0,105.63004330211598,-8.377023222907026,35.16181471663903,0.21687190389129934,4481359872,10.320957,8.35,1.6156125,0.23
2021-05-25,38.03378427616072,38.922887234173544,37.24347262931776,37.4410514831543,527746,0,32.180531883239745,31.19264175415039,33.278658926628346,32.16415991882141,,75.08925483498379,1.8239466471776353,1.2002977014219847,0.6236489457556507,38.73952084412262,32.180531883239745,25.621542922356863,1.9647731714451626,62.346896381091334,62.13910383929092,4093849.0,132.9033495666772,-13.88888656305846,35.292595136035544,0.06437188381389027,4481359872,10.320957,8.35,1.6156125,0.23
2021-05-26,38.478333806117675,41.491398926868214,36.89770682399232,39.66380310058594,929044,0,32.73128080368042,31.282539825439454,33.88676789557669,32.45826357300825,,79.80182235592578,2.0961180630391993,1.3794617737454276,0.7166562892937718,39.83848258643123,32.73128080368042,25.624079020929607,2.152553095118786,70.63142327408949,64.78427629463224,5022893.0,144.7233016605907,-13.857667841447109,35.61066400925069,0.09509756754998026,4481359872,10.320957,8.35,1.6156125,0.23
2021-05-27,39.81198063846286,40.35531958118143,37.63862109908592,38.23135757446289,255708,0,33.23016529083252,31.343788986206054,34.3005383411849,32.68465941620255,,70.54034423176108,2.171201232208233,1.5378096654379887,0.6333915667702443,40.410495336567486,33.23016529083252,26.049835245097547,2.1928491941885526,64.11256820122722,65.69696261880266,4767185.0,116.13925021892166,-27.848129049601514,35.67677986309819,0.06372211947800813,4481359872,10.320957,8.35,1.6156125,0.23
2021-05-28,38.52772491657181,40.00956049028611,36.7495229818152,37.29286193847656,435546,0,33.69447364807129,31.388243942260743,34.58552154092696,32.86537324060545,,65.20131070622016,2.130418294273852,1.6563313912051614,0.4740869030686907,40.661466009668395,33.69447364807129,26.727481286474177,2.269076930923007,55.23807789882786,63.32735645804817,4331639.0,90.83656488308506,-40.476226959318836,35.75803813471824,0.0039763289196732225,4481359872,10.320957,8.35,1.6156125,0.23
2021-05-31,37.53983930548859,37.53983930548859,35.76163714471872,36.008609771728516,87212,0,34.087160205841066,31.43072326660156,34.721053753384254,32.98863741829655,,58.658575848947336,1.97174011257016,1.719413135478161,0.2523269770919989,40.633593907679796,34.087160205841066,27.54072650400234,2.2340144473406403,32.15104319486684,50.50056309830729,4244427.0,51.82724271838048,-53.110016079225694,35.7627234244221,-0.007430001941363443,4481359872,10.320957,8.35,1.6156125,0.23
2021-06-01,36.453159544010475,36.601340852163155,34.279799774577064,35.02071762084961,127038,0,34.400815391540526,31.43763854980469,34.74959316933334,33.06832683800451,,54.156646550044385,1.7461434155804056,1.72475919149861,0.021384224081795633,40.47818578210736,34.400815391540526,28.323445000973692,2.2402663495010295,17.95666693496942,35.115262676221356,4117389.0,20.972939264232394,-62.67940978252646,35.75812258106752,-0.0197214990999912,4481359872,10.320957,8.35,1.6156125,0.23
2021-06-02,35.0701115876884,36.9471049828814,35.0701115876884,36.25558090209961,130879,0,34.80585050582886,31.51173027038574,34.893020572453935,33.19331719345922,,58.449422708318586,1.6480024085732694,1.709407834913542,-0.06140542634027257,40.206211870475215,34.80585050582886,29.405489141182503,2.2178464218246554,15.701561692502885,21.9364239407797,4248268.0,35.44729286378076,-50.71768612927358,35.76150165950961,-0.0035407071732177545,4481359872,10.320957,8.35,1.6156125,0.23
2021-06-03,36.84831409875118,37.98438965656313,36.25558131898161,36.947105407714844,181563,0,35.223234272003175,31.606567764282225,35.08864769962164,33.34052457441042,,60.67045158698324,1.6074950000147794,1.6890252679337894,-0.08153026791900997,39.87942688579613,35.223234272003175,30.567041658210222,2.1829151598702885,29.78203946568192,21.146756031051392,4429831.0,60.13711618040029,-57.49998188525908,35.77956984810907,-0.010123880268692714,4481359872,10.320957,8.35,1.6156125,0.23
2021-06-04,37.29286144514738,37.93499169266358,36.15678601292725,36.60133743286133,95671,0,35.492434120178224,31.714247703552246,35.23271338850161,33.46839958846732,,58.973019593181206,1.529856764546004,1.6571915672562323,-0.12733480271022835,39.800641642628065,35.492434120178224,31.184226597728383,2.15400733986072,47.24622224351449,30.90994113389975,4334160.0,50.60921863527857,-67.808282057015,35.78769376306841,-0.08178876150000065,4481359872,10.320957,8.35,1.6156125,0.23
2021-06-07,36.79892564677856,37.49044983545231,36.05800768073603,36.700138092041016,80251,0,35.76657400131226,31.813036842346193,35.37246812217203,33.59513443174472,,59.32322386604324,1.4594763561270057,1.617648525030387,-0.15817216890338126,39.626168020229116,35.76657400131226,31.906979982395395,2.1024669694932596,58.183935181817255,45.07073229700453,4414411.0,39.40809386586721,-66.43825777955225,35.793520217770805,-0.08618467250138569,4481359872,10.320957,8.35,1.6156125,0.23
2021-06-08,36.70013066796431,38.52772644042969,35.86042154854552,37.04589080810547,164230,0,35.998728084564206,31.922692642211913,35.53184171130855,33.73045821120984,,60.59098634345743,1.4152842145602662,1.5771756629363627,-0.16189144837609648,39.5687745004379,35.998728084564206,32.428681668690515,2.142812535378325,61.71428734916311,55.71481492483159,4578641.0,52.03443483197097,-61.64386046540582,35.810064971832716,-0.09821048253181887,4481359872,10.320957,8.35,1.6156125,0.23
2021-06-09,38.42894044602853,38.42894044602853,36.354368216517514,36.798919677734375,134390,0,36.221003437042235,32.045191078186036,35.652515803349104,33.85079003342649,,59.172336038716566,1.3448307460717004,1.5307066795634303,-0.18587593349172993,39.386126253624646,36.221003437042235,33.055880620459824,2.1379382278163743,52.5538660585622,57.4840295298475,4444251.0,47.163384917809076,-65.06849798554073,35.823795201565645,-0.11123590213822636,4481359872,10.320957,8.35,1.6156125,0.23
2021-06-10,36.601339218674944,39.21925033273723,36.601339218674944,38.47833251953125,339823,0,36.547007369995114,32.22893867492676,35.921641204890264,34.03226228778354,,65.1480567927747,1.4082767083271719,1.5062206853161786,-0.0979439769890067,39.18855773174712,36.547007369995114,33.90545700824311,2.1722220054053683,56.75642708672488,57.008193498150035,4784074.0,90.60344340212922,-41.78083589656676,35.87948898033921,-0.06889591842704601,4481359872,10.320957,8.35,1.6156125,0.23
2021-06-11,39.219254483709506,39.31804202852484,37.63862738714119,37.93499755859375,205642,0,36.771752738952635,32.41071056365967,36.1133894290525,34.1853107297761,,61.98700729278453,1.3985933860499529,1.4846952254629335,-0.08610183941298066,39.05877325856744,36.771752738952635,34.48473221933783,2.137021479403817,57.70885062616719,55.67304792381807,4578432.0,96.2253674293095,-49.315017282187455,35.91477048444849,-0.12989398674846098,4481359872,10.320957,8.35,1.6156125,0.23
2021-06-14,37.53983388927333,39.71319344708969,36.84830987971776,39.46622085571289,201483,0,36.94463329315185,32.62310691833496,36.43270670778207,34.39240524451872,,66.86628486882505,1.4972172183830068,1.4871996240469483,0.010017594336058533,39.48362253334604,36.94463329315185,34.40564405295766,2.1890116285443963,77.1770119305808,63.88076321449093,4779915.0,109.2575384619035,-28.082232919336867,35.95369183479833,-0.1377739685268547,4481359872,10.320957,8.35,1.6156125,0.23
2021-06-15,40.50351205008371,44.05991647878728,39.61440905865614,43.220211029052734,1239026,0,37.31509227752686,32.89872844696045,37.079135690760225,34.73859370665731,,75.25290504185959,1.856887901777803,1.5611372795931193,0.29575062218468373,40.991649285426604,37.31509227752686,33.63853526962711,2.3607747710108242,80.8974789833089,71.92778051335227,6018941.0,264.9063963851355,-8.585842839411749,36.45979012695046,0.028414053325650643,4481359872,10.320957,8.35,1.6156125,0.23
2021-06-16,44.356286823472416,44.356286823472416,40.60229975073945,41.44200897216797,417810,0,37.58923225402832,33.11112491607666,37.49464743184668,35.001472736677336,,66.64746407345531,1.9756691802213453,1.6440436597187644,0.3316255205025809,41.62098933422485,37.58923225402832,33.55747517383178,2.460289935419549,81.70424498668554,79.92624530019172,5601131.0,206.27683750882764,-28.921565989844932,36.608410580928584,-0.009167498103146356,4481359872,10.320957,8.35,1.6156125,0.23
2021-06-17,41.14564125007463,43.81294261234811,41.14564125007463,42.03474044799805,296077,0,37.934994316101076,33.35809757232666,37.92703724290872,35.27728715672913,,67.9625943186559,2.0935001094929433,1.7339349496736003,0.359565159819343,42.23725556976766,37.934994316101076,33.63273306243449,2.475076465909115,73.53397599536504,78.71189998845313,5897208.0,182.38213641795286,-23.039243381242393,36.71270186163614,-0.01756700356648021,4481359872,10.320957,8.35,1.6156125,0.23
2021-06-18,41.63958335037556,42.92384016241321,37.934994218438334,40.404720306396484,215690,0,38.18196697235108,33.56259090423584,38.16300705847898,35.47836296652001,,60.85597878319814,2.031930141250413,1.793533987988963,0.23839615326145025,42.455778946749085,38.18196697235108,33.90815499795307,2.6546314286280976,59.62258879490104,71.6202699256505,5681518.0,89.1015213727642,-39.215715734077456,36.76129120372792,-0.009689526857270193,4481359872,10.320957,8.35,1.6156125,0.23
2021-06-21,38.52772673483827,41.343212950367594,38.13256905579774,40.058956146240234,91417,0,38.35237808227539,33.760168952941896,38.34357363826577,35.65799407160708,,59.43621624168437,1.9329533369311278,1.8214178577773958,0.11153547915373196,42.640150436729584,38.35237808227539,34.0646057278212,2.6943466047667948,49.84140671492964,60.999323835065205,5590101.0,57.43965516786948,-46.27664854602936,36.778320539177486,-0.044113958645028976,4481359872,10.320957,8.35,1.6156125,0.23
2021-06-22,40.70108580841598,41.63958245536848,39.565010324973024,39.91077423095703,109451,0,38.475864219665525,33.9389771270752,38.4928308375697,35.82476976413061,,58.80305796886993,1.821558669798769,1.8214460201816705,0.00011264961709844812,42.79368924348324,38.475864219665525,34.158039195847806,2.6500769994545563,37.071492976161274,48.845162828663945,5480650.0,70.48952808243651,-52.325601320857054,36.80192429750615,0.010287040906915427,4481359872,10.320957,8.35,1.6156125,0.23
2021-06-23,42.47929193121137,45.887514944509206,41.59018896478472,42.03474044799805,1440588,0,38.594411087036136,34.16915565490723,38.8301555623724,36.068298026243056,,64.62070525628704,1.8829583448316853,1.8337484851116734,0.049209859720011906,43.15930755267565,38.594411087036136,34.02951462139662,2.8876958361758147,38.466280978105466,41.79306022306542,6921238.0,152.82715715298147,-38.42364226967366,37.3087278336231,-0.20374669723883507,4481359872,10.320957,8.35,1.6156125,0.23
2021-06-24,42.77566043193128,43.31899948543839,40.0589613958923,40.70109176635742,228321,0,38.71789779663086,34.41020099639893,39.008339962751926,36.249976212129894,,58.9879103683255,1.8032173595575713,1.827642260000853,-0.024424900443281716,43.369622530377406,38.71789779663086,34.06617306288431,2.9142917114165487,39.03487824775002,38.19088406733888,6692917.0,79.10597507067357,-51.72409364651505,37.35918193121762,-0.20371941402082444,4481359872,10.320957,8.35,1.6156125,0.23
2021-06-25,41.24442890377863,41.343216447643876,39.96017199101432,40.25653839111328,81327,0,38.866081619262694,34.638403701782224,39.12721600354825,36.407096297580225,,57.19812404834467,1.6847297957528866,1.7990597671512598,-0.1143299713983732,43.51560275092597,38.866081619262694,34.216560487599416,2.804916907503192,37.90800578004018,38.46972166863185,6611590.0,47.01088712259875,-56.157615482694325,37.373142447789704,-0.1744533052676906,4481359872,10.320957,8.35,1.6156125,0.23
2021-06-28,41.2444258384062,41.2444258384062,39.663802643018165,39.86137771606445,99538,0,39.05872001647949,34.866606369018555,39.19713616664503,36.54255831399137,,55.58369097864967,1.5411756700244865,1.747482947725905,-0.20630727770141855,43.53473412923943,39.05872001647949,34.58270590371955,2.717467356637824,22.28624271400264,33.07637558059758,6512052.0,33.83953929023619,-63.212466989000745,37.38864566911626,-0.17607180227144414,4481359872,10.320957,8.35,1.6156125,0.23
2021-06-29,40.4541226188673,41.29382815872812,39.76259841447995,40.00957107543945,102422,0,39.308162689208984,35.09283344268799,39.274510919863545,36.67851959875404,,56.08429898053032,1.4229629258851446,1.682578943357753,-0.2596160174726083,43.395404623270906,39.308162689208984,35.22092075514706,2.6327360986099912,12.543913041757754,24.246053845266818,6614474.0,31.346537374611753,-63.29778848269301,37.404968596543696,-0.18081375098431435,4481359872,10.320957,8.35,1.6156125,0.23
2021-06-30,39.81198299869777,42.92383931552956,39.81198299869777,42.57807540893555,261506,0,39.62428741455078,35.390188446044924,39.58913610929898,36.909874728565086,,63.71723961951393,1.5190249344208482,1.649868141570372,-0.1308432071495238,43.6962184042893,39.62428741455078,35.55235642481226,2.6669589713401196,29.99091104063945,21.60702226546658,6875980.0,75.52837080676319,-36.61206391327748,37.465457101165875,-0.14864481063941268,4481359872,10.320957,8.35,1.6156125,0.23
2021-07-01,43.86233751368131,48.110265697525854,42.77565575692843,46.776611328125,1302176,0,40.11576271057129,35.77348983764649,40.27365755871098,37.29680557560665,,72.21770101733529,1.9119023086286475,1.7022749749820272,0.20962733364662034,45.05662466899415,40.11576271057129,35.17490075214843,2.8716183511437046,56.49857743851556,33.01113384030422,8178156.0,204.15249976039817,-11.84212041830246,38.00894681690163,-0.028482692293306185,4481359872,10.320957,8.35,1.6156125,0.23
2021-07-02,46.92479457620555,49.24633553731142,45.097198821165,48.11026382446289,900313,0,40.69120903015137,36.185440101623534,41.02000101259211,37.7208627618363,,74.27908143384897,2.3043123900249256,1.822682457990607,0.4816299320343187,46.47045946864235,40.69120903015137,34.91195859166039,2.9628696629296125,84.02813950710434,56.83920932875308,9078469.0,218.0220674150126,-10.043651595527221,38.41366184322203,0.031940753822280975,4481359872,10.320957,8.35,1.6156125,0.23
2021-07-05,48.45602714674018,50.135441711465255,47.12237651009259,48.8511848449707,461293,0,41.29876136779785,36.61220878601074,41.765828044247215,38.15734598078275,,75.37234998568955,2.6446010264867326,1.9870661716898321,0.6575348547969004,47.78371070236954,41.29876136779785,34.813812033226164,2.9664550585326874,86.65796475948115,75.72822723503366,9539762.0,211.4004832475948,-10.526309524536371,38.63401003727018,0.039681544313864336,4481359872,10.320957,8.35,1.6156125,0.23
2021-07-06,48.85118444889727,49.98725622721861,44.99841011214787,45.49235534667969,415024,0,41.72108459472656,36.95599464416504,42.12073540638364,38.44499340689636,,62.41959739430247,2.6131302144323243,2.1122789802383304,0.5008512341939939,48.14300056524432,41.72108459472656,35.299168624208804,3.1109115625711192,76.92910730715755,82.53840385791432,9124738.0,137.12933263233293,-38.05668904717872,38.78886321069544,0.0016933502322637709,4481359872,10.320957,8.35,1.6156125,0.23
2021-07-07,45.887516727223506,46.97419482307028,44.94901995253582,45.14659881591797,204960,0,42.13846855163574,37.28595012664795,42.408912873958336,38.707801462152105,,61.25267443003155,2.531112616044801,2.1960457073996245,0.33506690864517674,48.30656836473496,42.13846855163574,35.97036873853652,3.033358941711358,58.285936881220586,73.95766964928639,8919778.0,93.93420265621508,-40.89065502227376,38.85269066125886,-0.008556712988017029,4481359872,10.320957,8.35,1.6156125,0.23
2021-07-08,45.640539992931345,46.43085160700962,44.50446445684798,44.80083084106445,180266,0,42.4545934677124,37.61689338684082,42.6367145851113,38.9467437907369,,60.04378019214486,2.4104265951996524,2.23892188495963,0.17150471024002245,48.486511147143176,42.4545934677124,36.42267578828162,2.9542895280292356,30.833968917548447,55.34967103530883,8739512.0,71.2123376415052,-44.44445111964014,38.90427296373443,-0.04092302160423123,4481359872,10.320957,8.35,1.6156125,0.23
2021-07-09,45.442962825671046,46.18388069782873,45.04780511978568,45.78872299194336,111075,0,42.847279739379886,37.97253395080566,42.93690586195245,39.215056700588136,,62.33124276016906,2.3672089829814027,2.2645793045639846,0.1026296784174181,48.67009309377547,42.847279739379886,37.0244663849843,2.842058122938881,20.095002564632683,36.404969454467206,8850587.0,72.38858778547745,-41.12148842928484,38.937762003365854,-0.021425215265911703,4481359872,10.320957,8.35,1.6156125,0.23
2021-07-12,48.40663724208377,50.97515118018073,46.03569840037626,50.08605194091797,863213,0,43.37827129364014,38.41115741729736,43.61777691709202,39.6413702394246,,70.29724006503363,2.6491791575664365,2.341499275164475,0.30767988240196154,49.77913061091404,43.37827129364014,36.97741197636624,3.0095131276030593,38.10991836329932,29.679629948493453,9713800.0,138.43830463505074,-7.860240857592666,39.31150164974765,0.022901178158184262,4481359872,10.320957,8.35,1.6156125,0.23
2021-07-13,50.33302118186657,50.82696642650019,48.01147627098666,48.999366760253906,247954,0,43.667229080200194,38.81619247436524,44.130309283107444,40.0083504951434,,66.46926109912992,2.753218748227475,2.423843169777075,0.3293755784504002,50.519335313278305,43.667229080200194,36.81512284712208,2.9956543438823786,59.51074224717999,39.238554391703964,9465846.0,123.58650883938047,-17.467275572276257,39.41639294766515,-0.07948510615527704,4481359872,10.320957,8.35,1.6156125,0.23
2021-07-14,49.34512878309808,50.678779384599515,48.80178978872724,49.44391632080078,158674,0,44.06732444763183,39.24197322845459,44.63636709622109,40.378372684384864,,67.25482180275066,2.8388181788092055,2.506838171583501,0.33198000722570464,51.278063439339455,44.06732444763183,36.85658545592421,2.915749719024514,77.35367354072072,58.32477805039998,9624520.0,115.19580303233839,-13.537155665827072,39.48478869252521,-0.05887212337620694,4481359872,10.320957,8.35,1.6156125,0.23
2021-07-15,48.801791998949554,52.9509290664244,48.801791998949554,51.469093322753906,520147,0,44.53904209136963,39.6993664932251,45.28710292731946,40.81330290549737,,70.6304973911986,3.035084636784781,2.612487464623757,0.42259717216102377,52.36436276325962,44.53904209136963,36.71372141947964,3.003848815342395,75.68381201374778,70.84940926721613,10144667.0,127.83890607744489,-11.152416982050637,39.73345296324976,-0.026291050052352997,4481359872,10.320957,8.35,1.6156125,0.23
2021-07-16,51.91364104567013,53.84002812684498,51.12332945989409,53.24729537963867,343412,0,45.18117084503174,40.139965591430666,46.045216494207004,41.300910453502915,,73.23914893246324,3.2961176709412356,2.7492135058872527,0.546904165053983,53.627148468432196,45.18117084503174,36.73519322163128,2.9833380904572877,83.33029983717786,78.78926179721543,10488079.0,145.50597146376094,-4.210518250257531,39.91508818216821,-0.0017863790034667057,4481359872,10.320957,8.35,1.6156125,0.23
2021-07-19,52.45698479383271,54.23519073410086,51.271519191658264,53.19790267944336,352727,0,45.838118171691896,40.579576835632324,46.72642470232475,41.76745916824568,,73.04507074074314,3.4591279789292457,2.891196400495651,0.5679315784335945,54.625290642505576,45.838118171691896,37.050945700878216,2.981933337027667,85.66279142070418,81.55896775720993,10135352.0,134.9709390405736,-7.191798618495821,40.09877125968483,0.008709407766882315,4481359872,10.320957,8.35,1.6156125,0.23
2021-07-20,53.29669433582213,53.54366696595244,51.073940664649314,51.765464782714844,217523,0,46.43085269927978,40.96682994842529,47.20633328140952,42.15953781979349,,67.46179522964827,3.4331537956602673,2.9995878795285744,0.43356591613169293,55.13769308383586,46.43085269927978,37.7240123147237,2.9453471201901995,76.76128702723679,81.9181260950396,9917829.0,107.63436948638811,-21.55171179551133,40.20278724232355,0.005920569358909509,4481359872,10.320957,8.35,1.6156125,0.23
2021-07-22,52.012433987259605,54.67973520219352,52.012433987259605,53.34608459472656,351132,0,46.99641990661621,41.38668338775635,47.791071501725426,42.5982259286144,,70.1711790591125,3.4997687220269853,3.0996240480282564,0.4001446739987289,55.95345793637047,46.99641990661621,38.03938187686195,2.943127355853662,71.72990455533888,78.05132766775994,10268961.0,116.4025718488908,-13.106782520524153,40.38372234705774,0.16112585046667538,4481359872,10.320957,8.35,1.6156125,0.23
2021-07-23,54.23519073410086,54.38337205012105,52.45698479383271,53.19790267944336,238129,0,47.621260452270505,41.81147636413574,48.30600780436523,43.013899526686124,,69.586183685344,3.5002557198469546,3.179750382391996,0.32050533745495846,56.477460194491734,47.621260452270505,38.765060710049276,2.8705030630275674,63.58685019728332,70.69268059328631,10030832.0,105.80039319140796,-14.563077089894563,40.50361949148765,0.17216658677211288,4481359872,10.320957,8.35,1.6156125,0.23
2021-07-26,52.85213683761606,54.08699984784073,52.65455800227954,52.75334930419922,89599,0,48.246100997924806,42.19774154663086,48.72956413768275,43.39583873364742,,67.76108070995328,3.425285369460255,3.228857379805648,0.19642798965460706,56.68946596891489,48.246100997924806,39.802736026934724,2.7677844046371116,60.93011217927145,65.41562231063119,9941233.0,94.4462091609944,-18.9320357777751,40.54753183833885,0.16782870242273498,4481359872,10.320957,8.35,1.6156125,0.23
2021-07-27,52.65455884876212,61.49617889781057,52.4569800102493,60.01434326171875,1180682,0,49.25374927520752,42.67785621643066,49.80430500663856,44.04754479357179,,77.93879782001278,3.9067379135524547,3.364433486555009,0.5423044269974455,58.24633400506671,49.25374927520752,40.26116454534833,3.2157425819888372,63.75379617969113,62.75691951874861,11121915.0,171.65825908873643,-8.720930670300717,41.30981380215511,0.24860519467825115,4481359872,10.320957,8.35,1.6156125,0.23
2021-07-28,61.64436987601511,63.22499319857827,59.22403735143139,62.582862854003906,691490,0,50.38241386413574,43.213292846679686,51.021310515911445,44.77442001162795,,80.30716791717614,4.444319242769353,3.580410637797878,0.863908604971475,60.08875883780988,50.38241386413574,40.67606889046161,3.2718292437858403,75.54345688329168,66.74245508075138,11813405.0,208.6003584782323,-3.430086582666742,41.81813969446575,0.2917747264257936,4481359872,10.320957,8.35,1.6156125,0.23
2021-07-29,62.978014167086535,67.02836337474507,61.34799346947844,61.9901237487793,815345,0,51.35301628112793,43.7339111328125,52.06595939523219,45.44954564837899,,78.22025183892812,4.767569651935396,3.8178424406253817,0.9497272113100146,61.61026262452019,51.35301628112793,41.09576993773567,3.4438678624630397,81.82627878810702,73.70784395036326,10998060.0,206.45038424657534,-22.921345161144913,42.43668075963707,0.1885107257299372,4481359872,10.320957,8.35,1.6156125,0.23
2021-07-30,61.99012672087275,63.42256488129366,61.249208871619295,61.49618148803711,94699,0,52.08899478912353,44.26144477844238,52.964075785023134,46.07882548522832,,76.43764623272286,4.927094440004161,4.039692840501138,0.8874015995030238,63.017512928206486,52.08899478912353,41.16047665004058,3.353117015835277,73.91026058754514,77.09333208631459,10903361.0,158.18169421777978,-26.35292800348374,42.50160582647748,0.12965064351960587,4481359872,10.320957,8.35,1.6156125,0.23
2021-08-02,62.13830705408831,62.13830705408831,57.100063802714715,57.791587829589844,293882,0,52.57306098937988,44.70797119140625,53.42383883688663,46.53814949873269,,64.55495717751555,4.700405883087839,4.171835449018478,0.5285704340693611,63.6108633897921,52.57306098937988,41.535258588967665,3.4734831755165856,54.6892779215216,70.1419390990579,10609479.0,98.17669331361097,-48.57143808425783,42.6694180335363,0.06045721657884476,4481359872,10.320957,8.35,1.6156125,0.23
2021-08-03,58.03856338163541,59.96495049438603,54.8773132182117,55.51944351196289,261707,0,52.90647392272949,45.08534538269043,53.62342023451294,46.89035710709466,,58.54367109778703,4.287981331583872,4.195064625531557,0.09291670605231506,63.87707949767662,52.90647392272949,41.93586834778236,3.588779896992139,34.642887188637026,54.41414189923455,10347772.0,57.42062703473381,-63.14362822209782,42.79607098203234,0.02748419313111594,4481359872,10.320957,8.35,1.6156125,0.23
2021-08-04,56.85309910386133,57.84098963136024,55.22308199459012,55.470054626464844,123771,0,53.40535888671875,45.44592544555664,53.7992901766036,47.22681583334447,,58.41633541966357,3.9120509447352347,4.138461889372293,-0.2264109446370579,63.878142671598866,53.40535888671875,42.93257510183864,3.519431878404852,15.590947319669825,34.974370809942776,10224001.0,41.67642066027786,-63.414607772196824,42.85260796925831,0.060238312229615974,4481359872,10.320957,8.35,1.6156125,0.23
2021-08-05,56.3097561636114,57.39643416112198,54.48216032184276,56.35914993286133,123140,0,53.96598644256592,45.77983238220215,54.04308634386624,47.584946582345125,,60.09885187526436,3.643861794925499,4.039541870482934,-0.39568007555743456,63.79072765578829,53.96598644256592,44.14124522934355,3.4762063041815923,10.385711392886604,20.20651530039778,10347141.0,33.2286921862696,-66.87307736388605,42.90797110850975,0.08853278496824361,4481359872,10.320957,8.35,1.6156125,0.23
2021-08-06,57.840986850788255,61.1504222199181,57.34704161078408,59.32282257080078,211548,0,54.69208602905273,46.20166168212891,54.545918365479054,48.045255444637505,,65.15931070890993,3.6286349302101897,3.957360482428385,-0.3287255522181951,63.82202473037014,54.69208602905273,45.562147327735325,3.5701395886726766,29.699465682940183,18.558708131832166,10558689.0,75.84997914282943,-48.297208516785254,43.024812662017894,0.10640314385321736,4481359872,10.320957,8.35,1.6156125,0.23
2021-08-09,60.557688034435806,60.95284574926377,57.7915953361498,59.56979751586914,167149,0,55.38113975524902,46.647200393676755,55.024383046468586,48.49719827096031,,65.55139861653527,3.59505479045054,3.884899344032816,-0.289844553582276,63.76928852211542,55.38113975524902,46.99299098838263,3.5409332189899123,53.50552997982229,31.196902351882994,10725838.0,70.98191172651859,-46.74920549871255,43.11688221638638,0.10383325685982162,4481359872,10.320957,8.35,1.6156125,0.23
2021-08-10,59.569791450737114,59.569791450737114,54.037606617427635,56.11217498779297,165432,0,55.68244590759277,47.049271697998044,55.12798227897567,48.79582480887532,,56.04262432224284,3.2519545386504305,3.758310382956339,-0.5063558443059084,63.71346014337088,55.68244590759277,47.65143167181466,3.6831659103793117,56.229585705629205,46.47819378946386,10560406.0,14.74927889002102,-72.69738758927464,43.191176984009026,0.02541100101209442,4481359872,10.320957,8.35,1.6156125,0.23
2021-08-11,54.67973454725092,55.963995138766,48.99936449640631,52.308799743652344,325762,0,55.847917556762695,47.3950333404541,54.85948870418297,48.93358853180775,,47.82455510623036,2.6426813357000896,3.535184573505089,-0.8925032378049993,63.44602616999855,55.847917556762695,48.249808943526844,3.928140523308408,44.23290239080915,51.32267269208685,10234644.0,-71.70254223377945,-81.64382132597383,43.29047806774139,0.03370747206874168,4481359872,10.320957,8.35,1.6156125,0.23
2021-08-12,51.37030673567172,54.72913599117463,51.37030673567172,53.19790267944336,143348,0,56.035616874694824,47.733879776000975,54.701242416112535,49.10081653759738,,49.68210854703478,2.2061400993696196,3.269375678677995,-1.0632355793083752,63.162509589383504,56.035616874694824,48.908724160006145,3.8874754327508727,30.318422535121883,43.593636877186704,10377992.0,-65.1827852590796,-76.71230548424153,43.336680658203626,0.043136190685339144,4481359872,10.320957,8.35,1.6156125,0.23
2021-08-13,52.950924779239934,54.77852430956341,51.27151408718981,52.55577087402344,163328,0,56.089950752258304,48.046053085327145,54.496911793056434,49.23630494294742,,48.343450594479556,1.7877552248963582,2.9730515879216677,-1.1852963630253095,63.092238182324905,56.089950752258304,49.0876633221917,3.860299346295353,30.51356549150265,35.02163013914452,10214664.0,-74.07816409330233,-80.273966393719,43.387564813171636,0.01529006011637793,4481359872,10.320957,8.35,1.6156125,0.23
2021-08-16,51.07393832517316,53.938818442355064,51.07393832517316,53.29669189453125,46844,0,56.09242057800293,48.379960174560544,54.38260513605403,49.39553580379385,,50.01694706282116,1.4986923394105673,2.6781797382194474,-1.17948739880888,63.09072937005204,56.09242057800293,49.09411178595382,3.7891979727872496,34.98638783710506,31.93945862124316,10261508.0,-76.33117388100436,-76.16435927960461,43.40190774830226,-0.011649666126502912,4481359872,10.320957,8.35,1.6156125,0.23
2021-08-17,53.741244969311715,53.741244969311715,51.07393985261184,51.27151870727539,83379,0,55.99610137939453,48.67138778686523,54.086311190456065,49.469103760793125,,45.662490720952334,1.093587176705718,2.3612612259167016,-1.2676740492109837,63.20108497363054,55.99610137939453,48.79111778515852,3.7090627687810085,34.34349664825876,33.28114999228878,10178129.0,-90.543792383932,-87.39722473664914,43.42531837396846,-0.04274592740105175,4481359872,10.320957,8.35,1.6156125,0.23
2021-08-18,52.654565522913515,54.13640134683324,50.57999687682725,51.51849365234375,173995,0,55.98375282287598,48.96083984375,53.841757139207274,49.549471991834324,,46.27675381041374,0.7834362650568849,2.045696233744738,-1.2622599686878533,63.21848264745494,55.98375282287598,48.749022998297015,3.698158604582793,31.87714432345098,33.73567626960489,10352124.0,-89.34884964643797,-82.53418735985261,43.474042817301026,-0.04071173254061515,4481359872,10.320957,8.35,1.6156125,0.23
2021-08-20,51.765464508431954,51.765464508431954,48.604214105813405,49.295738220214844,128590,0,55.78123550415039,49.21077621459961,53.40880295644609,49.53952164784925,,41.70705398882929,0.35419866430684266,1.7073967198571591,-1.3531980555503165,63.50986485907762,55.78123550415039,48.05260614922316,3.659808018728204,22.05906966244241,29.426570211384004,10223534.0,-125.88355954936154,-94.89050269534626,43.500625948111306,-0.05545178423002351,4481359872,10.320957,8.35,1.6156125,0.23
2021-08-23,49.39452536676725,51.1233337546041,46.480247616427334,48.60421371459961,64364,0,55.551551055908206,49.41329383850098,52.951223028651185,49.50284290536887,,40.37138449424587,-0.04129940127923959,1.3576574956298795,-1.398956896909119,63.82729262870267,55.551551055908206,47.27580948311374,3.7300421701173865,20.43165586427485,24.789289950056034,10159170.0,-134.33832021505535,-85.52187580871139,43.51146337111605,-0.048002423484182204,4481359872,10.320957,8.35,1.6156125,0.23
2021-08-24,47.61632351313855,51.12333408300646,47.61632351313855,50.184837341308594,79157,0,55.423125457763675,49.65829063415527,52.68775772509475,49.52958778520964,,44.72847441485266,-0.22460227559036383,1.0412055413858308,-1.2658078169761946,63.94464308391947,55.423125457763675,46.901607831607876,3.714111341528138,29.109685172024083,23.86680356624707,10238327.0,-107.73133511816349,-74.74747353041215,43.527029799863975,-0.026732567575504174,4481359872,10.320957,8.35,1.6156125,0.23
2021-08-25,50.382416546583784,52.30880381530088,50.086050144128066,51.765464782714844,82010,0,55.010681533813475,49.904275512695314,52.59992030201095,49.6172692360922,,48.760578603347646,-0.23956613021664452,0.7850512070653357,-1.0246173372819802,63.40089385707215,55.010681533813475,46.6204692105548,3.607585793645615,48.387103066314914,32.64281470087124,10320337.0,-68.5249402773613,-63.97304524903273,43.54765369979106,-0.21098317214664686,4481359872,10.320957,8.35,1.6156125,0.23
2021-08-26,51.51848776265489,55.223076898938714,51.51848776265489,54.28458023071289,199901,0,54.595767402648924,50.12556289672852,52.76036410474447,49.80030103980281,,54.46228401255423,-0.047604771120958844,0.6185200114280768,-0.6661247825490356,62.234151165965976,54.595767402648924,46.95738363933187,3.6145146038340585,68.89496304417793,48.797250427505595,10520238.0,-22.80036097138368,-46.801365183284744,43.612019282605964,-0.33764036154109484,4481359872,10.320957,8.35,1.6156125,0.23
2021-08-27,54.3339804897689,55.865210095325345,53.79064143857189,55.22308349609375,121551,0,54.25741539001465,50.40118438720703,52.994908808682496,50.01295917534363,,56.40843023090012,0.1782011669601289,0.5304562425344872,-0.3522550755743583,61.11528547622928,54.25741539001465,47.39954530380002,3.504518464756873,83.81857437243514,67.03354682764261,10641789.0,11.256587976205136,-39.59041908425508,43.65570255727774,-0.1925445949167066,4481359872,10.320957,8.35,1.6156125,0.23
2021-08-30,60.26131927688862,61.249209756837615,58.483117166681055,60.2119255065918,969486,0,54.193202590942384,50.76472808837891,53.6822437322929,50.41291863931415,,64.97696632165497,0.7510541715139851,0.5745758283303868,0.17647834318359834,60.79813863956898,54.193202590942384,47.588266542315786,3.6846333073273727,91.60491858946507,81.43948533535934,11611275.0,128.775084310304,-7.023406522301524,44.142033037851625,-0.06934158395249174,4481359872,10.320957,8.35,1.6156125,0.23
2021-08-31,60.656477031620604,60.656477031620604,57.396435430011536,58.43372344970703,164960,0,54.22530937194824,51.125308151245115,54.13476561014187,50.7274600044276,,60.41829161163985,1.0494607298429912,0.6695528086329077,0.37990792121008354,60.90571242793834,54.22530937194824,47.544906315958144,3.654305328347494,86.77599922786904,87.39983072992304,11446315.0,103.00680749491039,-19.063535273253603,44.2161007907405,-0.03136645092591815,4481359872,10.320957,8.35,1.6156125,0.23
2021-09-01,59.17464285351061,59.22403662514061,56.60612527521529,57.29764938354492,94646,0,54.31421966552735,51.47008201599121,54.43599263618025,50.98511448988318,,57.6361186804947,1.180668384454286,0.7717759237971833,0.4088924606571027,61.10752981774066,54.31421966552735,47.52090951331403,3.580277187031624,75.52031975923144,84.63374585885514,11351669.0,74.98077430416117,-26.755843340410376,44.25503070234808,0.00876185095625201,4481359872,10.320957,8.35,1.6156125,0.23
2021-09-02,57.05067862778195,58.28554180154346,56.55673335827734,57.74220275878906,94109,0,54.42782707214356,51.826710586547854,54.750869790714425,51.25009834356577,,58.442548422523366,1.3054744413976636,0.8785156273172794,0.42695881408038416,61.36904158971643,54.42782707214356,47.486612554570684,3.4480294196198025,62.38326975819254,74.89319624843095,11445778.0,67.68168082857719,-23.74579178081046,44.29299955897599,0.04640937812133291,4481359872,10.320957,8.35,1.6156125,0.23
2021-09-03,57.74219706782325,61.24920738196073,57.149460541734754,59.96495056152344,196873,0,54.60811710357666,52.18531478881836,55.24744891174385,51.59185725407391,,62.30614934027546,1.5656929780654707,1.0159510974669177,0.549741880598553,61.9181367140901,54.60811710357666,47.29809749306322,3.4945806639488146,61.66752210718523,66.52370387486968,11642651.0,100.17723749972326,-8.695663128556854,44.38319017503703,0.055828321438661545,4481359872,10.320957,8.35,1.6156125,0.23
2021-09-06,60.755265198979565,60.755265198979565,58.087960119470075,58.581905364990234,88539,0,54.571071243286134,52.54293106079101,55.56501619300541,51.86597678783533,,58.65223164515394,1.6413968531892777,1.1410402486113898,0.500356604577888,61.79211038068234,54.571071243286134,47.35003210588993,3.435489550774577,56.25651928682549,60.10243705073436,11554112.0,94.04687479765248,-18.060201972819762,44.4225677531474,0.03975328611148973,4481359872,10.320957,8.35,1.6156125,0.23
2021-09-07,57.79159186755266,59.717979016838356,54.82792048972944,57.248252868652344,155875,0,54.45499401092529,52.8827653503418,55.72532444782893,52.07704643806345,,55.28534228955767,1.575615395493628,1.2279552779878373,0.34766011750579073,61.42101999061531,54.45499401092529,47.488968031235274,3.5393873347984584,51.160575053750385,56.36153881592031,11398237.0,59.56054590527934,-27.09030499332112,44.482609115818974,0.033536779522231074,4481359872,10.320957,8.35,1.6156125,0.23
2021-09-08,58.137357311365236,59.6191931351231,56.90249412490036,57.890384674072266,107951,0,54.54390449523926,53.243345489501955,55.931520659852104,52.30502048653438,,56.57781724661155,1.5573456749907209,1.293833357388414,0.26351231760230687,61.63650836804221,54.54390449523926,47.451300622436314,3.4806238830430503,42.84752459891237,50.088206313162694,11506188.0,74.61130324101747,-22.742458480376616,44.5266790885621,0.037509784167538626,4481359872,10.320957,8.35,1.6156125,0.23
2021-09-09,58.63129403943766,59.026451708906784,57.10006466512474,58.2855339050293,61076,0,54.84274120330811,53.60886474609375,56.155712397488024,52.53955042451457,,57.39395799244018,1.5568061383198852,1.3464279135747081,0.2103782247451771,62.03639365961083,54.84274120330811,47.649088747005386,3.3696069659529786,46.41027117363876,46.806123608767116,11567264.0,67.13961229194061,-20.066920231985833,44.5514870019237,0.04999286596891953,4481359872,10.320957,8.35,1.6156125,0.23
2021-09-13,59.375915812123765,60.36716646821049,57.98816338107387,59.67329025268555,192351,0,55.166510581970215,53.95076904296875,56.49071981226874,52.8193049275801,,60.22167939084936,1.6493462539797576,1.407011581655718,0.2423346723240396,62.61332676673021,55.166510581970215,47.71969439721022,3.2988495460375247,61.09484360429238,50.11754645894778,11759615.0,82.27809350499894,-11.55969085328822,44.63590938185444,0.06989147191757204,4481359872,10.320957,8.35,1.6156125,0.23
2021-09-14,59.475038428901634,61.16016527398473,58.73160044854036,60.020225524902344,94893,0,55.53973331451416,54.2156413269043,56.826863213471945,53.101693970612345,,60.91997636728412,1.7307289731040214,1.4717550599453788,0.2589739131586426,63.1716667420391,55.53973331451416,47.90779988698922,3.2366863517094417,72.53000454289445,60.011706440275134,11854508.0,85.42098542429419,-11.009286569154138,44.678966417989386,0.08685738258413311,4481359872,10.320957,8.35,1.6156125,0.23
2021-09-15,62.34966755849264,64.0347906427861,59.97066447982246,60.76366424560547,497381,0,55.91308193206787,54.46870933532715,57.20179664510371,53.402163393161096,,62.44151568683593,1.8340726085639787,1.5442185696690989,0.2898540388948798,63.79600619870051,55.91308193206787,48.030157665435226,3.2957891953704563,72.62677401375856,68.75054072031507,12351889.0,105.7625491148063,-26.134925213205968,44.924233890107395,-0.014005373602175073,4481359872,10.320957,8.35,1.6156125,0.23
2021-09-16,60.71410172950375,61.953165030105865,59.07853666018051,60.020225524902344,100057,0,56.35051727294922,54.69209014892578,57.470218443179775,53.66169524146468,,59.92877070226057,1.83483307904131,1.6023414715435411,0.23249160749776898,64.12483397270752,56.35051727294922,48.57620057319092,3.265706279267235,59.41450848578876,68.1904290141472,12251832.0,76.83128663350696,-39.188858321511546,44.969112063718406,-0.0039835488923161255,4481359872,10.320957,8.35,1.6156125,0.23
2021-09-17,59.475035678070526,61.35841332040446,57.98815978611876,58.582908630371094,128201,0,56.70373802185058,54.95390121459961,57.576188937198,53.85468400181395,,55.29580386706083,1.6998613525975088,1.6218454477543347,0.07801590484317411,64.20493554883556,56.70373802185058,49.2025404948656,3.2731739403399827,35.36056839975249,55.80061696643321,12123631.0,52.92507191681029,-59.215367674160134,45.022368154189465,-0.004251898187748485,4481359872,10.320957,8.35,1.6156125,0.23
2021-09-20,58.830724983775994,60.36716652727054,57.09603633392709,58.434226989746094,132153,0,57.160662460327146,55.21965377807617,57.65790684696448,54.03427392290933,,54.82365246303896,1.5628819904324516,1.610052756289958,-0.04717076585750646,63.873044360244016,57.160662460327146,50.448280560410275,3.2730279584116593,23.743677092483427,39.50625132600816,11991478.0,34.93702938815439,-60.83026652852964,45.07427042022739,0.009075584537301323,4481359872,10.320957,8.35,1.6156125,0.23
2021-09-21,57.69079448769731,59.47504508395155,57.09604176806488,58.97941970825195,130447,0,57.679422760009764,55.503225555419924,57.78376521470614,54.228201208609036,,56.297238097684435,1.481242513398385,1.5842907077116435,-0.1030481943132584,63.156523665958645,57.679422760009764,52.202321854060884,3.20916905537416,18.75491523339438,25.95305357521004,12121925.0,25.876344409451715,-54.90868069705295,45.12468222136933,0.031009639732541967,4481359872,10.320957,8.35,1.6156125,0.23
2021-09-22,58.97941494333916,59.821976501429795,58.97941494333916,59.326351165771484,55391,0,58.13649845123291,55.77397811889649,57.93067816242665,54.428128657909525,,57.252781550503094,1.4280751475083164,1.5530475956709782,-0.12497244816266173,62.43436700425045,58.13649845123291,53.83862989821537,3.0401256627110516,30.782363060015665,24.4269851286311,12177316.0,48.88137310627554,-51.14050050387025,45.14733995988375,0.01851478571599213,4481359872,10.320957,8.35,1.6156125,0.23
2021-09-23,59.227223029411896,60.2184736240464,58.533346856903556,58.582908630371094,65605,0,58.47737064361572,55.94391525268555,57.992795349849935,54.59106120584919,,54.50268547406889,1.310839485966973,1.5046059737301771,-0.19376648776320415,61.62836113890262,58.47737064361572,55.32638014832882,2.943340027313323,35.98166087791372,28.50631305710786,12111711.0,29.950876922211833,-59.215367674160134,45.173585894847676,-0.009791393739884717,4481359872,10.320957,8.35,1.6156125,0.23
2021-09-24,58.5829138311567,59.77241540658208,57.641228707711164,58.68204116821289,92224,0,58.69724369049072,56.13756874084473,58.058437808741644,54.751491792608554,,54.81436278559205,1.2119578511858649,1.4460763492213147,-0.23411849803544982,61.19280859444328,58.69724369049072,56.20167878653817,2.8853290752817218,43.095646984093484,36.61989030734089,12203935.0,-7.164773527668139,-58.138644138433015,45.20922628308664,-0.038522602510408226,4481359872,10.320957,8.35,1.6156125,0.23
2021-09-27,58.53334795135655,59.57416033891965,57.889037321589406,58.38466262817383,66804,0,58.855322647094724,56.31638366699219,58.089506839163754,54.89396908027778,,53.62754131130436,1.0969524948022737,1.3762515783375064,-0.2792990835352327,60.787542079922005,58.855322647094724,56.92310321426744,2.79960007114233,41.5461146073871,40.207807489798036,12137131.0,-31.618209122295678,-61.36860757981307,45.2347685248882,-0.06028280033412003,4481359872,10.320957,8.35,1.6156125,0.23
2021-09-28,57.83947726970442,58.97941709585024,56.64997944576957,57.5421028137207,69524,0,58.721831512451175,56.437843856811526,58.037373122454895,54.99781746198142,,50.30422780254621,0.9271349512427705,1.2864282529185593,-0.3592933016757889,60.629455009620536,58.721831512451175,56.814208015281814,2.7660170410664975,38.25156587615013,40.96444248921017,12067607.0,-98.14921572951654,-87.91948305582203,45.25948224879529,-0.18113582617287283,4481359872,10.320957,8.35,1.6156125,0.23
2021-09-29,55.90653834834749,57.83947409686941,55.90653834834749,56.897789001464844,32782,0,58.64503479003906,56.51085372924805,57.92884130140823,55.0723261498043,,47.861628218613475,0.7321231249550308,1.1755672273258537,-0.4434441023708229,60.71004360984463,58.64503479003906,56.58002597023349,2.7065112344561704,29.75277036186782,36.51681694846828,12034825.0,-145.49748858142382,-87.80487345606173,45.27031594800785,-0.16612342752616993,4481359872,10.320957,8.35,1.6156125,0.23
2021-09-30,56.897787610000535,57.98816178923551,56.35259673906198,56.79866027832031,33815,0,58.62008533477783,56.582868881225586,57.82120501349509,55.14002552739316,,47.479646984617645,0.5630850936815364,1.0530708005969902,-0.48998570691545384,60.76029602659763,58.62008533477783,56.47987464295804,2.630015078435982,23.68845306003345,30.5642630993504,12001010.0,-125.9263801938729,-89.02443111192282,45.281628590744674,-0.15812342278286642,4481359872,10.320957,8.35,1.6156125,0.23
2021-10-01,56.40216501642413,58.92985348572989,56.1543523472506,56.99691390991211,46775,0,58.582820892333984,56.68749786376953,57.74270109886814,55.21284467964881,,48.36718443816153,0.4400460700622588,0.9304658544900439,-0.4904197844277851,60.807174457339606,58.582820892333984,56.35846732732836,2.640406939867647,25.26504452167421,26.235422647858424,12047785.0,-101.13234696732452,-86.58536273153504,45.29765772165341,-0.1840164544588103,4481359872,10.320957,8.35,1.6156125,0.23
2021-10-04,56.99691461391203,58.483790647318436,56.99691461391203,57.740352630615234,43612,0,58.471590995788574,56.77538322448731,57.742477435225005,55.31196263851024,,51.665733112902345,0.39793885753843483,0.8239604550997222,-0.4260215975612873,60.62986681053541,58.471590995788574,56.31331518104174,2.5580119254061238,37.494668462764444,28.816055348157295,12091397.0,-66.71108778716784,-77.43900883191768,45.313034232822154,-0.23035468354746844,4481359872,10.320957,8.35,1.6156125,0.23
2021-10-05,58.186411749275855,59.673287669029136,57.49253556379346,58.38466262817383,63184,0,58.46172885894775,56.87911842346191,57.80363792979156,55.43246067732058,,54.385515972932055,0.4118119089841201,0.7415307458766017,-0.3297188368924816,60.61970080078547,58.46172885894775,56.30375691711003,2.5310647953939487,51.732213480363704,38.163975488267376,12154581.0,-7.495358869156551,-59.01641675179964,45.33663175297748,-0.21265126155867484,4481359872,10.320957,8.35,1.6156125,0.23
2021-10-06,58.483784752439405,59.425473568276765,56.104781826252484,57.046470642089844,55167,0,58.45163974761963,56.964980850219725,57.731526759534255,55.4957551857429,,48.305758683487625,0.3112377377626814,0.6554721442538176,-0.34423440649113624,60.63396009746755,58.45163974761963,56.26931939777171,2.587466720153258,50.618584520355306,46.61515548782774,12099414.0,-84.38398259304567,-79.09100447855167,45.355621919815576,-0.2337779699934868,4481359872,10.320957,8.35,1.6156125,0.23
2021-10-07,58.92984937331923,59.276785573422785,57.740347888031216,58.087284088134766,74925,0,58.46148471832275,56.926439666748045,57.76540840987716,55.59738377015042,,52.73176032519275,0.3119212946068757,0.5867619743244292,-0.27484067971755355,60.63534855338067,58.46148471832275,56.28762088326483,2.561955878094664,49.244625654475236,50.53180788506467,12174339.0,-21.07546584869428,-51.11124145940846,45.383097914982855,-0.24328883100599952,4481359872,10.320957,8.35,1.6156125,0.23
2021-10-08,57.591664592831094,58.4342299629932,57.34385191595778,57.5421028137207,28734,0,58.424313163757326,56.82562446594238,57.744141210243214,55.67364726205514,,50.302299165139765,0.26541194210012975,0.5224919678795693,-0.25708002577943956,60.63406834364872,58.424313163757326,56.21455798386593,2.456843175876146,40.74078673586791,46.86799897023275,12145605.0,-64.48357295025743,-62.06890037077126,45.39312308227198,-0.2633725035660375,4481359872,10.320957,8.35,1.6156125,0.23
2021-10-11,57.93860166956223,62.002727851550816,57.393414564366864,61.061038970947266,283147,0,58.49370059967041,56.80704277038574,58.06003623507217,55.88491752514895,,62.35743357304856,0.5066612090362739,0.5193258161109102,-0.012664607074636347,60.93137066199091,58.49370059967041,56.05603053734991,2.6105910409695605,59.955696922721806,49.98036977102158,12428752.0,107.28320595060828,-15.447172042613287,45.50986901442574,-0.2102799730775444,4481359872,10.320957,8.35,1.6156125,0.23
2021-10-12,60.86279087710087,61.06103798026734,58.53334960168369,58.78116226196289,80603,0,58.43174743652344,56.75274238586426,58.128714904299855,55.998495750122046,,53.331285227803704,0.5080297438503294,0.517066601658794,-0.009036857808464638,60.772122134520885,58.43174743652344,56.09137273852599,2.604669492990562,56.56324687355755,52.41991017738235,12348149.0,61.176702220459596,-52.845561770924434,45.54120702253145,-0.24566184017478068,4481359872,10.320957,8.35,1.6156125,0.23
2021-10-13,58.53335492623062,59.227231194395785,57.49254241464361,57.641231536865234,98122,0,58.27562580108643,56.749735260009764,58.08228791692513,56.06291676136688,,49.47514275677792,0.4123778002484144,0.4961288413767181,-0.08375104112830367,60.377356931237365,58.27562580108643,56.17389467093549,2.5425280134735346,45.264955857751566,53.927966551343566,12250027.0,-30.0010213136019,-71.54463148486072,45.57551687437007,-0.17196906757024927,4481359872,10.320957,8.35,1.6156125,0.23
2021-10-14,58.23597852399928,58.880292990410354,56.203915348787824,58.33510208129883,109652,0,58.19136962890625,56.80604843139648,58.10636545638929,56.152022068030874,,51.76152715043999,0.3880888531048825,0.474520843722351,-0.08643199061746848,60.13581278301447,58.19136962890625,56.24692647479803,2.552088701198463,29.50445931883836,43.777554016715754,12359679.0,-50.128657405053175,-60.162594491604686,45.61268373398056,-0.1121588243318949,4481359872,10.320957,8.35,1.6156125,0.23
2021-10-18,59.47503880400379,61.20972743578723,57.542099286609435,57.839473724365234,56888,0,58.15419788360596,56.85343681335449,58.080947196196526,56.21819664278908,,50.02031010585032,0.32509908139254406,0.4446364912563896,-0.11953740986384553,60.09570189147056,58.15419788360596,56.21269387574136,2.631770090339844,23.78008573078208,32.849833635790596,12302791.0,53.445782706842955,-68.29272818697552,45.63354151445552,-0.0953070261883662,4481359872,10.320957,8.35,1.6156125,0.23
2021-10-19,57.195160503818826,58.6820364071348,55.80740814819553,56.550846099853516,52785,0,58.060028839111325,56.85727073669434,57.935223282259095,56.231241719536705,,45.714491805697996,0.16924678215382016,0.3895585494358757,-0.22031176728205554,60.117316059027274,58.060028839111325,56.002741619195376,2.6491171023826605,26.23954650862845,26.508030519416224,12250006.0,-110.76157401176278,-88.00000666220092,45.65013779465692,-0.10116282630446741,4481359872,10.320957,8.35,1.6156125,0.23
2021-10-20,55.8569729703988,57.39341451273235,53.378846329630065,55.807411193847656,77840,0,57.901428413391116,56.78696250915527,57.732574511934196,56.21462091460772,,43.39369993012195,-0.014093806984149637,0.30882807815187063,-0.32292188513602027,60.13248548620928,57.901428413391116,55.67037134057295,2.7466493224340622,24.326393421036567,24.782008553482296,12172166.0,-201.95707024531143,-71.8390743420523,45.67133270449163,-0.14491125392209125,4481359872,10.320957,8.35,1.6156125,0.23
2021-10-21,56.99690794048237,58.28553292895955,55.51003208116545,56.15434646606445,80644,0,57.74282817840576,56.71865348815918,57.58226707899422,56.21225721074328,,44.8020019967861,-0.12990035730589966,0.22108239106031657,-0.35098274836621624,59.99701930164896,57.74282817840576,55.488637055162556,2.748710145674065,26.739045092275926,25.768328340646914,12252810.0,-103.27748675973032,-67.81611471146213,45.69568754170873,-0.16458799365852464,4481359872,10.320957,8.35,1.6156125,0.23
2021-10-22,57.83947415242115,57.83947415242115,54.8161604137737,55.65872573852539,39002,0,57.596619033813475,56.70958450317383,57.39907266561624,56.19055009418572,42.439707622528076,43.150414056323214,-0.2586883353126055,0.12512824578573217,-0.38381658109833766,59.98898579647467,57.596619033813475,55.20425227115228,2.768324688029306,31.85654465567497,27.640661056329083,12213808.0,-133.93467558883032,-73.56318725970229,45.70684329864753,-0.13760406842109132,4481359872,10.320957,8.35,1.6156125,0.23
2021-10-25,55.16309721359138,56.253471357328394,53.52753221666491,55.014408111572266,29497,0,57.41323738098144,56.76369667053223,57.17196175570729,56.14442687918127,42.564829020429016,41.03268936753863,-0.4080411392022967,0.01849436878812641,-0.42653550799042306,59.999129453772824,57.41323738098144,54.82734530819006,2.7652971489317477,31.799354231995938,30.13164799331554,12184311.0,-189.05121679848193,-81.03450542792335,45.71431448402431,-0.14027721619486766,4481359872,10.320957,8.35,1.6156125,0.23
2021-10-26,56.25347461843857,56.69953816903403,54.61790952669559,55.65872573852539,39441,0,57.276940536499026,56.81291313171387,57.0278440397852,56.125379775626136,42.695116549962314,43.99283323700719,-0.4690068456358176,-0.0790058740966624,-0.39000097153915525,59.930138476982385,57.276940536499026,54.62374259601567,2.7164636841750824,35.47326515480149,33.04305468082406,12223752.0,-120.43923635810869,-73.56318725970229,45.72507180266777,-0.1233239436001188,4481359872,10.320957,8.35,1.6156125,0.23
2021-10-27,56.451725632976,56.84822362670629,54.76659876098903,55.807411193847656,42796,0,57.19020595550537,56.87794593811035,56.9116123401721,56.11291041947796,42.82558714343381,44.68293601767262,-0.49956624488839196,-0.16311794825500833,-0.3364482966333836,59.915496555121784,57.19020595550537,54.464915355888955,2.6711180542852384,41.740860298916836,36.337826561904684,12266548.0,-97.31677432341255,-71.8390743420523,45.73689220137629,-0.11384872180462696,4481359872,10.320957,8.35,1.6156125,0.23
2021-10-28,55.11352806151584,55.80740419011506,53.924030448283666,54.072715759277344,19735,0,57.048952293396,56.89346641540527,56.64124123722974,56.032902785744604,42.93749887095464,38.69276321260577,-0.6561959941273443,-0.2617335574294755,-0.3944624366978688,60.09428412323535,57.048952293396,54.00362046355665,2.6148511036622923,35.675020436006214,37.62971529657478,12246813.0,-148.18938213860335,-91.95409366555471,45.74168207273578,-0.1278162055755151,4481359872,10.320957,8.35,1.6156125,0.23
2021-10-29,53.52753432271305,54.221410523901326,52.6354072381394,53.37884521484375,13312,0,56.87796154022217,56.93561294555664,56.330536854145365,55.92882209668967,43.04139286442617,36.58031997206049,-0.8267850890229127,-0.374743863748163,-0.4520412252747497,60.31867405047283,56.87796154022217,53.437249029971504,2.541361973812266,26.069123436594623,34.49500139050583,12233501.0,-175.17197669126864,-92.06349384860435,45.74447670682634,-0.11889476328804524,4481359872,10.320957,8.35,1.6156125,0.23
2021-11-01,52.883217977400335,56.203909754932575,52.883217977400335,55.1630973815918,19452,0,56.786270713806154,57.0085050201416,56.219352142473596,55.89879367648975,43.16200683972135,44.90937059732499,-0.8086819553227471,-0.4615314820630798,-0.3471504732596673,60.30624168397881,56.786270713806154,53.266299743633496,2.5970283883636927,30.09687819766818,30.613674023422945,12252953.0,-97.22987752176857,-70.5202268496363,45.74926874550936,-0.10178742622264599,4481359872,10.320957,8.35,1.6156125,0.23
2021-11-02,56.203912225345704,56.203912225345704,54.71703626055519,55.06397247314453,15134,0,56.65245170593262,57.12386970520019,56.10931598348988,55.86605559008406,43.28043435846188,44.55924766695242,-0.793190239789098,-0.5278632336082835,-0.2653270061808145,60.22033249269459,56.65245170593262,53.08457091917065,2.5177317866798945,45.09804391689294,33.75468185038519,12237819.0,-64.45152010596475,-71.67629410817486,45.7532327976558,-0.11035749307954093,4481359872,10.320957,8.35,1.6156125,0.23
2021-11-03,56.45171971996182,56.45171971996182,52.536279281404326,55.113529205322266,56541,0,56.48889503479004,57.25405601501465,56.014479147473914,55.83654475146595,43.398176595744076,44.79098612937524,-0.7680604072196147,-0.5759026683305497,-0.19215773888906496,60.023907867382825,56.48889503479004,52.953882202197256,2.6175681189568665,61.15660378901896,45.450508634526635,12294360.0,-83.1286050870686,-70.28575166364956,45.76704449786382,-0.08786094331345262,4481359872,10.320957,8.35,1.6156125,0.23
2021-11-04,61.45754162163072,62.0522905118922,57.88904071741936,59.326351165771484,195393,0,56.60288906097412,57.4368862915039,56.32989553016892,55.973399904968126,43.55666589494833,60.07071550251373,-0.4035533973106027,-0.5414328141265603,0.1378794168159576,60.34352945027262,56.60288906097412,52.86224867167562,2.9262247752149433,64.94132835818147,57.065325354697734,12489753.0,120.71927284106542,-28.645818926602526,45.84127342229615,-0.10503666095585978,4481359872,10.320957,8.35,1.6156125,0.23
2021-11-08,59.17766159423628,59.17766159423628,57.54209659121118,58.880287170410156,60608,0,56.64253921508789,57.57918273925781,56.57278997209666,56.08739548400507,43.70913973848526,58.232978236673304,-0.14895553564648623,-0.4629373584305455,0.3139818227840593,60.46127260373995,56.64253921508789,52.82380582643584,2.844655475168184,67.9478618104467,64.68193131921565,12429145.0,71.07855996937789,-33.33332910872806,45.86212939821159,-0.04918618157040182,4481359872,10.320957,8.35,1.6156125,0.23
2021-11-09,58.97941001917986,62.052285331180194,58.285533850925326,61.85403823852539,408015,0,56.85813598632812,57.73057189941406,57.075765997470825,56.31353833712352,43.889685992217004,65.75464962274066,0.28943552990178745,-0.3124627807640789,0.6018983106658664,61.29287366776907,56.85813598632812,52.42339830488717,2.9105194755315185,78.64583240003516,70.51167418955437,12837160.0,139.13469758023865,-2.0833547645639734,46.02480896903298,0.17683752018020044,4481359872,10.320957,8.35,1.6156125,0.23
2021-11-10,62.349668821982576,64.28260460858593,59.47504035877973,63.340919494628906,388549,0,56.97213001251221,57.89292861938477,57.672447282914455,56.58912191192765,44.0832306041813,68.78187033514051,0.7482175130273347,-0.10032672200579615,0.8485442350331309,61.92059820526058,56.97213001251221,52.02366181976384,3.046022673693996,85.5221558524139,77.37195002096519,13225709.0,182.37005193838314,-8.016848569466346,46.19331790212512,0.20350563248497366,4481359872,10.320957,8.35,1.6156125,0.23
2021-11-11,66.41379405695368,69.63535869404471,63.638289190710616,67.5537338256836,939900,0,57.410758590698244,58.0397647857666,58.61352219174961,57.01910669285925,44.316767949668886,75.41349557166926,1.4352003522778958,0.20677869285094228,1.2284216594269535,64.15296191395328,57.410758590698244,50.66855526744321,3.278052425531268,90.8955667423802,85.02118499827635,14165609.0,264.76363029787893,-12.173900232443449,46.698293041888306,0.26814842014528617,4481359872,10.320957,8.35,1.6156125,0.23
2021-11-12,71.37004884893635,71.37004884893635,67.40504613510655,69.04061126708984,477145,0,57.98072757720947,58.25190254211426,59.606578294162965,57.49053824478987,44.562776340887005,77.25035239525083,2.075690516791191,0.580561057638992,1.4951294591521989,66.41861345987616,57.98072757720947,49.54284169454279,3.3271203032668777,85.97473141406148,87.46415133628513,14642754.0,244.53536779623926,-12.368408636910784,46.97378364309141,0.23489327150051376,4481359872,10.320957,8.35,1.6156125,0.23
2021-11-15,71.37004330280017,71.61785595315712,65.3234161466191,66.31466674804688,424044,0,58.379705810546874,58.4322428894043,60.245443861199526,57.836582499819556,44.77921306135626,67.32030908007073,2.336390193830482,0.93172688487729,1.4046633089531921,67.5681211151035,58.379705810546874,49.19129050599025,3.5390716963576736,75.38803566590919,84.08611127411689,14218710.0,169.08012216125232,-27.792196087028607,47.19672426549213,0.10997358914130052,4481359872,10.320957,8.35,1.6156125,0.23
2021-11-16,65.9181663749754,67.00854054684507,63.53916336921479,63.935665130615234,101415,0,58.684515380859374,58.556112136840824,60.59689350590578,58.07576221083115,44.96982452473197,60.06382767269961,2.3242386414726326,1.2102292361963585,1.1140094052762741,68.18034114612371,58.684515380859374,49.18868961559504,3.534093516448574,60.037295357975296,73.80002081264858,14117295.0,100.28676862210462,-40.25972777141698,47.24185144465109,0.09978523431379532,4481359872,10.320957,8.35,1.6156125,0.23
2021-11-17,64.38173012369116,68.99104740437487,63.48961054125914,65.42254638671875,264319,0,59.12810039520264,58.66526405334473,61.05647949455464,58.36387139419929,45.17333419500049,62.76526261766614,2.4068427545968447,1.4495519398764558,0.9572908147203889,69.00500981827122,59.12810039520264,49.251190972134054,3.674618041210514,40.24607589870343,58.55713564086256,14381614.0,102.44139277973457,-32.467492980333894,47.36594253697167,0.07969008561428133,4481359872,10.320957,8.35,1.6156125,0.23
2021-11-18,64.43129700420667,65.71992596934794,62.151421097245176,64.13391876220703,42511,0,59.5444257736206,58.77630432128906,61.34956894861677,58.59014776157215,45.361996728007526,59.03795517455311,2.341336163726311,1.6279087846464269,0.713427379079884,69.52772586021175,59.5444257736206,49.56112568702947,3.6670385291313887,27.152517689987064,42.47862964888852,14339103.0,64.89056687921413,-39.220748472157716,47.38365392655779,0.07728457196022118,4481359872,10.320957,8.35,1.6156125,0.23
2021-11-22,63.9356659679878,63.9356659679878,60.9619140625,60.9619140625,28875,0,59.78480415344238,58.85057754516602,61.31264943565327,58.68315820474579,45.51721978606218,51.008126055894934,2.0102940305750323,1.704385833832148,0.3059081967428843,69.66096133245212,59.78480415344238,49.90864697443264,3.6316789698867917,14.907623477530679,27.435405688740317,14310228.0,30.873937778808973,-55.84413737902239,47.394182276373044,0.08236765460580078,4481359872,10.320957,8.35,1.6156125,0.23
2021-11-23,59.57416383781331,62.44879229736328,57.988164276123044,61.95316696166992,18468,0,60.09952621459961,58.93183319091797,61.373651104797716,58.811393842272224,45.68076154900355,53.15248218309503,1.8070955076059647,1.7249277685869113,0.08216773901905339,69.82977469846689,60.09952621459961,50.36927773073233,3.6908896164120377,18.992807794142298,20.35098298721994,14328696.0,10.59287522334961,-50.649320848807086,47.40037382343188,0.09166111618285445,4481359872,10.320957,8.35,1.6156125,0.23
2021-11-24,63.390483280671404,64.92692111569457,59.67329314045988,61.407981872558594,26925,0,60.41920490264893,58.99428215026855,61.37692070172732,58.91322082385208,45.837251303466786,51.80933061072898,1.5838101562041587,1.6967042461103607,-0.11289408990620209,69.87646051518524,60.41920490264893,50.961949290112614,3.8025137848993693,22.372379420628473,18.75760356410041,14301771.0,24.769914503237796,-53.50644894932923,47.41020213627203,0.08842597932698605,4481359872,10.320957,8.35,1.6156125,0.23
2021-11-25,59.17766633468086,63.142669053502736,59.17766633468086,61.1601676940918,20983,0,60.69427700042725,59.02401969909668,61.356277558142985,59.00133638739089,45.98971813322425,51.17628198612554,1.3710537195734318,1.631574140802975,-0.2605204212295431,69.89831947545935,60.69427700042725,51.49023452539515,3.8141201373224054,36.04758714958319,25.804258121451245,14280788.0,7.304319030297031,-74.2957306256447,47.41741058333029,0.08888390304477091,4481359872,10.320957,8.35,1.6156125,0.23
2021-11-26,61.061038444813335,62.250539979467334,58.48378827083061,59.22722625732422,24524,0,60.865267753601074,59.008159713745115,61.15351076758882,59.010194813662785,46.12143463197152,46.41260542861847,1.034544901393275,1.512168292921035,-0.4776233915277599,69.82359363658703,60.865267753601074,51.90694187061511,3.810736678130571,29.987948468226904,29.469305012812782,14256264.0,-17.287264827245174,-88.02814382669244,47.42510765068933,0.08515577226641198,4481359872,10.320957,8.35,1.6156125,0.23
2021-11-29,57.988165054081286,59.97066642345159,56.303038133852276,58.830726623535156,24711,0,61.10316829681396,58.96950096130371,60.9322932300599,59.00315684542249,46.247895248803,45.47746135332625,0.727479105520878,1.3552304554410035,-0.6277513499201255,69.56634352569824,61.10316829681396,52.63999306792968,3.8005146503783385,29.397690046912107,31.81107522157399,14231553.0,-52.70287121576973,-83.49514490145195,47.43185552165236,0.09234997477632166,4481359872,10.320957,8.35,1.6156125,0.23
2021-11-30,59.27678622202493,59.42547532730825,56.600408796172424,57.44297409057617,18106,0,61.30637474060059,58.91795593261719,60.59997712153764,58.94197320797753,46.35928906812412,42.26747762537416,0.3679062245811551,1.1577656092690338,-0.7898593846878788,69.19348666006498,61.30637474060059,53.4192628211362,3.730839784718159,20.128602542934345,26.504747019357712,14213447.0,-71.431571643465,-92.55664696652826,47.43654826026831,0.09040471031238728,4481359872,10.320957,8.35,1.6156125,0.23
2021-12-01,58.979410717911875,59.4750360180624,54.915284769205996,58.880287170410156,42956,0,61.492234230041504,58.92390350341797,60.43619712619217,58.939554147680774,46.48387611391801,46.480940060234936,0.19665437010424114,0.9655433614360753,-0.7688889913318342,68.95531457723075,61.492234230041504,54.02915388285225,3.790047746442319,30.240478578824668,26.5889237228903,14256403.0,-79.06235856698494,-76.26112556242849,47.44759399000811,0.09665401203494012,4481359872,10.320957,8.35,1.6156125,0.23
2021-12-02,58.88028747650175,60.466286932699916,57.54209689034613,60.416725158691406,24086,0,61.759871864318846,58.963553466796874,60.434342653096856,58.99748242262237,46.62251142779635,50.62894569306366,0.18280646756950603,0.8089959826627615,-0.6261895150932555,68.6430312235776,61.759871864318846,54.876712505060105,3.728200767578852,45.47036422666006,31.946481782806284,14280489.0,-50.12423615710264,-67.06231436527845,47.45480763530222,0.1051476464567581,4481359872,10.320957,8.35,1.6156125,0.23
2021-12-03,60.41672653904425,61.655789824170995,58.63247616472595,59.27678680419922,49923,0,61.968034744262695,58.96950080871582,60.324099238916126,59.00843553562538,46.74842461562125,47.67647233240018,0.07893845334410798,0.6629844767990308,-0.5840460234549228,68.26112013710475,61.968034744262695,55.67494935142063,3.677851688426437,62.63286534102215,46.11456938216889,14230566.0,-51.36862748984851,-73.88724174883909,47.470203602666516,0.09234804478588157,4481359872,10.320957,8.35,1.6156125,0.23
2021-12-06,61.25928882550446,62.20097769022629,59.72285108902206,60.020225524902344,19646,0,62.00272846221924,58.98337829589844,60.29515888520053,59.048113574420555,46.88048233611161,49.735202986657725,0.05596644894048808,0.5415808712273222,-0.48561442228683416,68.24461943135435,62.00272846221924,55.76083749308412,3.6240187739693397,69.9246232996423,59.34261762244143,14250212.0,-33.58779897454845,-63.73240379216511,47.4766391079882,0.11048755449419244,4481359872,10.320957,8.35,1.6156125,0.23
2021-12-07,59.47503755542182,60.367164631281575,58.97941224245997,59.12810134887695,3291,0,62.01511917114258,58.99428215026855,60.184010548407805,59.051250349889436,47.00234919196002,47.32867099561945,-0.03383595543406415,0.426497505895045,-0.46033346132910913,68.23310574525912,62.01511917114258,55.797132597026035,3.4642854607445015,64.19900866774361,65.58549910280261,14246921.0,-64.06133925784233,-70.07042041796683,47.47762193791874,0.10008800514305402,4481359872,10.320957,8.35,1.6156125,0.23
2021-12-08,59.4750420911412,61.1601690399878,57.492540688103155,59.871543884277344,21683,0,61.91599445343017,59.01807220458984,60.15425181849062,59.083418723787,47.13040088044079,49.52070750769735,-0.04450241238579622,0.33229752223887676,-0.376799934624673,68.20390728567972,61.91599445343017,55.62808162118063,3.4788099529687977,59.47251699975444,64.53204965571338,14268604.0,-61.13332509660221,-54.128424782803194,47.48410227048417,-0.007929114960365429,4481359872,10.320957,8.35,1.6156125,0.23
2021-12-09,60.367164150834846,61.457538318144486,59.028973547695536,59.92110061645508,9899,0,61.74500350952148,59.04880096435547,60.132046942106285,59.116268994087704,47.25767152458023,49.671067110011776,-0.04839892951174107,0.2561582318887532,-0.30455716140049427,68.0545783116716,61.74500350952148,55.435428707371365,3.403792439931666,53.30947648062757,58.99366738270847,14278503.0,-42.23475892704431,-50.000023232917414,47.48721277884462,-0.10158942576607888,4481359872,10.320957,8.35,1.6156125,0.23
2021-12-10,59.921102927637314,62.448791344855316,58.48378871978514,62.30010223388672,23027,0,61.48232192993164,59.14396095275879,60.33852839846632,59.24112519957002,47.40734745203602,56.38705738977621,0.1388777052361192,0.2327021265582264,-0.0938244213221072,67.21364682706327,61.48232192993164,55.750997032800015,3.4438788817272736,66.36841837079493,59.71680395039224,14301530.0,-13.954121931432152,-26.237657770392012,47.494980764998196,-0.31715792823187194,4481359872,10.320957,8.35,1.6156125,0.23
2021-12-13,63.29135539261458,63.34092095244465,61.457543118541466,62.20098114013672,23509,0,61.140340423583986,59.25002479553223,60.51590485005398,59.35719798155303,47.554547787241006,56.0514471538263,0.27611466566266785,0.24138463437911467,0.034730031283553175,65.72924294433862,61.140340423583986,56.55143790282934,3.3324145211684097,76.36243956068823,65.34677813737017,14278021.0,36.02724189576161,-27.227716641085664,47.50363445985679,-0.37101518535940237,4481359872,10.320957,8.35,1.6156125,0.23
2021-12-14,62.20098263876779,63.24179513781357,61.209731919424875,62.448795318603516,22322,0,60.94704685211182,59.36302749633789,60.6999896565825,59.47843709280991,47.70274925521476,56.74461859450113,0.4002585472915001,0.27315941696159174,0.12709913032990838,64.93405788620143,60.94704685211182,56.96003581802221,3.239532285255573,87.41806202745141,76.7163066529781,14300343.0,52.44776116169308,-10.58822876325781,47.511823594847144,-0.19060888587425395,4481359872,10.320957,8.35,1.6156125,0.23
2021-12-15,63.836547281392455,64.38173063468996,62.4487947738886,63.24179458618164,40893,0,60.912353324890134,59.48792510986328,60.94206631654433,59.6260197396088,47.857366621692044,58.97449765160096,0.5562201220805321,0.3297715579853798,0.22644856409515224,64.80571280126944,60.912353324890134,57.01899384851084,3.146203969223129,81.97550872469213,81.91867010427718,14341236.0,102.04953571503496,-12.041858842342197,47.52787321366834,-0.11153340874550714,4481359872,10.320957,8.35,1.6156125,0.23
2021-12-16,64.33216846362535,64.33216846362535,62.250539837401185,62.94441604614258,34516,0,60.78844680786133,59.59200637817383,61.13276629079178,59.75615292810032,48.0074865164627,57.77173998734787,0.6483510436120667,0.3934874551107172,0.25486358850134955,64.23145772885616,60.78844680786133,57.345435886866504,3.0701628732946316,80.34943617390103,83.24766897534812,14306720.0,110.63171732165391,-15.183254718521534,47.5412394826788,-0.03196136639766617,4481359872,10.320957,8.35,1.6156125,0.23
2021-12-17,64.28260269516429,64.43129180416388,59.82197480102986,60.168914794921875,19733,0,60.59019660949707,59.627691421508786,61.04097091023274,59.77233966797568,48.128495753064286,47.94379388216796,0.4917372664398272,0.4131374173765392,0.07859984906328799,63.67814724074642,60.59019660949707,57.50224597824772,3.1801024539974447,54.60982379641039,72.31158956500111,14286987.0,42.0934091785925,-44.791654667591025,47.54804021404484,-0.07656050936782687,4481359872,10.320957,8.35,1.6156125,0.23
2021-12-20,58.533348258250406,60.46628772032839,57.19516143598466,57.44297409057617,26700,0,60.41424961090088,59.63562149047851,60.69830454645592,59.68099199827374,48.22117712955694,40.6326957226006,0.14597636185348506,0.35970520627192837,-0.2137288444184433,63.78544774502479,60.41424961090088,57.043051476776974,3.1866041561650364,28.860606844592255,54.60662227163448,14260287.0,-100.95924065662014,-73.43750049695751,47.5551815470724,-0.06435255581890542,4481359872,10.320957,8.35,1.6156125,0.23
2021-12-21,56.15434704535437,58.335095303125854,54.816156489371814,55.510032653808594,34313,0,60.09209289550781,59.584076461791994,60.20418341382285,59.51742496515746,48.293703055171385,36.39457044621241,-0.28077724053440534,0.23160871691066162,-0.512385957445067,64.00188221622253,60.09209289550781,56.182303574793096,3.210342345992822,6.056028272208766,29.84215297107039,14225974.0,-172.32623218337153,-92.78350078579435,47.56252513201204,-0.13103686555917363,4481359872,10.320957,8.35,1.6156125,0.23
2021-12-22,56.253475398637505,58.13685318001905,56.253475398637505,57.789913177490234,24560,0,59.91118946075439,59.589032669067386,59.9742529151245,59.44967940485679,48.38819270812978,43.83566541963859,-0.4300578018775525,0.0992754131530188,-0.5293332150305713,63.89481116121476,59.91118946075439,55.927567760294025,3.1686622160083675,13.856342591891055,16.257659236230612,14250534.0,-110.46806462387828,-69.0721285685543,47.568484857983776,-0.08324167508638582,4481359872,10.320957,8.35,1.6156125,0.23
2021-12-23,58.92984938020734,60.66453794356983,57.93859877257162,60.56541061401367,32245,0,59.88145160675049,59.57912010192871,60.03055364835204,59.49343356992176,48.50935905545201,51.30438178540197,-0.3207073601088979,0.015278858500635456,-0.33598621860953337,63.83610914319273,59.88145160675049,55.92679407030825,3.147659541013456,32.64605461041544,17.519475158171677,14282779.0,-8.817386159533367,-40.20620681440518,47.578151023999766,-0.024012369860231454,4481359872,10.320957,8.35,1.6156125,0.23
2021-12-24,63.3409190350708,63.3409190350708,59.821976147650375,60.26803970336914,12879,0,59.933492279052736,59.60885765075684,60.053171367877475,59.52381028103735,48.62636085294372,50.52908300390558,-0.2551010483460203,-0.03879712286869571,-0.2163039254773246,63.87972734731321,59.933492279052736,55.987257210792265,3.174179780042525,51.558385074933106,32.686927425746454,14269900.0,48.99964320628279,-43.29894447132667,47.58245866444948,-0.014287480933328791,4481359872,10.320957,8.35,1.6156125,0.23
2021-12-27,62.05228824865043,62.54791356623173,57.59166039041872,60.9619140625,42484,0,60.04005165100098,59.67527130126953,60.13971829117486,59.580206507761375,48.74910267592438,52.338944490757186,-0.14544115665416513,-0.060125929625789595,-0.08531522702837553,63.976504809582266,60.04005165100098,56.10359849241969,3.301470736883274,65.28009659610967,49.828178760486,14312384.0,12.536153701113259,-36.08246403278939,47.59583641493134,-0.002521255315561803,4481359872,10.320957,8.35,1.6156125,0.23
2021-12-28,60.46629179545281,63.340920294978254,59.524602888275766,62.84529495239258,35921,0,60.310167694091795,59.76547515869141,60.39739225890988,59.70824919186456,48.88936329559073,56.943388823076,0.09237337257337686,-0.0296260691859563,0.12199944175933315,64.23810969821977,60.310167694091795,56.38222568996382,3.338245499013218,76.3511640246054,64.39654856521598,14348305.0,72.27457032000373,-16.49479492328494,47.60848387460233,0.0598044402705624,4481359872,10.320957,8.35,1.6156125,0.23
2021-12-29,63.44003953468572,63.44003953468572,61.55666184847133,62.399227142333984,22012,0,60.48611469268799,59.856670227050785,60.588043200188366,59.813777738941795,49.02378980152847,55.573981977621166,0.24205885224756685,0.02471091510074833,0.21734793714681852,64.45711220160035,60.48611469268799,56.51511718377563,3.234326369527587,82.43446858273882,74.68857640115122,14326293.0,88.36319924475643,-21.134020430307775,47.61652715653011,-0.002861623482629829,4481359872,10.320957,8.35,1.6156125,0.23
2021-12-30,63.34091646902614,63.34091646902614,61.507100543433495,61.60622787475586,30213,0,60.54558982849121,59.95777786254883,60.6850131691948,59.88406990113058,49.14898819031681,53.12791393145828,0.2933160944390849,0.07843195096841564,0.21488414347066925,64.54616975836608,60.54558982849121,56.545009898616335,3.1342899092465197,81.28483471112796,80.02348910615731,14296080.0,67.26049861936228,-29.381426645778955,47.62731987119483,-0.09761738295151252,4481359872,10.320957,8.35,1.6156125,0.23
2021-12-31,61.75491008329896,64.6791000366211,58.781158357477295,64.6791000366211,101577,0,60.81570549011231,60.1352116394043,61.06540239466397,60.0721102986008,49.30351666639944,60.40126741298886,0.5752616720947543,0.1777978951936834,0.39746377690107093,65.15252448540782,60.81570549011231,56.47888649481679,3.3316936070963257,83.61583622076729,82.44504650487795,14397657.0,83.34656487825231,-0.0,47.66488683010813,0.13502518909365688,4481359872,10.320957,8.35,1.6156125,0.23
2022-01-03,66.31467353179346,66.3642315293493,64.92692103530422,65.42254638671875,68298,0,61.085821533203124,60.320575637817385,61.48036848914538,60.281931321664246,49.463905021825504,61.940054040163226,0.8489097774214258,0.31202027163923185,0.536889505782194,65.84336157248141,61.085821533203124,56.328281493924834,3.2140820274986024,85.40861743014294,83.43642945401267,14465955.0,176.07943381914117,-8.154477169316898,47.69481848475261,0.11465601810730525,4481359872,10.320957,8.35,1.6156125,0.23
2022-01-04,64.1339135908554,66.4137930953033,62.94441584405612,64.0347900390625,63890,0,61.331155967712405,60.488096923828124,61.72364673199463,60.429102251758295,49.608888952345275,57.45207223543135,0.942928045571783,0.4382018264257421,0.5047262191460409,66.16501370993005,61.331155967712405,56.49729822549477,3.232317400623501,85.47097215511587,84.83180860200864,14402065.0,119.51439585801872,-20.512826337601304,47.72099974652456,0.07398141928295324,4481359872,10.320957,8.35,1.6156125,0.23
2022-01-05,62.944414652373425,65.62078831332302,62.944414652373425,65.32341766357422,51320,0,61.603749656677245,60.694277114868164,62.06648205881173,60.62103618947656,49.765252422108745,60.32666985705155,1.1086399687780215,0.572289454896198,0.5363505138818235,66.6861200286368,61.603749656677245,56.521379284717696,3.1926071335039365,80.7090715830658,83.86288705610814,14453385.0,113.91040184472116,-9.401703715836595,47.74217778178495,0.11740269145438204,4481359872,10.320957,8.35,1.6156125,0.23
2022-01-06,64.9764829209802,67.30592042836662,63.93566671681239,66.81029510498047,67049,0,61.94820938110352,60.917308502197265,62.518273777494464,60.863752225378676,49.934854836863686,63.399366394634235,1.3444484797922058,0.7267212598753996,0.6177272199168062,67.44468462741379,61.94820938110352,56.45173413479325,3.205296174793243,82.91050592982911,83.03018322267019,14520434.0,146.69682993237242,-3.96825212875912,47.772034031945616,0.17302658275760685,4481359872,10.320957,8.35,1.6156125,0.23
2022-01-07,67.8510997287426,68.3962905772411,65.57122791375299,67.90066528320312,81990,0,62.228237533569335,61.159173583984376,63.03088249232386,61.13970960019532,50.11361911991184,65.50901483967347,1.6008584843505105,0.9015487047704218,0.6993097795800887,68.30764191277692,62.228237533569335,56.14883315436175,3.178136638271448,90.26981209746056,84.62979653678508,14602424.0,165.95924227464147,-3.649634759355617,47.81094732877059,0.1989936039262121,4481359872,10.320957,8.35,1.6156125,0.23
2022-01-10,67.90066713246127,70.87441897767854,66.46335676566305,69.68492126464844,198552,0,62.60243453979492,61.4714176940918,63.66460047064049,61.474815939977795,50.30835844473509,68.68940689748291,1.9258399225174614,1.1064069483198298,0.8194329741976316,69.49586198040294,62.60243453979492,55.7090070991869,3.2662027506817366,90.03172500983874,87.73734767904273,14800976.0,182.31369255006567,-8.135574196013168,47.91279827359546,0.25988023178875125,4481359872,10.320957,8.35,1.6156125,0.23
2022-01-11,71.07266957594017,72.31173290580413,69.23885736026998,70.6266098022461,176410,0,63.01132526397705,61.81637298583984,64.32764897841245,61.83370981692949,50.510530100033705,70.24865925446113,2.233628568838192,1.3318512724235023,0.9017772964146897,70.739412485799,63.01132526397705,55.283238042155105,3.2523936645997664,85.97324579465725,88.75826096731878,14977386.0,185.69968068484812,-11.447790775464934,48.0097774369635,0.20667290146433903,4481359872,10.320957,8.35,1.6156125,0.23
2022-01-12,70.87442407574093,71.96479831822383,68.14848468821245,69.63536071777344,127260,0,63.33100357055664,62.10581825256347,64.83314533454207,62.13965691108024,50.70082692210077,66.49484080956219,2.370245061993799,1.5395300303375616,0.8307150316562375,71.58203387872013,63.33100357055664,55.07997326239315,3.2926736621291672,78.35267841607028,84.78588307352202,14850126.0,140.34087227723663,-18.18178670813852,48.07675169954147,0.17583528211047542,4481359872,10.320957,8.35,1.6156125,0.23
2022-01-13,69.48666660404874,70.27967012116349,67.9502326882717,69.68492126464844,49013,0,63.668028831481934,62.398237228393555,65.29521923264744,62.43554963082801,50.88972338322064,66.5909659787007,2.4542229841656393,1.7224686211031772,0.7317543630624621,72.36686329766628,63.668028831481934,54.96919436529758,3.2238710743264973,70.36248386509467,78.22946935860732,14899139.0,109.62348482298067,-17.84509986897248,48.10171818679793,0.20184672204732926,4481359872,10.320957,8.35,1.6156125,0.23
2022-01-14,71.86568182408158,72.36130721597179,70.42837121265727,71.66743469238281,128460,0,64.24295482635497,62.72931533813477,65.90209689547937,62.79758433912427,51.096466779331706,70.2658654597501,2.650198518744432,1.9080146006314282,0.7421839181130037,73.44604672468279,64.24295482635497,55.03986292802716,3.184764994111987,72.43740007589177,73.71752078568551,15027599.0,130.6366777628365,-5.109461838888136,48.17357749190518,0.22442526956001208,4481359872,10.320957,8.35,1.6156125,0.23
2022-01-17,72.36129606092298,74.74029908778313,71.86567074543721,73.35254669189453,154027,0,65.0384334564209,63.00983924865723,66.61166354275701,63.21150443138977,51.31792031079999,72.98587124721398,2.907963800569263,2.1080044406189953,0.7999593599502677,74.49965645746279,65.0384334564209,55.57721045537902,3.1767720942040105,76.27561185111544,73.0251652640339,15181626.0,143.8672892176467,-8.695658615587654,48.265890691197725,0.22401949870480212,4481359872,10.320957,8.35,1.6156125,0.23
2022-01-18,74.74029875457983,76.0289200315127,72.36129573832564,73.05516815185547,152519,0,65.91569023132324,63.29333686828613,67.22533064838544,63.59753045964332,51.534211334094074,71.7386788987772,3.0530549634708564,2.2970145451893673,0.756040418281489,74.92301755652659,65.91569023132324,56.90836290611989,3.2118329655599425,76.99584741774858,75.23628644825187,15029107.0,136.26304568829505,-17.24137853860703,48.35842979738225,0.16200310560724207,4481359872,10.320957,8.35,1.6156125,0.23
2022-01-19,74.34380436920063,74.64118261173456,71.22136307316562,72.60911560058594,76879,0,66.65665035247802,63.508438415527344,67.73807207240453,63.950925955366564,51.743911874059165,69.81166985252392,3.0963551871418105,2.456882673579856,0.6394725135619543,75.29902248215663,66.65665035247802,58.01427822279942,3.2266891493462997,66.80699701062068,73.35948542649484,14952228.0,107.14045398881035,-19.827526003416995,48.403015160018704,0.13900736288465854,4481359872,10.320957,8.35,1.6156125,0.23
2022-01-20,73.3525548398538,75.08724363674223,72.85692946931424,73.94730377197266,101244,0,67.32574501037598,63.72056610107422,68.3294274723634,64.34294077170406,51.96484114667522,72.22236088522689,3.2017438183662392,2.605854902537133,0.5958889158291063,76.04984556741206,67.32574501037598,58.6016444533399,3.1732204984041563,61.23029815342142,68.34438086059684,15053472.0,113.17963499741671,-15.909017568663913,48.46421272226505,0.11504565202330409,4481359872,10.320957,8.35,1.6156125,0.23
2022-01-21,73.94729915988428,75.5828642931833,71.61786157616386,74.44292449951172,106175,0,68.0344892501831,63.85834991455078,68.91166528447278,64.73901856495142,52.188503667598965,73.07978930385855,3.287362845956963,2.742156491221099,0.5452063547358641,76.65245100894306,68.0344892501831,59.41652749142314,3.2297763711623912,62.50369952685359,63.513664896965174,15159647.0,100.66213849427345,-12.121172990838032,48.52786995785065,0.13902269194189817,4481359872,10.320957,8.35,1.6156125,0.23
2022-01-24,75.3350478352889,75.9297967004075,70.7257308959961,70.7257308959961,120654,0,68.52268009185791,63.89205230712891,69.08443343795119,64.9737915975414,52.37295368977207,58.495765224451034,3.0204521915557905,2.7978156312880373,0.22263656026775314,76.57005457339007,68.52268009185791,60.47530561032575,3.3707970449658915,43.28076262150731,55.67158676726072,15038993.0,70.65673069122704,-40.530298867632546,48.59578994084907,0.062294963337125565,4481359872,10.320957,8.35,1.6156125,0.23
2022-01-25,67.50416413697768,70.52748148260702,67.20679349549009,68.49541473388672,67456,0,68.80518608093261,63.935667266845705,69.02833641851647,65.11189446563338,52.533376187723455,51.814382542668945,2.5989960910839756,2.758051723247225,-0.15905563216324925,76.42060503107221,68.80518608093261,61.189767130793015,3.381378498933042,27.261014303511192,44.348492150623976,14971537.0,0.11136256443184961,-62.2951086989008,48.6277067006602,0.03984887475351037,4481359872,10.320957,8.35,1.6156125,0.23
2022-01-27,68.49540834260645,69.13972268300499,65.27384420325497,67.35546875,36520,0,69.05299816131591,64.0040633392334,68.86901568818158,65.19987777090266,52.68085969580581,48.74949485187779,2.1482413915315135,2.6360896569040824,-0.48784826537256887,76.12138104290416,69.05299816131591,61.98461527972766,3.4159856404199695,11.435843565447124,27.325873496821828,14935017.0,-35.89512643148001,-80.64518949019585,48.64366982557735,0.04216990604666792,4481359872,10.320957,8.35,1.6156125,0.23
2022-01-28,67.35547817808386,70.67617388280429,67.35547817808386,69.13973236083984,48148,0,69.42967338562012,64.07840705871583,68.89479822843475,65.35438187246882,52.84462957306983,53.396198840371554,1.9129390358633032,2.4914595326959263,-0.5785204968326232,75.61878694786989,69.42967338562012,63.24055982337035,3.409179889875993,23.52889096037472,20.7419162764443,14983165.0,-6.204519077463016,-64.05522174536698,48.666706007346804,0.05723152838016879,4481359872,10.320957,8.35,1.6156125,0.23
2022-01-31,70.3292335714343,72.31173495540868,69.8831737850971,70.0814208984375,67520,0,69.69978942871094,64.19735710144043,69.00780991129216,65.53975595191858,53.016139934516275,55.680106365776915,1.7819059164915956,2.3495488094550603,-0.5676428929634647,75.49501518054564,69.69978942871094,63.90456367687625,3.3922386544969103,33.64344764858397,22.869394058135228,15050685.0,26.615648853990166,-55.29946257978791,48.70161182203544,-0.02310480599605914,4481359872,10.320957,8.35,1.6156125,0.23
2022-02-01,70.27966917654965,71.3204777708012,66.71116852278075,68.79279327392578,28862,0,69.8683017730713,64.35397468566894,68.98733213630489,65.66732604297769,53.17312155978403,51.92970404496266,1.5561415148405473,2.190867350532158,-0.6347258356916106,75.34339288380426,69.8683017730713,64.39321066233833,3.4791722683200206,43.798514489148886,33.65695103270249,15021823.0,-26.193774496202863,-67.28103895441464,48.715272422925935,-0.01391779601852865,4481359872,10.320957,8.35,1.6156125,0.23
2022-02-02,67.40503513408522,69.88316142577953,67.40503513408522,68.09890747070312,25229,0,70.07150764465332,64.4768894958496,68.90272026339044,65.7626821773983,53.32163684247974,49.97761952628677,1.306174053291727,2.0139286910840717,-0.7077546377923447,74.9327453034324,70.07150764465332,65.21026998587425,3.4076689842753267,45.08572247155689,40.842561536429876,14996594.0,-48.536045048921586,-73.73274431012725,48.72691590344338,-0.007435292451989078,4481359872,10.320957,8.35,1.6156125,0.23
2022-02-03,69.3875430550699,70.7752954286997,67.40504182492505,69.68492126464844,36149,0,70.28958282470703,64.6424282836914,68.97721559684358,65.91649547493752,53.48445559294908,54.21421569620672,1.2219650450050494,1.8555359618682672,-0.6335709168632178,74.64416920583142,70.28958282470703,65.93499644358263,3.4049964570967073,47.74605847779106,45.54343181283224,15032743.0,-34.07115306045389,-58.98609055080885,48.74427247559455,-0.022174910926313993,4481359872,10.320957,8.35,1.6156125,0.23
2022-02-04,70.72573814864668,70.72573814864668,69.38755117424343,70.27967834472656,15775,0,70.46305198669434,64.8248184967041,69.10125966807053,66.08760068551749,53.651572237245375,55.72845574747174,1.189508807920518,1.7223305310787174,-0.5328217231581993,74.51533373435774,70.46305198669434,66.41077023903094,3.2573672083328895,52.31835591004492,48.383378953130915,15048518.0,-14.476296184610414,-53.45607765666013,48.75214776159474,-0.04619442923202871,4481359872,10.320957,8.35,1.6156125,0.23
2022-02-07,71.12223173174159,71.12223173174159,68.89191784468349,69.83360290527344,36415,0,70.55969886779785,65.03694602966308,69.17100664304223,66.23450273335105,53.81258746777302,54.2785307770434,1.1149401106709007,1.6008524469971541,-0.4859123363262534,74.4519605483006,70.55969886779785,66.66743718729509,3.184006256813262,61.51873908018559,53.86105115600714,15012103.0,-27.642205594593786,-57.60365826488897,48.77015058698906,-0.08098178848459785,4481359872,10.320957,8.35,1.6156125,0.23
2022-02-08,70.32923285968994,70.67617664848841,66.46336125017729,69.33798217773438,35099,0,70.54235191345215,65.24709114074707,69.18690907491768,66.35620780960137,53.967069007175624,52.63979643937782,1.0042747757494652,1.4815369127476163,-0.4772621369981511,74.453102287149,70.54235191345215,66.63160153975531,3.257492624063109,64.38698684135419,59.408027277194854,14977004.0,-70.36751513339775,-61.8603970356904,48.7865550043165,-0.13878979589584692,4481359872,10.320957,8.35,1.6156125,0.23
2022-02-09,67.95022424344809,69.53622351792829,66.1659703330072,66.61203002929688,52986,0,70.34162292480468,65.43047225952148,68.94168249914426,66.366240053511,54.09288951485842,44.65437352582518,0.688671566739103,1.3229638435459137,-0.6342922768068107,74.61021357302691,70.34162292480468,66.07303227658245,3.2655469498386793,46.14797948789971,57.35123513647978,14924018.0,-109.55030013401124,-87.4418938485368,48.8095571261426,-0.16539847701676813,4481359872,10.320957,8.35,1.6156125,0.23
2022-02-10,68.3962848046931,69.58578238493564,66.9589745983466,67.35546875,28464,0,70.22762832641601,65.59997589111327,68.79061452303529,66.40503333572626,54.22485547739714,47.01510937386432,0.4928616392031415,1.1569434026773593,-0.6640817634742178,74.68324827636347,70.22762832641601,65.77200837646855,3.2447044788243997,31.56731189498574,47.367426074746504,14952482.0,-83.57533300648748,-80.46514802593872,48.822240434032544,-0.17133268648731168,4481359872,10.320957,8.35,1.6156125,0.23
2022-02-11,70.6761703491211,70.6761703491211,70.52748124755192,70.6761703491211,114172,0,70.27719078063964,65.80516479492188,68.9701912683768,66.572528904879,54.38855015273768,56.035676452343495,0.598731918821926,1.0453011059062727,-0.4465691870843467,74.72961205328929,70.27719078063964,65.82476950799,3.250132844559878,41.33329294647868,39.68286144312133,15066654.0,5.855568586343845,-49.30226887451186,48.87999099632209,-0.10059423120994436,4481359872,10.320957,8.35,1.6156125,0.23
2022-02-14,72.36129274874868,72.85691804154833,67.15722717435237,67.7519760131836,136364,0,70.08141784667968,65.97466857910156,68.85417076788221,66.61878173265565,54.521519564284404,48.246235427766166,0.4415864994875278,0.9245581846225237,-0.4829716851349959,74.61568000495697,70.08141784667968,65.5471556884024,3.425101274748169,46.234569513040306,39.711724784834864,14930290.0,-38.62327659734832,-67.32022049667457,48.944243042117144,-0.20009256224516067,4481359872,10.320957,8.35,1.6156125,0.23
2022-02-15,67.50416077065864,69.33797277096288,64.38172003357764,65.37297058105469,78720,0,69.6824390411377,66.08172348022461,68.52262789294626,66.56992639337717,54.62949420126719,43.008217254498156,0.12365633306438895,0.7643778143108968,-0.6407214812465079,74.39589163102623,69.6824390411377,64.96898645124917,3.5344692363651027,42.13323135559106,43.23369793836997,14851570.0,-131.34027574122757,-88.30410160866086,48.97589672680834,-0.249612145215727,4481359872,10.320957,8.35,1.6156125,0.23
2022-02-16,66.31467292164007,68.5945449795845,66.26510736189759,67.4546127319336,39979,0,69.4024112701416,66.24825370788574,68.42091216332601,66.60461997528135,54.757107320975315,48.29765083856905,0.03921348157147975,0.6193449477630134,-0.5801314661915337,73.94339737328647,69.4024112701416,64.86142516699672,3.5121196050911534,23.885708212122722,37.41783636025132,14891549.0,-87.25228526789668,-63.74252618681019,48.992918553588666,-0.19567837986672315,4481359872,10.320957,8.35,1.6156125,0.23
2022-02-17,69.88317471126143,69.88317471126143,65.57123565649937,68.34673309326172,25927,0,69.1892921447754,66.41775749206543,68.41384748998655,66.67293813677078,54.89232747791349,50.42135323196661,0.043773971686448476,0.5042307525477004,-0.46045678086125197,73.50266396883744,69.1892921447754,64.87592032071335,3.569249565781933,31.57903134127723,32.53265696966363,14917476.0,-63.79215578554061,-53.2162781806974,49.00423687134091,-0.18572337374724399,4481359872,10.320957,8.35,1.6156125,0.23
2022-02-18,68.34673167876976,68.34673167876976,66.41379586883819,66.85985565185547,23499,0,68.83491973876953,66.55653259277344,68.2658482673074,66.68026823540156,55.01140736024127,46.95924314629987,-0.07176314929503746,0.38903197217915286,-0.46079512147419033,72.66380694395882,68.83491973876953,65.00603253358024,3.452370112827761,37.427016915979664,30.963918823126495,14893977.0,-93.06171739326811,-70.76014488455355,49.01409008798265,-0.20782295268214765,4481359872,10.320957,8.35,1.6156125,0.23
2022-02-21,64.08435304002647,65.67035249337584,63.63828573078819,63.9852294921875,22367,0,68.31203498840333,66.59023513793946,67.85817028872455,66.57458044155003,55.100699122748196,41.0856078521381,-0.390780779333312,0.23306942187665988,-0.6238502012099719,71.77334962299726,68.31203498840333,64.8507203538094,3.4358843848448695,27.19307343914271,32.066373898799824,14871610.0,-212.80836840694613,-96.2364942032198,49.022029452699144,-0.2821000983273023,4481359872,10.320957,8.35,1.6156125,0.23
2022-02-22,60.96191772391092,63.58873357738845,60.813228607177734,60.813228607177734,30788,0,67.8164098739624,66.56248008728028,67.18722346191056,66.34864507549621,55.157540212145506,35.76905682472748,-0.8893071323916217,0.008594111023003559,-0.8979012434146253,72.40763583498342,67.8164098739624,63.22518391294137,3.4170355634280765,11.598499499375182,25.406196618165808,14840822.0,-281.5298219212878,-100.0,49.03103705783698,-0.21422115758126947,4481359872,10.320957,8.35,1.6156125,0.23
2022-02-23,63.73742301387224,63.73742301387224,60.51585445862168,61.1106071472168,11728,0,67.44716949462891,66.53571632385254,66.60849809860639,66.14323182340682,55.21677470901189,36.597396324304356,-1.2460333986035153,-0.24233139090230021,-1.003702007701215,72.87260500860161,67.44716949462891,62.02173398065621,3.403073634272539,3.968291059658519,14.253287999392093,14852550.0,-217.1513078030849,-95.18070152869214,49.034478318458305,-0.21895287174872277,4481359872,10.320957,8.35,1.6156125,0.23
2022-02-24,59.47503645119095,59.47503645119095,58.087284088134766,58.087284088134766,19880,0,66.98376026153565,66.4326261138916,65.7969539071329,65.82731230437655,55.24533699139122,32.069322745892784,-1.7524967469458375,-0.5443644621110078,-1.2081322848348297,73.77317608369887,66.98376026153565,60.19434443937242,3.3759485931875024,2.1164099320988647,5.89440016371081,14832670.0,-245.65556793082862,-100.0,49.03882734492471,-0.2489419758081583,4481359872,10.320957,8.35,1.6156125,0.23
2022-02-25,57.046471291060655,60.416724844612574,57.046471291060655,58.880287170410156,23070,0,66.47078800201416,66.35134353637696,65.13822374173074,65.55487994618179,55.28150564988892,34.36327917198526,-2.0660675375516533,-0.8487050771991369,-1.2173624603525164,74.03697707837294,66.47078800201416,58.90459892565538,3.3755418046421037,9.204540501651044,5.096413831136098,14855740.0,-183.50360487166242,-88.40123933061577,49.04399185817038,-0.25808681828914215,4481359872,10.320957,8.35,1.6156125,0.23
2022-02-28,57.641223739559166,58.979410533247325,56.2039096173587,57.49253463745117,20365,0,65.84134368896484,66.29781593322754,64.41006287465649,65.23870954191784,55.303505938322374,32.30719758327527,-2.398901634956914,-1.1587443887506923,-1.2401572462062218,74.15860822001125,65.84134368896484,57.524079157918436,3.3326817411597127,12.789874905242229,8.036941779664001,14835375.0,-168.3615250154143,-92.26190855568979,49.04797444842479,-0.2048853704937976,4481359872,10.320957,8.35,1.6156125,0.23
2022-03-02,57.2942837617475,58.582908781839976,56.005658741655026,57.49253463745117,10343,0,65.27633075714111,66.29880714416504,63.75125066158932,64.9349379770368,55.32528731841321,32.30719758327527,-2.632331179819076,-1.453461746964369,-1.178869432854707,74.22609289990798,65.27633075714111,56.32656861437424,3.2787223339472296,19.200123344652898,13.73151291718201,14835375.0,-141.25022704175655,-91.17647014187503,49.04994862069947,-0.2041359320889989,4481359872,10.320957,8.35,1.6156125,0.23
2022-03-03,58.53334719151222,59.32634691548886,58.08728366511256,58.880287170410156,11002,0,64.81539974212646,66.36621223449707,63.28734937671511,64.69750069050242,55.3606604512689,36.69978388875978,-2.6745155934799456,-1.6976725162674842,-0.9768430772124614,74.08022028337706,64.81539974212646,55.55057920087586,3.175514472810834,33.8348473840862,21.941615211327065,14846377.0,-101.07794986173641,-82.94116553785786,49.0524022184939,-0.18954880221427353,4481359872,10.320957,8.35,1.6156125,0.23
2022-03-04,60.416732828204424,60.416732828204424,56.50129168335665,57.641231536865234,10491,0,64.21321525573731,66.36323860168457,62.74962386815798,64.42078425310488,55.38335270087682,34.54442666309059,-2.7759292946824417,-1.9133238719504757,-0.8626054227319659,73.69676337628792,64.21321525573731,54.7296671351867,3.22836637795633,40.49269894362671,31.175889890788557,14835886.0,-97.04399691349185,-90.29406190894846,49.054601479902765,-0.218988547033958,4481359872,10.320957,8.35,1.6156125,0.23
2022-03-07,54.766596520154465,57.34384660857451,54.766596520154465,54.816158294677734,20413,0,63.440039253234865,66.24825355529785,61.99405571830272,64.04413225473519,55.377708975442005,30.190775658291745,-3.0491119198482792,-2.1404814815300366,-0.9086304383182426,73.33180458887054,63.440039253234865,53.54827391759919,3.203099852153076,34.3748432998415,36.23412987585143,14815473.0,-118.75184699688437,-99.67213628708363,49.05768629224234,-0.2507283538885116,4481359872,10.320957,8.35,1.6156125,0.23
2022-03-08,52.63540546485725,56.798658750406176,52.63540546485725,56.550846099853516,17832,0,62.77590141296387,66.17390968322754,61.47565480225994,63.750277895720224,55.389381981655056,35.56109455358477,-3.0900165229716166,-2.3303884898183527,-0.7596280331532639,72.64501334860176,62.77590141296387,52.906789477325965,3.2716822402527796,29.424793861343968,34.76411203493735,14833305.0,-109.90551489428715,-77.29885773018121,49.0602503480943,-0.2279406739369114,4481359872,10.320957,8.35,1.6156125,0.23
2022-03-09,56.55084672850381,58.13684997846431,55.460472566479275,57.145599365234375,16453,0,62.16628227233887,66.09758338928222,61.063268570162265,63.4912708945247,55.40685678149167,37.34089632221805,-3.0394057205111196,-2.4721919359569062,-0.5672137845542133,71.84309516960741,62.16628227233887,52.48946937507033,3.2291604668050837,36.38578295877056,33.3951400399853,14849758.0,-79.58113111017076,-73.8505667837746,49.06321239863712,-0.24582613511048293,4481359872,10.320957,8.35,1.6156125,0.23
2022-03-10,59.475035368666816,59.9706606634057,56.947347121762654,58.2855339050293,13795,0,61.74995746612549,66.00638816833496,60.798722411578176,63.28712434591704,55.435500334959706,40.72042636536874,-2.8741813311295275,-2.5525898149914306,-0.3215915161380969,71.34195983403836,61.74995746612549,52.15795509821261,3.2144571150077956,60.2971803236181,42.03591904791083,14863553.0,-53.338737116841294,-64.03786438366474,49.06616422024966,-0.20476479001881961,4481359872,10.320957,8.35,1.6156125,0.23
2022-03-11,58.48378694916328,59.375914025323006,57.44297454785764,57.8890380859375,10758,0,61.27663593292236,65.91618438720702,60.521609618660015,63.075434688662945,55.45991364591471,39.91404358839488,-2.743607116115605,-2.5907932752162655,-0.15281384089933958,70.64719432995537,61.27663593292236,51.906077535889345,3.122920140897622,67.39826673961453,54.69374334066769,14852795.0,-50.93176184597313,-59.695788486243515,49.06842418105206,-0.18887765408581283,4481359872,10.320957,8.35,1.6156125,0.23
2022-03-14,59.27678635722849,59.27678635722849,56.550847150504325,57.59165954589844,9417,0,60.62241039276123,65.83589302062988,60.242566754587486,62.86038468306434,55.4811250479046,39.285668768850734,-2.6337617073629076,-2.599386961645594,-0.034374745717313804,69.05691578364993,60.62241039276123,52.18790500187254,3.0945643598852324,70.6002068529322,66.09855130538824,14843378.0,-52.50254932640158,-55.357176664876334,49.07030887238962,-0.43505613537448157,4481359872,10.320957,8.35,1.6156125,0.23
2022-03-15,57.88904322981846,57.988166788723625,55.95610358059673,56.60041427612305,18245,0,60.064832305908205,65.67431930541993,59.895695089971824,62.61489564749802,55.49226225415553,37.184269913468384,-2.596759807981904,-2.5988615309128558,0.002101722930951677,67.9999729639209,60.064832305908205,52.12969164789551,3.0186714204739222,54.82135511443331,64.27327623565998,14825133.0,-64.96200085984576,-64.28569137311815,49.07355780825607,-0.3204956341895524,4481359872,10.320957,8.35,1.6156125,0.23
2022-03-16,57.14560207513864,57.988163623810834,57.04647474032232,57.343849182128906,5791,0,59.66337623596191,65.51274536132813,59.65266214636774,62.40818794297374,55.510686004682626,39.78574781856401,-2.478871662882568,-2.574863557306798,0.09599189442422995,67.2901234325342,59.66337623596191,52.036629039389624,2.902176986703484,42.47007630030799,55.963879422557795,14830924.0,-49.733541694222474,-39.49048154110435,49.07466949255959,-0.2605054222023594,4481359872,10.320957,8.35,1.6156125,0.23
2022-03-17,57.393413088876194,57.98816195537727,56.649975115089305,56.947349548339844,16267,0,59.13801307678223,65.37099655151367,59.39501332750794,62.19403741769398,55.524981164321005,38.86135992343789,-2.3898895067351162,-2.5378687471924617,0.14797924045734545,65.94961596968999,59.13801307678223,52.32641018387447,2.7904634048166614,29.609353446869576,42.30026162053692,14814657.0,-52.98504372122193,-44.58600850295301,49.077692257772924,-0.3079748806538684,4481359872,10.320957,8.35,1.6156125,0.23
2022-03-21,56.15435015348817,57.44297522658401,54.6179086395789,54.766597747802734,33946,0,58.45900630950928,65.15986015319824,58.95421184372649,61.90276527377667,55.51743506067406,34.160292904056085,-2.466902040773718,-2.5236754059087128,0.05677336513499487,64.06395793623791,58.45900630950928,52.85405468278064,2.7929350606872654,22.248255698086954,31.44256181508813,14780711.0,-99.86611563016339,-72.61145581685511,49.08276189370851,-0.4100193236946308,4481359872,10.320957,8.35,1.6156125,0.23
2022-03-22,56.50128801339019,56.947351569760144,55.01441201303781,56.402164459228516,21784,0,57.93612174987793,64.9516975402832,58.71115971186954,61.687055437912036,55.52623833827162,40.020684783117794,-2.3686540942711574,-2.4926711435812017,0.12401704931004431,62.065663544316855,57.93612174987793,53.806579955439,2.7492078293494187,28.372716638290132,26.743441927748847,14802495.0,-85.80915044169369,-51.592333563627676,49.08626603611602,-0.34780982153145096,4481359872,10.320957,8.35,1.6156125,0.23
2022-03-23,56.94735308943718,57.492540214517476,55.708289722744986,56.64997863769531,19861,0,57.56935920715332,64.72668380737305,58.51485675242438,61.48952301437413,55.53741983378827,40.87934350717114,-2.244917345945346,-2.4431203840540308,0.19820303810868456,60.65603189897267,57.56935920715332,54.48268651533397,2.680282305236781,38.808998038411595,29.809990124929516,14822356.0,-59.967310383780216,-48.40760470060502,49.089682672260835,-0.30409298518654765,4481359872,10.320957,8.35,1.6156125,0.23
2022-03-24,57.44297658078816,57.44297658078816,55.21266259277817,56.10478591918945,31725,0,57.333937072753905,64.45508110046387,58.285326196878195,61.278356853778654,55.54306526747386,39.53829167383334,-2.165880653480343,-2.387672437939293,0.22179178445894987,60.096238871479656,57.333937072753905,54.571635274028154,2.648141711149153,52.451047796271475,39.877587490991026,14790631.0,-74.93258938048525,-55.41402780874865,49.09487060084864,-0.2320349416086816,4481359872,10.320957,8.35,1.6156125,0.23
2022-03-25,57.44297828006797,57.44297828006797,54.02316264102333,56.50128936767578,62322,0,57.103471183776854,64.17257469177247,58.11541792743034,61.091020873931484,55.55259983563507,41.052850226154305,-2.047645013595968,-2.319666953070628,0.2720219394746599,59.27231101032052,57.103471183776854,54.93463135723319,2.703261277427402,58.61349682140147,49.957847552028134,14852953.0,-85.3819457934788,-47.2972132778211,49.10466463958743,-0.11232510542785307,4481359872,10.320957,8.35,1.6156125,0.23
2022-03-28,54.56834384359588,56.64997233690624,54.56834384359588,55.510032653808594,45359,0,56.97460861206055,63.89006813049316,57.867285996609226,60.87215859078941,55.552176281587045,38.45909734151176,-2.010749876746104,-2.257883537805723,0.24713366105961931,59.19984470003953,56.97460861206055,54.74937252408157,2.658858935704756,52.8010689411687,54.621871186280494,14807594.0,-103.00932961033455,-60.81080874295698,49.11134882284788,-0.06838354744184093,4481359872,10.320957,8.35,1.6156125,0.23
2022-03-29,55.11353490907437,55.856972900372966,52.98234826947775,54.41966247558594,45358,0,56.751577377319336,63.58476295471191,57.53894089936891,60.6191195274481,55.540907487497485,35.781092341499225,-2.0459099988245555,-2.2154888300094897,0.16957883118493422,59.060674975748384,56.751577377319336,54.44247977889029,2.674270771075503,48.71789127284825,53.37748567847276,14762236.0,-163.3561272720717,-79.43259938755668,49.11682585395292,-0.06954183642277606,4481359872,10.320957,8.35,1.6156125,0.23
2022-03-30,53.57709942473316,55.609162597627915,52.58584872758243,54.171852111816406,52423,0,56.5855432510376,63.234851303100584,57.218265776744865,60.36628551114882,55.52728504594842,35.18149897462024,-2.0699102374622242,-2.1863731115000364,0.11646287403781219,59.12382127984677,56.5855432510376,54.047265222228425,2.6992024210019303,35.79273530017516,45.77056517139732,14709813.0,-156.3411581668009,-78.52344246519846,49.12278773474055,-0.05631866896498467,4481359872,10.320957,8.35,1.6156125,0.23
2022-03-31,55.01441190503172,55.01441190503172,51.59459635467091,52.387596130371094,29097,0,56.33029632568359,62.81555229187012,56.75820200089974,60.05339573151048,55.49604436022128,31.135865393733038,-2.2074589330633074,-2.1905902758126907,-0.016868657250616703,59.41935390211412,56.33029632568359,53.241238749253064,2.7506747873847073,26.026846908516372,36.84582449384655,14680716.0,-187.43498978914968,-89.80892685192576,49.12534850859113,-0.08909647539326379,4481359872,10.320957,8.35,1.6156125,0.23
2022-04-01,54.02316246998377,54.96485137939453,52.23891198870727,54.96485137939453,19975,0,56.134524536132815,62.453745956420896,56.58740670361353,59.85384497260397,55.4907588579245,41.58502486083962,-2.0844757666399047,-2.1693673739781336,0.08489160733822887,59.04336754578391,56.134524536132815,53.22568152648172,2.7489079733348896,37.626385181559066,33.148655796750155,14700691.0,-118.22327063143258,-56.128981142075574,49.127583842743704,-0.053801391786646294,4481359872,10.320957,8.35,1.6156125,0.23
2022-04-04,55.01441170424638,57.690789246122606,54.41966281997219,56.10478591918945,44601,0,56.057702255249026,62.12365936279297,56.54144281938267,59.706823048940656,55.49686857992713,45.522455787687264,-1.8734317753371954,-2.110180254249946,0.23674847891275075,58.88328267054271,56.057702255249026,53.23212183995534,2.7862092913931416,51.403254507253166,38.35216219910949,14745292.0,-0.6995949806102536,-29.45741958989176,49.13460580316688,-0.03966497492145116,4481359872,10.320957,8.35,1.6156125,0.23
2022-04-05,56.10478319282866,58.48378617696231,56.10478319282866,58.38466262817383,12506,0,56.23612747192383,61.81240653991699,56.71698756307706,59.65497362067529,55.525602849063915,52.42881071093895,-1.5048637623424455,-1.989116955868446,0.4842531935260006,59.17402214085552,56.23612747192383,53.29823280299214,2.757123126588892,79.73721133622512,56.255617008345745,14757798.0,85.07381047043651,-1.438827370785297,49.137021757720554,0.018680503550151672,4481359872,10.320957,8.35,1.6156125,0.23
2022-04-06,59.57416348128675,61.11060503779818,58.682040151170426,60.26803970336914,25098,0,56.42198715209961,61.52890884399414,57.05518300500964,59.67901542783976,55.57279127547491,57.250238522619725,-1.048709298728781,-1.8010354244405131,0.7523261257117322,59.846093384146144,56.42198715209961,52.99788092005308,2.754895932519996,87.8968975093327,73.01245445093696,14782896.0,185.13812771286942,-8.854188373356395,49.14320932318849,0.003418450433712771,4481359872,10.320957,8.35,1.6156125,0.23
2022-04-07,61.259285673462635,61.259285673462635,57.591657736130664,58.2855339050293,32772,0,56.478983879089355,61.280104904174806,57.172359281201985,59.6243690936119,55.59978373945058,51.35043368926574,-0.8375208305374571,-1.6083325056599018,0.7708116751224448,59.98631154468624,56.478983879089355,52.97165621349247,2.820091075720852,85.57997562569403,84.40469482375057,14750124.0,119.71731180033284,-30.769243276669712,49.15055513526388,-0.04138858014977983,4481359872,10.320957,8.35,1.6156125,0.23
2022-04-08,59.475042598520645,61.160169561743004,57.6907920768293,59.07854080200195,33519,0,56.51863422393799,61.09176742553711,57.35390037842103,59.60296406256837,55.63439823758542,53.41830183651316,-0.5992555735858929,-1.4065171192451,0.8072615456592072,60.12333579193548,56.51863422393799,52.91393265594049,2.8664686763774845,75.43158708443842,82.96948673982168,14783643.0,126.03589665667327,-22.56404525306891,49.15825753544018,-0.048929349194899954,4481359872,10.320957,8.35,1.6156125,0.23
2022-04-11,59.07853837473156,59.97066548958444,58.483789485710446,59.17766571044922,30650,0,56.583065605163576,60.92821136474609,57.527592314804664,59.586285695818596,55.66965463035024,53.68331767605316,-0.39784399127093906,-1.2047824936502678,0.8069385023793287,60.32682790037275,56.583065605163576,52.8393033099544,2.767926342627235,64.92148379917197,75.31101550310144,14814293.0,115.33307807013901,-21.538405367733642,49.16522177225924,-0.04093436816355732,4481359872,10.320957,8.35,1.6156125,0.23
2022-04-12,60.36716652727054,60.36716652727054,57.591661662455344,58.434226989746094,10698,0,56.625193977355956,60.71410125732422,57.61393847432289,59.541106923031435,55.69716281303079,51.3248430626502,-0.2948147122908651,-1.0227889373783872,0.7279742250875221,60.431841356737785,56.625193977355956,52.81854659797413,2.768467665640661,50.23488249729792,63.52931779363607,14803595.0,91.4170330672922,-29.230724242977832,49.16755043240339,-0.04418522380853303,4481359872,10.320957,8.35,1.6156125,0.23
2022-04-13,59.37591442800197,61.01147570362554,59.12810176975709,59.574161529541016,24838,0,56.773881340026854,60.50395606994629,57.800626384343666,59.54240318211024,55.73573991468761,54.617169268414315,-0.11979910635655955,-0.8421909711740216,0.7223918648174621,60.79150397807188,56.773881340026854,52.75625870198183,2.754809169086289,45.54758489306281,53.5679837298442,14828433.0,119.4545510194634,-17.435885296851872,49.17357357601457,-0.054386442638441904,4481359872,10.320957,8.35,1.6156125,0.23
2022-04-18,60.02022793393553,62.547916412353516,60.02022793393553,62.547916412353516,72560,0,57.034084701538085,60.37905853271484,58.252749244154124,59.66026644604135,55.803522765410655,61.86389425541156,0.25590922633891466,-0.6225709316714344,0.8784801580103491,61.77469563679212,57.034084701538085,52.29347376628405,2.770448148638161,59.009084302781396,51.59718389771401,14900993.0,159.37438476456572,-0.0,49.194076762759835,0.0633317620345814,4481359872,10.320957,8.35,1.6156125,0.23
2022-04-19,65.67035681278028,65.67035681278028,59.47504013232931,61.80447769165039,61964,0,57.27694110870361,60.25316993713379,58.591009096296624,59.74435316155543,55.8632337597016,59.31394408187573,0.4880456092625991,-0.4004476234846277,0.8884932327472268,62.45258603084685,57.27694110870361,52.10129618656037,3.0150816151962188,68.73378258653632,57.76348392746015,14839029.0,149.8861108780347,-27.46479760461305,49.21238567690244,0.050359589169543674,4481359872,10.320957,8.35,1.6156125,0.23
2022-04-20,64.13391752739236,64.13391752739236,60.51585472637929,61.407981872558594,24767,0,57.60901031494141,60.087631149291994,58.859292217845386,59.8095935031634,55.9184053827151,57.94221714325777,0.6327277743121513,-0.1938125439252719,0.8265403182374232,62.94745159773021,57.60901031494141,52.27056903215261,3.0581516998974223,66.4621826912042,64.73501652684062,14814262.0,123.07167015062554,-30.2816672172482,49.219523718956104,0.07640666780585752,4481359872,10.320957,8.35,1.6156125,0.23
2022-04-21,63.241794162534404,63.241794162534404,61.06104185734604,61.407981872558594,12207,0,57.85930118560791,59.910197219848634,59.10202456591331,59.87227540000242,55.97302803435534,57.94221714325778,0.7388721740026867,-0.007275600339680166,0.7461477743423668,63.41299498750711,57.85930118560791,52.30560738370871,2.995480314561061,44.745028019043765,59.980331098928076,14814262.0,105.77201360808435,-30.2816672172482,49.223007184738805,0.051725466834236844,4481359872,10.320957,8.35,1.6156125,0.23
2022-04-22,60.4662891524799,63.24179019337869,60.4662891524799,62.64704132080078,37439,0,58.15915431976318,59.76646598815918,59.43964520923593,59.98108974983765,56.03943612675778,61.19476765976455,0.9124558941441947,0.1766706985570948,0.7357851955870999,64.05626091134292,58.15915431976318,52.262047728183454,2.97976750929947,44.42927837503979,51.8788296950959,14851701.0,99.47695431055412,-22.509235094059665,49.233859835495196,0.0790274903535542,4481359872,10.320957,8.35,1.6156125,0.23
2022-04-25,61.50710543043569,64.43129576366637,60.56541650531784,61.407981872558594,32712,0,58.42431411743164,59.607865982055664,59.62710584383809,60.03704630366985,56.09285449238764,56.49004247038306,0.9392138283651477,0.32917932451870535,0.6100345038464423,64.40440755046087,58.42431411743164,52.4442206844024,3.0430612056601167,39.08285600261892,42.75238746556747,14818989.0,90.9911554757637,-37.885440159925906,49.243339444538016,0.061885239928639535,4481359872,10.320957,8.35,1.6156125,0.23
2022-04-26,61.061038685108954,62.34966755849264,60.56541335882943,60.76366424560547,14105,0,58.63743286132812,59.49089866638184,59.735349501149265,60.06554112492223,56.13933021132513,54.15831563026169,0.8980761732159053,0.4429586942581453,0.45511747895775995,64.63199256480621,58.63743286132812,52.642873157850026,2.9531464195174806,29.966673955882772,37.82626944451381,14804884.0,63.46702931718037,-51.29533012992096,49.247134834806005,0.007578356853922816,4481359872,10.320957,8.35,1.6156125,0.23
2022-04-27,60.66453995374388,62.39922857458685,59.27678754454107,60.020225524902344,35125,0,58.86294250488281,59.34419380187988,59.762480551030514,60.06376404256851,56.17794608509207,51.51604017083928,0.7963056773794506,0.5136280908824064,0.2826775864970442,64.70739494627598,58.86294250488281,53.01849006348963,2.9652388916980734,17.707700158929054,28.91907670581023,14769759.0,42.71987553004455,-69.93862791855777,49.25605505154425,-0.01388247045715735,4481359872,10.320957,8.35,1.6156125,0.23
2022-04-28,61.308852291977765,61.308852291977765,57.09603695375381,57.789913177490234,22025,0,59.03145503997803,59.08646865844727,59.574616991645726,59.974593420408574,56.193985558648265,44.501589563569574,0.5295795953507323,0.5168183917760716,0.012761203574660707,64.53833885439693,59.03145503997803,53.52457122555912,3.0543514950213506,10.460839289514274,19.378404468108684,14747734.0,-14.013587303223717,-91.90750712424195,49.26073546539281,-0.0378756880593896,4481359872,10.320957,8.35,1.6156125,0.23
2022-04-29,60.268042410236646,60.268042410236646,58.08729009202661,59.07854080200195,19124,0,59.2767894744873,58.912999954223636,59.52737164025108,59.93945410203969,56.22268760087069,48.83629514554524,0.417367579815199,0.4969282293838971,-0.07956064956869807,64.31289001919484,59.2767894744873,54.24068892977977,3.013192762001712,16.969858351384534,15.046132599942604,14766858.0,-10.365277720948727,-76.87858767991848,49.26497271916819,-0.04723825152434449,4481359872,10.320957,8.35,1.6156125,0.23
2022-05-02,57.9881619287629,59.326348768436695,57.78991104624651,58.1864128112793,4349,0,59.56673030853271,58.76926879882812,59.3996612755871,59.87070738475497,56.24222715520312,46.148939189876884,0.25352895208936843,0.44824837392499134,-0.1947194218356229,63.538081868697894,59.56673030853271,55.59537874836753,2.9077102591580313,19.015753222339356,15.482150287746038,14762509.0,-51.19349458841534,-87.28323790746373,49.265866557214146,-0.025646967005775147,4481359872,10.320957,8.35,1.6156125,0.23
2022-05-04,57.8394720794396,59.475037112563506,55.31178375841986,56.20391082763672,38171,0,59.62868328094483,58.544254760742184,59.09530409006802,59.72691144133857,56.24184589821241,40.778772326816295,-0.03587217034639423,0.3514242650707142,-0.38729643541710845,63.34116675805147,59.62868328094483,55.91619980383818,2.997391908799861,20.05840789169722,18.68133982180702,14724338.0,-125.35648724664985,-91.38754860794921,49.272475558027764,-0.09577289919630233,4481359872,10.320957,8.35,1.6156125,0.23
2022-05-05,57.343852446512585,57.78991602527589,54.51878941654733,55.361351013183594,8529,0,59.59151153564453,58.284547119140626,58.739689511317124,59.55571299317563,56.2330847550778,38.71673474807679,-0.3294148905547658,0.21525643394561822,-0.544671324500384,63.456153954634466,59.59151153564453,55.72686911665459,3.0169443873661974,15.18564059332025,18.086600569118925,14715809.0,-172.2998094621628,-92.44445586258227,49.273739351412566,-0.11193731009765587,4481359872,10.320957,8.35,1.6156125,0.23
2022-05-06,56.947346396065264,56.947346396065264,53.13102940641575,53.973594665527344,6954,0,59.370958137512204,58.02682189941406,58.28577571648,59.33680639209138,56.21060226662456,35.52994017418033,-0.6663486974763018,0.03893540766123421,-0.705284105137536,63.92746852988065,59.370958137512204,54.81444774514376,3.0740424303864344,12.267248875941938,15.837099120319786,14708855.0,-198.95333871691102,-93.28061839517855,49.27458164916204,-0.14109827984299708,4481359872,10.320957,8.35,1.6156125,0.23
2022-05-09,54.518786085861905,54.518786085861905,52.387595662704285,53.180599212646484,12835,0,59.01658611297607,57.81072929382324,57.79956843040062,59.09538650270139,56.18045298250538,33.8170360902012,-0.9859933550095832,-0.1660503448729293,-0.8199430101366538,64.28561130604915,59.01658611297607,53.747560919902995,3.006695858441519,11.80105762651234,13.084649031924826,14696020.0,-205.3690627363918,-94.02982903191284,49.27575592056459,-0.1648151312727988,4481359872,10.320957,8.35,1.6156125,0.23
2022-05-10,52.684976964396114,53.9240403569612,50.553786416655605,51.04941177368164,7342,0,58.65478000640869,57.61545295715332,57.15669636785596,58.77985808195552,56.129397846099174,29.676246418786505,-1.3952000663845894,-0.4118802891752613,-0.9833197772093281,64.96566724788535,58.65478000640869,52.343892764932036,3.0326642928603813,9.516662289970219,11.194989597474816,14688678.0,-204.51748006556411,-96.42857126136404,49.276177616701915,-0.14324687387817117,4481359872,10.320957,8.35,1.6156125,0.23
2022-05-11,50.55378556361958,52.33803606254188,48.57128416896783,48.769535064697266,12232,0,58.139329719543454,57.368631515502926,56.357919100888466,58.38729639500421,56.05616538061259,26.007478231848708,-1.8817744060260466,-0.7058591125454183,-1.1759152934806283,65.77295537521111,58.139329719543454,50.505704063875804,3.0850991214827865,6.29831997221909,9.2053466295672,14676446.0,-200.9150239598717,-98.74999526610871,49.27634639717269,-0.15816599043616553,4481359872,10.320957,8.35,1.6156125,0.23
2022-05-12,50.45465920596196,50.45465920596196,47.183529061291495,47.332218170166016,9391,0,57.5470573425293,57.15353019714355,55.498328536057755,57.95376391559879,55.96935993573253,23.993602731304417,-2.3562066533883623,-1.035928620714007,-1.3202780326743553,66.49201111874886,57.5470573425293,48.60210356630974,3.098387051710478,3.0763210796942055,6.297101113961155,14667055.0,-184.27802041967652,-99.13792254127574,49.27614624685769,-0.17925522752043585,4481359872,10.320957,8.35,1.6156125,0.23
2022-05-13,47.6295901621145,49.41384047043058,47.23309219433366,48.67040252685547,5302,0,57.05886611938477,56.94933250427246,54.84804986851468,57.58971052780494,55.896733493853155,29.46954852537403,-2.5943117229717743,-1.3476052411655606,-1.2467064818062137,66.78822691668381,57.05886611938477,47.32950532208572,3.0328414248809383,7.981211351610301,5.785284134507848,14672357.0,-149.13361279755435,-91.37932758935541,49.27604699493759,-0.1685997771103958,4481359872,10.320957,8.35,1.6156125,0.23
2022-05-16,49.46341083354062,51.04941042148544,47.03484589217657,50.950286865234375,21918,0,56.627672386169436,56.818487548828124,54.47683434439274,57.329340972410016,55.84751511943904,37.70426845808511,-2.569425357641123,-1.591969264460673,-0.9774560931804497,66.63338851658906,56.627672386169436,46.6219562557498,3.1029645037686477,26.209204544148168,12.422245658484208,14694275.0,-111.37180452705826,-74.51611916995306,49.27624401696426,-0.09580605312934821,4481359872,10.320957,8.35,1.6156125,0.23
2022-05-17,50.553785880824066,53.27972531557438,48.67040803155894,50.45466232299805,14714,0,56.02300968170166,56.677730102539066,54.09377034235515,57.059745731256605,55.79385489260878,36.70109538260484,-2.5601832929292243,-1.7856120701543834,-0.7745712227748409,65.98610358469853,56.02300968170166,46.059915778704784,3.2105611309291326,43.95556139548122,26.048659097079877,14679561.0,-83.47430863038943,-77.74192102923465,49.27674555252011,-0.29875591044186045,4481359872,10.320957,8.35,1.6156125,0.23
2022-05-18,52.437159720306546,52.93278503417969,51.69372174949684,52.93278503417969,13315,0,55.57942504882813,56.55878005981445,53.983200313005106,56.897904135292805,55.76538653580849,44.63321639496382,-2.326081478454654,-1.8937059518144375,-0.4323755266402165,65.25935242553211,55.57942504882813,45.89949767212414,3.158244100947169,68.68028602910128,46.28168398957687,14692876.0,-51.846285264090056,-58.68056257782494,49.277710184284814,-0.25862632544324093,4481359872,10.320957,8.35,1.6156125,0.23
2022-05-19,52.53628433146822,55.559598050882826,50.30597037400023,52.734535217285156,23109,0,55.14575271606445,56.46064613342285,53.86427982769845,56.73463476595917,55.73522881124607,44.15649743598104,-2.131975125117677,-1.9413597864750853,-0.1906153386425915,64.51447578544165,55.14575271606445,45.77702964668725,3.307914356371128,72.02226745102546,61.55270495853597,14669767.0,-41.086640932315355,-56.92885451122936,49.2795620110634,-0.22904439442912664,4481359872,10.320957,8.35,1.6156125,0.23
2022-05-20,54.766600209777216,55.31178732890441,50.15728302348465,54.667476654052734,28992,0,54.80872745513916,56.45767250061035,53.94077476354171,56.65356974196284,55.724604411672004,49.787744178538254,-1.801406726548926,-1.9133691744898536,0.11196244794092758,63.726197648040284,54.80872745513916,45.89125726223804,3.43981363844603,83.61326735792348,74.77194027935006,14698759.0,-28.03445522449788,-38.645390358889024,49.28221388145523,-0.13681421996153748,4481359872,10.320957,8.35,1.6156125,0.23
2022-05-23,56.94735266450402,56.99691444253762,52.09022279078535,52.18935012817383,14164,0,54.28584289550781,56.37044258117676,53.7739724173162,56.47850230612798,55.68942775213471,43.70311932811478,-1.7195708468110524,-1.8746095089540933,0.15503866214304085,62.50241372860827,54.28584289550781,46.06927206240736,3.5445906393964757,66.21910855334305,73.95154778743064,14684595.0,-16.152252747468076,-58.56571539229978,49.28362825539311,-0.247641511575024,4481359872,10.320957,8.35,1.6156125,0.23
2022-05-24,52.09022521972656,53.72579044035,50.900723584847825,52.09022521972656,20934,0,53.819955062866214,56.2693350982666,53.61361554135529,56.30641300862204,55.653614791613236,43.47425006950558,-1.6437655679545387,-1.8284407207541824,0.18467515279964375,61.400390738927115,53.819955062866214,46.23951938680531,3.493196083404026,53.35258925650967,67.72832172259204,14663661.0,-38.89728945214401,-52.9953848279261,49.28500761457684,-0.21087153542688347,4481359872,10.320957,8.35,1.6156125,0.23
2022-05-25,51.69372212379948,53.874470495574755,49.512969970703125,49.512969970703125,7462,0,53.25742034912109,56.09388381958008,53.223077867959844,56.04000347772325,55.59251384812159,37.91467407806265,-1.7712346078841605,-1.816999498180178,0.04576489029601749,60.347147318205195,53.25742034912109,46.16769338003699,3.555217829223141,23.507613043795473,47.69310361788271,14656199.0,-60.71069183187326,-75.12440246722915,49.285287372299074,-0.20440585028308209,4481359872,10.320957,8.35,1.6156125,0.23
2022-05-26,51.44591125037807,51.64415835918564,47.381781237362155,51.29722213745117,18436,0,52.82127017974854,55.96204750061035,53.03966303648283,55.85401205261454,55.549774627119895,43.31887533263139,-1.7085849978561427,-1.795316598115371,0.08673160025922821,59.234123620446525,52.82127017974854,46.40841673905055,3.6057292072660228,22.994187266830767,33.28479652237862,14674635.0,-75.48036175055765,-57.213943833782174,49.28562523670796,-0.10604668973205618,4481359872,10.320957,8.35,1.6156125,0.23
2022-05-27,52.33803429579841,52.33803429579841,48.91821874920053,50.999847412109375,4797,0,52.481766891479495,55.83021125793457,52.84539488178059,55.663652654947676,55.50450171950785,42.652499044549366,-1.663751691760531,-1.769003616844403,0.10525192508387193,58.5141522283743,52.481766891479495,46.44938155458469,3.592449660075441,26.116840727632837,24.206213679419676,14669838.0,-53.815256056903735,-60.19901389065324,49.28578196712972,-0.05816242649229627,4481359872,10.320957,8.35,1.6156125,0.23
2022-05-30,49.6120969911961,53.52753802922797,49.6120969911961,53.23016357421875,25339,0,52.18934803009033,55.762806243896485,52.882039519155654,55.568221710605364,55.48187148920647,48.99034669083651,-1.431748790101274,-1.7015526514957773,0.2698038613945033,57.4292117692002,52.18934803009033,46.94948429098046,3.615520472786615,56.14231555666961,35.08444785037772,14695177.0,-7.390208750433435,-37.81093102578937,49.28738302303349,0.02092327835651776,4481359872,10.320957,8.35,1.6156125,0.23
2022-05-31,53.874471322750544,54.02316043280047,51.644157359928506,52.88322067260742,20754,0,51.924188423156735,55.67359367370605,52.882152009960585,55.4629275522525,55.456014267150756,48.09981986620149,-1.2613402662506132,-1.6135101744467444,0.35216990819613114,56.40506648294514,51.924188423156735,47.44331036336833,3.5271978013641396,70.18036476007585,50.81317368145941,14674423.0,28.985444158524448,-41.29357019713651,49.289028817998705,0.029267474374647443,4481359872,10.320957,8.35,1.6156125,0.23
2022-06-01,53.82490479004582,53.82490479004582,50.553778689904405,50.90071487426758,23827,0,51.65902862548828,55.55266098022461,52.693443711323155,55.284017251155056,55.41068790503252,43.260651907316344,-1.271603677161103,-1.5451288749896162,0.27352519782851314,55.70171636542891,51.65902862548828,47.61634088554766,3.5089069655625167,75.2990683939919,67.20724957024576,14650596.0,-2.2263595774055576,-61.19411382738479,49.290338465559245,0.0407841223199665,4481359872,10.320957,8.35,1.6156125,0.23
2022-06-02,51.94153440643341,53.27972124136246,50.90071822224297,52.93278503417969,9034,0,51.53760032653808,55.51598472595215,52.71623812302378,55.19181206617563,55.386032155073785,48.931984807289105,-1.1030511381702226,-1.4567133276257374,0.35366218945551475,55.261495827324154,51.53760032653808,47.81370482575201,3.4281997799576858,71.4871890298899,72.32220739465254,14659630.0,34.697786154156965,-40.79603937488103,49.29095747887664,0.07573092360363193,4481359872,10.320957,8.35,1.6156125,0.23
2022-06-03,54.4196603312019,54.4196603312019,52.04065734026154,52.33803176879883,12032,0,51.45582218170166,55.43470207214355,52.68021847024045,55.079899113337326,55.3557037930213,47.437453601941684,-1.005868627217204,-1.3665443875440306,0.3606757603268267,55.03101049222677,51.45582218170166,47.880633871176556,3.353257152170734,62.77557792554291,69.85394511647489,14647598.0,68.75041140318991,-48.45364670799456,49.29193180902396,0.05767060556369982,4481359872,10.320957,8.35,1.6156125,0.23
2022-06-06,52.338033783209454,52.338033783209454,51.594595792591925,51.7928466796875,3956,0,51.38643455505371,55.3375594329834,52.595706871140166,54.950995096331454,55.320252478460766,46.0490223299601,-0.9617561413886193,-1.2855867383129485,0.32383059692432914,54.87791831213236,51.38643455505371,47.89495079797506,3.1668414977740764,55.797706594552956,63.35349118332857,14643642.0,22.46801853683139,-54.12371988823792,49.29216195214097,0.06423271449263898,4481359872,10.320957,8.35,1.6156125,0.23
2022-06-07,51.79284834126245,53.378847926265415,51.79284834126245,52.18935012817383,6062,0,51.44343147277832,55.259250717163084,52.55700622895289,54.84269529365861,55.28909922124398,47.258078967027984,-0.8846049883230052,-1.2053903883149597,0.32078539999195455,54.94823989035276,51.44343147277832,47.938623055203884,3.0539243369743505,43.686728074718474,54.08667086493809,14649704.0,48.26230636890384,-49.99997620184879,49.29258800582397,0.07178527740270486,4481359872,10.320957,8.35,1.6156125,0.23
2022-06-08,51.99109950793252,53.626660879564,51.79284861343501,52.486724853515625,6009,0,51.62929096221924,55.178959426879885,52.55031276462554,54.75030429600594,55.261214899177034,48.195758452131386,-0.7903557593887953,-1.1223834625297269,0.33202770314093155,54.93583823393191,51.62929096221924,48.32274369050656,2.9667734747711103,39.80992392660496,46.43145286529211,14655713.0,53.1899229193846,-46.90719819247362,49.29303449410648,0.10607848618021867,4481359872,10.320957,8.35,1.6156125,0.23
2022-06-09,52.53628663180968,52.98235019909874,51.69372505684691,52.486724853515625,9954,0,51.88701629638672,55.118493270874026,52.54425677309126,54.66153647473181,55.23360803305105,48.19575845213139,-0.7075068676666803,-1.0394081435571176,0.3319012758904374,54.55565586143289,51.88701629638672,49.21837673134055,2.846905736734019,39.65249037035666,41.049714123893345,14655713.0,34.61502468785287,-46.90719819247362,49.293719029117824,0.14321824376840717,4481359872,10.320957,8.35,1.6156125,0.23
2022-06-10,51.29722299828386,53.4284134856203,51.29722299828386,52.18935012817383,4325,0,52.06296367645264,55.07388702392578,52.510456140241985,54.564587990553065,55.20331690961943,47.22208573193354,-0.6582562113000776,-0.9631777571057096,0.304921545805632,54.28709665957715,52.06296367645264,49.83883069332813,2.795783218919906,38.31585926042708,39.259424519129546,14651388.0,21.287330132626085,-31.69008977406645,49.29400842566958,0.13543242561725866,4481359872,10.320957,8.35,1.6156125,0.23
2022-06-13,53.03190509627227,53.03190509627227,50.7024677868148,50.90071487426758,6813,0,52.0604850769043,55.0084642791748,52.35714744824442,54.4209066918752,55.16050494906867,43.153608085692824,-0.7149651337028047,-0.9135352324251287,0.198570098722324,54.28967718867723,52.0604850769043,49.83129296513137,2.762472796815446,25.55219142696032,34.506847019248,14644575.0,-55.219884997400555,-50.000083974367406,49.29434915440683,0.04623242955841371,4481359872,10.320957,8.35,1.6156125,0.23
2022-06-14,51.2972192569259,51.545031910341,49.26515625518628,49.711219787597656,23200,0,52.023312950134276,54.954936752319334,52.10515433770663,54.236213087785885,55.106283206168456,39.749265884253305,-0.8461359472432548,-0.9000553753887539,0.053919428145499104,54.379548621639664,52.023312950134276,49.66707727862889,2.7280015724111086,18.434930502889078,27.43432706342547,14621375.0,-171.40320575918565,-66.9014127810968,49.294802227144984,0.006618291600416328,4481359872,10.320957,8.35,1.6156125,0.23
2022-06-15,51.545035544408975,51.545035544408975,49.26515972851668,49.41384506225586,5206,0,51.84736595153809,54.84391662597656,51.84883916861608,54.047100616196474,55.04964203060714,38.922573889763775,-0.9629847285658215,-0.9126412460241674,-0.050343482541654105,54.42116737970916,51.84736595153809,49.273564523367014,2.695992589802622,6.85942925578438,16.948850395211235,14616169.0,-148.56302137949692,-90.99097380808635,49.294892373388066,-0.05820668947240859,4481359872,10.320957,8.35,1.6156125,0.23
2022-06-16,51.34678501997443,51.34678501997443,45.94446799960784,47.084407806396484,37467,0,51.564859580993655,54.6635090637207,51.39508380078564,53.77405383934157,54.97038596867469,33.11299413063374,-1.2293827887182616,-0.9759895545629862,-0.25339323415527537,54.83364446093258,51.564859580993655,48.29607470105473,2.8893014777000485,9.676847322595306,11.657069027089564,14578702.0,-230.7224361696717,-86.549688052044,49.29392014392378,-0.12426578421517617,4481359872,10.320957,8.35,1.6156125,0.23
2022-06-17,46.5887813129595,46.5887813129595,42.77246776049024,45.89490509033203,36944,0,51.126231002807614,54.413713912963864,50.871257256932914,53.46506761389021,54.88008267635287,30.601217707388813,-1.5189782628973205,-1.084587296229853,-0.43439096666746746,54.9235727990832,51.126231002807614,47.328889206532025,2.9909185182862053,16.41267928350081,10.982985287293475,14541758.0,-297.06936664153363,-73.1915024939696,49.29047367132042,-0.11498437563828294,4481359872,10.320957,8.35,1.6156125,0.23
2022-06-20,46.043594274818275,46.043594274818275,43.76371849517995,44.65584182739258,48893,0,50.749555587768555,54.10146995544434,50.27931293031003,53.1196077791256,54.77834893656222,28.201462796326844,-1.8274016637803925,-1.233150169739961,-0.5942514940404315,55.43990845358611,50.749555587768555,46.059202721950996,2.9401297512399283,22.378495690736738,16.156007432277594,14492865.0,-237.27277659994112,-83.82980228524491,49.28563498399587,-0.09399742495723781,4481359872,10.320957,8.35,1.6156125,0.23
2022-06-21,44.60628117741765,46.93571879304316,42.62377979175464,45.84534454345703,23965,0,50.43731155395508,53.85266616821289,49.85703022680022,52.83434255419742,54.68946332071042,33.5859550090392,-1.9533297336889888,-1.3771860825297666,-0.5761436511592222,55.54223102837322,50.43731155395508,45.33239207953693,3.038116126243399,29.338265829564023,22.709813601267168,14516830.0,-178.29139251780296,-72.68906936681007,49.28343359623488,-0.04785029814134213,4481359872,10.320957,8.35,1.6156125,0.23
2022-06-22,46.787027680597355,46.787027680597355,45.10190095460084,45.30015182495117,4984,0,50.22667064666748,53.57709838867188,49.4230418075765,52.53888409422698,54.59603733567799,32.38708975348837,-2.073222316048742,-1.5163933292335616,-0.5568289868151806,55.793530175769554,50.22667064666748,44.659811117565404,2.9414740262257637,29.420593944168658,27.04578515482312,14511846.0,-132.2396731238827,-77.31096017591628,49.28304166046757,-0.0372112357679513,4481359872,10.320957,8.35,1.6156125,0.23
2022-06-23,45.30015348483201,46.886152943106865,45.30015348483201,45.696651458740234,17609,0,49.946642112731936,53.30747810363769,49.06814748863972,52.27056124577652,54.50748623242488,34.22593335637246,-2.1118991853896034,-1.63549450046477,-0.47640468492483334,55.824674076509865,49.946642112731936,44.06861014895401,2.844654532792187,46.01904818440647,34.925969319379696,14529455.0,-107.14909440621147,-72.07211781657642,49.28174769224987,-0.11049721857001868,4481359872,10.320957,8.35,1.6156125,0.23
2022-06-24,47.38178028190239,48.174780045105386,45.10190454469835,46.39052963256836,9362,0,49.716176223754886,53.066604156494144,48.813136264251966,52.03997177074875,54.426720495112875,37.43284286760456,-2.062782243680175,-1.7209520491078512,-0.3418301945723239,55.76978180861546,49.716176223754886,43.66257063889431,2.8609560304789623,56.601056126710546,44.0135660850952,14538817.0,-79.74061714500515,-65.76578615407298,49.28118329082707,-0.11659849517480991,4481359872,10.320957,8.35,1.6156125,0.23
2022-06-27,48.17478075130191,50.999847412109375,46.687904755504675,50.999847412109375,12980,0,49.60466041564941,52.895117874145505,49.02139446880982,51.99918258021387,54.392622255481,53.61254894787042,-1.6330979537315713,-1.7033812300325952,0.07028327630102393,55.4746125789421,49.60466041564941,43.734708252356725,2.9858390125548233,79.70713419967329,60.77574617026341,14551797.0,-3.887426469398964,-23.873869457382423,49.28126403085432,-0.1473709993445307,4481359872,10.320957,8.35,1.6156125,0.23
2022-06-28,53.52753425348499,53.52753425348499,50.206846141028706,50.75203323364258,20066,0,49.49810104370117,52.65920021057129,49.1862172083177,51.95027476270127,54.35639748909455,52.82166910084204,-1.2976085675386244,-1.622226697533801,0.3246181299951767,55.20111956070935,49.49810104370117,43.79508252669299,3.009756805404927,78.30532692113367,71.53783908250581,14531731.0,46.87828420127738,-25.4545443918769,49.28224590057224,-0.19213032668393246,4481359872,10.320957,8.35,1.6156125,0.23
2022-06-29,52.28847324928966,52.536285918717574,50.6033463409156,51.7432861328125,10940,0,49.540229606628415,52.45797637939453,49.42974758207911,51.942157561529164,54.33039638107184,55.64052853450981,-0.9408988904731785,-1.4859611361216767,0.5450622456484981,55.296272261735766,49.540229606628415,43.784186951521065,2.9328412891475737,81.96080247414567,79.9910878649842,14542671.0,50.50699131922913,-16.363612432165315,49.28281279589069,-0.13318788608136126,4481359872,10.320957,8.35,1.6156125,0.23
2022-06-30,53.031909782657344,56.897788830744005,51.89197002246429,52.88322067260742,23784,0,49.53775138854981,52.28748115539551,49.75864978117704,51.97906199725772,54.31599662277866,58.696817999115446,-0.5597680532391394,-1.3007225195451693,0.7409544663060299,55.287989111357255,49.53775138854981,43.78751366574236,3.0915313897749974,70.61625760073939,76.96079566533956,14566455.0,103.79915931239698,-28.125021829332017,49.285233022512955,-0.19111152497883557,4481359872,10.320957,8.35,1.6156125,0.23
2022-07-01,51.8919687074505,53.131031988729845,51.39634339493876,51.5450325012207,6117,0,49.4981014251709,52.09022216796875,49.928781468800246,51.96204123270725,54.288424840474605,53.993826584520995,-0.361532202374498,-1.112884456111035,0.7513522537365369,55.181099475660616,49.4981014251709,43.815103374681186,2.994614047204718,64.12090969065646,72.23265658851382,14560338.0,59.272159822255205,-37.50002059619188,49.28560293426641,-0.18224490560579348,4481359872,10.320957,8.35,1.6156125,0.23
2022-07-04,50.25640848672626,52.58584599129023,50.25640848672626,51.34678268432617,2986,0,49.47579822540283,51.86421699523926,50.06382920361224,51.937913446496225,54.259154769269145,53.312323958760054,-0.21791398891515712,-0.9338903626718593,0.7159763737567022,55.12600445473238,49.47579822540283,43.825591996073285,2.947101437016093,43.525391681537315,59.4208529909777,14557352.0,44.42342095334935,-38.88890732278014,49.28574208307552,-0.17758985936504074,4481359872,10.320957,8.35,1.6156125,0.23
2022-07-05,50.80159347270769,53.0319073324851,48.86865403796973,49.26515579223633,18057,0,49.32958850860596,51.62136047363281,49.98776506919548,51.83309942083898,54.20946323715937,46.6537025801925,-0.2689649527941782,-0.800905280696323,0.5319403279021448,54.840987838171465,49.32958850860596,43.81818917904045,3.0339694268374697,23.182699031847992,43.60966680134724,14539295.0,22.1065717409098,-53.4722446767351,49.286181559483275,-0.20627503299140004,4481359872,10.320957,8.35,1.6156125,0.23
2022-07-06,51.346785095804506,51.346785095804506,49.265160154870784,49.85990905761719,4905,0,49.19824771881103,51.403285369873046,49.97558830618802,51.755719406594984,54.16618409109427,48.62795285659759,-0.25845231411864944,-0.6924146873807884,0.43396237326213893,54.52452849948255,49.19824771881103,43.871966938139515,2.9659451323182346,11.440341142527174,26.049477285304146,14544200.0,19.970881028230888,-49.30555777219207,49.286275844545756,-0.20891760534034717,4481359872,10.320957,8.35,1.6156125,0.23
2022-07-07,50.90071812047766,51.247658108287865,48.57128066245956,49.0669059753418,7394,0,49.02725677490234,51.18421897888184,49.88904713182171,51.650275742624274,54.115445005365395,46.17425788283156,-0.31053009591770575,-0.6160377690881719,0.3055076731704661,54.13538256628388,49.02725677490234,43.9191309835208,2.945261726140383,9.38452760704959,14.669189260474903,14536806.0,9.740354117973075,-54.86113140332336,49.28633169147876,-0.23188525152844774,4481359872,10.320957,8.35,1.6156125,0.23
2022-07-08,50.5537823505136,51.5450329848374,49.61209349164178,50.75203323364258,5910,0,48.95539093017578,51.043461380004885,49.97123628437608,51.61505054619362,54.081978221567155,51.746223252693,-0.21336686622723988,-0.5355035885159855,0.32213672228874557,53.92202904801637,48.95539093017578,43.98875281233519,2.9118949606657556,24.034741205810462,14.953203318462394,14542716.0,41.627738489500885,-43.05556750254491,49.28650770486261,-0.22537579717945982,4481359872,10.320957,8.35,1.6156125,0.23
2022-07-11,51.94153447527654,51.94153447527654,45.69665248714119,49.21559524536133,33012,0,48.87113494873047,50.84620246887207,49.89927047113658,51.52095425988647,54.03355650041088,46.97178318621924,-0.25737515124743027,-0.4798779010622744,0.22250274981484414,53.75946616905356,48.87113494873047,43.98280372840738,3.1499654626278693,35.910503371005525,23.109924061288513,14509704.0,-3.5962384231635847,-65.12603091895853,49.28626373997425,-0.18085675336861656,4481359872,10.320957,8.35,1.6156125,0.23
2022-07-12,51.049405170168654,51.049405170168654,48.719967806,49.612091064453125,10631,0,48.86617851257324,50.674716033935546,49.87192005145244,51.4460968796734,53.98956181945608,48.29753817430176,-0.25729223056649886,-0.4353607669631193,0.17806853639662046,53.75129248671301,48.86617851257324,43.98106453843347,3.0913563127379255,53.1867669947494,37.71067052385512,14520335.0,22.425253631661498,-61.764744292293074,49.28638265817363,-0.15342392453986903,4481359872,10.320957,8.35,1.6156125,0.23
2022-07-13,49.51296751839863,50.60334165028164,48.67040225165185,49.612091064453125,4941,0,48.8760908126831,50.54287963867188,49.847174433642984,51.37417508299809,53.946004896520726,48.29753817430176,-0.2542951590294038,-0.3991476453763762,0.1448524863469724,53.76641134437062,48.8760908126831,43.98577028099559,3.008612247444488,57.789910848710086,48.962393738154994,14520335.0,18.252662528620068,-61.764744292293074,49.28641992078051,-0.14063713071877706,4481359872,10.320957,8.35,1.6156125,0.23
2022-07-14,50.3555308641373,50.3555308641373,48.67040404971005,48.918216705322266,1431,0,48.9677812576294,50.41401695251465,49.75870226904101,51.2778629897559,53.89597715332472,45.96517202292228,-0.30440087625687795,-0.38019829155247653,0.07579741529559858,53.78856290286356,48.9677812576294,44.146999612395234,2.9140775736575426,58.994663650455315,56.65711383130493,14518904.0,7.0299572649490445,-71.23895184062312,49.28642081308339,-0.08954975674013703,4481359872,10.320957,8.35,1.6156125,0.23
2022-07-15,49.41384141349699,50.256406701088416,48.71996901130769,49.562530517578125,4170,0,49.1511625289917,50.32579566955567,49.740019245092164,51.2105950496705,53.852858281327244,48.4543997104557,-0.2887902836339791,-0.361916689968777,0.07312640633479794,53.765016954178726,49.1511625289917,44.53730810380467,2.8156747248091984,58.73012410714524,58.50489953543687,14523074.0,7.211174936950371,-65.48673356123541,49.28644162845313,-0.18524111629304021,4481359872,10.320957,8.35,1.6156125,0.23
2022-07-18,51.34678436233588,51.34678436233588,48.620844997931435,49.11647033691406,14956,0,49.37419395446777,50.24451309204102,49.68063363478949,51.12847251191535,53.80573004307438,46.84546256171737,-0.30885185329997,-0.35130372263501564,0.04245186933504563,53.50303636577517,49.37419395446777,45.24535154316037,2.809265056208859,43.891276904792015,53.872021554130846,14508118.0,5.955576315533522,-69.46900970698394,49.28657612010623,-0.20696649264764805,4481359872,10.320957,8.35,1.6156125,0.23
2022-07-19,50.10772093077813,51.74328605920415,48.868657585401216,50.355533599853516,38530,0,49.5997034072876,50.230635528564456,49.74490982193844,51.09816118203057,53.771399730206504,51.648344570406955,-0.2222072746180359,-0.32548443303161967,0.10327715841358376,53.4136215331745,49.5997034072876,45.7857852814007,2.813933871751293,45.21402894110846,49.27847665101523,14546648.0,24.91313587875473,-58.40706719570376,49.28745453590167,-0.236645111100834,4481359872,10.320957,8.35,1.6156125,0.23
2022-07-20,50.35553247489605,52.38759555965306,49.7112218184869,51.7928466796875,78490,0,49.92433815002441,50.29110176086426,49.93995142743835,51.125403750566136,53.75171263517647,56.5525479000009,-0.03713361515548286,-0.2678142694563923,0.23068065430090945,53.29912219156288,49.92433815002441,46.54955410848594,2.804108148138069,52.649301356519516,47.25153573413999,14625138.0,65.23588202617489,-17.99995963020704,49.290920203564006,-0.038001252010897164,4481359872,10.320957,8.35,1.6156125,0.23
2022-07-21,52.982349031564056,52.982349031564056,50.851158579991704,51.29722213745117,6335,0,50.20436668395996,50.37040184020996,50.06921530458243,51.13214172652241,53.72728984415433,54.49978851536357,0.06875328977388051,-0.20050075761033775,0.26925404738421826,53.011108308050616,50.20436668395996,47.397625059869306,2.7560425983833747,67.04323818510595,54.96885616091131,14618803.0,80.27514317000386,-23.648601604278646,49.29125687552987,-0.02310276425680351,4481359872,10.320957,8.35,1.6156125,0.23
2022-07-22,52.04065751508263,52.13978106448771,51.04940689574772,51.247657775878906,10423,0,50.44722309112549,50.42194694519043,50.18144792089638,51.13667176767365,53.70261688825109,54.28756785988894,0.14697575009426345,-0.1310054560694175,0.27798120616368094,52.67219550802881,50.44722309112549,48.22225067422217,2.6370662819802755,68.6004701576744,62.76433656643328,14608380.0,57.30760890090609,-24.324302212059532,49.29175765429639,-0.039233619003933795,4481359872,10.320957,8.35,1.6156125,0.23
2022-07-25,51.198095537186596,52.7840950012207,50.603342902183066,52.04065704345703,7499,0,50.49926357269287,50.44375434875488,50.35851545637835,51.172122170645544,53.68607997437255,57.16173897457087,0.2698454169886162,-0.050835281457810744,0.32068069844642694,52.82012484238417,50.49926357269287,48.17840230300157,2.604472411770087,66.23306622013475,67.29225818763835,14615879.0,70.79875847829118,-12.925215624412484,49.29217221380191,-0.07403655752832812,4481359872,10.320957,8.35,1.6156125,0.23
2022-07-26,52.040654211997484,52.38759039421582,50.60334014892578,50.60334014892578,5551,0,50.49182891845703,50.446727905273434,50.38183209376382,51.1498169933232,53.65540594625865,50.913268809508736,0.24837790610860822,0.00900735605547305,0.23937055005313518,52.81035513639447,50.49182891845703,48.17330270051959,2.5458851141643692,54.86935830746466,63.234298228424585,14610328.0,31.90424893835929,-32.653142608024005,49.29240449713013,-0.05089434513617237,4481359872,10.320957,8.35,1.6156125,0.23
2022-07-27,50.10771487071628,50.99984188402169,50.05815309915948,50.60334014892578,7079,0,50.434831619262695,50.400139007568356,50.40292809901734,51.12838652883703,53.625037132354834,50.91326880950875,0.2287281137540873,0.05295150759519591,0.1757766061588914,52.68245858427116,50.434831619262695,48.18720465425423,2.431299662071358,41.00828338621208,54.036902637937146,14610328.0,-8.158743328236257,-32.653142608024005,49.29260051282625,-0.05446170456887814,4481359872,10.320957,8.35,1.6156125,0.23
2022-07-28,52.53629049952407,52.53629049952407,50.10772537111194,51.098976135253906,7377,0,50.34561939239502,50.367427825927734,50.469218388182725,51.12723318006906,53.599902197060295,52.969298547989254,0.250264302542341,0.09241406658462492,0.15785023595771608,52.32281121021577,50.34561939239502,48.36842757457428,2.4311043382385558,28.03288220033866,41.30350796467179,14617705.0,59.35182569925226,-25.850279171342304,49.29291706509317,-0.010530054475663114,4481359872,10.320957,8.35,1.6156125,0.23
2022-07-29,50.10772002296914,51.54503423383057,50.10772002296914,50.70247268676758,15436,0,50.30349140167236,50.288127746582035,50.49143308328605,51.110575905821946,53.57107205267927,51.12444167433375,0.2326554653599615,0.12046234633969224,0.11219311902026927,52.21135379389746,50.30349140167236,48.39562900944726,2.36011932914019,26.820909047942596,31.954024878164432,14602269.0,28.0585088658102,-52.2727097628661,49.29342243271938,-0.0017435275954009036,4481359872,10.320957,8.35,1.6156125,0.23
2022-08-01,50.70247809839007,51.59460151732489,50.55378897124014,51.098976135253906,30288,0,50.29110107421875,50.26632026672363,50.5492943263306,51.11012101285849,53.546474083351654,52.89138835894354,0.2478379282403651,0.14593746271982683,0.10190046552053827,52.17476576810377,50.29110107421875,48.407436380333735,2.265883130350516,34.60631450171241,29.820035249997876,14632557.0,57.64578981056593,-43.18173001301849,49.29461054675389,0.003635421406415977,4481359872,10.320957,8.35,1.6156125,0.23
2022-08-02,52.23890821972674,52.833657076801316,49.959032559179484,52.33803176879883,26375,0,50.44474487304687,50.27127639770508,50.71965027323234,51.15827437583655,53.534449781714315,58.00111844892185,0.35575070122727936,0.18790011042131732,0.16785059080596204,52.464952615006666,50.44474487304687,48.42453713108708,2.309364658012753,49.465135850706965,36.96411980012064,14658932.0,102.20213500469268,-14.772822810588732,49.29600672522012,0.10299371859888425,4481359872,10.320957,8.35,1.6156125,0.23
2022-08-03,52.53628472720875,53.03191005482393,50.35553252943774,50.55378341674805,29538,0,50.479438591003415,50.292092666625976,50.70385342975764,51.134568848029154,53.504791409923605,49.64964699364147,0.2939104046719194,0.20910216927143774,0.08480823540048169,52.48203590424738,50.479438591003415,48.47684127775945,2.335579862825142,48.03789099267156,44.03644711503029,14629394.0,62.00897786220149,-56.17977985166407,49.29731194100029,0.028878487611865393,4481359872,10.320957,8.35,1.6156125,0.23
2022-08-04,51.5450340719784,51.5450340719784,50.00859631263558,50.55378341674805,22540,0,50.55378246307373,50.277223892211914,50.68956104756625,51.11179294876323,53.475428146309916,49.64964699364147,0.24211062355679758,0.2157038601285097,0.026406763428287877,52.44860269368012,50.55378246307373,48.65896223246734,2.278498284004976,40.48943629282373,45.997487712067404,14629394.0,5.938390460430789,-56.17977985166407,49.29800521067295,0.02242711677969542,4481359872,10.320957,8.35,1.6156125,0.23
2022-08-05,52.0406588489221,55.21266166835871,50.85115731896823,52.585845947265625,48952,0,50.645473098754884,50.30894386291504,50.87015960944238,51.169598948704504,53.46657658214032,57.695379142263356,0.36086950832490317,0.2447369897677884,0.11613251855711476,52.73705401824591,50.645473098754884,48.55389217926386,2.4485254245482397,29.56989319759354,39.3657401610296,14678346.0,171.97627819598316,-41.40627412503964,49.301842666952766,-0.007405337632029121,4481359872,10.320957,8.35,1.6156125,0.23
2022-08-08,53.03191179707711,53.03191179707711,50.603346855713056,50.950286865234375,17969,0,50.732207679748534,50.26334632873535,50.87779077666067,51.16099847484293,53.44153887351439,50.67627640308381,0.31932979602021305,0.2596555510182733,0.05967424500193974,52.720747682851766,50.732207679748534,48.7436676766453,2.4470996757493686,29.407606809502195,33.15564543330648,14660377.0,57.04777095029204,-77.47744080531304,49.30271718198005,-0.05151832408449659,4481359872,10.320957,8.35,1.6156125,0.23
2022-08-10,51.34678210170842,52.040658301999294,50.50422057506163,50.75203323364258,16478,0,50.78920478820801,50.22072257995605,50.865813867801805,51.144960622246835,53.41477762336641,49.884063361373926,0.2673302468679637,0.2611904901882114,0.006139756679752306,52.71025737119295,50.78920478820801,48.86815220522307,2.3820523936913895,27.717888283633613,28.898462763576436,14643899.0,14.717391470049748,-84.90565934550746,49.3033638818394,-0.07275071715767463,4481359872,10.320957,8.35,1.6156125,0.23
2022-08-11,51.54503807329257,53.77535222069465,50.55378734111386,52.09022521972656,36760,0,50.91311149597168,50.244512786865236,50.98242447274702,51.182029822148,53.40159799745955,54.997954750599185,0.33029371867996105,0.27501113588656134,0.055282582793399704,52.83416407895757,50.91311149597168,48.99205891298578,2.4420175712549184,24.38458006079828,27.170025051311352,14680659.0,108.16256137194377,-59.433895765054615,49.30564017753051,-0.07100282191528964,4481359872,10.320957,8.35,1.6156125,0.23
2022-08-12,51.74328383814391,53.973597764087,51.04940763825296,51.99109649658203,19087,0,51.06675548553467,50.22567901611328,51.07848847501702,51.21375792702777,53.38756315665479,54.55386886031302,0.36795233869572286,0.2935993764483936,0.07435296224732924,52.80816480319524,51.06675548553467,49.3253461678741,2.47645846801057,28.62156376289103,26.90801070244096,14661572.0,123.51073497935369,-61.32075761016149,49.306903238470596,-0.08120920046999115,4481359872,10.320957,8.35,1.6156125,0.23
2022-08-16,51.991096038745475,52.53628312624418,51.44590895124677,51.5450325012207,13979,0,51.165880584716795,50.20981903076172,51.122921239417366,51.22674908680004,53.369229518292265,52.49959322579569,0.3576803138508069,0.30641556392887626,0.05126474992193064,52.77411393233369,51.165880584716795,49.5576472370999,2.3774524470810583,33.85965349971533,28.9552657744682,14647593.0,62.309004393736565,-69.81134547031245,49.307676469258595,-0.10555518314730226,4481359872,10.320957,8.35,1.6156125,0.23
2022-08-17,50.80160091675149,54.617914790164214,50.80160091675149,53.131038665771484,58559,0,51.36660900115967,50.236582870483396,51.314170518117756,51.3014271095048,53.36685946005823,58.48544467181392,0.4720753124823318,0.33954751363956737,0.13252779884276444,52.90205671946936,51.36660900115967,49.831161282849976,2.480228263247606,41.811453575615744,34.764223612740686,14706152.0,168.5934060973483,-39.6225724985074,49.312196263264326,-0.05115831741504236,4481359872,10.320957,8.35,1.6156125,0.23
2022-08-18,53.52753278781582,53.87446898780105,51.49546979935738,51.8919677734375,38480,0,51.443430709838864,50.230635223388674,51.36919882814821,51.324585566913925,53.352183920887875,52.87899689591794,0.4574779859535312,0.3631336081023601,0.09434437785117106,52.921516996380504,51.443430709838864,49.965344423297225,2.472997615047325,42.260684469730684,39.310597181687235,14667672.0,103.12234556735415,-63.20761945526837,49.314800183048085,-0.10543189645148657,4481359872,10.320957,8.35,1.6156125,0.23
2022-08-19,52.536285918717574,52.536285918717574,50.652908118536935,51.7432861328125,54396,0,51.440952682495116,50.21576644897461,51.40482619049719,51.34100519694916,53.336174987673196,52.231970102814394,0.42896726607678914,0.3763003396972459,0.05266692637954323,52.91685202151671,51.440952682495116,49.96505334347352,2.430881913985419,41.42737287592134,41.83317030708924,14613276.0,3.5089045438498774,-66.03769439080618,49.31755529803963,-0.18481654872966913,4481359872,10.320957,8.35,1.6156125,0.23
2022-08-22,52.338032541885894,52.734534306673034,50.99984570304117,51.8424072265625,58650,0,51.46821193695068,50.20288009643555,51.44650057488436,51.36066802163988,53.32131162686613,52.64794897790932,0.409648387428895,0.38296994924357575,0.02667843818531923,52.95260004232807,51.46821193695068,49.98382383157329,2.381153820388737,30.142197432453074,37.94341825936835,14671926.0,29.76929049128671,-64.15097776711431,49.3207921232195,-0.16259416093691934,4481359872,10.320957,8.35,1.6156125,0.23
2022-08-23,52.486724973615516,52.833661203789035,51.84241051035464,52.63541030883789,30861,0,51.53759956359863,50.211801300048826,51.55973007335613,51.41065791525549,53.314486738129524,55.95275638689914,0.45310366129164237,0.39699669165318907,0.0561069696384533,53.10185371709545,51.53759956359863,49.973345410101814,2.2818752601628653,35.833309294725346,35.80095986769991,14702787.0,91.59264577157309,-49.05659128121179,49.32287925817243,-0.11043286719010117,4481359872,10.320957,8.35,1.6156125,0.23
2022-08-24,52.833656042777285,58.18641077697215,52.73453249564517,55.014408111572266,113091,0,51.6862871170044,50.29407516479492,51.88874702937671,51.55198145236595,53.33140137866129,64.05719864385497,0.6717638440370948,0.4519501221299702,0.21981372190712456,53.86010524942113,51.6862871170044,49.51246898458766,2.515384203589394,45.964871484708986,37.31345940396246,14815878.0,309.5657155911115,-38.78790206396811,49.33754157483088,-0.12460296155011664,4481359872,10.320957,8.35,1.6156125,0.23
2022-08-25,55.01440983991845,55.113533390164655,52.73453415236622,52.93278503417969,21886,0,51.80275936126709,50.358506469726564,51.98817922031033,51.60613061243708,53.3274350468754,54.59206677908054,0.6693679714213019,0.49543369198823656,0.17393427943306533,53.98161656688195,51.80275936126709,49.62390215565224,2.505642420318611,46.05262002427952,42.61693360123794,14793992.0,131.63515302588826,-64.24241789421262,49.339557141671584,-0.14055418891801952,4481359872,10.320957,8.35,1.6156125,0.23
2022-08-26,54.22141085149569,54.22141085149569,53.0319093253178,53.67622375488281,19399,0,51.95640354156494,50.443754043579105,52.14894536646009,51.687310735670245,53.33090558128343,57.03388100603116,0.7191683911496796,0.5401806318205251,0.17898775932915445,54.20745775311705,51.95640354156494,49.70534933001283,2.418712662961282,41.7997658004497,44.6057524364794,14813391.0,119.01533404732159,-58.709650549496665,49.34136287186684,-0.13727448777880727,4481359872,10.320957,8.35,1.6156125,0.23
2022-08-29,53.67622590615133,53.72578768395321,51.79284809910974,53.27972412109375,13608,0,52.06544094085693,50.567660369873046,52.256638581187104,51.749758319412344,53.33039631302284,55.32510388773585,0.7183605624163789,0.5758166179396959,0.14254394447668306,54.35080471176757,52.06544094085693,49.78007716994629,2.3840145859528667,30.253470124266475,39.36861864966522,14799783.0,56.62819334864901,-63.8709342897828,49.34241962203391,-0.12337786804272184,4481359872,10.320957,8.35,1.6156125,0.23
2022-08-30,54.32053298680303,55.510034481966514,52.982346168069746,54.816158294677734,29129,0,52.27112522125244,50.74608543395996,52.50040236342431,51.87000929883452,53.34518001433284,60.289980360510306,0.8321057524705893,0.6270744448458745,0.20503130762471478,54.76018451592085,52.27112522125244,49.78206592658403,2.3942769950917167,35.92800735867146,35.99374776112921,14828912.0,151.46784826000405,-43.870984624362116,49.34562590593929,-0.09839685154225816,4481359872,10.320957,8.35,1.6156125,0.23
2022-09-01,54.419663268099804,56.25347549414704,52.63540903794213,53.92403793334961,30438,0,52.41237831115723,50.9314493560791,52.635986703417196,51.95055944136452,53.35093979462157,56.3725038756492,0.8405733710969088,0.6697742300960814,0.17079914100082738,54.93967802063847,52.41237831115723,49.885078601675986,2.4816905280283734,39.4401393641517,35.20720561569653,14798474.0,120.42495194793503,-55.844139036098504,49.348863373424514,-0.11294121599268868,4481359872,10.320957,8.35,1.6156125,0.23
2022-09-02,55.01441176815186,56.00566243064108,54.122284659383084,54.86572265625,37777,0,52.53876285552978,51.11185691833496,52.848342508448894,52.06487956743846,53.36601226090643,59.37331974948785,0.9127485103534951,0.7183690861475641,0.19437942420593102,55.28212317141396,52.53876285552978,49.79540253964561,2.4531143829757376,54.651143591213156,43.33976343801209,14836251.0,144.98674621084126,-44.07894005325661,49.35346805169454,-0.14659250892931353,4481359872,10.320957,8.35,1.6156125,0.23
2022-09-05,56.00565978984122,56.50128509771592,54.07272033286568,54.816158294677734,19672,0,52.75188159942627,51.302177047729494,53.035753535708785,52.17277285085961,53.3804415746753,59.142735762247845,0.954940439499147,0.7656833568178807,0.1892570826812663,55.50753483405886,52.75188159942627,49.99622836479368,2.4513608388239163,60.2923768791803,51.461219944848374,14816579.0,133.84958535109274,-44.73685926852056,49.355918997467406,-0.1236660039544731,4481359872,10.320957,8.35,1.6156125,0.23
2022-09-06,55.9065373606954,57.29428598175087,51.04940773369856,53.37884521484375,134372,0,52.893134689331056,51.455820922851565,53.06842893372164,52.220069806309965,53.38042569049787,52.74553397023119,0.8624568284498721,0.7850380511442789,0.07741877730559321,55.46725678410113,52.893134689331056,50.31901259456098,2.722326368054516,56.800297927238,57.247939465877145,14682207.0,52.18540088715705,-63.81580760106855,49.36907213509112,-0.14057054782652195,4481359872,10.320957,8.35,1.6156125,0.23
2022-09-07,52.734535353869305,57.49253771919351,52.734535353869305,56.74909973144531,138775,0,53.10129737854004,51.662992324829105,53.418969009695324,52.39767882298194,53.41394483518392,62.88351522364087,1.0490218031293423,0.8378348015412916,0.2111870015880507,56.16847617102505,53.10129737854004,50.03411858605503,2.8677317964309226,63.324530543003156,60.13906844980715,14820982.0,135.00396580716097,-19.078921329077808,49.38778760427886,-0.00989571999482453,4481359872,10.320957,8.35,1.6156125,0.23
2022-09-08,57.938599323768074,68.09891436737288,57.938599323768074,63.63828659057617,868201,0,53.73569736480713,51.915761108398435,54.3922373507316,52.838486970730735,53.515679579018666,74.78977388386147,1.7328010421037021,1.0168280496537738,0.7159729924499283,59.12809863511408,53.73569736480713,48.34329609450018,3.473594856394969,66.53343687110389,62.21942178044835,15689183.0,378.06902460073957,-25.568188576651114,49.64067645560694,0.06259895258633644,4481359872,10.320957,8.35,1.6156125,0.23
2022-09-09,64.43128949632134,64.9269148001392,60.31759796210475,60.56541061401367,137996,0,54.226366233825686,52.11202865600586,54.98015861390132,53.14150358419281,53.5858261564813,64.80419302338443,2.0036487891287322,1.2141921975487655,0.7894565915799667,60.19825990230882,54.226366233825686,48.25447256534255,3.5547178550835032,72.7042305602297,67.52073265811225,15551187.0,248.68371281332833,-44.057977081956146,49.676290542115176,-0.0011848940167355519,4481359872,10.320957,8.35,1.6156125,0.23
2022-09-12,60.71410047524283,63.19222702525274,60.71410047524283,61.3088493347168,127941,0,54.6872974395752,52.303339920043946,55.58289106350279,53.46179165284081,53.66267215825479,65.98738696887577,2.252323488430882,1.4218184557251887,0.8305050327056933,61.31552324822073,54.6872974395752,48.059071630929665,3.4884391805231867,63.27519036882961,67.50428593338773,15679128.0,189.82003172901327,-39.825580754607245,49.708594873667884,-0.034101998458820865,4481359872,10.320957,8.35,1.6156125,0.23
2022-09-13,61.65691683934676,63.49667816308552,59.91660063823617,60.51327896118164,80773,0,55.113406562805174,52.45594108581543,56.052451815662685,53.73832056689339,53.73083740007496,63.52624697064968,2.358022285853629,1.6090592217508768,0.748963064102752,62.080587747747614,55.113406562805174,48.146225377862734,3.494984776546484,55.53893205899033,63.839450996016545,15598355.0,145.98283986507744,-44.49181767646533,49.72817557276825,-0.05626758691647047,4481359872,10.320957,8.35,1.6156125,0.23
2022-09-14,60.264663906517434,61.06024008229839,58.67351914213224,59.51881408691406,85432,0,55.51209564208985,52.6154167175293,56.38258155578186,53.96500658728636,53.78842920790421,60.489218318837736,2.3346321538546206,1.7541738081716256,0.580458345682995,62.52926502426014,55.51209564208985,48.49492625991955,3.4158230739478888,42.11855338623711,53.64422527135235,15512923.0,91.98226450400989,-50.324625015907166,49.74603733132583,-0.06077352422152308,4481359872,10.320957,8.35,1.6156125,0.23
2022-09-15,60.46355549197454,61.06023759954877,58.772961877563205,60.11549377441406,32221,0,55.86131839752197,52.79079093933105,56.738097005175405,54.20620216325215,53.85138507423764,61.673172912543095,2.337299436859901,1.8707989339092808,0.4665005029506202,63.062513327147684,55.86131839752197,48.660123467896256,3.3352125488077227,29.746768972496696,42.46808480590804,15545144.0,83.0762373465449,-46.82493613739438,49.75291329652407,-0.06507895467914701,4481359872,10.320957,8.35,1.6156125,0.23
2022-09-16,60.16521373938939,61.10995752376683,58.57406910834489,59.021575927734375,38653,0,56.21779880523682,52.985919342041015,56.95557118827626,54.39504035009459,53.902829759347064,58.22823657664472,2.2254891957544416,1.941736986278313,0.28375220947612867,63.30265532786276,56.21779880523682,49.13294228261088,3.2781179678515957,15.900908292047783,29.25541021692719,15506491.0,64.79227616546432,-53.24106224698573,49.76081606130544,-0.06476360757147376,4481359872,10.320957,8.35,1.6156125,0.23
2022-09-19,59.916598042056485,63.148613704076126,57.77849385590056,58.57406997680664,112334,0,56.55933799743652,53.16020256042481,57.10971393004106,54.55892386486761,53.94930976151084,56.82974641053955,2.076828398851312,1.9687552687929126,0.10807313005839925,63.40292959122854,56.55933799743652,49.7157464036445,3.4275466735890228,15.35433402882891,20.334003764457787,15394157.0,61.5154950434814,-55.86580653163189,49.784330208946365,-0.10412454447176683,4481359872,10.320957,8.35,1.6156125,0.23
2022-09-20,59.518813146079076,60.214940392089304,57.67905180424118,58.27573013305664,40172,0,56.88100414276123,53.3443790435791,57.22076309223302,54.70468097342404,53.992358720431696,55.86641938864159,1.912889514609816,1.9575821179562933,-0.0446926033464774,63.404820715874564,56.88100414276123,50.35718756964789,3.3638568103218156,11.304335314876132,14.186525878584268,15353985.0,33.41965811711926,-57.61565097088828,49.79178625733609,-0.11430841009489558,4481359872,10.320957,8.35,1.6156125,0.23
2022-09-21,58.12655662877866,61.656911273631934,57.97738516471374,59.8171501159668,64144,0,57.24009113311767,53.52568138122559,57.468038046874334,54.90516995940611,54.050316843770354,59.67022435313139,1.8856103359677476,1.9431877615585842,-0.05757742559083656,63.57756587056002,57.24009113311767,50.902616395675324,3.386404617364414,21.304337023231938,15.987668788978986,15418129.0,50.07803344663318,-48.57480295088921,49.805120819718056,-0.12116389191573151,4481359872,10.320957,8.35,1.6156125,0.23
2022-09-22,60.16521679870613,61.80608786519705,58.92213380699733,60.314388275146484,76872,0,57.505090141296385,53.74765724182129,57.73911902099549,55.11729616786651,54.11264591273927,60.84266365238409,1.882415045331257,1.9310332183131187,-0.048618172981861774,63.89118564257073,57.505090141296385,51.11899464002204,3.350515291709793,32.72725926859844,21.77864386890216,15495001.0,55.90782818629175,-45.65836571981064,49.82189878316792,-0.11572891856750671,4481359872,10.320957,8.35,1.6156125,0.23
2022-09-23,61.159679611872136,61.159679611872136,58.673513773991154,58.82268524169922,24976,0,57.79958515167236,53.93186912536621,57.842315803919654,55.26260554331093,54.159511975714,55.61883354710538,1.739463335807372,1.8927192418119694,-0.1532559060045975,63.84948788461436,57.79958515167236,51.74968241873036,3.2887760450077352,36.06058601187979,30.030727434570043,15470025.0,34.41217192677344,-54.407610290331036,49.82692735726957,-0.11733001432683975,4481359872,10.320957,8.35,1.6156125,0.23
2022-09-26,59.07130290262733,59.07130290262733,54.29786137198377,56.038177490234375,34605,0,57.917682838439944,54.060390853881835,57.6704931073782,55.29302012946479,54.1782051649132,47.43220828753512,1.385515214715312,1.791278436392638,-0.4057632216773259,63.728502433972466,57.917682838439944,52.10686324290742,3.3948235796960087,30.756565858054998,33.18147037951106,15435420.0,-41.263646935546696,-78.4980432111084,49.831680112769725,-0.12165534752494858,4481359872,10.320957,8.35,1.6156125,0.23
2022-09-27,57.03264178593822,57.579601295383206,54.99398659396853,55.98845291137695,21992,0,58.0531192779541,54.20179557800293,57.51029880299713,55.32029200326527,54.1962175803009,47.298321989381144,1.0884494529854365,1.6507126397111977,-0.5622631867257613,63.54260975201142,58.0531192779541,52.56362880389678,3.3370229455330565,22.201454634072082,29.672868834668943,15413428.0,-55.94108655346601,-87.75027137452481,49.83456895586412,-0.12698305311758562,4481359872,10.320957,8.35,1.6156125,0.23
2022-09-28,55.5409448801334,55.83928782403291,54.34758827888783,54.64592742919922,15448,0,58.04460773468018,54.303463516235354,57.23750152930209,55.293846333694056,54.20069230516556,43.71085282504943,0.7362055903397575,1.4678112298369097,-0.7316056394971522,63.55463712268566,58.04460773468018,52.53457834667469,3.2158687803156325,16.777036575703892,23.245019022610308,15397980.0,-89.9401714296201,-96.7253334497929,49.83619985474529,-0.1383561098024225,4481359872,10.320957,8.35,1.6156125,0.23
2022-09-29,56.58514042880024,57.08237363540274,55.242608494820495,55.839290618896484,15319,0,58.14037036895752,54.437919921875,57.10433858545393,55.31523630566278,54.2169967659987,47.52117198151374,0.547038310347169,1.2836566459389616,-0.7366183355917926,63.42247293771696,58.14037036895752,52.85826780019808,3.1601957393076243,16.53872629941535,18.505739169730425,15413299.0,-65.88645760933652,-83.24317918361221,49.8381674787616,-0.1377478740031155,4481359872,10.320957,8.35,1.6156125,0.23
2022-09-30,55.839286705241456,55.839286705241456,54.44703230689923,54.993988037109375,17707,0,58.146783638000485,54.530689010620115,56.903352818944924,55.30263833434696,54.22472802242766,45.18780947263198,0.3251647276423597,1.091958262279641,-0.7667935346372814,63.41325530829195,58.146783638000485,52.88031196770902,3.0339144944997405,13.894328200284567,15.736697025134587,15395592.0,-92.60506517468382,-92.43243255155397,49.840088813756694,-0.13708008237286945,4481359872,10.320957,8.35,1.6156125,0.23
2022-10-03,55.143160203599564,58.67351500898169,53.2536726096039,55.292327880859375,26756,0,58.17059211730957,54.60067863464356,56.74992187246059,55.30223400283764,54.235350906591165,46.19202167370568,0.17142575747315192,0.9078517613183432,-0.7364260038451913,63.380623497024374,58.17059211730957,52.96056073759476,3.2043379162767436,24.887282772786687,18.440112424162184,15422348.0,-76.82987698865496,-79.39699436518768,49.843346266609245,-0.13613896219460248,4481359872,10.320957,8.35,1.6156125,0.23
2022-10-04,56.53541382959903,57.380712553333,55.391779735495376,55.73984146118164,13767,0,58.288641929626465,54.689531021118164,56.653723738053074,55.31939507963545,54.25032096186072,47.73872832357026,0.0847205165118936,0.7432255123570533,-0.6585049958451596,63.15466967511398,58.288641929626465,53.42261418413895,3.124626970290806,32.68986537007044,23.823825447713883,15436115.0,-72.05614995642507,-74.87434409319903,49.84514334398755,-0.13170213750494247,4481359872,10.320957,8.35,1.6156125,0.23
2022-10-06,56.98292206896156,59.17074883502463,55.88901058272408,57.18181610107422,23026,0,58.31027774810791,54.80821418762207,56.70401824881699,55.39243119812324,54.27949006772354,52.478798556273475,0.13085289994950244,0.6207509898755431,-0.48989808992604067,63.15252187993822,58.31027774810791,53.468033616277594,3.146504141973105,49.95760991012762,35.8449193509949,15459141.0,-39.71634921067783,-60.30149695722029,49.84873698268688,-0.19387419249181104,4481359872,10.320957,8.35,1.6156125,0.23
2022-10-07,58.87240809135298,58.92213064963929,56.28679333099658,57.33098602294922,16616,0,57.994912719726564,54.914020767211916,56.76372946540101,55.468452955959556,54.309853211556636,52.95417126999199,0.17740489897526857,0.5320817716954882,-0.35467687272021964,62.18582844773251,57.994912719726564,53.80399699172062,3.109992226020934,60.38857987060129,47.67868505026644,15475757.0,-29.68312782433919,-58.793959717222634,49.85136216244157,-0.4664610455533013,4481359872,10.320957,8.35,1.6156125,0.23
2022-10-10,57.33098940626206,58.32545580502749,55.34205660873121,57.97739028930664,32731,0,57.86551170349121,55.06150177001953,56.87931621053488,55.5668426553065,54.3463461178029,55.052437623946695,0.2634205673347907,0.4783495308233487,-0.214928963488558,61.88737267441567,57.86551170349121,53.84365073256674,3.1009498667548874,71.7086958692637,60.68496188333086,15508488.0,-33.71181924458447,-44.7674424296283,49.856326963389876,-0.3564764977658347,4481359872,10.320957,8.35,1.6156125,0.23
2022-10-11,59.46909028689155,59.56853920358901,56.1873519076408,56.48569107055664,22687,0,57.6243537902832,55.179148788452146,56.841828101965525,55.60287592649278,54.36763313225816,49.559232721659455,0.20881386763259258,0.42444239818519747,-0.2156285305526049,61.359618613602294,57.6243537902832,53.88908896696411,3.1209668259829817,58.599433817612585,63.56556985249251,15485801.0,-20.866206906330184,-62.20928983962691,49.859857220304974,-0.3435085586388484,4481359872,10.320957,8.35,1.6156125,0.23
2022-10-12,57.67904812364059,63.54640108813581,57.13209239153058,59.12102508544922,376504,0,57.554741096496585,55.339589767456054,57.05889448134492,55.74084256017734,54.41493056462822,57.607110204548775,0.37387727084728795,0.41432937271761555,-0.040452101870327606,61.12008075160965,57.554741096496585,53.98940144138352,3.4023770539541376,50.98376993179528,60.43063320622384,15862305.0,82.53966198075823,-42.995168986696136,49.93734575973431,-0.33213299943780566,4481359872,10.320957,8.35,1.6156125,0.23
2022-10-13,59.12102775156691,59.76742863008769,57.281262650573424,58.62379455566406,34307,0,57.50999011993408,55.49801620483399,57.207932583661034,55.85389950117682,54.45680980832012,55.79816104920917,0.4592746268776793,0.4233184235496283,0.035956203328050995,60.997208893410395,57.50999011993408,54.022771346457766,3.336933405779861,37.7064519466188,49.096551898675536,15827998.0,30.692163201736232,-47.82606033705339,49.943383698075785,-0.3218699736281055,4481359872,10.320957,8.35,1.6156125,0.23
2022-10-14,59.61826183842435,59.66798440004007,57.87794562675652,58.17628479003906,25599,0,57.41302967071533,55.639562377929686,57.30015660331608,55.944973434073376,54.49381950963076,54.150079184851855,0.4852487036963282,0.4357044795789683,0.049544224117359925,60.70759327125708,57.41302967071533,54.11846607017358,3.226440932030124,40.20201179102127,42.96407788981177,15802399.0,36.10832003322559,-52.173884789611286,49.94789220373151,-0.34585058420141546,4481359872,10.320957,8.35,1.6156125,0.23
2022-10-17,58.673511020809755,61.40829331415259,57.281256699491,58.47461700439453,62055,0,57.38568172454834,55.7622940826416,57.412009974847365,56.04417514271342,54.53342943495179,55.10214464309641,0.5238674453268004,0.45333707272853474,0.07053037259826567,60.63515352756291,57.38568172454834,54.13620992153377,3.290769195075228,35.20881473689949,37.70575949151317,15864454.0,59.575504869661415,-49.27540927869388,49.959409714241445,-0.3392917949136663,4481359872,10.320957,8.35,1.6156125,0.23
2022-10-18,58.32545377353562,59.66798184767301,57.28126105633085,57.92766571044922,30439,0,57.35336151123047,55.90977172851562,57.46112004490468,56.118037517918744,54.56720293023037,52.93204306930268,0.5045228525535919,0.46357422869354614,0.04094862386004572,60.56757752985866,57.35336151123047,54.139145492602275,3.226194309094295,26.00984846338729,33.806891663769335,15834015.0,30.48813950087182,-54.58936752685051,49.964575917145254,-0.30105113555293467,4481359872,10.320957,8.35,1.6156125,0.23
2022-10-19,57.828221349827494,61.25912731619089,57.828221349827494,59.07130432128906,46853,0,57.39314022064209,56.08012214660644,57.61447092836986,56.23385190236464,54.61201985949464,56.76611828174436,0.574847714891682,0.4858289259331733,0.08901878895850868,60.671092013505714,57.39314022064209,54.11518842777846,3.2408165703278025,28.952589656363617,30.05708428555012,15880868.0,79.04125050939112,-43.478235884495504,49.97355837127341,-0.2904878801713522,4481359872,10.320957,8.35,1.6156125,0.23
2022-10-20,59.22047025914388,60.115491489695394,57.03264353503088,57.529876708984375,25028,0,57.27877655029297,56.17900276184082,57.606414336047436,56.28467640458502,54.6410532609821,50.76393109788552,0.5004316839483138,0.4887494775362014,0.011682206412112428,60.36442499735829,57.27877655029297,54.19312810322764,3.229533097780425,22.38014140816178,25.78085984263755,15855840.0,30.65927129668694,-58.454125081609035,49.97775904266943,-0.3205076383435897,4481359872,10.320957,8.35,1.6156125,0.23
2022-10-21,57.9276640589957,59.07130186257417,56.833752607076484,57.231536865234375,15550,0,57.124633979797366,56.30462776184082,57.570711719779524,56.321808187355586,54.66682921724331,49.66926694930376,0.41262641081378604,0.47352486419171835,-0.060898453377932316,59.87847588148174,57.124633979797366,54.37079207811299,3.1586771090459433,21.144310668595644,24.159013911040336,15840290.0,13.113205255544854,-61.35267471664763,49.980204340310564,-0.3511489850722745,4481359872,10.320957,8.35,1.6156125,0.23
2022-10-24,58.27572846886057,58.424899943598646,55.24260676242117,56.73430633544922,11559,0,57.02021503448486,56.42427322387695,57.49105406412902,56.337984585320044,54.68740112886725,47.818495593893516,0.2994656968843401,0.4387130307302427,-0.1392473338459026,59.66479959000452,57.02021503448486,54.375630478965206,3.1603639713410527,14.950881863668107,19.491777980141837,15828731.0,-31.505239601822797,-82.0359282212873,49.98180684985945,-0.3320999014345633,4481359872,10.320957,8.35,1.6156125,0.23
2022-10-25,57.77849621960929,57.77849621960929,56.03818002271035,57.13209533691406,16902,0,57.074910926818845,56.5251106262207,57.45686751867997,56.36912618342177,54.71172644437021,49.441569408610675,0.2391267593426889,0.39879577645273195,-0.15966901711004305,59.68095866266169,57.074910926818845,54.468863190976,3.05893198745233,21.63133617855253,19.24217623693875,15845633.0,-22.885303325221493,-77.24547959188186,49.984211360852505,-0.32288634106688663,4481359872,10.320957,8.35,1.6156125,0.23
2022-10-27,58.375177633175724,58.375177633175724,56.734306578383446,56.83375549316406,15785,0,57.1171760559082,56.621963806152344,57.39752351624988,56.38734694066657,54.732841161273626,48.22990799075884,0.1653283818887772,0.352102297539941,-0.1867739156511638,59.678404749663535,57.1171760559082,54.55594736215287,2.9576419208337548,29.617171420757643,22.066463154326083,15829848.0,-6.699826352188553,-80.83829309433243,49.986561765177655,-0.33567369890196547,4481359872,10.320957,8.35,1.6156125,0.23
2022-10-28,56.833754854221,58.375176976903504,56.784028500595625,57.38071060180664,5672,0,57.25391521453857,56.73867736816406,57.395922286302905,56.426302378358336,54.75918812088092,50.619215903162065,0.14925680272811803,0.3115331985775764,-0.16227639584945835,59.551213229180846,57.25391521453857,54.9566171998963,2.8600352462247636,39.96743779503603,30.40531513144872,15835520.0,-2.4813793818050915,-74.25148365290873,49.98742887751311,-0.33020060301741866,4481359872,10.320957,8.35,1.6156125,0.23
2022-10-31,58.57407113270443,59.56853750987369,56.734306058788405,59.07130432128906,35347,0,57.4155158996582,56.85748268127441,57.55548248011111,56.53002794474778,54.802094749740704,57.195162645040284,0.2698263544814381,0.30319182975834874,-0.03336547527691064,59.74649576360002,57.4155158996582,55.08453603571639,2.8581921180005154,59.00102031581016,42.86187651053459,15870867.0,57.35620006330439,-53.89219182595315,49.99350586187039,-0.28932968718391555,4481359872,10.320957,8.35,1.6156125,0.23
2022-11-01,59.618261137496106,61.4580224507654,57.72877346960745,57.87794494628906,24059,0,57.559713745117186,56.97720222473144,57.586193191175674,56.5828874350043,54.83270022433322,51.937441606217504,0.2660179750348206,0.2957570588136431,-0.029739083778822506,59.61405153096862,57.559713745117186,55.505375959265756,2.920410465368904,59.43164450272502,52.80003420452372,15846808.0,88.43291102237622,-68.26344583575543,49.997912232470455,-0.3084904418176283,4481359872,10.320957,8.35,1.6156125,0.23
2022-11-02,58.67351452651264,58.82268599613391,56.784026948054134,57.529876708984375,9115,0,57.671591186523436,57.09293403625488,57.580829716681265,56.620024269278034,54.85953780129493,50.4798556578093,0.23223653089667096,0.2830529532302487,-0.05081642233357775,59.44421856108666,57.671591186523436,55.898963811960215,2.8574282212768236,46.430930346374886,54.95453172163667,15837693.0,-21.369051523460673,-63.200048697426226,49.99933843214643,-0.30998396100651615,4481359872,10.320957,8.35,1.6156125,0.23
2022-11-03,56.93319688994309,58.375173814432166,56.93319688994309,57.679046630859375,28510,0,57.768551445007326,57.20966682434082,57.59018370850775,56.6615545579675,54.88759261551945,51.11306596129354,0.21502261223832875,0.2694468850318647,-0.054424272793535955,59.304221448168605,57.768551445007326,56.23288144184605,2.7563245572205557,23.595660429440017,43.15274509284662,15866203.0,-34.941807503629654,-60.8000495766154,50.00376717631348,-0.29308892536353953,4481359872,10.320957,8.35,1.6156125,0.23
2022-11-04,58.474621977045615,59.51881091003804,57.77849475718795,58.97185516357422,23813,0,57.85805339813233,57.336395721435544,57.72177146613313,56.75215458171678,54.92823204385831,56.32540426695427,0.30221554909308423,0.2760006178441086,0.026214931248975615,59.45397828834895,57.85805339813233,56.262128507915705,2.690855965931849,28.07013233484948,32.698907703554774,15890016.0,60.22981715097949,-40.00001627973957,50.00799016132122,-0.2768401579439366,4481359872,10.320957,8.35,1.6156125,0.23
2022-11-07,59.56853950147061,59.56853950147061,57.87794584504243,58.27573013305664,15813,0,57.905290603637695,57.401622161865234,57.774529434411555,56.81190264255364,54.9615404825568,53.04574965640092,0.3115537103016095,0.2831112363356088,0.028442473966000692,59.491916460058306,57.905290603637695,56.318664747217085,2.619408658110158,33.09443150351991,28.25340808926978,15874203.0,39.08769241190722,-51.19999171859914,50.010733786151604,-0.28283479369691067,4481359872,10.320957,8.35,1.6156125,0.23
2022-11-09,59.369641195976556,59.91659692369936,57.33098595977991,58.9221305847168,50576,0,57.952527618408205,57.521409072875976,57.883824782059676,56.89465667950122,55.000949339294706,55.62931252534944,0.3668841722321545,0.299865823514918,0.06701834871723655,59.60001337024105,57.952527618408205,56.30504186657536,2.6169945370965357,49.179110090178575,36.7812246428493,15924779.0,48.27827175543271,-40.80003644493416,50.01964980642498,-0.2923936000587094,4481359872,10.320957,8.35,1.6156125,0.23
2022-11-10,64.09335544696002,65.63478137782495,62.00497755691905,62.551937103271484,392863,0,58.25583992004395,57.69892333984375,58.328406907889374,57.116510813766716,55.07608354590144,66.70727663200903,0.6956104481908483,0.379014748450104,0.31659569974074425,60.735115524624064,58.25583992004395,55.77656431546383,2.909541412525937,54.91346205919486,45.729001217631094,16317642.0,374.8403411304766,-29.665054607376646,50.125152531906735,-0.4107752146951178,4481359872,10.320957,8.35,1.6156125,0.23
2022-11-11,64.44142274181189,64.93865591856299,62.800551741098054,63.34750747680664,160484,0,58.467164039611816,57.90027900695801,58.80641648588149,57.36086362408201,55.15838627158209,68.56006269979606,1.0086966435038462,0.5049511274608525,0.5037455160429938,61.78431381269295,58.467164039611816,55.15001426653068,2.8721969412949058,68.4268393574933,57.50647050228889,16478126.0,301.78733349434617,-22.009579184976378,50.168731107900065,-0.4341644099133828,4481359872,10.320957,8.35,1.6156125,0.23
2022-11-14,65.43589194101412,65.43589194101412,62.70110555636364,64.5408706665039,114550,0,58.76301784515381,58.09477325439453,59.3525549792741,57.6424325277064,55.251744325262905,71.15334685022964,1.3376940407932594,0.6714997101273339,0.6661943306659255,63.00877343565063,58.76301784515381,54.51726225465699,2.8623819015345893,74.61763883511497,65.98598008393436,16592676.0,235.91310242060905,-10.526292636572878,50.20087869564673,-0.36963385539203275,4481359872,10.320957,8.35,1.6156125,0.23
2022-11-15,64.49114173598855,65.5850532112868,62.253592432670075,63.44695281982422,84634,0,59.026551246643066,58.285231552124024,59.74249763075507,57.870060774456114,55.33328868839287,65.79582986119,1.4929470561333815,0.8357891793285435,0.6571578768048381,63.72417185214436,59.026551246643066,54.328930641141774,2.8958875356118847,77.64470787162372,73.56306202141064,16508042.0,165.23579578782736,-22.79795186901983,50.2237534634472,-0.3569058772446814,4481359872,10.320957,8.35,1.6156125,0.23
2022-11-16,63.745291900651644,64.64031313846563,62.20386980760585,62.60165786743164,74862,0,59.23290328979492,58.43995025634766,60.014798605676646,58.05561360163163,55.40561076977634,61.91628005902838,1.530139455925429,0.9746592346479206,0.5554802212775085,64.17179647337642,59.23290328979492,54.29401010621342,2.863070092415306,58.97246909455285,70.41160526709716,16433180.0,117.463431611017,-34.078219439651654,50.24300920669914,-0.3735485460867852,4481359872,10.320957,8.35,1.6156125,0.23
2022-11-17,63.44695130726987,63.944188267519216,60.81161780011755,62.004974365234375,38440,0,59.43676872253418,58.58372657775879,60.204339154205954,58.21049049432193,55.47127607918388,59.26005159922154,1.494242629878677,1.0785759136940718,0.41566671618460527,64.47884845235914,59.43676872253418,54.39468899270923,2.882320119200046,38.36366081931718,58.3269459284979,16394740.0,76.71134938773666,-40.7821704176524,50.252190173525506,-0.3670067330162561,4481359872,10.320957,8.35,1.6156125,0.23
2022-11-18,62.60165984509307,63.19833816009345,61.45802198215609,61.806087493896484,40155,0,59.57350788116455,58.75227142333984,60.356886615128865,58.35149429822682,55.534309028584005,58.36131504095924,1.4332243105629061,1.1495055930678386,0.2837187174950675,64.71586133597995,59.57350788116455,54.431154426349146,2.800748409109854,20.757243787489394,39.36445790045312,16354585.0,65.25119339582373,-43.01673502469655,50.261686427817104,-0.37853785520875277,4481359872,10.320957,8.35,1.6156125,0.23
2022-11-21,61.70663811371821,63.04917000272831,61.20940492377111,61.60719299316406,23305,0,59.777373695373534,58.84943328857422,60.47596341303698,58.479168756851806,55.59473573469923,57.42340610233634,1.3532186664757404,1.190248207749419,0.16297045872632143,64.902746201525,59.777373695373534,54.65200118922206,2.732106742670379,20.83336350001703,26.651422702274512,16331280.0,53.091422818431965,-45.505594089397626,50.26709882181355,-0.37593623399686926,4481359872,10.320957,8.35,1.6156125,0.23
2022-11-22,62.35304324824487,62.65138240574507,61.209405385307896,61.806087493896484,16295,0,60.00610122680664,58.812789306640624,60.60264189692836,58.60963615830454,55.65654022981562,58.14774064551293,1.2909811144262662,1.2103947890847884,0.0805863253414778,65.06446628820676,60.00610122680664,54.94773616540652,2.639954619653721,21.158084158129558,20.91623048187864,16347575.0,45.620424587305436,-43.25839016671946,50.27085877688521,-0.3696019735802369,4481359872,10.320957,8.35,1.6156125,0.23
2022-11-23,61.806086224944174,65.58505386714418,61.15968156897504,62.89999771118164,120222,0,60.31438579559326,58.85948104858399,60.821437688762,58.77788563096639,55.7286144336103,61.978950724125085,1.3147709571974175,1.2312700227073141,0.08350093449010343,65.28840817222373,60.31438579559326,55.340363418962795,2.767484453833394,28.796956627125468,23.596134761757327,16467797.0,73.34457471879252,-31.428571088999572,50.30168153403692,-0.3578169574519195,4481359872,10.320957,8.35,1.6156125,0.23
2022-11-24,63.59612879676151,66.62925064189112,62.6016623692706,64.59059143066406,304950,0,60.68731060028076,58.92511589050293,61.18040471180029,59.00583487801335,55.81679330920288,67.0058105816018,1.4532887551426654,1.2756737691943845,0.17761498594828096,65.76829469565223,60.68731060028076,55.60632650490929,2.857491869461046,44.15046361187885,31.368501465711265,16772747.0,101.31091970696205,-21.925157875417355,50.38756968406377,-0.29769675508160437,4481359872,10.320957,8.35,1.6156125,0.23
2022-11-25,64.29225174819756,65.4358895806425,63.1983364750789,63.54640197753906,101983,0,61.02294292449951,58.98577835083008,61.4057377847278,59.183896332896715,55.89370483824105,61.58949389089202,1.4619552358460126,1.31293006252471,0.1490251733213026,65.92505537294056,61.02294292449951,56.12083047605846,2.813210529182657,50.03787623181545,40.99509882360656,16670764.0,80.05268065614737,-33.15509688902599,50.41496718850891,-0.3161414158534818,4481359872,10.320957,8.35,1.6156125,0.23
2022-11-28,65.23699005290634,68.5187319929921,62.701101657593895,66.87786102294922,265610,0,61.49780044555664,59.13295928955078,61.92689237884412,59.48562043838897,56.00299992465606,69.9386100185736,1.7178421718047545,1.393912484380719,0.3239296874240356,66.72576273744052,61.49780044555664,56.26983815367277,3.027811943912339,61.35542507259223,51.84792163876215,16936374.0,127.99020775970729,-14.666680537543101,50.496050015390466,-0.212602132112345,4481359872,10.320957,8.35,1.6156125,0.23
2022-11-29,67.5242633647783,67.5242633647783,64.69003592396709,65.13754272460938,61673,0,61.80111236572266,59.23340026855469,62.232668602250335,59.7072644496133,56.093890897789926,62.31810736930865,1.7599180303458368,1.4671135935737425,0.29280443677209433,67.13361321664314,61.80111236572266,56.46861151480217,3.0139844794051163,58.46434438366227,56.61921522935663,16874701.0,113.92905978235729,-43.87101558075699,50.51445730459049,-0.24310813214219326,4481359872,10.320957,8.35,1.6156125,0.23
2022-11-30,65.13754476667788,66.82813449674416,64.19280478584837,65.18727111816406,39673,0,62.166578674316405,59.35671417236328,62.51405931805164,59.92216667190941,56.18437229301753,62.444030648378735,1.7767943380294469,1.5290497424648835,0.2477445955645634,67.37390702322695,62.166578674316405,56.959250325405854,2.9869377102258783,58.48471158913807,59.43482701513083,16914374.0,94.75291881436472,-43.22578842685465,50.52597989998751,-0.2348748958082532,4481359872,10.320957,8.35,1.6156125,0.23
2022-12-01,65.18727111816406,65.98283963171102,63.89446185128326,65.18727111816406,37738,0,62.54944839477539,59.48897819519043,62.76865091806235,60.12864135607626,56.27395337585481,62.444030648378735,1.7697681478894935,1.5771934235498055,0.19257472433968803,67.45404085358281,62.54944839477539,57.64485593596797,2.922754858097441,46.82884745245763,54.592634475085966,16914374.0,77.78331970528437,-43.22578842685465,50.53664351750034,-0.22578053281020805,4481359872,10.320957,8.35,1.6156125,0.23
2022-12-02,65.18728049313138,67.62372032283321,65.18728049313138,65.98284912109375,51254,0,62.96463851928711,59.64312057495117,63.07476503263677,60.358218131174986,56.37055930366813,64.63670313410728,1.8075599119977142,1.6232667212393872,0.18429319075832695,67.54492030866726,62.96463851928711,58.38435672990696,2.88801873999542,47.614307756880315,50.97595559949198,16965628.0,117.3428419291688,-32.90314388027167,50.552342011005415,-0.2325317996317152,4481359872,10.320957,8.35,1.6156125,0.23
2022-12-05,66.08228730194301,73.59051143603011,64.7397592188561,71.9993667602539,532528,0,63.616014099121095,59.88676490783691,63.92472710193364,60.81473376368788,56.526069825624205,76.03285459543324,2.2965199956964497,1.7579173761307998,0.5386026195656499,69.30974923333677,63.616014099121095,57.922278964905416,3.3139282740796054,60.91174438838359,51.784966532573826,17498156.0,235.16147766990744,-12.451349241256755,50.75308177349166,-0.05429805493329436,4481359872,10.320957,8.35,1.6156125,0.23
2022-12-06,72.54631960184045,79.90537235315732,70.35849659420568,78.96063232421875,1339246,0,64.6502592086792,60.259689788818356,65.35671807548461,61.52633762880674,56.74929930322216,82.89947004571215,3.2087518442018137,2.0480842697450026,1.1606675744568111,72.9885865660803,64.6502592086792,56.3119318512781,3.7591388087133226,78.03318111532799,62.18641108686395,18837402.0,345.3108375503122,-4.947900772025813,51.398650451632044,0.24547002779100047,4481359872,10.320957,8.35,1.6156125,0.23
2022-12-07,79.45786403264162,84.23129802943464,77.4192049507602,83.23683166503906,1059963,0,65.86599426269531,60.74797271728516,67.05958603639455,62.37772955179624,57.012856839160634,85.62414406873219,4.228017748774832,2.4840709655509685,1.7439467832238633,77.0974456320198,65.86599426269531,54.63454289337082,3.9772069708534024,90.93306203752422,76.62599584707858,19897365.0,333.68158235713577,-4.310345424213797,51.988959929730996,0.34649797556877016,4481359872,10.320957,8.35,1.6156125,0.23
2022-12-08,83.33628940263172,91.39146592313031,83.33628940263172,87.1152572631836,1711481,0,67.09416027069092,61.369514312744144,68.96964996275541,63.347828677733,57.31238321153897,87.56013321016928,5.287795439688026,3.04481586037838,2.2429795793096456,81.52404500794071,67.09416027069092,52.664275533441135,4.275594634227534,91.0548797056224,86.67370761949151,21608846.0,284.53000016808966,-14.144744517400493,53.06768692286655,0.29987560850025,4481359872,10.320957,8.35,1.6156125,0.23
2022-12-09,87.96055012240082,89.50197607862553,77.17059119035738,81.2479019165039,563391,0,67.98917999267579,61.87470329284668,70.13900729168384,64.04979233415538,57.550547576762504,71.80579066373811,5.589794680529465,3.553811624408597,2.0359830561208683,83.55438257417288,67.98917999267579,52.4239774111787,4.8510082238018635,80.33517472262328,87.44103882192327,21045455.0,167.76018008854675,-33.55264739850594,53.36227300901462,0.264434445213335,4481359872,10.320957,8.35,1.6156125,0.23
2022-12-12,80.99928423184652,87.21469915409307,79.55731100475589,85.7229995727539,348941,0,69.04828643798828,62.496244735717774,71.62319703273813,64.8997220297867,57.83087048219525,75.43604441564004,6.119690255698345,4.066987350666547,2.052702905031798,86.31988768080879,69.04828643798828,51.77668519516778,5.051463932768671,72.9817047632788,81.45725306384146,21394396.0,147.81045391406778,-18.7500224398673,53.55115245308954,0.28078295374517714,4481359872,10.320957,8.35,1.6156125,0.23
2022-12-13,86.51857370241495,87.01580688461274,81.84458482462625,83.23683166503906,259448,0,70.03778038024902,63.044195556640624,72.72925747390966,65.61882436842404,58.08366611585539,70.04045788221916,6.26678376205912,4.506946632945061,1.759837129114059,88.1590328732622,70.03778038024902,51.91652788723583,5.060018084712802,59.215730927872904,70.8442034712583,21134948.0,122.41966384898444,-28.324730465199707,53.68949351323334,0.2600667964629151,4481359872,10.320957,8.35,1.6156125,0.23
2022-12-14,83.83352024089818,85.72300032408052,82.093204047416,82.7396011352539,196745,0,71.04467754364013,63.599107818603514,73.68262353689482,66.29022737888796,58.32899880261557,68.97782978665067,6.270946509543435,4.859746608264736,1.4111999012786995,89.63318180886495,71.04467754364013,52.45617327841532,4.957859384137924,51.6225735785506,61.27333642323407,20938203.0,100.90912175150368,-30.155994911048385,53.79180390753051,0.24489009203270284,4481359872,10.320957,8.35,1.6156125,0.23
2022-12-15,82.73959550413838,84.5296379304777,78.61256631021466,80.3528823852539,192734,0,71.96207294464111,64.1003189086914,74.3178862843576,66.84170404580428,58.54814192284083,63.9615747651151,6.012350624985075,5.090267411608804,0.9220832133762711,90.48641698957628,71.96207294464111,53.43772889970593,5.026374543861147,35.87484813038815,48.90438421227052,20745469.0,72.15896722290469,-38.4748810984468,53.88346886016369,0.23002995376842095,4481359872,10.320957,8.35,1.6156125,0.23
2022-12-16,80.85012567681161,85.47438861426596,79.6070426103611,82.29209899902344,202913,0,72.98637351989746,64.63136405944825,75.07733511432578,67.44760188710698,58.78440020220583,66.11760078615055,5.895925537896915,5.251399036866426,0.644526501030489,91.41644772438565,72.98637351989746,54.55629931540926,5.086443933864269,35.913968321231515,41.13713001005673,20948382.0,73.07629787635359,-33.09221215639018,53.9838557918904,0.22591932487172547,4481359872,10.320957,8.35,1.6156125,0.23
2022-12-19,82.4909868721195,87.46331899430095,81.29763019766663,87.1152572631836,405019,0,74.26177673339843,65.23003288269042,76.22380389040747,68.21888249009038,59.06629927743944,70.7971433532333,6.122272632756321,5.425573756044405,0.696698876711916,92.89478355004408,74.26177673339843,55.62876991675279,5.1635328526335575,54.88284234274482,42.22388626478814,21353401.0,85.0782426596959,-15.551543901922523,54.20187233009251,0.26256664504355853,4481359872,10.320957,8.35,1.6156125,0.23
2022-12-20,87.51303153798037,97.85548223717679,83.08765968257771,95.56820678710938,2371511,0,75.94988269805908,65.99477729797363,78.06612797580765,69.29140501154211,59.42950233723715,76.83544334759786,6.904149975278344,5.721288999891192,1.1828609753871513,95.83842436098648,75.94988269805908,56.06134103513169,5.849553545631095,75.65192147749964,55.4829107138253,23724912.0,123.61207134303122,-6.73500214091766,55.689344637902394,0.36301972326753423,4481359872,10.320957,8.35,1.6156125,0.23
2022-12-21,98.94940302441671,101.68418552006642,87.71193009833105,88.8555679321289,2585928,0,77.24766120910644,66.61234085083008,79.09369368593347,70.05862708685925,59.72229900982314,65.29011083706486,6.90257100477406,5.957545400867766,0.9450256039062941,96.94711845698735,77.24766120910644,57.548203961225525,6.4297465367814,76.19255104985307,68.90910495669914,21138984.0,116.81052129174941,-34.724094734466725,57.207682594475635,0.12300484131070309,4481359872,10.320957,8.35,1.6156125,0.23
2022-12-22,89.50197379969708,93.77818224944204,81.14845472762343,83.6346206665039,758362,0,78.19986267089844,67.15531944274902,79.52616292217827,70.59101899194336,59.960232558645835,57.99135541593279,6.406186320029676,6.047273584700148,0.35891273532952717,97.18828631564958,78.19986267089844,59.21143902614731,6.872602321426916,50.25114095673168,67.36520449469477,20380622.0,62.643968694724705,-48.85598901009649,57.55172468508652,0.08389469190554037,4481359872,10.320957,8.35,1.6156125,0.23
2022-12-23,82.34182099942456,87.01581004708297,74.53525368545932,75.4302749633789,808358,0,78.79405632019044,67.48150444030762,79.13607835467357,70.78079373592122,60.11416332884218,48.76573632178114,5.2897982480287595,5.895778517365871,-0.6059802693371115,96.61924381700712,78.79405632019044,60.96886882337375,7.2731704671552535,21.978818822669655,49.4741702764181,19572264.0,1.1116553794460706,-83.80952329196421,57.81967505999545,0.03448932236100263,4481359872,10.320957,8.35,1.6156125,0.23
2022-12-26,76.2755660072789,85.37493462687405,74.1374694245997,84.33074951171875,586874,0,79.66670074462891,67.99564353942871,79.63080894105883,71.31216455065838,60.355124385388216,56.79569292884777,5.064861993217207,5.729595212536138,-0.664733219318931,96.76708461042797,79.66670074462891,62.56631687882985,7.556334376806618,19.514508261545032,30.581489346982085,20159138.0,15.879645511547668,-62.99638747575967,58.03061566490975,0.05935512981929554,4481359872,10.320957,8.35,1.6156125,0.23
2022-12-27,84.77825234420995,86.31967814897497,79.95509229132934,83.48544311523438,293672,0,80.58409576416015,68.50182670593261,79.99791695764698,71.789548023779,60.58527681056081,55.89961213306168,4.763478810460498,5.53637193212101,-0.7728931216605117,96.38770123806114,80.58409576416015,64.78049029025917,7.471209482580833,24.74510182909276,22.079476304435776,19865466.0,30.174121037339667,-66.06501603226295,58.14358691496882,0.06357567329074598,4481359872,10.320957,8.35,1.6156125,0.23
2022-12-28,83.73406550966399,87.21469781258408,82.14292083147865,82.68988037109375,308339,0,81.45922622680663,68.9861319732666,80.2542944255943,72.21701203739919,60.80522311464572,55.019788448644476,4.409604031725806,5.311018352041969,-0.9014143203161629,95.60719274480346,81.45922622680663,67.31125970880981,7.299821446761162,38.160965551475634,27.473525214037767,19557127.0,33.92411200201146,-68.9530653423277,58.264685018914165,0.04652516617319754,4481359872,10.320957,8.35,1.6156125,0.23
2022-12-29,83.23683574109775,84.72853536073876,81.54624587370859,83.33628845214844,164033,0,82.36667709350586,69.49430442810059,80.5478176662185,72.65306209287955,61.02941281949649,55.63085003914354,4.133665131414091,5.075547707916393,-0.9418825765023024,94.39250164737697,82.36667709350586,70.34085253963474,7.005712021066091,49.27385067922152,37.39330601992993,19721160.0,14.188509123416331,-66.60647680954406,58.32662984423593,0.04690800558744041,4481359872,10.320957,8.35,1.6156125,0.23
2022-12-30,84.0324032108651,89.35279645293441,83.68434151973456,86.12078094482422,437939,0,83.37357368469239,70.0352939605713,81.07857607370477,73.18120793021072,61.27907817397737,58.26127905364227,4.092491147606523,4.878936395854419,-0.7864452482478956,92.84446533007011,83.37357368469239,73.90268203931467,6.935054591046082,64.21490916982522,50.54990846684075,20159099.0,62.66758955776039,-56.49822113570708,58.51147808148166,0.042821264949724706,4481359872,10.320957,8.35,1.6156125,0.23
2023-01-02,86.76719405688598,96.41351517504451,85.17604932227525,94.77265167236328,1107615,0,84.51223793029786,70.78014945983887,82.38277374976748,74.02793121421671,61.61234756202101,65.17066316663093,4.703771974482834,4.843903511580102,-0.14013153709726822,93.711414125122,84.51223793029786,75.31306173547371,7.2423696811691665,79.71022601073166,64.39966195325941,21266714.0,164.72314685272954,-25.09022790139602,59.062280220931115,0.06947113162234801,4481359872,10.320957,8.35,1.6156125,0.23
2023-01-03,95.66765809047551,96.71185077380342,91.73951911448191,92.53509521484375,450418,0,85.1909610748291,71.48622062683106,83.34966150834617,74.7537023514962,61.920036593392375,62.298390336861345,4.950596927994255,4.865242194862932,0.08535473313132247,94.650948658134,85.1909610748291,75.73097349152421,7.080224108180048,80.41581147783654,74.78031555279776,20816296.0,166.77422072282454,-33.21299814291951,59.29134239034143,-0.019549500137370827,4481359872,10.320957,8.35,1.6156125,0.23
2023-01-04,92.88315811591528,93.03232958506112,87.81138127518938,89.0047378540039,424811,0,85.47935638427734,72.13162925720215,83.88824020793263,75.31256648884944,62.18953610842333,57.95811619654009,4.805937293806636,4.853381214651673,-0.04744392084503701,95.03466548301789,85.47935638427734,75.92404728553679,6.94741869401517,70.55652937986311,76.89418895614371,20391485.0,81.14392874163107,-46.02889005760339,59.48158219425741,-0.08962119490708208,4481359872,10.320957,8.35,1.6156125,0.23
2023-01-05,89.55170055679248,93.38039460248214,89.2533576079122,92.83343505859375,371001,0,85.76526527404785,72.84565605163574,84.74016352704321,75.99965937393745,62.49445052583796,61.121600940416776,4.943254596233132,4.871355890967965,0.07189870526516717,95.82797945521966,85.76526527404785,75.70255109287604,6.763721412191103,63.95612288541144,71.64282124770364,20762486.0,104.55611161869332,-32.1299658035435,59.65589876493573,-0.06951097382643541,4481359872,10.320957,8.35,1.6156125,0.23
2023-01-06,93.08204862115824,107.1040226053701,91.39145886504996,105.3139877319336,4169610,0,86.96856956481933,73.81526069641113,86.69957535608039,77.14924087817259,62.92051557266478,69.24542910182707,5.990105635081761,5.095105839790724,0.8949997952910369,99.9229374549742,86.96856956481933,74.01420167466446,7.402924435628892,70.41536539903812,68.3093392214375,24932096.0,210.53015541479166,-5.4298514728577985,62.032763885581694,0.15312415437097948,4481359872,10.320957,8.35,1.6156125,0.23
2023-01-09,107.4023683734815,115.25865424416216,104.66758584545303,113.0708236694336,4681512,0,88.33596076965333,74.92906295776368,89.21112281449498,78.55793039939851,63.41952361342865,73.0189493465303,7.360803696030601,5.5482454110387,1.8125582849919013,105.54909115179416,88.33596076965333,71.1228303875125,7.630649004420337,84.69825075946825,73.02324634797255,29613608.0,257.6124423164068,-5.320446344940322,64.98369502619089,0.24317399313145124,4481359872,10.320957,8.35,1.6156125,0.23
2023-01-10,114.26418236082222,116.84979329066994,109.49074096173725,112.37469482421875,1767758,0,89.7928539276123,75.99513076782226,91.41717729161154,79.88407802390127,63.9066397448793,72.16320793194721,8.295296984665342,6.097655725764028,2.1976412589013137,109.74714244717326,89.7928539276123,69.83856540805134,7.6112492418855044,89.48491989268773,81.53284535039798,27845850.0,219.3483649285904,-10.477300369990193,66.04993770532641,0.21493754626474787,4481359872,10.320957,8.35,1.6156125,0.23
2023-01-11,112.3746992365503,113.31943924835876,105.0156466186684,108.54600524902344,1127043,0,91.08317413330079,77.00849197387696,93.04849423993647,81.0080751699845,64.35081253596532,67.47915478103313,8.627494016945747,6.603623384000372,2.023870632945375,112.34112293592993,91.08317413330079,69.82522533067164,7.660716626728709,82.17597779381346,85.45304948198975,26718807.0,153.6461237057145,-19.441199377687926,66.65012920620002,0.20451336739805825,4481359872,10.320957,8.35,1.6156125,0.23
2023-01-12,106.50734107700755,119.03761515891858,106.40789596270189,111.9769058227539,3334741,0,92.66437530517578,78.09743255615234,94.85120010496671,82.22253911715192,64.82470401145575,69.39616527997377,9.06313340120154,7.095525387440605,1.9676080137609349,115.16285017113023,92.66437530517578,70.16590043922133,8.015645381692137,76.31979817547555,82.6602319539922,30053548.0,155.74364169139795,-15.725359507614938,68.4712140658686,0.1682014965991204,4481359872,10.320957,8.35,1.6156125,0.23
2023-01-13,111.87746096905398,113.86639360850383,109.44102152059828,110.4852066040039,977963,0,94.0740306854248,79.15355575561523,96.34015310487501,83.3308790185971,65.27903737058558,67.53222689927496,9.182166788496517,7.512853667651788,1.6693131208447287,117.31693155024276,94.0740306854248,70.83112982060685,7.759197289278808,61.618253392681375,73.37134312065673,29075585.0,122.56928285944758,-21.882949020179826,68.96420372901295,0.14499602570339473,4481359872,10.320957,8.35,1.6156125,0.23
2023-01-16,111.18134574420633,111.72829770791239,105.61232787507087,106.55707550048828,809929,0,95.04612159729004,80.10526016235352,97.31319333302866,84.24171025318107,65.68976411814681,62.752362723160516,8.857431299760606,7.781769194073552,1.0756621056870541,118.66672645217442,95.04612159729004,71.42551674240566,7.6418238995332874,41.97926366018432,59.97243840944703,28265656.0,85.66621850765146,-33.28910065537073,69.33279857003463,0.10949133567029905,4481359872,10.320957,8.35,1.6156125,0.23
2023-01-17,106.20901263019077,106.25873139698388,100.29193310511195,102.7780990600586,426838,0,95.4066162109375,80.99530754089355,97.83366054512675,84.9686274612939,66.0588022767728,58.465155390460275,8.200612710206627,7.865537897300166,0.3350748129064609,119.26694581370239,95.4066162109375,71.54628660817261,7.543489506379219,21.57998887335047,41.725835308738674,27838818.0,47.99197310141182,-43.36869100503678,69.50019360196623,0.051071835821416854,4481359872,10.320957,8.35,1.6156125,0.23
2023-01-18,103.3747679563658,110.18686812220993,101.33611661129714,107.60124969482422,491157,0,96.34390029907226,81.9688899230957,98.76390713081221,85.85618127437353,66.47215996252456,62.03064330290703,7.977309732443857,7.8878922643289044,0.08941746811495221,120.57115547492961,96.34390029907226,72.11664512321491,7.636865363845902,21.082521221605973,28.21392458504687,28329975.0,61.82310294135042,-32.34881606952177,69.7092861637897,0.1563481674094104,4481359872,10.320957,8.35,1.6156125,0.23
2023-01-19,107.05430333759082,112.12608016927584,104.46869236331767,105.1150894165039,332886,0,97.41792373657226,82.82015296936035,99.36878163421142,86.6114325740649,66.85666672326067,59.209155196373096,7.513121568319903,7.812938125127104,-0.2998165568072011,121.19664073160567,97.41792373657226,73.63920674153886,7.638331252568206,29.26190532289732,23.97480513928453,27997089.0,60.42855408944543,-41.116012796278895,69.85295709032151,0.16716762101974894,4481359872,10.320957,8.35,1.6156125,0.23
2023-01-20,105.7117780159214,107.0543060960818,101.63445983496393,102.1814193725586,184571,0,98.75548095703125,83.59683120727539,99.63665189500638,87.2220202916529,67.20815679937309,55.97378880472434,6.829796802969952,7.616309860695674,-0.7865130577257222,120.3452466592808,98.75548095703125,77.1657152547817,7.479868038893182,30.163167198895433,26.835864581132853,27812518.0,32.98576919976882,-53.98087982407352,69.92448983706944,0.19609476495848094,4481359872,10.320957,8.35,1.6156125,0.23
2023-01-23,103.32505372947021,105.01564346419036,100.93833300790715,101.5350112915039,151069,0,99.61569404602051,84.33671401977539,99.81744802800614,87.78331405635294,67.54971754058832,55.257308059986464,6.165030637862685,7.326054016129076,-1.1610233782663908,120.18481408471773,99.61569404602051,79.04657400732329,7.236828211563898,20.667221350613826,26.69743129080214,27661449.0,20.409241203686822,-56.05096001197445,69.98086269946552,0.17341697429287264,4481359872,10.320957,8.35,1.6156125,0.23
2023-01-24,102.38030573883108,107.75042544352212,102.38030573883108,103.7725601196289,372953,0,100.63004989624024,85.14322616577148,100.19412537006545,88.4103433137363,67.91014383490713,57.295046774559175,5.752439610032354,7.011331134909732,-1.2588915248773773,119.87561915504865,100.63004989624024,81.38448063743182,7.163870064453492,17.267956445681936,22.69944833173034,28034402.0,31.072499721375767,-51.25209185808255,70.12829845908517,0.16321253570995417,4481359872,10.320957,8.35,1.6156125,0.23
2023-01-25,104.81675740024359,105.51288082759285,98.45217108537024,101.63446044921875,232632,0,101.57727890014648,85.92388221740723,100.33130013950863,88.92893614257875,68.24570917435302,54.73001887474705,5.1930690064284875,6.647678709213483,-1.4546097027849951,118.97368072770321,101.57727890014648,84.18087707258975,7.156501470008429,19.703396282153495,19.212858026149693,27801770.0,2.2887741050352766,-62.94963583621029,70.21230277277358,0.17371624741269645,4481359872,10.320957,8.35,1.6156125,0.23
2023-01-27,102.43004121609627,102.43004121609627,94.47430985950626,96.11518096923828,323462,0,102.21622352600097,86.6060863494873,99.92976498043527,89.21074966519285,68.52301735141656,48.67246259447889,4.255351007977694,6.1692131689663245,-1.9138621609886304,117.72176936814292,102.21622352600097,86.71067768385903,7.213589319049971,20.321865811610618,19.097739513148625,27478308.0,-48.63443636125568,-93.3198277278617,70.31299409248243,0.16297333564219763,4481359872,10.320957,8.35,1.6156125,0.23
2023-01-30,96.36379685281551,97.15936543021341,93.4798427402037,94.97154235839844,144222,0,102.65876159667968,87.26939544677734,99.45755330214604,89.43666310414208,68.7861867544711,47.499321171886024,3.380947205386832,5.611559976250426,-2.230612770863594,116.74148217027661,102.65876159667968,88.57604102308275,6.961155988404238,15.361750905038505,18.462337666267484,27334086.0,-85.67235969966129,-94.16342084217624,70.35362080266972,0.1667228816825008,4481359872,10.320957,8.35,1.6156125,0.23
2023-01-31,96.96047237306648,100.73944766452834,95.12071108137178,97.90521240234375,175357,0,102.81538963317871,87.99535583496093,99.30971131168867,89.76876307662059,69.07592830320615,50.776829283930965,2.891368648966406,5.067521710793622,-2.1761530618272165,116.61053332317528,102.81538963317871,89.02024594318215,6.875923796813214,17.940991929040667,17.874869548563208,27509443.0,-61.548038125898564,-82.684838139886,70.40822360885748,0.13663797875747144,4481359872,10.320957,8.35,1.6156125,0.23
2023-02-01,99.34718972744001,100.63999142811738,91.04339723533029,94.8223648071289,136116,0,102.92975311279297,88.65568138122559,98.88234497792108,89.96694353664053,69.33211175100638,47.426226824381494,2.2289204715376343,4.499801462942425,-2.2708809914047903,116.41657897784425,102.92975311279297,89.44292724774168,7.0702573965256335,22.526737893632628,18.60982690923721,27373327.0,-93.17613125378003,-86.50089964251364,70.44674398530928,0.15216032380429795,4481359872,10.320957,8.35,1.6156125,0.23
2023-02-02,94.47430610308257,96.36379374257949,92.48537334301767,92.83343505859375,107242,0,103.12118797302246,89.25435012817383,98.30625831893752,90.07935496887399,69.5659557640172,45.3472010073987,1.5258465010588793,3.9050104705657156,-2.3791639695068363,115.90218168830823,103.12118797302246,90.34019425773668,6.842269039599647,24.28258282100501,21.58343754789271,27266085.0,-119.42702623623235,-92.1568675997009,70.47506784657064,0.16155787629298454,4481359872,10.320957,8.35,1.6156125,0.23
2023-02-03,92.98260707386417,95.4190466842446,88.95501517643586,90.59588623046875,183476,0,103.00931053161621,89.77445602416992,97.57193716765478,90.09961109677967,69.77520880348439,43.06025622342404,0.7791225834708655,3.2798328931467458,-2.5007103096758803,116.18173623250105,103.00931053161621,89.83688483073136,6.815252073043154,18.58712362651727,21.798814780384912,27082609.0,-147.3223068882939,-92.91844783768063,70.51875289690405,0.1450310794510506,4481359872,10.320957,8.35,1.6156125,0.23
2023-02-06,90.74505177839717,97.35825432954569,90.74505177839717,95.31959533691406,289839,0,102.50959091186523,90.40991989135742,97.35742842186995,90.30431636109867,70.02938180381702,48.91725008394508,0.5620236869178257,2.7362710519009616,-2.174247364983136,116.04760984402321,102.50959091186523,88.97157197970725,6.811474646331281,27.884310949973884,23.584672465831996,27372448.0,-100.88433826333728,-72.53220703301768,70.59654678614528,-0.011622828278080742,4481359872,10.320957,8.35,1.6156125,0.23
2023-02-07,95.91628182861842,95.91628182861842,90.44671659534534,91.39146423339844,168481,0,101.42562294006348,90.90019195556641,96.78924135630123,90.34694961099278,70.24193983794221,44.79115672098579,0.07217194276340422,2.2034512300734503,-2.131279287310046,114.87897311939355,101.42562294006348,87.9722727607334,6.715623973969982,29.594518097404688,25.355317557965222,27203967.0,-109.1867822212528,-89.48495005423595,70.63797589454013,-0.25954926608209183,4481359872,10.320957,8.35,1.6156125,0.23
2023-02-08,91.39146143198941,94.37486055868868,88.15944571139853,90.1980972290039,211034,0,100.31679306030273,91.40140304565429,96.16151334417768,90.34111226267949,70.44050856820154,43.588284413095586,-0.4076348764290856,1.6812340087729432,-2.0888688852020287,113.6325599526866,100.31679306030273,87.00102616791885,6.679894750635708,32.340541077517116,29.939790041631838,26992933.0,-113.70988704442341,-91.49379308476367,70.68570754861258,-0.26882389256102385,4481359872,10.320957,8.35,1.6156125,0.23
2023-02-09,91.14284216667735,92.93287703792473,87.51303848481514,88.2588882446289,262872,0,99.30243721008301,91.8628353881836,95.4088823823159,90.25945641883436,70.61780587841474,41.631751304821734,-0.9336012221120455,1.1582669625959454,-2.091868184707991,113.04029016562768,99.30243721008301,85.56458425453835,6.5898907365267,16.86300312019303,26.26602076503822,26730061.0,-114.56862510115927,-96.3144957333888,70.74092459195923,-0.2960985550832872,4481359872,10.320957,8.35,1.6156125,0.23
2023-02-10,86.5683063989921,91.98814544722835,86.5683063989921,88.4577865600586,233171,0,98.12648124694825,92.32824569702149,94.74687325638662,90.18880269888237,70.79531812400324,41.91971473608632,-1.3191772544263785,0.6627781191914806,-1.981955373617859,111.33973114017077,98.12648124694825,84.91323135372572,6.506315615934525,15.749789784441631,21.65111132738387,26963232.0,-111.34541962102107,-91.0798340945288,70.7881753844604,-0.39184608332778814,4481359872,10.320957,8.35,1.6156125,0.23
2023-02-13,88.45777551401521,90.44670814018464,84.08212980618313,84.62908172607422,208283,0,96.83367500305175,92.7011703491211,93.78327406302354,89.97077442543892,70.93296751307858,38.030205441324085,-1.9116571268488798,0.1478910699834085,-2.059548196832288,110.0167293182972,96.83367500305175,83.65062068780631,6.49619152436788,9.903017638760105,14.171936847798198,26754949.0,-131.53579780838297,-97.68909460878875,70.82413851829048,-0.38406486040909377,4481359872,10.320957,8.35,1.6156125,0.23
2023-02-14,85.52411541788942,86.61802700463633,78.96063831023096,82.4909896850586,476774,0,95.63037071228027,92.9110028076172,92.70781840797926,89.6774495336593,71.04797270881967,36.02026761386255,-2.5246255415418517,-0.38661225232164353,-2.138013289220208,109.42293309906817,95.63037071228027,81.83780832549236,6.579134179370557,15.012167509585021,13.554991644262195,26278175.0,-157.25354433871385,-86.70413102577224,70.88643477544002,-0.306880280674091,4481359872,10.320957,8.35,1.6156125,0.23
2023-02-15,82.98822202475172,84.67881953812865,81.09874184388468,83.78379821777344,218613,0,94.68065567016602,93.00746612548828,91.85791172319776,89.44632595264417,71.17469734074956,38.14886783192895,-2.8729707636455117,-0.8838839545864172,-1.9890868090590945,108.9802079154412,94.68065567016602,80.38110342489084,6.364915859004372,20.681536613860036,15.198907254068331,26496788.0,-136.84057521350485,-79.44915800845915,70.91597510857832,-0.2831158438794728,4481359872,10.320957,8.35,1.6156125,0.23
2023-02-16,84.52963887249001,90.09864885724238,84.08213205450608,88.80584716796875,332121,0,93.74088554382324,93.11884643554687,91.56723890841404,89.42120913755886,71.35013166738855,45.70566272245852,-2.7125311124160447,-1.2496133861523426,-1.462917726263702,106.94917263380518,93.74088554382324,80.5325984538413,6.3613397718946985,44.331756733695535,26.675153619046807,26828909.0,-79.54470897092705,-54.79454961207446,70.97685053159482,-0.29572278798992374,4481359872,10.320957,8.35,1.6156125,0.23
2023-02-17,87.6124941499045,89.40253682383562,84.52964962229163,85.32522583007812,268650,0,92.75139236450195,93.08304580688477,90.97276147238205,89.26058234118707,71.4891873306989,41.88604535206035,-2.833574898521931,-1.5664056886262603,-1.2671692098956708,105.35427393102226,92.75139236450195,80.14851079798164,6.255021731155362,55.16780746629445,40.060366937949944,26560259.0,-86.41202923400353,-70.77623750542035,71.02212483771464,-0.2793240063184757,4481359872,10.320957,8.35,1.6156125,0.23
2023-02-20,85.42466868041882,85.52411380694502,80.20371987243671,80.94956970214844,219779,0,91.68979988098144,93.07707916259766,90.01817177997884,88.93466027691105,71.58332048862377,37.62868879674154,-3.2451735115335083,-1.9021592532077098,-1.3430142583257985,104.51150924953541,91.68979988098144,78.86809051242747,6.18826260282343,49.613660304867494,49.70440816828577,26340480.0,-126.0526531429442,-90.82568847371871,71.04893254537643,-0.2795373797456953,4481359872,10.320957,8.35,1.6156125,0.23
2023-02-21,80.60149820572373,82.49097814245582,80.10426504612562,81.64568328857422,165834,0,90.69533348083496,92.99553283691407,89.22079192365459,88.64881804207431,71.6834435015586,38.696217464236696,-3.4751385944740463,-2.2167551214609773,-1.258383473013069,103.3930338839937,90.69533348083496,77.99763307767623,5.916723352359628,29.563785199846695,44.78175099033616,26506314.0,-123.71724802105057,-85.40547332043258,71.06761183075147,-0.24585479504551402,4481359872,10.320957,8.35,1.6156125,0.23
2023-02-22,81.44679784445154,83.48544936626519,81.04900977596857,82.8887710571289,135888,0,89.65114402770996,92.98857162475586,88.61774231731881,88.42293384658626,71.79493929813144,40.64976281468581,-3.516544252340765,-2.4767129476369347,-1.0398313047038301,101.26389482736441,89.65114402770996,78.03839322805551,5.668131655069412,20.380234221718737,33.18589324214425,26642202.0,-101.48750472805047,-78.64868609729653,71.08443212278166,-0.20343746733706075,4481359872,10.320957,8.35,1.6156125,0.23
2023-02-23,82.24236280458152,82.9882125552416,80.15398502016848,80.55177307128906,68185,0,88.59700965881348,92.94481506347657,87.84955477007789,88.11426087500598,71.88207197249122,38.18609205518025,-3.6953371939575703,-2.720437796901062,-0.9748993970565083,99.4713335427628,88.59700965881348,77.72268577486415,5.465709932212534,16.032120003177567,21.99204647491428,26574017.0,-108.55911916036875,-91.35140792487653,71.0919343342965,-0.2171955535281304,4481359872,10.320957,8.35,1.6156125,0.23
2023-02-24,80.65121545056925,82.44125782628306,77.81698801166887,78.61256408691406,121080,0,87.72187881469726,92.91000869750977,86.96984137168133,87.74164531468865,71.9490420432815,36.22420296750439,-3.9479997629925947,-2.9659501901193686,-0.9820495728732261,98.8493562764045,87.72187881469726,76.59440135299002,5.405607066669796,14.332039939823687,16.914798054906612,26452937.0,-117.41825745453569,-95.60438057257153,71.10312108688255,-0.20104359393232385,4481359872,10.320957,8.35,1.6156125,0.23
2023-02-27,78.56284754678391,79.20925224023709,75.28110531059188,76.2258529663086,183289,0,86.78459434509277,92.78868377685546,85.94660438069344,87.29004561475219,71.99159737584893,33.91470688558682,-4.2913562268376495,-3.231031397463025,-1.0603248293746246,98.45622421049495,86.78459434509277,75.11296447969059,5.300074199739468,8.883541717460206,13.082567220153768,26269648.0,-137.56105970527256,-95.052059464254,71.11461510088893,-0.21544201493300108,4481359872,10.320957,8.35,1.6156125,0.23
2023-02-28,76.57390676831253,78.8611823430156,75.72861191233126,77.71754455566406,92593,0,85.77521095275878,92.60072952270508,85.16288439735732,86.91465341635657,72.04857197465306,36.63389511017952,-4.392468016433327,-3.4633187212570853,-0.9291492951762415,96.90445951525463,85.77521095275878,74.64596239026294,5.145252501949815,17.178252640124825,13.46461143246952,26362241.0,-119.66277124246685,-86.19719718389808,71.1209345222325,-0.2133097608443904,4481359872,10.320957,8.35,1.6156125,0.23
2023-03-01,78.56284232027318,92.58481645746896,77.6181023145834,90.3472671508789,1693346,0,85.55145606994628,92.49631072998046,85.65663513578795,87.04926571967117,72.23064854357072,53.9214250026956,-3.4141308010688363,-3.4534811372194354,0.03935033615059913,96.10941276517437,85.55145606994628,74.9934993747182,5.846785476302368,42.76037227798394,22.94072221185627,28055587.0,15.019224348577119,-12.931037091392275,71.40334701446125,0.061152484978297256,4481359872,10.320957,8.35,1.6156125,0.23
2023-03-02,88.60694756985448,89.50196877504007,85.62354861068648,87.26441955566406,529648,0,85.2730052947998,92.46448776245117,85.80975746149043,87.05770312500422,72.38023830488508,50.31314427848541,-2.854644975531812,-3.3337139048819107,0.4790689293500985,95.32992905030517,85.2730052947998,75.21608153929444,5.766566409437372,62.0062535882436,40.64829283545074,27525939.0,30.74669482682116,-30.74714352686769,71.49303481317584,0.05796563720791639,4481359872,10.320957,8.35,1.6156125,0.23
2023-03-03,88.30861114756541,95.170422600095,87.21469213949183,90.7947769165039,616256,0,85.28294982910157,92.60769088745117,86.28452121911077,87.20425503839637,72.56346754480168,54.10100040062248,-2.1021458643400024,-3.087400296773529,0.9852544324335266,95.36127805983439,85.28294982910157,75.20462159836875,5.9229352702349285,78.10728003229283,60.95796863284007,28142195.0,88.34226350631805,-21.999979284861634,71.619354910425,0.0585222380107867,4481359872,10.320957,8.35,1.6156125,0.23
2023-03-06,91.09311979138737,93.23122404696642,88.60695381680159,89.10418701171875,258539,0,84.9721794128418,92.88116912841797,86.55306081840676,87.27876217460509,72.72805181810433,52.054487800745164,-1.6234868281544692,-2.794617603049717,1.1711307748952478,94.13514329093077,84.9721794128418,75.80921553475282,5.830173481658492,72.01695594648304,70.71016318900644,27883656.0,83.54269247488782,-30.499968903295603,71.66985127078128,0.010219720527714634,4481359872,10.320957,8.35,1.6156125,0.23
2023-03-08,89.05446085376448,95.0709774606361,87.1152470022201,93.97706604003906,507554,0,85.10145950317383,93.07409545898437,87.2601089347527,87.5414407575633,72.93948479543701,57.09265744125809,-0.8412480957994717,-2.403943701599668,1.5626956058001964,94.68630205672616,85.10145950317383,75.5166169496215,5.981998979998314,79.99971925460164,76.70798507779246,28391210.0,113.48155980750407,-5.999987544498292,71.77737420715965,0.08000573897681287,4481359872,10.320957,8.35,1.6156125,0.23
2023-03-09,94.57375208984676,94.72292356565315,90.74505800909029,91.54063415527344,160674,0,85.1685863494873,93.23519927978515,87.66777800337371,87.69827187119898,73.12457085871897,54.0352366829465,-0.41315535788668,-2.0057860328570705,1.5926306749703905,94.9127452942493,85.1685863494873,75.4244274047253,5.838846592610068,74.65947857653022,75.55871792587158,28230536.0,115.14318663821241,-18.249939864638957,71.81164597938594,0.07707687413402266,4481359872,10.320957,8.35,1.6156125,0.23
2023-03-10,90.99366936558368,97.3085290554868,90.14837450093422,92.53509521484375,523141,0,85.38239669799805,93.43210357666015,88.13133202351372,87.88795121800858,73.31771040455105,55.09233080402759,0.006283485490911289,-1.603372129187474,1.6096556146783854,95.56615197256706,85.38239669799805,75.19864142342904,5.933225732748818,69.45041044352875,74.70320275822014,28753677.0,123.23448443298349,-21.670413644034717,71.92781303219253,0.07651811419941701,4481359872,10.320957,8.35,1.6156125,0.23
2023-03-13,93.08204511613849,94.07651142632623,85.32521244897951,86.12078094482422,310920,0,85.26554641723632,93.48779342651368,87.93985096840044,87.81865042298175,73.44510414127019,47.50370333960012,-0.17685113437710243,-1.3180679302253997,1.1412167958482973,95.35869722549839,85.26554641723632,75.17239560897426,6.134516678791526,40.596350813582326,61.568746611213705,28442757.0,47.9422265348966,-50.790088937456694,71.98083740987462,0.04976016229041226,4481359872,10.320957,8.35,1.6156125,0.23
2023-03-14,87.11524324955651,87.66220272988157,82.14291192723965,85.27548217773438,202921,0,85.29786643981933,93.47088745117188,87.68610155976558,87.71891833493284,73.56281934561312,46.59287552319457,-0.3857485172965056,-1.131604047639621,0.7458555303431154,95.38679686807238,85.29786643981933,75.20893601156628,6.090571973352268,26.82183082926369,45.622864028791525,28239836.0,-6.106298684979375,-54.62757250738961,72.00801120623143,0.07801004763934519,4481359872,10.320957,8.35,1.6156125,0.23
2023-03-15,85.72299648893915,88.30861507331933,82.78932378604583,83.58489990234375,123340,0,85.3525619506836,93.24713241577149,87.2955109257254,87.55679996502738,73.66254154020746,44.74503523842628,-0.6798798276799403,-1.0412592036476849,0.3613793759677446,95.39176960063836,85.3525619506836,75.31335430072883,6.049766210060928,12.267659077941056,26.561946906928963,28116496.0,-10.239716843714897,-62.30247037547296,72.02430516591556,0.07458489625795141,4481359872,10.320957,8.35,1.6156125,0.23
2023-03-16,83.58489664964078,86.51856923837035,81.44679255907347,84.62908172607422,137400,0,85.39482612609864,93.0890121459961,87.04156528766337,87.44198748506844,73.7716613430519,46.16518021337084,-0.8192801125240265,-0.9968633854229532,0.17758327289892661,95.41435835040687,85.39482612609864,75.3752939017904,5.979909815006352,16.742229344015968,18.610573083740174,28253896.0,-22.725142235681787,-57.5620983926964,72.04142890610242,0.06432719547774679,4481359872,10.320957,8.35,1.6156125,0.23
2023-03-17,85.32522424656169,86.71747120358437,83.58490796310645,83.78379821777344,112082,0,85.14372367858887,92.98459335327148,86.73130175719767,87.29852908242943,73.8712845955367,45.153453316622546,-0.986590357864344,-0.9948087799112313,0.008218422046887275,95.0599167743305,85.14372367858887,75.22753058284724,5.77652791682575,16.02498964545784,15.01162602247156,28141814.0,-12.271521300072411,-61.399512690846834,72.05593159842752,0.021863858762440434,4481359872,10.320957,8.35,1.6156125,0.23
2023-03-20,83.58490885898247,84.13186085876745,81.84459255687426,82.4909896850586,59645,0,85.00201187133788,92.77774444580078,86.32746251223205,87.10999812566979,73.95705280538269,43.58035445710915,-1.209560713856206,-1.0377591667002262,-0.17180154715597973,94.98456502615122,85.00201187133788,75.01945871652455,5.52729508718771,17.928062505480963,16.898427164984863,28082169.0,-40.37417646953179,-68.6635600689869,72.06249413848843,0.047508525726811066,4481359872,10.320957,8.35,1.6156125,0.23
2023-03-21,83.53518250119431,84.82799193191691,81.94403768527361,82.4909896850586,100039,0,85.0790828704834,92.32128448486328,85.96208414773933,86.92886053976346,74.04196760020534,43.58035445710915,-1.3704684205295479,-1.1043010174660906,-0.2661674030634573,94.95856649616451,85.0790828704834,75.1995992448023,5.338485027148823,16.31299959628159,16.755350582406734,28082169.0,-36.98886971810153,-75.2525050137556,72.07375398862476,0.06418299777987016,4481359872,10.320957,8.35,1.6156125,0.23
2023-03-22,83.03793499441697,84.08212763101344,81.59596191261771,82.14291381835938,84145,0,85.10394439697265,91.7027262878418,85.59835364017934,86.74117635461036,74.12257403023672,43.11136199856452,-1.5086845741495694,-1.1851777288027863,-0.3235068453467831,94.95119251666735,85.10394439697265,75.25669627727795,5.134747933666459,14.54747014123222,16.262844080998196,27998024.0,-46.64134662314322,-95.61131746550379,72.08279454793012,0.04919356960345563,4481359872,10.320957,8.35,1.6156125,0.23
2023-03-23,81.54623943518526,85.87216647315317,81.54623943518526,82.98821258544922,190528,0,85.10891647338867,91.1149966430664,85.3497687778241,86.59400130483934,74.2107893392438,44.6686445444877,-1.532349356116498,-1.2546120542655286,-0.27773730185096945,94.9517850735071,85.10891647338867,75.26604787327025,5.076975012545134,18.769813573618116,16.543427770377246,28188552.0,-33.14804928746524,-90.28214832137519,72.10487939994948,0.026885595732623613,4481359872,10.320957,8.35,1.6156125,0.23
2023-03-24,83.08766765766579,85.52410721197361,80.25343245357452,81.5462417602539,142068,0,85.15863990783691,90.57500137329102,84.98752810948407,86.39604995014972,74.28377891557226,42.52986132595526,-1.6484564806803377,-1.3333809395484904,-0.3150755411318473,94.9186189869295,85.15863990783691,75.39866082874433,5.09081070867756,21.366952841962995,18.22807885227105,28046484.0,-52.523697101144236,-92.41980660177303,72.11980729705584,0.02276876287771538,4481359872,10.320957,8.35,1.6156125,0.23
2023-03-27,80.3528933843516,82.043483339507,78.61257707108933,79.30870056152344,84750,0,85.19344673156738,89.9216372680664,84.44668739063069,86.11811468000751,74.33377813592998,39.379009151268754,-1.8991310872238785,-1.446530969083568,-0.45260011814031054,94.86435578422999,85.19344673156738,75.52253767890477,4.972246105801853,20.16081580228509,20.09919407262201,27961734.0,-95.94190759077296,-96.27660848179836,72.12658041362559,0.027657833664014694,4481359872,10.320957,8.35,1.6156125,0.23
2023-03-28,80.45233129825999,80.55177641837828,76.62363726988345,77.0711441040039,79115,0,85.23571128845215,89.25335601806641,83.74425469666623,85.76333152016423,74.36101560824912,36.469302766289516,-2.2523805836943325,-1.6077008920057207,-0.6446796916886117,94.75569811306457,85.23571128845215,75.71572446383973,4.89766703742278,12.478869542127358,18.002212728791754,27882619.0,-131.9334534977533,-97.83655221038225,72.13136226164477,0.03380169923116377,4481359872,10.320957,8.35,1.6156125,0.23
2023-03-29,77.86671865285096,80.80039136603979,77.07114253376102,79.65675354003906,114400,0,85.33267173767089,88.71534957885743,83.35496887222556,85.52385787388481,74.41370951801817,41.81911242319051,-2.2972154127131716,-1.7456037961472108,-0.5516116165659608,94.57999197292105,85.33267173767089,76.08535150242074,4.814208594198208,15.741120694223703,16.12693534621199,27997019.0,-116.25410099986328,-85.33656205894846,72.13953180308454,0.036871439783800586,4481359872,10.320957,8.35,1.6156125,0.23
2023-03-31,81.49651208765951,83.13738303709194,79.855648725403,80.15398406982422,123120,0,84.82300758361816,88.26286727905273,83.05011317675876,85.31327458745106,74.47082667773763,42.81636690928208,-2.2664982089961967,-1.849782678717008,-0.41671553027918873,94.03215678938871,84.82300758361816,75.61385837784762,4.718952944402113,25.766355171855725,17.995448469402202,28120139.0,-75.59602332770542,-79.77211794289175,72.15063750575312,-0.23886612605231763,4481359872,10.320957,8.35,1.6156125,0.23
2023-04-03,80.55177875660902,82.93849964461053,79.85565530839784,82.1926498413086,70296,0,84.5694190979004,87.75469528198242,82.96845000195398,85.19089714642587,74.5476607390667,46.83970016039791,-2.053974375777628,-1.8906210181291319,-0.163353357648496,93.77500753649801,84.5694190979004,75.36383065930278,4.602088043817154,52.65223299688196,31.386569620987075,28190435.0,-60.27260205297227,-52.34040949750354,72.15740210410203,-0.23685603851497009,4481359872,10.320957,8.35,1.6156125,0.23
2023-04-05,82.78932437138407,89.8003152359033,82.04347460227251,87.91082763671875,317734,0,84.42522163391114,87.41061004638672,83.43915263383634,85.29756108722167,74.6806275738692,56.157367341850794,-1.4079090483995742,-1.7940786241832203,0.3861695757836461,93.32138221458227,84.42522163391114,75.52906105324,4.827427514518127,70.27380086382776,49.56412967752177,28508169.0,34.156055018632586,-14.339635559563474,72.20363131485043,-0.1952997741217677,4481359872,10.320957,8.35,1.6156125,0.23
2023-04-06,89.30308027675947,90.297546615756,85.7229953866311,86.36940002441406,176088,0,84.28848228454589,87.09436965942383,83.71822381389137,85.33959398671941,74.79693376740695,53.438284479635335,-1.0086508487470525,-1.6369930690959866,0.6283422203489342,92.97435040465398,84.28848228454589,75.60261416443781,4.809364922704325,80.48580015126971,67.80394467065976,28332081.0,56.64660505653592,-28.727311933859244,72.23068131849196,-0.17858339537330412,4481359872,10.320957,8.35,1.6156125,0.23
2023-04-10,86.56829849058815,91.29201363607532,85.37493432258046,88.2588882446289,216689,0,84.0025733947754,86.82884719848633,84.15066804539018,85.45407611448056,74.93088356320021,56.23560583747113,-0.5336187163668598,-1.4163181985501612,0.8826994821833014,91.71596584473122,84.0025733947754,76.28918094481958,4.888487379189363,76.47977489494777,75.74645863668171,28548770.0,82.81260783034175,-20.677989954206918,72.26567686328754,-0.3063608550667157,4481359872,10.320957,8.35,1.6156125,0.23
2023-04-11,88.80585481401195,92.4853775527451,87.61249055134793,90.49644470214844,253429,0,83.95036392211914,86.56332489013671,84.7550277269862,85.65181605909498,75.08576476856288,59.350098969486844,0.023133112922508303,-1.1284279362556273,1.1515610491781356,91.47067779033304,83.95036392211914,76.43005005390523,4.88737306648992,76.01030901879001,77.65862802166912,28802199.0,131.0782088129912,-12.539184321065179,72.31121098515412,-0.25628007886683,4481359872,10.320957,8.35,1.6156125,0.23
2023-04-12,90.94394561041237,92.38592638508726,88.70639629983953,89.6014175415039,77438,0,83.80368003845214,86.32266403198243,85.21658866170218,85.80670239173847,75.23019912451254,57.5847883745986,0.3876728853009581,-0.8252077719443103,1.2128806572452684,90.74027972112937,83.80368003845214,76.86708035577492,4.801098567829764,76.70370061502378,76.3979281762538,28724761.0,143.58730479169674,-18.181863779205045,72.32510403978229,-0.24942903233425104,4481359872,10.320957,8.35,1.6156125,0.23
2023-04-13,88.75612659777624,91.14284748590806,87.3141533461844,88.0102767944336,92845,0,83.89815483093261,86.16056594848632,85.48265419815279,85.89311707419711,75.35736407645206,54.48228636757684,0.5419344378505286,-0.5517793299853424,1.093713767835871,91.00772676906537,83.89815483093261,76.78858289279985,4.731641108679328,64.5652825126781,72.42643071549725,28631916.0,108.85690715306954,-28.213176350811786,72.34042454929823,-0.1983383308871403,4481359872,10.320957,8.35,1.6156125,0.23
2023-04-17,88.01027272587564,91.49090498057129,87.16497783859909,90.3472671508789,119781,0,84.15174407958985,86.06808044433593,85.94595066984098,86.06778962622384,75.50651734087421,58.05666276984316,0.8430453187058049,-0.27281440024711295,1.1158597189529178,91.78244437080495,84.15174407958985,76.52104378837474,4.702661539628819,59.79129300082326,67.02009204284167,28751697.0,113.13531386251805,-13.479670980216413,72.36115934978066,-0.1936515498831469,4481359872,10.320957,8.35,1.6156125,0.23
2023-04-18,91.19256378022229,94.17596291266807,88.85556931057502,89.4522476196289,271036,0,84.4451114654541,85.89902114868164,86.27988371267793,86.20051346910248,75.64528082623495,56.235329726890214,0.9979534784932014,-0.0186608244990501,1.0166143029922514,92.40991744760667,84.4451114654541,76.48030548330154,4.7467852583762635,46.53902283323119,56.9651994489108,28480661.0,118.97087380627416,-26.912190379631994,72.41102766704827,-0.2269039125840676,4481359872,10.320957,8.35,1.6156125,0.23
2023-04-19,89.89976593047864,93.28095327760808,89.55170420073958,90.29755401611328,183784,0,84.72853507995606,85.80852493286133,86.66251897967177,86.361181725848,75.79107458931831,57.58860510816255,1.1753794304280376,0.22014722648636745,0.9552322039416702,93.09276046565056,84.72853507995606,76.36430969426156,4.681208144062185,49.078351524754964,51.802889119603094,28664445.0,106.46570089104027,-22.09626789911522,72.44508324756737,-0.27387795991543823,4481359872,10.320957,8.35,1.6156125,0.23
2023-04-20,90.49644031778244,94.8223675408126,90.29755007722929,91.8886947631836,369120,0,85.13377990722657,85.78963012695313,87.1602500066729,86.57794694299841,75.9512499144314,60.09022285275515,1.4279223363492122,0.46170224845893637,0.9662200878902758,94.04323806205778,85.13377990722657,76.22432175239535,4.670037381170837,46.33113353562694,47.31616929787099,29033565.0,112.50086549841707,-16.12020582730045,72.51783573037574,-0.2550914752272048,4481359872,10.320957,8.35,1.6156125,0.23
2023-04-21,91.888694338098,99.84442531824196,90.99367308539655,98.25328063964844,1302315,0,85.92189445495606,85.94277801513672,88.21672911457533,87.03580316639645,76.17316066791615,68.17626169721748,2.1172272204630076,0.7928072428597506,1.324419977603257,96.40623221722052,85.92189445495606,75.4375566926916,4.968659870576163,64.60676948494694,53.33875151510957,30335880.0,154.54203537460964,-6.9868920245342165,72.82163263319542,0.014322636601459734,4481359872,10.320957,8.35,1.6156125,0.23
2023-04-24,99.44662977188477,104.41896126047901,98.05437543764324,103.12615203857422,1607977,0,86.95365257263184,86.09890914916993,89.63667415495618,87.66679723981518,76.44134963677843,72.73155527575315,3.021872045019606,1.2386202032917217,1.7832518417278842,99.70144898426165,86.95365257263184,74.20585616100203,5.068368867166135,80.27753537569218,63.73847946542198,31943857.0,201.08280848058234,-5.26317132536045,73.27143669748095,0.18367583466381693,4481359872,10.320957,8.35,1.6156125,0.23
2023-04-25,103.12616169831394,104.12062808918361,97.55715142687909,99.0488510131836,499895,0,87.79894943237305,86.25205688476562,90.53307195097784,88.1131522897512,76.66629989923022,64.42209983264902,3.370947286791832,1.6650856199917439,1.7058616668000883,101.37386489505282,87.79894943237305,74.22403396969328,5.175162281104591,81.00795948108616,75.29742144724172,31443962.0,157.0495882260072,-21.86232691060229,73.40066584921095,0.13569552766842338,4481359872,10.320957,8.35,1.6156125,0.23
2023-04-26,99.49635914312663,106.95485660251614,99.396906440594,102.82781982421875,750361,0,88.79092979431152,86.50465133666992,91.70400031985793,88.69019807541659,76.92661353032464,68.0639050534788,3.907480133085784,2.113564522610552,1.7939156104752318,103.65319681229788,88.79092979431152,73.92866277632517,5.370222517406589,76.93224990285997,79.40591491987938,32194323.0,167.340877818409,-16.56687203567041,73.61245591374174,0.12379152154960185,4481359872,10.320957,8.35,1.6156125,0.23
2023-04-27,103.42450000716786,110.58465466510134,102.43003366094509,108.49627685546875,1097677,0,90.13843154907227,86.90939910888672,93.30326475182086,89.46690704718334,77.2407395335599,72.59535168799536,4.735495543551579,2.637950726798757,2.097544816752822,106.89513100378481,90.13843154907227,73.38173209435972,5.569108123602994,76.14786259188385,78.02935732527659,33292000.0,184.55253568320353,-8.284018153545926,73.9593778418551,0.18648871001465325,4481359872,10.320957,8.35,1.6156125,0.23
2023-04-28,109.68964388032204,113.17027618276157,104.66758566621733,107.2531967163086,605335,0,91.53565635681153,87.28530731201172,94.6318297008197,90.16440860283531,77.53937094831362,70.24155929389747,5.231096716792038,3.1565799247974136,2.0745167919946246,109.08856069357313,91.53565635681153,73.98275202004993,5.7786497230987965,75.55528646937661,76.21179965470674,32686665.0,164.0452446311711,-21.288025512395766,74.15440834692915,0.15240033706791223,4481359872,10.320957,8.35,1.6156125,0.23
2023-05-02,108.34710503113935,108.34710503113935,104.51841112816027,105.1150894165039,284552,0,92.93785362243652,87.69502746582032,95.63023538802771,90.75070981121446,77.81375620670357,66.26196582292519,5.389213330408651,3.603106605919661,1.7861067244889903,110.1214387975626,92.93785362243652,75.75426844731044,5.639367164518817,66.61652940888924,72.77322615671649,32402113.0,120.2628956842582,-30.975175364853463,74.23902600003137,0.13293901632250785,4481359872,10.320957,8.35,1.6156125,0.23
2023-05-03,104.41895929916103,108.94378390366157,104.41895929916103,106.25872039794922,257001,0,94.26795196533203,88.17038208007813,96.64247205563929,91.35886708912562,78.09679067626821,67.32821456834253,5.542908153495262,3.9910669154347813,1.5518412380604802,111.25060568947589,94.26795196533203,77.28529824118817,5.559756981660369,53.44296981677649,65.20492856501404,32659114.0,108.75720773636226,-26.577490837992315,74.3163748692892,0.12012236852036708,4481359872,10.320957,8.35,1.6156125,0.23
2023-05-04,106.55706484037776,107.05429798700838,102.28085674448411,102.92726135253906,227105,0,95.40661582946777,88.55325134277344,97.2410234172488,91.81252960925949,78.3438600362311,61.25506452368171,5.334399864217062,4.259733505191237,1.0746663590258247,111.48082547703112,95.40661582946777,79.33240618190442,5.503591571722076,34.72103360434998,51.59351094333851,32432009.0,77.18443895845817,-39.38818426408017,74.37923865067913,0.11131265050083294,4481359872,10.320957,8.35,1.6156125,0.23
2023-05-05,103.42450755049542,104.91620717862757,99.44664187547637,101.93280792236328,231953,0,96.39362373352051,88.81579055786133,97.6878600367835,92.20940326859689,78.57857593559561,59.528910665532294,5.030918168908528,4.413970437934696,0.6169477309738323,111.49593927129754,96.39362373352051,81.29130819574348,5.501161123967013,24.62381739316689,37.595940271431054,32200056.0,52.45165084967088,-43.212225876734884,74.43889076219504,0.10288479028937045,4481359872,10.320957,8.35,1.6156125,0.23
2023-05-08,100.93834035064138,102.97699952067275,99.5460858628524,100.59027862548828,160835,0,97.02759628295898,89.12109161376954,97.96428085475539,92.53806504729852,78.79759785290797,57.186023335677284,4.6287188549541725,4.456920121338591,0.1717987336155815,111.71102457342663,97.02759628295898,82.34416799249134,5.353286304956538,12.031309634365991,23.79205354396089,32039221.0,36.998963937167794,-51.7382242089189,74.47852221406201,0.07901136378506637,4481359872,10.320957,8.35,1.6156125,0.23
2023-05-09,100.49083508017101,106.35818090619682,100.49083508017101,102.13169860839844,311475,0,97.8157112121582,89.54473419189453,98.36117778367377,92.91428597126323,79.02977795992777,59.17282578579183,4.383818777359352,4.442299852542743,-0.05848107518339152,111.80175813068982,97.8157112121582,83.82966429362659,5.390004842175772,19.476703256192682,18.710610094575127,32350696.0,50.75715719411717,-46.73685429739566,74.56056525760452,0.07658621427370585,4481359872,10.320957,8.35,1.6156125,0.23
2023-05-10,102.77810139244022,102.77810139244022,97.15936468931747,99.6455307006836,218037,0,98.38504333496094,89.90473114013672,98.48349710910327,93.17825635280913,79.234909827995,54.758966192920234,3.9436606637866163,4.342572014791518,-0.3989113510049016,111.67850138652611,98.38504333496094,85.09158528339577,5.406342832243413,21.813270580696113,17.773761157084866,32132659.0,13.647248147865694,-59.13044828883215,74.61141968688213,0.0743754429171187,4481359872,10.320957,8.35,1.6156125,0.23
2023-05-11,100.04331685948797,102.2311474597981,99.14829559514185,101.2863998413086,124694,0,98.92454109191894,90.2726837158203,98.75044022645616,93.49622276412283,79.45432763907274,57.036794849719755,3.6847609830169574,4.211009808436605,-0.526248825419648,111.76157236426339,98.92454109191894,86.08750981957449,5.240379191701472,32.754252693172845,24.681408843353818,32257353.0,20.799414026008915,-53.587451104560714,74.64159114037567,0.07565994473309041,4481359872,10.320957,8.35,1.6156125,0.23
2023-05-12,101.33612597708117,101.33612597708117,97.15936261485862,97.90521240234375,137527,0,99.33973083496093,90.6197525024414,98.66994233844545,93.66912431856287,79.63791853223962,51.30455398075352,3.170203420524828,4.00284853085425,-0.8326451103294215,111.460932155146,99.33973083496093,87.21852951477587,5.164406632452978,26.032867319825723,26.866796864564833,32119826.0,-10.845658745321572,-95.34161630239306,74.67214615859986,0.06965188830211096,4481359872,10.320957,8.35,1.6156125,0.23
2023-05-15,97.45770083522069,102.57920397818026,97.45770083522069,101.5350112915039,286915,0,100.01596755981446,91.0782014465332,98.94280604826054,93.97759047436448,79.8558000522323,56.37350025719119,3.020488963342629,3.8063766173519253,-0.7858876540092963,110.98806318907234,100.01596755981446,89.04387193055658,5.161342097489163,33.51348783402255,30.76686928234031,32406741.0,5.274943379779464,-72.67083693826729,74.74017954694659,0.09346942678947295,4481359872,10.320957,8.35,1.6156125,0.23
2023-05-16,101.98253722076494,103.32506540738571,98.50190465469346,98.99913787841797,152120,0,100.44856109619141,91.5336671447754,98.948170984466,94.17451390197442,80.04628102562718,52.279127650848665,2.6664778888557805,3.5783968716526964,-0.9119189827969159,110.50581563345709,100.44856109619141,90.39130655892573,5.137186287146526,28.504823434268015,29.350392862705366,32254621.0,-8.166188464637564,-88.50924242544448,74.77575885420768,0.07362010549317763,4481359872,10.320957,8.35,1.6156125,0.23
2023-05-17,98.99912760667497,101.23667688127628,97.75604467634092,99.4963607788086,123605,0,100.9507667541504,91.96924346923828,99.00037953630816,94.38321377949732,80.23981415749964,52.9999347544362,2.3983960773789477,3.342396712797947,-0.9440006354189991,109.67642328015087,100.9507667541504,92.22511022814992,5.018860995560014,38.4365192925855,33.48494352029196,32378226.0,-34.70740022675518,-85.4037175702769,74.8037149003532,0.0983726689244652,4481359872,10.320957,8.35,1.6156125,0.23
2023-05-18,99.94387519411903,100.39138204817725,97.25881889541634,97.80577087402344,102630,0,101.3261775970459,92.11841354370117,98.88660728275724,94.51743170477286,80.41459979647003,50.22227590047324,2.0261664483201827,3.079150659902394,-1.0529842115822112,108.73248302517348,101.3261775970459,93.91987216891832,4.884125435360078,26.075328036245377,31.005556921032902,32275596.0,-71.19623236703048,-95.96270221294138,74.8259305287958,0.104186905091125,4481359872,10.320957,8.35,1.6156125,0.23
2023-05-19,98.30299992815914,98.60134287636987,94.77264883927262,96.01573181152344,191026,0,101.53252944946288,92.29343978881836,98.61319057121116,94.57618857170425,80.56983494089842,47.390223726297044,1.5686481932362994,2.777050166569175,-1.2084019733328755,108.05249771526242,101.53252944946288,95.01256118366335,4.808737478341304,20.974000238934817,28.4952825225885,32084570.0,-132.02064752870334,-91.22806347831236,74.86364527376261,0.11123069959402458,4481359872,10.320957,8.35,1.6156125,0.23
2023-05-22,94.47430116243913,95.4687674904648,85.374932743569,85.97161102294922,558653,0,100.91844596862794,92.19697647094726,97.40923061423383,94.23875415802759,80.62358395664022,35.34599128550199,0.39107698240698596,2.299855529736737,-1.9087785473297512,110.26078689610826,100.91844596862794,91.57610504114761,5.225313306170813,9.447632395195713,18.83232022345857,31525917.0,-276.5725079434932,-97.46836078123941,74.93502770469304,-0.04564865581068104,4481359872,10.320957,8.35,1.6156125,0.23
2023-05-23,86.4688486565372,90.89422859730495,86.4688486565372,88.7063980102539,241149,0,100.19745826721191,92.18902069091797,96.58038941385479,94.02179901497765,80.70400996712394,39.83000186622148,-0.3178186166333461,1.7763207004627204,-2.0941393170960665,110.87697467911852,100.19745826721191,89.51794185530531,5.2036921824697355,12.954036110294775,14.458556248141704,31767066.0,-227.28778405576043,-84.63301287064634,74.96507443005208,-0.20022581123741928,4481359872,10.320957,8.35,1.6156125,0.23
2023-05-24,88.65667392071099,89.40252366050298,86.51856981587207,87.26441955566406,102484,0,99.60823669433594,92.05476776123047,95.6931541892652,93.75680374206338,80.7692876744726,38.3208723669685,-0.9846289072261527,1.2241307789249456,-2.2087596861510983,111.68516432028787,99.60823669433594,87.53130906838402,5.037996586909819,12.30333818149042,11.568335562326906,31664582.0,-195.3426835931226,-90.99526061241403,74.97691241977158,-0.17692981390417495,4481359872,10.320957,8.35,1.6156125,0.23
2023-05-25,86.51856774262984,95.46876440566051,86.51856774262984,94.32512664794922,502561,0,99.18310203552247,92.11045761108399,95.56286585199702,93.77909091484322,80.90417164435793,48.592056600668336,-0.9325904904174109,0.7927865250564743,-1.7253770154738852,111.37483407885335,99.18310203552247,86.99136999219158,5.31743944948988,33.75167841567077,19.66968423581859,32167143.0,-108.73585467635903,-57.34600365485386,75.05445850457093,-0.10943367346181848,4481359872,10.320957,8.35,1.6156125,0.23
2023-05-26,95.46877176172752,101.4355699968355,95.46877176172752,98.25328063964844,617646,0,98.67095222473145,92.22482131958007,95.81909583177334,93.95454933542382,81.07679959455983,53.25580364467476,-0.5678348255978989,0.5206622549255997,-1.0884970805234986,110.0908913236007,98.67095222473145,87.2510131258622,5.445511156589623,53.47922444060779,33.17808034592293,32784789.0,-10.85560793045796,-38.62557504792611,75.18356690554909,-0.22514540072852654,4481359872,10.320957,8.35,1.6156125,0.23
2023-05-29,98.89967952795382,99.34719395610958,94.27541688057951,94.92181396484375,178251,0,98.0543830871582,92.40084197998047,95.73364041587529,93.99248128167558,81.21456093157758,49.18076537299732,-0.5413445685231721,0.30826089023584535,-0.8496054587590175,108.86986284775887,98.0543830871582,87.23890332655753,5.418815865085369,68.11109895582935,51.78066727070257,32606538.0,-37.48169301216186,-46.81442527430987,75.21704716128036,-0.22350724749893916,4481359872,10.320957,8.35,1.6156125,0.23
2023-05-30,95.46877389007531,96.065452209453,92.48537470601046,93.43011474609375,92980,0,97.47013435363769,92.56393463134765,95.51425701875324,93.97042769204492,81.33610873072699,47.4306981197765,-0.6334168738090966,0.11992533742685696,-0.7533422112359536,107.95418285055297,97.47013435363769,86.98608585672241,5.2874774106823095,60.99917956355079,60.86316765332925,32513558.0,-63.09213265844479,-55.124665909783936,75.23265081143886,-0.20085865579781906,4481359872,10.320957,8.35,1.6156125,0.23
2023-05-31,93.87762561129763,96.46323662187132,92.5848163124227,93.5295639038086,114563,0,96.83367652893067,92.76282791137696,95.32523862685375,93.95313891603566,81.45743664289695,47.564662104371095,-0.6904016032745517,-0.042140050713424776,-0.6482615525611269,106.62922290458015,96.83367652893067,87.03813015328119,5.186830474879903,49.93726296550668,59.68251382829555,32628121.0,-51.40485382470193,-54.570635699660144,75.25204427604686,-0.2092732553490526,4481359872,10.320957,8.35,1.6156125,0.23
2023-06-01,93.7781747375139,96.06544266576074,92.98259866592977,94.32512664794922,144001,0,96.40356979370117,92.95674880981446,95.22998986695808,93.96772667022834,81.58547335936514,48.69109824796825,-0.6637162396106362,-0.16645528849286706,-0.49726095111776913,105.83993407679907,96.40356979370117,86.96720551060326,5.036545726662122,37.96294141047161,49.63312797984296,32772122.0,-40.45228690866496,-50.13856403177607,75.27670537343901,-0.18105160752749033,4481359872,10.320957,8.35,1.6156125,0.23
2023-06-02,94.325137146405,95.07098695133784,92.58482093489503,93.0820541381836,113904,0,95.96103210449219,93.14271392822266,95.02542455945574,93.93299441406973,81.69986719796034,46.992397728615856,-0.7344076649878986,-0.28004576379187335,-0.4543619011960252,105.14545428833755,95.96103210449219,86.77660992064683,4.854375747360742,25.417039381733844,37.77241458590398,32658218.0,-49.56469392386885,-57.06370789030236,75.29527604866172,-0.19638744351554868,4481359872,10.320957,8.35,1.6156125,0.23
2023-06-05,93.97706472175398,94.47429786842993,92.23674870838816,92.63453674316406,100896,0,95.56324501037598,93.34558486938477,94.79772095790416,93.88207450540676,81.80866988000217,46.365266892789904,-0.8171227600857378,-0.38746116305064626,-0.42966159703509155,104.59916235005355,95.56324501037598,86.52732767069841,4.667459562552245,12.887623607021624,25.422534799742294,32557322.0,-51.46680423520209,-54.79877986710295,75.31127773898841,-0.1995261410070166,4481359872,10.320957,8.35,1.6156125,0.23
2023-06-06,92.08758235354868,93.18149381946208,91.29201382705536,92.38592529296875,90003,0,95.07595634460449,93.54348358154297,94.56802613267222,93.82340198727194,81.91391620251925,45.99801375211306,-0.8924483461741488,-0.48845859967534677,-0.40398974649880204,103.68340409511586,95.07595634460449,86.46850859409312,4.469032450398993,13.08708586870417,17.13058295248648,32467319.0,-59.49682924355054,-56.34673494681032,75.32486432509505,-0.17394401128018436,4481359872,10.320957,8.35,1.6156125,0.23
2023-06-07,92.28647680272309,95.5682110805244,92.28647680272309,94.17595672607422,129539,0,94.80247764587402,93.78414443969727,94.5306861891867,93.8372276633034,82.03592655598746,49.12279902182286,-0.798499236950974,-0.5504667271304722,-0.24803250982050185,103.15560833362632,94.80247764587402,86.44934695812172,4.384225438070588,30.32740069972309,18.767370058482896,32596858.0,-22.393028766579526,-45.20127785891424,75.34636441364275,-0.16680246272991175,4481359872,10.320957,8.35,1.6156125,0.23
2023-06-08,94.17596409566328,95.8168351565556,92.58481938914024,93.2312240600586,90457,0,94.39971885681152,93.98900466918946,94.40692789117449,93.81346281611732,82.14732255105284,47.558668153146954,-0.7911559681881783,-0.5986045753420134,-0.19255139284616496,102.22349364120436,94.39971885681152,86.57594407241868,4.3019247473095,41.47586073624882,28.296782434891963,32506401.0,-19.787518873036205,-51.08356416622425,75.3612421486465,-0.1933943938584244,4481359872,10.320957,8.35,1.6156125,0.23
2023-06-09,93.8776265598945,94.27541462411983,90.29754915621902,91.49090576171875,62544,0,94.07900352478028,94.18789794921875,94.129211497893,93.72238214731738,82.2402935282734,44.7329921188946,-0.9152154826354604,-0.6619267568007028,-0.2532887258347576,101.82720075413492,94.07900352478028,86.33080629542563,4.278777655923165,41.63177737193012,37.811679602633944,32443857.0,-56.099999787715774,-66.4451753260113,75.37048509704951,-0.18115911514851626,4481359872,10.320957,8.35,1.6156125,0.23
2023-06-12,91.49090620825865,93.47983895191643,91.29201596876338,91.6897964477539,49109,0,93.58674278259278,94.43551986694337,93.89688625502261,93.64267290419724,82.33431843294484,45.13419576973831,-0.9861173781724233,-0.7267648810750469,-0.2593524970973764,100.5930634632122,93.58674278259278,86.58042210197335,4.129423750725301,29.901292270614334,37.669643459597694,32492966.0,-48.335851705692754,-65.33332490671104,75.37779312988972,-0.2461523345473109,4481359872,10.320957,8.35,1.6156125,0.23
2023-06-13,91.98814434009594,92.83343928416419,89.05447142033654,90.49644470214844,124003,0,93.1616081237793,94.70402587890625,93.5730346785584,93.51929140607768,82.41553361970308,43.111943928170405,-1.1256256420953008,-0.8065370332790976,-0.31908860881620316,99.82619782440692,93.1616081237793,86.49701842315169,4.104391187375468,22.72340648183962,31.418825374794626,32368963.0,-76.16275428118225,-73.33326836230057,75.39472535707476,-0.22350765112694382,4481359872,10.320957,8.35,1.6156125,0.23
2023-06-14,90.94394374530057,92.38592449040279,90.49643692723411,91.2422866821289,57119,0,92.74890441894532,94.93573654174804,93.35105867889845,93.42999710317773,82.50336200838393,44.77731153187083,-1.162601979904295,-0.8777500226041371,-0.2848519573001579,98.78598974259044,92.74890441894532,86.71181909530019,3.946183785646411,26.30048736576532,26.308395372739692,32426082.0,-53.03483947915072,-82.3293930803108,75.40280559671493,-0.23084628534112286,4481359872,10.320957,8.35,1.6156125,0.23
2023-06-15,90.09865497556774,91.68979970966448,87.76166043606534,88.95501708984375,100540,0,92.30636672973633,95.11175720214844,92.93238805136943,93.25450769089012,82.56755758133377,40.82981591984699,-1.3607832721032622,-0.9743566725039622,-0.38642659959930004,98.08800813367864,92.30636672973633,86.52472532579401,3.9448948919287488,23.998964781958108,24.340952876520948,32325542.0,-100.62103737693086,-89.69959690061945,75.41531355286746,-0.22351138779052623,4481359872,10.320957,8.35,1.6156125,0.23
2023-06-16,89.50197147984233,90.89422588696398,88.70639536515105,89.20362854003906,79628,0,91.96576156616212,95.25197677612304,92.5772680979094,93.09564968497439,82.63358813813682,41.43417680317431,-1.4807137611654753,-1.0756280902362647,-0.40508567092921055,97.63469875109578,91.96576156616212,86.29682438122845,3.8193902940633326,25.296882510230546,25.198778219317926,32405170.0,-88.60731961659464,-83.42865622062976,75.42529743389339,-0.2238914290124376,4481359872,10.320957,8.35,1.6156125,0.23
2023-06-19,89.65114991000243,100.98806869505025,88.70640225206202,98.94940948486328,787579,0,92.61465148925781,95.47274841308594,93.18413870619072,93.32520889281317,82.79593461919877,59.079072561828085,-0.7803609491779184,-1.0165746620245955,0.23621371284667703,98.36103433249838,92.61465148925781,86.86826864601724,4.4238385904151105,42.708092627228865,30.667979973139108,33192749.0,111.78124050588399,-15.413551209581566,75.56900925239198,0.059249038396624765,4481359872,10.320957,8.35,1.6156125,0.23
2023-06-20,98.4521707277806,98.60134220086401,95.9660048003114,96.56268310546875,351218,0,93.00746574401856,95.67661407470703,93.5059048394553,93.45216866585848,82.93291719120145,54.73023831446866,-0.41315260595786185,-0.8958902508112487,0.4827376448533869,98.70537810763074,93.00746574401856,87.30955338040638,4.3209504542820225,58.78166718119607,42.26221410621843,32841531.0,126.40170062156291,-33.45871005134944,75.6350052499841,0.007460440042397681,4481359872,10.320957,8.35,1.6156125,0.23
2023-06-21,97.01020059527741,97.10964571808856,93.77818478726796,94.5737533569336,87945,0,93.37293243408203,95.80291137695312,93.60760469826275,93.49615237923398,83.04874640678088,51.338781900764765,-0.27940653231009094,-0.7725935071110172,0.4931869748009262,98.4548687943863,93.37293243408203,88.29099607377776,4.250272631177635,67.54382120548706,56.344527004637264,32753586.0,59.308947706725284,-48.49627512260789,75.65001427776443,0.008400407456674253,4481359872,10.320957,8.35,1.6156125,0.23
2023-06-22,95.12070427492563,97.3582534772712,92.28647680272309,94.17595672607422,139705,0,93.36547393798828,95.87650161743164,93.66173346281622,93.52281137322771,83.1594649174206,50.662585905645976,-0.20316866701574554,-0.6587085390919628,0.45553987207621727,98.44223368137216,93.36547393798828,88.28871419460441,4.308951491418385,54.193116110866576,60.17286816584984,32613881.0,35.87209759920667,-51.50386889311732,75.67314215194517,-0.10741242517721176,4481359872,10.320957,8.35,1.6156125,0.23
2023-06-23,94.17596174833788,94.47430469276449,91.988138779797,92.23675537109375,82540,0,93.06464767456055,95.92920837402343,93.52602126360455,93.47237780451657,83.24978621546711,47.385985786118184,-0.29581695851274503,-0.5861302229761193,0.29031326446337424,97.63500586392237,93.06464767456055,88.49428948519872,4.178752521529035,41.59432049717258,54.44375260450868,32531341.0,-18.308555961407613,-66.16545590154146,75.68555032220928,-0.13507330124905925,4481359872,10.320957,8.35,1.6156125,0.23
2023-06-26,92.48536836582639,93.52956104353675,91.14284034246732,92.33619689941406,60487,0,92.93536682128907,96.01572677612305,93.41270465749116,93.42782169059097,83.34019826207354,47.573234447785424,-0.35710086032088384,-0.5403243504450722,0.18322349012418837,97.43399267852428,92.93536682128907,88.43674096405385,4.050750248639063,29.7597288215627,41.84905514320056,32591828.0,-35.30676230473967,-65.41361514195536,75.69433463873762,-0.09417867591742866,4481359872,10.320957,8.35,1.6156125,0.23
2023-06-27,92.83343894962044,97.45770932802856,92.73399382488432,95.36933135986328,135730,0,93.03232765197754,96.11616806030274,93.59905005771708,93.50395932468008,83.45989112871821,53.06059414173336,-0.15908634369232288,-0.46407674909452235,0.30499040540219946,97.65140879066992,93.03232765197754,88.41324651328516,4.127233261494451,37.22468286414341,36.19291072762616,32727558.0,81.32192120377462,-42.48120294767152,75.7173834359527,-0.07224192921499621,4481359872,10.320957,8.35,1.6156125,0.23
2023-06-28,96.11517650884915,97.10964288227298,92.78371567531455,93.3803939819336,96104,0,93.02486915588379,96.19473098754882,93.57822566954722,93.49911362496454,83.55860259989448,49.408623727899226,-0.16079548652540154,-0.4034204965806982,0.24262501005529663,97.64119554221554,93.02486915588379,88.40854276955204,4.141425686170449,39.454080756443254,35.47949748071639,32631454.0,48.98870752867497,-57.51882570197121,75.73303247790626,-0.07646527257875337,4481359872,10.320957,8.35,1.6156125,0.23
2023-06-30,93.92734721612432,97.15936297383458,93.43011402263043,96.41351318359375,134793,0,93.12928848266601,96.31705017089844,93.84825305183737,93.61340380373431,83.68651215794124,54.546413723732265,0.08165609556431264,-0.306405178151696,0.3880612737160086,97.94855227313204,93.12928848266601,88.31002469219999,4.115535922294058,61.94225894904948,46.207007523211985,32766247.0,94.00186639706,-34.58652887376986,75.75639414164829,-0.04210272668131843,4481359872,10.320957,8.35,1.6156125,0.23
2023-07-03,100.4411031238038,104.41896859405345,97.45770402111656,98.05438232421875,1076001,0,93.37790489196777,96.44036392211915,94.24883679206417,93.78755982414548,83.82947604019276,57.085475745332104,0.4015760289828876,-0.16480893672477928,0.5663849657076668,98.65321783615981,93.37790489196777,88.10259194777574,4.39338731430589,56.98583432734231,52.79405801094495,33842248.0,211.62525221142408,-38.208972358973426,75.98087655565251,-0.2461452424092958,4481359872,10.320957,8.35,1.6156125,0.23
2023-07-04,98.25327829951604,99.39690853093245,96.46323583674719,97.2588119506836,105617,0,93.60911865234375,96.42047454833984,94.53550109288507,93.92368735851952,83.96310127313296,55.46764088959901,0.584184881162912,-0.015010173147241013,0.599195054310153,99.13332503208339,93.60911865234375,88.08491227260411,4.289121984297274,58.08259808933554,59.00356378857571,33736631.0,119.17983988564988,-42.985076432869874,76.000623134084,-0.24149738208065039,4481359872,10.320957,8.35,1.6156125,0.23
2023-07-05,96.61240994706128,98.84995929308967,96.41351211955296,96.76158142089844,96635,0,93.82790145874023,96.29318313598633,94.74750874317206,94.03497732175006,84.09044933430476,54.42938158723965,0.6809320036440312,0.12417826221101341,0.5567537414330177,99.48597147978143,93.82790145874023,88.16983143769903,4.156788069242947,41.65711897277405,52.24185046315056,33639996.0,96.71847482002461,-45.970135753794466,76.01835599656214,-0.26271597647501577,4481359872,10.320957,8.35,1.6156125,0.23
2023-07-06,97.75604747524314,98.45217090129084,95.36932666323113,95.81683349609375,133791,0,93.90994529724121,96.22854278564454,94.84934919583127,94.10485403446943,84.20712977372555,52.42158760169568,0.6736066155334868,0.23406393287550809,0.4395426826579787,99.63303652779821,93.90994529724121,88.1868540666842,4.080077795587001,31.543630504137855,43.761115855415746,33506205.0,66.13184485281673,-54.74682582313479,76.04194433739255,-0.29217388921692883,4481359872,10.320957,8.35,1.6156125,0.23
2023-07-07,95.46877381465208,97.95493979940865,93.62901250336752,95.86656188964844,186807,0,94.04171218872071,96.08931762695312,94.94622659524242,94.17394061702547,84.32314402363524,52.52086758376048,0.6641578600548428,0.320082718311375,0.34407514174346776,99.8173385939593,94.04171218872071,88.26608578348211,4.097638474190867,25.54827962091679,32.9163430326095,33693012.0,41.86913781044737,-54.43036177705056,76.07362105096253,-0.26966398007205156,4481359872,10.320957,8.35,1.6156125,0.23
2023-07-10,96.36379374257949,96.36379374257949,92.08758527356942,92.83343505859375,108617,0,94.10883865356445,95.77606079101562,94.74500835365683,94.12137177159677,84.40782353642089,46.189906407229245,0.40722740288568104,0.3375116552262362,0.06971574765944483,99.7948302612613,94.10883865356445,88.4228470458676,4.11039347382081,17.553626629519268,24.881845584857903,33584395.0,-18.74697502382422,-87.26590551033244,76.09008009610184,-0.2779979105741153,4481359872,10.320957,8.35,1.6156125,0.23
2023-07-11,93.28095264120222,102.4300406124963,93.03233603777383,100.04331970214844,897173,0,94.52651481628418,95.63186325073242,95.24960943446555,94.35360502377527,84.56340061269678,58.878849383735975,0.7764353364653687,0.42529639147406273,0.35113894499130593,100.65072473101473,94.52651481628418,88.40230490155362,4.50226576525522,35.9548320404535,26.352246096963125,34481568.0,108.53383249277849,-32.958772384428016,76.26102515128476,-0.13167977553532656,4481359872,10.320957,8.35,1.6156125,0.23
2023-07-12,100.83889242403636,102.9769966579331,98.15382864640685,99.39691162109375,282517,0,94.97153816223144,95.51749969482422,95.64459059509682,94.55138175308188,84.71099773715844,57.568138135822934,1.0052872285423433,0.5412945588877188,0.4639926696546245,101.15293152847337,94.97153816223144,88.7901447959895,4.525187354274579,51.41680209897837,34.97508692298365,34199051.0,143.9578336231625,-37.82772264466266,76.31832774827116,-0.1490073951567176,4481359872,10.320957,8.35,1.6156125,0.23
2023-07-13,99.54608239386992,100.04331558024008,94.27541517065205,95.81683349609375,194407,0,95.20026550292968,95.3086619567871,95.66099468090604,94.60100731163136,84.82150356560555,50.82042769369107,0.8875406014967524,0.6105437674095255,0.27699683408722686,101.14684440870461,95.20026550292968,89.25368659715475,4.613952572511254,59.430957619393126,48.9341972529416,34004644.0,38.59191097633402,-64.79400420775526,76.3518976554111,-0.16029970609835992,4481359872,10.320957,8.35,1.6156125,0.23
2023-07-14,97.1593567498454,98.45216600498324,96.06544531166966,97.01019287109375,93225,0,95.60302429199218,95.1903205871582,95.78948974663821,94.69548517670832,84.94278405620743,52.806170078924985,0.8803713070707602,0.6645092753417725,0.21586203172898766,100.85349893542345,95.60302429199218,90.35254964856092,4.472622567966842,48.85841730157543,53.23539233998224,34097869.0,46.86164346085607,-55.805243686724396,76.36832247233815,-0.15662398546012452,4481359872,10.320957,8.35,1.6156125,0.23
2023-07-17,97.01019767400093,100.9383368105765,97.01019767400093,98.25328063964844,178178,0,96.05550689697266,95.1167300415039,96.02413649835347,94.83500656741185,85.07522680828147,54.851199688147,0.9638853136921313,0.7243844830118442,0.23950083068028705,100.52348636130583,96.05550689697266,91.58752743263949,4.433731237360836,43.983994649177845,50.7577898567154,34276047.0,95.91912377420229,-49.99996994792144,76.40198788585606,-0.1578743424880331,4481359872,10.320957,8.35,1.6156125,0.23
2023-07-18,98.75051526275614,99.04885062654662,96.21462294106676,96.41351318359375,85882,0,95.92871208190918,95.03319473266602,96.06121999218588,94.89690878765428,85.18804557818508,51.30762102520791,0.8715699911752637,0.7538215846445281,0.1177484065307356,100.20062407255325,95.92871208190918,91.65680009126511,4.319480983655052,40.75893397442109,44.533781975058055,34190165.0,33.76942340820281,-64.91936226782924,76.41708498643364,-0.3148580810099284,4481359872,10.320957,8.35,1.6156125,0.23
2023-07-19,96.91074749695586,97.85549512781728,95.61794573123842,96.0654525756836,58306,0,95.90385055541992,94.91186981201172,96.06162309537613,94.94273403424367,85.29627848363283,50.64106690166328,0.7615452314079647,0.7553663139972154,0.006178917410749274,100.1664923905498,95.90385055541992,91.64120872029004,4.170771584578181,34.64566774814574,39.79619879058149,34131859.0,7.4186724700379365,-67.74192157739172,76.42697144136791,-0.2995156490483013,4481359872,10.320957,8.35,1.6156125,0.23
2023-07-20,96.06544043206448,98.30298954579506,95.4687621858381,95.76710510253906,97173,0,95.9635181427002,94.83430130004882,96.03357376272498,94.97506231143173,85.4004658131742,50.04095627866663,0.64286511998435,0.7328660751946423,-0.09000095521029228,100.18320802265636,95.9635181427002,91.74382826274403,4.075304139962379,18.963872149843663,31.4561579574701,34034686.0,4.943145269783569,-70.16133767525105,76.44342663675948,-0.3061159782252576,4481359872,10.320957,8.35,1.6156125,0.23
2023-07-21,96.16489204637291,96.4632349832534,91.83896498466223,93.67872619628906,215708,0,95.93865661621093,94.68214782714844,95.80930256592157,94.92422560103398,85.48283656325493,45.93734706910585,0.37596169976659155,0.6614852001090321,-0.28552350034244056,100.20577390837,95.93865661621093,91.67153932405186,4.114515987007293,17.512931889607874,23.707490595865696,33818978.0,-93.9413741176019,-83.48216933121219,76.47528504063784,-0.3026880617063786,4481359872,10.320957,8.35,1.6156125,0.23
2023-07-24,94.37485768435796,94.9715359740898,92.98260328353295,93.87762451171875,53466,0,96.02070007324218,94.60159606933594,95.62533322742607,94.88318242106084,85.56636679159786,46.388274516232855,0.17843140196910667,0.5648744404810471,-0.3864430385119404,100.05680234785193,96.02070007324218,91.98459779863244,3.962688608689404,17.98301179781465,18.153271945755336,33872444.0,-101.7836005168926,-81.69641111769404,76.48314131502154,-0.29059536527679974,4481359872,10.320957,8.35,1.6156125,0.23
2023-07-25,94.47430823412246,97.95494064274803,93.82790355508526,94.5737533569336,175795,0,96.13257789611816,94.46237091064454,95.52518276356965,94.8710479479578,85.65599252856637,48.02233924573741,0.07716943662389042,0.4673334397096157,-0.3901640030857253,99.86670071339064,96.13257789611816,92.39845507884569,3.9744277857589303,30.26742407512815,21.92112258751683,34048239.0,-51.55872792338651,-75.4463943675584,76.51114985701582,-0.3084682294891104,4481359872,10.320957,8.35,1.6156125,0.23
2023-07-26,94.82236795490603,97.70632197857927,91.68979733586745,94.52403259277344,702067,0,96.09031295776367,94.37286880493164,95.42983512825572,94.85743950265646,85.74423173318534,47.91001626046539,-0.007012613555346547,0.37246422905662324,-0.3794768426119698,99.87680242136713,96.09031295776367,92.30382349416021,4.120291846969851,37.81367159959316,28.688035824178588,33346172.0,-86.30542148991543,-74.889827174707,76.61742576520582,-0.2846628837854009,4481359872,10.320957,8.35,1.6156125,0.23
2023-07-27,95.26987891254377,96.36379037491481,93.47983645617217,93.87762451171875,105515,0,96.11517448425293,94.26049407958985,95.28200554572838,94.81901538536479,85.82516101456379,46.390829625501596,-0.12445261245734685,0.2730808607538292,-0.39753347321117605,99.83612811695554,96.11517448425293,92.39422085155033,4.031981994953622,40.028582242127946,36.03655930561635,33240657.0,-90.09624309643621,-80.61674013699523,76.63323220205626,-0.2854930759369049,4481359872,10.320957,8.35,1.6156125,0.23
2023-07-28,94.27541367150347,94.97153708648156,92.88315925437112,93.5295639038086,75522,0,95.97097702026367,94.17496994018555,95.11510634173602,94.76844866059788,85.90182173982991,45.5532294405123,-0.2428112627983836,0.16990243604338662,-0.4127136988417702,99.8544805314092,95.97097702026367,92.08747350911815,3.893153126179109,35.71434484811982,37.852199563280244,33165135.0,-113.22750210928737,-83.700415705918,76.6440380300494,-0.31120560451500373,4481359872,10.320957,8.35,1.6156125,0.23
2023-07-31,93.13177253497571,94.9218073615444,90.7947781966584,92.1373062133789,166392,0,95.67512321472168,94.09740142822265,94.83150632951154,94.6652666038442,85.96386636145726,42.26589331534619,-0.4438386107317882,0.04715422668835165,-0.4909928374201399,99.77424171301695,95.67512321472168,91.57600471642641,3.909858557515315,27.67856866864048,34.473831919629355,32998743.0,-142.8621591860054,-88.97960974030973,76.66616749057796,-0.17406127409580904,4481359872,10.320957,8.35,1.6156125,0.23
2023-08-01,92.584819828044,94.6731977394541,92.584819828044,93.43011474609375,98456,0,95.48368835449219,94.24657150268554,94.69804046442414,94.61682927608928,86.03815739016011,46.15182530424594,-0.49315065438632644,-0.06090674952658398,-0.43224390485974246,99.6264630095491,95.48368835449219,91.34091369943528,3.8117180552695915,28.748191207284773,30.713701574681625,33097199.0,-92.82867267673213,-74.01960544872908,76.68000668834165,-0.1669880172787659,4481359872,10.320957,8.35,1.6156125,0.23
2023-08-02,93.4798383275775,94.97153787535798,90.04893240255286,92.23675537109375,152534,0,95.25744705200195,94.31717864990235,94.46363236029744,94.52349304452082,86.0998349820102,43.257509103140734,-0.6213622552052698,-0.17299785066232115,-0.4483644045429486,99.58639079807601,95.25744705200195,90.92850330592789,3.891067156522129,30.508366089670783,28.978375321865283,32944665.0,-121.92355855046338,-79.90869944247059,76.69995314733707,-0.1518679291704317,4481359872,10.320957,8.35,1.6156125,0.23
2023-08-03,91.4909093565681,92.93288261046946,90.49644295051844,91.39146423339844,86707,0,95.03617858886719,94.39971954345702,94.1710449196404,94.40066838526111,86.15248800938718,41.28261400310882,-0.782162520333074,-0.2948307845964717,-0.48733173573660227,99.66980535604829,95.03617858886719,90.40255182168609,3.7871651924813357,33.34930730688566,30.868621534613677,32857958.0,-132.95424083359987,-87.67120973249597,76.71068441691483,-0.1357276150178207,4481359872,10.320957,8.35,1.6156125,0.23
2023-08-04,91.49090713749644,93.47983990135506,91.44118078352942,92.08758544921875,93507,0,94.8472297668457,94.35496871948243,93.97262020817166,94.30995925051435,86.2115437053059,43.56755317540982,-0.8437010638824916,-0.4046048404536757,-0.4390962234288159,99.63561398321431,94.8472297668457,90.05884555047709,3.6658230835867136,34.44417855069041,32.767283982415556,32951465.0,-95.45809551933542,-77.3480936612197,76.72280570790744,-0.14932437690404082,4481359872,10.320957,8.35,1.6156125,0.23
2023-08-07,92.4853732480384,93.18149667847567,90.99367367952165,91.1428451538086,66445,0,94.76270027160645,94.21276000976563,93.70311782204185,94.18575869770237,86.2606113814104,41.223001584311525,-0.9576640937743548,-0.5152166911178115,-0.44244740265654325,99.74601861465496,94.76270027160645,89.77938192855794,3.5602516489700924,30.303042115195733,32.69884265759054,32885020.0,-106.13057875142309,-86.74696900843068,76.73109707136238,-0.1475079551271312,4481359872,10.320957,8.35,1.6156125,0.23
2023-08-08,91.3914633733265,94.17596473175506,91.3914633733265,92.68426513671875,99292,0,94.39474754333496,94.16800903320312,93.60608423296345,94.12687659727163,86.32452833419954,46.30060999767542,-0.9130755391409622,-0.5947884607224416,-0.31828707841852055,98.81955206728148,94.39474754333496,89.96994301938844,3.5225993581826907,39.05721989403242,34.601480186639456,32984312.0,-69.53232891989614,-68.07227417460395,76.74427465991955,-0.33129069491156077,4481359872,10.320957,8.35,1.6156125,0.23
2023-08-09,93.08204303232058,94.12623566951183,91.54062483834264,92.43563842773438,67108,0,94.04668388366699,94.14811950683594,93.49461320389402,94.06055353179958,86.38533539980685,45.61609745782031,-0.8875695367786136,-0.6533446759336761,-0.23422486084493754,97.90123890903841,94.04668388366699,90.19212885829556,3.455671606253155,42.81997723483315,37.39341308135371,32917204.0,-66.81551215171565,-69.81149079699678,76.75314102781033,-0.3156302286754249,4481359872,10.320957,8.35,1.6156125,0.23
2023-08-10,92.43564716545873,93.23122330587273,91.78925008694578,92.08758544921875,53818,0,93.86022148132324,94.11927993774414,93.36061056059161,93.98318223444348,86.44207420626866,44.62155875213635,-0.8852363590056171,-0.6997230125480642,-0.1855133464575529,97.71501705810309,93.86022148132324,90.00542590454339,3.311836007158426,46.87089212482082,42.916029751228734,32863386.0,-73.37495496190519,-74.21387652619548,76.76009674620428,-0.31028101481562886,4481359872,10.320957,8.35,1.6156125,0.23
2023-08-11,92.33619560710856,92.78371000008231,90.49643444624104,90.99366760253906,64488,0,93.55939521789551,94.05265075683593,93.13518742172947,93.86594636652566,86.48736369279871,41.55500266168682,-0.9605843088159816,-0.7518952718016477,-0.20868903701433383,97.32189776970934,93.55939521789551,89.79689266608169,3.2386531176357716,33.53028296736304,41.07371744233894,32798898.0,-104.66968975909124,-88.05041468103913,76.76791938709908,-0.31990315918065454,4481359872,10.320957,8.35,1.6156125,0.23
2023-08-14,90.99367394653179,92.88316158963275,88.55723434567552,92.08758544921875,80417,0,93.25111045837403,94.03276138305664,93.03541580529988,93.7962067227097,86.54308729236507,45.582449770402505,-0.9214066713674214,-0.7857975517148025,-0.1356091196526189,96.38208478102796,93.25111045837403,90.1201361357201,3.3163155552301613,36.906766848730825,39.102647313638165,32879315.0,-109.8431760441125,-61.41308024150207,76.77749732512079,-0.28720430226742416,4481359872,10.320957,8.35,1.6156125,0.23
2023-08-16,92.33619813853937,92.73398619191848,89.70086082047592,91.2422866821289,98295,0,92.99254913330078,94.00491638183594,92.86464160309312,93.6960529956281,86.5898454952483,43.110305487604805,-0.9476428209249406,-0.8181666055568301,-0.1294762153681105,95.8808878889402,92.99254913330078,90.10421037766137,3.2960876849596175,41.519859039504475,37.31896961853272,32781020.0,-100.45229367504491,-65.6051615283798,76.78922767753392,-0.2569458619081137,4481359872,10.320957,8.35,1.6156125,0.23
2023-08-17,91.44118002522006,91.8886944456829,90.49644000509238,90.9439468383789,43455,0,92.73647384643554,93.97607681274414,92.68171829216796,93.58812726397126,86.63316988672223,42.2395796231703,-0.9811980501831101,-0.850772894482086,-0.1304251557010241,95.38807896720094,92.73647384643554,90.08486872567015,3.1600995960761105,54.036599550865894,44.15440847970034,32737565.0,-100.92958545819428,-62.79077718011363,76.79436582454035,-0.2509185013382109,4481359872,10.320957,8.35,1.6156125,0.23
2023-08-18,91.29201348177054,91.4909037158476,86.8169149304519,89.0047378540039,150633,0,92.39835548400879,93.87265243530274,92.33152967900948,93.40838650279606,86.65676757793896,37.00735446499707,-1.1510007493505299,-0.9108184654557748,-0.24018228389475504,95.14097086896052,92.39835548400879,89.65574009905706,3.268234538170366,45.114493711253594,46.8903174338746,32586932.0,-199.9107624627975,-73.17076536422,76.80965702638036,-0.2205313386699376,4481359872,10.320957,8.35,1.6156125,0.23
2023-08-21,89.45224299367443,96.711850208738,89.25335276333405,95.51849365234375,619548,0,92.49034385681152,93.91839782714844,92.63505005742226,93.49113580277833,86.74494395678876,56.49928249618943,-0.7513043872995979,-0.8789156498245394,0.12761126252494148,95.50816994732506,92.49034385681152,89.47251776629798,3.5852972393534897,58.35631751100311,52.50247025770748,33206480.0,69.02093520162359,-12.060276523617148,76.89616302978328,-0.038959582618800205,4481359872,10.320957,8.35,1.6156125,0.23
2023-08-22,96.71185429753115,97.25881383485556,92.48537223311462,95.6179428100586,257970,0,92.57735977172851,94.00093856811523,92.91913508148286,93.57453999914226,86.83323250259244,56.719479671885864,-0.42165682738728094,-0.7874638853370877,0.3658070579498067,95.84055647958441,92.57735977172851,89.31416306387261,3.670164693809736,69.43031280335367,57.633708008536736,33464450.0,132.2203880064105,-15.714297177354984,76.93465448272138,-0.010128851939384361,4481359872,10.320957,8.35,1.6156125,0.23
2023-08-23,96.21462208754346,96.4632386820849,93.03233271228336,93.57928466796875,108568,0,92.52763633728027,94.03872833251953,92.98200647067199,93.57472606458644,86.90035739976037,51.018246161787914,-0.3212087410427955,-0.6942128564782293,0.37300411543543377,95.69658195129114,92.52763633728027,89.3586907232694,3.653074784952008,78.9957678065097,68.92746604028878,33355882.0,98.71661495899065,-35.23812287949888,76.95012814116515,0.0016619525544257683,4481359872,10.320957,8.35,1.6156125,0.23
2023-08-24,94.17596373156697,96.46323945453474,93.47984029614706,94.7229232788086,175074,0,92.53758087158204,94.12325790405274,93.1478080714469,93.61975340632064,86.9781938761688,53.82237077841558,-0.14761916892763338,-0.58489411896811,0.4372749500404767,95.73266429441168,92.53758087158204,89.3424974487524,3.605240811625985,74.92061926138263,74.44889995708195,33530956.0,126.72883120374452,-24.28572215899835,76.9757812340794,0.0062837182875204,4481359872,10.320957,8.35,1.6156125,0.23
2023-08-25,94.47430481229426,95.667661417158,93.03233161581923,93.9273452758789,84006,0,92.54006690979004,94.17695907592774,93.22204970996424,93.63181583257783,87.04733966124054,51.60893699998034,-0.07339858509472208,-0.4825950121934325,0.4091964270987104,95.73939168006585,92.54006690979004,89.34074213951423,3.535961453748327,66.28706858368166,73.40115188385795,33446950.0,91.04923746584745,-31.904815297260477,76.98759838120198,0.02505453097779554,4481359872,10.320957,8.35,1.6156125,0.23
2023-08-28,94.37486147666145,95.91627982147679,92.48537382727118,93.03233337402344,62948,0,92.51520538330078,94.25850540161133,93.20398148749369,93.60830671655609,87.10689183748714,49.1596309745501,-0.08580906474580274,-0.4032378227039065,0.31742875795810377,95.69102826844849,92.51520538330078,89.33938249815307,3.5284574923524192,48.51925061700016,63.24231282068809,33384002.0,68.17439156547782,-40.47616721370181,76.99623839113275,0.01980962815395922,4481359872,10.320957,8.35,1.6156125,0.23
2023-08-29,93.47984158411349,95.17043142895557,93.08205350674578,93.62901306152344,68157,0,92.58979072570801,94.34701309204101,93.24446068502033,93.60911873008422,87.17178856608452,50.83485386162501,-0.04695611430437907,-0.33198148102400105,0.285025366719622,95.796525990258,92.58979072570801,89.38305546115802,3.4291461039652558,32.86451535636474,49.22361151901546,33452159.0,68.9084330984905,-34.76188389260623,77.00566626978087,0.030723411757099247,4481359872,10.320957,8.35,1.6156125,0.23
2023-08-30,95.66765572758214,95.66765572758214,93.0820448460321,93.97706604003906,115037,0,92.61713829040528,94.24756622314453,93.31423262359354,93.62354803635696,87.23950276980545,51.83189313536235,0.01178425386385129,-0.2632283340464306,0.2750125879102819,95.86118470922048,92.61713829040528,89.37309187159008,3.3688935880784543,25.90276977136538,35.762178581576705,33567196.0,79.97871810599018,-31.428649375569858,77.02181916118946,0.02399201967273625,4481359872,10.320957,8.35,1.6156125,0.23
2023-08-31,94.62347703648378,108.34710845015665,94.47430556289657,104.07090759277344,3548050,0,93.20884590148925,94.39773071289062,94.33867785875353,94.0332484111184,87.4069794347106,70.50980672845213,0.8628783498962349,-0.038006997257897496,0.9008853471541324,99.1529348638698,93.20884590148925,87.26475693910871,4.154689932509821,46.430220088207214,35.06583507197906,37115246.0,340.47840239889854,-19.861413941633057,77.73185178171373,0.24207926770327043,4481359872,10.320957,8.35,1.6156125,0.23
2023-09-01,105.01564962845316,106.70624704958489,102.33059340107091,104.1206283569336,647165,0,93.84530410766601,94.58866821289062,95.27029219191354,94.42883193840527,87.57328439911083,70.57034359961786,1.5238229208529503,0.27435898636427214,1.2494639344886782,101.38617285372824,93.84530410766601,86.30443536160378,4.170473055081546,61.29827532505899,44.543755061543806,37762411.0,310.2177627293764,-19.63047888703333,77.86772819327857,0.20666412035608211,4481359872,10.320957,8.35,1.6156125,0.23
2023-09-04,104.91620252026829,106.40790208216784,100.63999407461905,101.63446044921875,465485,0,94.32264785766601,94.73783828735351,95.87640345451403,94.711405605496,87.71319659861439,63.54596842441143,1.8259646983847801,0.5846801287683738,1.2412845696164063,102.53663285575696,94.32264785766601,86.10866285957506,4.284575551686348,67.47369481609634,58.400730076454124,37296926.0,205.02986192677116,-31.17783402547863,77.95915667932253,0.1561056899567429,4481359872,10.320957,8.35,1.6156125,0.23
2023-09-05,102.62893025558677,106.95486519948975,101.18695699907016,102.28086853027344,399627,0,94.87954902648926,94.93872055053711,96.48635250934827,95.0082472888206,87.85814855813338,64.5344158823537,2.093442066752985,0.8864325163652961,1.207009550387689,103.64729788860895,94.87954902648926,86.11180016436957,4.390527883738722,63.213647166339776,63.995205769164976,37696553.0,170.12184915791372,-28.17550113672366,78.03893213118175,0.12244397805474304,4481359872,10.320957,8.35,1.6156125,0.23
2023-09-06,103.07644424781161,104.36924602015102,100.93833996269363,102.08197784423828,203192,0,95.34943466186523,95.1336361694336,97.01926920790922,95.28564848707227,87.99967919779611,63.95976085993432,2.2632812941753855,1.161802271927314,1.1014790222480715,104.59072201652991,95.34943466186523,86.10814730720055,4.32198346757577,57.04181932263638,62.57638710169076,37493361.0,122.18373297159489,-29.099276790914267,78.0776985520247,0.11241260577261192,4481359872,10.320957,8.35,1.6156125,0.23
2023-09-07,101.78363085105363,116.84979778502633,100.63999301487132,115.85533142089844,3574525,0,96.52041931152344,95.54335617065429,98.81317989486057,96.09230271977133,88.2768498666827,78.34235027638967,3.4692828967706646,1.6232983968959842,1.8459844998746804,109.2607839237376,96.52041931152344,83.78005469930928,5.171113560617144,69.65480576123846,63.3034240834048,41067886.0,203.09158728679938,-3.6036031573856144,78.97510885631192,0.3676979251431791,4481359872,10.320957,8.35,1.6156125,0.23
2023-09-08,117.24758696681711,121.22545246128298,113.41889294582896,115.50727081298828,2408600,0,97.69140357971192,95.9858937072754,100.40309331563464,96.85367401754453,88.54779932883498,77.50065545424462,4.346854441229738,2.1680096057627347,2.178844835467003,112.69147613301503,97.69140357971192,82.6913310264088,5.3593597002483495,73.64200524093219,66.77954344160229,38659286.0,211.76253898362978,-19.896192365845486,79.65350147130137,0.21937253154615438,4481359872,10.320957,8.35,1.6156125,0.23
2023-09-11,116.4022923434444,118.09288214774153,108.39683498192696,109.88853454589844,780117,0,98.63614692687989,96.25539413452148,101.30646867089786,97.36484501865645,88.76014495288537,65.30339551472976,4.536655414115231,2.641738767433234,1.8949166466819967,114.19937551074246,98.63614692687989,83.07291834301732,5.669123090645938,70.33826878725357,71.21169326314134,37879169.0,135.40626378339735,-39.446370553656465,79.8414530487569,0.17181463080971698,4481359872,10.320957,8.35,1.6156125,0.23
2023-09-12,111.13161675004233,112.82220654268924,96.61240927821031,99.74497985839844,1056631,0,99.01901664733887,96.28920608520508,101.15775545065982,97.4581836398228,88.86944679274121,50.00336368080094,3.8244876495484164,2.8782885438562706,0.9461991056921457,114.29307628028661,99.01901664733887,83.74495701439113,6.422028388776866,43.29235104926872,62.42420835915143,36822538.0,39.05308257148812,-74.74047958053934,80.02205974997445,0.11351095261624514,4481359872,10.320957,8.35,1.6156125,0.23
2023-09-13,100.2919317983764,111.97691163437825,97.75604710967751,108.7448959350586,1290571,0,99.89414710998535,96.51892776489258,101.8803402586978,97.90079980826343,89.06721245584885,59.148626691524534,3.9408795706094395,3.0908067492069042,0.8500728214025353,115.2907871381777,99.89414710998535,84.497507081793,6.979088112771429,35.64924643550295,49.759955424008346,38113109.0,63.48922009853354,-43.42561718482758,80.2680470646894,0.14881745243805353,4481359872,10.320957,8.35,1.6156125,0.23
2023-09-14,110.38576462437145,113.36916366827339,107.20347534574651,110.18687438964844,637176,0,100.85629348754883,96.78743362426758,102.67143874735976,98.38260665459225,89.2773583457374,60.39851688106047,4.102189133965169,3.293083226158557,0.8091059078066118,116.30040082791149,100.85629348754883,85.41218614718616,6.92098812775396,39.05723499794424,39.332944160905235,38750285.0,96.00312014629633,-38.408308523454025,80.40673008531931,0.14320948412653822,4481359872,10.320957,8.35,1.6156125,0.23
2023-09-15,110.8332717552514,110.98244322529783,107.55153735011068,108.69517517089844,223830,0,101.84081535339355,97.04500045776368,103.24512793055392,98.78702110621211,89.47057045345045,58.40765051575627,4.062826727304099,3.447031926387665,0.6157948009164338,116.6340927909814,101.84081535339355,87.0475379158057,6.671696538284903,53.56480864514577,42.75709669286425,38526455.0,78.24421761916031,-44.52295706932946,80.45323445541925,0.13869699170336763,4481359872,10.320957,8.35,1.6156125,0.23
2023-09-18,107.64907549861043,108.64536492441493,103.91299015184354,104.61038970947266,252090,0,102.29541015625,97.21987701416016,103.37515286187951,99.0153885024184,89.62121542117207,53.233125685919944,3.6598353835407664,3.4895926178182854,0.17024276572248098,116.84031268912247,102.29541015625,87.75050762337753,6.536731429768474,53.043800025349015,48.55528122281294,38274365.0,37.30262074837213,-59.03713927949025,80.49931479739199,0.10519103149872124,4481359872,10.320957,8.35,1.6156125,0.23
2023-09-20,102.61780996992282,105.65649573276717,101.72114797424047,102.86688232421875,197476,0,102.65785713195801,97.42054595947266,103.32674614400706,99.16642747582235,89.7530131017994,51.15013768374844,3.1633106887937856,3.4243362320133857,-0.26102554321960003,116.87672911625491,102.65785713195801,88.43898514766111,6.350918310394062,45.57137686405776,50.726661844850774,38076889.0,6.050426234975137,-68.62722636453242,80.5320025122517,0.09557396331180597,4481359872,10.320957,8.35,1.6156125,0.23
2023-09-21,102.86688069066254,106.80222078560985,100.72485695751651,101.4222640991211,265124,0,103.05000610351563,97.4481248474121,103.14536690163696,99.25489165712818,89.8691250520215,49.424456034552776,2.623006289610501,3.264070243532809,-0.6410639539223077,116.66552811605818,103.05000610351563,89.43448409097307,6.331378704515439,28.65990444361526,42.42502711100727,37811765.0,-5.18411290757425,-80.45810595164963,80.57491625135619,0.08674462205511373,4481359872,10.320957,8.35,1.6156125,0.23
2023-09-22,100.72485304601322,110.58811925669185,100.72485304601322,106.35388946533203,584793,0,103.6315544128418,97.58726440429687,103.45094047913173,99.53328372803814,90.03315255862161,55.00526599580535,2.5632050796961465,3.1238972107654766,-0.56069213106933,116.75956695509294,103.6315544128418,90.50354187059065,6.583656383527095,31.042205098948944,35.09116213554058,38396558.0,28.498138874117114,-60.421472003017854,80.68119486294765,0.09127103582025972,4481359872,10.320957,8.35,1.6156125,0.23
2023-09-25,106.35388914773613,106.60296148766056,103.36502106864285,104.31149291992188,157753,0,104.15076179504395,97.75715759277344,103.53289785444508,99.72066448066103,90.17522559704251,52.42519645891206,2.324215745460492,2.9639609177044797,-0.6397451722439875,116.50084423875492,104.15076179504395,91.80067935133297,6.344676671776425,32.25199546792155,30.651368336828508,38238805.0,5.089575000846288,-68.71949728261754,80.70843442403876,0.08859581289145682,4481359872,10.320957,8.35,1.6156125,0.23
2023-09-26,104.90927866987937,105.1583510241753,102.11966526133095,102.86688232421875,101381,0,104.64248924255371,97.87429138183593,103.46946780394734,99.84404557256525,90.30151073860645,50.61670515142922,1.9952470087757774,2.770218135918739,-0.7749711271429618,115.91915240256589,104.64248924255371,93.36582608254153,6.1085344639955625,37.652548319825335,33.64891629556519,38137424.0,-27.17606752133646,-74.5887861184517,80.72490635195572,0.08788607579778253,4481359872,10.320957,8.35,1.6156125,0.23
2023-09-27,103.86316564751759,112.92939729173627,102.61780394910612,110.88700866699219,659347,0,105.50538902282715,98.12696594238281,104.17590026709446,100.27710294881729,90.50634156376452,59.06044064531679,2.3545522708107,2.6870849628971314,-0.3325326920864313,115.88441696149326,105.50538902282715,95.12636108416103,6.408752955326604,47.11539865919249,39.00664748231305,38796771.0,60.14145348007237,-42.00392335638096,80.85698710446384,0.10943979354640228,4481359872,10.320957,8.35,1.6156125,0.23
2023-09-28,111.38515052171368,111.53458784086577,106.90184852112549,107.6988754272461,314536,0,106.1914794921875,98.35267318725586,104.51142171091843,100.56815284993215,90.67741155245588,55.032234899397956,2.3549027188547598,2.620648514088657,-0.2657457952338973,115.14821833984834,106.1914794921875,97.23474064452665,6.281894838499009,54.041805718075615,46.26991756569773,38482235.0,48.301107523479985,-54.956946743341476,80.91933544299111,0.09859152092510422,4481359872,10.320957,8.35,1.6156125,0.23
2023-09-29,108.39628674394083,110.3888654884906,106.60296283341218,107.00148010253906,196853,0,106.33800811767578,98.57139373779297,104.74857012916802,100.82044019317163,90.83984009524278,54.16199919103975,2.2727081127148807,2.551060433813902,-0.2783523210990211,115.24694427158799,106.33800811767578,97.42907196376358,6.103609682540395,61.85649003613272,54.33789813780019,38285382.0,28.149034614068757,-51.63481322115104,80.95721565125916,0.016341819765495303,4481359872,10.320957,8.35,1.6156125,0.23
2023-10-03,107.00148474111957,107.00148474111957,104.16206142726234,105.0587158203125,145121,0,106.38491249084473,98.75722595214843,104.77810781403892,100.9866470805105,90.98132144574099,51.708923179670805,2.027432474419527,2.446334841935027,-0.4189023675154999,115.25645725313628,106.38491249084473,97.51336772855318,5.870453513348741,43.16435264723418,53.020882800480756,38140261.0,-28.209302600441713,-49.59461512958061,80.98240470736246,0.0215455581491809,4481359872,10.320957,8.35,1.6156125,0.23
2023-10-04,105.05871097386246,107.00147980504791,102.61780505900921,104.9590835571289,190137,0,106.55114364624023,98.98283309936524,104.7953435990951,101.14242890312298,91.12040365580455,51.5799018838348,1.804212435108866,2.317910360569795,-0.5136979254609289,115.18172960496474,106.55114364624023,97.92055768751572,5.764255029969452,31.68517940022255,45.56867402786307,37950124.0,-43.181741942807655,-53.86547957662092,81.01459023610556,0.045291586114109064,4481359872,10.320957,8.35,1.6156125,0.23
2023-10-05,105.55686026067433,106.70259460577358,103.31520908155689,104.11224365234375,154360,0,106.64271240234375,99.18752548217773,104.73028646130926,101.25889222662182,91.24967569557111,50.42816033800518,1.5412099340124286,2.1625702752583216,-0.621360341245893,115.1277622764105,106.64271240234375,98.157662528277,5.594478636701398,22.218028380197435,32.355853475884636,37795764.0,-48.63063825533207,-73.21015982977305,81.04049249244153,0.058539199794281384,4481359872,10.320957,8.35,1.6156125,0.23
2023-10-06,104.61038001372444,110.78737084076774,103.91298052073337,107.6988754272461,598252,0,106.92355728149414,99.45002792358399,105.01300921996992,101.51144058743061,91.41334932474201,55.01019904462753,1.6037032734987378,2.0507968749064047,-0.44709360140766696,115.15420805199483,106.92355728149414,98.69290651099345,5.68590089979661,33.88675455818196,29.2633207795339,38394016.0,7.955857014403434,-42.857166635478045,81.15197749917785,0.06617560482086085,4481359872,10.320957,8.35,1.6156125,0.23
2023-10-09,105.60667324601775,106.6029626162632,102.21928786696628,102.76725006103516,219954,0,106.26915321350097,99.61489227294922,104.79912739530947,101.56068801776804,91.52632346142155,48.3873678610238,1.2409834587147799,1.8888341916680798,-0.6478507329532999,113.58559315761502,106.26915321350097,98.95271326938692,5.671164232688267,28.450112853822862,28.184965264067333,38174062.0,-71.7058116847492,-83.26527419704615,81.18714980874098,-0.22890561124290215,4481359872,10.320957,8.35,1.6156125,0.23
2023-10-10,103.6140958289827,107.30036350554144,102.41855160985142,104.36131286621094,195372,0,105.71185531616212,99.82456604003906,104.75743077349055,101.67051644319717,91.65403479878265,50.4633661643345,1.069820711263148,1.7250314955870933,-0.6552107843239454,111.7074684851438,105.71185531616212,99.71624214718042,5.6147819229026785,31.196849164065707,31.17790552535676,38369434.0,-46.19419955074759,-70.20405066357087,81.21944054812033,-0.15915259175781446,4481359872,10.320957,8.35,1.6156125,0.23
2023-10-11,105.15835027049792,109.69146252554368,104.11224334951854,108.49591827392578,364083,0,105.64222450256348,100.1238931274414,105.11347720210344,101.93817926008849,91.82161572888357,55.46680053644021,1.253353226994676,1.63069584186861,-0.37734261487393383,111.47225494023623,105.64222450256348,99.81219406489073,5.612241726697141,34.883795389976875,31.5102524692884,38733517.0,54.225349178581624,-36.32646109963632,81.2863752957794,-0.0717816919680927,4481359872,10.320957,8.35,1.6156125,0.23
2023-10-12,111.58440922021805,115.5695666923687,109.7910853173164,110.43867492675781,1235053,0,106.17690925598144,100.48992050170898,105.62063889016576,102.27153203133042,92.00686009901167,57.63224091101022,1.5378410195800996,1.6121248774109078,-0.07428385783080826,111.6988103975968,106.17690925598144,100.65500811436608,5.716627918964696,53.27438472525756,39.78500975976663,39968570.0,179.20083940142578,-34.563763827607204,81.5495511302017,-0.10900748686849004,4481359872,10.320957,8.35,1.6156125,0.23
2023-10-13,109.89072037174883,113.57698799428745,107.6490692929142,109.34275817871094,294664,0,106.20680236816406,100.80817337036133,105.97512644145579,102.54883501750221,92.17935659731714,55.978648081836546,1.655781503732129,1.620856202675152,0.034925301056977,111.79011917707521,106.20680236816406,100.62348555925291,5.731720117708164,62.727106084814714,50.2950954000163,39673906.0,106.20262802107297,-46.29631336396583,81.60810940214817,-0.24336358255181215,4481359872,10.320957,8.35,1.6156125,0.23
2023-10-16,109.54201729114325,110.88701407185323,106.90185644269171,107.5494384765625,204408,0,106.07493057250977,101.1144270324707,106.12506092098975,102.74493711393595,92.33229273541909,53.28445662686592,1.5862588697341806,1.6139367360869579,-0.027677866352777247,111.39434835939102,106.07493057250977,100.75551278562853,5.606965654240547,51.31350322111928,55.77166467706377,39469498.0,60.23232321663911,-59.629643064137994,81.64612131505046,-0.27734623221296484,4481359872,10.320957,8.35,1.6156125,0.23
2023-10-17,108.44609818572992,114.37402459525892,108.3962882770625,111.73385620117188,602271,0,106.22686462402343,101.52127487182617,106.65923190005472,103.09744374480795,92.5253431181629,58.32465105584155,1.8475122499640833,1.660651838862383,0.18686041110170026,111.99188164658487,106.22686462402343,100.461847601462,5.693938544558824,52.965036886824805,55.66854873091952,40071769.0,141.74227170962973,-28.731313715323864,81.77019398249705,-0.2413109675139264,4481359872,10.320957,8.35,1.6156125,0.23
2023-10-18,112.5806986259165,115.12123955569626,107.9977690516271,109.34275817871094,358068,0,106.46348304748535,101.86637832641601,106.91480583135531,103.34235803633355,92.69268058145192,54.69330934588484,1.8404008138799242,1.6966016338658911,0.14379918001403302,112.33124484020394,106.46348304748535,100.59572125476677,5.796047970238134,44.565918922046244,49.61481967666336,39713701.0,106.90895839254325,-46.64178625100788,81.84179332430722,-0.24407981372087445,4481359872,10.320957,8.35,1.6156125,0.23
2023-10-19,108.9442419289217,113.12866187582203,108.14721498742978,109.99034881591797,349713,0,106.81965637207031,102.2433283996582,107.20771468702794,103.60306355710156,92.86479668328741,55.501380074264674,1.8655155992449721,1.7303844269417072,0.13513117230326488,112.63548303598444,106.81965637207031,101.00382970815619,5.737862178677714,44.08611241122144,47.20568940669742,40063414.0,87.72654057213852,-41.791021366795725,81.91042515877477,-0.24008574196936505,4481359872,10.320957,8.35,1.6156125,0.23
2023-10-20,109.99034712790333,111.28551873835757,107.10110645675987,107.4498062133789,228193,0,107.1210334777832,102.5386392211914,107.2307710228709,103.7539162102889,93.00992115622364,51.61226697214878,1.6612686212031207,1.71656126579399,-0.055292644590869244,112.38540202872913,107.1210334777832,101.85666492683727,5.626901471743428,24.134378543438658,37.59546995890204,39835221.0,33.099449552357854,-60.82090557943863,81.95219942972652,-0.23935221543687957,4481359872,10.320957,8.35,1.6156125,0.23
2023-10-23,107.94795708652956,109.24313637236062,94.3486049896435,95.34489440917969,686862,0,106.57058372497559,102.59682434082032,106.09878277394793,103.4241506494611,93.03315472092967,37.962588083871275,0.5166802338415977,1.4765850594035115,-0.9599048255619138,113.92717157561435,106.57058372497559,99.21399587433683,6.288875036812977,16.346146268749205,28.188879074469686,39148359.0,-192.19695635791922,-95.30516367027683,82.03512843791566,-0.329375295987529,4481359872,10.320957,8.35,1.6156125,0.23
2023-10-25,97.2378412237036,100.62522660999974,92.80435655706323,96.19174194335938,477004,0,106.16459617614746,102.67890747070312,105.15525507579665,103.14052677863359,93.06458344951106,39.174533961602236,-0.31841035448533717,1.1175859766257417,-1.4359963311110788,114.76595969232504,106.16459617614746,97.56323265996987,6.398303252250372,8.880432153985563,16.453652322057724,39625363.0,-219.49140405573885,-85.12034210902006,82.08218983569058,-0.3152670287082,4481359872,10.320957,8.35,1.6156125,0.23
2023-10-26,96.88914286632108,97.83561474334736,90.86158903574585,95.59396362304688,379969,0,105.80095024108887,102.77091339111328,104.24465588982048,102.84458312547332,93.0897514114368,38.601275042005796,-1.0167410192736952,0.6907205774458542,-1.7074615967195494,115.47706372005236,105.80095024108887,96.12483676212538,6.439426284775453,13.74251071907779,12.989696380604103,39245394.0,-212.93334781149534,-80.84677486328981,82.11487981491918,-0.2802470818553049,4481359872,10.320957,8.35,1.6156125,0.23
2023-10-27,96.0921089179112,99.37986695536473,96.0921089179112,97.4869155883789,170905,0,105.13094558715821,102.87889999389648,103.60106157539747,102.6344785161755,93.1335042888193,41.51964982063812,-1.4012746765683062,0.2723215266430221,-1.6735962032113283,115.15504572091463,105.13094558715821,95.10684545340179,6.249888931028481,22.956802759590676,15.193248544217928,39416299.0,-135.79606970078962,-73.18547618624234,82.13287447804791,-0.3564014356621821,4481359872,10.320957,8.35,1.6156125,0.23
2023-10-30,98.43339807655745,100.87430412355766,97.63636349736939,99.4296875,127264,0,104.7174861907959,103.04264801025391,103.20378785393105,102.5088004371098,93.19615287798527,44.43856880177668,-1.531599586894103,-0.08846269606440293,-1.4431368908297002,114.96350028528026,104.7174861907959,94.47147209631153,6.045424617039216,33.43477639683223,23.37802995850015,39543563.0,-95.7414356833798,-65.32254244629561,82.14767784290734,-0.3350501099748571,4481359872,10.320957,8.35,1.6156125,0.23
2023-10-31,100.32633776546297,101.52188958497258,97.43710463742214,97.93524932861328,142704,0,104.26417465209961,103.1824740600586,102.70202228009126,102.32944549167856,93.24330806654874,42.67408719390737,-1.735466312793946,-0.4178634194103116,-1.3176028933836346,114.86206411902094,104.26417465209961,93.66628518517828,5.905378926361446,48.46890171828241,34.95349362490169,39400859.0,-90.14528592873977,-71.37094588973221,82.1639102977064,-0.33092772018501726,4481359872,10.320957,8.35,1.6156125,0.23
2023-11-01,98.4333947204702,100.62522833687919,97.33747031118088,97.63636016845703,104687,0,103.89305686950684,103.35510650634765,102.21957826945942,102.14540292998359,93.28702002776176,42.31222779236627,-1.8992565716419705,-0.7141420498566433,-1.1851145217853272,114.86682893526338,103.89305686950684,92.91928480375029,5.718406004885508,58.83969144882686,46.91445652131375,39296172.0,-85.13428811081187,-72.5806327540723,82.17549295254453,-0.33736022253313097,4481359872,10.320957,8.35,1.6156125,0.23
2023-11-02,98.58283720397766,100.82448844753426,97.93525514781837,98.6824722290039,101432,0,103.57922630310058,103.41838607788085,101.88271102751128,102.0096017260236,93.34070611931641,44.09891522897677,-1.9224877887397582,-0.9558111976332663,-0.966676591106492,114.76995776860188,103.57922630310058,92.38849483759928,5.5376718816134884,59.20438931529128,55.504327494133435,39397604.0,-68.25455690662604,-67.76176480025384,82.18712077610468,-0.35049151945446394,4481359872,10.320957,8.35,1.6156125,0.23
2023-11-03,99.52931140871968,102.06984478816571,98.53302202044638,99.82819366455078,203423,0,103.36502380371094,103.5025910949707,101.68704270722932,101.9240563118482,93.40525823419436,46.06901701556132,-1.8273836102543584,-1.1301256801574846,-0.6972579300968738,114.67016279277915,103.36502380371094,92.05988481464273,5.394754087763906,54.629859383117974,57.55798004907862,39601027.0,-50.000025035719915,-63.039019785420805,82.21175958378795,-0.3441773977478326,4481359872,10.320957,8.35,1.6156125,0.23
2023-11-06,101.32262073553946,101.6215105717725,99.72855934482655,100.6252212524414,105123,0,103.0113410949707,103.64350982666015,101.58591685439238,101.87312160363618,93.47709866223663,47.45630939963446,-1.6684663567345694,-1.2377938154729016,-0.4306725412616679,114.1939459504296,103.0113410949707,91.82873623951181,5.144625311991196,56.60392345601991,56.8127240514763,39706150.0,-39.076089602158994,-59.753615540890685,82.2248304464003,-0.3801937468653378,4481359872,10.320957,8.35,1.6156125,0.23
2023-11-07,101.12337255736776,101.12337255736776,99.18061129743846,99.9776382446289,77180,0,102.87186050415039,103.74860412597656,101.43274746298634,101.7987889228908,93.54178064813108,46.41167650719398,-1.5766037187683963,-1.3055557961320006,-0.27104792263639577,114.13248155819245,102.87186050415039,91.61123945010833,4.915920736843917,59.29822522866143,56.844002689266354,39628970.0,-42.718770591073266,-62.422998627345066,82.23412158021986,-0.3650837848475381,4481359872,10.320957,8.35,1.6156125,0.23
2023-11-08,100.32634190023023,101.32263132367277,98.28395314282406,99.4296875,98587,0,102.62527923583984,103.85865097045898,101.24197984746384,101.70588298473821,93.60036678596062,45.49902992231647,-1.530375743081322,-1.350519785521865,-0.17985595755945716,113.96037493748867,102.62527923583984,91.29018353419102,4.781831982844259,53.802577782174005,56.56824215561837,39530383.0,-44.13644540374981,-61.52121778290803,82.24570017454262,-0.36820585599660044,4481359872,10.320957,8.35,1.6156125,0.23
2023-11-09,94.64748764074844,95.89284932023197,90.46307543811756,93.00360870361328,381653,0,101.85066375732421,103.85807647705079,100.45737307185902,101.36461732665488,93.59442889459397,36.44732739633887,-1.9893387345700972,-1.4782835753315113,-0.5110551592385859,113.58551383009299,101.85066375732421,90.11581368455543,5.0807448456327,37.940836114036934,50.34721304162404,39148730.0,-115.1448067378163,-87.79906263225872,82.27356931536652,-0.40392758931497086,4481359872,10.320957,8.35,1.6156125,0.23
2023-11-10,93.55157226909343,95.5441509857894,92.65491032636331,93.50175476074219,212081,0,101.00381774902344,103.85553131103515,99.79493323270503,101.05626977505047,93.59350676390888,37.48558152154495,-2.2865164500160375,-1.6399301502684165,-0.646586299747621,112.580871895076,101.00381774902344,89.42676360297088,4.924208832332228,28.421712950132846,40.055042282114506,39360811.0,-102.05251720498167,-83.81965142038499,82.29010415810806,-0.31775170269274794,4481359872,10.320957,8.35,1.6156125,0.23
2023-11-13,95.29507789480367,98.33375585315441,94.39841595914372,97.08839416503906,135694,0,100.39109954833984,103.91775787353515,99.53716760721304,100.90066680995199,93.6282817629251,44.51416308901565,-2.2071771412617807,-1.7533795484670893,-0.45379759279469134,111.4221924768431,100.39109954833984,89.36000661983658,4.917622565195086,36.709872155501685,34.3574737398904,39496505.0,-63.792702993702996,-42.91849413812967,82.3031193887094,-0.2933534003228107,4481359872,10.320957,8.35,1.6156125,0.23
2023-11-15,98.43339162101383,98.43339162101383,95.24526111443336,95.69359588623047,97988,0,99.79830741882324,103.7502116394043,99.17111315759564,100.6964679501982,93.64883215221172,42.51240523533811,-2.2311296578833435,-1.8489295703503401,-0.3822000875330034,110.49617384399646,99.79830741882324,89.10044099365003,4.794087418151185,45.468794104115865,36.8667930699167,39398517.0,-63.93147244006232,-54.935604470410084,82.31240526571322,-0.28614646617419354,4481359872,10.320957,8.35,1.6156125,0.23
2023-11-16,95.64377526197026,97.28765416950225,95.64377526197026,95.94266510009766,124782,0,99.00874786376953,103.58665237426757,98.8636419140244,100.51004430901779,93.6716563606484,43.00528528913461,-2.204601126405038,-1.9200638815612796,-0.2845372448437582,108.30565377260632,99.00874786376953,89.71184195493274,4.569072524535527,59.308073468439936,47.16224657601907,39523299.0,-65.157891027168,-52.78970834414516,82.32407405646134,-0.3488865859183776,4481359872,10.320957,8.35,1.6156125,0.23
2023-11-17,96.34117682606049,98.33375552030029,95.69359483130016,96.14192199707031,114063,0,98.3487060546875,103.47680160522461,98.6044304933621,100.33874539482376,93.69623611822473,43.4231960090502,-2.142797867780004,-1.9646106788050246,-0.17818718897497954,106.40942705165483,98.3487060546875,90.28798505772016,4.43129310771157,59.08662823079144,54.621165267782324,39637362.0,-50.87827140203111,-51.07297829667653,82.33505261777354,-0.3344400960883505,4481359872,10.320957,8.35,1.6156125,0.23
2023-11-20,96.14192235751415,97.68617389177331,94.34859848554122,94.89656066894531,96202,0,97.59401664733886,103.32911544799805,98.25130003389384,100.12532638596578,93.7081796460926,41.38091404098067,-2.1693022255990826,-2.005548988163836,-0.1637532374352464,103.75639369694663,97.59401664733886,91.43163959773109,4.3531704147487496,47.50314318209476,55.29928162710863,39541160.0,-70.23978861790471,-61.802590392568085,82.34360543461925,-0.3488214904357393,4481359872,10.320957,8.35,1.6156125,0.23
2023-11-21,95.89285175599376,96.8891411248872,94.79693497042791,95.2452621459961,53650,0,96.98378944396973,103.1923811340332,97.96501071123691,99.93395131773167,93.72347399932548,42.200623908660006,-2.137529713178651,-2.0319451331667993,-0.10558458001185178,101.24540813762434,96.98378944396973,92.72217075031512,4.191672967585217,31.903575337991956,46.164448916959294,39594810.0,-64.05452405064557,-58.79829637642711,82.34837040325263,-0.32347763846308086,4481359872,10.320957,8.35,1.6156125,0.23
2023-11-22,94.69730949560265,106.60296465758078,94.69730949560265,105.1583480834961,1509930,0,97.47446212768554,102.97844146728515,98.65009046097589,100.13882962227144,93.83725384095902,59.52751817283163,-1.2974899239526252,-1.8850540913239644,0.5875641673713392,102.95404619612836,97.47446212768554,91.99487805924272,4.7426716957561394,41.19245401044935,40.19972417684527,41104740.0,149.29190311241925,-8.950597829027325,82.54606587072328,0.10176331957173933,4481359872,10.320957,8.35,1.6156125,0.23
2023-11-23,105.15835375488206,107.30036997658199,103.26540229286066,103.86317443847656,397878,0,97.8580337524414,102.74555953979493,99.14657464930929,100.28488236016184,93.93701424491442,57.11829718858772,-0.7278715773075533,-1.653617588520682,0.9257460112131288,103.96306344783346,97.8580337524414,91.75300405704934,4.692121409182225,61.20808520026728,44.76803818290278,40706862.0,194.02558711354666,-20.414179547986343,82.60447490722629,0.0568604735612671,4481359872,10.320957,8.35,1.6156125,0.23
2023-11-24,104.61038170497461,111.38515232249249,103.56427484749106,106.95166015625,901825,0,98.42591857910156,102.68682205200196,99.88991612616078,100.5463246266751,94.06651320920632,61.15558514983085,-0.026919635044649226,-1.3282779978254755,1.3013583627808263,105.60192167277818,98.42591857910156,91.24991548542495,4.915603985312168,78.54986123387458,60.31680014819699,41608687.0,223.3427003115664,-21.190497438394928,82.75045952796162,0.0014018937905588553,4481359872,10.320957,8.35,1.6156125,0.23
2023-11-28,107.49962488756496,107.59925230466716,103.06613261621258,103.7137222290039,219179,0,98.73725891113281,102.76619689941407,100.25408813595537,100.67053629735466,94.16250533875655,55.27948367611872,0.26426897093708135,-1.009768604072964,1.2740375750100454,106.2554446866857,98.73725891113281,91.21907313557992,4.888283678393768,67.1559993634953,68.97131526587897,41389508.0,137.4494046996238,-36.66667576017644,82.78208215859657,-0.023712642874201596,4481359872,10.320957,8.35,1.6156125,0.23
2023-11-29,104.66020631558345,104.85946115858619,102.46836503712825,102.86688232421875,107147,0,98.90911865234375,102.64863662719726,100.50292567769473,100.75666751409443,94.2491160550298,53.82289250341265,0.421842399504726,-0.723446403357426,1.1452888028621522,106.63697998066576,98.90911865234375,91.18125732402174,4.709913138612636,58.98721806657475,68.23102622131479,41282361.0,92.60435827328493,-40.71426582241158,82.79653056325195,-0.04022381077366025,4481359872,10.320957,8.35,1.6156125,0.23
2023-11-30,103.41484205875106,105.60667568344523,102.11966280710506,103.9129867553711,174357,0,99.20800552368163,102.52315887451172,100.82769339937819,100.88044473924253,94.34527397244614,55.38674579696175,0.6239399702464681,-0.4539691286366472,1.0779090988831153,107.21928271080344,99.20800552368163,91.19672833655983,4.622563119878889,40.779979683698876,55.64106570458956,41456718.0,91.11398246629957,-35.714263017080164,82.82054730347326,-0.018342209884496443,4481359872,10.320957,8.35,1.6156125,0.23
2023-12-01,104.80964226660109,104.85945977723802,102.11966391607503,102.36873626708984,117160,0,99.44462432861329,102.39663009643554,100.9744593867793,100.9388091128836,94.42510941816398,52.55712478944784,0.651980022671296,-0.23277929837505854,0.8847593210463545,107.53539921581971,99.44462432861329,91.35384944140687,4.488079744256324,23.666098627800665,41.14443212602468,41339558.0,68.28096844433693,-48.138278497768425,82.83607053126845,-0.020250019838081678,4481359872,10.320957,8.35,1.6156125,0.23
2023-12-04,103.56427665586547,104.46093860635338,100.52559864726457,101.82077026367188,146356,0,99.60153923034667,102.34083770751953,101.05506042267383,100.97339582467922,94.49869808329342,51.55070860467846,0.622806365208163,-0.06166216565841423,0.6844685308665772,107.74863612839975,99.60153923034667,91.4544423322936,4.448598331030072,13.450952274419372,25.965676861972884,41193202.0,47.13572832223113,-56.140356496723165,82.85462041810675,-0.020277302533274356,4481359872,10.320957,8.35,1.6156125,0.23
2023-12-05,102.21929185043957,102.56799162339733,97.83561693031139,100.02745819091797,216204,0,99.61150245666504,102.28404922485352,100.95719354345898,100.93630023119839,94.55371062167774,48.291559815928444,0.44979576891100237,0.04062942125546909,0.4091663476555333,107.76017092141657,99.61150245666504,91.4628339919135,4.46886807117692,16.401054466570375,17.839368456263387,40976998.0,5.9944598760454575,-66.66661720600064,82.8789656275146,-0.012944987939416931,4481359872,10.320957,8.35,1.6156125,0.23
2023-12-06,100.42597369513554,103.01632459259936,99.18061195586593,100.77467346191406,210087,0,99.61897506713868,102.27109741210937,100.93981067854995,100.92996192652058,94.61561074944129,49.71800982888583,0.36872719492389194,0.10624897598915366,0.26247821893473827,107.77162142196792,99.61897506713868,91.46632871230943,4.423642683002385,28.11184024059084,19.321282327193444,41187085.0,21.969986594514943,-62.28066404817697,82.90371360228858,-0.01824503557798485,4481359872,10.320957,8.35,1.6156125,0.23
2023-12-07,100.87430053215967,102.51817954253035,100.12708349118071,100.92411804199219,99714,0,99.66629905700684,102.16250198364258,100.93831614173492,100.92973275457828,94.67838196628259,50.015008058041744,0.31293141605220853,0.14758546400176464,0.1653459520504439,107.83769037849095,99.66629905700684,91.49490773552273,4.278460780741475,36.66579848811815,27.05956439842637,41286799.0,24.40624626397779,-61.40346446011247,82.91556527224391,-0.021749226477398236,4481359872,10.320957,8.35,1.6156125,0.23
2023-12-08,101.27282202930392,102.41855639345061,99.37987059302921,100.22671508789062,109849,0,99.70615043640137,102.08080642700196,100.87054461279736,100.90216343431602,94.73358926102496,48.573138851094114,0.2100173204147069,0.1600718352843531,0.049945485130353795,107.88031093267372,99.70615043640137,91.53198994012902,4.189905425004327,39.294169606062546,34.690602778257094,41176950.0,13.611625548140958,-65.49703268274759,82.92823651528639,-0.026197313333832396,4481359872,10.320957,8.35,1.6156125,0.23
2023-12-11,100.52560223738007,100.77467458801725,98.63265085232058,99.23042297363281,129748,0,100.01749114990234,102.00807723999023,100.71434255192455,100.83660498487747,94.77833387508076,46.510313844420914,0.04751696491273094,0.13756086121002867,-0.09004389629729773,107.59968198416011,100.01749114990234,92.43530031564457,4.043628161482352,35.661682145021416,37.20721674640062,41047202.0,-15.446675994193267,-72.83583309685923,82.94222910266993,-0.03381627780732526,4481359872,10.320957,8.35,1.6156125,0.23
2023-12-12,99.4296829537961,102.91669577640901,99.2304205175674,100.27652740478516,217916,0,100.35622978210449,101.7958676147461,100.6726458712446,100.81464115820718,94.83304226841115,48.961289211824734,0.0031102938288967152,0.11067074773380228,-0.10756045390490557,107.3242351079479,100.35622978210449,93.38822445626109,4.018102954150871,33.50444990660855,36.15343388589742,41265118.0,4.440750637312465,-66.5671712811648,82.96745933286331,-0.03502840256219522,4481359872,10.320957,8.35,1.6156125,0.23
2023-12-13,99.33004482878103,102.61780271343156,99.33004482878103,101.62151336669922,176733,0,100.5828857421875,101.67432037353515,100.76301420414504,100.84628320559902,94.90058924451351,52.0062451909213,0.07557562491214753,0.10365172316947133,-0.028076098257323795,107.40432584746397,100.5828857421875,93.76144563691103,3.965935449186561,44.730118450995214,37.965416834208305,41441851.0,8.777464456510213,-72.05884684007304,82.98830604624462,-0.030958490739126616,4481359872,10.320957,8.35,1.6156125,0.23
2023-12-14,102.91669257133945,103.11594740027817,100.1270793596904,100.52559661865234,95193,0,100.8244857788086,101.54480270385743,100.74040300552669,100.83370726101288,94.95655946714176,49.41910085831945,0.044065638025927,0.09173450614076246,-0.047668868114835464,107.2679466616506,100.8244857788086,94.38102489596659,3.8961449200009333,49.82982030747528,42.68812955502626,41346658.0,4.716275335811859,-80.14707065237648,82.9995557800526,-0.030856151778809116,4481359872,10.320957,8.35,1.6156125,0.23
2023-12-15,101.12337255736776,101.52188983150538,99.42968364363887,99.9776382446289,80748,0,101.02623443603515,101.44318115234375,100.66775874258404,100.80013592703703,95.00652045000233,48.12985888899119,-0.02483562527456229,0.06842047985769752,-0.0932561051322598,107.08695828615058,101.02623443603515,94.96551058591973,3.767292153419903,47.32981698449378,47.29658524765467,41265910.0,-30.62066208671341,-78.06123198799962,83.00859342250959,-0.023203213080743586,4481359872,10.320957,8.35,1.6156125,0.23
2023-12-18,100.0274548628584,106.5033358063561,99.67875510150239,105.75611877441406,552983,0,101.50694427490234,101.45912185668945,101.1523644599012,100.99448819556162,95.11348162735966,59.98513600153821,0.3824263403306958,0.13122165195229718,0.2512046883783986,107.46606378714802,101.50694427490234,95.54782476265666,3.985669907093747,53.98272714469092,50.38078814555325,41818893.0,74.48790931427048,-8.620688356738855,83.08330685751352,0.06897814325815348,4481359872,10.320957,8.35,1.6156125,0.23
2023-12-19,106.3040719877458,108.59554056299514,104.95908286796232,105.25797271728516,391124,0,102.02501487731934,101.48203643798828,101.54337477012824,101.16168366700175,95.21442183720967,58.73876645629679,0.6574099459731855,0.23645931075647486,0.4209506352167106,107.36468952624686,102.02501487731934,96.68534022839181,3.9607261776608236,61.2348418309172,54.18246198670055,41427769.0,135.2019034287744,-31.018508677626404,83.14159070347309,0.021149860052736724,4481359872,10.320957,8.35,1.6156125,0.23
2023-12-20,106.00519060886072,106.50333529442766,98.63264774225314,99.4794921875,278221,0,102.23672637939453,101.31764877319335,101.34681452416365,101.09571537368797,95.25686034815783,46.63419749957106,0.4043996808273391,0.2700473847706477,0.1343522960566914,106.75731992994301,102.23672637939453,97.71613282884604,4.24000913298323,54.06818201967789,56.42858366509525,41149548.0,-35.4909967658798,-84.722240479521,83.17442573707847,-0.010231759986240525,4481359872,10.320957,8.35,1.6156125,0.23
2023-12-21,99.42967745722842,102.16947309496575,98.18431580371146,101.57169342041016,157374,0,102.05739364624023,101.29373764038085,101.36823156190141,101.11438117944178,95.31969450808074,50.60333901169633,0.3684629653944853,0.28973050089541524,0.07873246449907007,106.38040234660933,102.05739364624023,97.73438494587113,4.2218054300025925,35.00477907644949,50.10260097568144,41306922.0,-64.22368899721458,-65.27785309971655,83.19204249344318,-0.22931681279127136,4481359872,10.320957,8.35,1.6156125,0.23
2023-12-22,101.62151508670861,104.11223849569657,99.52930894337565,101.97021484375,283930,0,101.9627456665039,101.24591567993164,101.42556330302985,101.14794328392445,95.38586883977895,51.34565374845332,0.36789929373608743,0.30536425946354967,0.06253503427253776,106.20561290906453,101.9627456665039,97.71987842394329,4.2476000101681874,25.799812023624316,38.29092437325048,41590852.0,-15.258517101393789,-61.574096112730906,83.22596824337279,-0.1709404803207692,4481359872,10.320957,8.35,1.6156125,0.23
2023-12-26,102.56798732494623,102.56798732494623,99.77838165710683,100.724853515625,112274,0,101.65140533447266,101.09049438476562,101.35882903756271,101.13135152830486,95.43899306540926,48.87395054596033,0.2639200228856424,0.29707541214796823,-0.03315538926232581,105.24901746849133,101.65140533447266,98.05379320045398,4.1434575571447025,31.100453575323417,30.63501489179899,41478578.0,-43.54922572083108,-75.59808984386638,83.23874169232435,-0.18394977452647443,4481359872,10.320957,8.35,1.6156125,0.23
2023-12-27,100.72485073564889,102.5181745877598,99.62893398206309,100.82447814941406,110812,0,101.50694313049317,100.89821044921875,101.30793847678665,101.11931727815228,95.49257998166802,49.08510174817676,0.18739441083630481,0.27513921188563556,-0.08774480104933075,104.9919778896457,101.50694313049317,98.02190837134064,4.053870632041275,30.83399959094636,29.244755063297944,41589390.0,-40.72622056715646,-74.64119345470498,83.25130733424231,-0.15276118035544287,4481359872,10.320957,8.35,1.6156125,0.23
2023-12-28,101.62151694926767,101.62151694926767,97.88543176730931,99.03116607666016,134673,0,101.31515731811524,100.69197860717773,101.09110301010793,101.03742899574083,95.52778979355848,45.446569358135534,-0.017753335585410923,0.21656070239142627,-0.2343140379768372,104.90045333980001,101.31515731811524,97.72986129643047,4.031171671321067,24.846133613885517,28.926862260051678,41454717.0,-113.50450398118885,-89.30230933029961,83.26528455275225,-0.14655305315175776,4481359872,10.320957,8.35,1.6156125,0.23
2023-12-29,99.62894098936265,99.92783085276473,97.98506194282116,98.9315414428711,112020,0,101.06608505249024,100.51962066650391,100.8854304798949,100.95484517013809,95.56165796917354,45.245913676471865,-0.18622657396069542,0.13600324712100192,-0.32222982108169734,104.5864232408227,101.06608505249024,97.54574686415778,3.8820000455083883,22.31219645827831,25.997443221036644,41342697.0,-141.25615318908373,-90.23250187726228,83.2764890610137,-0.15110411307853397,4481359872,10.320957,8.35,1.6156125,0.23
2024-01-01,98.93153415222947,101.47206739958567,98.93153415222947,99.87800598144531,94568,0,100.94154853820801,100.28250366210938,100.78948528956636,100.91261618234621,95.60460670561406,47.61238515479928,-0.24059759155979066,0.06068307938484341,-0.30128067094463407,104.44492832422945,100.94154853820801,97.43816875218657,3.786180988497517,25.9177547675188,24.35869494656079,41437265.0,-69.39530272992666,-81.39538773930444,83.28662613570636,-0.13268657583739213,4481359872,10.320957,8.35,1.6156125,0.23
2024-01-02,99.62893330992148,103.2653908959505,98.18431681736138,101.12336730957031,219348,0,100.90667839050293,100.11811584472656,100.82128357718578,100.92088093243343,95.65951974644945,50.635634776229544,-0.18110905106409803,0.012324653295055117,-0.19343370435915314,104.38817399741092,100.90667839050293,97.42518278359495,3.878673352075489,39.84612232578271,29.35869118385985,41656613.0,-16.170861065375437,-69.7674822540992,83.31115825728965,-0.10781209490423979,4481359872,10.320957,8.35,1.6156125,0.23
2024-01-03,100.62522923172487,102.76725295835975,99.62893983339096,100.47578430175781,168177,0,100.92909469604493,99.92782455444336,100.78837888428788,100.90342616260301,95.70744277685053,49.050473912489764,-0.18409634273982078,-0.02695954591192006,-0.15713679682790072,104.39338827615244,100.92909469604493,97.46480111593742,3.825790478710725,50.295483563576404,38.686453552292555,41488436.0,-12.466986656013697,-75.81394751571592,83.33002755263458,-0.12565780400170198,4481359872,10.320957,8.35,1.6156125,0.23
2024-01-04,101.62151921404539,104.1620602348305,101.1731920226527,102.36873626708984,224838,0,101.00879783630371,99.82620315551758,100.9388891112214,100.96088930395544,95.77372430411658,53.62101057004804,-0.03333413422292608,-0.028234463574121266,-0.005099670648804816,104.52812504956609,101.00879783630371,97.48947062304134,3.8158251540222943,59.76700886075275,49.9695382500372,41713274.0,88.53520095196802,-58.13950553344085,83.35749050322079,-0.12769637805654144,4481359872,10.320957,8.35,1.6156125,0.23
2024-01-05,103.61409974290198,104.61038916350681,101.57170339022807,102.71743774414062,244161,0,101.09846382141113,99.97365402221679,101.10827469530895,101.02977355651173,95.84281598013672,54.43194624128604,0.11298092343081123,8.613826865233598e-06,0.112972309603946,104.69512338437944,101.09846382141113,97.50180425844282,3.7603151982548977,63.21951048346917,57.76066763593269,41957435.0,97.50777265476746,-54.88368914816526,83.38784183225846,-0.12984196157924718,4481359872,10.320957,8.35,1.6156125,0.23
2024-01-08,102.81706366900994,112.63052039995563,102.41855398743819,109.74127960205078,1536995,0,101.57419204711914,100.24464477539063,101.93046563880817,101.37140124457208,95.98110915050403,66.96266016185133,0.786634168965108,0.1573337248545138,0.6293004441105942,106.75283611537549,101.57419204711914,96.3955479788628,4.22114742784508,73.83678282811383,65.6077673907785,43494430.0,277.0789907379752,-19.594597698842808,83.6278801793144,0.03949914443821532,4481359872,10.320957,8.35,1.6156125,0.23
2024-01-09,110.83719515970463,113.57699099511306,106.70259265150767,107.0512924194336,816525,0,101.96523551940918,100.47379135131835,102.41816342743917,101.59414207495881,96.09126022780681,60.141619719710846,1.0908748092294758,0.3440419417295062,0.7468328674999696,107.54266946348433,101.96523551940918,96.38780157533402,4.410665350399388,67.91896657580357,68.32508662912876,42677905.0,229.32398191496975,-41.58731762052452,83.75784440468671,-0.07758043226581271,4481359872,10.320957,8.35,1.6156125,0.23
2024-01-10,107.25055035404672,112.18217961019867,105.7561163247783,107.89813995361328,747340,0,102.34631614685058,100.68201583862304,102.94006595374147,101.8413576780433,96.20874161811335,61.472172619510765,1.3843631505195475,0.5521061834875145,0.832256967032033,108.42878304835317,102.34631614685058,96.263849245348,4.554622345758029,62.47703428076479,68.07759456156064,43425245.0,168.90971769991486,-36.1904827879531,83.87332553076261,-0.09498719544889993,4481359872,10.320957,8.35,1.6156125,0.23
2024-01-11,108.64535939371986,110.43867570822643,107.15092533108869,107.94795227050781,196357,0,102.66263809204102,100.85238113403321,103.41700750771922,102.080831975787,96.32554968430632,61.553471736153895,1.602501572530187,0.762185261296049,0.840316311234138,109.20226827685904,102.66263809204102,96.123007907223,4.4641314908565795,53.51436926672482,61.303456707764305,43621602.0,136.63207529777299,-35.87303621574587,83.90336790349056,-0.12074518751280638,4481359872,10.320957,8.35,1.6156125,0.23
2024-01-12,108.59554056299514,108.74498548765656,104.71001052722151,105.25797271728516,264873,0,102.89925689697266,100.99883560180665,103.59233752767788,102.20542573035556,96.41442951548024,54.825407963541984,1.5405603539335289,0.917860279823545,0.6227000741099838,109.45490882720757,102.89925689697266,96.34360496673774,4.433477452969327,44.258409703120606,53.416604416869994,43356729.0,71.05913856543053,-53.01588043008183,83.94004183480158,-0.1360016898423347,4481359872,10.320957,8.35,1.6156125,0.23
2024-01-15,105.25797777241787,110.38886975831244,104.41113329344537,107.4000015258789,520733,0,103.27037506103515,101.19410842895508,103.95497219417322,102.40913458508196,96.52373868971306,58.696923120938905,1.6453487588076285,1.0633579756203617,0.5819907831872668,109.96140090141193,103.27037506103515,96.57934922065837,4.543781668104879,37.05570046810601,44.94282647931706,43877462.0,85.57531671374717,-39.36504575204483,84.01553198362929,-0.12228800451851733,4481359872,10.320957,8.35,1.6156125,0.23
2024-01-16,107.400003400481,109.04387487614423,104.11224524698429,105.5568618774414,221821,0,103.26041221618652,101.33159622192383,104.10753311638923,102.53257487105684,96.61362051247652,54.37844128886597,1.5616664401435116,1.1630196685249916,0.39864677161852,109.93718162916451,103.26041221618652,96.58364280320853,4.571485093894526,25.318772031944025,35.54429406772346,43655641.0,55.00092445565372,-51.111103754819055,84.04595073234314,-0.2048276278093812,4481359872,10.320957,8.35,1.6156125,0.23
2024-01-17,104.61037997541756,105.70629672160982,100.57540513593199,101.12336730957031,512256,0,103.05368194580078,101.35749969482421,103.82332684907314,102.47731182942991,96.65849361493515,45.67372171587849,1.124637519079144,1.155343238635822,-0.030705719556678,109.72628584313941,103.05368194580078,96.38107804846214,4.611442700450476,18.688504998348886,27.02099249946622,43143385.0,-21.398222746846162,-79.87224443990243,84.10400253824307,-0.21218699925427972,4481359872,10.320957,8.35,1.6156125,0.23
2024-01-18,101.37244610325475,104.41113180329486,99.1806124711859,103.76354217529297,241164,0,103.26788444519043,101.42026611328124,103.81763307061789,102.52775223515003,96.72919061553573,50.73159270795659,0.9800318007635127,1.12028095106136,-0.14024915029784735,109.73981814009248,103.26788444519043,96.79595075028838,4.655662459854653,21.44855718918843,21.818611406493698,43384549.0,-23.011332899877825,-63.754021598172265,84.1311815743275,-0.15555097505754814,4481359872,10.320957,8.35,1.6156125,0.23
2024-01-19,103.76354567363735,106.50334160663692,103.06613851185911,103.36502838134766,98493,0,103.3575511932373,101.48801391601563,103.77452786211596,102.56058659382445,96.79521885201147,49.97526802256937,0.8237779945802686,1.0609803597651417,-0.23720236518487314,109.78252121952927,103.3575511932373,96.93258116694533,4.5686296480634505,27.92592817759916,22.68766345504541,43286056.0,14.588847722262013,-66.34300509345938,84.14338296435555,-0.1847994048559116,4481359872,10.320957,8.35,1.6156125,0.23
2024-01-23,103.61409244467923,104.31149194954615,97.5865388341463,99.28023529052734,172822,0,103.22305221557617,101.48502487182617,103.34649999815514,102.43194536624418,96.819945383738,42.91319762093268,0.3661166976524015,0.9220076273425937,-0.5558909296901922,109.8674363483271,103.22305221557617,96.57866808282525,4.722652752873194,31.00161304931929,26.792032805368876,43113234.0,-71.37315345328228,-89.40807652384329,84.16060367175557,-0.20329061242512664,4481359872,10.320957,8.35,1.6156125,0.23
2024-01-24,99.62893433828728,102.91669221188455,98.38357265905869,101.77095794677734,136667,0,103.27535743713379,101.66037185668945,103.1964483742144,102.40602429097098,96.86920919033541,47.76066139534558,0.2020680108410886,0.7780197040422927,-0.5759516932012041,109.85642219619467,103.27535743713379,96.69429267807291,4.709114667155528,33.01443935860013,30.647326861839442,43249901.0,-57.31309385923951,-73.83176491503252,84.174724286036,-0.18725587869667248,4481359872,10.320957,8.35,1.6156125,0.23
2024-01-25,101.7709572372586,103.91298083081507,101.47206739589373,102.06983947753906,157850,0,103.33762550354004,101.8317335510254,103.08915228881675,102.39284057279717,96.9209567553822,48.327677285366214,0.09507946937341671,0.6414316571085175,-0.5463521877351007,109.84794016322947,103.33762550354004,96.82731084385061,4.547100293424514,37.32974192252214,33.78193144348043,43407751.0,-26.9567329180131,-71.96263996626278,84.19241601627328,-0.1949698299388235,4481359872,10.320957,8.35,1.6156125,0.23
2024-01-29,103.61409555568069,104.46094000875536,101.82077163062924,102.31891632080078,102315,0,103.50201301574707,101.93634399414063,103.01579648233904,102.3899415825228,96.97466779583414,48.826176393007785,0.030042389117653556,0.5191538035103447,-0.4891114143926911,109.72893352850552,103.50201301574707,97.27509250298861,4.4108908709032,50.09305683728986,40.14574603947062,43510066.0,-23.145456169859113,-70.40498017806915,84.20410420405325,-0.19761235727527407,4481359872,10.320957,8.35,1.6156125,0.23
2024-01-30,102.61781066546683,111.58441548089598,101.82077608588355,106.8022232055664,1063680,0,103.89554710388184,102.15851654052734,103.37640855121784,102.56297223440686,97.0724544168265,56.88832964293232,0.3363877627547822,0.48260059535923217,-0.14621283260444995,109.90849131930753,103.89554710388184,97.88260288845615,4.793230051196717,56.39604140361342,47.939613387808386,44573746.0,61.08771136568751,-42.36758111245969,84.34976680230564,-0.1701430770798058,4481359872,10.320957,8.35,1.6156125,0.23
2024-01-31,107.79850283740588,107.94794775763825,105.00889726443405,105.50704193115234,168201,0,104.17699890136718,102.34980407714843,103.5793260159735,102.67842594800472,97.15638066075014,54.23028750876904,0.4692491616596186,0.47993030861930946,-0.010681146959690857,109.93285621910528,104.17699890136718,98.4211415836291,4.660788654197252,57.62370509187085,54.70426777759129,44405545.0,40.87248922914998,-45.73377614224709,84.37203480467468,-0.17968287266245858,4481359872,10.320957,8.35,1.6156125,0.23
2024-02-01,104.11224095620082,110.98663924768846,103.2653964973482,109.5420150756836,735206,0,104.59793128967286,102.6178059387207,104.14720116451733,102.94758630595291,97.27962080418231,60.43281388320013,0.8898734810301789,0.5619189431014834,0.32795453792869556,110.62395018198546,104.59793128967286,98.57191239736025,4.8793925182074664,66.53381314636853,60.18451988061751,45140751.0,77.08463749985485,-14.590787279773869,84.47673240881369,-0.11745600609423548,4481359872,10.320957,8.35,1.6156125,0.23
2024-02-02,110.13979331023904,115.07142266994569,109.79108594855326,112.33162689208984,1876363,0,105.19072341918945,102.96650726318359,104.926670281429,103.31558789756612,97.42939200903712,64.05913887080239,1.4318145772186597,0.7358980699249187,0.695916507293741,111.78396875297005,105.19072341918945,98.59747808540885,4.925822166497083,71.02948306678694,65.06233376834201,47017114.0,167.83587388228563,-15.669510896299215,84.78985887064384,-0.09681114991921357,4481359872,10.320957,8.35,1.6156125,0.23
2024-02-05,112.73014766234076,117.56214975493243,110.58812392201271,111.93311309814453,1208920,0,105.66894226074218,103.30026428222656,105.59395054968762,103.65353006229468,97.57370764176456,63.16847018463344,1.8083050527528144,0.9503794664904979,0.8579255862623165,112.74392299633479,105.66894226074218,98.59396152514958,5.0721224283844135,74.45557250190211,70.67295623835244,45808194.0,169.30034970979258,-28.179546944071,84.99481810805331,-0.15146040554841145,4481359872,10.320957,8.35,1.6156125,0.23
2024-02-06,113.17847297411565,116.41641348561724,112.18218358596131,114.8721694946289,636167,0,106.2766788482666,103.49454071044921,106.47759044920583,104.09347670669995,97.74583164030052,66.83126993642462,2.317123399369464,1.2237282530662912,1.093395146303173,114.26264027386546,106.2766788482666,98.29071742266774,5.030063711176434,74.9161627948007,73.46707278782982,46444361.0,169.77297284093262,-13.466322862268006,85.1057432547163,-0.12591857193727463,4481359872,10.320957,8.35,1.6156125,0.23
2024-02-07,116.46622744921277,118.55843358041494,113.37773196019198,115.27067565917969,586848,0,106.55314865112305,103.72269073486328,107.31502713587001,104.53179823424817,97.92020819770231,67.30602860603325,2.7211539530148343,1.523213393056,1.1979405599588344,115.34220671976163,106.55314865112305,97.76409058248447,5.040823561822615,74.64225959736656,74.67133163135635,47031209.0,167.23921979177604,-15.676971303797991,85.21163711352835,-0.21621538461688627,4481359872,10.320957,8.35,1.6156125,0.23
2024-02-08,116.06770698770917,116.11752449466125,107.99776493195657,108.9442367553711,443969,0,106.64779586791992,103.7625422668457,107.47018995677487,104.70483503899808,98.02990002414677,54.07363078040353,2.502018617213622,1.7189744378875242,0.7830441793260978,115.49683764502672,106.64779586791992,97.79875409081313,5.26074756188562,56.21617118584055,68.59153119266917,46587240.0,73.49459658466645,-45.843243738167345,85.27896206079969,-0.18523357719803865,4481359872,10.320957,8.35,1.6156125,0.23
2024-02-09,109.49220145205902,109.49220145205902,101.27281428702084,103.51446533203125,460436,0,106.42861213684083,103.75855712890625,107.09345427822787,104.65815387401899,98.08447281327994,45.75859411102093,1.8686741965079108,1.7489143896116015,0.11975980689630927,115.3596957398538,106.42861213684083,97.49752853382785,5.472078962110804,33.47737890156772,54.77860322825817,46126804.0,-38.61976480235687,-71.73394884151008,85.33152379936587,-0.1865921095370235,4481359872,10.320957,8.35,1.6156125,0.23
2024-02-12,103.11595165509655,103.51446893050229,98.73227682780302,100.92411804199219,463100,0,106.07742042541504,103.71970184326172,106.50589844620542,104.51172109629245,98.11272798968504,42.40824496923737,1.1445313571882707,1.6280377831269353,-0.48350642593866455,115.28986440141867,106.07742042541504,96.86497644941142,5.4228013292956945,10.995278289713253,33.56294279237374,45663704.0,-96.9461402228647,-84.08546653401586,85.37408291390251,-0.1754387737200128,4481359872,10.320957,8.35,1.6156125,0.23
2024-02-13,102.61781177055545,104.11224592255383,98.48320909647623,102.11966705322266,190088,0,105.92050514221191,103.68383544921875,106.08816212306421,104.41791505538775,98.15259803011826,44.430554064704125,0.6595113175096401,1.4343324900034762,-0.7748211724938361,115.28902145101716,105.92050514221191,96.55198883340665,5.437532436208687,14.045919787844374,19.50619232637501,45853792.0,-79.57782300661034,-81.48143668138451,85.3920566803021,-0.1518995337214485,4481359872,10.320957,8.35,1.6156125,0.23
2024-02-14,101.62151716848068,103.06613373485361,100.27652802029128,102.16947937011719,207022,0,105.65897903442382,103.6798503112793,105.71495424183117,104.32974110694578,98.19256699867546,44.5179706023321,0.2759676955477772,1.2026595311123365,-0.9266918355645593,115.13905135307508,105.65897903442382,96.17890671577257,5.248394813233946,16.69113970612517,13.910779261227496,46060814.0,-68.13180023333335,-81.6377133088092,85.41190699795844,-0.14918513676493794,4481359872,10.320957,8.35,1.6156125,0.23
2024-02-15,102.21928613225808,104.16205493191784,101.6215140404722,103.51446533203125,150007,0,105.55685920715332,103.71372421264648,105.50538386946927,104.29776950792952,98.24552121094766,46.94486378066112,0.07961795227679147,0.9780512153452274,-0.898433263068436,115.08302105500995,105.55685920715332,96.0306973592967,5.054976675963352,28.239817130347035,19.65895887477209,46210821.0,-43.6469818228776,-74.93798268816221,85.42736328976045,-0.13309155732173777,4481359872,10.320957,8.35,1.6156125,0.23
2024-02-16,104.4111337811285,106.25426767952108,104.31149875871402,105.0587158203125,126214,0,105.75362663269043,103.81434936523438,105.46284405526386,104.32761053978767,98.31331419213537,49.667154397579374,0.048063429380064804,0.7920536581521949,-0.7439902287721301,115.06551952072024,105.75362663269043,96.44173374466061,4.889607081072386,50.4068737358395,31.77927685743713,46337035.0,-12.191395503072867,-67.24566278650066,85.44189648091816,-0.09815199439694852,4481359872,10.320957,8.35,1.6156125,0.23
2024-02-19,106.50333948890163,106.50333948890163,102.61780926823684,103.165771484375,74096,0,105.72373809814454,103.86217132568359,105.24407523898873,104.28204822388913,98.36159734927207,46.51637705470023,-0.128210613128104,0.6080008038961351,-0.7362114170242391,115.06478126710368,105.72373809814454,96.38269492918539,4.817887305328987,62.90059214613367,47.1824276707733,46262939.0,-32.50048086316433,-76.67491891986026,85.44993883415087,-0.1258655380656876,4481359872,10.320957,8.35,1.6156125,0.23
2024-02-20,103.76353803922564,104.66019998063418,101.17318723155563,102.26910400390625,102517,0,105.66894187927247,103.88907104492188,104.96074464517135,104.2031092348702,98.40047801250226,45.05823163432191,-0.3363849968613266,0.4191236437446427,-0.7555086406059693,115.0773037994655,105.66894187927247,96.26057995907944,4.722824837025383,58.33346147545904,57.2136424524773,46160422.0,-53.74525140151229,-81.14145667233288,85.46022304157846,-0.1210332798856257,4481359872,10.320957,8.35,1.6156125,0.23
2024-02-21,102.91669114958265,104.4609350552358,99.72856072301452,101.12336730957031,157728,0,105.7610984802246,103.90700408935547,104.59528013701886,104.08233504172118,98.42757143834373,43.19500135087568,-0.5870489369769842,0.2178891276003173,-0.8049380645773015,114.95091011721068,105.7610984802246,96.57128684323852,4.7235069438250905,36.991093209261166,52.74171561028453,46002694.0,-71.26138554069513,-86.84867402002725,85.47516981544051,-0.11891196026733643,4481359872,10.320957,8.35,1.6156125,0.23
2024-02-22,101.87059020996094,102.61780725306579,99.92782893832226,101.87059020996094,102721,0,105.76608009338379,103.95980743408204,104.33578585825144,103.9955999502796,98.46183033159366,44.79822986953025,-0.7171405226549439,0.03088319754926505,-0.7480237202042089,114.94733846477632,105.76608009338379,96.58482172199126,4.578254898890693,28.068622681172368,41.13105912196409,46105415.0,-77.00383328430381,-83.12655922630006,85.48471097917003,-0.12179270126860489,4481359872,10.320957,8.35,1.6156125,0.23
2024-02-23,102.46836232422785,102.8668796007674,101.02374574799241,101.87059020996094,66169,0,105.75611763000488,103.99168869018554,104.10100532031902,103.91226623497299,98.49574834033363,44.79822986953025,-0.810891588098869,-0.13747175958036176,-0.6734198285185072,114.95381503902443,105.75611763000488,96.55842022098533,4.382889109882429,27.941210366126793,31.00030875218668,46105415.0,-68.57419944813343,-83.12655922630006,85.49102319623572,-0.11461868902854992,4481359872,10.320957,8.35,1.6156125,0.23
2024-02-26,100.82447780699277,104.80963515274087,100.82447780699277,102.06983947753906,145535,0,105.7436637878418,104.00065521240235,103.90756095433997,103.8400142052697,98.53131143622622,45.27587311863483,-0.8592078193025543,-0.2818189715248003,-0.577388847777754,114.96059798477629,105.7436637878418,96.52672959090731,4.354479698158547,36.437942164297326,30.815925070532064,46250950.0,-57.290928918080255,-82.13404595334745,85.50543607188216,-0.11304771262791717,4481359872,10.320957,8.35,1.6156125,0.23
2024-02-27,101.07355958275204,103.1159559536694,99.62894295040522,100.22671508789062,97596,0,105.41488838195801,103.99467758178712,103.55700420515431,103.6983162006666,98.54818112430249,41.68292137266441,-1.03430074014004,-0.4323153252478482,-0.6019854148921917,114.92187202052456,105.41488838195801,95.90790474339146,4.292517791380378,29.744861137045444,31.374671222489756,46153354.0,-76.42989159707383,-90.11299303632823,85.51419544359048,-0.1374330068235478,4481359872,10.320957,8.35,1.6156125,0.23
2024-02-28,101.12336901287536,110.38886300719824,101.12336901287536,104.75982666015625,1300238,0,105.37752761840821,104.09032135009765,103.6715587246783,103.73994406182305,98.6099885425697,51.81161370372121,-0.7980791624942185,-0.5054680926971222,-0.2926110697970963,114.88864097668028,105.37752761840821,95.86641426013614,4.711777086232323,35.10067556121221,33.761159620851565,47453592.0,-4.018048517286565,-47.28036266846783,85.66311663724345,-0.1388411950151806,4481359872,10.320957,8.35,1.6156125,0.23
2024-02-29,104.71001406162159,107.5992548319559,102.16948066096245,103.76354217529297,184002,0,105.08860397338867,104.05046981811523,103.68031905330827,103.74086947803755,98.66126768319381,49.7658263885551,-0.6833860430457577,-0.5410516827668493,-0.14233436027890833,114.42561465502837,105.08860397338867,95.75159329174897,4.763062592286689,32.54984558136133,32.46512742653957,47269590.0,-16.68588088577125,-55.64852532743817,85.68304567621671,-0.2102408024833962,4481359872,10.320957,8.35,1.6156125,0.23
2024-03-01,104.61038276826504,105.20815486386678,102.61780404886952,104.31149291992188,79115,0,104.68759727478027,104.03154022216796,103.7404308501286,103.76324686791537,98.71748882982793,50.91380957706415,-0.5420277157804634,-0.5412468893695721,-0.0007808264108912777,113.41485612836405,104.68759727478027,95.9603384211965,4.607868893908872,43.209840564288335,36.9534539022872,47348705.0,-19.879648916560143,-51.04608392658885,85.69139029379521,-0.25192268678706203,4481359872,10.320957,8.35,1.6156125,0.23
2024-03-04,104.1620598784585,104.61038706831734,101.42226402666925,102.51818084716797,97786,0,104.21685066223145,104.09231399536132,103.62402608794187,103.71442074945469,98.75530666084624,47.1186653867943,-0.5681561692734363,-0.5466287453503449,-0.02152742392309137,112.32366330484882,104.21685066223145,96.11003801961408,4.506458475890244,36.265409127510544,37.34169842438664,47250919.0,-38.821125984109244,-73.1481471840611,85.7010226227372,-0.17572486948301158,4481359872,10.320957,8.35,1.6156125,0.23
2024-03-05,102.41854542566914,102.96649999256601,101.12336626557777,101.57169342041016,46018,0,103.55182685852051,104.09231399536132,103.42856583389123,103.63039222674706,98.78333040969763,45.20349100705681,-0.6576557361756841,-0.5688341435154127,-0.08882159266027134,110.08203298599258,103.55182685852051,97.02162073104844,4.316220993825815,25.069657415199885,34.8483023689995,47204901.0,-58.11937789223334,-81.94456408829517,85.70529748837018,-0.23466276522327983,4481359872,10.320957,8.35,1.6156125,0.23
2024-03-06,101.47207448834757,102.21929154290254,96.64007238910911,99.08097839355469,186305,0,102.74234199523926,104.03452926635742,103.0145098871925,103.45198384113168,98.78629208117879,40.53439394982248,-0.9189713450228965,-0.6388615838169095,-0.28010976120598696,106.81099568516544,102.74234199523926,98.67368830531308,4.406435148109216,17.987742711767464,26.440936418159207,47018596.0,-145.8802053640552,-82.24639481210727,85.71983232898842,-0.22596359984869974,4481359872,10.320957,8.35,1.6156125,0.23
2024-03-07,97.93524879632812,103.91298505813245,97.93524879632812,102.4683609008789,121483,0,102.41854820251464,104.0693994140625,102.96249569801978,103.41341039249431,98.82292958187232,48.34833505801411,-0.8430146408856132,-0.6796921952306503,-0.1633224456549629,105.32662085851702,102.41854820251464,99.51047554651227,4.51867094194458,31.711543133827018,24.92298108693136,47140079.0,-60.605987786870095,-57.60871865994101,85.73077253832119,-0.15016048628863524,4481359872,10.320957,8.35,1.6156125,0.23
2024-03-11,102.46836140362795,102.46836140362795,98.7322762216696,99.03116607666016,66890,0,102.19438323974609,104.03353317260742,102.58808335312838,103.24155767422631,98.82500158679558,42.277625396840065,-1.0480895778566293,-0.7533716717558461,-0.2947179061007832,105.40538799103797,102.19438323974609,98.9833784884542,4.462771959088422,40.09864890221031,29.932644915934834,47073189.0,-118.9318808310462,-82.60869807410468,85.7362682625271,-0.12644918383605175,4481359872,10.320957,8.35,1.6156125,0.23
2024-03-12,99.03116602544958,101.32262704188157,95.74340802659246,100.12708282470703,119610,0,102.15453147888184,104.05545150756836,102.35370235042159,103.11942140561771,98.83795761901361,44.66339525100844,-1.1093932257491872,-0.8245759825545143,-0.28481724319467294,105.44637447758596,102.15453147888184,98.86268848017771,4.542518177388471,50.56059111023663,40.79026104875789,47192799.0,-155.13534365930155,-70.06801902761202,85.74539165590488,-0.10891169262093285,4481359872,10.320957,8.35,1.6156125,0.23
2024-03-13,99.13078856373731,101.22299464134805,89.96492974702149,91.26010131835938,257927,0,101.61155319213867,103.90202270507812,101.29716891879661,102.65435002964679,98.76255606378322,32.8374331781552,-1.852118047530368,-1.030084395549685,-0.822033651980683,107.39034261964719,101.61155319213867,95.83276376463016,5.022200085741192,30.981399245099933,40.54687975251553,46934872.0,-301.0307599999832,-93.6585595201525,85.75777848693441,-0.1757879611876456,4481359872,10.320957,8.35,1.6156125,0.23
2024-03-14,89.6660463671354,98.1345063018093,87.72328506961476,97.03858947753906,163296,0,101.35500869750976,103.845234375,100.89158992439113,102.43412412564257,98.74540216740269,43.36223573521441,-1.9519561824097735,-1.2144587529217028,-0.7374974294880707,107.4583921886226,101.35500869750976,95.25162520639692,5.407130167630717,40.16088963988868,40.56762666507499,47098168.0,-224.1485226355672,-58.90109471915162,85.7657411785261,-0.16281374116637373,4481359872,10.320957,8.35,1.6156125,0.23
2024-03-15,96.64006699775135,98.63264569873591,94.04971620668832,97.08839416503906,98079,0,101.03370513916016,103.76453491210937,100.52938080445284,102.2244876565993,98.72891452558812,43.44449829248864,-2.003959404951658,-1.3723588833276938,-0.6316005216239642,107.3223055761102,101.03370513916016,94.74510470221013,5.348258690803351,43.445869011105685,38.19605263203134,47196247.0,-128.31587924657973,-58.68135760220206,85.7717989941406,-0.17672988193839814,4481359872,10.320957,8.35,1.6156125,0.23
2024-03-18,95.7932278662493,102.11966407143329,95.7932278662493,100.1769027709961,93530,0,100.78961448669433,103.75855728149413,100.49581146793315,102.14419021010505,98.74332236882601,48.44517419104734,-1.775488771368785,-1.4529848609359122,-0.32250391043287285,106.80749237944569,100.78961448669433,94.77173659394298,5.418128513259111,69.18571241696105,50.93082368931838,47289777.0,-44.10702061496796,-45.05492983379407,85.77904864784966,-0.16003717121770322,4481359872,10.320957,8.35,1.6156125,0.23
2024-03-19,100.3263386751261,101.07355571868787,98.63264975015336,100.77467346191406,58477,0,100.6700595855713,103.72667602539063,100.52236975307419,102.09048367096031,98.76353481751346,49.378133047758375,-1.5285686612079132,-1.4681016209903124,-0.060467040217600854,106.58854765819999,100.6700595855713,94.7515715129426,5.205469760064497,80.22537107418364,64.28565083408337,47348254.0,-16.637533251939114,-42.41757951974467,85.78384307547807,-0.13328029846306735,4481359872,10.320957,8.35,1.6156125,0.23
2024-03-20,101.3226324097344,101.3226324097344,98.08469174883913,98.98135375976562,65037,0,100.50567207336425,103.65195434570313,100.37560632514004,101.9685570077762,98.76570217017269,46.650670214251214,-1.460749990897611,-1.4666312949717721,0.005881304074161209,106.4200076160977,100.50567207336425,94.5913365306308,5.064931967266694,85.12111455060482,78.17739934724976,47283217.0,-32.55185405680314,-43.358392950056476,85.78891310681874,-0.1321210707086828,4481359872,10.320957,8.35,1.6156125,0.23
2024-03-21,99.62893467323453,102.7174301278879,99.62893467323453,101.62151336669922,73954,0,100.5305793762207,103.4895590209961,100.49426413862187,101.95494745322416,98.79411820197892,50.94653871447699,-1.1803579587236328,-1.4093766277221442,0.22901866899851142,106.45928870410238,100.5305793762207,94.60187004833902,4.97001371018495,85.40482312420151,83.58376958299658,47357171.0,23.097320549332085,-20.51282931684533,85.79545718028334,-0.11017050457167839,4481359872,10.320957,8.35,1.6156125,0.23
2024-03-22,102.02002957507973,102.41854682988593,98.83189913771461,99.87800598144531,61522,0,100.43095016479492,103.34609329223633,100.43557288555743,101.87349876805636,98.80490315500843,48.18703785536812,-1.086309429106464,-1.3447631879990083,0.2584537588925442,106.3331476348594,100.43095016479492,94.52875269473044,4.871201851755404,74.84993084890878,81.79195617457162,47295649.0,-3.463971496436066,-28.02364246533011,85.8005653776593,-0.1325874164216985,4481359872,10.320957,8.35,1.6156125,0.23
2024-03-26,99.9278245289836,100.87429636805253,97.88542832751763,98.33375549316406,89749,0,100.25410842895508,103.15480560302734,100.23539980056759,101.73468530629589,98.80021511857217,45.819770034657594,-1.1234331621854636,-1.3004971828362994,0.17706402065083582,106.18504219892002,100.25410842895508,94.32317465899014,4.736749436668226,51.8757954344107,70.71018313584024,47205900.0,-39.93960337308753,-34.46159946710176,85.80732381241336,-0.1485388496268332,4481359872,10.320957,8.35,1.6156125,0.23
2024-03-27,99.62893955312522,102.2192904612895,99.1307948553596,99.52931213378906,132838,0,100.12708206176758,102.98643280029297,100.1681533561125,101.64820008384464,98.80746981524099,47.95164280639563,-1.0443440112181719,-1.249266548512674,0.20492253729450205,106.0056127181143,100.12708206176758,94.24855140542086,4.675948403200883,34.09727111289224,53.60766579873715,47338738.0,1.941294651926143,-27.076925004493248,85.81826775948396,-0.16205530748027216,4481359872,10.320957,8.35,1.6156125,0.23
2024-03-28,100.42597244965698,100.42597244965698,95.9426702438881,96.98876953125,92313,0,99.96518478393554,102.82104873657227,99.86535489660179,101.46547731707622,98.78937329500228,43.99050128385213,-1.1731425876005517,-1.2340417563302495,0.060899168729697806,106.00009120600984,99.96518478393554,93.93027836186124,4.662187960527169,19.58005971270196,35.184375420001544,47246425.0,-70.59904654901534,-42.76926398755597,85.82454759948178,-0.15791009707843695,4481359872,10.320957,8.35,1.6156125,0.23
2024-04-01,96.6898893735787,102.9665080370268,96.6898893735787,102.51818084716797,100673,0,99.85310249328613,102.72341232299804,100.1180049871319,101.50675980845237,98.82647585771039,53.07600388361436,-0.8195913662588197,-1.1511516783159634,0.33156031205714376,105.60424893545057,99.85310249328613,94.10195605112169,4.777504439307236,47.69298363767428,33.79010482108941,47347098.0,30.379364550998613,-2.941157462678944,85.83306958650584,-0.07727020614757639,4481359872,10.320957,8.35,1.6156125,0.23
2024-04-02,101.67132843355895,103.01631749914043,100.67503911074539,101.57169342041016,54079,0,99.74351005554199,102.64370895385743,100.25645150458696,101.50930622460758,98.8537914553492,51.53497776436357,-0.6087557440799145,-1.0426724914687537,0.43391674738883923,105.27162425870523,99.74351005554199,94.21539585237875,4.603488292813508,62.87852324673563,43.38385553237054,47293019.0,75.11936754762425,-9.446289252229606,85.83795955136277,-0.051395409259222445,4481359872,10.320957,8.35,1.6156125,0.23
2024-04-03,101.52188288002408,105.25796781721031,101.52188288002408,104.06241607666016,132539,0,99.7310562133789,102.70248992919922,100.61892432097488,101.60942817959004,98.90561856600901,55.21961558425007,-0.23794362598727048,-0.8817267183724571,0.6437830923851866,105.21892671152943,99.7310562133789,94.24318571522838,4.541530910268703,86.78671955172318,65.78607547871094,47425558.0,145.4449156198216,-6.818211414256117,85.85133022227238,-0.03903025087668867,4481359872,10.320957,8.35,1.6156125,0.23
2024-04-04,105.05871171370731,105.05871171370731,102.6178057816647,103.56427764892578,56861,0,99.78336105346679,102.69850463867188,100.89943416173212,101.68608894309341,98.95197338275445,54.32997365867921,0.015552758636260933,-0.7022708229707135,0.7178235816069745,105.39503495607582,99.78336105346679,94.17168715085776,4.3914862689668395,82.85376046018888,77.50633441954915,47368697.0,145.44421948214668,-9.65908646688678,85.85710310826603,-0.031210534525279266,4481359872,10.320957,8.35,1.6156125,0.23
2024-04-05,103.51446735307489,105.257973755457,103.11595008374204,104.80963897705078,99306,0,99.94525833129883,102.72739685058593,101.27183462033389,101.80858110128781,99.01025861254844,56.228611779373786,0.3133288609850524,-0.4991508861795603,0.8124797471646128,105.92849395235037,99.94525833129883,93.9620227102473,4.230810369163135,87.91709571509953,85.85252524233711,47468003.0,154.84678588222923,-4.000039938906235,85.86754098846906,0.007872096198962905,4481359872,10.320957,8.35,1.6156125,0.23
2024-04-08,105.55685743741272,106.50333691504288,102.96650655326535,104.21186828613281,54270,0,100.20180282592773,102.82602951049805,101.55183782660046,101.90282765755624,99.06201592273337,55.045684262635795,0.49537311556134966,-0.3002460858313783,0.7956192013927279,106.44898173526853,100.20180282592773,93.95462391658693,4.181240368635591,79.08977087355485,83.28687568294767,47413733.0,140.13079848018077,-21.395380929087594,85.8732913278506,0.012025788124485624,4481359872,10.320957,8.35,1.6156125,0.23
2024-04-09,104.80964020627803,110.08997698442651,103.31520612956636,108.59554290771484,427359,0,100.50816192626954,102.9625212097168,102.22266688194469,102.16528707913109,99.15687688775806,61.450515928382565,0.982049944480238,-0.04378687976905504,1.025836824249293,107.69949964206013,100.50816192626954,93.31682421047894,4.36649254622306,79.33642603655119,82.11443087506844,47841092.0,190.78654615547026,-10.563382162552838,85.92515120894775,0.08702611142912517,4481359872,10.320957,8.35,1.6156125,0.23
2024-04-10,109.39258034750125,109.94053496279642,105.1085328405792,107.4000015258789,149193,0,100.92660369873047,103.06912445068359,102.71574637184318,102.3705699986114,99.23889802843588,58.98237709512251,1.2567871794755803,0.21632793207987205,1.0404592473957082,108.67761339684006,100.92660369873047,93.17559400062089,4.399743230222643,69.08065822993107,75.83561838001229,47691899.0,159.67050722240288,-19.014046333212065,85.94332273084557,0.10438923172240598,4481359872,10.320957,8.35,1.6156125,0.23
2024-04-12,107.35017982166484,110.83719262329664,105.40741858690384,108.09739685058594,210794,0,101.32511940002442,103.1846940612793,103.22828451267583,102.59515144378688,99.32704229532295,59.99184310026553,1.513347464369076,0.47573183853771284,1.0376156258313634,109.6677269326376,101.32511940002442,92.98251186741123,4.473316859234797,70.58270223846394,72.99992883498197,47902693.0,146.7991201315718,-18.394653436476986,85.96969559564906,0.07210447822438633,4481359872,10.320957,8.35,1.6156125,0.23
2024-04-15,106.60296183706863,107.59925120003189,101.82076985441114,105.25797271728516,169260,0,102.0250129699707,103.15380905151368,103.42158815121005,102.69957580745347,99.38605652837731,54.14871647593128,1.4706033411662673,0.6747061390634237,0.7958972021028436,109.12939511428004,102.0250129699707,94.92063082566136,4.602124726159082,55.77051222630816,65.14462423156763,47733433.0,69.45824541262404,-37.4581994903353,85.98775273891967,0.17158530071190867,4481359872,10.320957,8.35,1.6156125,0.23
2024-04-16,104.71001155998874,109.0936863204807,104.16205696560517,104.80963897705078,93671,0,102.41356544494629,103.13986099243164,103.55378346795678,102.7823233827318,99.44002252289147,53.26652412262632,1.3845908284255302,0.816683076935845,0.5679077514896852,109.22871754154903,102.41356544494629,95.59841334834354,4.6256607710674,45.486873983628385,57.28002948280007,47639762.0,84.38070397085325,-40.468257341228124,85.9983269959958,0.09116959492136316,4481359872,10.320957,8.35,1.6156125,0.23
2024-04-18,105.20815517804127,108.44609560672819,105.00890034594053,106.35388946533203,131246,0,102.87684020996093,103.07609848022462,103.82046022961157,102.92238479773573,99.50881721883616,55.92982888734355,1.4246113678969436,0.9382687351280647,0.4863426327688789,109.43592131277468,102.87684020996093,96.31775910714718,4.555003332396686,40.51566745610494,47.25768455534706,47771008.0,88.53614161905041,-30.100348596358575,86.01355370612477,0.06409391329801735,4481359872,10.320957,8.35,1.6156125,0.23
2024-04-19,104.75983013961628,105.70630201300482,102.26910668218882,104.36131286621094,97534,0,103.08606071472168,102.91669219970703,103.87197000452579,102.97881334944064,99.557100757616,51.82570937083006,1.2807796246139276,1.0067709130252374,0.2740087115886902,109.55361445732026,103.08606071472168,96.6185069721231,4.521416150307152,37.20075394011323,41.06776512661542,47673474.0,25.35608743612592,-43.47826396929998,86.02348760522227,0.05765319995233947,4481359872,10.320957,8.35,1.6156125,0.23
2024-04-22,105.60667037989849,108.64535591711237,104.61038103669189,107.25054931640625,299784,0,103.40985450744628,102.82304092407226,104.19373946280012,103.14633240696871,99.63365248456914,56.77828633840987,1.3839755582440887,1.0822118420690077,0.301763716175081,110.02876473412275,103.40985450744628,96.79094428076982,4.504460928921029,51.0368731236891,42.91776483996899,47973258.0,85.411439302303,-25.352134209478407,86.05853902619386,0.07094705491067117,4481359872,10.320957,8.35,1.6156125,0.23
2024-04-23,107.99777052682623,108.29665278076932,106.20444659882871,106.55314636230469,67978,0,103.78844413757324,102.65666046142579,104.41844488180055,103.27993295423678,99.70250316991974,55.30043803477069,1.3934219878750582,1.1444538712302177,0.24896811664484053,110.21420363503078,103.78844413757324,97.36268464011569,4.332157018422428,55.20268129314359,47.813436118981876,47905280.0,83.91527531194957,-42.15687408875234,86.06654048092572,0.06458426200499023,4481359872,10.320957,8.35,1.6156125,0.23
2024-04-24,106.80221972271585,109.94053282599178,106.3040750269922,107.20073699951172,216369,0,104.06740531921386,102.49526168823242,104.68342508348734,103.43368997562011,99.77711246175647,56.43438536835965,1.4366032358488923,1.2028837441539526,0.23371949169493966,110.57653263996072,104.06740531921386,97.558277998467,4.2824642170350815,67.23896937409081,57.8261745969744,48121649.0,95.74283853400597,-39.037409640738375,86.09293520970333,0.013317420304930636,4481359872,10.320957,8.35,1.6156125,0.23
2024-04-25,107.74869577245623,107.74869577245623,104.85945510909097,105.40741729736328,96418,0,104.34387588500977,102.42452529907227,104.75237672290409,103.51109104706102,99.8331353954441,52.46518802025689,1.311006308752738,1.2245082570737096,0.08649805167902835,110.58181686266713,104.34387588500977,98.1059349073524,4.1829482489158085,55.98949084435004,59.47704717052804,48025231.0,44.01761100966138,-60.22094865239468,86.10369825346476,0.0008090703671667338,4481359872,10.320957,8.35,1.6156125,0.23
2024-04-26,104.61038629020518,106.00519296095823,103.26539712954809,103.9129867553711,67777,0,104.62283744812012,102.43249572753906,104.67243482123428,103.52685166307317,99.87373093136378,49.35023961885528,1.0784500826495105,1.1952966221888697,-0.1168465395393592,110.22760801340408,104.62283744812012,99.01806688283617,4.079865933379689,38.298771355263064,53.84241052456786,47957454.0,-8.754081962354853,-76.79548802680458,86.11064541294705,0.010664629970844457,4481359872,10.320957,8.35,1.6156125,0.23
2024-04-29,105.00889548806457,106.85202920352626,103.61408892463152,104.06241607666016,106554,0,104.84949264526367,102.49526168823242,104.6143377979415,103.5478541890962,99.91540939052096,49.6720011045837,0.8958781695073696,1.1354129316525696,-0.23953476214519998,109.95654435570113,104.84949264526367,99.7424409348262,4.0197283866307645,20.85024197034748,38.37950138998675,48064008.0,-2.0860966592761994,-75.13818639932629,86.12182410148388,0.018664125093656107,4481359872,10.320957,8.35,1.6156125,0.23
2024-04-30,104.0126155297942,107.59925587197644,103.6639157578335,104.4111328125,126189,0,105.22061080932617,102.54109100341798,104.59498494218516,103.5817082527591,99.96014295690881,50.462878352977235,0.7704459182577921,1.062419528973614,-0.29197361071582195,108.8553461091596,105.22061080932617,101.58587550949275,4.013700652881634,12.935288877433232,24.028100734347813,48190197.0,-2.1072376869320846,-71.2706133631193,86.1353151998743,0.007906642047092757,4481359872,10.320957,8.35,1.6156125,0.23
2024-05-02,105.10852817216006,105.55685534667855,103.61409412231892,104.01261138916016,69049,0,105.29533233642579,102.57795364379882,104.53952079427802,103.5986064149709,100.00046602588644,49.50542899323377,0.6316018936988712,0.9762560019186655,-0.34465410821979425,108.76234754451919,105.29533233642579,101.82831712833239,3.8657764079872052,15.256988212177722,16.347506353319364,48121148.0,-50.26191709801039,-75.6905638640551,86.14236857481482,-0.03859062451707275,4481359872,10.320957,8.35,1.6156125,0.23
2024-05-03,104.51076409667931,104.56057400818092,101.92041306495354,103.86317443847656,49018,0,105.4099063873291,102.58492782592774,104.47510685563026,103.60898163157897,100.03890093546445,49.12900889381434,0.5037023240474809,0.8817452663444285,-0.37804294229694757,108.50906812788874,105.4099063873291,102.31074464676946,3.7782324462186465,22.680454555309442,16.95757721497335,48072130.0,-104.64718647025063,-77.34795010817933,86.14711299362675,-0.02551408077151436,4481359872,10.320957,8.35,1.6156125,0.23
2024-05-06,104.01261247561224,108.59554208944529,101.37244410643173,102.4683609008789,447416,0,105.33020362854003,102.53312072753906,104.28398819327299,103.56425140684563,100.0630746664636,45.640698668984726,0.2864887342951761,0.762693959934578,-0.47620522563940193,108.63879627760112,105.33020362854003,102.02161097947895,4.024294270275425,22.016508608379667,19.984650458622166,47624714.0,-72.43167215942816,-87.20932018426333,86.19203892538839,-0.14123317519433384,4481359872,10.320957,8.35,1.6156125,0.23
2024-05-07,102.96650750793793,104.11224183301586,98.73227757693012,99.52931213378906,145692,0,105.1284553527832,102.46039154052734,103.83116190189357,103.40601849417675,100.05776359648675,39.30744058102311,-0.12141171470078405,0.5858728250075056,-0.7072845397082896,109.2382418878734,105.1284553527832,101.01866881769301,4.1211278406904475,19.154582373931174,21.28384851253998,47479022.0,-213.83790879961234,-92.888861476226,86.20389569202399,-0.1659423596924137,4481359872,10.320957,8.35,1.6156125,0.23
2024-05-08,100.32633722018208,103.21557793360445,99.52931027925901,102.4683609008789,96504,0,105.0113914489746,102.46437667846679,103.70137133036836,103.36924760816507,100.08174963931653,47.198034205282916,-0.2051541965713568,0.42766742069173314,-0.6328216172630899,109.28110118806006,105.0113914489746,100.74168170988915,4.090066398808661,20.377334173088066,20.51614171846619,47575526.0,-151.44923295957062,-66.66668236109658,86.21224770839711,-0.16620497322574862,4481359872,10.320957,8.35,1.6156125,0.23
2024-05-09,102.66762202413452,103.26539412245442,99.33004657310285,99.77838134765625,48776,0,104.78971710205079,102.43747695922852,103.32775323677673,103.22842932343923,100.07873104934976,41.83685718275405,-0.4830117271079786,0.2455315911317908,-0.7285433182397694,109.62530338276264,104.78971710205079,99.95413082133894,4.079015052418869,18.855223320347157,19.462379955788688,47526750.0,-164.6051786696302,-90.66666713524648,86.21620851374833,-0.17343205571368348,4481359872,10.320957,8.35,1.6156125,0.23
2024-05-10,99.72856656049365,101.77096285332975,99.62893914156905,100.77467346191406,38071,0,104.39867362976074,102.41555862426758,103.0846027820279,103.13220360337942,100.08565584947478,44.3577996252329,-0.615725672378403,0.073280138429752,-0.689005810808155,109.2047622435059,104.39867362976074,99.59258501601558,3.940658528086143,23.063976336973656,20.765511276802844,47564821.0,-146.64980450316088,-81.77775363248502,86.21928445476134,-0.2847795442350588,4481359872,10.320957,8.35,1.6156125,0.23
2024-05-13,101.2229957579326,101.2229957579326,97.93524548573001,99.57911682128906,48938,0,104.00762939453125,102.36972915649415,102.75074697624325,102.99286686682686,100.0806156601396,42.00500380656367,-0.8080590575560507,-0.10298770076740854,-0.7050713567886422,109.04060635906772,104.00762939453125,98.97465242999478,3.8940222240944604,19.308650972534874,20.409283543285113,47515883.0,-162.5578771281647,-86.30710545306106,86.22292432317714,-0.29272025837626015,4481359872,10.320957,8.35,1.6156125,0.23
2024-05-14,99.62893707377984,102.36873284330878,99.23041980526777,100.57540893554688,58961,0,103.6315299987793,102.3398405456543,102.54357192474836,102.89806459501196,100.0855389763128,44.6401827574547,-0.8700626629532309,-0.25640269320457304,-0.6136599697486578,108.50757778264077,103.6315299987793,98.75548221491783,3.8400429965192133,32.2841782901397,24.885601866549294,47574844.0,-108.05276275605152,-78.00832770605473,86.22768300287791,-0.3132978135955447,4481359872,10.320957,8.35,1.6156125,0.23
2024-05-15,101.32262561579883,101.5218880499132,100.2765263407658,100.724853515625,33020,0,103.40487403869629,102.34980331420898,102.370360647689,102.81284063111443,100.09190031501242,45.04356456161299,-0.896804237284357,-0.3844830020205298,-0.5123212352638271,108.37790538243047,103.40487403869629,98.43184269496211,3.6547086188497984,42.82727957671042,31.473369613128217,47607864.0,-90.63884397649807,-73.83179724171305,86.23036800459796,-0.3492242387726542,4481359872,10.320957,8.35,1.6156125,0.23
2024-05-16,100.67505063477118,101.47207762360519,99.62894368563792,99.9278335571289,37189,0,103.1607837677002,102.25316345214844,102.13773902001661,102.69970309880127,100.09026780995886,43.2342131368373,-0.9711155615858189,-0.5018095139335876,-0.4693060476522313,108.31015360292017,103.1607837677002,98.01141393248022,3.525310427358189,48.9376928351597,41.349716900669826,47570675.0,-93.32098010973127,-81.30832428523189,86.23328776495737,-0.33861373360302705,4481359872,10.320957,8.35,1.6156125,0.23
2024-05-17,100.67504458298845,103.91298505813245,100.17689989450474,102.4683609008789,76203,0,102.96650733947754,102.22725982666016,102.16922681819398,102.69063085574548,100.11393042777895,50.1130705755819,-0.8156066906785782,-0.5645689492825857,-0.25103774139599244,107.90834317888641,102.96650733947754,98.02467150006868,3.5581562183328574,57.704568929276356,49.82318044704871,47646878.0,-33.74790167661219,-57.4766483179367,86.24004783098133,-0.32641769573555884,4481359872,10.320957,8.35,1.6156125,0.23
2024-05-21,100.72485980264265,102.02003910143198,99.82819779587199,100.22671508789062,72925,0,102.75977745056153,102.14556427001953,101.98422570102223,102.59400670798647,100.11505266320295,44.93848175365617,-0.8632953416799012,-0.6243142277620488,-0.23898111391785237,107.79594546807965,102.75977745056153,97.7236094330434,3.4925852816667193,47.35133429404892,51.33119868616154,47573953.0,-71.02544780514314,-78.50463558995155,86.24590595389249,-0.36075652949483583,4481359872,10.320957,8.35,1.6156125,0.23
2024-05-22,101.22299888027011,103.81334973250658,100.02745467187934,101.52188873291016,126885,0,102.47334442138671,102.12563842773437,101.94019360882108,102.55196286582661,100.12905103205576,48.26259033291229,-0.7875014260049653,-0.6569516674106322,-0.13054975859433315,107.08939035758814,102.47334442138671,97.85729848518528,3.513535980163899,47.098644783125486,50.7181826688168,47700838.0,-33.82563063234957,-66.35512706156649,86.25685982096644,-0.45022396500792927,4481359872,10.320957,8.35,1.6156125,0.23
2024-05-23,101.97021379392359,104.211864838934,101.6215140404722,103.51446533203125,96166,0,102.32141036987305,102.16449386596679,102.0901242491268,102.58970806057974,100.16273674648338,52.966963336051776,-0.5601923738966548,-0.6375998087078367,0.07740743481118195,106.57621636260257,102.32141036987305,98.06660437714353,3.454710274868181,50.081768728183384,48.17724926845248,47797004.0,15.105724652589844,-47.66355896367089,86.26586067113864,-0.40047265547885674,4481359872,10.320957,8.35,1.6156125,0.23
2024-05-24,104.31149643179923,104.36131394189518,102.2192902262121,103.9129867553711,73371,0,102.15702285766602,102.26113403320312,102.26373020210245,102.64160134272842,100.20005266696982,53.870400766512816,-0.3439263947545186,-0.5788651259171731,0.2349387311626545,105.86381910584528,102.15702285766602,98.45022660948676,3.3609469492121025,73.02618791631357,56.73553380920737,47870375.0,40.81103976595013,-43.92518808944069,86.2728770208632,-0.35083751860975027,4481359872,10.320957,8.35,1.6156125,0.23
2024-05-27,104.46093925889743,104.51075676799087,102.11966075211467,103.7137222290039,86063,0,102.07233810424805,102.28604125976562,102.40182468085497,102.68364529905296,100.23501455315922,53.31890864367921,-0.18646359388607436,-0.5003848195109534,0.313921225624879,105.54844255887888,102.07233810424805,98.59623364961722,3.2916718825452524,85.95708422880193,69.68834695776619,47784312.0,47.8741961895468,-12.121255743825879,86.28107602625293,-0.3062651203800728,4481359872,10.320957,8.35,1.6156125,0.23
2024-05-28,102.86688296237831,104.6103894532661,102.02003847273556,103.6639175415039,71103,0,102.05988464355468,102.3786962890625,102.52202400091677,102.72208734777652,100.26913299085419,53.17238754041404,-0.06494338487078721,-0.41329653258292015,0.34835314771213294,105.5112190745276,102.05988464355468,98.60855021258176,3.241577532401344,84.1455061105206,81.04292608521193,47713209.0,50.97497764601764,-14.17904866719373,86.28783738359421,-0.2769694948429791,4481359872,10.320957,8.35,1.6156125,0.23
2024-05-29,103.61409171181877,104.66019856280457,100.12707900997871,101.77095794677734,63631,0,101.94531173706055,102.41157379150391,102.45049390052255,102.68478815558048,100.28407652275392,47.79627014411638,-0.12000047214617382,-0.3546373204955709,0.23463684834939708,105.27305434277874,101.94531173706055,98.61756913134236,3.333830533860237,66.19676930705934,78.76645321546052,47649578.0,1.5540433251802384,-42.962985509544694,86.29344446729857,-0.25140745775677154,4481359872,10.320957,8.35,1.6156125,0.23
2024-05-30,109.59183064554382,111.33533704217747,104.51075638128555,104.9590835571289,385320,0,101.97270927429199,102.68555343627929,102.68940720115172,102.77397621054317,100.33059400568303,55.886059267706344,0.092554570525337,-0.2651989422913893,0.3577535128167263,105.38904909216691,101.97270927429199,98.55636945641706,3.7788697168273724,52.90758808441595,67.7499545006652,48034898.0,215.921985022464,-47.58365611301086,86.33743486535616,-0.34145015469818085,4481359872,10.320957,8.35,1.6156125,0.23
2024-05-31,106.60296784163204,106.60296784163204,103.86317193916018,104.9092788696289,97807,0,102.01754264831543,102.8429672241211,102.9008235505305,102.857713569723,100.37615305905562,55.74073843958715,0.2540585226693963,-0.16134744929923217,0.4154059719686285,105.56095706036083,102.01754264831543,98.47412823627002,3.704650158659121,40.680536715848206,53.261631369107725,47937091.0,127.15897486496668,-47.95533034590844,86.34759270771993,-0.3287135435887637,4481359872,10.320957,8.35,1.6156125,0.23
2024-06-03,106.50334003338725,106.65278496592394,104.1122439160551,105.0587158203125,129951,0,102.07731971740722,103.00237365722656,103.10633710003356,102.9440273834716,100.42274572334674,56.10951829131585,0.3896186006411284,-0.051154239311160046,0.44077283995228844,105.78001711457378,102.07731971740722,98.37462232024066,3.6214995080312433,43.25929796687195,45.61580758904526,48067042.0,120.88261882831239,-51.85183094624237,86.36117919209195,-0.34198269127169784,4481359872,10.320957,8.35,1.6156125,0.23
2024-06-04,104.80963369177766,104.80963369177766,95.64377496475564,99.3798599243164,173035,0,101.9228946685791,102.98643280029297,102.75143451187002,102.80425611056356,100.41236875022206,41.84164345752578,0.038372395375517954,-0.03324891237382445,0.0716213077493424,105.80094248388353,101.9228946685791,98.04484685327468,4.035316747140216,36.825432958535174,40.25508921375167,47894007.0,-93.51458678369377,-76.19048415239345,86.37415004329618,-0.24714692548910652,4481359872,10.320957,8.35,1.6156125,0.23
2024-06-05,101.52188456302687,103.21557338886178,98.03487189717961,101.12336730957031,95232,0,102.00259742736816,102.9934066772461,102.59638049260337,102.73833890268146,100.41944336275289,46.35212491473466,-0.09817458252315703,-0.04623404640369096,-0.051940536119466064,105.74369968046842,102.00259742736816,98.26149517426789,4.117129943178927,34.24339171489866,38.10937421343515,47989239.0,-57.736319125486446,-65.07936993284362,86.38172297932695,-0.19038521802499342,4481359872,10.320957,8.35,1.6156125,0.23
2024-06-06,102.02003094798475,108.59553913697945,100.87429667540522,104.75982666015625,256025,0,102.11717071533204,103.10897613525391,102.80242298475126,102.81761293238635,100.46263125625939,54.31116184373291,0.0860508910505331,-0.01977705891284615,0.10582794996337924,106.04405413614617,102.11717071533204,98.1902872945179,4.374566551635735,43.038259678803165,38.03569478407889,48245264.0,94.90050991097402,-41.90475332906814,86.4076158655735,-0.20264352147449768,4481359872,10.320957,8.35,1.6156125,0.23
2024-06-07,105.25797820412922,106.8520397477481,103.11595444188276,106.1546401977539,87531,0,102.43598365783691,103.199638671875,103.12168176694199,102.94847674671449,100.51926816114988,56.94937313368994,0.3406736281482381,0.05231307849937071,0.28836054964886737,106.58087104526474,102.43598365783691,98.29109627040908,4.328960748366421,62.153063374287626,46.47823825599638,48332795.0,104.43323183762931,-33.01581333242743,86.41675556528325,-0.15501732470460572,4481359872,10.320957,8.35,1.6156125,0.23
2024-06-10,106.15463754033428,121.04916087975496,106.15463754033428,117.57211303710938,1520235,0,103.27585563659667,103.55352081298828,104.49791331648174,103.52195267967116,100.68894820966689,71.47120502234083,1.4470776101745457,0.3312659848344058,1.11581162534014,110.99771058831895,103.27585563659667,95.5540006848744,5.083643790584582,79.28409913645221,61.49180739651424,49853030.0,330.8796454535508,-13.68626264634989,86.6533730579728,0.13402905588396044,4481359872,10.320957,8.35,1.6156125,0.23
2024-06-11,123.04174149838701,130.36447470486746,120.9993451780203,122.59341430664062,3707377,0,104.42657051086425,104.03871398925781,106.22129436316354,104.26985313563074,100.90690309620395,75.40115963451986,2.6979870693295567,0.804610201733436,1.8933768675961207,115.66182324626787,104.42657051086425,93.19131777546063,5.634266496096975,81.14356118460691,74.19357456511548,53560407.0,378.18377550427897,-22.381635325307553,87.40724518584302,-0.27099474224591225,4481359872,10.320957,8.35,1.6156125,0.23
2024-06-12,124.23727499195238,133.49281127518174,122.80262354187143,128.76043701171875,2104340,0,105.83582191467285,104.62333648681641,108.36787937731165,105.23026818959498,101.1840526874031,79.19231677457026,4.1392542736956415,1.471539016125877,2.6677152575697645,121.12464360348463,105.83582191467285,90.54700022586107,6.0103472441287,82.58950361780906,81.00572131295597,55664747.0,291.8013827410971,-12.503288656148378,87.86318638114547,-0.18448880502220508,4481359872,10.320957,8.35,1.6156125,0.23
2024-06-13,130.0157624044906,130.0157624044906,125.55238269547606,127.16637420654297,554096,0,107.15789794921875,105.22688858032227,110.15821221819083,106.09050764124,101.4425832497826,75.93461365459386,5.094119531704095,2.1960551192415205,2.8980644124625745,124.83643355282103,107.15789794921875,89.47936234561647,5.899849563049117,80.20942342426936,81.31416274222835,55110651.0,203.6985021542336,-16.71492245337843,87.97929461058862,-0.18937821370884927,4481359872,10.320957,8.35,1.6156125,0.23
2024-06-14,127.07671993404881,131.89875713041306,127.02690242207669,129.059326171875,485470,0,108.61447257995606,105.7577114868164,111.95831830901788,106.99124562283353,101.71737671169397,77.13735904216279,5.935185408783312,2.943881177149879,2.991304231633433,128.3508331331046,108.61447257995606,88.87811202680751,5.826421359141064,82.81601847468015,81.8716485055861,55596121.0,169.00953544774475,-11.713601019969602,88.08493751420282,-0.1864934488721929,4481359872,10.320957,8.35,1.6156125,0.23
2024-06-18,130.5139017832327,134.15035174441712,129.71686728152733,131.16148376464844,568670,0,110.04912872314453,106.34950729370117,113.78719120955412,107.93909809898314,102.01035290127561,78.42681213381539,6.694196198410964,3.693944181402096,3.000252017008868,131.853017821315,110.04912872314453,88.24523962497408,5.773893088669711,80.07633559461065,81.03392583118664,56164791.0,150.0764790639669,-7.7619675123844125,88.21500683412984,-0.19797690236067914,4481359872,10.320957,8.35,1.6156125,0.23
2024-06-19,131.56001917390907,132.21757383074558,126.49886716443055,129.3083953857422,385146,0,111.5032127380371,106.85442687988281,115.26540113109584,108.77710975728742,102.28197521455388,74.44108649753616,7.064750921330017,4.36810552938768,2.6966453919423365,134.34703131260247,111.5032127380371,88.65939416347176,5.769951201358663,72.79552033907184,78.56262480278747,55779645.0,112.98839926898069,-12.574362001538326,88.29795107703771,-0.1888051424376459,4481359872,10.320957,8.35,1.6156125,0.23
2024-06-20,130.41427130470694,133.30351957358806,128.13277535643476,129.4379119873047,281906,0,112.89901390075684,107.37189956665038,116.6151640697824,109.58733729571946,102.5521835406509,74.53848249570808,7.2848933998518675,4.951463103480518,2.3334302963713496,136.53060980914873,112.89901390075684,89.26741799236495,5.727150702486852,59.93166733137417,70.9345077550188,56061551.0,102.79242974011824,-12.238012701252282,88.3598500227378,-0.1962557387243176,4481359872,10.320957,8.35,1.6156125,0.23
2024-06-21,130.91241747158267,143.16677979432356,130.01576311715968,138.55397033691406,2866200,0,114.65098915100097,108.04678619384765,118.7045741904616,110.72328368949181,102.91041027494208,80.24470378796887,8.101557906356618,5.581482064055738,2.52007584230088,140.34526990855733,114.65098915100097,88.95670839344461,6.298701924239139,58.28250285409474,63.66989684151349,58927751.0,124.1508560527926,-9.706476839906163,89.08166347092136,-0.09943451246798536,4481359872,10.320957,8.35,1.6156125,0.23
2024-06-24,138.5539806076667,141.20409898143686,134.69833011262895,136.19276428222656,604184,0,116.26497802734374,108.68640411376953,120.37011610396303,111.72208684999121,103.2415779765071,75.52344717879129,8.46071100644815,6.1573278525342205,2.30338315391393,143.08893931846265,116.26497802734374,89.44101673622484,6.313492420279765,58.558497473840795,58.92422255310314,58323567.0,108.99776579043807,-14.675030623816733,89.23147819031772,-0.12122619050123115,4481359872,10.320957,8.35,1.6156125,0.23
2024-06-25,136.90012503524636,139.4805108372142,133.7518469992572,134.76806640625,338147,0,117.81769523620605,109.20985458374024,121.7413494660856,112.62585075415822,103.5552743787931,72.74243658230843,8.532029291268756,6.632268140281128,1.8997611509876284,145.14620101155185,117.81769523620605,90.48918946086025,6.271718950113855,60.03191121097135,58.95763717963553,57985420.0,91.0784583253072,-18.609258459035917,89.31255457552886,-0.1358657966125852,4481359872,10.320957,8.35,1.6156125,0.23
2024-06-26,134.76807667115094,145.04977577657962,133.49282740539496,139.5602264404297,1125632,0,119.61251068115234,109.85305908203125,123.43838536840408,113.68210078107083,103.91353260826212,75.95035117824803,8.872954909837503,7.080405494192403,1.7925494156450998,147.69174546443213,119.61251068115234,91.53327589787256,6.649235337333198,58.44020791213084,59.01020553231424,59111052.0,97.86676254882016,-12.426688850566412,89.59975115840328,-0.12446884565027945,4481359872,10.320957,8.35,1.6156125,0.23
2024-06-27,142.36974838151022,145.6575064235246,129.01947657717258,133.41311645507812,757796,0,121.19461860656739,110.3593734741211,124.38835975761114,114.45586610162013,104.20706080574287,65.3292868778588,8.54857783256459,7.37403996186684,1.1745378706977494,148.632882167053,121.19461860656739,93.75635504608178,7.362720659405971,47.85626708464491,55.44279540258228,58353256.0,74.98868139510824,-28.78218917290644,89.77840576485966,-0.13982141875412327,4481359872,10.320957,8.35,1.6156125,0.23
2024-06-28,134.89756295604514,138.63364777058297,134.46916586101878,135.23631286621094,390652,0,122.70848007202149,110.95894027709961,125.42149814890637,115.27078558258448,104.51580958246394,66.81170380753863,8.342456726956058,7.567723314884684,0.7747334120713747,149.73451413061542,122.70848007202149,95.68244601342754,7.209707134841605,43.77417788209027,50.02355095962192,58743908.0,70.25894149475215,-26.38085245942278,89.87013246999526,-0.13445442572728777,4481359872,10.320957,8.35,1.6156125,0.23
2024-07-01,135.39572781246665,138.3347938004379,134.20018353375428,134.459228515625,238196,0,124.18597755432128,111.55193206787109,126.28223437430815,116.02327354074293,104.81375404946057,65.525710468312,8.02390546551284,7.658959745010315,0.36494572050252483,150.37620906921617,124.18597755432128,97.9957460394264,6.990057358544606,32.15570644204087,41.262050469591934,58505712.0,64.16760604697222,-45.414083379559735,89.92534337079391,-0.14443383555768355,4481359872,10.320957,8.35,1.6156125,0.23
2024-07-02,135.24628040012973,135.39571772301912,129.3183617582006,130.24490356445312,297651,0,125.44528694152832,112.02975234985351,126.65963144003624,116.58098452206491,105.06680031329134,58.90392719343329,7.346702282060562,7.596508252420365,-0.24980597035980256,150.21939590358699,125.44528694152832,100.67117797946965,6.924864401849885,25.808374616733342,33.912752980288076,58208061.0,37.19990384067944,-67.43680525024257,89.98811357789191,-0.153315527543783,4481359872,10.320957,8.35,1.6156125,0.23
2024-07-03,131.57993280571503,136.29237685421913,129.51760669438684,131.7293701171875,266293,0,127.06276245117188,112.57711349487305,127.14246369500302,117.17503885912853,105.33209951532015,60.421163840715664,6.850825868667229,7.447371775669738,-0.5965459070025085,148.86432684276002,127.06276245117188,105.26119805958373,6.914143384562914,18.782417053630095,25.582166037468017,58474354.0,38.90039602184115,-69.27655106596552,90.04526700963574,-0.15604119104383415,4481359872,10.320957,8.35,1.6156125,0.23
2024-07-04,133.3433672637623,134.39943157653636,130.51390906686396,130.87257385253906,207543,0,128.55022277832032,113.04955398559571,127.49771228143501,117.71219709416424,105.5862335883273,59.06572364007987,6.3158981975333575,7.221077060042462,-0.9051788625091044,146.84750524161456,128.55022277832032,110.25294031502608,6.6978133220707345,13.445699187937478,19.34549695276689,58266811.0,28.46675877369333,-77.17109952872859,90.08909315138158,-0.16601684446113277,4481359872,10.320957,8.35,1.6156125,0.23
2024-07-05,131.6098377288406,132.6957895420631,129.52758129900468,129.95599365234375,142440,0,129.81003112792968,113.51761093139649,127.73183431675966,118.19234597879873,105.82871876309363,57.577655418125914,5.751701764606224,6.927202000955214,-1.1755002363489897,144.49474175118755,129.81003112792968,115.1253205046718,6.445698673569855,13.347922584285582,15.192012941950969,58124371.0,5.323793612805593,-81.95526080344041,90.11825595080974,-0.17336654394464773,4481359872,10.320957,8.35,1.6156125,0.23
2024-07-08,131.21130556678904,131.21130556678904,124.7752772184586,126.0804214477539,222828,0,130.8063201904297,113.89520462036133,127.57455690066388,118.50168227169893,106.03022824254299,51.6521455730918,4.934958608361498,6.52875332243647,-1.5937947140749724,140.93236839128198,130.8063201904297,120.68027198957739,6.445007936052754,11.69621717481082,12.829946315677878,57901543.0,-67.33179919634817,-93.74997651601927,90.16001337595874,-0.18296827225733506,4481359872,10.320957,8.35,1.6156125,0.23
2024-07-09,125.13394370244087,128.01322698280728,124.68561652511842,126.2099380493164,148571,0,131.23821144104005,114.3112550354004,127.44459320053555,118.80396681199765,106.2310213749487,51.83055495218996,4.249153088256094,6.072833275600395,-1.8236801873443014,139.66360341522116,131.23821144104005,122.81281946685894,6.222336687598189,10.512388733747045,11.852176164281067,58050114.0,-109.57645777388326,-92.73159676318045,90.18701669031411,-0.25139815836883217,4481359872,10.320957,8.35,1.6156125,0.23
2024-07-10,126.2099447743662,127.22615664428511,121.02924280023063,124.68562316894531,180077,0,131.34282188415528,114.72670776367187,127.18183414990791,119.03462000246618,106.41464925349592,49.51471423588079,3.541819905827623,5.566630601645841,-2.0248106958182177,139.37925365784017,131.34282188415528,123.3063901104704,6.220520770202209,17.270846571664876,13.159817493407497,57870037.0,-147.1058523619111,-85.15372246845534,90.21789252891334,-0.12062570710420406,4481359872,10.320957,8.35,1.6156125,0.23
2024-07-11,125.48264483532057,129.96594706192553,124.78524530717148,126.05052947998047,217868,0,131.20732650756835,115.16647003173829,127.07409084801006,119.30975370746674,106.61003114629676,51.60007110089355,3.0561602816619313,5.064536537649059,-2.0083762559871277,139.5006207334586,131.20732650756835,122.91403228167812,6.1533638504006385,27.84011738905831,18.541117564823328,58087905.0,-93.66610753234805,-79.61169022488217,90.25803837539324,-0.17707180683019624,4481359872,10.320957,8.35,1.6156125,0.23
2024-07-12,126.67819616646868,127.16637583428499,120.84990481464023,121.52738189697266,221961,0,130.92537689208984,115.50879501342773,126.54583285267316,119.3967195188199,106.75846249704976,44.97076007911939,2.2800087999057013,4.507630990100387,-2.227622190194686,140.08698991641634,130.92537689208984,121.76376386776334,6.165014362489505,25.641924389110233,23.584296116611057,57865944.0,-151.91296565655324,-97.26907464488706,90.29467256618943,-0.18509355001756383,4481359872,10.320957,8.35,1.6156125,0.23
2024-07-15,122.52367212782183,126.3294972811892,119.19606162349021,125.46272277832031,280285,0,130.74554672241212,115.93779724121094,126.44267951225861,119.63460199958463,106.94457453964947,50.883293574562025,1.9598602300913228,3.9980768380985743,-2.0382166080072515,140.183633741668,130.74554672241212,121.30745970315624,6.234187312147326,35.921800114689404,29.801280630952565,58146229.0,-127.59045966808041,-76.31776646291831,90.34149236030636,-0.15895848497831994,4481359872,10.320957,8.35,1.6156125,0.23
2024-07-16,126.18004194473566,137.83663136892244,125.79148972403786,136.23260498046875,965668,0,130.9991027832031,116.58518585205078,127.37505336637386,120.28550407726637,107.23599772811534,62.69598700253819,2.5458328911763317,3.7076280487141258,-1.161795157537794,140.73600602910494,130.9991027832031,121.26219953730129,6.672738832036955,52.040109682394665,37.86794472873135,59111897.0,29.595819451774588,-35.61748617386004,90.5481010403747,-0.06332236709342971,4481359872,10.320957,8.35,1.6156125,0.23
2024-07-18,138.28497057360016,139.2314424550431,129.81651074628093,134.22010803222656,452286,0,131.24468841552735,117.22022079467773,128.02696333455032,120.83195913432363,107.50449633810649,59.8016962347883,2.815374873178854,3.5291774136070715,-0.7138025404282176,141.0461838254587,131.24468841552735,121.443193005596,6.868609751803041,74.85647830881607,54.27279603529996,58659611.0,43.936678250684054,-25.01242409589934,90.64674093326698,-0.06510878092651341,4481359872,10.320957,8.35,1.6156125,0.23
2024-07-19,133.50277192932168,133.5426168140776,125.88115693702039,126.75789642333984,311728,0,131.1106876373291,117.76479248046876,127.90609981919694,121.06434883193211,107.69607245835758,50.493692303640756,2.3991943048288533,3.3031807918514278,-0.9039864870225744,141.0791809889139,131.1106876373291,121.14219428574434,6.973634133474694,68.04165108441113,64.9794130252072,58347883.0,-46.32501457664885,-62.25759388640711,90.7056567951701,-0.07476544863944144,4481359872,10.320957,8.35,1.6156125,0.23
2024-07-22,125.48263184661283,130.51389575389504,122.75280134617076,128.22242736816406,195441,0,130.5941104888916,118.27987380981445,127.93622625243191,121.34505779413728,107.90031479576858,52.07043988733366,2.162614341693569,3.075067501819856,-0.9124531601262871,140.02233247963483,130.5941104888916,121.16588849814836,7.0298812959210935,52.59403721686025,65.16405553669573,58543324.0,-63.277150378044134,-54.94787036711273,90.74098601994596,-0.20366659148734767,4481359872,10.320957,8.35,1.6156125,0.23
2024-07-23,128.22244417879145,138.9823728599996,122.14508029079342,136.0931396484375,932191,0,130.58912925720216,119.00616897583008,128.71307514728957,121.9234139452863,108.18084041619315,59.53031604447819,2.5804775799234108,2.976149517440567,-0.39567193751715646,140.00561215348762,130.58912925720216,121.1726463609167,7.730410672584314,54.80907973549436,58.48158934558848,59475515.0,25.561078974950068,-15.663804112289256,90.93268316556185,-0.07625613034340828,4481359872,10.320957,8.35,1.6156125,0.23
2024-07-24,135.81417044359208,142.2601485024777,133.11421963692095,134.64849853515625,586306,0,130.58315086364746,119.68364547729492,129.27835356518165,122.42243687037924,108.44420019847139,57.753521302232734,2.763214129842609,2.9335624399209754,-0.17034831007836626,139.98915957186708,130.58315086364746,121.17714215542784,7.831519114939488,62.94809846877373,56.78373847370935,58889209.0,96.06024754399681,-33.0021734970832,91.06466405132822,-0.09498660679072295,4481359872,10.320957,8.35,1.6156125,0.23
2024-07-25,131.63972174994942,144.76085117051468,131.63972174994942,142.98745727539062,954500,0,130.7545124053955,120.55181228637696,130.58398248996346,123.22890825881106,108.78791419923675,64.36517682826477,3.5401102535889777,3.0548720026545757,0.485238250934402,140.90396199816536,130.7545124053955,120.60506281262565,8.209348422484187,78.65025402362595,65.46914407596459,59843709.0,147.11782635573488,-6.93686091904663,91.29250112038493,-0.016701923709596007,4481359872,10.320957,8.35,1.6156125,0.23
2024-07-26,143.96381208383002,149.34376853066257,141.13435395852306,142.51919555664062,1200533,0,131.20981636047364,121.39068801879883,131.72066944869462,123.9853901136279,109.12354883960893,63.76172683586756,4.071092204845087,3.258116043092678,0.8129761617524087,142.54339651421904,131.20981636047364,119.87623620672824,8.209353147459566,76.40883557250254,72.66906268830066,58643176.0,197.23572165968167,-22.637121274382334,91.6025789879891,-0.06787660855906286,4481359872,10.320957,8.35,1.6156125,0.23
2024-07-29,143.2664186499099,144.2527354257603,138.09567423555174,139.7594757080078,265122,0,131.43597450256348,122.17138046264648,132.4862700448197,124.60398170556437,109.42838393282683,60.18069218244293,4.220560900042614,3.450605014482665,0.7699558855599484,143.25216040369367,131.43597450256348,119.61978860143331,8.062760864798781,77.27632477487732,77.44513812366851,58378054.0,132.33532365607795,-31.791117155827816,91.66588734228714,-0.05383496044900017,4481359872,10.320957,8.35,1.6156125,0.23
2024-07-30,138.38458463196994,140.1181335737237,136.04331378080795,137.48793029785156,188262,0,131.5874095916748,122.92258239746094,132.96261864034653,125.1092345915364,109.70758339914549,57.32673927501393,4.108362541338266,3.5821565198537852,0.526206021484481,143.63015594495127,131.5874095916748,119.54466323839831,7.77790793109285,57.56785061884551,70.41767032207503,58189792.0,87.79594935573904,-39.32583751499328,91.7081641843199,-0.035518255470234676,4481359872,10.320957,8.35,1.6156125,0.23
2024-07-31,138.7133615995717,142.79815400529984,134.87765673289428,140.04840087890625,281200,0,132.07758445739745,123.67418319702148,133.63745504401888,125.69508424986464,110.00948208053615,59.64958658716426,4.177892961453608,3.70130380817375,0.4765891532798583,144.6483387847759,132.07758445739745,119.50683013001901,7.788092884043757,48.43030215010652,61.09149251460968,58470992.0,94.60345337171765,-30.832751825462672,91.77302100135417,3.173363971047912e-05,4481359872,10.320957,8.35,1.6156125,0.23
2024-08-01,140.52662433314885,146.4645007040498,137.48793859195075,143.1767578125,546870,0,132.6499538421631,124.53318405151367,134.54596006958852,126.38064007585034,110.33950472463529,62.34640945029442,4.434312584890989,3.8479055635171977,0.5864070213737915,146.11574445010024,132.6499538421631,119.18416323422592,7.872983543190564,45.966078360409846,50.65474370978719,59017862.0,117.61900795950896,-20.455986046140694,91.9069441382489,0.02810721458129328,4481359872,10.320957,8.35,1.6156125,0.23
2024-08-02,142.17050163371522,152.28284868383759,139.5104106234979,149.32386779785156,963436,0,133.5725185394287,125.4892236328125,135.9533798532326,127.28037449632097,110.72740883481654,67.01193566586761,5.075045421630506,4.093333535139859,0.9817118864906469,148.83341889324447,133.5725185394287,118.31161818561294,8.222944580129788,62.62149891343066,52.33929314131557,59981298.0,146.19736733337436,-8.943089217424173,92.16280226875985,0.09994248346987125,4481359872,10.320957,8.35,1.6156125,0.23
2024-08-05,144.45200242102337,144.45200242102337,134.5588409901621,136.06324768066406,627666,0,133.87788124084472,126.14019927978515,135.96384345584514,127.62480089570698,110.9795067337802,52.03381190977836,4.461381561617941,4.1669431404354755,0.2944384211824653,149.08140024042643,133.87788124084472,118.67436224126298,8.690236167812621,49.6188846932474,52.73548732236253,59353632.0,48.63074206095878,-53.81818849904303,92.30204946875821,0.06080071712562976,4481359872,10.320957,8.35,1.6156125,0.23
2024-08-06,138.53404307051244,148.3375270444007,136.79053663360025,137.79678344726562,944121,0,134.4636993408203,126.81787521362304,136.13840916931375,128.0237021722387,111.24634530804373,53.49712974888874,4.068036586446766,4.147161829637733,-0.07912524319096725,149.31919467558873,134.4636993408203,119.6082040060519,8.946239253235765,36.5853589013057,49.60858083599448,60297753.0,69.11983564778878,-48.066150909552285,92.52173980634252,-0.005232072053044461,4481359872,10.320957,8.35,1.6156125,0.23
2024-08-07,144.46196683255573,145.24902879048167,139.58015472390989,143.66493225097656,357359,0,135.33644905090333,127.6168994140625,136.85522089137686,128.63708374395392,111.56891831245102,58.15126298123926,4.1816153670338,4.1540525371169466,0.027562829916853104,150.2007215099737,135.33644905090333,120.47217659183296,8.83952540252007,26.044599407693966,37.41628100074892,60655112.0,80.79711949743627,-28.595071541030382,92.60754441410691,0.010807426049199176,4481359872,10.320957,8.35,1.6156125,0.23
2024-08-08,143.4158591205127,146.04606258401253,139.82922632601478,140.8255157470703,271867,0,136.14344367980956,128.36013137817383,137.23334421096672,129.11506146956634,111.86002873468604,55.268875591449465,3.9964416949082135,4.1225303686752,-0.1260886737669864,150.34483750783235,136.14344367980956,121.94204985178678,8.652190463625619,35.000941089764716,32.54363313292136,60383245.0,69.05277021251749,-38.01652726023217,92.67185135845749,-0.009457716471075633,4481359872,10.320957,8.35,1.6156125,0.23
2024-08-09,142.27011816637588,152.43226620636662,141.28378626520106,150.2404327392578,1249652,0,137.35293884277343,129.32952087402344,138.47211454699445,129.94350740171112,112.24192330189571,61.99554103515943,4.556866621310149,4.20939761920219,0.3474690021079594,152.0226255865687,137.35293884277343,122.68325209897814,8.863230463316382,58.15701876931291,39.734186422257096,61632897.0,124.84419912578676,-7.236834327291531,92.99936834166672,0.06509737857354064,4481359872,10.320957,8.35,1.6156125,0.23
2024-08-12,150.13085511307284,154.22560523683939,145.06970303585544,147.0323944091797,697253,0,138.6281894683838,130.17098709106446,139.287379295774,130.61365983337654,112.58809714375923,58.753408132244914,4.68810398607684,4.30513889257712,0.3829650934997195,151.94522269699888,138.6281894683838,125.31115623976872,8.884135587435493,60.61225278480767,51.25673754796167,60935644.0,128.97076377493363,-31.84825969652688,93.18303145874984,0.0443249318258474,4481359872,10.320957,8.35,1.6156125,0.23
2024-08-13,147.73974564986653,148.44711779947636,132.5064877002037,134.3795166015625,513358,0,139.0740291595459,130.7603918457031,138.8199638010872,130.76134049095248,112.80492718811549,48.07464619930673,3.7281532189920767,4.189741757860111,-0.4615885388680345,151.13606147104366,139.0740291595459,127.0119968480481,9.388170909709576,51.701215097842976,56.82349555065442,60422286.0,-10.872184105611506,-87.86943688431137,93.29249668872069,-0.00487373060946509,4481359872,10.320957,8.35,1.6156125,0.23
2024-08-14,131.5101989632646,133.49282031435547,127.6545639038086,127.6545639038086,49341,0,138.6451271057129,131.21230880737303,137.75659238229875,130.63950611498606,112.95268476737611,43.54456108971424,2.3971055000137653,3.8312145062908423,-1.434109006277077,151.65369715275375,138.6451271057129,125.63655705867205,9.197941037427029,22.4555770264147,44.923014969688346,60372945.0,-132.44023347755052,-100.0,93.30093468998159,-0.07065303513944965,4481359872,10.320957,8.35,1.6156125,0.23
2024-08-16,121.26835143702573,134.03081668730348,121.26835143702573,132.33712768554688,190943,0,138.5509780883789,131.87145416259764,137.24045288737,130.70607950991,113.14556479641264,47.27039854761988,1.7004822554826546,3.405068056129205,-1.7045858006465502,151.71264405799474,138.5509780883789,125.38931211876307,9.45254990977351,14.069707510349716,29.40883321153569,60563888.0,-126.57632907272358,-66.41474949413494,93.33320256002494,-0.057322762548928256,4481359872,10.320957,8.35,1.6156125,0.23
2024-08-19,132.3371286723558,135.49536438561293,129.51762772154177,132.5463409423828,60235,0,138.84040031433105,132.4999136352539,136.79339460689502,130.77824662490895,113.33860734512876,47.4373099023816,1.1520054746377184,2.9544555398309074,-1.802450065193189,151.1809906006833,138.84040031433105,126.49981002797881,9.204348963651913,22.601767620582265,19.70901738578212,60624123.0,-88.83815756836471,-65.77994764411818,93.34430709082535,-0.03684817294648771,4481359872,10.320957,8.35,1.6156125,0.23
2024-08-20,132.54633511950007,134.49906903293294,125.91105166643953,126.03060913085938,119939,0,138.7308094024658,132.92532928466798,135.76836741870116,130.5920647623972,113.46489592011116,42.884396597943905,0.1893854536873789,2.4014415226022017,-2.2120560689148228,151.47882917337483,138.7308094024658,125.98278963155677,9.16032527814059,28.44242723738891,21.704634122773523,60504184.0,-144.08548330117625,-85.55019868232901,93.3643094708884,-0.05497650923767925,4481359872,10.320957,8.35,1.6156125,0.23
2024-08-21,126.00072424661298,128.42170024176684,121.59712683157125,124.10777282714844,113859,0,138.13154106140138,133.28439193725586,134.65783460045805,130.33777880415215,113.570795192818,41.61504057987191,-0.7203509112128756,1.777083035839186,-2.4974339470520617,152.3600581061046,138.13154106140138,123.90302401669817,8.993485859001662,23.89999668604189,24.98139718133758,60390325.0,-180.4549911336459,-91.38453280309793,93.38108074565648,-0.12248334356894915,4481359872,10.320957,8.35,1.6156125,0.23
2024-08-22,122.5934033581358,129.91612070847313,122.54358585190863,129.12905883789062,100157,0,137.85556907653807,133.51553085327149,134.13128452783258,130.2903780211615,113.7256037863013,46.10163739784969,-1.0243397670588763,1.2167984752595735,-2.24113824231845,152.55008081850187,137.85556907653807,123.1610573345743,8.877703644541866,30.910641698674727,27.751021874035064,60490482.0,-127.84936968634203,-76.14877911669527,93.39698909603462,-0.08031802422109394,4481359872,10.320957,8.35,1.6156125,0.23
2024-08-23,129.1191052435653,131.11168393434764,126.62837427900283,129.89620971679688,51573,0,137.2010066986084,133.6615867614746,133.7279440696387,130.27492044059818,113.88650533784853,46.774591700062466,-1.189637065292601,0.7355113671491386,-1.9251484324417394,152.08784292040767,137.2010066986084,122.31417047680917,8.56381835959922,44.97438327651742,33.261673887077905,60542055.0,-90.29712856389673,-73.82106430293676,93.40566301941217,-0.16509248627635592,4481359872,10.320957,8.35,1.6156125,0.23
2024-08-26,129.89621785055928,129.89621785055928,124.53617597202877,127.11656188964844,55143,0,136.43087501525878,133.6287092590332,133.09828862392536,130.15106324252173,114.01814769159779,44.601618868511196,-1.5273246661850806,0.28294416048229476,-1.8102688266673752,151.7255819536393,136.43087501525878,121.13616807687825,8.334977182380026,52.581689464709115,42.82223814663365,60486912.0,-97.26954378527942,-82.25516455908175,93.41440742264017,-0.08606475769748163,4481359872,10.320957,8.35,1.6156125,0.23
2024-08-27,125.93097758968607,129.5176177929667,124.53617095477566,125.1937255859375,42565,0,135.70258750915528,133.5892562866211,132.34547309649795,129.9566578442243,114.12934747164097,43.109662459027966,-1.9278779655714118,-0.15922026472844653,-1.7686577008429651,151.66646042614434,135.70258750915528,119.7387145921662,8.095439300652242,46.76469725407753,48.106923331767916,60444347.0,-92.29665166546489,-88.08949867985066,93.4210008799296,-0.07645454530500329,4481359872,10.320957,8.35,1.6156125,0.23
2024-08-28,126.96712284467685,128.62096688777123,123.73913973429416,126.98704528808594,46085,0,135.177543258667,133.54781066894532,131.83514663855397,129.84020244986596,114.25728476334689,44.958900023583595,-2.0766748140295306,-0.5427111745886634,-1.5339636394408673,151.55732341948482,135.177543258667,118.79776309784916,7.865895575854016,44.14713301135543,47.83117324338059,60490432.0,-81.92877562860531,-82.64814815640815,93.42814380968464,-0.06833360057075517,4481359872,10.320957,8.35,1.6156125,0.23
2024-08-29,127.51507821777639,129.31836720108092,124.53617503914384,125.8114242553711,65159,0,134.46569442749023,133.44080947875977,131.26145879253656,129.68221114812107,114.37225132545659,43.950319576243345,-2.26336946641095,-0.8868428329531207,-1.376526633457829,151.17108485478605,134.46569442749023,117.76030400019441,7.64563104628852,39.25655150233834,43.389460589257,60425273.0,-73.2687559800237,-86.21525675063663,93.43827032294293,-0.08688889056628775,4481359872,10.320957,8.35,1.6156125,0.23
2024-08-30,126.42912227350517,127.40548159718321,123.64947402566442,125.1937255859375,27686,0,133.5665428161621,133.35851608276369,130.68357943952714,129.5061921064668,114.4799276862574,43.39941955341171,-2.4331219287567762,-1.196098652113852,-1.2370232766429243,150.2354819254151,133.5665428161621,116.89760370690911,7.367800798090683,34.89651600146094,39.433400171718134,60397587.0,-76.6015209299496,-88.08949867985066,93.44242326239663,-0.11687178622614,4481359872,10.320957,8.35,1.6156125,0.23
2024-09-02,126.52874977319449,126.52874977319449,119.71413414259189,121.90596771240234,61236,0,132.19564781188964,133.20787719726562,129.8476164178962,129.2081440910133,114.55381863179117,40.490249864853226,-2.8006622703210553,-1.5170113757552925,-1.2836508945657628,147.9395756195049,132.19564781188964,116.45172000427439,7.328287571841535,25.062246075632487,33.071771193143825,60336351.0,-95.65114442190762,-92.37171608773986,93.4508295986634,-0.23100867609820389,4481359872,10.320957,8.35,1.6156125,0.23
2024-09-03,121.54729845086581,124.38672152560768,120.55100911930134,123.19117736816406,40291,0,131.55204429626465,132.9006213378906,129.21366984173125,128.9721846116859,114.63976249981478,42.12347632356862,-2.954181001054849,-1.8044453008152037,-1.149735700239645,147.6591480928966,131.55204429626465,115.44494049963272,7.07881791716045,27.760614006226756,29.239792027773294,60376642.0,-88.73496420461674,-77.96722326442305,93.45635676515418,-0.1684799015300505,4481359872,10.320957,8.35,1.6156125,0.23
2024-09-04,123.19118086609907,123.52991559992866,120.55101254227044,121.91593170166016,30009,0,130.75800170898438,132.6150846862793,128.5186471617245,128.69546881129273,114.71216219336547,40.92333105533957,-3.1425223275781633,-2.072060706167796,-1.0704616214103675,147.1191862005849,130.75800170898438,114.39681721738387,6.785966855767433,27.162073414433788,26.661644498764247,60346633.0,-90.73053231244278,-86.04799800039689,93.46037210026526,-0.01811846842100717,4481359872,10.320957,8.35,1.6156125,0.23
2024-09-05,121.5971200997665,122.54359195655809,120.56097824751585,121.39785766601562,33774,0,129.64464797973633,132.3476805114746,127.84047673356174,128.40928798206616,114.77868652642667,40.41950198218384,-3.295598818978874,-2.3167683287300114,-0.9788304902488627,145.35880783511283,129.64464797973633,113.93048812435984,6.44287020242992,27.00655255336747,27.309746658009242,60312859.0,-94.16570091151729,-89.33084748466723,93.46481099982728,-0.06229612102613432,4481359872,10.320957,8.35,1.6156125,0.23
2024-09-06,121.54730632334103,124.53617451161992,120.66060936890509,123.04174041748047,39170,0,128.75545921325684,132.01731079101563,127.38345422726829,128.19879592070987,114.86090596812869,42.824878349274655,-3.246837915327191,-2.5027822460494473,-0.7440556692777438,143.8382146034241,128.75545921325684,113.67270382308959,6.259491269593128,31.215617773754207,28.46141458051839,60352029.0,-79.22233785414038,-77.49326392324869,93.47018593441311,-0.012345110658638784,4481359872,10.320957,8.35,1.6156125,0.23
2024-09-09,121.7565305132547,123.52992448517685,118.55844235022343,120.81005859375,36521,0,127.28394050598145,131.76524963378907,126.7574165478856,127.90904151573105,114.92010151664233,40.438080882447345,-3.3496598267201563,-2.672157762183589,-0.6775020645365673,139.07941004536275,127.28394050598145,115.48847096660016,6.1674906171188635,36.12943366917424,31.45053466543187,60315508.0,-103.78543245025872,-82.06346760366553,93.47489099773246,-0.33947157923592974,4481359872,10.320957,8.35,1.6156125,0.23
2024-09-10,120.80008214050478,124.53616715515957,120.80008214050478,123.76902770996094,19292,0,126.1207721710205,131.53590393066406,126.47280808713087,127.74668803315183,115.00815053349127,44.82869740581776,-3.1560024223676777,-2.768926694220407,-0.38707572814727076,133.74913342570918,126.1207721710205,118.49241091633183,5.99381878837143,57.88791792411649,41.74432312234821,60334800.0,-70.50885288981522,-58.49211277565778,93.47756276961753,-0.2336300744507424,4481359872,10.320957,8.35,1.6156125,0.23
2024-09-11,123.5398831040933,125.28338951886882,120.65064238224836,121.30819702148438,28428,0,125.4672061920166,131.27288330078125,125.98094036659312,127.49419818955703,115.07083756322255,42.05235436655917,-3.164616278182322,-2.84806461101279,-0.3165516671695321,132.35735172578939,125.4672061920166,118.57706065824382,5.896599384674931,55.240729316354184,49.7526936365482,60306372.0,-76.54677715091891,-78.09526206570823,93.48141621675934,-0.019774232010171096,4481359872,10.320957,8.35,1.6156125,0.23
2024-09-12,120.94953121654191,123.52991704012572,118.65806262172957,120.44142150878906,29659,0,125.10654907226562,131.07681365966798,125.45336714204035,127.21761871187985,115.1242762094471,41.08712105773327,-3.204445507788492,-2.9193407903679303,-0.28510471742056165,132.25137984906038,125.10654907226562,117.96171829547085,5.8234033156550185,52.01845594513165,55.04903439520067,60276713.0,-102.61033613476869,-83.39198762129436,93.48522183461468,0.014635043378969762,4481359872,10.320957,8.35,1.6156125,0.23
2024-09-13,121.54730725952093,125.28339252364556,119.67428591683037,124.34687805175781,44122,0,124.70703659057617,130.92916381835937,125.34798722868011,127.10504064677703,115.21604339195765,46.99104907509246,-2.8875864562426727,-2.9129899235428787,0.02540346730020593,131.037070755748,124.70703659057617,118.37700242540433,5.808096407880745,51.65426921426968,52.9711514919184,60320835.0,-43.698533145307806,-47.1818319564611,93.49134100811439,-0.08941883592514197,4481359872,10.320957,8.35,1.6156125,0.23
2024-09-16,126.2298664747184,128.4017853154667,123.53988808112787,124.98450469970703,54220,0,124.32894477844238,130.81140243530274,125.31336984496839,127.02188237434291,115.31324201193526,47.90890315426562,-2.555563290594108,-2.8415045969531247,0.2859413063590166,129.54641332409741,124.32894477844238,119.11147623278734,5.740510752627751,59.667443047233824,54.446722735544945,60375055.0,33.94865178110603,-40.27781384577708,93.49950207167333,-0.11188521463222868,4481359872,10.320957,8.35,1.6156125,0.23
2024-09-17,125.69187175367985,125.69187175367985,122.54359366625378,122.84248352050781,10813,0,124.1695384979248,130.66913223266602,125.07804733787691,126.85798438007487,115.38815983789121,45.08470202933197,-2.4371814367532068,-2.7606399649131412,0.3234585281599345,129.36406616427016,124.1695384979248,118.97501083157945,5.5553512765419155,64.64906849694091,58.65692691948137,60364242.0,-17.172790653702588,-60.18521291119449,93.50103044403026,-0.009030839467204116,4481359872,10.320957,8.35,1.6156125,0.23
2024-09-18,122.84248354146162,124.08784526592459,121.54730430758623,121.7465591430664,15865,0,124.05147781372071,130.58245498657226,124.76076274789496,126.65753633156473,115.45142749266907,43.66640136574211,-2.4040821404999377,-2.6893284000305004,0.2852462595305627,129.35249348687253,124.05147781372071,118.75046214056889,5.340007682384518,46.52348979113717,56.94666711177053,60348377.0,-52.11930433547,-67.6114425343079,93.5031811153818,0.00999368281447696,4481359872,10.320957,8.35,1.6156125,0.23
2024-09-19,123.52991278080518,123.53987780247998,119.0565757854545,120.70045471191406,28587,0,123.63004760742187,130.47226531982423,124.37406674446821,126.42392528765686,115.50365661922872,42.29853531986315,-2.434202622097132,-2.6383032444438266,0.20410062234669457,128.57776009363718,123.63004760742187,118.68233512120656,5.278814420573157,30.744228897930977,47.30559572866958,60319790.0,-89.42807095882276,-78.23897461203929,93.5068734036642,-0.10271409050754582,4481359872,10.320957,8.35,1.6156125,0.23
2024-09-20,119.50294096594894,122.14747521151705,118.90418036275435,119.45304107666016,34118,0,123.10788917541504,130.3676136779785,123.9053976332484,126.15055727938248,115.54295397701411,40.66279802791713,-2.529569869213802,-2.6165565693978214,0.08698670018401966,127.46974432307836,123.10788917541504,118.74603402775172,5.133420165443839,18.355612805565446,31.874443831544426,60285672.0,-119.0903849148723,-90.91163713795665,93.51113017885439,-0.16730215469015802,4481359872,10.320957,8.35,1.6156125,0.23
2024-09-23,120.75035867969633,122.24726395258514,119.45303773106447,121.0197982788086,22610,0,122.80305099487305,130.2669990539551,123.63057864711128,125.94935104406586,115.59744994021604,43.612298783632895,-2.4504773102966197,-2.583340717577581,0.13286340728096135,126.84188850045093,122.80305099487305,118.76421348929516,4.966334883735042,18.17932977426261,22.426390492586236,60308282.0,-89.21395111057943,-74.99471533932949,93.5140285221292,-0.16821360997084372,4481359872,10.320957,8.35,1.6156125,0.23
2024-09-24,119.75242311804956,122.23728376592597,119.55283879164774,120.71044158935547,18258,0,122.57888679504394,130.25066024780273,123.35247035589644,125.74390361446937,115.64832547901345,43.156149879124776,-2.3852625648871566,-2.5437250870394963,0.1584625221523397,126.55933248205768,122.57888679504394,118.5984411080302,4.803342747345269,23.930879486247374,20.155274022025036,60290024.0,-88.5269961433115,-78.13751642373202,93.5163622899955,-0.13216235705926113,4481359872,10.320957,8.35,1.6156125,0.23
2024-09-25,120.71043890057585,121.54870980283012,115.01222047443947,116.80850982666016,53559,0,122.06996002197266,130.07757598876952,122.7292360197787,125.39349601494744,115.65986960187561,37.78765610541568,-2.6182511236003023,-2.5586302943516577,-0.05962082924864465,126.26293031012864,122.06996002197266,117.87698973381669,4.927138931705653,29.025992408360022,23.712067222956563,60236465.0,-203.97863172667252,-86.58440827952347,93.52244345783056,-0.18750074531265962,4481359872,10.320957,8.35,1.6156125,0.23
2024-09-26,116.06006068666082,117.70665042641664,113.46541874133413,114.09412384033203,41167,0,121.48409500122071,129.6348063659668,121.90684438364092,124.9503833806488,115.64429004205925,34.56629635650497,-2.9874866129704003,-2.644401558075406,-0.3430850548949942,126.59595671536289,121.48409500122071,116.37223328707853,4.8781455569468575,21.022892376000296,24.659921423535792,60195298.0,-267.9475372240427,-95.79077618457278,93.5265955213937,-0.19206169306784057,4481359872,10.320957,8.35,1.6156125,0.23
2024-09-27,114.76274038646405,119.79234313964844,113.76480351353827,119.79234313964844,27290,0,121.21402587890626,129.34625106811524,121.70546331278449,124.74810729276643,115.68556420223427,45.13939133278902,-2.788169441300994,-2.6731551347205236,-0.1150143065804703,126.07813051577558,121.21402587890626,116.34992124203693,4.960245133315666,33.422974622706754,27.823953135688914,60222588.0,-141.94496508280753,-57.64080663853321,93.52969092185606,-0.14402771630170016,4481359872,10.320957,8.35,1.6156125,0.23
2024-09-30,121.66845865422486,124.73212447236745,118.75448488598028,120.75035858154297,46944,0,121.15624542236328,129.2261003112793,121.61450095742815,124.59133283350278,115.73596016620749,46.69878502383506,-2.523812369086343,-2.6432865815936877,0.11947421250734447,126.01354923889815,121.15624542236328,116.29894160582842,5.032916165677916,47.95455071174181,34.13347257014951,60269532.0,4.135212830569743,-51.22682746133718,93.5358102323449,-0.1376273986861078,4481359872,10.320957,8.35,1.6156125,0.23
2024-10-01,121.72833970417534,123.64437661931521,118.75448455604155,122.77616882324219,35279,0,121.13549499511718,129.11717514038085,121.72513599226758,124.52014993113961,115.80601199364067,49.93922272249616,-2.1263305140921744,-2.539895368093385,0.4135648540012107,125.96129221478341,121.13549499511718,116.30969777545096,5.022700158363326,73.11467115691194,51.49739883045339,60304811.0,19.476662292379977,-37.66388876640984,93.54045876648921,-0.12702696225342955,4481359872,10.320957,8.35,1.6156125,0.23
2024-10-03,122.62647911904496,122.62647911904496,116.7586130990834,119.22351837158203,34840,0,121.00087432861328,128.77978271484375,121.48688669505944,124.31243888958834,115.84001703222715,44.795905753729,-2.074083734795096,-2.446733041433727,0.3726493066386314,125.88197487471388,121.00087432861328,116.11977378251268,5.093761270205859,66.13524274089839,62.40148820318393,60269971.0,-65.3852722894463,-61.44912752596725,93.54469155628814,-0.13076548894840553,4481359872,10.320957,8.35,1.6156125,0.23
2024-10-04,118.20561551659272,118.9440942591742,113.87457329052762,114.51325225830078,35401,0,120.65664405822754,128.37707778930664,120.82273103441575,123.9281570609104,115.8268153926856,39.05297842376381,-2.385261090709605,-2.434438651288903,0.049177560579297896,126.29024801096904,120.65664405822754,115.02304010548605,5.1119886852664695,46.85702549913745,62.035646465649144,60234570.0,-178.15855761371216,-92.98468264175216,93.54836929204667,-0.162781298282267,4481359872,10.320957,8.35,1.6156125,0.23
2024-10-07,116.63885623698881,116.63885623698881,108.78509810360049,108.97470092773438,39147,0,119.95329208374024,127.69682266235351,119.6943472147318,123.34174701647211,115.75863514925325,33.598531510992366,-3.043700309426157,-2.556290982916354,-0.4874093265098032,127.43089194121573,119.95329208374024,112.47569222626474,5.307829360132317,19.706841168269452,44.233036469434985,60195423.0,-240.9388997953749,-98.87853928810955,93.55164631413989,-0.23322933404930118,4481359872,10.320957,8.35,1.6156125,0.23
2024-10-08,107.77718302232323,109.22418845262423,104.7434539939823,107.13850402832031,37558,0,119.26971435546875,126.98920883178711,118.49855262554976,122.7063257228191,115.67286270028875,32.00268638563646,-3.671362694306339,-2.779305325194351,-0.892057369111988,128.58327084032967,119.26971435546875,109.95615787060784,5.2487511528830035,6.894970454474602,24.486279040627057,60157865.0,-256.2465546258909,-88.01796229054898,93.55401186071569,-0.22368092622657051,4481359872,10.320957,8.35,1.6156125,0.23
2024-10-09,109.25412878125937,112.48744201660156,108.72521585967974,112.48744201660156,17393,0,118.70563507080078,126.44376815795898,117.92606590088803,122.30558518532038,115.64116697209285,40.8207441909517,-3.6945861740583297,-2.962361494967147,-0.7322246790911828,128.22512413915203,118.70563507080078,109.18614600244953,5.25590735541145,19.05470878602614,15.218840136256622,60175258.0,-140.58225020594958,-61.25811353489836,93.5554480921748,-0.2151365410916839,4481359872,10.320957,8.35,1.6156125,0.23
2024-10-10,112.58723257231699,116.75860881575065,112.48744041229925,113.4055404663086,25387,0,118.310502243042,125.96212036132812,117.49553966902333,121.9565638237905,115.6189219322343,42.206125646622645,-3.5974390391402835,-3.0893770038017743,-0.5080620353385092,128.01924506268924,118.310502243042,108.60175942339475,5.185568858842875,38.991010292616835,21.646896511039085,60200645.0,-76.06115207369797,-56.66501940840394,93.55789777855246,-0.20711641504047562,4481359872,10.320957,8.35,1.6156125,0.23
2024-10-11,115.76067131483067,119.05386587183476,112.26789243895216,118.60478973388672,29174,0,118.21867065429687,125.53324813842774,117.60118253234366,121.8251217026178,115.64863205961393,49.426488866372985,-3.065575227883272,-3.084616648618074,0.01904142073480175,127.87968057134565,118.21867065429687,108.5576607372481,5.299883471274284,67.05443978219444,41.700052953612364,60229819.0,-30.18666023938384,-30.654038471976175,93.56104252236044,-0.15624014910809791,4481359872,10.320957,8.35,1.6156125,0.23
2024-10-14,124.53253936767578,124.53253936767578,124.53253936767578,124.53253936767578,41873,0,118.22795372009277,125.16036376953124,118.26131175475624,121.93129494438479,115.73702914725634,56.15247834353932,-2.14106856476846,-2.895907031848151,0.7548384670796908,127.91282699550386,118.22795372009277,108.54308044468168,5.344731054311054,85.95325030509223,63.99956679330106,60271692.0,103.84422198687356,-0.9984911448086882,93.56709710527026,,4481359872,10.320957,8.35,1.6156125,0.23
2024-10-15,130.74969078022758,130.74969078022758,124.53254083429324,128.30474853515625,139194,0,118.39396591186524,124.73998138427734,119.21782954336577,122.18123430088563,115.8620810814643,59.81505754846078,-1.0914233701670213,-2.5350102995119252,1.443586929344904,128.63431222878512,118.39396591186524,108.15361959494534,5.407046794185392,95.25362276717527,82.7537709514872,60410886.0,154.85235607842336,-9.401368853045525,93.58936914829539,,4481359872,10.320957,8.35,1.6156125,0.23
2024-10-16,124.84189568991012,132.5958614953159,124.84189568991012,130.84947204589844,120201,0,118.79431533813477,124.63570587158203,120.32560501979745,122.52116519284692,116.01120934976713,62.1141105384942,-0.053616018893961837,-2.0387314433883326,1.9851154244943707,130.2526589734995,118.79431533813477,107.33597170277002,5.57468386641542,93.43596965609537,91.54761424278752,60531087.0,165.49506587261567,-6.27015617710545,93.60945706384022,,4481359872,10.320957,8.35,1.6156125,0.23
2024-10-17,128.73385620117188,128.73385620117188,128.2249138794168,128.73385620117188,55600,0,119.14368019104003,124.45444732666016,121.12639084659502,122.76480013434985,116.13780285077613,59.08746288806547,0.5913248415713355,-1.512720186396399,2.1040450279677345,131.34290809616473,119.14368019104003,106.94445228591532,5.363960602134436,87.10314272941821,91.93091171756284,60475487.0,138.2791670753003,-13.86596578395996,93.61851711753137,,4481359872,10.320957,8.35,1.6156125,0.23
2024-10-18,126.15917205810547,128.7338509034514,126.15917205810547,126.15917205810547,38316,0,119.4166160583496,124.10433212280273,121.60570334292935,122.89791275881086,116.23751796726697,55.54052636287141,0.8844937340380454,-1.0332774023095102,1.9177711363475556,131.98172255913678,119.4166160583496,106.85150955756244,5.164726569343863,64.19456143775162,81.57789127442162,60437171.0,105.03125186928766,-23.10999304782621,93.62448175806507,,4481359872,10.320957,8.35,1.6156125,0.23
2024-10-21,123.63439178466797,123.63439178466797,123.63439178466797,123.63439178466797,3812,0,119.62568359375,123.76050964355468,121.79891176595207,122.92679428923662,116.31111870176846,52.229531423241404,0.9026977877016975,-0.6460823643072686,1.5487801520089661,132.32468849562292,119.62568359375,106.92667869187706,4.976158976779122,33.72491711761189,61.674207094927134,60433359.0,53.818115202058976,-32.174847758560325,93.62501494814501,,4481359872,10.320957,8.35,1.6156125,0.23
2024-10-22,121.15951538085938,121.15951538085938,121.15951538085938,121.15951538085938,3248,0,119.63266944885254,123.17889129638672,121.73801687213371,122.85748923400614,116.35936145479424,49.1372836838325,0.7092470307218122,-0.37501648530145243,1.0842635160232645,132.3348876460147,119.63266944885254,106.93045125169037,4.797495935852656,6.724410710955714,34.881296422106296,60430111.0,20.381662891037603,-41.06052991616231,93.62543177061502,,4481359872,10.320957,8.35,1.6156125,0.23
2024-10-23,118.73452758789062,118.73452758789062,118.73452758789062,118.73452758789062,3421,0,119.5338737487793,122.61293395996094,121.45197027363437,122.69580446357024,116.38299494865589,46.24798968354916,0.3561541404212818,-0.2287823601569056,0.5849365005781874,132.23176010714693,119.5338737487793,106.83598739041167,4.628031068503806,-2.960594732333751e-14,13.483109276189083,60426690.0,-10.729571410503153,-49.767094305085024,93.62583211627474,,4481359872,10.320957,8.35,1.6156125,0.23
2024-10-24,116.35943603515625,116.35943603515625,116.35943603515625,116.35943603515625,8557,0,119.5114200592041,122.25253234863281,120.96696701282693,122.44731942716184,116.38276053160614,43.54716754569673,-0.11401031790035177,-0.2058279517055948,0.09181763380524305,132.23007527723922,119.5114200592041,106.79276484116899,4.467106817377418,-2.960594732333751e-14,2.2414702369851107,60418133.0,-41.12762443645552,-58.29451353310205,93.6267387324798,,4481359872,10.320957,8.35,1.6156125,0.23
2024-10-25,114.0242691040039,114.0242691040039,114.0242691040039,114.0242691040039,5261,0,119.5079273223877,121.97992645263672,120.30575768817711,122.11700372821447,116.35929295521208,41.01128704482525,-0.667354645077296,-0.2981332903799351,-0.36922135469736095,132.23256826878927,119.5079273223877,106.78328637598614,4.31482539693277,-2.960594732333751e-14,-1.3717422259813044e-13,60412872.0,-70.64351664839145,-66.67858924016807,93.62723884634863,,4481359872,10.320957,8.35,1.6156125,0.23
2024-10-28,111.76892852783203,111.76892852783203,111.738991640161,111.76892852783203,13822,0,119.10675659179688,121.56856246948242,119.49272633957281,121.71119685761124,116.31361768727795,38.66914959575435,-1.2731945525592465,-0.49314554281579737,-0.7800490097434492,132.2686324988062,119.10675659179688,105.94488068478758,4.169857687426351,0.10592789564231404,0.03530929854731071,60399050.0,-91.02221427119814,-87.24913974003125,93.62840674378079,,4481359872,10.320957,8.35,1.6156125,0.23
2024-10-29,110.62129974365234,110.62129974365234,109.53355221750843,110.62129974365234,14087,0,118.60030364990234,121.13006164550781,118.64782856853277,121.27629893157363,116.2569777077394,37.495700031919895,-1.824894844024584,-0.7594954030575547,-1.0653994409670293,132.24102610680703,118.60030364990234,104.95958119299766,4.031680446204726,4.046624333998033,1.384184076546665,60384963.0,-97.4494222034596,-95.28344055644662,93.62949839875137,,4481359872,10.320957,8.35,1.6156125,0.23
2024-10-30,112.82673645019531,112.82673645019531,110.77098900060733,112.82673645019531,8536,0,118.10283203125,120.86598419189453,118.09343884297682,120.94494354014704,116.22284595393299,41.18917314217293,-2.060409866798551,-1.019678295805754,-1.0407315709927971,131.82356972109642,118.10283203125,104.3820943414036,3.9012344648003148,20.12846965817714,8.09367396260572,60393499.0,-68.31515605923815,-85.72049228454382,93.63023470203592,,4481359872,10.320957,8.35,1.6156125,0.23
2024-10-31,115.08207702636719,115.08207702636719,114.76273753949908,115.08207702636719,5486,0,117.89575996398926,120.68547027587891,117.8066424794902,120.71502720627332,116.21149501933034,44.7825565591734,-2.0415365211086254,-1.2240499408663283,-0.817486580242297,131.6675039339676,117.89575996398926,104.12401599401092,3.783670615612569,53.35587509586813,25.843656362680992,60398985.0,-32.82202151280199,-75.941156880599,93.63078033194022,,4481359872,10.320957,8.35,1.6156125,0.23
2024-11-01,117.13782501220703,117.13782501220703,117.13782501220703,117.13782501220703,3660,0,118.02698860168456,120.44564559936524,117.74294557784418,120.57474476729033,116.22071223318981,47.90696876963872,-1.8394930460297587,-1.3471385618990144,-0.49235448413074434,131.71708244926853,118.02698860168456,104.3368947541006,3.6602475706288025,82.74851199084574,52.07761891496356,60402645.0,-8.91901468457673,-67.02727075984498,93.63118120775948,,4481359872,10.320957,8.35,1.6156125,0.23
2024-11-04,114.81263732910156,114.81263732910156,114.79267432850905,114.81263732910156,4047,0,118.31888542175292,120.14397415161133,117.46386860177346,120.3487797697143,116.20670153762674,44.817974648839865,-1.84571904972249,-1.4468546594637095,-0.3988643902587805,131.4625334288973,118.31888542175292,105.17523741460855,3.5663120787051725,89.807538709349,75.30397526535417,60398598.0,-38.70729733534924,-77.10946875266683,93.63158048551098,,4481359872,10.320957,8.35,1.6156125,0.23
2024-11-05,112.81676483154297,114.76273865899475,112.81676483154297,112.81676483154297,5285,0,118.60279846191406,119.85797821044922,117.02128729032293,120.05340663488406,116.17297082413337,42.296896242902214,-1.9887780376092365,-1.5552393350928149,-0.4335387025164217,130.99180718156273,118.60279846191406,106.21378974226539,3.4541378229089887,67.18478871342457,79.91361313787299,60393313.0,-61.17330260486471,-82.90020503410749,93.63206887207336,,4481359872,10.320957,8.35,1.6156125,0.23
2024-11-06,115.07209777832031,115.07209777832031,112.86665821433792,115.07209777832031,8461,0,118.73203125,119.65554565429687,116.83565019394173,119.85806118952861,116.16201686347851,45.99381717402738,-1.898284553303398,-1.6238483787349316,-0.2744361745684665,130.9153963505888,118.73203125,106.5486661494112,3.3685089031853,51.249446092876155,69.41392450521646,60401774.0,-53.52489909160798,-71.15385728417449,93.63288505818704,,4481359872,10.320957,8.35,1.6156125,0.23
2024-11-07,113.26583099365234,113.61510736385354,113.26583099365234,113.26583099365234,14058,0,118.72504577636718,119.3811213684082,116.4956674129618,119.59954235831778,116.1331990936295,43.585367292714984,-1.949841885421307,-1.6890470800722066,-0.2607948053491005,130.9207728240522,118.72504577636718,106.52931872868218,3.256920180434062,31.572740584438176,50.002325130246184,60387716.0,-64.70398263775662,-73.5315137913044,93.6341784887259,,4481359872,10.320957,8.35,1.6156125,0.23
2024-11-08,115.52117156982422,115.52117156982422,112.56727941559396,115.52117156982422,8272,0,118.57086486816407,119.17531631469727,116.40285828504393,119.43960624896509,116.12710926752199,47.296388657084506,-1.7881021778940323,-1.7088580996365716,-0.0792440782574606,130.84648057145708,118.57086486816407,106.29524916487107,3.2352753214195045,54.195490580362616,45.6725590858922,60395988.0,-48.04802661830753,-48.49786406350542,93.63498397001594,,4481359872,10.320957,8.35,1.6156125,0.23
2024-11-11,115.26170349121094,117.75654555812027,115.26170349121094,115.26170349121094,13696,0,118.10732307434083,118.97667587280273,116.29417687610746,119.27576692513159,116.11849826477263,46.914038742449186,-1.6617041092889053,-1.6994273015670385,0.037723192278133144,130.1453068819627,118.10732307434083,106.06933926671896,3.1823872318116346,54.10517563272447,46.62446893250831,60382292.0,-24.951388717014254,-37.744086435212694,93.63641679493225,,4481359872,10.320957,8.35,1.6156125,0.23
2024-11-12,114.76273345947266,115.06211754874144,114.75275195952273,114.76273345947266,3709,0,117.43022232055664,118.83381118774415,116.14832512214224,119.09878522059594,116.10500806770496,46.141535572808365,-1.583541361668125,-1.6762501135872558,0.09270875191913075,128.58902831233115,117.43022232055664,106.27141632878212,2.991427538945676,64.74354295445144,57.68140305584606,60378583.0,-37.04152022866848,-36.407813732035116,93.63678346337839,,4481359872,10.320957,8.35,1.6156125,0.23
2024-11-13,112.46747589111328,112.46747589111328,112.46747589111328,112.46747589111328,4210,0,116.51112251281738,118.61933715820312,115.79776805252044,118.83873387434173,116.06881371768912,42.66156271531364,-1.6873541561743224,-1.6784709221046692,-0.00888323406965319,126.00061623598788,116.51112251281738,107.02162878964688,2.9417011124752257,31.41020962111811,50.086309402764556,60374373.0,-71.75263406713208,-64.32049070118119,93.63715274204222,,4481359872,10.320957,8.35,1.6156125,0.23
2024-11-14,110.21215057373047,112.4674824224902,110.21215057373047,110.21215057373047,13136,0,115.58503723144531,118.38526153564453,115.26580448311186,118.50043649000403,116.01053846252536,39.50847178944172,-1.9293718506222461,-1.7286511078081845,-0.2007207428140616,123.62719621166889,115.58503723144531,107.54287825122174,2.892674736495548,14.102533855971325,36.75209547718018,60361237.0,-100.15569909784371,-91.74755070187679,93.63821287451016,,4481359872,10.320957,8.35,1.6156125,0.23
2024-11-18,108.00670623779297,108.4757301514549,108.00670623779297,108.00670623779297,5255,0,114.67741394042969,118.11743850708008,114.5744617930815,118.08891765658399,115.93089834088623,36.65542079914862,-2.272932591297291,-1.8375074045060058,-0.4354251867912853,121.7840978065523,114.67741394042969,107.57073007430708,2.843586850741402,-5.4474943074941016e-14,15.17091449236301,60355982.0,-167.9993745203865,-100.0,93.63856838510266,,4481359872,10.320957,8.35,1.6156125,0.23
2024-11-19,107.77717590332031,108.00670472052944,107.76719440335809,107.77717590332031,17363,0,113.88455314636231,117.81214721679687,113.92710123215186,117.68453562704424,115.84976677434328,36.36112417788482,-2.534511858208063,-1.9769082952464172,-0.5576035629616458,120.3240880046613,113.88455314636231,107.44501828806331,2.657581492433793,0.04560934485205407,4.716047733607659,60338619.0,-164.49218958210346,-99.90007859562066,93.6397176153611,,4481359872,10.320957,8.35,1.6156125,0.23
2024-11-21,106.77924346923828,107.77718032409098,106.77924346923828,106.77924346923828,3883,0,113.16553955078125,117.53153091430664,113.24635287377913,117.25687711105185,115.75951281110841,35.04376688184628,-2.7901766990112833,-2.1395619759993902,-0.650614723011893,119.40346845448212,113.16553955078125,106.92761064708037,2.539035446892286,0.04560934485205407,0.030406229901234733,60334736.0,-163.84678050534535,-100.0,93.6399612452938,,4481359872,10.320957,8.35,1.6156125,0.23
2024-11-22,106.77924346923828,106.81916185707087,106.77924346923828,106.77924346923828,10275,0,112.56777534484863,117.19173522949218,112.63043769239428,116.84598951725523,115.67015689725895,35.043766881846274,-2.9586870250079755,-2.303386985801107,-0.6553000392068684,118.84763989759037,112.56777534484863,106.28791079210689,2.360527085530879,0.04560934485205407,0.04560934485193758,60334736.0,-150.21363000911697,-100.0,93.64059060354381,,4481359872,10.320957,8.35,1.6156125,0.23
2024-11-25,111.73898893932108,111.73898893932108,106.49982054121473,107.15845489501953,24014,0,112.1077262878418,116.90874038696289,112.10929647359669,116.46608619873619,115.58546334499786,36.06460591777578,-3.0267430695298714,-2.44805820254686,-0.5786848669830116,118.55496830664852,112.1077262878418,105.66048426903508,2.5661443221434124,4.190451001364068,1.4272232303559422,60358750.0,-94.82679589138326,-94.14897003510654,93.64224835845658,,4481359872,10.320957,8.35,1.6156125,0.23
2024-11-26,104.93306332928675,112.50740051269531,104.93306332928675,112.50740051269531,16445,0,112.03188285827636,116.75005996704101,112.14721114398704,116.31084362281302,115.55483585412918,48.38635633367501,-2.618874017309011,-2.48222136549929,-0.13665265180972108,118.42259810539932,112.03188285827636,105.6411676111534,2.9238723836623515,37.5237843346974,13.919948226971059,60375195.0,-50.28105478901183,-40.93385050764359,93.64349953587231,,4481359872,10.320957,8.35,1.6156125,0.23
2024-11-27,112.50739486786244,114.76273421113918,109.92274216061752,114.52323150634766,18769,0,112.16959800720215,116.55358703613281,112.3734987975452,116.24074118687321,115.54457113425076,52.13056450269438,-2.108666743086104,-2.407510441016653,0.29884369793054866,118.64979199674401,112.16959800720215,105.6894040176603,3.060738074152302,70.04494159530081,37.253058977120645,60393964.0,25.578514303292998,-25.214009689992977,93.64519704132138,,4481359872,10.320957,8.35,1.6156125,0.23
2024-11-28,112.87663634922826,120.24140747235852,111.76892585001526,117.78648376464844,25405,0,112.52785720825196,116.40962661743164,112.88902117536455,116.30135854286439,115.56687872261293,57.50479850638699,-1.4245848894790925,-2.2109253307091405,0.7863404412300481,119.4060801721725,112.52785720825196,105.64963424433142,3.4472911847373697,93.84232153379021,67.1370158212627,60419369.0,103.1036922195284,-16.036507180439415,93.64791164497473,,4481359872,10.320957,8.35,1.6156125,0.23
2024-11-29,120.7204205057859,120.7204205057859,113.86459168810916,116.36941528320312,9069,0,112.70499114990234,116.28016525268555,113.22048728087299,116.30402743464238,115.57486416102675,54.63623853735389,-0.985431237572044,-1.9658265120817213,0.9803952745096773,119.78440449683092,112.70499114990234,105.62557780297377,3.6907581585187534,84.65563462996057,82.84763258635041,60410300.0,100.68010782826182,-27.560060711488948,93.64889683026946,,4481359872,10.320957,8.35,1.6156125,0.23
2024-12-02,117.2575766049126,122.18738694279898,115.7606713716584,121.43893432617188,35863,0,113.02283401489258,116.27401275634766,114.00319652328241,116.50539633234942,115.63321311789387,61.949072294084694,-0.22572892296277303,-1.6178069942579316,1.3920780712951586,121.01284291462505,113.02283401489258,105.03282511516011,3.8861836879917404,84.02188786543137,87.50661467639394,60446163.0,149.76638602339102,-4.337768511777397,93.65326105920009,,4481359872,10.320957,8.35,1.6156125,0.23
2024-12-03,125.74003909360587,127.23694432091071,120.959920820774,124.34292602539062,32054,0,113.38308906555176,116.34686218261719,114.98793266634034,116.81275043795888,115.71987692791872,65.39083597193438,0.603709310050121,-1.173503733396321,1.777213043446442,122.63313630085477,113.38308906555176,104.13304183024874,4.056957960287809,83.79582099893305,84.15778116477487,60478217.0,216.07997069665825,-12.975402337408944,93.65781450083365,,4481359872,10.320957,8.35,1.6156125,0.23
2024-12-04,123.84396445349313,127.73591978208434,122.2472669789479,124.58243560791016,20876,0,113.87157897949218,116.44945007324219,115.90169485125175,117.11744397403541,115.80806159140123,65.66666753652282,1.2657803788503799,-0.6856469109469808,1.9514272897973606,124.32553685289385,113.87157897949218,103.41762110609052,4.159221877634139,86.39916857249479,84.73895914561962,60499093.0,190.91819762881443,-13.82933835812177,93.66084491175592,,4481359872,10.320957,8.35,1.6156125,0.23
2024-12-05,122.79613400148438,130.72972901453866,122.79613400148438,126.30886840820312,32065,0,114.54618415832519,116.55523147583008,116.89285423762807,117.4778919910616,115.9125472313694,67.66703531207305,1.9077933156391964,-0.16695886562974538,2.074752181268942,126.30116496303047,114.54618415832519,102.7912033536199,4.428819958735579,79.1074204759838,83.1008033491371,60531158.0,180.29774228377076,-17.13733340686338,93.66576040896328,,4481359872,10.320957,8.35,1.6156125,0.23
2024-12-06,126.30886444944076,128.48436704650246,123.24519868149943,127.67604064941406,37844,0,115.17638130187989,116.69454345703124,117.91982437208388,117.87781938942835,116.0295969171211,69.19754962104564,2.4981158430131956,0.36605607609884283,2.132059766914353,128.2536244833834,115.17638130187989,102.09913812037637,4.4867019877546825,77.87898838656274,81.12852581168033,60569002.0,147.8233720114271,-11.837531262307323,93.67153474830555,,4481359872,10.320957,8.35,1.6156125,0.23
2024-12-09,132.7255977915857,141.2080608083412,131.87734539898716,136.1485137939453,266574,0,116.32051544189453,117.08134353637695,119.65589003130877,118.59431720921333,116.22978514475119,76.59228373585253,3.60801749458777,1.0144483597966283,2.593569134791142,132.22693380882077,116.32051544189453,100.41409707496827,5.13279614283843,76.13309020414624,77.7064996888975,60835576.0,214.79203630533274,-13.947752904234722,93.72446530867755,,4481359872,10.320957,8.35,1.6156125,0.23
2024-12-10,136.457891997231,137.49573963373746,130.7297289272884,134.3721923828125,60728,0,117.26306648254395,117.48690490722656,121.05744263621389,119.21305741209957,116.41030660980653,72.65412165335655,4.294780698841137,1.6705148276055302,2.624265871235607,134.99736526646717,117.26306648254395,99.52876769862073,5.249454325953475,72.85321150886436,75.62176336652435,60774848.0,156.51804271315646,-18.84457312361166,93.73588113100276,,4481359872,10.320957,8.35,1.6156125,0.23
2024-12-11,134.3721883399882,136.69738298586165,134.01293047137025,136.178466796875,96452,0,118.30890464782715,117.81462738037109,122.49754017532447,119.87836758405155,116.60700472112065,74.11178596453738,4.927989935217383,2.322009849127901,2.605980086089482,137.82524719788688,118.30890464782715,98.79256209776742,5.066239910849041,70.5475317704426,73.1779444944843,60871300.0,140.0602801755667,-13.865180871122982,93.75463969422628,,4481359872,10.320957,8.35,1.6156125,0.23
2024-12-12,136.26827324140694,137.21631015703045,132.0769417220718,133.0249786376953,78840,0,119.22201690673828,118.06011978149414,123.50015336221693,120.39392095870424,116.77036764566368,67.36083062384034,5.116374299335803,2.8808827391694813,2.2354915601663214,139.67562370987736,119.22201690673828,98.76841010359918,5.07146337685687,63.691583104995665,69.0307754614341,60792460.0,110.48255097505664,-22.55846378864915,93.76940308741068,,4481359872,10.320957,8.35,1.6156125,0.23
2024-12-13,134.97095672240857,136.1884408773868,128.24485698320973,133.88320922851562,193794,0,120.2928035736084,118.28226058959962,124.48901582567396,120.92291265555959,116.94064467633882,68.20956519605134,5.27412546594033,3.359531284523651,1.9145941814166787,141.4500491908077,120.2928035736084,99.1355579564091,5.276614842379741,56.87415006917832,63.704421648205425,60986254.0,89.48312696866859,-20.192562615765915,93.80444807391325,0.09753193223224513,4481359872,10.320957,8.35,1.6156125,0.23
2024-12-16,144.70083713397128,160.65785217285156,141.69705282426222,160.65785217285156,2346048,0,122.81508865356446,119.110947265625,127.93366690635754,122.48114557780633,117.37564176585636,83.03287955209011,7.473484643700715,4.182321956359064,3.291162687341651,149.7914648132952,122.81508865356446,95.83871249383373,6.812188278233755,65.97983115699928,62.18185477705765,63332302.0,199.40934820057367,-0.0,94.45580904749737,0.7373567454496772,4481359872,10.320957,8.35,1.6156125,0.23
2024-12-17,175.6269167505455,184.60834865814496,170.6472062443899,176.66476440429688,6280012,0,126.24799156188965,120.35397750854492,132.5747238109232,124.6059933749236,117.96558328464681,86.95042315573389,10.388366061905174,5.423530777468286,4.964835284436888,161.12901016709662,126.24799156188965,91.36697295668269,8.036353150166587,76.46718663077974,66.44038928565234,69612314.0,271.5504202189026,-10.905611202840962,96.77543024965478,0.16608536508695101,4481359872,10.320957,8.35,1.6156125,0.23
2024-12-18,169.16027422193116,176.33544279050537,164.65958439691317,169.54946899414062,663937,0,129.33660621643065,121.56547286987305,136.09612811408675,126.3684826148929,118.47885577926864,78.29640910307091,11.986117213683627,6.736048064711354,5.2500691489722735,167.8761531824291,129.33660621643065,90.79705925043221,8.319840782824953,86.39635738531221,76.28112505769697,68948377.0,190.81842611559185,-21.28651390451693,96.99206806648724,0.1466480220285744,4481359872,10.320957,8.35,1.6156125,0.23
2024-12-19,164.26041382058324,176.03605662786185,158.5322507423474,172.49339294433594,538884,0,132.62231369018554,122.87257064819336,139.5625342883962,128.17730262781222,119.0163138605131,79.21802721776375,13.336165556959429,8.05607156316097,5.2800939937984595,174.00888048722666,132.62231369018554,91.23574689314441,8.975838290159917,79.23158023743812,80.69837475117659,69487261.0,157.70515912612376,-17.596752993418637,97.16418992968993,0.16946760586339868,4481359872,10.320957,8.35,1.6156125,0.23
2024-12-20,173.54121359572164,174.2397815784919,159.6698973540148,160.58799743652344,235295,0,135.3127513885498,123.8345817565918,141.5649593501226,129.44831026736952,119.42996245330922,66.85426964920086,13.292198485604047,9.103296947649586,4.188901537954461,176.62542655007732,135.3127513885498,94.00007622702228,9.375412999754,65.27049238678616,76.96614333651206,69251966.0,121.98355556368563,-37.739111613245626,97.23472122964695,0.148265323640426,4481359872,10.320957,8.35,1.6156125,0.23
2024-12-23,165.45792664363245,165.5477373022502,151.0377427410024,152.7242431640625,278457,0,137.59104080200194,124.62095581054687,142.62774828478354,130.36109194959278,119.76124882854059,60.173831972411115,12.478965271375984,9.778430612394866,2.700534658981118,177.44168502962683,137.59104080200194,97.74039657437706,9.742168825574984,42.51755142585885,62.33987468336093,68973509.0,75.93555328456404,-51.12821111427038,97.30765716352184,0.12754400755337214,4481359872,10.320957,8.35,1.6156125,0.23
2024-12-24,153.67230605526484,177.33338101778392,151.78620595597488,164.45001220703125,979654,0,140.18817138671875,125.53786026000977,144.7060591345214,131.69791235184528,120.20591314076438,65.68076124962772,12.634995294751775,10.349743548866247,2.285251745885528,179.93155527907254,140.18817138671875,100.44478749436496,10.871097842448846,33.35088902072234,47.046310944455676,69953163.0,92.56389274548235,-32.612221650824715,97.59773345092886,0.11546644556731855,4481359872,10.320957,8.35,1.6156125,0.23
2024-12-26,167.55359753562178,168.3519500921093,154.68021776125374,157.5642547607422,236327,0,142.34022254943847,126.1984945678711,145.93064919416148,132.71227872082162,120.57763793300296,60.39914507769172,12.06396129689773,10.692587098472544,1.3713741984251868,180.93632459690917,142.34022254943847,103.74412050196777,11.071143163049324,26.949724671535645,34.27272170603884,69716836.0,66.89259310683765,-44.07220605150747,97.66283825425589,0.10111468505662738,4481359872,10.320957,8.35,1.6156125,0.23
2024-12-27,155.68811671690673,159.05117413134204,151.68639557854033,152.7242431640625,139774,0,144.08711051940918,126.68688446044922,146.57765814367585,133.4970616401644,120.89750465171997,56.93356150455809,11.092991156429122,10.77266791006386,0.32032324636526255,181.21447215611698,144.08711051940918,106.95974888270138,10.806402833745922,27.413015143685573,29.237876278647747,69577062.0,39.58189304673818,-56.568719478855996,97.69776936178235,0.09135336537271485,4481359872,10.320957,8.35,1.6156125,0.23
2024-12-30,153.5724934366811,162.6736721736475,151.08762532456933,153.7122039794922,199206,0,145.95424995422363,127.14413909912109,147.25713869946787,134.28981232013803,121.22401907289183,57.46999882042337,10.28465540023953,10.675065408098993,-0.39041000785946345,181.01663011313963,145.95424995422363,110.89186979530763,10.86209169198394,13.801368331749828,22.721369382323577,69776268.0,39.00424752804574,-54.815881274424754,97.74864956648459,0.0816392126906848,4481359872,10.320957,8.35,1.6156125,0.23
2024-12-31,152.68432986152695,155.5683665942635,152.58453009095604,153.3429718017578,88888,0,147.54945182800293,127.63632141113281,147.83674185206692,135.03699504490743,121.54361064233329,57.1833211260386,9.504685441465568,10.440989414772307,-0.9363039733067389,180.86476855132653,147.54945182800293,114.23413510467932,10.299359178507048,8.392513075106962,16.535632183514014,69687380.0,25.887143159192558,-55.4709723036744,97.77054621692226,0.07574035688566912,4481359872,10.320957,8.35,1.6156125,0.23
2025-01-01,155.2789795538777,169.05049586681787,137.26621641197443,166.19639587402344,697806,0,149.64212532043456,128.43706588745118,149.5852803303485,136.25893233232375,121.98791696304663,63.92885884111797,9.810626733758255,10.314916878569496,-0.5042901448112413,182.1109770937465,149.64212532043456,117.17327354712262,11.833996341102505,36.594776696138375,19.596219367664947,70385186.0,36.96826075328201,-32.66645169945938,97.95307310868009,0.1143081366324855,4481359872,10.320957,8.35,1.6156125,0.23
2025-01-02,168.65131926016284,174.6389400622988,164.70947194421808,168.2222137451172,452965,0,151.82411422729493,129.32882232666014,151.36022636985027,137.51239434851172,122.44795971709708,64.86829878645656,10.100126018191531,10.271958706493903,-0.17183268830237175,183.1071505344507,151.82411422729493,120.54107792013914,11.697958610886662,60.814681651010254,35.26732380741842,70838151.0,85.9836255750599,-29.072249475833427,98.09409364505508,0.1014514530884628,4481359872,10.320957,8.35,1.6156125,0.23
2025-01-03,169.38981106344747,169.94865327846088,164.24045312115257,165.1286163330078,139312,0,153.76510162353514,130.20820434570314,152.6715016044367,138.59538344594293,122.87264286750415,62.2040434886972,9.965057846132623,10.210578534421646,-0.24552068828902307,183.2397523206992,153.76510162353514,124.2904509263711,11.270118721345352,82.80120911193065,60.07022248635965,70698839.0,69.39685973496614,-41.14671520041822,98.13567926172443,0.09408786643492777,4481359872,10.320957,8.35,1.6156125,0.23
2025-01-06,166.43590982229682,166.44588370915758,150.98785135116285,153.0236358642578,191126,0,155.03248138427733,130.89398651123048,152.70503820061015,139.161197266269,123.17265274806887,53.0265932827772,8.780033823837101,9.924469592304737,-1.1444357684676358,181.9826606356337,155.03248138427733,128.08230213292097,11.569255409677451,66.5153704113403,70.04375372476028,70507713.0,10.181431511680685,-66.71586448547004,98.184625567365,0.08128274198652083,4481359872,10.320957,8.35,1.6156125,0.23
2025-01-07,157.66404820353185,168.7112012001316,156.67608524151566,167.44381713867188,380348,0,156.59724655151368,131.91567413330077,154.1087314328065,140.27031961420636,123.61316184648283,60.50250672718354,8.901866684968098,9.719949010837409,-0.8180823258693106,182.59735436315478,156.59724655151368,130.59713873987258,11.86342040440576,65.82110595818071,71.71256182715042,70888061.0,52.39241264553599,-24.682464996981892,98.29414646839876,0.10324101429836186,4481359872,10.320957,8.35,1.6156125,0.23
2025-01-08,168.35194070377486,168.35194070377486,161.1667985506916,162.39425659179688,114195,0,157.99834976196288,132.88307388305665,154.89782906699605,141.13792498587657,123.99904338623719,57.07688044250562,8.493060060348853,9.474571220739698,-0.9815111603908449,182.00009353012973,157.99834976196288,133.99660599379604,11.52925767216844,57.04612438036557,63.12753358329541,70773866.0,44.04615426646856,-37.28520491270541,98.32680582996663,0.09728510873944,4481359872,10.320957,8.35,1.6156125,0.23
2025-01-09,163.96102759848782,172.5432753772341,155.77794846905704,157.35467529296875,250000,0,159.0571601867676,133.79478881835936,155.1318144218506,141.77387597831157,124.33094022113004,53.80274527411165,7.673965079212479,9.114449992434254,-1.4404849132217752,180.8851420149713,159.0571601867676,137.22917835856387,11.903262617597628,52.83749263651924,58.568240991688384,70523866.0,21.194447190318716,-49.86303852885657,98.39593078984161,0.07815636563010571,4481359872,10.320957,8.35,1.6156125,0.23
2025-01-10,157.77381796221258,161.38634439228295,148.20359224748756,149.94998168945312,333564,0,159.90341033935547,134.5813624572754,154.63830654257467,142.09450757482693,124.58585605663573,49.32555381448044,6.354083594802802,8.562376712907964,-2.2082931181051624,178.73554984088315,159.90341033935547,141.0712708378278,11.994654726683182,28.313295357641366,46.065637458175274,70190302.0,-70.18257691726444,-68.34374130971166,98.47530497747856,0.06354667744888097,4481359872,10.320957,8.35,1.6156125,0.23
2025-01-13,150.68846843529872,153.58247928783476,142.21597886727113,143.84262084960938,163285,0,160.40138092041016,135.20168014526368,153.6101460003875,142.16306103658312,124.77746565656582,45.930595270894386,4.760380329539288,7.801977436234229,-3.041597106694941,176.82810299280467,160.40138092041016,143.97465884801565,11.949786561960355,14.02522877984965,31.72533892466997,70027017.0,-157.79001213245135,-83.58654898010575,98.50937513204913,0.05022653217492399,4481359872,10.320957,8.35,1.6156125,0.23
2025-01-14,146.49712833947666,151.57662310281484,143.9024865144635,147.45513916015625,150080,0,159.7412452697754,135.84914138793945,153.02395487274643,142.37059351201736,125.00311414913887,48.20160987935335,3.7456811655213187,6.990718182091647,-3.245037016570328,177.10793641625065,159.7412452697754,142.37455412330013,11.648659111335006,9.938029699775804,17.42551794575549,70177097.0,-134.8270995676073,-72.73700776129172,98.54136205136822,-0.129335195443023,4481359872,10.320957,8.35,1.6156125,0.23
2025-01-15,149.69052618835207,153.33298956801218,146.10793658279803,147.91419982910156,154196,0,158.30371704101563,136.46466888427733,152.53731153525644,142.58798983817752,125.23108515092954,48.497642900176444,2.944623342055337,6.1814992140843845,-3.2368758720290476,174.5527389357322,158.30371704101563,142.05469514629905,11.332687245183516,13.809367228987128,12.590875236204079,70331293.0,-110.20813767994466,-71.50867697855166,98.57516785234624,-0.12980723309561365,4481359872,10.320957,8.35,1.6156125,0.23
2025-01-16,150.68846427968958,155.6282486394231,148.80236424316192,153.2731170654297,193621,0,157.4898994445801,137.23387847900392,152.6073882524158,143.00701443532466,125.51011034410865,51.949949741609004,2.710948948311227,5.487389160929753,-2.7764402126185264,173.0188889815248,157.4898994445801,141.96090990763537,11.074213071264804,31.2475879860847,18.33166163828243,70524914.0,-66.51584053895957,-57.169563547942445,98.62044597753243,-0.11176086738527553,4481359872,10.320957,8.35,1.6156125,0.23
2025-01-17,152.33504704212706,154.36085753609507,149.57077305866378,150.199462890625,72351,0,156.37520294189454,137.98153244018556,152.37806202748334,143.28907123749332,125.75577554357648,49.88451867475903,2.2517849284610634,4.840268314436015,-2.5884833859749516,170.58042917930933,156.37520294189454,142.16997670447975,10.625346743133838,45.33036822050747,30.129107811859654,70452563.0,-74.53976887521614,-65.39388833508707,98.63697266208831,-0.1899653426060081,4481359872,10.320957,8.35,1.6156125,0.23
2025-01-20,150.68846495163737,153.99163350195633,149.20153355736983,150.63856506347656,89111,0,155.8777313232422,138.69286178588868,152.2123956499589,143.57728668164953,126.00336548904812,50.189198969136605,1.9014077651197567,4.252496204572763,-2.3510884394530063,170.1546643184453,155.8777313232422,141.60079832803908,10.208543400380455,58.21628359144264,44.931413266011496,70541674.0,-69.96349936753046,-64.21896146339317,98.65727501759429,-0.16315160098956583,4481359872,10.320957,8.35,1.6156125,0.23
2025-01-21,152.58453785063153,152.99369561254994,144.3515588609793,145.11000061035156,78493,0,155.49701919555665,139.32974517822265,151.5359770747582,143.63739311022607,126.1934812613994,46.36700291587884,1.164202193419385,3.6348374023420873,-2.4706352089227024,170.47870655979878,155.49701919555665,140.5153318313145,10.096657211179751,41.23210439239325,48.25958540144768,70463181.0,-104.09499430441315,-91.07415968062703,98.67385742762887,-0.14034994692057282,4481359872,10.320957,8.35,1.6156125,0.23
2025-01-22,144.70084088394592,146.9362248732252,138.12444080453284,138.84295654296875,86981,0,154.2166664123535,139.79618087768554,150.32711797649253,143.44937598994147,126.31934668708665,42.42298421409639,0.07341707980685896,2.9225533378350415,-2.8491362580281825,170.25830245973518,154.2166664123535,138.17503036497183,10.004880558144936,22.759162803804816,40.7358502625468,70376200.0,-157.85471291862044,-97.91243443493642,98.68989352916368,-0.1853831525782683,4481359872,10.320957,8.35,1.6156125,0.23
2025-01-23,139.21218247020607,143.3536140656729,133.32436148891227,134.04287719726562,137993,0,153.04059753417968,140.17180435180663,148.77623790228046,143.08049368434635,126.39619773693917,39.641656961902996,-1.1649356160403386,2.1050555470599654,-3.269991163100304,171.23281069697876,153.04059753417968,134.8483843713806,10.006621416617486,4.748742190612922,22.913336462270223,70238207.0,-179.84730191180174,-98.16793573019547,98.71268861590431,-0.1853416099689395,4481359872,10.320957,8.35,1.6156125,0.23
2025-01-24,137.21631270560957,137.21631270560957,127.37665505450047,128.15504455566406,92302,0,151.81213760375977,140.43965057373046,146.81231472641224,142.49518195380978,126.41369870030957,36.48212517611431,-2.591564000253044,1.1657316375973634,-3.757295637850407,172.99605362393714,151.81213760375977,130.6282215835824,9.994695433366887,3.481702642314467,10.329869212243961,70145905.0,-198.37041588498278,-98.27662664241495,98.72553158422689,-0.18192705319268007,4481359872,10.320957,8.35,1.6156125,0.23
2025-01-27,125.2410766644778,126.98746617971953,122.79613438860102,123.57452392578125,94801,0,150.3052536010742,140.66179153442383,144.5991917930188,141.75319536447532,126.38544820504063,34.19851362865343,-4.045156955507167,0.12355391897645718,-4.168710874483624,174.7680010992325,150.3052536010742,125.84250610291593,9.663567914345183,2.9726179507961636,3.7343542612410765,70051104.0,-207.50817409333897,-98.43530799617592,98.73606528326135,-0.17426042984689613,4481359872,10.320957,8.35,1.6156125,0.23
2025-01-28,125.44065487242206,125.98952316732536,110.92067875083539,118.67464447021484,176896,0,148.57183723449708,140.83104141235353,142.1301872860851,140.84815415293568,126.30872378976873,31.89831628795185,-5.528786755019155,-1.0069142158226652,-4.52187253919649,176.58363165012565,148.57183723449708,120.56004281886851,10.04965909306981,9.010594285132527,5.154971626080944,69874208.0,-200.4728581620886,-87.41700911048966,98.75117501098151,-0.15840852175760656,4481359872,10.320957,8.35,1.6156125,0.23
2025-01-29,119.7524250377823,126.50845433365603,119.71250664913121,123.70425415039062,90461,0,146.44723014831544,141.14499237060548,140.37533651125705,140.1758443489143,126.2828086689789,36.6113741759965,-6.226946233084135,-2.050920619274959,-4.176025613809176,175.22498422229066,146.44723014831544,117.66947607434022,9.891384148096337,21.174188794679463,11.05246701020261,69964669.0,-144.01940374740087,-74.66876689910129,98.76075831871252,-0.3480864615782441,4481359872,10.320957,8.35,1.6156125,0.23
2025-01-30,125.4406608610672,129.6120448741703,122.38697649112005,124.01361083984375,83026,0,144.23680000305177,141.46972106933595,138.8170769235034,139.5420312701272,126.26022958610193,36.900628506641496,-6.6782969004084975,-2.976395875501667,-3.7019010249068307,172.77517060757526,144.23680000305177,115.69842939852828,9.700933022021616,36.91206233016239,22.365615136658022,70047695.0,-113.96876212098553,-70.71428368476246,98.77027390865335,-0.36173736373437176,4481359872,10.320957,8.35,1.6156125,0.23
2025-01-31,125.44065309196868,129.53220007520233,123.24519517082433,128.43446350097656,153718,0,142.4020923614502,141.9028254699707,137.82825659754846,139.10644037721934,126.28186375440914,41.041093932922266,-6.603152659385273,-3.701747232278388,-2.901405427106885,170.03582461231636,142.4020923614502,114.76836011058403,9.4570810136185,60.96885171887357,39.685034281238366,70201413.0,-91.03693036770387,-60.82590757273115,98.78902160099479,-0.2965482533276453,4481359872,10.320957,8.35,1.6156125,0.23
2025-02-01,127.13715660796649,137.61548595188688,125.81988026641757,129.72181701660156,217524,0,141.23700141906738,142.36167694091796,137.05621473269636,138.7384159317049,126.31609214507773,42.22988042431068,-6.366334495976645,-4.234664685018039,-2.1316698109586056,168.9459864200435,141.23700141906738,113.52801641809127,9.624118490179272,71.30702935004648,56.39598113302737,70418937.0,-61.65164587472674,-57.94640971849055,98.8192379070035,-0.27245509869572815,4481359872,10.320957,8.35,1.6156125,0.23
2025-02-03,129.43241286472303,130.53014954547845,124.74211248090282,128.51431274414062,55510,0,139.29052619934083,142.7887940979004,136.24270025759583,138.33747070866318,126.33796498685945,41.38694681658613,-6.204567506539661,-4.628645249322363,-1.5759222572172975,164.73943010602846,139.29052619934083,113.84162229265321,9.350112674064727,71.0979095539777,67.7912635409658,70363427.0,-70.4531243411025,-60.647304165381904,98.82619340785284,-0.40584328532941816,4481359872,10.320957,8.35,1.6156125,0.23
2025-02-04,133.3742467389262,133.3742467389262,127.49640723127312,128.40452575683594,42000,0,137.59103965759277,143.1067366027832,135.49620744799964,137.94794345565035,126.35852778059056,41.30621665692898,-6.015877602047368,-4.906091719867364,-1.1097858821800042,161.10780434891214,137.59103965759277,114.0742749662734,9.10209316217818,53.036296232730386,65.14707837891808,70321427.0,-53.561847171529486,-59.751899060016655,98.83178457182129,-0.3996367064467367,4481359872,10.320957,8.35,1.6156125,0.23
2025-02-05,129.83159644374476,134.72148115012206,129.28272810470847,130.1010284423828,123270,0,136.22835731506348,143.41829254150392,134.98238087603613,137.6402212982673,126.39576659314571,43.151568883899685,-5.664153074016355,-5.057703990697162,-0.6064490833191929,158.1078089484005,136.22835731506348,114.34890568172645,8.903154750114462,45.46244172325252,56.53221583665343,70444697.0,-38.27703067170474,-55.468018291263334,98.84903666238559,-0.37408642679647336,4481359872,10.320957,8.35,1.6156125,0.23
2025-02-06,130.72973051612598,131.71769350338417,126.96751185051703,127.9554672241211,51387,0,135.12863159179688,143.62167221069336,134.31315100442518,137.26042702084982,126.41128600240914,41.37964535386288,-5.495192551528419,-5.145201702863413,-0.34999084866500585,156.33958074799617,135.12863159179688,113.91768243559758,8.606513814596797,37.39488516750202,45.297874374494874,70393310.0,-48.919720132111294,-59.511369176886966,98.85567320025537,-0.32657219349223526,4481359872,10.320957,8.35,1.6156125,0.23
2025-02-07,129.43240938463825,130.46028314565947,124.75209062748073,125.99951171875,66329,0,134.2364761352539,143.8142741394043,133.52137583436087,136.81882249919883,126.40718874585532,39.776128109333236,-5.456223435460316,-5.207406049382794,-0.24881738607752268,155.40725889939756,134.2364761352539,113.06569337111024,8.39949086485265,28.423206230908303,37.093511040554176,70326981.0,-56.03127130773193,-58.132432820335495,98.86371910265679,-0.30505778077823104,4481359872,10.320957,8.35,1.6156125,0.23
2025-02-10,127.53633511626177,127.74589333180852,119.75242447962454,121.37905883789062,61907,0,132.93267211914062,143.81307662963866,132.3649646918399,136.2133415713044,126.35715760249249,36.20679401953359,-5.73209602806287,-5.312344045118809,-0.419751982944061,153.89736741087674,132.93267211914062,111.9679768274045,8.370489292519173,16.142627357128266,27.320239585179426,70265074.0,-79.09215399887913,-67.75382805924845,98.87013046593762,-0.3297928960566642,4481359872,10.320957,8.35,1.6156125,0.23
2025-02-11,119.55283974385566,119.55283974385566,111.87870279821549,113.38558959960938,117757,0,131.20624160766602,143.59392990112303,130.5574051592465,135.31813561163008,126.22808727410559,31.020583902046088,-6.520568157764629,-5.5539888676479725,-0.9665792901166563,152.63343582276917,131.20624160766602,109.77904739256286,8.45119406017317,10.021136348590382,18.195656645542215,70147317.0,-131.5925330752884,-90.76632833416046,98.87825933005853,-0.3328766611053197,4481359872,10.320957,8.35,1.6156125,0.23
2025-02-12,113.38559013977645,115.7606771542675,108.92481110366442,113.31573486328125,132117,0,129.2083724975586,143.36859588623048,128.91534132153555,134.4552963665968,126.09960615558992,30.978822970021184,-7.069580965896037,-5.857107287297586,-1.2124736785984513,149.45147936947282,129.2083724975586,108.96526562564438,8.33581348806102,12.242624215538081,12.802129307085474,70015200.0,-146.62605549472795,-84.69564141364606,98.8860809344413,-0.3540602973492365,4481359872,10.320957,8.35,1.6156125,0.23
2025-02-13,115.29164609954535,117.75655140216517,113.66501173210891,114.66294860839844,75607,0,127.43154678344726,143.13567749023437,127.55797058695106,133.67912586627529,125.98580856805567,32.85619983933646,-7.31168413828712,-6.148022657495493,-1.1636614807916272,146.17570943211047,127.43154678344726,108.68738413478404,8.057599420262656,17.502092631070383,13.255284398399516,70090807.0,-119.18696236184373,-79.99999116406451,98.89142741286189,-0.34627295404803027,4481359872,10.320957,8.35,1.6156125,0.23
2025-02-14,115.76067039686149,115.76067039686149,105.88109441784688,107.06864166259766,83616,0,125.25305061340332,142.72352951049805,125.60660592748883,132.63557746613105,125.79757805158346,28.199789059296577,-8.023855734688297,-6.5231892729340535,-1.5006664617542436,142.79091515416675,125.25305061340332,107.71518607263988,8.187740603030653,17.11360754464032,15.619441463749496,70007191.0,-159.8242068304006,-96.25785405881518,98.89525849538094,-0.36099958895240686,4481359872,10.320957,8.35,1.6156125,0.23
2025-02-17,107.87697184368231,110.97057455255079,104.9031242975976,106.57965850830078,138066,0,123.32653350830078,142.13215240478516,123.79451569708996,131.61377672268674,125.6063549715508,27.925364334543335,-8.52939218594723,-6.9244298555366885,-1.604962330410542,140.16726514119244,123.32653350830078,106.48580187540914,8.036291292453692,14.506837671595521,16.37417928243531,69869125.0,-160.7266890509774,-94.8749215100361,98.90034354699701,-0.3492493899589829,4481359872,10.320957,8.35,1.6156125,0.23
2025-02-18,106.87903390369132,108.32604688802101,103.13677075850848,104.59375762939453,82986,0,121.61407356262207,141.5365837097168,121.96587207159516,130.55416813079293,125.39727440098208,26.785317910862467,-8.986686145952348,-7.33688111361982,-1.6498050323325275,138.75792573582336,121.61407356262207,104.47022138942077,7.832933066529323,8.94710734353167,13.522517519922404,69786139.0,-155.0702448543865,-95.77424256468272,98.90263858917837,-0.33239335266285286,4481359872,10.320957,8.35,1.6156125,0.23
2025-02-19,104.6336758156978,110.75103349801725,102.78749419034948,109.72315216064453,92437,0,120.39808731079101,141.00747741699217,120.79989874674271,129.73726554372828,125.24131298565534,34.25156453367562,-8.833370042085107,-7.636178899312878,-1.1971911427722297,137.2913092497198,120.39808731079101,103.50486537186224,7.842262083753498,22.581100124732796,15.345015046619897,69878576.0,-115.37577154493046,-80.08596643245303,98.9061443342504,-0.2479066952423911,4481359872,10.320957,8.35,1.6156125,0.23
2025-02-20,110.67119791769557,112.78681916179497,108.77511638459117,110.5614242553711,73214,0,119.51840629577637,140.5582063293457,119.82480593804065,128.98527176771427,125.0952444410754,35.41078946979914,-8.545714693412236,-7.818086058132749,-0.727628635279487,136.5361471446258,119.51840629577637,102.50066544692693,7.568650704714234,38.74075468768512,23.42298738531643,69951790.0,-79.74238800513352,-75.65624964144165,98.90984542738268,-0.21563396437586704,4481359872,10.320957,8.35,1.6156125,0.23
2025-02-21,110.31193907555145,114.47333386610677,107.02872596223239,108.13643646240234,129458,0,118.74650192260742,140.04327087402345,118.71162789274177,128.16767038319222,124.92650008307865,33.5670292935527,-8.416402951373584,-7.9377494367809165,-0.4786535145926676,136.3487627877696,118.74650192260742,101.14424105744523,7.559790504654245,50.67641918003384,37.33275799748382,69822332.0,-77.70226985658171,-83.25000170260307,98.9159250198471,-0.2272935387641355,4481359872,10.320957,8.35,1.6156125,0.23
2025-02-24,106.08069109700762,110.77099128618633,105.15260951411773,109.27408599853516,49883,0,118.27647399902344,139.0155955505371,117.8128143790078,127.42674550536253,124.7707546693021,35.269812302835845,-8.128424239470903,-7.9758843973189135,-0.152539842151989,136.3568551498304,118.27647399902344,100.19609284821645,7.4211184523266995,53.73469840558973,47.71729075776946,69872215.0,-80.66469063339574,-79.6874977861146,98.9179497734,-0.2328768135444396,4481359872,10.320957,8.35,1.6156125,0.23
2025-02-25,107.62748717724735,112.56727912666261,107.62748717724735,108.33602142333984,153721,0,117.5080623626709,137.64902069091798,116.91026266894418,126.6780896590087,124.60722498526266,34.48491343999597,-7.884999639397833,-7.957707445734697,0.07270780633686424,135.9039509466588,117.5080623626709,99.112173778683,7.243880844975883,49.58725487592411,51.33279082051579,69718494.0,-65.43247451247716,-80.82098511332951,98.92491440717883,-0.2886858350647077,4481359872,10.320957,8.35,1.6156125,0.23
2025-02-27,108.92480515235206,111.26995515073548,105.78130265451087,106.02080535888672,44404,0,116.60842208862304,136.3784474182129,115.87317149655776,125.86800007861177,124.42228548649275,32.559048902137846,-7.7891144149733265,-7.923988839582423,0.13487442460909627,135.39933182711542,116.60842208862304,97.81751235013067,7.11850739149365,37.43453109143765,46.918828124317066,69674090.0,-72.63256333211837,-88.31591866739974,98.92657898512947,-0.29178980467271465,4481359872,10.320957,8.35,1.6156125,0.23
2025-02-28,106.03078944711757,107.37800266089134,101.44028149731432,102.56794738769531,65106,0,115.31509628295899,134.97993850708008,114.60600729571372,124.95427252210524,124.2048293860072,29.879046399705782,-7.900667488525258,-7.91932456937099,0.018657080845732033,134.23237560927623,115.31509628295899,96.39781695664173,7.034165518071034,21.81593717059397,36.279241045985145,69608984.0,-95.13270937225698,-95.71321169993733,98.92793422654988,-0.38136115839741275,4481359872,10.320957,8.35,1.6156125,0.23
2025-03-03,102.89726692477248,105.03285112719755,96.64019875074604,99.065185546875,78099,0,113.78226470947266,133.7494822692871,113.12592903391956,123.93901420935111,123.95468367616509,27.413857418807925,-8.177453120478674,-7.970950279592527,-0.2065028408861469,132.74977287227352,113.78226470947266,94.81475654667177,7.131200293669639,11.064198065632633,23.438222109221318,69530885.0,-116.79786116601375,-89.41638025551828,98.92837420796337,-0.38865710490403493,4481359872,10.320957,8.35,1.6156125,0.23
2025-03-04,98.49636262968556,103.2864624860965,97.87764666434305,100.9512939453125,49616,0,112.40411376953125,132.71402328491212,111.96643997786174,123.03753498331038,123.72579422610686,30.728078256480767,-8.150658821757943,-8.006891988025611,-0.14376683373233234,130.8889529666643,112.40411376953125,93.91927457239821,7.008172831389911,16.981872491088883,16.620669242438396,69580501.0,-106.9696453305442,-79.58409169551005,98.92875089822255,-0.3958815637156041,4481359872,10.320957,8.35,1.6156125,0.23
2025-03-05,101.49017720802127,108.67532728088511,101.49017720802127,107.47779846191406,97103,0,111.35777740478515,131.57457901000976,111.53895030967625,122.42734923737326,123.56412262646315,40.80070891308126,-7.516148297826106,-7.90874324998571,0.3925949521596035,128.41535873217222,111.35777740478515,94.30019607739808,7.059305724545818,38.790805523025455,22.278958693248892,69677604.0,-59.08282387004263,-48.67674408515962,98.93163438493013,-0.33044205607293337,4481359872,10.320957,8.35,1.6156125,0.23
2025-03-06,106.67944852576036,110.67119584112162,106.6694670256489,107.56761169433594,71192,0,110.23110656738281,130.57464614868164,111.16072758440575,121.84461443176396,123.40495336345691,40.9280040130973,-6.9262059679674906,-7.712235793582066,0.786029825614575,125.01267317474431,110.23110656738281,95.44953996002131,6.84090737389774,59.67579168036483,38.48282323149296,69748796.0,-30.02549823520443,-42.84966842954455,98.93448307041743,-0.3130955308834183,4481359872,10.320957,8.35,1.6156125,0.23
2025-03-07,107.57759817626088,110.37181685821902,105.78130875570238,106.49982452392578,136174,0,109.15832443237305,129.6501577758789,110.71683205483623,121.2428579647899,123.23674312624765,39.831400059728104,-6.470248920071455,-7.463838418879943,0.9935894988084879,121.56175808320585,109.15832443237305,96.75489078154025,6.68016456879909,74.07666135814326,57.51441952051109,69612622.0,-33.157283195600805,-44.711764311777884,98.93949026290971,-0.3336578355801511,4481359872,10.320957,8.35,1.6156125,0.23
2025-03-10,106.77924107925554,108.77511474428836,101.7895569166735,102.26856994628906,61942,0,107.97177734375,128.62128509521483,109.91223566354603,120.49876823857419,123.02810458714357,35.744385220757295,-6.376818562014861,-7.2464344475069264,0.869615885492065,118.0207681333407,107.97177734375,97.92278655415932,6.701978373000216,60.824071869214755,64.85884163590752,69550680.0,-80.15141139636088,-68.43868922018666,98.94090097730471,-0.34345037109489496,4481359872,10.320957,8.35,1.6156125,0.23
2025-03-11,100.74171986606991,106.57965640803266,99.79368292375575,102.16876983642578,100348,0,107.01126289367676,127.5978010559082,109.17476272762981,119.77994477182327,122.8205490174847,35.65146620843306,-6.238909104358314,-7.044929378877204,0.8060202745188905,115.26206913715788,107.01126289367676,98.76045665019564,6.707978023805694,42.14217791930406,59.01430371555393,69450332.0,-104.2936653690253,-68.99832222480242,98.94257268979204,-0.33264232703983926,4481359872,10.320957,8.35,1.6156125,0.23
2025-03-12,101.78955995754139,105.43203102777245,101.78955995754139,104.41413116455078,63492,0,106.56268997192383,126.36215576171875,108.7213692454318,119.17736384604788,122.63740058113709,39.46430289226817,-5.880644561735849,-6.812072415448933,0.9314278537130836,114.34044951152363,106.56268997192383,98.78493043232403,6.489013241407506,32.87776146843338,45.28133708565064,69513824.0,-72.00708415042087,-56.40737109029923,98.94390880902401,-0.2868379649845254,4481359872,10.320957,8.35,1.6156125,0.23
2025-03-13,103.63574307128437,105.56176154690851,101.26065604682907,102.95714569091797,68817,0,106.04476051330566,125.05685440063476,108.17239557357334,118.54127685957219,122.44157714939361,37.89521389503067,-5.649163837501092,-6.579490699859365,0.9303268623582728,113.31798583711826,106.04476051330566,98.77153518949306,6.332734117026931,31.405859396288093,35.47526626134175,69445007.0,-76.35668774892139,-64.57747390288783,98.94517469689185,-0.3278206161556082,4481359872,10.320957,8.35,1.6156125,0.23
2025-03-17,101.78955547357953,103.37627136023154,98.94543706396026,100.18287658691406,58014,0,105.32075691223145,123.75793960571289,107.41148900341531,117.82133959397775,122.22009754180675,35.03850032382079,-5.624735576525438,-6.38853967519258,0.7638040986671415,111.86451616653522,105.32075691223145,98.77699765792767,6.1968841298300985,28.32385158153072,30.869157482083974,69386993.0,-121.00687461318371,-77.75689107763324,98.9456418280611,-0.3234921570901969,4481359872,10.320957,8.35,1.6156125,0.23
2025-03-19,103.58584787337159,106.92893479161863,102.78749534946755,104.18460845947266,134326,0,105.17655525207519,122.78115905761719,107.10416704684934,117.28656582399717,122.04063993899746,41.84822277880046,-5.222270600724727,-6.155285860299009,0.9330152595742822,111.68691278022632,105.17655525207519,98.66619772392406,6.236110849463989,36.039834113092816,31.92318169697045,69521319.0,-25.399160868015116,-52.63155876242979,98.94889562322956,-0.30277474565507745,4481359872,10.320957,8.35,1.6156125,0.23
2025-03-20,104.18460748575129,107.77717858243501,103.58584690524631,103.88522338867188,116576,0,105.04183349609374,121.50998718261718,106.79760098416577,116.76102298339617,121.85998902804894,41.49774162596457,-4.871318552959281,-5.898492398831063,1.0271738458717827,111.54198143171645,105.04183349609374,98.54168556047104,6.090055194301469,44.71533735653036,36.359674350384545,69404743.0,-11.49439693095402,-50.477475907042006,98.95193927310781,-0.3286376608870368,4481359872,10.320957,8.35,1.6156125,0.23
2025-03-21,104.18460636576441,110.37181165389302,103.77544861173125,108.71524047851562,212543,0,105.2479076385498,120.43640686035157,106.98023331696099,116.44550210085184,121.72919551014314,48.92904273458312,-4.155542012039163,-5.5499023214726835,1.3943603094335204,111.93675554767849,105.2479076385498,98.55905972942112,6.126220040577204,69.01980556567396,49.92499234509896,69617286.0,49.07757844169302,-13.940244944870376,98.95977483055648,-0.22911895602844748,4481359872,10.320957,8.35,1.6156125,0.23
2025-03-24,108.57553438572103,112.45750819679054,106.38006870586891,110.11235046386719,93369,0,105.26736755371094,119.49156036376954,107.27853018809492,116.19714321312695,121.61360501217025,50.872967150066785,-3.4359414525205665,-5.12711014768226,1.6911686951616938,112.01022819975032,105.26736755371094,98.52450690767157,6.122735715601806,74.69279476181909,62.80931256134105,69710655.0,93.76548533395504,-14.826527488275303,98.96401785518358,-0.2544503511437401,4481359872,10.320957,8.35,1.6156125,0.23
2025-03-25,110.11234748171755,111.77890779408303,103.34633691175716,104.69355773925781,170205,0,104.97397422790527,118.58643188476563,107.03234233582472,115.7460222141517,121.4452463328378,43.89433265744101,-3.2652641779090743,-4.754740953727623,1.4894767758185488,111.26542043573009,104.97397422790527,98.68252802008045,6.287723941796381,62.61908644644125,68.77722892464469,69540450.0,27.779591470150436,-53.25119474045793,98.96954328918142,-0.2969838578705111,4481359872,10.320957,8.35,1.6156125,0.23
2025-03-26,105.23243639364912,115.9203466156453,104.79334936274779,105.4719467163086,345194,0,104.84074974060059,117.81901840209962,106.88373322920414,115.34311729266766,121.28630802819572,45.06020037451093,-3.0322379711078753,-4.410240357203674,1.3780023860957984,110.96942514176193,104.84074974060059,98.71207433943924,6.640514294267175,39.7532776331421,59.021719613800734,69885644.0,86.10545993722475,-61.55202104331406,98.98383240149856,-0.36522261187700583,4481359872,10.320957,8.35,1.6156125,0.23
2025-03-27,105.03285099477881,108.76513259426666,103.9949957815245,104.90312194824219,256374,0,104.62220153808593,116.96797805786133,106.69510358339824,114.93370571053333,121.12329125128076,44.335167986531246,-2.8604884974642886,-4.100289985255797,1.2398014877915084,110.40489060882044,104.62220153808593,98.83951246735143,6.506915902729674,16.332275981573158,39.568213353718754,69629270.0,14.99183993909981,-64.90299482219903,98.99133193190784,-0.4100954846265984,4481359872,10.320957,8.35,1.6156125,0.23
2025-03-28,105.42204520876079,107.67738455705816,104.87317691150245,104.97297668457031,152599,0,104.45404930114746,116.1091535949707,106.53109149779557,114.54308888598577,120.96259160385081,44.453369775274886,-2.6877563269257223,-3.817783253589782,1.1300269266640597,109.98509885817441,104.45404930114746,98.92299974412052,6.242436741502963,14.074096062366712,23.386549892360577,69781869.0,20.365707520536933,-64.4914772461234,98.9957579823692,-0.4238080020942882,4481359872,10.320957,8.35,1.6156125,0.23
2025-04-01,105.75136588984091,106.9788239131264,105.21247909413496,106.29025268554688,75476,0,104.46752166748047,115.16949630737305,106.5081544680576,114.21944825067443,120.81659818177813,46.74968209656078,-2.4167133063184565,-3.537569264135517,1.1208559578170605,110.01505867488817,104.46752166748047,98.91998466007277,5.939823204863901,16.2434013423556,15.549924462098412,69857345.0,33.465779274701546,-56.73134163558755,98.99804703383977,-0.3945846175260711,4481359872,10.320957,8.35,1.6156125,0.23
2025-04-02,106.57966141972007,106.57966141972007,103.81537200910094,106.06072998046875,47003,0,104.64216079711915,114.28672164916992,106.46554261209675,113.89949851458793,120.66977362256112,46.38982544493682,-2.195126274551839,-3.2690806662187812,1.073954391666942,110.15933014407426,104.64216079711915,99.12499145016403,5.712999362417846,18.29942673338351,16.20564137936853,69810342.0,9.973912556784642,-58.08347081412177,98.99933748616162,-0.368379850290293,4481359872,10.320957,8.35,1.6156125,0.23
2025-04-03,105.98089257953804,123.74417191619548,105.49190564491815,119.69255065917969,1429115,0,105.67352905273438,113.66780136108399,107.72525766419989,114.12667703006213,120.66005001098519,64.07639698919272,-0.9090638305691243,-2.79707729908885,1.8880134685197256,113.75230322335304,105.67352905273438,97.59475488211572,6.608661284479238,40.54375779445615,25.028861956731674,71239457.0,298.04164991036924,-16.33801595588496,99.10340356937596,-0.013971641048562933,4481359872,10.320957,8.35,1.6156125,0.23
2025-04-04,120.00190638891422,124.74210643338276,116.76859312198405,118.99398803710938,651047,0,106.57566375732422,113.14548110961914,108.79847008066746,114.31755197151496,120.64347227990184,62.93063422116093,0.05316885888829859,-2.2270280674934204,2.280196926381719,116.22129637669573,106.57566375732422,96.93003113795271,6.706150714973485,56.91691515396153,38.586699893933655,70588410.0,296.91520733110866,-22.282405197187142,99.16093725910207,-0.079857805706211,4481359872,10.320957,8.35,1.6156125,0.23
2025-04-07,100.80160242391064,109.77305249113583,100.80160242391064,107.96678924560547,215727,0,106.6001132965088,112.52795776367188,108.71926238209012,114.06850245285185,120.51733613030686,48.26052862607752,-0.0732136254332687,-1.7962651790813902,1.7230515536481215,116.2572409299099,106.6001132965088,96.94298566310769,7.526596064846717,60.71027779913893,52.72365024918546,70372683.0,-17.693319949237036,-65.02900412276296,99.16728431850632,-0.06335423761271415,4481359872,10.320957,8.35,1.6156125,0.23
2025-04-08,114.16397467228519,114.26376683237747,109.7730511053408,111.54937744140625,155493,0,106.7992015838623,112.07808776855468,108.98879714964404,113.96971323671673,120.4281027105168,52.1622665595096,0.11439361330099018,-1.414133420604914,1.5285270339059043,116.68926740914364,106.7992015838623,96.90913575858096,7.438766173555665,49.118334545161154,55.58184249942047,70528176.0,98.65576379069348,-55.10631266057211,99.17555254277043,-0.0606922928011743,4481359872,10.320957,8.35,1.6156125,0.23
2025-04-09,111.54938120003914,113.2658338206155,108.89487310660323,111.76892852783203,106509,0,107.06265678405762,111.75036544799805,109.25357156661433,113.88340795401537,120.34194177337565,52.39917143814241,0.27758975751362414,-1.0757887849812064,1.3533785424948306,117.18478498483965,107.06265678405762,96.9405285832756,7.219637212159709,40.21119456756248,50.01326897062078,70634685.0,77.26163147758673,-54.18924305193348,99.18096362897744,-0.032934652690009204,4481359872,10.320957,8.35,1.6156125,0.23
2025-04-11,114.81263743523849,118.59481139004488,111.66913484055814,114.37354278564453,224818,0,107.66790542602538,111.56634582519531,109.74118787318864,113.90262892780474,120.28255471877137,55.23165228731847,0.6100620647705313,-0.7386186150308589,1.3486806798013902,118.01610975057795,107.66790542602538,97.31970110147282,7.1986400219687825,49.131576997695966,46.15370203680646,70859503.0,123.51617629991391,-43.30971329440633,99.19572595574977,-0.030888126105771418,4481359872,10.320957,8.35,1.6156125,0.23
2025-04-15,115.2617021440758,118.1058205443807,115.08207321281161,117.4272232055664,130555,0,108.43082809448242,111.54139739990234,110.473191238177,114.04084831124638,120.2541434599335,58.36008727764661,1.10719222999667,-0.3694564460253531,1.4766486760220232,119.2824587096643,108.43082809448242,97.57919747930055,6.951042717452168,65.3130186499359,51.55193007173136,70990058.0,134.19604695676762,-30.554424522233116,99.20537343373476,-0.009008363473167356,4481359872,10.320957,8.35,1.6156125,0.23
2025-04-16,118.15572767059395,120.62063297311325,116.73865913359758,117.76653289794922,160546,0,109.09844818115235,111.42264297485352,111.16779520577435,114.18695358915629,120.22939111603316,58.70539536151459,1.5111315402642589,0.006661151232569329,1.5044703890316895,120.50806371709238,109.09844818115235,97.68883264521232,6.731823511885275,75.26262384519357,63.235739830941725,71150604.0,134.25728555360766,-29.137120641543873,99.21823117775617,-0.03037638159535787,4481359872,10.320957,8.35,1.6156125,0.23
2025-04-17,117.76653022696676,119.53287510785813,115.96025934463835,116.69873809814453,80455,0,109.78552780151367,111.27634552001953,111.69455167171436,114.28545494244995,120.19426024023326,57.100620969051185,1.7252071236488717,0.3503703457158298,1.374836777933042,121.28773520567167,109.78552780151367,98.28332039735567,6.506165815552025,78.55025187661982,73.04196479058301,71070149.0,104.52036245010406,-33.59732247932561,99.22433952764025,-0.0370854814930647,4481359872,10.320957,8.35,1.6156125,0.23
2025-04-21,116.85840665861227,120.55077766805984,116.30954594499657,118.47506713867188,90918,0,110.70013732910157,111.07715759277343,112.34031504951984,114.44975345994884,120.17715384121276,59.10344587283428,2.0149711409449935,0.6832905047616626,1.3316806361833309,121.90791005721262,110.70013732910157,99.49236460099051,6.344384808945685,72.74798427627356,75.5202866660289,71161067.0,105.70471213605803,-26.177557883623976,99.23163503837873,-0.031155143722133228,4481359872,10.320957,8.35,1.6156125,0.23
2025-04-22,118.47506403188558,119.50293776904219,116.35943516929693,117.03803253173828,57360,0,111.34280853271484,110.82348190307617,112.78771671449303,114.551254600019,120.14591880330754,56.79341157004272,2.1043963580347764,0.9675116754162854,1.136884682618491,122.45610796406766,111.34280853271484,100.22950910136203,6.115750365431369,59.299895381005115,70.19937717796608,71103707.0,84.4577918476107,-32.18008233492637,99.23604059542774,-0.029331249315239432,4481359872,10.320957,8.35,1.6156125,0.23
2025-04-23,118.45510105916587,118.45510105916587,113.72488252160453,114.91242980957031,56695,0,111.89416885375977,110.55144424438477,112.99007034259563,114.5654183337269,120.09384428595692,53.46472778208371,1.9809133752622614,1.1701920153854806,0.8107213598767808,122.55788093784766,111.89416885375977,101.23045676967187,6.016783806297796,42.85598396105947,58.301287872779305,71047012.0,51.35564008055994,-41.05877060868605,99.23993499194422,-0.014488653966375857,4481359872,10.320957,8.35,1.6156125,0.23
2025-04-24,114.76273831017286,117.26756194772237,113.76480145530181,114.13404083251953,68035,0,112.16510887145996,110.26603454589844,113.09901991306457,114.54850156897366,120.03454275905705,52.25686609089476,1.7994992296186467,1.2960534582321137,0.503445771386533,122.76715629697212,112.16510887145996,101.56306144594781,5.837210712449422,19.510316590797668,40.555398644287344,70978977.0,37.63189614203024,-44.31011810221756,99.24442369402374,-0.04986353268376197,4481359872,10.320957,8.35,1.6156125,0.23
2025-04-25,113.81469894587397,114.53320707077562,106.97882554308923,108.20629119873047,158253,0,112.06980590820312,109.82813980102539,112.63304574979465,114.29978743680726,119.91684871368066,44.08821697581916,1.1639896093435311,1.2696406884543971,-0.10565107911086602,122.7776891280927,112.06980590820312,101.36192268831354,5.959865770680634,10.75325960049476,24.373186717450555,70820724.0,-36.38170333911846,-69.07045577699556,99.25145758627787,-0.07682619049148089,4481359872,10.320957,8.35,1.6156125,0.23
2025-04-28,109.77305325466055,110.72109021458014,107.4877769596296,108.43582153320312,49722,0,112.2569190979004,109.43774688720703,112.23331011011926,114.0698279896071,119.802609637258,44.450312719010086,0.671128484990831,1.149938247761684,-0.47880976277085296,122.56604509118047,112.2569190979004,101.94779310462032,5.765112019557057,8.890623121210178,13.051399770834124,70870446.0,-54.04961545903065,-68.11170263469813,99.25345334279545,-0.05776554173213496,4481359872,10.320957,8.35,1.6156125,0.23
2025-04-29,108.97470417178573,111.7190305898025,107.78716446272877,108.55557250976562,65448,0,112.41110038757324,109.08886810302734,111.88304938627606,113.85358267667215,119.69069882006902,44.651707384588875,0.2868883260358359,0.9773282634165144,-0.6904399373806784,122.3968810047454,112.41110038757324,102.42531977040109,5.6341658843796765,11.47228303053438,10.372055250746362,70935894.0,-47.88804260866204,-60.876138383232075,99.25620787214281,0.0006121538229036407,4481359872,10.320957,8.35,1.6156125,0.23
2025-04-30,108.77511988711171,109.47367265743884,103.34634082518377,104.74345397949219,84708,0,112.40311698913574,108.75615600585938,111.2030879189633,113.49632272776313,119.54197001568517,39.71544948194667,-0.3215245396747832,0.7175577027982548,-1.0390822424730382,122.41312057727042,112.40311698913574,102.39311340100106,5.669392023513633,11.80285541885172,10.721920523532015,70851186.0,-99.69072737128562,-91.91218289962826,99.25853602486234,0.028388305652374306,4481359872,10.320957,8.35,1.6156125,0.23
2025-05-02,104.73347050997029,107.5775966545665,104.43409401988133,106.27029418945312,51334,0,112.46798286437988,108.61385009765625,110.73329803996234,113.21294905959411,119.40991353980226,42.45921763533389,-0.6727379699676987,0.43949856824506406,-1.1122365382127628,122.29978064590219,112.46798286437988,102.63618508285757,5.488971352883029,16.63747192980701,13.304203459730962,70902520.0,-96.601029126593,-83.07338246204304,99.25999731395528,0.06709519161519506,4481359872,10.320957,8.35,1.6156125,0.23
2025-05-05,106.79919616978466,110.06245386671168,104.28439870882357,107.1285171508789,64357,0,112.50989608764648,108.49010574340821,110.38998557433534,112.97434388670332,119.28771059065875,44.002001585216135,-0.8717764273202846,0.1772435691319943,-1.0490199964522788,122.24264130840722,112.50989608764648,102.77715086688575,5.509620196097678,27.115334626227877,18.518553991628796,70966877.0,-82.4444067893522,-78.10517332168386,99.26211365254079,0.06281844460696724,4481359872,10.320957,8.35,1.6156125,0.23
2025-05-06,109.46369326959822,109.46369326959822,103.78543027309523,104.29438018798828,45735,0,112.42157859802246,108.282734375,109.80945172801657,112.63395315342038,119.138523223468,40.17152303329631,-1.243868464424608,-0.10697883757932619,-1.136889626845282,122.41536272718267,112.42157859802246,102.42779446886226,5.521666110412343,27.544382754188756,23.765729770074472,70921142.0,-102.82775344029506,-94.5118482732264,99.26336741798467,0.045890347736188976,4481359872,10.320957,8.35,1.6156125,0.23
2025-05-07,104.29438283247819,109.65329887029861,103.2964459776255,106.77924346923828,111432,0,111.77591323852539,108.27694641113281,109.52086046527577,112.40435669521716,119.01554531546572,44.71563743767144,-1.3229957136297088,-0.35018221278940276,-0.972813500840306,121.47137446493008,111.77591323852539,102.0804520121207,5.581322309145255,35.990232234848236,30.216649871754882,71032574.0,-83.11490011937623,-79.89632937741948,99.26675793660051,-0.22929696768029767,4481359872,10.320957,8.35,1.6156125,0.23
2025-05-08,106.92893305108893,112.36768573898767,105.79128567191873,107.66740417480469,105268,0,111.20958404541015,108.2987013244629,109.34434081856425,112.21859385127942,118.90262848819546,46.28600917318686,-1.2990626963106848,-0.5399583094936592,-0.7591043868170256,120.46565783285209,111.20958404541015,101.95351025796822,5.65239929185409,36.99423851907715,33.50961783603797,71137842.0,-47.672672610424875,-74.66747321426297,99.27084781625435,-0.17300207895924333,4481359872,10.320957,8.35,1.6156125,0.23
2025-05-09,104.7833686042906,106.41998441911292,103.7854317604402,104.5239028930664,51531,0,111.03743972778321,108.29730422973633,108.88525149232636,111.91684126468283,118.75955659172652,41.764210616608906,-1.5162712585348999,-0.7352208993019074,-0.7810503592329925,120.64956177058066,111.03743972778321,101.42531768498576,5.525940229176261,37.73034062765125,36.904937127192134,71086311.0,-104.19962373784065,-92.8860941271843,99.27205603218671,-0.26674517222568356,4481359872,10.320957,8.35,1.6156125,0.23
2025-05-12,108.25619497583577,111.92860296090412,107.20835821718165,111.09033203125,131212,0,111.0144874572754,108.32464782714844,109.09525916270005,111.88442913788154,118.68324589958247,52.25661429302797,-1.1453517534305746,-0.8172470701276409,-0.32810468330293374,120.62380202249663,111.0144874572754,101.40517289205415,5.660137360509222,49.21157974197175,41.31205296289997,71217523.0,-21.36135798271282,-51.90886371995503,99.27794703440883,-0.20837137738604994,4481359872,10.320957,8.35,1.6156125,0.23
2025-05-13,111.46954271216488,113.15605841917325,109.80299000573335,110.29197692871094,49211,0,110.94063987731934,108.31925888061524,109.20923228327251,111.82198003163955,118.59975068594196,51.05226742770226,-0.9053793088541653,-0.8348735178729457,-0.07050579098121956,120.54832849530106,110.94063987731934,101.33295125933762,5.495346721432843,56.80044125448546,47.91412054136941,71168312.0,-5.467482541630807,-53.85124265011921,99.28036087695867,-0.25209961558761085,4481359872,10.320957,8.35,1.6156125,0.23
2025-05-14,111.45956534322521,115.55110476344468,111.36974707074346,114.15399169921875,100078,0,110.92966232299804,108.43960998535157,109.68016175145787,111.91343146958384,118.55551427811386,56.299164738066985,-0.3989680465517438,-0.7476924236087054,0.3487243770569616,120.52212603489019,110.92966232299804,101.33719861110589,5.478473943811479,81.6651787036391,62.55906656669868,71268390.0,36.617625957904195,-22.285766256380384,99.28635069743372,-0.222328954845928,4481359872,10.320957,8.35,1.6156125,0.23
2025-05-15,114.15399577833513,115.15193262934858,113.28578797703801,114.47333526611328,51489,0,110.78196792602539,108.54359497070313,110.13665446713934,112.01381985376146,118.51489558147703,56.7123670559089,0.027814258839768513,-0.5925910871190105,0.620405345958779,120.05536911573964,110.78196792602539,101.50856673631114,5.220450422989985,83.30553532913429,73.9237184290862,71319879.0,50.159659481113906,-8.794773613595614,99.28956130985581,-0.26853581939020593,4481359872,10.320957,8.35,1.6156125,0.23
2025-05-16,114.76273776856881,116.04009571859086,113.04628516810645,114.20389556884766,69873,0,110.60383605957031,108.66095245361328,110.52401076254013,112.0997051759217,118.4720000589633,56.229281956240186,0.34037712329524084,-0.40599744503616025,0.7463745683314011,119.46126988473371,110.60383605957031,101.74640223440691,5.0614047178110155,86.05809993186013,83.6762713215444,71250006.0,58.853091696774726,-14.408746215306046,99.29395273088082,-0.24563393971800102,4481359872,10.320957,8.35,1.6156125,0.23
2025-05-19,115.7606729124709,129.53220428717464,115.7606729124709,123.35497283935547,507004,0,110.93664779663087,109.00763580322266,111.74600715080825,112.54108822154656,118.52058685279805,66.62697086754513,1.311384082857316,-0.06252113945746496,1.373905222314781,121.09045550710276,110.93664779663087,100.78284008615897,5.794755003562156,79.57957047428857,82.98106857842757,71757010.0,185.4781772214126,-23.545084441377913,99.34349276089952,-0.14199242682487645,4481359872,10.320957,8.35,1.6156125,0.23
2025-05-20,124.84189701248253,124.84189701248253,116.39935226978282,117.3473892211914,121868,0,110.88026390075683,109.30322463989258,112.27947210989237,112.72957061368949,118.50891324452336,57.046356768367176,1.5779625336822392,0.2655755951704759,1.3123869385117632,120.87731658310352,110.88026390075683,100.88321121841014,5.983882842071982,60.270359160799636,75.30267652231602,71635142.0,128.7828328772987,-46.443540614369326,99.353677817708,-0.1879927185179266,4481359872,10.320957,8.35,1.6156125,0.23
2025-05-21,116.75861385510188,121.75827970841273,116.01016120218456,118.27547454833984,195664,0,110.94213600158692,109.68743041992188,112.85051996117308,112.94705704249931,118.506590471427,58.04992924426623,1.8428731120363153,0.5810350985436439,1.2618380134926714,121.10481059580889,110.94213600158692,100.77946140736495,5.967042532368852,44.44037687097716,61.43010216868836,71830806.0,112.87103013047569,-42.90605823555568,99.36932226230061,-0.1799736200872655,4481359872,10.320957,8.35,1.6156125,0.23
2025-05-22,117.35737084346195,119.75242078182931,114.87251024406208,115.4912338256836,93664,0,110.97107620239258,109.9782292175293,113.10201651969788,113.04682868105556,118.47658692271314,53.97565537612267,1.8073180589447162,0.8262916906238583,0.9810263683208579,121.18199273253097,110.97107620239258,100.76015967225419,5.889390247040166,26.487243571058855,43.73265986761178,71737142.0,80.19283440483915,-53.51844721172207,99.37603694795439,-0.19607346614113325,4481359872,10.320957,8.35,1.6156125,0.23
2025-05-23,114.31367038982606,116.77856803923298,114.31367038982606,115.04216003417969,55410,0,111.01648216247558,110.12951644897461,113.28679209250568,113.12507696941337,118.44241352083718,53.325556327179946,1.723041768351905,1.0056417061694676,0.7174000621824375,121.29113277665326,111.01648216247558,100.74183154829791,5.644783632923506,17.11217020011075,29.346596880715484,71681732.0,59.30577031127398,-55.23013317179762,99.37970274106635,-0.18287197246262518,4481359872,10.320957,8.35,1.6156125,0.23
2025-05-26,115.43135524776164,116.25964467227456,113.76480251192532,114.70286560058594,64975,0,111.34131088256837,110.2722215270996,113.42165623613236,113.18695103338092,118.40520408879487,52.808038457133534,1.6103113093004566,1.1265756267956655,0.48373568250479115,121.65076481446174,111.34131088256837,101.03185695067499,5.419787813453915,9.3619597065157,17.65379115922833,71616757.0,47.06285647459082,-56.523385036639866,99.38387323306544,-0.14728991504988018,4481359872,10.320957,8.35,1.6156125,0.23
2025-05-27,114.99226937964292,115.77065892343964,113.76480367420291,114.83259582519531,45869,0,111.66114959716796,110.438876953125,113.55603143509074,113.251486123256,118.36965574786353,52.995872829029686,1.5139874483680273,1.204057991110138,0.30992945725788945,121.9870923434107,111.66114959716796,101.33520685092523,5.1759354874384025,8.871220137045908,11.781783347890682,71662626.0,40.80271072488746,-57.09301407279624,99.38679333795542,-0.13617592165145823,4481359872,10.320957,8.35,1.6156125,0.23
2025-05-28,112.81676277962042,112.81676277962042,107.37800243477028,107.69734191894531,255577,0,111.61823806762695,110.54745239257812,112.99806100498165,113.03367654661636,118.26346357046135,42.88543802002886,0.8520725739381305,1.1336609076757365,-0.28158833373760594,122.0024164392673,111.61823806762695,101.2340596959866,5.338696766223161,8.135814849412341,8.78966489765788,71407049.0,-40.73005283429674,-84.8062115185772,99.39724935229619,-0.20700399157826033,4481359872,10.320957,8.35,1.6156125,0.23
2025-05-29,108.76513664354782,109.09445763584793,106.77924441659503,107.78716278076172,68079,0,111.77042350769042,110.65982025146485,112.50178498362737,112.82793090873972,118.15922177155888,43.03277281878656,0.33093326729108696,0.9731153795988066,-0.6421821123077196,121.83130891308114,111.77042350769042,101.7095381022997,5.122733655725285,8.672938639823549,8.559991208760495,71475128.0,-64.64512795011068,-95.57016594807975,99.39963457690968,-0.19189728041987522,4481359872,10.320957,8.35,1.6156125,0.23
2025-05-30,107.77717934075247,109.473668933062,107.67738717890848,108.60546875,67965,0,111.88718223571777,110.74364700317383,112.13070724709144,112.66234415741658,118.06415955243888,44.438988107054264,-0.015860109513553766,0.7753202817763345,-0.7911803912898883,121.74212962057442,111.88718223571777,102.03223485086113,4.885129948470159,10.641221417305102,9.14999163551356,71543093.0,-57.558970199291075,-91.97368455008642,99.40221034927957,-0.19330662777570706,4481359872,10.320957,8.35,1.6156125,0.23
2025-06-02,109.33396022131366,110.37181547197287,107.05866539295288,108.22624969482422,43444,0,111.94206886291504,110.84902908325195,111.7588541468755,112.48837966868747,117.96626990211436,43.89819331972805,-0.3176346728415922,0.5567292908527491,-0.8743639636943413,121.70216335665714,111.94206886291504,102.18197436917293,4.772845672080862,15.145403430623517,11.486521162583953,71499649.0,-60.15203083636796,-93.6403646538303,99.40385009432306,-0.20040444257833454,4481359872,10.320957,8.35,1.6156125,0.23
2025-06-03,107.93685161043364,111.76892539810038,107.70732278862629,110.33189392089844,98148,0,112.24394454956055,111.05200942993164,111.62295317297293,112.40381160014672,117.89030596200276,47.70375174914968,-0.38247634775261474,0.3688881631316764,-0.7513645108842911,121.39359115809569,112.24394454956055,103.09429794102542,4.722042596180379,31.39974062417161,19.06212182403331,71597797.0,-43.52542481870741,-84.38598967118511,99.408112438346,-0.16686206715133137,4481359872,10.320957,8.35,1.6156125,0.23
2025-06-04,110.33189236823863,110.96059743749386,107.30814502222314,107.97676086425781,63549,0,112.30382041931152,111.12785247802735,111.2756967626191,112.23020176736676,117.7916637222242,44.10045710724133,-0.6167933870559068,0.17175185309415975,-0.7885452401500666,121.32440090636129,112.30382041931152,103.28323993226175,4.645643297543974,32.978641791602065,26.50792861546563,71534248.0,-67.00958060502242,-94.73687619336414,99.41055929171677,-0.19317746047795856,4481359872,10.320957,8.35,1.6156125,0.23
2025-06-05,108.1663731311402,109.76307054728176,107.79713376061059,108.30608367919922,41184,0,112.33575439453125,111.2162696838379,110.99287646896006,112.07631478351706,117.69727984119908,44.72914411222046,-0.7670753626736371,-0.01601359005939962,-0.7510617726142375,121.29476672281982,112.33575439453125,103.37674206624268,4.454235689624488,36.441913231685625,33.60676521581967,71575432.0,-69.20432570786238,-93.2894916912395,99.41212287552126,-0.18721808284370572,4481359872,10.320957,8.35,1.6156125,0.23
2025-06-06,108.3160689121338,109.62336377701774,108.27615052364789,109.23416900634766,34364,0,112.5712677001953,111.22664825439453,110.82538052013983,111.96485808637317,117.61306978314086,46.55344599802883,-0.8020407549358168,-0.17321902303468306,-0.6288217319011338,120.92357261786353,112.5712677001953,104.21896278252709,4.2323055156063,32.22311648276068,33.88122383534935,71609796.0,-69.1840577402587,-86.40883681552089,99.4134869528412,-0.17149616050362995,4481359872,10.320957,8.35,1.6156125,0.23
2025-06-09,109.76307239781553,110.8707829144258,107.58756975237827,108.63540649414062,72650,0,112.44852142333984,111.197109375,110.61681156528276,111.83429135726601,117.52373980016573,45.50979151766171,-0.8680597583379637,-0.3121871700953392,-0.5558725882426245,120.9550070337038,112.44852142333984,103.94203581297589,4.164513204637816,34.14116973254692,34.26873314899765,71537146.0,-67.5178494623702,-87.60826687844498,99.41636553660638,-0.22907945887577702,4481359872,10.320957,8.35,1.6156125,0.23
2025-06-10,109.15433237808787,113.56521914111516,108.49569800130813,111.19012451171875,194535,0,112.49342880249023,111.32704071044923,110.67141279827666,111.8090299123426,117.46071875251948,50.59861179680895,-0.7060964603608966,-0.3909690281484507,-0.3151274322124459,120.96330521684808,112.49342880249023,104.02355238813237,4.229156628578475,45.99398537150858,37.4527571956053,71731681.0,-30.79159890078836,-65.99999899065536,99.42570861078737,-0.19327164780455394,4481359872,10.320957,8.35,1.6156125,0.23
2025-06-11,111.9685131917448,112.64711056439525,109.88282879874295,111.16018676757812,34238,0,112.3437385559082,111.44080551147461,110.7179627001149,111.78358508313615,117.3980268919728,50.53904743669605,-0.5735436513888317,-0.4274839527965269,-0.14605969859230478,120.79673748130347,112.3437385559082,103.89073963051294,4.124522709798034,50.52057388611286,43.55190966338936,71697443.0,-25.817390458471305,-56.187613119502736,99.42737206087907,-0.21553346622952993,4481359872,10.320957,8.35,1.6156125,0.23
2025-06-12,111.75894401389982,112.18805715747322,108.28612809193015,109.18427276611328,47263,0,112.0792854309082,111.52642852783202,110.57189699211474,111.68165126678231,117.31629799519808,46.636837577902774,-0.6207783948878074,-0.466142841214783,-0.1546355536730244,120.58004171474573,112.0792854309082,103.57852914707067,4.108623163779823,49.50630695441878,48.67362207067998,71650180.0,-45.618253457946416,-74.6315737241427,99.42940618656198,-0.23413225610546623,4481359872,10.320957,8.35,1.6156125,0.23
2025-06-13,108.7651336093659,110.6711966204265,105.7014678277991,108.74517822265625,89764,0,111.80634956359863,111.60187255859375,110.39792377597584,111.5664954611303,117.23101322134195,45.79071041724402,-0.6857387598435452,-0.5100620249405354,-0.17567673490300972,120.36703539909816,111.80634956359863,103.2456637280991,4.170130708697507,41.72768305403427,47.25152129818855,71560416.0,-66.80435419004871,-69.77204657308648,99.43270844139272,-0.21559977700933072,4481359872,10.320957,8.35,1.6156125,0.23
2025-06-16,108.77511391519174,110.76100606493962,105.39210868783908,108.61544036865234,83683,0,111.06937294006347,111.64837631225586,110.22816345146884,111.45076781044489,117.14528612828036,45.52787897756739,-0.7391684043893036,-0.555883300830289,-0.18328510355901462,117.88663369381074,111.06937294006347,104.25211218631621,4.255756899297724,34.95168207360275,42.06189069401851,71476733.0,-67.23111332140319,-60.56175064266713,99.43574472657595,-0.28707083930048893,4481359872,10.320957,8.35,1.6156125,0.23
2025-06-17,108.56554759885225,111.26995546834578,107.7771765971421,110.10237121582031,88541,0,110.70712203979492,111.7292091369629,110.21618323854993,111.39788951261647,117.0752073729325,49.13164332873339,-0.6539900992947878,-0.5755046605231888,-0.07848543877159897,116.89214120769653,110.70712203979492,104.52210287189332,4.201258468719578,47.68939113823162,41.45625208862279,71565274.0,-30.989114891289844,-42.368789031926234,99.43948649561449,-0.22134074732399522,4481359872,10.320957,8.35,1.6156125,0.23
2025-06-18,110.38179217235631,110.38179217235631,108.09651594292477,109.1243896484375,55158,0,110.2495677947998,111.51784591674804,110.11220289663446,111.30873265519769,116.99609475875842,46.93237019908,-0.6578177049601663,-0.5919672694105843,-0.06585043554958203,115.39369599933292,110.2495677947998,105.10543959026668,4.064402594484719,53.093933922041174,45.24500237795843,71510116.0,-39.411503366302625,-54.33463206040019,99.44169923474817,-0.21833501578899986,4481359872,10.320957,8.35,1.6156125,0.23
2025-06-19,108.66534219750683,111.26995796616589,106.42996580157914,107.0886001586914,51383,0,109.82943611145019,111.27973815917969,109.82424073111608,111.14323726317784,116.89751272293685,42.65233293632821,-0.8157192048206525,-0.6367176564925979,-0.1790015483280546,114.54741694891628,109.82943611145019,105.1114552739841,4.119801849492006,49.56866838727884,50.1173311491838,71458733.0,-68.89164737709869,-79.24301304196487,99.44356158603517,-0.20336962383062365,4481359872,10.320957,8.35,1.6156125,0.23
2025-06-20,107.75722082405639,109.01461573134688,106.73932100731224,107.1684341430664,56497,0,109.43574981689453,111.2637710571289,109.57130677034944,110.98736263101661,116.80070597089833,42.87235236060153,-0.9237667378116754,-0.6941274727564134,-0.229639265055262,113.633496324825,109.43574981689453,105.23800330896405,3.988051340530766,38.00077647677053,46.88779292869677,71515230.0,-95.92246214712507,-78.26622476984505,99.4454640172599,-0.21127525069950925,4481359872,10.320957,8.35,1.6156125,0.23
2025-06-23,107.12851520290323,108.86492312327027,106.04076773280919,106.52975463867188,59973,0,109.02709426879883,111.16337860107421,109.2816351387611,110.81255447445407,116.69850745017966,41.50058842309705,-1.0488408994764313,-0.765070158100417,-0.2837707413760143,112.64559370589843,109.02709426879883,105.40859483169923,3.9049159155257884,22.811408331949167,36.79361773199943,71455257.0,-127.4213691590975,-86.08062429430669,99.44736045351112,-0.2268359817705775,4481359872,10.320957,8.35,1.6156125,0.23
2025-06-24,107.77718247874006,109.27408779094479,106.02081144726337,107.20835876464844,55653,0,108.64588241577148,111.07216720581054,109.08418024598846,110.6712134662264,116.60407811002513,43.56670891867701,-1.0807472109651997,-0.8282055686733736,-0.2525416422918261,111.18222591996954,108.64588241577148,106.10953891157342,3.858370231822619,20.73179967308098,27.181328160600145,71510910.0,-112.00966184485881,-77.77773728628206,99.44920078349085,-0.23693432764476857,4481359872,10.320957,8.35,1.6156125,0.23
2025-06-25,107.94682495424648,109.63334063144748,107.76719602049931,108.2761459350586,39057,0,108.67482261657715,110.95021926879883,109.00722459732847,110.57728924931786,116.5212131132593,46.753461969798806,-1.0082492224867536,-0.8642142994360495,-0.1440349230507041,111.18023344688137,108.67482261657715,106.16941178627292,3.7559853486066497,24.980155214876827,22.841121073302244,71549967.0,-24.658995633328058,-64.71310079917637,99.4506614238544,-0.12058094164039383,4481359872,10.320957,8.35,1.6156125,0.23
2025-06-26,108.755157979224,110.77098700534975,107.68736588651136,107.97676086425781,66890,0,108.68430252075196,110.76121002197266,108.90908519417889,110.47530774402138,116.4361936878961,45.96964562991585,-0.9638413542841988,-0.8841397104056794,-0.07970164387851941,111.17761236901777,108.68430252075196,106.19099267248615,3.707959332194631,35.58857479093629,27.100176559631283,71483077.0,-8.286859498236675,-68.37615016712877,99.45323126842725,-0.1545669009787056,4481359872,10.320957,8.35,1.6156125,0.23
2025-06-27,109.26410549051097,109.97263975279593,107.99672901879657,108.1563949584961,42609,0,108.66184883117675,110.5690072631836,108.83740040982815,110.38436998772627,116.35380763088713,46.5486772849276,-0.9037351325989817,-0.8880587948443399,-0.015676337754641834,111.16566025637081,108.66184883117675,106.1580374059827,3.5856678719334516,43.03336294506027,34.534030983624376,71525686.0,-17.67227342989173,-66.1782832073561,99.45484949740634,-0.18634931653634804,4481359872,10.320957,8.35,1.6156125,0.23
2025-06-30,108.6553603696021,109.39383911283795,108.02666290148346,108.40587615966797,37900,0,108.67083015441895,110.40315002441406,108.79630286219384,110.30678199446909,116.27472373565112,47.39191634248444,-0.8264427533207908,-0.8757355865396301,0.04929283321883937,111.1696106722833,108.67083015441895,106.1720496365546,3.427204181892097,45.44812825992244,41.356688665306244,71563586.0,-26.514429806732284,-58.459452897350964,99.4562728921664,-0.19022172304954915,4481359872,10.320957,8.35,1.6156125,0.23
2025-07-01,108.72521263314088,110.71111237105613,108.21627034079908,108.65535736083984,50516,0,108.58700332641601,110.20675582885742,108.7828794811125,110.24202024413069,116.19890914485698,48.27076281714466,-0.7365662605925962,-0.8479017213502233,0.11133546075762712,110.9669229978115,108.58700332641601,106.20708365502053,3.3606068853467366,42.186470774396675,43.55598732645971,71614102.0,28.43998228066588,-51.98243942575927,99.4582907264365,-0.24592864674897585,4481359872,10.320957,8.35,1.6156125,0.23
2025-07-02,108.83498888333047,111.89865466489726,107.78715977386199,108.74517822265625,118809,0,108.62542419433593,110.04089874267578,108.77928888506905,110.18332055701404,116.12474266801917,48.60366508825235,-0.6505910905826795,-0.8084395951967146,0.1578485046140351,110.98945415966276,108.62542419433593,106.26139422900911,3.414241742895918,35.57330516286941,41.06930139906276,71732911.0,49.030084807574816,-48.46621315456842,99.46317092335156,-0.2531743461558833,4481359872,10.320957,8.35,1.6156125,0.23
2025-07-03,109.27408612562019,109.27408612562019,107.8769729994568,108.12645721435547,27956,0,108.61644287109375,109.90517929077149,108.71711444023919,110.10265924945881,116.04515773813196,46.38904885061819,-0.6251741450481063,-0.771786505166993,0.14661236011888668,110.9866143747592,108.61644287109375,106.2462713674283,3.2701611274150233,21.587431051993875,33.11573566308657,71704955.0,-41.76559675444086,-57.97542142701231,99.46419808523882,-0.25429140550261164,4481359872,10.320957,8.35,1.6156125,0.23
2025-07-04,109.06451790921116,110.1422915212371,107.49775737852035,107.86698913574219,54749,0,108.54808387756347,109.77983825683594,108.63615012552519,110.014985911666,115.96378292616788,45.45370244522931,-0.6188344003158335,-0.7411960841967611,0.12236168388092761,110.92190784185885,108.54808387756347,106.17425991326809,3.2254734856508613,13.920274970508336,23.69367039512379,71650206.0,-32.44896889305302,-68.59089941459871,99.46622616362157,-0.2910329716555149,4481359872,10.320957,8.35,1.6156125,0.23
2025-07-07,107.8669902202317,109.3738769921781,106.77924271072308,107.01874542236328,37646,0,108.46725082397461,109.7560873413086,108.48211158236691,109.89748628463452,115.87477757787131,42.44094961294353,-0.6744812851362525,-0.7278531243846593,0.05337183924840683,110.93203366582674,108.46725082397461,106.00246798212248,3.180413542494015,7.106885054078643,14.204863692193534,71612560.0,-90.03961057143171,-83.0221062701018,99.46750008185515,-0.30233060586074817,4481359872,10.320957,8.35,1.6156125,0.23
2025-07-08,108.2761493869817,119.30335474328338,108.0765650603014,112.91655731201172,972605,0,108.55357246398925,109.84570205688476,108.90443974709498,110.01588122688462,115.84534255035032,61.53255739595893,-0.23991215486536532,-0.6302649304808006,0.39035277561543524,111.47278574437256,108.55357246398925,105.63435918360595,3.830713240953021,20.690744833821878,13.9059682861362,72585165.0,312.2131613460382,-48.08414539996572,99.5229372994126,-0.2593650740614946,4481359872,10.320957,8.35,1.6156125,0.23
2025-07-09,113.49536234255169,113.57519150490764,110.5714070406596,110.96060180664062,82175,0,108.54359321594238,109.89380264282227,109.10026470514696,110.0529290927574,115.79673816484078,55.01529687201443,-0.052734362006191304,-0.5147588167858788,0.46202445477968745,111.42825580635751,108.54359321594238,105.65893062552725,3.771646899759808,29.02292870448134,18.940186197460534,72502990.0,184.64478697574526,-62.8099058343938,99.52702102731756,-0.28100517972237044,4481359872,10.320957,8.35,1.6156125,0.23
2025-07-10,111.76892626962106,112.05832886735051,108.99466306789901,109.6532974243164,52974,0,108.56704444885254,109.99199951171875,109.152934487925,110.03725726262246,115.73560940125347,51.118225869744926,-0.009770522179351815,-0.41376115786457335,0.40399063568522153,111.47965033500599,108.56704444885254,105.6544385626991,3.721076821166357,35.112877667496925,28.275517068599964,72450016.0,82.9301552123737,-72.65218041381068,99.52933513091271,-0.2824582868848344,4481359872,10.320957,8.35,1.6156125,0.23
2025-07-11,109.51358665900925,110.29197617580594,108.47573143206236,109.11441040039062,42520,0,108.58550605773925,110.0488818359375,109.14926552720743,110.00106718959375,115.66972682413045,49.55978627039126,-0.018986187788541997,-0.33480616384936707,0.31581997606082507,111.50706134435558,108.58550605773925,105.66395077112293,3.5850173870647306,24.993339447312167,29.709715273096723,72407496.0,18.10452732147275,-76.7092876403104,99.53102857987727,-0.30467383770945833,4481359872,10.320957,8.35,1.6156125,0.23
2025-07-14,109.70319449245741,110.77098658108024,107.48777354265121,108.3160629272461,70853,0,108.57053718566894,110.07263275146484,109.06991289863969,109.93498859107032,115.59655603908682,47.26101298950089,-0.08967591012307707,-0.28578011310410906,0.19610420298103198,111.49439247137555,108.57053718566894,105.64668189996233,3.5634599335907517,16.20123063763728,25.435815917482035,72336643.0,-12.976481389478076,-87.72910835891939,99.53372325207569,-0.3317080192962049,4481359872,10.320957,8.35,1.6156125,0.23
2025-07-15,108.91482381721782,109.56348427230243,107.82707633905511,108.41585540771484,43235,0,108.48621139526367,110.15506225585938,109.0076217090278,109.87541474074266,115.52510628156072,47.58826760226232,-0.13607699430649234,-0.2558394893445857,0.11976249503809339,111.32451521398065,108.48621139526367,105.64790757654669,3.4329562192805065,13.633807939312677,18.276126008087285,72379878.0,-27.30402866641488,-86.93230551805284,99.53532164884248,-0.36057566211753633,4481359872,10.320957,8.35,1.6156125,0.23
2025-07-16,109.46369579624542,110.22212232237797,107.96679051737027,108.36595916748047,48150,0,108.44828987121582,110.18679656982422,108.9465109907852,109.8162204045363,115.45387098689326,47.42979291289649,-0.17486071196967146,-0.23964373386960286,0.0647830218999314,111.27170167654728,108.44828987121582,105.62487806588436,3.348840189689592,13.823343127446535,14.552793901465408,72331728.0,-8.812865489330383,-87.33070693848612,99.53715005361471,-0.374537305133771,4481359872,10.320957,8.35,1.6156125,0.23
2025-07-17,108.47573197250435,109.77305291606486,108.03664493812474,108.33602142333984,34039,0,108.51066093444824,110.20016891479492,108.88836912721898,109.75817338566584,115.38304661312657,47.32795401793445,-0.2056422969994003,-0.23284344649556235,0.027201149496162064,111.26545008107657,108.51066093444824,105.75587178781991,3.2336664602789154,20.098597236431072,15.851916101063338,72297689.0,-20.292269079405923,-87.56974779074608,99.53842326736437,-0.37022567051281413,4481359872,10.320957,8.35,1.6156125,0.23
2025-07-18,108.67532522749495,109.30402270635913,107.0287278910556,107.31813049316406,58498,0,108.51814575195313,110.25605346679687,108.73882259064231,109.66248542909715,115.3027986915349,43.87827379330801,-0.30861469796833774,-0.24799769679011743,-0.0606170011782203,111.25908543957573,108.51814575195313,105.77720606433053,3.165211342780674,17.59441845144151,17.172119605106285,72239191.0,-81.1611412203948,-95.69719768523328,99.54041232179246,-0.37407649424018447,4481359872,10.320957,8.35,1.6156125,0.23
2025-07-21,108.27614556561309,108.27614556561309,104.93305872295394,105.34220886230469,85922,0,108.45876846313476,110.14109100341797,108.41533556889587,109.4930628186347,115.2036883449754,38.07637836678239,-0.5433974818391363,-0.3070776537999212,-0.23631982803921509,111.41261729186745,108.45876846313476,105.50491963440207,3.177916735629136,13.768350337000278,17.153788674957532,72153269.0,-193.9696561502001,-97.15280646430718,99.54273725751992,-0.3819759228386923,4481359872,10.320957,8.35,1.6156125,0.23
2025-07-22,106.46988659677993,106.78922608913442,104.93306291055701,105.22246551513672,49942,0,108.35947380065917,110.03970077514649,108.1112527066331,109.32558841457595,115.10437269492726,37.750608670494955,-0.7307037193257742,-0.3918028669050918,-0.33890085242068235,111.5948735679913,108.35947380065917,105.12407403332705,3.0835057672682984,6.980313337097953,12.781027375179825,72103327.0,-212.51172542515548,-97.98607633570418,99.54397895710795,-0.39264859976946564,4481359872,10.320957,8.35,1.6156125,0.23
2025-07-23,105.78130651478496,106.67945120603751,104.7833696608719,105.80126190185547,49204,0,108.23572959899903,109.87264617919922,107.89125358236856,109.18737953172416,115.01180442832954,40.404760246468555,-0.8229547210448658,-0.4780332377330466,-0.34492148331181915,111.65831079772413,108.23572959899903,104.81314840027393,2.9986897514038207,11.202503308585975,10.65038899422798,72152531.0,-175.8794026654195,-92.98971565599902,99.54522313757525,-0.3801373670815184,4481359872,10.320957,8.35,1.6156125,0.23
2025-07-24,105.5817212408733,106.739324021912,104.62369516970857,104.79335021972656,45160,0,108.07655906677246,109.67904647827149,107.59621516687885,109.01506465674386,114.91012826704991,37.413205962437885,-0.9662559566237263,-0.5756777815111825,-0.3905781751125438,111.81411217349932,108.07655906677246,104.3390059600456,2.9356139728895068,9.832195878219235,9.338337507967632,72107371.0,-163.1779497401789,-98.84428484756285,99.54629674532072,-0.3760697929098725,4481359872,10.320957,8.35,1.6156125,0.23
2025-07-25,104.77339105143481,104.78337255207248,102.78749878917586,102.88729095458984,60990,0,107.81310386657715,109.45271438598633,107.14774619427989,108.774759805679,114.79049804503539,32.510983006210054,-1.2195678522975726,-0.7044557956684605,-0.5151120566291121,112.18072273841919,107.81310386657715,103.44548499473511,2.86920236272245,8.614315770105444,9.883004985636795,72046381.0,-200.233154236947,-99.39577963327315,99.54727461685563,-0.3821254510511512,4481359872,10.320957,8.35,1.6156125,0.23
2025-07-28,103.76547836806941,103.76547836806941,100.59203883908165,101.57999420166016,41492,0,107.47180976867676,109.01721481323243,106.61748409974467,108.49261213493315,114.65905024559882,29.642179920219796,-1.508419159941866,-0.8652484685231416,-0.6431706914187243,112.60115898522449,107.47180976867676,102.34246055212904,2.8909335888842578,7.128335536468721,8.524949061597711,72004889.0,-202.7368926580932,-92.39048181895771,99.54768518921675,-0.3808477013327587,4481359872,10.320957,8.35,1.6156125,0.23
2025-07-29,102.28852769508384,102.77751462248601,100.39244614678563,101.81949615478516,34834,0,107.13001670837403,108.7066569519043,106.16053286689139,108.23092131218225,114.5312934884763,30.84612511713491,-1.6984316336595668,-1.0318851015504267,-0.6665465321091402,112.7826715057584,107.13001670837403,101.47736191098966,2.854800366513981,13.414811928651877,9.719154411741926,72039723.0,-171.56785049728305,-87.76732080904696,99.54798498701878,-0.36413971362916747,4481359872,10.320957,8.35,1.6156125,0.23
2025-07-30,102.48811093608013,106.17050033050089,101.61991075366828,104.0848159790039,84408,0,106.89699859619141,108.42284378051758,105.96284554423544,108.06832894617526,114.4273484386308,41.110597707090974,-1.6472371853963352,-1.1549555183196083,-0.49228166707672694,112.64749567461551,106.89699859619141,101.1465015177673,2.975928167251026,32.200813257317634,17.581320240812655,72124131.0,-91.48326167561194,-64.4230337050353,99.54949901416437,-0.33483334325409037,4481359872,10.320957,8.35,1.6156125,0.23
2025-07-31,102.8872882008186,102.8872882008186,98.39657235449492,100.84152221679688,62082,0,106.53275184631347,108.12984954833985,105.47510046543177,107.78492476070944,114.29216608816479,33.45437604861886,-1.8470799299200422,-1.2933804006396952,-0.553699529280347,112.82313808304819,106.53275184631347,100.24236560957875,3.169664985626594,37.370360128743535,27.661995104904264,72062049.0,-150.30377227323842,-80.24189414114488,99.54979156067948,-0.31747457813423724,4481359872,10.320957,8.35,1.6156125,0.23
2025-08-01,100.84152484646393,102.06898294615488,98.89554336078548,99.51426696777344,24275,0,106.11511573791503,107.81929168701171,104.90740203708336,107.46058523941784,114.14512231582259,30.91685925907411,-2.088480448430005,-1.452400410197757,-0.6360800382322478,113.06975933053059,106.11511573791503,99.16047214529948,3.169934599893937,34.66809093057052,34.74642143887715,72037774.0,-140.27952072499508,-90.54847667707584,99.5498517429095,-0.30991434374720045,4481359872,10.320957,8.35,1.6156125,0.23
2025-08-04,100.20284034033878,101.96918517212417,99.10510374095682,99.94337463378906,13507,0,105.76134719848633,107.52410186767578,104.4346375224839,107.16579266664809,114.0038113936133,32.694336724961246,-2.2195807508462053,-1.6058364783274466,-0.6137442725187587,113.19917128300797,105.76134719848633,98.3235231139647,3.148087944984895,21.908473085269886,31.3156413815279,72051281.0,-119.62840316932763,-86.91982796998792,99.54989508726646,-0.3009129200254435,4481359872,10.320957,8.35,1.6156125,0.23
2025-08-05,100.08309080693456,101.28061201984316,98.50634870613669,99.0751724243164,32563,0,105.06927795410157,107.2089533996582,103.92421227503938,106.8485134414586,113.85526772227702,30.95871812101204,-2.366258591376976,-1.7579209009373524,-0.6083376904396236,112.28779359269477,105.06927795410157,97.85076231550836,3.121386185607865,14.334653698501429,23.637072571447202,72018718.0,-122.38029423628754,-94.03506149244596,99.54990446054326,-0.4662091342131389,4481359872,10.320957,8.35,1.6156125,0.23
2025-08-06,100.12300680718681,100.44234629725415,98.54626474400575,98.81570434570312,27472,0,104.46203308105468,107.03132064819336,103.43768771034068,106.53350132005643,113.70562032549519,30.438656297176113,-2.474909525797557,-1.9013186259093933,-0.5735908998881636,111.63921079303044,104.46203308105468,97.28485536907893,3.0338644261536167,12.65326183366446,16.298796205811847,71991246.0,-114.84497237448696,-96.15737887693828,99.5498729962768,-0.44987731889282967,4481359872,10.320957,8.35,1.6156125,0.23
2025-08-07,98.50634443255672,98.5163259327666,95.82189190013577,96.79987335205078,46371,0,103.81936187744141,106.81157485961914,102.80551491431308,106.15179041935032,113.53740393769972,26.687730188854967,-2.692637835440692,-2.059582467815653,-0.633055367625039,111.31680597871299,103.81936187744141,96.32191777616983,3.031003570397455,11.239156179483379,12.742357237216345,71944875.0,-141.88618916270576,-92.147410208723,99.54940119510132,-0.43468400511874583,4481359872,10.320957,8.35,1.6156125,0.23
2025-08-08,98.29677849162208,98.29677849162208,95.30296797918689,95.82189178466797,49484,0,103.15473594665528,106.5559033203125,102.14040794958497,105.74669635524513,113.36113018493323,25.073417016629975,-2.9105529855740713,-2.2297765713673368,-0.6807764142067345,111.00515984254008,103.15473594665528,95.30431205077048,3.0283469234001505,10.924223896789634,11.605547303312413,71895391.0,-136.14487325832832,-95.48222057597962,99.54878289144065,-0.4520211476884701,4481359872,10.320957,8.35,1.6156125,0.23
2025-08-11,97.74791117612752,97.74791117612752,95.80193736878562,96.12127685546875,17692,0,102.54499664306641,106.3138038635254,101.56715736919294,105.36922892388135,113.18958935578434,26.53836067340084,-3.024232963813276,-2.3886678498565246,-0.6355651139567513,110.58912974670645,102.54499664306641,94.50086353942638,2.9510345579674184,12.376286566296928,11.513222214189902,71913083.0,-119.96863760655684,-92.84467121148784,99.54856786694621,-0.45291400660136655,4481359872,10.320957,8.35,1.6156125,0.23
2025-08-12,96.12127941322909,98.27682671593917,96.12127941322909,96.91963195800781,13306,0,101.97018547058106,106.04555862426758,101.12453590146103,105.03787218012161,113.02769923242337,30.443813586589602,-3.0151478335837396,-2.5139638466019676,-0.501183986981772,109.89621820418232,101.97018547058106,94.0441527369798,2.8942142224319185,17.64342712114215,13.647979194742826,71926389.0,-100.22320338154196,-85.86381909778582,99.54843583676963,-0.45642790142437983,4481359872,10.320957,8.35,1.6156125,0.23
2025-08-13,97.74790986359363,97.74790986359363,96.89966507726164,97.13916778564453,21341,0,101.40884590148926,105.82880676269531,100.74497703328802,104.7281190666127,112.86960439215692,31.52190709583126,-2.956156365431937,-2.6024023503679614,-0.35375401506397575,109.02777946104013,101.40884590148926,93.78991234193839,2.748073548424781,34.09620304397961,21.37197224380615,71947730.0,-90.43761308792351,-83.10380179143772,99.54823766005194,-0.4451915653878591,4481359872,10.320957,8.35,1.6156125,0.23
2025-08-14,98.29678222316358,98.29678222316358,94.80400315939634,96.48053741455078,22752,0,100.81607170104981,105.59229583740235,100.33883992674161,104.40468449202204,112.7065290988474,30.01865133857877,-2.928789901577673,-2.667679860609904,-0.26111004096776913,108.02045344693245,100.81607170104981,93.61168995516717,2.8012667995206706,45.53304321318879,32.42422445943677,71924978.0,-97.57889591639858,-85.25021182940638,99.54795848619774,-0.4257374794212181,4481359872,10.320957,8.35,1.6156125,0.23
2025-08-18,99.59409686290765,101.15087585294346,94.80399712081551,96.00151824951172,71354,0,100.25024108886718,105.32764282226563,99.92576167176733,104.0751485609432,112.54031008542117,28.93776219694697,-2.9121847718194402,-2.716580842851811,-0.19560392896762924,107.09151951427826,100.25024108886718,93.40896266345611,3.0545247947069045,41.33686437843425,40.322036878534135,71853624.0,-75.50865625124867,-89.46447199631454,99.54731265393032,-0.42027928457196356,4481359872,10.320957,8.35,1.6156125,0.23
2025-08-19,96.89966339456028,99.79368168619055,95.80193441874293,98.4963607788086,59109,0,99.90794868469239,105.12486190795899,99.7896282533903,103.85637256948695,112.40056929630065,40.87802403979755,-2.666968986659583,-2.7066584716133653,0.039689484953782106,106.37045796526073,99.90794868469239,93.44543940412404,3.121469257045527,41.68131279679545,42.85040679613942,71912733.0,-53.94355941682485,-67.51539510544607,99.54694874248116,-0.33046151777361316,4481359872,10.320957,8.35,1.6156125,0.23
2025-08-20,98.79574879202572,99.2847357198803,94.46470648943426,96.15121459960938,73765,0,99.45438613891602,104.8240837097168,99.44311266731593,103.55420951184469,112.23888417494054,34.935705223767286,-2.6315327363803362,-2.6916333245667596,0.06010058818642339,105.62811618149836,99.45438613891602,93.28065609633369,3.2427949694312774,34.08925380405234,39.03581032642726,71838968.0,-81.65058207849702,-79.97635205016115,99.5460766237933,-0.3068509903841379,4481359872,10.320957,8.35,1.6156125,0.23
2025-08-21,96.50049022271531,97.74791128357593,96.32086128540523,97.09925842285156,20464,0,99.01928596496582,104.54286514282227,99.21988845355742,103.30107417502143,112.0882411326312,38.80829744431049,-2.4981528878814743,-2.6529372372297026,0.15478434934822838,104.5338533020259,99.01928596496582,93.50471862790573,3.1252165204695115,40.934298645928195,38.901621748925244,71859432.0,-64.92501018024778,-65.3543378069994,99.54586985212691,-0.31971994286512867,4481359872,10.320957,8.35,1.6156125,0.23
2025-08-22,98.23690505825557,98.23690505825557,95.80193672999886,96.6302261352539,17480,0,98.61112976074219,104.29178421020508,98.97325394705231,103.03947229110898,111.93443003812993,37.61545157204868,-2.402599708861601,-2.6028697315560825,0.20027002269448158,103.53227238590006,98.61112976074219,93.68998713558432,3.0759130781685973,32.33829585000522,35.78728276666183,71841952.0,-63.81516133640713,-71.14363652181855,99.54568146214378,-0.2901764584996294,4481359872,10.320957,8.35,1.6156125,0.23
2025-08-25,97.09925636485734,97.79780909867205,95.79195394349868,96.23104858398438,12822,0,98.27831764221192,104.04150161743163,98.71209153152203,102.77247528298645,111.77817748634739,36.58480782457704,-2.3321992768662483,-2.5487356406181156,0.21653636375186736,102.88813710533879,98.27831764221192,93.66849817908505,2.9994803693832237,34.97901845181341,36.08387098258219,71829130.0,-67.77005504293987,-74.0849974127481,99.54552858105768,-0.2450294862244013,4481359872,10.320957,8.35,1.6156125,0.23
2025-08-26,96.79987068877773,97.08927327767127,93.1673813050128,93.87591552734375,24612,0,97.89311370849609,103.74671112060547,98.25150334064791,102.42359058668673,111.6000455265563,31.16011270557625,-2.4383383357829302,-2.5266561796510785,0.08831784386814823,102.62100144574089,97.89311370849609,93.16522597125129,3.065366912474313,25.705469851203038,31.0075947176738,71804518.0,-126.71670379781182,-91.12501150871823,99.54504584833484,-0.2507823270395757,4481359872,10.320957,8.35,1.6156125,0.23
2025-08-28,95.20317865611484,95.48259976075354,92.95782070485579,93.616455078125,22883,0,97.48296165466309,103.41699279785156,97.81007017278858,102.07821272360587,111.42110432806444,30.621420988602143,-2.5144060863159154,-2.524206160984046,0.009800074668130598,102.20044929239612,97.48296165466309,92.76547401693006,3.026753494147416,19.068220825174777,26.584236376063654,71781635.0,-145.57029737182512,-91.9610650561416,99.54453288866898,-0.2797501587279157,4481359872,10.320957,8.35,1.6156125,0.23
2025-08-29,94.08548458116205,94.30503190536976,92.90791879885572,93.456787109375,13699,0,96.95156021118164,103.10364074707032,97.39547178579681,101.74011760147917,111.24235490300286,30.274563965155725,-2.558086172288313,-2.530982163244899,-0.02710400904341359,100.90760113936835,96.95156021118164,92.99551928299493,2.9103506093164606,11.452779591193396,18.742156755856982,71767936.0,-173.2460723751927,-93.34136636988671,99.54420015582416,-0.3257298848491239,4481359872,10.320957,8.35,1.6156125,0.23
2025-09-01,93.82601936159996,97.69801921541739,93.3270509362032,96.92960357666016,33515,0,96.7559642791748,102.90046081542968,97.35110338492666,101.55146999266273,111.09993946691985,44.89512104131377,-2.2861226904343823,-2.482010268682796,0.19588757824841352,100.28738952810104,96.7559642791748,93.22453903024856,3.014680442880585,35.00695428452213,21.842651566963344,71801451.0,-56.62301008310292,-51.21065472723703,99.5437163464833,-0.31456114955836134,4481359872,10.320957,8.35,1.6156125,0.23
2025-09-02,97.7878264936396,97.7878264936396,95.23311068037938,95.66222381591797,17219,0,96.56336212158203,102.67033660888671,97.19025771168774,101.32051916220215,110.9463303559646,41.47698400856593,-2.1480947275546356,-2.415227160457164,0.2671324329025282,99.88604008071728,96.56336212158203,93.24068416244678,2.98182582647913,49.66210251908482,32.04061213160003,71784232.0,-37.33975335984283,-66.58595939552576,99.54348478786946,-0.312671730562639,4481359872,10.320957,8.35,1.6156125,0.23
2025-09-03,95.85183490044355,97.25892186185922,95.85183490044355,96.57034301757812,14870,0,96.39471054077148,102.47114837646484,97.13121821701063,101.13423774476591,110.8032857058314,44.7244468801104,-1.943030891803545,-2.32078790672644,0.3777570149228948,99.33435817736505,96.39471054077148,93.45506290417792,2.8828881278692817,71.24590930586402,51.971655369823566,71799102.0,-7.8547490541138325,-55.569048889971036,99.54330490315742,-0.3023205960603631,4481359872,10.320957,8.35,1.6156125,0.23
2025-09-04,96.30090687307862,97.79781216126119,95.80193844368443,95.9815673828125,17310,0,96.24003028869629,102.24661254882812,97.02172766137271,100.93217224037558,110.65580592152276,43.05625722383057,-1.807193397144502,-2.218069004810052,0.4108756076655502,98.91266692276538,96.24003028869629,93.5673936546272,2.81952995570553,64.78333679552823,61.897116206825594,71781792.0,0.7361309229415041,-62.711820966815075,99.54309319412492,-0.30164390263612967,4481359872,10.320957,8.35,1.6156125,0.23
2025-09-05,95.80194008947198,96.50049285716273,94.80400321353999,95.06346893310547,18312,0,96.0524185180664,101.98235900878906,96.83522683010916,100.70202701263949,110.50065828979722,40.51834690104829,-1.7534118358111215,-2.1251375710102662,0.37172573519914476,98.49213854851249,96.0524185180664,93.61269848762032,2.7393127905567596,58.91589739836413,64.98171449991871,71763480.0,-72.53573136185307,-73.84979540587562,99.54278973398453,-0.2945214141205661,4481359872,10.320957,8.35,1.6156125,0.23
2025-09-08,95.1233435319203,97.26890935645982,95.1233435319203,95.80194091796875,41680,0,96.00252189636231,101.73886260986328,96.73681864800055,100.5098667736328,110.35440239555017,43.407865697953596,-1.632383937560121,-2.0265868443202373,0.39420290676011627,98.4197693382643,96.00252189636231,93.58527445446032,2.7011790500423016,45.00999190109959,56.236408698330564,71805160.0,-17.968521667899545,-57.97092977982029,99.5422020534651,-0.3013532878776221,4481359872,10.320957,8.35,1.6156125,0.23
2025-09-09,96.78989118478852,96.78989118478852,93.9258173502512,94.47467803955078,41693,0,95.93516120910644,101.46522827148438,96.52137668529105,100.27319270562958,110.19639518802778,39.677162437451244,-1.6248373644160807,-1.946236948339406,0.32139958392332524,98.44220553846255,95.93516120910644,93.42811687975033,2.712814391791946,28.782648600343776,44.23617929993575,71763467.0,-88.71800066119437,-75.43038697677827,99.5414451817219,-0.2939409477625591,4481359872,10.320957,8.35,1.6156125,0.23
2025-09-10,95.68218005998347,97.67805371039854,94.80399839471619,95.6921615600586,73832,0,95.91370544433593,101.21095397949219,96.44240381622129,100.09354442541111,110.05207445541117,44.39784427010412,-1.5032869494688015,-1.8576469485652851,0.35435999909648364,98.42135610364113,95.91370544433593,93.40605478503073,2.7478544831530756,31.042324933557193,34.944988478333435,71837299.0,-9.73928660308725,-47.75286282092169,99.54040306084909,-0.29364423765071274,4481359872,10.320957,8.35,1.6156125,0.23
2025-09-11,95.69216147355627,99.67392727071193,95.69216147355627,96.83979034423828,96398,0,95.90971336364746,100.97464263916015,96.48025015222291,99.96594622614943,109.92060894186716,48.489872467559316,-1.2993749327582407,-1.7459925454038763,0.4466176126456356,98.41119234626161,95.90971336364746,93.4082343810333,2.835991005581832,36.829350011842266,32.21810784858099,71933697.0,92.60672250471507,-41.88787138329018,99.53956809342685,-0.3117966299890352,4481359872,10.320957,8.35,1.6156125,0.23
2025-09-12,97.77785470183335,97.77785470183335,95.65224436492475,96.53043365478516,45525,0,95.8792766571045,100.73034774780274,96.48502953341931,99.83122024295866,109.78737336687132,47.47558725039497,-1.1494851406734767,-1.6266910644577963,0.4772059237843196,98.33456454833852,95.8792766571045,93.42398876587048,2.7852495292480293,47.208493154629174,38.360056033342794,71888172.0,38.468773028858266,-46.46008985951469,99.53903601142808,-0.29972807404567475,4481359872,10.320957,8.35,1.6156125,0.23
2025-09-15,97.767876602569,97.767876602569,95.36284508564526,95.67221069335938,24196,0,95.83886032104492,100.48126281738281,96.40761821531837,99.66812182924889,109.64692398703538,44.683181985780465,-1.087412803163275,-1.518835412198892,0.431422609035617,98.279798065222,95.83886032104492,93.39792257686784,2.7580910997962946,42.12968982939993,42.05584433195704,71863976.0,9.074495631254687,-59.14442161871412,99.53871548984851,-0.3221763956101958,4481359872,10.320957,8.35,1.6156125,0.23
2025-09-16,95.80193469515963,97.87764510749831,95.60235037667287,96.47055053710938,38253,0,95.8623119354248,100.25333404541016,96.41361176977465,99.54272687661597,109.51581579350378,47.761216704404156,-0.9627032315024309,-1.4076089760595998,0.4449057445571689,98.31801797311742,95.8623119354248,93.40660589773218,2.723605644869805,36.638632512318445,41.99227183211576,71902229.0,43.80741698416445,-47.34514813168313,99.53826813024294,-0.28726640194590936,4481359872,10.320957,8.35,1.6156125,0.23
2025-09-17,96.89966689894922,98.476408953891,96.79987473638477,97.46849060058594,44045,0,95.81091842651367,100.06232894897461,96.51407642032811,99.46138427755596,109.39594191098718,51.40154166385618,-0.7744175707899359,-1.280970695005667,0.5065531242157311,98.0798931490579,95.81091842651367,93.54194370396944,2.6723379857206493,37.815316197765064,38.861212846494396,71946274.0,125.56333091166837,-32.59583075161216,99.53791926949326,-0.33625677888157796,4481359872,10.320957,8.35,1.6156125,0.23
2025-09-18,98.28679536812186,98.49636118689268,96.30090322616188,96.73999786376953,47504,0,95.84035758972168,99.73879776000976,96.53559274827491,99.3546632417212,109.27001211947257,48.73182467839424,-0.6761884244986476,-1.160014240904263,0.4838258164056155,98.14128285084708,95.84035758972168,93.53943232859628,2.638275126792803,42.33767481125648,38.930541173779915,71898770.0,86.77230754296068,-46.22635218194291,99.53746576658145,-0.35905066331760105,4481359872,10.320957,8.35,1.6156125,0.23
2025-09-19,96.94000244140625,97.13999938964844,96.26000213623047,96.58999633789062,21510,0,95.81489448547363,99.45138565063476,96.54077404252402,99.24624493176705,109.14384280821305,48.176964386869884,-0.603488349844838,-1.048709062692378,0.44522071284754006,98.07035208152669,95.81489448547363,93.55943688942057,2.512683850123172,43.98461959029938,41.379203533106896,71877260.0,46.81052221247273,-53.65121710431929,99.53721558092614,-0.36933406204865393,4481359872,10.320957,8.35,1.6156125,0.23
2025-09-22,96.9000015258789,97.87999725341797,92.43000030517578,95.7300033569336,74838,0,95.76988334655762,99.1729197692871,96.4635577867535,99.108353105303,109.01037176889683,45.01258300238279,-0.6082556704648425,-0.960618384246871,0.35236271378202844,97.99417494569528,95.76988334655762,93.54559174741996,2.7224919285602445,45.8365449279703,44.0529464431753,71802422.0,-56.39803969726589,-54.44455655809379,99.5359468291651,-0.31060242538688754,4481359872,10.320957,8.35,1.6156125,0.23
2025-09-23,95.75,97.0,94.83000183105469,96.04000091552734,25987,0,95.76033096313476,98.91143157958984,96.42321903711291,98.98802556844905,108.88131335244539,46.37976445136352,-0.5803299121970866,-0.884560689836914,0.3042307776398274,97.97825029233772,95.76033096313476,93.5424116339318,2.6830280885877493,51.02300599187572,46.94805683671505,71828409.0,-3.3682628112452453,-50.165143470847035,99.5355705677582,-0.291234342533951,4481359872,10.320957,8.35,1.6156125,0.23
2025-09-24,96.51000213623047,99.0,94.08000183105469,95.58000183105469,111848,0,95.84553527832031,98.65671035766601,96.34291263653594,98.8543775787473,108.74896199402359,44.60739962923096,-0.5885323942278831,-0.8253550307151079,0.2368226364872248,97.89161114734146,95.84553527832031,93.79945940929916,2.842811665756147,53.95071052441091,50.27008714808556,71716561.0,13.823339537972714,-56.51527768204432,99.53407113209957,-0.29429176208957397,4481359872,10.320957,8.35,1.6156125,0.23
2025-09-25,96.98999786376953,99.0,95.47000122070312,96.8499984741211,61461,0,96.00721244812011,98.42539321899415,96.39120652582977,98.7757744766051,108.63056434705939,50.25897591804159,-0.4869416448709103,-0.7576723535462684,0.2707307086753581,97.8210200419466,96.00721244812011,94.19340485429363,2.8918964595804844,58.24306829959314,54.40559493862651,71778022.0,92.7215355680704,-38.9833968512661,99.53346805148234,-0.2839979535402835,4481359872,10.320957,8.35,1.6156125,0.23
2025-09-26,96.8499984741211,96.8499984741211,94.08999633789062,95.22000122070312,20273,0,96.09537315368652,98.1624740600586,96.27966316343677,98.63633238813836,108.49712590799118,44.04733350450652,-0.531826831318341,-0.7125032491006829,0.1806764177823419,97.53822282326533,96.09537315368652,94.65252348410772,2.8824754364840546,52.56215673045392,54.91864518481924,71757749.0,-113.62151553821884,-61.48496625102505,99.533128246777,-0.28269965553109727,4481359872,10.320957,8.35,1.6156125,0.23
2025-09-29,96.5999984741211,96.66999816894531,94.01000213623047,94.36000061035156,15938,0,95.96689300537109,97.88295364379883,96.09683815838103,98.46863310273496,108.35645799458183,41.157092434623934,-0.6295366205992963,-0.6959099234004056,0.06637330280110931,97.5413459478464,95.96689300537109,94.39244006289579,2.8665840505005393,38.918413246666674,49.90787942557116,71741811.0,-141.89412000950023,-73.35698835233997,99.53283709292536,-0.3277850419493508,4481359872,10.320957,8.35,1.6156125,0.23
2025-09-30,94.5199966430664,95.3499984741211,92.9000015258789,93.29000091552734,27847,0,95.84828186035156,97.60239105224609,95.8295203257283,98.26554948755035,108.20654299877035,37.83101738823049,-0.7842717688185132,-0.7135822924840272,-0.07068947633448608,97.8071624698605,95.84828186035156,93.88940125084262,2.836827828910657,18.624401342902818,36.70165710667438,71713964.0,-214.49787558869735,-88.12797789868507,99.5321971821786,-0.3324915764092272,4481359872,10.320957,8.35,1.6156125,0.23
2025-10-01,94.0,95.55000305175781,93.01000213623047,93.5,38584,0,95.69476470947265,97.365546875,95.6076612470875,98.07866519392093,108.06020923758855,38.87507420577839,-0.8798133765671707,-0.7468285093006559,-0.13298486726651482,97.87227573264425,95.69476470947265,93.51725368630105,2.8156259065261344,7.7478259054478515,21.763546831672357,71752548.0,-164.95341701667246,-83.7138547256379,99.53133780209724,-0.3506745495546202,4481359872,10.320957,8.35,1.6156125,0.23
2025-10-03,93.69999694824219,95.5999984741211,93.11000061035156,94.06999969482422,59511,0,95.59918632507325,97.14249755859375,95.46121728972909,97.9214626253289,107.92100317248642,41.735284144190956,-0.8991714881612722,-0.7772971050727792,-0.12187438308849308,97.88315971844968,95.59918632507325,93.31521293169682,2.7923667606149487,15.283235643165787,13.885154297172063,71812059.0,-123.7801970093922,-75.03805988087925,99.53007053798646,-0.33413405442759403,4481359872,10.320957,8.35,1.6156125,0.23
2025-10-06,94.80000305175781,94.9800033569336,93.20999908447266,93.8499984741211,18634,0,95.53851280212402,96.90347229003906,95.3077678787188,97.76179736449723,107.78099317548777,40.9390289929683,-0.9216410862108972,-0.8061659013004028,-0.11547518491049447,97.93775067254869,95.53851280212402,93.13927493169935,2.7193408686039477,21.55171773150404,14.860926426705802,71793425.0,-124.72491514918661,-78.38663264986187,99.52965529273082,-0.32589399266578895,4481359872,10.320957,8.35,1.6156125,0.23
2025-10-07,94.18000030517578,94.6500015258789,93.0199966430664,93.44999694824219,23386,0,95.4209156036377,96.67660522460938,95.13083731391151,97.59270715209507,107.63839619810224,39.46475065504648,-0.9606513934570984,-0.8370629997317419,-0.12358839372535646,97.9820729151768,95.4209156036377,92.85975829209859,2.64153115533313,25.063111342353977,20.632688239007845,71770039.0,-124.02280517453698,-84.47493621849101,99.529105274227,-0.32775330607591857,4481359872,10.320957,8.35,1.6156125,0.23
2025-10-08,94.5,94.5,92.43000030517578,92.7699966430664,15713,0,95.33568153381347,96.4742593383789,94.9059953452596,97.40358124978022,107.49045192392278,37.02382066521384,-1.0345124688525402,-0.8765528935559016,-0.15795957529663862,98.12079706990573,95.33568153381347,92.55056599772121,2.600707479582493,18.764849018522575,21.793226030793438,71754326.0,-134.98963686757858,-94.82501744774096,99.52870573824427,-0.3202451046652639,4481359872,10.320957,8.35,1.6156125,0.23
2025-10-09,93.4000015258789,93.5999984741211,92.43000030517578,92.98999786376953,12646,0,95.20057334899903,96.3024594116211,94.7235193946415,97.23049954836803,107.34616879894612,38.35232605612972,-1.063041561954094,-0.9138506272355401,-0.14919093471855394,98.16011426561424,95.20057334899903,92.24103243238382,2.498513957394123,16.253738301347195,20.027232887407823,71766972.0,-127.36504774692584,-91.47644467875834,99.52837264778164,-0.3104589607494477,4481359872,10.320957,8.35,1.6156125,0.23
2025-10-10,94.0,94.0,92.61000061035156,92.81999969482422,17629,0,94.99958381652831,96.12246948242188,94.5422318041827,97.05753876979769,107.20162980288521,37.69068135785246,-1.0868400892634327,-0.9484485196411186,-0.13839156962231403,98.03163180123548,94.99958381652831,91.96753583182115,2.419334345412288,14.561688819982843,16.526758713284114,71749343.0,-107.68189094915073,-94.06393595488787,99.52791809336982,-0.30499383327024737,4481359872,10.320957,8.35,1.6156125,0.23
2025-10-13,92.43000030517578,94.19999694824219,92.43000030517578,93.06999969482422,25936,0,94.82656211853028,95.90217315673829,94.40201922233904,96.90116468842618,107.06101656797912,39.34782426026222,-1.0731569971067927,-0.9733902151342535,-0.09976678197253919,97.88426185538101,94.82656211853028,91.76886238167954,2.372953080959011,20.596136407246988,17.137187842858918,71775279.0,-92.17752385853542,-90.25876074008613,99.52725889017981,-0.31222308925897807,4481359872,10.320957,8.35,1.6156125,0.23
2025-10-14,93.6500015258789,93.6500015258789,90.5999984741211,90.77999877929688,26836,0,94.58195152282715,95.70094268798829,94.05706489443025,96.66111896649954,106.89901639097731,31.170204081428547,-1.2328850521018353,-1.02528918252777,-0.2075958695740654,98.08082290884346,94.58195152282715,91.08308013681085,2.4213137931589253,16.246083842137846,17.1346363564558,71748443.0,-146.64280029554348,-97.85713961335325,99.52640829618002,-0.3189132777243484,4481359872,10.320957,8.35,1.6156125,0.23
2025-10-15,90.77999877929688,92.56999969482422,90.55000305175781,91.25,18521,0,94.32092399597168,95.53565734863281,93.789725380675,96.44891822271525,106.74330478509694,34.19311639782475,-1.3064851681575078,-1.0815283796537174,-0.22495678850379042,97.99196995584748,94.32092399597168,90.64987803609588,2.392648282438031,17.54073558985723,18.12765194641393,71766964.0,-139.52599016728018,-91.71600945503532,99.52580491240482,-0.32303017305514736,4481359872,10.320957,8.35,1.6156125,0.23
2025-10-16,90.51000213623047,91.88999938964844,90.51000213623047,91.18000030517578,12974,0,94.00649948120117,95.36038986206054,93.54118013538935,96.24229399065487,106.58844603405295,33.95393848604205,-1.3548443781226354,-1.136191579347501,-0.21865279877513433,97.62212841096503,94.00649948120117,90.39087055143732,2.3203160660794553,13.983526254662543,15.923448562219114,71753990.0,-141.01417696071073,-89.4321994329696,99.52536850252736,-0.32524242141406634,4481359872,10.320957,8.35,1.6156125,0.23
2025-10-17,90.5999984741211,91.37000274658203,90.0,90.80000305175781,13499,0,93.70949974060059,95.19488647460938,93.28011565123397,96.02887081658048,106.43134709890573,32.62000137677264,-1.407605997278253,-1.1904744629336514,-0.21713153434460164,97.35392814063705,93.70949974060059,90.06507134056413,2.2524365432582107,18.79429789270429,16.772853245741263,71740491.0,-150.03465642459557,-88.00594795539034,99.52488887090955,-0.2946184752202475,4481359872,10.320957,8.35,1.6156125,0.23
2025-10-20,91.0,92.0,90.51000213623047,91.30999755859375,16374,0,93.44549980163575,95.04477233886719,93.09248535669681,95.84381696332609,106.28088590944989,36.24043245173137,-1.39221903171493,-1.2308233766899073,-0.16139565502502284,96.98034697043745,93.44549980163575,89.91065263283404,2.197976637580448,24.365064031284238,19.047629392883596,71756865.0,-112.88157565075018,-76.60718007964546,99.52434350860382,-0.2866719873065539,4481359872,10.320957,8.35,1.6156125,0.23
2025-10-21,91.8499984741211,93.0,90.0,91.70999908447266,12048,0,93.2444995880127,94.94297485351562,92.96081999743737,95.68170645827301,106.13590196094266,39.008516764798856,-1.332389019232366,-1.251136505198399,-0.08125251403396705,96.69299801664846,93.2444995880127,89.79600115937694,2.255264020610416,37.31266803277342,26.824009985587224,71768913.0,-88.7663788569908,-69.46429374266863,99.52395670305386,-0.3424443132785146,4481359872,10.320957,8.35,1.6156125,0.23
2025-10-23,94.0,106.47000122070312,92.72000122070312,103.05000305175781,687626,0,93.59499969482422,95.08753707885742,93.92169457403932,95.97065926586065,106.10519649915973,73.77241591129025,-0.3657140317861689,-1.074052010515953,0.7083379787297841,98.98641455679466,93.59499969482422,88.20358483285379,3.1484596002975627,57.37509462790424,39.68427556398721,72456539.0,275.68815704109966,-20.76501466585385,99.52734082573535,0.1175504173767791,4481359872,10.320957,8.35,1.6156125,0.23
2025-10-24,103.80000305175781,105.20999908447266,101.54000091552734,102.87999725341797,143637,0,93.95999946594239,95.22271148681641,94.77486625778967,96.24161369674525,106.07310496437623,73.09973316451713,0.38225837653672556,-0.7827899331054173,1.165048309642143,100.66735692761542,93.95999946594239,87.25264200426936,3.185712355200973,71.47924176701684,55.38900147589808,72312902.0,287.0679129612547,-21.79722951551727,99.52946870234464,0.11846775184739072,4481359872,10.320957,8.35,1.6156125,0.23
2025-10-27,104.0,105.37999725341797,100.5,101.58000183105469,62375,0,94.19649963378906,95.31591888427734,95.42297440762444,96.4509622510319,106.02839747051233,67.99409259695089,0.8602170858144405,-0.45418852932144577,1.3144056151358863,101.59294358723818,94.19649963378906,86.80005568033994,3.306732705073616,75.9158052137434,68.25671386955473,72250527.0,216.33612345801953,-29.69034017739846,99.53021052595177,0.10156362250237452,4481359872,10.320957,8.35,1.6156125,0.23
2025-10-28,101.98999786376953,103.79000091552734,98.01000213623047,98.68000030517578,53380,0,94.3694995880127,95.34673553466797,95.73316735024838,96.53837550805714,105.95527909075774,58.224406633080235,0.993543963260322,-0.1646420308050922,1.1581859940654142,102.01139148558894,94.3694995880127,86.72760769043646,3.483394567518135,67.07143682132975,71.48882793402991,72197147.0,129.529149976997,-47.29811984309482,99.53034569935643,0.07033439583510569,4481359872,10.320957,8.35,1.6156125,0.23
2025-10-29,99.5999984741211,101.56999969482422,98.5,100.44999694824219,52972,0,94.67399940490722,95.4261247253418,96.18238921672398,96.69177242728009,105.90050016396654,61.829345680067284,1.2278762181048677,0.11386161897689978,1.114014599127968,102.76239249647543,94.67399940490722,86.58560631333901,3.453866362325712,59.743230241748385,67.57682409227375,72250119.0,109.08217979473855,-36.55132863556604,99.53048262104856,0.08784045425524568,4481359872,10.320957,8.35,1.6156125,0.23
2025-10-30,101.80999755859375,101.80999755859375,98.69999694824219,99.56999969482422,37097,0,94.98799934387208,95.49749435424805,96.50501878606686,96.80464408483084,105.83751010954721,59.09881158415416,1.32727776258956,0.35654484769943184,0.9707329148901281,103.32099354530364,94.98799934387208,86.65500514244052,3.4293045228989874,43.36230153621592,56.72565619976459,72213022.0,90.49778945482727,-41.89435952928446,99.5305566052781,0.0891945591072258,4481359872,10.320957,8.35,1.6156125,0.23
2025-10-31,98.80000305175781,100.30999755859375,98.29000091552734,98.4800033569336,21336,0,95.23699951171875,95.49716720581054,96.69311255472083,96.87034444844271,105.76430108713315,55.811041167537745,1.303079518207781,0.5458517818011017,0.7572277364066793,103.67422524194065,95.23699951171875,86.79977378149685,3.328639674339517,27.920750041540142,43.675427273168054,72191686.0,63.48202950772978,-48.512430307084266,99.53051339667935,0.09513505971865874,4481359872,10.320957,8.35,1.6156125,0.23
2025-11-03,99.9000015258789,100.80000305175781,97.0999984741211,99.72000122070312,83332,0,95.51949958801269,95.56854293823243,96.98138766576676,96.9820956944137,105.70415879990499,58.6306083776284,1.3681880791984469,0.7103190412805708,0.6578690379178761,104.15747597142136,95.51949958801269,86.88152320460402,3.3551657388607454,22.23568529597586,31.172912291243875,72275018.0,59.45690498490454,-40.98360351980492,99.53040497236478,0.1290897524579093,4481359872,10.320957,8.35,1.6156125,0.23
2025-11-04,100.33999633789062,101.48999786376953,98.61000061035156,100.6500015258789,31893,0,95.85949974060058,95.63955780029296,97.33077946196792,97.12593513878488,105.65386867777538,60.658152307161494,1.4777952316216982,0.8638142793487963,0.613980952272902,104.73976994022391,95.85949974060058,86.97922954097726,3.32122513275769,40.30393717320795,30.153457503574554,72306911.0,68.65520204414072,-35.33697184860169,99.5304971667501,0.14131272971341288,4481359872,10.320957,8.35,1.6156125,0.23
2025-11-06,100.98999786376953,100.98999786376953,98.16000366210938,99.55000305175781,27134,0,96.16450004577636,95.69795333862305,97.54213408956696,97.22099662556813,105.59313369642197,57.09385300212705,1.4590796439137677,0.9828673522617906,0.4762122916519771,105.11156214851954,96.16450004577636,87.21743794303319,3.286137209107866,55.5172260951816,39.35228285478837,72279777.0,52.14403629946986,-42.01577204649344,99.53050110903725,0.1486242468476393,4481359872,10.320957,8.35,1.6156125,0.23
2025-11-07,99.94999694824219,100.66999816894531,97.6500015258789,99.83000183105469,25659,0,96.51750030517579,95.76993240356445,97.76002625542293,97.32331055519506,105.53578910074667,57.77401677726365,1.450124830879517,1.0763188479853358,0.3738059828941811,105.45808940965716,96.51750030517579,87.57691120069441,3.2671271686763332,63.191865015037614,53.00434276114229,72305436.0,44.66788618350473,-40.31571886771826,99.53048594273163,0.16341793114586523,4481359872,10.320957,8.35,1.6156125,0.23
2025-11-10,98.30000305175781,101.19999694824219,98.30000305175781,100.91999816894531,30700,0,96.91400032043457,95.91081405639649,98.06097596147268,97.46435712828331,105.48986083276854,60.405396730611585,1.5135345874407733,1.1637619958764234,0.3497725915643499,105.89693009195373,96.91400032043457,87.9310705489154,3.2409033635197644,67.07330539470644,61.92746550164179,72336136.0,51.91826098720337,-33.69764808991845,99.53056108719245,0.17937975966505995,4481359872,10.320957,8.35,1.6156125,0.23
2025-11-11,100.36000061035156,100.79000091552734,95.61000061035156,99.80000305175781,57270,0,97.26300048828125,96.03448501586914,98.22659758911888,97.55595108606663,105.43324533245998,56.508714487442504,1.456621998903259,1.2223339964817905,0.2342880024214684,106.12412101223086,97.26300048828125,88.40187996433164,3.3886958060250487,73.48713398416328,67.91743479796902,72278866.0,25.773195815222973,-40.49786080501919,99.53037777802005,0.20754212735695382,4481359872,10.320957,8.35,1.6156125,0.23
2025-11-12,100.5,100.5,98.25,98.47000122070312,48120,0,97.53300056457519,96.1347492980957,98.249778887365,97.5917961893857,105.36395932139772,52.202173086029916,1.2893356709461017,1.2357343313746527,0.05360133957144897,106.19342640849267,97.53300056457519,88.87257472065771,3.307360391308974,69.81245460595835,70.1242979949426,72230746.0,28.180522847840294,-58.18181818181818,99.53028949540166,0.1828399506892218,4481359872,10.320957,8.35,1.6156125,0.23
2025-11-13,99.69000244140625,100.5,98.80000305175781,100.16999816894531,39439,0,98.00250053405762,96.1995571899414,98.43265691418218,97.69290214936844,105.31227811590068,56.74030616010545,1.2791898922531715,1.2444254435503566,0.03476444870281492,106.15059230841264,98.00250053405762,89.8544087597026,3.216120276165253,67.99855427372266,70.432714287948,72270185.0,38.236644527303284,-53.326518675624115,99.53033588086306,0.21367351819041633,4481359872,10.320957,8.35,1.6156125,0.23
2025-11-14,102.69000244140625,105.0,101.55000305175781,102.44000244140625,108445,0,98.56200065612794,96.33511276245117,98.8143088691559,97.87906294513462,105.28369825844302,61.93708606324739,1.4377462196586919,1.2830895987720237,0.1546566208866682,106.30527321751762,98.56200065612794,90.81872809473825,3.3313975300859267,68.49135434952235,68.76745440973436,72378630.0,102.95968209281641,-30.09207596911695,99.53184392333819,0.17149443864827218,4481359872,10.320957,8.35,1.6156125,0.23
2025-11-17,104.94999694824219,104.94999694824219,99.16000366210938,99.88999938964844,42451,0,98.99750061035157,96.40150588989258,98.91675558539328,97.95792319786065,105.23002961298238,54.07802894597077,1.3421676433301002,1.294905207683639,0.047262435646461265,105.97271095918124,98.99750061035157,92.02229026152189,3.507011512660704,66.630540854368,67.70681649253758,72336179.0,65.82490518688718,-54.41960535146405,99.5321506697495,0.14865394192879683,4481359872,10.320957,8.35,1.6156125,0.23
2025-11-18,100.80000305175781,100.80000305175781,99.08999633789062,99.62000274658203,17161,0,99.43850059509278,96.47427459716796,98.98373150550648,98.02310278800658,105.17420845013262,53.306762687598194,1.230450591849916,1.2820142845168943,-0.051563692666978245,105.31330646435701,99.43850059509278,93.56369472582854,3.3786540270325958,46.20457002316823,60.442155075686095,72319018.0,14.378675024941545,-57.29496914929402,99.53217162938266,0.14281468461527852,4481359872,10.320957,8.35,1.6156125,0.23
2025-11-19,100.5,101.0,98.83000183105469,99.87999725341797,30192,0,99.86700057983398,96.57060516357421,99.06909014816472,98.09592217880703,105.12152973175735,53.98729960763988,1.1496410609865393,1.2555396398108232,-0.10589857882428388,104.40609372613974,99.86700057983398,95.32790743352822,3.2923214657406468,27.76533384204375,46.866814906526564,72349210.0,1.1005112726697457,-54.5261243810765,99.53221656927805,0.14023682690738054,4481359872,10.320957,8.35,1.6156125,0.23
2025-11-20,100.0,101.0,99.61000061035156,100.69000244140625,33794,0,100.31600074768066,96.66836639404296,99.22346274752105,98.19765081655602,105.07743493284838,56.13241068945891,1.1378432263207259,1.2320003571128038,-0.09415713079207788,102.88992648897495,100.31600074768066,97.74207500638637,3.1564413174483463,22.62049760500729,32.196800490072995,72383004.0,7.7687384753055895,-45.89987048716003,99.53233867602948,0.1487950370777082,4481359872,10.320957,8.35,1.6156125,0.23
2025-11-21,100.69999694824219,100.69999694824219,98.0,99.52999877929688,28771,0,100.14000053405762,96.76947280883789,99.25265665530922,98.24989975627135,105.0222365631613,52.367213117364784,1.0230971295189022,1.1902197115940234,-0.1671225820751212,102.40490572413407,100.14000053405762,97.87509534398117,3.123838148219335,23.193178806770472,24.526336751273742,72354233.0,-61.72132584163828,-58.25347791537953,99.53232456391123,-0.10110601028010698,4481359872,10.320957,8.35,1.6156125,0.23
2025-11-24,99.98999786376953,101.79000091552734,98.8499984741211,100.16999816894531,47330,0,100.00450057983399,96.85902954101563,99.34002251375075,98.32519773323895,104.97395558411438,54.19284122658063,0.972591197244185,1.1466940087240558,-0.17410281147987083,101.88997615295939,100.00450057983399,98.11902500670858,3.110707026304115,36.472047020278275,27.42857447735192,72401563.0,14.582761377554743,-51.43772252402162,99.53246451857078,-0.07359264737293031,4481359872,10.320957,8.35,1.6156125,0.23
2025-11-25,99.0,100.66999816894531,98.72000122070312,100.12000274658203,13061,0,99.93150062561035,96.9246337890625,99.41430634544896,98.39558224356612,104.92565754592998,54.01866633651097,0.917949123196621,1.100945031618569,-0.1829959084219479,101.67503997852927,99.93150062561035,98.18796127269144,3.027799163585406,45.068996514011474,34.91140744701998,72388502.0,-15.910633244941874,-51.970155171657325,99.53248044443468,-0.029193796587041083,4481359872,10.320957,8.35,1.6156125,0.23
2025-11-26,100.0,101.0,99.51000213623047,100.4000015258789,25245,0,100.0175006866455,97.00202514648437,99.50818207691849,98.47418692130388,104.88062614274538,54.893041371824246,0.8870135077107193,1.058158726836999,-0.17114521912627967,101.6730952751514,100.0175006866455,98.36190609813961,2.9179562135985577,58.83905739088186,46.79336697505712,72413747.0,34.933175927867794,-48.988272344214906,99.53255843945949,0.0270786466493579,4481359872,10.320957,8.35,1.6156125,0.23
2025-11-27,100.0999984741211,116.51000213623047,100.0999984741211,106.52999877929688,1213705,0,100.32150077819824,97.21918090820313,100.17692652476404,98.79010111181341,104.89703781077077,68.85604330073566,1.341670415990592,1.1148610646677175,0.2268093513228744,103.61033718290516,100.32150077819824,97.03266437349133,3.8816738884921875,55.114827999620815,53.007627301504634,73627452.0,444.51155378255555,-47.75120874788504,99.57216065018663,-0.13005386306245445,4481359872,10.320957,8.35,1.6156125,0.23
2025-11-28,107.0999984741211,110.98999786376953,105.48999786376953,106.11000061035156,168582,0,100.64850082397462,97.41196990966797,100.7419811995819,99.07715599410902,104.90910709235864,67.31845109810392,1.649089274630299,1.2217067066602338,0.42738256797006513,104.76883140086721,100.64850082397462,96.52817024708202,3.9972686107427458,50.315978376729824,54.75662125574408,73458870.0,272.4336647790118,-49.760769218133134,99.57750784789282,-0.17644834603376655,4481359872,10.320957,8.35,1.6156125,0.23
2025-12-01,106.95999908447266,106.95999908447266,103.30000305175781,103.94000244140625,42491,0,100.92150077819824,97.54140014648438,101.04655465118422,99.26785585478734,104.89946426001086,59.878551959978864,1.6980461985531718,1.3169746050388214,0.3810715935143505,105.15296961176675,100.92150077819824,96.69003194462972,3.9731777123121814,38.98856813655495,48.139791504301776,73416379.0,128.88603307093712,-67.90922876351476,99.57838090304938,-0.17955778040910902,4481359872,10.320957,8.35,1.6156125,0.23
2025-12-02,104.9800033569336,106.29000091552734,103.0,104.12000274658203,42116,0,101.1415008544922,97.68900024414063,101.33926399360307,99.4581361250538,104.89170842405635,60.27078258572909,1.731410807754017,1.3998618455818606,0.33154896217215635,105.55388015439264,101.1415008544922,96.72912155459174,3.924379369684693,32.66672290028549,40.65708980452334,73458495.0,100.78527979939493,-66.93677990126716,99.57920177112138,-0.2063358827788244,4481359872,10.320957,8.35,1.6156125,0.23
2025-12-03,104.12000274658203,104.94999694824219,100.5,102.83000183105469,71985,0,101.25050086975098,97.8138003540039,101.48123902574132,99.5903661527401,104.87119393059365,56.042320219861516,1.6349139378521613,1.4468722640359206,0.1880416738162407,105.71631097145158,101.25050086975098,96.78469076805038,3.9619234824387997,24.3653991118433,32.006896716227835,73386510.0,41.34384239443679,-73.9059898777607,99.58011383873095,-0.20710196917322365,4481359872,10.320957,8.35,1.6156125,0.23
2025-12-04,102.83000183105469,105.87999725341797,101.19999694824219,102.9800033569336,42567,0,101.42200088500977,97.95880035400391,101.62397848585486,99.72329310192416,104.85237611394031,56.42514665119366,1.5526454129239369,1.468026893813524,0.08461851911041296,105.8768530765372,101.42200088500977,96.96714869348233,4.01321468406287,22.465155014405422,26.49909234217799,73429077.0,52.25898019089496,-73.0956089562734,99.58075351515605,-0.21016023217008017,4481359872,10.320957,8.35,1.6156125,0.23
2025-12-05,102.9800033569336,103.95999908447266,100.6500015258789,101.30999755859375,21848,0,101.49600067138672,98.06420028686523,101.59407554040142,99.78551680610728,104.81712856612592,51.090403971505104,1.3372762153157538,1.44187675811397,-0.10460054279821618,105.89138699414382,101.49600067138672,97.10061434862963,3.9629848893865045,17.60549268961208,21.478682271953517,73407229.0,7.441778190364159,-82.1177894295596,99.58096168391332,-0.22207462367481057,4481359872,10.320957,8.35,1.6156125,0.23
2025-12-08,101.87000274658203,104.0,97.11000061035156,97.77999877929688,39834,0,101.3390007019043,98.10820022583007,101.23083013458194,99.70686904035001,104.74710737421717,42.04211271991553,0.8717047052763576,1.3278423475464476,-0.45613764227009,106.0204751705363,101.3390007019043,96.65752623327229,4.172057353690929,14.492906213662442,18.18785130589323,73367395.0,-63.23941550383893,-96.54640146264133,99.58096946170517,-0.2477633617780908,4481359872,10.320957,8.35,1.6156125,0.23
2025-12-09,99.52999877929688,99.52999877929688,96.73999786376953,98.4800033569336,25390,0,101.27300071716309,98.14080032348633,100.96884663194876,99.65875666060819,104.6847481302641,44.1542791890177,0.5528475659370145,1.172843391224561,-0.6199958252875466,106.07506794063971,101.27300071716309,96.47093349368646,4.073339036679244,12.95812630926189,15.018841737512055,73392785.0,-103.62877256355287,-91.19876015612277,99.58083492043005,-0.2653605475357019,4481359872,10.320957,8.35,1.6156125,0.23
2025-12-10,98.36000061035156,101.5,98.05000305175781,98.30999755859375,19949,0,101.26500053405762,98.20260025024415,100.71562291067686,99.6058641468037,104.62131777631713,43.7373944066627,0.28316874560771055,0.994908462101191,-0.7117397164934804,106.08621510252235,101.26500053405762,96.4437859655929,4.0288146017908835,14.504318649866983,13.985117057597023,73372836.0,-72.92771654292002,-92.05867801955317,99.58081155859848,-0.2584706562157863,4481359872,10.320957,8.35,1.6156125,0.23
2025-12-11,98.9000015258789,99.9000015258789,98.0999984741211,99.70999908447266,23111,0,101.24200057983398,98.30960021972656,100.61984921294312,99.60994786984953,104.57244893361221,48.08440350874456,0.18033595971489547,0.8319939616239319,-0.6516580019090364,106.08821495698703,101.24200057983398,96.39578620268094,3.8696137767885213,25.707865626214527,17.72343686178105,73395947.0,-72.7776386285637,-84.9772353117786,99.58077989861009,-0.26338586046655027,4481359872,10.320957,8.35,1.6156125,0.23
2025-12-12,98.5999984741211,101.47000122070312,98.18000030517578,98.95999908447266,22553,0,101.0680004119873,98.42300018310547,100.46176824832689,99.5844596821877,104.51660366148147,46.03251911450355,0.03788479173944381,0.6731721276470343,-0.6352873359075905,105.9791259478077,101.0680004119873,96.1568748761669,3.8282128581270087,29.554952198514304,23.25571215819852,73373394.0,-58.91519276111886,-88.7708611990766,99.5807759387257,-0.25425275746858,4481359872,10.320957,8.35,1.6156125,0.23
2025-12-15,99.0,99.19000244140625,98.22000122070312,98.47000122070312,18221,0,100.99700050354004,98.52240020751952,100.27207615045796,99.54075542879615,104.45643846306577,44.69073166013223,-0.11324213289232432,0.5158892755391625,-0.6291314084314868,106.01410851099243,100.99700050354004,95.97989249608764,3.624054884025303,35.94406930896941,30.402295711232664,73355173.0,-78.89861834476737,-91.24935264003236,99.58070674775847,-0.2456499989635352,4481359872,10.320957,8.35,1.6156125,0.23
2025-12-16,98.91000366210938,98.91000366210938,97.51000213623047,97.7300033569336,16017,0,100.90250053405762,98.59560028076172,100.02997397964612,99.46974554362507,104.38950876051719,42.667982383185624,-0.2893870785553361,0.35483400472026283,-0.6442210832755989,106.0881616575942,100.90250053405762,95.71683941052105,3.465193929871989,24.145643416126912,29.881554974536794,73339156.0,-90.53699350098572,-94.99238604342078,99.58060917593076,-0.24808531802043599,4481359872,10.320957,8.35,1.6156125,0.23
2025-12-17,98.37000274658203,98.43000030517578,94.3499984741211,95.58999633789062,42600,0,100.68800048828125,98.63040023803711,99.60711896614559,99.3175985159492,104.30195142297862,37.39658294488275,-0.5948073300547918,0.1649057377652519,-0.7597130678200437,106.35743412707546,100.68800048828125,95.01856684948703,3.5091087799564673,19.75803455028508,26.615915758460385,73296556.0,-132.08533953969075,-92.54808948766596,99.58002314256026,-0.25454400090508295,4481359872,10.320957,8.35,1.6156125,0.23
2025-12-18,96.48999786376953,97.69000244140625,94.68000030517578,96.80999755859375,24077,0,100.49400024414062,98.69760025024414,99.34072645114065,99.21926122350389,104.22740461835787,41.81025464686751,-0.7299962350760012,-0.014074656802998742,-0.7159215782730024,106.410055851448,100.49400024414062,94.57794463683324,3.47345830540461,19.160015744692483,21.02123123703474,73320633.0,-113.1008778340688,-80.49168147975155,99.5797178761237,-0.2602867643300856,4481359872,10.320957,8.35,1.6156125,0.23
2025-12-19,98.27999877929688,98.27999877929688,95.5199966430664,96.55000305175781,15522,0,100.34500045776367,98.77320037841797,99.07494327024705,99.11458443245503,104.15101256296882,41.14451786009467,-0.8483347254803704,-0.18092667053847306,-0.6674080549418973,106.4961038717251,100.34500045776367,94.19389704380225,3.4224971504635997,32.473610667351124,23.797220320776145,73305111.0,-96.58079116429889,-81.57450479233226,99.5795451910748,-0.266082310423014,4481359872,10.320957,8.35,1.6156125,0.23
2025-12-22,98.0,98.0,96.3499984741211,96.94999694824219,10683,0,100.18400039672852,98.85240036010742,98.87256743005611,99.02969864876042,104.07936066630486,42.65728427972289,-0.8994740897473719,-0.32463615438025284,-0.574837935367119,106.51104344513148,100.18400039672852,93.85695734832557,3.2958903201361216,45.67419463803636,32.43594035002658,73315794.0,-81.67550884435025,-77.45014094199541,99.5794398113275,-0.2702069846881359,4481359872,10.320957,8.35,1.6156125,0.23
2025-12-23,97.33000183105469,97.93000030517578,94.80000305175781,95.3499984741211,36546,0,99.94550018310547,98.90300033569336,98.53708467234802,98.8853966811275,103.9925013410095,38.404988366947364,-1.0569253321685323,-0.47109398993790874,-0.5858313422306236,106.61458108728333,99.94550018310547,93.2764192789276,3.284040815370539,42.327280408276415,40.158361904554546,73279248.0,-97.78413977298041,-91.32697219538663,99.57892335245265,-0.2821931756400215,4481359872,10.320957,8.35,1.6156125,0.23
2025-12-24,95.3499984741211,96.95999908447266,90.3499984741211,93.0199966430664,118733,0,99.57649993896484,98.9020002746582,98.01164771717833,98.6553809933604,103.88332218978618,33.21273069158975,-1.3541089264895447,-0.6476969772482359,-0.7064119492413088,106.88972090843264,99.57649993896484,92.26327896949705,3.521609372154898,38.39894104768406,42.1334720313322,73160515.0,-136.90535703705055,-80.43957604046204,99.57602700044896,-0.2828598759036063,4481359872,10.320957,8.35,1.6156125,0.23
2025-12-26,93.93000030517578,95.0,91.91000366210938,94.4000015258789,38676,0,98.97000007629394,98.97440032958984,97.66768141324505,98.48850336718465,103.78896079014531,38.51483183797164,-1.4614277755310638,-0.8104431369048015,-0.6509846386262623,105.87657886424864,98.97000007629394,92.06342128833924,3.49077986970745,36.41709769145377,39.047773049137994,73199191.0,-127.67713458909512,-70.32965128919984,99.57513435883392,-0.33770181422559786,4481359872,10.320957,8.35,1.6156125,0.23
2025-12-29,93.0999984741211,94.94000244140625,92.66999816894531,92.8499984741211,26932,0,98.30699996948242,99.00640029907227,97.20885446666182,98.26738552824098,103.68011539396596,35.1404214407334,-1.6525020143729705,-0.9788549123984354,-0.6736471019745351,104.88252400826062,98.30699996948242,91.73147593070422,3.4035816127612706,39.14041073208045,37.98548315707268,73172259.0,-126.98999142610283,-77.57847840471092,99.57448260019405,-0.2518579062392292,4481359872,10.320957,8.35,1.6156125,0.23
2025-12-30,92.8499984741211,94.48999786376953,92.45999908447266,93.11000061035156,9473,0,97.76549987792968,99.04500030517578,96.81848743272751,98.06513513930413,103.5749401224872,36.15096096923619,-1.762631210411655,-1.1356101720010794,-0.6270210384105757,104.17800672673408,97.76549987792968,91.35299302912529,3.3054685532280996,40.05442546271791,38.53731129541729,73181732.0,-119.89691823503716,-75.24662099978583,99.57424836506551,-0.22800128191266353,4481359872,10.320957,8.35,1.6156125,0.23
2025-12-31,94.0,94.22000122070312,92.5,92.88999938964844,28511,0,97.20399971008301,99.0868002319336,96.44434571433902,97.86218863931764,103.46862230425,35.64489241793762,-1.8463777581286962,-1.2777636892266027,-0.5686140689020935,103.24860672730894,97.20399971008301,91.15939269285708,3.1922208866191726,35.839332518440905,38.344722904413004,73153221.0,-112.79234689319384,-77.15827078992345,99.57352649530517,-0.2360266047988682,4481359872,10.320957,8.35,1.6156125,0.23
2026-01-01,93.13999938964844,93.58999633789062,92.51000213623047,92.91000366210938,11093,0,96.70799980163574,99.11880035400391,96.10774170936477,97.6679853068781,103.36356142223866,35.73298918230062,-1.889354025823181,-1.4000817565459183,-0.48927226927726264,102.44476812491243,96.70799980163574,90.97123147835904,3.041347551979243,35.73358780428989,37.20911526181615,73164314.0,-108.59784761650322,-76.97837629783723,99.57323685929367,-0.2708804299932542,4481359872,10.320957,8.35,1.6156125,0.23
2026-01-02,92.95999908447266,93.8499984741211,92.5,93.5199966430664,23613,0,96.23499946594238,99.15500030517578,95.86128979828874,97.50531908476783,103.26561550403794,38.497732548964734,-1.8528333820792966,-1.490632081652594,-0.3622013004267026,101.35170354503107,96.23499946594238,91.11829538685369,2.9205369035608038,37.843637904055804,36.47218607559545,73187927.0,-93.09571853236068,-64.14030829989721,99.57264731096228,-0.24102008944580128,4481359872,10.320957,8.35,1.6156125,0.23
2026-01-05,93.5999984741211,93.61000061035156,92.5,92.83000183105469,22124,0,95.81099967956543,98.95060028076172,95.57259570617121,97.32197331011241,103.16177855206796,36.580721305940976,-1.8581477529580468,-1.5641352159136845,-0.29401253704436225,100.56801954584816,95.81099967956543,91.0539798132827,2.7912128826172866,31.110341443715498,34.89585571735365,73165803.0,-93.2574641772039,-71.02801572581257,99.57206778891323,-0.2336417447229777,4481359872,10.320957,8.35,1.6156125,0.23
2026-01-06,92.83000183105469,93.48999786376953,92.01000213623047,92.30999755859375,21479,0,95.53749961853028,98.73920028686524,95.2618720730686,97.1254252414254,103.05380063173489,35.15976336834948,-1.8826177831823543,-1.6278317293674185,-0.2547860538149358,100.43709557676108,95.53749961853028,90.63790366029947,2.6975545143974133,24.847661851294802,31.26721373302195,73144324.0,-92.9236602162519,-75.74259108531889,99.57147311691618,-0.20658081531749617,4481359872,10.320957,8.35,1.6156125,0.23
2026-01-07,92.30999755859375,93.05000305175781,92.30000305175781,92.68000030517578,11805,0,95.24749946594238,98.56120025634766,95.01597952374547,96.95109485176856,102.95057873793827,37.03397217389406,-1.8508192369562977,-1.6724292308851942,-0.17839000607110345,100.10250049735059,95.24749946594238,90.39249843453418,2.558443477654741,22.738074268528266,26.232025854512774,73156129.0,-81.49339569930416,-70.61788472399006,99.57114976381425,-0.2230624971845855,4481359872,10.320957,8.35,1.6156125,0.23
2026-01-08,92.68000030517578,93.93000030517578,90.55000305175781,91.13999938964844,36649,0,94.88899955749511,98.41040023803711,94.64683855859337,96.72320875521483,102.83306053546772,32.78616566245575,-1.927662964804668,-1.7234759776690889,-0.20418698713557903,99.8443480557752,94.88899955749511,89.93365105921502,2.6171258902092576,22.48100090003709,23.355579006619973,73119480.0,-96.34615537751064,-90.03781985970765,99.57002915122828,-0.22876977908541424,4481359872,10.320957,8.35,1.6156125,0.23
2026-01-09,92.5,92.5,89.5,89.66999816894531,18140,0,94.38699951171876,98.19480026245117,94.17285375957927,96.44661226163564,102.7020847905272,29.328124764870463,-2.083165550214261,-1.7954138921781233,-0.28775165803613767,99.32123201196384,94.38699951171876,89.45276701147367,2.6444740409085967,19.23532458731827,21.484799918627797,73101340.0,-126.8098123306791,-98.00002154181985,99.56937974159653,-0.2928288971929573,4481359872,10.320957,8.35,1.6156125,0.23
2026-01-12,90.0,90.9000015258789,85.0,86.36000061035156,44799,0,93.75699958801269,97.93060028076172,93.42877250727187,96.05105886354606,102.53947698773938,23.354863715696762,-2.4453036710900733,-1.9253918479605132,-0.5199118231295601,99.36619988796907,93.75699958801269,88.1477992880563,2.877011718406476,12.174175636604886,17.963500374653336,73056541.0,-211.7525093184751,-89.4818207405056,99.56721831889939,-0.30285582146853707,4481359872,10.320957,8.35,1.6156125,0.23
2026-01-13,87.62999725341797,89.44000244140625,87.16999816894531,88.8499984741211,13475,0,93.2759994506836,97.73800018310547,92.99269878982894,95.76866433847057,102.40326327118596,34.2101671447573,-2.5025311023463104,-2.0408196988376726,-0.4617114035086378,98.83576010964912,93.2759994506836,87.71623879171808,2.8915110121670624,20.72669437112327,17.378731531682064,73070016.0,-172.20984580610073,-67.80937484251615,99.56662541509635,-0.27857733225266806,4481359872,10.320957,8.35,1.6156125,0.23
2026-01-14,88.7699966430664,89.0,86.69999694824219,87.61000061035156,10083,0,92.76999931335449,97.49580017089843,92.48006086797395,95.44871674128943,102.25606662779458,31.795125851740945,-2.617765744430727,-2.1562089079562834,-0.4615568364744438,98.45681498132097,92.76999931335449,87.083183645388,2.8492604435664015,29.189994130577944,20.69695471276862,73059933.0,-176.81074960982104,-73.89999389648438,99.56615310822316,-0.26578872625406985,4481359872,10.320957,8.35,1.6156125,0.23
2026-01-16,89.0,89.0,85.0,85.66999816894531,22150,0,92.27399940490723,97.19620010375976,91.83148346806645,95.06523758158966,102.09103112074135,28.415346531251416,-2.8329752371796246,-2.2915621738009517,-0.5414130633786729,98.58647399187772,92.27399940490723,85.96152481793673,2.9314561261688015,27.091240575580855,25.669309692427277,73037783.0,-176.70227430113582,-93.25957742068195,99.56500898608985,-0.2721409961428152,4481359872,10.320957,8.35,1.6156125,0.23
2026-01-19,85.66999816894531,87.30000305175781,85.5,85.69999694824219,9398,0,91.71849937438965,96.91919998168946,91.24753237094033,94.69797324302701,101.9279362533533,28.54183927687789,-2.966908980019838,-2.426631535044729,-0.5402774449751089,98.28671527260187,91.71849937438965,85.15028347617744,2.8506380494251595,16.67499679002151,24.318743832060022,73047181.0,-154.05508740878784,-92.62384503884239,99.56450905656203,-0.31234420038165767,4481359872,10.320957,8.35,1.6156125,0.23
2026-01-20,87.0,87.0,81.0,83.1500015258789,36239,0,91.0484992980957,96.58559997558594,90.47633895712497,94.24511160706041,101.74109113168689,24.567797584754878,-3.241450333829391,-2.5895952948016614,-0.6518550390277298,98.21515857531078,91.0484992980957,83.88184002088063,3.0755924744662195,15.423868421831905,19.730035262478008,73010942.0,-176.36388055111306,-83.73675244059807,99.5622292073111,-0.3120902731669634,4481359872,10.320957,8.35,1.6156125,0.23
2026-01-21,83.16000366210938,84.98999786376953,78.26000213623047,80.81999969482422,102851,0,90.2419994354248,96.18360000610352,89.55668759881061,93.71863663010997,101.5329210676385,21.607373152281394,-3.605476323093896,-2.792771500460108,-0.8127048226337878,98.16147814337228,90.2419994354248,82.32252072747733,3.336621278257137,20.391468328282176,17.496777846711783,72908091.0,-188.37798862186045,-83.6630640859478,99.55479909909481,-0.30108552251171056,4481359872,10.320957,8.35,1.6156125,0.23
2026-01-22,82.0,84.87999725341797,81.5999984741211,83.75,16391,0,89.66199951171875,95.86259994506835,89.00366973225722,93.32770970343898,101.35597657940329,32.60527298092018,-3.61586160289572,-2.9573895209472303,-0.6584720819484895,97.69838077804022,89.66199951171875,81.62561824539728,3.3882910125668952,33.47578723702648,23.097041329046775,72924482.0,-125.52815488206248,-64.96491062360448,99.55374909159072,-0.26457606526301325,4481359872,10.320957,8.35,1.6156125,0.23
2026-01-23,82.86000061035156,83.30999755859375,81.0,81.31999969482422,13395,0,89.07699966430664,95.51959991455078,88.27189163345408,92.85681911486586,101.15661362532788,28.974687630948804,-3.77663799628273,-3.12123921601433,-0.6553987802684,97.73015445397594,89.07699966430664,80.42384487463734,3.3426987973835454,36.267648146235906,30.044967903848107,72911087.0,-132.856312013494,-80.47225324724013,99.55280961813324,-0.29307366923806305,4481359872,10.320957,8.35,1.6156125,0.23
2026-01-27,83.0,83.0,77.5999984741211,78.72000122070312,25707,0,88.29299964904786,95.09059997558593,87.36218778462064,92.3024340994085,100.93336375065499,25.679858581625236,-4.066971083096661,-3.3103855894307963,-0.7565854936658645,97.684755465016,88.29299964904786,78.90124383307972,3.489648992276071,32.29391890064843,34.0124514279702,72885380.0,-147.5015113665168,-93.1414413900914,99.55079239898788,-0.3773485641057642,4481359872,10.320957,8.35,1.6156125,0.23
2026-01-28,80.0,84.0,79.55999755859375,83.63999938964844,57392,0,87.83249969482422,94.71459991455077,87.00769365176615,91.96273077745712,100.76129047343105,39.662205850369816,-3.8556142905353283,-3.4194313296517027,-0.4361829608836256,97.18844278463956,87.83249969482422,78.47655660500888,3.617531119920414,42.4988458312107,37.020137626031605,72942772.0,-93.546902334746,-63.012858308190125,99.54688827504596,-0.22356184502458784,4481359872,10.320957,8.35,1.6156125,0.23
2026-01-29,83.63999938964844,85.0,82.5,84.88999938964844,12468,0,87.42149963378907,94.41459991455078,86.80600848394542,91.68536876224894,100.60336717906505,42.61608993722878,-3.5463676377817563,-3.4448185912777136,-0.10154904650404273,96.5329893761797,87.42149963378907,78.31000989139844,3.537707468497527,64.05350532612158,46.28209001932683,72955240.0,-59.143609046735094,-55.35823577396064,99.54612591510183,-0.19483741572874408,4481359872,10.320957,8.35,1.6156125,0.23
2026-01-30,84.5,88.0,82.70999908447266,87.12000274658203,21114,0,87.13299980163575,94.16459991455078,86.83591269943462,91.50633480085024,100.46920434889108,47.54936112517007,-3.0857739225324536,-3.3730096575286614,0.2872357349962078,95.89220061402219,87.13299980163575,78.37379898924931,3.662871286142514,90.59469475529171,65.71568197087458,72976354.0,-24.003997889377583,-36.107360419217265,99.54498690191507,-0.14161041628823504,4481359872,10.320957,8.35,1.6156125,0.23
2026-02-02,88.12000274658203,90.0,86.12999725341797,87.9800033569336,35156,0,86.88649978637696,93.9266000366211,86.94487371443452,91.36804729324567,100.34493369225468,49.3575246494537,-2.6211403485337996,-3.222635795729689,0.6014954471958895,95.25006829063231,86.88649978637696,78.5229312821216,3.6776663904596227,91.25390041913393,81.96736683351565,73011510.0,18.67450436406864,-21.95486841305188,99.54338261877615,-0.1330624613296392,4481359872,10.320957,8.35,1.6156125,0.23
2026-02-03,97.9000015258789,101.77999877929688,90.5,95.5,373171,0,86.98549995422363,93.82279998779296,87.75964764639313,91.53008465429485,100.29672539680936,61.76862765066671,-1.6273548777371474,-2.903579612131181,1.2762247343940336,95.70030890616988,86.98549995422363,78.27069100227737,4.4006898927384555,82.32845881637697,88.05901799693412,73384681.0,159.70165701844454,-25.97187220858979,99.53803882347994,-0.14180302954123736,4481359872,10.320957,8.35,1.6156125,0.23
2026-02-04,95.9000015258789,99.5,94.0,96.54000091552734,85296,0,87.17099990844727,93.76300003051757,88.59587176726306,91.72655195865691,100.25934505371202,63.11494262462446,-0.7472396366693488,-2.4723116170388146,1.7250719803694659,96.51103799311808,87.17099990844727,77.83096182377646,4.479212043257137,76.08949112749774,83.2239501210028,73469977.0,161.87744191312808,-21.67079320775649,99.53707393399361,-0.13000183461472908,4481359872,10.320957,8.35,1.6156125,0.23
2026-02-05,97.5,97.5,92.22000122070312,93.13999938964844,46381,0,87.2125,93.62240005493165,89.02864582653785,91.7819812696762,100.18850579337308,56.15300875810968,-0.32040030015735965,-2.041929353662524,1.7215290535051642,96.65036808470973,87.2125,77.77463191529029,4.5364110958314035,66.41733493679592,74.94509496022347,73423596.0,116.16236546387593,-35.732006950384644,99.53611025099889,-0.14432480092706773,4481359872,10.320957,8.35,1.6156125,0.23
2026-02-06,94.16999816894531,94.16999816894531,90.0199966430664,91.13999938964844,43749,0,87.13549995422363,93.44279998779297,89.22972711826267,91.7568055096751,100.09847090378378,52.485488570415306,-0.1418748906376237,-1.6619184610575437,1.52004357041992,96.41752432016368,87.13549995422363,77.85347558828359,4.508810412263368,53.175871376039964,65.22756581344446,73379847.0,75.19033306772972,-44.00330543987182,99.53476710028241,-0.15963922821287774,4481359872,10.320957,8.35,1.6156125,0.23
2026-02-09,92.4000015258789,106.5,92.0,101.73999786376953,459189,0,87.66549987792969,93.46959991455078,90.42118147497762,92.14830324905135,100.11480450537567,65.38826867803863,0.8451961761882245,-1.16049553360839,2.0056917097966145,98.82271482368168,87.66549987792969,76.5082849321777,5.283895426412525,52.607508593562805,57.40023830213281,73839036.0,188.84268563056776,-16.470594757471066,99.53575590507512,0.012506204107107987,4481359872,10.320957,8.35,1.6156125,0.23
2026-02-10,101.5,104.2699966430664,98.0,98.41999816894531,140508,0,88.10299987792969,93.30739990234375,91.18297354106977,92.39425206943935,100.09794076073457,59.90155787467105,1.3440673078613798,-0.6595829653144359,2.0036502731758157,100.18795185815144,88.10299987792969,76.01804789770794,5.3543312276020885,51.366720173180674,52.383366714261065,73698528.0,161.11824633944553,-27.958482368311774,99.53614094771721,-0.055776935685177643,4481359872,10.320957,8.35,1.6156125,0.23
2026-02-11,98.5,99.4000015258789,95.81999969482422,96.38999938964844,44450,0,88.60449981689453,93.11299987792968,91.67888076474392,92.55094804278087,100.06104582171879,56.76512329659985,1.557666527685754,-0.21613306671439797,1.773799594400152,101.18095871839894,88.60449981689453,76.02804091539012,5.227593413562988,53.58009728401938,52.51810868358754,73654078.0,102.62698209697399,-34.98269922684406,99.53573171426925,-0.05970990740972652,4481359872,10.320957,8.35,1.6156125,0.23
2026-02-12,94.9000015258789,98.98999786376953,94.22000122070312,96.37999725341797,48583,0,88.98099975585937,92.96179977416992,92.12660614461764,92.70110683535488,100.02441847278048,56.7493565992979,1.7064672670775138,0.16838700004398438,1.5380802670335294,102.00712457654217,88.98099975585937,75.95487493517658,5.194907929956089,42.738674309639414,49.22849725561307,73605495.0,82.66673545384907,-35.01730869294223,99.53515551602833,-0.06529546507043013,4481359872,10.320957,8.35,1.6156125,0.23
2026-02-13,96.37999725341797,99.9000015258789,93.62000274658203,95.0,68587,0,89.35049972534179,92.77939971923828,92.4002627022731,92.79125950847822,99.97442425912098,54.50016177342425,1.6935168715468052,0.47341297434454854,1.2201038972022566,102.61713275677128,89.35049972534179,76.0838666939123,5.272414419194717,32.644935146195316,42.98790224661795,73536908.0,70.12332876437327,-39.792385442271225,99.53424594618548,-0.08485984324777675,4481359872,10.320957,8.35,1.6156125,0.23
2026-02-16,95.0,95.08999633789062,92.0,93.70999908447266,32320,0,89.75249977111817,92.59699966430664,92.52499950057782,92.82728851145839,99.9120916703185,52.40908864410761,1.5611651567550808,0.690963410826655,0.8702017459284258,103.03590913899204,89.75249977111817,76.4690904032443,5.116527413387281,24.40610356458708,33.263237673473846,73504588.0,38.56632753636542,-47.475871404782666,99.53348945942803,-0.07347196059620283,4481359872,10.320957,8.35,1.6156125,0.23
2026-02-17,93.87000274658203,96.95999908447266,91.79000091552734,92.20999908447266,60668,0,90.07799987792968,92.38159957885742,92.49499946094876,92.80308108294915,99.83545393314591,50.00647681274697,1.3200216177387034,0.8167750522090647,0.5032465655296388,103.26695237255669,90.07799987792968,76.88904738330268,5.120346753069997,13.26828349646703,23.439774069083054,73443920.0,35.40256461487719,-59.54167048136394,99.53208273518308,-0.0965249381620023,4481359872,10.320957,8.35,1.6156125,0.23
2026-02-18,92.76000213623047,94.0,92.27999877929688,93.61000061035156,17279,0,90.60099983215332,92.22759963989257,92.60119004660618,92.83472498598454,99.77350912396388,52.208634319005974,1.227729546582438,0.8989659510837393,0.3287635954986987,103.47539013611022,90.60099983215332,77.72660952819642,4.8824649075312365,13.852206732676947,17.17553126457693,73461199.0,27.71503627032287,-54.18242494154486,99.53165790547314,-0.08603555605836871,4481359872,10.320957,8.35,1.6156125,0.23
2026-02-19,93.13999938964844,94.29000091552734,91.87000274658203,92.91999816894531,30366,0,91.20599975585938,92.13039962768555,92.63155272492419,92.83806903237516,99.70531498510798,51.01589121614754,1.0863867941218217,0.9364501196913558,0.14993667443046588,103.29846782436387,91.20599975585938,79.1135316873549,4.706574426203671,13.851191383331681,13.657227204158465,73430833.0,19.972358485206506,-66.66666666666667,99.53087912852033,-0.07724169570332198,4481359872,10.320957,8.35,1.6156125,0.23
2026-02-20,93.16999816894531,94.44999694824219,92.93000030517578,93.3499984741211,30465,0,91.68599967956543,92.0277995300293,92.69997612960961,92.85814469675735,99.64207800489915,51.75558915386531,0.9975697127593293,0.9486740383049506,0.0488956744543787,103.30955954346621,91.68599967956543,80.06243981566465,4.479676165710329,22.182950068088136,16.628782728032167,73461298.0,22.47694716474049,-79.79368232559453,99.53016405239013,-0.08795653506233177,4481359872,10.320957,8.35,1.6156125,0.23
2026-02-23,93.16000366210938,94.48999786376953,91.80000305175781,92.22000122070312,19176,0,92.23099975585937,91.90599960327148,92.65426423352328,92.83311946240228,99.56822649460864,49.63441928432425,0.8264731334959947,0.9242338573431594,-0.09776072384716472,102.836907730639,92.23099975585937,81.62509178107975,4.351841783303285,17.474882957312776,17.836341469577444,73442122.0,5.913725948478481,-86.65046037923824,99.52965810552213,-0.08976986260429448,4481359872,10.320957,8.35,1.6156125,0.23
2026-02-24,93.25,93.25,88.19999694824219,89.55999755859375,33159,0,92.7729995727539,91.70299957275391,92.35957216924427,92.7047617406843,99.4686421270861,44.96286208264953,0.4708105854320195,0.8335492029609315,-0.362738617528912,101.50384506603821,92.7729995727539,84.0421540794696,4.401710445335751,20.0376321429473,19.898488389449316,73408963.0,-49.83567826620045,-92.56830391500439,99.52845668389746,-0.08952087350319346,4481359872,10.320957,8.35,1.6156125,0.23
2026-02-25,89.0,91.5,88.54000091552734,89.8499984741211,34424,0,93.08349952697753,91.52079956054688,92.12056515066111,92.59281024003477,99.37293423004166,45.56440075352974,0.20992620530506656,0.7088246034297585,-0.49889839812469194,100.88532436203451,93.08349952697753,85.28167469192056,4.298731062416958,18.72366221160838,18.7453924372894,73443387.0,-73.29978239613102,-90.9835997228404,99.52715911604776,-0.12257626728345185,4481359872,10.320957,8.35,1.6156125,0.23
2026-02-26,90.27999877929688,91.31999969482422,89.05999755859375,89.33000183105469,14865,0,93.30549964904785,91.3379995727539,91.8547972154605,92.46485696909437,99.27300455442986,44.62262250542511,-0.038343923931378754,0.559390897957531,-0.5977348218889098,100.38097805200373,93.30549964904785,86.23002124609197,4.153107567689352,21.939620648931,20.233638334495478,73428522.0,-89.64167491590729,-93.82511095972764,99.52659539350921,-0.13623789741588802,4481359872,10.320957,8.35,1.6156125,0.23
2026-02-27,90.79000091552734,90.79000091552734,86.0999984741211,86.95999908447266,31881,0,93.29749946594238,91.12259948730468,91.38862596489022,92.24898018930529,99.1504870870671,40.5125836639473,-0.42148063831483285,0.36321659070305823,-0.7846972290178911,100.4012407137565,93.29749946594238,86.19375821812827,4.191457201526274,18.149179920983727,19.604154260507617,73396641.0,-142.85127588102537,-95.26691966418905,99.52514123760008,-0.15612758825190387,4481359872,10.320957,8.35,1.6156125,0.23
2026-03-02,82.0999984741211,85.66999816894531,82.0999984741211,84.30000305175781,40599,0,93.11349945068359,90.89679962158203,90.71351902078237,91.93725559567598,99.00272107676552,36.45418209491132,-0.9290491933524692,0.10476343389195275,-1.033812627244422,100.91500898821668,93.11349945068359,85.3119899131505,4.239210302156652,15.982128304594903,18.690309624836456,73356042.0,-220.12272931547952,-87.64042584015478,99.52266195296465,-0.14897816342228584,4481359872,10.320957,8.35,1.6156125,0.23
2026-03-04,83.0,86.9800033569336,82.30000305175781,85.87999725341797,69336,0,92.63249931335449,90.67819961547852,90.25318361436672,91.69971605284233,98.87214671036406,40.28099166487345,-1.1900899859890899,-0.1542072500842558,-1.0358827359048342,100.95498333971183,92.63249931335449,84.31001528699714,4.270695302372304,23.39801083223546,19.17643968593794,73425378.0,-164.56705365265785,-78.76405544254338,99.51871086027265,-0.12394798507671809,4481359872,10.320957,8.35,1.6156125,0.23
2026-03-05,86.0999984741211,89.87999725341797,85.11000061035156,88.2699966430664,51736,0,92.21899909973145,90.51259948730468,90.06430866471906,91.56521725245896,98.76665267984369,45.61614434225585,-1.190391624510326,-0.36144412496946987,-0.8289474995408562,100.54560602078595,92.21899909973145,83.89239217867694,4.306359683850454,42.28781249307377,27.222650543301288,73477114.0,-95.02360009038983,-65.33709488136293,99.51631412319514,-0.10940375257025108,4481359872,10.320957,8.35,1.6156125,0.23
2026-03-06,88.23999786376953,91.0,86.51000213623047,90.08999633789062,35087,0,92.06649894714356,90.37539947509765,90.06675510978302,91.50736545188765,98.68031779086903,49.328553023084396,-1.0318770736277827,-0.4955307147011324,-0.5363463589266503,100.43167915301946,92.06649894714356,83.70131874126766,4.319476696701817,65.63589964163988,43.773907655649616,73512201.0,-59.52095756011015,-46.23151052763987,99.51488906555309,-0.07124858947829403,4481359872,10.320957,8.35,1.6156125,0.23
2026-03-09,88.7300033569336,89.08000183105469,85.11000061035156,88.0,60897,0,91.90949897766113,90.22839950561523,89.86992128980368,91.36982170867637,98.5740459720544,45.48842601857198,-1.062648833381985,-0.608954338437303,-0.45369449494468206,100.45427787278349,91.90949897766113,83.36472008253877,4.366656627475906,74.329031030629,60.75091438844746,73451304.0,-84.04372613489213,-60.29608826685424,99.51198442568558,-0.034136313292010265,4481359872,10.320957,8.35,1.6156125,0.23
2026-03-10,88.0,91.08999633789062,88.0,90.3499984741211,35291,0,91.33999900817871,90.17499954223632,89.91564292640534,91.3298286406546,98.492214653667,50.18433709318647,-0.8871835380073065,-0.6646001783513037,-0.22258335965600284,98.61149075332412,91.33999900817871,84.0685072630333,4.275466606791243,82.54958080749589,74.17150382658816,73486595.0,-34.193364397770566,-33.41404030340238,99.51063741028142,-0.20507538798031946,4481359872,10.320957,8.35,1.6156125,0.23
2026-03-11,90.0,91.23999786376953,88.0,88.91999816894531,16460,0,90.86499900817871,90.06539947509765,89.82081961617105,91.2353254849013,98.39696871849564,47.502684417055924,-0.8536744729499048,-0.702415037271024,-0.1512594356788809,97.43143604730453,90.86499900817871,84.2985619690529,4.201504553718263,73.34227771589691,76.74029651800718,73470135.0,-35.895190722652295,-44.95560911389412,99.50998164288347,-0.09015899900817766,4481359872,10.320957,8.35,1.6156125,0.23
2026-03-12,89.0,89.23999786376953,85.22000122070312,87.76000213623047,31781,0,90.43349914550781,89.96359954833984,89.62455128474814,91.09903829475734,98.29112825499051,45.384112363467594,-0.9102277439853168,-0.7439775786138825,-0.16625016537143433,96.61382293433807,90.43349914550781,84.25317535667754,4.188539702957416,65.65491770393267,73.8489254091084,73438354.0,-73.79874863362491,-54.3179665784473,99.50846812826525,-0.040964501426514685,4481359872,10.320957,8.35,1.6156125,0.23
2026-03-13,87.23999786376953,87.30000305175781,85.0999984741211,86.54000091552734,32167,0,89.94149932861328,89.83219955444336,89.33078458291759,90.92025251517968,98.17420161479684,43.2018073657681,-1.0414849312744536,-0.8034790491459967,-0.23800588212845697,95.70238854811598,89.94149932861328,84.18061010911057,4.079358557182556,42.94540120925772,60.647532209695676,73406187.0,-94.52714630378101,-64.16462744045192,99.50679825258555,-0.022407806137684876,4481359872,10.320957,8.35,1.6156125,0.23
2026-03-16,84.0999984741211,86.05999755859375,83.30999755859375,83.93000030517578,53505,0,89.38799934387207,89.65299957275391,88.8164241755136,90.64612497753247,98.03246826843245,38.89308044304192,-1.3406581616712003,-0.9109148716510374,-0.429743290020163,95.22515052918662,89.38799934387207,83.55084815855751,4.018690328593345,24.833772276512196,44.47803039656744,73352682.0,-130.82363883634068,-83.5874297702355,99.50362594073671,-0.01047722576841332,4481359872,10.320957,8.35,1.6156125,0.23
2026-03-17,84.08000183105469,86.25,83.70999908447266,85.37000274658203,83844,0,88.97099952697754,89.50219955444337,88.4881935632344,90.43921822337755,97.906473586623,42.31163553740453,-1.444902997434852,-1.0177124968078002,-0.4271905006270518,94.70420993221096,88.97099952697754,83.23778912174411,3.913069656231488,19.082874021528596,28.954015835766082,73436526.0,-101.25324952232093,-65.2127261526674,99.49888060061224,0.018687698250487758,4481359872,10.320957,8.35,1.6156125,0.23
2026-03-18,85.01000213623047,87.98999786376953,85.01000213623047,86.70999908447266,56877,0,88.69599952697754,89.36599960327149,88.31884170811423,90.29297433557736,97.79506588013393,45.37413209320775,-1.403215876022685,-1.094813172650777,-0.3084027033719079,94.30771963084779,88.69599952697754,83.0842794231073,3.8464215184677433,30.37713860321841,24.76459496708631,73493403.0,-56.69302577505952,-50.0,99.49598974991845,0.09427596485359316,4481359872,10.320957,8.35,1.6156125,0.23
2026-03-19,85.19999694824219,86.62999725341797,83.86000061035156,85.0,46662,0,88.26549949645997,89.20939956665039,88.00276154543668,90.08540671457432,97.66775179177439,42.288880927133945,-1.4909741451759544,-1.1740453671558124,-0.31692877802014197,93.61831955604387,88.26549949645997,82.91267943687606,3.775248443871554,39.80804376708682,29.756018797277857,73446741.0,-87.14614304113039,-68.27131597882467,99.493361065521,0.06896292672464273,4481359872,10.320957,8.35,1.6156125,0.23
2026-03-20,85.30000305175781,86.69000244140625,84.75,86.0,35657,0,87.9194995880127,89.08319961547852,87.81202235063319,89.92519468655179,97.55165475902042,44.65872703141723,-1.4629673857356238,-1.2318297708717747,-0.2311376148638491,92.90622645630644,87.9194995880127,82.93277271971895,3.644159443695461,50.30848212962126,40.16455483330875,73482398.0,-63.62730846446402,-57.330396211012044,99.49144407803742,0.08609496564251425,4481359872,10.320957,8.35,1.6156125,0.23
2026-03-23,83.12999725341797,85.05999755859375,82.0,82.80000305175781,42194,0,87.39199981689453,88.88559967041016,87.33468717931171,89.64577540675594,97.40487215496806,39.12241508644107,-1.6796231867662499,-1.3213884540506697,-0.35823473271558015,92.19805913315207,87.39199981689453,82.58594050063698,3.669576626288642,35.64849672850657,41.9216742084048,73440204.0,-131.98525927642098,-91.3419563126236,99.48875743926274,0.07699565980259683,4481359872,10.320957,8.35,1.6156125,0.23
2026-03-24,83.12000274658203,85.70999908447266,82.08000183105469,83.0199966430664,20002,0,86.9319995880127,88.72319961547852,86.92376427109788,89.38594094543478,97.26173906529739,39.67608241836154,-1.812677408930682,-1.4196462450266722,-0.39303116390400983,91.55939282270215,86.9319995880127,82.30460635332325,3.666749528226451,29.28755330910596,38.41484405574451,73460206.0,-111.41310998823916,-88.96107273935786,99.48750903959906,0.08120836990221555,4481359872,10.320957,8.35,1.6156125,0.23
2026-03-25,86.0,86.0,82.20999908447266,83.69999694824219,49031,0,86.63899955749511,88.60379959106446,86.61673881177829,89.16296274946644,97.126796357665,41.44868706711387,-1.8420198388867277,-1.5041209637986834,-0.3378988750880443,91.3056113501076,86.63899955749511,81.97238776488263,3.675553198747943,22.210409948868364,29.04881999549354,73509237.0,-90.93684317902019,-81.60176037585511,99.48452028317084,0.08540069786188406,4481359872,10.320957,8.35,1.6156125,0.23
2026-03-27,83.69999694824219,83.69999694824219,79.5,80.98999786376953,77945,0,86.19599952697754,88.49639953613281,86.08085872149174,88.84245432257637,96.96623119852177,36.8067947133395,-2.0601995062588117,-1.615336672290709,-0.44486283396810267,91.22714360495972,86.19599952697754,81.16485544899537,3.71301346656896,24.666257145839552,25.38807346793787,73431292.0,-159.99558696879078,-87.30836341659166,99.47898372189198,0.06010904724527643,4481359872,10.320957,8.35,1.6156125,0.23
2026-03-30,80.01000213623047,82.19000244140625,79.0199966430664,79.81999969482422,81637,0,85.72049942016602,88.31579956054688,85.48458643323768,88.48863257246845,96.79562192982826,34.985129784834186,-2.300993122306565,-1.7524679622938801,-0.5485251600126848,91.24990173964272,85.72049942016602,80.19109710068932,3.6742272045525946,22.810599011139683,23.22908870194911,73349655.0,-173.24922696290156,-93.45333083598676,99.47285096373729,0.025327424172987126,4481359872,10.320957,8.35,1.6156125,0.23
2026-04-01,80.1500015258789,85.05000305175781,80.1500015258789,84.20999908447266,36308,0,85.58299942016602,88.2477995300293,85.36319716192672,88.3208430239196,96.67039185176502,45.820410548029486,-2.113227563941166,-1.8246198826233373,-0.28860768131782866,91.11903729755619,85.58299942016602,80.04696154277585,3.785354072579809,35.5132820978065,27.663379418261826,73385963.0,-75.41894489295291,-57.528625835050256,99.47052278357346,0.07123720555264859,4481359872,10.320957,8.35,1.6156125,0.23
2026-04-02,83.87000274658203,88.0,83.87000274658203,87.29000091552734,26636,0,85.7324993133545,88.28019958496094,85.54670228131725,88.28041784319832,96.57705462851887,51.87976560796022,-1.6963372788249842,-1.7989633618636667,0.10262608303868248,91.28334333858237,85.7324993133545,80.18165528812662,3.809971442639678,59.303403563648466,39.2090948908648,73412599.0,26.63273092712109,-19.080202694026976,99.46915498235163,0.08081615689165361,4481359872,10.320957,8.35,1.6156125,0.23
2026-04-06,86.06999969482422,87.98999786376953,86.06999969482422,87.19000244140625,6298,0,85.79799957275391,88.30999969482421,85.70320705846858,88.23765645489274,96.48365112416948,51.677686768609,-1.3583594433638524,-1.7108425781637038,0.3524831347998514,91.3850578507454,85.79799957275391,80.21094129476242,3.674973351661509,85.80961348190137,60.208766381118686,73406301.0,45.33355449159681,-9.020013984386084,99.46884883182875,0.04604652850024183,4481359872,10.320957,8.35,1.6156125,0.23
2026-04-07,87.36000061035156,89.5999984741211,86.98999786376953,87.87999725341797,10181,0,85.77849960327148,88.404599609375,85.91052041036852,88.22363060385452,96.3980426279431,53.036988613405754,-1.0230397930459105,-1.573282021140145,0.5502422280942345,91.3335412927432,85.77849960327148,80.22345791379976,3.59890387013937,88.93881426598024,78.01727710384326,73416482.0,78.62415861685264,-16.257097571141568,99.46839684364237,0.024416838878666445,4481359872,10.320957,8.35,1.6156125,0.23
2026-04-08,88.0,94.38999938964844,88.0,92.98999786376953,38805,0,85.92349967956542,88.6479995727539,86.58475635831147,88.41054696698843,96.36413173476724,61.64252606127343,-0.341031017833771,-1.3268318204788703,0.9858008026450993,92.043771625891,85.92349967956542,79.80322773323985,3.8068394605744484,88.29713852666437,87.68185542484856,73455287.0,180.55742786354153,-9.108661520507779,99.46722816863378,0.025421203286304976,4481359872,10.320957,8.35,1.6156125,0.23
2026-04-09,92.70999908447266,93.6500015258789,89.25,89.83000183105469,16551,0,86.01499977111817,88.769599609375,86.89382735571559,88.46621186361848,96.29911551681985,54.93831517523983,-0.05488672057263955,-1.072442800497624,1.0175560799249845,92.30896678133672,86.01499977111817,79.72103276089962,3.8492081795247666,76.85514377846187,84.69703219036874,73438736.0,137.53361909654535,-29.66816358967664,99.46667245234207,-0.023241035182020035,4481359872,10.320957,8.35,1.6156125,0.23
2026-04-10,89.83000183105469,91.7699966430664,89.83000183105469,90.47000122070312,25938,0,86.02099990844727,88.95259963989258,87.23441534285726,88.54479183840611,96.24111437954505,55.982483421010464,0.22097997896941024,-0.8137582446042172,1.0347382235736275,92.33169254486097,86.02099990844727,79.71030727203356,3.7128357961309777,66.56905485694337,77.24044572068978,73464674.0,127.78236283435747,-25.504212546852266,99.46577931546912,-0.058028909146194546,4481359872,10.320957,8.35,1.6156125,0.23
2026-04-13,90.0,90.0,87.61000061035156,89.22000122070312,18394,0,86.03600006103515,89.16259963989258,87.42351875979496,88.57127063771188,96.17125255706901,53.380749610479384,0.3348814674542666,-0.5840303021925204,0.918911769646787,92.37554462111697,86.03600006103515,79.69645550095333,3.651918997146734,46.557937240181126,63.32737862519537,73446280.0,81.05656851917853,-33.63693718333923,99.46502001588864,-0.040806929964334465,4481359872,10.320957,8.35,1.6156125,0.23
2026-04-15,89.75,93.0,89.75,92.36000061035156,30440,0,86.26599998474121,89.33699966430665,87.89365988841939,88.71984828369774,96.13332965212655,58.58728301470152,0.6707884941598934,-0.33306654292203763,1.003855037081931,93.14948640719744,86.26599998474121,79.38251356228498,3.661067553014601,51.02627320447948,54.71775510053458,73476720.0,139.29117606870673,-13.207536867540927,99.46409325182887,-0.02811290492245455,4481359872,10.320957,8.35,1.6156125,0.23
2026-04-16,94.0,94.0,90.05000305175781,91.70999908447266,29186,0,86.52449989318848,89.47339965820312,88.25712076423399,88.8371090994144,96.0893164126474,57.16405048016485,0.8744672281849688,-0.09155978870063633,0.9660270168856051,93.80649868850763,86.52449989318848,79.24250109786932,3.681705366959428,54.785640167392366,50.78995020401758,73447534.0,123.76413348249159,-17.43656360615653,99.46322967633907,-0.04678928917049406,4481359872,10.320957,8.35,1.6156125,0.23
2026-04-17,91.70999908447266,92.88999938964844,91.5999984741211,92.44000244140625,21553,0,86.95,89.57979965209961,88.6554904477742,88.97839903439447,96.05300483084402,58.3866941066807,1.082313031427958,0.14321477532508256,0.9390982561028756,94.5628610619528,86.95,79.3371389380472,3.5108693347142794,69.93621218394945,58.582708518607014,73469087.0,114.99544700640709,-12.687030577634907,99.46262504325911,-0.0011741880419162275,4481359872,10.320957,8.35,1.6156125,0.23
2026-04-20,94.38999938964844,94.38999938964844,90.83999633789062,92.29000091552734,21861,0,87.29599990844727,89.66599960327149,89.00163430184593,89.10826577483105,96.015562005816,58.020234196598466,1.22085519963737,0.3587428601875401,0.8621123394498299,95.21311008157352,87.29599990844727,79.37888973532102,3.513664600217389,69.59206416316628,64.77130550483595,73447226.0,104.31833613834613,-13.662967461655722,99.46202873359432,-0.044261337942076893,4481359872,10.320957,8.35,1.6156125,0.23
2026-04-21,92.29000091552734,93.41999816894531,92.29000091552734,92.7300033569336,13923,0,87.59700012207031,89.61059967041015,89.35671706899713,89.25029469961939,95.98286987995647,58.836384581049074,1.3505866635074852,0.5571116208515291,0.7934750426559561,95.85261810508709,87.59700012207031,79.34138213905354,3.3434026468745732,69.61255822111157,69.71361152274237,73461149.0,97.19752572935013,-10.800232505384505,99.46166574725967,-0.06428226016529986,4481359872,10.320957,8.35,1.6156125,0.23
2026-04-22,92.76000213623047,93.4000015258789,91.0,91.38999938964844,28469,0,87.91650009155273,89.50759963989258,89.55036300429725,89.33420468746367,95.93716967607281,55.309695853081905,1.3299419194227937,0.7116776805657821,0.6182642388570116,96.23968422513262,87.91650009155273,79.59331595797285,3.2760168525177398,54.70876734592694,64.63779657673486,73432680.0,73.18462553007521,-21.06741889079088,99.46082505737412,-0.0835083246045005,4481359872,10.320957,8.35,1.6156125,0.23
2026-04-23,91.83999633789062,99.0,91.0999984741211,96.41000366210938,259387,0,88.4370002746582,89.5729997253418,90.20366211456508,89.61168700019488,95.94187449185426,64.01244038388427,1.6990674103855383,0.9091556265297334,0.789911783855805,97.48603549502573,88.4370002746582,79.38796505429067,3.6063014720435373,54.453199827059564,59.59150846469928,73692067.0,122.95196115304266,-17.118286900584383,99.45680437949818,0.030794211570689276,4481359872,10.320957,8.35,1.6156125,0.23
2026-04-24,96.0,96.3499984741211,90.0999984741211,91.23999786376953,40029,0,88.85900001525879,89.57499969482421,90.30236075734645,89.6755423281782,95.89508964978377,52.642653515605964,1.556483587079839,1.0386212186397545,0.5178623684400845,97.59907523541004,88.85900001525879,80.11892479510753,3.7994231660395905,37.31478682146713,48.825584664817804,73652038.0,66.32959347773236,-60.01548300910866,99.4557237523934,0.024662095020860902,4481359872,10.320957,8.35,1.6156125,0.23
2026-04-27,91.69999694824219,93.3499984741211,91.69999694824219,92.73999786376953,34544,0,89.34500007629394,89.39499969482422,90.53451667224388,89.79571705506413,95.86369570166423,55.13267464627899,1.5466930293664802,1.1402355807850997,0.40645744858138055,97.80890977574907,89.34500007629394,80.88109037683881,3.6787501263475884,36.91058405328766,42.89285690060472,73686582.0,61.73431060118995,-52.12323915701876,99.45479597991068,0.04575111244971119,4481359872,10.320957,8.35,1.6156125,0.23
2026-04-28,92.73999786376953,94.01000213623047,92.5,92.5199966430664,14581,0,89.78600006103515,89.27699966430664,90.72361000279841,89.90255154871127,95.83042506426524,54.67857478069724,1.503846278174663,1.2129577202630124,0.2908885579116507,97.94092201228797,89.78600006103515,81.63107810978234,3.5238395556249373,23.220958371801725,32.4821097488521,73672001.0,65.0618854342253,-56.892043056848706,99.45442804074487,0.04318141167147498,4481359872,10.320957,8.35,1.6156125,0.23
2026-04-29,92.5199966430664,94.1500015258789,91.55000305175781,91.56999969482422,14490,0,90.31500015258788,89.18059967041016,90.8042185448961,89.96794167208824,95.788032772032,52.661520843546924,1.37735580455292,1.2458373371209939,0.13151846743192608,97.42457029791937,90.31500015258788,83.2054300072564,3.4578509069460917,24.456920073962213,28.196154166350468,73657511.0,49.75311791186291,-65.23266640319912,99.45402915720537,0.05763020145819252,4481359872,10.320957,8.35,1.6156125,0.23
2026-04-30,91.56999969482422,92.06999969482422,90.30999755859375,91.0,14985,0,90.87400016784667,89.0729997253418,90.82286439776314,90.00841454769262,95.74039065489735,51.435493012237096,1.2170871580592717,1.2400873013086495,-0.023000143249377825,96.10476508510779,90.87400016784667,85.64323525058556,3.3365759947521183,19.369291743712036,22.34905672982526,73642526.0,8.034155535201979,-70.23705380766422,99.45354062448637,0.11604226507820688,4481359872,10.320957,8.35,1.6156125,0.23
2026-05-04,91.0,93.5,91.0,92.69000244140625,10924,0,91.29800033569336,89.02679977416992,91.00068706858629,90.11357485725001,95.71003853337008,54.795829936292364,1.2124656251287433,1.2345629660726682,-0.022097340943924904,95.58980506260951,91.29800033569336,87.0061956087772,3.2768205665555383,30.96537300674,24.930528274804683,73653450.0,43.90062201390198,-55.399454756147385,99.45323883450425,0.09083666571699578,4481359872,10.320957,8.35,1.6156125,0.23
2026-05-05,92.0,96.38999938964844,92.0,93.33999633789062,21528,0,91.60050010681152,89.01939971923828,91.22347842756766,90.24010118982416,95.68645602396232,56.055269339882905,1.2468788588756325,1.237026144633261,0.009852714242371441,95.55962892917401,91.60050010681152,87.64137128444904,3.356333339633603,42.07158181120059,30.802082187217476,73674978.0,109.32534071556655,-61.189228779560814,99.45277170036832,0.05304351778363407,4481359872,10.320957,8.35,1.6156125,0.23
2026-05-06,97.0,97.0,93.1500015258789,94.16000366210938,29434,0,91.94900016784668,89.05839981079102,91.50314749752401,90.39382285540397,95.67126744324737,57.65800972771997,1.3250450381434717,1.2546299233353033,0.07041511480816842,95.49986001026646,91.94900016784668,88.3981403254269,3.391595134954138,56.45445707387373,43.163803963938044,73704412.0,151.99331484575035,-54.07818981258109,99.45223221919719,0.029643770905158393,4481359872,10.320957,8.35,1.6156125,0.23
2026-05-07,94.75,95.91999816894531,91.9000015258789,92.86000061035156,61441,0,92.19800033569337,89.04339981079102,91.6323716035076,90.49053570853917,95.64329463893995,54.27819353095779,1.2674821711829765,1.257200372904838,0.010281798278138465,95.23365985281148,92.19800033569337,89.16234081857525,3.436480956962157,48.500255022321916,49.008764635798684,73642971.0,79.44503593061155,-68.98874535914297,99.45081558449382,-0.011052078122579719,4481359872,10.320957,8.35,1.6156125,0.23
2026-05-08,94.75,94.75,92.37000274658203,93.51000213623047,11906,0,92.2240005493164,89.05519989013672,91.811193559005,90.60894615668393,95.62206784786821,55.67718622561109,1.259790791199336,1.2577184565637376,0.0020723346355984162,95.29504961884787,92.2240005493164,89.15295147978493,3.361017835280429,45.8328809247256,50.26253100697369,73654877.0,70.95382237098812,-61.68535868006354,99.45054037227926,-0.04245826140718293,4481359872,10.320957,8.35,1.6156125,0.23
2026-05-11,92.13999938964844,93.2699966430664,91.0999984741211,91.55000305175781,20495,0,92.31000061035157,89.01919998168945,91.78631827260051,90.64585034864761,95.58154979019547,50.64501989708986,1.0830549877077829,1.2227857627925467,-0.13973077508476384,95.19900855395568,92.31000061035157,89.42099266674745,3.293088251482497,29.19239561021789,41.175177185755075,73634382.0,-36.926161622877345,-83.70781652766598,99.44994078548599,-0.04196024103634695,4481359872,10.320957,8.35,1.6156125,0.23
2026-05-12,92.4000015258789,93.58000183105469,89.0999984741211,90.20999908447266,44320,0,92.29700050354003,88.97899993896485,91.63619263563595,90.62875814220938,95.52810152446688,47.48514167689924,0.8253493552434179,1.143298481282721,-0.31794912603930303,95.22113672096623,92.29700050354003,89.37286428611384,3.3778679018718614,21.17040037307495,32.06522563600609,73590062.0,-108.78663870480922,-88.78787435082725,99.44846941084144,-0.05916266966629109,4481359872,10.320957,8.35,1.6156125,0.23
2026-05-13,90.0999984741211,92.16999816894531,88.12000274658203,88.38999938964844,45225,0,92.2555004119873,88.95559997558594,91.32703137411333,90.54096368132464,95.45707563257814,43.514023967123364,0.4688523814435541,1.0084092613148876,-0.5395568798713335,95.37046914556156,92.2555004119873,89.14053167841304,3.4258770104783913,8.379776545816723,19.580857509703133,73544837.0,-215.0402605218944,-97.51841258065036,99.44672028840836,-0.11639483161675201,4481359872,10.320957,8.35,1.6156125,0.23
2026-05-14,89.5999984741211,90.0199966430664,88.62000274658203,89.19000244140625,19058,0,92.09700050354004,88.94240005493164,91.1235048090936,90.48798480917098,95.39471669535254,45.66501969654007,0.2480204957697083,0.8563315082058518,-0.6083110124361435,95.48518775197556,92.09700050354004,88.70881325510453,3.2975998849740753,11.216966886421028,13.589047935104178,73563895.0,-201.38246750417636,-87.95045016019155,99.44596226828962,-0.1471808125225485,4481359872,10.320957,8.35,1.6156125,0.23
2026-05-15,89.48999786376953,95.1500015258789,88.36000061035156,93.87999725341797,71531,0,92.2055004119873,89.03339996337891,91.38602789902926,90.62100490502381,95.37964486010941,56.19618146251179,0.44630825700316734,0.7743268579653149,-0.3280186009621475,95.6751668761127,92.2055004119873,88.7358339478619,3.547057101442166,33.84492165641392,17.813888362883834,73635426.0,0.21828133084336426,-35.1351769324154,99.44400940434163,-0.07757828917566635,4481359872,10.320957,8.35,1.6156125,0.23
2026-05-18,94.87999725341797,94.87999725341797,90.11000061035156,90.8499984741211,20532,0,92.12600021362304,89.11119995117187,91.33497747760943,90.62998504498842,95.33457375179111,49.518590415860245,0.3548664777748911,0.6904347819272301,-0.33556830415233896,95.64307045836706,92.12600021362304,88.60892996887902,3.6344099258438973,45.63559463159839,30.23249439147772,73614894.0,-31.803198489567592,-69.25679536118922,99.44340758998501,-0.1035677760064522,4481359872,10.320957,8.35,1.6156125,0.23
2026-05-19,91.95999908447266,92.1500015258789,90.11000061035156,90.41999816894531,15025,0,92.03250007629394,89.23359985351563,91.24783659106998,90.62175026553575,95.28567250221056,48.63535575736697,0.24487797708030712,0.6013234209578455,-0.3564454438775384,95.62576090080812,92.03250007629394,88.43923925177977,3.5205235679641436,51.16162887782398,43.547381721945364,73599869.0,-87.22045240201186,-74.0991426379327,99.44290538305098,-0.11261511649500053,4481359872,10.320957,8.35,1.6156125,0.23
2026-05-20,90.44999694824219,91.37999725341797,89.0999984741211,89.70999908447266,13010,0,91.88149986267089,89.31019989013672,91.10137587615596,90.58599531725876,95.23019316472063,47.14024497898838,0.0992759145032096,0.5009139196669183,-0.40163800516370873,95.59657982157373,91.88149986267089,88.16641990376806,3.4319146544879104,30.47751297424959,42.42491216122392,73586859.0,-117.28518842919266,-82.09463029643815,99.44242836297688,-0.11649808286416775,4481359872,10.320957,8.35,1.6156125,0.23
2026-05-21,90.08999633789062,91.47000122070312,90.05999755859375,90.36000061035156,8965,0,91.82999992370605,89.35199996948242,91.03076870798411,90.57713277973299,95.18173353731397,48.695209431752,0.03592084857127986,0.40791530544779064,-0.3719944568765108,95.5990697795384,91.82999992370605,88.06093006787371,3.3124923317552364,27.351366523901003,36.330169458658126,73595824.0,-78.42532332254065,-74.77479102927265,99.44211954189576,-0.10120875647447375,4481359872,10.320957,8.35,1.6156125,0.23
2026-05-22,90.6500015258789,92.0199966430664,90.20999908447266,91.16000366210938,13337,0,91.56749992370605,89.3734001159668,91.04307679885318,90.59999046139481,95.14171632462538,50.62053274770456,0.04969224151615492,0.3362706926614635,-0.28657845114530855,94.70194640235185,91.56749992370605,88.43305344506025,3.205171276529416,28.325822415185588,28.718233971112,73609161.0,-45.46729907056574,-65.76574486712563,99.4416862222924,-0.3173412463600038,4481359872,10.320957,8.35,1.6156125,0.23
2026-05-25,91.37999725341797,92.2300033569336,90.0999984741211,90.44000244140625,19593,0,91.52750015258789,89.42220016479492,90.985641145763,90.59371642139526,95.09493310190678,48.84396041592643,0.0024795062286528946,0.26951245537490137,-0.2670329491462485,94.69785555780747,91.52750015258789,88.35714474736831,3.1283736769782076,35.96895809479039,30.548715677958928,73589568.0,-51.262279513186556,-73.87386922973162,99.44103390088773,-0.30624384594182447,4481359872,10.320957,8.35,1.6156125,0.23
2026-05-26,92.88999938964844,93.63999938964844,91.05999755859375,92.2300033569336,26864,0,91.50200042724609,89.45980026245117,91.10415183254115,90.6578845365144,95.0664263382752,53.23790750530814,0.10825331080354772,0.23726062646063065,-0.12900731565708293,94.64098505000781,91.50200042724609,88.36301580448436,3.1334896249256348,49.13154072668677,37.808773745554184,73616432.0,25.850679556639953,-47.30765355877229,99.44028524419322,-0.3341038097531684,4481359872,10.320957,8.35,1.6156125,0.23
2026-05-27,92.2300033569336,94.69999694824219,91.0199966430664,93.83999633789062,27176,0,91.5680004119873,89.55820022583008,91.36470845209824,90.78267323460759,95.05422305468929,56.829601883248515,0.3183233577599083,0.2534731727204862,0.06485018503942208,94.84241367035112,91.5680004119873,88.29358715362348,3.1725261020863593,64.4066293787857,49.83570940008755,73643608.0,73.47220487353846,-18.634500931155284,99.43962114863878,-0.26961871316900604,4481359872,10.320957,8.35,1.6156125,0.23
2026-05-29,94.0,94.80000305175781,92.25,92.6500015258789,26301,0,91.62200050354004,89.65600021362305,91.48711731626783,90.8559017950496,95.03030045241256,53.55533591150192,0.38435217469903193,0.27964897311619535,0.10470320158283658,94.9302118978838,91.62200050354004,88.31378910919628,3.1280601699200346,68.22121927064708,60.586463125373115,73617307.0,71.65459036098908,-35.561883842176776,99.43898336576757,-0.2707652739869197,4481359872,10.320957,8.35,1.6156125,0.23
2026-06-01,92.98999786376953,97.0,87.43000030517578,94.68000030517578,265499,0,91.80600051879883,89.81880020141601,91.79120141044953,91.00586644250554,95.02681487880821,58.000787457067226,0.5936412965787383,0.34244743780870396,0.25119385877003436,95.35589266353898,91.80600051879883,88.25610837405867,3.5881987074131905,70.49280368657945,67.706884112004,73882806.0,55.790647138397325,-24.242421826606257,99.43234870800467,-0.0016021334985763058,4481359872,10.320957,8.35,1.6156125,0.23
2026-06-02,95.5,97.48999786376953,93.0,93.33999633789062,119916,0,91.83850021362305,90.00700012207031,91.93870568925344,91.09740094820691,95.01003061471948,54.305733938607894,0.6439542089622705,0.40274879203941727,0.24120541692285324,95.43180594419873,91.83850021362305,88.24519448304737,3.6526129328672146,62.92013304731605,67.21138533484746,73762890.0,122.7940604214336,-41.25251026859115,99.43009264517815,-0.12124705312556709,4481359872,10.320957,8.35,1.6156125,0.23
2026-06-03,93.80000305175781,95.66000366210938,91.55999755859375,91.7699966430664,27201,0,91.76000022888184,90.135,91.92263816104516,91.12377724996611,94.97779147072293,50.26525454230901,0.5507925070094046,0.43235753503341473,0.1184349719759899,95.28664700855313,91.76000022888184,88.23335344921054,3.6845695879135296,59.215398351106444,64.20944502833392,73735689.0,47.72503785421401,-56.858872851483106,99.42940999782208,-0.13854585808509645,4481359872,10.320957,8.35,1.6156125,0.23
2026-06-04,91.7699966430664,93.08999633789062,90.11000061035156,90.58000183105469,37214,0,91.5810001373291,90.21240005493163,91.7947680343794,91.10245272373429,94.93403236983072,47.3873285692998,0.3765973708230632,0.42120550219134445,-0.044608131368281234,94.9626490436093,91.5810001373291,88.1993512310489,3.634242883601068,44.40025562775417,55.511929008725495,73698475.0,-33.76496997857654,-68.68784999666309,99.42822422030608,-0.15017859808859607,4481359872,10.320957,8.35,1.6156125,0.23
2026-06-05,91.0,91.88999938964844,89.51000213623047,90.0199966430664,18993,0,91.43899993896484,90.31279998779297,91.62574218758769,91.06000346566888,94.88513649195247,46.051092065221084,0.19115521356320642,0.37519544446571684,-0.18404023090251043,94.83238630656624,91.43899993896484,88.04561357136345,3.5446539100165606,33.39959127872521,45.67174841919521,73679482.0,-69.0983055039926,-74.25450331567804,99.42756089301021,-0.13273113688355276,4481359872,10.320957,8.35,1.6156125,0.23
2026-06-08,90.16999816894531,91.0,88.5,89.31999969482422,69612,0,91.22949981689453,90.37919998168945,91.40614766446735,90.99176802367498,94.82976199645866,44.36698461078564,-0.012152845272950685,0.2977257865179833,-0.309878631790934,94.60288568600987,91.22949981689453,87.85611394777919,3.470035773586806,22.05963042972023,33.28649244539981,73609870.0,-106.54128003366313,-81.2127251657839,99.42489531602254,-0.15008193317050464,4481359872,10.320957,8.35,1.6156125,0.23
2026-06-09,90.51000213623047,91.0,88.5999984741211,89.44000244140625,26748,0,91.12399978637696,90.51199996948242,91.21889573846154,90.93091447142915,94.77613254814968,44.7400799636018,-0.1617284233201275,0.20583494455036117,-0.36756336787048866,94.58161846154235,91.12399978637696,87.66638111121156,3.3936047558933846,15.998420096324523,23.819213934923255,73636618.0,-92.4857948031975,-80.0198546319385,99.42387911583876,-0.14472366700609482,4481359872,10.320957,8.35,1.6156125,0.23
2026-06-10,90.9000015258789,90.9000015258789,89.05000305175781,89.23999786376953,16849,0,91.0754997253418,90.63639999389649,91.03042927420516,90.8646040162268,94.72104663089216,44.20794596254257,-0.2930289886862738,0.10606215790303417,-0.399091146589308,94.60941130763104,91.0754997253418,87.54158814305256,3.283347164338221,12.79057809460595,16.94954287355017,73619769.0,-83.23485211057387,-82.0079721883475,99.42324238782645,-0.13910396598006172,4481359872,10.320957,8.35,1.6156125,0.23
2026-06-11,89.4800033569336,89.68000030517578,87.5,87.83999633789062,12331,0,91.04799957275391,90.71919998168946,90.72657851836568,90.7459919504097,94.65257846877275,40.57041299013273,-0.5042414737163483,-0.015998568420842338,-0.48824290529550596,94.67247471562727,91.04799957275391,87.42352442988054,3.2045366743980463,12.331760685001932,13.706919625310734,73607438.0,-146.0076937015029,-95.92449172748948,99.42270963402208,-0.10856402487049714,4481359872,10.320957,8.35,1.6156125,0.23
2026-06-12,90.0,90.0,88.2300033569336,88.93000030517578,17067,0,91.03499946594238,90.87800003051758,90.55547583139521,90.67477659177308,94.59563739251804,44.405892091049864,-0.5770231158941783,-0.12820347791550954,-0.44881963797866875,94.68779258377387,91.03499946594238,87.38220634811088,3.129927173520284,21.574638209435633,15.565658996347771,73624505.0,-109.41721129525799,-85.08945960211864,99.42201980372164,-0.10885049593284422,4481359872,10.320957,8.35,1.6156125,0.23
2026-06-15,89.05000305175781,90.9000015258789,88.1500015258789,90.12999725341797,48197,0,90.84749946594238,91.08419998168945,90.51495406206405,90.6534126961513,94.55120316227824,48.35739068890164,-0.531743755736187,-0.20891153347964503,-0.322832222256542,94.27492938943682,90.84749946594238,87.42006954244793,3.102789518268835,41.248240872741825,25.05154658905973,73672702.0,-70.13847450471474,-73.16105761938564,99.42019870056984,-0.14028724322334904,4481359872,10.320957,8.35,1.6156125,0.23
2026-06-16,90.0,90.4800033569336,88.6500015258789,89.62000274658203,50667,0,90.78599967956544,91.19240005493164,90.42972060344671,90.61288681577604,94.5021364914753,46.83381972785677,-0.5308920381436337,-0.27330763441244277,-0.25758440373119096,94.2549325667439,90.78599967956544,87.31706679238697,3.011876112039253,59.450974740186844,40.75795127412137,73622035.0,-70.70944148931926,-78.23058675063552,99.41825671065301,-0.11537962382584743,4481359872,10.320957,8.35,1.6156125,0.23
2026-06-17,90.4800033569336,91.88999938964844,89.0,89.80999755859375,34134,0,90.75549964904785,91.24279998779296,90.37069936107976,90.5814009625532,94.45544854189438,47.49747258046656,-0.5090184050186934,-0.3204497885336929,-0.18856861648500056,94.24741874536005,90.75549964904785,87.26358055273565,3.0031706318684805,63.371771441415014,54.69032901811449,73656169.0,-36.46264881674669,-76.34196987070979,99.41703527616738,-0.11803596042185104,4481359872,10.320957,8.35,1.6156125,0.23
2026-06-18,91.29000091552734,92.5,90.23999786376953,91.83000183105469,49546,0,90.86149978637695,91.33559997558594,90.50968054869642,90.63036570249444,94.42932469402533,54.06291726476902,-0.3249402216616062,-0.32134787515927554,-0.0035923465023306456,94.34874103992581,90.86149978637695,87.3742585328281,2.9808014754068926,66.52342449834704,63.11539022664956,73705715.0,22.357235251069593,-56.26239966509528,99.41551187980797,-0.08471353857185306,4481359872,10.320957,8.35,1.6156125,0.23
2026-06-19,91.83000183105469,91.83000183105469,90.20999908447266,90.66000366210938,26448,0,90.87649993896484,91.39120010375977,90.52399703568813,90.63152797542052,94.39181901211572,50.15107144321277,-0.27034958753232274,-0.311148217633885,0.04079863010156226,94.35755888633314,90.87649993896484,87.39544099159654,2.8836015662051167,64.9728327647655,64.95600956817577,73679267.0,-8.67131124190397,-68.36832494659805,99.41463471264582,-0.09020080026381186,4481359872,10.320957,8.35,1.6156125,0.23
2026-06-22,91.0199966430664,91.76000213623047,89.81999969482422,90.77999877929688,19539,0,90.85749969482421,91.34700012207031,90.54837815412705,90.63735035988627,94.35588050233643,50.54629620965787,-0.21492598064648405,-0.2919037702364048,0.07697778958992074,94.33630911479851,90.85749969482421,87.37869027484992,2.816201628719483,65.87452750865772,65.79026159059002,73698806.0,-13.304738307222422,-59.80395456772394,99.41397817951069,-0.09052562643518723,4481359872,10.320957,8.35,1.6156125,0.23
2026-06-23,91.0199966430664,91.12999725341797,88.81999969482422,89.1500015258789,34605,0,90.79299964904786,91.3334001159668,90.41519942762723,90.57902295463109,94.30408071152591,45.293048742091294,-0.29908189882172564,-0.293339395953469,-0.0057425028682566714,94.34739455745881,90.79299964904786,87.2386047406369,2.7800441951390735,40.66442833456909,57.170596202664036,73664201.0,-61.09729557574534,-70.48295873300104,99.41266922885731,-0.10101976045039385,4481359872,10.320957,8.35,1.6156125,0.23
2026-06-24,90.0,92.73999786376953,89.12000274658203,91.38999938964844,65830,0,90.7509994506836,91.35180007934571,90.50803751924829,90.61082595208275,94.27508487747738,52.585814016959034,-0.18291839374298036,-0.2712551955113712,0.08833680176839087,94.25598916608233,90.7509994506836,87.24600973528486,2.840040689571104,43.28443785272148,49.941131231982695,73730031.0,7.254294689600129,-25.76334016193542,99.41053465987603,-0.07771147580586482,4481359872,10.320957,8.35,1.6156125,0.23
2026-06-25,92.0,92.0,90.05000305175781,90.58000183105469,22310,0,90.5879997253418,91.37900009155274,90.51489126322986,90.60961716302282,94.2383178819906,49.990681330981644,-0.15443775034979978,-0.24789170647905695,0.09345395612925717,93.79364239827873,90.5879997253418,87.38235705240487,2.7764661366190384,39.80890743261096,41.252591206633774,73707721.0,3.024134653370184,-41.221315139258344,99.40979354820317,-0.1030245744656116,4481359872,10.320957,8.35,1.6156125,0.23
2026-06-29,91.5,91.5,86.55999755859375,87.0199966430664,51625,0,90.30649948120117,91.27220001220704,90.18204415654762,90.46884773086767,94.166493790061,40.524757673925386,-0.4143528994356842,-0.2811839450703824,-0.1331689543653018,93.72043186346838,90.30649948120117,86.89256709893397,2.931004444103839,39.30087749803031,40.79807426112084,73656096.0,-124.55786322203735,-92.55664948612697,99.40757348527266,-0.1240748754150176,4481359872,10.320957,8.35,1.6156125,0.23
2026-06-30,88.05999755859375,89.29000091552734,85.5,85.8499984741211,35870,0,89.86499938964843,91.155,89.76946837726891,90.28771638746584,94.08374259288746,37.97944142815601,-0.7066013414053458,-0.3662674243373751,-0.3403339170679707,93.1849125422915,89.86499938964843,86.54508623700536,2.9923613349198037,19.058539886570305,32.72277493907045,73620226.0,-187.11854013446745,-95.16576550564248,99.40582489241308,-0.3719503479334218,4481359872,10.320957,8.35,1.6156125,0.23
2026-07-01,87.02999877929688,88.0,86.30000305175781,87.22000122070312,18899,0,89.55899963378906,91.05059997558594,89.5266619814055,90.16741383190652,94.01544665883587,42.53115311282393,-0.8182305131197012,-0.4566600420938403,-0.3615704710258609,92.66244324426948,89.55899963378906,86.45555602330863,2.932192777131168,12.011504985275232,23.45697412329187,73639125.0,-164.42896012660208,-76.24307005240468,99.40492536972883,-0.27579749224123146,4481359872,10.320957,8.35,1.6156125,0.23
2026-07-02,86.41000366210938,88.80000305175781,86.41000366210938,86.9800033569336,21520,0,89.31949996948242,90.94440002441407,89.28412306478913,90.04241734269189,93.94544224787167,41.950328436910375,-0.9155098303690181,-0.5484299997488759,-0.36707983062014227,92.44271380955442,89.31949996948242,86.19628612941042,2.8934646780252584,17.120148952105215,16.06339794131684,73617605.0,-140.3451774046676,-79.55795865162003,99.40391995732615,-0.2586994606068066,4481359872,10.320957,8.35,1.6156125,0.23
2026-07-03,88.0,88.73999786376953,86.0,86.66000366210938,186963,0,89.12350006103516,90.82300003051758,89.03420693120059,89.90977366894356,93.87295032164518,41.143527677410695,-1.0068197003894284,-0.6401079398769863,-0.36671176051244203,92.39422046601464,89.12350006103516,85.85277965605567,2.882502762721278,21.953202243482576,17.02828539362093,73430642.0,-131.55514388175234,-83.97784524337669,99.39500072988344,-0.2981766593301792,4481359872,10.320957,8.35,1.6156125,0.23
2026-07-06,87.87000274658203,87.87000274658203,86.5199966430664,86.68000030517578,15468,0,88.95650024414063,90.72880004882812,88.80999677634108,89.78311588997228,93.80137867969026,41.21960507472621,-1.065289869757521,-0.7251443258530933,-0.34014554390442775,92.3652321490045,88.95650024414063,85.54776833927676,2.7730387156351597,24.41241398593166,21.161921727173077,73446110.0,-117.66842672590028,-83.70164843444567,99.3942567819369,-0.30060231746801935,4481359872,10.320957,8.35,1.6156125,0.23
2026-07-07,86.25,87.26000213623047,85.0,85.61000061035156,19700,0,88.771000289917,90.51279998779297,88.50523523672302,89.61946431037931,93.71987243024411,38.36217333714564,-1.1843158770289506,-0.8169786360882647,-0.36733724094068587,92.47170263634106,88.771000289917,85.07029794349293,2.736393245677682,22.17353143082845,22.846382553414156,73426410.0,-145.5931270900234,-92.11885298822965,99.39322773668403,-0.3007606559389792,4481359872,10.320957,8.35,1.6156125,0.23
2026-07-08,85.01000213623047,85.94999694824219,84.1500015258789,84.61000061035156,12277,0,88.52950019836426,90.38020004272461,88.13426051040193,89.42301475351547,93.6292269394989,35.86018331974536,-1.343845473870914,-0.9223520036447945,-0.4214934702261195,92.6325697287135,88.52950019836426,84.42643066801502,2.6695076868695105,19.02655003578243,21.870831817514105,73414133.0,-161.1357663380588,-94.64494434714027,99.39253625027777,-0.3038271621322848,4481359872,10.320957,8.35,1.6156125,0.23
2026-07-09,84.61000061035156,86.19000244140625,84.2699966430664,84.51000213623047,8155,0,88.29300041198731,90.21560012817383,87.78909304619512,89.23034759205332,93.5384883842425,35.61007204020279,-1.4614956576642157,-1.0301807344486789,-0.4313149232155369,92.73617073539879,88.29300041198731,83.84983008857583,2.61597183768882,11.262747247450397,17.487609571353683,73405978.0,-135.6052645339129,-95.80907143390046,99.3920797139672,-0.2976625785420318,4481359872,10.320957,8.35,1.6156125,0.23
2026-07-10,85.0999984741211,85.9000015258789,84.51000213623047,85.30999755859375,7492,0,88.16650047302247,90.07140014648438,87.55298871404261,89.0766083750549,93.45661285363903,39.25992135398361,-1.4731992077677063,-1.1187844291124844,-0.35441477865522186,92.79428312252676,88.16650047302247,83.53871782351817,2.528402377114507,16.30609527076692,15.531797517999841,73413470.0,-110.60198456946237,-86.49596592261534,99.39166759958594,-0.28670720718281756,4481359872,10.320957,8.35,1.6156125,0.23
2026-07-13,86.87000274658203,86.87000274658203,84.68000030517578,85.70999908447266,11194,0,88.0055004119873,89.95420013427734,87.3774658921788,88.94458448130658,93.37953211961748,41.05893237189054,-1.4336711072627963,-1.181761764742547,-0.25190934252024944,92.73867921571917,88.0055004119873,83.27232160825542,2.5042309531353455,29.728839662353238,19.099227393523446,73424664.0,-82.92414285820637,-81.83936875837102,99.39107422702095,-0.2850603847534855,4481359872,10.320957,8.35,1.6156125,0.23
2026-07-14,85.70999908447266,86.83999633789062,84.91999816894531,86.29000091552734,11906,0,87.81350059509278,89.86000015258789,87.27389779916437,88.84048316500152,93.30898952057181,43.6644465369313,-1.340095713139064,-1.2134285544218504,-0.12666715871721368,92.49766713866944,87.81350059509278,83.12933405151611,2.4625000399789143,53.33992500564323,33.12495331292106,73436570.0,-67.40108506312765,-75.08730731107693,99.39045535444716,-0.322647301466221,4481359872,10.320957,8.35,1.6156125,0.23
2026-07-15,85.12000274658203,86.48999786376953,84.5199966430664,85.29000091552734,10512,0,87.59700050354004,89.71200012207031,87.08495523881798,88.70124856698293,93.22919858917834,40.35237393191845,-1.3312819916673249,-1.2369992418709452,-0.09428274979637963,92.32720633112041,87.59700050354004,82.86679467595968,2.4273215528877863,56.02264588649353,46.36380351816326,73426058.0,-79.11217013097678,-85.4777119587138,99.38988515828758,-0.3502017042636617,4481359872,10.320957,8.35,1.6156125,0.23
2026-07-16,86.43000030517578,86.43000030517578,82.30999755859375,83.33999633789062,14875,0,87.27350044250488,89.51200012207032,86.7282924863487,88.49100338152833,93.13079856677747,34.80779340108789,-1.4647612703067239,-1.282551647558101,-0.18220962274862296,92.23345847795815,87.27350044250488,82.31354240705161,2.5482273524373755,46.831640377147984,52.06473708976151,73411183.0,-115.82254462679124,-88.79218165757891,99.38899706795357,-0.3489328592533251,4481359872,10.320957,8.35,1.6156125,0.23
2026-07-17,84.05999755859375,84.58999633789062,82.80000305175781,83.33999633789062,9318,0,86.84900016784668,89.29559997558594,86.40559761506698,88.28900310530724,93.03337764907711,34.807793401087885,-1.5526466165876514,-1.336570641364011,-0.2160759752236403,91.62629351326193,86.84900016784668,82.07170682243144,2.494067776272764,28.13539170723378,43.663225990291686,73411183.0,-125.79711070200638,-85.24357759407488,99.38842450821376,-0.4116322576859884,4481359872,10.320957,8.35,1.6156125,0.23
2026-07-20,84.0,86.25,83.01000213623047,85.16999816894531,13698,0,86.57449989318847,89.14179992675781,86.2879214773411,88.16668918623422,92.95513506718525,43.28890706237822,-1.4578256265345857,-1.360821638398126,-0.09700398813645972,91.06673654332269,86.57449989318847,82.08226324305426,2.5473484968082474,36.10334066109903,37.02345758182685,73424881.0,-76.40027702843436,-55.93223128448801,99.38764853484737,-0.392921489530114,4481359872,10.320957,8.35,1.6156125,0.23
2026-07-21,85.19000244140625,85.69999694824219,83.26000213623047,84.98999786376953,13447,0,86.28499984741211,88.9713998413086,86.16430970462,88.04211305594148,92.87587997063385,42.70047502590634,-1.3812812783129118,-1.3649135663810832,-0.01636771193182862,90.38497962477965,86.28499984741211,82.18502007004457,2.5396803764656384,49.94573010301088,38.06148749044781,73411434.0,-75.88700289465044,-58.70573132798375,99.386878500669,-0.3870664627746304,4481359872,10.320957,8.35,1.6156125,0.23
2026-07-22,85.0,85.4000015258789,83.5,84.62000274658203,8541,0,86.05849990844726,88.83279983520508,86.01723285147352,87.90791265165288,92.79373193855373,41.45313598965414,-1.3350848179340886,-1.3589478166916842,0.023862998757595566,89.99771574805972,86.05849990844726,82.1192840688348,2.493989029995158,61.10585772950167,49.05164283120377,73402893.0,-76.13731902837495,-64.07457109871582,99.38638469081337,-0.3581928072575303,4481359872,10.320957,8.35,1.6156125,0.23
2026-07-23,84.87000274658203,85.33000183105469,83.55000305175781,84.37000274658203,12107,0,85.70750007629394,88.71599990844726,85.8603537938648,87.76917108674814,92.70991373763859,40.590349574144184,-1.3036193880881939,-1.347882130970986,0.044262742882792194,88.85549071984464,85.70750007629394,82.55950943274324,2.442989726373852,55.23005421691678,55.42721401647636,73390786.0,-77.68667097311743,-62.949581550055505,99.38568053037989,-0.4311862229547869,4481359872,10.320957,8.35,1.6156125,0.23
2026-07-24,82.66000366210938,87.30000305175781,82.66000366210938,85.79000091552734,12348,0,85.46800003051757,88.66399993896485,85.85365351973742,87.69155657022968,92.64105888368724,47.29985045285687,-1.1508347171752433,-1.3084726482118376,0.1576379310365943,87.68915077097655,85.46800003051757,83.24684929005859,2.5999189880363223,56.34405790881569,57.55998995174463,73403134.0,-26.669028798504044,-30.260530540478555,99.38500239881596,-0.41062183719228834,4481359872,10.320957,8.35,1.6156125,0.23
