Date,Open,High,Low,Close,Volume,Segment,SMA_20,SMA_50,EMA_20,EMA_50,EMA_200,RSI_14,MACD,MACD_Signal,MACD_Hist,BB_upper,BB_middle,BB_lower,ATR_14,STOCH_K,STOCH_D,OBV,CCI_20,Williams_%R,VWAP,CMF_20,MarketCap,PE,EPS,PB,DividendYield
2023-10-04,283.60178106996415,297.18480766869084,280.61649916396453,282.5071716308594,2298145,0,,,,,,,,,,,,,,,,2298145.0,,,286.7694928211716,,14572180480,16.700464,12.92,1.3723034,1.84
2023-10-05,283.6017783544136,293.5029753949827,281.0145279870825,288.925537109375,470329,0,,,,,,,,,,,,,,,,2768474.0,,,286.94700040886937,,14572180480,16.700464,12.92,1.3723034,1.84
2023-10-06,291.51277176282275,291.51277176282275,282.35789568509745,284.3480834960937,229698,0,,,,,,,,,,,,,,,,2538776.0,,,286.8800345326164,,14572180480,16.700464,12.92,1.3723034,1.84
2023-10-09,278.6263141998381,281.6115961376935,274.8947117775188,280.0194396972656,249537,0,,,,,,,,,,,,,,,,2289239.0,,,286.26242746975845,,14572180480,16.700464,12.92,1.3723034,1.84
2023-10-10,280.01943800193175,289.1743147030716,280.01943800193175,286.487548828125,372207,0,,,,,,,,,,,,,,,,2661446.0,,,286.15597308205366,,14572180480,16.700464,12.92,1.3723034,1.84
2023-10-11,289.5723513786073,292.25911730142855,286.736327430709,289.3235778808594,230672,0,,,,,,,,,,,,,,,,2892118.0,,,286.3526853517845,,14572180480,16.700464,12.92,1.3723034,1.84
2023-10-12,289.3235701100438,292.06007851177253,283.25349085445583,287.6816711425781,159450,0,,,,,,,,,,,,,,,,2732668.0,,,286.40486973350386,,14572180480,16.700464,12.92,1.3723034,1.84
2023-10-13,285.1939419922736,300.2696097818154,284.1490750879764,291.8610534667969,640924,0,,,,,,,,,,,,,,,,3373592.0,,,287.1887542163564,,14572180480,16.700464,12.92,1.3723034,1.84
2023-10-16,294.8961035121953,294.8961035121953,283.7012963713668,287.7314147949219,477346,0,,,,,,,,,,,,,,59.52837479015225,66.64608467027843,2896246.0,,,287.3365212876161,,14572180480,16.700464,12.92,1.3723034,1.84
2023-10-17,291.5625400665678,291.5625400665678,284.2485931414969,286.736328125,163111,0,,,,,,,,,,,,,,41.804694336432256,58.00454646490414,2733135.0,,,287.3420482860932,,14572180480,16.700464,12.92,1.3723034,1.84
2023-10-18,286.6367935351079,289.27381673603435,279.67113604586734,283.3032531738281,210744,0,,,,,,,,,,,,,,25.394775642201655,42.242614922928716,2522391.0,,,287.21720999031277,,14572180480,16.700464,12.92,1.3723034,1.84
2023-10-19,281.6613311404208,289.2738241722085,280.1686902114989,282.30816650390625,102877,0,,,,,,,,,,,,,,16.967627070800955,28.05569901647829,2419514.0,,,287.1566347497647,,14572180480,16.700464,12.92,1.3723034,1.84
2023-10-20,289.57233242221645,291.56252027391554,282.1091279783449,284.59686279296875,192432,0,,,,,,,,,,,,,,20.929321462907357,21.09724139196999,2611946.0,,,287.1212141102719,,14572180480,16.700464,12.92,1.3723034,1.84
2023-10-23,284.8953972167965,285.9900066794717,273.65084727587663,277.5317077636719,122410,0,,,,,,,,,,,,,,22.273884332661954,20.056944288790092,2489536.0,,-85.42058261750745,286.9544748533244,,14572180480,16.700464,12.92,1.3723034,1.84
2023-10-25,277.6312087274636,280.06920102293,234.1456066696609,263.8491516113281,439077,0,,,,,,35.20125208891264,,,,,,,12.563069821357875,35.250892704055474,26.151366166541596,2050459.0,,-55.079027972208024,285.04874674037217,,14572180480,16.700464,12.92,1.3723034,1.84
2023-10-26,263.3018591674828,264.3964685607945,249.4202867381781,261.1126403808594,140372,0,,,,,,33.62912760097597,,,,,,,12.735434964304913,40.12225983210089,32.54901228960611,1910087.0,,-59.217481637554464,284.4712412041896,,14572180480,16.700464,12.92,1.3723034,1.84
2023-10-27,261.1126582024251,270.66556662755767,255.73915670324385,260.5653686523437,203052,0,,,,,,33.30873869407615,,,,,,,12.89193317573412,48.23801641925445,41.20372298513694,1707035.0,,-60.045126218581174,283.80026033616014,,14572180480,16.700464,12.92,1.3723034,1.84
2023-10-30,259.7195205850315,262.7048024308365,245.0418848431571,257.4308166503906,169798,0,,,,,,31.459991131274144,,,,,,,13.232717776587352,45.964867434973705,44.775047895443016,1537237.0,,-64.78554097634543,283.0901247910144,,14572180480,16.700464,12.92,1.3723034,1.84
2023-10-31,257.28151190189226,261.51066091449485,253.15187835139255,256.7342224121094,60434,0,,,,,,31.04757448451454,,,,,,,12.884579547052706,46.70497767204461,46.969287175424256,1476803.0,,-65.83900750210876,282.8638410625987,,14572180480,16.700464,12.92,1.3723034,1.84
2023-11-01,254.9928215556661,258.4756503378898,253.15189169720503,254.0474853515625,66410,0,277.3550750732422,,277.3550750732422,,,29.444296795463742,,,,302.5016655409714,277.3550750732422,252.20848460551298,12.344520910883569,43.08221550367682,45.25068687023171,1410393.0,-126.25040450581717,-69.9021871858763,282.60159098795003,-0.2587265455102678,14572180480,16.700464,12.92,1.3723034,1.84
2023-11-02,250.81343492845824,260.61510129571644,250.81343492845824,257.5303039550781,77334,0,276.1062316894531,,275.46700163341706,,,34.1886013993624,,,,302.5525558792617,276.1062316894531,249.65990749964453,12.162888443481759,44.356934134168995,44.714709103296805,1487727.0,-102.27527308370288,-64.63508531727295,282.31436835618115,-0.0017856062510366799,14572180480,16.700464,12.92,1.3723034,1.84
2023-11-03,257.4308008229135,262.6052708167886,256.8834809641188,260.66485595703125,79584,0,274.6931976318359,,274.05727347376126,,,38.21531362683003,,,,301.26840601808686,274.6931976318359,248.117989245585,11.702809972709476,57.44469946605068,48.294616367965496,1567311.0,-72.92995423040861,-56.34727176617439,282.0667711093632,-0.02472319430229908,14572180480,16.700464,12.92,1.3723034,1.84
2023-11-06,260.6648747390934,266.08811859559256,259.4210072901912,265.3915710449219,89830,0,273.74537200927733,,273.23196848053846,,,43.79948102151018,,,,300.2276093458694,273.74537200927733,247.26313467268528,11.343117210758896,77.542779895747,59.78147116532222,1657141.0,-49.062891119010935,-45.58057610066612,281.83824409823654,0.021757500342925368,14572180480,16.700464,12.92,1.3723034,1.84
2023-11-07,264.3964720614216,264.545730078882,258.72442445507147,261.26190185546875,41779,0,272.8074951171875,,272.0919621352937,,,40.36673459993061,,,,299.6605221800397,272.8074951171875,245.9544680543353,11.009119309265431,84.09811904104065,73.02853280094611,1615362.0,-53.967115638523474,-52.77298363212873,281.72170769860384,-0.010935286519561665,14572180480,16.700464,12.92,1.3723034,1.84
2023-11-08,260.2170575054069,273.8995987700316,257.43080670411666,266.13787841796875,211605,0,271.7900115966797,,271.52490654316756,,,45.77098545811256,,,,298.0276173383696,271.7900115966797,245.5524058549897,11.399095934740398,76.74100538671998,79.46063477450254,1826967.0,-29.168999953126917,-44.28075328323257,281.2730843995807,-0.04788749684610692,14572180480,16.700464,12.92,1.3723034,1.84
2023-11-09,266.1378960794951,270.56604605283127,263.7496462423495,265.590576171875,61665,0,270.60336151123045,,270.9597322220921,,,45.27501499169821,,,,295.68285137733534,270.60336151123045,245.52387164512558,11.071760497293353,61.9842842761702,74.27446956797694,1765302.0,-20.769739480988267,-45.23396064276782,281.15370169209734,-0.053790911889849455,14572180480,16.700464,12.92,1.3723034,1.84
2023-11-10,265.6900971240991,273.65084909785486,261.2121741388615,271.0635986328125,180801,0,269.7724578857422,,270.9696242612083,,,50.993770458776275,,,,293.6036945358483,269.7724578857422,245.94122123563608,11.16939724455764,66.7761946313974,68.50049476476254,1946103.0,-5.4466855335378135,-28.79078173116983,280.861503182893,-0.025428990491844616,14572180480,16.700464,12.92,1.3723034,1.84
2023-11-13,277.2829128761586,281.6613200212445,271.8098963528372,279.2233581542969,304108,0,269.1405731201172,,271.75569415578815,,,58.03485301683126,,,,291.1998890450005,269.1405731201172,247.08125719523395,11.128563254834377,74.62923546729492,67.79657145828752,2250211.0,55.301098280763064,-5.130853974364992,280.7368984552781,0.025449507942809955,14572180480,16.700464,12.92,1.3723034,1.84
2023-11-15,280.6164917658483,282.6564222006912,273.65083416882374,279.5716552734375,196120,0,268.73258514404296,,272.5000714050881,,,58.31019675109837,,,,289.67501142328996,268.73258514404296,247.79015886479596,10.9769221674796,86.8297684454908,76.0783995147277,2446331.0,69.42110114048623,-8.20099659323831,280.6866755371605,0.09051281463309932,14572180480,16.700464,12.92,1.3723034,1.84
2023-11-16,279.57166452834406,280.61650105534306,270.6655613016075,279.9696960449219,131960,0,268.3942535400391,,273.2114642279294,,,58.64415006747975,,,,288.3580939866931,268.3942535400391,248.43041309338503,10.903637709355024,88.39362199546599,83.2842086360839,2578291.0,66.76117230921787,-7.142786657805865,280.6299009465971,0.14559216663283792,14572180480,16.700464,12.92,1.3723034,1.84
2023-11-17,278.5765586388326,282.2583879695357,275.6410193898842,280.7657470703125,153003,0,268.26737823486326,,273.9309197367278,,,59.345544150432836,,,,287.8797634142627,268.26737823486326,248.65499305546382,10.597475628661915,88.80856721951545,88.01065255349074,2731294.0,88.81410264359882,-5.026447919344211,280.6106141187783,0.19310378991648802,14572180480,16.700464,12.92,1.3723034,1.84
2023-11-20,283.4027507086683,283.4027507086683,271.66065400153275,275.98931884765625,274502,0,267.9514358520508,,274.1269577472924,,,53.48419437520489,,,,286.83908526616034,267.9514358520508,249.06378643794122,10.679234277124317,73.48378888719925,83.56199270072689,2456792.0,76.03814766507229,-22.748043901903173,280.4985517230934,0.1772334880062985,14572180480,16.700464,12.92,1.3723034,1.84
2023-11-21,278.57655001306364,278.57655001306364,269.2226430399446,271.2626037597656,114707,0,267.28472290039065,,273.8541621294327,,,48.3907376851212,,,,284.65550281161455,267.28472290039065,249.91394298916674,10.58456804112394,49.122109925168495,70.4714886772944,2342085.0,55.02154321174607,-37.25192339347855,280.4023458777107,0.19014094611366184,14572180480,16.700464,12.92,1.3723034,1.84
2023-11-22,272.6557358633666,272.6557358633666,261.31167117473944,267.6305236816406,128744,0,266.78966369628904,,273.26143465821445,,,44.85576471345868,-3.5230762322822784,-6.866959096431249,3.343882864148971,283.5165114608982,266.78966369628904,250.0628159316799,10.638817801659885,28.262222896028877,50.28937390279887,2213341.0,11.171990694266679,-48.39692595389005,280.2144127203223,0.2089856201169734,14572180480,16.700464,12.92,1.3723034,1.84
2023-11-23,271.41187196135485,271.41187196135485,264.3466989183036,267.77978515625,301346,0,266.98619537353517,,272.7393728008845,,,45.03346952049876,-3.52359230436889,-6.198285738018777,2.674693433649887,283.66251640595823,266.98619537353517,250.30987434111213,10.383557461759267,24.08967145221207,33.82466809113648,2514687.0,13.712034370207098,-58.9117487129497,279.8156227702879,0.17262318877956112,14572180480,16.700464,12.92,1.3723034,1.84
2023-11-24,267.77979119702286,269.8197216715932,265.6900878036474,266.73492431640625,197418,0,267.2673095703125,,272.16752056426753,,,43.965385659889996,-3.5671924585625447,-5.672067082127531,2.104874623564986,283.726242712786,267.2673095703125,250.80837642783894,9.936848633629735,27.477485655254586,26.60979333449851,2317269.0,5.4324703407129915,-64.17627571251877,279.55910097933116,0.11146378397174862,14572180480,16.700464,12.92,1.3723034,1.84
2023-11-28,267.68025708533094,268.17780403158616,264.0979129987219,265.9388427734375,265731,0,267.5359832763672,,271.57431315561706,,,43.126130114425685,-3.6242054379703177,-5.262494753296088,1.6382893153257703,283.72170230085356,267.5359832763672,251.3502642518808,9.518494519289346,26.876628242069614,26.147928449845423,2051538.0,-10.540253692693893,-67.24143534334671,279.1937250317214,0.12396311040421189,14572180480,16.700464,12.92,1.3723034,1.84
2023-11-29,265.988602249034,267.73001667175487,261.9087413243737,264.0481872558594,337994,0,267.8668518066406,,270.85753926040206,,,41.118603887148645,-3.7783937629772595,-4.965674555232322,1.1872807922550628,283.4729297928174,267.8668518066406,252.26077382046384,9.254407435581621,25.157823621144587,26.503979172822927,1713544.0,-33.732519373157864,-74.52104258894519,278.7063687677352,0.06936849154590997,14572180480,16.700464,12.92,1.3723034,1.84
2023-11-30,268.625607056398,268.92412307548204,258.226863785708,260.66485595703125,246805,0,268.0633834838867,,269.8868075172239,,,37.733552707683806,-4.126033337598926,-4.797746311705643,0.6717129741067165,283.19552915812693,268.0633834838867,252.93123780964646,9.35746828230965,23.138197664787594,25.057549842667267,1466739.0,-61.21763033204759,-90.3161617353,278.3240515019937,0.02932677235526021,14572180480,16.700464,12.92,1.3723034,1.84
2023-12-01,261.7097146535034,266.98370055831293,260.51558973988034,265.54083251953125,179229,0,268.63805084228517,,269.47290513649125,,,44.78798749152021,-3.9624134114466187,-4.630679731653838,0.668266320207219,282.409195856318,268.63805084228517,254.86690582825236,9.151085606318432,35.23460870283913,27.843543329590442,1645968.0,-48.90074337738477,-70.94851610906733,278.0871200105515,0.06850235999485196,14572180480,16.700464,12.92,1.3723034,1.84
2023-12-04,268.1280732055505,272.6557384672619,265.78959638235114,271.66064453125,147752,0,269.3445678710938,,269.68126126932543,,,52.120003455117356,-3.3008753212307056,-4.364718849569211,1.0638435283385057,282.18195764040223,269.3445678710938,256.5071781017853,9.005644202133592,58.22813062264917,38.86697899675863,1793720.0,14.259444013679264,-46.640288039701815,277.97615424802217,0.08810485379921477,14572180480,16.700464,12.92,1.3723034,1.84
2023-12-05,270.6655400934148,273.15327483692045,267.1329689047791,271.2128295898437,57550,0,269.87196655273436,,269.8271249188986,,,51.58022168896643,-2.7806825641511637,-4.047911592485602,1.2672290283344383,282.09148287701646,269.87196655273436,257.65245022845227,8.792405754277004,81.06455814854051,58.17576582467627,1736170.0,14.237702910370066,-48.41903348281827,277.93623526291134,0.08721789354812942,14572180480,16.700464,12.92,1.3723034,1.84
2023-12-06,273.10355563859645,273.10355563859645,266.3866712568609,268.27734375,45016,0,270.0162551879883,,269.67952671233684,,,48.06608524538301,-2.5756052566359244,-3.7534503253156664,1.177845068679742,282.0880022841453,270.0162551879883,257.94450809183127,8.6441542276669,82.47896951208561,73.9238860944251,1691154.0,-7.508844806587428,-60.07894381219994,277.90013307654215,0.06295038263026781,14572180480,16.700464,12.92,1.3723034,1.84
2023-12-07,264.7945120404813,267.6802784859028,263.69990259763654,265.54083251953125,86190,0,270.2302017211914,,269.2853653606411,,,44.98897243863897,-2.6038777177751626,-3.5235358038075657,0.9196580860324031,281.8156290605471,270.2302017211914,258.6447743818357,8.353674722288083,64.69913473528672,76.08088746530429,1604964.0,-66.20021103589644,-70.94851610906733,277.8032777773834,0.06187282412053227,14572180480,16.700464,12.92,1.3723034,1.84
2023-12-08,265.93886403478626,268.0783100011578,262.75455117703007,265.54083251953125,177426,0,270.20034942626955,,268.9287431852973,,,44.98897243863897,-2.596354686271468,-3.338099580300346,0.7417448940288782,281.8307912362651,270.20034942626955,258.569907616274,8.137252158133771,44.63064614492342,63.93625013076525,1604964.0,-68.48033449717188,-70.94851610906733,277.60571783178665,0.06138788692240629,14572180480,16.700464,12.92,1.3723034,1.84
2023-12-11,263.84913909498806,270.1182488282864,262.7047871940397,268.5260925292969,197221,0,270.3471252441406,,268.89039550377345,,,49.11075404101317,-2.3227320860377176,-3.1350260814478204,0.8122939954101027,281.81410520718816,270.3471252441406,258.88014528109306,8.085552834998984,40.757579794261034,50.029120224823735,1802185.0,-43.77900016800656,-49.38875897878054,277.42239304717003,0.09698326298808968,14572180480,16.700464,12.92,1.3723034,1.84
2023-12-12,269.67045485080484,271.1630957448129,265.2422747181046,268.973876953125,123800,0,270.2426391601563,,268.8983461179974,,,49.719320288710485,-2.0461648288422793,-2.917253830926712,0.8710890020844326,281.7196795215156,270.2426391601563,258.76559879879693,7.93092913440679,47.598545909396655,44.328923949527045,1925985.0,-23.049809869798413,-28.0000186880554,277.325132222576,0.07848957467019091,14572180480,16.700464,12.92,1.3723034,1.84
2023-12-13,274.6459161981618,312.90728877218567,274.6459161981618,299.9212951660156,3946936,0,271.2775360107422,,271.85291269399914,,,73.39738779200428,0.6625769517989397,-2.2012876743815815,2.863864626180521,288.23254327182525,271.2775360107422,254.3225287496592,10.502535040453495,63.37798616181675,50.57803728849149,5872921.0,297.8088300565699,-23.748889313463547,282.0803439314248,0.1917981836619772,14572180480,16.700464,12.92,1.3723034,1.84
2023-12-14,302.45881803230225,307.2849993920484,293.5527150390591,300.568115234375,1187387,0,272.3273590087891,,274.58769388832064,,,73.67640695267099,2.828857988218317,-1.1952585418616017,4.024116530079919,293.32480840858204,272.3273590087891,251.3299096089961,10.73323141992034,69.94694067616558,60.307824249126334,7060308.0,267.08014803266815,-22.565979582020653,283.40021083177345,0.16456271706062675,14572180480,16.700464,12.92,1.3723034,1.84
2023-12-15,302.16028302033897,304.79727601180554,296.9858125096583,302.3593139648437,1096162,0,273.4468399047852,274.0488739013672,277.2326100860847,274.0488739013672,,74.47481269544788,4.636736670598907,-0.02885949936949994,4.665596169968407,298.035099949217,273.4468399047852,248.85857986035336,10.524533711507976,76.18103957397288,69.83532213731841,8156470.0,212.84386583344227,-19.29022097021094,284.5176177818366,0.17950719894651362,14572180480,16.700464,12.92,1.3723034,1.84
2023-12-18,303.5036479766341,321.26608066129694,299.5232722654651,309.4244689941406,1007031,0,274.87977600097656,274.5872198486328,280.29850141066146,275.4361521402995,,77.38806927951512,6.563927644366913,1.2896979293777828,5.27422971498913,303.9406429382914,274.87977600097656,245.81890906366178,11.325839046102539,77.75786436732982,74.62861487248944,9163501.0,211.98990136452124,-18.784515820566636,285.8977343642856,0.1471762989254215,14572180480,16.700464,12.92,1.3723034,1.84
2023-12-19,311.4644099640717,315.44478581025794,299.52328242551306,304.64801025390625,729192,0,276.3127105712891,274.90166931152345,282.6175022528752,276.5817152035782,,71.45081052206073,7.618004460555426,2.5553592356133112,5.0626452249421146,308.14514871634515,276.3127105712891,244.480272426233,11.654100784576993,74.06890811068338,76.0026040173287,8434309.0,151.74302492467004,-26.361479775656623,286.67457350218973,0.12309940288446322,14572180480,16.700464,12.92,1.3723034,1.84
2023-12-20,304.99628143432324,325.29619099292233,300.5183588684033,311.7131652832031,1729561,0,278.3352386474609,275.44897094726565,285.38851777957314,277.95941912826936,,74.55988664680498,8.920635364914176,3.8284144614734843,5.092220903440692,313.5840593650931,278.3352386474609,243.08641792982877,12.591510166001424,66.80920114108778,72.87865787303366,10163870.0,145.0932058499382,-20.967736400997623,288.79178069413655,0.09841899344837333,14572180480,16.700464,12.92,1.3723034,1.84
2023-12-21,305.4938545100447,318.8778808042894,304.49876052141263,308.92694091796875,765999,0,280.40005950927736,276.02712097167966,287.63027236418225,279.17383174747323,,71.26389428142133,9.617292558681811,4.98619008091515,4.631102477766661,317.67844045963113,280.40005950927736,243.1216785589236,12.719196602921091,54.581228249421365,65.15311250039751,9397871.0,115.79870415766733,-26.1525530367571,289.5614771043257,0.06944556169733233,14572180480,16.700464,12.92,1.3723034,1.84
2023-12-22,309.47421968061565,360.47278482091,307.882063280713,352.9100646972656,1990015,0,284.6565734863281,277.3555712890625,293.8473954435235,282.0654487258965,,83.59353858278163,13.562133082532796,6.701378681238679,6.860754401294117,332.9979837559485,284.6565734863281,236.31516321670773,15.567162669869372,62.327061347474775,61.23916357932797,11387886.0,182.50328577609918,-7.735373851582161,293.80331459794957,0.15962423979954612,14572180480,16.700464,12.92,1.3723034,1.84
2023-12-26,351.3179069064701,352.7608052811381,336.2422396372792,348.9296875,475866,0,288.7663116455078,278.5476934814453,299.0933280203308,284.68757573664567,,80.23827190294855,16.180742912177948,8.597251527426533,7.583491384751415,343.82356994190854,288.7663116455078,233.70905334910705,15.645781412020588,70.27745716284004,62.395248919912056,10912020.0,166.2749218580223,-11.806621390533156,294.8235133084572,0.180459044138298,14572180480,16.700464,12.92,1.3723034,1.84
2023-12-27,348.2828932479725,354.9002621461123,338.8295004312418,348.0838623046875,562328,0,292.8735626220703,279.7557373046875,303.7590931902695,287.1737046216669,,79.50796393683481,17.980491134499744,10.473899448841175,7.506591685658568,352.56710787612985,292.8735626220703,233.1800173680108,15.676137147938439,82.66304670067231,71.75585507032903,10349692.0,146.54188708428939,-12.671756420239477,296.0080242012588,0.18428337247478394,14572180480,16.700464,12.92,1.3723034,1.84
2023-12-28,348.3823854263291,371.17002998737127,344.3024943046393,347.0887451171875,677948,0,297.02559051513674,280.8602911376953,307.8857267071188,289.5233140528638,,78.60153493775283,19.106261833503993,12.200371925773739,6.905889907730254,359.6038515335957,297.02559051513674,234.4473294966778,16.475522757566548,74.75929272706608,75.89993219685947,9671744.0,145.17476394091562,-22.201844803010275,297.5501475960015,0.15120166170346083,14572180480,16.700464,12.92,1.3723034,1.84
2023-12-29,345.34732972616126,345.39710264243377,328.48050615245774,335.2969055175781,613950,0,300.75719299316404,281.8116009521484,310.4963151652578,291.3183568554016,,68.61862426829465,18.829881167131077,13.526273774045206,5.303607393085871,363.1178972127335,300.75719299316404,238.39648877359454,16.627859629506776,62.178096235861005,73.2001452211998,9057794.0,91.37861032818512,-33.07338235359448,298.4606510983043,0.14864517165090915,14572180480,16.700464,12.92,1.3723034,1.84
2024-01-01,337.1875983752036,339.7250758558283,319.5246803779955,324.400634765625,308195,0,303.70018310546874,282.56488708496096,311.82053607957846,292.61570108717507,,60.91915114170621,17.529539887997828,14.32692699683573,3.2026128911620972,364.6753971380898,303.70018310546874,242.72496907284767,16.883040761530065,38.8798049795485,58.60573131415853,8749599.0,63.27208126819966,-44.152163050051634,298.80285371074,0.13119847660950876,14572180480,16.700464,12.92,1.3723034,1.84
2024-01-02,325.3957260419738,327.8337183995231,313.50434103182886,316.4398803710937,318811,0,305.93914489746095,283.22761962890627,312.26047363115134,293.5499826277209,,55.97727583775347,15.675941214606098,14.596729840389804,1.0792113742162943,365.3115163977979,305.93914489746095,246.566773397124,16.700636233398935,19.283155147168763,40.11368545419276,8430788.0,36.29048067934888,-56.70101228362265,299.04604243772667,0.11159464605664442,14572180480,16.700464,12.92,1.3723034,1.84
2024-01-03,317.3852299167928,318.38032387437124,307.4840328917441,309.822509765625,464471,0,307.86962890625,283.7779064941406,312.0282865963393,294.1881209468544,,52.18744446644921,13.51716692117509,14.38081725654686,-0.863650335371771,365.0710636182603,307.86962890625,250.66819419423967,16.28604014405809,6.067909612262635,21.410289912993306,7966317.0,11.737688535552996,-79.0384468499065,299.26480337649156,0.09154010167391867,14572180480,16.700464,12.92,1.3723034,1.84
2024-01-04,312.26045220571905,312.4594831319262,301.0159033356932,306.389404296875,712717,0,309.7752319335938,284.21375732421876,311.4912501868665,294.6666026468552,,50.28533357038785,11.397911788687281,13.784236162974945,-2.386324374287664,364.03762448793185,309.7752319335938,255.5128393792557,15.940150119213442,6.956702966941575,10.769255908790997,7253600.0,-9.802385750248716,-87.32399948810969,299.45209920296196,0.08659978430727867,14572180480,16.700464,12.92,1.3723034,1.84
2024-01-05,309.57373579495726,320.07196488394607,304.8967820544664,316.3403625488281,1273548,0,312.3152084350586,284.98993041992185,311.95307041181525,295.51655401556,,55.363662185960926,10.401444616225092,13.107677853624974,-2.706233237399882,362.67278078424584,312.3152084350586,261.95763608587134,15.885509598518171,18.45606487027958,10.493559149827936,8527148.0,5.85218957854514,-76.5277720610361,300.0750980536442,0.11660496109050973,14572180480,16.700464,12.92,1.3723034,1.84
2024-01-08,319.3256439097007,325.047434147793,308.47912587975816,313.703369140625,400579,0,314.7233352661133,285.9870147705078,312.11976552884477,296.2297624518371,,53.79542959906164,9.29184328767326,12.344510940434631,-3.0526676527613716,360.28105407574344,314.7233352661133,269.1656164564831,15.934280932055076,33.00205021911649,19.471606018779223,8126569.0,4.371006836856899,-80.20833157448052,300.28664441662994,0.10679563054868935,14572180480,16.700464,12.92,1.3723034,1.84
2024-01-09,319.22611323851584,323.30600433104337,310.8175879445511,311.7629089355469,290695,0,316.88517608642576,287.00002014160157,312.0857791866259,296.83890545119823,,52.614373711247744,8.16181301917004,11.507971356181713,-3.3461583370116728,357.27982050524406,316.88517608642576,276.49053166760746,15.68814775022916,43.87299373128517,31.777036273560423,7835874.0,-7.631154329946093,-84.0845235660325,300.4322736689735,0.08702730483595394,14572180480,16.700464,12.92,1.3723034,1.84
2024-01-10,316.6886503183377,325.3459798504596,308.6283832311652,321.5148620605469,413810,0,319.51222534179686,288.2190100097656,312.9837870793803,297.80659002411386,,57.6468561705449,7.961383137645612,10.798653712474493,-2.8372705748288816,353.413700650076,319.51222534179686,285.6107500335177,15.761679812305252,58.76128377101539,45.21210924047236,8249684.0,-5.151245932589763,-70.78010987631141,300.6783807318688,0.09581487849154943,14572180480,16.700464,12.92,1.3723034,1.84
2024-01-11,324.45036801046376,335.34665883488253,318.0320302979882,329.2268371582031,526434,0,320.9775024414063,289.65493041992187,314.53074422974436,299.0387565783919,,61.15983407484722,8.328823458912268,10.304687661762049,-1.975864202849781,353.88397152700446,320.9775024414063,288.0710333558081,15.872604721204473,69.62533064217067,57.41986938149042,8776118.0,32.42796082838888,-59.78720687012485,301.1359336369385,0.045270077305889556,14572180480,16.700464,12.92,1.3723034,1.84
2024-01-12,331.3662729545169,332.0628508406028,323.3060061874574,326.1917724609375,209795,0,322.25868530273436,291.04408142089846,315.64131834700083,300.10358073064856,,59.082826655458916,8.27967526230043,9.899685181869724,-1.620009919569295,353.8561392305251,322.25868530273436,290.6612313749436,15.364336144914537,76.69379804830281,68.36013748716296,8566323.0,24.778236913564943,-64.11348793458028,301.3116139536627,0.04162641151673646,14572180480,16.700464,12.92,1.3723034,1.84
2024-01-16,342.3123289054985,347.68583032055966,334.4013196223124,341.5162658691406,405803,0,324.2165328979492,292.79345703125,318.1055990633951,301.7276075988247,,65.46085182518767,9.369280277434939,9.793604200982767,-0.4243239235478278,355.4901689484657,324.2165328979492,292.94289684743273,15.802173410250797,76.67723102149303,74.33211990398884,8972126.0,87.24276752595446,-42.269450898397494,301.82524375714155,0.016093004425039963,14572180480,16.700464,12.92,1.3723034,1.84
2024-01-17,340.322118119774,343.3073998576668,332.11259334056894,332.70965576171875,162273,0,325.38079223632815,294.2970440673828,319.4964616060926,302.9425898797225,,59.70150526824723,9.413665391521647,9.717616439090543,-0.303951047568896,356.0937196266147,325.38079223632815,294.6678648460416,15.473075775025587,70.59524803287023,74.6554257008887,8809853.0,54.20401698952026,-54.82268265787408,302.00052934044226,0.012908721219600834,14572180480,16.700464,12.92,1.3723034,1.84
2024-01-18,332.21210831936423,337.5856093661383,313.3053240070381,335.2969055175781,286589,0,326.9132369995117,295.78968505859376,321.0012657881389,304.2113865714031,,60.792872361590625,9.547552109390153,9.683603573150465,-0.13605146376031207,356.3680595562255,326.9132369995117,297.4584144427979,16.10216217388806,69.94172284219502,72.40473396551943,9096442.0,10.620865076958347,-26.545841408748867,302.24017657910906,0.052469729594035584,14572180480,16.700464,12.92,1.3723034,1.84
2024-01-19,343.3074016301294,348.0838402882756,335.9934552609597,347.1385192871094,360494,0,328.684504699707,297.4246240234375,323.4905280261361,305.89480354064654,,65.41016819949529,10.488275256179747,9.844537909756323,0.6437373464234248,358.52811352087446,328.684504699707,298.8408958785396,15.865360216517306,74.30105971299484,71.61267686268671,9456936.0,86.41380919370899,-2.0084181767273526,302.7029766180975,0.10083380279430877,14572180480,16.700464,12.92,1.3723034,1.84
2024-01-23,352.26324712202154,352.26324712202154,325.3957113245792,328.8785400390625,243129,0,329.68208465576174,298.7769567871094,324.00367202736714,306.7961265405844,,54.710559356152785,9.6491480350889,9.805459934822839,-0.15631189973393944,358.11789990731694,329.68208465576174,301.24626940420654,16.651229900869094,67.0738657829953,70.43888277939506,9213807.0,34.29012220059241,-45.631061739433164,302.9479089304927,0.11642945854851773,14572180480,16.700464,12.92,1.3723034,1.84
2024-01-24,333.35647091137326,337.98365167284027,325.79375087085725,334.4510803222656,198570,0,328.7591354370117,300.1432208251953,324.99866329354796,307.8806345320229,,57.021109789799254,9.326283505144033,9.709624648887077,-0.38334114374304384,355.25119274766223,328.7591354370117,302.2670781263612,16.332563536662946,63.84492746581509,68.40661765393509,9412377.0,21.099571885429725,-34.75724883229522,303.12847051155995,-0.009958936022494445,14572180480,16.700464,12.92,1.3723034,1.84
2024-01-25,339.8245724995118,345.34733158918414,334.94861838202127,343.2078857421875,149497,0,328.4730453491211,301.69556701660156,326.73287495532315,309.2660169324215,,60.43686225262296,9.665593111988414,9.700818341507345,-0.03522522951893059,354.2001663184093,328.4730453491211,302.7459243798329,15.944255517395487,57.00298232511804,62.64059185797615,9561874.0,75.63617342004076,-17.669913620478834,303.3012370132659,-0.029820086336559967,14572180480,16.700464,12.92,1.3723034,1.84
2024-01-29,348.28289407183763,349.1784725830221,339.1280172805202,345.49664306640625,296618,0,328.343684387207,303.1842279052734,328.51990048971203,310.68682580042093,,61.302532454790814,10.003863694644792,9.761427412134834,0.2424362825099582,353.6983992120587,328.343684387207,302.98896956235535,15.523269787760228,68.61647971913048,63.15479650335454,9858492.0,99.2302264414518,-14.285642903612517,303.67008042017335,-0.03149612803661233,14572180480,16.700464,12.92,1.3723034,1.84
2024-01-30,348.0838501590212,348.58139713201456,339.4265510496508,344.9493103027344,194315,0,328.23671264648436,304.4987469482422,330.08460618619034,312.0304526436489,,60.95902502484773,10.111224486864444,9.831386827080756,0.2798376597836878,353.2904487768791,328.23671264648436,303.18297651608964,15.068382380231908,74.7829270616442,66.80079636863091,9664177.0,105.68085447926312,-16.704541764851637,303.9065194987756,0.040306399887347244,14572180480,16.700464,12.92,1.3723034,1.84
2024-01-31,348.2331460516122,382.21559896600354,339.3767854471394,357.0397033691406,1213268,0,329.3238525390625,306.04810791015626,332.65175829885226,313.79552129955056,,65.55107915181982,11.044587238352563,10.074026909335117,0.9705603290174452,357.23290826916207,329.3238525390625,301.41479680896293,17.051984604419925,67.65730221275513,70.3522363311766,10877445.0,177.19847608788066,-34.212322541976405,305.85633924994664,0.02633676856420585,14572180480,16.700464,12.92,1.3723034,1.84
2024-02-01,360.22400631505843,360.22400631505843,340.1230965779593,354.0046691894531,402295,0,330.8040542602539,307.5288073730469,334.68536885986185,315.3723506285663,,63.53094816612723,11.407879120616315,10.340797351591357,1.0670817690249574,360.5888210154466,330.8040542602539,301.0192875050612,17.26976497103987,56.15758025338305,66.19926984259412,10475150.0,112.33467150356861,-38.33672669204486,306.38006901703284,0.06273913339456848,14572180480,16.700464,12.92,1.3723034,1.84
2024-02-02,354.2534361905635,359.2289057999815,343.4069185156035,345.8946533203125,322588,0,332.2767929077148,308.83138549804687,335.75291976085714,316.56930367530146,,58.35575923584524,10.915552359374544,10.455748353147994,0.45980400622655004,361.9876635085746,332.2767929077148,302.56592230685504,17.16635227913545,37.13310883197911,53.64933043270576,10152562.0,92.00891107662127,-52.707590656573885,306.7737089848033,0.05884637741354391,14572180480,16.700464,12.92,1.3723034,1.84
2024-02-05,346.34242610952964,358.1840680313234,340.81966701022907,345.8448791503906,546088,0,334.0779113769531,310.2284967041016,336.7140587503365,317.7173654586383,,58.324357197565256,10.40146191624973,10.444891065768342,-0.04342914951861232,362.4634595920711,334.0779113769531,305.69236316183515,17.180498617846798,23.706276753318225,38.998988612893456,9606474.0,78.57431410664337,-52.77982106045997,307.4052747786578,0.06236483020734529,14572180480,16.700464,12.92,1.3723034,1.84
2024-02-06,348.73069336732766,371.7671126618464,340.8196841715314,346.5912170410156,1055737,0,336.08800201416017,311.73506896972657,337.65474049230596,318.8496733638296,,58.68337427640352,9.93968625076019,10.343850102766712,-0.4041638520065227,361.9252497169886,336.08800201416017,310.2507543113317,18.163850751594527,15.881309627858963,25.57356507105209,10662211.0,98.38429968155764,-51.6967635758259,308.7098127188349,-0.009122893949863799,14572180480,16.700464,12.92,1.3723034,1.84
2024-02-07,351.06914058289027,356.2436413757142,344.94931873897406,353.1588439941406,218794,0,337.9289260864258,313.44563537597656,339.131321778195,320.1951310356065,,61.80178649089508,9.988536682882227,10.272787418789814,-0.2842507359075874,363.1141646079976,337.9289260864258,312.743687564854,17.673170171962074,24.37817886078064,21.32192174731927,10881005.0,81.87319001628939,-42.16607028366318,308.9614269709218,-0.07972346789714384,14572180480,16.700464,12.92,1.3723034,1.84
2024-02-08,351.4672013694545,364.3536500242464,346.3922160630579,353.1091003417969,559328,0,339.8992126464844,315.1522216796875,340.46253878425233,321.4858749299669,,61.76376262248468,9.909012180991681,10.200032371230188,-0.2910201902385072,363.2975061545883,339.8992126464844,316.5009191383805,17.693760442621105,32.58217177786006,24.280553422166548,10321677.0,95.7186939814801,-42.23825640158736,309.63835576005823,-0.07728758251460784,14572180480,16.700464,12.92,1.3723034,1.84
2024-02-09,358.2338166120905,368.1847559624263,342.85960316867886,356.5421447753906,780278,0,342.13817443847654,316.9483660888672,341.9939298310274,322.86063061017956,,63.435769816532414,10.007644538247348,10.16155480463362,-0.1539102663862728,362.74146204347096,342.13817443847654,321.5348868334821,18.238859896272988,43.9031456666508,33.62116543509716,11101955.0,98.98784442159919,-45.18392284164917,310.5750420658881,-0.03663838659634192,14572180480,16.700464,12.92,1.3723034,1.84
2024-02-12,370.22468792991066,370.5729768821999,337.3368453866984,344.84979248046875,609527,0,343.30492095947267,318.52658508300783,342.2659167500218,323.72295068352423,,54.66775311765263,9.03815011042542,9.93687386579198,-0.8987237553665608,361.6203964419855,343.30492095947267,324.9894454769598,19.310093581932165,37.44507201278236,37.9767964857644,10492428.0,57.9878676819494,-65.76184508026623,311.2037355887332,-0.0996646486508919,14572180480,16.700464,12.92,1.3723034,1.84
2024-02-13,345.1980735029321,353.25834029881435,321.6143659065138,349.72576904296875,326107,0,344.3298675537109,320.24013671875,342.9763788731596,324.7426690505613,,57.317253067829064,8.564542633665553,9.662407619366695,-1.0978649857011415,361.64637844319583,344.3298675537109,327.013356664226,20.19108506838705,43.34775724935397,41.56532497626237,10818535.0,-27.557935712875512,-53.61248985006767,311.45450344853293,-0.09041152502718638,14572180480,16.700464,12.92,1.3723034,1.84
2024-02-14,346.29270374923084,352.26326760697617,336.3417639863219,345.3971252441406,295966,0,345.2901351928711,321.9347821044922,343.20692614658634,325.5526477248193,,54.28403446157009,7.7505761008711715,9.28004131566759,-1.529465214796419,360.47574689299694,345.2901351928711,330.1045234927453,19.886114964977565,42.6055830953311,41.1328041191558,10522569.0,-7.921624238268565,-60.75532107691559,311.701877406616,-0.0765012049319797,14572180480,16.700464,12.92,1.3723034,1.84
2024-02-15,349.67599512945105,350.4720884809628,334.55058586500274,336.6402587890625,204628,0,345.0463348388672,323.3567706298828,342.5815292553936,325.98745600184844,,48.67247772511519,6.325973930887926,8.689227838711657,-2.363253907823731,360.6181267294033,345.0463348388672,329.47454294833113,19.602928368619168,45.56233249745338,43.838557614046145,10317941.0,-49.1313085584165,-75.20530173404491,311.8496937351681,-0.09966527985750026,14572180480,16.700464,12.92,1.3723034,1.84
2024-02-16,341.6655259319716,341.6655259319716,331.9135866551554,333.7545166015625,203199,0,345.09857788085935,324.59864807128906,341.7408613836002,326.29204661360194,,46.950050850599304,4.907540102628786,7.932890291495083,-3.0253501888662964,360.51065389387384,345.09857788085935,329.68650186784487,18.89928629063324,34.688349948303916,40.95208851369612,10114742.0,-97.09765748543518,-79.9671556466001,311.97080996707103,-0.09700062121123262,14572180480,16.700464,12.92,1.3723034,1.84
2024-02-19,336.34175640250726,346.88975838692664,333.60524802940995,343.7552185058594,403273,0,345.52149353027346,326.0494958496094,341.93270491905344,326.9768768838865,,53.13912100671553,4.538081954875338,7.253928624171134,-2.7158466692957957,360.2850643416783,345.52149353027346,330.7579227188686,18.4982308668392,41.818798538394,40.68982699471709,10518015.0,-51.015672914707594,-63.464683007999504,312.26366628014284,-0.09796488265270803,14572180480,16.700464,12.92,1.3723034,1.84
2024-02-20,345.19806821125513,358.2338043889809,338.33192636737084,346.8897399902344,421584,0,345.50905456542966,327.6217437744141,342.4048034972611,327.7577734762923,,54.914546014551036,4.446951707327798,6.692533240802467,-2.2455815334746685,360.2675731024481,345.50905456542966,330.7505360284112,18.59849137789426,50.55506404100068,42.35407084256619,10939599.0,17.50113509840698,-49.60321075329116,312.629531128546,-0.13927975325499123,14572180480,16.700464,12.92,1.3723034,1.84
2024-02-21,352.5617703290644,352.95983219882413,334.3515633982659,335.6949462890625,614799,0,345.84987487792966,329.0248260498047,341.7657694774327,328.06903515522447,,47.930130884996224,3.431843876736025,6.040395367989179,-2.608551491253154,359.31456117340514,345.84987487792966,332.3851885824542,18.5991897652274,47.078392752697795,46.484085110697485,10324800.0,-64.06473292664991,-71.9246077363618,313.04900156277387,-0.1719055573666686,14572180480,16.700464,12.92,1.3723034,1.84
2024-02-22,339.92410427175673,343.6557066378083,329.47561764681257,338.68023681640625,235296,0,346.0613327026367,330.4876141357422,341.4719092240016,328.4851607105649,,49.76499655317525,2.8355649760122787,5.399429289593799,-2.5638643135815204,358.9226373763919,346.0613327026367,333.20002802888155,18.28353970992514,34.42450315960286,44.01931998443377,10560096.0,-114.58230754853606,-65.9722108678367,313.1852824073401,-0.1726778205234158,14572180480,16.700464,12.92,1.3723034,1.84
2024-02-23,343.2576541574612,370.62273650355127,338.38166973605496,366.4930725097656,1271389,0,347.2255920410156,332.44695373535154,343.8548771559791,329.9756670556316,,62.88671100858528,4.554768513935301,5.2304971344621,-0.6757286205267992,362.77724549269914,347.2255920410156,331.67393858933207,19.280505928323084,45.445787797284616,42.316227903195085,11831485.0,126.65247245169539,-10.515954744831594,314.522253513435,-0.06934333866383656,14572180480,16.700464,12.92,1.3723034,1.84
2024-02-26,364.2541112269037,383.0116373813403,361.6668913721036,366.4930725097656,600231,0,348.2754135131836,334.3973376464844,346.01089576110166,331.40772217148003,,62.88671100858528,5.8498166588728395,5.354361039344248,0.49545561952859174,365.91329128798594,348.2754135131836,330.63753573838125,19.42795164838834,63.70518859965741,47.85849318551496,11831485.0,216.01859978304307,-26.904395708117804,315.28977117831664,-0.1062793096972951,14572180480,16.700464,12.92,1.3723034,1.84
2024-02-27,369.9759105696765,369.9759105696765,348.38239053607373,351.2184143066406,417148,0,348.58886871337893,335.42328002929685,346.50684990829586,332.18461205913337,,53.91652166098066,5.5792996888866355,5.399348769252725,0.1799509196339102,366.20197105139584,348.58886871337893,330.975766375362,19.582635104475084,66.57400369985,58.574993365597344,11414337.0,69.57444783364672,-51.782794757801575,315.67975127782535,-0.1365574224827826,14572180480,16.700464,12.92,1.3723034,1.84
2024-02-28,354.7509915252439,358.5323363705159,344.25276254870846,346.2429504394531,273161,0,348.04903106689454,336.33677673339844,346.4817166255489,332.7359194465969,,51.3472688719112,4.906871330530464,5.300853281508273,-0.39398195097780864,365.24999093734834,348.04903106689454,330.84807119644074,19.203845012855968,47.02602390561518,59.10173873504086,11141176.0,7.024277420193486,-59.886516222406875,315.8889921334314,-0.14809434753053022,14572180480,16.700464,12.92,1.3723034,1.84
2024-02-29,343.3073978896816,363.2092760282138,339.8743117636424,360.02496337890625,523290,0,348.3500457763672,337.4900897216797,347.7715496496782,333.80607803217765,,57.40252584143166,5.423541069660473,5.325390839138713,0.0981502305217603,366.15738266043604,348.3500457763672,330.5427088922984,19.49892495940707,40.14269990338658,51.247575836283914,11664466.0,54.16293844276677,-37.43924355312565,316.3374166326621,-0.12329866827470982,14572180480,16.700464,12.92,1.3723034,1.84
2024-03-01,361.6669090187755,363.7565820237891,355.1490254121505,360.7215576171875,245181,0,349.0913909912109,338.51603149414063,349.00488374182197,334.8615870355114,,57.68916063239421,5.822101333631906,5.4247329380373515,0.3973683955945546,367.6469278095136,349.0913909912109,330.5358541729082,18.72097007742361,42.71410966163995,43.294277823547226,11909647.0,98.83066875737997,-36.30467483118031,316.5738449221936,-0.09434606655597935,14572180480,16.700464,12.92,1.3723034,1.84
2024-03-04,359.0298855442492,361.51762042293126,349.2282344165279,351.5666809082031,101733,0,349.3774810791016,339.45440490722655,349.24886442433444,335.5166887560091,,52.67279984813412,5.337711360429807,5.407328622515843,-0.06961726208603558,367.90038583699123,349.3774810791016,330.85457632121194,18.261571215207873,45.221874514401286,42.6928946931426,11807914.0,39.371783845818726,-58.73607457010281,316.65821878425436,-0.08098429444632703,14572180480,16.700464,12.92,1.3723034,1.84
2024-03-05,354.0544212431766,354.0544212431766,337.1875967264941,340.02362060546875,175427,0,349.0491012573242,340.0206140136719,348.37026977491865,335.6934311814781,,47.110373892081064,3.976560999891717,5.121175097991018,-1.144614098099301,367.98618010107924,349.0491012573242,330.11202241356915,18.161946451027486,32.614944577863426,40.183642917968214,11632487.0,-53.42296036855565,-80.29737173035798,316.76285953291296,-0.025062798232839963,14572180480,16.700464,12.92,1.3723034,1.84
2024-03-06,350.27306362941897,363.4083156626649,338.3319364602342,342.11328125,978643,0,348.4968231201172,340.6843408203125,347.77436610587876,335.94519000769463,,48.17730725755241,3.031512295901223,4.703242537573059,-1.6717302416718365,367.56606624440957,348.4968231201172,329.42757999582483,18.65583450469914,22.68547792173185,33.50743233799884,12611130.0,-12.841946164260113,-76.39409192940644,317.4205822693072,-0.10771590539611929,14572180480,16.700464,12.92,1.3723034,1.84
2024-03-07,348.9794496189386,350.07402863579966,342.362050761815,344.55126953125,156382,0,348.06893157958984,340.5171649169922,347.4674045273427,336.28268332234387,,49.45833023371088,2.4510257691035804,4.252799183879164,-1.8017734147755835,367.0889874954431,348.06893157958984,329.04887566373657,17.891899710492034,18.976237441249804,24.75888664694835,12767512.0,-30.53270143825427,-71.8401704885907,317.5154341004897,-0.10432195345501633,14572180480,16.700464,12.92,1.3723034,1.84
2024-03-11,352.3627718535242,352.7110608077027,334.35156538284133,337.08807373046875,238836,0,347.0962280273437,340.28033264160155,346.4788968324023,336.3142672599174,,45.7315739064258,1.3729420643524008,3.6768277599738113,-2.3038856956214104,366.2726379543414,347.0962280273437,327.91981810034605,17.925299404375558,18.557442863813858,20.073052742265162,12528676.0,-65.3561663578505,-85.78068350728252,317.6372381724651,-0.13891459982968987,14572180480,16.700464,12.92,1.3723034,1.84
2024-03-12,336.3417659845518,340.81968890446444,310.8176114146212,320.6192932128906,433175,0,345.8847030639648,339.7310412597656,344.0160774400679,335.69877808160265,,38.786275436496524,-0.8011053474884875,2.7812411384813513,-3.582346485969839,368.2690692073519,345.8847030639648,323.50033692057775,18.787926410480395,18.590257092645206,18.707979132569616,12095501.0,-194.60922144931516,-86.42314004930554,317.6963739804368,-0.11929176834111235,14572180480,16.700464,12.92,1.3723034,1.84
2024-03-13,320.61926835127827,329.42582511660424,300.46861677420264,309.1259155273437,327276,0,343.8547103881836,338.97178466796873,340.6932048769513,334.65670504025917,,34.81268414297314,-3.412140082706742,1.5425648942437327,-4.954704976950475,371.2749091702443,343.8547103881836,316.4345116061229,19.51430369133191,13.936795139360017,17.028165031939682,11768225.0,-237.29862868116388,-89.51177375208337,317.66410446086525,-0.16667033088619948,14572180480,16.700464,12.92,1.3723034,1.84
2024-03-14,300.51837709519884,325.7440151534171,299.1749941703739,311.21563720703125,375456,0,342.1456359863281,338.4901593017578,337.88581747981607,333.7374474781718,,36.09462491290644,-5.252236335763598,0.1836046482422664,-5.435840984005864,373.01260167638,342.1456359863281,311.27867029627623,20.01821206931129,18.294430794387143,16.940494342130776,12143681.0,-197.06300163378432,-85.63797096890164,317.6200931815338,-0.17430461740333386,14572180480,16.700464,12.92,1.3723034,1.84
2024-03-15,312.4595121557009,321.0173265239829,307.4840422169159,314.15118408203125,124651,0,341.02118225097655,338.28517028808596,335.62537620383654,332.96935871753885,,37.94089661042505,-6.39987796467409,-1.1330918743410048,-5.266786090333085,374.163119701382,341.02118225097655,307.8792448005711,19.555002943436698,21.406547483129113,17.879257805625414,12268332.0,-154.52224494164398,-82.13646284242166,317.6112683901856,-0.15766196761865797,14572180480,16.700464,12.92,1.3723034,1.84
2024-03-18,318.8778570157924,323.40552217915814,312.26045819076467,318.3803100585937,146261,0,340.2524719238281,338.32397888183596,333.9829889519086,332.3972391622861,,40.60325874702768,-6.888728132047163,-2.2842191258822364,-4.6045090061649265,374.719634390335,340.2524719238281,305.78530945732126,18.954293018076466,32.19393654118017,23.964971606232137,12414593.0,-119.29613367774643,-72.87419871812709,317.61249460064045,-0.14130748597575232,14572180480,16.700464,12.92,1.3723034,1.84
2024-03-19,321.5646163456472,325.0972182259267,311.5141609871177,312.8575439453125,87691,0,338.7075881958008,338.3846795654297,331.97104180842325,331.63097660475773,,38.29294424778925,-7.6337889145863755,-3.354133083623064,-4.2796558309633115,375.1229859641365,338.7075881958008,302.2921904274651,18.570633319557366,39.773807932811096,31.12476398570679,12326902.0,-108.0013783763547,-78.8135438757023,317.61045582173375,-0.1836307867261578,14572180480,16.700464,12.92,1.3723034,1.84
2024-03-20,312.8575317392988,317.23593904478787,305.59335805300043,314.9472351074219,139882,0,337.11046295166017,338.55583618164064,330.34972688451836,330.9767122323132,,39.69124538614797,-7.963832239375222,-4.276072914773495,-3.6877593246017266,374.73225600600114,337.11046295166017,299.4886698973192,18.07577243900237,50.236892912903784,40.73487912896501,12466784.0,-107.70652916762276,-75.57780559244348,317.595963014337,-0.17128423668274023,14572180480,16.700464,12.92,1.3723034,1.84
2024-03-21,319.67392400306045,322.36068975271905,312.4594930333416,315.9423217773437,245753,0,336.1228317260742,338.5478753662109,328.9775930647874,330.3871282929027,,40.38402014889595,-8.052277135676093,-5.031313758954015,-3.0209633767220776,374.8618940991299,336.1228317260742,297.38376935301847,17.49187417331488,52.55156895007446,47.52075659859644,12712537.0,-79.41286284048648,-74.03698458912528,317.5925548303895,-0.11633636397063495,14572180480,16.700464,12.92,1.3723034,1.84
2024-03-22,313.504321419496,327.385893488094,313.504321419496,322.1119079589844,151865,0,335.29441528320314,338.71604614257814,328.3237182928062,330.0626098484353,,44.630800077204945,-7.537647007055284,-5.532580408574269,-2.005066598481015,374.48526869486466,335.29441528320314,296.1035618715416,17.233995451549387,62.74116632262519,55.17654272853448,12864402.0,-57.38809426891434,-64.29125373601728,317.60315376030337,-0.12252624730512571,14572180480,16.700464,12.92,1.3723034,1.84
2024-03-26,324.400611756451,329.07756523873235,313.4545788444235,315.5940246582031,262082,0,332.749462890625,338.79266845703125,327.1113665180821,329.4952143507791,,41.28482468291311,-7.568492759257424,-5.9397628787109,-1.6287298805465245,370.0719185442896,332.749462890625,295.42700723696043,17.118923376032203,57.148290212016015,57.48034182823855,12602320.0,-56.92546327344833,-74.4384532725748,317.61261437590196,-0.3323254515566799,14572180480,16.700464,12.92,1.3723034,1.84
2024-03-27,317.83299569056527,339.0782572045384,313.2555575314741,330.3711853027344,474963,0,330.94336853027346,338.969794921875,327.42182544995376,329.5295661528166,,50.36943649286315,-6.327604191655325,-6.017331141299785,-0.31027305035554065,364.903974995662,330.94336853027346,296.9827620648849,17.740621682963067,64.12692827599541,61.33879493687888,13077283.0,-20.08249542216001,-51.43300952278406,317.7080063396557,-0.2571697058425414,14572180480,16.700464,12.92,1.3723034,1.84
2024-03-28,334.35156497014594,334.35156497014594,317.6837414188068,318.7783508300781,177988,0,329.3213653564453,338.7608251953125,326.598637390918,329.10794986565037,,44.54637110581547,-6.208073115806826,-6.055479536201193,-0.15259357960563324,362.33925822070734,329.3213653564453,296.3034724921833,17.663993244989932,46.773341546072146,56.01618667802786,12899295.0,-31.80741808242077,-63.38289700566928,317.7291028782451,-0.24095266394612114,14572180480,16.700464,12.92,1.3723034,1.84
2024-04-01,323.5547963233785,334.500829927458,321.81338188636585,329.5253601074219,127563,0,328.48548583984376,338.8274969482422,326.87737288772786,329.1243188947395,,50.28436684752058,-5.186364859148227,-5.8816566007906,0.6952917416423725,360.58107409365493,328.48548583984376,296.3898975860326,17.525313663017787,53.58039797208888,54.82688926471882,13026858.0,-5.366037106000203,-43.30856216492056,317.7569401945039,-0.20647024413814472,14572180480,16.700464,12.92,1.3723034,1.84
2024-04-02,329.52533982058605,333.1076839440409,326.440542648504,331.2667541503906,104898,0,327.04757537841795,338.6225067138672,327.29540919845766,329.2083359635885,,51.16611715728736,-4.187862684729851,-5.54289781757845,1.3550351328485997,355.7609137662401,327.04757537841795,298.3342369905958,16.74972992248344,52.164548833524314,50.83942945056179,13131756.0,9.425666252340786,-22.93913982338245,317.7832057450318,-0.28919547936196205,14572180480,16.700464,12.92,1.3723034,1.84
2024-04-03,330.3711994615258,336.341763307216,323.4055416415539,325.7440185546875,266749,0,325.29869842529297,338.4831939697266,327.1476577085748,329.0724803789257,,48.243744883018735,-3.798395584945581,-5.193997371051877,1.3956017861062957,349.501465934402,325.29869842529297,301.09593091618393,16.47733647556763,60.37254148509631,55.37249609690318,12865007.0,9.754847243290552,-33.41641168150669,317.84008277993263,-0.33556354202845456,14572180480,16.700464,12.92,1.3723034,1.84
2024-04-04,330.61997560558655,331.31655354031125,322.26119222818176,324.5498962402344,169821,0,323.9478591918945,338.2682537841797,326.90025185444716,328.8951241381927,,47.61055269683695,-3.5452286049576287,-4.8642436178330275,1.3190150128753988,344.93799136775334,323.9478591918945,302.9577270160357,15.947195392464906,51.63727451312935,54.72478827724999,12695186.0,3.621972159141941,-36.408954705947416,317.86771125541816,-0.3351982156600584,14572180480,16.700464,12.92,1.3723034,1.84
2024-04-05,327.3361515889536,333.5057155677817,322.4104246212094,324.7489013671875,333282,0,323.18412322998046,337.8204614257813,326.695361331851,328.73252716678076,,47.733669316013035,-3.2906018885154253,-4.549515271969507,1.2589133834540815,342.8486799498771,323.18412322998046,303.5195665100838,15.60063078918686,35.1225882849373,49.04413476105432,13028468.0,18.032773487662105,-42.79348661766161,317.92695039355885,-0.33960318382820304,14572180480,16.700464,12.92,1.3723034,1.84
2024-04-08,323.4055233001709,327.1868680408457,314.4994205883005,318.4300537109375,255866,0,321.99996185302734,337.61149169921873,325.9081891774783,328.32850859988497,,44.18318054917275,-3.5576759050377404,-4.351147398583153,0.7934714935454128,339.71841181492636,321.99996185302734,304.28151189112833,15.392546265141027,25.000300664811572,37.25338782095941,12772602.0,-31.455087448757876,-61.6642248201381,317.9375440838961,-0.2655425527934,14572180480,16.700464,12.92,1.3723034,1.84
2024-04-09,319.42516853270484,321.0173249790252,313.40486208289224,315.3950500488281,114318,0,320.5421508789062,337.23037109375,324.90693783189255,327.82131414690235,,42.546248640341716,-3.9684871684638665,-4.274615352559296,0.30612818409542975,335.1179971355038,320.5421508789062,305.96630462230866,14.836826024497594,15.62589415356544,25.249594367771437,12658284.0,-58.234335985525504,-70.72802294709163,317.9345658658791,-0.265129407540086,14572180480,16.700464,12.92,1.3723034,1.84
2024-04-10,315.9423129471383,318.6788211695151,311.96193735095386,312.95703125,73078,0,319.3355987548828,336.62535400390624,323.7688514907599,327.2384010921219,,41.22496384815301,-4.439608750046489,-4.307614032056735,-0.1319947179897536,332.1178331972246,319.3355987548828,306.553364312541,14.256830152644998,10.430402675325032,17.018865831234013,12585206.0,-76.93677438653377,-78.00897304879187,317.92970962704646,-0.2486777734724681,14572180480,16.700464,12.92,1.3723034,1.84
2024-04-12,316.04183272469254,316.04183272469254,303.4539008035009,309.2254333496094,229352,0,318.7659057617187,335.8999298095703,322.3837640487456,326.53201020025864,,39.21745687001314,-5.0558045937672205,-4.457252144398832,-0.5985524493683885,332.2640845842606,318.7659057617187,305.26772693917684,14.137623136112614,10.833668404004309,12.296655077631593,12355854.0,-125.32926625935254,-83.7989142003408,317.8924411218083,-0.22948021129174942,14572180480,16.700464,12.92,1.3723034,1.84
2024-04-15,299.224772905197,308.3796193302222,295.990717459691,306.2401733398437,152862,0,318.6216186523437,335.1257470703125,320.8462792193264,325.7362518920071,,37.63839243273012,-5.719103508073658,-4.709622417133797,-1.009481090939861,332.58265259122936,318.6216186523437,304.6605847134581,14.073129761384454,18.893027880758538,13.385699653362627,12202992.0,-179.31325574569493,-76.21248291072737,317.8498936649391,-0.18174502039295148,14572180480,16.700464,12.92,1.3723034,1.84
2024-04-16,301.6627123226779,307.63327577436024,301.5631968582453,303.9514465332031,97438,0,318.25840911865237,334.06398193359377,319.2372475349337,324.881945799505,,36.42739015808013,-6.356183673281407,-5.03893466836332,-1.3172490049180876,333.30685959531235,318.25840911865237,303.2099586419924,13.501483272436632,27.956402291893397,19.22769952555208,12105554.0,-155.21974673693185,-81.52428957268528,317.82449912807584,-0.19141702473151315,14572180480,16.700464,12.92,1.3723034,1.84
2024-04-18,305.4938505070144,314.99698582678315,303.8021786013632,306.1406555175781,96800,0,317.8578826904297,333.10670166015626,317.9899530570903,324.14699323942943,,38.46678559961394,-6.608247659539245,-5.352797266598505,-1.2554503929407401,333.72635164735044,317.8578826904297,301.9894137335089,13.336720697649724,36.46692138622391,27.77211718629195,12202354.0,-105.18896552820766,-76.44344950305286,317.8067150264377,-0.20755752187408547,14572180480,16.700464,12.92,1.3723034,1.84
2024-04-19,302.5582996430552,308.37960525279715,298.5779238918275,305.6430969238281,131214,0,317.2210220336914,332.3016705322266,316.8140619967796,323.4213502466608,,38.16710247539603,-6.770117306854786,-5.636261274649761,-1.133856032205025,333.95337253343115,317.2210220336914,300.4886715339516,13.084217887886863,41.561585403805296,35.328303027307534,12071140.0,-126.67289902887588,-76.07898565848652,317.77231589016554,-0.19660335156549802,14572180480,16.700464,12.92,1.3723034,1.84
2024-04-22,310.2205290264537,313.4545842608914,304.4987389962945,306.6879577636719,167591,0,316.91254272460935,331.5185321044922,315.84967111743606,322.76513877673966,,39.23765946029075,-6.7364351993582545,-5.856296059591459,-0.8801391397667953,334.1744086633578,316.91254272460935,299.6506767858609,12.789334129080439,49.71946354387389,42.582656777967706,12238731.0,-81.24709412499594,-73.48955874798716,317.74155041642024,-0.1964981615658972,14572180480,16.700464,12.92,1.3723034,1.84
2024-04-23,311.2653831628993,312.2604771376757,303.45391975519146,307.4342956542969,123617,0,316.5368957519531,330.73539367675784,315.04820678761325,322.1639292425262,,40.036280008299244,-6.5737406657500514,-5.999784980823177,-0.5739556849268741,334.2739338303413,316.5368957519531,298.79985767356493,12.50485007575214,52.7870447514413,48.022697899706834,12362348.0,-80.88075346400126,-71.63994648900086,317.71780568646096,-0.22310230238759113,14572180480,16.700464,12.92,1.3723034,1.84
2024-04-24,309.47422575355057,314.449695620971,305.4938498596142,308.7279052734375,478813,0,316.1761749267578,329.8467749023437,314.4462733100727,321.63702634177764,,41.472168930454366,-6.268165085290832,-6.053461001716708,-0.21470408357412385,334.2373876367531,316.1761749267578,298.11496221676254,12.251349767581043,57.346848886125514,53.28445239381358,12841161.0,-59.454692924369795,-68.434057789043,317.6436207464989,-0.22514375791720548,14572180480,16.700464,12.92,1.3723034,1.84
2024-04-25,310.4693021758885,313.3053259135665,306.4889265069669,307.9815673828125,251773,0,315.4696578979492,328.94422424316406,313.830587031286,321.1015181473084,,40.8641850601715,-6.01685886298327,-6.04614057397002,0.029281710986750475,333.65191497845467,315.4696578979492,297.28740081744377,11.86313902751094,58.335149412083695,56.15634768321684,12589388.0,-56.12413041629749,-68.0371837189684,317.6037305000986,-0.2631586827927495,14572180480,16.700464,12.92,1.3723034,1.84
2024-04-26,312.4594955478065,313.1560734493552,303.50365013401586,304.2997131347656,164518,0,314.90494232177736,327.89937561035157,312.9228847554269,320.44262383309103,,37.911468871965745,-6.045107502182134,-6.045933959612443,0.0008264574303087358,333.7269851864079,314.90494232177736,296.0828994571468,11.705230762355825,42.919286867657206,52.867095055288814,12424870.0,-67.1949458944774,-77.8515364678036,317.5708278155567,-0.2563345025448124,14572180480,16.700464,12.92,1.3723034,1.84
2024-04-29,313.2058169247322,313.2555594744797,304.10071346737016,305.6430969238281,130829,0,313.66853790283204,327.11524169921876,312.22957162860797,319.8622502288062,,39.62562242612936,-5.891184994140019,-6.014984166517958,0.12379917237793858,331.48622393932726,313.66853790283204,295.8508518663368,11.523060422695377,28.94961281449912,43.40134969808002,12555699.0,-56.85814075588018,-69.05906887765809,317.5464795640914,-0.34668157312022935,14572180480,16.700464,12.92,1.3723034,1.84
2024-04-30,309.4742240318768,309.4742240318768,304.29972325140324,306.0411376953125,105165,0,313.03167724609375,326.2415490722656,311.6401969682941,319.320245815728,,40.15284498824377,-5.671701885052585,-5.9463277102248835,0.27462582517229883,330.9833061099493,313.03167724609375,295.0800483822382,11.06959187682239,16.92767162546217,29.598857102539508,12660864.0,-60.214565696857825,-59.8410602481495,317.52490084592944,-0.3201169892458423,14572180480,16.700464,12.92,1.3723034,1.84
2024-05-02,305.89188046408896,305.89188046408896,298.4784486044343,303.45391845703125,244600,0,311.72810516357424,325.4026849365234,310.86055139579287,318.6980368997007,,37.83981792160365,-5.641495264347782,-5.885361221049463,0.24386595670168099,328.4434321417258,311.72810516357424,295.0127781854227,10.819098820683521,25.5493763453368,23.808886928432702,12416264.0,-88.76617157503351,-67.10522354449289,317.45678870143206,-0.2947486026538365,14572180480,16.700464,12.92,1.3723034,1.84
2024-05-03,304.89678779790233,311.96196109238605,304.4987562815634,307.4342956542969,172300,0,310.5364822387695,324.8185656738281,310.5342413251742,318.25632155674367,,43.25562164241461,-5.236015596898653,-5.755492096219301,0.519476499320648,324.7159707479296,310.5364822387695,296.3569937296094,10.654023378874326,39.115028131838464,27.197358700879153,12588564.0,-36.48661541770909,-42.92797161971228,317.42635670844214,-0.3117325210250665,14572180480,16.700464,12.92,1.3723034,1.84
2024-05-06,307.48401932217746,311.16587894987674,301.7622293186094,307.93182373046875,120907,0,309.64587249755857,324.30211181640624,310.28639203044037,317.8514392890466,,43.913412304651146,-4.818973553967226,-5.5681883877688865,0.7492148338016609,322.01471110778346,309.64587249755857,297.2770338873337,10.56471096833097,52.71213491576313,39.12551313097948,12709471.0,-43.79487748658402,-37.17279983559088,317.402847082244,-0.2667457704787245,14572180480,16.700464,12.92,1.3723034,1.84
2024-05-07,307.4342846049479,311.6136609280848,297.53308776463416,299.125244140625,177955,0,308.3746398925781,323.4095123291016,309.22342556474365,317.1170786949908,,35.96591590036537,-5.139833304661295,-5.4825173711473685,0.34268406648607375,319.5207055070633,308.3746398925781,297.2285742780929,10.815843982268092,45.204607441902404,45.677256829834676,12531516.0,-102.72340353641374,-90.88315580905928,317.3546185964446,-0.2809807209646016,14572180480,16.700464,12.92,1.3723034,1.84
2024-05-08,303.304615163733,304.49874001682394,295.0453477613997,301.5134582519531,50637,0,307.2128677368164,322.5019866943359,308.4891429635255,316.5051720109501,,39.180513266594055,-5.142132743706952,-5.414440445659285,0.2723077019523332,315.85160580716666,307.2128677368164,298.57412966646615,10.718526001779248,37.74762246656514,45.22145494141023,12582153.0,-152.1214842880263,-67.58105540328663,317.33870191193563,-0.24144556359093589,14572180480,16.700464,12.92,1.3723034,1.84
2024-05-09,305.49384696850865,305.49384696850865,294.54781336377386,296.8365173339844,76192,0,306.13319091796876,321.72481811523437,307.3793690940454,315.73385221969653,,35.429460069640356,-5.458423799165246,-5.423237116360477,-0.035186682804768665,314.27773907095656,306.13319091796876,297.98864276498097,10.734776544847502,20.804185862178144,34.58547192354857,12505961.0,-167.81480217849608,-88.50006275470325,317.3128490140742,-0.23840204958916972,14572180480,16.700464,12.92,1.3723034,1.84
2024-05-10,302.50856664540817,307.4840364915497,297.632612269761,304.7475280761719,61943,0,305.60081481933594,321.04616394042966,307.1287175685336,315.303015978774,,45.018111457324665,-5.012948141823699,-5.341179321453121,0.32823117962942217,312.55980704271417,305.60081481933594,298.6418225959577,10.728543874327347,37.0482877225438,31.866698683762365,12567904.0,-65.63577217154152,-48.7499997207074,317.2968289993598,-0.2160091783678821,14572180480,16.700464,12.92,1.3723034,1.84
2024-05-13,306.43920453600896,306.7377205840812,296.5877497996057,301.01593017578125,59186,0,305.003759765625,319.73662109375,306.5465473406524,314.74273810414684,,41.86038923877138,-4.904478463404132,-5.253839149843324,0.3493606864391916,311.35853145471106,305.003759765625,298.6489880765389,10.687217225052214,36.93684922886821,31.596440937863388,12508718.0,-96.48487594791256,-67.4999744827235,317.27954912907796,-0.20279479701147096,14572180480,16.700464,12.92,1.3723034,1.84
2024-05-14,305.34457664254,316.5393832871576,302.5085528856656,314.59893798828125,136606,0,305.2724349975586,318.6987384033203,307.31344168804566,314.7370988839168,,54.39894090944858,-3.680058821896978,-4.9390830842540545,1.2590242623570767,312.6848139108557,305.2724349975586,297.8600560842615,11.032662645503937,62.948058619775566,45.644398523729194,12645324.0,129.73962300336098,-8.823586972811144,317.2643284980945,-0.16978847201320388,14572180480,16.700464,12.92,1.3723034,1.84
2024-05-15,314.59893655578446,318.2310232881507,311.8624282773384,315.8428039550781,122254,0,305.7525665283203,317.99122619628906,308.1257619039535,314.78045986709964,,55.34861054036813,-2.579591916562606,-4.467184850715765,1.887592934153159,314.4807102305519,305.7525665283203,297.0244228260887,10.69951495731168,72.99777841175286,57.62756208679889,12767578.0,193.05510569605522,-10.084018765608363,317.2599529581217,-0.1949369908688362,14572180480,16.700464,12.92,1.3723034,1.84
2024-05-16,318.4300749871299,327.03763187805407,311.7629331449435,321.962646484375,129598,0,306.6531265258789,317.5056201171875,309.4435604354222,315.0621142442477,,59.7859879670745,-1.199813120398744,-3.8137105046523607,2.6138973842536166,317.8263530535631,306.6531265258789,295.47989999819475,11.026313798440173,88.1419036730823,74.6959135682036,12897176.0,248.12051964724122,-15.620233124566296,317.26705068847747,-0.17145166658378183,14572180480,16.700464,12.92,1.3723034,1.84
2024-05-17,326.3908201039202,328.4307505824266,321.4650928363063,325.5947570800781,154616,0,307.6258316040039,316.81701599121095,310.9817696396752,315.47515906133907,,62.18773667472577,0.1846242531235589,-3.014043553097177,3.198667806220736,321.50966820151456,307.6258316040039,293.74199500649326,10.736266937560178,88.11437419734528,83.0846854273935,13051792.0,260.6582741848893,-8.369975377421618,317.2893178951267,-0.140413304459104,14572180480,16.700464,12.92,1.3723034,1.84
2024-05-21,333.3564771180959,333.3564771180959,301.81198638992703,304.64801025390625,400027,0,307.5760772705078,315.6955450439453,310.37855446007813,315.05056499045935,,45.36170407153902,-0.40377212985839606,-2.4919892684494207,2.0882171385910246,321.4950662182629,307.5760772705078,293.65708832275277,12.222568636889369,61.13923114238627,79.13183633760464,12651765.0,72.24292351117674,-73.9743760463601,317.2602221781166,-0.24503537259468305,14572180480,16.700464,12.92,1.3723034,1.84
2024-05-22,306.4889387791009,311.3648930951969,297.43357769614687,300.6676330566406,300350,0,307.2750610351562,314.67756408691406,309.4537048026079,314.48652844403506,,42.98182880994984,-1.177688022519476,-2.2291290192634317,1.0514409967439557,321.5145617030732,307.2750610351562,293.03556036723927,12.344621977043703,36.36238161835431,61.87199565269531,12351415.0,-67.82644820115354,-84.2307899813087,317.18393324767214,-0.25737372431436717,14572180480,16.700464,12.92,1.3723034,1.84
2024-05-23,303.4539248195565,303.4539248195565,295.5926579933396,297.184814453125,108419,0,306.76258697509763,313.8207879638672,308.28523905503806,313.8080298561562,,40.95701790587075,-2.048443120212198,-2.192991839453185,0.14454871924098667,321.6646138408332,306.76258697509763,291.86056010936204,12.024382323413215,7.403136626397365,34.96824979571267,12242996.0,-114.37735010389665,-93.20512268589133,317.1480007283438,-0.27377830347733184,14572180480,16.700464,12.92,1.3723034,1.84
2024-05-24,298.5281740358101,298.57791658434024,294.9458298738091,296.189697265625,238135,0,306.135676574707,312.9023162841797,307.1332826941416,313.117114852606,,40.371815748486114,-2.7866971391143807,-2.311732899385424,-0.4749642397289566,321.69469461138317,306.135676574707,290.57665853803087,11.424932636778783,5.48573263606853,16.417083626940087,12004861.0,-126.02709594324563,-95.76928514662325,317.0603075981881,-0.27624784233831495,14572180480,16.700464,12.92,1.3723034,1.84
2024-05-27,300.61787998357926,301.5134584400278,287.0348540185156,289.7713623046875,143436,0,305.2251663208008,311.8067181396484,305.4797664665745,312.2015951448445,,36.726845002868785,-3.8453479811311126,-2.618455915734562,-1.2268920653965507,322.3027428557257,305.2251663208008,288.1475897858759,11.643052049974028,4.454018600347104,5.780962620937686,11861425.0,-147.19782907963375,-94.09237392159366,316.99812290260627,-0.2690283819201757,14572180480,16.700464,12.92,1.3723034,1.84
2024-05-28,292.01034238268085,292.01034238268085,276.13858115645473,277.4819641113281,502337,0,303.88427886962893,310.6145959472656,302.8133090994082,310.84004098666736,,30.962558864904153,-5.611304502624364,-3.2170256331125224,-2.3942788695118415,324.81792319465114,303.88427886962893,282.9506345446067,11.945102705420606,4.319848127644727,4.753199788020139,11359088.0,-216.33855945360813,-97.65216296003963,316.68599177944924,-0.32405317012777607,14572180480,16.700464,12.92,1.3723034,1.84
2024-05-29,278.5765509913469,286.9353337239601,278.5765509913469,284.3480834960937,90163,0,302.8195281982422,309.8891717529297,301.0547161848068,309.8011406929194,,36.919489284106035,-6.3832175585409345,-3.850264018198205,-2.5329535403427297,325.3893440260834,302.8195281982422,280.249712370401,11.76712177022142,13.258583200368328,7.344149976120072,11449251.0,-174.49148438126662,-85.65221212408333,316.6327996935217,-0.2922650117993786,14572180480,16.700464,12.92,1.3723034,1.84
2024-05-30,284.34810083919496,284.34810083919496,275.0439661817337,275.9395446777344,95543,0,301.31444854736327,309.2254443359375,298.66279508889517,308.4732349668337,,33.14740613689423,-7.586016154144772,-4.5974144453875185,-2.988601708757254,326.66728816629035,301.31444854736327,275.9616089284362,11.591194119309979,12.417186716506542,9.998539348173217,11353708.0,-181.09928948212965,-98.46417435706373,316.56845912736065,-0.3057297762048948,14572180480,16.700464,12.92,1.3723034,1.84
2024-05-31,275.9395518926426,280.6165058031723,264.695001927815,267.0832214355469,264358,0,299.49591369628905,308.3427960205078,295.6552166457191,306.850097181293,,29.704924483860744,-9.148416723819253,-5.5076149010738655,-3.640801822745387,328.8724028728745,299.49591369628905,270.1194245197036,11.900501959027645,13.308151889612207,12.994640602162377,11089350.0,-191.48443775570175,-96.52174745574074,316.3560837744901,-0.38289162041087255,14572180480,16.700464,12.92,1.3723034,1.84
2024-06-03,273.8996058872768,284.5968656994048,273.8996058872768,282.109130859375,185250,0,298.22965545654296,307.7019549560547,294.36511323749585,305.87986320788445,,40.91636207149771,-9.069616227802214,-6.220015166419535,-2.849601061382679,328.3032475014665,298.22965545654296,268.1560634116194,12.301440695086953,24.540701564218335,16.75534672344571,11274600.0,-113.8211713437614,-74.63770056891379,316.2389084853556,-0.34169616884641374,14572180480,16.700464,12.92,1.3723034,1.84
2024-06-04,282.1091314488743,283.004709919585,243.30046786331485,263.8491516113281,229977,0,296.02552185058596,306.61133178710935,291.4588311778608,304.2316000080195,,33.850762056581274,-10.361157018769234,-7.0482435368894745,-3.312913481879759,329.2304238043616,296.02552185058596,262.82061989681034,14.258783649457184,39.11033935137264,25.653064268401078,11044623.0,-173.82282059903608,-77.18232917708114,316.02710244569266,-0.33954289072957783,14572180480,16.700464,12.92,1.3723034,1.84
2024-06-05,267.82951980074506,281.56183397934683,260.91363534701514,277.8799743652344,141039,0,294.96325836181643,305.91178039550783,290.16560671951544,303.1982029239887,,42.1213764300144,-10.135704176408751,-7.6657356647933295,-2.4699685116154217,329.051121626256,294.96325836181643,260.87539509737684,14.71517043394822,64.85982209754111,42.836954337710715,11185662.0,-105.03340899592024,-61.60222200820684,315.9227252117855,-0.277676836690089,14572180480,16.700464,12.92,1.3723034,1.84
2024-06-06,282.009604856132,284.24856612850965,277.68094032263065,281.66131591796875,107239,0,293.9706512451172,305.2460620117188,289.35567426222525,302.353619119831,,44.14811716734041,-9.54191525381242,-8.040971582597148,-1.5009436712152713,328.39228190402605,293.9706512451172,259.54902058620837,14.133202960514705,74.57292774444598,59.514363064453256,11292901.0,-61.2387378602917,-57.403344460750304,315.8581144309288,-0.27209162997590725,14572180480,16.700464,12.92,1.3723034,1.84
2024-06-07,281.7608499080584,290.96546907750945,281.7608499080584,287.6816711425781,93995,0,293.5129089355469,304.68084899902345,289.19624539368743,301.77824861091915,,47.31153419934436,-8.487699980255968,-8.130317262128912,-0.3573827181270559,328.0133170720995,293.5129089355469,259.01250079899427,13.788270831873705,89.91236865273159,76.44837283157291,11386896.0,-32.54197461546175,-50.718221197540906,315.8108074899603,-0.25074129420759045,14572180480,16.700464,12.92,1.3723034,1.84
2024-06-10,287.6816505777798,294.74682329258195,283.6017595423711,290.7166748046875,64683,0,292.81136627197264,304.0529443359375,289.34104819473504,301.34446140283166,,48.88335403725861,-7.322913362910924,-7.968836482285314,0.6459231193743902,326.9380415388282,292.81136627197264,258.6846910051171,13.599470326040644,92.72283101574514,85.73604247097427,11451579.0,-16.848049961513,-30.336285394558193,315.7815720788812,-0.2532474537853507,14572180480,16.700464,12.92,1.3723034,1.84
2024-06-11,290.6669408323553,297.9311143193761,289.57233144404705,294.99560546875,61894,0,292.5103500366211,303.64097595214844,289.8795774589269,301.09548666031867,,51.09834268129493,-5.985540052895885,-7.572177196407429,1.5866371435115436,326.4479210763543,292.5103500366211,258.5727789968879,13.225135508132672,92.4489734198686,91.69472436278181,11513473.0,5.572899833075254,-14.06123567754297,315.75844879180164,-0.24578227052688395,14572180480,16.700464,12.92,1.3723034,1.84
2024-06-12,294.9458351269668,302.5582976268911,294.5478036280678,299.0257263183594,131703,0,291.731689453125,303.0140667724609,290.75063925506333,301.01431958808496,,53.15716936656646,-4.548038046472016,-6.967349366420346,2.4193113199483305,324.29305246112403,291.731689453125,259.17032644512597,12.852661114610571,90.01210050865528,91.72796831475638,11645176.0,31.465127566271626,-5.961357887431553,315.71973026121975,-0.26948017220594295,14572180480,16.700464,12.92,1.3723034,1.84
2024-06-13,299.12525640972507,302.95637430563266,295.09510757070865,297.0355529785156,93793,0,290.79132690429685,302.5792108154297,291.3492024668207,300.8582895249646,,51.99304604319073,-3.5287208087602266,-6.279623654888322,2.7509028461280955,321.54945199669703,290.79132690429685,260.0332018118967,12.49613294463296,83.31189756129213,88.59099049660539,11551383.0,36.22212109519852,-9.924954091246555,315.6917013189771,-0.2937193826068126,14572180480,16.700464,12.92,1.3723034,1.84
2024-06-14,300.02081815979165,300.51836512191403,289.77136288721334,292.4083557128906,86957,0,289.31361236572263,301.83687072753906,291.45007420454164,300.52691957154997,,49.29026956308744,-3.059018244178219,-5.635502572746302,2.5764843285680827,316.58118324636007,289.31361236572263,262.0460414850852,12.371195036780653,67.78900918224149,80.37100241739635,11464426.0,23.70610174172878,-17.681432102521274,315.6596226428278,-0.32242326285373574,14572180480,16.700464,12.92,1.3723034,1.84
2024-06-18,293.5527166742881,298.47844389783023,287.43289492566686,288.8757629394531,134063,0,287.47766265869143,300.98905090332033,291.2049017031046,300.0700114683305,,47.26999377348895,-2.937959325145414,-5.095993923226124,2.15803459808071,309.0834865608417,287.47766265869143,265.87183875654114,12.276506032165132,42.28723993101661,64.46271555818346,11330363.0,20.948693193251174,-23.60304654794625,315.60429045290914,-0.3611120823942301,14572180480,16.700464,12.92,1.3723034,1.84
2024-06-19,291.56252765244807,300.4188577430636,284.69638546389706,288.8260192871094,167767,0,286.6865631103516,300.25069091796877,290.97834147300983,299.6290705984787,,47.24063121231132,-2.813599730362,-4.639515084653299,1.8259153542912987,306.8287506360535,286.6865631103516,266.5443755846497,12.522646478379517,25.8039239183304,45.29339101052955,11162596.0,29.531649058139106,-23.686430835119637,315.5345959884675,-0.3103300979436036,14572180480,16.700464,12.92,1.3723034,1.84
2024-06-20,291.5625250648309,293.30393946368224,288.4279852204698,290.0201416015625,48763,0,286.15418853759763,299.56009582519533,290.8870843423958,299.25224985350155,,48.07447578651195,-2.5888455642891586,-4.229381180580471,1.640535616291312,305.32975928061865,286.15418853759763,266.9786177945766,11.976454175867584,20.35526907350394,29.482144307617034,11211359.0,30.748910359450157,-21.684747538918714,315.51380555395764,-0.28828331943721786,14572180480,16.700464,12.92,1.3723034,1.84
2024-06-21,292.85613124049183,300.9163981412458,288.8757555233646,296.38873291015625,180148,0,286.11438446044923,298.9928924560547,291.4110508726587,299.1399550714096,,52.39573783604609,-1.875217830477709,-3.758548510559918,1.8833306800822092,305.20130181101655,286.11438446044923,267.0274671098819,11.981039064582841,41.285664613670605,29.1482858685017,11391507.0,72.48521390250184,-11.009205604522604,315.4520581112095,-0.24586724509720378,14572180480,16.700464,12.92,1.3723034,1.84
2024-06-24,298.3291495069111,300.91639981097126,287.6816626252291,288.6269836425781,145898,0,285.7362487792969,298.3968310546875,291.145901612651,298.7276816820436,,47.236255929436325,-1.9139086605977127,-3.389620540567477,1.4757118799697642,304.3023122521901,285.7362487792969,267.17018530640365,12.070588930379937,41.8247515424383,34.488561743204336,11245609.0,50.52944074056613,-24.02007029582199,315.3949258535221,-0.27035534157888375,14572180480,16.700464,12.92,1.3723034,1.84
2024-06-25,291.5625358825697,296.8862947444408,288.2787378986124,289.17431640625,202231,0,285.706396484375,297.87241638183593,290.95813159299377,298.3530399065223,,47.62789560157723,-1.8787491912467544,-3.0874462707033326,1.2086970794565781,304.2483160670535,285.706396484375,267.16447690169645,11.823229495769114,41.30879570719205,41.47307062110037,11447840.0,43.24664083726454,-32.781065745855145,315.31290668929677,-0.2885324943205097,14572180480,16.700464,12.92,1.3723034,1.84
2024-06-26,288.72651570603813,292.55763364882057,282.9549826995654,284.0993347167969,113023,0,286.0372650146484,297.2952624511719,290.3049128428798,297.7940710755527,,44.34143426908664,-2.234634195429635,-2.916883855648593,0.6822496602189583,304.21288488871005,286.0372650146484,267.8616451405868,11.664616742446691,19.40387401358815,34.17914042107289,11334817.0,-0.5563412687752272,-74.6061950964614,315.25793357829133,-0.20557326954406602,14572180480,16.700464,12.92,1.3723034,1.84
2024-06-27,285.392931160502,298.47844082611107,281.4125553821527,296.5877380371094,248092,0,286.64924774169924,297.0425085449219,290.9032771470921,297.74676389757457,,52.94586341090667,-1.4917696552581674,-2.6318610155705082,1.1400913603123408,305.37214537354197,286.64924774169924,267.9263501098565,12.050421649697528,37.261573034839195,32.65808091853985,11582909.0,45.150444363214305,-29.56131543410948,315.16147614815196,-0.1371861294711065,14572180480,16.700464,12.92,1.3723034,1.84
2024-06-28,300.51838343999685,300.51838343999685,289.5723496060897,295.79168701171875,200794,0,287.64185485839846,296.8335388183594,291.36883999134227,297.6700942157763,,52.38988722650634,-0.9562556995394971,-2.296739952364306,1.340484252824809,306.0913294145343,287.64185485839846,269.1923803022626,11.971536805712502,52.633959843497394,36.43313563064164,11382115.0,67.80610470948731,-33.25634753690455,315.0945544615616,-0.0961856255385575,14572180480,16.700464,12.92,1.3723034,1.84
2024-07-01,298.5281881122957,302.35930593330835,294.54781227079843,296.7867736816406,79090,0,289.1270324707031,296.69024536132815,291.8848336761326,297.63545419482983,,53.053526100804746,-0.4464158494580488,-1.9266751317830546,1.4802592823250058,305.36755363386004,289.1270324707031,272.8865113075462,11.674390866912317,74.97579538844688,54.957109422261205,11461205.0,90.35049471662691,-28.63745116826975,315.0717686447377,-0.04704745970720109,14572180480,16.700464,12.92,1.3723034,1.84
2024-07-02,299.77204966722,305.9913867972453,298.5281822412149,301.7622375488281,211258,0,290.1096878051758,296.6026770019531,292.8255388068655,297.7972888361631,,56.33116822952907,0.3550217871559198,-1.4703357479952597,1.8253575351511795,306.9016970504523,290.1096878051758,273.31767855989926,11.497978170390342,76.63826872147432,68.08267465113958,11672463.0,128.59714595533796,-17.206469978146583,315.02599856663574,-0.09300392506904906,14572180480,16.700464,12.92,1.3723034,1.84
2024-07-03,300.518370448813,312.40975520146355,300.518370448813,305.69287109375,240835,0,292.2018737792969,296.6036724853516,294.050999024664,298.1069195129312,,58.779580912725415,1.2924377477770577,-0.9177810488407961,2.2102187966178537,305.43465783767243,292.2018737792969,278.9690897209213,11.526078640551784,78.17362632570634,76.59589681187589,11913298.0,182.83013301777353,-21.669325445097197,314.99068328871687,-0.10691367675838918,14572180480,16.700464,12.92,1.3723034,1.84
2024-07-04,315.4447856737902,320.3207400096873,307.5835494545449,309.87225341796875,334490,0,293.8014877319336,296.6673583984375,295.5577851573597,298.568305156266,,61.266351288032304,2.345549836830685,-0.26511487170649994,2.610664708537185,307.45053962191344,293.8014877319336,280.1524358419538,11.747635088793606,75.71453589720215,76.84214364812765,12247788.0,236.9958729886067,-26.85421253070839,314.97741734152976,-0.20340794705498796,14572180480,16.700464,12.92,1.3723034,1.84
2024-07-05,313.3550762255386,315.39503702711403,303.30462133894395,305.69287109375,168424,0,295.00306549072263,296.63252990722657,296.52303143701596,298.8476998989124,,57.52875054664881,2.8105097230537694,0.35001004724555396,2.4604996758082156,308.3943203374783,295.00306549072263,281.611810643967,11.772119417320496,62.53111859808104,72.13976027366321,12079364.0,153.81119374695476,-37.59586589805947,314.95840286098775,-0.24070558800719627,14572180480,16.700464,12.92,1.3723034,1.84
2024-07-08,313.355089669662,313.355089669662,303.6031807679527,304.9465637207031,118497,0,295.8663101196289,296.55690307617186,297.3252726068909,299.0868710291787,,56.86166614523015,3.083231442067472,0.8966543262099376,2.1865771158575344,309.4824406119204,295.8663101196289,282.2501796273374,11.627818666205409,46.238284233110654,61.494646242797984,11960867.0,123.08198640532662,-39.5139902726383,314.9434710122867,-0.27595171332287793,14572180480,16.700464,12.92,1.3723034,1.84
2024-07-09,309.9717569991583,311.9619448450598,303.60316196584483,305.444091796875,103185,0,296.6026809692383,296.50615356445314,298.0984934821275,299.3361738043825,,57.21782459515183,3.3014546132735063,1.3776143836226513,1.923840229650855,310.6124301842112,296.6026809692383,282.5929317542654,11.394316109991806,32.52328443038957,47.09756242052712,12064052.0,104.9861590358356,-38.235266834537356,314.93000987522305,-0.29712226672346886,14572180480,16.700464,12.92,1.3723034,1.84
2024-07-10,305.4938324902424,308.031309831211,297.33405022446794,302.75732421875,103473,0,296.99076690673826,296.4753057861328,298.5421916475201,299.47033656573024,,54.596378625450726,3.220474731339209,1.7461864531659628,1.4742882781732463,311.2290961155992,296.99076690673826,282.7524376978773,11.344526359759751,25.97322692122685,34.91159852824239,11960579.0,51.021982722156906,-45.14067145273078,314.90926694462667,-0.2986075693166752,14572180480,16.700464,12.92,1.3723034,1.84
2024-07-11,303.3046345144511,317.2359503059941,303.0558610181735,312.80780029296875,143415,0,297.67987060546875,296.6185998535156,299.9008210423247,299.9933743589553,,61.67065723541516,3.9220757672960076,2.1813643159919716,1.740711451304036,313.492462426428,297.67987060546875,281.8672787845095,11.568390626008632,42.07254121335984,33.523017521658794,12103994.0,121.93224964685636,-19.30940697603709,314.9001709559356,-0.28522864770479317,14572180480,16.700464,12.92,1.3723034,1.84
2024-07-12,313.45458538862914,315.3950306834156,304.2997091602948,306.7377014160156,96249,0,298.16497802734375,296.63253112792967,300.55195250648575,300.25785777295766,,55.995966163677714,3.942842756652851,2.5336600041241475,1.4091827525287037,314.4567727108908,298.16497802734375,281.8731833437967,11.534599975802356,49.531079010798635,39.192282381795145,12007745.0,87.7362236712525,-34.91049177364911,314.8905957365955,-0.2870710701022306,14572180480,16.700464,12.92,1.3723034,1.84
2024-07-15,310.2702865739881,329.82390730788387,303.35440172827606,321.7138671875,1005899,0,299.63025360107423,296.99773010253904,302.56737295229664,301.0992699068613,,64.64078374824571,5.108860399524872,3.0487000832042925,2.0601603163205793,318.6333254586483,299.63025360107423,280.62718174350016,12.601378947502747,66.67945717500878,52.76102579972246,13013644.0,149.23084040154362,-16.752352078135814,314.9456768291118,-0.1146400475905913,14572180480,16.700464,12.92,1.3723034,1.84
2024-07-16,326.39081248192946,330.6697042789095,321.21631184421943,322.6592102050781,330837,0,301.31942596435545,297.3022283935547,304.48088126208535,301.9447577616933,,65.10677516570425,6.039598333097217,3.6468797331828773,2.39271859991434,322.11938465442034,301.31942596435545,280.51946727429055,12.376522768016127,66.08614932056885,60.76556183545879,13344481.0,176.52276517601288,-16.262601984173674,314.99805710809534,-0.14015589831302086,14572180480,16.700464,12.92,1.3723034,1.84
2024-07-18,323.9030861422508,323.9030861422508,310.0712860794866,312.5590209960937,193363,0,302.5060760498047,297.3947723388672,305.2502279034195,302.36100337872864,,56.53419984228224,5.894268534089974,4.096357493364296,1.797911040725678,323.02568581758743,302.5060760498047,281.9864662820219,12.48047114621242,61.80763624411092,64.85774757989621,13151118.0,93.89766422434714,-44.06775917086823,314.99963839801876,-0.14966493058457425,14572180480,16.700464,12.92,1.3723034,1.84
2024-07-19,313.50432295193883,314.49941685798257,305.5933446196047,307.8323059082031,152138,0,303.39668426513674,297.56891357421875,305.4961400943513,302.57556426223744,,53.01610501078557,5.336175111513626,4.344321016994162,0.9918540945194634,323.2051593740604,303.39668426513674,283.5882091562131,12.225156938509953,42.259353006741435,56.71771285714044,12998980.0,40.98015916809483,-63.22315111727341,314.9858709275427,-0.15955998801664326,14572180480,16.700464,12.92,1.3723034,1.84
2024-07-22,307.83230543872344,315.444767734777,302.65780498804526,310.4195556640625,125577,0,304.09822540283204,297.7470355224609,305.96503681527616,302.88317176819135,,54.67861062330533,5.044501611540738,4.484357135903478,0.5601444756372604,323.85800562346617,304.09822540283204,284.3384451821979,12.265285924811508,26.17221028447952,43.41306651177732,13124557.0,38.372722834340216,-60.746216593728164,314.974953725222,-0.16569833795721753,14572180480,16.700464,12.92,1.3723034,1.84
2024-07-23,313.45458320591734,319.4251466955539,302.5582926901882,317.086669921875,307701,0,305.5212097167969,298.15203857421875,307.0242399682856,303.4401716957868,,58.731094372649885,5.290344860201856,4.645554680763153,0.6447901794387025,324.71020267684213,305.5212097167969,286.3322167567516,12.593969359136809,31.927858302279912,33.453140531166994,13432258.0,63.60791670492975,-40.74626624949847,314.9654708347225,-0.08213464812141752,14572180480,16.700464,12.92,1.3723034,1.84
2024-07-24,319.42515848189873,319.42515848189873,310.56882838572284,312.3599853515625,105763,0,306.6804931640625,298.3042877197266,307.53240619526434,303.78996830973875,,54.97783071916385,5.045610803142722,4.725565905239067,0.32004489790365476,324.53410021225966,306.6804931640625,288.82688611586536,12.326995126068171,41.77031685414518,33.290128480301576,13326495.0,69.58531849062172,-54.92533279066547,314.9640577665322,-0.06176944503102021,14572180480,16.700464,12.92,1.3723034,1.84
2024-07-25,308.4791349772252,318.8778792550524,307.93184543327993,314.1014099121094,94789,0,308.18059692382815,298.5659973144531,308.15802559686864,304.19433856865527,,56.09116510012998,4.935284816793683,4.767509687549991,0.16777512924369198,322.971888185358,308.18059692382815,293.3893056622983,12.228355032904192,55.34627796315673,43.01481770652731,13421284.0,59.88921237312621,-49.701422806169894,314.9620776788288,-0.03953632197087377,14572180480,16.700464,12.92,1.3723034,1.84
2024-07-26,319.4251689614848,319.4251689614848,314.748215088114,318.03204345703125,122607,0,309.25281219482423,298.6346594238281,309.09840825021746,304.73699366231705,,58.580842295425164,5.10615932888669,4.835239615817331,0.27091971306935925,323.63040028044594,309.25281219482423,294.8752241092025,11.735169605509281,68.69929241024988,55.27196240918397,13543891.0,96.72093998433324,-37.91034308563215,314.9667773907735,-0.07457720666890806,14572180480,16.700464,12.92,1.3723034,1.84
2024-07-29,319.92269714327506,327.38590158674185,315.44477447719504,317.2359313964844,553439,0,310.3250244140625,298.66252197265624,309.8734104546238,305.2271480832648,,57.86518548611556,5.118338006421482,4.891859293938161,0.22647871248332052,323.6899839420966,310.3250244140625,296.9600648860284,11.749880855797675,73.09844139387272,65.71467058909315,12990452.0,118.85838664790589,-40.298512998982936,315.0103568053974,-0.1591966126732644,14572180480,16.700464,12.92,1.3723034,1.84
2024-07-30,318.43005770614286,320.56950358278465,313.40484550511053,315.9920654296875,235191,0,311.28528900146483,298.5431103515625,310.45613949986796,305.64930170469313,,56.69968119065736,4.970325291965878,4.9075524935437045,0.06277279842217354,323.3144176095806,311.28528900146483,299.2561603933491,11.422364943074564,64.09691922361226,68.631551009245,12755261.0,67.30169961506493,-44.029851117519556,315.01636138742856,-0.1606141907098781,14572180480,16.700464,12.92,1.3723034,1.84
2024-07-31,318.4300497777549,318.8778541823973,313.4545802499775,314.35015869140625,103703,0,311.91468505859376,298.3182183837891,310.82699847049065,305.99051178260345,306.6685494995117,55.12142836680791,4.666740715569745,4.859390137948912,-0.1926494223791675,323.17773797212163,311.91468505859376,300.6516321450659,10.993858442313512,44.51415067450089,60.569837097328666,12651558.0,45.893096142469425,-58.05309895590894,315.0172362888184,-0.17323601551690812,14572180480,16.700464,12.92,1.3723034,1.84
2024-08-01,313.5043269936273,319.37540540925994,312.7580065544729,317.1364440917969,164666,0,312.4868637084961,298.5679870605469,311.4278980534722,306.4276071672777,306.7727076546588,57.29386931565033,4.597975102577493,4.807107130874629,-0.20913202829713562,323.5890241730545,312.4868637084961,301.38470324393774,10.68125418606162,34.78544946468006,47.79883978759778,12816224.0,53.43442813574163,-48.14151770501038,315.0208144945016,-0.15761592619237777,14572180480,16.700464,12.92,1.3723034,1.84
2024-08-02,311.8126918162242,318.4300604360903,311.4644028640508,314.7979736328125,65629,0,312.73314971923827,298.8505938720703,311.748857632457,306.75585683259277,306.85256104747623,54.892214019552355,4.305155681395945,4.706716840978892,-0.4015611595829469,323.81089083404777,312.73314971923827,301.65540860442877,10.415854427917184,27.953937590671917,35.75117924328433,12750595.0,26.745530608534903,-56.46009840525029,315.0206895248488,-0.11824182553952663,14572180480,16.700464,12.92,1.3723034,1.84
2024-08-05,308.47911905993647,313.2058152390806,298.5281797354224,308.1806030273437,166436,0,312.85753631591797,299.0705096435547,311.4090238605414,306.81172923238694,306.8657753955346,48.6743536176449,3.4987957369410765,4.465132620171329,-0.9663368832302526,323.66894194869667,312.85753631591797,302.04613068313927,10.833992961450964,31.554015582039654,31.431134212463917,12584159.0,-101.0022000825657,-69.96899360246059,314.99920496781147,-0.08233771401079647,14572180480,16.700464,12.92,1.3723034,1.84
2024-08-06,326.3908015165084,326.3908015165084,307.8820487715742,311.7629089355469,588434,0,313.19835357666017,299.3819738769531,311.44272720101816,307.0058931423148,306.91450309245016,51.85381802200217,3.1129279242825305,4.19469168099357,-1.0817637567110392,323.4034900517627,313.19835357666017,302.99321710155766,11.382190088842624,37.40995981446014,32.305970995723946,13172593.0,29.92834210615771,-54.13799721158738,315.00231255016354,-0.12792907950310528,14572180480,16.700464,12.92,1.3723034,1.84
2024-08-07,312.40976811492766,322.8582549365927,304.5485013548168,319.3256530761719,380737,0,313.892431640625,299.97305969238283,312.1934820462709,307.4890209828582,307.03799712213896,57.79754289950293,3.37843070422349,4.031439485639554,-0.6530087814160641,323.77680707468653,313.892431640625,304.0080562065634,11.877016052623572,55.311750510889226,41.425241969129715,13553330.0,28.981184497199084,-27.930993832770056,315.00563519498485,-0.06303624525210617,14572180480,16.700464,12.92,1.3723034,1.84
2024-08-08,320.4202582069977,338.03343361582984,315.5443038295932,317.8330078125,1337409,0,314.6462158203125,300.78008056640624,312.7305797382927,307.8946675251971,307.1454101638341,56.31973053232006,3.4288736509017212,3.9109263186919874,-0.4820526677902661,323.2331605631894,314.6462158203125,306.05927107743554,12.635024176453076,57.00311356746113,49.908274630936866,12215921.0,171.12226900642034,-51.13351723920497,315.1806170811713,-0.22064840912221806,14572180480,16.700464,12.92,1.3723034,1.84
2024-08-09,321.7636412463045,338.3319497718546,316.73839847750776,330.9184875488281,1827069,0,315.55175018310547,301.71148864746095,314.4627614345342,308.79756242808463,307.3819581975156,64.81355114427888,4.4731749282523765,4.023376040604065,0.44979888764831166,326.630426150905,315.55175018310547,304.4730742153059,13.274918970588347,68.29479113077768,60.20321840304272,14042990.0,218.71619687391797,-18.62502525826319,315.5372526947877,-0.10878251289101175,14572180480,16.700464,12.92,1.3723034,1.84
2024-08-12,333.2569639088172,333.2569639088172,318.3803273035042,324.35089111328125,1190922,0,316.4324096679687,302.6797155761719,315.40448807060534,309.40749688632764,307.55080330115504,58.649277179306644,4.71647251048347,4.161995334579946,0.5544771759035241,327.3677789701244,316.4324096679687,305.49704036581306,13.389327373068681,62.95237101891329,62.750091905717404,12852068.0,138.9493049254023,-35.12496089133408,315.70322727112045,-0.11562766378369609,14572180480,16.700464,12.92,1.3723034,1.84
2024-08-13,323.40551620218844,326.39079789020866,309.1756856364344,311.6136474609375,770608,0,315.9273986816406,303.5703240966797,315.0434556315894,309.49401259513587,307.5912296112026,48.929793787640165,3.8372648831501124,4.097049244293979,-0.2597843611438666,326.77301957325784,315.9273986816406,305.0817777900234,13.662597721690506,53.63455679026428,61.62723964665179,12081460.0,-14.36512244869169,-67.12505445203297,315.7034820312582,-0.2255346041525539,14572180480,16.700464,12.92,1.3723034,1.84
2024-08-14,312.40976973203107,313.0565747507676,299.3740324134776,304.9963073730469,386856,0,315.04425354003905,304.02806762695315,314.08658436887106,309.3176319981912,307.5654094894299,44.77798147772739,2.5768185027791333,3.79300309599101,-1.2161845932118767,326.4171162105414,315.04425354003905,303.6713908695367,13.66402233709047,31.32011921325241,49.3023490074767,11694604.0,-168.87243778155798,-83.74996229828422,315.64988655565395,-0.2059756891492681,14572180480,16.700464,12.92,1.3723034,1.84
2024-08-16,307.88205210819143,324.40061721801754,303.9016764368047,318.4300537109375,683790,0,315.3378051757812,305.1196856689453,314.5002481157345,309.6749818692793,307.6735154020817,53.419110270191915,2.6315617188697047,3.5607148205667487,-0.929153101697044,326.7419608863409,315.3378051757812,303.93364946522155,14.152230797384927,28.08635860805693,37.680344870524586,12378394.0,-1.2677480383438495,-50.000027742851984,315.64919959479874,-0.1514777150060338,14572180480,16.700464,12.92,1.3723034,1.84
2024-08-19,320.42025498417564,341.9142905846359,319.3754184737616,321.6143798828125,1614307,0,316.0269088745117,305.9943737792969,315.1777844745038,310.1431935560845,307.81223047154174,55.20831757415571,2.898482717051877,3.428268399863774,-0.5297856828118972,327.19686348496987,316.0269088745117,304.85695426405357,14.818802659978747,38.54224737767714,32.64957506632887,13992701.0,169.46665424178914,-46.788961500547586,315.9116651039781,-0.2435234893682535,14572180480,16.700464,12.92,1.3723034,1.84
2024-08-20,325.39572676821206,326.0425317723143,316.93742806016985,323.00750732421875,389387,0,316.6563064575195,306.82129760742185,315.9234723649529,310.6476764489525,307.9634272561455,56.004511771765266,3.1857103865426666,3.3797567971995526,-0.194046410656886,327.90977657422576,316.6563064575195,305.4028363408133,14.410681306562012,52.25021044222721,39.6262721426538,14382088.0,71.9569425788235,-43.577962832683575,315.94363373053545,-0.22844917738713783,14572180480,16.700464,12.92,1.3723034,1.84
2024-08-21,325.5947408652869,360.2239969314434,317.1861851433635,347.0887451171875,3761468,0,318.15641021728516,308.0094390869141,318.8915935794514,312.07673796535386,308.352733901529,66.94300775200256,5.29545234029456,3.762895905818554,1.5325564344760059,335.5583919009875,318.15641021728516,300.7544285335828,16.45547634095615,62.083321429100295,50.958593083001595,18143556.0,260.17246989436745,-21.29034416145647,317.1781307163846,-0.08872218266881682,14572180480,16.700464,12.92,1.3723034,1.84
2024-08-22,354.9500171694974,367.8364653492305,349.2779696182969,364.3038940429688,1750160,0,320.7536056518555,309.4811834716797,323.2165745759769,314.12486173310344,308.9094618631354,72.25390603811478,8.26132526862068,4.662581778378979,3.5987434902417013,347.11732341817316,320.7536056518555,294.3898878855378,16.762065190319493,76.14799513632927,63.49384233588563,19893716.0,318.1054117714951,-5.096896099761395,318.1298272592363,-0.008861179444154673,14572180480,16.700464,12.92,1.3723034,1.84
2024-08-23,367.8862486186445,370.1252100253551,354.75099621879974,360.8210754394531,880943,0,323.08958892822267,310.7976928710938,326.7979556105937,315.95608580001914,309.42599533155646,69.81031240784239,10.213037044451937,5.772672831593571,4.440364212858366,354.48144182664606,323.08958892822267,291.6977360297993,16.662932948622053,85.131813979373,74.45437684826756,19012773.0,242.753194945848,-12.995140368566704,318.6088153744376,-0.020079021806837856,14572180480,16.700464,12.92,1.3723034,1.84
2024-08-26,362.2141900724104,365.05021384297726,348.0341015874328,351.2184143066406,559854,0,324.7489074707031,311.8415466308594,329.1237135816458,317.3389222120435,309.8418402964827,63.439793004380164,10.859743820682752,6.790087029411407,4.069656791271345,358.32814936937996,324.7489074707031,291.16966557202625,16.688160041973653,80.47816055924368,80.5859898916487,18452919.0,159.19128705194993,-26.72294137976364,318.8585541776198,-0.04254198451916612,14572180480,16.700464,12.92,1.3723034,1.84
2024-08-27,352.2135155355088,355.54705597169624,347.28778833886054,350.22332763671875,226189,0,326.39827728271484,312.9053021240234,331.1332006345099,318.62850673850136,310.24364614066417,62.80024873224428,11.16328502131796,7.664726627792718,3.4985583935252427,361.54346270039747,326.39827728271484,291.2530918650322,16.086096298463797,69.78859393313395,78.46618949058359,18226730.0,116.66257929221271,-28.12940089536444,318.94804661542594,-0.02450828168023065,14572180480,16.700464,12.92,1.3723034,1.84
2024-08-28,352.7608043850258,355.1490237854291,345.0488262919822,347.5863037109375,268056,0,327.97798919677734,314.00886108398436,332.7001628322649,319.7641066197734,310.6152148727067,61.043985607753626,11.06352439501461,8.344486181237096,2.719038213777514,363.94089707247844,327.97798919677734,292.01508132107625,15.658532098105448,45.65925556145786,65.3086700179452,17958674.0,93.47618988315772,-31.8565811555253,319.0476827782517,-0.028436093041676675,14572180480,16.700464,12.92,1.3723034,1.84
2024-08-29,346.29268089860807,350.0740256118527,337.33683570295443,341.81475830078125,283650,0,329.3512191772461,315.06764099121096,333.5682195435522,320.62883805824424,310.9256580908965,57.26903874564775,10.398876129208759,8.75536417083143,1.6435119583773297,365.22510081207906,329.3512191772461,293.4773375424131,15.449864798876362,28.727354636406048,48.05840137699932,17675024.0,57.744990874698416,-40.01410673314529,319.1309629494402,-0.028993350176038893,14572180480,16.700464,12.92,1.3723034,1.84
2024-08-30,343.2576602496024,355.64656134726977,339.476285128499,352.4125061035156,430333,0,331.11502227783205,316.33937072753906,335.36291350164396,321.87525641296077,311.3384625487335,61.925044538996396,10.605038980670656,9.125299132799274,1.4797398478713824,367.8711894188837,331.11502227783205,294.3588551367804,15.50132275744025,26.058188855794587,33.48159968455287,18105357.0,74.08517381600169,-25.035207214509914,319.2881384713158,-0.01688418164706408,14572180480,16.700464,12.92,1.3723034,1.84
2024-09-02,354.7509980095184,379.1308001167644,349.27798120993253,367.4384460449219,2316699,0,333.7470458984375,317.88773681640623,338.41772612481327,323.66204816323375,311.89667133974035,67.35611503367547,11.844357916820798,9.669110889603578,2.1752470272172193,372.91252351686194,333.7470458984375,294.581568280013,16.526429625253936,46.69313182810689,33.82622510676921,20422056.0,122.16470953378808,-14.660014953640978,320.5478888183994,0.01051010855198882,14572180480,16.700464,12.92,1.3723034,1.84
2024-09-03,368.1847636598845,386.7930327811892,360.2240120131843,364.7019348144531,2185878,0,336.57311248779297,319.2540008544922,340.92098409525516,325.2714554828894,312.42209684695143,65.52303958211697,12.462058661324704,10.227700443947803,2.2343582173769008,376.10664833969645,336.57311248779297,297.0395766358895,17.243757564021863,60.5847813413894,44.445367341763664,18236178.0,126.85478619506027,-25.2703621338771,321.80810284791687,-0.05923649148592615,14572180480,16.700464,12.92,1.3723034,1.84
2024-09-04,362.21419883053017,372.5631698664024,358.33333848806024,364.6521911621094,942467,0,339.2175765991211,320.7745050048828,343.1810990540032,326.81579805854506,312.941799277948,65.48815037065721,12.800026318953371,10.742165618948917,2.057860700004454,378.8345601666287,339.2175765991211,299.6005930316135,17.0284771221876,60.86240823681214,56.04677380210285,17293711.0,96.60609179968075,-26.71067599267213,322.2741633156663,-0.047644266859689345,14572180480,16.700464,12.92,1.3723034,1.84
2024-09-05,365.9955436633712,387.53935203405086,363.2590352933904,379.0312805175781,1749484,0,342.2028579711914,322.5716442871094,346.5954020505341,328.8634640373307,313.5994060564518,70.39536666816792,14.065996411617789,11.406931777482692,2.659064634135097,384.29497418265385,342.2028579711914,300.11074175972897,17.54646566636423,64.2871708626156,61.91145348027242,19043195.0,127.14196547900532,-12.050764395061355,323.336732139123,-0.03258193781649688,14572180480,16.700464,12.92,1.3723034,1.84
2024-09-06,380.0761511310588,382.91214462995015,367.6374765995784,368.7320556640625,531908,0,344.74781036376953,324.26429870605466,348.70365477563206,330.42693821877117,314.147989634637,63.43757560206972,14.0759664798166,11.940738717949474,2.1352277618671263,386.7932722250855,344.74781036376953,302.70234850245356,17.384194406650483,62.79157689036263,62.64705199659682,18511287.0,103.05522895102101,-26.638504039841852,323.6308214354098,-0.006943527867078589,14572180480,16.700464,12.92,1.3723034,1.84
2024-09-09,370.1749356662969,382.11606262327416,359.27864517091257,378.3844604492188,684146,0,347.12110900878906,325.90023315429687,351.5303981731165,332.30762536506325,314.78715849846367,66.7540852474631,14.69336031691006,12.491263037741591,2.202097279168468,391.0907063368041,347.12110900878906,303.15151168077404,17.77371033848699,67.26580224696288,64.78151666664706,19195433.0,94.73103696272601,-13.012764015380649,324.0052607847752,-0.012492782348471555,14572180480,16.700464,12.92,1.3723034,1.84
2024-09-10,380.076146796268,394.6542671073272,375.5484510977331,381.6185302734375,907390,0,349.9844909667969,327.61677001953126,354.39593456362326,334.2413863418622,315.452147272344,67.80773521879429,15.267616211528832,13.04653367249904,2.2210825390297924,395.09377509344097,349.9844909667969,304.8752068401528,17.868860743566067,61.20295635196718,63.75344516309759,20102823.0,122.65872725680988,-22.743058288713197,324.59907335558995,-0.017152618120390848,14572180480,16.700464,12.92,1.3723034,1.84
2024-09-11,382.9121483705376,388.0866491733252,366.343839806325,368.88134765625,560018,0,352.8478759765625,329.05866149902346,355.775497715302,335.5998161973284,315.98378110700975,59.77299635311446,14.527470322334466,13.342721002466124,1.1847493198683416,395.0261349714512,352.8478759765625,310.66961698167376,18.14557135952565,53.30287674954033,60.590545116156825,19542805.0,81.25714240776063,-44.965238008050335,324.9019673398181,-0.01149595182379765,14572180480,16.700464,12.92,1.3723034,1.84
2024-09-12,370.174952453118,382.1160799516057,363.6570991740032,375.2001647949219,608946,0,356.3580688476562,330.5274200439453,357.6254660085991,337.1527710442928,316.57299885514817,62.16796237096799,14.28609390941432,13.531395583855764,0.7546983255585555,393.39440445731515,356.3580688476562,319.3217332379973,18.16795774653114,45.42052708451354,53.30878672867372,20151751.0,73.00411793249513,-33.940987646772264,325.22205641435636,-0.0009907183010700398,14572180480,16.700464,12.92,1.3723034,1.84
2024-09-13,376.4440316866608,402.8140215402051,374.20507028400135,392.1665344238281,1296837,0,360.0448928833008,332.2568933105469,360.91509157195424,339.31017352976477,317.3251733384186,67.72437131212871,15.287619437672674,13.882640354619145,1.4049790830535294,395.90659731091665,360.0448928833008,324.18318845568496,18.91374299722204,49.23163912532643,49.31834765312681,21448588.0,135.9265375233679,-16.261369483475107,326.1115123515916,0.0011362229062349808,14572180480,16.700464,12.92,1.3723034,1.84
2024-09-16,397.0424853933236,401.7194390977312,386.2457099801091,395.9478759765625,423351,0,363.7615676879883,333.97840576171876,364.25154722953596,341.53125990022744,318.10748878755436,68.82338987213053,16.199718030256463,14.346055889746609,1.8536621405098543,398.304745467999,363.7615676879883,329.2183899079776,18.668027720107755,67.671666315937,54.107944175259036,21871939.0,147.4888232922935,-10.486317449117319,326.41858573263494,0.06870207903355546,14572180480,16.700464,12.92,1.3723034,1.84
2024-09-17,397.98783001030193,398.4356040587175,382.9121326553167,389.1314697265625,496095,0,367.0677658081055,335.647177734375,366.6210636578242,343.3979347953778,318.81419506555443,64.55601060645112,16.18595411526934,14.714035534851154,1.4719185804181851,397.82577363966334,367.0677658081055,336.30975797654764,18.443416554628687,74.35503086644135,63.75277876923497,21375844.0,119.02797776361129,-20.896670555835712,326.75154825683404,0.05740452457117919,14572180480,16.700464,12.92,1.3723034,1.84
2024-09-18,389.0817198893229,390.97239224999646,369.528130577152,373.16021728515625,412569,0,368.37133941650393,337.0114508056641,367.2438401937606,344.5650831283103,319.35495150555045,55.82225994335388,14.71665507982226,14.714559443845376,0.0020956359768842248,397.81364178236,368.37133941650393,338.9290370506479,18.65776263450124,57.263834337445225,66.43017717327457,20963275.0,49.885933227931346,-46.81854125997502,326.97272833207967,-0.03086389941255235,14572180480,16.700464,12.92,1.3723034,1.84
2024-09-19,376.14552176013234,387.04181291064447,358.4328611894704,367.5877075195313,570329,0,368.53553009033203,338.2543231201172,367.27658946288165,345.46793114365227,319.8348794260876,53.12182547275929,12.953253004310227,14.362298155938346,-1.4090451516281188,397.92184200097785,368.53553009033203,339.1492181796862,19.368561854977873,36.651408643684874,56.09009128252385,20392946.0,9.137355234977454,-65.79925187473133,327.2345413760442,-0.11201499526053063,14572180480,16.700464,12.92,1.3723034,1.84
2024-09-20,370.57298469606405,386.2954874875634,370.57298469606405,381.7677917480469,507157,0,369.5828659057617,339.83453247070315,368.65670396623074,346.89145508892267,320.4511273098882,58.608955702880515,12.555229573015026,14.000884439353682,-1.4456548663386553,399.28612609841025,369.5828659057617,339.87960571311316,19.321363148767457,32.93503305887815,42.28342534666945,20900103.0,53.76424908491726,-47.315437506851346,327.5095738912027,-0.08955441855680285,14572180480,16.700464,12.92,1.3723034,1.84
2024-09-23,381.8175594910368,382.3648490145719,371.2695575825807,373.70751953125,163109,0,370.7073211669922,341.0525268554687,369.1377340200421,347.94306545921,320.9810416603495,54.69027173958797,11.457323635782643,13.492172278639474,-2.034848642856831,399.2235973006815,370.7073211669922,342.1910450333029,18.733786597569154,37.573269474316334,35.71990372562649,20736994.0,27.67293384324133,-65.43627483155652,327.5910594560611,-0.07520406315466752,14572180480,16.700464,12.92,1.3723034,1.84
2024-09-24,373.7075238576109,382.0165644822134,371.46856245164446,375.2001647949219,229668,0,371.95616302490237,342.42177612304687,369.71510837955447,349.0119713155124,321.5205354228826,55.2864917989743,10.585644547750746,12.910866732461729,-2.3252221847109826,398.92017443218236,371.95616302490237,344.99215161762237,18.149087699926284,47.87368634047218,39.46066295788892,20966662.0,25.32233315722706,-62.21977191911359,327.7063929277798,-0.07530056624786942,14572180480,16.700464,12.92,1.3723034,1.84
2024-09-25,374.40410561290446,376.34455099844007,363.1595559170554,374.0558166503906,382065,0,373.279638671875,343.4686151123047,370.1285091672531,349.99408289727234,322.0432745395742,54.69229877405467,9.690783933942555,12.266850172757895,-2.57606623881534,397.81849073329926,373.279638671875,348.7407866104507,17.79450965574474,48.10722670782883,44.51806084087249,20584597.0,-20.693270619379344,-64.7982266857031,327.87723869785617,-0.05034371706336906,14572180480,16.700464,12.92,1.3723034,1.84
2024-09-26,376.1455189502505,380.37466830352713,369.7769236447703,374.0060729980469,494874,0,374.88920440673826,344.49555236816406,370.49780096066206,350.9357295678909,322.56031731030527,54.664795751211855,8.875277874687185,11.588535713143752,-2.713257838456567,394.7358730210337,374.88920440673826,355.04253579244283,17.280455013102745,51.00644950243686,48.99578751691266,20089723.0,-5.853736594395603,-64.91030949730747,328.11443076578774,-0.05066219732372924,14572180480,16.700464,12.92,1.3723034,1.84
2024-09-27,375.00116210845727,375.00116210845727,364.3536446685631,369.8764343261719,188381,0,375.7624008178711,345.64190063476565,370.4386231859487,351.6785023035098,323.0311244447915,52.31287901844882,7.805775992617441,10.83198376903849,-3.0262077764210495,392.9328855707627,375.7624008178711,358.59191606497944,16.80667375787356,45.48814063914265,48.20060561646948,19901342.0,-75.52279800385305,-74.21524573430389,328.19451929289653,-0.06749234707872397,14572180480,16.700464,12.92,1.3723034,1.84
2024-09-30,371.61784637805926,373.1602298476199,361.21910249249606,369.7769165039063,223629,0,375.8793243408203,346.8807928466797,370.3756035019447,352.3882440368587,323.49625670408614,52.254532939473975,6.870953711810955,10.039777757592983,-3.168824045782028,392.852197465033,375.8793243408203,358.9064512166076,16.459134729105724,41.00138445887837,45.83199153348599,19677713.0,-98.1319372480978,-74.43948011997362,328.2853394148959,-0.10778585652455146,14572180480,16.700464,12.92,1.3723034,1.84
2024-10-01,370.1749365756607,382.11606356197234,368.2344912932425,379.7278442382813,297870,0,376.63061981201173,348.26695861816404,371.2662930958815,353.4603852212282,324.05577498800847,57.37400287344939,6.8540478271769985,9.402631771509785,-2.548583944332787,392.8724194754036,376.63061981201173,360.38882014861986,16.275023124793158,54.89796967249862,47.12916492350658,19975583.0,-1.0311745291844476,-52.017966901898724,328.4318153071918,0.015685115077000038,14572180480,16.700464,12.92,1.3723034,1.84
2024-10-03,378.1356825034277,378.1356825034277,362.2141800822307,365.1497192382813,221329,0,376.65549621582034,349.2282196044922,370.68376225230054,353.9187904767989,324.4646699556729,49.072547532963775,5.5997663183933355,8.642058680886496,-3.0422923624931606,392.8251976965654,376.65549621582034,360.4857947350753,16.36349748416869,49.50977423119253,48.469709454189875,19754254.0,-103.79926160382216,-84.86551952285822,328.5217005122893,0.013588777332014171,14572180480,16.700464,12.92,1.3723034,1.84
2024-10-04,365.19948424426514,386.0467149061694,356.3928966024055,368.7320556640625,394188,0,376.14053497314455,350.3556610107422,370.49788543437313,354.49970283708376,324.90514145525884,50.95066016698813,4.8390225569483505,7.881451456098867,-3.042428899150517,392.62767594653275,376.14053497314455,359.65339399975636,17.312806114139782,49.66388579827427,51.35720990065517,20148442.0,-74.10469909013433,-72.77718885589057,328.6883156739687,-0.045942248860476764,14572180480,16.700464,12.92,1.3723034,1.84
2024-10-07,371.96611663252605,382.116087349901,352.36278349700905,357.1889953613281,370316,0,375.5633819580078,351.21741271972655,369.2303720940831,354.6051652890149,325.22637383243364,45.17021697359821,3.2670387589377015,6.958568916666634,-3.6915301577289323,393.76636118290077,375.5633819580078,357.3604027331149,18.201413095479225,24.916047019396633,41.36323568295451,19778126.0,-137.77732902090068,-89.52481787422802,328.8194228956978,-0.02494290319881166,14572180480,16.700464,12.92,1.3723034,1.84
2024-10-08,358.03479663142866,375.5982294163814,349.2779818823755,374.0060729980469,319641,0,375.3444625854492,352.3368933105469,369.6852007516035,355.365985199173,325.711743973385,53.45528284303678,3.3397295690215856,6.2348010471376245,-2.895071478116039,393.51174348722066,375.3444625854492,357.17718168367776,18.781329841088272,41.063889485952544,38.547940767874515,20097767.0,-102.11096784219986,-40.692071436811325,328.93951261570464,-0.04575190328196765,14572180480,16.700464,12.92,1.3723034,1.84
2024-10-09,376.9415865319308,389.3802612507493,373.1602415645533,383.3599548339844,394947,0,375.43153381347656,353.65937377929686,370.9875582832588,356.4637879299499,326.28535801179896,57.318467572506705,4.104800070170427,5.808800851744185,-1.7040007815737583,393.7344463657279,375.43153381347656,357.12862126122525,18.598379115738826,55.522865542584476,40.50093401597791,20492714.0,68.10194438757806,-15.012379624268371,329.1486480831493,0.0020709393940761644,14572180480,16.700464,12.92,1.3723034,1.84
2024-10-10,385.1013703740782,385.9969488827719,377.2401340033212,379.4790954589844,208776,0,375.96142120361327,354.92911437988283,371.7962761095184,357.36634900951987,326.81464893167146,55.26883460673013,4.347851708447479,5.5166110230848435,-1.1687593146373647,394.08789489891495,375.96142120361327,357.8349475083116,17.895410241718245,75.8502927787377,57.47901593575826,20283938.0,51.13712551408282,-24.689783093909043,329.25632741274177,0.04205295296135258,14572180480,16.700464,12.92,1.3723034,1.84
2024-10-11,377.14060516660857,383.6584583594163,373.7572918270759,381.5190124511719,173594,0,376.2773635864258,356.2724914550781,372.7222509991997,358.3135122817415,327.35897095674113,56.15631315964203,4.6514570345831885,5.343580225384512,-0.6921231908013237,394.5593556031759,376.2773635864258,357.9953715696757,17.32439283390554,80.23161327926641,70.53492386686288,20457532.0,34.31970746620516,-19.602997444023373,329.34334381618964,0.03744932112081112,14572180480,16.700464,12.92,1.3723034,1.84
2024-10-14,386.09644717261904,388.0866350446428,372.3641630027975,386.593994140625,359247,0,375.9987365722656,357.66164245605466,374.0433693936211,359.42255078601147,327.9483741725012,58.369247760001976,5.241158242143513,5.323095828736312,-0.08193758659279915,393.45479922301104,375.9987365722656,358.5426739215202,17.20996992018695,82.91977245423766,79.66722617074728,20816779.0,70.5040232923084,-6.947902099354627,329.53209696878616,0.03665981109813192,14572180480,16.700464,12.92,1.3723034,1.84
2024-10-15,388.98220259976114,395.0522815126962,380.12587289130965,382.215576171875,439678,0,375.31212158203124,359.00999450683594,374.82167480107387,360.3163949187904,328.48834633169895,55.75462042733502,5.294171051219109,5.317310873232872,-0.023139822013762412,390.5096394390557,375.31212158203124,360.11460372500676,17.046858398844062,72.29004117075908,78.48047563475441,20377101.0,122.05234235546841,-28.043477332241306,329.7762575390119,-0.025363905620750856,14572180480,16.700464,12.92,1.3723034,1.84
2024-10-16,382.1160613695087,383.3101862084309,370.3739653808173,373.1104736328125,248307,0,374.5110717773438,360.3085919189453,374.65870326123945,360.8181234958109,328.9323475983767,50.671379061630816,4.549039903632661,5.16365667931283,-0.6146167756801688,388.33758254349556,374.5110717773438,360.684561011192,16.753241429470457,49.18727879977656,68.13236414159113,20128794.0,10.623103401063245,-47.93477575208938,329.8882775785892,-0.033084858748336846,14572180480,16.700464,12.92,1.3723034,1.84
2024-10-17,374.90163544339305,378.08594814373765,361.41812493557086,372.015869140625,200201,0,374.4538543701172,361.5136511230469,374.4070047735619,361.2572507759997,329.361039355016,50.08024850179847,3.8260879065327913,4.896142924756822,-1.0700550182240303,388.31168790597957,374.4538543701172,360.59602083425483,16.747140127948764,28.672871019416466,50.050063663317395,19928593.0,-52.055273169498825,-50.32608375904453,329.96818125067375,0.017041007987209818,14572180480,16.700464,12.92,1.3723034,1.84
2024-10-18,366.791641280912,373.3592675182612,362.9107808940695,371.36907958984375,104961,0,374.64292297363284,362.5545196533203,374.11767856558873,361.65379308242495,329.77902980511374,49.71121523317089,3.164474635163913,4.54980926683824,-1.3853346316743274,388.22124890633125,374.64292297363284,361.0645970409344,16.297236306251833,24.061150176463794,33.97376666521897,19823632.0,-66.66113098992365,-51.73908091247955,330.00861472749,0.06402315528762204,14572180480,16.700464,12.92,1.3723034,1.84
2024-10-21,373.9562766247753,379.1307770678569,364.5028845456555,367.7867126464844,117110,0,373.94386901855466,363.55359375,373.5147294304359,361.8942997319959,330.15721570403286,47.61823975937911,2.3242814084370025,4.104703695157992,-1.7804222867209898,387.42218502634137,373.94386901855466,360.46555301076796,16.177997464533945,26.676538881456647,26.470186692445665,19706522.0,-44.997018371222275,-59.56523439225105,330.0550772965779,0.017996015178236183,14572180480,16.700464,12.92,1.3723034,1.84
2024-10-22,367.786725781838,368.0852418162765,343.8546983376827,346.1434326171875,250327,0,372.56566467285154,363.8580926513672,370.90793925774557,361.27661866867004,330.31628253898964,37.378862705853706,-0.08700663658856911,3.26636162880868,-3.353368265397249,390.6937890694069,372.56566467285154,354.4375402762962,16.753179322681078,18.107180981416803,22.948290013112445,19456195.0,-225.68256020733892,-95.52960484153908,330.110506545485,-0.002145470506474448,14572180480,16.700464,12.92,1.3723034,1.84
2024-10-23,345.14832509883075,361.8161479146679,342.11327048478574,355.9948425292969,364815,0,371.6053985595703,364.4909716796875,369.48764433122665,361.0694901926162,330.5717905985947,43.350037942847244,-1.1893334408524083,2.3752226148764626,-3.564556055728871,391.05972356013945,371.6053985595703,352.15107355900113,16.963872044624015,20.745233844117806,21.842984568997114,19821010.0,-187.85051741865735,-73.7781802588029,330.1929840065634,0.03551353849771261,14572180480,16.700464,12.92,1.3723034,1.84
2024-10-24,356.19390160222,374.4538518057702,348.3326348810719,365.05023193359375,339284,0,371.15511932373045,365.5597033691406,369.0650336266902,361.2255977118702,330.9148596666046,48.23610309222051,-1.3170588940969878,1.6367663130817725,-2.9538252071787605,390.7778838537802,371.15511932373045,351.53235479368067,17.617968107486465,35.087763358571806,24.646726061368835,20160294.0,-83.46678009751466,-56.67285617270937,330.29982862445513,0.00874230829131243,14572180480,16.700464,12.92,1.3723034,1.84
2024-10-25,362.4132378815514,365.5975203811828,347.2380547611513,355.8456115722656,260199,0,370.2470962524414,366.576689453125,367.8060410500783,361.01461786325825,331.16292684974553,44.07476441205018,-2.1363911852167803,0.8821348134220618,-3.018525998638842,390.9112072267267,370.2470962524414,349.5829852781561,17.670932215525394,45.519790721504116,33.78426264139794,19900095.0,-129.9653287382659,-74.06007248560059,330.36519459904997,0.024396927743185946,14572180480,16.700464,12.92,1.3723034,1.84
2024-10-28,355.8455922786434,370.1251961207907,347.13852046853606,352.4125061035156,383655,0,369.37389984130857,367.25633850097654,366.3399901027866,360.6772801471899,331.3743654492855,42.59864141897193,-3.027837818954879,0.10014028694667354,-3.1279781059015526,391.45426753686814,369.37389984130857,347.293532145749,18.050628175291767,43.6351734348809,41.41424250498564,19516440.0,-110.63223385809819,-80.5450925154232,330.4622039678116,-0.014286058288024648,14572180480,16.700464,12.92,1.3723034,1.84
2024-10-29,355.2485403761078,367.0901523150733,353.50712596249946,358.0845642089844,332003,0,368.7892822265625,367.9857421875,365.5537590652816,360.5756050123583,331.6401385712726,45.82680269045363,-3.2392875227982927,-0.5677452750023197,-2.6715422477959727,391.4085850864448,368.7892822265625,346.16997936668014,17.809700892167903,39.4425778977622,42.865847351382435,19848443.0,-77.29419783494626,-69.83076673688093,330.5551648253006,-0.04950701408589261,14572180480,16.700464,12.92,1.3723034,1.84
2024-10-30,368.1847540501402,390.6738829386661,365.4482457430108,381.2702331542969,1646941,0,368.8664016723633,369.15099670410154,367.0505661213783,361.38715905714025,332.13397035816837,56.57700165574683,-1.5184692549834722,-0.7578900709985502,-0.760579183984922,391.6443179876577,368.8664016723633,346.08848535706886,18.865387880561748,53.21027478360666,45.42934203874995,21495384.0,78.21674361887383,-26.033822866719525,331.3129684097717,-0.00876739348101714,14572180480,16.700464,12.92,1.3723034,1.84
2024-10-31,386.7432455891967,410.47624163358233,384.20576824260434,407.19244384765625,1867950,0,370.96853790283205,370.35307067871094,370.87360209530954,363.1834447351997,332.8808208406508,64.95118495038582,1.914923337845778,-0.22332738922968454,2.1382507270754623,399.11408676658715,370.96853790283205,342.82298903907696,19.60400363761344,74.20002413978483,55.61762560705126,23363334.0,200.416909345467,-4.803474352773049,332.5180481065629,0.16843058731911406,14572180480,16.700464,12.92,1.3723034,1.84
2024-11-01,419.929637041332,428.885482381076,417.9394491880555,425.6016845703125,738376,0,373.81201934814453,371.5790264892578,376.0858004262622,365.6312188463806,333.8034164996524,69.45618191571049,6.0516242207831965,1.0316629327728917,5.019961288010305,410.63302077830576,373.81201934814453,336.9910179179833,19.75322041588532,89.73278719599136,72.38102870646098,24101710.0,263.40115800707196,-3.7843887334441293,333.1434455197577,0.20171004185444372,14572180480,16.700464,12.92,1.3723034,1.84
2024-11-04,422.0690775723016,423.7607493733354,409.9786925901205,411.0235290527344,623485,0,376.50374603271484,372.58307556152346,379.41320315259287,367.4113094427082,334.5717758285388,62.59481122987275,8.060735022585106,2.4374773507353344,5.623257671849772,415.854462439763,376.50374603271484,337.1530296256667,19.458204099050082,89.03399755155557,84.32226962911062,23478225.0,179.1761706705444,-20.584877275792078,333.61207831203825,0.16652174722970323,14572180480,16.700464,12.92,1.3723034,1.84
2024-11-05,407.04317530110967,426.3977651181429,406.9934327498726,411.9689025878906,941830,0,378.40188751220705,373.79808532714844,382.51374595595456,369.15866603663693,335.341896492811,62.85110111548005,9.61837886699982,3.8736576539882313,5.744721213011588,420.6437495594966,378.40188751220705,336.1600254649175,19.454356118280096,81.8733123002704,86.88003234927248,24420055.0,153.33164029911038,-19.495388469990797,334.31160099215316,0.08214354614848762,14572180480,16.700464,12.92,1.3723034,1.84
2024-11-06,417.93944466258665,436.4481975712153,410.5259828422625,430.62689208984375,830841,0,380.765234375,375.4061566162109,387.09595034965827,371.5691847053901,336.29000590173666,67.57333970219774,12.217530570135864,5.542432237217758,6.675098332918106,428.7507218682017,380.765234375,332.77974688179825,19.916346019042432,79.49803173535467,83.46844719572692,25250896.0,163.75532888064882,-6.170890953292496,334.99954907146866,0.1128300101735729,14572180480,16.700464,12.92,1.3723034,1.84
2024-11-07,429.3333018780416,430.7761699016422,413.6605719828935,417.0936279296875,524067,0,382.64596099853514,376.79630310058593,389.9528720239468,373.3544569886959,337.0940220413183,61.46974369314269,13.035095241353758,7.0409648380449585,5.9941304033088,433.16405760184034,382.64596099853514,332.12786439522995,19.71629258330717,65.49367375147985,75.62167259570168,24726829.0,121.17539620661849,-20.51686500355819,335.4029220395456,0.08981023063551971,14572180480,16.700464,12.92,1.3723034,1.84
2024-11-08,419.68086205611706,419.68086205611706,403.0627813936522,404.6549377441406,352357,0,383.8027572631836,378.0531066894531,391.3530687592033,374.5819268222428,337.7662699587593,56.42500390788272,12.53482908301811,8.139737687039588,4.395091395978522,435.21628060968516,383.8027572631836,332.38923391668203,19.494991731818434,42.63889307209287,62.54353285297583,24374472.0,74.69444207424095,-33.70253288895398,335.63602709142106,0.05324781408626907,14572180480,16.700464,12.92,1.3723034,1.84
2024-11-11,406.7943877935885,423.21343769334896,399.4804716779808,407.4412231445313,485165,0,384.8451187133789,379.15368103027345,392.88527393875836,375.8705266780188,338.45955307503567,57.27093767628183,12.222303388820308,8.956250827395731,3.2660525614245763,437.2779474232011,384.8451187133789,332.4122900035567,19.797704180643418,20.197958857702023,42.77684189375828,24859637.0,69.12337773087425,-30.74892335487559,335.95854471376,0.011857478272063779,14572180480,16.700464,12.92,1.3723034,1.84
2024-11-12,409.8294611267023,417.44192398880256,405.9983432358318,408.2373046875,255782,0,386.14620513916014,379.969658203125,394.34737210530517,377.1398120901553,339.15385906122935,57.524656415396194,11.90166664734869,9.545333991386324,2.356332655962367,439.5361498581628,386.14620513916014,332.7562604201575,19.200981078666803,16.66370810249113,26.50018667742871,25115419.0,63.41282292228659,-31.58772240468552,336.12862724235464,0.026861169381636938,14572180480,16.700464,12.92,1.3723034,1.84
2024-11-13,407.9387828085602,408.98361932392345,385.797942103068,389.6788024902344,302029,0,386.97462158203126,380.4691955566406,393.9027464276794,377.6315372038839,339.65659481674186,50.0617909081295,10.034373678637735,9.643141928836606,0.39123174980112907,440.0429821325004,386.97462158203126,333.9062610315621,19.485602231680275,17.950138525262286,18.270601828485184,24813390.0,18.888258787831575,-52.36766787009005,336.2862080570567,0.02144887782439371,14572180480,16.700464,12.92,1.3723034,1.84
2024-11-14,394.4054959373957,407.4909753986023,383.4096894916395,386.9422912597656,383195,0,387.72094268798827,380.91499755859377,393.23984593549716,377.99666481391847,340.127099258961,49.05128019140595,8.238745828030346,9.362262708675354,-1.123516880645008,440.3447991113937,387.72094268798827,335.09708626458286,19.813865351343313,13.730378426250944,16.114741684668157,24430195.0,10.282390016566653,-55.431738102168694,336.47743437835595,-0.00818605567294872,14572180480,16.700464,12.92,1.3723034,1.84
2024-11-18,385.1013517936428,392.067009319626,375.0508970040099,387.8378601074219,289414,0,388.5443817138672,381.0911291503906,392.7253710947281,378.38259404111466,340.60183319775166,49.41117498257254,6.8094674391563785,8.851703654771558,-2.04223621561518,440.63165565035047,388.5443817138672,336.45710777738395,19.614025848791364,14.684319772085706,15.454945574533015,24719609.0,-13.551894045885962,-58.608282387667174,336.6014915394138,-0.0009144949481987501,14572180480,16.700464,12.92,1.3723034,1.84
2024-11-19,390.07683261984647,403.5106010901728,390.07683261984647,394.853271484375,230542,0,389.89770965576173,381.6135534667969,392.92802827469444,379.0285029604582,341.1416485040862,52.25627434851905,6.171695621087167,8.31570204803468,-2.144006426947513,441.1572685015621,389.89770965576173,338.63815080996136,19.33250550121705,27.37941660195342,18.598038266763393,24950151.0,15.46648555930321,-58.58444268734959,336.7225527533809,-0.0010870883426111482,14572180480,16.700464,12.92,1.3723034,1.84
2024-11-21,395.9976517478316,408.9836157202739,386.2954856814747,398.6843872070313,218728,0,392.5247573852539,382.0195520019531,393.476252934917,379.79932195051987,341.7142130682946,53.78484007523251,5.90730020165978,7.8340216787597,-1.9267214770999201,439.77399698356265,392.5247573852539,345.27551778694516,19.572192968187203,47.63709453199209,29.900276968677108,25168879.0,15.738760625258816,-61.50728128974953,336.84050020237385,0.018537841088833867,14572180480,16.700464,12.92,1.3723034,1.84
2024-11-22,403.4608579290696,417.6409468485232,396.3459118260752,411.8196411132813,248338,0,395.3159973144531,382.62357421875,395.2232422852374,381.05502074121637,342.41177951650343,58.67052630071413,6.680659655294676,7.603349274066695,-0.9226896187720195,440.13673060818564,395.3159973144531,350.4952640207206,19.695253114920117,67.56448388471414,47.52699833955325,25417217.0,46.243209574955536,-40.11341904352231,336.9970156523851,0.015470642460582088,14572180480,16.700464,12.92,1.3723034,1.84
2024-11-25,422.9149323005194,422.9149323005194,401.0228652167278,403.9584045410156,212650,0,397.2614059448242,383.32511535644534,396.05516250007344,381.95319265493396,343.02418374560307,54.92794260800221,6.583327994625051,7.399345018178367,-0.8160170235533153,439.98721317824584,397.2614059448242,354.5355987114026,19.852168398410942,72.12496709809088,62.44218183826573,25204567.0,43.722612636786515,-52.91729885524268,337.1317955706388,-0.006875862512494826,14572180480,16.700464,12.92,1.3723034,1.84
2024-11-26,405.74954272592817,410.9737857653178,401.0725891911416,403.1622924804688,167134,0,399.6272399902344,383.88435791015627,396.73203202201586,382.7849220598569,343.6225728872435,54.54845117037214,6.368539799873076,7.193183974517309,-0.8246441746442326,437.9288901962638,399.6272399902344,361.32558978420496,19.14138469667989,64.26217274562701,67.98387457614405,25037433.0,19.749519724812565,-54.21395530950388,337.23118755989503,-0.014217073695154122,14572180480,16.700464,12.92,1.3723034,1.84
2024-11-27,403.41106791393554,415.2029369050005,403.41106791393554,411.07330322265625,238916,0,402.5602798461914,384.26249328613284,398.0978673744578,383.894270340751,344.2937244328695,57.67756760426019,6.758760278576688,7.1062992353291845,-0.3475389567524969,434.3873402009261,402.5602798461914,370.73321949145674,18.63418896295502,58.039250480585316,64.80879677476777,25276349.0,35.287708934534095,-41.329006510284174,337.38283534213264,0.011230958486480046,14572180480,16.700464,12.92,1.3723034,1.84
2024-11-28,411.9689036227215,414.3073805260356,403.958409310534,408.0880432128906,162288,0,405.0604537963867,384.5052966308594,399.04931269240376,384.8430457475016,344.92849377396425,56.10781481394401,6.749325265060236,7.034904441275395,-0.28557917621515916,429.5237256335395,405.0604537963867,380.59718195923386,18.042387695279775,52.63917493899799,58.313532721736806,25114061.0,19.95817186361824,-40.71424958372091,337.48391138930594,0.018448408723605605,14572180480,16.700464,12.92,1.3723034,1.84
2024-11-29,410.8742905390276,425.0046369363496,406.1973671417252,422.31787109375,538331,0,407.1128356933594,385.1690246582031,401.26536587348437,386.3126467414721,345.698537329385,61.48827547490527,7.800160737672229,7.187955700554761,0.6122050371174677,430.0904629400845,407.1128356933594,384.1352084466343,18.09702213094725,66.88481976505034,59.18774839487791,25652392.0,80.55471048190508,-5.378507887975357,337.85947735618754,0.01698458922511058,14572180480,16.700464,12.92,1.3723034,1.84
2024-12-02,423.9597604378403,427.5918776083968,405.5007800220176,407.5407104492188,363421,0,407.1302490234375,385.85663452148435,401.86301773784004,387.14511982805044,346.3138823355525,54.07507989268119,7.355769324483447,7.2215184253404985,0.1342508991429483,430.1086190453269,407.1302490234375,384.1518790015481,18.38231323490668,52.460569160317725,57.32818795478872,25288971.0,42.43308042449588,-38.162910034274944,338.09752827140653,-0.18922440860452477,14572180480,16.700464,12.92,1.3723034,1.84
2024-12-03,409.7796707025596,412.8147254281101,405.1027474240178,407.490966796875,283462,0,406.22471313476564,386.6546997070312,402.39901288631955,387.94299617976907,346.92260954412285,54.05145597608949,6.9198048282142395,7.161175705915246,-0.24137087770100685,427.59087201066296,406.22471313476564,384.8585542588683,17.62014643270565,43.35311704315263,54.23283532284026,25005509.0,6.777020027569111,-38.25758594586167,338.2697470282732,-0.2531728345472372,14572180480,16.700464,12.92,1.3723034,1.84
2024-12-04,407.6402189195396,410.6752736012055,397.1419901935531,402.0179443359375,266566,0,405.7744338989258,387.05970275878906,402.36272064342603,388.49495493099136,347.47082183060854,51.39123315882911,6.062784643903342,6.941497493512865,-0.8787128496095233,427.0966146844755,405.7744338989258,384.45225311337606,17.328227645201846,19.091920930150128,38.30186904454019,24738943.0,-34.22492663154014,-48.674259555643005,338.4190139629164,-0.20326145455704914,14572180480,16.700464,12.92,1.3723034,1.84
2024-12-05,404.2071826976159,406.9934336660348,391.0719301485371,395.0025634765625,370233,0,404.9261169433594,387.4856036376953,401.66175329420093,388.7501552661118,347.9437744838021,48.121879482956956,4.762606999106765,6.505719394631646,-1.7431123955248804,426.54298944690964,404.9261169433594,383.3092444398091,17.227747350365835,14.549495751116723,25.664844574806523,24368710.0,-73.73458215121549,-62.02646725842283,338.60742966886863,-0.18017412295429278,14572180480,16.700464,12.92,1.3723034,1.84
2024-12-06,398.037575317822,399.9780206446391,389.031987323399,393.16162109375,307642,0,403.0528533935547,387.8448327636719,400.852216894158,388.92315392601915,348.39370330579163,47.27201321814526,3.542818773937995,5.913139270492915,-2.3703204965549203,421.7297753942416,403.0528533935547,384.3759313928678,16.77905349114257,12.495227639817719,15.378881440361553,24061068.0,-93.36775461971303,-65.53028915446637,338.7535143454628,-0.28137301293264544,14572180480,16.700464,12.92,1.3723034,1.84
2024-12-09,393.0621061871765,399.0326698254628,382.4145888850899,390.5743713378906,474468,0,401.72689056396484,388.1752038574219,399.87337446022775,388.9879075500141,348.8134114454145,46.0413508843074,2.340379941512822,5.198587404696896,-2.8582074631840744,419.9891067133192,401.72689056396484,383.4646744146105,16.767555451801876,16.104635704152155,14.38311969836223,23586600.0,-109.0495745050516,-81.93830864269843,338.9636224524914,-0.23400365417597957,14572180480,16.700464,12.92,1.3723034,1.84
2024-12-10,391.7684821422456,395.4005688181845,375.3991752747084,378.2351989746094,466667,0,400.4059036254883,388.2597863769531,397.8125958425498,388.5662327039198,349.1061655501826,40.61118792392786,0.3873057966272313,4.2363310830829635,-3.849025286455732,421.26700943048263,400.4059036254883,379.54479782049395,16.998543886921464,15.19681191318989,14.598891752386619,23119933.0,-148.19170565133254,-94.5662447562704,339.13824750624576,-0.23763337780374652,14572180480,16.700464,12.92,1.3723034,1.84
2024-12-11,379.1307873711237,402.0179477636062,376.742568012436,396.9429626464844,413210,0,399.88099060058596,388.8011169433594,397.7297736334007,388.89473191735374,349.5821535809916,50.20092331003472,0.3450629754946135,3.4580774615652934,-3.11301448607068,420.5348727676285,399.88099060058596,379.22710843354344,17.589746448653518,34.35656870819728,21.886005441846475,23533143.0,-70.45856022757458,-58.72260601867654,339.32281310887424,-0.17468129983041322,14572180480,16.700464,12.92,1.3723034,1.84
2024-12-12,407.6899896708141,411.670365336166,386.09643953913735,395.4005737304688,466169,0,399.23915405273436,389.31359008789065,397.50794507121674,389.1498629688484,350.03805825909586,49.49136495064234,0.18499483486249346,2.8034609362247336,-2.61846610136224,419.6103165624137,399.23915405273436,378.86799154305504,18.160044973537456,43.79082466758592,31.114735096324395,23066974.0,-21.13964610268691,-61.6777871973679,339.5523720919192,-0.16445673250677942,14572180480,16.700464,12.92,1.3723034,1.84
2024-12-13,392.0670176124568,400.9233477235322,384.6535555129971,397.3410034179688,250978,0,399.6222640991211,389.66585327148437,397.49204586614553,389.47108416293156,350.5087343303284,50.44042284603446,0.21226923154824817,2.2852225952894365,-2.0729533637411883,419.5430497144508,399.6222640991211,379.7014784837914,18.025026919037284,61.27559606238655,46.47432981272328,23317952.0,-48.60127492109817,-57.95996918692255,339.66800218304724,-0.11203828405339096,14572180480,16.700464,12.92,1.3723034,1.84
2024-12-16,398.2863612531479,407.7894965137938,394.8532749115679,400.226806640625,538288,0,400.28648986816404,390.3673950195313,397.7524992732388,389.8928772012725,351.00344151749556,51.88829853877066,0.4614255631629476,1.9204631888641388,-1.4590376257011912,419.3387776084445,400.28648986816404,381.2342021278836,17.661540824979326,61.362620353142916,55.47634702770517,23856240.0,2.0811835789265314,-52.4308375389651,339.94434856517756,-0.08175712446000463,14572180480,16.700464,12.92,1.3723034,1.84
2024-12-17,400.3760570859678,406.84416776468174,395.151813845468,397.291259765625,302075,0,400.75915985107423,390.9385791015625,397.70857170108513,390.18300985085494,351.4640168234471,50.279141147653746,0.4172004248193275,1.6198106360551765,-1.202610211235849,419.00461420487784,400.75915985107423,382.5137054972706,17.235170331710357,62.591912763989406,61.74337639317299,23554165.0,-15.68304964102055,-58.055276864279,340.09532513557144,-0.13329721939734357,14572180480,16.700464,12.92,1.3723034,1.84
2024-12-18,397.2415204389828,415.9492747144013,396.14691101089966,398.7341613769531,549386,0,400.9532043457031,391.769482421875,397.80624690831064,390.5183491263882,351.9343665204969,51.082165471034976,0.4928999415527642,1.394428497154694,-0.9015285556019299,419.02501144397837,400.9532043457031,382.88139724742786,17.41854128683831,57.4246779090037,60.45973700871204,24103551.0,16.979964390036123,-55.29071104030022,340.38554416973557,-0.17668472924090917,14572180480,16.700464,12.92,1.3723034,1.84
2024-12-19,394.05720435143695,404.0081438552611,389.2309926185108,402.5155029296875,251425,0,401.14476013183594,392.3396710205078,398.2547474817751,390.9888257461254,352.4376614101406,53.214687307312346,0.8482370663734287,1.285190210998441,-0.43695314462501234,419.1975185485401,401.14476013183594,383.0920017151318,17.229870568974878,53.63291980947047,57.88317016082123,24354976.0,-31.18496805415163,-48.04574884508992,340.506992822083,-0.1495786547289644,14572180480,16.700464,12.92,1.3723034,1.84
2024-12-20,406.346627458199,406.346627458199,378.1357074229421,385.7979431152344,214452,0,399.8436752319336,392.3884307861328,397.06838516115215,390.7852617213846,352.76960451168384,44.06804475996968,-0.21662593574768607,0.9848269816492156,-1.2014529173969017,418.3759481766987,399.8436752319336,381.3114022871685,18.01423124513788,40.77667903228488,50.61142558358639,24140524.0,-101.05567319643471,-74.3557525524906,340.59509504578506,-0.181108339965185,14572180480,16.700464,12.92,1.3723034,1.84
2024-12-23,386.7432686933558,393.0621215307766,380.1756423612952,382.06634521484375,184059,0,398.749072265625,392.44017578125,395.6396194519799,390.44334342701046,353.0611143694267,42.319497664337796,-1.3461289643837517,0.518635792442622,-1.8647647568263737,418.7108610365232,398.749072265625,378.78728349472675,17.647963239733844,29.24423473200336,41.21794452458628,23956465.0,-131.61578372902062,-83.55819089901142,340.6628608248187,-0.17811325162839625,14572180480,16.700464,12.92,1.3723034,1.84
2024-12-24,382.414591877028,385.9969361615987,375.9464812182793,377.6381530761719,103863,0,397.47286529541014,392.36255859375,393.92519408285534,389.9411790995266,353.3056620182501,40.277154871465534,-2.5689728301962873,-0.09888593208515983,-2.4700868981111275,419.317706180215,397.47286529541014,375.6280244106053,17.10528407570424,11.628952642770265,27.216622135686208,23852602.0,-154.67276999151161,-94.47848998547258,340.6965104462498,-0.1756797042321163,14572180480,16.700464,12.92,1.3723034,1.84
2024-12-26,379.82737047731206,384.4545512421878,372.16513496327815,373.6577758789063,105666,0,395.60208892822266,392.1038342285156,391.9949637777173,389.3026142673454,353.5081706138785,38.47952493779931,-3.8152883096865935,-0.8421664076054466,-2.973121902081147,418.8321378054616,395.60208892822266,372.3720400509837,16.761293518790342,6.330158768014442,15.734448714262728,23746936.0,-156.3785658075214,-96.59090957567604,340.72797871461023,-0.2021413843985027,14572180480,16.700464,12.92,1.3723034,1.84
2024-12-27,374.15531373470645,386.29547169983687,372.6129303066129,383.7082214355469,125731,0,394.38309783935546,392.13368713378907,391.20575022132016,389.08322631315724,353.8086686320046,45.137783073640165,-3.9465222926926913,-1.4630375846228956,-2.4834847080697955,417.42229095992406,394.38309783935546,371.34390471878686,16.541382652678458,14.121894729278196,10.693668713354342,23872667.0,-110.8370380700822,-73.63637486568953,340.7696171897563,-0.1863931505858855,14572180480,16.700464,12.92,1.3723034,1.84
2024-12-30,385.9969466975544,385.9969466975544,371.6675995360029,374.15533447265625,128004,0,391.97497100830077,392.15458435058594,389.5819011023998,388.49781879000034,354.0111230184787,40.635987470716614,-4.766419988182292,-2.123714065334775,-2.6427059228475174,412.79251868131075,391.97497100830077,371.1574233352908,16.38338011759796,16.588235339132797,12.346762945475186,23744663.0,-126.53569059125894,-94.38202162264423,340.808123429451,-0.27471336517824885,14572180480,16.700464,12.92,1.3723034,1.84
2024-12-31,370.1749567046206,378.03619299117406,369.9759257635503,376.69281005859375,107591,0,390.43257598876954,392.2481231689453,388.3543686220373,388.0348772711217,354.23681144673856,42.28264721476993,-5.152052096161356,-2.729381671500091,-2.4226704246612645,410.97776523888433,390.43257598876954,369.88738673865475,15.788872054028372,28.852140055714965,19.85409004137536,23852254.0,-130.58920440611067,-85.38961279017482,340.8383253006822,-0.22433202904192895,14572180480,16.700464,12.92,1.3723034,1.84
2025-01-01,374.35434245005945,381.2204843804492,369.42861543051015,371.8666076660156,144190,0,388.65135803222654,392.25807373046877,386.7841056738448,387.40082748268617,354.4122323046418,40.00947759731224,-5.7804688719499495,-3.3395991115900627,-2.440869760359887,409.149044444309,388.65135803222654,368.15367162014405,15.503371832307707,22.41358915605029,22.61798818363273,23708064.0,-120.76449716786112,-94.75933429784887,340.8778517542765,-0.2257029546358538,14572180480,16.700464,12.92,1.3723034,1.84
2025-01-02,372.7621919787322,380.8224588794039,372.6626765122337,377.3396301269531,144282,0,387.41744232177734,392.44913208007813,385.8846318122361,387.00627072363784,354.6403656163066,43.70555931748258,-5.7703495242228655,-3.8257491941166233,-1.9446003301062422,407.51527474429736,387.41744232177734,367.31960989925733,15.035691788099175,34.17186109021697,28.479196767327455,23852346.0,-88.08273673233526,-82.99462041548853,340.9205921620114,-0.213664675297109,14572180480,16.700464,12.92,1.3723034,1.84
2025-01-03,377.339645860407,386.0964606559767,373.2597545067078,384.5540771484375,244870,0,386.89501800537107,393.21734497070315,385.7579123204457,386.9101062697084,354.9380144872731,48.23318838626895,-5.1211508480878365,-4.084829524910866,-1.0363213231769706,406.7183406041424,386.89501800537107,367.07169540659976,14.878621385325587,50.70113739674508,35.76219588100416,24097216.0,-48.90855391399122,-67.48657058872577,341.001653834334,-0.15089644258909263,14572180480,16.700464,12.92,1.3723034,1.84
2025-01-06,385.1013452657233,385.5491496748027,358.2835520981383,367.9857177734375,352662,0,385.63622283935547,393.45716247558596,384.06532236358777,386.1679733875017,355.0678423806678,40.23071523803161,-5.875851199001033,-4.443033859728899,-1.432817339272134,406.85612203736747,385.63622283935547,364.41632364134347,15.763405398992647,57.51091800529277,47.46130549741832,23744554.0,-117.37347293479502,-83.17515980877869,341.0869924532733,-0.15437600285437328,14572180480,16.700464,12.92,1.3723034,1.84
2025-01-07,369.1301100538506,375.3991897433765,368.7320481826336,371.0207824707031,124881,0,384.6585433959961,393.57657348632813,382.8229852309321,385.57396590056845,355.2265781029567,42.1249878495227,-6.158065957353415,-4.786040279253802,-1.3720256780996127,406.665493455308,384.6585433959961,362.6515933366842,15.166981582631673,57.14204756778938,55.11803432327579,23869435.0,-98.44278347345961,-77.911955673694,341.1182269581795,-0.1705850525386214,14572180480,16.700464,12.92,1.3723034,1.84
2025-01-08,367.33893253303023,373.1602383244635,362.263947218246,368.8315734863281,127660,0,384.18836212158203,393.8362927246094,381.4904698266841,384.91740149216685,355.36195119134845,41.112835690720736,-6.483634750173906,-5.125559173437823,-1.3580755767360824,407.1070944988988,384.18836212158203,361.2696297442653,14.861932262887802,39.534900814676035,51.39595546258611,23741775.0,-111.50001289348171,-78.05379429183384,341.1463085516049,-0.1085430599322421,14572180480,16.700464,12.92,1.3723034,1.84
2025-01-09,367.1896535614391,370.1749352977109,361.51760611538,362.7117309570313,107286,0,382.4768005371094,394.0422772216797,379.7020185057648,384.04659088294585,355.43508332832045,38.33957306697952,-7.153015006143278,-5.531050339978914,-1.6219646661643639,406.4197262538817,382.4768005371094,358.5338748203371,14.418746328562309,33.214110589472206,43.29701965731258,23634489.0,-120.0030793258116,-90.78673425343742,341.1669919586318,-0.18685707700330995,14572180480,16.700464,12.92,1.3723034,1.84
2025-01-10,362.1146867199506,363.7565856837776,343.4069323803716,346.4917297363281,315393,0,380.03135833740237,393.81042053222654,376.53913386105654,382.57385123013734,355.3460947353653,32.149651404129,-8.889845617387437,-6.202809395460618,-2.6870362219268182,407.868801162978,380.03135833740237,352.19391551182673,14.842382541051142,20.38873013638644,31.04591384684494,23319096.0,-188.7593264328113,-93.78756297430925,341.1927622127511,-0.21420976369961983,14572180480,16.700464,12.92,1.3723034,1.84
2025-01-13,346.49173749251406,348.0341210210896,313.9521520576234,321.962646484375,313544,0,376.26244049072267,392.6242687988281,371.34137315851547,380.19694124010744,355.0139211209276,25.456243223074377,-12.106037545242884,-7.383455025417072,-4.722582519825813,412.7668861489995,376.26244049072267,339.75799483244583,16.21663871408079,12.092566065419014,21.898468930425935,23005552.0,-275.0598852729382,-88.92711245990795,341.1591785616982,-0.27958071277588015,14572180480,16.700464,12.92,1.3723034,1.84
2025-01-14,337.78464634640056,337.78464634640056,323.6543004074492,334.2520446777344,137130,0,372.9637023925781,391.1654608154297,367.80905616034585,378.3951805906026,354.8073352856719,32.984279689436484,-13.507534640870347,-8.608270948507727,-4.89926369236262,412.0426527742987,372.9637023925781,333.88475201085754,16.188450224648275,18.21402203531857,16.898439412374724,23142682.0,-211.2609886151813,-71.93950634210918,341.1488913739059,-0.2679500096411386,14572180480,16.700464,12.92,1.3723034,1.84
2025-01-15,337.7348701109956,347.6858093032338,332.3613690207581,344.55126953125,113571,0,370.3267028808594,389.5444525146484,365.5940288623367,377.06796839219663,354.70528488015526,38.582159708142434,-13.63005107060144,-9.612626972926469,-4.01742409767497,409.6005689486394,370.3267028808594,331.05283681307935,16.126735228778802,33.915620504282344,21.407402868340025,23256253.0,-138.658302693341,-57.70291213485931,341.1492442034718,-0.2145238827713122,14572180480,16.700464,12.92,1.3723034,1.84
2025-01-16,345.0985726489055,350.1238153598739,342.163063692145,346.44195556640625,143318,0,367.712092590332,388.25282104492186,363.77002188177187,375.8669482813813,354.6230626979289,39.579923470902955,-13.419887551824445,-10.374079088706065,-3.04580846311838,406.02385709209074,367.712092590332,329.4003280885733,15.54345068870381,51.31506740170656,34.48156998043587,23399571.0,-100.4346460839409,-54.96553485644683,341.1551446162809,-0.12011000326758393,14572180480,16.700464,12.92,1.3723034,1.84
2025-01-17,343.25766393293225,351.2681579370451,343.25766393293225,346.0439147949219,70530,0,364.8885131835938,386.9343212890625,362.08182120683375,374.6974175564221,354.53769804217757,39.434677429374574,-13.134048872994185,-10.926073045563689,-2.207975827430497,400.77092402955367,364.8885131835938,329.0061023376339,15.00538235409017,68.5531733319725,51.26128707932052,23329041.0,-84.21199124316372,-55.51726343936302,341.15839293578387,-0.19380252149948266,14572180480,16.700464,12.92,1.3723034,1.84
2025-01-20,349.67601485590023,359.7264700227776,341.51626252561425,354.4524841308594,248861,0,363.321240234375,385.4108331298828,361.3552176757886,373.9034985985569,354.53685014256246,44.10137556484871,-12.08965635568211,-11.158789707587372,-0.930866648094737,398.1359399830953,363.321240234375,328.50654048565474,15.234298435738255,78.87136823146503,66.24653632171474,23577902.0,-53.65457326338853,-43.862055288779366,341.1799401033153,-0.13118378763433264,14572180480,16.700464,12.92,1.3723034,1.84
2025-01-21,353.7061394704261,365.64726628961137,350.82034286150497,352.1139831542969,139782,0,361.82362213134763,384.111240234375,360.4751001023132,373.04900779682123,354.512742013326,43.10659000365701,-11.320173334771027,-11.191066433024103,-0.1291069017469244,395.8520897543488,361.82362213134763,327.79515450834646,15.20520022090741,76.90721150165639,74.77725102169802,23438120.0,-28.926555923593327,-47.10347657619035,341.19684003282435,-0.1285009651245655,14572180480,16.700464,12.92,1.3723034,1.84
2025-01-22,354.90023600558703,354.90023600558703,331.3662711688201,341.7650146484375,176554,0,360.02996520996095,382.85344177246094,358.6931872019441,371.8221845361003,354.38589895496887,38.92231523057571,-11.413855938971665,-11.235624334213615,-0.1782316047580501,394.3157852700477,360.02996520996095,325.7441451498742,15.80011197918309,58.35182814067178,71.37680262459777,23261566.0,-80.20970930795113,-61.44829282978404,341.1989416793183,-0.11138382542909826,14572180480,16.700464,12.92,1.3723034,1.84
2025-01-23,338.33195085138937,343.30742071685097,334.45109042990094,336.1925048828125,60113,0,358.1567016601563,381.42846740722655,356.55026507631254,370.42494219675564,354.204870158231,36.84820732112561,-11.801712251897015,-11.348841917750295,-0.45287033414671996,393.3416764381568,358.1567016601563,322.97172688215574,15.304127572595013,34.58486261194264,56.61463408475698,23201453.0,-90.46324325138073,-68.93675214691872,341.1973882255042,-0.09982285295991498,14572180480,16.700464,12.92,1.3723034,1.84
2025-01-24,337.63536242229463,342.809863068586,321.2163123769197,325.29620361328125,130481,0,355.236100769043,379.7696453857422,353.5736877941191,368.65518774250177,353.9172217348982,33.130512136666404,-12.840316447320788,-11.647136823664393,-1.1931796236563947,391.14221787573,355.236100769043,319.32998366235597,15.753372081100107,17.86494633845052,36.93387903035502,23070972.0,-114.42926399226512,-81.53848910720059,341.1854209652996,-0.14752519136988823,14572180480,16.700464,12.92,1.3723034,1.84
2025-01-27,320.3705024778411,321.66411243795085,305.543578646586,318.5793151855469,122421,0,352.4572998046875,378.34765563964845,350.2408904028265,366.69142803438586,353.5656007742081,31.050796868315345,-14.043529449967025,-12.126415348924919,-1.917114101042106,390.60856205847955,352.4572998046875,314.3060375508955,16.039033001499757,14.98324732024705,22.477685423546784,22948551.0,-156.8822238314369,-80.72111724970964,341.1599659549409,-0.09991699188813183,14572180480,16.700464,12.92,1.3723034,1.84
2025-01-28,330.37117959766783,360.2737395797721,324.20158518093035,335.3466491699219,3234978,0,350.3899917602539,377.31574279785156,348.82239123778794,365.4622210200932,353.38431767366797,41.00627483421629,-13.488612374084767,-12.398854753956888,-1.0897576201278785,387.531702045739,350.3899917602539,313.2482814747688,17.871560958123005,28.44195106344247,20.430048240713393,26183529.0,-49.561493188921666,-53.887598732902106,341.12912767772553,-0.2541563620902251,14572180480,16.700464,12.92,1.3723034,1.84
2025-01-29,332.4111300061218,353.25836091725523,331.3662934801295,347.984375,557369,0,349.1958801269531,376.51867309570315,348.7425801675224,364.776815293815,353.33058690079565,47.19495296214185,-11.891994229907766,-12.297482649147064,0.40548841923929757,385.0108410344644,349.1958801269531,313.3809192194418,18.158739992337484,51.22961537560017,31.551604586429942,26740898.0,-26.15974575968867,-29.3873670356415,341.1424643354863,-0.18447679382534773,14572180480,16.700464,12.92,1.3723034,1.84
2025-01-30,347.9843579701327,347.9843579701327,329.4756048782382,334.2023010253906,223701,0,347.039013671875,375.30565368652344,347.3577916777956,363.57781473426894,353.1402556980553,42.018174434250234,-11.604985981248944,-12.15898331556744,0.5539973343184954,380.9602530836172,347.039013671875,313.1177742601328,18.183742144439222,61.45459075038784,47.04205239647687,26517197.0,-53.43351133002063,-52.31786350778051,341.1356471555442,-0.2011660750221098,14572180480,16.700464,12.92,1.3723034,1.84
2025-01-31,333.30673085025126,344.89956929941815,330.27167608066543,338.481201171875,181766,0,344.73536987304686,374.1015899658203,346.5124021058032,362.5936338102535,352.99439445898884,44.06941067903893,-10.906534652451967,-11.908493582944345,1.0019589304923784,374.10533101786666,344.73536987304686,315.36540872822707,17.929752935461615,63.363685570323135,58.68263056543709,26698963.0,-44.78532923212805,-45.198666143555364,341.1310610443256,-0.2268073382396692,14572180480,16.700464,12.92,1.3723034,1.84
2025-02-01,338.48120389867734,351.61645629757305,333.55550702498465,346.44195556640625,164675,0,343.65818176269534,372.7940362548828,346.5056929115749,361.9602346634359,352.9291960620477,47.771430061290026,-9.599978022606251,-11.446790470876726,1.8468124482704749,371.0519772681697,343.65818176269534,316.26438625722096,17.93912410239924,58.06691766133403,60.96173132734838,26863638.0,-3.2048584053544236,-31.953631260150757,341.13455816728634,-0.20748278493653952,14572180480,16.700464,12.92,1.3723034,1.84
2025-02-03,344.45175354713973,346.2429408197596,331.3662746026196,335.3963928222656,177899,0,341.87696228027346,371.4227960205078,345.4476643316407,360.9185153755469,352.75474030841804,43.47194297063876,-9.34804859678843,-11.027042096059066,1.6789934992706357,366.4052746685237,341.87696228027346,317.3486498920232,17.734592449641195,48.91079267486682,56.78046530217471,26685739.0,-37.19914821552591,-50.33114381768913,341.1297861689549,-0.2121323876299021,14572180480,16.700464,12.92,1.3723034,1.84
2025-02-04,341.3172120328347,358.73135550389765,336.1427115400049,356.1938781738281,212430,0,341.2450775146484,370.483427734375,346.47111326899187,360.73323548528344,352.7889605856858,52.19603078637519,-7.385078863652211,-10.298649449577695,2.913570585925484,363.50997361308697,341.2450775146484,318.98018141620986,18.134618894783397,59.292366197693156,55.42335884463139,26898169.0,71.00216686698997,-15.728466066724355,341.14492946966317,-0.1892314494657541,14572180480,16.700464,12.92,1.3723034,1.84
2025-02-05,353.30810459113053,369.1798656806072,350.42233812973245,361.1195983886719,260194,0,341.1654708862305,369.48435363769534,347.86620708991376,360.7483869716908,352.87185250412347,54.00651958079953,-5.370044225240008,-9.312928404710158,3.94288417947015,363.13217576894647,341.1654708862305,319.1987660035145,18.179112370218494,65.16858224869655,57.79058037375222,27158363.0,159.16552659004637,-12.666149562789753,341.18324210495683,-0.16872902255647396,14572180480,16.700464,12.92,1.3723034,1.84
2025-02-06,362.9107694840573,366.19456731555954,350.0242909055654,355.19879150390625,131520,0,341.6008239746094,368.42656860351565,348.56454846267496,360.53075577687576,352.8950061260119,51.48252974348926,-4.202431377117819,-8.29082899919169,4.088397622073872,364.3052509658839,341.6008239746094,318.8963969833349,18.035624087345326,77.87892472752827,67.44662439130603,27026843.0,125.49656240569593,-21.97028586728572,341.19940744093105,-0.14793736992432058,14572180480,16.700464,12.92,1.3723034,1.84
2025-02-07,355.74609054301754,363.3088107092519,343.1581580281439,345.1483459472656,312992,0,342.7601089477539,366.88317810058595,348.2391958421598,359.92752401885184,352.81792493020345,47.43036596885235,-4.041488974963613,-7.440960994346075,3.399472019382462,363.6287605047683,342.7601089477539,321.8914573907395,18.186697558328373,59.58586886317914,67.5444586131347,26713851.0,64.82040113045758,-37.76386218211293,341.2218699781305,-0.16045043725964767,14572180480,16.700464,12.92,1.3723034,1.84
2025-02-10,345.2975961595448,351.26815978190007,330.5702180382113,333.0579528808594,112890,0,342.70040435791014,365.3935229492188,346.7933631791788,358.8738153467737,352.6213082928965,43.04148185190654,-4.833813446095007,-6.919531484695861,2.085718038600854,363.67265493338664,342.70040435791014,321.72815378243365,18.366072142996973,35.30567506394096,57.59015621821616,26600961.0,-44.56779609366954,-56.763074156787845,341.2193363359133,-0.18379842103676658,14572180480,16.700464,12.92,1.3723034,1.84
2025-02-11,333.0579607933779,335.197406735311,310.618573758882,315.09649658203125,196800,0,341.22766571044923,363.5456335449219,343.77461397945046,357.1570577481564,352.2479270818431,37.49122503691231,-6.832317013456645,-6.9020885904480185,0.06977157699137315,365.3703553333456,341.22766571044923,317.0849760875529,18.809840773956402,16.845752460098687,37.2457654624063,26404161.0,-170.52036455590098,-84.98825374532291,341.18778061700857,-0.20958896134814994,14572180480,16.700464,12.92,1.3723034,1.84
2025-02-12,310.5190477752921,329.7741213364427,304.10071016681303,321.16656494140625,258369,0,339.9638961791992,361.92860595703127,341.62146645201767,355.7456658733819,351.93865979686365,40.29333637184802,-7.8360130217419055,-7.088873476706796,-0.7471395450351093,365.489036680045,339.9638961791992,314.4387556783534,19.300095802218777,13.857940742638283,22.003122755559346,26662530.0,-156.73082137951005,-73.77677285474924,341.14262821219137,-0.19546764967915897,14572180480,16.700464,12.92,1.3723034,1.84
2025-02-13,321.1665834340162,327.18688989191014,314.5989570640402,318.03204345703125,126969,0,338.5633026123047,360.38919555664063,339.3748547382094,354.26670028842693,351.60128052980065,39.31329106524128,-8.783132542408453,-7.427725289847127,-1.3554072525613252,365.62793000159445,338.5633026123047,311.49867522301497,18.82065558976529,19.55332056999895,16.752337924245342,26535561.0,-127.52841134683344,-78.59324820638562,341.1220497862299,-0.19905404697541765,14572180480,16.700464,12.92,1.3723034,1.84
2025-02-14,318.479805100985,319.2261255600886,300.21985549587026,305.7426147460937,112068,0,336.12780914306643,358.6408154296875,336.17178426276985,352.3637949730413,351.1449753976245,35.65194118407919,-10.40543835984414,-8.02326790384653,-2.38217045599761,365.68645989885397,336.12780914306643,306.5691583872789,18.833913766511934,20.6106990435743,18.007320118737216,26423493.0,-172.2102731961615,-91.9913595786478,341.0940399186658,-0.22500149845189307,14572180480,16.700464,12.92,1.3723034,1.84
2025-02-17,305.7426233529853,312.8575391898249,299.2745125253387,308.7279052734375,174122,0,333.95850524902346,357.00388610839843,333.5580815018811,350.6525836122725,350.7229149983788,37.182403834396474,-11.319752352977503,-8.682564793672725,-2.6371875593047776,364.8442578134874,333.95850524902346,303.07275268455953,18.45885040208152,20.221306335823304,20.12844198313222,26597615.0,-148.81410130761915,-86.4768686210602,341.0486992763387,-0.19738113248442135,14572180480,16.700464,12.92,1.3723034,1.84
2025-02-18,307.0859867609881,310.3200419691349,298.5281730597053,301.3641967773437,121431,0,331.93846435546874,355.46646606445313,330.49199724240134,348.71970569717723,350.23178347379144,34.972809842779085,-12.494513539844718,-9.444954542907123,-3.049558996937595,365.6711921102124,331.93846435546874,298.20573660072506,17.98263743832067,15.40364458097293,18.745216653456882,26476184.0,-139.68319318092873,-95.98590831665457,341.0138662579229,-0.2051463768950962,14572180480,16.700464,12.92,1.3723034,1.84
2025-02-19,301.51346119577096,313.45458837184106,297.8813744199543,309.4742126464844,101473,0,330.60254974365233,353.71709106445314,328.49030347136164,347.1806667540128,349.8262355053605,39.254349799003116,-12.625570029568848,-10.081077640239467,-2.544492389329381,365.6463423349608,330.60254974365233,295.55875715234384,17.81053576071825,24.983598367093034,20.20284976129646,26577657.0,-106.52314419813054,-83.74041579063852,340.9875370822813,-0.19147090717853593,14572180480,16.700464,12.92,1.3723034,1.84
2025-02-20,310.469312836689,319.4251583992858,307.3347729633516,317.584228515625,97171,0,330.21695098876955,352.16076416015625,327.4516296660534,346.0200221172133,349.5054195154129,43.27645184597622,-11.937415642731025,-10.45234524073778,-1.4850704019932461,365.6533239585259,330.21695098876955,294.7805780190132,17.401953594662245,46.69664802040995,29.027963656158676,26674828.0,-65.46332898679933,-72.36567878604744,340.9681620558008,-0.1707803580549812,14572180480,16.700464,12.92,1.3723034,1.84
2025-02-21,317.18619465729535,324.947915273531,310.8175994891203,317.4847106933594,146729,0,330.16222076416017,350.5636383056641,326.5023992877016,344.90099029667,349.186805497283,43.23861860436221,-11.270163164303995,-10.615908825451022,-0.6542543388529722,365.67362207179724,330.16222076416017,294.6508194565231,17.168265179644276,67.81331575007152,46.49785404585821,26528099.0,-54.141164033872016,-72.50525792791429,340.94227037654656,-0.18231945359221294,14572180480,16.700464,12.92,1.3723034,1.84
2025-02-24,312.7082755610345,318.47980835662497,307.882063802591,312.4097595214844,83287,0,329.01537628173827,348.80729736328124,325.1602431194905,343.6268243839176,348.8208647413049,41.2578045484383,-11.023791507859073,-10.697485361932632,-0.32630614592644136,365.25696744741896,329.01537628173827,292.7737851160576,16.698942277814968,72.51931405746178,62.34309260931445,26444812.0,-66.86911130760772,-79.6231521247522,340.92454630655817,-0.009364802119014422,14572180480,16.700464,12.92,1.3723034,1.84
2025-02-25,312.708270491627,323.0572413889798,308.72789473357926,313.5043334960937,102091,0,327.29137420654297,347.1315588378906,324.0501564886908,342.4455502314539,348.4694564702083,41.87628108116408,-10.617821585229933,-10.681552606592092,0.06373102136215891,363.03655716570745,327.29137420654297,291.5461912473785,16.529685447642507,61.274521829042335,67.20238387885858,26546903.0,-52.66885561879149,-77.13039251435066,340.90453453338307,-0.10853276645613198,14572180480,16.700464,12.92,1.3723034,1.84
2025-02-27,313.45458538862914,315.0964842861411,293.950738446432,306.7377014160156,271963,0,325.9181442260742,345.29162963867185,322.4013512436741,341.04524243477005,348.0542151263855,39.13324782045944,-10.718541480324632,-10.6889503813386,-0.02959109898603174,362.59393424625006,325.9181442260742,289.2423542058984,16.859404047075834,50.88304468748674,61.55896019133032,26274940.0,-84.73414032323366,-81.56384318017126,340.83111803182805,-0.05724987930082436,14572180480,16.700464,12.92,1.3723034,1.84
2025-02-28,306.5386718742074,309.6732420365896,298.72720884640995,300.26959228515625,149993,0,324.00756378173827,343.24671142578126,320.29356467619624,339.44619733086364,347.57874624239315,36.66118808278192,-11.19127897574856,-10.789416100220592,-0.40186287552796784,361.82972483098854,324.00756378173827,286.185402732488,16.437020414440394,39.78594696342147,50.64783782665021,26124947.0,-86.88767645223226,-88.9756836726112,340.7880654914888,-0.09700729908518153,14572180480,16.700464,12.92,1.3723034,1.84
2025-03-03,304.7972486340116,308.37959273831126,276.83513441066503,290.7664489746094,292385,0,321.2237884521484,341.34608154296876,317.48145841890226,337.5371875914027,347.0134497521664,33.32983367501169,-12.19220691886511,-11.069974263949495,-1.1222326549156154,360.2090703142492,321.2237884521484,282.2385065900477,17.516123122526526,30.592406274134884,40.4204659750144,25832562.0,-122.96104842108284,-76.12958850119816,340.6803736514779,-0.12374546694866699,14572180480,16.700464,12.92,1.3723034,1.84
2025-03-04,292.5576294154043,297.1350677859516,283.60178361697353,286.5373229980469,113720,0,318.7808349609375,339.4355010986328,314.5343979026303,335.53719290146717,346.4116972471503,31.938912698466755,-13.17483336907975,-11.490946084975546,-1.6838872841042036,359.96866992515777,318.7808349609375,277.59299999671725,17.231634625844496,23.83851951164804,31.40562424973484,25718842.0,-126.7638619932053,-81.67288580534296,340.6361271000783,-0.1210267782442352,14572180480,16.700464,12.92,1.3723034,1.84
2025-03-05,291.56251967594824,293.0551605616613,278.9745876133396,281.9598693847656,533896,0,315.0691345214844,337.52193542480467,311.43206185330985,333.43612139100827,345.77038552712656,30.45735194370768,-14.159709840602773,-12.024698836100992,-2.1350110045017807,355.4738422810178,315.0691345214844,274.66442676195095,17.006558791735724,21.508109369192372,25.31301171832514,25184946.0,-138.00299579014134,-89.8221324656507,340.4116484598043,-0.23813467663587842,14572180480,16.700464,12.92,1.3723034,1.84
2025-03-06,289.5723408549758,296.83651457807787,284.6466136314337,288.8757629394531,501314,0,311.4569427490234,335.8262951660156,309.283842909133,331.6886563536924,345.20426987948804,35.33779113343542,-14.218277278708683,-12.46341452462253,-1.7548627540861528,347.4213444543141,311.4569427490234,275.49254104373273,16.854422106134045,23.683674363824675,23.010101081555067,25686260.0,-109.5186819717184,-74.97415798287147,340.22297235115377,-0.2717853184384858,14572180480,16.700464,12.92,1.3723034,1.84
2025-03-07,287.283638273315,291.861046193024,281.7608485770193,283.7012939453125,277121,0,307.88206787109374,333.82615661621094,306.8474096744834,329.80679900434416,344.59229996969526,33.446491157013206,-14.514909951643801,-12.873713610026785,-1.6411963416170163,339.72111009996854,307.88206787109374,276.04302564221894,16.371977499696232,23.94242330145073,23.044735678155963,25409139.0,-124.37490476324297,-85.72903205446009,340.11028783358626,-0.29227112407483496,14572180480,16.700464,12.92,1.3723034,1.84
2025-03-10,284.1988425717617,290.56743787630086,274.74544990112867,277.2331848144531,228076,0,304.48630981445314,331.88771362304686,304.0270073068615,327.74508864395625,343.9220600179018,31.198710666970097,-15.097876905816577,-13.318546269184743,-1.7793306366318333,334.1125756798783,304.48630981445314,274.86004394902795,16.3326925336588,23.181451219051677,23.602516294775736,25181063.0,-141.3554467545494,-95.04459612716146,340.00951995294105,-0.274780800782906,14572180480,16.700464,12.92,1.3723034,1.84
2025-03-11,273.0537618949999,287.0348495033172,271.8596674278044,283.0544738769531,212182,0,301.9861358642578,330.01494689941404,302.02962317067977,325.9925155158385,343.3164123946088,35.40617867076804,-14.918185484233277,-13.63847411219445,-1.2797113720388271,329.93804296970563,301.9861358642578,274.03422875880995,16.250013215219802,25.89948506450536,24.341119861669295,25393245.0,-126.78686395415218,-78.91283494290376,339.9157671845557,-0.2226224090228817,14572180480,16.700464,12.92,1.3723034,1.84
2025-03-12,283.0544989037514,285.6417189953571,275.0439740267145,277.5814819335937,169338,0,300.1103851318359,328.1292443847656,299.70122876714777,324.0940436106524,342.6623334845489,33.34173620859321,-15.043985745035855,-13.91957643876273,-1.1244093062731242,329.29902097964276,300.1103851318359,270.9217492840291,15.846279769035716,26.2801060266127,25.120347436723282,25223907.0,-115.16253476905084,-89.2220694071186,339.8396122780314,-0.21507841774086164,14572180480,16.700464,12.92,1.3723034,1.84
2025-03-13,281.76085390353853,284.3978468726628,277.33270392048115,281.3130798339844,150267,0,298.11771087646486,326.2087133789062,297.9499764877989,322.41635875666543,342.05189314971744,36.0784279910621,-14.673428444550495,-14.070346839920283,-0.6030816046302121,326.7199600111268,298.11771087646486,269.51546174180294,15.219055710688997,38.33100417798012,30.170198423032762,25374174.0,-94.24774647895494,-82.19302239235435,339.7739710320451,-0.23760302825860558,14572180480,16.700464,12.92,1.3723034,1.84
2025-03-17,281.3130636631162,283.05447802517125,263.7994045768773,268.8743896484375,250837,0,295.65982818603516,323.89511962890623,295.18087297928827,320.3166736935977,341.3237587865206,31.44420429186135,-15.208147401199028,-14.297906952176032,-0.9102404490229965,325.4195685267181,295.65982818603516,265.90008784535223,15.507342691946493,29.710467764590145,31.440525989727693,25123337.0,-126.60732047508775,-91.43575711740507,339.64779493130436,-0.2452980252473278,14572180480,16.700464,12.92,1.3723034,1.84
2025-03-19,281.6115721860115,289.2738073219604,281.6115721860115,288.1294250488281,241954,0,294.7791687011719,322.29799377441407,294.50930650972066,319.05442864870474,340.79446193340925,43.535187818509364,-13.917760313628094,-14.221877624466444,0.30411731083835036,324.33502730738303,294.7791687011719,265.22331009496077,15.856776619201952,53.91021545870677,40.650562467092385,25365291.0,-47.34375167515023,-58.94210490825442,339.5523611744896,-0.18640721931966878,14572180480,16.700464,12.92,1.3723034,1.84
2025-03-20,288.5772498762013,290.5176952552705,283.9998115632141,286.3880310058594,177287,0,293.662174987793,320.6053387451172,293.7358516998291,317.77339344702455,340.2531044117421,42.799999440052794,-12.887080948575715,-13.954918289288297,1.0678373407125825,322.70915187178804,293.662174987793,264.6151981037979,15.189712838691554,66.33684119639787,49.98584147323163,25188004.0,-39.94002427790325,-55.96508308658598,339.4834762245592,-0.21364766675247632,14572180480,16.700464,12.92,1.3723034,1.84
2025-03-21,286.0895119169831,297.0355454164155,284.59687098524233,294.1000061035156,351793,0,293.29896545410156,319.11070739746094,293.7705330716088,316.8450253159065,339.793869602705,47.063503249232,-11.31750701148718,-13.427436033728075,2.1099290222408946,322.1325100285327,293.29896545410156,264.46542087967043,14.993210095297384,90.40634225971468,70.21779963827315,25539797.0,-10.687540290366012,-33.947968592666435,339.36013384237623,-0.1467283744372523,14572180480,16.700464,12.92,1.3723034,1.84
2025-03-24,296.4384934234338,296.53800889596386,285.5919750105424,286.68658447265625,382942,0,292.15958404541016,317.59020446777345,293.09587130027995,315.6623413612693,339.2654389048936,43.69209563306532,-10.550193464247172,-12.851987519831894,2.301794055584722,320.1345286360548,292.15958404541016,264.1846394547655,14.704126080306247,81.52454551357772,79.42257632323013,25156855.0,-20.0911628854083,-48.66064761122182,339.2201074227806,-0.2131906659290034,14572180480,16.700464,12.92,1.3723034,1.84
2025-03-25,286.88557805743744,289.57234391097103,274.4966764097962,277.2331848144531,324219,0,290.14203186035155,316.2050335693359,291.58513925401076,314.15531561433534,338.6482025457847,39.77888176639892,-10.582909108354556,-12.398171837536427,1.815262729181871,316.2493570217881,290.14203186035155,264.034706698915,14.730664753225435,57.390413649501205,76.4404338075979,24832636.0,-72.58041613384687,-59.70147600387618,339.08036678683226,-0.25868007671144233,14572180480,16.700464,12.92,1.3723034,1.84
2025-03-26,276.6361095019702,282.1091260568653,270.26751449348177,276.68585205078125,398423,0,288.10208892822266,315.29949768066405,290.16615952036983,312.68592488635284,338.0316617448394,39.55797305155117,-10.531599943337255,-12.024857458696593,1.4932575153593373,311.58902777261187,288.10208892822266,264.61515008383344,14.524303811093871,34.99374505335209,57.96956807214371,24434213.0,-98.73074691602547,-61.22760600841466,338.89766758057965,-0.23818267374972155,14572180480,16.700464,12.92,1.3723034,1.84
2025-03-27,276.6858549748822,283.30325390092975,275.93953452769097,279.42236328125,310127,0,286.4527191162109,314.20290405273437,289.14294083092983,311.3814714900743,337.44848464569924,41.31279939293928,-10.15308502992923,-11.65050297294312,1.4974179430138896,307.3727948976283,286.4527191162109,265.53264333479353,14.012833494104223,23.439863047606426,38.60800725015327,24744340.0,-69.64151827423605,-52.994065165991245,338.76343249820894,-0.22910424050299139,14572180480,16.700464,12.92,1.3723034,1.84
2025-03-28,274.9942221514003,289.5723426041186,274.6459331915352,277.18341064453125,235819,0,284.6366729736328,312.855546875,288.00393795603475,310.0403710647589,336.84883216807566,40.2823138838001,-9.919428997226078,-11.30428817779971,1.384859180573633,301.8204887352547,284.6366729736328,267.45285721201094,14.078088916852735,28.168007103002036,28.867205067986884,24508521.0,-56.66003862686489,-59.730565193260524,338.66333286965414,-0.24542616535326106,14572180480,16.700464,12.92,1.3723034,1.84
2025-04-01,280.06919397440447,296.9360175798484,280.06919397440447,290.9654541015625,250516,0,283.84806060791016,311.74601684570314,288.2859871127517,309.29233510541786,336.3922811425382,48.75568702291193,-8.52390095796926,-10.74821073383362,2.2243097758643593,298.09991974090497,283.84806060791016,269.59620147491535,14.483411632457335,46.046108989658904,32.55132638008916,24759037.0,53.44307811430303,-18.26352627448233,338.57349600633904,-0.24345518672683214,14572180480,16.700464,12.92,1.3723034,1.84
2025-04-02,288.179201576732,289.6220695213484,283.4027326018223,288.2787170410156,95821,0,283.24851684570314,310.590712890625,288.2852947249673,308.4682716519119,335.91353921117974,47.34533732619964,-7.547726664715185,-10.108113920009933,2.5603872552947475,295.5639738252776,283.24851684570314,270.93305986612864,13.989076622977537,57.15833493471695,43.790817009125995,24663216.0,41.526618475615216,-26.347307943113037,338.53767365932623,-0.21636166214992586,14572180480,16.700464,12.92,1.3723034,1.84
2025-04-03,284.5968776329603,306.488945143188,283.65152620696625,303.55340576171875,329048,0,283.8878646850586,309.5727313232422,289.73940053799123,308.27553181308076,335.59154783357314,55.2676988217623,-5.478410079292303,-9.182173151866406,3.7037630725741035,298.7602975746822,283.8878646850586,269.015431795435,14.621101073923553,78.64350015798739,60.61598136078778,24992264.0,180.4604479824552,-6.876483894010078,338.44078057195105,-0.1645946090722468,14572180480,16.700464,12.92,1.3723034,1.84
2025-04-04,301.61298891097147,302.50856741197475,286.03977432665687,293.00543212890625,231851,0,284.2112701416016,308.3905603027344,290.05045116569744,307.67670437448567,335.1678053887506,49.705994022371236,-4.63615241664354,-8.272969004821833,3.6368165881782932,299.57333305799665,284.2112701416016,268.8492072252065,14.827710385433434,71.99162018624612,69.26448509298352,24760413.0,117.67304855112063,-31.58505065974529,338.3659988067847,-0.15608453495262797,14572180480,16.700464,12.92,1.3723034,1.84
2025-04-07,254.3460293133308,284.5968804638932,254.3460293133308,280.11895751953125,218422,0,284.11922454833984,307.15763916015624,289.10459462796734,306.5960084193894,334.6200556587086,43.89439798521294,-4.95141116925754,-7.608657437708975,2.657246268451435,299.5560224976603,284.11922454833984,268.6824265990194,16.529974130443577,65.95499331029463,72.19670455150941,24541991.0,-128.54462217795754,-50.57252208469173,338.262917592433,-0.07888792389108498,14572180480,16.700464,12.92,1.3723034,1.84
2025-04-08,285.79099020963724,289.2738189812902,275.2429884276312,278.1784973144531,87020,0,283.58436126708983,305.9973590087891,288.06401393144216,305.48159621919586,334.05844811299465,43.07763913116966,-5.296776975622208,-7.146281345291621,1.849504369669413,299.0660902574151,283.58436126708983,268.10263227676455,16.351463874958966,50.92993943369394,62.958850976744934,24454971.0,-33.10091276235746,-54.2939484264979,338.22688814627213,-0.06463398113494782,14572180480,16.700464,12.92,1.3723034,1.84
2025-04-09,276.1385788169142,279.57166518718674,273.0537814124149,277.3824462890625,54632,0,283.26841888427737,305.03908386230466,287.04672177502505,304.37966877095533,333.4945077963386,42.72640079358355,-5.570503236473371,-6.831125723527971,1.2606224870546,298.98384663542294,283.26841888427737,267.5529911331318,15.649065296374173,46.43763652706942,54.44085642368603,24400339.0,-76.12149738307737,-55.82061990760215,338.20262467558587,-0.02757627932879918,14572180480,16.700464,12.92,1.3723034,1.84
2025-04-11,281.5618314928956,295.4931461097556,279.7706442500144,290.8161926269531,319381,0,283.9475692749023,304.4838214111328,287.4057189990182,303.84776774570037,333.0698479439069,50.11794645586319,-4.6498417302831285,-6.3948689248790025,1.745027194595874,299.7348634074579,283.9475692749023,268.16027514234673,15.824896333825526,55.20284141551343,50.8568057920923,24719720.0,57.25897346579794,-30.057299763164778,338.0888041814038,0.03257571068580108,14572180480,16.700464,12.92,1.3723034,1.84
2025-04-15,293.6522378392148,302.2100520903009,291.015244881343,294.3487854003906,198916,0,284.51228485107424,303.6638641357422,288.0669634181965,303.4752586341196,332.6845637394938,51.876748131578665,-3.5937338135318555,-5.834641902609573,2.2409080890777178,300.92693004369835,284.51228485107424,268.09763965845013,15.508393700219973,67.82610213050879,56.48886002436392,24918636.0,119.90672010566855,-23.28247193235382,338.0284229421565,-0.005278912595036234,14572180480,16.700464,12.92,1.3723034,1.84
2025-04-16,294.34876240833046,304.0011853505643,289.97035533773635,292.06005859375,200739,0,285.23621368408203,302.5453778076172,288.44725819682066,303.0276037305757,332.2803398076953,50.631157127749525,-2.9079211019227387,-5.249297742472207,2.341376640549468,301.64142190758974,285.23621368408203,268.8310054605743,15.402853436834828,73.57123234932625,65.5333919651162,24717897.0,102.66686863884601,-27.671806073368796,337.9669223106441,-0.01620041066024004,14572180480,16.700464,12.92,1.3723034,1.84
2025-04-17,293.05515934016194,302.01100461711087,293.05515934016194,298.87646484375,234169,0,286.1143829345703,301.8388610839844,289.4405159727187,302.86481397030803,331.94796294238245,54.16121638592677,-1.7937058452270662,-4.558179363023179,2.7644735177961124,303.4400640589966,286.1143829345703,268.788701810144,15.013431478729546,76.14371748218673,72.51368398734063,24952066.0,116.06610078114919,-14.599260855065326,337.8998280185276,-0.005460186945447192,14572180480,16.700464,12.92,1.3723034,1.84
2025-04-21,302.508568979139,307.18552281773606,299.5232870484238,304.8470458984375,169757,0,287.9130157470703,301.16617797851563,290.9078045370729,302.9425485557249,331.67830207627355,57.05763183103958,-0.4240184135932168,-3.7313471731371863,3.3073287595439695,305.1750540128977,287.9130157470703,270.6509774812429,14.534547656962152,78.77512110387646,76.16335697846318,25121823.0,158.6766666567155,-4.425623268140519,337.85846259492615,0.03283511389719076,14572180480,16.700464,12.92,1.3723034,1.84
2025-04-22,304.8470209062641,315.4447648179,302.9563485787185,306.389404296875,195008,0,288.82601470947264,300.365126953125,292.38224260943497,303.0777193691033,331.42667125259794,57.7994530258637,0.7769677758937519,-2.8296841833309987,3.6066519592247506,307.8762041269286,288.82601470947264,269.7758252920167,14.388395412834964,79.78790058606681,78.23557972404338,25316831.0,169.6621722516238,-14.82086404283739,337.81721637043677,-0.020865672305172434,14572180480,16.700464,12.92,1.3723034,1.84
2025-04-23,304.5982745919408,311.26538606437526,299.8715781676929,301.01593017578125,158402,0,289.5574096679687,299.6775177001953,293.2044985681346,302.9968648909338,331.12407681402266,54.28127486849621,1.280403831776141,-2.0076665803095706,3.2880704120857116,309.28809686854663,289.5574096679687,269.8267224673908,14.174496304538348,66.42754898220191,74.99685689071511,25158429.0,116.35217448777256,-23.61560271740767,337.7790337085905,-0.03763624122912115,14572180480,16.700464,12.92,1.3723034,1.84
2025-04-24,301.115433660779,308.4791227760553,300.3691132024498,301.8119812011719,108166,0,289.94300842285156,298.5898797607422,294.0242588189001,302.95039886388435,330.8324141711087,54.72098001183572,1.7237449393302882,-1.2613842763815988,2.985129215711887,310.3050598918263,289.94300842285156,269.5809569538768,13.741318680900289,48.97456875406914,65.06333944077933,25266595.0,100.03119175063065,-22.31270991804508,337.75262606415777,-0.09639061701475267,14572180480,16.700464,12.92,1.3723034,1.84
2025-04-25,304.20022038597665,304.20022038597665,287.2836239186552,289.6220703125,201455,0,290.08978271484375,297.15992919921877,293.6050027706715,302.42771931284966,330.42236099838624,47.23013324768101,1.0790336001201695,-0.7933007010812451,1.8723343012014144,310.39807437415055,290.08978271484375,269.78149105553695,13.968124237073226,30.25813422087644,48.55341731904921,25065140.0,24.62600059657844,-42.263877136162485,337.689414834411,-0.06328003304748633,14572180480,16.700464,12.92,1.3723034,1.84
2025-04-28,292.50788995851207,293.7019845235552,287.13435812831307,287.9801940917969,120247,0,290.62713317871095,295.81555725097655,293.0693067060168,301.8611496963378,330.0000508799127,46.31056972402375,0.4306453184593124,-0.5485114971731335,0.9791568156324459,310.0977104416633,290.62713317871095,271.1565559157586,13.439517248371006,16.80087682888119,32.0111932679423,24944893.0,-9.240185931252546,-44.951127874077244,337.6482652021485,-0.0379433918376423,14572180480,16.700464,12.92,1.3723034,1.84
2025-04-29,288.4777283399338,293.552713528748,286.0895089475086,287.4328918457031,61799,0,291.164485168457,294.6612481689453,292.5325052907488,301.2953356629796,329.57649705867675,45.989137560832766,-0.12591827590301818,-0.46399285291911047,0.3380745770160923,309.63384254629426,291.164485168457,272.6951277906198,13.012637772147318,5.542506340554952,17.53383913010424,24883094.0,-20.089128710104525,-45.84689476937219,337.62688921115057,-0.06063504523536296,14572180480,16.700464,12.92,1.3723034,1.84
2025-04-30,286.58705392916505,288.4279837866564,278.974591382743,280.8155212402344,85677,0,291.23414306640626,293.6163995361328,291.4166020478427,300.492205685617,329.09131321968727,42.17732811190314,-1.0884188237638455,-0.5888780470880575,-0.499540776675788,309.53557685324154,291.23414306640626,272.932709279571,12.758405960130613,4.854398398473628,9.065927189303304,24797417.0,-75.29697158874633,-81.69011614197379,337.59345629159344,-0.0744542865821355,14572180480,16.700464,12.92,1.3723034,1.84
2025-05-02,278.7755601001637,284.4476076825744,270.3670345615773,271.66064453125,340695,0,290.9580047607422,292.7476824951172,289.53508228435766,299.361556228583,328.51986378000134,37.54138656664426,-2.5604146164084227,-0.9831853609521306,-1.5772292554562921,310.2395301636109,290.9580047607422,271.6764793578735,12.852846471621076,5.132989538864323,5.176631425964348,24456722.0,-130.6611707899187,-97.13026817828471,337.4433997391961,-0.10576332619257575,14572180480,16.700464,12.92,1.3723034,1.84
2025-05-05,271.2626235687253,276.9844139230801,265.78960670803804,276.0390625,257457,0,290.21168518066406,291.8451324462891,288.2497470667998,298.4469486313837,327.9976667523396,40.88784241381645,-3.3352336516979904,-1.4535950191013025,-1.8816386325966878,310.5602528633374,290.21168518066406,269.86311749799074,12.73441509615115,15.594362006453736,8.527249981263942,24714179.0,-131.62674216533588,-79.35872891737641,337.3258297955187,-0.06717989451292258,14572180480,16.700464,12.92,1.3723034,1.84
2025-05-06,279.62140865043244,279.62140865043244,268.67537485984616,269.5709533691406,110131,0,289.2762969970703,290.87591064453125,286.47081433368936,297.31455666031536,327.4163064201685,37.67635349222053,-4.420251759281712,-2.0469263671373845,-2.373325392144327,311.52545633619343,289.2762969970703,267.02713765794715,12.606673574325088,18.054548571767004,12.9273000390284,24604048.0,-118.9049464614663,-92.3847857804896,337.27542281388986,-0.10670651001886021,14572180480,16.700464,12.92,1.3723034,1.84
2025-05-07,263.699888868599,276.6361098319642,263.699888868599,275.3922424316406,127033,0,287.8682388305664,290.2689031982422,285.41571224777994,296.45485806311245,326.8986540421732,42.0852313712327,-4.7555875963142284,-2.588658612972753,-2.1669289833414753,309.88824808116067,287.8682388305664,265.8482295799721,12.630212673542237,32.5412774942968,22.06339602417256,24731081.0,-108.73661107508656,-77.40384270222685,337.2167369574379,-0.15365008705445352,14572180480,16.700464,12.92,1.3723034,1.84
2025-05-08,276.08882988685554,287.5821529168388,276.08882988685554,279.7209167480469,164360,0,287.2040130615234,289.6887634277344,284.87335077161487,295.7986250703648,326.42922382034106,45.19017729358504,-4.618813020642676,-2.994689494506738,-1.6241235261359384,309.36509706780697,287.2040130615234,265.0429290552399,12.598762517231949,42.66236466696039,31.086063577674782,24895441.0,-43.44056943933825,-69.03842634554753,337.15166226302574,-0.1639404279054739,14572180480,16.700464,12.92,1.3723034,1.84
2025-05-09,274.1483782995212,285.5919585189205,271.0138384869093,282.05938720703125,134686,0,287.30103454589846,289.30266723632815,284.60535424165454,295.25983142866545,325.98773290876585,46.848029252519154,-4.272472754990815,-3.2502461466035535,-1.0222266083872618,309.3539215290047,287.30103454589846,265.2481475627922,12.740145196859034,63.747361803522175,46.317001321593175,25030127.0,-57.71330529980766,-64.51919537613604,337.0969521871527,-0.19339432994000366,14572180480,16.700464,12.92,1.3723034,1.84
2025-05-12,293.50295896364634,302.5085466425401,288.17920050672785,299.9710693359375,147963,0,288.39066314697266,289.1126043701172,286.0687556792053,295.4445858564016,325.72886063440933,57.461524696742714,-2.5235822601657674,-3.1049133693159963,0.5813311091502289,310.6851127150816,288.39066314697266,266.09621357886374,13.290789071048309,79.13999108013341,61.84990585020538,25178090.0,53.0466022336191,-29.90382177575118,337.05503524482026,-0.14680968009083015,14572180480,16.700464,12.92,1.3723034,1.84
2025-05-13,299.5232875189615,304.9465618487571,296.6375210549751,298.32916259765625,124373,0,289.43799896240233,288.7275030517578,287.23641348096254,295.5577065129214,325.45622682309835,56.35072596141657,-1.255588452628217,-2.7350483859784402,1.4794599333502232,311.532645800311,289.43799896240233,267.34335212449366,12.93494990838643,84.7643759653243,75.88390961632668,25053717.0,66.8361974282298,-27.19665351856707,337.0225693925494,-0.17033997749677965,14572180480,16.700464,12.92,1.3723034,1.84
2025-05-14,298.52819389700034,313.85263511014136,298.52819389700034,306.1904296875,325440,0,290.2067108154297,288.5016174316406,289.04155788158516,295.9746760491794,325.2645273491123,60.30712044396063,0.3792723148902155,-2.112184245804709,2.4914565606949246,313.47812355132555,290.2067108154297,266.9352980795338,13.119844380107764,86.5106530085917,83.47167335134985,25379157.0,96.89517364624952,-15.27773850257202,336.95210078826136,-0.2073621931176413,14572180480,16.700464,12.92,1.3723034,1.84
2025-05-15,308.1308476436466,312.907317011924,297.6823607583541,299.7720642089844,515244,0,290.4778747558594,288.2488635253906,290.063510865147,296.12359323191686,325.0108709994593,55.85562386224131,1.143817581014332,-1.4609838804409008,2.604801461455233,314.06033374404166,290.4778747558594,266.8954157676771,13.27020951392649,77.73388472359841,83.00297123250486,24863913.0,74.53042435470789,-28.07537364622679,336.83132316008414,-0.26757112995770366,14572180480,16.700464,12.92,1.3723034,1.84
2025-05-16,303.5036571742478,312.11121383692955,303.5036571742478,304.5982666015625,307714,0,291.10478515625,288.0707421875,291.4477733162342,296.45593336405983,324.8077605079379,58.34543186680774,2.114781526462366,-0.7458307990602474,2.8606123255226135,315.475602486917,291.10478515625,266.73396782558297,13.203705236356397,71.06621730122036,78.43691834447021,25171627.0,87.1802085402984,-18.45236642477877,336.76666257104546,-0.2829661841503899,14572180480,16.700464,12.92,1.3723034,1.84
2025-05-19,304.5484859802121,348.28287647304103,304.5484859802121,339.52606201171875,1103090,0,293.13726501464845,288.72650939941406,296.02665795389936,298.1449580169092,324.9542112691696,71.06483568105968,5.637671071695252,0.5308695750908524,5.106801496604399,325.29713207431297,293.13726501464845,260.9773979549839,15.384468468961577,71.37637364858234,73.39215855780043,26274717.0,194.17451206612947,-10.352926409119174,336.7209474402757,-0.10708253310711684,14572180480,16.700464,12.92,1.3723034,1.84
2025-05-20,342.06355788030606,342.06355788030606,328.4805310373216,336.3915100097656,279313,0,294.71448822021483,289.4489477539062,299.8709295782676,299.6448228009428,325.0680152367377,69.02771569761653,8.083473022115697,2.0413902644958215,6.042082757619876,331.7424326066487,294.71448822021483,257.68654383378095,15.255794067106068,74.49912402382343,72.31390499120876,25995404.0,187.95732124119468,-14.05881584472538,336.7188694301007,-0.10880131221402005,14572180480,16.700464,12.92,1.3723034,1.84
2025-05-21,334.4013068674721,334.55059525297094,327.8834536983057,331.8140869140625,134219,0,295.98572235107423,290.2699005126953,302.91313503881946,300.90636257008475,325.1351403280544,66.05012002374426,9.542429710427541,3.5415981536821652,6.000831556745376,336.14316041916356,295.98572235107423,255.8282842829849,14.77381279884563,75.66572170162169,73.84707312467587,25861185.0,150.74727612459094,-19.470569703680738,336.71395170400694,-0.08691484304442448,14572180480,16.700464,12.92,1.3723034,1.84
2025-05-22,333.35646300541026,338.23241713699275,325.1469381702024,327.5849304199219,176409,0,297.3141723632813,291.0908526611328,305.2628298370197,301.9525809171372,325.159516348869,63.331914908505915,10.239372697915087,4.88115306252875,5.358219635386337,339.74296101457793,297.3141723632813,254.88538371198462,14.653217525127394,65.91020640536622,72.02501737693717,25684776.0,128.80902441314,-24.470578114259183,336.70616941913187,-0.08329365014292694,14572180480,16.700464,12.92,1.3723034,1.84
2025-05-23,329.4756224701784,342.31232872374727,327.1868880981128,337.58563232421875,310849,0,299.1028549194336,292.2033679199219,308.3411919786577,303.3499554821208,325.2831592938973,66.81026875354678,11.46649943320773,6.1982223366645455,5.268277096543184,345.01272973823893,299.1028549194336,253.19298010062823,14.686947746592185,65.5905110890322,69.05547973200676,25995625.0,130.0625090246326,-12.64703985019854,336.704004815242,-0.042895388715780705,14572180480,16.700464,12.92,1.3723034,1.84
2025-05-26,343.3073972713631,354.2534302278413,333.70474716038746,339.12799072265625,850717,0,301.5781509399414,293.20841247558593,311.27326804951474,304.75301568763194,325.4209188106014,67.32507012726464,12.420288292549287,7.442635527841494,4.977652764707793,350.42109810923597,301.5781509399414,252.73520377064682,15.105643126653733,59.117451485927745,63.53938966010878,26846342.0,130.8217995400729,-16.703310856921313,336.73695809435134,-0.08306543932459722,14572180480,16.700464,12.92,1.3723034,1.84
2025-05-27,341.51624598656434,343.95420787338713,334.94862003146574,335.4461669921875,307749,0,303.9514495849609,294.2433099365234,313.5754489011979,305.95666867996744,325.52067252385103,64.74343951365688,12.73231028313512,8.500570478900219,4.231739804234902,354.5037088670436,303.9514495849609,253.39919030287825,14.669924892029995,52.98640402587281,59.231455533610976,26538593.0,102.96531500761839,-22.594132001737798,336.739858182109,-0.11186285979052456,14572180480,16.700464,12.92,1.3723034,1.84
2025-05-28,338.0334378446454,341.11820489466913,331.5653269614138,333.70477294921875,118907,0,306.2650436401367,295.37274169921875,315.4925273819618,307.0448296317028,325.6021063589293,63.50312694658995,12.692759779076539,9.339008338935482,3.353751440141057,357.80725497221835,306.2650436401367,254.72283230805505,14.304421537831804,37.60686343150607,49.903572981102265,26419686.0,84.65885303668219,-24.68615817167448,336.73882158774546,-0.11519061705702387,14572180480,16.700464,12.92,1.3723034,1.84
2025-05-29,330.37117476342087,336.3417381627598,328.13221348866875,329.9233703613281,142248,0,308.7204360961914,296.31011962890625,316.86689337999667,307.94202730737436,325.64510401069447,60.78018765390287,12.21547573294157,9.9143018177367,2.3011739152048705,359.8564448094317,308.7204360961914,257.5844273829511,13.86907176185032,24.965551663394265,38.51960637359111,26277438.0,65.07414613596488,-36.82231328190379,336.7337063443491,-0.11876205111446904,14572180480,16.700464,12.92,1.3723034,1.84
2025-05-30,331.26675894153567,335.74468156865487,322.9577186598654,324.9479064941406,161919,0,311.3847991943359,297.2574481201172,317.6365136765818,308.6089245303848,325.63816672197254,57.29878992712754,11.305424439778847,10.192526342145129,1.1128980976337175,360.0106831778841,311.3847991943359,262.75891521078773,13.791778272345974,15.2904363629832,25.954283819294574,26115519.0,48.70479011913081,-50.863596798888835,336.7239444630567,-0.09370156518275867,14572180480,16.700464,12.92,1.3723034,1.84
2025-06-02,325.29620792080266,326.39081734522705,311.46440801541485,317.6340026855469,409930,0,313.4645462036133,297.98386657714843,317.63627453457843,308.96284916392057,325.55852329872454,52.5351197723239,9.880139226048072,10.130048918925718,-0.24990969287764564,359.3461491731359,313.4645462036133,267.58294323409064,13.872823347879276,11.819609855470995,17.35853262728288,25705589.0,15.196778056083176,-64.73172221367652,336.67318631920216,-0.13918683892718958,14572180480,16.700464,12.92,1.3723034,1.84
2025-06-03,319.3754213912948,321.46509443121226,308.47913028723167,309.9717712402344,168388,0,315.48458709716795,298.8058142089844,316.906321839879,309.0024147355407,325.40343123844104,48.0300646557274,8.039636459242104,9.711966426988996,-1.672329967746892,356.7872459366626,315.48458709716795,274.1819282576733,13.809476261886513,9.973932898312821,12.361326372255732,25537201.0,-9.211027600856667,-78.27615670495884,336.64648691524803,-0.14408818411262347,14572180480,16.700464,12.92,1.3723034,1.84
2025-06-04,312.2604595935696,312.9570374839196,304.79725520206114,305.3943176269531,180506,0,316.9846908569336,299.1511120605469,315.809940486267,308.86092073128236,325.2043355806153,45.518788649681746,6.140874328528469,8.99774800729689,-2.8568736787684212,354.344988894982,316.9846908569336,279.62439281888516,13.405926691884506,8.4850877358352,10.092876829873065,25356695.0,-40.36778455402959,-96.27454402464276,336.61109660855686,-0.18514821419669536,14572180480,16.700464,12.92,1.3723034,1.84
2025-06-05,307.3845249352711,310.0712908335438,305.49385244323315,307.5337829589844,155740,0,318.37533416748045,299.5740270996094,315.0217350074782,308.80887611276086,325.02850918637023,46.91583950155335,4.753928305840418,8.148984067005596,-3.395055761165178,351.96405956864254,318.37533416748045,284.78660876631835,12.782430014363518,5.102813429358175,7.853944687835459,25512435.0,-50.18200786349373,-93.9939637314558,336.58061401120193,-0.17821992294384637,14572180480,16.700464,12.92,1.3723034,1.84
2025-06-06,307.6332733871847,308.3298512649514,302.6578038827248,303.8519287109375,126786,0,319.46496124267577,299.7690655517578,313.9579439316172,308.6144860185717,324.8177969428336,44.787371823256514,3.3194046921427685,7.183068192033031,-3.8636634998902624,349.49610484239327,319.46496124267577,289.4338176429583,12.274545540639451,5.255587049122146,6.281162738105234,25385649.0,-74.42957391682954,-97.68560842691328,336.55348488269857,-0.202068056536882,14572180480,16.700464,12.92,1.3723034,1.84
2025-06-09,306.2899073999896,317.4349718503421,305.4938443826176,312.4097595214844,490296,0,320.08689575195314,300.28352905273437,313.8104977973188,308.7633202735879,324.6943338839147,50.4179597940387,2.84033816838172,6.314522187302769,-3.474184018921049,348.97071796616996,320.08689575195314,291.2030735377363,12.368009654836962,21.908664755830387,10.755688411436964,25875945.0,-47.35176547039597,-81.09925912415524,336.4715959684757,-0.19404811872625327,14572180480,16.700464,12.92,1.3723034,1.84
2025-06-10,313.454586325661,314.44968025050434,307.23524929539,308.0810852050781,204923,0,320.5744918823242,300.9004870605469,313.2648394552007,308.73656595717574,324.52902792691134,47.76459289647103,2.087325269329938,5.469082803708202,-3.3817575343782647,348.27778216943494,320.5744918823242,292.87120159521345,11.99989689057106,31.194633260714067,19.452961688555593,25671022.0,-61.86037873085437,-89.48887394819536,336.43496737021195,-0.20448188171030418,14572180480,16.700464,12.92,1.3723034,1.84
2025-06-11,311.1658732151465,312.9570300795885,305.493825864654,306.389404296875,211002,0,320.58444061279295,301.49455810546874,312.6100361067887,308.64452040186984,324.34853415944826,46.729565134668135,1.3386218113634527,4.642990605239253,-3.3043687938758,348.26719679311947,320.58444061279295,292.9016844324664,11.675847413739875,37.9349601857613,30.346086067435312,25460020.0,-71.81839850013208,-92.76760322824653,336.3950285236568,-0.23339385157017625,14572180480,16.700464,12.92,1.3723034,1.84
2025-06-12,309.37469956530737,309.37469956530737,297.83160379919497,299.125244140625,230666,0,320.552099609375,301.88861572265625,311.3257702052493,308.2712154504485,324.0975561493107,42.47343454214425,0.1572986701632999,3.745852218224062,-3.588553548060762,348.333374351706,320.552099609375,292.7708248670439,11.666365153195056,22.850651963696112,30.660081803390554,25229354.0,-104.21708988996741,-97.70719875035235,336.341944496144,-0.21224192817618037,14572180480,16.700464,12.92,1.3723034,1.84
2025-06-13,294.0502695524265,299.5232864138084,288.52751013944805,298.2794189453125,145296,0,320.2361572265625,302.3105358886719,310.0832605614458,307.8793802933843,323.84065926170877,41.9938242193366,-0.8375052158179983,2.82918073141565,-3.666685947233648,348.8667257018166,320.2361572265625,291.6055887513084,11.618465947564006,21.862154771197755,27.549255640218448,25084058.0,-131.04058597508464,-82.40575534072794,336.302095223627,-0.16021872773791063,14572180480,16.700464,12.92,1.3723034,1.84
2025-06-16,298.3789158503637,300.468619140981,290.9157115037706,297.4833374023437,120035,0,318.13402099609374,302.4408935546875,308.88326787962654,307.47169233687293,323.5783973526604,41.51862499405677,-1.6708708311591067,1.9291704189006986,-3.6000412500598054,346.96372132330856,318.13402099609374,289.3043206688789,11.470926068253036,24.960967015456713,23.22459125011692,24964023.0,-112.88708763794946,-82.97069984608537,336.26991292015686,-0.3173156487828371,14572180480,16.700464,12.92,1.3723034,1.84
2025-06-17,298.4784254722177,300.36909779610494,295.14485485575943,297.23455810546875,81717,0,316.1761734008789,302.62001037597656,307.77386694875435,307.07023609250416,323.316269598957,41.36110929668458,-2.3245969884430338,1.0784169374319523,-3.403013925874986,345.09864357441563,316.1761734008789,287.25370322734216,11.024734416259642,34.64177724224643,27.154966342967025,24882306.0,-97.16312417255439,-81.78983887018819,336.24874149529546,-0.3437698628853122,14572180480,16.700464,12.92,1.3723034,1.84
2025-06-18,297.2345743451639,299.5232782778852,292.1098162198777,292.7068786621094,130232,0,314.22081298828124,302.40307983398435,306.3389156833596,306.50696717366515,323.011698544859,38.49844645024289,-3.1714668736663043,0.22844017521230098,-3.3999070488786054,343.92717989614147,314.22081298828124,284.514446080421,10.766786390670203,30.07934935356431,29.894031203755876,24752074.0,-101.52991850038941,-91.14862581523441,336.21260618216604,-0.37227450104025894,14572180480,16.700464,12.92,1.3723034,1.84
2025-06-19,292.7068821322251,294.54781203099026,280.71601206662007,283.7012939453125,177637,0,312.0266311645508,302.2169970703125,304.1829517083075,305.6126270470631,322.62055024038585,33.52788836520559,-4.517221070281835,-0.7206920738865261,-3.796528996395309,343.86652408113457,312.0266311645508,280.186738247967,10.985715931648773,23.60083138880714,29.44065266153935,24574437.0,-131.65604964728857,-93.4640512193039,336.15337750296845,-0.37012183448664787,14572180480,16.700464,12.92,1.3723034,1.84
2025-06-20,283.60175917629226,287.5323921962287,282.7559232946515,286.7860717773437,140242,0,309.48665313720704,302.35033935546875,302.52610600059666,304.87433076197607,322.2639882656292,36.54986536953854,-5.274029447749854,-1.6313595486591916,-3.642669899090662,340.86718033166017,309.48665313720704,278.1061259427539,10.542198286643664,21.96380488634466,25.21466187623876,24714679.0,-126.14125137079495,-85.10381250695835,336.10612636728155,-0.3884091089205635,14572180480,16.700464,12.92,1.3723034,1.84
2025-06-23,283.601785362276,285.59197332973054,278.1785110038189,280.0692138671875,313844,0,306.5337142944336,302.3881536865234,300.3873543688434,303.9015810798275,321.8441397641522,33.0288194845031,-6.342685309564899,-2.573624700840333,-3.7690606087245664,337.3105475239148,306.5337142944336,275.7568810649524,10.404009892849457,18.12135720205433,21.2286644924021,24400835.0,-140.88669866590052,-95.18371543792382,335.9914791517332,-0.3786072305826669,14572180480,16.700464,12.92,1.3723034,1.84
2025-06-24,281.7608375307668,285.0944082381877,278.4770397400873,280.6164855957031,167366,0,303.7922302246094,302.45283447265626,298.50441448568716,302.98844008045006,321.43391434954077,33.59017728210341,-7.064012980113148,-3.471702356694896,-3.592310623418252,333.529497894982,303.7922302246094,274.0549625542368,10.13353550751024,16.890866499929537,18.9920095294429,24568201.0,-127.20970539843638,-93.78962204102992,335.93066545726555,-0.33697178436734876,14572180480,16.700464,12.92,1.3723034,1.84
2025-06-25,281.01451774640424,292.45809785946983,281.01451774640424,288.47772216796875,229914,0,301.5308776855469,302.40606506347655,297.5494914078092,302.41939231917627,321.1059920392764,41.212841820045185,-6.921546978565743,-4.161671281069065,-2.7598756974966783,328.5827725587116,301.5308776855469,274.4789828123822,10.255540990099988,27.620006583394584,20.877410095126205,24798115.0,-86.69612004559501,-73.76429015235082,335.856391081705,-0.29359243632105486,14572180480,16.700464,12.92,1.3723034,1.84
2025-06-26,288.676756910625,292.20932823632444,285.5919596354167,287.3333740234375,139956,0,299.40137786865233,302.2657568359375,296.57652784739287,301.82778375855906,320.76994608887003,40.48436818269959,-6.822337319611563,-4.693804488777564,-2.128532830833999,323.7478977909412,299.40137786865233,275.0548579463635,9.995671533729112,46.15042243024667,30.22043183785699,24658159.0,-73.21956945545735,-76.67934698593851,335.8122751940092,-0.29027897320925367,14572180480,16.700464,12.92,1.3723034,1.84
2025-06-27,287.9801925799589,292.5576309749067,287.6319036123695,289.2240600585937,140182,0,297.615185546875,302.2090368652344,295.8762928198882,301.33352008405063,320.4560566756335,42.299089228409954,-6.51603756327188,-5.058251103676428,-1.457786459595452,319.2988576271221,297.615185546875,275.9315134666279,9.654856206424835,67.94865636856274,47.2396951274014,24798341.0,-58.41011415755019,-69.5473035907599,335.7694963830069,-0.2762431452436976,14572180480,16.700464,12.92,1.3723034,1.84
2025-06-30,290.9157231684272,293.5029735192233,285.5422218969936,291.4630126953125,294337,0,296.30663604736327,302.06076782226563,295.45598042707144,300.9464413629236,320.1675686758293,44.45884147897091,-6.0231963750251225,-5.2512401579461665,-0.771956217078956,316.0740755868146,296.30663604736327,276.5391965079119,9.533848736125181,75.78395309090092,63.29434396323685,25092678.0,-50.537477428678514,-61.80256651368178,335.6806440034884,-0.2288004462054776,14572180480,16.700464,12.92,1.3723034,1.84
2025-07-01,290.1693931397267,293.80147987408225,287.73140088863323,292.35858154296875,182734,0,295.4259765625,301.8109985351563,295.1609900571569,300.6096625464548,319.89086233619884,45.340150975465825,-5.496985434847488,-5.300389213326431,-0.19659622152105705,314.2254357126659,295.4259765625,276.6265174123341,9.286436611076883,83.98539411875242,75.90600119273877,25275412.0,-36.99317221931089,-54.54550317516974,335.6270181485156,-0.16957292303547636,14572180480,16.700464,12.92,1.3723034,1.84
2025-07-02,295.54290874473844,298.47844809995223,290.5674389005509,291.6620483398437,229071,0,294.7393630981445,301.5164514160156,294.82775751265086,300.258775714823,319.6099786148421,44.74546179271508,-5.077632099802713,-5.255837790621688,0.17820569081897464,313.02853417172463,294.7393630981445,276.4501920245644,9.1881917959572,74.1490868368155,77.97281134882303,25046341.0,-14.102030466153161,-39.508874281569696,335.5634130655527,-0.17043040815233162,14572180480,16.700464,12.92,1.3723034,1.84
2025-07-03,292.55761093477093,294.8463147915399,287.23385241731864,288.3782043457031,228394,0,293.78158416748045,301.2636968994141,294.2135143538939,299.79287095524967,319.29921469176605,41.951744364391324,-4.9531732288608055,-5.1953048782695115,0.24213164940870602,311.2795225848551,293.78158416748045,276.2836457501058,9.075639694404632,52.64877427676575,70.26108507744463,24817947.0,-38.527659319057946,-54.24116707231549,335.4950433281577,-0.2031599489218048,14572180480,16.700464,12.92,1.3723034,1.84
2025-07-04,291.562514787383,291.562514787383,284.8953734625086,288.2787170410156,201186,0,293.0029235839844,300.99303161621094,293.6482955621912,299.34133550763266,318.9905530235994,41.86645997296622,-4.807152608082447,-5.117674424232098,0.31052181614965146,310.01840304001234,293.0029235839844,275.98744412795645,8.903604096581045,31.379661717003884,52.72584094352845,24616761.0,-51.16389728713735,-54.48427690651346,335.4324625123281,-0.18061245288730865,14572180480,16.700464,12.92,1.3723034,1.84
2025-07-07,288.27871907618413,290.02013342594535,285.3929224308663,289.6718444824219,148698,0,291.86602783203125,300.99402709960935,293.2695859355465,298.96213978115384,318.6988245804036,43.59563946518573,-4.526833948521869,-4.999506329090052,0.4726723805681834,306.4004894557194,291.86602783203125,277.3315662083431,8.59814744647376,27.33206485654715,37.12016695010567,24765459.0,-44.4066433671876,-46.153859018330635,335.38642856557703,-0.18411351711157517,14572180480,16.700464,12.92,1.3723034,1.84
2025-07-08,290.5674342113832,292.55762211694054,286.5870584002683,291.4630126953125,152965,0,291.03512420654295,301.06368347167967,293.0975313412385,298.6680563660228,318.42782147706936,45.82678611844006,-4.112738002270646,-4.822152663726171,0.7094146614555248,303.522551422305,291.03512420654295,278.5476969907809,8.41046289434508,36.14167931862781,31.61780196405969,24918424.0,-15.47744080550667,-34.558902184854645,335.341017679045,-0.1174964584109395,14572180480,16.700464,12.92,1.3723034,1.84
2025-07-09,293.15469539405944,294.3487899608005,287.7811939240785,290.6171875,311303,0,290.2465133666992,301.12736938476564,292.8613081182634,298.3523360183357,318.15109875092935,44.92310719645683,-3.8089082821583133,-4.619503787412599,0.8105955052542857,300.55827175417534,290.2465133666992,279.9347549792231,8.278829547372004,47.00558051387653,36.826441563017234,24607121.0,7.84518745058411,-38.72554167396721,335.25033783219067,-0.08305596261984971,14572180480,16.700464,12.92,1.3723034,1.84
2025-07-10,291.6122575014853,294.4482812119738,284.9451465406743,286.9850769042969,786208,0,289.63950500488284,301.2507604980469,292.3016670502666,297.90656115111847,317.8409890808136,41.168829439368174,-3.817199708141686,-4.459042971558416,0.6418432634167299,299.1903974220818,289.63950500488284,280.0886125876839,8.366279913366826,42.57563966385471,41.90763316545309,23820913.0,-20.70668480967461,-56.617767539016626,335.0120743874043,-0.13479247703666147,14572180480,16.700464,12.92,1.3723034,1.84
2025-07-11,289.17432014958285,292.7068916740493,283.60178772079547,284.0993347167969,223953,0,288.93050079345704,301.4995343017578,291.5204925423171,297.365101290949,317.50525122644524,38.421480299712826,-4.010396644218247,-4.369313706090383,0.3589170618721358,297.89810208155245,288.93050079345704,279.96289950536163,8.419053059073041,27.98748297816411,39.18956771863186,23596960.0,-55.001023912826184,-71.89050453071432,334.941747931089,-0.20326979976577864,14572180480,16.700464,12.92,1.3723034,1.84
2025-07-14,286.2387542347089,286.2387542347089,279.1238389239442,280.3677062988281,295415,0,288.07471923828126,301.5861071777344,290.45832242388957,296.69853678145404,317.1357234162202,35.15446357851623,-4.413738999053862,-4.378198764683079,-0.03554023437078335,296.8794061538569,288.07471923828126,279.2700323227056,8.325900362765301,11.526368397598036,27.363163679872358,23301545.0,-145.94132653735858,-93.5732756803697,334.8398974995554,-0.24730719424905523,14572180480,16.700464,12.92,1.3723034,1.84
2025-07-15,282.40763553377104,284.5471117044262,278.6262908761654,280.3179626464844,332755,0,287.22888946533203,301.80104736328127,289.4925738736605,296.0561613251807,316.76937753791435,35.111603605833466,-4.683417101188354,-4.439242431984134,-0.24417466920422015,295.5903322004338,287.22888946533203,278.86744673023026,8.15410896744355,7.798652211340806,15.77083452903439,22968790.0,-144.52726576733133,-91.47865014744082,334.7240298167955,-0.26060524319168415,14572180480,16.700464,12.92,1.3723034,1.84
2025-07-16,280.61648257556834,293.3039299260595,279.4721306528208,289.6220703125,757113,0,287.07464904785155,302.08564392089846,289.5049068678357,295.80384403056576,316.49925507795996,47.905079031886125,-4.09912306994562,-4.371218559576431,0.27209548963081165,295.13457175047785,287.07464904785155,279.01472634522526,8.559658275000347,29.435201025966904,16.253407211635324,23725903.0,0.09916454805423068,-44.61166455422049,334.49305491723476,-0.14568939894693989,14572180480,16.700464,12.92,1.3723034,1.84
2025-07-17,292.06005829603004,302.4588016499645,290.5674174529498,293.3536682128906,1349559,0,287.5572677612305,302.3582989501953,289.87145556736476,295.7077587043824,316.26895073104384,51.993246095023,-3.296951867431403,-4.156365221147426,0.8594133537160227,295.90232510600976,287.5572677612305,279.2122104164512,8.865163493747788,47.3280141092522,28.187289115520045,25075462.0,165.79133432834777,-38.20467563612249,334.1559333814999,-0.21292324559286074,14572180480,16.700464,12.92,1.3723034,1.84
2025-07-18,295.34386694781364,295.34386694781364,286.4875370242653,292.50787353515625,757273,0,287.8433578491211,302.5672686767578,290.1225429928687,295.58227301147156,316.03252210222905,51.01602096817529,-2.698368855509557,-3.864765948019852,1.1663970925102953,296.4512230194619,287.8433578491211,279.2354926787803,8.864532524447828,63.17951763777696,46.647577590998765,24318189.0,71.73212803971076,-41.75358697728181,333.94994674760835,-0.17049907164619635,14572180480,16.700464,12.92,1.3723034,1.84
2025-07-21,293.55270180247743,293.65221726649014,284.6465992108192,285.6416931152344,399407,0,288.1219818115234,302.28068115234373,289.695795385475,295.192446348874,315.73012579390075,43.81626190909438,-2.746372411228265,-3.641087240661535,0.8947148294332701,296.0382195625536,288.1219818115234,280.20574406049326,8.874610062392335,49.82600249005183,53.444511412360406,23918782.0,-14.179794591244741,-70.5637299164403,333.83330695737766,-0.1899853483677284,14572180480,16.700464,12.92,1.3723034,1.84
2025-07-22,287.4826464181677,293.5527258049952,285.19394239801784,290.56744384765625,603542,0,288.6195297241211,302.12544677734377,289.7788095247303,295.01107370176743,315.47975084916203,49.339832455897756,-2.359746962994393,-3.3848191851281064,1.0250722221337134,295.8032729443638,288.6195297241211,281.4357865038784,8.837765301291265,45.3170492961288,52.77418980798594,24522324.0,23.319514431896962,-49.895531004569364,333.66501328675946,-0.14948389178825766,14572180480,16.700464,12.92,1.3723034,1.84
2025-07-23,291.3137606166668,291.4630186390559,281.6115943792201,282.55694580078125,477609,0,288.32349090576173,301.65277709960935,289.09101297959234,294.52267652917976,315.15216074917817,42.092392053131455,-2.6689576729551163,-3.2416468826935083,0.572689209738392,295.9787226864058,288.32349090576173,280.6682591251177,8.910169512615877,27.41313394408313,40.85206191008799,24044715.0,-100.23898382671965,-83.50717235828499,333.5189999301239,-0.20176929154926201,14572180480,16.700464,12.92,1.3723034,1.84
2025-07-24,282.60667242590296,288.2787198999034,281.26328956439164,285.7909851074219,247123,0,288.2463714599609,301.37315551757814,288.7767246108142,294.1802572577383,314.86000974776766,45.56860900985013,-2.6228152625888583,-3.1178805586725784,0.4950652960837201,295.97071187292426,288.2463714599609,280.5220310469976,8.774830999965584,28.319580568382126,33.68325460286476,24291838.0,-91.90548035366915,-69.93730832953965,333.44364013212896,-0.1820895021383027,14572180480,16.700464,12.92,1.3723034,1.84
2025-07-25,287.5821564670139,287.5821564670139,278.32779472092784,279.87017822265625,222666,0,287.77867736816404,300.87859375,287.9284820976563,293.61907768773506,314.5118522201546,40.74605499318427,-3.0290892479802096,-3.1001222965341046,0.07103304855389503,296.3010849735258,287.77867736816404,279.2562697628023,8.809083196117045,15.585049614428554,23.772588042298008,24069172.0,-147.15397732693575,-93.60829199434497,333.37147880172193,-0.19231540942388764,14572180480,16.700464,12.92,1.3723034,1.84
2025-07-28,281.5120750871283,287.4328962936781,273.8000969005061,283.7012939453125,568152,0,287.3905914306641,299.76209838867186,287.52589274981403,293.2301449919538,314.20527950100194,44.8156947376112,-3.007259472357191,-3.081549731698722,0.07429025934153088,295.9134509488723,287.3905914306641,278.86773191245584,9.15363435304954,30.78215097308455,24.895593718631815,24637324.0,-130.8005069306523,-65.45134495307747,333.1872613977776,-0.172694336645993,14572180480,16.700464,12.92,1.3723034,1.84
2025-07-29,282.60668152060384,293.5527149597821,281.0145251286064,291.41326904296875,506924,0,287.34332580566405,298.86253356933594,287.8961190634478,293.1588949547387,313.97849332729015,51.96725975024149,-2.3406853158896297,-2.9333768485369034,0.5926915326472737,295.76534457156936,287.34332580566405,278.92130703975874,9.395388315772838,49.78654706434036,32.05124921728456,25144248.0,20.000091156275293,-38.54163230180355,333.0462219559524,-0.1392766636913006,14572180480,16.700464,12.92,1.3723034,1.84
2025-07-30,293.50296616735926,293.55270871660923,285.6914727601426,287.2338562011719,156804,0,287.12191619873045,297.97092895507814,287.83304640989775,292.9265404938145,313.7123775349905,48.31312171162372,-2.1251665844883973,-2.7717347957272023,0.6465682112388049,295.30766204688024,287.12191619873045,278.93617035058065,9.285806004393825,69.10159610029827,49.89009804590779,24987444.0,30.652215804142546,-53.12502983611067,333.00293809204834,-0.13236239422134813,14572180480,16.700464,12.92,1.3723034,1.84
2025-07-31,278.8750913840378,291.2640237371804,278.8750913840378,288.02996826171875,151085,0,287.10450439453126,297.17982971191407,287.8518008719759,292.7345180533402,313.4568311740624,49.0480743415312,-1.8685869401334116,-2.591105224608444,0.7225182844750324,295.2809634163157,287.10450439453126,278.9280453727468,9.507457886447312,76.40641638569805,65.09818651677897,25138529.0,-28.98081018173899,-50.34712320178547,332.9587033019755,-0.10673163691927293,14572180480,16.700464,12.92,1.3723034,1.84
2025-08-01,287.5821451058106,291.5625208166177,280.0194251817058,282.0096130371094,227621,0,286.7910491943359,296.06830932617186,287.29540203056007,292.31393354289975,313.14392353090864,43.95773275227241,-2.126524821418002,-2.4981891439703556,0.3716643225523537,295.2395575837397,286.7910491943359,278.3425408049321,9.652860582766209,60.537370608846665,68.68179436494772,24910908.0,-58.040169647762305,-71.35419688931192,332.8900544733435,-0.12394123225047493,14572180480,16.700464,12.92,1.3723034,1.84
2025-08-04,284.5968625153579,292.55761391438887,282.4574166504396,291.1147155761719,312049,0,286.8631927490234,295.1080438232422,287.6591461777612,292.2669053873418,312.9247274318565,52.06101884892158,-1.5780460378676935,-2.314160522749823,0.7361144848821297,295.4326441395011,286.8631927490234,278.29374135854573,9.716799175231444,65.66392622085272,67.53590440513254,25222957.0,35.34921698664581,-39.58338722201682,332.80436463145793,-0.11072511852631482,14572180480,16.700464,12.92,1.3723034,1.84
2025-08-05,291.56254009324505,293.45321260730867,281.01453768865485,282.80572509765625,231638,0,286.4303283691406,294.05523498535155,287.1969155987036,291.8958787093149,312.6250358663421,45.583597133232786,-1.7931682138524252,-2.2099620609703434,0.4167938471179182,294.90068555694603,286.4303283691406,277.9599711813352,9.911218871190185,50.57704244244925,58.926113090716264,24991319.0,-26.460192152457648,-68.57629025498673,332.73672641775653,-0.13910439356250437,14572180480,16.700464,12.92,1.3723034,1.84
2025-08-06,272.75525449332173,280.0692010115672,263.6998935834872,269.0733947753906,565950,0,285.35313873291017,292.762607421875,285.4708659964833,291.0008793393571,312.1916862037456,37.31933522233899,-3.0367328137493814,-2.375316211526151,-0.6614166022232304,296.4820322861172,285.35313873291017,274.22424517970313,10.567976917117246,42.743213481971644,52.99472738175793,24425369.0,-285.1724871510251,-83.01887967722413,332.52044328979036,-0.15180606805713318,14572180480,16.700464,12.92,1.3723034,1.84
2025-08-07,268.675370225487,269.7699796592364,256.7342426599098,260.2170715332031,488088,0,284.01473846435545,291.3684814453125,283.06574271426615,289.7936711900961,311.67452585876504,33.14568219314115,-4.682916245367323,-2.8368362182943856,-1.8460800270729378,299.58775169294574,284.01473846435545,268.44172523576515,10.744245494417914,18.108349579865948,37.14286850142901,23937281.0,-312.2126775465959,-90.56603480984967,332.3089226789013,-0.13195857203266356,14572180480,16.700464,12.92,1.3723034,1.84
2025-08-08,260.71462625272545,264.6950022260495,258.02786032358824,261.8589782714844,269306,0,282.90272064208983,290.10670288085936,281.04605086257266,288.6981930364251,311.1788487683443,34.60584435060093,-5.788316216995781,-3.427132218034665,-2.3611839989611165,301.2261078046555,282.90272064208983,264.57933347952417,10.453023809278152,13.833970448973957,24.89517783693724,24206587.0,-234.8288532375526,-86.08107892065988,332.1915765405393,-0.10441881423161364,14572180480,16.700464,12.92,1.3723034,1.84
2025-08-11,261.85897001425303,262.7545485064388,256.3362106725593,257.580078125,172550,0,281.7633392333984,288.90562438964844,278.81119631613717,287.4778748046045,310.64552766741554,32.607122101265105,-6.929743372071016,-4.127654448841935,-2.802088923229081,303.1529568643178,281.7633392333984,260.37372160247907,10.164831953892536,8.930981339989026,13.624433789609702,24034037.0,-201.9868684275023,-96.65775312253663,332.1137965853825,-0.09604984980757461,14572180480,16.700464,12.92,1.3723034,1.84
2025-08-12,259.7195222904185,262.2569997288716,249.7685827390615,250.31588745117188,188858,0,280.2632354736328,287.7125067138672,276.0973573766167,286.02054196721497,310.0452327398907,29.49283086320448,-8.324532070146802,-4.967029973102909,-3.357502097043893,305.6775054663009,280.2632354736328,254.8489654809647,10.330802313600936,6.371366394716453,9.712106061226537,23845179.0,-184.74341438405514,-98.74999301264813,332.0233136226575,-0.10107885498485339,14572180480,16.700464,12.92,1.3723034,1.84
2025-08-13,253.64943715489437,253.64943715489437,238.3249966779817,239.61862182617188,336260,0,277.76306304931643,286.39699279785157,272.62319208609813,284.20085882442896,309.34447044224174,25.613274342063963,-10.175791902597666,-6.00878235900186,-4.167009543595806,308.3205668160977,277.76306304931643,247.20555928253512,10.68749075383749,3.0904625978776856,6.130936777527779,23508919.0,-192.81162385659965,-97.65765237377826,331.84160205946324,-0.18320155305552666,14572180480,16.700464,12.92,1.3723034,1.84
2025-08-14,243.20095261703275,245.53942944724457,240.066412782767,242.3053741455078,279978,0,275.2106483459473,285.09242462158204,269.73578085366097,282.55789864094186,308.67741475769714,28.16901613078248,-11.295917889413033,-7.0662094650840945,-4.229708424328939,308.53538240027416,275.2106483459473,241.88591429162042,10.347013387211433,7.004839320910073,5.488889437834795,23788897.0,-161.45659134660522,-92.79279030284,331.6887726225774,-0.11754655215739286,14572180480,16.700464,12.92,1.3723034,1.84
2025-08-18,245.73844049774843,261.4111849210729,241.06150211071423,253.2016448974609,409926,0,273.2453369140625,284.0794189453125,268.1611012387848,281.4066730039426,308.12541704764504,37.54137459599516,-11.175562885885654,-7.888080149244407,-3.2874827366412473,306.8924549244401,273.2453369140625,239.59821890368488,11.061489774579092,26.701461546556235,12.26558782178139,24198823.0,-101.01551260785764,-73.06307650884497,331.489107604321,-0.15187000823397168,14572180480,16.700464,12.92,1.3723034,1.84
2025-08-19,248.3256979679721,248.77348720816107,245.091642634266,246.98231506347656,270753,0,271.31236801147463,282.7708700561523,266.1440739839935,280.0566981827479,307.5170279731757,34.7540182891938,-11.450039688842878,-8.600472057164101,-2.8495676316787772,306.30377280211303,271.31236801147463,236.32096322083623,10.85066923805165,37.388367680844695,23.69822284943706,23928070.0,-107.86022330426587,-84.32432185595567,331.3496229819029,-0.1071677480551984,14572180480,16.700464,12.92,1.3723034,1.84
2025-08-20,246.1862339736354,248.02716383090663,243.54924111379896,244.2458038330078,277999,0,268.9962860107422,281.4941644287109,264.0585244458044,278.65234938471883,306.88746355387053,33.57285767924691,-11.752898026481034,-9.230957251027487,-2.5219407754535474,304.7077639426313,268.9962860107422,233.28480807885313,10.395473057984223,40.90576678219069,34.99853200319726,23650071.0,-101.7707028088363,-89.25993331143447,331.20405060645834,-0.16986504616708853,14572180480,16.700464,12.92,1.3723034,1.84
2025-08-21,245.7882010405289,255.1420779215364,245.7882010405289,250.7139129638672,194130,0,267.4041343688965,280.38065460205075,262.78760906657226,277.5567244270384,306.32852275197996,38.86194050102634,-11.340269522436898,-9.65281970530937,-1.6874498171275292,303.393585639152,267.4041343688965,231.41468309864106,10.431244560165965,37.23486475409457,38.50966640571004,23844201.0,-71.78860250528963,-77.52708648912603,331.1089085407064,-0.1125885821730193,14572180480,16.700464,12.92,1.3723034,1.84
2025-08-22,253.5996969351945,256.8834947933228,247.3803598039991,255.39085388183597,197765,0,265.8841278076172,279.505966796875,262.0831561918355,276.6874746017363,305.8216802756601,42.431301217686,-10.514661937237435,-9.825188151694983,-0.689473785542452,301.2005184576374,265.8841278076172,230.56773715759698,10.364951019391517,48.648515548255865,42.26304902818043,24041966.0,-55.18814414703368,-69.04333485826515,331.0154203777128,-0.10293050687251316,14572180480,16.700464,12.92,1.3723034,1.84
2025-08-25,256.38596023112547,264.89403205907973,253.50019373616,261.8092346191406,287536,0,264.98108062744143,278.77656311035156,262.0570684230074,276.104014210262,305.3837454930082,47.003976371977416,-9.235985600133915,-9.70734764138277,0.47136204124885417,299.7400291351764,264.98108062744143,230.22213211970643,10.438442969643532,68.61559547268057,51.499658591677054,24329502.0,-22.936839776108798,-57.40069301124282,330.89182721065623,-0.055836533421805924,14572180480,16.700464,12.92,1.3723034,1.84
2025-08-26,261.8589582405436,261.9584737058359,243.1014470114702,245.3404083251953,444086,0,263.0630363464355,277.7337045288086,260.4650055565491,274.89759829320053,304.7862993520349,38.54410501713639,-9.442672782830385,-9.654412669672293,0.21173988684190803,297.71171381428996,263.0630363464355,228.41435887858108,11.039770378552257,55.412445260936714,57.55885209395777,23885416.0,-61.59490141789952,-83.19428586744115,330.67513049421603,-0.15679932212070707,14572180480,16.700464,12.92,1.3723034,1.84
2025-08-28,247.23109052325788,247.629137216324,241.65857347569104,243.7980194091797,133796,0,260.6822738647461,276.6649737548828,258.87767354251395,273.6780069644154,304.1794507953896,37.856894069047854,-9.620037950233922,-9.64753772578462,0.027499775550698047,293.71770585864493,260.6822738647461,227.64684187084728,10.677684190129451,35.00980334496658,53.01261469286134,23751620.0,-83.910945517054,-82.59492544657877,330.6054089295489,-0.23369860199327264,14572180480,16.700464,12.92,1.3723034,1.84
2025-08-29,245.0418908507183,246.08674255915184,240.81274146547747,242.00685119628903,129181,0,258.42092361450193,275.6509732055664,257.2709285571592,272.4360008558614,303.5608179635577,37.031185334744315,-9.792254415179741,-9.676481063663644,-0.11577335151609702,290.0380380410579,258.42092361450193,226.80380918794597,10.291706826096945,8.14676592863893,32.85633817818079,23622439.0,-86.08729051940993,-86.14231015354542,330.5371133793377,-0.23044207113827128,14572180480,16.700464,12.92,1.3723034,1.84
2025-09-01,243.2009584994448,249.76858472924343,242.1959190629638,247.91770935058597,132592,0,256.4153106689453,274.9353015136719,256.3801457755808,271.4744992282035,303.00715519128937,41.56102989639592,-9.34406775386654,-9.609998401704223,0.26593064783768305,285.2298276439514,256.4153106689453,227.60079369393927,10.110994448015335,14.556812596143937,19.2377939565832,23755031.0,-61.88799594616117,-63.895141336486745,330.47004923527015,-0.23200781068915013,14572180480,16.700464,12.92,1.3723034,1.84
2025-09-02,250.76367551526775,253.53003548282507,246.0270337773048,250.26612854003903,85576,0,254.8281364440918,274.2049026489258,255.7978584198149,270.64279841690296,302.48236885645105,43.306064928288684,-8.699100972723244,-9.427818915908027,0.7287179431847832,281.22413473646685,254.8281364440918,228.43213815171674,9.92470925212283,26.389549187768058,16.364375904183692,23840607.0,-37.505404866023525,-55.05620851198609,330.4285307901251,-0.20846904161314878,14572180480,16.700464,12.92,1.3723034,1.84
2025-09-03,252.7538589649395,255.13214804122023,248.87299870007283,250.99253845214844,110425,0,252.82202758789063,273.623369140625,255.34020889908476,269.87219998691256,301.9700322355127,43.864445676719086,-8.03670283527498,-9.149595699781418,1.1128928645064384,273.32202837444504,252.82202758789063,232.3220268013362,9.662883544196012,48.433633227747386,29.793331670553176,23951032.0,-17.275244615035557,-52.32216152198437,330.3761664422016,-0.26619847611723324,14572180480,16.700464,12.92,1.3723034,1.84
2025-09-04,255.73914862608987,255.73914862608987,245.4598261607985,246.4847717285156,127506,0,251.0059799194336,272.94073486328125,254.49683393045913,268.9550459375637,301.41794009116444,41.15558324449258,-7.7857375051391955,-8.876824060852973,1.0910865557137779,266.34500383904134,251.0059799194336,235.66695599982583,9.706914895702823,51.26559017826974,42.029590864595114,23823526.0,-30.163641784300662,-74.14831090199553,330.31391856208006,-0.2593139001647649,14572180480,16.700464,12.92,1.3723034,1.84
2025-09-05,248.3754590573818,252.2065617017828,245.5593413220724,247.7783966064453,99766,0,249.94123001098632,272.12674835205075,253.85698275674352,268.12458910104925,300.88421329032144,42.25763124200646,-7.397190746193559,-8.58089739792109,1.1837066517275314,262.88526524847,249.94123001098632,236.99719477350266,9.488365287417649,50.1035253896309,49.9342495985494,23923292.0,-30.972379373665774,-71.07441100844311,330.2648520082957,-0.2506123781736704,14572180480,16.700464,12.92,1.3723034,1.84
2025-09-08,249.6690588079481,257.0327477528034,248.0371053841944,252.69415283203125,176938,0,249.56508407592773,271.4339639282227,253.74623704962806,267.51947395324464,300.40471020118423,46.36804497441877,-6.616335202002006,-8.187984958737273,1.5716497567352672,261.7050691741539,249.56508407592773,237.4250989777016,9.47164999162768,47.2434897596545,49.53753510918511,24100230.0,36.87781831530985,-50.66123503484343,330.18230427716685,-0.21464334631078322,14572180480,16.700464,12.92,1.3723034,1.84
2025-09-09,253.8484743350464,255.9182564023692,248.77348908415803,249.0222625732422,96235,0,248.92324829101562,270.62992797851564,253.2963347185437,266.79409311481317,299.8934420655828,43.85667508017419,-6.222068284011698,-7.794801623792158,1.5727333397804601,259.67324315726523,248.92324829101562,238.17325342476605,9.305444086383643,44.837671633690455,47.39489559432534,24003995.0,26.91681313645859,-65.90913150665705,330.1367010779797,-0.2548366435306656,14572180480,16.700464,12.92,1.3723034,1.84
2025-09-10,250.7537222721479,254.4455122109514,247.48981543049695,247.97740173339844,105113,0,248.44311447143554,269.76021575927734,252.7897696723394,266.05618364887533,299.3768645498397,43.140643851104294,-5.925613662736055,-7.4209640315809375,1.4953503688448828,258.43466391447924,248.44311447143554,238.45156502839183,9.137604993102986,38.349113922032465,43.4767584384592,23898882.0,13.676713452177422,-70.24802204818533,330.0861520214045,-0.2552998315613541,14572180480,16.700464,12.92,1.3723034,1.84
2025-09-11,250.56465786976025,252.5548457556457,247.1912900105416,248.22618103027344,113038,0,248.33862915039063,268.87756774902346,252.35514218261883,265.3569678599105,298.86790252476936,43.37768532919106,-5.6059746433222415,-7.057966153929199,1.4519915106069572,258.2932937776063,248.33862915039063,238.38396452317497,8.868030046817351,25.26006531816491,36.148950291296,24011920.0,5.842306868023292,-69.21494080236084,330.0314246076513,-0.23446191922616888,14572180480,16.700464,12.92,1.3723034,1.84
2025-09-12,249.95764958879735,252.2563141641785,248.77348536901232,250.95274353027344,122389,0,248.90533523559571,268.06338165283205,252.221580406205,264.7920963175718,298.39113477358035,46.03312001780943,-5.074155899982969,-6.661204103139953,1.587048203156984,258.06883554626523,248.90533523559571,239.7418349249262,8.52246598160933,27.739390565869012,30.449523268688854,24134309.0,29.583288925632043,-57.892613664610295,329.9732335104499,-0.16591515317516284,14572180480,16.700464,12.92,1.3723034,1.84
2025-09-15,252.65434379331768,261.7097046671596,251.281124489337,260.1473999023437,431607,0,249.7974365234375,267.49876556396487,252.9764203582182,264.6099513601119,298.01060009824465,53.88687408573977,-3.866186793327131,-6.102200641177388,2.2360138478502574,259.66411101024937,249.7974365234375,239.93076203662565,8.682072778414817,50.23443433685771,34.41129674029727,24565916.0,178.33657626589078,-8.564724942632244,329.78688643048963,-0.07004151093585058,14572180480,16.700464,12.92,1.3723034,1.84
2025-09-16,261.7096956314382,263.3715158058594,257.22181242590005,258.45574951171875,164048,0,250.06014175415038,266.9023062133789,253.49826122998016,264.3686101111553,297.61701949539366,52.37662936238959,-3.010659612226931,-5.483892435387297,2.473232823160366,260.5363414041028,250.06014175415038,239.58394210419794,8.501189249953713,65.69277372360652,47.88886620877781,24401868.0,187.22481496614614,-21.790928088415985,329.7182395818446,-0.12263353981489945,14572180480,16.700464,12.92,1.3723034,1.84
2025-09-17,260.3066108871936,262.4858689679223,255.73913350874813,256.4257507324219,156134,0,250.53231353759764,266.2373843383789,253.77706975402222,264.05712542963636,297.2071561246178,50.54591639786196,-2.4680024970384693,-4.880714447717532,2.4127119506790624,261.2593152826612,250.53231353759764,239.8053117925341,8.375871122040888,71.97677934852372,62.634662469662715,24245734.0,133.27917512718,-30.789638517745562,329.6516640379549,-0.1632730275643312,14572180480,16.700464,12.92,1.3723034,1.84
2025-09-18,258.0278525024227,259.7195243869521,255.24160155269436,257.07257080078125,112854,0,251.17365188598632,265.5495755004883,254.0909269965707,263.783221326544,296.80780701691793,51.13202680134445,-1.9631202218844805,-4.2971956025509215,2.334075380666441,261.85420707243156,251.17365188598632,240.49309669954104,8.097446244342093,61.18063593188967,66.28339633467337,24358588.0,101.89395543870891,-29.74624555594381,329.6030335225497,-0.12118171484255376,14572180480,16.700464,12.92,1.3723034,1.84
2025-09-19,258.6746720790088,261.70969633422146,255.7391329197525,258.22686767578125,183771,0,251.54929962158204,264.9017691040039,254.48482610887646,263.56532510494543,296.423917073225,52.2203036105249,-1.4531047829816828,-3.728377438637074,2.275272655655391,262.658625110818,251.54929962158204,240.4399741323461,7.945526042208297,57.12389498267114,63.42710342102825,24542359.0,106.08401947251451,-28.72229383170889,329.525311722145,-0.13355869012568045,14572180480,16.700464,12.92,1.3723034,1.84
2025-09-22,258.7244401653241,260.71462816659584,255.5600485315882,256.177001953125,133656,0,251.58860702514647,264.28560760498044,254.6459857130906,263.27558694212894,296.0234502561096,50.08709433966113,-1.2004824906859142,-3.222798449046842,2.022315958360928,262.75742748591557,251.58860702514647,240.41978656437738,7.7461727274082515,41.934945968351215,53.41315896097075,24408703.0,79.88638017358126,-40.16658391978271,329.46803727383474,-0.2070330743882923,14572180480,16.700464,12.92,1.3723034,1.84
2025-09-23,256.724280160353,258.515467503051,252.753864991004,253.5997009277344,152813,0,251.17813034057616,263.67561492919924,254.54633954305666,262.8961404317605,295.6013233971208,47.46188770042869,-1.194474993155609,-2.8171337578685955,1.6226587647129866,261.3754456786727,251.17813034057616,240.9808150024796,7.604417712025305,25.881800008689257,41.64688031990394,24255890.0,48.20255649805362,-54.55551693761936,329.4003697402621,-0.29038197548212424,14572180480,16.700464,12.92,1.3723034,1.84
2025-09-24,255.2415946126133,255.9680241184033,249.37054646312652,251.5497894287109,104223,0,251.48859939575195,263.09925659179686,254.26095381788087,262.4511854904644,295.1629996760421,45.42266383832357,-1.3396817173128568,-2.521643349757448,1.1819616324445912,261.32788302808353,251.48859939575195,241.6493157634204,7.532493422257553,12.619383980676746,26.81204331923914,24151667.0,2.1867979072855763,-66.36879954162181,329.3526422509039,-0.21914450516258377,14572180480,16.700464,12.92,1.3723034,1.84
2025-09-25,253.04243856048063,255.7391498959543,242.59395189157985,243.5293426513672,231309,0,251.47516555786132,262.36348419189454,253.23889561154624,261.7091524379508,294.6492319444533,38.45997444963933,-2.0779883613003562,-2.4329123520660296,0.3549239907656734,261.357054547529,251.47516555786132,241.5932765681936,7.933400892408761,10.41526360164755,16.305482530337922,23920358.0,-88.08739845278411,-95.49807300005713,329.24005691155264,-0.26599635144160344,14572180480,16.700464,12.92,1.3723034,1.84
2025-09-26,244.8030553682735,248.77348566571257,241.36003882966003,243.6487579345703,198790,0,251.5572608947754,261.44401794433594,252.32554916611997,261.00090167311237,294.14176454136987,38.610858043403944,-2.623226953099987,-2.4709752722728213,-0.1522516808271659,261.14608289301736,251.5572608947754,241.96843889653343,7.896261316954745,11.459903198915441,11.498183593746651,24119148.0,-139.09542667382163,-89.6021556963895,329.14037427336365,-0.2616680075601872,14572180480,16.700464,12.92,1.3723034,1.84
2025-09-29,245.58918833337265,252.4553304710915,243.79801619798943,247.57937622070312,180728,0,251.54034423828125,260.5285321044922,251.8735326951279,260.47456734164535,293.67845719489554,43.519574514011055,-2.706960266264616,-2.5181722710711805,-0.1887879951934357,261.1559466025846,251.54034423828125,241.9247418739779,7.9612835469237755,17.657127904246657,13.177431568269954,24299876.0,-81.68209043827895,-71.74502466250695,329.0535352748737,-0.28694622360269106,14572180480,16.700464,12.92,1.3723034,1.84
2025-09-30,248.77348084970413,249.9178327880415,243.79801123271005,247.1017303466797,145989,0,251.3821243286133,259.62040924072267,251.419075328609,259.9501423614506,293.2150071765053,43.06889280189097,-2.779817544121812,-2.570501325681307,-0.20931621844050508,261.1788180665915,251.3821243286133,241.5854305906351,7.8297505475243225,29.12774675931682,19.41492595415971,24153887.0,-94.0803641376488,-73.91501023203465,328.9826561834457,-0.28127638681035444,14572180480,16.700464,12.92,1.3723034,1.84
2025-10-01,246.77335656002572,252.74392031889852,245.78820807359733,250.3656463623047,99355,0,251.35077972412108,258.9148883056641,251.31874876038955,259.5742797732488,292.78864537735905,47.10029538671339,-2.544851255793418,-2.5653713117037293,0.020520055910311363,261.15626636778245,251.35077972412108,241.5452930804597,7.76731924022267,46.06261082157664,30.949161828380113,24253242.0,-44.079572000181294,-59.08676395326738,328.9360695911863,-0.26088987821349,14572180480,16.700464,12.92,1.3723034,1.84
2025-10-03,254.09724268391403,261.5604472054632,250.5348045702232,257.5601501464844,225577,0,251.90454864501953,258.25474243164064,251.91316794001764,259.49529429768944,292.4381130865046,54.71281492437727,-1.7578391752506661,-2.4038648844131165,0.6460257091624504,261.79881858745364,251.90454864501953,242.01027870258542,8.012139354718089,60.71063319228913,45.3003302577276,24478819.0,66.41156379350878,-26.401525284553898,328.8397123346056,-0.20228273425060841,14572180480,16.700464,12.92,1.3723034,1.84
2025-10-06,259.4210049245558,260.2568801984529,248.0172215760815,248.69387817382807,213795,0,251.95032272338867,257.5774810791016,251.60656891466627,259.07170935165567,292.002847067473,45.93911655804743,-1.828482868652685,-2.2887884812610304,0.46030561260834535,261.7760466903328,251.95032272338867,242.12459875644453,8.314105016693325,56.79659353893472,54.5232791842669,24265024.0,-7.687732175676924,-66.68174810759865,328.74329533653673,-0.24228265647322053,14572180480,16.700464,12.92,1.3723034,1.84
2025-10-07,248.75358101129703,253.94797263753145,247.47986197184545,252.20655822753903,108946,0,251.92594299316406,256.9057925415039,251.6637107539875,258.8024877389452,291.60686409394134,49.401040000490724,-1.5827792866214736,-2.147586642333119,0.5648073557116455,261.7465819067084,251.92594299316406,242.1053040796197,8.18224827733566,51.699638864431904,56.40228853188532,24373970.0,-25.426560968143907,-48.65754705546822,328.69354335470746,-0.23388550976353664,14572180480,16.700464,12.92,1.3723034,1.84
2025-10-08,252.25631000242083,255.7291780831621,248.77348126471483,250.38552856445312,96506,0,251.9941062927246,256.3160995483398,251.54197911688897,258.47241090857295,291.19670155135935,47.69583011465473,-1.5175064329500572,-2.021570600456507,0.5040641675064497,261.7519066111788,251.9941062927246,242.23630597427044,8.094637458843632,34.68338200220587,47.7265381351909,24277464.0,-18.68087942401829,-55.64795263620526,328.649763032431,-0.22235633086734846,14572180480,16.700464,12.92,1.3723034,1.84
2025-10-09,252.75385982490369,252.75385982490369,242.8029204617185,244.1064910888672,203510,0,251.80056076049806,255.52420349121093,250.8338373999345,257.9090415038786,290.7281422432749,42.27698767429226,-1.9499650905710553,-2.0072494984794167,0.05728440790836142,262.0123646745994,251.80056076049806,241.58875684639676,8.227230452010888,27.812231712989657,38.06508419320921,24073954.0,-99.48338377859052,-86.50369295605326,328.5515302281075,-0.23358286428948846,14572180480,16.700464,12.92,1.3723034,1.84
2025-10-10,244.7931050677405,247.75848070689855,241.71826848969093,244.09654235839844,171077,0,251.5940788269043,254.57786895751954,250.19219025312154,257.36737487072253,290.2641462245199,42.26879349925364,-2.2673577826981557,-2.0592711553231644,-0.20808662737499128,262.24422163539657,251.5940788269043,240.94393601841205,8.071014863810655,16.308841727078114,26.26815181409128,23902877.0,-123.2602774596367,-86.45322669804885,328.46709442092936,-0.2200200009924465,14572180480,16.700464,12.92,1.3723034,1.84
2025-10-13,244.08658450261723,244.08658450261723,238.1757392864283,240.8226776123047,188458,0,251.08757553100585,253.6496453857422,249.2998557159009,256.71856321352965,289.77219131295556,39.55205401159452,-2.751351435389836,-2.1976872113364987,-0.5536642240533372,262.7289549217349,251.08757553100585,239.44619614027678,7.917428307250618,11.619220394505753,18.580097944857908,23714419.0,-153.48214509272992,-88.68090063369229,328.3704106118423,-0.23026988287223,14572180480,16.700464,12.92,1.3723034,1.84
2025-10-14,242.80292435317003,243.4099322714101,236.3248681901256,237.73789978027344,130963,0,249.96710052490235,252.64380401611328,248.19871705536494,255.97422347104902,289.2544371683517,37.130433929213666,-3.3452734526135828,-2.4272044595919153,-0.9180689930216674,262.2033802766785,249.96710052490235,237.73082077312617,7.857973719681609,11.730041488960383,13.21936787018148,23583456.0,-155.26730860128527,-94.40063733315168,328.3019126579576,-0.3708609642007049,14572180480,16.700464,12.92,1.3723034,1.84
2025-10-15,238.8225510563862,238.8225510563862,233.8470812427115,234.18540954589844,146481,0,248.75358352661132,251.68731994628905,246.86411634017765,255.11976017986663,288.7064866447452,34.50998655482215,-4.055863730358794,-2.752936313745291,-1.3029274166135032,262.1415247369042,248.75358352661132,235.36564231631843,7.6520805835382575,8.050273412900415,10.46651176545558,23436975.0,-174.90464662531687,-98.77918725700206,328.2223859831434,-0.38180596862115124,14572180480,16.700464,12.92,1.3723034,1.84
2025-10-16,236.33481681735293,237.8374032391141,224.39368923079195,226.234619140625,299747,0,247.2440269470215,250.38971801757813,244.89940232117263,253.98700955087676,288.08487602281366,29.493162630683976,-5.200624422114231,-3.242473935419079,-1.958150486695152,263.36141653277554,247.2440269470215,231.12663736126748,8.065768685308537,5.650194084351194,8.476836328737395,23137228.0,-210.54572772749916,-95.04683752323078,328.0493295770009,-0.3933629380758943,14572180480,16.700464,12.92,1.3723034,1.84
2025-10-17,228.82185482944064,231.40910521896,218.25396175161896,220.50286865234372,388445,0,245.4155418395996,249.1436608886719,242.5759229241413,252.67390598622842,287.41241823803284,26.502096873323993,-6.495483983983661,-3.8930759451319954,-2.6024080388516655,264.6533865847338,245.4155418395996,226.1776970944654,8.429295455453717,6.124739189421405,6.608402228891069,22748783.0,-226.77817770374517,-94.80699743431816,327.8121405045162,-0.4285063119423962,14572180480,16.700464,12.92,1.3723034,1.84
2025-10-20,224.89123175153225,230.71253740805264,220.75163729284787,229.1800842285156,147271,0,243.96320266723632,248.34579467773438,241.30012876265315,251.7525796427887,286.8329920289829,36.93017003315569,-6.743752951064408,-4.463211346318478,-2.28054160474593,263.49649519521734,243.96320266723632,224.4299101392553,8.556464976900518,20.006092836088143,10.593675369953644,22896054.0,-160.58161078675454,-74.77023969414091,327.7254943700697,-0.39572702610556143,14572180480,16.700464,12.92,1.3723034,1.84
2025-10-21,232.85198719687304,235.7875113491077,227.65759549853615,232.6131591796875,96784,0,242.78501052856444,247.79371643066406,240.47279832618023,251.0020141344318,286.2934912046118,40.52556828309991,-6.587550260210065,-4.888079129096796,-1.6994711311132695,262.07040108607754,242.78501052856444,223.49961997105135,8.525997182162733,40.650163675475504,22.260331900328413,22992838.0,-99.4285274210933,-66.84284749134753,327.6715300518848,-0.3650609328495341,14572180480,16.700464,12.92,1.3723034,1.84
2025-10-23,239.8176404585849,239.8176404585849,230.75233402310445,233.33958435058597,193416,0,241.77200469970703,247.2233285522461,239.79344461421886,250.30936982918294,285.76658665880063,41.288248812367826,-6.33214899009343,-5.176893101296122,-1.1552558887973072,260.8054824473329,241.77200469970703,222.73852695208114,8.564519271685427,61.067762981601504,40.57467316438845,23186254.0,-67.69639248594187,-65.16544244846385,327.56681397972847,-0.35392954694990997,14572180480,16.700464,12.92,1.3723034,1.84
2025-10-24,229.96621794451465,234.10579723719584,228.9711239944024,229.87664794921875,516444,0,240.68834762573243,246.66925994873046,238.84898778898076,249.50808661820395,285.21046786567047,38.73797072361994,-6.33613267669125,-5.4087410163751475,-0.9273916603161023,259.839193877435,240.68834762573243,221.5375013740299,8.319530269621714,64.55637978971221,55.42476881559647,22669810.0,-87.12998669119645,-72.32886040451821,327.27741831786,-0.3923425932352764,14572180480,16.700464,12.92,1.3723034,1.84
2025-10-27,232.1554176121367,234.8222620643652,229.94630786610105,233.88687133789065,138086,0,240.2062240600586,246.34067962646483,238.37640526982932,248.8954899405446,284.69978531315525,43.11957022862788,-5.947143298414403,-5.516421472782999,-0.43072182563140426,259.53141241665026,240.2062240600586,220.88103570346692,8.078536258587766,64.25044497680592,63.291529249373276,22807896.0,-64.34506348856044,-58.28467153340122,327.20185525349854,-0.3288729243059267,14572180480,16.700464,12.92,1.3723034,1.84
2025-10-28,236.3248643804486,238.225482258854,231.85688714058108,232.87188720703125,145700,0,239.66738052368163,246.20574493408202,237.85216545432473,248.26711336275974,284.18408483448735,42.295040878775964,-5.655573222757056,-5.54425182277781,-0.1113213999792455,259.1786538575849,239.66738052368163,220.15610718977837,7.956397605708133,55.224460443159124,61.34376173655915,22662196.0,-47.88307425431285,-60.99308586750363,327.123466062213,-0.33947178674516953,14572180480,16.700464,12.92,1.3723034,1.84
2025-10-29,234.692916784418,234.692916784418,229.1701422638705,233.12066650390625,123436,0,238.9444450378418,246.02205078125,237.40154650666582,247.6731350545694,283.6759911197552,42.58484058307953,-5.342838510479851,-5.503969160318219,0.161130649838368,258.3003537468877,238.9444450378418,219.58853632879593,7.782567385339517,50.010309743937874,56.49507172130104,22785632.0,-57.789896076723636,-56.90797485630996,327.05573681948147,-0.32450962905201863,14572180480,16.700464,12.92,1.3723034,1.84
2025-10-30,234.7426585409179,238.92206531027733,232.8519860949153,237.14083862304688,162139,0,238.44640045166017,245.70083465576172,237.3767171844164,247.26010382196068,283.2129547765044,47.199483158440614,-4.71623389722032,-5.346422107698639,0.6301882104783187,257.4464358940367,238.44640045166017,219.44636500928362,7.660246801769696,54.41245394595697,53.21574137768473,22947771.0,-22.79801946735083,-35.986494475456404,326.97064715201884,-0.30854857377693284,14572180480,16.700464,12.92,1.3723034,1.84
2025-10-31,236.83235508182096,238.3249959751938,233.99633131084124,235.4093780517578,88939,0,237.6985870361328,245.46937591552734,237.18935155273465,246.79536947803115,282.73729729665615,45.50317091114637,-4.309680312493384,-5.139073748657588,0.8293934361642039,255.9248171342531,237.6985870361328,219.47235693801252,7.422276649097042,61.44545829299965,55.28940732763157,22858832.0,-21.761337335278093,-33.590110204834296,326.92383727001436,-0.325850220845378,14572180480,16.700464,12.92,1.3723034,1.84
2025-11-03,237.7776935371083,239.2205767109614,230.3642467330256,232.50369262695312,199495,0,236.44576416015624,245.23453369140626,236.74309832170783,246.23491156230259,282.23746043427104,42.727927653240585,-4.173834827720299,-4.94602596447013,0.7721911367498313,252.3334402237772,236.44576416015624,220.5580880965353,7.524709029728383,59.749227368906304,58.53571320262105,22659337.0,-32.840825450616954,-43.35447776056436,326.81684892983793,-0.3719980687228522,14572180480,16.700464,12.92,1.3723034,1.84
2025-11-04,233.2500082323688,234.2053050742771,224.69220965061356,229.94630432128903,108010,0,235.5083854675293,244.8191815185547,236.09578460738223,245.5961426508903,281.7171504231966,40.3928737520935,-4.223846294771931,-4.80159003053049,0.5777437357585589,250.5864779102086,235.5083854675293,220.43029302485002,7.66673662929518,44.437383309420774,55.21068965710898,22551327.0,-75.45018013661178,-45.777607204409975,326.7562751402108,-0.32763327274749976,14572180480,16.700464,12.92,1.3723034,1.84
2025-11-06,217.9355133754717,217.9355133754717,197.34703297972948,201.88465881347656,1840959,0,232.99229049682617,243.7490576171875,232.83758215081977,243.881966814129,280.9227972728511,24.543264702747226,-6.453429891577798,-5.131958002739951,-1.3214718888378467,252.28921098223756,232.99229049682617,213.69537001141478,9.447631965885492,26.72303509681015,43.636548591712476,20710368.0,-305.67316810328134,-89.31584429065158,325.48421694437764,-0.42275175709900825,14572180480,16.700464,12.92,1.3723034,1.84
2025-11-07,200.2626626386919,205.8849375286413,197.03855269074143,200.30245971679688,341509,0,230.48813705444337,242.51892211914063,229.7389990618652,242.17296653580223,280.120604859358,23.972111299306807,-8.252926598877906,-5.756151721967543,-2.4967748769103633,252.86017459147286,230.48813705444337,208.1160995174139,9.404685742457948,18.24618553831164,29.802201314847583,20368859.0,-279.6520109679742,-92.37032111631682,325.2421343105362,-0.4110586789126425,14572180480,16.700464,12.92,1.3723034,1.84
2025-11-10,197.0285999187793,199.6058895766043,190.29180970035944,192.92881774902344,411348,0,227.92925338745118,241.4706903076172,226.23326750826124,240.24182344612464,279.25302488811093,21.46508625123955,-10.156949001184643,-6.6363111778109625,-3.52063782337368,254.7502358655289,227.92925338745118,201.10827090937346,9.447968904885055,7.987885023895302,17.65236855300576,19957511.0,-248.96860907576584,-94.67548952073653,324.9358932899031,-0.4012622817227421,14572180480,16.700464,12.92,1.3723034,1.84
2025-11-11,192.05313696832204,200.30245933126577,189.06785504653467,199.2377166748047,396466,0,225.6863121032715,240.5794842529297,223.66226266697967,238.63381925901405,278.456852667083,28.367756801376604,-11.029681749639735,-7.514985292176717,-3.5146964574630184,254.17502158483353,225.6863121032715,197.19760262170945,9.575585717731201,11.886010004790984,12.706693522332705,20353977.0,-181.04708904286608,-79.96077905414108,324.6464175190536,-0.3273659556631176,14572180480,16.700464,12.92,1.3723034,1.84
2025-11-12,201.9045503369556,202.7702923726091,194.65032233955603,195.6454162597656,247882,0,223.42744903564454,239.65225555419923,220.99399158057832,236.94799953355331,277.6328582749704,26.917031137706232,-11.874317619861074,-8.386851757713588,-3.487465862147486,253.85549351673393,223.42744903564454,192.99940455455516,9.471613168825622,16.90186107564801,12.258585368111495,20106095.0,-139.4336194503587,-87.03923344734159,324.46817567288855,-0.3515354151535799,14572180480,16.700464,12.92,1.3723034,1.84
2025-11-13,196.03350248421617,198.72025303477764,194.1129785045092,195.78472900390625,220238,0,221.32979049682618,238.60959594726563,218.59310943041908,235.3337536304299,276.8184490284921,27.07279000475349,-12.389636243779847,-9.18740865492684,-3.202227588853008,253.26928641659615,221.32979049682618,189.3902945770562,9.124160408928681,28.418959837284536,19.06894363924124,20326333.0,-122.11509852637916,-86.6071596227332,324.30838368275,-0.34353625998174764,14572180480,16.700464,12.92,1.3723034,1.84
2025-11-14,196.03350488346683,202.99916241739712,193.2770904363973,201.8946075439453,241426,0,219.71525039672852,237.64216552734376,217.0027759174216,234.02241456821483,276.07293816794936,33.7423759008231,-12.164785752273986,-9.782884074396268,-2.3819016778777176,252.15282613421394,219.71525039672852,187.2776746592431,9.166868378362334,51.59914205006472,32.30665432099915,20567759.0,-91.96815840412363,-74.42461331762851,324.1380185167445,-0.28872351732001905,14572180480,16.700464,12.92,1.3723034,1.84
2025-11-17,203.2280340235725,204.51171372754624,198.02369689438103,201.0288848876953,185774,0,218.45496368408203,236.64289245605468,215.48145296220957,232.72855065917486,275.3262311701359,33.27797078298509,-11.919051297008451,-10.210117518918704,-1.7089337780897473,251.72925776760064,218.45496368408203,185.18066960056342,8.975521839419683,69.82021814279334,49.94610667671426,20381985.0,-73.98447634556155,-76.15078615036643,324.00912559756756,-0.26110358021147645,14572180480,16.700464,12.92,1.3723034,1.84
2025-11-18,201.0089741961195,201.0089741961195,194.5508091134062,194.95880126953125,153293,0,217.1777603149414,235.612373046875,213.52691470576403,231.24738401644373,274.52655525072686,30.14512510604947,-12.074917852343305,-10.583077585603624,-1.4918402667396808,251.966103185252,217.1777603149414,182.3894174446308,8.797132834767499,61.49629161095486,60.971883934604364,20228692.0,-81.57351919354437,-88.25398497331199,323.899213378651,-0.2509820995334076,14572180480,16.700464,12.92,1.3723034,1.84
2025-11-19,198.01374852997697,198.61079578344845,194.4314042734338,195.2871856689453,168794,0,215.48311538696288,234.562548828125,211.78979765463845,229.8371801596791,273.73810381210217,30.526169814845883,-12.033233715944789,-10.873108811671857,-1.1601249042729318,251.06077424383128,215.48311538696288,179.90545653009448,8.467294168713725,36.76980775138953,56.02877250171263,20397486.0,-75.70030036367075,-87.59921612225882,323.77771257954583,-0.2837946349649618,14572180480,16.700464,12.92,1.3723034,1.84
2025-11-20,195.53596111300828,197.78486797308096,194.0433201884815,195.1080780029297,102316,0,213.607861328125,233.41082733154298,210.20106244971382,228.4752545849046,272.955715495593,30.428675653404845,-11.877732126984881,-11.074033474734462,-0.8036986522504197,249.32962287773154,213.607861328125,177.88609977851848,8.129740855562707,16.386229987688882,38.217443116677806,20295170.0,-70.4211094235418,-87.95634064127104,323.70390870617666,-0.2944396028106176,14572180480,16.700464,12.92,1.3723034,1.84
2025-11-21,195.53595414610916,197.4365871664304,190.31171109640397,191.1575469970703,124742,0,211.4987594604492,232.25353302001952,208.38739431136682,227.0118150716562,272.14180337122957,28.283029040691776,-11.935683701606365,-11.246363520108842,-0.6893201814975232,247.29242020477162,211.4987594604492,175.7050987161268,8.057964799452973,13.382093020725852,22.179376919934807,20170428.0,-74.35285413290535,-95.83334287515277,323.6121647029292,-0.2999036918755245,14572180480,16.700464,12.92,1.3723034,1.84
2025-11-24,194.04331574659105,194.04331574659105,185.32629841311223,186.172119140625,137448,0,209.31353302001952,231.01742736816405,206.2716538189152,225.4102583684785,271.28638362764144,25.809659209453805,-12.242766118116208,-11.445644039710315,-0.7971220784058932,245.68417607197367,209.31353302001952,172.94288996806537,8.10503998045482,9.215885094099841,12.994736034171575,20032980.0,-85.54271980847459,-98.26956236370329,323.50778294281156,-0.28006757129897586,14572180480,16.700464,12.92,1.3723034,1.84
2025-11-25,185.38600770016825,187.86378194172283,183.04753082166408,184.34115600585935,152505,0,206.83624725341798,229.73972686767578,204.18303497957655,223.7997053346503,270.42125698463866,24.94680020395753,-12.489898790028406,-11.654494989773934,-0.8354038002544719,242.92267168789976,206.83624725341798,170.7498228189362,7.870126490426529,6.553992209991461,9.71732344160577,19880475.0,-94.64968182810951,-96.29206079141976,323.38921736790155,-0.3073796562736536,14572180480,16.700464,12.92,1.3723034,1.84
2025-11-26,189.0678505038447,189.45593653699547,185.56511554827347,186.87864685058597,100169,0,204.5365852355957,228.45824493408202,202.53499801491077,222.3518206882164,269.58998723206105,28.51369251771721,-12.338765302744633,-11.791349052368073,-0.5474162503765605,239.5389637274885,204.5365852355957,169.53420674370292,7.673316064762928,13.233790794534046,9.6678893662085,19980644.0,-82.96635681801892,-83.22438235620066,323.31269693539167,-0.2978048866434337,14572180480,16.700464,12.92,1.3723034,1.84
2025-11-27,186.60002026900443,189.06784899384516,184.5899262545172,185.1173248291016,113045,0,202.13641815185548,226.95764343261717,200.87617199721467,220.89164438001583,268.7494632280515,27.535481771911574,-12.220247486184945,-11.877128739131447,-0.34311874705349865,235.5150772999787,202.13641815185548,168.75775900373225,7.445073684374717,16.230843094551208,12.006208699692289,19867599.0,-86.57812801634651,-90.35698672288946,323.22578315040727,-0.3237607734290968,14572180480,16.700464,12.92,1.3723034,1.84
2025-11-28,186.9781391095567,188.57029543482037,183.69434136258357,185.883544921875,99549,0,199.57355346679688,225.5061993408203,199.44830275194423,219.51877773459856,267.92492672749256,28.681731414295392,-11.92700659702166,-11.88710431070949,-0.03990228631217008,229.50064941832673,199.57355346679688,169.64645751526703,7.26156514065058,22.057438791375663,17.174024226820357,19967148.0,-89.88797197023271,-86.78722543203021,323.14922025482764,-0.34168598171156567,14572180480,16.700464,12.92,1.3723034,1.84
2025-12-01,186.18207954065292,188.0628064525517,179.11690659580273,180.80856323242188,219314,0,196.84351272583007,223.99385559082032,197.67308946437066,218.00073010706222,267.0580972399794,25.773717413347967,-11.966181002710243,-11.90291964910964,-0.0632613536006037,222.90885924693268,196.84351272583007,170.77816620472746,7.381874763229037,18.84606050486689,19.044780796931306,19747834.0,-117.17481069924851,-93.33857261508959,322.97668842646164,-0.35263980530904554,14572180480,16.700464,12.92,1.3723034,1.84
2025-12-02,180.47023595575564,181.93302524922015,177.74367311826543,178.4999542236328,165692,0,194.14332580566406,222.42240325927733,195.8470765843004,216.45168007241793,266.17692168757793,24.554121076277692,-12.044669007837342,-11.93126952085518,-0.1133994869821624,215.66554207719196,194.14332580566406,172.62110953413617,7.1538374323523,16.203617697458167,19.03570566456696,19582142.0,-144.31965282886335,-97.17468634926844,322.8435894728483,-0.3552940668050431,14572180480,16.700464,12.92,1.3723034,1.84
2025-12-03,180.26125783800475,180.26125783800475,176.1913273424934,177.38543701171875,104277,0,191.51528244018556,220.8055746459961,194.08882519643547,214.91967054062582,265.2934243276191,23.964558963246905,-12.057808629809443,-11.956577342646032,-0.10123128716341157,206.8571877574224,191.51528244018556,176.17337712294872,6.93355836543509,10.697521930211808,15.249066710845677,19477865.0,-146.58253171091772,-95.78356858204593,322.75910789643615,-0.3653745184783542,14572180480,16.700464,12.92,1.3723034,1.84
2025-12-04,178.28103768406507,179.813475702966,172.15125524060355,173.10655212402344,157635,0,190.07637710571288,219.14416564941405,192.09051347525337,213.2799404066414,264.3761420171356,21.800359269977488,-12.272027827469145,-12.019667439610654,-0.25236038785849146,206.61009240546406,190.07637710571288,173.5426618059617,6.985605658072759,7.182980419811206,11.36137334916045,19320230.0,-152.5867881105073,-97.04795009685864,322.6290110413171,-0.2883323114606945,14572180480,16.700464,12.92,1.3723034,1.84
2025-12-05,174.14144713037174,174.14144713037174,169.21573494832708,169.74313354492188,133298,0,188.54841079711915,217.46703430175782,189.96219157712656,211.57261464735828,263.43452004228766,20.252135556197455,-12.568318107416104,-12.129397573171744,-0.4389205342443603,206.5983034028709,188.54841079711915,170.4985181913674,6.838470409785038,5.963357862206304,7.947953404076496,19186932.0,-165.3007549558084,-98.34116117428516,322.516209092205,-0.30904099936702967,14572180480,16.700464,12.92,1.3723034,1.84
2025-12-08,171.15615516766815,173.146343018455,163.53373205501177,166.7080841064453,248589,0,187.23737411499025,215.7702001953125,187.7475146751569,209.81322129281267,262.47206794342355,18.944680175987283,-12.899337876171359,-12.283385633771667,-0.6159522423996915,207.49782167494874,187.23737411499025,166.97692655503175,7.03662330647491,8.623035813016577,7.256458031678085,18938343.0,-165.7873894330043,-90.95034842138134,322.3018050285047,-0.2964505795222813,14572180480,16.700464,12.92,1.3723034,1.84
2025-12-09,168.6584800420641,172.72841067731952,163.37451838203697,170.97705078125,207323,0,185.8243408203125,214.31915435791015,186.15032763764196,208.29023421392785,261.56166976270544,26.165054114131454,-12.671138497278122,-12.360936206472958,-0.31020229080516337,206.4780828937324,185.8243408203125,165.1705987468926,7.20214251996117,21.69053518137457,12.092309618865874,19145666.0,-136.61077336157769,-77.9062622450318,322.1248667494328,-0.3718931126191875,14572180480,16.700464,12.92,1.3723034,1.84
2025-12-10,170.9571393328019,175.82314801815443,169.16596723121512,170.36007690429688,193898,0,184.56007385253906,212.8533807373047,184.64649423446625,206.80277706453055,260.6541912268009,25.807247350716732,-12.397166660725247,-12.368182297323417,-0.02898436340183075,205.74312285185673,184.56007385253906,163.3770248532214,7.16321668188818,34.9224090862591,21.74532669355014,18951768.0,-102.42551263587059,-79.49167865734405,321.96272791899725,-0.35866682673555456,14572180480,16.700464,12.92,1.3723034,1.84
2025-12-11,171.72336930238592,172.7980574006622,168.81768162239018,171.94227600097656,105895,0,183.3679512023926,211.34063873291015,183.4365686884196,205.43569859145,259.77148560266335,28.507272526082282,-11.915022796332153,-12.277550397125164,0.36252760079301183,204.57361382176526,183.3679512023926,162.16228858301992,6.935870903058453,52.113185664753864,36.2420433107959,19057663.0,-94.637597817456,-72.06360093910331,321.87397390841767,-0.3330614554622416,14572180480,16.700464,12.92,1.3723034,1.84
2025-12-12,173.64388597080472,173.73344077787905,170.8178229320988,172.1512451171875,90543,0,181.8807830810547,209.8416290283203,182.3617759673499,204.1304259061848,258.89964241375316,28.875428329118463,-11.384821117849697,-12.099004541270071,0.7141834234203746,201.81439667927035,181.8807830810547,161.94716948283903,6.648709970395724,60.6074633777115,49.21435270957488,19148206.0,-78.46717171313084,-66.34873654873735,321.79869701023995,-0.415564274518898,14572180480,16.700464,12.92,1.3723034,1.84
2025-12-15,171.15616263457375,177.1267264474077,164.5885363668848,174.86785888671875,129862,0,180.57273178100587,208.33167327880858,181.64806957871835,202.98287425836259,258.0635052642304,33.65828076171663,-10.622969460866955,-11.803797525189449,1.180828064322494,198.65618330056677,180.57273178100587,162.48928026144497,7.069387121119093,74.30099104660603,62.340546696357194,19278068.0,-71.12012046611169,-55.93283909488368,321.69083395935075,-0.39028672474334186,14572180480,16.700464,12.92,1.3723034,1.84
2025-12-16,175.1365375250441,176.14157696167229,173.14634959862315,174.17129516601562,103000,0,179.5333564758301,206.6638961791992,180.9359958251276,201.8530084116039,257.2287569050442,33.04467914678148,-9.960583992678806,-11.43515481868732,1.474570826008513,196.54787656432183,179.5333564758301,162.51883638733835,6.778375709828382,76.83554423326562,70.58133288586112,19175068.0,-47.43705778147974,-57.97829036996608,321.6067029143852,-0.36166859066212725,14572180480,16.700464,12.92,1.3723034,1.84
2025-12-17,176.86800861247622,176.86800861247622,170.75813221230527,172.5592498779297,82189,0,178.3969596862793,205.14120361328125,180.13821049682304,200.70423356714608,256.386274248058,31.60852876609012,-9.45670629565305,-11.039465114080466,1.5827588184274166,194.03087502784012,178.3969596862793,162.76304434471848,6.730625759138566,74.52485314252436,75.22046280746541,19092879.0,-51.25838036427136,-63.546544023423664,321.53914192737346,-0.34917834629866634,14572180480,16.700464,12.92,1.3723034,1.84
2025-12-18,173.70359341452175,174.12153104166242,168.22063134464426,171.2855224609375,58511,0,177.2058319091797,203.5227828979492,179.29509735054822,199.55055862180456,255.5395005984349,30.48129063264875,-9.055769474602016,-10.642725986184775,1.586956511582759,191.09850552461316,177.2058319091797,163.31315829374623,6.6713596118442515,64.47091711665686,71.94377149748235,19034368.0,-66.16181374082169,-67.95644940505755,321.49037311394744,-0.33779194568801324,14572180480,16.700464,12.92,1.3723034,1.84
2025-12-19,172.15125891037997,183.99287122428527,171.15616492823904,182.68930053710935,258694,0,176.78241958618165,202.16885833740236,179.61835479688736,198.8893328145616,254.8146229858844,48.26897508336108,-7.728742438077063,-10.059929276563233,2.33118683848617,189.40671691569102,176.78241958618165,164.15812225667227,7.111741517858678,70.0887501892709,69.69484014948411,19293062.0,24.855486881257924,-6.322380343132076,321.28668948911064,-0.2166900526731655,14572180480,16.700464,12.92,1.3723034,1.84
2025-12-22,181.25635912282883,188.4608448746427,181.25635912282883,185.40591430664065,136774,0,176.7441093444824,200.9948468017578,180.1695509406734,198.36057130444706,254.123989068678,51.45552928524173,-6.38426212370797,-9.324795845992181,2.9405337222842114,189.25836733525495,176.7441093444824,164.22985135370988,7.1183661059983345,77.20046508212972,70.58671079601923,19429836.0,95.42633121840016,-12.177672043383867,321.18359528793565,-0.17075491694490152,14572180480,16.700464,12.92,1.3723034,1.84
2025-12-23,187.0776537482308,187.7045677659249,183.9630049732464,185.3262939453125,101811,0,176.7933662414551,199.8194418334961,180.66066932206758,197.84942317271629,253.439434888346,51.35568122058919,-5.264490713938329,-8.51273481958141,3.2482441056430815,189.43396365619427,176.7933662414551,164.1527688267159,6.877165869332633,87.56731500081332,78.28551009073804,19328025.0,101.83891803699804,-12.495057537635574,321.10730692402205,-0.1585467603785064,14572180480,16.700464,12.92,1.3723034,1.84
2025-12-24,185.39594583096667,203.78527722356583,185.39594583096667,197.86447143554688,355825,0,177.34265747070313,198.96027770996093,182.29912666620845,197.85001330067044,252.88645017737286,63.400029172208725,-3.3269862402375736,-7.4755851037126435,4.14859886347507,192.41028958097579,177.34265747070313,162.27502536043048,7.704438541398397,84.25729015904767,83.00835674733031,19683850.0,197.98302283374713,-14.651558044820302,320.86102537688686,-0.09338624386107607,14572180480,16.700464,12.92,1.3723034,1.84
2025-12-26,197.02859727889205,198.9192696640576,193.82439362358167,194.90904235839844,107577,0,177.83224334716797,198.10370056152342,183.50007101784558,197.73468110685585,252.30956054733332,59.65083034221376,-2.0068447557119384,-6.381837034112502,4.374992278400564,194.43649717522538,177.83224334716797,161.22798951911057,7.518041219903934,80.22060682535259,84.01507066173794,19576273.0,179.55346731942836,-21.965028917114925,320.7868771203974,-0.08550023468570242,14572180480,16.700464,12.92,1.3723034,1.84
2025-12-29,196.531054536423,196.71016415860083,188.8787796544117,190.25201416015625,90504,0,178.05066680908203,197.2250326538086,184.14311322187518,197.44124318737744,251.69207252358032,54.21072579420091,-1.3211766710491872,-5.369704961499839,4.048528290450652,195.17946886736283,178.05066680908203,160.92186475080123,7.540422883067164,65.35931289126195,76.61240329188747,19485769.0,130.7044972245362,-33.48925744374261,320.7226004231483,-0.10168380719123236,14572180480,16.700464,12.92,1.3723034,1.84
2025-12-30,191.0580418577325,191.0580418577325,183.5649854933388,185.4556579589844,140985,0,178.28302154541015,196.40945343017577,184.26811748255224,196.97122023724438,251.03300372194255,49.2308831124877,-1.1515314963094738,-4.526070268461766,3.3745387721522926,195.6791557512455,178.28302154541015,160.8868873395748,7.5370395603047715,40.69210682732439,62.090675514646385,19344784.0,76.42151530967524,-46.76312076966257,320.6185192885894,-0.0819830976756142,14572180480,16.700464,12.92,1.3723034,1.84
2025-12-31,183.59483428786515,194.0433207920526,183.59483428786515,193.30694580078125,140057,0,179.02337112426758,195.86553497314452,185.12895827476453,196.82752320052035,250.4586150859111,56.30645906634511,-0.3791821840332261,-3.6966926515760585,3.3175104675428324,197.6128106898009,179.02337112426758,160.43393155873426,7.745000056296392,32.48629002788467,46.179236582157074,19484841.0,95.94610349932309,-26.732659894090556,320.51807528942624,-0.005951843404380148,14572180480,16.700464,12.92,1.3723034,1.84
2026-01-01,195.038412549694,196.03350649127404,191.85411497342344,192.5606231689453,81209,0,179.7821304321289,195.13314575195312,185.83673588373412,196.66019378751741,249.88251566385173,55.51443476717025,0.17072025448729278,-2.923210070363388,3.093930324850681,199.25979131747124,179.7821304321289,160.30446954678655,7.490313732121693,38.705550453913766,37.29464910304102,19403632.0,105.41703290379418,-28.636702463764376,320.46132112327814,-0.009646066039666524,14572180480,16.700464,12.92,1.3723034,1.84
2026-01-02,193.0482214261092,194.81948739767572,189.51563495601076,190.3316192626953,158417,0,180.6433837890625,194.28751495361328,186.26482001506375,196.41201439438714,249.2899694310044,53.11152235698825,0.42179769095506003,-2.2542085180996985,2.6760062090547585,200.38567134528944,180.6433837890625,160.90109623283558,7.334137925660498,52.74748127637022,41.313107252722965,19245215.0,80.31463255051234,-34.32340971935006,320.34907669515087,-0.006684326009360022,14572180480,16.700464,12.92,1.3723034,1.84
2026-01-05,192.0431830426048,192.1625894553637,186.0825649348932,186.59005737304688,86187,0,181.48572998046876,193.3525244140625,186.29579500153832,196.02683960923653,248.66608970903468,49.25736056389436,0.3152317973786012,-1.7403204550040385,2.0555522523826397,200.72707150838605,181.48572998046876,162.24438845255148,7.244558396718354,44.774996389681085,45.4093427066551,19159028.0,50.72158596291018,-48.34919461607856,320.286540246818,0.0046572567875374825,14572180480,16.700464,12.92,1.3723034,1.84
2026-01-06,185.823854822725,186.90850361404628,182.45048684639056,185.13723754882807,107496,0,182.40718765258788,192.45773620605468,186.1854561965183,195.5997963911813,248.03396182684358,47.806675165023094,0.11225315634962385,-1.369805732733306,1.4820588890829298,200.4577783580663,182.40718765258788,164.35659694710947,7.0455197089281665,31.839351528418305,43.12060973148996,19051532.0,20.557229961795457,-52.43420597585668,320.2065910185057,0.043805461221176546,14572180480,16.700464,12.92,1.3723034,1.84
2026-01-07,183.1470387863065,185.09741436409485,181.6145856484017,182.19174194335935,82286,0,182.96792221069336,191.42383361816405,185.8051024581222,195.07399033440396,247.37881536034124,44.91828051789372,-0.28302324211614405,-1.1524492346098736,0.8694259924937295,200.24350641005714,182.96792221069336,165.69233801132958,6.793886294035182,16.014886888516745,30.87641160220546,18969246.0,0.5365155961473965,-60.71629492311218,320.14461339068947,-0.02481757269354505,14572180480,16.700464,12.92,1.3723034,1.84
2026-01-08,182.25144962267453,183.62468412314135,176.18138567953943,177.02720642089844,90564,0,183.30127868652343,190.3069400024414,184.969112359339,194.36627331818806,246.67879935099356,40.31856825019145,-1.0014731316846053,-1.1222540140248198,0.12078088234021456,199.83210357321423,183.30127868652343,166.77045379983264,6.8402728761470915,9.440371348750359,19.09820325522855,18878682.0,-39.18948808963915,-82.00673852380513,320.0744666430204,-0.004169873362443655,14572180480,16.700464,12.92,1.3723034,1.84
2026-01-09,177.17647862915638,179.02735396047763,170.18096946243642,171.1063995361328,148803,0,183.25948486328124,189.06665466308593,183.64885399522413,193.4541214051663,245.92683517373126,35.79330679842146,-2.0252635017074567,-1.3028559115613472,-0.7224075901461096,199.90877348581034,183.25948486328124,166.61019624075215,6.983566563425242,4.250305030475778,9.901854422581044,18729879.0,-91.71682544439635,-97.24609689842548,319.9548710223254,-0.07388010812992535,14572180480,16.700464,12.92,1.3723034,1.84
2026-01-12,170.75812822944366,174.141441592527,168.3400420305445,173.5642852783203,125633,0,183.33013687133788,187.79512359619142,182.68841887932854,192.67412783156448,245.20680980163763,38.86107035097564,-2.6082278805342582,-1.5639303053559295,-1.0442975751783288,199.8013124747489,183.33013687133788,166.85896126792687,6.899126063322188,12.294393379459166,8.66168991956185,18855512.0,-104.5740914730488,-85.26108454542182,319.8530701314306,-0.03098098348943826,14572180480,16.700464,12.92,1.3723034,1.84
2026-01-13,175.13652826372862,175.1464737366204,168.13107381410782,168.68832397460938,126764,0,183.02116012573242,186.46070251464843,181.35507650745052,191.7335080724682,244.44543183320948,35.26168845809379,-3.424208533409285,-1.9359859509666006,-1.4882225824426842,200.32642714140854,183.02116012573242,165.7158931100563,6.907431338978645,11.876499424586248,9.473732611507147,18728748.0,-115.04923210111323,-98.43707022674995,319.7495510939733,-0.10445021076575006,14572180480,16.700464,12.92,1.3723034,1.84
2026-01-14,167.47431945042075,171.1362579993432,167.17578822038425,168.26043701171875,103384,0,182.7256172180176,185.17583740234375,180.1079679840475,190.81299548185058,243.6873721832444,34.95571423758077,-4.058620728189737,-2.360512906411228,-1.6981078217785095,200.8097166274797,182.7256172180176,164.64151780855548,6.696934084691525,12.671177638298909,12.28069014744819,18625364.0,-123.63012542087499,-96.58308181079906,319.6642143720839,-0.10994949780809107,14572180480,16.700464,12.92,1.3723034,1.84
2026-01-16,168.73808780835438,171.6437603102707,167.17578302395196,167.6434783935547,143961,0,182.47982864379884,183.92978088378905,178.9208737373339,189.90438696858408,242.93071652364551,34.49098605771172,-4.558631303575652,-2.8001365858441125,-1.7584947177315393,201.23126007406054,182.47982864379884,163.72839721353714,6.537722884807754,4.608256896064808,9.718644652983405,18481403.0,-117.77447946771764,-98.41643754961218,319.5455159411231,-0.13765676789948772,14572180480,16.700464,12.92,1.3723034,1.84
2026-01-19,167.64347526348433,171.53429616607488,164.1904981186387,164.7676544189453,183964,0,182.15393524169923,183.18744079589842,177.57294808796354,188.9186327509512,242.15297461215596,32.33314372773846,-5.127837726099557,-3.2656768138952015,-1.8621609122043554,201.87380034308538,182.15393524169923,162.43407014031308,6.595299682138356,5.2694281474067965,7.5162875605902535,18297439.0,-128.4497761793991,-98.18749443032333,319.39210668518814,-0.18819936581278435,14572180480,16.700464,12.92,1.3723034,1.84
2026-01-20,164.76766011291863,167.8225906817816,154.16990030321645,155.075439453125,300979,0,180.7732421875,182.282900390625,175.4303282179789,187.59144870005605,241.28653147624522,26.349879832279306,-6.288528422203939,-3.8702471355569488,-2.41828128664699,203.74799985785853,180.7732421875,157.79848451714145,7.099399017597413,4.510379701786157,4.79602158175267,17996460.0,-160.10721182738467,-97.83692989600387,319.1289692949112,-0.3514481334363192,14572180480,16.700464,12.92,1.3723034,1.84
2026-01-21,157.22483952581032,161.49378576618398,152.66730754533253,156.62777709960938,282741,0,179.33433532714844,181.55687957763672,173.63960906384847,186.377187068666,240.44415581080605,28.62794560254946,-7.002404130575258,-4.49667853456061,-2.5057255960146474,204.47128114142797,179.33433532714844,154.1973895128689,7.222761817829844,10.151769272243811,6.643859040479004,18279201.0,-146.32366430087046,-90.86738139255922,318.8793410763454,-0.3509373515111798,14572180480,16.700464,12.92,1.3723034,1.84
2026-01-22,161.20522400986485,164.04124791323963,155.23466015764762,156.4685821533203,166266,0,177.89144973754884,180.70149688720704,172.0042731676077,185.20430060139753,239.6085779634679,28.530484858808013,-7.494608295178949,-5.096264486684278,-2.398343808494671,204.74151844502566,177.89144973754884,151.04138103007202,7.335892241955713,15.072960984754522,9.911703319594913,18112935.0,-118.23329900452765,-90.98202128263962,318.7343991423682,-0.3739018594809403,14572180480,16.700464,12.92,1.3723034,1.84
2026-01-23,156.22974928307096,158.8965937659867,151.76177200614973,153.12506103515625,219188,0,175.65447921752929,179.85108978271484,170.2062529645171,183.94629120664297,238.74804545671853,26.490664737535447,-8.061549330489214,-5.689321455445265,-2.372227875043949,202.92718579183867,175.65447921752929,148.3817726432199,7.321530064661516,15.932280650383676,13.719003635794087,17893747.0,-125.52262754718772,-96.62559048286522,318.53897575045363,-0.48239270780389054,14572180480,16.700464,12.92,1.3723034,1.84
2026-01-27,155.03563967581627,155.03563967581627,149.30388883460506,151.69212341308594,174081,0,173.49363327026367,178.96923767089845,168.44300253104745,182.68142188140544,237.8818173766824,25.644443545833333,-8.528172808569934,-6.257091726070199,-2.2710810824997356,201.16699161087186,173.49363327026367,145.82027492965548,7.207974405843637,13.274246358857708,14.759829331332051,17719666.0,-127.09618590416534,-93.64909176044387,318.3816590499669,-0.46043862846396516,14572180480,16.700464,12.92,1.3723034,1.84
2026-01-28,151.6523076903045,158.8368870242785,151.42344033966734,156.76708984375,231849,0,171.81938705444335,178.06668731689453,167.33101084654294,181.66517356620326,237.0747056599368,33.71986167987812,-8.391733222186247,-6.6840200252934086,-1.707713196892838,199.28553249337668,171.81938705444335,144.35324161551003,7.222650997184174,23.477526052559508,17.56135102060038,17951515.0,-98.00000047200389,-79.14929893397589,318.17720420275015,-0.3873383524222455,14572180480,16.700464,12.92,1.3723034,1.84
2026-01-29,158.02091467275477,158.02091467275477,151.6622652463975,153.89126586914062,88042,0,170.24116744995118,177.12393493652343,166.05103513440937,180.57600071533807,236.24700974162042,31.62391136120834,-8.418614282427853,-7.030938876720297,-1.3876754057075562,198.01741568118604,170.24116744995118,142.46491921871632,7.160936599267965,31.555083384848217,22.76895193208856,17863473.0,-95.53716354650211,-86.63382653004017,318.09915039926034,-0.37977256896518696,14572180480,16.700464,12.92,1.3723034,1.84
2026-01-30,153.64250003344938,158.89659488249848,149.85119450777597,151.60256958007812,217902,0,168.15594863891602,176.25681030273438,164.67499079590164,179.4397877296416,235.40477650618217,30.02442532766963,-8.526310380805285,-7.330013177537294,-1.1962972032679904,194.93655460234876,168.15594863891602,141.37534267548327,7.295541154657576,35.243902938130304,30.09217079184609,17645571.0,-93.5939570611121,-92.26644425292058,317.9050216478115,-0.45166164335732667,14572180480,16.700464,12.92,1.3723034,1.84
2026-02-02,151.52296409322392,152.42848807229228,145.73150986017646,147.45301818847656,227832,0,165.90056838989258,175.300126953125,163.03480292852782,178.18540461038023,234.52963463237415,27.325840564952266,-8.84454008022243,-7.632918558074321,-1.2116215221481088,191.65825721404207,165.90056838989258,140.1428795657431,7.252786658761736,22.72221773808313,29.840401353687298,17417739.0,-111.94592408320767,-94.14750826983432,317.6964867121317,-0.44882153459561075,14572180480,16.700464,12.92,1.3723034,1.84
2026-02-03,152.24937006397587,154.2296124349437,148.38840078781016,149.32379150390625,251819,0,163.8501770019531,174.38444122314453,161.72899231665912,177.05357664542046,233.68181529776254,30.3645987713404,-8.843837385597908,-7.875102323579038,-0.9687350620188697,187.97951124934687,163.8501770019531,139.72084275455936,7.218772915026408,21.441848268439703,26.469322981551127,17669558.0,-90.2898642143497,-87.78757077921637,317.46946012187414,-0.4546477265987767,14572180480,16.700464,12.92,1.3723034,1.84
2026-02-04,150.2591787452099,163.98151693114548,149.96064753873185,161.56344604492188,330310,0,162.59884643554688,173.79255920410156,161.71322600506508,176.44612054344012,232.96421958380392,46.21132769532384,-7.766119671317057,-7.853305793126642,0.08718612180958552,184.36089721924785,162.59884643554688,140.8367956518459,7.750126665898753,42.37101624654016,28.845027417687742,17999868.0,-34.67675135349628,-38.90173215469272,317.1865811983648,-0.343886862051764,14572180480,16.700464,12.92,1.3723034,1.84
2026-02-05,161.76246414818004,168.05146496974854,159.73247924558035,161.6629638671875,349371,0,161.42513275146484,173.3023760986328,161.70843913479104,175.86638890907727,232.25475435279282,46.31829529055351,-6.825312408821532,-7.64770711626562,0.8223947074440883,180.57339114498143,161.42513275146484,142.27687435794826,7.790759455775141,61.804785605865845,41.87255004028198,18349239.0,5.881740639718132,-38.517675113961,316.8972020302781,-0.3766815884776711,14572180480,16.700464,12.92,1.3723034,1.84
2026-02-06,151.26422572596812,161.2052197430008,145.78126353302235,155.11524963378906,937757,0,160.07130813598633,172.7178579711914,161.0805163251718,175.0526187414189,231.4871970919072,40.597755993044046,-6.532756145897281,-7.424716922191952,0.8919607762946713,176.83546480051757,160.07130813598633,143.3071514714551,8.36868380423157,66.72328557774294,56.96636247671639,17411482.0,-61.55619094223701,-63.63284312645136,316.08008786754704,-0.254481937593418,14572180480,16.700464,12.92,1.3723034,1.84
2026-02-09,156.97606918488262,158.18013953436085,154.4186704683551,156.49842834472656,160486,0,159.04486923217775,172.11025360107422,160.64412699370084,174.3250034317447,230.7410401889502,42.221159539915156,-6.118758992638021,-7.163525336281166,1.0447663436431451,173.94034633265437,159.04486923217775,144.14939213170112,8.03959703721544,53.84763177851735,60.79190098737545,17571968.0,-35.58465064361958,-51.76102088156696,315.9430698918791,-0.23252523217434548,14572180480,16.700464,12.92,1.3723034,1.84
2026-02-10,156.62777495967663,168.66841731344036,156.62777495967663,167.62356567382812,480934,0,158.8707275390625,171.76037841796875,161.30883543942724,174.06220195104208,230.11300561666042,53.280589888845,-4.837197458929495,-6.698259760810832,1.8610623018813373,173.27130532631367,158.8707275390625,144.47014975181133,8.334625032322466,61.866679264804326,60.81253220702161,18052902.0,55.7116187953279,-4.555329186121608,315.55423021086506,-0.11644952530942236,14572180480,16.700464,12.92,1.3723034,1.84
2026-02-11,167.62357282837803,169.51426044359607,160.468844898976,161.26492309570312,158242,0,158.25575942993163,171.2680059814453,161.3046533114535,173.5603478782837,229.4279500691882,47.6648627331144,-4.285242417852402,-6.215656292219146,1.930413874366744,171.05537677464207,158.25575942993163,145.4561420852212,8.385395783200867,69.59972392715112,61.77134499015767,17894660.0,59.43646342316509,-34.68622066635159,315.4262559480793,-0.1606926206798583,14572180480,16.700464,12.92,1.3723034,1.84
2026-02-12,161.2649230875488,161.44404789416944,155.93121890885388,158.25973510742188,127157,0,157.73432998657228,170.8170294189453,161.01466110154573,172.9603238480538,228.71980862678257,45.2380685626647,-4.043694434103855,-5.781263920596087,1.737569486492232,169.6076181612438,157.73432998657228,145.86104181190075,8.180212440494774,71.08480216883804,67.5170684535979,17767503.0,2.6816163960256465,-47.32221908772993,315.32005403266004,-0.14376411256648525,14572180480,16.700464,12.92,1.3723034,1.84
2026-02-13,157.22484951786117,160.01111571065974,152.10012157233805,152.8663330078125,120043,0,156.96462478637696,170.3043569946289,160.2386298545235,172.17232420726003,227.96504767535004,41.185292647046246,-4.238608352969379,-5.472732807070746,1.2341244541013667,167.97302525120566,156.96462478637696,145.95622432154826,8.160982561768124,40.739859027108025,60.47479504103246,17647460.0,-41.86228201214479,-70.00000852462307,315.2176567332943,-0.15300896685626722,14572180480,16.700464,12.92,1.3723034,1.84
2026-02-16,152.86632721567568,158.61796901222814,150.4582016870091,155.62274169921875,87948,0,156.36358795166015,169.8691030883789,159.7990214587802,171.52332097165058,227.24522373528902,43.9490324002676,-4.123131005153908,-5.202812446687378,1.0796814415334701,166.22728131969052,156.36358795166015,146.49989458362978,8.160895759157475,28.026780111221743,46.61714710238934,17735408.0,-37.31103829306175,-58.410059406929726,315.14267617005066,-0.12777151809753096,14572180480,16.700464,12.92,1.3723034,1.84
2026-02-17,157.22483548542738,158.05076524074497,154.73710074673392,156.84669494628906,84510,0,155.96753997802733,169.54390594482422,159.51784750520963,170.94776700987168,226.54474086176663,45.18085831931464,-3.88803275561591,-4.939856508473085,1.0518237528571746,165.05522630102564,155.96753997802733,146.87985365502902,7.814664954504159,21.67550022402357,30.147379787451182,17819918.0,1.9563088861323021,-53.263668779078614,315.07143179532414,-0.09466772032055193,14572180480,16.700464,12.92,1.3723034,1.84
2026-02-18,155.98097023187682,161.603244744016,155.83171221910175,160.45889282226562,123822,0,156.23671264648436,169.3582211303711,159.60747086873877,170.53643861035772,225.88717023450792,48.75990634538536,-3.371378367659304,-4.626160880310328,1.2547825126510244,165.5195736498827,156.23671264648436,146.95385164308604,7.6687269238191655,50.11958376265854,33.273954699301356,17943740.0,60.10029692366795,-38.075358817593994,314.9689726213445,-0.02848878176678108,14572180480,16.700464,12.92,1.3723034,1.84
2026-02-19,160.95644450462814,163.19540586558895,155.4535762410698,159.2249755859375,283500,0,156.36657257080077,169.20855895996092,159.57104274656723,170.09285182508634,225.22386481511916,47.616265116333096,-3.026604044179237,-4.30624951308411,1.2796454689048726,165.73990766597362,156.36657257080077,146.99323747562792,7.673948545297735,64.02833701483047,45.27447366717093,17660240.0,55.103057928233405,-43.26364531120237,314.7348813009149,-0.02397926585573661,14572180480,16.700464,12.92,1.3723034,1.84
2026-02-20,159.2249710816942,165.68313602416558,154.52812661152012,164.2501983642578,202985,0,156.75565338134766,169.0740219116211,160.0166766149187,169.8637281599558,224.61716166635438,52.50226868105552,-2.3211180244450134,-3.9092232153562905,1.588105190911277,166.73974599094964,156.75565338134766,146.77156077174567,7.922595750108287,83.04949784374931,65.73247287374618,17863225.0,91.95770582046423,-22.180351260202507,314.57006633903546,0.031887763935147265,14572180480,16.700464,12.92,1.3723034,1.84
2026-02-23,164.42933044976056,167.72308900856447,157.72239173258336,159.46380615234375,92573,0,157.07259063720704,168.85609649658204,159.96402228514967,169.4558880812259,223.9688695716876,47.917772763913945,-2.123755786293742,-3.552129729543781,1.4283739432500386,166.97768460293304,157.07259063720704,147.16749667148105,8.071031573384918,65.60736376838439,70.89506620898813,17770652.0,83.8145786798937,-42.348020054620925,314.49509193203096,0.04861281368097462,14572180480,16.700464,12.92,1.3723034,1.84
2026-02-24,159.2349298091263,159.89168024201973,152.36877280258395,153.47332763671875,127661,0,157.16165084838866,168.48671752929687,159.345860890061,168.82912100497072,223.2674213932302,42.87202607961103,-2.422797837008062,-3.326263351036637,0.903465514028575,166.9022983065598,157.16165084838866,147.42100339021752,8.031879849531409,45.06259302196164,64.57315154469852,17642991.0,-38.339653972555915,-67.58915811315273,314.38750210318926,0.03603935683631839,14572180480,16.700464,12.92,1.3723034,1.84
2026-02-25,154.69730511947265,164.19049429023426,153.8116721515673,162.90682983398438,479781,0,157.4686378479004,168.3018292236328,159.68500078948227,168.596874292383,222.66681849214316,51.52799904271116,-1.8769497204125116,-3.036400624911812,1.1594509044993004,167.52217103135962,157.4686378479004,147.41510466444117,8.223686049815987,37.744033363669935,49.47133005133873,18122772.0,53.079936728396575,-27.840692157457372,313.9972611222065,0.08667702019342124,14572180480,16.700464,12.92,1.3723034,1.84
2026-02-26,163.04614061764758,165.35475055625753,156.34914777809942,158.14031982421875,238705,0,157.68109054565429,167.96727844238282,159.53788831660003,168.18681333284715,222.02476377902948,47.603216444418806,-1.808135615933935,-2.7907476231162365,0.9826120071823015,167.6019623902246,157.68109054565429,147.76021870108397,8.279537244697567,37.80513277950948,40.20391972171377,17884067.0,41.929104194439944,-59.686741968329514,313.80339366991586,0.061006289816050684,14572180480,16.700464,12.92,1.3723034,1.84
2026-02-27,157.55322778635093,161.24501785802067,155.73220402583047,156.59793090820312,94619,0,157.93085861206055,167.61581115722657,159.2578923729432,167.73234735541013,221.3737505166332,46.37235394892783,-1.8566554690766566,-2.6039291923083203,0.7472737232316637,167.47125301389903,157.93085861206055,148.39046421022206,8.081914143804184,44.588465946911924,40.045877363363864,17789448.0,-2.222932515587582,-67.78069746939806,313.7256406587283,0.07635716675581829,14572180480,16.700464,12.92,1.3723034,1.84
2026-03-02,146.37832928806336,154.2395655897092,146.37832928806336,152.2593231201172,141778,0,158.1711738586426,167.2098126220703,158.59136196791215,167.12556209128098,220.68604477139425,43.0039600659171,-2.2196108987186562,-2.5270655335903873,0.3074546348717311,166.8466769939376,158.1711738586426,149.4956707233476,8.234606106399584,32.04130586598033,38.14496819746733,17647670.0,-152.10131462356097,-74.580690993077,313.60412923875134,0.11485148615155484,14572180480,16.700464,12.92,1.3723034,1.84
2026-03-04,149.92085984091767,150.97565701037783,147.67193777085546,150.35870361328125,122323,0,158.22291946411133,166.7912762451172,157.8072992674711,166.46803822939864,219.98627023250756,41.57911246060688,-2.6302993481433816,-2.547712296500986,-0.08258705164239544,166.69672307173346,158.22291946411133,149.7491158564892,7.974090338032594,26.50340031694068,34.37772404327773,17525347.0,-175.56306248514477,-81.35198345008848,313.49860695613955,0.1702160772339905,14572180480,16.700464,12.92,1.3723034,1.84
2026-03-05,150.35870447497987,153.7420178889317,147.14454002940377,153.27432250976562,156956,0,157.8084632873535,166.2029766845703,157.37558719530867,165.95063761294244,219.3224697576544,44.610938183987756,-2.6895038982791846,-2.576070616856626,-0.11343328142255871,166.39823340573497,157.8084632873535,149.21869316897204,7.875760875282261,29.435408538736663,29.32670490721931,17682303.0,-119.74544545132659,-67.69233614244513,313.36482516720025,0.15880372815773794,14572180480,16.700464,12.92,1.3723034,1.84
2026-03-06,153.24447102629983,154.7371119778547,149.66212666899656,151.8413848876953,89786,0,157.3173843383789,165.5316860961914,156.8485203088693,165.39733358450138,218.6510161768588,43.418349710408485,-2.8195480268039717,-2.624766098846095,-0.19478192795787663,166.09059848894398,157.3173843383789,148.54417018781382,7.6757054776805385,31.354041217961733,29.09761669121311,17592517.0,-95.84789136521906,-74.40563552287344,313.288722222947,0.20884817453489543,14572180480,16.700464,12.92,1.3723034,1.84
2026-03-09,150.0601697263828,150.0601697263828,145.29366123370662,148.54762268066406,124779,0,156.98900299072267,164.79611267089842,156.0579586299926,164.7365606078803,217.95346997291657,40.723445072588106,-3.152053112370851,-2.730223501551046,-0.42182961081980475,166.5257641678152,156.98900299072267,147.45224181363014,7.595135347416836,35.84802994723918,32.21249323464594,17467738.0,-154.79061421984977,-85.49244555135304,313.18038287585205,0.21403430795745076,14572180480,16.700464,12.92,1.3723034,1.84
2026-03-10,149.26409618467994,152.1697687683369,147.2739082355509,148.74664306640625,225887,0,156.60141372680664,163.81375610351563,155.361642862032,164.10950501801858,217.2648448295682,40.9618924347428,-3.3607656915179405,-2.856331939544425,-0.5044337519735156,166.79396388496747,156.60141372680664,146.4088635686458,7.402330003514633,35.92304092987873,34.37503736502663,17693625.0,-113.19032574185442,-84.60512739174632,312.98631129080695,0.18009231916042903,14572180480,16.700464,12.92,1.3723034,1.84
2026-03-11,150.52786558977374,152.2493738663045,146.77635715869224,147.393310546875,154313,0,155.58990097045898,162.86344146728516,154.6027540701123,163.45396797993453,216.56960568247672,39.789770904690684,-3.5939457685727803,-3.003854705350096,-0.5900910632226841,165.20529033477573,155.58990097045898,145.97451160614224,7.264521910950178,31.085362160587778,34.285477679235306,17539312.0,-110.44716885401539,-90.63886366498402,312.85351940443013,0.03856788061787078,14572180480,16.700464,12.92,1.3723034,1.84
2026-03-12,148.75659428346685,150.75672757919452,144.9254766509524,148.9954071044922,245090,0,154.97642517089844,162.03830932617188,154.06872102576753,162.88696559266228,215.89722559712365,41.90896435299407,-3.6078774908021387,-3.1246592624405047,-0.483218228361634,164.63078154748214,154.97642517089844,145.32206879431473,7.162145412185317,33.426468370965836,33.47829048714419,17784402.0,-109.0885763824878,-82.14755830699589,312.6423068678299,0.10597351404086691,14572180480,16.700464,12.92,1.3723034,1.84
2026-03-13,148.26899097106715,148.95560819089854,141.3033336771244,142.6566619873047,192179,0,154.19627151489257,161.1823294067383,152.98185826019963,162.0936203532365,215.1684637701603,36.443580745562556,-4.083332125933538,-3.3163938351391113,-0.7669382907944264,165.10366929301915,154.19627151489257,143.288873736766,7.199997413269778,25.35940249656042,29.957077676038086,17592223.0,-146.3606879515657,-94.87758954160417,312.47313021455534,0.07311798516907769,14572180480,16.700464,12.92,1.3723034,1.84
2026-03-16,141.8008896613053,142.51735852904514,133.43214579223903,139.12408447265625,343162,0,153.50915908813477,160.09867218017578,151.6620702804336,161.19285424027257,214.41180327963787,33.798244067576384,-4.691106674559052,-3.5913364030230994,-1.0997702715359523,166.24349258082205,153.50915908813477,140.77482559544748,7.34460589768377,28.030945792847515,28.938938886791334,17249061.0,-190.1521090111951,-82.1695669181956,312.16123261876186,0.1194311487983232,14572180480,16.700464,12.92,1.3723034,1.84
2026-03-17,140.16893230813682,141.8904405643917,136.83536155191874,139.48231506347656,184745,0,152.70213775634767,159.0371060180664,150.50209359310435,160.34146054706488,213.6662362327109,34.31890613816727,-5.085246610829188,-3.890118444584317,-1.1951281662448707,166.77392300736543,152.70213775634767,138.6303525053299,7.181068263025855,24.921490458805323,26.103946249404498,17433806.0,-151.43527441146475,-81.04738220467218,311.99478808196824,0.11236386029712347,14572180480,16.700464,12.92,1.3723034,1.84
2026-03-18,139.91021270775946,145.1841983924887,139.91021270775946,141.28343200683594,126007,0,151.923974609375,158.05614227294922,149.62412582298356,159.5940868788206,212.94600932499074,37.001651914760245,-5.192415333384474,-4.150577822344348,-1.041837511040126,166.69674977033253,151.923974609375,137.15119944841746,7.075412196310589,35.90653367291893,29.619656641524,17559813.0,-108.17361678027699,-75.40524567892884,311.88323528632975,0.08886250465207969,14572180480,16.700464,12.92,1.3723034,1.84
2026-03-19,140.20872574607546,141.62177245913088,136.60649065328502,139.9798583984375,115428,0,150.9000228881836,157.12393829345703,148.705624163503,158.82490144821733,212.21997797248773,35.86001515913868,-5.3211953858184415,-4.384701335039167,-0.9364940507792747,165.9998372605129,150.9000228881836,135.8002085158543,6.928260025563108,39.883503591195904,33.57050924097346,17444385.0,-125.02483440026228,-76.45797747635648,311.7795392561458,0.07974379202174155,14572180480,16.700464,12.92,1.3723034,1.84
2026-03-20,140.77594501235453,143.05470352048775,136.32787375610877,137.4622802734375,109882,0,149.8118881225586,156.17043914794922,147.63482950730628,157.98715159822598,211.47612028393996,33.69760559897663,-5.562283478057935,-4.620217763642921,-0.9420657144150146,165.48102539422143,149.8118881225586,134.14275085089577,6.913872149764241,40.59708316672451,38.79570681027985,17334503.0,-117.45282838497772,-81.08359128061198,311.68068138859735,0.06525987379872422,14572180480,16.700464,12.92,1.3723034,1.84
2026-03-23,134.3376841020067,135.8203795631247,127.38197188117734,130.19808959960938,217520,0,148.10928268432616,155.1305661010742,145.97418761133514,156.89738446102533,210.66738366021528,28.379868888927057,-6.267261912020388,-4.949626593318414,-1.3176353187019734,164.51579540634296,148.10928268432616,131.70276996230936,7.140046167085378,30.76379784718904,37.08146153503656,17116983.0,-175.70961169953563,-89.70534346203516,311.47647896881676,0.0027120687277549216,14572180480,16.700464,12.92,1.3723034,1.84
2026-03-24,133.6411233986282,149.76164269886286,130.15829449865464,141.53221130371094,593188,0,147.21270294189452,154.42066619873046,145.55114224870425,156.29482865093456,209.979471497464,43.39059492393382,-5.8440271940054345,-5.128506713455819,-0.7155204805496158,162.9868834819901,147.21270294189452,131.43852240179893,8.030282026594152,37.7800093755289,36.380296796480884,17710171.0,-70.7349224875882,-48.27210033461929,310.950700598968,0.040453144074499736,14572180480,16.700464,12.92,1.3723034,1.84
2026-03-25,141.85063733113236,149.69196687445466,140.35799649324025,141.96009826660156,309511,0,146.63704147338868,153.83774017333985,145.20913805993257,155.7326823613529,209.30266181357482,43.86889018944065,-5.411701008275855,-5.185145572419826,-0.22655543585602977,162.29520592735045,146.63704147338868,130.9788770194269,8.123402623352742,48.062347093458435,38.8687181053922,18019682.0,-29.180998252166887,-46.70790815216873,310.6832812255802,0.012217283433182263,14572180480,16.700464,12.92,1.3723034,1.84
2026-03-27,141.89043934505676,141.89043934505676,129.76024195077554,131.9892578125,377218,0,145.09116287231444,153.00623962402344,143.95010184589137,154.80156767316257,208.53337421157408,36.19459341812373,-5.806706784931464,-5.309457814922153,-0.497248970009311,160.1107987549125,145.09116287231444,130.07152698971638,8.414577887100835,49.65168613790484,45.16468086896413,17642464.0,-117.6360377247347,-81.4725883545124,310.34009302594836,-0.13153048940955936,14572180480,16.700464,12.92,1.3723034,1.84
2026-03-30,132.347495724738,133.34258967755557,124.48625197908623,126.8446273803711,540017,0,143.52637825012206,152.16936569213868,142.32100903965133,153.70521707344525,207.7205508600198,32.987992396529606,-6.460408817809423,-5.539648015499607,-0.9207608023098164,159.28475286335836,143.52637825012206,127.76800363688577,8.446132159341442,31.68589391783105,43.133309049731515,17102447.0,-167.75848542970817,-91.5053666843907,309.8335280791367,-0.14699286538048542,14572180480,16.700464,12.92,1.3723034,1.84
2026-04-01,133.04405131087077,136.825411165316,130.60607429416527,136.1387939453125,121701,0,142.50342140197753,151.52693283081055,141.7322266497143,153.01633773508712,207.00829457231129,42.840186888864864,-6.1575306410340716,-5.6632245406065,-0.49430610042757195,157.365547434008,142.50342140197753,127.64129536994707,8.555750132598833,25.339988055855454,35.559189370530525,17224148.0,-91.08824995759295,-58.02870435982587,309.72370098965547,-0.11054345465086964,14572180480,16.700464,12.92,1.3723034,1.84
2026-04-02,136.1288485036772,144.1890999801759,131.9991997099316,138.35784912109375,181732,0,141.80834770202637,150.94122024536134,141.41085736127425,152.44149504434228,206.32520556284643,44.9222730109552,-5.673042988329684,-5.665188230151136,-0.007854758178547527,156.06849884564681,141.80834770202637,127.54819655840592,8.815332285287797,36.822193164934355,31.282691712873696,17405880.0,-45.03932802051,-47.19700795234046,309.5633752359712,-0.12335863691805778,14572180480,16.700464,12.92,1.3723034,1.84
2026-04-06,140.4376095054123,147.9008138903706,136.7358589157587,146.68679809570312,145673,0,141.62475242614747,150.57960311889647,141.91332790741035,152.21582065419958,205.73178857312362,51.99094501941796,-4.564391000477599,-5.445028784216428,0.8806377837388295,155.52997519115448,141.62475242614747,127.71952966114046,8.983162477382375,65.31699549853003,42.49305890644002,17551553.0,24.62450933024335,-12.165369221192032,309.4392638764448,-0.1145244981426995,14572180480,16.700464,12.92,1.3723034,1.84
2026-04-07,145.28371273978905,151.05526052925126,142.9352904744463,144.23886108398438,168542,0,141.1729793548584,150.36287155151368,142.13480725756025,151.90299871026957,205.11991864785855,49.961433894409545,-3.83905019041174,-5.123833065455491,1.284782875043751,154.0866558530942,141.1729793548584,128.2593028566226,8.921505875769702,74.73107063480079,58.9567530994218,17383011.0,58.94511109201719,-25.6554527896546,309.2978922165634,-0.16879153214312578,14572180480,16.700464,12.92,1.3723034,1.84
2026-04-08,151.25427327658844,156.9263054876749,147.35350699836883,155.46351623535156,186254,0,141.3540859222412,150.33958633422853,143.404208112588,152.0426268485081,204.6258250915152,58.04815151439714,-2.331599285089709,-4.565386309382335,2.233787024292626,154.9449930255226,141.3540859222412,127.76317881895982,9.190501484906905,87.86733699490333,75.97180104274479,17569265.0,148.84913761797287,-4.509207273459231,309.1487997709943,-0.13484413334394496,14572180480,16.700464,12.92,1.3723034,1.84
2026-04-09,158.61797402109644,158.61797402109644,150.308948415077,151.38365173339844,93381,0,141.49588737487792,150.2378877258301,144.16415512409375,152.01678468713123,204.0960522222802,54.59453577086863,-1.4494363504765033,-3.9421963176011685,2.492759967124665,155.4386765196387,141.49588737487792,127.55309823011713,9.12753892212923,80.53645589931689,81.04495450967374,17475884.0,140.43938437246044,-21.19530411853763,309.07424792637806,-0.16054806529344665,14572180480,16.700464,12.92,1.3723034,1.84
2026-04-10,152.5976643485789,154.51818839691364,149.26409351973334,149.9407501220703,108701,0,141.55559272766112,150.17420150756837,144.71430702866294,151.93537156693276,203.55719349491494,53.384831649467635,-0.8568685234014595,-3.325130758761227,2.4682622353597674,155.63165609647274,141.55559272766112,127.4795293588495,8.85086434749002,75.87013643545009,81.42464310989017,17367183.0,110.8979756189459,-25.42275449315443,308.9863319144951,-0.16265887110094499,14572180480,16.700464,12.92,1.3723034,1.84
2026-04-13,147.0748843069428,153.74201052935916,144.28861829616233,149.045166015625,353837,0,141.63818550109863,150.12126235961915,145.126769789326,151.82203017276382,203.01478526129017,52.605688892480174,-0.45428370414566643,-2.750961347838115,2.2966776436924485,155.8688293880667,141.63818550109863,127.40754161413057,8.893902053611935,57.37581524019242,71.26080252498654,17013346.0,84.23405313465126,-28.04665991856193,308.69681977822296,-0.12994370048044498,14572180480,16.700464,12.92,1.3723034,1.84
2026-04-15,152.24936618995412,161.02610164683685,152.00059271578752,158.4189453125,1020076,0,142.10936241149903,150.15429946899414,146.39269126772354,152.08073272726327,202.5710455603072,59.301068396152324,0.6140746446418461,-2.0779541493421227,2.692028793983969,157.8292934781231,142.10936241149903,126.38943134487498,9.114404452011929,61.24273725231299,64.82956297598524,18033422.0,161.82599795523765,-7.135104161739003,307.9101859504125,-0.050796492373918735,14572180480,16.700464,12.92,1.3723034,1.84
2026-04-16,160.60815186055794,161.11565947508984,154.33907234112664,156.71734619140625,174409,0,142.8123966217041,150.21082107543944,147.3759917366457,152.26256070624927,202.11478984519377,57.70736520861561,1.3083694365147096,-1.4006894321707564,2.709058868685466,159.7758259623246,142.8123966217041,125.8489672810836,8.947417500722734,65.74808629310888,61.45554626187151,17859013.0,140.67060694322646,-12.007601499323906,307.77672153764934,-0.0377619628419048,14572180480,16.700464,12.92,1.3723034,1.84
2026-04-17,155.23466046239056,164.0909907869938,154.74705894728783,160.53851318359375,179910,0,143.88311805725098,150.38953994750977,148.6295652077836,152.58710786222358,201.70109555005348,60.28835479056538,2.142244837654971,-0.6921025782056108,2.8343474158605817,162.41132546637283,143.88311805725098,125.35491064812915,8.975739953507253,80.11507569122593,69.03529974554935,18038923.0,140.34528368659457,-8.969829647483415,307.64148986396515,-0.04715938120544327,14572180480,16.700464,12.92,1.3723034,1.84
2026-04-20,161.50374719340633,161.84207548403404,156.85666038201242,158.6179656982422,137441,0,144.83990058898925,150.61283889770507,149.58084144497013,152.82361209108706,201.27240769083147,58.360586327866216,2.617946907094023,-0.030092681145684086,2.648039588239707,164.3125088412478,144.83990058898925,125.36729233673071,8.690716749829708,76.09458342651696,73.98591513695067,17901482.0,115.8518873364987,-13.819116735744936,307.53786797230646,-0.05690889788609533,14572180480,16.700464,12.92,1.3723034,1.84
2026-04-21,159.2150282972441,161.70276311438857,156.83675441941116,157.97116088867188,110134,0,145.67428703308104,150.78578628540038,150.37991948722745,153.02547674981588,200.84154951369555,57.691524384677436,2.9092168409954127,0.5577692232825353,2.3514476177128776,165.88205719334448,145.67428703308104,125.4665168728176,8.417523317340258,67.93494683756639,74.71486865176983,17791348.0,100.03726095827531,-15.452266780509706,307.45478802149324,-0.056775027865466454,14572180480,16.700464,12.92,1.3723034,1.84
2026-04-22,158.84685404830154,160.79722971125582,155.5033377278796,158.8667449951172,151839,0,146.61863136291504,150.7318522644043,151.18818858321694,153.25454609276886,200.42388976724203,58.40262398984285,3.1757089191702903,1.0813571624600864,2.094351756710204,167.42991954788477,146.61863136291504,125.80734317794531,8.194406793485685,56.05767660276791,66.69573562228383,17943187.0,86.38124442779853,-15.601788324589375,307.34005521507,-0.05614704473307136,14572180480,16.700464,12.92,1.3723034,1.84
2026-04-23,157.13529168321577,162.2500740568024,157.13529168321577,159.93150329589844,89512,0,147.7420925140381,150.69722305297853,152.02088522251995,153.51638755171513,200.0209804491192,59.27892168531472,3.4332465779830557,1.5517350455646803,1.8815115324183753,168.87831296263246,147.7420925140381,126.60587206544372,7.974433620635752,50.43195706826392,58.14152683619948,18032699.0,87.52511680391315,-12.96121952528973,307.2731280615038,-0.04093270297580517,14572180480,16.700464,12.92,1.3723034,1.84
2026-04-24,162.697856833289,162.697856833289,153.90123017525275,157.83184814453125,143375,0,149.12378044128417,150.75155502319336,152.5743102627115,153.68562130045302,199.60118808787954,56.74051821816393,3.428401921639164,1.9270684207795772,1.501333500859587,169.0713566053881,149.12378044128417,129.17620427718023,8.033161694735787,48.86546231255101,51.785031994527685,17889324.0,69.97703870951685,-22.881054538231915,307.164872265164,-0.030510355316117514,14572180480,16.700464,12.92,1.3723034,1.84
2026-04-27,160.0907118845593,163.19540000133756,158.1900788867425,161.1952667236328,132201,0,150.10693321228027,150.8454917907715,153.39535373518018,153.98011719940123,199.2190396165935,59.71633994377466,3.653843038544352,2.272423344332532,1.3814196942118198,170.39627053899275,150.10693321228027,129.81759588556778,7.842475277740824,59.54918453912067,52.948867973311934,18021525.0,83.98998555481677,-13.68767764990289,307.0670097411131,-0.04800491629857403,14572180480,16.700464,12.92,1.3723034,1.84
2026-04-28,160.2101188124169,163.19540052941846,157.94130592220998,159.39413452148438,117643,0,150.9786350250244,150.6809031677246,153.96666619101867,154.1924316041888,198.82277190420436,57.43771873357593,3.6451513956229746,2.5469689545906204,1.0981824410323542,171.2910447949377,150.9786350250244,130.6662252551111,7.657590944131371,60.754491923958824,56.38971292521023,17903882.0,72.67784552378657,-23.718654255615515,306.9796273957479,-0.01680077540548686,14572180480,16.700464,12.92,1.3723034,1.84
2026-04-29,160.17033475310367,161.25498355428044,156.28945909527172,156.936279296875,80115,0,152.22598609924316,150.59433029174804,154.2494864868145,154.30003347449022,198.40599088323592,54.38788266467459,3.4007332939849846,2.7177218224694935,0.6830114715154911,170.70164217748632,152.22598609924316,133.750330021,7.465300480908325,56.745213496754644,59.01629665327811,17823767.0,52.392969107211776,-36.13057724993028,306.9193627464462,0.024353549871277004,14572180480,16.700464,12.92,1.3723034,1.84
2026-04-30,157.0258219453905,161.15545559596828,155.24459534450483,157.593017578125,81875,0,153.76340560913087,150.58099594116212,154.56791801932027,154.4291701060053,197.99989164636915,55.07431033814857,3.222872213496686,2.8187519006749318,0.4041203128217541,168.2137884351952,153.76340560913087,139.31302278306654,7.3542690359479765,43.82582631577274,53.77517724549546,17905642.0,46.570467234664825,-32.814114631352275,306.8577573422165,0.08966073100525021,14572180480,16.700464,12.92,1.3723034,1.84
2026-05-04,157.59302496844143,162.0709477708841,153.54300046276404,155.1649932861328,144048,0,154.71471557617187,150.62696914672853,154.62478233044527,154.4580259169907,197.57367375223745,51.960898434837276,2.8531059281290254,2.8256227061657504,0.027483221963275017,166.6922405103751,154.71471557617187,142.73719064196865,7.438103198245982,29.726993662452145,43.43267782499324,17761594.0,27.667587991159063,-45.0753944003111,306.748715399982,0.0406997554194495,14572180480,16.700464,12.92,1.3723034,1.84
2026-05-05,155.18490405689118,156.1899587003168,153.54300505380647,154.57789611816406,40199,0,155.52571792602538,150.60607223510743,154.62031697689469,154.46272670919356,197.14585506931135,51.20709297791637,2.4840550082095376,2.7573091665745078,-0.27325415836497013,164.87047753612566,155.52571792602538,146.1809583159251,7.095878230264864,22.415738358524077,31.989519445583053,17721395.0,-16.367522600943165,-78.68305586633676,306.71787622947903,0.037729745674407324,14572180480,16.700464,12.92,1.3723034,1.84
2026-05-06,155.4336762948077,159.0856693712442,154.2395665582394,157.5333251953125,115180,0,156.06804428100585,150.61980484008788,154.8977463310297,154.5831423361002,196.7517005432019,54.76467999926998,2.402364954504293,2.686320324160465,-0.2839553696561721,164.51368560097103,156.06804428100585,147.62240296104068,6.935179986174859,24.77227616606716,25.63833606234786,17836575.0,12.71036314686581,-62.169810457805504,306.6308519314573,0.018038247864829375,14572180480,16.700464,12.92,1.3723034,1.84
2026-05-07,159.1453714783912,166.69814625733864,157.533324104384,163.6332550048828,1866832,0,157.0377639770508,150.68329208374024,155.72969953806333,154.93804871526814,196.42216377167634,61.07331296642185,2.797589484649592,2.7085741562582903,0.08901532839130155,164.18115251383605,157.0377639770508,149.89437544026552,7.094440140944842,44.738250377980336,30.642088300857257,19703407.0,145.45641379565336,-23.298040936344744,305.2872280222069,0.14982374313203914,14572180480,16.700464,12.92,1.3723034,1.84
2026-05-08,168.1708710234044,179.01738858388703,166.9767613665327,176.13162231445312,1761620,0,158.07116928100587,151.02142501831054,157.6727398024814,155.7691692485695,196.2202678367786,70.23340572724572,4.0723777254454205,2.9813348700957163,1.0910428553497042,168.98793289252671,158.07116928100587,147.15440566948502,7.686561100806226,70.72166738084289,46.74406464163019,21465027.0,357.8303235985015,-11.3281082776668,304.14179129866073,0.22977485406020545,14572180480,16.700464,12.92,1.3723034,1.84
2026-05-11,175.24600017743532,175.24600017743532,165.49407620608153,172.28062438964844,531740,0,159.11601791381835,151.18203353881836,159.0639669060211,156.41667729331772,195.98206242934447,65.1465596321242,4.717532464540966,3.3285743889847663,1.3889580755561997,171.20924071813621,159.11601791381835,147.0227951095005,7.8973457442037525,79.64286721162682,65.03426165681674,20933287.0,230.0971199665194,-26.445244385095016,303.79198813405816,0.2538675369173478,14572180480,16.700464,12.92,1.3723034,1.84
2026-05-12,171.8527147313212,181.8036538030124,165.73289327580235,166.8374481201172,566061,0,159.9608528137207,151.32950637817382,159.80429845022073,156.82533497280005,195.6920662670636,58.677511880951414,4.735021033903479,3.609863717968509,1.12515731593497,171.728522202287,159.9608528137207,148.1931834251544,8.48116108584706,69.3102034608999,73.22491268445658,20367226.0,191.7311909382258,-52.95774836734077,303.4228795706824,0.18671537039381003,14572180480,16.700464,12.92,1.3723034,1.84
2026-05-13,168.17088173563027,172.86772651124505,167.27530323191158,171.7731170654297,218469,0,161.09725036621094,151.69550216674804,160.94418593738348,157.41152250584435,195.45406677251998,62.33026057541302,5.08849112765796,3.905589199906399,1.182901927751561,172.81850963921423,161.09725036621094,149.37599109320766,8.30609803622426,59.31010924382127,69.42105997211605,20585695.0,143.7831868465883,-35.49294001387216,303.28009268432373,0.207072140625247,14572180480,16.700464,12.92,1.3723034,1.84
2026-05-14,173.8429086550614,174.13149440128197,162.83717208442226,170.87753295898438,227855,0,161.72017974853514,151.85491622924803,161.89021898705977,157.93960134714396,195.20952414750968,61.27188547391983,5.23599527663626,4.171670415252371,1.0643248613838887,174.1109778184856,161.72017974853514,149.3293816785847,8.51954262769822,48.92268370361257,59.180998802777964,20357840.0,103.36530300530997,-38.661954175232104,303.12997827484793,0.1823084718417662,14572180480,16.700464,12.92,1.3723034,1.84
2026-05-15,170.9073783000456,173.7434020047966,167.3847525548769,171.78306579589844,147571,0,162.47346572875978,152.12777114868163,162.83239487361584,158.48248230591864,194.97642505943395,61.97494648607213,5.364127981183486,4.410161928438594,0.9539660527448923,175.37729400329238,162.47346572875978,149.56963745422718,8.365193114999753,49.4103141384665,52.54770236196683,20505411.0,107.51274235619032,-35.45773654440891,303.03415961939317,0.1988878418353732,14572180480,16.700464,12.92,1.3723034,1.84
2026-05-18,171.05663931941825,171.6437562738743,164.1904973231139,170.86758422851562,154839,0,162.98991928100585,152.4131642150879,163.59765100265392,158.96817257739303,194.73653609594223,60.77375345167194,5.330357320041145,4.594201006759104,0.7361563132820406,176.3609822103067,162.98991928100585,149.618856351705,8.31000564055581,43.96645109920652,47.43314964709524,20350572.0,71.28607756369463,-38.69715764469536,302.9321977141628,0.21127554481730793,14572180480,16.700464,12.92,1.3723034,1.84
2026-05-19,171.1561591754058,178.12181681626532,169.4047992919183,176.93765258789062,203021,0,163.9059036254883,152.90673080444336,164.86812734410503,159.67285806800078,194.55943277745416,65.54254658260894,5.727375989466196,4.820836003300522,0.906539986165674,178.41501358564682,163.9059036254883,149.39679366532977,8.339077917969467,60.58648939764945,51.32108487844087,20553593.0,120.6950255056117,-17.21828988359477,302.80463781920145,0.23659962355068206,14572180480,16.700464,12.92,1.3723034,1.84
2026-05-20,176.93764870975232,179.564696069368,171.25567089024656,172.07164001464844,325304,0,164.6109275817871,153.3409895324707,165.55417616987108,160.15908481100658,194.33567364548594,59.31702920537975,5.584989317338682,4.973666666108154,0.6113226512305276,179.26758656687588,164.6109275817871,149.95426859669834,8.336931293766037,63.26594604219084,55.93962884634899,20228289.0,100.64811434008286,-34.43661995776929,302.5999403801598,0.20088645707134004,14572180480,16.700464,12.92,1.3723034,1.84
2026-05-21,174.1414375156779,175.11662531426575,171.65370269402536,172.99708557128906,140020,0,165.31744461059571,153.73544479370116,166.26302468429185,160.66253582121374,194.12334938604118,60.09338247807787,5.483610922699114,5.0756555174263465,0.40795540527276763,180.15952633131002,165.31744461059571,150.4753628898814,7.988787817085634,68.24647536767995,64.03297026917346,20368309.0,80.66091441285822,-31.161941394968263,302.511319847449,0.19099466687169456,14572180480,16.700464,12.92,1.3723034,1.84
2026-05-22,172.9970939790261,175.1265944824982,171.36514046406546,172.05174255371094,99516,0,165.92345657348633,154.1396519470215,166.81433114804605,161.10917137935087,193.90373140761002,58.85779375037641,5.266280134354787,5.113780440812034,0.15249969354275272,180.82603584004147,165.92345657348633,151.0208773069312,7.6868354028961425,54.53985066445773,62.017424024776226,20268793.0,69.53551319725959,-34.507032502484456,302.44821005675067,0.18064520224865607,14572180480,16.700464,12.92,1.3723034,1.84
2026-05-25,173.3951148533908,181.30610844836676,169.96204388016668,178.90792846679688,442790,0,166.9772605895996,154.74685806274414,167.96610232126042,161.80716185336837,193.7545194380497,64.55068608072585,5.582924345848511,5.20760922181933,0.3753151240291812,182.4132359023092,166.9772605895996,151.54128527689002,7.94806605756071,62.75458893847871,61.84697165687218,20711583.0,99.5661395886783,-10.505427988603683,302.1765294580648,0.20994569919823616,14572180480,16.700464,12.92,1.3723034,1.84
2026-05-26,181.10709640432427,190.26195758138357,179.1169085317493,180.62945556640625,872684,0,167.94897003173827,155.38451431274413,169.17213596365525,162.54529101858554,193.62392178758557,65.82923133021505,5.904714145183107,5.347030206492085,0.5576839386910217,184.23032906035021,167.94897003173827,151.66761100312632,8.191349133062566,61.17706944042201,59.49050301445286,21584267.0,150.50830830411758,-29.431421332475352,301.6725392612726,0.10944424645453658,14572180480,16.700464,12.92,1.3723034,1.84
2026-05-27,182.07233355918316,183.485365086454,176.2311371781536,177.9327392578125,172610,0,168.8759002685547,155.9953028869629,170.00647913452738,163.14872036130032,193.4677906181351,62.05366760375638,5.874415802150793,5.452507325623826,0.4219084765269665,185.2143194281078,168.8759002685547,152.53748110900156,8.124411902722413,57.221056492566724,60.3842382904892,21411657.0,104.01204701865281,-44.95648042511457,301.56990716128394,0.10394333343135828,14572180480,16.700464,12.92,1.3723034,1.84
2026-05-29,178.50990107014323,178.51984654331673,169.41474307706358,171.24571228027344,346778,0,169.59137191772462,156.4403089904785,170.12450133888416,163.46624945616202,193.2466754107932,53.811842727861034,5.250294825189002,5.412064825536861,-0.16177000034785927,185.00268704378973,169.59137191772462,154.1800567916595,8.194461300117466,33.532175278300556,50.64343373709647,21064879.0,37.72894433041294,-69.33963185680031,301.35388718721384,0.08316268490401045,14572180480,16.700464,12.92,1.3723034,1.84
2026-06-01,170.151122619179,176.1316318853426,167.59372383967656,174.44992065429688,216250,0,170.4342170715332,157.07617416381837,170.53644603559013,163.89698166001045,193.05964302515642,56.7744163549998,4.957085100138897,5.321068880457268,-0.363983780318371,184.94614595418395,170.4342170715332,155.92228818888245,8.218993210513792,26.097770818888893,38.95033419658544,21281129.0,29.391451599409187,-57.65600948397093,301.2191940675447,0.09907045244036286,14572180480,16.700464,12.92,1.3723034,1.84
2026-06-02,173.65383589636892,180.0124854884669,168.8276394562788,178.86813354492188,315933,0,171.61937408447267,157.87105514526368,171.32994008409793,164.48408565549718,192.91843397560186,60.533466107454196,5.023321413951322,5.2615193871560795,-0.23819797320475722,184.75611803904928,171.61937408447267,158.48263012989605,8.430839840633386,29.58841351014208,29.739453202443887,21597062.0,66.69963576340267,-41.54571797006085,301.02777277452356,0.13597852100856775,14572180480,16.700464,12.92,1.3723034,1.84
2026-06-03,179.1169155768765,182.6892993045168,177.3257433843219,180.2811737060547,255158,0,172.9045379638672,158.68703231811523,172.1824385242843,165.10357930453864,192.79269009232277,61.68120115944261,5.130691286185879,5.23535376696204,-0.10466248077616047,183.99013299625796,172.9045379638672,161.81894293147644,8.211748132030637,53.27323118091184,36.31980516998098,21852220.0,127.9389674197555,-36.39329786712375,300.87877096893334,0.13659902985966704,14572180480,16.700464,12.92,1.3723034,1.84
2026-06-04,180.2115212802368,184.13217870748295,178.47010685941038,182.21165466308597,197135,0,174.13845443725586,159.50559677124022,173.13760196607493,165.7744842205601,192.6874061577035,63.25346265918006,5.3103420454925185,5.250351422668135,0.059990622824383166,183.45885494497662,174.13845443725586,164.8180539295351,8.029628397462204,72.65379394514538,51.838479545399814,22049355.0,145.88857107386872,-30.87783667868818,300.7653355966791,0.13779278335682002,14572180480,16.700464,12.92,1.3723034,1.84
2026-06-05,185.08747142237544,194.98865301275447,179.11690782810527,192.09292602539065,3152271,0,175.56143798828126,160.5478581237793,174.942870924105,166.8065799776123,192.68149093250634,70.03157547059631,6.178826913788498,5.436046520892208,0.7427803928962904,186.5692126888002,175.56143798828126,164.5536632877623,8.58977959654699,85.88482490376168,70.60395000993968,25201626.0,228.76785827202065,-9.402274008043403,299.0871065038362,0.25440780206551444,14572180480,16.700464,12.92,1.3723034,1.84
2026-06-08,192.9487105077129,200.30245417851813,181.10709859615136,182.16189575195312,864395,0,175.86295166015626,161.4418504333496,175.63039709818577,167.40874922366487,192.5768183436451,58.37691390844112,5.996630855298463,5.548163387773458,0.44846746752500444,187.24080947192888,175.86295166015626,164.48509384838363,9.34732073839126,73.39402197088476,77.31088027326399,24337231.0,171.30644306130003,-55.460906732362886,298.632079285831,0.1000922089420801,14572180480,16.700464,12.92,1.3723034,1.84
2026-06-09,184.53022400636755,188.75937328215483,181.2066138667153,182.0225830078125,211724,0,176.35004959106445,162.47834030151367,176.23917670862642,167.98184074461184,192.4718010766219,58.23051507161422,5.774433714723244,5.593417453163416,0.18101626155982853,187.9054893810926,176.35004959106445,164.7946098010363,9.219137786751853,50.74542739409483,70.00809142291381,24125507.0,100.78307382183176,-55.88682587595982,298.5173275923649,0.06260187593509645,14572180480,16.700464,12.92,1.3723034,1.84
2026-06-10,181.10709829053428,181.9927312956968,176.13162855727785,180.4503326416016,421496,0,177.03069381713868,163.25670272827148,176.64023917843357,168.47080121116045,192.3521844752784,56.508158026280896,5.409120441871437,5.55655805090502,-0.14743760903358272,187.84455664967328,177.03069381713868,166.2168309846041,8.981410405593481,26.891336610992923,50.34359532532422,23704011.0,35.67130502490124,-60.69364763248598,298.28067209179676,0.14016353471359563,14572180480,16.700464,12.92,1.3723034,1.84
2026-06-11,179.3059781955338,184.57997907659697,176.89785270002946,183.21669006347656,332832,0,177.602872467041,164.08183456420898,177.26656783415194,169.04907136223167,192.26128403336992,58.816333555584976,5.281942025947728,5.5016348459135616,-0.21969281996583323,188.45436835393176,177.602872467041,166.75137658015026,8.888604403520198,22.54053892046321,33.39243430851703,24036843.0,56.16564872241939,-52.236097023773034,298.09766111268885,0.14738595409866304,14572180480,16.700464,12.92,1.3723034,1.84
2026-06-12,185.98305326050672,190.95852301262224,179.36568456376455,181.65440368652344,373417,0,178.14171600341797,165.07513748168947,177.68445696294924,169.54339812004704,192.15574293539134,56.977257828074336,4.997480911880757,5.400804059107001,-0.40332314722624396,188.66932239334233,178.14171600341797,167.6141096134936,9.08176397818716,23.342935522088936,24.258270351181736,23663426.0,80.5009074613468,-57.012455998177835,297.89727993530937,0.11018082086995802,14572180480,16.700464,12.92,1.3723034,1.84
2026-06-15,185.5850228701396,186.0825698483437,177.72378668808585,180.91802978515625,252498,0,178.59846420288085,166.15660552978517,177.9924162793499,169.98946210691406,192.04392489409548,56.08705952622316,4.65891909064365,5.252427065414331,-0.5935079747706808,188.76955646384093,178.59846420288085,168.42737194192077,9.030122491192209,28.147756072296307,24.67707683828286,23410928.0,41.838049882720085,-59.26376289312247,297.7593161273106,0.09652842442911734,14572180480,16.700464,12.92,1.3723034,1.84
2026-06-16,180.51002835690448,183.09727858438544,178.5596528054183,180.51998901367188,117846,0,179.08108444213866,167.04422943115233,178.23313749214248,170.40242394639475,191.92925886543455,55.5815495593282,4.308818467269475,5.06370534578536,-0.7548868785158849,188.6364274021625,179.08108444213866,169.52574148211482,8.709229868890418,28.242705668713352,26.577799087699578,23293082.0,23.416948760555353,-60.4806880606876,297.6945677460645,0.08202915891751494,14572180480,16.700464,12.92,1.3723034,1.84
2026-06-17,182.1021859092096,183.56497517467,178.12181026092088,179.13681030273438,177028,0,179.19104232788087,167.85980865478516,178.31920156934171,170.7449489015453,191.80197082003454,53.768012421233294,3.875080720251731,4.8259804206786345,-0.9508997004269037,188.69567157833845,179.19104232788087,169.68641307742328,8.475939514951753,25.93424489929575,27.44156888010185,23116054.0,12.262847009179573,-64.70946336504412,297.5970628084339,0.05438649859257698,14572180480,16.700464,12.92,1.3723034,1.84
2026-06-18,180.31102512060625,181.0971578633656,176.75854752771795,179.35574340820312,172904,0,179.55524749755858,168.51318756103515,178.41791983970947,171.08262711749268,191.67812776121033,54.02372225848736,3.5085619841897255,4.562496733380852,-1.0539347491911268,188.48136888346005,179.55524749755858,170.62912611165711,8.180416002144316,21.27033056246138,25.149093710156876,23288958.0,-13.624085434601186,-64.04012186752726,297.5010097629989,0.08764281673908039,14572180480,16.700464,12.92,1.3723034,1.84
2026-06-19,179.41544336815318,182.26141269069453,177.77352922980504,180.1319122314453,286392,0,179.9119888305664,169.23104858398438,178.58115721035097,171.43750104353003,191.56324004449624,54.9745296935524,3.2433364192238514,4.298664670549452,-1.0553282513256006,188.3162256402921,179.9119888305664,171.5077520208407,7.916663677768971,23.464325848251406,23.55630043666956,23575350.0,-1.836058730131823,-64.08470431065258,297.3435735465901,0.09121553411111645,14572180480,16.700464,12.92,1.3723034,1.84
2026-06-22,178.8183768873832,182.6892916829477,177.6242672034733,178.1317596435547,137752,0,180.2159896850586,169.68441345214845,178.53835744208465,171.70002098862903,191.4295934733426,51.99068692484339,2.8390211813222663,4.006735972704015,-1.1677147913817487,187.86704707348014,180.2159896850586,172.56493229663704,7.712975163605074,24.881551591726407,23.205402667479778,23437598.0,-22.777661964009766,-91.72501958510176,297.2676286079426,0.08580237721685259,14572180480,16.700464,12.92,1.3723034,1.84
2026-06-23,178.2312723981568,185.8536954600737,177.16651461678794,182.19174194335935,1431066,0,180.38018035888672,170.30057525634766,178.88629882315843,172.11146102606943,191.33767455264626,57.08273132695445,2.813769697693516,3.7681427177019153,-0.9543730200083993,188.05281741654278,180.38018035888672,172.70754330123066,7.782561283582266,38.69726535994352,29.014380933307155,24868664.0,24.1872956990146,-74.9279835077039,296.49940797823984,0.07456904940958967,14572180480,16.700464,12.92,1.3723034,1.84
2026-06-24,183.29630212210196,185.08747426467485,179.1666683128863,179.80352783203125,146519,0,180.33888397216796,170.89783081054688,178.9736539668606,172.4131107047346,191.2229069235854,53.48884983115617,2.571407213631204,3.528795616887773,-0.9573884032565689,188.0145999553078,180.33888397216796,172.66316798902812,7.649578759882716,37.79722766333422,33.792014871668094,24722145.0,17.994070498104158,-84.80854840338307,296.4210684773725,0.13457344638924604,14572180480,16.700464,12.92,1.3723034,1.84
2026-06-25,181.24640310734603,183.3958095846048,176.77842601118238,180.38067626953125,244820,0,180.4612808227539,171.524541015625,179.10765609092448,172.72556425629526,191.11502403150527,54.23866910823642,2.3982586218316158,3.3026882178765415,-0.9044295960449258,188.05727547385953,180.4612808227539,172.86528617164828,7.575850532278409,44.303165608885756,40.26588621072121,24966965.0,-12.406374238687036,-82.42075889820032,296.2890820478013,0.14530829438929577,14572180480,16.700464,12.92,1.3723034,1.84
2026-06-29,180.38067869692472,186.08256259333837,177.93274097867217,184.271484375,396974,0,181.11256942749023,172.041591796875,179.59944926083642,173.17834543742094,191.04692910955,59.03342152306516,2.5456481651960416,3.1512802073404416,-0.6056320421443999,187.5871826871903,181.11256942749023,174.63795616779015,7.616848466734679,51.23563693973162,44.44534340398391,25363939.0,45.29972962637121,-45.10073675753374,296.08043943774015,0.18864483503337617,14572180480,16.700464,12.92,1.3723034,1.84
2026-06-30,184.2913967025629,187.77422553133027,181.1468961730186,187.01795959472656,241602,0,181.74097137451173,172.64760406494142,180.30597405454026,173.72107540437412,191.0068398606463,62.05570105189929,2.851206107978868,3.091265387468127,-0.24005927948925887,187.94077860579128,181.74097137451173,175.54116414323218,7.54616853041875,71.11665555167828,55.551819366765265,25605541.0,107.17533031894997,-26.57713272164887,295.9566825117247,0.19384732687615489,14572180480,16.700464,12.92,1.3723034,1.84
2026-07-01,186.32138956606192,187.01795226773976,180.65930277683785,181.3558654785156,121033,0,181.8653579711914,173.06395111083984,180.40596371396649,174.0204789366934,190.9108102648042,53.322015085489646,2.6064339557835865,2.9942991011312188,-0.3878651453476323,187.92792702024443,181.8653579711914,175.80278892213838,7.461346265238033,71.76197001890179,64.70475417010394,25484508.0,27.940374638010898,-67.62446557964157,295.8935014024962,0.1615427227741431,14572180480,16.700464,12.92,1.3723034,1.84
2026-07-02,181.40562501549957,189.9634236342536,181.40562501549957,188.48074340820312,474967,0,182.27533645629882,173.66120666503906,181.17499035151283,174.58754813165456,190.8866304950868,60.798588727763956,2.9533242815796257,2.9861041372209,-0.03277985564127439,188.93365088116514,182.27533645629882,175.6170220314325,7.5432185431308865,74.50200157499519,72.46020904852513,25959475.0,122.76615110729466,-17.449182268329903,295.65414036323415,0.18705266490630754,14572180480,16.700464,12.92,1.3723034,1.84
2026-07-03,192.05313736458925,199.81487341403724,189.54549629361364,193.36666870117188,1150804,0,182.8330871582031,174.36911682128905,182.33610257528989,175.32398423241995,190.91130749216225,64.94518944143904,3.581208756424985,3.105125061061717,0.4760836953632679,191.0605732090916,182.8330871582031,174.60560110731464,7.813997933323974,66.97195894481675,71.07864351290462,27110279.0,255.83493001617734,-27.967182389157124,295.11877201423215,0.1369815783933738,14572180480,16.700464,12.92,1.3723034,1.84
2026-07-06,194.0433134082768,197.0186496800845,187.57520296133424,189.07778930664065,337252,0,182.6823303222656,174.97333770751953,182.97816797827568,175.86334913729135,190.89306353011727,59.041424741594014,3.690196712293641,3.222139391308102,0.4680573209855394,190.31456158438823,182.6823303222656,175.050099060143,7.930387132282995,67.74495839161436,69.73963963714215,26773027.0,173.9428720671525,-46.56892932697289,294.9582848830872,-0.09693255946737005,14572180480,16.700464,12.92,1.3723034,1.84
2026-07-07,188.570308067408,190.03309742385892,187.11746418448232,188.51060485839844,121112,0,182.9997657775879,175.54491973876952,183.50506672876355,176.3593199498838,190.86935747368227,58.28682334851673,3.688287129569801,3.3153689389604417,0.37291819060935927,191.03639936079,182.9997657775879,174.9631321943858,7.5721904256468235,51.82237512009569,62.17976415217566,26651915.0,113.42162080029462,-49.02892425868385,294.89929221126687,-0.00015329401297887492,14572180480,16.700464,12.92,1.3723034,1.84
2026-07-08,187.97323301686447,188.5105922298104,181.47527101685904,185.883544921875,210264,0,183.19281387329102,176.1059536743164,183.73158846144082,176.73281896839325,190.8197473985399,54.793640795505496,3.4351932207663936,3.339333795321632,0.09585942544476156,191.31135242891366,183.19281387329102,175.07427531766837,7.533843526782007,36.419773196128915,51.995702235946375,26441651.0,40.95665946072724,-60.4230203929783,294.79389092902784,0.030511762380053136,14572180480,16.700464,12.92,1.3723034,1.84
2026-07-09,185.8835541553545,200.392025866659,185.82385094737884,196.0832672119141,912658,0,183.97446060180664,176.80371368408203,184.90793881862876,177.4916600759823,190.87212073001626,63.85181120588045,4.011405831356399,3.4737482025285855,0.5376576288278132,193.73126841174863,183.97446060180664,174.21765279186465,8.036295769103303,47.51128868407238,45.251145666765716,27354309.0,181.23332928294542,-18.24693685467695,294.37535156388435,0.051212905889415676,14572180480,16.700464,12.92,1.3723034,1.84
2026-07-10,199.01878352963865,200.0138774472869,194.09307167406573,198.232666015625,401913,0,184.72525939941406,177.58048431396483,186.17696045643794,178.3050328579291,190.9453599865895,65.42408430780928,4.588602444150496,3.6967190508529675,0.8918833932975283,196.2788278693271,184.72525939941406,173.171690929501,7.885189340826007,63.37725251615499,49.10277146545214,27756222.0,190.92828218326068,-9.14456018671454,294.19825317201327,0.04366973274176028,14572180480,16.700464,12.92,1.3723034,1.84
2026-07-13,199.01878934513357,200.10343810292164,194.86924940935896,195.47625732421875,132365,0,185.41635208129884,178.35128387451172,187.06260777717898,178.9784142095483,190.9904435421878,61.71679805893173,4.76864579281829,3.911104399246032,0.8575413935722582,197.77779489041615,185.41635208129884,173.05490927218153,7.69583215173577,79.9403806508959,63.609640617041144,27623857.0,149.33028257426653,-20.81753130622373,294.1396906196301,0.06172538917314849,14572180480,16.700464,12.92,1.3723034,1.84
2026-07-14,195.23743169885032,195.23743169885032,189.06785219047327,189.56539916992188,72226,0,185.8487205505371,178.99073150634766,187.30096886220213,179.39359009034726,190.9762639961951,54.575054442357406,4.383840406470881,4.005651600691002,0.378188805779879,198.15536249718798,185.8487205505371,173.54207860388624,7.603873079022177,68.45520416098095,70.59094577601066,27551631.0,67.50282499114468,-45.849115607106974,294.1059524495441,0.06310699922820151,14572180480,16.700464,12.92,1.3723034,1.84
2026-07-15,189.5653991770033,192.44122011096655,189.2668679525372,190.3515167236328,69930,0,186.34029693603514,179.69446197509765,187.59149722995744,179.8233127034173,190.97004760542333,55.31564471779692,4.095106641891078,4.023542608931018,0.07156403296006086,198.54123154568083,186.34029693603514,174.13936232638946,7.28747872755126,49.28661106555944,65.89406529247881,27621561.0,53.27431808001808,-42.520027460775,294.0731161934334,0.06267957047085275,14572180480,16.700464,12.92,1.3723034,1.84
2026-07-16,191.35656516654663,194.73987844420355,191.05803395171145,192.8292999267578,78433,0,187.02492141723633,180.45949005126954,188.09033558203367,180.3333514180581,190.9885476285212,57.65883157087905,4.019880766849752,4.022810240514764,-0.002929473665012061,199.06781769077773,187.02492141723633,174.98202514369493,7.080398941338366,35.9769554131988,51.23959021324645,27699994.0,72.19268542717663,-33.67304870844925,294.0370914016936,0.07867434968789357,14572180480,16.700464,12.92,1.3723034,1.84
2026-07-17,192.0531317915103,196.809679643964,189.38628730155125,193.2572021484375,1087972,0,187.71999435424806,181.17396759033204,188.58241811216737,180.84016909375924,191.01112130533627,58.067776882861196,3.949267158596939,4.008101624131199,-0.05883446553426008,199.51422393738883,187.71999435424806,175.92576477110728,7.104898469986535,34.37535236940068,39.879639616053026,28787966.0,68.10031028761242,-36.15731942187897,293.54136403775624,0.07129764207890911,14572180480,16.700464,12.92,1.3723034,1.84
2026-07-20,197.0286038421208,201.407011187263,192.1526495175792,192.57058715820312,205485,0,188.34192810058593,181.75271423339845,188.96224373559934,181.3001854884433,191.02663837849911,57.11453640813134,3.7941645072280608,3.9653142007505715,-0.17114969352251075,199.77637155752822,188.34192810058593,176.90748464364364,7.258431555679198,33.47801547665626,34.610107753085295,28582481.0,88.12105214174338,-42.58987958699005,293.4503462347158,0.04675105180935079,14572180480,16.700464,12.92,1.3723034,1.84
2026-07-21,192.0332244862117,201.2876011744676,190.49082584084763,199.21780395507807,398628,0,189.3962303161621,182.21443786621094,189.9389637565021,182.00283719301723,191.10814251358946,63.381769839885536,4.15966930254757,4.004185221109971,0.1554840814375993,200.758787759767,189.3962303161621,178.03367287255722,7.51117039696068,49.4388460468665,39.09740463097453,28981109.0,100.14614809856042,-10.945277559189925,293.277170100193,0.08848739207849289,14572180480,16.700464,12.92,1.3723034,1.84
2026-07-22,200.2128952183992,202.00406732506224,194.162722315853,195.1876678466797,212697,0,190.04602661132813,182.67257873535155,190.438840336519,182.5198893755138,191.148734805461,57.86080725606586,4.077137480517706,4.018775672991518,0.0583618075261878,201.17014410214773,190.04602661132813,178.92190912050853,7.534754297835578,52.11072406302776,45.009195195516895,28768412.0,94.46250532065977,-33.204087448901,293.18513652066525,0.04946301738584875,14572180480,16.700464,12.92,1.3723034,1.84
2026-07-23,195.8344891464418,210.9599138986133,192.2720510424976,207.1188507080078,1335395,0,191.41179275512695,183.47820678710937,192.02741275285126,183.48455452580768,191.30764143135698,67.01987400264464,4.917787962389241,4.198578130871063,0.7192098315181781,203.80530838185015,191.41179275512695,179.01827712840375,8.331404909141302,70.04686269384239,57.198810934578944,30103807.0,167.27981205816556,-13.027334962169165,292.64913748476823,0.15214224064008147,14572180480,16.700464,12.92,1.3723034,1.84
2026-07-24,207.9746385868749,207.9746385868749,197.128120447064,200.2029571533203,360035,0,192.4029067993164,184.0468035888672,192.8060360290864,184.14017815825915,191.39615203555562,59.01301310534228,4.968678877300533,4.352598280156957,0.6160805971435765,204.26839496908465,192.4029067993164,180.53741862954817,8.51105585418913,58.540393547379615,60.23266010141665,29743772.0,133.12307413032664,-36.483252615379755,292.50301738464634,0.1286909657807226,14572180480,16.700464,12.92,1.3723034,1.84
2026-07-27,202.7006290360063,208.39256748909253,199.27750351217225,205.5864105224609,326849,0,193.46865310668946,184.7409811401367,194.02321455226493,184.98120687842393,191.53734863741536,62.74422268962101,5.381376827235954,4.5583539895727565,0.8230228376631974,206.02984320537473,193.46865310668946,180.90746300800419,8.55419929152707,67.79718704675061,65.46148109599092,30070621.0,155.5114143683936,-18.224753128950525,292.3746348633357,0.11827919323628963,14572180480,16.700464,12.92,1.3723034,1.84
2026-07-28,204.09377697030584,208.6512939385657,203.9942615008802,206.9496917724609,321022,0,194.46523971557616,185.44431365966796,195.25430762085503,185.8427160899548,191.69070528552527,63.646741344257016,5.7521412258778355,4.797111436833772,0.9550297890440635,207.9499031731427,194.46523971557616,180.98057625800962,8.275830230538384,66.57901140310202,64.30553066574413,30391643.0,163.0698197551487,-15.954058254598108,292.25192523945253,0.10514446325470247,14572180480,16.700464,12.92,1.3723034,1.84
2026-07-29,208.34281705672933,208.34281705672933,197.18782229434413,199.22776794433597,298759,0,195.35883483886718,186.0115173339844,195.6327324135675,186.36762008424424,191.76570093387164,55.45250537930605,5.3610807630160195,4.9099053020702215,0.4511754609457981,207.55749443879134,195.35883483886718,183.16017523894303,8.481484839956014,63.169914081895065,65.84870417724927,30092884.0,86.9463370903285,-53.590868282246014,292.131469751286,0.09178643034779188,14572180480,16.700464,12.92,1.3723034,1.84
2026-07-30,200.81990554432863,200.81990554432863,193.7547476827137,195.2871856689453,236437,0,195.69915695190429,186.37850799560547,195.59982319979397,186.71740696991878,191.80074058297686,51.78827076877719,4.679250979397807,4.863774437535739,-0.18452345813793158,207.48403785276037,195.69915695190429,183.9142760510482,8.380318627217365,42.01624737726586,57.25505762075437,29856447.0,9.97801220325062,-71.59091929583074,292.03115288870373,0.040716209841904154,14572180480,16.700464,12.92,1.3723034,1.84
2026-07-31,196.03351071200325,205.14857505727284,194.04332278599307,202.2826995849609,779946,0,196.14495849609375,186.98272918701173,196.23628761742893,187.32781060188123,191.90503868249908,57.19572833705991,4.6497757521494805,4.820974700458487,-0.17119894830900684,208.2142985034186,196.14495849609375,184.0756184887689,8.574956744650395,34.918518120445434,46.701559859868844,30636393.0,63.57638096293564,-39.63635051524629,291.7150872478496,0.12767018899754617,14572180480,16.700464,12.92,1.3723034,1.84
2026-08-03,203.9942598487539,206.4819947249582,201.20799375061927,205.04905700683597,301334,0,196.94352188110352,187.62376861572267,197.07559898784865,188.0227614412912,192.03582493448255,59.14708567040011,4.7943718128634885,4.815654122939487,-0.0212823100759989,209.14949469281444,196.94352188110352,184.7375490693926,8.33917418962815,47.78445250737684,41.57307266836278,30937727.0,109.08213400085909,-27.247703740960894,291.59856048334655,0.1749909053958856,14572180480,16.700464,12.92,1.3723034,1.84
2026-08-04,203.99425993151925,207.6363074359029,200.2328060118865,202.8300018310547,178636,0,197.65949172973632,188.23933380126954,197.62363735386828,188.60343753500743,192.14322967972208,56.90603084753485,4.67600396250171,4.787724090851932,-0.11172012835022205,209.4765401057709,197.65949172973632,185.84244335370173,8.272340420655881,65.0920884292011,49.26501968567451,30759091.0,87.95809356042417,-37.6844942178881,291.52909127969974,0.1676691206836566,14572180480,16.700464,12.92,1.3723034,1.84
2026-08-05,205.50999450683597,212.38999938964844,203.83999633789065,209.42999267578125,503781,0,198.83681411743163,188.8497750854492,198.7480521464314,189.4201651875868,192.31523727172268,61.569940248371466,5.056472819917246,4.841473836664995,0.21499898325225164,210.4157879132008,198.83681411743163,187.25784032166246,8.364315930508587,74.04816948084871,62.30823680580894,31262872.0,143.9362706681043,-12.867517653373795,291.344840460229,0.1740620171087587,14572180480,16.700464,12.92,1.3723034,1.84
2026-08-06,212.4900054931641,213.8999938964844,206.25,210.57000732421875,228987,0,199.56115112304687,189.44858612060546,199.873952639554,190.24957076157236,192.49687677473258,62.32834336662278,5.387878673666108,4.950754804065218,0.43712386960089056,212.13060370562397,199.56115112304687,186.99169854046977,8.313292928078289,76.51869515558293,71.8863176885443,31491859.0,146.2014330991968,-14.22513847716094,291.2630625749698,0.14429667879802288,14572180480,16.700464,12.92,1.3723034,1.84
2026-08-07,210.55999755859372,211.0,207.02999877929688,210.02999877929688,190319,0,200.15101776123046,190.09053131103516,200.84119512905332,191.02527382109096,192.67133570015113,61.70713213855766,5.543049203091925,5.06921368387056,0.4738355192213657,213.49889202405268,200.15101776123046,186.80314349840825,8.00305780612292,79.67667231621523,76.74784565088233,31301540.0,118.02847574218352,-16.531963493916905,291.1944771051712,0.13989164148473796,14572180480,16.700464,12.92,1.3723034,1.84
2026-08-10,212.2100067138672,212.2100067138672,207.6100006103516,210.5399932861328,184980,0,200.90420455932616,190.87641693115233,201.7648901916323,191.7905569373671,192.84913328807136,62.091406083379155,5.642136225801721,5.183798192256792,0.45833803354492897,214.80068150089406,200.90420455932616,187.00772761775826,7.759982684508111,76.77649826271532,77.65728857817119,31486520.0,114.2073171881158,-15.5354609221756,291.1285490744095,0.15955718331162608,14572180480,16.700464,12.92,1.3723034,1.84
2026-08-11,211.9499969482422,211.9499969482422,206.1499938964844,208.27999877929688,200266,0,201.8399345397949,191.55301849365233,202.38537672379084,192.43720171548202,193.0026742382328,59.25371448294371,5.4751861977406975,5.242075793353573,0.2331104043871246,215.06023996536868,201.8399345397949,188.61962911422114,7.619984139311659,63.744944531120325,73.39937170335033,31286254.0,90.91590172431158,-25.984880555348614,291.05612684853327,0.1578202409497631,14572180480,16.700464,12.92,1.3723034,1.84
2026-08-12,208.0,211.0,201.6100006103516,210.05999755859372,507699,0,202.82535858154296,192.17685577392578,203.11629299377208,193.12829174854522,193.17239884838565,60.774268171815706,5.4239838140157985,5.278457397486018,0.1455264165297807,215.39553645618284,202.82535858154296,190.25518070690308,7.746413800049998,62.76862976307166,67.76335751896914,31793953.0,68.58838088635115,-19.061550785444233,290.87034570872976,0.20306065534824955,14572180480,16.700464,12.92,1.3723034,1.84
2026-08-13,210.05999755859372,213.6999969482422,207.2100067138672,210.08999633789065,224684,0,203.68839340209962,192.7730322265625,203.78045521702145,193.7934566344019,193.3407331517638,60.80081785254385,5.324449269969932,5.2876557719828,0.03679349798713183,215.75490946989208,203.68839340209962,191.62187733430716,7.656669259644642,61.01030666448386,62.50796031955866,32018637.0,100.89182845197062,-18.9126383374225,290.7911225988882,0.19662773690905527,14572180480,16.700464,12.92,1.3723034,1.84
2026-08-14,211.1999969482422,212.25999450683597,208.1999969482422,211.5,307712,0,204.60053329467775,193.35879913330078,204.5156499582575,194.4878308840332,193.52142237413432,62.09930242037831,5.298267805145343,5.289778178615309,0.008489626530034045,216.12073739936955,204.60053329467775,193.08032918998595,7.399764138141009,73.5662863236121,65.78174091705593,32326349.0,97.88555926040422,-11.913450304935163,290.68330706264703,0.2376018794828772,14572180480,16.700464,12.92,1.3723034,1.84
2026-08-17,211.4900054931641,214.3000030517578,208.58999633789065,211.72000122070312,271827,0,205.55800399780273,193.75134063720702,205.201778649919,195.16360226978497,193.70250276066733,62.30909296420815,5.234926096120688,5.278807762116385,-0.04388166599569665,216.05760141508796,205.55800399780273,195.0584065805175,7.279067179264305,77.20426034064023,70.59361777624544,32598176.0,101.3482424289468,-12.557652775355725,290.5893544691702,0.26437873499201947,14572180480,16.700464,12.92,1.3723034,1.84
2026-08-18,211.97000122070312,212.7899932861328,203.1199951171875,210.7899932861328,266717,0,206.13661346435546,194.32390258789061,205.73398956765365,195.7764019174849,193.87252754201523,60.77755358863105,5.051453456422024,5.233336900977513,-0.18188344455548844,216.44862128689877,206.13661346435546,195.82460564181216,7.44984796424152,77.93751231226052,76.23601965883766,32331459.0,53.320020392522075,-17.08428395060786,290.4943171145042,0.2568455095340163,14572180480,16.700464,12.92,1.3723034,1.84
2026-08-19,208.5200042724609,218.25,208.5200042724609,216.6300048828125,1179709,0,207.2087303161621,195.01605102539062,206.7717053119545,196.59419026906636,194.09897010262017,66.36794130415305,5.316010536092136,5.249871628000437,0.0661389080916992,217.19803148395758,207.2087303161621,197.21942914836663,7.612715661619918,80.43406853701747,78.52528039663945,33511168.0,139.7141407674354,-6.6923481602427755,290.1050967754252,0.34162195530918094,14572180480,16.700464,12.92,1.3723034,1.84
2026-08-20,219.0,221.08999633789065,210.1999969482422,212.75,303194,0,207.49028778076172,195.6620443725586,207.34106671081597,197.22775143498532,194.28455248965878,60.22614303224446,5.153187225682359,5.230534747536821,-0.07734752185446236,217.7668902188458,207.49028778076172,197.21368534267765,7.8468073564791,71.74084148447955,76.7041407779192,33207974.0,129.04033183711073,-39.98619280705602,290.00598744747526,0.2586671171516448,14572180480,16.700464,12.92,1.3723034,1.84
2026-08-21,214.1000061035156,218.38999938964844,210.82000732421875,215.6699981689453,257794,0,208.26363983154297,196.31111053466796,208.13429827825686,197.9509767971014,194.4973429939303,63.00112824274253,5.199827651508713,5.2243933283312,-0.024565676822486893,218.55814122621118,208.26363983154297,197.96913843687477,7.827034835689856,70.9069342386261,74.3606147533744,33465768.0,124.12151927369574,-25.986233448653167,289.9222357984962,0.2947158136531749,14572180480,16.700464,12.92,1.3723034,1.84
2026-08-24,215.6699981689453,222.7899932861328,214.72000122070312,221.1000061035156,435442,0,209.0393196105957,197.1000225830078,209.36912759494817,198.85878186794116,194.76204610944856,67.53693968595208,5.6102750266203145,5.301569667989023,0.30870535863129156,220.66218461649078,209.0393196105957,197.41645460470062,7.844388923528415,71.61209049085215,71.41995540465263,33901210.0,181.95620275250403,-7.979167927426494,289.78980495699983,0.30801229353112064,14572180480,16.700464,12.92,1.3723034,1.84
2026-08-25,222.9199981689453,223.00999450683597,219.22000122070312,222.0,365039,0,209.79183502197264,197.92166198730467,210.57206782400073,199.766280618218,195.03307052626997,68.23209033703809,5.939710232178101,5.429197780826838,0.5105124513512624,222.6583967809932,209.79183502197264,196.9252732629521,7.5547892351430175,84.75888042190645,75.75930171712827,34266249.0,181.7139411764697,-4.719601845315897,289.68211930131235,0.3177714697037737,14572180480,16.700464,12.92,1.3723034,1.84
2026-08-26,222.0,224.4600067138672,219.3000030517578,222.07000732421875,523006,0,210.9339469909668,198.75266235351563,211.66710968116433,200.64093656747292,195.30209477301574,68.28897410618846,6.135710362314285,5.570500297124328,0.565210065189957,223.90165815648808,210.9339469909668,197.96623582544552,7.383733122783471,89.22595218675686,81.86564103317185,34789255.0,167.3151508559331,-10.45951313457515,289.52962417240207,0.3388182783450086,14572180480,16.700464,12.92,1.3723034,1.84
2026-08-27,222.1499938964844,223.44000244140625,218.1100006103516,221.82000732421875,412890,0,212.26058807373047,199.6063262939453,212.63405231383618,201.4714883618551,195.56595459939587,67.82193727552956,6.199406072679494,5.696281452235361,0.5031246204441331,223.91643040985707,212.26058807373047,200.60474573760388,7.237038030517127,85.63824040157238,86.54102433674525,34376365.0,135.4523454599816,-11.553604746049759,289.40826540628274,0.36977174809176944,14572180480,16.700464,12.92,1.3723034,1.84
2026-08-28,222.0,224.6199951171875,221.0,222.47999572753903,137777,0,213.27045288085938,200.46881134033202,213.57176121037932,202.2953513958035,195.833756003656,68.43566835862748,6.231310264567469,5.803287214701783,0.4280230498656863,224.7923867319979,213.27045288085938,201.74851902972085,6.978677822422154,80.75628119208585,85.20682459347172,34514142.0,135.73269978960386,-9.300303783265596,289.3687978592476,0.3461307638196605,14572180480,16.700464,12.92,1.3723034,1.84
2026-08-31,221.07000732421875,227.6300048828125,221.07000732421875,224.72999572753903,297152,0,214.25449981689454,201.3607730102539,214.63445021201358,203.17514136959704,196.12128077702798,70.50129609632303,6.364781523003188,5.915586076362064,0.44919544664112454,226.15523595413623,214.25449981689454,202.35376367965284,6.948772089291554,76.18890958318363,80.86114372561399,34811294.0,138.67613543505917,-11.14530622250044,289.28609879426494,0.3315530924383856,14572180480,16.700464,12.92,1.3723034,1.84
2026-09-01,223.0,229.47999572753903,222.41000366210935,227.1199951171875,701552,0,215.46899948120117,202.34053771972657,215.82354972679204,204.11415524205157,196.42972569583554,72.55579568276089,6.587475120974574,6.049963885284566,0.5375112356900082,227.4158754698656,215.46899948120117,203.52212349253674,6.9574306590157065,75.72172437984247,77.55563838503735,35512846.0,142.93732728111002,-8.952961136976473,289.09726623229386,0.34663426777227113,14572180480,16.700464,12.92,1.3723034,1.84
2026-09-02,227.1199951171875,233.3000030517578,224.5,231.44000244140625,425241,0,216.56949996948242,203.3255029296875,217.31083093770766,205.18575709300666,196.77808665847803,75.83229386626108,7.031495189454233,6.2462701461184995,0.7852250433357337,230.0455567763339,216.56949996948242,203.09344316263093,7.089042972782999,78.84548063600334,76.91870486634319,35938087.0,154.0722546618355,-6.163022270848996,288.9895462022324,0.3624980982003635,14572180480,16.700464,12.92,1.3723034,1.84
2026-09-03,234.6999969482422,238.7100067138672,230.4199981689453,236.6100006103516,1784517,0,217.87149963378906,204.4616323852539,219.1488470970071,206.41808036819666,197.1744241107355,79.05506132797365,7.711664667529902,6.53934905040078,1.1723156171291222,233.6178911361395,217.87149963378906,202.12510813143862,7.1748262279357755,85.04699060047476,79.87139853877356,37722604.0,177.5725218935593,-5.900549084708681,288.5833063148615,0.3944564341154551,14572180480,16.700464,12.92,1.3723034,1.84
2026-09-04,240.0,240.3000030517578,231.6000061035156,239.02999877929688,487592,0,219.32149963378907,205.63461883544923,221.04229011436803,207.69697912941626,197.59089749052217,80.37431324221916,8.349727050809548,6.901424650482534,1.4483024003270142,237.11974211536992,219.32149963378907,201.52325715220823,7.283766993671949,89.76435821896966,84.55227648514928,38210196.0,166.34801346854374,-3.4158257165945245,288.4769392847647,0.4085439873462593,14572180480,16.700464,12.92,1.3723034,1.84
2026-09-08,216.75999450683597,221.0,206.2100067138672,215.7700042724609,498239,0,219.58300018310547,206.26458923339842,220.54016765323402,208.01356835071212,197.77178412516832,48.653603086293714,6.898981754533935,6.900936071292814,-0.0019543167588791377,237.00722350575407,219.58300018310547,202.15877686045687,9.107783070226073,69.86046166937014,81.55727016293821,37711957.0,-41.4869241396633,-71.95658965804024,288.32109831589406,0.40512511089727044,14572180480,16.700464,12.92,1.3723034,1.84
