Date,Open,High,Low,Close,Volume,Segment,SMA_20,SMA_50,EMA_20,EMA_50,EMA_200,RSI_14,MACD,MACD_Signal,MACD_Hist,BB_upper,BB_middle,BB_lower,ATR_14,STOCH_K,STOCH_D,OBV,CCI_20,Williams_%R,VWAP,CMF_20
2021-01-05,23.75,23.75,23.75,23.75,4000,0,,,,,,,,,,,,,,,,4000.0,,,23.75,
2021-01-06,22.600000381469727,24.850000381469727,22.600000381469727,23.899999618530273,10000,0,,,,,,,,,,,,,,,,14000.0,,,23.77380961463565,
2021-01-07,22.75,24.0,22.75,23.350000381469727,6000,0,,,,,,,,,,,,,,,,8000.0,,,23.651666768391927,
2021-01-13,22.200000762939453,23.850000381469727,22.200000762939453,23.850000381469727,4000,0,,,,,,,,,,,,,,,,12000.0,,,23.593055725097656,
2021-01-14,22.75,22.75,22.700000762939453,22.700000762939453,4000,0,,,,,,,,,,,,,,,,8000.0,,,23.467857360839844,
2021-01-15,23.799999237060547,23.799999237060547,23.799999237060547,23.799999237060547,6000,0,,,,,,,,,,,,,,,,14000.0,,,23.526470633114087,
2021-01-18,23.049999237060547,23.049999237060547,22.649999618530273,22.649999618530273,6000,0,,,,,,,,,,,,,,,,8000.0,,,23.414999961853027,
2021-01-19,21.600000381469727,23.0,21.549999237060547,22.25,6000,0,,,,,,,,,,,,,,,,2000.0,,,23.265217324961785,
2021-01-21,23.049999237060547,23.5,22.200000762939453,22.899999618530273,8000,0,,,,,,,,,,,,,,38.47825486961258,37.27688952545346,10000.0,,,23.20617280183015,
2021-01-22,22.950000762939453,23.950000762939453,22.950000762939453,23.600000381469727,8000,0,,,,,,,,,,,,,,58.61715921156641,45.233144388862115,18000.0,,,23.244086070727274,
2021-01-25,23.049999237060547,24.75,23.0,23.600000381469727,6000,0,,,,,,,,,,,,,,69.82639916241148,55.64060441453015,18000.0,,,23.291666722765154,
2021-01-27,24.600000381469727,24.600000381469727,24.600000381469727,24.600000381469727,2000,0,,,,,,,,,,,,,,81.59723119051243,70.01359652149677,20000.0,,,23.32904768444243,
2021-02-03,22.25,22.299999237060547,22.25,22.299999237060547,4000,0,,,,,,,,,,,,,,54.43218116331713,68.618603838747,16000.0,,,23.272522556889164,
2021-02-04,21.200000762939453,21.200000762939453,21.200000762939453,21.200000762939453,2000,0,,,,,,,,,,,,,,33.07800766695322,56.36914000692758,14000.0,,-100.00000000000001,23.21798250967996,
2021-02-15,20.399999618530273,20.399999618530273,20.149999618530273,20.149999618530273,6000,0,,,,,,34.745757643499324,,,,,,,1.3999998910086495,1.307169987448906,29.60578627257307,8000.0,,-100.0,22.999593517644616,
2021-02-17,19.149999618530273,21.149999618530273,19.149999618530273,21.100000381469727,6000,0,,,,,,39.952009865765085,,,,,,,1.4428570416508888,11.926608501290824,15.437262051897633,14000.0,,-65.17856017667496,22.82689395095363,
2021-02-18,20.100000381469727,20.100000381469727,20.049999237060547,20.049999237060547,4000,0,,,,,,36.48699536995262,,,,,,,1.4147959061336237,21.45041514173094,11.56139787682354,10000.0,,-83.92857933530948,22.70688405244247,
2021-02-19,19.049999237060547,19.049999237060547,19.049999237060547,19.049999237060547,2000,0,,,,,,33.50648772343634,,,,,,,1.3851676271240791,21.45041514173094,18.275812928250883,8000.0,,-100.0,22.629077992540726,
2021-02-23,17.25,17.25,17.200000762939453,17.200000762939453,6000,0,,,,,,28.81670694523228,,,,,,,1.4183698304810088,9.523806640440126,17.474878974633985,2000.0,,-100.0,22.30433334350586,
2021-02-25,16.350000381469727,16.350000381469727,16.350000381469727,16.350000381469727,2000,0,21.917500019073486,,21.917500019073486,,,26.950246413866292,,,,26.4145295388143,21.917500019073486,17.420470499332673,1.3777720126944888,1.0658141036401503e-14,10.324740594057007,0.0,-198.8799155901657,-100.0,22.18758171679927,
2021-03-01,15.550000190734863,16.850000381469727,15.550000190734863,15.550000190734863,10000,0,21.50750002861023,,21.311071463993617,,,25.28997706757487,,,,26.70252400444129,21.50750002861023,16.31247605277917,1.3722168825545153,1.0658141036401503e-14,3.1746022134800307,-10000.0,-172.2274364252478,-100.0,21.633630990982056,
2021-03-05,15.5,15.5,15.5,15.5,2000,0,21.087500047683715,,20.757636086470416,,,25.185545110203766,,,,26.77572249716156,21.087500047683715,15.399277598205872,1.2777728331388258,1.0658141036401503e-14,-7.697546304067751e-15,-12000.0,-156.80750757757338,-100.0,21.526023429736757,
2021-03-09,15.550000190734863,16.200000762939453,15.550000190734863,16.200000762939453,4000,0,20.730000066757203,,20.323575579467466,,,29.5703668710511,,,,26.69643937248157,20.730000066757203,14.763560761032837,1.2365033995531562,13.333347865513403,4.444449288504456,-8000.0,-123.59757664258119,-92.43242418443835,21.33813564925544,
2021-03-10,15.649999618530273,17.0,15.649999618530273,17.0,72000,0,20.387500047683716,,20.007044571899137,,,34.30894868770443,,,,26.384572053543895,20.387500047683716,14.390428041823537,1.2446103268329112,46.66668119884673,20.00000968812003,64000.0,-96.5534751548822,-83.78378378378379,19.523684197141414,
2021-03-15,18.700000762939453,18.700000762939453,18.700000762939453,18.700000762939453,2000,0,20.187500047683717,,19.882564209141073,,,43.073884393365496,,,,26.12929030812396,20.187500047683717,14.245709787243474,1.2771382151262356,80.00001453218006,46.66668119884671,66000.0,-37.36780277895846,-64.8351579253162,19.515104161368477,
2021-03-16,19.600000381469727,19.600000381469727,19.600000381469727,19.600000381469727,4000,0,19.977500104904173,,19.85565336841047,,,47.098189935485486,,,,25.6860439374506,19.977500104904173,14.268956272357748,1.2501997439408097,100.0,75.55556524367557,70000.0,-9.458979203623711,-39.70586997827305,19.516836737288912,
2021-03-17,20.549999237060547,20.549999237060547,20.549999237060547,20.549999237060547,2000,0,19.872500085830687,,19.921781546377144,,,51.03320597632117,,,,25.456447882262854,19.872500085830687,14.28855228939852,1.228756823344382,100.0,93.33333817739333,72000.0,20.1235430323889,-11.403534015383267,19.527272722135088,
2021-03-26,19.549999237060547,19.549999237060547,19.549999237060547,19.549999237060547,8000,0,19.737500047683717,,19.88637370739461,,,47.0646508478772,,,,25.214531464719503,19.737500047683717,14.260468630647932,1.2124170502483547,93.1972783819662,97.73242612732206,64000.0,-4.487203791152707,-28.318592734452828,19.52815530523899,
2021-04-26,18.600000381469727,18.600000381469727,18.600000381469727,18.600000381469727,2000,0,19.52250008583069,,19.763861962068432,,,43.59619687226771,,,,24.82075202395295,19.52250008583069,14.22424814770843,1.1936728934871021,59.863945048632864,84.35374114353301,62000.0,-27.594410975598667,-45.13273290669486,19.519230738664284,
2021-04-29,18.950000762939453,18.950000762939453,18.950000762939453,18.950000762939453,4000,0,19.290000104904173,,19.686351371675197,,,45.198568035143076,,,,24.249395027477725,19.290000104904173,14.330605182330622,1.1334105712001468,32.51352773028837,61.85825038696246,66000.0,-10.50554034873955,-31.683142888005758,19.508490550443064,
2021-05-31,18.899999618530273,18.899999618530273,18.049999237060547,18.049999237060547,4000,0,19.012500047683716,,19.530508311235707,,,41.902092512644074,,,,23.581949995398453,19.012500047683716,14.44305009996898,1.1167384965343439,5.982916014988845,32.78679626463668,62000.0,-24.647253569048786,-49.50495797411595,19.48672836798209,
2021-06-01,17.149999618530273,17.149999618530273,17.149999618530273,17.149999618530273,2000,0,18.64000000953674,,19.303793197644712,,,38.85063671579573,,,,22.48377384324495,18.64000000953674,14.796226175828533,1.1012571481054816,5.982916014988845,14.826453253422004,60000.0,-61.55409384576539,-67.32673529094058,19.46529048954675,
2021-06-02,18.0,18.0,18.0,18.0,4000,0,18.425000047683717,,19.179622416916644,,,43.06753240320616,,,,21.888018742934822,18.425000047683717,14.961981352432613,1.0833102362029277,15.740737797303373,9.235523275760341,64000.0,-18.406080842607906,-50.49504202588405,19.438888859104466,
2021-06-07,17.100000381469727,17.100000381469727,17.100000381469727,17.100000381469727,2000,0,18.22000002861023,,18.98156317544551,,,39.92785661346347,-1.5549212859917212,-1.936051066266953,0.3811297802752318,21.481195742077592,18.22000002861023,14.958804315142867,1.0702166206548809,15.740737797303373,12.48813053653185,62000.0,-52.459526964735424,-68.31681934270867,19.418005926268442,
2021-06-14,17.0,17.049999237060547,17.0,17.049999237060547,4000,0,18.065000009536742,,18.79760470512313,,,39.754459059897954,-1.524040542343652,-1.8536489614822929,0.3296084191386408,21.23802666320889,18.065000009536742,14.891973355864598,1.0009154607130841,16.617917570971315,16.033131055192673,58000.0,-49.54735414675495,-69.30694116376233,19.37616955606561,
2021-06-17,17.899999618530273,17.899999618530273,17.5,17.5,4000,0,17.884999990463257,,18.674023304635213,,,42.18780801654419,-1.4465807473724297,-1.7722353186603201,0.32565457128789044,20.741588457162088,17.884999990463257,15.028411523764424,0.9901358121957015,17.54384644033462,16.634167269536423,62000.0,-14.011609711176487,-60.999996376036904,19.346120653481318,
2021-06-18,18.350000381469727,18.350000381469727,17.600000381469727,17.600000381469727,4000,0,17.762500047683716,,18.571735407190882,,,42.741278193628084,-1.3614303847293314,-1.6900743318741225,0.32864394714479106,20.441842006453584,17.762500047683716,15.083158088913848,0.9801261385724176,32.35866648792884,22.173476833078244,66000.0,3.8697242228323807,-60.20406296430805,19.320762682769256,
2021-06-21,18.450000762939453,18.450000762939453,18.25,18.450000762939453,16000,0,17.732500123977662,,18.56014163154789,,,47.35483064754895,-1.2113959632281315,-1.5943386581449244,0.3829426949167929,20.366560481012286,17.732500123977662,15.098439766943036,0.970831441636511,64.81482004759424,38.23911099195255,82000.0,38.30433963684883,-59.154899308088986,19.261243391289284,
2021-06-22,19.350000381469727,19.350000381469727,18.450000762939453,18.450000762939453,8000,0,17.795000123977662,,18.549652025013753,,,47.35483064754895,-1.080042545092109,-1.4914794355343612,0.4114368904422523,20.43486740927486,17.795000123977662,15.155132838680462,0.9657720257003513,68.71553675063579,55.296341095386275,82000.0,55.08698900581876,-59.154899308088986,19.245512844966008,
2021-06-23,19.350000381469727,19.350000381469727,18.799999237060547,18.799999237060547,4000,0,17.917500066757203,,18.57349461663726,,,49.30544547818057,-0.9369020395560277,-1.3805639563386944,0.44366191678266675,20.5046363469613,17.917500066757203,15.330363786553109,0.9610739966167742,77.32412154990556,70.28482611604518,86000.0,62.93363261296763,-49.295785242168854,19.241540422343242,
2021-06-24,18.799999237060547,18.799999237060547,18.799999237060547,18.799999237060547,2000,0,18.080000019073488,,18.595066485249,,,49.30544547818059,-0.8140779735142978,-1.2672667597738152,0.4531887862595174,20.451159865828018,18.080000019073488,15.70884017231896,0.8924258540012903,66.84790927544499,70.96252252532877,86000.0,46.20456927199887,-29.411773505647997,19.238220563807282,
2021-06-29,19.5,19.5,18.100000381469727,18.100000381469727,6000,0,18.210000038146973,,18.547917332508117,,,45.40332065699744,-0.7644114148277161,-1.1666956907845953,0.4022842759568792,20.265139688448137,18.210000038146973,16.154860387845808,0.9286811228962176,46.28052590573676,63.48418557702908,80000.0,23.936864604016336,-55.99998474121094,19.223406880509618,
2021-06-30,18.100000381469727,18.100000381469727,18.100000381469727,18.100000381469727,20000,0,18.305000019073486,,18.505258575266364,,,45.40332065699743,-0.7167876276535843,-1.076714078158393,0.35992645050480876,20.14399419099541,18.305000019073486,16.46600584715156,0.8623467569750592,22.857121058872764,45.328518746684814,80000.0,-23.090881060565977,-55.99998474121094,19.14646122989045,
2021-07-05,19.0,19.0,17.200000762939453,18.399999618530273,10000,0,18.375,,18.49523391272007,,,47.46969215729887,-0.64737546064163,-0.9908463546550405,0.34347089401341047,20.113821310505188,18.375,16.636178689494812,0.9293219341240226,17.391293531100573,28.84298016523668,90000.0,-24.288096919633908,-44.00001525878906,19.115121458276743,
2021-07-06,19.299999237060547,19.299999237060547,17.5,17.5,4000,0,18.314999961853026,,18.400449730556254,,,42.29761587444501,-0.6574100519464565,-0.9241590941133236,0.2667490421668671,20.087314672161103,18.314999961853026,16.54268525154495,0.9915131700480602,21.739110003189968,20.66250819772108,86000.0,-31.26831259422162,-80.0,19.101851893406284,
2021-07-07,16.649999618530273,16.649999618530273,16.649999618530273,16.649999618530273,2000,0,18.167499923706053,,18.23374019607759,,,38.07790206157294,-0.7255863570239285,-0.8844445466954446,0.1588581896715161,19.97810048714652,18.167499923706053,16.356899360265587,0.9814051137210363,21.739110003189968,20.289837845826813,84000.0,-157.67199375103806,-100.0,19.08593077473826,
2021-07-08,15.850000381469727,15.850000381469727,15.850000381469727,15.850000381469727,2000,0,17.932499980926515,,18.00671735659113,,,34.58117313356433,-0.8345496536219486,-0.8744655680807454,0.03991591445879683,19.66347506391619,17.932499980926515,16.20152489793684,0.96844755110243,4.347816472089396,15.942012159489757,82000.0,-208.53265125818606,-100.00000000000001,19.065053804459108,
2021-07-12,16.0,16.5,16.0,16.5,6000,0,17.780000019073487,,17.86322046548721,,,39.44675296332298,-0.8585573990097579,-0.8712839342665479,0.012726535256790017,19.450449136772907,17.780000019073487,16.109550901374067,0.9457012702044187,6.28019163423712,10.78903936983881,88000.0,-139.292188861009,-82.19178941196698,19.01318569424786,
2021-07-13,15.699999809265137,17.0,15.699999809265137,17.0,6000,0,17.7,,17.781008992583665,,,42.9610994882848,-0.827696716347674,-0.8625664906827731,0.03486977433509908,19.35891534735824,17.7,16.041084652641757,0.9710083359565934,18.3172323505738,9.64841348563342,94000.0,-102.34541173453427,-65.7894703820143,18.96759838199023,
2021-07-20,17.850000381469727,17.850000381469727,17.850000381469727,17.850000381469727,14000,0,17.644999980926514,19.429000034332276,17.787579601049003,19.429000034332276,,48.439548877845326,-0.7262793793715545,-0.8353090684205294,0.10902968904897492,19.204454937867084,17.644999980926514,16.085545023985944,0.9623649106361029,51.65056568390713,25.41599655623933,108000.0,12.501916434148216,-43.42104041345293,18.92103179863521,
2021-07-22,18.700000762939453,18.700000762939453,17.5,18.5,10000,0,17.667500019073486,19.324000034332276,17.85542916285386,19.392568660436893,,52.21893285984901,-0.5866928423209394,-0.7855858232006114,0.198892980879672,19.26226485530777,17.667500019073486,16.072735182839203,0.9793389000863421,76.48147739010398,48.81642514152828,118000.0,47.857047316408085,-26.315788152805723,18.901156127797382,
2021-07-23,18.5,19.399999618530273,18.5,19.399999618530273,12000,0,17.780000019073487,19.234000034332276,18.002531111013518,19.392860070558203,,56.92681129637208,-0.3988493711612513,-0.7082385327927394,0.3093891616314881,19.523387389224073,17.780000019073487,16.0366126489229,0.9736718085466228,97.77777000710063,75.30327102703723,130000.0,115.7639681228646,-2.631588853957083,18.907821277000384,
2021-07-26,20.350000381469727,20.350000381469727,20.350000381469727,20.350000381469727,4000,0,17.897500038146973,19.174000034332277,18.22609961296173,19.430394984711597,,61.265276939613734,-0.17134973179981827,-0.6008607725941552,0.4295110407943369,19.97005278263704,17.897500038146973,15.824947293656905,0.9719810195746821,97.77777000710063,90.67900580143505,134000.0,192.0770103355368,-0.0,18.92375695771275,
2021-07-27,21.350000381469727,21.350000381469727,21.350000381469727,21.350000381469727,2000,0,18.11000003814697,19.124000034332276,18.523613971867253,19.50567362772172,,65.23476940986008,0.08861550965771414,-0.4629655161437813,0.5515810258014955,20.634202974192775,18.11000003814697,15.585797102101168,0.9739823753193476,100.0,98.51851333806707,136000.0,228.68149222969666,-0.0,18.93708796553559,
2021-07-28,22.399999618530273,22.399999618530273,22.399999618530273,22.399999618530273,2000,0,18.37750005722046,19.118000011444092,18.89279355726373,19.619176607753428,,68.8450075086637,0.37504274042661834,-0.29536386482970134,0.6704066052563197,21.46642776142489,18.37750005722046,15.28857235301603,0.9794121511580046,100.0,99.25925666903352,138000.0,240.5234538099887,-0.0,18.95601098003283,
2021-07-29,23.5,23.5,23.5,23.5,24000,0,18.67750005722046,19.11200002670288,19.33157512323861,19.771365760390548,,72.11232659715357,0.6829268662981143,-0.09970571860413821,0.7826325849022525,22.455789911701242,18.67750005722046,14.899210202739676,0.9880255961802705,100.0,99.99999999999999,162000.0,234.349607062582,-0.0,19.235641073569273,
2021-07-30,24.649999618530273,24.649999618530273,24.649999618530273,24.649999618530273,6000,0,19.030000019073487,19.15200002670288,19.838091741837818,19.962684735219558,,75.05739418644602,1.0081018419913264,0.12185579351495471,0.8862460484763717,23.577570625866464,19.030000019073487,14.482429412280512,0.9995951692052707,100.0,99.99999999999999,168000.0,218.42880686454282,-0.0,19.317676809098984,
2021-08-02,23.5,25.850000381469727,23.5,25.850000381469727,14000,0,19.4,19.224000034332274,20.41065446942181,20.193559858601915,,77.70339640810424,1.3471067773473706,0.3669059902814379,0.9802007870659327,24.819225003763833,19.4,13.980774996236164,1.0960526843670175,100.0,99.99999999999999,182000.0,180.0179134160654,-0.0,19.51398378852906,
2021-08-03,27.100000381469727,27.100000381469727,25.0,25.5,14000,0,19.752499961853026,19.27600004196167,20.89535404376259,20.40165555042145,,75.19772140089572,1.5694370321404492,0.6074121986532401,0.962024833487209,25.76352941103314,19.752499961853026,13.741470512672914,1.167763234160068,88.6524814060593,96.21749380201975,168000.0,163.08690022734888,-14.035090361055222,19.723742189647265,
2021-08-04,26.549999237060547,26.549999237060547,26.549999237060547,26.549999237060547,2000,0,20.13999996185303,19.335000019073487,21.43389168121954,20.64276706754455,,77.53785725656964,1.809502703300648,0.8478302995827217,0.9616724037179264,26.817694009355773,20.13999996185303,13.462305914350285,1.159351520081531,83.55987875671701,90.73745338759208,170000.0,148.6927945331085,-4.824571200024227,19.75579034479944,
2021-08-05,26.549999237060547,26.549999237060547,26.549999237060547,26.549999237060547,2000,0,20.527499961853028,19.393999996185304,21.921140019871064,20.874423231054983,,77.53785725656964,1.9769672296705991,1.0736576856002973,0.9033095440703018,27.728157608568146,20.527499961853028,13.326842315137908,1.0765406972185645,78.46727610737473,83.559878756717,170000.0,126.21526773122126,-4.824571200024227,19.787538984482904,
2021-08-06,26.5,26.5,26.5,26.5,2000,0,20.94749994277954,19.43199998855591,22.357221922740486,21.0950340847391,,77.1359276878066,2.0816535464664945,1.2752568577735368,0.8063966886929577,28.503919141571068,20.94749994277954,13.391080743988015,1.0032163072072775,84.25923620232093,82.09546368880422,168000.0,108.6321812313476,-5.263160976786648,19.818759733392284,
2021-08-10,25.200000762939453,25.200000762939453,25.200000762939453,25.200000762939453,2000,0,21.302499961853027,19.490000019073488,22.627962764664197,21.256013170158724,,67.35912201632401,2.0362465501568323,1.427454796250196,0.6087917539066363,28.95694134894697,21.302499961853027,13.648058574759084,1.0244150879110825,59.193120226407196,73.9732108453676,166000.0,74.93688473828624,-19.791661906573697,19.843672886306855,
2021-08-13,25.200000762939453,25.200000762939453,25.200000762939453,25.200000762939453,2000,0,21.642500019073488,19.570000019073486,22.872918764499936,21.41067935026777,,67.35912201632401,1.9774661792571635,1.5374570728515895,0.440009106405574,29.354910384394607,21.642500019073488,13.930089653752367,0.9512425816317195,30.952389542416157,58.13491532371474,166000.0,67.63558309668865,-19.791661906573697,19.86835642490885,
2021-08-16,26.0,26.0,26.0,26.0,2000,0,22.067500019073485,19.68700002670288,23.17073602502375,21.5906527090808,,70.06687005071946,1.9726955579559053,1.6245047698724526,0.3481907880834527,29.75673103252751,22.067500019073485,14.378269005619458,0.9404394855909215,22.927704616354934,37.691071461726075,168000.0,75.10023340669466,-12.790701542756656,19.896483230299175,
2021-08-17,27.299999237060547,27.299999237060547,25.899999618530273,25.899999618530273,4000,0,22.530000019073487,19.78300001144409,23.43066589107199,21.7596467055298,,69.29306254005364,1.9384997922270664,1.6873037743433754,0.25119601788369095,29.968843820112262,22.530000019073487,15.091156218034712,0.9732652093723038,30.864190927589686,28.248095028786903,164000.0,75.80145675867465,-20.1438827202693,19.955303075096825,
2021-08-18,26.5,26.5,26.5,26.5,2000,0,23.0625,19.91200002670288,23.72298342525561,21.945542913156082,,71.33835707282913,1.937480350451608,1.737339089565022,0.20014126088658601,30.02165750041199,23.0625,16.10334249958801,0.9466034359506911,51.499114445881474,35.097003329942005,166000.0,73.07464474620258,-13.44536791479952,19.98491708833168,
2021-08-24,25.600000381469727,25.600000381469727,25.600000381469727,25.600000381469727,2000,0,23.517500019073488,20.043000049591065,23.90174694489505,22.08885497073701,,64.40830201092243,1.8428072529903368,1.758432722250085,0.0843745307402517,29.863859088122812,23.517500019073488,17.171140950024164,0.9432745918492327,38.09522944512462,40.15284493953191,164000.0,49.929685659600906,-34.693856896681254,20.01021025631879,
2021-08-25,25.549999237060547,25.549999237060547,25.549999237060547,25.549999237060547,2000,0,23.944999980926514,20.210000019073487,24.058723353672715,22.224586118435973,,64.03611530006523,1.7436438260465543,1.755474943009379,-0.011831116962824684,29.59087439312041,23.944999980926514,18.29912556873262,0.8794693456035146,26.984128425812557,38.85949077227286,162000.0,44.104868129408516,-46.05264082509911,20.03505235937144,
2021-08-26,24.299999237060547,25.5,24.299999237060547,25.5,4000,0,24.32749996185303,20.39300001144409,24.195987796180074,22.353033721634564,,63.640094547359446,1.6420925543900822,1.7327984652855197,-0.09070591089543756,29.261511912083645,24.32749996185303,19.393488011622413,0.9059358209175493,19.682546717959138,28.253968196298754,158000.0,26.283383370172142,-47.368410485601025,20.08007411391647,
2021-08-27,24.25,26.75,24.25,25.850000381469727,10000,0,24.694999980926514,20.599000015258788,24.3535128043029,22.49016966907908,,65.25972538709576,1.5717365451537937,1.7005860812591744,-0.12884953610538075,28.87541852616935,24.694999980926514,20.514581435683677,1.0197975479948673,34.66668023003472,27.11111845793545,168000.0,38.89392955749744,-38.15787228190217,20.200434824349227,
2021-08-30,24.600000381469727,24.600000381469727,24.600000381469727,24.600000381469727,2000,0,24.955000019073488,20.781000022888183,24.37698781165212,22.572908128388516,,55.714471463145166,1.3989876883999628,1.6402664026873321,-0.24127871428736936,28.360862369681428,24.955000019073488,21.549137668465548,1.0362405802809482,39.33335198296441,31.227526310319405,166000.0,-17.097360665762913,-88.52457478622055,20.21948056269174,
2021-08-31,23.850000381469727,25.0,23.850000381469727,25.0,4000,0,25.1875,20.957000007629393,24.43632230578049,22.668088201785043,,57.83958141772524,1.27960906434852,1.5681349350195697,-0.2885258706710496,27.860115582899247,25.1875,22.514884417100753,1.0443662258701858,39.218398331178,37.73947684805902,170000.0,-35.435731772469765,-66.66666666666667,20.257224650512608,
2021-09-02,25.5,25.5,25.5,25.5,2000,0,25.394999980926514,21.127000007629395,24.537624943325206,22.779143566420924,,60.39777979028531,1.2113824037458407,1.496784428764824,-0.28540202501898326,27.406193574585235,25.394999980926514,23.383806387267793,1.0054829240223153,36.85057526299971,38.46744185904735,172000.0,13.127860510698117,-52.173908236044696,20.279629673373666,
2021-09-06,24.25,24.899999618530273,24.25,24.649999618530273,8000,0,25.507499980926514,21.24599998474121,24.548327293344737,22.852510470425212,,54.3591830886743,1.0763172414613038,1.41269099130412,-0.3363737498428161,27.027787567213053,25.507499980926514,23.987212394639975,1.0229484294492928,41.37929824907564,39.149423947751096,164000.0,-86.8390379877468,-76.81160862519923,20.352240935093214,
2021-09-07,23.450000762939453,24.899999618530273,23.450000762939453,24.899999618530273,4000,0,25.57749996185303,21.35199996948242,24.58181989574336,22.932804162507765,,55.76016998139471,0.9781742540137479,1.3257876438460454,-0.3476133898322975,26.826289159066164,25.57749996185303,24.328710764639894,1.0534520313165447,51.73813602913418,43.32266984706982,168000.0,-119.15869556920748,-62.337677135785434,20.386111149522993,
2021-09-08,26.100000381469727,26.100000381469727,23.700000762939453,25.799999237060547,6000,0,25.63499994277954,21.45699996948242,24.697836975868807,23.045243185039247,,60.46505294523371,0.9619291564488321,1.2530159463666029,-0.2910867899177707,26.81147742916485,25.63499994277954,24.45852245639423,1.1496340018318112,62.332354167092184,51.81659614843397,174000.0,-37.93103171081488,-38.961054402558716,20.445541877641926,
2021-09-09,25.950000762939453,25.950000762939453,24.549999237060547,25.25,4000,0,25.604999923706053,21.57099998474121,24.750423930547967,23.131704236606335,,56.509890836945644,0.8943647772640944,1.1812857125461012,-0.2869209352820068,26.788595811183946,25.604999923706053,24.42140403622816,1.1675173964066037,75.77846252458956,63.28298424027194,170000.0,-33.77129785177332,-53.24675453354656,20.48476194394689,
2021-09-14,24.0,26.0,24.0,24.799999237060547,8000,0,25.56999988555908,21.69499996185303,24.75514538831107,23.19712756995748,,53.43036509260314,0.7953400343946804,1.104096576915817,-0.3087565425211367,26.804260570535135,25.56999988555908,24.335739200583028,1.2269804395204176,69.18235191235121,69.09772286801095,162000.0,-64.17986272303084,-64.9350906709312,20.55622493406855,
2021-09-15,23.600000381469727,26.0,23.600000381469727,24.850000381469727,12000,0,25.48499994277954,21.81299995422363,24.764179197183324,23.261946111585413,,53.732075828126966,0.7126815375764188,1.0258135690479375,-0.3131320314715187,26.670790644706603,25.48499994277954,24.29920924085248,1.3107675237354073,57.232679052678584,67.39783116320642,174000.0,-71.01601173415115,-57.57575932722596,20.656470627878228,
2021-09-16,23.649999618530273,24.399999618530273,23.649999618530273,24.399999618530273,4000,0,25.377499961853026,21.939999961853026,24.729495427787796,23.306575660877368,,50.55746007499715,0.6039013833381475,0.9414311319059795,-0.337529748567832,26.547318343714256,25.377499961853026,24.207681579991796,1.302855612249982,45.257832450316236,57.2242878051153,170000.0,-141.625180240911,-71.21214923561541,20.683657623914428,
2021-09-17,23.200000762939453,25.399999618530273,23.200000762939453,25.299999237060547,8000,0,25.317499923706055,22.102999954223634,24.783829123909012,23.384749134453177,,56.138952116753174,0.5835875410873541,0.8698624137422544,-0.28627487265490026,26.367868922472823,25.317499923706055,24.267130924939288,1.3669372724886133,53.27670577057531,51.92240575785667,178000.0,-76.61130121187061,-40.845100691911014,20.74418905046251,
2021-09-21,24.399999618530273,25.0,24.399999618530273,25.0,4000,0,25.307499885559082,22.242999954223635,24.80441682639387,23.44809230565109,,53.95257911697602,0.537090004275349,0.8033079318488733,-0.26621792757352425,26.36593035577094,25.307499885559082,24.249069415347225,1.3335845829201605,57.09521332565222,51.87658384884789,174000.0,-49.093914152685166,-49.295785242168854,20.775031718313315,
2021-09-22,24.950000762939453,24.950000762939453,24.950000762939453,24.950000762939453,4000,0,25.294999885559083,22.399999961853027,24.818281963207735,23.506990676525145,,53.578059265494815,0.4905510832551272,0.7407565621301241,-0.2502054788749969,26.364064884768418,25.294999885559083,24.225934886349748,1.2418999153587595,67.2618958414793,59.21127164590225,170000.0,-27.219601846112493,-50.70421475783114,20.806540918650118,
2021-09-23,25.5,25.5,23.75,23.75,8000,0,25.182499885559082,22.533999977111815,24.71654082385462,23.516520453916318,,45.42754952454873,0.3527720833238277,0.6631596663688648,-0.3103875830450371,26.39504879984589,25.182499885559082,23.969950971272276,1.2781927785474194,50.232913274492965,58.196674147208135,162000.0,-99.2434454384222,-81.03450657213232,20.85898392853388,
2021-09-24,24.75,24.799999237060547,24.0,24.75,20000,0,25.124999904632567,22.678999977111815,24.71972741205894,23.56489220082156,,51.982912818352524,0.32057745849646935,0.5946432247943857,-0.27406576629791635,26.304618459569454,25.124999904632567,23.94538134969568,1.2618932398697855,51.26810960007947,56.25430623868388,182000.0,-70.14257629864835,-46.55174341553568,20.990083659136733,
2021-09-27,24.75,24.75,24.75,24.75,4000,0,25.03749990463257,22.821999969482423,24.722610515672375,23.61136701647562,,51.98291281835253,0.29170044521581673,0.5340546688786719,-0.2423542236628552,26.04292263582268,25.03749990463257,24.032077173442456,1.1717580084505153,49.4823896377308,50.32780417076771,182000.0,-26.936022807988113,-46.55174341553568,21.016844629534337,
2021-09-28,25.799999237060547,25.799999237060547,24.0,24.0,10000,0,24.95749988555908,22.932999954223632,24.65379046656072,23.62660752563344,,47.06529550096584,0.2059227231843579,0.4684282797398091,-0.2625055565554512,26.023930712814646,24.95749988555908,23.891069058303515,1.21663238192266,45.57642572126122,48.7756416530238,172000.0,-49.43223826297736,-72.41381578298316,21.07948720149505,
2021-09-29,24.0,24.649999618530273,24.0,24.649999618530273,8000,0,24.91249990463257,23.05699993133545,24.653429433414964,23.666740548884295,,51.35991748652469,0.18822307893210422,0.4123872395782681,-0.2241641606461639,25.950707447817386,24.91249990463257,23.87429236144775,1.1761586131089181,37.74680679592337,44.2685407183051,180000.0,-78.16346336610144,-50.00003288532558,21.125747144633326,
2021-09-30,24.75,24.799999237060547,23.5,24.799999237060547,8000,0,24.877499866485596,23.17699993133545,24.66738846233359,23.71118206606768,,52.32124439369957,0.18417662546699987,0.36674511675601446,-0.1825684912890146,25.880732092679626,24.877499866485596,23.874267640291567,1.1850043719626058,37.539762651015685,40.28766505606672,188000.0,-85.16490783338617,-44.82763156596632,21.169841280870155,
2021-10-01,24.75,24.75,24.75,24.75,2000,0,24.82249984741211,23.29599994659424,24.67525622782563,23.751920024261103,,51.95265532517176,0.17491890511809416,0.3283798744284304,-0.15346096931033626,25.721652050402916,24.82249984741211,23.923347644421305,1.1039325766124588,51.59066852601784,42.29241265765227,186000.0,10.229627904319223,-44.64286930707368,21.181977412121444,
2021-10-05,24.700000762939453,24.700000762939453,24.0,24.450000762939453,6000,0,24.814999866485596,23.422999954223634,24.6538033264079,23.779295739503393,,49.69071527279995,0.1417407645080715,0.2910520524443586,-0.14931128793628712,25.723900079053532,24.814999866485596,23.90609965391766,1.0786516782829974,50.724654507176886,46.61836189473678,180000.0,-79.66440274070291,-55.357130692926326,21.214205832556054,
2021-10-06,24.75,24.75,23.25,24.0,12000,0,24.764999866485596,23.540999946594237,24.59153634294048,23.787950808542476,,46.4255288347077,0.07823371867305084,0.24848838569009707,-0.17025466701704622,25.735617990672466,24.764999866485596,23.794381742298725,1.1087479869770689,48.01311980155011,50.10948094491493,168000.0,-152.38630814708253,-71.42859089131788,21.26918861217666,
2021-10-07,24.549999237060547,24.549999237060547,24.549999237060547,24.549999237060547,2000,0,24.717499828338624,23.663999938964842,24.58758042809477,23.817835060641222,,50.69032605913255,0.07146051684505039,0.21308281192108774,-0.14162229507603735,25.630886134006204,24.717499828338624,23.804113522671045,1.0688373619830316,57.85415836424445,52.19731089099046,170000.0,-19.20088820481614,-48.076951292156096,21.27994536832382,
2021-10-08,24.649999618530273,24.649999618530273,24.649999618530273,24.649999618530273,2000,0,24.717499828338624,23.80699993133545,24.593525112898153,23.850468964872167,,51.44712359765238,0.07331675077972832,0.18512959969281587,-0.11181284891308754,25.630886134006204,24.717499828338624,23.804113522671045,0.9996347205177954,75.19712943206247,60.35480253261898,172000.0,6.911845701558504,-44.23078051686244,21.290958617507503,
2021-10-11,24.700000762939453,24.700000762939453,24.0,24.350000381469727,4000,0,24.689999866485596,23.96099994659424,24.570332281333542,23.87005843218972,,49.01663146711877,0.05000398351825197,0.1581044764579031,-0.10810049293965113,25.61282134747712,24.689999866485596,23.767178385494073,0.9782322949764852,83.51254215652736,72.1879433176114,168000.0,-71.50700800347556,-56.862717232114676,21.3108225250657,
2021-10-13,25.149999618530273,25.299999237060547,24.5,24.5,10000,0,24.624999904632567,24.133999938964845,24.563633968825584,23.89476202308424,,50.28138763950677,0.04313493049223993,0.13511056726477047,-0.09197563677253054,25.396686223634056,24.624999904632567,23.853313585631078,0.9762156207346521,75.8807663719321,78.19681265350728,178000.0,48.35793289380411,-50.98037749058667,21.366027698984034,
2021-10-14,25.149999618530273,25.149999618530273,25.0,25.0,4000,0,24.612499904632568,24.303999938964843,24.605192638461244,23.93810468884564,,54.34688110137562,0.07714766751752933,0.12351798731532224,-0.04637031979779291,25.350656233195018,24.612499904632568,23.874343576070117,0.9529144777200536,70.41070442707593,76.6013376518451,182000.0,138.44031467860282,-31.372528486821338,21.3894179985006,
2021-10-19,25.0,25.0,24.799999237060547,24.799999237060547,4000,0,24.612499904632568,24.459999923706054,24.623745647851653,23.97190447505015,,52.49769411927816,0.0869621707926882,0.11620682401079543,-0.029244653218107236,25.350656233195018,24.612499904632568,23.874343576070117,0.8991349266642964,66.47906449428483,70.92351176443093,178000.0,85.5220040376435,-39.21569800753066,21.41135647269328,
2021-10-20,25.0,25.0,25.0,25.0,2000,0,24.619999885559082,24.60299991607666,24.659579395675305,24.01222194661681,,54.17679334968476,0.10961505136192429,0.1148884694810212,-0.005273418119096915,25.370599469907297,24.619999885559082,23.869400301210867,0.8491967721125219,71.7948943670582,69.56155442947295,180000.0,118.85548682850632,-31.372528486821338,21.42264151523198,
2021-10-21,24.899999618530273,24.899999618530273,24.899999618530273,24.899999618530273,2000,0,24.64499988555908,24.730999908447266,24.68247655975673,24.047036757280082,,53.16488486799702,0.11813662193155494,0.11553809997112795,0.0025985219604269943,25.397927294157004,24.64499988555908,23.892072476961157,0.795682744209465,62.82052034457496,67.03149306863929,178000.0,82.59350638149711,-35.294113247176,21.43354232433323,
2021-10-22,23.75,24.899999618530273,23.75,24.899999618530273,4000,0,24.624999904632567,24.840999908447266,24.703193041544687,24.08048628125068,,53.16488486799702,0.12346677982021959,0.11712383594094627,0.006342943879273311,25.326783224710447,24.624999904632567,23.923216584554687,0.8209910923752372,69.68865811487343,68.10135760883549,178000.0,-33.08274407499513,-19.5121837754352,21.452751820208746,
2021-10-29,24.799999237060547,24.799999237060547,24.799999237060547,24.799999237060547,2000,0,24.614999866485597,24.92999988555908,24.712412679212864,24.108702475596164,,52.037648555911986,0.11825856221038933,0.11735078119483489,0.000907781015554443,25.300638083224285,24.614999866485597,23.92936164974691,0.7694917558819865,72.04759708067142,68.18559184670657,176000.0,52.13014524054393,-24.39025297965184,21.46314699852195,
2021-11-01,23.600000381469727,24.950000762939453,23.600000381469727,24.25,4000,0,24.57999982833862,24.98799987792969,24.668373376430687,24.11424355498455,,46.231677595893444,0.06895579090201309,0.10767178313627053,-0.03871599223425744,25.265127271923795,24.57999982833862,23.894872384753448,0.8109566577096822,70.85711602450863,70.86445707335112,172000.0,-98.36465537026369,-51.219494040696325,21.480452677840557,
2021-11-03,24.950000762939453,25.0,24.950000762939453,24.950000762939453,4000,0,24.639999866485596,25.03899990081787,24.695195032288666,24.147018347453372,,53.36355320191684,0.0853829592464379,0.103214018358304,-0.017831059111866096,25.227026093289197,24.639999866485596,24.052973639681994,0.8066026107304192,75.61904024915985,72.84125111811328,176000.0,101.10722431076502,-17.073102652611208,21.501840496843332,
2021-11-08,24.950000762939453,24.950000762939453,24.0,24.0,4000,0,24.602499866485594,25.048999900817872,24.628985981594507,24.141252922063043,,44.69834770194031,0.02149668601403576,0.08687055188945035,-0.06537386587541459,25.249396110794656,24.602499866485594,23.955603622176532,0.8168453358882074,57.14286363043931,67.87300663470256,172000.0,-84.09885883005556,-63.41462053052224,21.519004072600264,
2021-11-09,24.75,24.75,24.0,24.75,8000,0,24.602499866485594,25.050999908447267,24.640511126204554,24.16512535649194,,51.40692600801033,0.031027421390199095,0.0757019257896001,-0.044674504399401,25.249396110794656,24.602499866485594,23.955603622176532,0.8120706690390497,69.04762877899229,67.26984421953046,180000.0,-29.026861264217917,-32.352918077077135,21.554919686183393,
2021-11-10,24.850000381469727,25.950000762939453,24.850000381469727,25.950000762939453,12000,0,24.69999990463257,25.05299991607666,24.765224424941213,24.235120470470275,,59.80803417986124,0.13386748949615068,0.08733503853091021,0.046532450965240474,25.51914594564824,24.69999990463257,23.8808538636169,0.839779961460507,70.23808712861756,65.47619317934969,192000.0,219.99428586582172,-0.0,21.626429998898175,
2021-11-11,25.0,25.950000762939453,25.0,25.950000762939453,6000,0,24.76499996185303,25.06199993133545,24.878060266655332,24.302370678018086,,59.80803417986124,0.21291463699231272,0.1124509582231907,0.10046367876912202,25.747904143443748,24.76499996185303,23.78209578026231,0.8476528758518603,94.04761742572352,77.77777777777776,192000.0,191.68842530353763,-0.0,21.661681352356194,
2021-11-16,23.5,25.0,23.5,25.0,12000,0,24.775,25.03099994659424,24.88967357459292,24.329728690644828,,51.614915876670196,0.19663624853410866,0.12928801628537429,0.06734823224873437,25.76318046978788,24.775,23.786819530212117,0.962106296358117,87.074823576794,83.78684271037832,180000.0,-46.1538471916471,-38.77552926961805,21.710758908223234,
2021-11-17,24.299999237060547,24.299999237060547,24.049999237060547,24.049999237060547,4000,0,24.739999961853027,24.98099994659424,24.809704590066026,24.318758908151327,,44.979222293583895,0.10585811980918436,0.1246020369901363,-0.018743917180951947,25.7775937414419,24.739999961853027,23.702406182264152,0.9612416153996409,61.22447073038197,80.78230391096646,176000.0,-108.92402223322675,-77.5510585392361,21.72464185184599,
2021-11-18,23.049999237060547,25.100000381469727,23.049999237060547,25.100000381469727,6000,0,24.77249994277954,24.952999954223632,24.83735180829495,24.349395828673618,,52.28135475130527,0.11729006899683725,0.1231396433914765,-0.005849574394639248,25.81244033037464,24.77249994277954,23.73255955518444,1.0390101531860365,51.454356543837235,66.58455028367102,182000.0,-53.7155839414094,-29.310342559634208,21.74758524515412,
2021-11-22,25.5,25.5,25.299999237060547,25.5,6000,0,24.847499942779542,24.958999938964844,24.900461159885907,24.394517560882495,,54.74535438157505,0.15681888685855938,0.12987549208489307,0.026943394773666307,25.86998517205351,24.847499942779542,23.825014713505574,0.9933665435677678,59.20711312606781,57.29531346676229,188000.0,132.02610150310275,-15.517259522926318,21.778732409947356,
2021-11-23,24.700000762939453,25.899999618530273,24.299999237060547,25.899999618530273,6000,0,24.914999961853027,24.97299991607666,24.99565529880442,24.453556072947112,,57.129307523902696,0.21791045005909382,0.1474824836797332,0.07042796637936061,26.024549786463997,24.914999961853027,23.805450137242058,1.0366975319893361,85.05746597247985,65.23964521412825,194000.0,105.0026096737233,-1.7241764862184268,21.808798893869923,
2021-11-24,26.0,27.0,26.0,27.0,8000,0,25.032499980926513,24.99299991607666,25.186545270346855,24.55341661910605,,62.91494728621301,0.3510402186091319,0.18819403066561297,0.16284618794351896,26.457728310278597,25.032499980926513,23.60727165157443,1.0412191640950783,94.82758015902458,79.69738641919069,202000.0,262.25848098229346,-0.0,21.862476990806904,
2021-11-25,27.5,28.350000381469727,27.5,28.350000381469727,4000,0,25.232499980926512,25.04199993133545,25.487826709501412,24.7023022568458,,68.52845905274553,0.5590360481190331,0.262362434156297,0.29667361396273606,27.227312360990645,25.232499980926512,23.23768760086238,1.0632749653361246,100.00000000000001,93.2950153771681,206000.0,319.053975659477,-0.0,21.896565946467195,
2021-11-26,29.75,29.75,29.75,29.75,8000,0,25.494999980926515,25.106999931335448,25.89374797526318,24.900251187949888,,73.07938190331903,0.827305843679131,0.3753511160608638,0.45195472761826716,28.26590262658385,25.494999980926515,22.72409733526918,1.0873267262785637,100.00000000000001,98.27586005300815,214000.0,321.7887645250119,-0.0,21.98192936009255,
2021-11-29,31.200000762939453,31.200000762939453,31.200000762939453,31.200000762939453,14000,0,25.805000019073486,25.218999938964842,26.399105383613303,25.147300190890654,,76.81834293569689,1.1437303216466965,0.5290269571780304,0.6147033644686661,29.513625527996826,25.805000019073486,22.096374510150145,1.1132320146114845,100.00000000000001,99.99999999999994,228000.0,282.59581183333955,-0.0,22.15400002627903,
2021-12-01,34.349998474121094,34.349998474121094,33.5,33.5,56000,0,26.24000005722046,25.377999954223633,27.075381061364418,25.474857046149843,,81.26359441721388,1.562082996268316,0.7356381649960875,0.8264448312722286,31.203628030750266,26.24000005722046,21.276372083690653,1.2587152786522098,96.60679189840387,98.86893063280122,284000.0,269.7049119171184,-7.522110898320757,22.961993372075515,
2021-12-02,35.099998474121094,35.150001525878906,34.099998474121094,34.099998474121094,12000,0,26.694999980926514,25.549999923706054,27.74439224353172,25.81309788646244,,82.22135645343384,1.9199137963004063,0.9724932912569513,0.947420505043455,32.68314643301602,26.694999980926514,20.70685352883701,1.2866642963112596,92.03161611486189,96.21280267108853,296000.0,214.26144548352178,-8.677709530089286,23.130521579204583,
2021-12-03,32.70000076293945,34.79999923706055,32.70000076293945,34.5,10000,0,27.175,25.72299991607666,28.38778345843346,26.153760714444307,,82.850736539434,2.210295156836679,1.2200536643728968,0.9902414924637823,33.992294012860015,27.175,20.35770598713999,1.3447595947262478,88.01926215061548,92.21922338796035,306000.0,159.71864801137536,-5.371912420872632,23.261795473175543,
2021-12-06,34.75,36.20000076293945,34.75,36.04999923706055,40000,0,27.732499980926512,25.951999893188475,29.117518294493184,26.541848499644942,,85.0581038565992,2.536260034779197,1.4832949384541567,1.05296509632504,35.47525593002324,27.732499980926512,19.989744031829783,1.370133963884334,90.41246007968557,90.15444611505426,346000.0,159.16728137037958,-1.1406958819259954,23.83344852356684,
2021-12-07,37.849998474121094,37.849998474121094,37.849998474121094,37.849998474121094,2000,0,28.38499994277954,26.208999862670897,29.949183073505367,26.985305361389106,,87.12985708844471,2.9063320573796823,1.7679023622392618,1.1384296951404205,37.159969339638096,28.38499994277954,19.610030545920985,1.4008386262540635,94.98763586322757,91.13978603117614,348000.0,164.03501262904743,-0.0,23.865670477476158,
2021-12-08,36.04999923706055,37.0,36.04999923706055,37.0,4000,0,29.02249994277954,26.438999862670897,30.620689447457238,27.378038484471887,,81.39082972014498,3.095347785898845,2.0333914469711782,1.0619563389276667,38.33906922592388,29.02249994277954,19.7059306596352,1.4293500984545264,93.49837913565055,92.96615835952117,344000.0,122.6230548075667,-5.743233229314095,23.924332548879107,
2021-12-09,38.599998474121094,38.599998474121094,38.599998474121094,38.599998474121094,2000,0,29.70499982833862,26.717999839782713,31.380623640472844,27.818115346811073,,83.58289719258157,3.335797619159713,2.2938726814088852,1.041924937750828,39.7031938923727,29.70499982833862,19.70680576430454,1.4415392681449954,94.49838930817658,94.32813476901818,346000.0,130.842455876205,-0.0,23.95783863546642,
2021-12-10,39.79999923706055,40.5,39.79999923706055,40.5,78000,0,30.529999828338624,27.02999984741211,32.24913567471353,28.31544415674005,,85.73222313754893,3.6377365262671404,2.5626454503805363,1.0750910758866041,41.208875503008244,30.529999828338624,19.85112415366901,1.4742865722688463,94.49838930817658,94.16505258400117,424000.0,133.71901207540148,-0.0,25.29126480590373,
2021-12-13,42.400001525878906,42.5,39.0,39.5,60000,0,31.26749982833862,27.3039998626709,32.93969418188367,28.754054189809068,,79.80988522751784,3.753070581393853,2.8007304765831997,0.9523401048106535,42.27991380929,31.26749982833862,20.255085847387242,1.6189803885353573,84.49612586488642,91.16430149374646,364000.0,118.95003637546156,-16.48351579253162,26.181328032378854,
2021-12-14,38.04999923706055,38.04999923706055,38.04999923706055,38.04999923706055,4000,0,31.87249975204468,27.559999847412108,33.42638990142432,29.118601054407165,,72.03901303972351,3.684992408949306,2.977582863056421,0.7074095458928849,42.97900516287815,31.87249975204468,20.765994341211204,1.606910415278507,61.49870862162882,80.16440793156389,360000.0,80.46563325005893,-26.96970159357244,26.227963282691945,
2021-12-15,38.04999923706055,38.04999923706055,37.95000076293945,37.95000076293945,6000,0,32.472499752044676,27.82299987792969,33.85720998347338,29.464930454741765,,71.52180960585196,3.5816835077144376,3.0984029919880243,0.4832805157264133,43.53082093082991,32.472499752044676,21.41417857325944,1.4992738480529775,28.16537528829549,58.05340325827018,354000.0,72.50301812644193,-30.333328247070312,26.296842405572537,
2021-12-20,36.099998474121094,36.099998474121094,36.099998474121094,36.099998474121094,2000,0,33.02749967575073,28.047999839782715,34.07080888734459,29.725129200599778,,62.571577003319604,3.3123480491464647,3.1411920034197123,0.17115604572675247,43.63497187787247,33.02749967575073,22.420027473629,1.5243258795362191,10.335916090075761,33.33333333333329,352000.0,43.44835669795752,-50.19609039905024,26.3159518715931,
2021-12-21,34.29999923706055,34.29999923706055,34.29999923706055,34.29999923706055,2000,0,33.539999675750735,28.24599983215332,34.09263653969849,29.90453586869628,,55.318076623706126,2.919993000883011,3.096952202912372,-0.17695920202936133,43.321236290829376,33.539999675750735,23.7587630606721,1.5440168336451,2.4868995751603507e-14,12.833763792790359,350000.0,13.131346627068627,-72.56638333254001,26.331485037673776,
2021-12-28,36.0,36.0,36.0,36.0,4000,0,34.08499965667725,28.45999984741211,34.274290202584346,30.143573677767012,,60.03065947632009,2.7149286450035888,3.0205474913306154,-0.3056188463270266,43.10985935114811,34.08499965667725,25.060139962206385,1.5551585428804109,15.111117892795164,8.482344660956917,354000.0,34.64782172585256,-66.32653577582968,26.368959901868838,
2021-12-29,37.79999923706055,37.79999923706055,37.75,37.79999923706055,12000,0,34.69999961853027,28.71599983215332,34.6100720153916,30.443825660484407,,64.32149330784698,2.6669160130686507,2.9498211956782225,-0.28290518260957187,42.94348148288762,34.69999961853027,26.456517754172918,1.5726471638932777,46.22222900390628,20.44444896556709,366000.0,61.13735705846414,-47.959195192235455,26.500159590637093,
2022-01-05,39.650001525878906,39.650001525878906,39.0,39.650001525878906,12000,0,35.387499713897704,29.00999984741211,35.09006530210468,30.80485216500968,,68.11066905737687,2.7464856035317027,2.9091540772489184,-0.1626684737172157,42.83577948173794,35.387499713897704,27.939219946057467,1.5924582442450692,79.5555623372396,46.962969744646955,378000.0,89.08519289955764,-29.08161934690042,26.647127485636513,
2022-01-07,37.70000076293945,41.0,37.70000076293945,41.0,4000,0,36.08749971389771,29.35499984741211,35.65291622571375,31.20466188402891,,70.56716406146406,2.885219655493536,2.904367192897842,-0.019147537404305748,42.851143192245075,36.08749971389771,29.323856235550338,1.7144254580176033,97.77777777777781,74.51852303964118,382000.0,96.50212820800888,-18.292681224852657,26.69713832627303,
2022-01-10,41.0,43.04999923706055,41.0,43.04999923706055,76000,0,36.822499656677245,29.72099983215332,36.3574003220325,31.66918491748113,,73.8600745639314,3.124567132146609,2.948407180747595,0.17615995139901397,43.249588747143584,36.822499656677245,30.39541056621091,1.7383950136635278,100.00000000000001,92.44444670500576,458000.0,148.5626480826869,-0.0,27.745451807975773,
2022-01-11,45.20000076293945,45.20000076293945,40.900001525878906,40.900001525878906,132000,0,37.37999973297119,30.043999862670898,36.79002900811311,32.03117772565359,,65.57400612497084,3.104972692368605,2.979720283071797,0.12525240929680814,43.15801001822063,37.37999973297119,31.601989447721753,1.921366743906172,80.88889227973092,92.88889001916952,326000.0,138.2862166163254,-39.44952876246338,29.264064212702802,
2022-01-12,42.900001525878906,42.900001525878906,38.900001525878906,38.900001525878906,51512,0,37.76499977111816,30.341999893188476,36.99097877170985,32.300543364878116,,58.94892301468055,2.8946924595810657,2.962714718373651,-0.06802225879258517,42.826235428062624,37.76499977111816,32.7037641141737,2.069840547912874,52.88889567057294,77.92592931676789,274488.0,75.32099451971348,-57.79815004707125,29.69229000340648,
2022-01-13,39.75,40.79999923706055,37.0,37.29999923706055,55040,0,37.95499973297119,30.594999885559083,37.02040929221944,32.496600457904876,,54.22868419412681,2.5693195309719172,2.8840356808933043,-0.3147161499213871,42.632275320630896,37.95499973297119,33.27772414531148,2.193423311423422,20.775071317516858,51.51761975594017,219448.0,11.31966992718017,-72.47706807308819,30.0396305649502,
2022-01-14,38.900001525878906,38.900001525878906,37.25,37.79999923706055,11619,0,38.13999977111816,30.85499988555908,37.09465595363288,32.70457688061686,,55.42975120734659,2.3250037660391456,2.7722292979224727,-0.44722553188332714,42.472736199295944,38.13999977111816,33.80726334294038,2.1546074695988136,9.804874820824603,27.822947269638064,231067.0,-8.490577834021497,-67.88991275193622,30.10621534086941,
2022-01-17,37.79999923706055,39.650001525878906,36.599998474121094,39.650001525878906,34063,0,38.39749984741211,31.15299991607666,37.33802219860869,32.976946474548704,,59.64882368935606,2.2546710414415543,2.668717646626289,-0.4140466051847347,42.43649491945933,38.39749984741211,34.358504775364885,2.218564296895885,16.29325220527377,15.624399447871673,265130.0,7.862636789713984,-50.9174170653433,30.310730397897082,
2022-01-18,41.599998474121094,41.599998474121094,38.5,39.650001525878906,8946,0,38.57749996185303,31.45699993133545,37.55821070596776,33.238634907934205,,59.64882368935606,2.173872798050944,2.56974867691122,-0.3958758788602763,42.50120755735729,38.57749996185303,34.65379236634877,2.2815238809834,31.21131769229147,19.10314823946321,265130.0,54.10139963801778,-50.9174170653433,30.370859077181994,
2022-01-19,40.650001525878906,40.650001525878906,38.099998474121094,38.599998474121094,4808,0,38.61499996185303,31.74899990081787,37.65742858864903,33.448884459549376,,56.15009636782492,2.0020349246211993,2.456205926453216,-0.45417100183201686,42.52448916745233,38.61499996185303,34.70551075625373,2.3007009646101437,41.29262190925282,29.59906393560595,260322.0,17.177097063980675,-60.55047123753661,30.400182781735147,
2022-01-20,38.599998474121094,39.5,37.0,37.29999923706055,16310,0,38.62999992370605,32.003999900817874,37.62338769802156,33.599908568471385,,52.07728960312596,1.74088525644639,2.3131417924518507,-0.5722565360054608,42.51682462507355,38.62999992370605,34.74317522233855,2.3149366099951334,34.137579553558,35.54717305170069,244012.0,-38.0461161127919,-72.47706807308819,30.484900323473962,
2022-01-21,37.29999923706055,39.150001525878906,36.0,37.900001525878906,15769,0,38.59500007629394,32.268999938964846,37.64973187210321,33.768539664840304,,53.74491046087333,1.5643050977941186,2.163374453520304,-0.5990693557261855,42.49485979385504,38.59500007629394,34.69514035873284,2.3745841039868316,29.3095410600034,34.913247507604666,259781.0,-45.928056781762486,-79.3478112139651,30.56232659810775,
2022-01-24,38.79999923706055,39.45000076293945,36.04999923706055,36.04999923706055,15808,0,38.372500038146974,32.50299991607666,37.49737638305153,33.85800866767247,,48.17806298114875,1.2605534507643057,1.9828102529691045,-0.7222568022047988,42.31971192265838,38.372500038146974,34.42528815363557,2.447828205550551,16.273822314076387,26.573647642545854,243973.0,-62.017221561682234,-99.45653007701956,30.632956624560897,
2022-01-25,36.0,36.95000076293945,34.25,35.75,9413,0,38.185000038146974,32.72799991607666,37.33095958466567,33.93220440619512,,47.32207372304254,0.9842745465650182,1.7831031116882872,-0.7988285651232689,42.254534006361155,38.185000038146974,34.11546606993279,2.4658405310783302,19.419648698501998,21.667670690860522,234560.0,-118.5258110530953,-86.30137081746344,30.664624170793992,
2022-01-27,35.75,35.900001525878906,34.0,34.0,5543,0,37.982500076293945,32.90799991607666,37.01372533850704,33.93486305693256,,42.57057046442567,0.6169987720890546,1.5498822437684407,-0.9328834716793861,42.44302491097952,37.982500076293945,33.521975241608374,2.425423459278371,8.110112724761654,14.601194579113276,229017.0,-141.36574799312046,-100.0,30.679320925275476,
2022-01-28,35.0,35.0,32.54999923706055,33.0,12042,0,37.73500003814697,33.07199993133545,36.63146578245875,33.89820176058227,,40.093234043610636,0.24244369211969286,1.2883945334386913,-1.0459508413189984,42.69646221035958,37.73500003814697,32.773537865934365,2.4271789809684483,9.986414385787532,12.505391936350323,216975.0,-157.7481385071064,-96.44268214498743,30.701965186492554,
2022-01-31,33.75,34.650001525878906,32.75,34.650001525878906,19890,0,37.66250019073486,33.26499996185303,36.44275490087971,33.92768410431939,,45.707399301220214,0.07785001965403637,1.0462856306817603,-0.9684356110277239,42.75797652922013,37.66250019073486,32.56702385224959,2.3895234484620524,12.318852598287444,10.138459902945472,236865.0,-128.54803670383376,-83.39919339517665,30.74509118618892,
2022-02-01,34.650001525878906,36.29999923706055,33.25,35.04999923706055,10720,0,37.70000019073486,33.467999954223636,36.310111504325505,33.9716964624661,,47.00401166048868,-0.020083667222273505,0.8330117711009535,-0.853095438323227,42.70619673401612,37.70000019073486,32.693803647453606,2.436700290504802,31.258239969678726,17.85450231791783,247585.0,-102.59688902027202,-75.84541596960922,30.77379126517534,
2022-02-02,35.04999923706055,36.5,34.0,35.70000076293945,5962,0,37.68500022888183,33.68399997711182,36.252005719431594,34.039473101700345,,49.13005603086693,-0.04473149200143922,0.6574631184804749,-0.7021946104819141,42.71323085675441,37.68500022888183,32.65676960100926,2.4412216983258874,55.66660994452635,33.08123417083077,253547.0,-82.01733871287928,-65.19335037091085,30.791638201166744,-0.22202654669264416
2022-02-03,34.95000076293945,36.04999923706055,33.95000076293945,33.95000076293945,11683,0,37.49250030517578,33.86700000762939,36.032767152146626,34.03596438253325,,44.01090457417623,-0.20313384483980457,0.485343725816419,-0.6884775706562236,42.776653748472896,37.49250030517578,32.20834686187867,2.416848610882688,57.3360301809137,48.086960031706184,241864.0,-93.77690389579796,-84.53036857565937,30.820587166098917,-0.2683178861153644
2022-02-04,33.95000076293945,34.79999923706055,32.29999923706055,32.900001525878906,18348,0,37.15500030517578,34.04000003814697,35.73440852107351,33.991416819527196,,41.23471370655686,-0.40868395962295523,0.3065381887285441,-0.7152221483514993,42.70062013675546,37.15500030517578,31.609380473596104,2.4227879958196388,43.1585648716384,52.05373499902607,223516.0,-116.33832414139644,-93.54836195655429,30.84985061833584,-0.30650568393999583
2022-02-07,32.599998474121094,33.900001525878906,31.299999237060547,31.299999237060547,15835,0,36.67000026702881,34.1670000076294,35.31208382735799,33.885871031979484,,37.36668328434127,-0.6927056400041209,0.10668942298201109,-0.799395062986132,42.47623847599738,36.67000026702881,30.863762058060246,2.435446159605262,16.57627864835858,39.02362456697015,207681.0,-130.12016139170646,-100.0,30.862954142490022,-0.3370104264176975
2022-02-08,31.75,31.75,29.75,29.899999618530273,13468,0,36.012500286102295,34.285,34.79664723604106,33.729562349099126,,34.33197030213776,-1.0190165484475742,-0.11845177130390597,-0.9005647771436682,41.757835926796055,36.012500286102295,30.267164645408535,2.4043428624906005,5.50266091905564,21.745834813017456,194213.0,-156.198622980051,-98.62385690337618,30.859628325391885,-0.5685091520909588
2022-02-09,30.5,30.899999618530273,28.450000762939453,28.549999237060547,8593,0,35.39500017166138,34.36099998474121,34.2017283789953,33.526442227058396,,31.661684505062677,-1.3707528570211096,-0.36891198844734674,-1.0018408685737628,41.54674031299644,35.39500017166138,29.24326003032632,2.4076040048549023,1.1793287437736357,7.752756103729204,185620.0,-170.17769889892173,-99.09503637081069,30.8513215695459,-0.41229947070466133
2022-02-10,28.399999618530273,29.899999618530273,27.149999618530273,27.399999618530273,10493,0,34.820000076293944,34.38999996185303,33.55394468752244,33.28618957574357,,29.55301145211251,-1.7224464830851716,-0.6396188873749117,-1.0828275957102598,41.66458963287982,34.820000076293944,27.97541051970807,2.4320608616509807,2.268653416829547,2.9835476932195255,175127.0,-176.83723869690402,-97.96747986390525,30.833866318504707,-0.32682403201017285
2022-02-11,27.950000762939453,28.75,27.399999618530273,28.5,9451,0,34.38000011444092,34.44099994659424,33.07261662204411,33.09849586689088,,34.07573800358646,-1.8906115843789735,-0.889817426775724,-1.0007941576032495,41.648590580122104,34.38000011444092,27.111409648759732,2.3547708273523194,8.194581226556592,3.880854462386509,184578.0,-153.13409801200135,-89.0243881637088,30.81872218527435,-0.18228868758839845
2022-02-14,29.700000762939453,29.700000762939453,28.549999237060547,29.25,18665,0,33.95250015258789,34.52599994659424,32.70855789613515,32.94757446034614,,37.043516416826265,-1.9409903778783466,-1.1000520169962484,-0.8409383608820982,41.370416566470155,33.95250015258789,26.53458373870562,2.2722872513228287,22.973384146392807,11.145539596592899,203243.0,-113.87631898576454,-78.57142718123293,30.800056343321682,-0.1476209651068618
2022-02-15,28.600000381469727,29.5,27.799999237060547,28.5,5839,0,33.39500007629395,34.61499996185303,32.30774285840799,32.77315977562668,,35.33065371928867,-2.0181704539490433,-1.2836757043868074,-0.7344947495622358,40.691294052425654,33.39500007629395,26.09870610016224,2.2314096450097307,33.88406286417891,21.684009412376017,197404.0,-111.92214173048332,-85.56149383538828,30.79230753435956,-0.31286581455495366
2022-02-16,29.850000381469727,29.899999618530273,27.549999237060547,28.649999618530273,2092,0,32.84499998092652,34.68599994659424,31.95938635937202,32.61146722044643,,35.968356875414166,-2.0436742994897763,-1.4356754234074012,-0.6079988760823751,39.823818119300036,32.84499998092652,25.866181842552997,2.2398804118997306,45.39921437933043,34.08555379663397,199496.0,-97.52747880007959,-83.9572199058647,30.78967058226455,-0.31273267636483865
2022-02-17,27.299999237060547,29.5,27.25,29.200000762939453,8808,0,32.37500009536743,34.759999961853026,31.696587731140347,32.47768422211282,,38.36820114916073,-1.9964914740831823,-1.5478386335425574,-0.44865284054062493,38.99719802107769,32.37500009536743,25.752802169657173,2.2406032396211786,54.71013658704694,44.664471276852005,208304.0,-87.76832785312894,-78.07485496501188,30.778376766496418,-0.2674357047581578
2022-02-18,29.200000762939453,30.649999618530273,28.600000381469727,30.549999237060547,17350,0,32.037500095367434,34.852999954223634,31.58738882694227,32.402088732502925,,43.92368918712077,-1.8290806474206853,-1.604087036318183,-0.22499361110250238,38.299519153523455,32.037500095367434,25.77548103721141,2.226988668009705,75.06307052277874,58.39080716305195,225654.0,-52.81235252552474,-63.636369199849945,30.769681096697585,-0.14727278009399372
2022-02-21,31.950000762939453,31.950000762939453,29.049999237060547,29.549999237060547,8531,0,31.619999980926515,34.903999938964844,31.39335172314401,32.29024208562283,,40.97716071539157,-1.756846174708805,-1.6346388639963074,-0.12220731071249769,37.3540565556337,31.619999980926515,25.885943406219333,2.275061015000362,73.19330101973632,67.65550270985392,217123.0,-40.84695575020429,-74.33155592927348,30.766729289789176,-0.190632474885659
2022-02-22,29.549999237060547,29.899999618530273,28.100000381469727,28.100000381469727,1463,0,31.222500038146972,34.89899993896484,31.07969921441313,32.1259188815384,,37.09171302785407,-1.7959005999565,-1.666891211188346,-0.12900938876815404,36.7723181196763,31.222500038146972,25.672681956617648,2.2411280308618036,54.693356526564344,67.64990935635971,215660.0,-70.98502380341401,-89.32583366676218,30.764946559441185,-0.13642624978649318
2022-02-23,29.450000762939453,29.450000762939453,27.600000381469727,28.399999618530273,2362,0,30.855000019073486,34.87199993133545,30.824489729090953,31.979804400636116,,38.39327396781193,-1.7821011296020686,-1.6899331948710905,-0.09216793473097806,36.123197644905794,30.855000019073486,25.586802393241175,2.2131903416195122,30.496443539378387,52.7943670285596,218022.0,-71.09636501264201,-83.66012990416134,30.761773521675995,-0.14766039793582594
2022-02-24,29.0,29.0,27.0,27.0,1839,0,30.505000019073485,34.78799991607666,30.460252612034672,31.784517953552346,,34.777151688762395,-1.8626616152230682,-1.724478878941486,-0.13818273628158217,35.8208166335017,30.505000019073485,25.189183404645267,2.1979624600752614,14.184394860602628,33.12473164218169,216183.0,-88.19620165295602,-100.00000000000001,30.75842586615973,-0.13214152751079522
2022-02-25,28.299999237060547,28.350000381469727,27.0,28.350000381469727,564,0,30.272500038146973,34.68499992370605,30.259276209123726,31.64983098994126,,40.588161501641736,-1.796859553695235,-1.7389550138922358,-0.057904539802999144,35.53799916172084,30.272500038146973,25.007000914573105,2.137393740174866,17.246934597942143,20.64259099930763,216747.0,-76.91428754240273,-72.7272692243373,30.757478003649695,-0.09741647808190868
2022-02-28,29.75,29.75,27.049999237060547,29.049999237060547,1293,0,29.992499923706056,34.583999938964844,30.144106973689137,31.54787680355378,,43.40386391101287,-1.668987835485897,-1.724961578210968,0.05597374272507105,34.87904047410789,29.992499923706056,25.105959373304223,2.1775799560866225,32.65412297947514,21.36181747933988,218040.0,-51.45331198718552,-58.585880381901234,30.755851757284056,-0.21900866094297963
2022-03-02,30.399999618530273,30.399999618530273,28.049999237060547,29.200000762939453,2085,0,29.7,34.477999954223634,30.054192096474882,31.45580323333361,,44.0161571960709,-1.5378177027960902,-1.6875328031279924,0.14971510033190216,34.00650726834367,29.7,25.39349273165633,2.189895700756844,54.222760330190034,34.707939302535685,220125.0,-25.80434628543477,-55.55554699282452,30.753968652016294,-0.24249407696681047
2022-03-03,30.5,30.5,28.25,30.0,4470,0,29.414999961853027,34.35699996948242,30.049030944429656,31.398712910457785,,47.291323839831335,-1.353706489295874,-1.6207675403615687,0.2670610510656948,32.73751451174845,29.414999961853027,26.092485411957604,2.194188864988498,73.70327864306438,53.52672065090976,224595.0,-0.04199355094265521,-39.39394873510053,30.750906200848217,-0.24264595569412598
2022-03-04,30.049999237060547,30.049999237060547,28.75,29.200000762939453,1493,0,29.177499961853027,34.18400001525879,29.968170927144875,31.31248890467275,,44.48845543560289,-1.2578505604296417,-1.5481841443751834,0.29033358394554165,31.767765664865472,29.177499961853027,26.58723425884058,2.1303181772793587,71.09245414061448,66.33949770462287,223102.0,1.0233729509888825,-55.55554699282452,30.74966864183876,-0.18546521148592535
2022-03-07,28.149999618530273,30.0,27.75,29.649999618530273,6637,0,29.014999866485596,34.037000007629395,29.93786889775301,31.247293246392655,,46.41239789985799,-1.1325179375336987,-1.4650509030068863,0.33253296547318767,30.98403488255352,29.014999866485596,27.045964850417672,2.138866878902262,74.64458786720303,73.14677355029387,229739.0,2.252249407716022,-46.464662422463405,30.743420054614635,-0.10097492544004277
2022-03-08,30.649999618530273,30.649999618530273,28.399999618530273,29.450000762939453,3338,0,28.92249994277954,33.85400005340576,29.891405265866005,31.176811188218018,,45.65504493811608,-1.0373709999554208,-1.3795149223965932,0.3421439224411724,30.60668362701256,28.92249994277954,27.238316258546522,2.1468049589806717,65.61340052059937,70.45014750947219,226401.0,57.692318776857135,-50.505042720749564,30.741007155619318,0.010413267265544627
2022-03-09,29.549999237060547,30.0,28.0,28.549999237060547,11094,0,28.854999923706053,33.615000038146974,29.763652310741676,31.073798954839294,,42.30924466800893,-1.0227987802709784,-1.3081716939714703,0.2853729137004919,30.484386281777997,28.854999923706053,27.22561356563411,2.1363188904820523,53.856407041134,64.70479847631204,215307.0,-5.552955403769471,-68.68688892605114,30.728889339300604,0.061656488600926464
2022-03-10,29.5,29.5,27.25,29.100000381469727,7086,0,28.882499980926514,33.407000045776364,29.70044736509673,30.996395089216957,,44.963642133472725,-0.9558512373143913,-1.2377076026400544,0.28185636532566316,30.508930075450113,28.882499980926514,27.256069886402916,2.144438969733334,46.87289664063646,55.44756806745651,222393.0,-31.377578279957458,-57.57575640811244,30.720279206582468,0.16210220060918823
2022-03-11,29.100000381469727,29.100000381469727,27.649999618530273,28.950000762939453,3006,0,28.960000038146973,33.225000076293945,29.62897626012937,30.91614433132372,,44.3641232364964,-0.9044723485865518,-1.171060551829354,0.2665882032428022,30.437362425345565,28.960000038146973,27.48263765094838,2.0948362406766283,43.99933143222747,48.242878371332544,219387.0,-41.86094261098949,-60.60605126489948,30.71656149953509,0.2658165679031277
2022-03-14,30.350000381469727,30.350000381469727,28.25,29.0,8789,0,28.98500003814697,33.04600006103516,29.569073759164667,30.84100141636985,,44.629144386905445,-0.8499223131671876,-1.1068329040969207,0.2569105909297331,30.44722423965639,28.98500003814697,27.522775836637553,2.0952051078761356,51.960801363268274,47.61100981204397,228176.0,36.88527113069597,-45.20547372535536,30.708945417265394,0.1948788941222019
2022-03-15,30.0,30.0,27.549999237060547,27.75,9693,0,28.910000038146972,32.87900009155273,29.395828639244222,30.719785674551424,,39.556082179890026,-0.8972130567768914,-1.0649089346329148,0.16769587785602336,30.461321938452752,28.910000038146972,27.358678137841192,2.1205476546663724,39.19988411089927,45.053338968798236,218483.0,-62.120217917701254,-79.45205264700826,30.69641140916646,0.09825067877388576
2022-03-16,27.0,29.100000381469727,27.0,27.5,26592,0,28.86000003814697,32.74300010681152,29.21527353074477,30.593519569667055,,38.61077103026593,-0.9439825789009966,-1.0407236634865311,0.09674108458553454,30.52150527546244,28.86000003814697,27.1984948008315,2.1190799922951835,27.508331906067696,39.55633912674497,191891.0,-126.19501558673056,-86.30136843133884,30.65428850377199,-0.017919425143173788
2022-03-17,27.0,28.850000381469727,27.0,28.5,3576,0,28.85250005722046,32.59300010681152,29.14715224210241,30.511420763013444,,44.34063643662356,-0.8900956508910944,-1.0105980609674439,0.12050241007634943,30.51907577557715,28.85250005722046,27.18592433886377,2.0998600200933653,25.27683867077431,30.661684895913652,195467.0,-86.38411760471038,-58.904105294016524,30.649218877203452,0.0004019404683397812
2022-03-21,29.899999618530273,29.899999618530273,28.049999237060547,28.5,14176,0,28.817500019073485,32.407000122070315,29.085518695235514,30.432541517405074,,44.34063643662357,-0.8377330075683389,-0.9760250502876229,0.13829204271928397,30.482815161714306,28.817500019073485,27.152184876432663,2.0820129030488195,34.825866681090424,29.20367908597737,195467.0,-2.3615600710024585,-58.904105294016524,30.63481976141459,-0.1010542412766631
2022-03-22,29.850000381469727,29.899999618530273,27.649999618530273,29.549999237060547,18355,0,28.767500019073488,32.20500007629394,29.12975493731409,30.397932016215094,,50.02125863919723,-0.7034007067656987,-0.921500181583238,0.21809947481753933,30.274243141544268,28.767500019073488,27.260756896602707,2.0940119814024754,58.18406772573439,39.428924359199605,213822.0,32.71495341050819,-30.136999902281033,30.61869076323885,-0.12239078824892047
2022-03-23,29.549999237060547,30.200000762939453,28.450000762939453,28.649999618530273,11188,0,28.722500038146972,31.95800006866455,29.084063954572773,30.329385647678436,,45.71450782557565,-0.6619334810422188,-0.8695868414750342,0.20765336043281535,30.18621965186252,28.722500038146972,27.258780424431425,2.0694396970165845,60.44618821952097,51.152040875448485,202634.0,55.050574488924624,-54.79452627464465,30.6094247393575,-0.1419185185389109
2022-03-24,29.25,29.25,27.25,27.25,7971,0,28.680000019073486,31.64200008392334,28.909391196994413,30.20862542620085,,39.95208811429617,-0.7335823936368691,-0.8423859519074012,0.10880355827053212,30.258417013738327,28.680000019073486,27.101583024408644,2.0644797186582573,48.12498283055305,55.58507959193603,194663.0,-108.63769203575538,-93.15068421566943,30.597770119939906,-0.18027103099606454
2022-03-25,27.25,27.75,26.0,26.5,19599,0,28.585000038146973,31.354000053405763,28.67992536870923,30.063189134977286,,37.24363727800525,-0.8411867280784122,-0.8421461071416034,0.0009593790631912125,30.426222511210348,28.585000038146973,26.743777565083597,2.042016881611239,23.759911221736584,44.110360757270094,175064.0,-218.79289385861622,-89.247310945844,30.557253458423467,-0.21080975584131562
2022-03-28,27.5,27.5,25.200000762939453,25.25,8196,0,28.497500038146974,31.081000022888183,28.353265809784542,29.874436619880136,,33.203478020812774,-1.015621044486135,-0.8768410946105097,-0.13877994987562536,30.75171281027293,28.497500038146974,26.243287266021017,2.060444192714761,6.905747540267285,26.26354719751887,166868.0,-252.31481284376028,-99.08258261358614,30.53720075499859,-0.23835415495989493
2022-03-29,25.299999237060547,25.549999237060547,24.0,24.0,15405,0,28.280000019073487,30.815000038146973,27.938669065995537,29.644066556355426,,29.73027617407777,-1.2404271779168425,-0.9495583112717763,-0.2908688666450663,31.268879454198114,28.280000019073487,25.29112058394886,2.02398383873946,4.301581494482186,11.655746752161916,151463.0,-284.66435246868105,-100.0,30.487995089704548,-0.3059017038141793
2022-03-30,24.0,24.0,22.799999237060547,23.100000381469727,8240,0,27.982500076293945,30.521000061035156,27.47784347699308,29.38743651028148,,27.499821909582796,-1.474216258545404,-1.0544899007265018,-0.4197263578189021,31.701004467022912,27.982500076293945,24.26399568556498,1.965127904753745,1.8837215748403395,4.363683536529834,143223.0,-261.48250132850336,-96.0264755107841,30.45670845062901,-0.3196063819933456
2022-03-31,23.100000381469727,23.100000381469727,21.950000762939453,22.149999618530273,10757,0,27.630000019073485,30.171000022888183,26.9704297761871,29.103615455703,,25.338857014425642,-1.7163676930211231,-1.1868654591854262,-0.529502233835697,32.08391969460372,27.630000019073485,23.17608034354325,1.9069044557377828,2.699812189258132,2.9617050861934495,132466.0,-225.71402608518042,-97.61906113484069,30.411187432329545,-0.3406393783246045
2022-04-01,23.149999618530273,23.25,22.100000381469727,23.25,5624,0,27.292500019073486,29.842999992370604,26.61610313083595,28.87406190842053,,32.00183793709259,-1.7987784138974376,-1.3092480501278285,-0.4895303637696091,31.993061211907108,27.292500019073486,22.591938826239865,1.8528398245086748,10.507616488159064,5.030383417419075,138090.0,-162.38248022329617,-84.52381790360123,30.38896666153241,-0.32304226401913294
2022-04-04,24.399999618530273,24.399999618530273,24.399999618530273,24.399999618530273,317,0,27.052499961853027,29.55900001525879,26.405045653473504,28.69860848528758,,38.21024199098601,-1.7511084573918758,-1.397620131580638,-0.3534883258112378,31.828531296922865,27.052499961853027,22.27646862678319,1.8026369526530746,31.642407364427427,14.949945347281437,138407.0,-92.4549952884861,-70.30304417465672,30.38797258173038,
2022-04-05,25.600000381469727,25.600000381469727,25.600000381469727,25.600000381469727,349,0,26.85,29.32500003814697,26.32837467518743,28.577094442000604,,43.95999842224265,-1.5980779923465747,-1.4377117037338254,-0.16036628861274926,31.51036484497527,26.85,22.18963515502473,1.759591510530673,63.826321836272655,35.32544856295294,138756.0,-46.11984433439142,-55.75758038145123,30.387097783782835,
2022-04-06,26.850000381469727,26.850000381469727,26.850000381469727,26.850000381469727,6250,0,26.719999980926513,29.10400001525879,26.378053313880983,28.509365263156255,,49.25691347145725,-1.3602555141219455,-1.4222204658114495,0.061964951689504,31.22548549027934,26.719999980926513,22.214514471573686,1.7231921169213391,89.35185087070506,61.60686002380161,145006.0,-0.32051416560370355,-40.60606522993608,30.37556221371401,
2022-04-07,29.399999618530273,29.5,26.850000381469727,29.5,11697,0,26.767500019073488,28.97300003051758,26.67538156970184,28.54821368420895,,58.26351964376767,-0.9470298933609556,-1.3271823513213508,0.3801524579603952,31.368182058316297,26.767500019073488,22.16681797983068,1.7893926527505486,100.00000000000006,84.39272423565916,156703.0,62.19605382074488,-8.484857732599432,30.364891736884967,
2022-04-08,32.400001525878906,32.45000076293945,29.5,32.45000076293945,77515,0,26.935000038146974,28.907000045776368,27.225345302391137,28.70122494219838,,65.58630908515471,-0.3771575667369653,-1.1371773944044736,0.7600198276675083,32.07543791378995,26.935000038146974,21.794562162504,1.872293232049756,100.00000000000006,96.45061695690163,234218.0,147.4285244454563,-0.0,30.407474141881025,
2022-04-11,35.0,35.45000076293945,30.350000381469727,30.899999618530273,23632,0,27.032499980926513,28.845000038146974,27.575312380118675,28.787451400093747,,59.663049750777176,-0.050025122164065294,-0.919746939956392,0.8697218177923267,32.39144347272432,27.032499980926513,21.673556489128707,2.102843742722611,84.60236558985711,94.86745519661899,210586.0,154.0803966203341,-33.703712180808736,30.42873749922764,
2022-04-12,30.899999618530273,32.45000076293945,29.75,32.0,11078,0,27.182499980926515,28.82500003814697,27.996711201059753,28.913433698129285,,62.267458327135536,0.294594631190229,-0.6768786257270678,0.9714732569172968,32.9086920289782,27.182499980926515,21.456307932874832,2.1454978155952427,71.23027020261695,85.27754526415795,221664.0,119.93202822546658,-25.55556120695891,30.434010983811426,
2022-04-13,34.79999923706055,34.79999923706055,30.600000381469727,30.700000762939453,6140,0,27.330000019073488,28.746000022888182,28.2541673498102,28.98349515165125,26.510749983787537,57.539163524018846,0.4575350158340292,-0.44999589741484836,0.9075309132488776,33.25557184144806,27.330000019073488,21.404428196698913,2.292247889880641,52.81941830608779,69.55068469952053,215524.0,124.33682558418543,-35.18518518518518,30.438809412328244,
2022-04-18,30.100000381469727,33.70000076293945,27.700000762939453,29.149999618530273,8498,0,27.4125,28.62800003051758,28.33948470873592,28.99002473858768,26.537011174182986,52.42735089934796,0.4563339721595341,-0.2687299234999718,0.7250638956595059,33.390950982019476,27.4125,21.434049017980527,2.557087326317738,41.12027360049232,55.05665403639893,207026.0,67.96064407332312,-46.6666751437717,30.43775293238424,
2022-04-19,31.450000762939453,32.04999923706055,26.600000381469727,27.799999237060547,33520,0,27.377499961853026,28.47,28.288105140004934,28.943357071861126,26.549578219584753,48.394656178695136,0.3425002582556118,-0.14648388714885507,0.4889841454044669,33.33824454751291,27.377499961853026,21.416755376193144,2.7637238641229582,25.67880516048641,39.87283235568875,173506.0,30.999247224304188,-56.666677969473376,30.411734672086013,
2022-04-20,28.399999618530273,29.950000762939453,25.149999618530273,25.5,32819,0,27.227499961853027,28.30099998474121,28.02257131714732,28.808323461199905,26.539134655210773,42.409456743687265,0.0659354406080439,-0.10400002159747528,0.1699354622055192,33.21861638282974,27.227499961853027,21.23638354087632,2.9091722412862597,11.96530609088579,26.254794950621417,140687.0,-16.905070568901785,-73.70370935510705,30.3568884934345,
2022-04-21,26.700000762939453,26.700000762939453,24.399999618530273,26.0,8608,0,27.05,28.162999954223633,27.829945477419006,28.698193129388144,26.533770131278327,44.030010488640514,-0.11161175772675236,-0.10552236882333069,-0.006089388903421672,32.965234710344745,27.05,21.134765289655256,2.865660020080754,10.856958412256867,16.1670232212096,149295.0,-42.94079290146452,-70.00000565140336,30.338067791642683,
2022-04-22,27.25,27.299999237060547,26.5,27.299999237060547,5495,0,26.982499980926512,28.082999954223634,27.779474406908676,28.64336199635569,26.541394301485116,48.11779911440953,-0.14574011634061534,-0.11356591832678761,-0.03217419801382773,32.853809616434994,26.982499980926512,21.111190345418027,2.7538271070078824,16.73145149280614,13.18457199864951,154790.0,-5.759555057731592,-61.048698823944584,30.329563795387486,
2022-04-25,28.0,28.649999618530273,26.0,28.399999618530273,13836,0,27.039999961853027,28.052999954223633,27.838572046110734,28.63381837369587,26.559887886729346,51.355252895485734,-0.08306868463775885,-0.10746647158898186,0.024397786951223008,32.943100980577725,27.039999961853027,21.13689894312833,2.7464108578309103,32.95166389449715,20.180024599853297,168626.0,12.173038303706445,-63.80090872638664,30.312528403351553,
2022-04-26,29.75,29.75,27.0,27.0,10940,0,27.064999961853026,28.021999969482422,27.758708041719235,28.569747064923483,26.564267111737013,47.30903693991131,-0.14470136515630827,-0.11491345030244714,-0.029787914853861133,32.96297432979485,27.064999961853026,21.167025593911205,2.7466672251287028,43.43907204231879,31.040729143207273,157686.0,16.817300785482317,-76.47058721993695,30.300394852166917,
2022-04-27,28.299999237060547,28.350000381469727,25.700000762939453,28.299999237060547,6024,0,27.217499923706054,28.039999961853027,27.810259584132694,28.55916871873278,26.581538078158143,51.157291467016655,-0.08763641656451782,-0.10945804355486127,0.021821626990343457,33.0774723093991,27.217499923706054,21.35752753801301,2.7397623960859576,57.343870766894646,44.57820223457011,163710.0,2.302027490478333,-64.70588946044133,30.292468207093975,
2022-04-28,27.0,29.649999618530273,26.899999618530273,27.100000381469727,10060,0,27.37249994277954,28.01199996948242,27.742615850545747,28.501946430996977,26.586696907046814,47.69455923165931,-0.13765511009027875,-0.11509745686194477,-0.022557653228333988,33.044843057763785,27.37249994277954,21.700156827795293,2.740493653508389,51.43730877382236,50.74008386101184,153650.0,10.148088371078005,-75.56560648588226,30.281331768090897,
2022-04-29,25.799999237060547,28.450000762939453,25.799999237060547,27.600000381469727,33484,0,27.597499942779542,27.978999977111815,27.729033424919457,28.466575997682185,26.596779528682863,49.23639349369145,-0.1353887860994618,-0.11915572270944817,-0.01623306339001364,32.92032599702472,27.597499942779542,22.274673888534366,2.7340299301062827,51.45955397553249,53.41357783874974,187134.0,-14.351463298904413,-71.04072007668059,30.235903645624905,
2022-05-02,28.850000381469727,28.850000381469727,26.299999237060547,27.899999618530273,2593,0,27.88499994277954,27.966999969482423,27.745315919549057,28.444357316146817,26.609746892760946,50.185213704079544,-0.10813872091550891,-0.11695232235066032,0.008813601435151405,32.584478792394464,27.88499994277954,23.185521093164617,2.7208850168422036,45.26748254108497,49.38811509681318,189727.0,-11.193045994830332,-68.32579513558831,30.232911883718113,
2022-05-04,28.0,28.0,26.549999237060547,26.549999237060547,15327,0,28.049999904632568,27.92499996185303,27.631476235502532,28.37006876402579,26.609152388724127,46.01701577760579,-0.19324894277278304,-0.13221164643508487,-0.061037296337698166,32.29688134767672,28.049999904632568,23.80311846158842,2.6301075701348644,40.91783474742294,45.88162375468004,174400.0,-45.20646477510647,-79.32692598661738,30.21089791388345,
2022-05-05,27.100000381469727,27.100000381469727,25.25,26.0,10127,0,28.129999923706055,27.860999946594237,27.476097546407054,28.27712489092674,26.603091170925875,44.39908673244612,-0.30160305638348106,-0.1660899284247641,-0.13551312795871695,32.15323263921667,28.129999923706055,24.106767208195443,2.574385628087355,30.961793533343737,39.04903694061712,164273.0,-86.84660530953346,-84.61538038310199,30.19236977909718,
2022-05-06,24.75,25.950000762939453,24.700000762939453,25.350000381469727,1525,0,28.117499923706056,27.756999969482422,27.27361210212731,28.162335694477445,26.59062260585666,42.49739956974557,-0.4349106299910446,-0.21985406873802021,-0.21505656125302436,32.17351723596922,28.117499923706056,24.06148261144289,2.483358028728297,18.075684606607116,29.98510429579117,162748.0,-116.92711947071138,-89.78493928992086,30.18906073449616,
2022-05-09,25.299999237060547,25.299999237060547,24.149999618530273,25.149999618530273,1092,0,28.032499885559083,27.668999977111817,27.071363294165685,28.044204867969714,26.576288048768834,41.902682913008746,-0.550352115986545,-0.28595367818772516,-0.26439843779881983,32.25887859620117,28.032499885559083,23.806121174917,2.3916896526005225,17.994897054748165,22.344125064899583,161656.0,-126.29440234186578,-87.34177154066697,30.186466551233266,0.07305627464773194
2022-05-10,24.049999237060547,26.0,24.049999237060547,24.5,2342,0,27.782499885559083,27.59699996948242,26.82647155186419,27.905216441774822,26.55562846619402,39.94614291673716,-0.6863777271080949,-0.3660384879717991,-0.32033923913629575,32.21840754655549,27.782499885559083,23.346592224562674,2.36014044619616,16.110552439588385,17.393711366981133,159314.0,-115.184847781922,-92.37287039731032,30.18089395083974,0.03404645734293626
2022-05-11,24.100000381469727,24.450000762939453,24.0,24.0,454,0,27.35999984741211,27.508999977111817,26.557283785019983,27.752070698960125,26.530199327226914,38.45855893687819,-0.8250145708402741,-0.4578337045454941,-0.36718086629478,31.539425625761517,27.35999984741211,23.1805740690627,2.2272732714678627,10.88967148956016,14.998373661298814,158860.0,-134.71568405325473,-100.0,30.17967336923753,-0.2830715925686608
2022-05-12,24.950000762939453,24.950000762939453,23.100000381469727,23.149999618530273,65,0,26.97249984741211,27.431999969482423,26.23278053106858,27.571597323256995,26.496565499279683,36.00390618996171,-0.9920376033876828,-0.5646744843139319,-0.4273631190737509,31.20398605751197,26.97249984741211,22.74101363731225,2.2003252078965674,4.372178009115317,10.457467312754531,158795.0,-141.60284659367397,-99.24813173039553,30.17948658369467,-0.22792773385152768
2022-05-13,23.149999618530273,24.299999237060547,23.149999618530273,24.299999237060547,670,0,26.587499809265136,27.35099994659424,26.048706122115433,27.44329935909243,26.474709118561083,41.44887685909883,-1.0198529715305291,-0.6557101817572513,-0.36414278977327785,30.28694243949802,26.587499809265136,22.888057179032252,2.1253019515132605,14.367796058364922,9.876548519013376,159465.0,-121.65554607427451,-81.95490339206916,30.177616625968188,-0.2725581463870686
2022-05-16,23.25,25.450000762939453,23.25,23.600000381469727,55,0,26.23249979019165,27.24199996948242,25.815496051577746,27.292581752126832,26.446105051525347,39.25925820261176,-1.085863747341648,-0.7417408948741306,-0.3441228524675173,29.636067545891116,26.23249979019165,22.828932034492183,2.1306375809008458,20.114923251131028,12.951632439536999,159410.0,-102.84704015303666,-92.48120257621149,30.17746766505125,-0.2515409972135302
2022-05-17,24.700000762939453,24.75,23.549999237060547,24.75,672,0,26.012499809265137,27.15299995422363,25.71402023714177,27.19287266380813,26.42922838434599,44.45104293484194,-1.0334692146916282,-0.8000865588376301,-0.2333826558539981,29.194931831652795,26.012499809265137,22.83006778687748,2.064163522475032,42.944465410351626,25.809061573282435,160082.0,-83.56699172553775,-74.80916319509761,30.175723066524863,-0.23523131743792774
2022-05-18,24.75,24.75,23.549999237060547,23.549999237060547,23691,0,25.799999809265138,27.023999938964845,25.507922999038797,27.05001488236705,26.400579338104343,40.555607536697984,-1.0763684968135152,-0.8553429464328072,-0.22102555038070804,29.043608840863396,25.799999809265138,22.55639077766688,2.002437611079633,35.53433475636268,32.864574472615026,136391.0,-92.61907000660688,-93.12978766402472,30.110701129061084,-0.2755038259510319
2022-05-19,24.5,24.5,22.399999618530273,22.5,3360,0,25.649999809265136,26.889999923706053,25.221454141987483,26.871582926195796,26.36176760339684,37.46205304387175,-1.1814733607279315,-0.920569029291832,-0.2609043314360995,29.19837962560171,25.649999809265136,22.101619992928562,2.0094063803932114,30.880107497454336,36.45296922138946,133031.0,-116.71388573999866,-98.44960667223,30.100381246337108,-0.16330580898604297
2022-05-20,23.549999237060547,23.549999237060547,21.5,23.350000381469727,2680,0,25.51749982833862,26.763999938964844,25.0432204505096,26.733481649932028,26.331799770342837,41.36151275135781,-1.1825500942105585,-0.9729652422755773,-0.2095848519349811,29.199112761289538,25.51749982833862,21.835886895387706,2.012305870155164,23.087675938112714,29.83403939730982,135711.0,-115.04302264663605,-74.82992808906774,30.091778994373865,-0.17838862042024686
2022-05-23,24.399999618530273,24.399999618530273,23.399999618530273,24.299999237060547,701,0,25.367499828338623,26.660999908447266,24.972437477800167,26.63805096707432,26.31158284961366,45.45509615097893,-1.0941339499778984,-0.9971989838160416,-0.09693496616185682,28.990381898956574,25.367499828338623,21.744617757720672,1.943569682076977,45.422655376521924,33.13014627069623,136412.0,-58.437450418224266,-56.92308866060697,30.089912282655153,-0.21983084279361814
2022-05-24,24.5,25.5,23.700000762939453,23.700000762939453,759,0,25.13249988555908,26.563999938964844,24.851253028765814,26.52283331201021,26.285596958203968,43.394615789394855,-1.0602564052813115,-1.0098104681090956,-0.050445937172215904,28.54149889352295,25.13249988555908,21.723500877595214,1.933314650290089,62.66309513382627,43.7244754828202,135653.0,-42.68381754707367,-60.71427476649456,30.0879813512622,-0.3371823209661414
2022-05-25,23.700000762939453,24.799999237060547,23.700000762939453,24.700000762939453,736,0,25.017499923706055,26.47599994659424,24.836848051068067,26.451349682634888,26.26981988163417,47.65361111632547,-0.9418593955585592,-0.9962202535989884,0.054360858040429116,28.32026755618031,25.017499923706055,21.7147322912318,1.8737920662780179,73.71795360858628,60.6012347063114,136389.0,-33.487811363770774,-28.88887193467882,30.086142491308422,-0.26759132247518463
2022-05-26,25.5,25.899999618530273,23.5,25.5,1226,0,24.877499961853026,26.40699993133545,24.900005379537774,26.414041851943324,26.262159982314426,50.84025338829964,-0.7745471622432092,-0.9518856353278325,0.17733847308462336,27.830714311190874,24.877499961853026,21.924285612515177,1.9113783200103218,75.3030456458901,70.56136479610079,137615.0,1.2830532230141949,-11.11111111111111,30.08338702655804,-0.32370402297172685
2022-05-27,24.25,24.299999237060547,24.25,24.25,1053,0,24.73499994277954,26.31199993133545,24.838100105296082,26.329177465592604,26.24213848995309,46.116294462482,-0.7343504305888118,-0.9083785943800284,0.17402816379121666,27.515485437936103,24.73499994277954,21.95451444762298,1.8641370114381561,68.30304437432433,72.44134787626682,136562.0,-33.02306198432503,-38.88888888888889,30.08069930213582,-0.27860092045078916
2022-05-30,24.25,24.549999237060547,23.049999237060547,23.75,7816,0,24.542499923706053,26.231999931335448,24.73447152383931,26.22803325125564,26.217341092043107,44.34147879481014,-0.7343746387731009,-0.873577803258643,0.13920316448554204,27.019448456501983,24.542499923706053,22.065551390910123,1.8381272249068592,49.82351368018029,64.47653456679815,128746.0,-61.46214261136371,-48.86363193023265,30.059174721107812,-0.53431790921518
2022-05-31,24.850000381469727,24.850000381469727,22.600000381469727,23.75,585,0,24.33499994277954,26.15699993133545,24.64071233109271,26.130855476696595,26.19279043441084,44.341478794810136,-0.7260246635468519,-0.8440671753162847,0.11804251176943281,26.29308560266469,24.33499994277954,22.37691428289439,1.8675467088420834,31.13664119846381,49.754399750989386,128746.0,-64.16978348800608,-48.86363193023265,30.05755681153428,-0.5572824477527162
2022-06-01,24.75,24.75,22.600000381469727,22.600000381469727,725,0,24.1375,26.038999938964842,24.446358812080998,25.992390571001422,26.157041279655207,40.2132385855316,-0.8029467361321565,-0.8358430874794591,0.03289635134730262,25.95378050219995,24.1375,22.321219497800048,1.887721916676954,19.803302778867458,33.58781921917043,128021.0,-105.65958380976166,-74.99998916279092,30.055420828980616,-0.4501362002320009
2022-06-02,23.649999618530273,23.649999618530273,21.549999237060547,22.950000762939453,734,0,23.98500003814697,25.927999954223633,24.303848521686565,25.873081166763697,26.12513042874261,41.98359656966541,-0.8261426687112952,-0.8339030037258264,0.007760335014531217,25.65655606377542,23.98500003814697,22.313444012518524,1.902884664162152,25.75758509873445,25.565843025355147,128755.0,-167.94052216106758,-67.04543434883763,30.05306728906722,-0.49072317656119335
2022-06-03,22.950000762939453,23.950000762939453,21.850000381469727,22.649999618530273,197,0,23.85,25.789999961853027,24.146339102338345,25.746685811931012,26.090552012720597,40.86657043304756,-0.8588331041183501,-0.8388890238043312,-0.019944080314018953,25.494688281175705,23.85,22.205311718824298,1.91696435825555,25.252535761329536,23.60447454631039,128558.0,-138.99488844245428,-73.86364276744173,30.05244448047664,-0.5060333650198428
2022-06-06,23.700000762939453,23.700000762939453,22.0,23.299999237060547,183,0,23.757499980926514,25.682999954223632,24.065735305645223,25.650737318798836,26.062785318435424,44.32305008387026,-0.8228061753480311,-0.8356724541130711,0.012866278765039985,25.304521278237544,23.757499980926514,22.210478683615484,1.9014669585901145,42.929297307961406,31.313139389341703,128741.0,-102.44336805556408,-59.09092288372065,30.05188068468947,-0.5300608233492331
2022-06-07,23.399999618530273,23.399999618530273,23.299999237060547,23.299999237060547,11,0,23.69749994277954,25.603999938964844,23.99280806101811,25.558551511671844,26.035294909665524,44.32305008387025,-0.7852032405525051,-0.8255786114009579,0.040375370848452774,25.21752461576557,23.69749994277954,22.17747526979351,1.7727907745100868,47.017034978238705,38.39962268250979,128741.0,-53.40345146863152,-59.09092288372065,30.051848399965134,-0.5297480608766099
2022-06-08,24.399999618530273,24.399999618530273,22.149999618530273,22.149999618530273,6004,0,23.604999923706053,25.516999931335448,23.817302495066887,25.42488280998002,25.99663525502736,39.57636127955572,-0.8385319279823271,-0.8281692747172318,-0.010362653265095334,25.25935786144457,23.604999923706053,21.950641985967536,1.8068771477593661,42.92347124911905,44.28993451177296,122737.0,-95.92847239559816,-85.22728011627892,30.03313940782927,-0.5800128426136978
2022-06-09,22.149999618530273,23.25,22.149999618530273,23.25,2353,0,23.60999994277954,25.47699993133545,23.763273686012898,25.33959328802002,25.969305550997237,45.57981239766115,-0.7830084255610146,-0.8191371048859883,0.03612867932497377,25.259424120794332,23.60999994277954,21.96057576476475,1.7563859501672492,43.5473637861343,44.495956671163924,125090.0,-86.17560126852109,-60.91952611817756,30.025816854089108,-0.5109944529008523
2022-06-10,24.399999618530273,24.399999618530273,23.5,24.399999618530273,22269,0,23.614999961853027,25.484999923706056,23.823914251014553,25.302746477451795,25.95369056659458,51.05492035858229,-0.6388460717520346,-0.7830788982591976,0.14423282650716307,25.273342571380017,23.614999961853027,21.956657352326037,1.713072640764608,58.651534798971944,48.374123278075,147359.0,51.52840727798023,-34.482755596752334,29.9689307632551,-0.08049756346402989
2022-06-13,23.75,23.75,23.200000762939453,23.200000762939453,1100,0,23.594999980926513,25.48699993133545,23.764493918816925,25.22028586119641,25.92629066805075,45.869065432911235,-0.6143444659744439,-0.7493320118022468,0.13498754582780292,25.263202631434424,23.594999980926513,21.9267973304186,1.6764245132521947,67.1895599267461,56.462819503950676,146259.0,-25.86200152540383,-62.06893376589951,29.965809437653917,-0.09322777046662872
2022-06-14,23.200000762939453,23.200000762939453,22.049999237060547,22.049999237060547,2852,0,23.45999994277954,25.484999923706056,23.6012087110306,25.09596089554402,25.8877206040608,41.5168587206522,-0.6798849881165339,-0.7354426070651042,0.055557618948570364,25.168976388743644,23.45999994277954,21.751023496815435,1.6388228712969597,48.888905843098996,58.24333352293891,143407.0,-121.51069700313809,-88.5057481344159,29.956564474500226,-0.1352441361322547
2022-06-15,22.049999237060547,22.049999237060547,20.950000762939453,20.950000762939453,1401,0,23.330000019073488,25.438999938964844,23.3487127159743,24.933374223677177,25.838589063353126,37.820336192206,-0.8112355890054204,-0.7506012034531675,-0.06063438555225287,25.357658711795434,23.330000019073488,21.30234132635154,1.6003354143558266,15.555572509765662,43.87801275987015,142006.0,-210.44131338964164,-100.0,29.951358490241194,0.20444056217794077
2022-06-16,20.950000762939453,21.950000762939453,20.5,20.5,5143,0,23.230000019073486,25.360999946594237,23.07740674302437,24.759516410983956,25.785468774165533,36.392790305599924,-0.9407982506884025,-0.7886406129002145,-0.15215763778818803,25.58274305421989,23.230000019073486,20.877256983927083,1.5895972249689427,3.789561257387201e-14,21.481492784288132,136863.0,-200.6132049342642,-100.0,29.931565569692136,0.16228093456487588
2022-06-17,20.5,21.5,20.5,21.5,304,0,23.1375,25.278999938964844,22.927177529403,24.63169223800419,25.742827293825577,41.66246937713306,-0.9518140312014118,-0.821275296560454,-0.1305387346409579,25.606685041895297,23.1375,20.668314958104702,1.547483137471161,10.256410256410293,8.603994255391896,137167.0,-158.6679730491867,-77.01149626883178,29.930422269193624,0.13614657661141827
2022-06-20,22.0,22.5,20.450000762939453,21.450000762939453,446,0,22.995000076293945,25.17099994659424,22.786494027835044,24.50692002329577,25.700112601975963,41.47744121292625,-0.953586288050321,-0.8477374948584273,-0.10584879319189366,25.507946493923473,22.995000076293945,20.482053658664416,1.5833771445846885,22.377622377622416,10.878010878010814,136721.0,-118.93230623021643,-76.74418192028345,29.928802866930702,0.1265403370102493
2022-06-21,22.5,22.5,20.450000762939453,22.5,953,0,22.935000038146974,25.03099994659424,22.759208882326945,24.428217277284173,25.668270685538392,46.818906214644244,-0.8603471052684242,-0.8502594169404267,-0.010087688327997446,25.435019938275506,22.935000038146974,20.434980138018442,1.6167072940472498,55.71095571095575,29.44832944832939,137674.0,-84.1611864502946,-48.101270101408204,29.925487684771984,0.15662450692378285
2022-06-22,22.5,23.600000381469727,21.399999618530273,23.049999237060547,1235,0,22.852499961853027,24.84299991607666,22.786903201825382,24.374169511000893,25.642218233314733,49.422950455558016,-0.7336173550581933,-0.82693100456398,0.0933136495057868,25.21945452460478,22.852499961853027,20.485545399101273,1.6583711132538357,72.96776015279785,50.35211274712524,138909.0,-13.68762133969906,-34.17723474929465,29.921654285246905,0.15551405677126512
2022-06-23,24.200000762939453,24.200000762939453,22.0,22.100000381469727,4414,0,22.682499980926515,24.66699993133545,22.721483885601035,24.284986407882023,25.606972284540156,45.29715496327953,-0.7017507374755638,-0.8018949511462968,0.100144213670733,24.73146893173286,22.682499980926515,20.63353103012017,1.697058945374237,75.51321130741039,68.06397572372124,134495.0,2.1126039202166633,-58.227845656338175,29.908143839023655,0.06642043784372187
2022-06-24,21.899999618530273,23.200000762939453,21.899999618530273,22.899999618530273,963,0,22.614999961853027,24.484999923706056,22.73848538397525,24.230673200456465,25.580037233137073,49.147029111219716,-0.6049692519404637,-0.7625098113051302,0.1575405593646665,24.538044087083055,22.614999961853027,20.691955836623,1.6686976738767332,63.95764557932879,70.81287234651225,135458.0,0.3269558315469168,-37.97469454647824,29.905161870334677,0.09284978707179753
2022-06-27,24.0,24.0,21.799999237060547,21.799999237060547,2144,0,22.517499923706055,24.306999893188475,22.649105750935753,24.13535265287231,25.54242491476815,44.508623454047836,-0.6099983834254701,-0.7320075257291981,0.12200914230372806,24.397732328700407,22.517499923706055,20.637267518711703,1.7066478945240704,48.44441731770837,62.63842473481575,133314.0,-6.934689261765677,-65.82281353802651,29.89840957104744,0.072553998936644
2022-06-28,22.850000381469727,22.850000381469727,20.799999237060547,22.850000381469727,4142,0,22.472499942779542,24.180999908447266,22.66823857289137,24.08494668144476,25.515634620904486,49.416173700814625,-0.5232262625742372,-0.690251273098206,0.1670250105239688,24.274019836349055,22.472499942779542,20.67098004921003,1.7311731266587211,53.87579545750975,55.425952784848874,137456.0,-37.609554188724715,-39.24049838309905,29.884752067512064,0.1397890852470085
2022-06-29,22.850000381469727,23.0,21.75,21.75,3374,0,22.429999923706056,24.059999923706055,22.580787280235047,23.993380144917513,25.478165619701457,44.93293567393927,-0.537029032935397,-0.6596068250656442,0.12257779213024711,24.25740214585959,22.429999923706056,20.602597701552522,1.6968036176116696,41.41175664236374,47.910656472527194,134082.0,-32.06162045607307,-67.08861737464733,29.87366251489479,0.08965290101501147
2022-06-30,21.75,22.5,20.700000762939453,21.299999237060547,6753,0,22.34749984741211,23.975999908447264,22.45880746659938,23.88775736421724,25.43659182484931,43.20601651618992,-0.577620677037622,-0.6432095954600398,0.06558891842241776,24.22192615083967,22.34749984741211,20.473073543984547,1.7041747332865893,35.472362254590756,43.58663811815466,127329.0,-90.6432921859673,-77.3333740234375,29.849650730961283,0.043830858658364766
2022-07-01,21.950000762939453,22.350000381469727,20.25,20.25,5823,0,22.227499866485594,23.860999908447265,22.248444850732774,23.745100212679308,25.38498394599509,39.400853557319834,-0.6866012982845078,-0.6518879360249333,-0.03471336225957444,24.305353057874598,22.227499866485594,20.14964667509659,1.7324479938710993,15.374320838964714,30.75281324530631,121506.0,-124.89007434375452,-100.0,29.82769947132116,-0.03997238175100418
2022-07-04,21.25,21.25,19.25,20.649999618530273,3702,0,22.094999885559083,23.72799991607666,22.096211971475395,23.623723718791112,25.337869674080014,41.514031158653495,-0.7322516582016263,-0.6679606804602719,-0.0642909777413544,24.219829133208385,22.094999885559083,19.97017063790978,1.751558851451735,18.505033102461418,23.117238732005536,125208.0,-151.93802113202844,-71.71718378283819,29.812912867125462,-0.019748741604242937
2022-07-05,20.649999618530273,21.549999237060547,20.049999237060547,21.399999618530273,3404,0,21.999999904632567,23.58799991607666,22.029906033099667,23.536518852114217,25.298686887457627,45.361330487502535,-0.6998438016329658,-0.6743373046948107,-0.0255064969381551,24.070023994582353,21.999999904632567,19.92997581468278,1.7335903620623252,31.555548773871553,21.81163423843247,128612.0,-88.75910319568763,-56.56567096661332,29.80024383315634,0.01580907471263249
2022-07-06,22.450000762939453,22.450000762939453,20.350000381469727,22.0,1294,0,21.992499923706056,23.48799991607666,22.027057839471126,23.476263210854835,25.265864132358548,48.291809240830126,-0.6186143245843461,-0.6631927086727177,0.04457838408837167,24.061382412220713,21.992499923706056,19.9236174351914,1.759762506305711,59.760676978999754,36.60708628511082,129906.0,-34.04555694504001,-44.44445300717548,29.79576506895159,0.1078568743836463
2022-07-07,21.950000762939453,22.950000762939453,21.049999237060547,21.299999237060547,849,0,21.89499988555908,23.34799991607666,21.957814163051072,23.390919525608002,25.226402790116776,45.24305738761862,-0.6037637772213778,-0.6513069223824497,0.04754314516107194,23.900467380522166,21.89499988555908,19.889532390595996,1.7697795791323678,65.78469371234411,52.36697315507171,129057.0,-15.803493524958984,-58.585880381901234,29.792888888964434,0.06904529321196001
2022-07-08,21.100000381469727,22.149999618530273,20.350000381469727,22.100000381469727,1480,0,21.779999923706054,23.24799991607666,21.971355707662372,23.340295245445716,25.195294308438697,49.190959473461,-0.5214304789958533,-0.6253316337051305,0.10390115470927719,23.429969686058104,21.779999923706054,20.130030161354004,1.7719381261272378,72.34925981009474,65.96487683381277,130537.0,-29.768994723869255,-42.42424359188757,29.787734361608045,-0.30633786504431787
2022-07-11,22.799999237060547,22.950000762939453,21.0,22.75,3320,0,21.75749988555908,23.150999908447265,22.045512306932622,23.31714641229098,25.170963021787568,52.206095240839964,-0.3991302845603819,-0.5800913638761808,0.18096107931579886,23.340305863159276,21.75749988555908,20.174693907958886,1.7846568858995389,75.17860680374723,71.10418677539526,133857.0,56.07846459165831,-29.292940190950617,29.77717345975528,-0.2244976900698944
2022-07-12,23.850000381469727,23.850000381469727,21.649999618530273,23.5,6210,0,21.829999923706055,23.06299991607666,22.18403494436761,23.324317141220746,25.154336524058337,55.48835091847998,-0.2389334908054046,-0.5118597892620256,0.272926298456621,23.5833965976624,21.829999923706055,20.07660324974971,1.814324305688104,86.71014538375543,78.07933733253238,140067.0,135.7162810230591,-14.141427374725748,29.759498071983387,-0.08780360275248078
2022-07-13,22.399999618530273,24.399999618530273,22.350000381469727,22.350000381469727,4555,0,21.89999990463257,22.978999938964844,22.199841176472574,23.286108640838354,25.126432681843525,49.83675892208036,-0.20243815483106786,-0.449975462375834,0.24753730754476616,23.618720445484705,21.89999990463257,20.181279363780433,1.8311582293575641,77.49538001643771,79.7947107346467,135512.0,120.85771511204038,-39.80581337684804,29.746655423193825,-0.13535214900948275
2022-07-14,23.25,23.25,21.25,22.799999237060547,6169,0,22.014999866485596,22.914999923706056,22.25699908700476,23.267045526964715,25.103284090353146,51.90119603107778,-0.1356406107603867,-0.38710849205274456,0.25146788129235786,23.64934993477642,22.014999866485596,20.38064979819477,1.8432183558320239,66.62550825075961,76.94367788365082,141681.0,52.26664152018156,-31.067970873487962,29.72779260312851,0.005623841472368622
2022-07-15,23.649999618530273,23.649999618530273,21.700000762939453,21.899999618530273,1601,0,22.03499984741211,22.845999908447265,22.22299913762624,23.213435883496697,25.071410613021573,47.67524373986791,-0.15355543200360344,-0.3403978800429163,0.18684244803931288,23.65336327621415,22.03499984741211,20.416636418610068,1.8508455343862236,45.44903854564308,63.18997560428003,140080.0,45.37714748538115,-48.54369291610665,29.72290200334148,-0.019584822283145273
2022-07-18,21.0,22.899999618530273,21.0,21.549999237060547,7126,0,22.039999771118165,22.77399990081787,22.158903909000934,23.148203073832534,25.03637169385778,46.103114081723,-0.1937615995107862,-0.3110706239364903,0.11730902442570412,23.651707102917953,22.039999771118165,20.428292439318376,1.8543565403965128,34.38028008287054,48.81827562642431,132954.0,-23.57866561813587,-55.33981733154128,29.699432117813746,-0.06071099580215725
2022-07-19,20.600000381469727,21.899999618530273,20.600000381469727,21.75,2925,0,22.002499771118163,22.71899990081787,22.119960679572273,23.09337158074106,25.0036714779985,47.17508272633255,-0.20709957188721972,-0.2902764135266362,0.08317684163941647,23.604522072683555,22.002499771118163,20.400477469552772,1.8147595901582296,24.303394627134736,34.710904418549354,135879.0,-64.50429755649326,-51.45630708389334,29.689351949860963,-0.04089197024090829
2022-07-20,22.799999237060547,22.799999237060547,20.850000381469727,21.299999237060547,5239,0,21.914999771118165,22.664999885559084,22.041869113618777,23.023043253537903,24.966819017889662,45.00610010547895,-0.2510869379221923,-0.2824385184057474,0.03135158048355513,23.469059238626663,21.914999771118165,20.360940303609667,1.824419537689129,23.130130595803774,27.271268435269587,130640.0,-34.08666233436341,-60.19418662315195,29.671865954683586,-0.08427390634470094
2022-07-21,21.950000762939453,22.350000381469727,20.600000381469727,22.0,9918,0,21.909999752044676,22.641999893188476,22.03788157898842,22.982923910261906,24.93729843064698,48.938914002480416,-0.22684806768180366,-0.27132042826095865,0.04447236057915499,23.46228863959303,21.909999752044676,20.357710864496323,1.81910385642562,33.038526714234756,26.824017312390993,140558.0,-29.331305837451268,-46.601937792282676,29.638970506983608,0.04447330183605732
2022-07-22,22.799999237060547,22.799999237060547,21.0,21.399999618530273,9989,0,21.834999752044677,22.583999900817872,21.977130916087642,22.92084844784106,24.90210142754134,45.908384057069384,-0.25313561495906,-0.26768346560057893,0.014547850641518922,23.332698276619826,21.834999752044677,20.337301227469528,1.817739240756686,34.54500442426834,30.23788724476886,130569.0,-14.879078472418302,-68.96551119350467,29.60645389813324,-0.027395344933978456
2022-07-25,21.850000381469727,22.100000381469727,20.350000381469727,20.350000381469727,8035,0,21.762499809265137,22.51899990081787,21.822166103266888,22.82003087661081,24.856806889769484,41.11060484085486,-0.3546071582043737,-0.2850682041213379,-0.06953895408303584,23.39433176219849,21.762499809265137,20.130667856331783,1.8129007235597798,26.894741793760847,31.492757644087884,122534.0,-108.97430318155848,-100.0,29.5778534337719,-0.08713607587398277
2022-07-26,20.350000381469727,21.350000381469727,19.350000381469727,21.350000381469727,4711,0,21.687499809265137,22.450999908447265,21.777197939286207,22.762382621899395,24.821913292671972,46.81172101048102,-0.3502944680609126,-0.29811345690925284,-0.05218101115165974,23.24886945777618,21.687499809265137,20.126130160754094,1.8262649575912242,30.91787359489635,30.785873270975078,127245.0,-126.1822765330882,-60.396033620707236,29.560689825859306,-0.0807243878325605
2022-07-27,22.399999618530273,22.399999618530273,20.5,21.200000762939453,8933,0,21.65999984741211,22.403999938964844,21.722226779634134,22.701112745077435,24.78587436202787,46.09092388127936,-0.3548894015570667,-0.3094686458388156,-0.045420755718251105,23.235309339845,21.65999984741211,20.08469035497922,1.8315317190868705,37.19808365762879,31.67023301542856,118312.0,-37.01325253290742,-63.36632354529708,29.530816657907266,-0.06629844116812293
2022-07-28,22.049999237060547,22.049999237060547,20.5,21.950000762939453,657,0,21.692499923706055,22.392999954223633,21.743919539948926,22.671657373228886,24.757656714275747,50.218386959743334,-0.2946160371844613,-0.30649812410794475,0.01188208692348347,23.26357439534104,21.692499923706055,20.121425452071072,1.8114222560849902,62.3188686230726,43.478275291865806,118969.0,-19.897305624393155,-48.5148361530623,29.52866389890821,-0.041083918530003476
2022-07-29,22.899999618530273,22.899999618530273,20.899999618530273,21.799999237060547,862,0,21.76999988555908,22.36199993133545,21.749260463483367,22.637474701222285,24.728227286641765,49.4036831769294,-0.2560018017810535,-0.2963988596425665,0.04039705786151304,23.19492094778339,21.76999988555908,20.34507882333477,1.8248920949360623,65.99987974962703,55.172277343442694,118107.0,22.144270054115186,-51.4851638469377,29.525970089274562,0.019732119801322962
2022-08-01,21.899999618530273,22.100000381469727,21.0,21.950000762939453,1836,0,21.83499994277954,22.314999961853026,21.768378587241088,22.610514938936685,24.7005832416298,50.27248045992189,-0.210865150306212,-0.2792921177752956,0.06842696746908361,23.165075108835364,21.83499994277954,20.504924776723715,1.7731141154027525,72.53862836796826,66.95245891355586,119943.0,-12.387329658125424,-48.5148361530623,29.520101587014626,0.018512272215507972
2022-08-02,20.899999618530273,21.950000762939453,20.899999618530273,21.149999618530273,5594,0,21.82249994277954,22.263999938964844,21.70948535212577,22.55323982833251,24.665254051350203,45.75952853964038,-0.23691641038213973,-0.27081697629666446,0.03390056591452473,23.173231218712477,21.82249994277954,20.471768666846604,1.7214631889032115,56.445617317037595,64.99470847821085,114349.0,-69.27576910144013,-58.13954519929135,29.501479066571683,-0.04385081538320379
2022-08-03,21.799999237060547,21.799999237060547,20.100000381469727,21.649999618530273,11205,0,21.804999923706056,22.20299991607666,21.703820044164296,22.517818643634385,24.635251519680352,48.850103162990116,-0.214740999782002,-0.259601780993732,0.04486078121172998,23.155148062031287,21.804999923706056,20.454851785380825,1.7199300222380407,51.89330518062931,60.29251695521162,125554.0,-86.18981823560934,-46.51163615943308,29.463750734631965,0.04430723049684787
2022-08-04,22.200000762939453,22.200000762939453,20.700000762939453,20.799999237060547,1936,0,21.779999923706054,22.10899990081787,21.617741872059177,22.45045317670992,24.59708980542543,44.23563317067735,-0.26272620994435414,-0.2602266667838564,-0.002499543160497719,23.18406549651692,21.779999923706054,20.37593435089519,1.7042207349353233,35.813472792219834,48.050798429962136,123618.0,-71.8462593238981,-59.154953036231035,29.457305834465256,0.033550215040279475
2022-08-05,22.0,22.0,19.149999618530273,21.399999618530273,7099,0,21.744999885559082,22.051999893188476,21.597004514580235,22.409258919526405,24.565277962769756,47.97168739733115,-0.2494641508951183,-0.2580741636061088,0.008610012710990489,23.15031127804987,21.744999885559082,20.339688493068294,1.7860621382592092,51.375853585510356,46.36087718611972,130717.0,-115.1331197566988,-40.0,29.432662005105886,0.05693464992041019
2022-08-08,22.25,23.5,19.299999237060547,21.25,32973,0,21.669999885559083,22.001999893188476,21.563956465572595,22.36379778542733,24.532290122344186,47.12172274147367,-0.24819653401969433,-0.2560986376888259,0.007902103669131577,23.011417061981003,21.669999885559083,20.328582709137162,1.9584863257363696,49.01543222282542,45.401586200185086,97744.0,-43.2229639182452,-51.724133395128504,29.32658548363748,0.00836070685108467
2022-08-10,21.75,22.25,20.399999618530273,22.200000762939453,13698,0,21.604999923706053,21.970999908447265,21.624532112940866,22.357374372780747,24.509083263046627,52.822912316709505,-0.16859139972019577,-0.2385971900950999,0.07000579037490412,22.686156787103112,21.604999923706053,20.523843060308995,1.9507373297173236,64.05376447220011,54.815016760178516,111442.0,4.830945040207396,-29.885037311682225,29.284778199989287,0.06806582817725372
2022-08-11,24.299999237060547,24.399999618530273,21.149999618530273,21.549999237060547,17935,0,21.564999866485596,21.94999988555908,21.617433743809407,22.325712602752503,24.47963964089751,48.93527847296389,-0.15615340881810624,-0.22210843383970116,0.06595502502159492,22.59071913785189,21.564999866485596,20.5392805951193,2.043541806166086,54.701702580461664,55.923633091828954,93507.0,146.72682236376525,-54.285721551804315,29.23600722340014,0.005733756551257594
2022-08-12,20.899999618530273,23.450000762939453,20.700000762939453,22.0,5287,0,21.52499990463257,21.930999870300294,21.653868625351368,22.312939559507306,24.4549666096448,51.59152263204765,-0.10873152136610642,-0.1994330513449822,0.09070152997887579,22.407326584511782,21.52499990463257,20.642673224753356,2.0940031057256516,56.7049875627726,58.48681820514469,98794.0,98.09535763974088,-45.714278448195685,29.221104425704016,-0.017598918014471297
2022-08-16,22.950000762939453,24.200000762939453,22.049999237060547,24.100000381469727,29829,0,21.63499994277954,21.959999885559082,21.886833554505497,22.38302037605485,24.451434607374402,61.62380493354925,0.0971828826678447,-0.1401098645424168,0.2372927472102615,23.059114007914463,21.63499994277954,20.210885877644618,2.101574366955209,64.7058874861359,58.70419254312328,128623.0,309.267011619818,-5.714271182105655,29.154359774165417,0.13754419950392638
2022-08-17,26.399999618530273,26.399999618530273,22.200000762939453,22.649999618530273,11233,0,21.689999961853026,21.946999893188476,21.95951603679357,22.393490150269574,24.433509881117246,53.395399168590174,0.1417347579281305,-0.08374094004830734,0.22547569797643785,23.180167974690274,21.689999961853026,20.199831949015778,2.2514618304291814,61.96779467007067,61.126223239659616,117390.0,269.27254993428846,-51.724137931034484,29.130924420942105,0.10389172961418522
2022-08-18,22.649999618530273,24.899999618530273,21.649999618530273,24.850000381469727,67030,0,21.844999980926513,21.97799991607666,22.234800260096062,22.489823884826443,24.437654065200356,61.74230121937227,0.35052349874628064,0.003111947710610255,0.3474115510356704,23.87500027952556,21.844999980926513,19.814999682327468,2.3227859853985255,68.1415626425134,64.93841493290655,184420.0,205.8747770668385,-21.379299821524786,28.996459720907843,0.32459176892463043
2022-08-19,25.899999618530273,27.299999237060547,25.899999618530273,27.299999237060547,267595,0,22.144999980926514,22.080999908447264,22.71720016266411,22.678458212365037,24.466135111686526,68.50686957656877,0.7055513554031165,0.14359982924911152,0.561951526154005,25.251911538572404,22.144999980926514,19.038088423280623,2.3318726189836894,70.10234182304418,66.73723304520932,452015.0,321.59505011000726,-0.0,28.798567396263756,0.6833709162210391
2022-08-22,28.649999618530273,28.649999618530273,26.149999618530273,27.049999237060547,126867,0,22.39749994277954,22.156999893188477,23.129847693559007,22.849891193725647,24.491845202486267,67.20112980809606,0.9557235923233947,0.3060245818639682,0.6496990104594265,26.16651480686964,22.39749994277954,18.62848507868944,2.343881717627712,83.3166257208074,73.85351006212156,325148.0,245.34393000194993,-16.8421092786287,28.735579376206204,0.4916886598734314
2022-08-23,27.049999237060547,27.049999237060547,25.700000762939453,25.950000762939453,31246,0,22.625,22.18799991607666,23.39843370016667,22.97146411800854,24.50635421303804,61.634608125167524,1.0530868786720866,0.4554370412255919,0.5976498374464947,26.665235015152266,22.625,18.584764984847734,2.2728900573772393,79.52381315685454,77.64759356690193,293902.0,153.28316391952492,-28.42104058516653,28.710220498880386,0.4541432311457227
2022-08-24,26.950000762939453,26.950000762939453,25.0,26.299999237060547,18831,0,22.92249994277954,22.24999988555908,23.674773275108944,23.10199490699097,24.52420142720742,62.693497564602886,1.1452877718532655,0.5934071873511266,0.5518805845021388,27.12196102004454,22.92249994277954,18.723038865514543,2.2498265363459686,68.33333514985584,77.05792467583916,312733.0,123.02318467713525,-24.736846120733965,28.694273610711765,0.4682845795011695
2022-08-25,26.0,26.0,25.0,25.0,8638,0,23.104999923706053,22.30899990081787,23.800985344146188,23.176426479265835,24.52893574136456,56.46023669863281,1.100769583533367,0.6948796665875747,0.40588991694579235,27.33239849620874,23.104999923706053,18.877601351203367,2.181981729254153,42.61905125209264,63.49206651960091,304095.0,82.87796397090861,-38.42104861610814,28.68494047773011,0.44559174126851925
2022-08-26,25.0,25.549999237060547,23.850000381469727,24.950000762939453,23568,0,23.292499923706053,22.388999900817872,23.91041538403126,23.24597841195892,24.53312544307177,56.2286808993082,1.0493577352148478,0.7657752803130293,0.28358245490181844,27.497886344672374,23.292499923706053,19.087113502739733,2.1475543811353437,29.781748078488164,46.91137816014545,280527.0,56.04388094427104,-38.947356374640215,28.65560172644953,0.4496292686065071
2022-08-29,25.450000762939453,25.450000762939453,23.75,24.299999237060547,9521,0,23.40999984741211,22.46499988555908,23.947518608129286,23.287312561962906,24.530805779330365,53.175448837334336,0.9452673307901698,0.8016736904084574,0.1435936403817124,27.590023794151413,23.40999984741211,19.229975900672805,2.115586265549923,13.19444188565833,28.531747072079614,271006.0,40.92499880301044,-46.52406635288233,28.643016108062337,0.4381998525454618
2022-08-30,24.0,25.5,23.100000381469727,24.799999237060547,23891,0,23.559999847412108,22.530999870300292,24.02870723945607,23.346633608045167,24.533484321198326,55.19106064868278,0.8928287822433099,0.8199047087754279,0.07292407346788199,27.713383945095863,23.559999847412108,19.406615749728353,2.1359015050485195,27.91304523760441,23.62974506725021,294897.0,35.51228364686745,-46.66667129054214,28.61151678300859,0.4381292500035451
2022-09-01,25.950000762939453,25.950000762939453,23.799999237060547,24.0,14486,0,23.662499809265135,22.581999855041502,24.02597321665073,23.372255819494377,24.52817601949486,51.380116304016376,0.7777521594026986,0.811474198900882,-0.03372203949818342,27.75259456496799,23.662499809265135,19.57240505356228,2.1369086493935474,30.618977047719806,23.90882139032742,280411.0,35.48977788179706,-58.49056965914116,28.593179025806158,0.41250192688814624
2022-09-02,24.450000762939453,25.149999618530273,24.0,24.850000381469727,15344,0,23.84749984741211,22.6289998626709,24.10445199425254,23.430206586630664,24.531378251952322,54.94025431097342,0.746535437927978,0.7984864467063012,-0.05195100877832315,27.798635777025062,23.84749984741211,19.896363917799157,2.0664151471890277,45.531261431925344,34.687761239083095,295755.0,34.0546918934054,-47.7987394223108,28.574336248273273,0.42096392977975605
2022-09-05,25.850000381469727,25.850000381469727,23.75,24.450000762939453,11071,0,23.987499904632568,22.656999893188477,24.13736140079415,23.470198515113363,24.53056852569349,52.974431533613206,0.6816615647766753,0.775121470320376,-0.09345990554370076,27.813708875617674,23.987499904632568,20.16129093364746,2.068814092494792,46.602134112418014,40.91745753068763,284684.0,29.577861589062966,-59.99998365129743,28.560910249862783,0.40353817231300204
2022-09-06,25.0,25.649999618530273,24.149999618530273,25.600000381469727,27444,0,24.227499961853027,22.726999893188477,24.27666035133468,23.55372015693126,24.541209638686286,57.66451954752655,0.7148040945291889,0.7630579951621386,-0.04825390063294965,27.818805356300704,24.227499961853027,20.63619456740535,2.0281845144594497,65.49707171830674,52.543489087549936,312128.0,43.959884579430735,-43.57141767229352,28.53184099448462,0.4258000351858011
2022-09-07,25.600000381469727,25.600000381469727,24.75,25.149999618530273,627,0,24.414999961853027,22.771999893188475,24.359835519639024,23.61631935150377,24.547267250426028,55.338699424132066,0.696727051627537,0.7497918064552183,-0.05306475482768125,27.780724092141316,24.414999961853027,21.04927583156474,1.9440285049601838,66.24134627671229,59.44685070247891,311501.0,40.6525834007074,-49.99999999999999,28.531189080589524,0.4239627276984866
2022-09-08,25.100000381469727,26.0,24.25,24.850000381469727,7963,0,24.594999980926513,22.83299991607666,24.406517887432425,23.664698999737727,24.550279520386663,53.78133375159996,0.6506926537866278,0.7299719759215002,-0.07927932213487243,27.63356856087444,24.594999980926513,21.556431400978585,1.9301693260344563,66.74817219197318,66.1621967289973,303538.0,27.4823478491763,-68.46846413393645,28.52260435271418,0.43824466307479965
2022-09-09,24.25,25.600000381469727,24.25,24.299999237060547,5780,0,24.69999990463257,22.861999893188475,24.396373254063676,23.689612734534702,24.547789169308793,50.95035264996126,0.5633357818069875,0.6966447370985976,-0.13330895529161013,27.53883768021565,24.69999990463257,21.86116212904949,1.8887286871369755,45.65654686915699,59.548688445947384,297758.0,-2.1202554148567314,-78.37839602611591,28.515836288429792,0.41775349605144874
2022-09-12,24.299999237060547,25.25,23.600000381469727,23.950000762939453,7217,0,24.819999980926514,22.905999908447267,24.35386158824232,23.699824029766262,24.541841025961833,49.17637101390076,0.4605539009037969,0.6494265698596375,-0.18887266895584065,27.295762236112324,24.819999980926514,22.344237725740705,1.8716766108079255,29.305555974996622,47.236758345375485,290541.0,-45.713882637149474,-78.4809967661981,28.506422326372295,0.4371551770950708
2022-09-13,24.5,24.5,23.149999618530273,23.649999618530273,4358,0,24.902499961853028,22.95299991607666,24.28682711493641,23.697870131286418,24.532966982106792,47.645067374429374,0.35084659350935254,0.5897105745895805,-0.238863981080228,27.09007257731236,24.902499961853028,22.714927346393697,1.8344140229980541,18.857206460928495,31.273103101693923,286183.0,-100.60714072020787,-85.71430694636487,28.500089839602122,0.43654419179776743
2022-09-14,23.0,24.799999237060547,22.5,24.799999237060547,7303,0,24.937499904632567,23.04399990081787,24.335700650376804,23.74109088053246,24.535624019469516,53.60857792320978,0.35263318442484604,0.5422950965566337,-0.18966191213178762,27.09478387489319,24.937499904632567,22.780215934371945,1.8676701097168036,32.61382425425894,26.925528896727908,293486.0,-82.51346197814884,-34.285736083984375,28.490111610597452,0.4221711202437409
2022-09-15,24.850000381469727,26.0,24.100000381469727,25.899999618530273,63145,0,25.09999990463257,23.14899990081787,24.48468150448666,23.825753968297082,24.549199896077084,58.48025895724851,0.43776364153371716,0.5213888055520504,-0.0836251640183332,27.020155824450033,25.09999990463257,23.179843984815104,1.869979360346337,60.13365582021078,37.201562178465956,356631.0,27.93384026187279,-2.8571537562779015,28.430293265707803,0.48067881043815713
2022-09-16,27.100000381469727,27.100000381469727,25.0,25.950000762939453,31542,0,25.154999923706054,23.239999923706055,24.624235719577403,23.90905776416541,24.563138213160293,58.69260334022199,0.5034612289475682,0.5178032902311539,-0.014342061283585728,27.106127568819474,25.154999923706054,23.203872278592634,1.886409433283722,79.28570684192069,57.34439563879669,388173.0,81.57693468021874,-24.99998963397568,28.40766146372615,0.40860837447193704
2022-09-19,27.0,27.0,25.5,25.649999618530273,14209,0,25.07249994277954,23.31299991607666,24.721927519477678,23.977329993748345,24.573952754507257,56.81511318794538,0.5252645325930452,0.5192955387035322,0.005968993889512997,26.777925000890068,25.07249994277954,23.367074884669012,1.858808759477742,80.20703450257122,73.20879905490078,373964.0,94.23908315890704,-31.52175310203278,28.39774460147195,0.021396856004645533
2022-09-20,25.200000762939453,26.350000381469727,24.5,24.700000762939453,7352,0,24.955000019073488,23.380999946594237,24.719839256950227,24.005670023912703,24.575206963546382,51.22685060056577,0.4605775879081193,0.5075519485444496,-0.046974360636330315,26.4037581550532,24.955000019073488,23.506241883093775,1.8581795896200268,63.768118946673724,74.42028676372176,366612.0,21.821861061941075,-52.173900423970395,28.390764013188015,0.1182909583501105
2022-09-21,24.700000762939453,25.899999618530273,24.5,25.600000381469727,10361,0,24.9375,23.450999946594237,24.803664125952086,24.068192783032586,24.585403912978457,55.674871868335366,0.47644302716413023,0.5013301642683857,-0.024887137104255497,26.34564591976007,24.9375,23.52935408023993,1.8254524488279016,55.43478215799896,66.46997853574786,376973.0,49.23746575966608,-32.60869294799365,28.38143541650901,0.2080539288939571
2022-09-22,25.700000762939453,25.899999618530273,24.649999618530273,24.75,1040,0,24.86000003814697,23.49099994659424,24.798553256813793,24.094930320952876,24.58704168498862,50.94898749644881,0.41563736621140634,0.48419160465698985,-0.0685542384455835,26.12277490754786,24.86000003814697,23.597225168746082,1.7843487024830513,35.81382759355122,51.672242899407856,375933.0,27.848061099167747,-51.08696057800952,28.38043074919989,0.19635655604763605
2022-09-23,25.649999618530273,25.700000762939453,24.149999618530273,24.299999237060547,3381,0,24.825,23.50699993133545,24.7510719215992,24.102972239231608,24.58418554122814,48.59711813712187,0.3273634984360534,0.45282598341280256,-0.12546248497674917,26.108939461847193,24.825,23.541060538152806,1.7676095911920606,21.62617566999717,37.624928473849,372552.0,-23.916311193144306,-60.869585048046524,28.376787694693718,0.22033293531364195
2022-09-26,23.5,24.600000381469727,23.100000381469727,23.25,2461,0,24.739999961853027,23.524999923706055,24.608112690970703,24.069522347497035,24.57091006320597,43.546012555039994,0.1707117996620866,0.39640314666265936,-0.22569134700057275,26.193478712162612,24.739999961853027,23.28652121154344,1.7484946203926277,6.497966629282028,21.312656630943362,370091.0,-156.94160905977338,-83.69565352600317,28.373369030443158,0.20450391066936505
2022-09-27,23.25,24.25,22.350000381469727,24.0,2836,0,24.725,23.548999938964844,24.550197196592542,24.066795980928525,24.565229366059643,47.725497830159405,0.10586261344701953,0.33829504001953137,-0.23243242657251184,26.202328786466875,24.725,23.247671213533128,1.759316405973888,18.785796388641433,15.636646229306768,372927.0,-152.739213960074,-65.26316592567845,28.369338411633624,0.23054237717889026
2022-09-28,25.0,25.0,23.0,23.350000381469727,3834,0,24.652500057220458,23.577999954223632,24.435892738009418,24.0386863495772,24.553137535367206,44.64090603271638,0.001996613498931765,0.27103535471541146,-0.2690387412164797,26.24575935488427,24.652500057220458,23.059240759556644,1.7765080912614675,26.421088499646345,17.234950505856492,369093.0,-111.35422965658768,-78.94736842105263,28.364181200486197,0.19818437686834262
2022-09-29,24.450000762939453,24.450000762939453,22.549999237060547,23.100000381469727,3172,0,24.607500076293945,23.608999977111818,24.308664894529446,24.001875135141614,24.538678459209024,43.47699876689248,-0.0993456555601,0.19695915266030917,-0.29630480822040917,26.318428181202165,24.607500076293945,22.896571971385725,1.785329050876999,32.34531659107133,25.850733826452927,365921.0,-137.6050315642831,-84.21052631578948,28.359535923165595,0.2532859360734759
2022-09-30,23.600000381469727,24.25,22.549999237060547,23.399999618530273,3169,0,24.535000038146972,23.641999969482423,24.222125344434286,23.978272173705875,24.527348321490827,45.3193969611437,-0.15368116191707415,0.12683108974483248,-0.28051225166190663,26.31996506568607,24.535000038146972,22.750035010607874,1.7792341731671741,30.059898571162307,29.608767887293222,369090.0,-113.82117130537401,-77.89475290398849,28.354934580143627,0.23379267689506125
2022-10-03,23.899999618530273,23.899999618530273,22.299999237060547,22.649999618530273,4140,0,24.444999980926514,23.668999977111817,24.07239908482438,23.926183053895066,24.508668234894206,41.66314487737135,-0.25432942288715665,0.05059898721843464,-0.3049284101055913,26.410426257684897,24.444999980926514,22.479573704168132,1.7664317594744994,24.991216334542163,29.132143832258492,364950.0,-131.55336416919988,-92.70832712451764,28.348391442566253,0.24790301983841387
2022-10-04,23.350000381469727,23.399999618530273,23.0,23.299999237060547,1083,0,24.329999923706055,23.69499996185303,23.99883719456116,23.901626825783907,24.49664167770183,45.74824164931791,-0.2784347355833887,-0.015207757341930028,-0.2632269782414587,26.28074351330697,24.329999923706055,22.37925633410514,1.6938294909406066,29.874206140991728,28.308440348898625,366033.0,-95.86668681843985,-79.1666716337192,28.34677210728741,0.14768320941421295
2022-10-06,23.799999237060547,24.450000762939453,22.649999618530273,24.399999618530273,7336,0,24.292499923706053,23.754999961853027,24.037043139701073,23.921170856872,24.49568006517276,51.8883245449132,-0.20639830073432108,-0.05344586602040824,-0.15295243471391284,26.207252034012317,24.292499923706053,22.37774781339979,1.701413180474076,49.22478900894828,34.69673716149395,373369.0,-43.23371333707412,-56.250002483526266,28.33711395015547,0.17885208235981678
2022-10-07,25.549999237060547,25.549999237060547,23.200000762939453,23.350000381469727,26196,0,24.217499923706054,23.814999961853026,23.97161049605999,23.89877201469936,24.48428026732497,46.480617725911316,-0.23136800401427848,-0.0890302936191823,-0.14233771039509618,26.156385007785,24.217499923706054,22.278614839627107,1.747740701448863,55.673040372868506,44.92401184093606,347173.0,-23.679401934179236,-77.65955374542338,28.304477226040934,0.06637706882147532
2022-10-10,23.399999618530273,24.0,23.0,23.450000762939453,6869,0,24.175,23.856999969482423,23.92193337861994,23.881173142081327,24.473988928972876,47.046641092629635,-0.24031725103644064,-0.11928768510263396,-0.12102956593380668,26.14185031464471,24.175,22.20814968535529,1.6943306513453729,55.12225229395429,53.34002722525691,354042.0,-64.38124167884057,-71.60490861918831,28.294909640864624,0.08814293278220481
2022-10-11,23.799999237060547,25.75,22.899999618530273,24.950000762939453,27901,0,24.225,23.931999969482423,24.01984455807894,23.92308795074243,24.478725365131748,54.7733108391297,-0.12493199156905987,-0.12041654639591914,-0.004515445173140731,26.217109551554294,24.225,22.23289044844571,1.7768784892113982,47.295322009556,52.69687155879282,381943.0,21.8579348169698,-26.388854303481388,28.264830761560575,0.15102658534114888
2022-10-12,25.5,26.950000762939453,23.399999618530273,23.75,13225,0,24.230000019073486,23.967999954223632,23.994145076357135,23.91630018796822,24.47147436647372,48.65663013576748,-0.1288332651944124,-0.1220998901556178,-0.006733375038794606,26.21680659669831,24.230000019073486,22.243193441448664,1.9035301074398112,45.053211973445315,49.15692875898509,368718.0,31.642125774642984,-68.81719812628694,28.25137018601357,0.10602003179723844
2022-10-13,24.75,24.75,23.5,23.549999237060547,2169,0,24.167500019073486,24.002999954223633,23.951845472614604,23.90193544479537,24.46230545971339,47.70052685860089,-0.1463761100619294,-0.12695513413688012,-0.019420975925049294,26.157292914804025,24.167500019073486,22.177707123342948,1.8568493854798247,38.60811411585711,43.6522160329527,366549.0,-30.518838740925947,-73.11828839101864,28.248697757465848,0.06883483674472378
2022-10-14,22.299999237060547,24.899999618530273,22.299999237060547,23.350000381469727,16845,0,24.04000005722046,24.03099994659424,23.894526892505567,23.88029093250809,24.451237747492062,46.71203720198922,-0.1744067250330481,-0.1364454523161137,-0.03796127271693439,25.891378183342187,24.04000005722046,22.188621931098734,1.9099315994791033,21.403809512135933,35.02171186714601,349704.0,-59.19202033267897,-77.41933763751364,28.226061930691802,-0.23018266267348797
2022-10-17,22.649999618530273,24.450000762939453,22.25,23.100000381469727,1908,0,23.897500038146973,24.06999996185303,23.818857700978345,23.849691303055604,24.43779259957144,45.44431045622932,-0.21432351197585575,-0.1520210642480621,-0.06230244772779364,25.568869322013203,23.897500038146973,22.226130754280742,1.9306508254405568,18.905047562700524,26.30565706356441,347796.0,-76.83825358839898,-81.91488843635584,28.223376279866084,-0.2568361640474403
2022-10-18,23.200000762939453,24.700000762939453,22.5,22.799999237060547,4638,0,23.755000019073485,24.092999954223632,23.721823561557603,23.8085269083107,24.421496148203175,43.90447875508794,-0.2670866299383228,-0.17503417738611424,-0.09205245255220854,25.284346581215672,23.755000019073485,22.225653456931298,1.9498901066904781,17.455961151125354,19.254939408653826,343158.0,-67.97421433218365,-88.29789047275455,28.216947706643612,-0.21990926007191666
2022-10-19,23.850000381469727,23.850000381469727,22.799999237060547,23.700000762939453,723,0,23.705000019073488,24.150999984741212,23.719745199784445,23.80427098104124,24.414317089643337,49.43939459257189,-0.23358653932668716,-0.18674464977422883,-0.04684188955245833,25.171594922102056,23.705000019073488,22.23840511604492,1.8856123236703852,28.16807962989797,21.509696114574506,343881.0,-50.80253862867612,-69.14892494543766,28.215971007382556,-0.18626333630263983
2022-10-20,23.799999237060547,26.049999237060547,23.700000762939453,24.950000762939453,24762,0,23.67250003814697,24.222000007629394,23.836912396275398,23.84920156072352,24.41964727544728,55.941630278611484,-0.10496297500900198,-0.17038831482118347,0.06542533981218149,24.99101272686018,23.67250003814697,22.353987349433762,1.918782762988293,45.82393108261548,30.48265728787949,368643.0,140.04499660978786,-42.55318458180779,28.192864107656316,-0.1967754419109593
2022-10-21,27.0,27.0,22.649999618530273,25.25,27974,0,23.697500038146973,24.302000007629395,23.971492168058692,23.904134832852012,24.42790949161198,57.358966811283366,0.0209381951479628,-0.13212301282735422,0.15306120797531703,25.112235243995723,23.697500038146973,22.282764832298223,2.0924411643083953,62.97585948581437,45.65595673277583,396617.0,152.17389214963856,-36.8421052631579,28.167664991772792,-0.1337291364895325
2022-10-24,25.25,27.5,25.25,26.200000762939453,11104,0,23.79250011444092,24.382000007629394,24.18373108185686,23.99416879089466,24.445542240580412,61.574500525738785,0.1951236378114345,-0.06667368269959648,0.261797320511031,25.565992872605978,23.79250011444092,22.01900735627586,2.103695366857796,69.40352530580932,59.401105291412954,407721.0,266.64821655326335,-24.761890229724703,28.16194387536207,-0.12316414226992177
2022-10-25,26.5,26.950000762939453,24.200000762939453,24.549999237060547,6305,0,23.857500076293945,24.442000007629396,24.21861376330483,24.01596606329332,24.44658161367972,51.96537272121733,0.19774602942567654,-0.013789740274541863,0.2115357697002184,25.64195413634164,23.857500076293945,22.073046016246252,2.1498599835108103,58.77771892698752,63.7190345728703,401416.0,122.69032496678687,-56.19049072265625,28.156813129360117,-0.13467270641635384
2022-10-27,23.649999618530273,26.399999618530273,23.649999618530273,25.799999237060547,6958,0,23.947500038146973,24.517999992370605,24.369221903662517,24.085928148539093,24.460048455703408,57.390388404208615,0.29726219346047245,0.048420646472461006,0.24884154698801145,25.922968507181853,23.947500038146973,21.972031569112094,2.1927271275457523,59.37456755952905,62.51860393077519,408374.0,108.74699334409833,-32.38096691313244,28.15126830693382,-0.12275515459459332
2022-10-28,27.5,27.5,24.649999618530273,25.5,13840,0,24.055000019073486,24.54599998474121,24.476915055694658,24.141381946635597,24.470396232263575,55.7626493162104,0.3479115316315031,0.10831882350426943,0.2395927081272337,26.12064779808107,24.055000019073486,21.9893522400659,2.2396752171117504,54.295525753727134,57.48260408008113,394534.0,135.60332976211228,-38.095238095238095,28.14259673213898,-0.1316187851581327
2022-10-31,24.5,25.450000762939453,24.350000381469727,24.5,5724,0,24.125,24.582999992370606,24.479113621818975,24.15544539970871,24.470690797116674,50.609828642046594,0.30385717798622736,0.14742649440066102,0.15643068358556633,26.150956784494753,24.125,22.099043215505247,2.161841245784502,48.59642009150942,54.08883780158843,388810.0,41.30386796420756,-57.142857142857146,28.137266599146127,-0.14332291239858522
2022-11-01,24.950000762939453,26.5,23.649999618530273,24.700000762939453,25310,0,24.19000005722046,24.58,24.50015049240188,24.17680051199227,24.47297248831889,51.573656867093185,0.2818333757010656,0.17430787066074194,0.10752550504032365,26.20211360464655,24.19000005722046,22.17788650979437,2.2109954697620178,36.03785797847834,46.309934607904864,414120.0,50.23569561204759,-53.333318801153276,28.11516955742482,-0.15816141238699197
2022-11-02,24.75,25.5,24.700000762939453,25.299999237060547,4192,0,24.322500038146973,24.54,24.576326563321754,24.220847520818477,24.48120161019692,54.445704377963345,0.309229609730032,0.20129221847459994,0.10793739125543206,26.259114432797983,24.322500038146973,22.385885643495964,2.1102100245690556,30.735937598825043,38.456738556270835,418312.0,61.632949707765455,-41.904776436941965,28.11178775644289,-0.13930271614235037
2022-11-03,25.649999618530273,25.649999618530273,23.600000381469727,24.149999618530273,6388,0,24.36500005722046,24.482000007629395,24.535723997151138,24.218069171709136,24.47790606799128,48.50754957726671,0.2354320501864393,0.2081201848169678,0.0273118653694715,26.24651540618626,24.36500005722046,22.48348470825466,2.1059092540327335,28.077476305739935,31.617090627681005,411924.0,-3.167629502300637,-63.80953107561384,28.105427952873058,-0.15079677593770546
2022-11-04,24.149999618530273,24.950000762939453,24.0,24.950000762939453,6776,0,24.392500114440917,24.462000007629396,24.575178927226215,24.246772371365225,24.482603527642507,52.3970958160462,0.23874821818707304,0.21424579149098885,0.024502426696084184,26.29125633025311,24.392500114440917,22.493743898628725,2.023344361811785,34.50380601246067,31.10573997234178,418700.0,9.001379706785023,-48.571414039248516,28.099013956776062,-0.1517845768354515
2022-11-07,25.5,25.5,24.149999618530273,24.950000762939453,13199,0,24.472500133514405,24.435000038146974,24.61087624491319,24.274349955348526,24.48725424640168,52.3970958160462,0.23862557809426832,0.21912174881164476,0.019503829282623564,26.323033951320507,24.472500133514405,22.621966315708303,1.9752483632159235,35.73534425016476,32.772208856121686,418700.0,28.374109073977685,-50.99998474121094,28.08742450507415,-0.0489523860494793
2022-11-09,24.899999618530273,24.899999618530273,24.299999237060547,24.350000381469727,7783,0,24.517500114440917,24.422000045776368,24.58603092458524,24.27731663872583,24.485888536302856,49.16669312418684,0.18794683445024774,0.21288676593936534,-0.024939931489117606,26.309224329546602,24.517500114440917,22.725775899335233,1.880587874834708,43.229622100183065,37.82292412093606,410917.0,-12.931660611292367,-64.94844063446669,28.07989105186257,-0.07422057240090563
2022-11-10,24.350000381469727,24.450000762939453,23.850000381469727,24.100000381469727,3830,0,24.47500009536743,24.405000038146973,24.53974230143138,24.270363060009903,24.482048853170188,47.84313730006685,0.12615640185792643,0.19554069312307756,-0.06938429126515114,26.2639943658241,24.47500009536743,22.68600582491076,1.7891173395943523,35.84245862155512,38.26914165730088,407087.0,-50.908720130113316,-70.10307940429377,28.075797944302888,-0.14621654838561365
2022-11-11,24.600000381469727,24.600000381469727,23.649999618530273,24.5,1280,0,24.512500095367432,24.409000053405762,24.53595732034268,24.279368430205594,24.482227471546604,50.1551784605065,0.10821621595629338,0.17807579768972073,-0.06985958173342735,26.270304257131922,24.512500095367432,22.754695933602942,1.7291804412618597,35.640529847003755,38.23753685624721,408367.0,-35.268821336823514,-61.85566523792501,28.074472329108943,-0.09467347061451623
2022-11-14,24.5,24.5,23.5,23.549999237060547,3672,0,24.512500095367432,24.38400005340576,24.442056550506283,24.250765716748926,24.472951568715896,45.04770802913256,0.01714374487629655,0.1458893871270359,-0.12874564225073934,26.270304257131922,24.512500095367432,22.754695933602942,1.6770961240288698,24.278723974853616,31.920570814470732,404695.0,-75.592596277047,-98.75001907348633,28.070277356142064,-0.10071364808364919
2022-11-15,23.549999237060547,24.200000762939453,22.950000762939453,24.0,8270,0,24.545000076293945,24.38400005340576,24.39995592664854,24.2409317670725,24.46824558295753,47.761370538090844,-0.018507204309457848,0.11301006883973713,-0.13151727314919498,26.23848778769412,24.545000076293945,22.85151236489377,1.6465892580268076,34.09735508900024,31.338869636952438,412965.0,-91.83713519395134,-76.92308982146376,28.06056244453285,-0.057388507717257196
2022-11-16,24.399999618530273,24.399999618530273,23.049999237060547,23.100000381469727,2420,0,24.545000076293945,24.34900005340576,24.27615063663151,24.19618935979396,24.454631202843224,43.169775550828064,-0.11802279270744265,0.06680349653030118,-0.18482628923774383,26.23848778769412,24.545000076293945,22.85151236489377,1.6254043382727303,21.812332082802516,26.729470382218693,410545.0,-116.49798529919343,-96.70330453446014,28.05759731231867,-0.06699011053916054
2022-11-17,23.799999237060547,23.799999237060547,22.700000762939453,22.850000381469727,5118,0,24.547500133514404,24.317000045776368,24.140326802806577,24.143397635153793,24.43866472700866,41.96297518987414,-0.21458887714794272,0.010525021794652402,-0.22511389894259512,26.23079298825619,24.547500133514404,22.864207278772618,1.587875347976185,23.610584248394,26.50675714006549,405427.0,-155.01240393970176,-96.87500745058178,28.05078788801047,-0.06869746941858149
2022-11-18,22.850000381469727,23.799999237060547,22.799999237060547,23.25,3805,0,24.52500009536743,24.27000003814697,24.055533773967856,24.108362433775213,24.426837217287183,44.630043123438774,-0.25589180704451664,-0.042758343973181415,-0.21313346307133524,26.264109094431976,24.52500009536743,22.785891096302887,1.5458842516921718,15.847044181413631,20.423320170869953,409232.0,-134.77648970413497,-85.52633296089834,28.045908134493363,-0.07232842652310033
2022-11-21,23.25,23.299999237060547,22.5,23.149999618530273,4594,0,24.435000038146974,24.230000038146972,23.969292425830943,24.07077957827541,24.41413236555826,44.084608518124035,-0.29331274486369807,-0.09286922415128475,-0.20044352071241334,26.260951904489968,24.435000038146974,22.60904817180398,1.4926067506470557,24.220252525984577,21.225960318597306,404638.0,-141.17832881945338,-83.75000953674316,28.039659534498842,-0.07332543180288892
2022-11-22,24.0,24.0,22.350000381469727,23.799999237060547,3067,0,24.3625,24.209000015258788,23.95316926499567,24.060160741365024,24.408021588160274,48.49110795302288,-0.26743672663570095,-0.12778272464816798,-0.13965400198753297,26.168289415183374,24.3625,22.556710584816628,1.5038490983529997,45.16590568142782,28.41106746294191,407705.0,-91.66574823528605,-56.06063058116348,28.03582582045524,-0.10792020725081035
2022-11-23,25.5,25.5,22.5,22.700000762939453,4829,0,24.1875,24.177000045776367,23.833819883847458,24.006821134367943,24.391026356068526,42.40128052652862,-0.33186494702358615,-0.16859916912325162,-0.16326577790033453,25.9241272898562,24.1875,22.4508727101438,1.610717019899214,38.684438496655964,36.023532234689355,402876.0,-67.93951304556639,-89.3939253821923,28.03003976086274,-0.1307438008673567
2022-11-24,22.549999237060547,23.25,22.350000381469727,22.450000762939453,2290,0,24.082500076293947,24.147000045776366,23.702027586618122,23.94576935509624,24.371712668574705,41.13681737868861,-0.3985039806947377,-0.21458013143754884,-0.18392384925718885,25.966451771094913,24.082500076293947,22.19854838149298,1.5599514912300039,28.339139350723517,37.396494509602334,400586.0,-134.4787766715837,-96.82538433079606,28.026759146845198,-0.1127899773921689
2022-11-25,22.450000762939453,23.149999618530273,22.450000762939453,22.799999237060547,5608,0,23.932500076293945,24.130000038146974,23.616120124755497,23.900837193604644,24.35607372895765,43.669504829936216,-0.4182525877072685,-0.25531462269149274,-0.16293796501577573,25.72087223986159,23.932500076293945,22.1441279127263,1.4985263029700622,9.523806640440137,25.51579482927311,406194.0,-111.01056153201003,-85.71432031471862,28.01891723833091,-0.1436552498486864
2022-11-28,23.450000762939453,23.950000762939453,21.200000762939453,23.850000381469727,13392,0,23.85000009536743,24.111000061035156,23.63839443491876,23.898843593128767,24.35103817326125,50.5443382692118,-0.3451979567504573,-0.27329128950328563,-0.07190666724717165,25.48737605884608,23.85000009536743,22.21262413188878,1.5879172813293434,26.362734798114555,21.40856026309264,419586.0,-86.42422472118004,-38.372090960141726,28.000999488710768,-0.007291563106470986
2022-11-29,23.399999618530273,24.149999618530273,23.0,23.950000762939453,1621,0,23.822500133514403,24.07200008392334,23.668071228063585,23.900849756650754,24.347047751268,51.15574285033817,-0.27605030426818544,-0.2738430924562656,-0.0022072118119198514,25.4335479620002,23.822500133514403,22.211452305028605,1.5566374482722671,46.62236281478673,27.502968084447048,421207.0,-13.516452771678535,-36.04650028077951,27.999141715025722,0.03343356535126579
2022-11-30,23.899999618530273,23.950000762939453,22.700000762939453,23.049999237060547,11398,0,23.74000005722046,24.014000053405763,23.60920722892044,23.867483069608,24.334141795902752,45.682003801851764,-0.29052391416821877,-0.27717925679865624,-0.01334465736956253,25.331728712296623,23.74000005722046,22.148271402144296,1.5347347733956767,62.764415256428684,45.2498376231099,409809.0,-57.27117574311197,-56.97677203808665,27.98471097532254,0.05202293592265464
2022-12-01,23.799999237060547,23.799999237060547,22.899999618530273,23.0,1828,0,23.625000095367433,23.961000061035158,23.551187492832778,23.833464125701802,24.32086675315745,45.39142207666201,-0.30254136631503314,-0.28225167870193163,-0.020289687613101515,25.075345114734436,23.625000095367433,22.17465507600043,1.489396548048148,62.560761230081454,57.31584643376553,407981.0,-51.86119350693943,-58.13954519929135,27.982404715089203,0.02148551651288471
2022-12-02,22.399999618530273,23.950000762939453,22.100000381469727,22.649999618530273,8086,0,23.55000009536743,23.920000038146974,23.46536007623254,23.787053752871547,24.30424120952932,43.314380987638735,-0.3364292425437121,-0.2930871914702877,-0.04334205107342437,25.03862394352563,23.55000009536743,22.061376247209232,1.5151539647211176,57.62710220612436,60.98409289754474,399895.0,-87.0225333341414,-66.27909039858271,27.971515814476447,0.018346377943084538
2022-12-05,23.600000381469727,23.950000762939453,22.450000762939453,23.350000381469727,5296,0,23.470000076293946,23.875000038146972,23.45437343863608,23.769914404973434,24.294746275916786,48.39991320724528,-0.3033051047386017,-0.2951307741239505,-0.008174330614651226,24.814024091097725,23.470000076293946,22.125976061490167,1.5140715386696093,57.04836735243182,59.078743596212455,405191.0,-35.92230716406617,-50.0,27.964899723753483,-0.03273409944481997
2022-12-06,23.799999237060547,23.799999237060547,21.75,22.350000381469727,28982,0,23.340000057220458,23.827000045776366,23.349195052239285,23.714231502090936,24.275395570499402,42.52984097372383,-0.3536687562617935,-0.3068383705515191,-0.046830385710274425,24.585632422455095,23.340000057220458,22.09436769198582,1.5523520885546762,45.80029675026977,53.49192210294189,376209.0,-121.1512986817278,-73.25581807971653,27.92432667315137,-0.1423877465962684
2022-12-07,23.100000381469727,23.100000381469727,22.200000762939453,22.799999237060547,7749,0,23.2625,23.797000045776368,23.29689068888893,23.67837925640347,24.260715009967672,45.72015583837106,-0.3531996998153204,-0.31611063640427933,-0.03708906341104107,24.43803179455147,23.2625,22.086968205448528,1.5057554835529332,45.325196366770705,49.391286823157344,383958.0,-106.26297523551614,-62.790726558015784,27.91371832672991,-0.07109391414632646
2022-12-08,23.399999618530273,27.350000381469727,23.299999237060547,25.5,622041,0,23.332499980926514,23.842000045776366,23.50671062328046,23.74981536399549,24.273046203898343,60.0500880492311,-0.1334224613983821,-0.2795730014030999,0.14615054000471778,24.823564997245423,23.332499980926514,21.841434964607604,1.7232016021855223,47.321412601296196,46.148968572778806,1005999.0,300.32145618210046,-30.08130888163924,27.559070582957638,0.06085292416839957
2022-12-09,25.5,26.399999618530273,23.25,23.799999237060547,114427,0,23.29749994277954,23.838000030517577,23.534642872211894,23.75178335901765,24.26833926890493,50.93266943721084,-0.09532442992274781,-0.24272328710702945,0.14739885718428164,24.707987349387192,23.29749994277954,21.88701253617189,1.8251157462101475,50.432876463039854,47.69316181036883,891572.0,160.07190055630136,-57.72359942450791,27.481764405004917,-0.035087598333904346
2022-12-12,23.799999237060547,25.5,22.5,23.25,43366,0,23.282499980926513,23.836000022888182,23.507534027239334,23.732105580232645,24.258206539861103,48.37369939133038,-0.1082638095871502,-0.2158313916030536,0.10756758201590338,24.68830039313539,23.282499980926513,21.876699568717637,1.9090360500522798,43.45237345111665,47.068887505150805,848206.0,56.00096968944726,-66.66667700460027,27.44655305202727,-0.05399839003842317
2022-12-13,25.0,25.0,23.25,23.899999618530273,27298,0,23.277499961853028,23.852000007629396,23.544911702600377,23.738689660165885,24.254642291887663,51.47651821630037,-0.06531590317835878,-0.18572829391811463,0.12041239073975585,24.673735867141843,23.277499961853028,21.881264056564213,1.8976763321914025,32.1341760540191,42.0064753227251,875504.0,93.22625185201737,-56.09757686072726,27.426498336066302,-0.0666623850171395
2022-12-14,24.399999618530273,24.399999618530273,22.850000381469727,23.0,34844,0,23.27249994277954,23.84400001525879,23.49301534997177,23.709721438198596,24.24215828898331,47.242683699529984,-0.10271775914336345,-0.1691261869631644,0.06640842781980094,24.67195509676401,23.27249994277954,21.87304478879507,1.87284225396777,23.368226320716673,32.98492527528404,840660.0,5.539836788669715,-70.7317179071515,27.396503908086494,-0.09161693719021649
2022-12-15,23.5,23.799999237060547,22.799999237060547,23.549999237060547,10892,0,23.307499885559082,23.862000007629394,23.498442386837368,23.70345782246769,24.23527113423781,49.951740665321665,-0.08697605178184631,-0.15269615992690078,0.06572010814505447,24.69792238963434,23.307499885559082,21.917077381483825,1.8104963786843578,23.414008831670994,26.305470402135487,851552.0,-1.0837267924634242,-61.78864032705914,27.387141933435558,-0.08146721175520281
2022-12-16,24.25,24.399999618530273,23.0,23.600000381469727,5821,0,23.32499990463257,23.868000030517578,23.508114576802356,23.699400667918752,24.228950032220215,50.20209152406648,-0.06966292991574363,-0.13608951392466934,0.0664265840089257,24.720886647109204,23.32499990463257,21.929113162155936,1.7811751815304946,24.633005638641265,23.805080263676206,857373.0,36.124796178107964,-66.96428115270606,27.38250930957145,-0.08176680034499514
2022-12-19,24.25,24.899999618530273,23.200000762939453,23.850000381469727,27632,0,23.35999994277954,23.857000045776367,23.54067512962782,23.7053065390384,24.225179388929167,51.50818217436532,-0.03536161871106813,-0.1159439348819491,0.08058231617088096,24.771594738480395,23.35999994277954,21.948405147078688,1.7753768725348036,37.105682523585564,28.38423233129917,885005.0,71.1534441972772,-62.49999574252566,27.36253565652672,-0.08940515474861242
2022-12-20,24.200000762939453,24.700000762939453,23.299999237060547,23.5,10055,0,23.344999980926513,23.86000003814697,23.536801307758505,23.697255302213364,24.21796367361644,49.54884601003919,-0.03600464898178757,-0.09995607770191679,0.06395142872012922,24.7438923996773,23.344999980926513,21.946107562175726,1.748564347773668,39.242450395171424,33.66037951913265,874950.0,46.094047169980676,-68.75000212873717,27.355005524893194,-0.0983988341042858
2022-12-21,24.350000381469727,24.350000381469727,19.299999237060547,21.200000762939453,45665,0,23.269999980926514,23.815000038146973,23.314248874918597,23.599323751653603,24.18793419191816,39.03940190642688,-0.219573860851348,-0.12387963433180303,-0.09569422651954497,24.93475207359092,23.269999980926514,21.605247888262106,1.9843812618190617,38.32975605613229,38.22596299162965,829285.0,-203.19832536416615,-76.39749992832634,27.299934204433107,-0.10141340132922416
2022-12-22,21.5,21.799999237060547,20.399999618530273,20.5,9679,0,23.17249994277954,23.726000022888183,23.046225172545398,23.47778164374562,24.151238329312008,36.50184100423485,-0.41673414342407966,-0.18245053615025836,-0.2342836072738213,25.20559480914517,23.17249994277954,21.139405076413915,1.9426397158698625,29.563514522231205,35.7119069911782,819606.0,-238.688326676219,-85.09316034355017,27.286942104804872,-0.10698059147126465
2022-12-23,21.350000381469727,23.049999237060547,20.0,20.600000381469727,15702,0,23.0625,23.66300003051758,22.813251382919145,23.364927476597543,24.115902628338453,37.130537289461365,-0.5584781048276461,-0.2576560498857359,-0.3008220549419102,25.38217114682928,23.0625,20.74282885317072,2.02173682452634,26.190494842268524,31.361255140210563,835308.0,-176.6004646262289,-83.85091975655126,27.267016624684736,-0.11505526256692208
2022-12-26,23.700000762939453,23.700000762939453,20.299999237060547,21.700000762939453,5436,0,22.955000019073488,23.626000061035157,22.70722751434965,23.299636232924676,24.09186380380712,43.73032586098367,-0.5754173250143104,-0.3212083049114508,-0.2542090201028596,25.317604241085732,22.955000019073488,20.592395797061243,2.1201843031943803,29.695782768127135,28.48326404420885,840744.0,-101.76781069343855,-70.18632068710032,27.260924559545625,-0.1288271412246058
2022-12-27,22.200000762939453,22.200000762939453,20.549999237060547,21.149999618530273,7184,0,22.814999961853026,23.58200004577637,22.558920095700184,23.215336757850388,24.062591523356602,41.39068943056041,-0.6260060665947407,-0.38216785724810876,-0.24383820934663192,25.255716790761525,22.814999961853026,20.374283132944527,2.086599819100418,34.76414244334262,30.21680668457932,833560.0,-126.66667711662576,-77.01863206871003,27.25199600544783,-0.13103130806567279
2022-12-28,21.600000381469727,21.600000381469727,20.049999237060547,21.049999237060547,7978,0,22.714999961853028,23.541000022888184,22.415213347258312,23.13042156095667,24.03261548070689,40.96158288496978,-0.66648438667848,-0.439031163134183,-0.22745322354429698,25.270210172139183,22.714999961853028,20.159789751566873,2.0482713423367582,36.485491555998045,33.6484722558225,825582.0,-131.60034804501095,-75.35211400034117,27.24144767691936,-0.12441259188164276
2022-12-29,21.049999237060547,21.399999618530273,19.700000762939453,20.399999618530273,7923,0,22.58499994277954,23.493000030517578,22.223288230236594,23.02334619066544,23.996470049242447,38.19011664767554,-0.7424547279752396,-0.4997158761023943,-0.24273885187284527,25.32673288245162,22.58499994277954,19.84326700310746,2.0233947361406197,27.503995304993992,32.917876434778115,817659.0,-133.4888867858081,-82.25806054662144,27.23034809666297,-0.12366512897519993
2022-12-30,20.899999618530273,21.350000381469727,20.350000381469727,21.299999237060547,20090,0,22.517499923706055,23.445,22.135355945172208,22.955763957190737,23.969639493897354,43.85460762905043,-0.7217197867383724,-0.54411665822959,-0.17760312850878246,25.315405367668227,22.517499923706055,19.719594479743883,1.9502951121305754,28.626095049859686,30.871860636950473,837749.0,-91.97899195561419,-64.91228539821084,27.204445301654566,-0.10207510005937416
2023-01-02,21.700000762939453,22.799999237060547,21.450000762939453,22.399999618530273,7471,0,22.469999885559083,23.393999977111818,22.16056010453964,22.933969277243268,23.95402118667977,49.898154353551426,-0.6095004173131748,-0.557193410046307,-0.05230700726686788,25.24189449408319,22.469999885559083,19.698105277034976,1.91813117554982,48.1989044635371,34.77633160613016,845220.0,-23.160764795527463,-44.64285410180404,27.19674568043341,-0.09999390485720505
2023-01-03,22.950000762939453,23.850000381469727,18.549999237060547,22.25,106006,0,22.464999866485595,23.333999977111816,22.16907818982158,22.907146952645494,23.93706575198644,49.1216696844124,-0.5265991667652159,-0.5510745613900887,0.024475394624872804,25.23810277365208,22.464999866485595,19.69189695931911,2.1596933161826315,65.6360206921815,47.487006735192665,739214.0,-54.14220675551469,-41.73227495014611,27.075713116475256,-0.04572199654435385
2023-01-04,22.799999237060547,23.799999237060547,21.799999237060547,22.649999618530273,11992,0,22.45749988555908,23.262999954223634,22.21488023065098,22.897062743464506,23.924259123792847,51.298117496397985,-0.4237381129572455,-0.5256072717035201,0.10186915874627456,25.22774803344655,22.45749988555908,19.687251737671613,2.148286650741015,78.08886042778981,63.974595194502704,751206.0,8.333307463260708,-35.43306873753653,27.06524975645461,-0.04939064986051603
2023-01-05,23.799999237060547,23.850000381469727,22.100000381469727,22.950000762939453,66480,0,22.329999923706055,23.23099998474121,22.28489170991655,22.899138744228228,23.91456501074953,52.92462913442746,-0.3143883286481888,-0.4833634830924538,0.16897515444426503,24.739647174519547,22.329999923706055,19.920352672892562,2.119837604259514,76.72955997476544,73.48481369824547,817686.0,28.61254440310384,-30.708641550340936,27.011017022486378,-0.19120627881510516
2023-01-06,23.399999618530273,23.399999618530273,21.450000762939453,22.299999237060547,10142,0,22.254999923706055,23.16099998474121,22.2863305220255,22.875643077280476,23.89849967966805,49.09853126019309,-0.27698462131208146,-0.4420877107363793,0.16510308942429786,24.56841737097756,22.254999923706055,19.94158247643455,2.107706265068893,77.04402051730882,77.28748030662125,807544.0,1.2121187996642935,-39.02440537258108,27.00169418145826,-0.08069545409852083
2023-01-09,22.799999237060547,22.850000381469727,21.799999237060547,22.049999237060547,4871,0,22.19499988555908,23.091999969482423,22.263822780600268,22.843264887467928,23.880106640438125,47.67107275385747,-0.26446622244405305,-0.40656341307791405,0.142097190633861,24.463898361245025,22.19499988555908,19.926101409873137,2.032155899307485,73.2704340272842,75.68133817311936,802673.0,-3.726937009966855,-39.655184320545004,26.997084952646894,-0.04453444314330662
2023-01-10,21.299999237060547,22.700000762939453,21.299999237060547,22.299999237060547,2378,0,22.114999866485597,23.047999954223634,22.267268157406008,22.821960352157834,23.864384178712974,49.25973795022087,-0.23170148005521085,-0.3715910264733734,0.13988954641816254,24.246454870852197,22.114999866485597,19.983544862118997,1.9870020154911576,58.66936398936798,69.66127284465354,805051.0,-6.784946741340282,-29.245298296666064,26.99477509293274,-0.027967826176789553
2023-01-11,22.149999618530273,22.950000762939453,22.0,22.049999237060547,4741,0,22.067499828338622,22.994999923706054,22.24657587927787,22.79168736725206,23.846330597203995,47.70020178893393,-0.22333364507757025,-0.34193955019421274,0.11860590511664248,24.15993271620979,22.067499828338622,19.975066940467453,1.9129304974517503,44.888380590337924,58.942726202329915,800310.0,15.639505693088148,-33.96227841022166,26.99039565779095,0.03133103911292998
2023-01-12,23.100000381469727,26.450000762939453,22.049999237060547,26.450000762939453,255097,0,22.21249990463257,23.017999954223633,22.64690205867421,22.935150637671175,23.87223776303221,67.31402617520715,0.1367647364716369,-0.2461986928610428,0.3829634293326797,24.986644329626863,22.21249990463257,19.438355479638275,2.09057842805369,56.20914006041181,53.25562821337246,1055407.0,200.84695829243543,-0.0,26.893817986799316,0.41403441938823454
2023-01-13,31.0,31.700000762939453,27.700000762939453,29.549999237060547,1535255,0,22.50999984741211,23.125999946594238,23.304339885187197,23.19455646509821,23.928732902077268,74.5544948977025,0.6646278511597714,-0.06403338405687994,0.7286612352166514,26.720059253518286,22.50999984741211,18.299940441305935,2.316251397478427,69.57955431479725,56.89235832184888,2590662.0,363.84885672790284,-16.34981959239892,27.512753895107497,0.06822999664140651
2023-01-16,28.950000762939453,29.0,26.700000762939453,27.350000381469727,134920,0,22.684999847412108,23.173999938964844,23.689640884833153,23.357515050053955,23.962775364558784,63.76006601332642,0.8951232277354286,0.1277979383015818,0.7673252894338468,27.36774487043273,22.684999847412108,18.002254824391485,2.354376188667189,79.16666361001867,68.31845266174246,2455742.0,212.08896874777784,-33.079846971188736,27.516055111187132,0.04201677504207406
2023-01-17,26.25,28.5,26.049999237060547,26.850000381469727,131049,0,22.852499866485594,23.21199993133545,23.990627503560447,23.494475259129082,23.991503971692225,61.57792350335266,1.0256238990954394,0.30736313046035335,0.718260768635086,27.867724364457956,22.852499866485594,17.837275368513232,2.361206515400922,62.49999694335201,70.41540495605587,2324693.0,157.29093070520838,-36.88212789880697,27.50899357705676,0.023871814409110435
2023-01-18,27.399999618530273,27.950000762939453,25.049999237060547,25.299999237060547,79999,0,23.05749979019165,23.230999908447266,24.1153295734176,23.565280121008747,24.004523825078973,55.26368620171378,0.9925331782526037,0.4443971400188034,0.5481360382338003,28.120727699987246,23.05749979019165,17.994271880396052,2.3996918732922063,47.28394351441162,62.983534689260644,2244694.0,99.8341521423037,-48.669207477153876,27.49330038012571,0.0008877136111636149
2023-01-19,25.799999237060547,25.799999237060547,22.549999237060547,24.149999618530273,175418,0,23.239999771118164,23.231999893188476,24.11863148247595,23.58821029738214,24.005971345411822,51.07877102301094,0.8635586190969384,0.5282294358344304,0.33532918326250805,28.183035481488652,23.239999771118164,18.296964060747676,2.4604281680570486,33.721697067379814,47.83521250838103,2069276.0,30.147970408531187,-57.41445070976568,27.413992225334308,0.002992028763684739
2023-01-20,25.0,25.149999618530273,23.549999237060547,24.200000762939453,92102,0,23.41999979019165,23.225999908447264,24.12638093775819,23.612202080345174,24.007901986382247,51.251622822168784,0.7566577467301592,0.5739150980135761,0.18274264871658308,28.225663431347087,23.41999979019165,18.614336149036212,2.398969040443668,25.5821690607038,35.52926988083162,2161378.0,29.507788276013784,-57.03421391427346,27.375495586732598,1.8528696044277954e-06
2023-01-23,24.200000762939453,24.399999618530273,23.0,23.5,23789,0,23.509999752044678,23.224999923706054,24.06672561035265,23.60780199876301,24.002848235273966,48.65954610280986,0.6084401049920167,0.5808200994092643,0.02762000558275246,28.250422068184115,23.509999752044678,18.76957743590524,2.327614081735568,19.678051120208348,26.327305749430533,2137589.0,4.710327912699662,-78.846149613872,27.36358452470716,-0.0021723911933862017
2023-01-24,23.5,23.899999618530273,23.0,23.600000381469727,9379,0,23.632499790191652,23.21699993133545,24.022275588554276,23.6074960529868,23.998839798917704,49.05593515507477,0.49335862004385334,0.5633278035361821,-0.06996918349232872,28.247613937706348,23.632499790191652,19.017385642676956,2.225641620078047,20.330757817531705,21.863659332814496,2146968.0,-3.6905781820183883,-77.884607625432,27.35874219929134,-0.00027799682466130243
2023-01-25,23.600000381469727,23.600000381469727,22.299999237060547,23.0,22151,0,23.729999828338624,23.214999923706056,23.924916008691962,23.583672678359868,23.98890109445086,46.72492015344661,0.34970946471031183,0.5206041357710081,-0.17089467106069622,28.20296338065715,23.729999828338624,19.2570362760201,2.1595244432445564,18.470293090297748,19.49303400934581,2124817.0,-27.34080784390008,-83.653841216184,27.345779766144133,-0.0005031952129720298
2023-01-27,23.100000381469727,23.100000381469727,21.299999237060547,22.200000762939453,20958,0,23.81999988555908,23.20199993133545,23.76063836623934,23.52941103461789,23.97110109115224,43.740499882948654,0.1693609341882052,0.4503554954544475,-0.2809945612662423,28.089121814917767,23.81999988555908,19.550877956200395,2.133844207613458,20.940380878221248,19.91381059535011,2103859.0,-60.77373547861678,-91.346140443928,27.331450848773226,1.4349020698957184e-05
2023-01-30,22.649999618530273,23.299999237060547,20.600000381469727,21.950000762939453,23585,0,23.852499961853027,23.17599994659424,23.58819668973459,23.467473376905012,23.950990640125244,42.820063370691315,0.0061891688596205086,0.36152223013548207,-0.35533306127586156,28.053746886032478,23.852499961853027,19.651253037673577,2.1742838253261265,26.301005150926475,21.90389303981503,2080274.0,-73.52654257781626,-87.83783481914641,27.31464003200943,-0.006638495414053898
2023-01-31,22.649999618530273,22.700000762939453,22.0,22.450000762939453,6950,0,23.855000019073486,23.161999969482423,23.479797077658862,23.427572490082834,23.93605541746668,45.29929824916506,-0.08183644977513538,0.2728504941533586,-0.354686943928494,28.052844712234844,23.855000019073486,19.65715532591213,2.0725492663742604,38.32120807855761,28.52086470256832,2087224.0,-57.18744811694964,-83.3333304694466,27.31010478712385,-0.007029138244453777
2023-02-01,22.950000762939453,22.950000762939453,21.5,21.600000381469727,23126,0,23.822500038146973,23.117999992370606,23.300768820878943,23.355902995627417,23.912811088750292,41.967910743570236,-0.2176760794235939,0.17474517943796808,-0.392421258861562,28.07919767055356,23.822500038146973,19.565802405740385,2.028081516128917,41.64009895846507,35.42077072931627,2064098.0,-73.11063647424513,-90.99099130060037,27.293955056369256,-0.03076189503652929
2023-02-02,21.100000381469727,21.850000381469727,21.100000381469727,21.25,6916,0,23.75250005722046,23.088999977111815,23.105457504604757,23.273318564426344,23.88631545602641,40.64250683716592,-0.3495427589585951,0.06988759175865544,-0.41943035071725054,28.128397060906643,23.75250005722046,19.376603053534275,1.9367899792625658,37.82267802132787,39.2613283527834,2057182.0,-92.17988056841011,-94.14414778205432,27.28858235533499,-0.03171536298172448
2023-02-03,21.149999618530273,21.899999618530273,20.450000762939453,20.75,15772,0,23.642500019073488,23.054999961853028,22.881128218451924,23.174364895233154,23.855108337060972,38.75932080285502,-0.4887597556431835,-0.041841877721712356,-0.4469178779214712,28.200380540605178,23.642500019073488,19.084619497541798,1.902019184714584,22.6445660460752,34.03578100862259,2041410.0,-98.69139098769197,-96.49123668034753,27.2756057717716,-0.03518798246584024
2023-02-06,20.5,21.75,19.799999237060547,20.200000762939453,10070,0,23.53750009536743,23.002999992370604,22.625782746498356,23.057723164554968,23.818739107467724,36.74254008674417,-0.6361375724619407,-0.16070101666975803,-0.4754365557921827,28.306134435343676,23.53750009536743,18.768865755391186,1.9054464403020748,15.766273264232453,25.41117244387839,2031340.0,-108.11212443781609,-95.4022817149299,27.2667534490852,-0.0369878364315234
2023-02-07,21.100000381469727,21.399999618530273,20.299999237060547,20.75,48006,0,23.472500133514405,22.94099998474121,22.447136770641368,22.967224216925363,23.788204389980482,40.099145005747985,-0.7004805089223822,-0.2686569151202829,-0.43182359380209934,28.354556368737274,23.472500133514405,18.590443898291536,1.8550573271084136,17.794496471055435,18.73511192712091,2079346.0,-94.4146801375594,-88.34355110336001,27.226334480909344,-0.03873533987393726
2023-02-08,21.450000762939453,21.450000762939453,20.799999237060547,21.350000381469727,6508,0,23.425000190734863,22.888999977111816,22.342647590720258,22.903803674358475,23.76394365357739,43.614201699162834,-0.6950456793206143,-0.35393466796034917,-0.34111101136026517,28.369845736823404,23.425000190734863,18.480154644646323,1.7725532868106306,38.88891988509542,24.149896540127653,2085854.0,-78.1417979338189,-74.16664759318034,27.22121935766069,-0.037346663729234335
2023-02-09,21.350000381469727,21.5,20.200000762939453,21.049999237060547,6092,0,23.375000190734863,22.848999977111816,22.219538223705047,22.831105461131106,23.736939231522495,42.27830478620299,-0.7067985886815542,-0.4245074521045902,-0.28229113657696403,28.394113444701272,23.375000190734863,18.355886936768453,1.7387994261141961,54.49736779288623,37.06026138301224,2079762.0,-82.67905766272466,-76.63551568464364,27.216214121411934,-0.034999298173959345
2023-02-10,21.5,21.5,19.950000762939453,20.549999237060547,61828,0,23.080000114440917,22.79999996185303,22.060534510691287,22.741650315089124,23.705228385806457,40.07511662252761,-0.7478380636659736,-0.4891735744168669,-0.25866448924910673,28.034634112016114,23.080000114440917,18.12536611686572,1.7253136983246498,57.26496234071063,50.21708333956397,2017934.0,-83.08879893580016,-83.69565352600317,27.163863525260982,-0.14832589279079106
2023-02-13,20.5,21.200000762939453,20.0,20.350000381469727,16469,0,22.620000171661378,22.753999977111818,21.897626498384472,22.647860121613853,23.671843032529473,39.19526424722826,-0.7874234520494348,-0.5488235499433805,-0.2385999021060543,26.721268297444446,22.620000171661378,18.51873204587831,1.6877913457971356,41.263920609659856,51.00875024775212,2001465.0,-85.80541552715508,-86.5853391893583,27.1497411671517,-0.27617392480532665
2023-02-14,21.200000762939453,21.25,19.200000762939453,20.149999618530273,5566,0,22.260000133514403,22.689999961853026,21.73118584316026,22.549904807767437,23.63679981447973,38.289931091170885,-0.8254186354099993,-0.6041425670367042,-0.22127606837329505,25.87214634861105,22.260000133514403,18.647853918417756,1.7136633380302366,35.190758296045765,44.5732137488053,1995899.0,-96.36207048178841,-78.40911504651115,27.14475460113672,-0.24750080738845073
2023-02-15,20.200000762939453,20.799999237060547,19.799999237060547,20.149999618530273,6847,0,21.92500009536743,22.645999946594237,21.580596678909785,22.455790878777744,23.6021052851668,38.289931091170885,-0.8457804612861111,-0.6524701458865856,-0.19331031539952548,24.97057067514455,21.92500009536743,18.87942951559031,1.6626873853137911,36.13835441501454,37.5310111069066,1995899.0,-92.29186441867088,-76.82928758176016,27.138674290500017,-0.22834570542067797
2023-02-16,19.299999237060547,20.649999618530273,19.049999237060547,19.950000762939453,6789,0,21.657500171661376,22.588999977111815,21.425301829769754,22.357524599725263,23.565765936686926,37.29098083964159,-0.8680492596545726,-0.695585968640183,-0.17246329101438962,24.39451970959041,21.657500171661376,18.920480633732343,1.658209742182072,39.781122753217325,37.03674515475908,1989110.0,-106.50319164376691,-78.82349350873162,27.132335729913127,-0.14278438216847278
2023-02-17,19.950000762939453,20.0,19.100000381469727,19.350000381469727,5648,0,21.41750020980835,22.46599998474121,21.2276540727888,22.239582473519164,23.523818020714614,34.39212273912122,-0.9234673029419227,-0.741162235500531,-0.18230506744139174,24.078942747618594,21.41750020980835,18.756057671998104,1.6040518762069436,30.55848913843316,35.49265543555488,1983462.0,-122.03011115420365,-92.30766597350058,27.126780386148877,-0.20024937011723448
2023-02-20,19.350000381469727,19.850000381469727,19.100000381469727,19.100000381469727,2864,0,21.162500190734864,22.372000007629396,21.025020387901268,22.116461607164283,23.479799934751977,33.232906021680265,-0.9763051738600268,-0.7881908231724302,-0.18811435068759663,23.68219770599154,21.162500190734864,18.642802675478187,1.5430481707635906,17.547978049370744,29.29586331367361,1980598.0,-125.62062749085183,-98.71791987573873,27.123917366161916,-0.21077092899757083
2023-02-21,19.200000762939453,19.899999618530273,18.149999618530273,18.899999618530273,16627,0,20.932500171661378,22.285,20.822637457484984,21.990325842904124,23.43422978235176,32.29508825439207,-1.022530858103167,-0.8350588301585775,-0.1874720279445894,23.395887317336566,20.932500171661378,18.46911302598619,1.557830444280477,14.737026765221524,20.94783131767501,1963971.0,-142.34835449346934,-80.0,27.10655560383573,-0.20173161077382457
2023-02-22,19.75,19.75,18.350000381469727,18.700000762939453,1873,0,20.687500190734863,22.181000022888185,20.62048158181398,21.861293486827076,23.387123025939697,31.34258708029771,-1.0630491136330633,-0.8806568868534747,-0.18239222677958866,23.011693709998102,20.687500190734863,18.363306671471623,1.546556813869748,17.524905048683,16.60330328775829,1962098.0,-137.03016264312498,-85.33330281575522,27.10459246476671,-0.21945648413604213
2023-02-23,19.5,19.5,18.200000762939453,18.25,11362,0,20.450000190734862,22.086000022888182,20.394721431165028,21.719674134402485,23.336007373940298,29.25205943981531,-1.1185771625746455,-0.9282409419977088,-0.19033622057693667,22.751087081180692,20.450000190734862,18.14891330028903,1.5289455583833766,18.56912051789794,16.94368411060069,1950736.0,-144.08499775295314,-97.22221192018596,27.092291614819626,-0.26737278958165983
2023-02-24,18.25,18.799999237060547,17.399999618530273,17.899999618530273,10594,0,20.235000133514404,21.97300003051758,20.157128877580764,21.5698829769173,23.28191774453323,27.704283988213625,-1.1772549844828717,-0.9780437504947413,-0.19921123398813034,22.64292475070398,20.235000133514404,17.82707551632483,1.5197351341081549,15.801823562386673,17.298616376322407,1940142.0,-163.52203851797856,-87.80487918343155,27.080018998294133,-0.28712777056948885
2023-02-27,17.600000381469727,17.950000762939453,16.299999237060547,16.600000381469727,9379,0,19.967500114440917,21.833000030517578,19.818354735093997,21.37498562023308,23.21543100460225,22.864992027549942,-1.3135152685983336,-1.0451380541154598,-0.26837721448287377,22.718186415882442,19.967500114440917,17.21681381299939,1.5290398763774942,11.246263050078332,15.20573571012085,1930763.0,-198.27585571182416,-94.23074806935999,27.067883848778745,-0.32310307351705325
2023-02-28,16.899999618530273,16.899999618530273,15.100000381469727,15.800000190734863,11572,0,19.63500008583069,21.672000026702882,19.43565430229789,21.156358740644915,23.14164562336974,20.492711732447496,-1.469120745515525,-1.129934592395473,-0.3391861531200522,22.695245056693828,19.63500008583069,16.57475511496755,1.5483941164262838,14.46237493781174,13.836820516758785,1919191.0,-214.19976240152502,-89.06250232830658,27.051450804623833,-0.333894919761789
2023-03-01,15.899999618530273,17.0,15.899999618530273,16.049999237060547,11619,0,19.35750002861023,21.523000011444093,19.113210962751477,20.95610934834749,23.071081977734824,23.175149265172656,-1.5543488078319,-1.2148174354827583,-0.33953137234914177,22.652234485198218,19.35750002861023,16.06276557202224,1.5235088087719162,14.99266992230803,13.56710263673257,1930810.0,-164.6228866924544,-85.156266996638,27.03556694984961,-0.3058338018169037
2023-03-02,16.700000762939453,19.25,16.5,17.700000762939453,216294,0,19.180000066757202,21.453000011444093,18.97861951515033,20.82841881558639,23.017638383557756,38.03459597274734,-1.4717855006554466,-1.266211048517296,-0.20557445213815062,22.42998464031977,19.180000066757202,15.930015493194635,1.6432582340695974,33.09842096267763,20.85115527426567,2147104.0,-77.4527272475463,-57.72356841070708,26.78844195560088,-0.22144600256995856
2023-03-03,17.200000762939453,20.850000381469727,16.200000762939453,20.399999618530273,201101,0,19.162500047683714,21.4510000038147,19.113989048805564,20.811618062760658,22.99159222669181,53.78651718762391,-1.1749421404483549,-1.2479572669035077,0.07301512645515285,22.382107873011755,19.162500047683714,15.942892222355674,1.8580254758167885,58.805134029668636,35.632074971551305,2348205.0,-4.419776579230531,-13.821145271434336,26.602695436635496,0.09703944424229659
2023-03-06,20.850000381469727,24.200000762939453,20.799999237060547,23.0,486124,0,19.302500009536743,21.498999996185304,19.4840853298717,20.89743696226024,22.991675886127712,63.42771257790708,-0.7215754643802761,-1.1426809063988614,0.42110544201858535,22.91047370977515,19.302500009536743,15.694526309298336,1.9967380235733878,80.54589870584736,57.48315123273108,2834329.0,167.5153488755975,-13.186821017974978,26.384170894539633,0.18689571230263408
2023-03-08,23.0,23.950000762939453,22.0,23.399999618530273,252016,0,19.434999990463258,21.53299997329712,19.857029547839183,20.99557667427083,22.995738808838187,64.6495895887209,-0.32624176895267,-0.9793930789096231,0.6531513099569531,23.42073688675884,19.434999990463258,15.449263094167675,1.993399647813821,89.78283736034427,76.37795669861997,3086345.0,169.8127828518246,-8.791220998608054,26.292756258748973,0.24661533564735932
2023-03-09,23.899999618530273,23.899999618530273,21.100000381469727,21.350000381469727,105215,0,19.434999990463258,21.53699998855591,19.999217246280185,21.00947564318059,22.979363302098204,54.58438520043904,-0.1763222399478046,-0.8187789111172594,0.6424566711694548,23.42073688675884,19.434999990463258,15.449263094167675,2.0510139041885873,80.5165358458984,83.61509063736322,2981130.0,117.51514454647888,-31.31868419778492,26.244541977794412,0.16688888724972703
2023-03-10,21.100000381469727,23.200000762939453,20.100000381469727,22.899999618530273,129371,0,19.527500009536745,21.573999996185304,20.27548223411353,21.083613838292344,22.978573613704494,59.69400870746851,0.06679211353887382,-0.6416647061860328,0.7084568197249066,23.738375638616333,19.527500009536745,15.316624380457158,2.1259415097086687,79.49547141685181,83.26494820769804,3110501.0,108.09358365057736,-14.285726262785262,26.186063138805125,0.219071657966134
2023-03-13,23.049999237060547,23.049999237060547,20.649999618530273,21.0,109502,0,19.550000047683717,21.586000003814696,20.344483926102715,21.080334864241664,22.958886314065644,51.97463812688391,0.10493823728768703,-0.4923441174912888,0.5972823547789758,23.787215981175347,19.550000047683717,15.312784114192088,2.145517088910212,56.692063030732704,72.23469009782751,3000999.0,82.0261456979275,-35.164842074683804,26.131975427910973,0.17327429649549347
2023-03-14,21.350000381469727,22.450000762939453,20.100000381469727,22.200000762939453,48139,0,19.6425000667572,21.604000034332277,20.52119981532526,21.124243330857265,22.95133521405444,55.857243792735886,0.2293554807181053,-0.34800419784940995,0.5773596785675152,24.023855394082418,19.6425000667572,15.261144739431984,2.1601230383787486,53.41555096993287,63.20102847250567,3049138.0,77.64877922083983,-21.978021056708826,26.108681630718255,0.19709661714636956
2023-03-15,22.5,23.350000381469727,20.450000762939453,21.25,142845,0,19.69750008583069,21.58100004196167,20.590609356722855,21.129174964941292,22.93440650545688,52.2555081893324,0.24843610367590685,-0.22871613754434658,0.47715224122025346,24.13027286863305,19.69750008583069,15.26472730302833,2.2129713655324292,35.586607049004584,48.564740349889924,2906293.0,74.99681893047394,-32.4175894425952,26.0424410507114,0.14631548316160997
2023-03-16,21.0,21.450000762939453,19.149999618530273,19.399999618530273,106954,0,19.66000008583069,21.524000034332275,20.477217953085464,21.06136416704282,22.89923827772627,46.03087070173876,0.11297575101932367,-0.1603777598316125,0.2733535108509362,24.089514696275476,19.66000008583069,15.230485475385901,2.21918777830934,30.253664284149043,39.75194076769537,2799339.0,11.042961064299408,-52.747263112025706,25.97547096801654,0.09525399313653989
2023-03-17,18.799999237060547,19.899999618530273,18.0,19.649999618530273,77969,0,19.64500002861023,21.464000034332276,20.3984352545564,21.006016537689387,22.866907544798945,46.950506990386565,0.02550139208873503,-0.12320192944754299,0.14870332153627802,24.072516217242615,19.64500002861023,15.217483839977843,2.1963886240394066,22.35221532307129,29.397495552074847,2877308.0,-19.033921404898628,-50.0000104799371,25.921032613992708,0.1207114747499865
2023-03-20,20.149999618530273,21.100000381469727,18.75,20.399999618530273,133914,0,19.697499990463257,21.41300001144409,20.39858424160153,20.982251168310597,22.842361197273885,49.71861999320449,0.016505795865750628,-0.09526038438488427,0.1117661802506349,24.134669644016867,19.697499990463257,15.260330336909645,2.2073608924272867,27.21776493077432,26.60788151266476,3011222.0,14.253286540163067,-41.75825258367129,25.841763030014448,0.14045047851582593
2023-03-21,21.200000762939453,21.200000762939453,19.5,19.75,51618,0,19.72999997138977,21.36200002670288,20.336814313829954,20.933927593082732,22.81159143411693,47.40971306829438,-0.04258195759188865,-0.08472469902628514,0.04214274143439649,24.158701771356327,19.72999997138977,15.301298171423213,2.1711208831781557,36.137064320901366,28.569014858248874,2959604.0,15.233577542509176,-53.61445963097175,25.81212702639554,0.1215104138432034
2023-03-22,20.149999618530273,20.75,18.5,19.149999618530273,44665,0,19.74249997138977,21.304000034332276,20.223784342849033,20.86396963329636,22.77515768470811,45.31763583270411,-0.1362537953458336,-0.09503051829019483,-0.04122327705563876,24.163164468695687,19.74249997138977,15.321835474083851,2.1767551058082875,36.967798567185554,33.44087593962029,2914939.0,-11.817605206343808,-63.125014305114746,25.78366604600233,0.11231104527273089
2023-03-23,20.0,20.0,18.450000762939453,18.75,46846,0,19.7449999332428,21.233000049591066,20.083423929244365,20.78106886336317,22.735106364462258,43.92600256089867,-0.23999946349341172,-0.12402430733083822,-0.1159751561625735,24.163359347914902,19.7449999332428,15.326640518570695,2.131986829469163,29.827029119471025,34.31063066918586,2868093.0,-27.595091509212672,-68.12500953674316,25.75221544614864,0.09743787120025235
2023-03-24,19.149999618530273,19.299999237060547,18.0,18.350000381469727,10245,0,19.749999952316283,21.159000072479248,19.918335972313447,20.685732844465388,22.6914734691091,42.51984522557976,-0.3504554469847463,-0.16931053526161982,-0.18114491172312647,24.161802271807613,19.749999952316283,15.338197632824954,2.072559144297119,22.569439543379232,29.788089076678485,2857848.0,-47.25169178396676,-94.35483325160448,25.74484803811371,0.1000980917446676
2023-03-27,17.75,19.399999618530273,17.5,17.700000762939453,7880,0,19.740000009536743,20.984000072479247,19.707065952373068,20.56864531185653,22.641807074022832,40.26420627972476,-0.48485306234379166,-0.2324190406780542,-0.2524340216657375,24.16940163945631,19.740000009536743,15.310598379617176,2.0602334638852016,13.260142878694099,21.885537180514664,2849968.0,-61.36950504067536,-96.89921334446002,25.738916439102145,0.09877164182202809
2023-03-28,18.100000381469727,18.899999618530273,17.549999237060547,17.700000762939453,6165,0,19.79500002861023,20.747000102996825,19.515916886712724,20.456149447193113,22.5926348719225,40.26420627972476,-0.5846249483106369,-0.30286022220457076,-0.2817647261060662,24.092429334964567,19.79500002861023,15.49757072225589,2.0095025294269533,7.498934617640888,14.442839013237952,2849968.0,-71.60494289153743,-96.8749878928058,25.734190084908533,0.0994493116861789
2023-03-29,17.25,18.25,16.600000381469727,17.5,17517,0,19.880000019073485,20.55000009536743,19.323924802263893,20.34022201789142,22.541961888122277,39.51613955441828,-0.6720858890797103,-0.37670535557959867,-0.2953805335001117,23.91737527224697,19.880000019073485,15.842624765899998,1.9838237500771905,12.67662484173817,11.14523411269093,2832451.0,-103.37352914538278,-86.66667231807001,25.719746335437062,0.10106888581060935
2023-03-31,17.649999618530273,18.899999618530273,17.649999618530273,18.350000381469727,35450,0,19.995000076293945,20.380000095367432,19.23117009552159,20.262174110580766,22.50025082835459,44.25626073267045,-0.6651440214843376,-0.43439308876054644,-0.23075093272379116,23.707397881279864,19.995000076293945,16.282602271308026,1.9421220263952679,31.708155548108284,17.294571669162327,2867901.0,-76.59067804684148,-74.07407407407408,25.69365803571621,0.10568612642177241
2023-04-03,18.75,18.950000762939453,18.399999618530273,18.850000381469727,3689,0,20.05250005722046,20.251000118255615,19.19486821799284,20.206794748654843,22.46392992838559,46.892827005972045,-0.6122392075964029,-0.46996231252771775,-0.14227689506868518,23.65492604005588,20.05250005722046,16.45007407438504,1.8462561946148721,56.44258725605041,33.60912254863217,2871590.0,-60.95434063777722,-66.66666666666666,25.691112262368602,0.1316352145478745
2023-04-05,19.5,19.5,18.149999618530273,18.899999618530273,17078,0,19.97750005722046,20.146000118255614,19.166785494234503,20.15554788080682,22.4284679352527,47.1619602513548,-0.5598239389717214,-0.48793463781651847,-0.07188930115520298,23.610195093281387,19.97750005722046,16.344805021159534,1.8108093508187904,74.05583691151588,54.06885990522474,2888668.0,-54.3946663369269,-65.92593722873264,25.679548195468122,0.05741715273990459
2023-04-06,18.350000381469727,19.25,18.0,19.100000381469727,3350,0,19.782500076293946,20.04400011062622,19.160425007304525,20.114153861224974,22.395348855115557,48.29080673701572,-0.49642360851594347,-0.4896324319564035,-0.00679117655953998,23.15463192575426,19.782500076293946,16.410368226833633,1.7707515400460196,81.95813386537868,70.8188526776482,2892018.0,-51.84284514288353,-48.45361230172916,25.677262289005526,-0.026046810056097842
2023-04-10,18.450000762939453,19.5,18.350000381469727,18.700000762939453,17798,0,19.547500133514404,19.94800012588501,19.116575079269758,20.058696876978484,22.358579222357587,46.16645080282559,-0.47300253731777886,-0.4863064530286786,0.013303915710899727,22.508492143430296,19.547500133514404,16.586508123598513,1.7264121170806093,74.09134791895688,76.70177289861702,2874220.0,-43.14046167827013,-54.34782157998943,25.66526020969029,-0.13616761094579805
2023-04-11,19.0,20.799999237060547,18.549999237060547,20.0,93042,0,19.48000011444092,19.876000118255615,19.20071078600597,20.056395038665602,22.33511077238388,53.34919169612811,-0.3455587100629032,-0.4581569044355235,0.11259819437262031,22.333138468875195,19.48000011444092,16.626861760006644,1.7638112515748516,71.46410189875893,75.83786122769804,2967262.0,16.32059332840636,-26.086970944033833,25.61169726271935,-0.035040658865816754
2023-04-12,20.5,22.75,19.549999237060547,20.799999237060547,136313,0,19.375000095367433,19.832000102996826,19.353023971820694,20.085555987622268,22.319836030738873,57.13910745087911,-0.17795396370097194,-0.40211631628861316,0.22416235258764122,21.84593082460112,19.375000095367433,16.904069366133747,1.8663962166723231,62.377583387984856,69.31101106856677,3103575.0,102.9266367971223,-31.7073314454199,25.551419434666375,-0.15557093087120613
2023-04-13,21.200000762939453,22.450000762939453,19.5,19.700000762939453,79218,0,19.310000133514404,19.782000102996825,19.38606938049867,20.070436174889608,22.293768018123952,51.00350012725195,-0.13236090435925263,-0.34816523390274107,0.21580432954348844,21.672540892375775,19.310000133514404,16.947459374653032,1.9437965414056895,55.388477665527034,63.07672098409015,3024357.0,78.84434334417949,-49.59348660560463,25.513442771051974,-0.15152165828635555
2023-04-17,19.700000762939453,19.700000762939453,18.700000762939453,19.100000381469727,6066,0,19.155000114440917,19.72500009536743,19.358824713924488,20.0323798692653,22.26198923566968,47.97725811117604,-0.14299473838985577,-0.307131134800164,0.16413639641030825,21.110479100568494,19.155000114440917,17.19952112831334,1.8763825027338545,37.26076604283967,51.67560903211707,3018291.0,-10.34615371225995,-59.34959097448774,25.50975467010059,-0.19531510440453365
2023-04-18,19.100000381469727,20.350000381469727,19.100000381469727,19.600000381469727,7148,0,19.072500133514403,19.668000087738037,19.38179382511927,20.015423810920375,22.23550178438411,50.607339895928064,-0.10981048028403251,-0.2676670038969377,0.1578565236129052,20.79252141861749,19.072500133514403,17.352478848411316,1.8316408953957222,25.94498949195894,39.5314110667751,3025439.0,45.20826984363215,-51.21950916938528,25.505767760566943,-0.1553330941733155
2023-04-19,19.950000762939453,20.399999618530273,19.25,19.649999618530273,1230,0,19.085000133514406,19.629000072479247,19.407337234015557,20.00109345043449,22.20977539467412,50.8747996288306,-0.07857147305345435,-0.22984789772824105,0.1512764246747867,20.817945074852386,19.085000133514406,17.352055192176426,1.7829522327624758,21.834081671670447,28.346612402156236,3026669.0,55.108140261026364,-50.406513394395375,25.505092070009898,-0.07140650903726557
2023-04-20,19.200000762939453,20.0,19.200000762939453,19.899999618530273,5743,0,19.097500133514405,19.602000064849854,19.454257461112196,19.997128986438245,22.186792551130402,52.26660849078753,-0.03325804604313376,-0.1905299273912196,0.15727188134808584,20.85006200637671,19.097500133514405,17.3449382606521,1.7127413044980524,26.818919491392478,24.865996885007167,3032412.0,44.55578089667773,-46.341472491844144,25.501902676616478,-0.15182445635087047
2023-04-21,20.0,20.100000381469727,19.549999237060547,20.100000381469727,5583,0,19.082500171661376,19.589000072479248,19.515756786860532,20.00116315879242,22.16602844993975,53.403975059803074,0.018577412573151264,-0.14870845939834543,0.1672858719714967,20.7948884134235,19.082500171661376,17.370111929899252,1.6296884359202757,45.93656998108477,31.529857048049113,3037995.0,65.87493812039006,-43.089427364282834,25.498921158647498,-0.26585586723411114
2023-04-24,20.399999618530273,20.399999618530273,19.049999237060547,19.950000762939453,1314,0,19.09250020980835,19.58400007247925,19.557113356010905,19.999156790327596,22.14397842320343,52.395613499382485,0.04701174918379891,-0.10956441768191655,0.15657616686571546,20.82260822333826,19.09250020980835,17.36239219627844,1.6097107177452366,60.339901504907345,44.365130325794745,3036681.0,58.280019822209276,-54.901941718161964,25.498205243194484,-0.22284120413516847
2023-04-25,19.5,20.5,19.5,20.399999618530273,2241,0,19.15500020980835,19.577000064849855,19.63738823815561,20.01487611692378,22.126625400271358,55.13264088683367,0.10465096151353137,-0.06672134184282696,0.17137230335635834,20.97678462154355,19.15500020980835,17.333215798073148,1.5661599521920055,80.70772020954742,62.32806389851305,3038922.0,82.41386534700064,-49.47369224146793,25.49705607948986,-0.20062013207797302
2023-04-26,20.200000762939453,20.25,19.200000762939453,19.299999237060547,4554,0,19.182500171661378,19.53600004196167,19.605255952337032,19.98684172947816,22.098499766806572,47.88498397260235,0.060867966822563346,-0.041203480109748905,0.10207144693231225,20.99558410816999,19.182500171661378,17.369416235152766,1.5400055881490637,59.00385223052499,66.68382464832645,3034368.0,30.114688186359484,-72.63159500925164,25.4944830446802,-0.16478817566493548
2023-04-27,19.700000762939453,23.149999618530273,19.100000381469727,23.049999237060547,476661,0,19.41750011444092,19.57600004196167,19.933326741358318,20.10696555330492,22.10796742322701,64.84955213491976,0.32501669785587595,0.03204055548337606,0.2929761423724999,21.850455537879384,19.41750011444092,16.984544691002455,1.7192908487855985,69.30192078914216,69.67116440973807,3511029.0,190.57225510172626,-1.9417551238239712,25.332109667173086,0.4113835248940776
2023-04-28,22.799999237060547,24.5,20.700000762939453,21.799999237060547,227348,0,19.622500038146974,19.60100004196167,20.11110507428234,20.17335903109926,22.10490306316565,58.064487919201156,0.42855183814857867,0.11134281201641659,0.31720902613216206,22.13177719042328,19.622500038146974,17.11322288587067,1.8679128765195234,55.087015101252014,61.130929373639596,3283681.0,207.64195576146363,-43.90245415307358,25.271077915468062,0.2547047886141534
2023-05-02,22.5,23.700000762939453,21.200000762939453,22.200000762939453,88125,0,19.847500038146972,19.638000049591064,20.31004752082111,20.252835177445935,22.105849308934545,59.5239130480159,0.5366942853067194,0.19641310667447714,0.3402811786322422,22.43274144497198,19.847500038146972,17.262258631321963,1.9130619567681288,68.4756978640956,64.28821125149646,3371806.0,181.87249548493702,-38.655444405763205,25.24834448057269,0.2272899896734313
2023-05-03,21.799999237060547,22.950000762939453,20.899999618530273,21.149999618530273,68047,0,20.030000019073487,19.658000049591063,20.390042958698174,20.288018096704143,22.096338366741467,54.19239345709121,0.5315443245768172,0.26343935025494514,0.2681049743218721,22.4357011445189,20.030000019073487,17.624298893628072,1.9228433273139183,48.609692858664424,57.39080194133722,3303759.0,113.29506196895724,-57.758634864364474,25.226827243541052,0.17687772806141974
2023-05-04,21.299999237060547,21.950000762939453,21.0,21.25,34800,0,20.175,19.680000057220457,20.471943629298348,20.325742877225547,22.087917089460458,54.609380170109624,0.5294292082865653,0.31663732186126914,0.21279188642529612,22.506629936614488,20.175,17.843370063385514,1.8533545727157423,45.06172686883389,54.04903919719785,3338559.0,82.39445662378856,-56.034490129469525,25.215105915555203,0.16075756530172228
2023-05-05,21.450000762939453,21.600000381469727,20.700000762939453,20.700000762939453,10782,0,20.267500019073488,19.695000057220458,20.493663356311785,20.340419657057467,22.074106976758756,51.81561201816771,0.4778641015895282,0.34888267780692095,0.12898142378260724,22.527206528689028,20.267500019073488,18.007793509457947,1.785257790273923,25.925920693144693,39.86578014021421,3327777.0,47.832620271854154,-65.51723684340337,25.211109647992416,0.1496651043655302
2023-05-08,20.25,21.399999618530273,20.25,20.600000381469727,10878,0,20.35250005722046,19.72000005722046,20.503790692041115,20.350599293308928,22.05943924944245,51.30171130494624,0.424041106064756,0.36391436345848793,0.06012674260626805,22.526315438700777,20.35250005722046,18.178684675740143,1.739882206577948,16.653248971011774,29.213632177663328,3316899.0,25.10057383645199,-71.55961601052717,25.206846567411883,0.14558288404211467
2023-05-09,20.600000381469727,22.5,20.350000381469727,22.049999237060547,51366,0,20.5,19.779000034332274,20.651048648709633,20.417242428358012,22.059345318970987,57.8322590585015,0.4927091395774923,0.3896733186822888,0.10303582089520347,22.713819772664724,20.5,18.286180227335276,1.7691763074316855,25.60385197383576,22.72767387933062,3368265.0,80.15944100334022,-44.95413614617638,25.190793891190545,0.1608868526366256
2023-05-10,21.700000762939453,24.25,21.25,23.200000762939453,213700,0,20.725,19.86500005722046,20.893805992921997,20.526370206184737,22.070695124383608,62.165737342700886,0.6326319754245091,0.4382650500307329,0.1943669253937762,23.072019249842654,20.725,18.37798075015735,1.8570922854722796,50.18719166499787,30.81476420328168,3581965.0,152.9899439590717,-23.853193671103146,25.148767194223737,0.18683983514668048
2023-05-11,23.700000762939453,23.700000762939453,21.0,21.25,144326,0,20.7875,19.91600004196167,20.92772923169133,20.554747845157884,22.062529003742974,52.342934936098686,0.5794930312476616,0.46651064627411865,0.11298238497354296,23.120496862220783,20.7875,18.45450313777922,1.9173000338627921,55.138879548379464,43.643307729070905,3437639.0,78.92586988820375,-59.63301917497559,25.110026749017486,0.0890516398777745
2023-05-12,21.25,21.649999618530273,20.700000762939453,21.450000762939453,17005,0,20.820000076293944,19.980000057220458,20.977469377524486,20.589855802717945,22.05643419537677,53.160418222042004,0.5472105229533071,0.4826506216099563,0.06455990134335077,23.170829620367627,20.820000076293944,18.46917053222026,1.8482070925576513,42.91667938232424,49.41425019856707,3454644.0,27.566334150039285,-55.96328091916693,25.10449262748086,0.12358696767050154
2023-05-15,21.100000381469727,21.649999618530273,20.5,21.299999237060547,7450,0,20.9,20.048000049591064,21.008186507004112,20.617704564849028,22.048907479373625,52.43395618583293,0.5037160084308852,0.48686369897414206,0.016852309456743098,23.201303921823918,20.9,18.59869607817608,1.7983351301271244,26.45298882375042,41.502849251484584,3447194.0,17.50416640903959,-59.25927757399366,25.10199955889516,0.18156389034650736
2023-05-16,21.600000381469727,21.600000381469727,20.899999618530273,20.899999618530273,2382,0,20.989999961853027,20.134000034332274,20.997882993816127,20.628774959111038,22.03747556036026,50.45394235023662,0.4319899547379009,0.4758889501268938,-0.04389899538899289,23.13839472137142,20.989999961853027,18.841605202334634,1.719882675328005,21.67520765513063,30.348291953734975,3444812.0,10.545250493773981,-66.66667844042449,25.101199750505728,0.18120181302682375
2023-05-17,21.399999618530273,21.5,20.899999618530273,21.299999237060547,43348,0,21.07499990463257,20.244000015258788,21.026655969363215,20.65509747981494,22.030137487491608,52.39008643860068,0.40278016765620706,0.4612671936327565,-0.05848702597654942,23.129142116133092,21.07499990463257,19.020857693132047,1.6398910829095565,20.008524696530092,22.712240391803594,3488160.0,13.35847575776715,-59.25927757399366,25.08706623085561,0.18777916333410632
2023-05-18,21.299999237060547,21.649999618530273,20.799999237060547,21.450000762939453,10676,0,21.164999961853027,20.352000045776368,21.06697452113238,20.68627015758453,22.024364982769697,53.129770790618544,0.38727085314486587,0.44646792553517833,-0.059197072390312466,23.116691574157006,21.164999961853027,19.21330834954905,1.583470318520997,39.42513869631792,27.036290349326094,3498836.0,13.829317802908387,-71.76468793083639,25.083661125407602,0.19076067558245227
2023-05-19,21.200000762939453,21.399999618530273,20.649999618530273,21.149999618530273,11782,0,21.227499961853027,20.421000022888183,21.074881673265512,20.704455626641227,22.015664829891694,51.40947117336944,0.3467746225276116,0.426529264933665,-0.0797546424060534,23.091226062404374,21.227499961853027,19.36377386130168,1.5275082346558673,54.710161434315744,38.04794160905447,3487054.0,-15.78883286496199,-77.50000953674316,25.079679057648054,0.18969117839994537
2023-05-22,20.799999237060547,21.25,20.5,20.75,3118,0,21.25999994277954,20.428000030517577,21.04394056152594,20.706241680498433,22.003071149992273,49.125480577193805,0.2791861574885708,0.39706064344464614,-0.11787448595607536,23.065713143926565,21.25999994277954,19.454286741632515,1.4719719321804483,53.62321725039848,49.252839127010596,3483936.0,-48.230906067502396,-87.5,25.07856536360508,0.18538686924150768
2023-05-23,20.75,21.299999237060547,20.5,21.299999237060547,1039,0,21.327499866485596,20.39400001525879,21.068327102053043,20.729526290559694,21.99607540956509,52.26576059141988,0.2669252062692138,0.3710335560095597,-0.10410834974034588,23.030284534160113,21.327499866485596,19.624715198811078,1.4239738825290267,49.27534549282313,52.53624139251233,3484975.0,-35.96980862237598,-73.75001907348633,25.078211858637257,0.18584291718805565
2023-05-24,20.899999618530273,21.350000381469727,20.5,21.0,842,0,21.357499885559083,20.346000022888184,21.06181975900037,20.740133102694607,21.986164211459965,50.43698701943741,0.23034560214358635,0.342895965236365,-0.11255036309277866,23.014387181185423,21.357499885559083,19.700612589932742,1.3829757753105052,44.92752902073372,49.27536392131832,3484133.0,-54.468338014693465,-81.25,25.077919524332444,0.18487373349386074
2023-05-25,21.100000381469727,21.25,20.75,21.200000762939453,10639,0,21.45249996185303,20.34300003051758,21.074979854613616,20.75816712858656,21.978341689584138,51.651553719681985,0.21501582385065632,0.3173199369592233,-0.10230411310856696,22.819055801705563,21.45249996185303,20.085944122000495,1.3199060770740405,63.60711497722195,52.603329830259476,3494772.0,-54.844566370303184,-76.24998092651367,25.07433362468107,0.19259370264535058
2023-05-26,21.5,21.5,20.600000381469727,20.799999237060547,2778,0,21.339999961853028,20.301000022888182,21.04879122437047,20.759807603428676,21.966616889061516,49.062007517855754,0.16864603738180506,0.28758515704373966,-0.1189391196619346,22.519661148697985,21.339999961853028,20.16033877500807,1.2899127586066286,50.41869817110608,52.984447389687126,3491994.0,-64.82862537630109,-88.46156667675768,25.07337501143295,-0.18577658032304503
2023-05-29,21.600000381469727,24.549999237060547,20.899999618530273,23.75,173444,0,21.4375,20.356000022888182,21.30604920300185,20.87707005035304,21.984361994642992,63.5685017496643,0.36572223662352243,0.3032125729596962,0.06250966366382621,23.010037966514457,21.4375,19.864962033485543,1.4656332758490123,62.674915972874885,58.90024304040085,3665438.0,217.69154024480588,-19.75307130282768,25.044556116366678,0.016231023466698146
2023-05-30,23.25,25.399999618530273,22.700000762939453,24.549999237060547,81085,0,21.554999923706056,20.402999992370606,21.614996825293154,21.02110648904745,22.009890723423265,66.36588979994944,0.5797764944089181,0.3585253572495406,0.2212511371593775,23.613858720537223,21.554999923706056,19.49614112687489,1.5538022458305698,64.29996816404793,59.131194102676176,3746523.0,285.0446506483928,-17.34694791108329,25.039034826084524,0.06933985476182987
2023-05-31,25.799999237060547,25.799999237060547,23.25,24.799999237060547,21239,0,21.737499904632568,20.473999977111816,21.91833038831862,21.169298361518553,22.0376529971908,67.21313800080847,0.7608187021392538,0.4389840262274832,0.3218346759117706,24.223233927498384,21.737499904632568,19.25176588176675,1.6249591737755682,81.22306910767882,69.39931774820042,3767762.0,233.43260890702234,-18.86792724435587,25.03829828766118,0.1388581561611936
2023-06-01,26.0,26.0,24.549999237060547,25.350000381469727,49952,0,21.942499923706055,20.592999992370604,22.24515610195206,21.333247460340168,22.070611677631387,69.05969842237145,0.937865324249632,0.5387602858319129,0.39910503841771905,24.8705153452464,21.942499923706055,19.01448450216571,1.6124621444301313,83.79508260091828,76.43937329088155,3817714.0,210.67732417818527,-11.818174882368607,25.03936722279087,0.16138298481603536
2023-06-02,25.5,25.5,24.5,24.850000381469727,26293,0,22.14999990463257,20.697000007629395,22.493236509525172,21.47115933960015,22.098267286624804,65.45083886138012,1.0260031014101898,0.6362088489475684,0.38979425246262145,25.27777871553307,22.14999990463257,19.022221093732067,1.5687148483994076,82.06106175747136,82.3597378220227,3791421.0,152.03521756769942,-20.9090839732777,25.03917549848097,0.16182551849210366
2023-06-05,24.450000762939453,25.700000762939453,24.149999618530273,24.950000762939453,9275,0,22.367499923706056,20.78800003051758,22.72721405746939,21.607584493456592,22.12664274410057,65.8353759957303,1.091341810796699,0.7272354413173945,0.3641063694793045,25.635722148964508,22.367499923706056,19.099277698447604,1.5673781552572486,77.86526422683347,81.24046952840757,3800696.0,126.13899511414718,-19.09089521928267,25.039095459431493,0.16728655147819566
2023-06-06,24.0,25.200000762939453,24.0,24.75,3333,0,22.502499961853026,20.888000030517578,22.9198603377104,21.730816474105353,22.152745801373204,64.29407863566865,1.114141686796124,0.8046166904131404,0.3095249963829836,25.92645622004017,22.502499961853026,19.078543703665883,1.5411369129488346,66.72609268302142,75.55080622244195,3797363.0,97.41733669402933,-22.727272727272727,25.03898975235932,0.14210334428050272
2023-06-07,24.200000762939453,25.799999237060547,24.149999618530273,24.700000762939453,11796,0,22.57749996185303,20.999000053405762,23.089397521065546,21.847255073667476,22.1780916218863,63.891374809307734,1.1153195230210855,0.8667572569347295,0.248562266086356,26.122845775540323,22.57749996185303,19.032154148165734,1.5489128204903662,52.575775545820306,65.72237748522492,3785567.0,95.80025515378586,-23.636349764737215,25.03884023292916,0.07981981733891727
2023-06-08,25.600000381469727,25.600000381469727,24.200000762939453,24.200000762939453,13057,0,22.725,21.108000068664552,23.19516925838687,21.939519610501673,22.19821012080225,59.853998261188664,1.0636460952996636,0.9061350246077163,0.15751107069194725,26.28259784598792,22.725,19.167402154012084,1.5382761632075024,33.55221696619543,50.95136173167892,3772510.0,77.1416427485782,-32.727258855646305,25.038444937180362,0.309614532407627
2023-06-09,24.200000762939453,24.850000381469727,23.899999618530273,23.950000762939453,5925,0,22.85,21.220000076293946,23.267057973106162,22.018362008636487,22.215640873460334,57.88441932358113,0.9910968730643681,0.9231273942990467,0.06796947876532144,26.395279001251865,22.85,19.304720998748138,1.4962564917597845,16.247612020308626,34.12520151077465,3766585.0,54.46415210806227,-37.27271340110085,25.03805708253847,0.285678004608343
2023-06-12,24.850000381469727,24.850000381469727,23.850000381469727,24.25,1493,0,22.997500038146974,21.351000061035155,23.360671499477004,22.105877223984077,22.235883252828888,59.60233299014899,0.9468933261433712,0.9278805806679116,0.019012745475459614,26.517937181270167,22.997500038146974,19.47706289502378,1.4608095994912282,11.418536967570532,20.406121984691396,3768078.0,52.30346532410588,-31.818181818181817,25.037969523295764,0.282550722872501
2023-06-13,23.549999237060547,24.700000762939453,23.549999237060547,23.75,15060,0,23.14000005722046,21.47200004577637,23.39775040428872,22.170352626965094,22.2509490911092,55.53630764667461,0.8615840705654598,0.9146212786474213,-0.05303720808196144,26.53788208775031,23.14000005722046,19.742118026690605,1.4386090228046338,10.677791831287195,12.78131360638865,3753018.0,35.767760124307465,-41.666669610106126,25.036700264577423,0.260336934638851
2023-06-14,23.700000762939453,24.899999618530273,23.700000762939453,24.75,18682,0,23.312500095367433,21.61700004577637,23.526536080070745,22.271515269044894,22.275815269307117,61.23255317515215,0.8646997925991116,0.9046369814377593,-0.03993718883864772,26.669265890037483,23.312500095367433,19.955734300697383,1.4215654394322184,29.312775230174434,17.136368009677252,3771700.0,49.214661473256974,-23.14814978339229,25.035811632786253,0.2730275714602079
2023-06-15,24.75,25.950000762939453,24.75,24.950000762939453,25694,0,23.48750009536743,21.749000053405762,23.66210414510586,22.37655391586429,22.30242408018903,62.27354078081231,0.873241233485615,0.8983578318473304,-0.025116598361715425,26.802296851560477,23.48750009536743,20.172703339174383,1.4057393911113067,41.919624175344886,27.303397078935372,3797394.0,76.00908490096612,-20.588218794563236,25.036187593170762,0.21777530297413905
2023-06-16,24.5,25.950000762939453,24.5,25.850000381469727,21599,0,23.722500133514405,21.889000053405763,23.870475215235754,22.512767502750776,22.33772334686844,66.61756048026601,0.9417766198921491,0.9070415894562942,0.03473503043585491,27.007386324491957,23.722500133514405,20.437613942536853,1.40890091767046,70.90108993886359,47.37782978146083,3818993.0,81.78018280314723,-4.545444036644222,25.036880387388507,0.24306947314774363
2023-06-19,25.850000381469727,25.899999618530273,24.549999237060547,24.799999237060547,12322,0,23.92500009536743,22.007000045776365,23.9590013125524,22.60246286488057,22.362223604482292,58.19805912736423,0.9009791633074542,0.9058291042265262,-0.004849940919071982,26.940211829948165,23.92500009536743,20.909788360786695,1.4046937365132648,68.74999337726592,60.523569163824654,3806671.0,63.40259767306561,-43.63639137961648,25.036926569822647,0.22535366100093837
2023-06-20,24.5,24.850000381469727,23.600000381469727,24.0,15171,0,24.060000133514404,22.105000038146972,23.96290594945217,22.657268242728392,22.37851988702476,52.729923576607405,0.7949301722769206,0.883649317836605,-0.08871914555968441,26.82434469580604,24.060000133514404,21.295655571222767,1.3936441839051743,54.979292635833154,64.87679198398742,3791500.0,6.023617316959043,-81.63262764050927,25.0358422465728,0.20671664238577628
2023-06-22,23.75,24.200000762939453,23.0,23.450000762939453,3205,0,24.182500171661378,22.20000003814697,23.91405783645096,22.68835579254059,22.389181388277642,49.300365902980474,0.6589097396267825,0.8387014021946405,-0.17979166256785806,26.587344346381574,24.182500171661378,21.77765599694118,1.3798125109790516,28.119605675004564,50.61629722936774,3788295.0,-51.05101756736964,-84.74574079462063,25.035458587516047,0.20396148730326502
2023-06-23,23.850000381469727,23.950000762939453,23.0,23.100000381469727,1067,0,24.27750015258789,22.262000045776368,23.836528555024177,22.704498717596636,22.39625421408055,47.19666777733526,0.5169118233349081,0.774343486422694,-0.25743166308778587,26.32749433153799,24.27750015258789,22.22750597363779,1.349111671833366,11.888453122769834,31.66245047786904,3787228.0,-92.21573448514543,-96.61015743704135,25.03531371368559,0.18951911827534823
2023-06-26,23.600000381469727,23.600000381469727,22.600000381469727,22.649999618530273,12333,0,24.370000171661378,22.299000053405763,23.723525799167614,22.702361498025407,22.398779043975573,44.563709210972334,0.3638716648280429,0.6922491221037638,-0.3283774572757209,25.879768429967033,24.370000171661378,22.860231913355722,1.3241751238452684,6.719743504800184,15.57593410085805,3774895.0,-167.50854453134903,-98.50748563083413,25.03324397091506,0.16774385057945237
2023-06-27,23.450000762939453,23.450000762939453,22.0,22.25,9191,0,24.29500017166138,22.350000038146973,23.5831900087707,22.684621831436175,22.397298655478302,42.304530545744804,0.2079129196213536,0.5953818816072818,-0.3874689619859282,26.04967971413757,24.29500017166138,22.540320629185185,1.3331626694948528,4.5589666531561575,7.722387760241914,3765704.0,-199.38467947885508,-93.6708872984126,25.031420862037706,-0.04435513598235414
2023-06-28,22.100000381469727,22.950000762939453,22.100000381469727,22.200000762939453,2141,0,24.177500247955322,22.412000045776367,23.451457699643914,22.66561708365199,22.395335492368464,42.017788800730116,0.0793650984019223,0.4921785249662099,-0.4128134265642876,26.14942189151494,24.177500247955322,22.205578604395704,1.2986510774930582,6.459332671277221,5.91268094307771,3763563.0,-176.2533205121597,-94.93669052381094,25.0309707425509,-0.17049111365834663
2023-06-30,22.549999237060547,23.299999237060547,22.200000762939453,23.299999237060547,12674,0,24.102500247955323,22.486000022888184,23.437033084159783,22.69049481515821,22.40433712166888,50.04072852131329,0.06549571391884257,0.40684196275673645,-0.3413462488378939,26.088067062463455,24.102500247955323,22.11693343344719,1.284461605823632,28.17649024198703,13.064929855473324,3776237.0,-109.86001205889362,-67.08863326666467,25.028835327895838,-0.14594913857794298
2023-07-03,24.0,24.450000762939453,23.350000381469727,24.450000762939453,7777,0,24.057500267028807,22.58200004577637,23.533506196424515,22.759495048404535,22.424691983771076,56.7746532660401,0.14562101060285215,0.35459777232595957,-0.20897676172310742,25.967284439835282,24.057500267028807,22.147716094222332,1.2748573143990087,58.5858473585046,31.073890090589472,3784014.0,-5.267943442243143,-37.974676209524375,25.028245070966236,-0.1614953446143482
2023-07-04,25.5,25.5,23.5,24.0,11844,0,24.01500024795532,22.66400005340576,23.577934177717417,22.808142301408278,22.44036669040022,53.7231545959177,0.1708402447435553,0.3178462668094787,-0.1470060220659234,25.889860389427387,24.01500024795532,22.140140106483255,1.3266532205133654,74.60315286701636,53.788496822502516,3772170.0,21.17905348449472,-49.36709838730082,25.027585012849563,-0.1632158464623243
2023-07-05,24.899999618530273,24.950000762939453,23.399999618530273,23.549999237060547,3392,0,23.945000171661377,22.733000030517577,23.575273707178667,22.837234730257386,22.45140781026749,50.783693851077736,0.15275450983590133,0.2848279154147632,-0.13207340557886188,25.779094090406556,23.945000171661377,22.110906252916198,1.3426066436487807,66.59662903072034,66.59520975208028,3768778.0,-9.368868755179502,-60.759520565077274,25.027296494219183,-0.18244458125463534
2023-07-06,23.549999237060547,24.700000762939453,23.049999237060547,24.600000381469727,6820,0,23.937500190734863,22.826000022888184,23.672866723777815,22.90636279501081,22.472786840826718,56.73249216689413,0.22060475742709684,0.2719832838172299,-0.05137852639013307,25.75955277344683,23.937500190734863,22.115447608022894,1.3645634209509325,57.50572169127963,66.23516786300529,3775598.0,8.316353981269064,-34.17721824603151,25.02679884332444,-0.15500571772781144
2023-07-07,24.600000381469727,25.200000762939453,24.0,24.100000381469727,849,0,23.907500171661376,22.900000038146974,23.713546119748475,22.953172112126847,22.488978020335605,53.42119079080598,0.2313637291019397,0.2638593728741719,-0.032495643772232186,25.69782847883447,23.907500171661376,22.11717186448828,1.352808945378684,52.743828050937786,58.94872625764577,3774749.0,44.066332509851584,-46.8354436492063,25.026758472096905,-0.1473788321346534
2023-07-10,23.5,24.149999618530273,23.25,23.700000762939453,10511,0,23.882500171661377,22.98800006866455,23.712256085766665,22.98245951019793,22.50102799787395,50.86350389396518,0.20524769769261297,0.2521370378378601,-0.04688934014524715,25.669753743264923,23.882500171661377,22.09524660005783,1.3204654220323688,47.371706822475794,52.54041885489758,3764238.0,-28.032020527373373,-56.41023258407129,25.02564202199874,-0.08324838576748592
2023-07-11,23.149999618530273,23.850000381469727,23.149999618530273,23.350000381469727,11062,0,23.85250015258789,22.994000091552735,23.67775554250029,22.996872877698785,22.50947548427789,48.667822346533235,0.15452715607014156,0.2326150614843164,-0.07808790541417485,25.65429793923822,23.85250015258789,22.05070236593756,1.2761465178114462,27.780458061066614,42.631997644826576,3753176.0,-48.843197072142985,-61.428560529436375,25.024247869807713,-0.07837814246001798
2023-07-12,23.850000381469727,23.950000762939453,22.600000381469727,22.799999237060547,9120,0,23.780000114440917,23.014000091552735,23.59415970388698,22.989152342771796,22.512366267887668,45.354503340052844,0.06915311158604709,0.19992267150466253,-0.13076955991861544,25.628080375563755,23.780000114440917,21.931919853318078,1.2814217937870376,16.058820169778745,30.403661684440223,3744056.0,-73.89123003011679,-77.14287894112722,25.022857340453008,-0.10460633997642546
2023-07-13,22.799999237060547,23.450000762939453,22.299999237060547,22.899999618530273,4843,0,23.73750009536743,23.02800006866455,23.528049219567293,22.98565615750742,22.516223316152768,46.07336840509589,0.009453783955514439,0.1618288939948329,-0.15237511003931847,25.625058258247137,23.73750009536743,21.849941932487724,1.2720346317935998,14.11181722859474,19.317031819813206,3748899.0,-86.02403297717939,-74.28572518484933,25.02202946330256,-0.059855171222208736
2023-07-14,23.25,23.399999618530273,21.75,22.350000381469727,8921,0,23.61750011444092,23.05200008392334,23.41585409212943,22.960728480015746,22.514569356603683,42.74292289833572,-0.08130151197586599,0.11320281280069314,-0.19450432477655913,25.53720730992701,23.61750011444092,21.69779291895483,1.2990321308462194,17.793979952183978,15.988205783518993,3739978.0,-108.9873480050547,-83.99998982747397,25.02023312350416,-0.1492280357985674
2023-07-17,22.350000381469727,22.5,22.299999237060547,22.350000381469727,4935,0,23.48750009536743,23.074000091552733,23.314344214923743,22.93677835850414,22.512931854363543,42.74292289833572,-0.15147957560328962,0.06026633511989659,-0.21174591072318621,25.380612668758634,23.48750009536743,21.594387521976227,1.2205298902814505,24.320804154304806,18.74220044502768,3739978.0,-110.3363042897216,-83.99998982747397,25.019194556511803,-0.08111499118407854
2023-07-18,22.75,22.75,21.25,22.0,4996,0,23.295000076293945,23.100000076293945,23.189168575407194,22.90004195228829,22.507828054817637,40.57811183052881,-0.2326563843676226,0.001681791222392752,-0.23433817559001535,24.956896575037323,23.295000076293945,21.633103577550568,1.2404920409756326,26.68350831705243,22.932764141180243,3734982.0,-135.43180778544578,-82.35294117647058,25.017991200558,-0.21146720492620918
2023-07-19,22.049999237060547,22.350000381469727,21.600000381469727,21.600000381469727,23489,0,23.135000133514403,23.120000076293945,23.037819223603627,22.849059929903248,22.498794943640046,38.197098123852,-0.32551389488491367,-0.06375734599906854,-0.2617565488858451,24.8026632721869,23.135000133514403,21.467336994841904,1.2054568951916589,23.65320260481163,24.885838358722793,3711493.0,-136.61737079221572,-91.76469690659466,25.01206582388625,-0.2928178607986121
2023-07-20,22.5,22.649999618530273,22.0,22.049999237060547,27642,0,23.03750009536743,23.120000076293945,22.943741129647144,22.817724216458437,22.494329314718858,42.299040995777816,-0.35865860102785163,-0.12273759700482516,-0.23592100402302646,24.719426297550307,23.03750009536743,21.355573893184555,1.1943527767537223,26.965382034029545,25.76736431863104,3739135.0,-90.08565820537325,-81.17648853975183,25.005963027034255,-0.37355981387735826
2023-07-21,22.049999237060547,22.049999237060547,21.600000381469727,22.0,4595,0,22.965000057220458,23.096000061035156,22.8538610220617,22.785656600126735,22.489410615069914,41.965758527327345,-0.38452794126401457,-0.17509566585666303,-0.20943227540735154,24.69390163246755,22.965000057220458,21.236098481973364,1.1411846395278007,34.37279205782666,28.330458898889116,3734540.0,-111.30861638517096,-82.35294117647058,25.0048234068207,-0.34609436754562733
2023-07-24,22.0,23.049999237060547,21.5,22.25,7287,0,22.92250003814697,23.116000061035155,22.796350448532014,22.764650458945294,22.48702841989509,44.32776936138056,-0.3804708381297921,-0.21617070031128885,-0.16430013781850325,24.677628423554303,22.92250003814697,21.16737165273964,1.170385682208711,47.58828418168793,36.30881942451455,3741827.0,-68.46346805872342,-74.6835491936504,25.00323957174105,-0.3311286168995269
2023-07-25,22.299999237060547,22.299999237060547,21.299999237060547,21.649999618530273,16890,0,22.872500038146974,23.120000038146973,22.68717417900804,22.72093866128196,22.47869977510539,40.108562039378995,-0.4208196243597726,-0.2571004851209856,-0.163719139238787,24.710835104751773,22.872500038146974,21.034164971542175,1.1582152763366602,41.85186696711656,41.27098106887689,3724937.0,-103.94894048376942,-89.87342933491973,24.998883783541412,-0.29122108848672407
2023-07-26,22.0,22.200000762939453,20.700000762939453,21.100000381469727,7860,0,22.81500005722046,23.116000061035155,22.536014769718676,22.6573724542305,22.464981373178667,36.66359348900934,-0.49151083904211035,-0.30398255590521056,-0.1875282831368998,24.794166693198488,22.81500005722046,20.83583342124243,1.1826284708840415,30.858957438808243,40.09970286253742,3717077.0,-125.88070493792475,-91.11111958821616,24.996601276481954,-0.2807436410523065
2023-07-27,21.25,21.649999618530273,21.25,21.25,1051,0,22.767500019073488,23.123000068664552,22.413537172602613,22.60218137759401,22.452892006281367,38.222049039206176,-0.5293286491920455,-0.3490517745625775,-0.18027687462946795,24.84650838074477,22.767500019073488,20.688491657402206,1.1374406684680776,20.14184375453178,30.950889386818705,3718128.0,-110.6437228086598,-84.05798784051022,24.99630044921538,-0.27924157183123277
2023-07-28,21.25,21.450000762939453,20.399999618530273,20.75,5751,0,22.64000005722046,23.11200008392334,22.255105060926173,22.529546813766796,22.43594780721389,35.11992529986348,-0.5928117921962119,-0.3978037780893044,-0.19500801410690755,24.879330535012944,22.64000005722046,20.400669579427973,1.1311949881781562,17.877690977153488,22.959497390164348,3712377.0,-129.93361719004105,-90.14083750308265,24.99441995767177,-0.37122915443923027
2023-07-31,21.700000762939453,21.75,20.75,21.0,3881,0,22.467500019073487,23.10300006866455,22.13557124559987,22.46956458577594,22.421659769331164,37.836581787652754,-0.6158505875163307,-0.44141313997470966,-0.17443744754162105,24.653426701906945,22.467500019073487,20.28157333624003,1.1218239175940021,22.73025843412762,20.249931055270807,3716258.0,-100.79590766843498,-83.09858625215786,24.993244057010912,-0.4347540907692153
2023-08-01,22.0,22.049999237060547,20.850000381469727,21.600000381469727,15055,0,22.347500038146972,23.11200008392334,22.084564496635096,22.435464028744324,22.41348405402906,43.90712161804747,-0.5790194071226402,-0.46893439340429577,-0.11008501371834445,24.4454693818159,22.347500038146972,20.249530694478043,1.127407841736632,37.15106797293313,25.919672461404588,3731313.0,-72.35490058102664,-60.6557274531152,24.989086142985997,-0.37282750047899116
2023-08-02,22.25,22.25,20.700000762939453,21.0,14050,0,22.220000076293946,23.11700008392334,21.981272639812705,22.37917132173474,22.399419536078522,39.72896809179234,-0.5914278357391574,-0.4934330818712681,-0.09799475386788925,24.320095505498983,22.220000076293946,20.11990464708891,1.1575929414026258,43.55936227250539,34.48022955985522,3717263.0,-81.18078872263567,-79.99998728434245,24.985011287240205,-0.3828598828230968
2023-08-03,22.0,22.0,20.75,21.25,14032,0,22.05250005722046,23.11600009918213,21.91162762649721,22.33489009343142,22.38798252576928,42.197121002215674,-0.5744666007721619,-0.5096397856514469,-0.06482681512071509,23.883749774021595,22.05250005722046,20.221250340419324,1.1641934455881524,48.348356707800114,43.019595651079385,3731295.0,-74.5540582421886,-67.92450928950893,24.98096911601492,-0.4135404308843356
2023-08-04,21.5,22.200000762939453,21.450000762939453,21.75,8982,0,21.935000038146974,23.131000099182128,21.896234519211763,22.311953227022343,22.381634440935755,46.8822126427916,-0.5147452161026109,-0.5106608717416796,-0.004084344360931302,23.509198325758298,21.935000038146974,20.36080175053565,1.1488939682561023,48.70677435418818,46.871497778164404,3740277.0,-25.168930311810264,-49.05658204515307,24.97871680956589,-0.4024432251803917
2023-08-07,23.0,23.0,21.0,21.5,20096,0,21.825,23.13700008392334,21.858497898334452,22.280111924001858,22.372861958936394,44.92165742055424,-0.48203193505264963,-0.5049350844038736,0.02290314935122395,23.18312359897165,21.825,20.466876401028347,1.2096872562378091,49.490154586637885,48.8484285495419,3720181.0,-13.748954911720908,-58.490545667331006,24.973741835592897,-0.43129873778127426
2023-08-08,21.549999237060547,22.5,21.5,22.25,16122,0,21.769999980926514,23.166000099182128,21.89578381277879,22.278931064237078,22.3716394518823,51.47738788309935,-0.39107957029780493,-0.48216398158265983,0.0910844112848549,22.954651604398418,21.769999980926514,20.58534835745461,1.1947095950779656,56.638600066377535,51.61184300240104,3736303.0,31.10863741597707,-30.188654800797202,24.970078851715783,-0.36306400188977367
2023-08-09,23.0,23.0,21.200000762939453,22.100000381469727,16055,0,21.73500003814697,23.133000106811522,21.915233009796975,22.27191417471679,22.368936575559786,50.190688900262245,-0.3273296293578447,-0.4511971111376968,0.12386748177985207,22.834135991685457,21.73500003814697,20.635864084608485,1.2379445695052929,54.057965849170614,53.39557350072852,3720248.0,46.57694613084839,-35.849018579017866,24.96646131288931,-0.32361878703504726
2023-08-10,21.799999237060547,24.0,21.799999237060547,22.950000762939453,80992,0,21.73750009536743,23.101000137329102,22.013782319620066,22.298505805627485,22.374718308767545,56.78288183227522,-0.2058465440100612,-0.40212699771216964,0.19628045370210845,22.847398915534015,21.73750009536743,20.627601275200846,1.3066628690363042,64.13044530554193,58.27567040702987,3801240.0,183.08876575812428,-29.166642383295443,24.95351014596904,-0.23073509121093458
2023-08-11,24.0,24.0,21.799999237060547,22.100000381469727,20940,0,21.72500009536743,23.047000160217284,22.021993563605747,22.290721279189928,22.371984797053138,49.699279814853206,-0.17612795721368357,-0.35692718961247244,0.18079923239878887,22.81242842054428,21.72500009536743,20.637571770190583,1.370472718600815,53.88890725594981,57.3591061368873,3780300.0,132.45214707714086,-52.77776158886363,24.949726196378037,-0.26258396257734273
2023-08-14,22.299999237060547,23.450000762939453,22.25,22.700000762939453,29358,0,21.74250011444092,22.99400016784668,22.086565677828006,22.30677145502324,22.375248637509717,54.05621027057721,-0.10297372963815477,-0.3061364976176089,0.20316276797945415,22.879722849244338,21.74250011444092,20.6052773796375,1.3690104088057373,51.74604932737592,56.58846729628906,3809658.0,148.83181879047817,-36.11108609188015,24.944822030133626,-0.25803971213795834
2023-08-16,22.75,23.899999618530273,22.75,23.049999237060547,22078,0,21.795000076293945,22.958000144958497,22.17832125489777,22.335917642554115,22.381962573823657,56.427156138170474,-0.016565567879712972,-0.24822231167002973,0.23165674379031675,23.06421247675858,21.795000076293945,20.52578767582931,1.3569381550046717,52.10317154319721,52.579376042174154,3831736.0,177.5459483246914,-26.388907285382242,24.941890832532707,-0.27530846838789413
2023-08-17,23.5,23.600000381469727,21.850000381469727,22.0,17762,0,21.81500005722046,22.899000129699708,22.16133827824084,22.32274440166964,22.378161951198546,48.36368998406766,-0.03243870714639385,-0.20506559076530256,0.1726268836189087,23.083897270588253,21.81500005722046,20.546102843852665,1.3850140010757666,42.911258621529754,48.920159830700804,3813974.0,68.41689761468345,-55.555549668677685,24.938507961481253,-0.25477880771310524
2023-08-18,22.200000762939453,22.75,20.700000762939453,21.600000381469727,34158,0,21.79250011444092,22.8360001373291,22.1078775261674,22.294401498916702,22.370419050007214,45.68534922450473,-0.07641405697146197,-0.17933528400653445,0.10292122703507248,23.059889240795446,21.79250011444092,20.525110988086393,1.4325129465032507,34.145018238140985,43.05314946762249,3779816.0,-30.30299117448912,-72.72727798167789,24.929917188138873,-0.1962794606239691
2023-08-21,21.700000762939453,22.350000381469727,21.700000762939453,22.049999237060547,7232,0,21.795000076293945,22.783000106811524,22.102365308157225,22.284817096490972,22.367230793161973,49.100400896191765,-0.07409951855968089,-0.15828813091716373,0.08418861235748284,23.06421247675858,21.795000076293945,20.52578767582931,1.3837620217530184,26.183710013114077,34.41332895759478,3787048.0,13.735831254000551,-59.09094587174523,24.928299601720365,-0.2032311073812582
2023-08-22,22.049999237060547,22.049999237060547,21.75,22.0,8184,0,21.782500076293946,22.739000091552736,22.09261623118987,22.273647798589366,22.363576755419068,48.73375501133036,-0.07543023793352077,-0.14171655232043515,0.06628631438691437,23.038396220536253,21.782500076293946,20.52660393205164,1.3063503942749848,36.695060036263776,32.34126276250612,3778864.0,3.2003086682339714,-60.60607461780771,24.926408102305174,-0.186940062730887
2023-08-23,22.049999237060547,22.450000762939453,21.5,21.649999618530273,13334,0,21.782500076293946,22.69300006866455,22.050462268079432,22.2491910072145,22.356476485400275,46.13660387500093,-0.10353347883729214,-0.13407993762380654,0.030546458786514408,23.038396220536253,21.782500076293946,20.52660393205164,1.2808968491795896,38.52368120894844,33.8008170861086,3765530.0,-6.468160935277077,-71.21214923561541,24.923262910566947,-0.20016528984071758
2023-08-24,22.049999237060547,22.75,22.0,22.549999237060547,17687,0,21.855000019073486,22.659000053405762,22.098037217506207,22.26098740838493,22.358402084919284,53.06347032941249,-0.05257697745364709,-0.11777934558977465,0.06520236813612756,23.112338471511393,21.855000019073486,20.59766156663558,1.2679756729145992,54.54247927157127,43.253740172261,3783217.0,61.942917014274954,-43.9394272172933,24.91987250625789,-0.16230017083824433
2023-08-25,23.0,24.799999237060547,22.649999618530273,24.799999237060547,38823,0,22.032499980926513,22.68000003814697,22.35536693365424,22.360556499705545,22.382696583945567,65.13490340902818,0.16743255471249796,-0.060736965529320126,0.22816952024181808,23.797797154866636,22.032499980926513,20.26720280698639,1.3381202677064135,74.33414904264762,55.800103174388944,3822040.0,225.51530147553504,-0.0,24.917379692568378,-0.048588885695174215
2023-08-28,27.25,27.25,26.450000762939453,27.25,74576,0,22.357499980926512,22.730000038146972,22.821522463782408,22.552299382070032,22.431127463707302,73.21344696506915,0.5333382882998094,0.05807808523650581,0.47526020306330363,25.152007837761467,22.357499980926512,19.562992124091558,1.417540303080202,96.74795386385559,75.208194059358,3896616.0,368.15625286201407,-0.0,24.929138274131688,0.1200584231343502
2023-08-29,29.0,29.950000762939453,28.149999618530273,29.950000762939453,48576,0,22.805000019073486,22.830000038146974,23.50042515894022,22.842405318574716,22.505942123401155,78.99085381222937,1.0293233166348976,0.2523271315161842,0.7769961851187135,27.067499451410804,22.805000019073486,18.542500586736168,1.5091446216415771,100.00000000000001,90.36070096883424,3945192.0,349.1978986524627,-0.0,24.945467171666674,0.2072060509263451
2023-08-30,31.399999618530273,31.399999618530273,28.450000762939453,28.450000762939453,119707,0,23.147500038146973,22.882000045776365,23.971813311702054,23.062311022275296,22.565086985486115,69.96277754774866,1.2865272753973152,0.4591671602924104,0.8273601151049048,28.02422826645118,23.147500038146973,18.270771809842767,1.6120627812093802,89.5390107258605,95.42898819657186,3825485.0,243.79086773104973,-27.570085711265534,24.98594828618136,-0.02588378308011587
2023-08-31,28.450000762939453,28.450000762939453,27.049999237060547,27.899999618530273,16616,0,23.492500019073486,22.944000053405762,24.345926293304743,23.252024300559803,22.618170693277598,66.94163149446625,1.4295043338435214,0.6532345950026326,0.7762697388408888,28.679144159066375,23.492500019073486,18.305855879080596,1.596915548685775,76.20567739252716,88.58156270612905,3808869.0,142.35776863567952,-32.71028387233169,24.989467195722117,-0.006312246150982058
2023-09-01,26.5,26.600000381469727,26.5,26.549999237060547,4876,0,23.757499980926514,22.995000038146973,24.555838002233866,23.38135665101081,22.65729336535504,60.08337136821196,1.4175404109266587,0.8060957581874378,0.6114446527392209,29.000044834552774,23.757499980926514,18.514955127300254,1.582850125103239,43.54573461299938,69.76347424379551,3803993.0,85.65788293027613,-45.32711121679765,24.990039631528195,-0.0018514910925436698
2023-09-04,26.0,27.25,25.25,26.850000381469727,5864,0,24.0125,23.06300003051758,24.774329657399186,23.517381895342535,22.699011843127327,61.038639904119016,1.4159443755922219,0.9280654816683946,0.4878788939238272,29.335175738213028,24.0125,18.68982426178697,1.612646544738722,29.34547988016823,49.698963961898095,3809857.0,71.86504802269768,-42.52336190375518,24.99068340599457,0.00680876305507198
2023-09-05,27.25,27.25,26.0,26.850000381469727,8279,0,24.280000019073487,23.138000030517578,24.97201258350114,23.64807281636713,22.740315211668047,61.03863990411903,1.3985578023177503,1.0221639457982659,0.3763938565194844,29.608452177656893,24.280000019073487,18.95154786049008,1.5867432201145275,18.0175692065309,30.302927899899334,3809857.0,69.24148789548175,-42.52336190375518,24.991746884747556,0.0286126385249463
2023-09-06,27.25,27.25,26.049999237060547,26.450000762939453,10851,0,24.49000005722046,23.214000053405762,25.112773362495265,23.75795234368369,22.77722750571055,58.86042344921717,1.3370890610681805,1.0851489688522489,0.2519400922159316,29.81293185956522,24.49000005722046,19.167068254875698,1.5591187588877364,29.844183619777898,25.735744235492174,3799006.0,58.21326695365367,-46.26167649545508,24.993043688887823,0.00927007879476356
2023-09-07,26.100000381469727,26.100000381469727,26.0,26.049999237060547,2126,0,24.6875,23.29000003814697,25.20203296959672,23.84783653558082,22.809792398559804,56.682068573747635,1.241783355049627,1.1164758460917246,0.12530750895790232,29.933629798339364,24.6875,19.441370201660636,1.4798960448914305,34.50541491109101,27.4557225791331,3796880.0,38.13558775434455,-54.04040997593465,24.993212392861377,0.009491862580954413
2023-09-08,26.200000762939453,27.25,26.149999618530273,26.149999618530273,3284,0,24.847499942779542,23.369000015258788,25.29231550759039,23.938117440794525,22.843028291295827,57.10942653116836,1.1609395034993426,1.1253685775732483,0.03557092592609434,30.067028488668463,24.847499942779542,19.627971396890622,1.4599035247520036,40.83331922689956,35.060972585922656,3800164.0,46.20088531933971,-53.03030507368242,24.99358791064082,-0.002857548542535728
2023-09-11,27.450000762939453,27.450000762939453,27.450000762939453,27.450000762939453,5860,0,25.114999961853027,23.452000045776366,25.497809341433157,24.075838355388445,22.888868813401732,62.31448172547489,1.1880740187504308,1.1379096658086847,0.05016435294174615,30.2920748634205,25.114999961853027,19.937925060285554,1.4484819261560877,61.66664759318035,45.668460577056806,3806024.0,65.97039608630567,-39.8989798767005,24.99466786649559,
2023-09-12,28.450000762939453,28.450000762939453,26.100000381469727,27.0,10992,0,25.329999923706055,23.50300003051758,25.640875118439524,24.190511361059485,22.929775591377833,59.61742013886816,1.159896452530326,1.142307023153013,0.017589429377312893,30.444822052056608,25.329999923706055,20.2151777953555,1.5128761015356333,61.938764915589445,54.812910578556284,3795032.0,53.499740816308595,-46.808508479686836,24.996471321047263,
2023-09-13,27.950000762939453,27.950000762939453,25.5,25.799999237060547,9665,0,25.467499923706054,23.53900001525879,25.65602979640343,24.25362853266737,22.95833503063836,53.026476447060865,1.0288752619805983,1.1196206709185301,-0.09074540893793182,30.47651975290959,25.467499923706054,20.45848009450252,1.579813577350192,50.328592284420495,57.97800159772993,3785367.0,27.831491018655434,-64.00000435965403,24.997499537202472,
2023-09-14,25.799999237060547,28.0,25.5,27.700000762939453,15949,0,25.752499961853026,23.622000045776367,25.85069369797829,24.388780384834902,23.005515784193594,60.47692269084494,1.0660653311416013,1.1089096029631444,-0.042844271821543156,30.585457691611754,25.752499961853026,20.919542232094297,1.6455411789680354,41.85401820495843,51.373791801655955,3801316.0,43.8725929439595,-60.162586749477654,24.999968673188675,
2023-09-15,28.0,28.649999618530273,26.549999237060547,26.950000762939453,8928,0,26.019999980926514,23.66900005340576,25.95538960892697,24.489220399662532,23.044764390947286,56.65683399628028,1.0232248972233933,1.0917726618151942,-0.0685477645918009,30.48199577401295,26.019999980926514,21.558004187840076,1.678002550575299,43.59250554039463,45.25837200992435,3792388.0,51.552200695600106,-72.35770945713134,25.001559674630798,
2023-09-18,26.450000762939453,28.450000762939453,26.450000762939453,27.149999618530273,8989,0,26.275,23.730000038146972,26.06916199079395,24.593564682755385,23.085612502664528,57.42906613111991,0.9939540967679577,1.072208948805747,-0.07825485203778926,30.367982417937974,26.275,22.182017582062024,1.7010023683913489,57.66300006746355,47.70317460427203,3801377.0,47.50024051168606,-69.10569534337085,25.003137013864915,
2023-09-20,26.75,27.450000762939453,26.100000381469727,26.549999237060547,1955,0,26.502499961853026,23.787000007629395,26.114956014247912,24.670287606453627,23.120084012459515,54.30326134905161,0.9118307429404098,1.0401333076326795,-0.12830256469226975,30.094919767367603,26.502499961853026,22.91008015633845,1.6759307978969473,43.915345196841436,48.39028360156636,3799422.0,10.305640987418883,-61.76472403186619,25.00338484979064,
2023-09-21,27.75,27.950000762939453,26.75,27.549999237060547,9469,0,26.79749994277954,23.87099998474121,26.251626797372925,24.783217474320566,23.164162770913258,58.37019963481488,0.916869930193009,1.0154806321447454,-0.09861070195173638,29.637830756961026,26.79749994277954,23.957169128598057,1.656221564181373,50.264536168077605,50.61429381079402,3808891.0,43.77932911755646,-32.352956026072334,25.00509083683696,
2023-09-22,28.100000381469727,28.200000762939453,26.75,27.25,6454,0,27.032499980926513,23.96,26.346709959527885,24.879954043955053,23.20481786772009,56.73877445553913,0.8864377881303263,0.9896720633418615,-0.10323427521153528,29.10114153364002,27.032499980926513,24.963858428213005,1.641491506949807,47.836899879692645,47.33892708153706,3802437.0,32.13213925314682,-41.176463988412294,25.006244216846035,
2023-09-25,28.0,28.0,26.25,26.549999237060547,9136,0,27.119999980926515,24.032999992370605,26.366070843102424,24.945446012312132,23.238103254479697,53.01536510266804,0.7966525699478098,0.9510681646630512,-0.15441559471524147,28.936150402259116,27.119999980926515,25.303849559593914,1.6492421135962494,43.10875695096296,47.0700643329109,3793301.0,-27.610752995192,-66.66668685025253,25.007557070235663,
2023-09-26,26.549999237060547,27.399999618530273,25.649999618530273,26.100000381469727,12251,0,27.0625,24.107999992370605,26.340730799137404,24.99072265423988,23.266579842807957,50.711460297725196,0.681332019416395,0.89712093561372,-0.215788916197325,28.930621301539894,27.0625,25.194378698460106,1.6564391054822316,27.298000978514725,39.41455260305661,3781050.0,-80.92183445729924,-80.95236653553391,25.00881275649795,
2023-09-27,26.100000381469727,26.5,25.350000381469727,26.149999618530273,10987,0,26.87249994277954,24.183999977111817,26.322565924793867,25.03618449597676,23.295270586844996,50.96643254810198,0.5872052364075344,0.8351377957724828,-0.2479325593649484,28.230614948341767,26.87249994277954,25.514384937217315,1.6202648564142346,21.622036699371687,30.676264876282957,3792037.0,-117.9043441978739,-75.75759327225963,25.00962342129977,
2023-09-28,26.200000762939453,26.5,25.049999237060547,25.350000381469727,5856,0,26.717499923706054,24.25099998474121,26.229940634953472,25.04849100129021,23.315715659428328,46.79524630054874,0.4429497808213192,0.7567001927822501,-0.3137504119609309,28.026803387383936,26.717499923706054,25.408196460028172,1.6081031354517503,18.413688991803475,22.444575556563127,3786181.0,-161.86174907110006,-91.66663576055784,25.009895190875866,
2023-09-29,25.799999237060547,25.850000381469727,24.799999237060547,25.700000762939453,7843,0,26.607499980926512,24.332999992370606,26.179470170952136,25.074040403707826,23.33943988931401,48.77065857221597,0.3528015223360157,0.6759204586930032,-0.3231189363569875,27.8697501198188,26.607499980926512,25.345249842034224,1.568238707520138,21.906342376888954,20.647356022687873,3794024.0,-171.84404394201772,-76.62333930638903,25.010151876942555,
2023-10-03,26.399999618530273,26.399999618530273,24.700000762939453,25.399999618530273,16922,0,26.55,24.4,26.10523488024529,25.08682311801459,23.35994297119676,47.154551949214614,0.25422029949766767,0.5915804268539361,-0.3373601273562684,27.917845232413104,26.55,25.182154767586898,1.577650146668044,21.191592249421543,20.503874539371157,3777102.0,-141.92870012459372,-82.27850485070284,25.010767522586402,
2023-10-04,25.700000762939453,26.5,25.350000381469727,25.950000762939453,25676,0,26.505000019073485,24.47900001525879,26.090450678597115,25.120673221737132,23.38571469051758,50.39960562417324,0.21796193643476158,0.5168567287701011,-0.29889479233533955,27.889521726314072,26.505000019073485,25.120478311832898,1.547103680372489,41.165136462086735,28.087690362798913,3802778.0,-80.25982029862435,-68.35442121126815,25.012523484833455,
2023-10-05,26.450000762939453,27.700000762939453,25.799999237060547,27.200000762939453,17451,0,26.522500038146973,24.57800003051758,26.19612211520115,25.20221547825487,23.42366778576556,56.880294721970756,0.28678559003009596,0.4708425010221001,-0.18405691099200416,27.932633192119944,26.522500038146973,25.112366884174,1.5723106693372328,59.56790058047002,40.64154309732593,3820229.0,33.8733554083851,-36.70884242253627,25.014962029705007,
2023-10-06,27.649999618530273,27.899999618530273,26.0,26.25,11114,0,26.5125,24.670000038146974,26.20125334232485,25.243305067342916,23.451790494364907,51.385228001211615,0.26165550745542987,0.4290051023087661,-0.16734959485333623,27.927376508413122,26.5125,25.097623491586877,1.5957170228510213,67.0717668976408,55.93493464673235,3809115.0,11.425196182895471,-60.75950161690095,25.0163610569283,
2023-10-09,26.149999618530273,31.5,25.549999237060547,27.200000762939453,191161,0,26.570000076293944,24.792000045776366,26.296372144288146,25.320038231876115,23.489086118927837,55.966432588406214,0.3147684038213825,0.4061577626112894,-0.0913893587899069,27.99842598183777,26.570000076293944,25.14157417075012,1.9067372900001949,56.17851227377178,60.93939325062737,4000276.0,152.447517376743,-63.23528999275768,25.059125473815598,
2023-10-10,27.299999237060547,32.599998474121094,26.149999618530273,31.299999237060547,518000,0,26.82750005722046,24.993000030517578,26.772908057885516,25.55454650658923,23.56680664746647,69.3782120362064,0.6798593729403066,0.4608980846770928,0.21896128826321382,29.320384720053063,26.82750005722046,24.334615394387853,2.231255973256668,55.75705827039502,59.669112480602365,4518276.0,283.8733138644841,-16.45569131267634,25.23961941437286,
2023-10-11,31.549999237060547,37.54999923706055,31.5,37.54999923706055,608457,0,27.332499980926514,25.32900001525879,27.799297693997424,26.024956417588104,23.70594289213905,79.58568673222985,1.456727119424471,0.6600638916265684,0.7966632277979027,32.63450625751876,27.332499980926514,22.03049370433427,2.518309118024049,72.9445604434818,61.62671032921603,5126733.0,454.2528789627616,-0.0,25.66178400413752,0.5438776532821811
2023-10-12,40.54999923706055,41.29999923706055,33.79999923706055,33.95000076293945,1295814,0,27.680000019073486,25.588000030517577,28.38507893865857,26.33574247034698,23.807873816226614,65.94915349931307,1.7616039414474258,0.8803719015907399,0.881232039856686,33.71029002234036,27.680000019073486,21.64971001580661,2.874144181022331,78.4674381148855,69.05635227625395,3830919.0,302.2574190309581,-44.27710331166309,26.520326119681304,-0.15101517606932394
2023-10-13,34.599998474121094,35.0,30.549999237060547,30.549999237060547,248387,0,27.917500019073486,25.767000007629395,28.591261824220663,26.501007441590648,23.874959641309538,56.161680436831794,1.7091670969058725,1.0461309406537664,0.6630361562521061,34.006775102174544,27.917500019073486,21.828224935972425,2.986705365444983,61.69312492249505,71.03504116028729,3582532.0,122.02914824732366,-64.7590420972564,26.603923974572446,-0.21866673830006927
2023-10-16,29.049999237060547,30.25,29.049999237060547,29.049999237060547,35680,0,27.98499994277954,25.927999992370605,28.634951101633984,26.600967904158097,23.926452572610543,52.462486860530014,1.528948291673533,1.1426944108577197,0.38625388081581336,34.09303528889035,27.98499994277954,21.876964596668735,2.8805121250560553,34.74042897431215,58.30033067056407,3546852.0,38.11630774820121,-73.7951875061759,26.610109891078846,-0.2329222074549697
2023-10-17,28.049999237060547,28.649999618530273,27.600000381469727,27.799999237060547,60179,0,28.027499866485595,26.058999977111817,28.555431876436515,26.647988740742505,23.964995325490644,49.53444231592977,1.2706122101761324,1.1682779707214022,0.10233423945473019,34.1179408363209,28.027499866485595,21.93705889665029,2.7783326058085387,17.449263228225334,37.96093904167735,3486673.0,-5.151069914518058,-81.32530868027548,26.615247319519078,-0.239302232462595
2023-10-18,29.0,29.0,27.0,27.25,19075,0,28.032499885559083,26.168999977111817,28.43110503106161,26.67159702541927,23.997681939167354,48.258189859250606,1.0098576520844347,1.1365939069940088,-0.12673625490957408,34.12021465201536,28.032499885559083,21.944785119102807,2.7227374196793575,7.450003260056484,19.87989848753116,3467598.0,-13.731340948081902,-84.63855740085808,26.61655954023064,-0.2422573514944457
2023-10-19,26.700000762939453,28.149999618530273,26.0,26.149999618530273,43053,0,28.01249990463257,26.26199996948242,28.213856896534814,26.651142225149115,24.019098035479423,45.72095849304936,0.706305102897236,1.0505361461746543,-0.34423104327741827,34.122153814412925,28.01249990463257,21.902845994852214,2.681827576740137,1.6249200176107639,8.84139550196403,3424545.0,-43.21633783037951,-91.26506633207632,26.616950302907817,-0.2506423655626854
2023-10-20,26.149999618530273,26.450000762939453,25.049999237060547,25.299999237060547,22531,0,27.89999990463257,26.322999954223633,27.93634664325155,26.59815622561623,24.031843321067296,43.80441830794203,0.3926236723581482,0.9189536514113531,-0.5263299790532049,34.121414253324474,27.89999990463257,21.678585555940668,2.590268573107192,2.7408686239837916,3.938597300550182,3402014.0,-73.85179324477761,-96.38555102847465,26.615566742491215,-0.2551801176863863
2023-10-23,24.299999237060547,24.799999237060547,24.049999237060547,24.049999237060547,13414,0,27.739999866485597,26.36199993133545,27.566218318852407,26.49822850057483,24.032023976947826,41.07744079005536,0.042672424245093765,0.7436974059781012,-0.7010249817330074,34.180776023296005,27.739999866485597,21.299223709675193,2.4945351035995356,2.1581180101420596,2.174635550578708,3388600.0,-103.1174439692803,-100.00000000000001,26.61369268917719,-0.25821668182033436
2023-10-25,24.100000381469727,24.700000762939453,22.850000381469727,22.850000381469727,17672,0,27.554999923706056,26.359999923706056,27.117054705768343,26.355160731198158,24.020262548137097,38.5935426186781,-0.32771860391619967,0.529414203999241,-0.8571328079154407,34.32595969909305,27.554999923706056,20.784040148319065,2.4484969091616917,1.6025638674373432,2.167183500520901,3370928.0,-115.75110188775719,-100.0,26.610340802341113,-0.2611914197980779
2023-10-26,21.700000762939453,23.5,21.700000762939453,22.549999237060547,7526,0,27.377499866485596,26.368999900817872,26.682097042081885,26.205938711820213,24.005633062454745,37.975300776245184,-0.638108035175879,0.295909756164217,-0.934017791340096,34.470205474343466,27.377499866485596,20.284794258627727,2.4021756468687525,4.392757751599301,2.7178132097260708,3363402.0,-126.78872446381324,-95.66327275360051,26.608515002851327,-0.25983841443998534
2023-10-27,23.200000762939453,23.649999618530273,22.5,23.649999618530273,20834,0,27.252499866485596,26.387999877929687,26.393325858886495,26.105705806201,24.002094421221667,41.66529241413653,-0.7862694333939864,0.07947391825257633,-0.8657433516465627,34.51345525043429,27.252499866485596,19.991544482536902,2.3127345019874324,18.076960246973478,8.024093955336545,3384236.0,-101.86308566966483,-90.05102547244834,26.604325899074283,-0.25384672804100006
2023-10-30,22.700000762939453,24.799999237060547,22.700000762939453,24.649999618530273,20639,0,27.217499828338624,26.419999885559083,26.22729478837638,26.048619289037443,24.008541239105334,44.875947832700724,-0.813617885748414,-0.09914444254762175,-0.7144734432007922,34.52142163289245,27.217499828338624,19.913578023784805,2.297539071425551,49.797393662425385,24.089037220332557,3404875.0,-79.12617854829122,-84.94898425892299,26.601157880647932,-0.246076441599255
2023-10-31,24.25,25.350000381469727,23.950000762939453,24.799999237060547,5076,0,27.17249975204468,26.475999870300292,26.091361878727252,25.999653796803056,24.016416443065086,45.361726543337845,-0.813806955650481,-0.2420769451681936,-0.5717300104822873,34.52419852434483,27.17249975204468,19.820800979744526,2.2334291105044595,73.7151272177572,47.19649370905186,3409951.0,-62.16775748540345,-84.18368002316845,26.60057814496157,-0.24770066486386025
2023-11-01,24.75,25.5,24.5,24.700000762939453,7165,0,27.137499809265137,26.53799987792969,25.95885129627127,25.948687011161347,24.023218277093687,45.076535570295555,-0.8126580202540623,-0.35619316018536734,-0.45646486006869497,34.52917578702723,27.137499809265137,19.745823831503046,2.1453270311827124,86.34671947958252,69.95308011992154,3402786.0,-56.29844324812673,-84.69387635942391,26.59984647353596,-0.24887020642364524
2023-11-02,25.850000381469727,25.899999618530273,24.200000762939453,25.850000381469727,9714,0,27.132499790191652,26.61399990081787,25.948484542480646,25.944816947251873,24.041395213455637,49.04414826031473,-0.7107589358270587,-0.42710631531370563,-0.2836526205133531,34.527516620312554,27.132499790191652,19.73748296007075,2.1135178757832915,87.46943074383343,82.51042581372423,3412500.0,-45.49995441698923,-68.79699355947128,26.59909841489244,-0.24759260456796153
2023-11-03,27.0,27.0,26.0,26.850000381469727,11555,0,27.114999771118164,26.710999908447267,26.03434319381294,25.980314336829043,24.06934153353538,52.272821505612875,-0.5430515741155624,-0.45029536707407697,-0.0927562070414854,34.510951286780156,27.114999771118164,19.719048255456173,2.044695143122362,91.32948482338003,88.38187834893183,3424055.0,-15.139329422999856,-39.766080958144954,26.599110589380135,-0.24810966927585168
2023-11-06,27.5,28.100000381469727,26.0,27.600000381469727,26915,0,27.18249979019165,26.829999923706055,26.183453402161206,26.043831436618873,24.104472467345673,54.59644538589517,-0.3456392357476936,-0.4293641408088003,0.08372490506110669,34.57027848268947,27.18249979019165,19.79472109769383,2.048645517290031,94.33095877332742,91.04329144684681,3450970.0,-1.5806831013712401,-19.178078970512388,26.600132669580415,-0.23987553828670208
2023-11-07,27.950000762939453,27.950000762939453,26.549999237060547,26.799999237060547,4833,0,27.162499713897706,26.914999923706056,26.242172053104,26.07348507585188,24.131293629233383,51.704800450445575,-0.25085029571721407,-0.39366137179048305,0.14281107607326898,34.552146124581846,27.162499713897706,19.772853303213566,2.0023138036178074,83.71002544776238,89.79015634815646,3446137.0,-3.5820217506401244,-30.136999902281033,26.60027727823166,-0.22741561776870597
2023-11-08,27.899999618530273,27.899999618530273,26.649999618530273,27.0,9565,0,26.947499752044678,26.958999938964844,26.31434614328457,26.109818994445924,24.15983797123106,52.38378700852016,-0.15777228701762525,-0.3464835548359115,0.18871126781828623,34.08917146888512,26.947499752044678,19.805828035204236,1.9485771033593926,75.47109981287613,84.50402801132182,3455702.0,1.8127236361783534,-17.829454613522305,26.600610911585665,-0.3998489189463509
2023-11-09,28.350000381469727,28.350000381469727,27.149999618530273,28.350000381469727,40610,0,26.487499809265138,26.98099994659424,26.50821797549268,26.197669244917446,24.20153112954189,56.79887340467752,0.02464239167641935,-0.2722583655334453,0.29690075720986464,31.785412384878782,26.487499809265138,21.189587233651494,1.9058216232244163,79.48716443906257,79.55609656656686,3496312.0,36.072053601082324,-0.0,26.603881235538918,-0.8138082422366159
2023-11-10,29.75,29.75,29.700000762939453,29.75,33720,0,26.277499771118165,26.97699993133545,26.816959120683855,26.336976333352055,24.256739775019085,60.85269754894617,0.2789599312576314,-0.16201470617522995,0.44097463743286136,30.622896760686437,26.277499771118165,21.932102781549894,1.8696914800319775,90.59828641825811,81.85218355673211,3530032.0,114.3764350175484,-0.0,26.610166207967744,-0.4330423402144805
2023-11-13,31.299999237060547,32.0,29.549999237060547,30.049999237060547,22708,0,26.252499771118163,27.00899990081787,27.12486770319592,26.482585074673956,24.314384147775716,61.682442403043716,0.49896409734736835,-0.02981894547071029,0.5287830428180786,30.50402597987675,26.252499771118163,22.000973562359576,1.9111421430967972,88.07339149870917,86.05294745200979,3552740.0,149.60663726164987,-18.9320476444613,26.61546499096685,-0.11574655086544872
2023-11-15,31.25,31.25,29.600000381469727,30.0,25012,0,26.299999809265138,27.050999908447267,27.398689826701073,26.62052291488282,24.37095743983765,61.44867542490454,0.6616572900755529,0.10847630163854236,0.5531809884370105,30.69431443500247,26.299999809265138,21.905685183527805,1.8924891056277597,75.61233319718578,84.76133703805085,3527728.0,136.50559187542953,-19.41747716644266,26.62091349226727,-0.06463123128714016
2023-11-16,31.25,31.25,29.549999237060547,29.850000381469727,5474,0,26.402499866485595,27.11699993133545,27.632147974774277,26.74716909004309,24.425475280052893,60.70538205635285,0.7696174311613113,0.24070452754309615,0.5289129036182152,31.021858819728124,26.402499866485595,21.783140913243066,1.8787399382928807,60.835704678799665,74.84047645823138,3522254.0,123.9314444778952,-22.631574931897614,26.62208209895847,0.017572190164698197
2023-11-17,31.25,31.299999237060547,30.600000381469727,31.25,48701,0,26.602499866485594,27.204999923706055,27.97670531051006,26.923750694355128,24.493380998659333,64.96501445128287,0.9571118995168248,0.38398600193784194,0.5731258975789829,31.67541592655648,26.602499866485594,21.52958380641471,1.8481155752427334,62.55823472502683,66.33542420033726,3570955.0,135.87668538386973,-8.064516790616993,26.634848169142717,0.15754467777058748
2023-11-20,32.79999923706055,32.79999923706055,31.0,32.79999923706055,46491,0,26.934999847412108,27.32399990081787,28.4360666368482,27.15419181367691,24.57603391645437,68.97496961441881,1.2167486796803395,0.5505385374863414,0.6662101421939981,32.673736711743516,26.934999847412108,21.196262983080697,1.8446786939440059,75.01929302655022,66.13774414345873,3617446.0,144.76776387731312,-0.0,26.650122845585905,0.36495175817869835
2023-11-21,34.099998474121094,34.099998474121094,31.5,31.5,26068,0,27.244999885559082,27.42499988555908,28.72786981429123,27.32461566412095,24.64492910136527,62.51247000963325,1.3025980847759264,0.7009504469442585,0.601647637831668,33.26013916764445,27.244999885559082,21.229860603473707,1.8986301068137978,70.74831048203295,69.44194607786983,3591378.0,129.57097457241488,-26.26261692146153,26.658906990798876,0.3330595945671507
2023-11-22,31.5,32.900001525878906,30.100000381469727,32.29999923706055,16842,0,27.657499885559083,27.54999988555908,29.068072616459734,27.5197287454127,24.72109895346174,64.70408667754587,1.4188321950319889,0.8445267965618045,0.5743053984701844,33.867996922257596,27.657499885559083,21.447002848860574,1.9630137523563251,67.76557912843235,71.17772754567166,3608220.0,100.50262660603204,-18.181814678881405,26.66397283119239,0.38684287007676055
2023-11-23,33.5,33.5,30.700000762939453,30.75,12763,0,28.052499866485597,27.641999893188476,29.2282561767969,27.646406049514162,24.781088018601427,57.66932727279873,1.3700831149823962,0.9496380602459229,0.4204450547364733,33.98853175641954,28.052499866485597,22.116467976551654,2.022798429835198,39.84891186571895,59.45426715872791,3595457.0,87.68419986628066,-41.358013644374076,26.667717457601704,0.40490261047842746
2023-11-24,32.25,32.25,29.399999618530273,30.700000762939453,12696,0,28.45999994277954,27.706999893188478,29.368422327858095,27.76615486180535,24.839982672773946,57.45233622981648,1.31228736537766,1.0221679212722703,0.2901194441053898,33.92978960176784,28.45999994277954,22.99021028379124,2.0818842835233786,34.78305811265244,47.46584970226775,3582761.0,59.651365290433105,-41.97528829226803,26.670789862809627,0.39805668196737404
2023-11-28,31.25,31.25,29.350000381469727,30.950000762939453,5061,0,28.825,27.785999908447266,29.519048845484892,27.89101156381061,24.90077887267609,58.297270104050824,1.2719939733468557,1.0721331316871874,0.19986084165966833,33.92387232037783,28.825,23.726127679622167,2.068892521738157,25.864611949004182,33.49886064245836,3587822.0,47.05046800153188,-41.7218282052176,26.67193400304727,0.36973075722103976
2023-11-29,30.899999618530273,31.200000762939453,30.5,30.950000762939453,2635,0,29.14000005722046,27.888999938964844,29.655329980480566,28.010971924560764,24.960970135265775,58.29727010405081,1.2259294186407033,1.1028923890778906,0.1230370295628127,33.93777024833676,29.14000005722046,24.34222986610415,1.9711145389668212,33.29935574619501,31.315675269283712,3587822.0,52.09273513509014,-42.281854967235844,26.672586212881644,0.34221208762107086
2023-11-30,30.350000381469727,30.950000762939453,30.350000381469727,30.350000381469727,2471,0,29.41750011444092,27.94199993133545,29.721489066289056,28.102698530714058,25.01459232677029,55.243681671255786,1.1280049716324214,1.1079149055887967,0.020090066043624732,33.80341762539264,29.41750011444092,25.0315826034892,1.8731778134313146,32.111616481204464,30.42519472546772,3585351.0,37.33334844435309,-53.95681597321039,26.673149243654752,0.33502273559549717
2023-12-01,30.25,30.350000381469727,29.75,30.25,6727,0,29.695000076293944,28.00799991607666,29.771823440928195,28.18690643147037,25.066685935459144,54.72914567156313,1.0304515428718517,1.0924222330454076,-0.06197069017355594,33.51807458291396,29.695000076293944,25.87192556967393,1.7822365682912014,31.228363682452557,32.21311196995051,3578624.0,16.420526688885328,-81.05263200162868,26.674509965198574,0.35912238063033347
2023-12-04,29.649999618530273,29.649999618530273,29.649999618530273,29.649999618530273,678,0,29.885000038146973,28.05799991607666,29.760221172128393,28.244282634884485,25.112291046733485,51.622398687332826,0.8944144780234282,1.0528206820410118,-0.15840620401758354,33.2783905577823,29.885000038146973,26.49160951851164,1.6977911263753818,23.640099381176313,28.993359848277606,3577946.0,-12.847303511087832,-93.68422405211763,26.674628464659463,
2023-12-05,29.049999237060547,29.049999237060547,29.049999237060547,29.049999237060547,970,0,29.994999980926515,28.10799991607666,29.692580987836216,28.275879364381584,25.15147222275664,48.648402008272434,0.7297766961813714,0.9882118848690837,-0.2584351886877123,33.11972396129047,29.994999980926515,26.870276000562566,1.6193775017392635,15.607970128803425,23.49214439747726,3576976.0,-53.33157540214346,-100.0,26.674763798571142,
2023-12-06,28.5,28.5,28.5,28.5,6738,0,30.039999961853027,28.126999931335448,29.57900184613753,28.28466840891564,25.18479090710732,46.0305578982149,0.5485958545033469,0.9002886787959363,-0.3516928242925894,33.049252415975616,30.039999961853027,27.03074750773044,1.5429933399764981,5.263145566534514,14.837071692171248,3570238.0,-92.49248226795294,-100.0,26.675485872607393,
2023-12-07,27.950000762939453,27.950000762939453,27.950000762939453,27.950000762939453,1797,0,30.097500038146972,28.14099994659424,29.42385888583295,28.27154418750481,25.212305433035997,43.50916440325183,0.3565186649957539,0.7915346760358999,-0.435016011040146,32.89329575466638,30.097500038146972,27.301704321627565,1.472065189768216,-1.0658141036401503e-14,6.957038565112473,3568441.0,-132.64890502047106,-100.0,26.67562032818448,
2023-12-08,28.5,28.5,27.399999618530273,28.5,6860,0,30.17250003814697,28.179999961853028,29.335872325277432,28.280503238975207,25.245018811811757,46.65593566104836,0.24584253070266016,0.6823962469692519,-0.4365537162665918,32.69944951639547,30.17250003814697,27.645550559898478,1.4454891320326095,16.296301947699643,7.186482504744546,3575301.0,-131.2214865250303,-83.58208105435973,26.676207151106848,
2023-12-11,27.950000762939453,28.0,27.950000762939453,27.950000762939453,8493,0,30.152500057220458,28.216999969482423,29.20388455743572,28.26754235756204,25.27193405510656,44.01548904810112,0.11245425238042017,0.5684078480514856,-0.4559535956710654,32.74237906493755,30.152500057220458,27.562621049503363,1.3815255681060337,27.407438747013767,14.567913564904297,3566808.0,-142.02249041616034,-91.7910262932324,26.676849987192213,
2023-12-12,27.399999618530273,27.450000762939453,27.399999618530273,27.399999618530273,16027,0,30.035000038146972,28.24199996948242,29.032085991825678,28.23352107367844,25.293108836832168,41.48695812114782,-0.037208498592782746,0.44728457872263194,-0.4844930773154147,32.88720948530718,30.035000038146972,27.18279059098676,1.322130966413401,27.407438747013767,23.703726480575558,3550781.0,-149.31650792565756,-100.0,26.67754479207309,
2023-12-13,26.850000381469727,27.399999618530273,26.850000381469727,26.850000381469727,2791,0,29.875000095367433,28.271999969482422,28.824268314648922,28.17926536025849,25.308600294987766,39.069894121442765,-0.19791619420804096,0.31824442413649734,-0.5161606183445383,33.04698659772283,29.875000095367433,26.70301359301204,1.2669787000310542,11.111136799314112,21.97533809778038,3547990.0,-141.42035412973723,-100.0,26.677602971231064,
2023-12-14,26.350000381469727,26.350000381469727,26.350000381469727,26.350000381469727,6310,0,29.692500114440918,28.28499996185303,28.588623749584237,28.107529478737362,25.31896248490301,36.96165179166739,-0.361457366622183,0.18230406598476126,-0.5437614326069442,33.215321852811584,29.692500114440918,26.16967837607025,1.212194507171693,-1.1842378929335004e-14,12.839525182109119,3541680.0,-146.12914012528285,-100.0,26.677481902597407,
2023-12-15,26.350000381469727,26.350000381469727,25.950000762939453,26.350000381469727,5104,0,29.517500114440917,28.303999977111815,28.37542152404952,28.03860676904059,25.32922156845094,36.961651791667386,-0.48546874254070005,0.04874950427966901,-0.5342182468203691,33.327653999324944,29.517500114440917,25.70734622955689,1.1541805865544486,6.504061258478388,5.871732685930659,3541680.0,-129.42659713834195,-92.45283629980071,26.677344193646874,
2023-12-18,26.350000381469727,26.350000381469727,26.299999237060547,26.350000381469727,4262,0,29.272500133514406,28.31199996948242,28.182524272375254,27.97238691070448,25.339378571565554,36.96165179166739,-0.577096245125972,-0.07641964560145922,-0.5006765995245128,33.23273654121309,29.272500133514406,25.312263725815722,1.075310626401215,15.39294167026224,7.299000976246702,3541680.0,-110.25641612884552,-92.38095964704242,26.677258370903818,
2023-12-19,26.850000381469727,26.850000381469727,26.5,26.850000381469727,927,0,28.975000190734864,28.304999961853028,28.055617235146155,27.928371752695273,25.35440963435067,40.94191425391301,-0.6024215392298089,-0.18162002432712918,-0.4208015149026797,32.71859452849027,28.975000190734864,25.23140585297946,1.0342170102296997,36.082604402525966,19.326535777088694,3542607.0,-87.0317008443648,-82.00000762939453,26.677261413497245,
2023-12-20,27.350000381469727,27.350000381469727,27.350000381469727,27.350000381469727,3016,0,28.76750020980835,28.326999969482422,27.988415630034115,27.905690522451135,25.374266258700114,44.70202630384184,-0.5755120512572596,-0.26039842971315524,-0.3151136215441043,32.38623944689093,28.76750020980835,25.148760972725764,0.9960586523561498,62.9118764773809,38.129140850056196,3545623.0,-57.37157570850809,-68.18182409302314,26.67738015279853,
2023-12-21,27.850000381469727,27.850000381469727,27.850000381469727,27.850000381469727,7883,0,28.545000267028808,28.339999961853028,27.975233225408935,27.903506595353825,25.39890042907593,48.250275754564356,-0.5079845373043241,-0.30991565123138903,-0.1980688860729351,31.796138541440794,28.545000267028808,25.293861992616822,0.9606258914735676,87.35632939893037,62.11693675961224,3553506.0,-31.635100131050372,-48.648643075677946,26.677920863755716,
2023-12-22,28.299999237060547,28.399999618530273,28.0,28.299999237060547,5810,0,28.422500228881837,28.279999961853026,28.00616332175671,27.919055326401146,25.427767083881747,51.28023114263808,-0.41339202322222235,-0.3306109256295557,-0.08278109759266666,31.512722774010054,28.422500228881837,25.33227768375362,0.9312954161583518,98.41269264596133,82.89363284075736,3559316.0,-7.562192053548545,-24.193560295626877,26.67844929719567,
2023-12-26,28.25,28.299999237060547,28.100000381469727,28.25,2101,0,28.300000190734863,28.093999977111817,28.029385862541783,27.93203354889522,25.455849003445113,50.9234656854357,-0.3385586020604805,-0.3322004609157406,-0.006358141144739871,31.208264255482277,28.300000190734863,25.39173612598745,0.8790599475463853,95.78111986269407,93.85004730252842,3557215.0,-2.077461567796017,-9.803924501882666,26.678638252490344,
2023-12-27,27.700000762939453,28.100000381469727,27.700000762939453,27.700000762939453,1021,0,28.137500190734862,27.968999977111817,27.998015853055847,27.922934223955778,25.478178871698788,47.04607457764901,-0.31994479411168797,-0.3297493275549301,0.009804533443242114,30.787004696569067,28.137500190734862,25.487995684900657,0.8555556110831111,73.55891782406992,89.25091011090826,3556194.0,-18.503462974143048,-31.372528486821338,26.678707178432365,
2023-12-28,27.149999618530273,27.149999618530273,27.149999618530273,27.149999618530273,635,0,27.947500133514403,27.900999984741212,27.917252402148648,27.892623062958698,25.494813904005568,43.480705990139484,-0.34558996699229283,-0.33291745544240264,-0.012672511549890186,30.290249292462267,27.947500133514403,25.60475097456654,0.8337302920349732,41.81289184477525,70.38430984384625,3555559.0,-57.58138212071763,-52.94120726976799,26.678724674380774,
2023-12-29,26.799999237060547,27.0,26.799999237060547,26.799999237060547,6165,0,27.770000076293947,27.85599998474121,27.810847338806923,27.849775069786222,25.507800822742432,41.33397408026408,-0.38966425005596506,-0.34426681436511514,-0.04539743569084992,29.884568286043805,27.770000076293947,25.655431866544088,0.799178155566027,11.111131294709176,42.16098032118462,3549394.0,-70.94202566019742,-65.3061685240618,26.67879238745372,
2024-01-01,27.299999237060547,27.299999237060547,26.799999237060547,27.299999237060547,6080,0,27.622500038146974,27.845999984741212,27.7621951386406,27.828215233208745,25.525633642785397,45.47548850291747,-0.37986872539011785,-0.3513871965701157,-0.028481528820002155,29.41092781195583,27.622500038146974,25.83407226433812,0.7778082873113108,11.111111111111098,21.345044750198344,3555474.0,-41.89196147659949,-44.89799572598005,26.678953837571708,
2024-01-02,27.799999237060547,27.799999237060547,27.75,27.799999237060547,12486,0,27.530000019073487,27.856999969482423,27.765795528966308,27.827108723555874,25.54826414621102,49.32784579353137,-0.3279791408184103,-0.3467055854197746,0.0187264446013643,29.062448769097063,27.530000019073487,25.99755126904991,0.7579648382176457,36.75211417998344,19.65811886193441,3567960.0,28.69410282722657,-24.489822927898295,26.67975882166169,
2024-01-03,28.350000381469727,28.350000381469727,27.850000381469727,28.350000381469727,23275,0,27.495000076293945,27.900999984741212,27.821434086347587,27.84761427876818,25.576142118701156,53.24142656056339,-0.23971251869889443,-0.32530697207559855,0.08559445337670413,28.914823932200278,27.495000076293945,26.07517622038761,0.7431102886598981,70.08544751331677,39.31622426813694,3591235.0,79.74219674969544,-2.0407861394077877,26.68179901297804,
2024-01-04,28.899999618530273,28.899999618530273,27.799999237060547,28.899999618530273,8812,0,27.51500005722046,27.972999992370607,27.92415461322213,27.888884292092182,25.60921532765468,56.83189485813854,-0.12395140817081085,-0.28503585929464104,0.16108445112383019,29.00063108754374,27.51500005722046,26.029369026897175,0.7686024381463145,92.30766973553898,66.3817438096129,3600047.0,117.90626452404676,-0.0,26.682749703633316,
2024-01-05,28.75,28.899999618530273,28.450000762939453,28.75,15399,0,27.555000019073486,28.067000007629396,28.002806554820022,27.92265353553955,25.640466916434235,55.57843929637462,-0.04380861127890512,-0.23679040969149384,0.19298179841258872,29.125954957766556,27.555000019073486,25.984045080380415,0.7458450393923506,97.61905410662679,86.67072378516069,3584648.0,124.42715840735258,-5.769215250863992,26.68455810953922,
2024-01-08,30.149999618530273,30.149999618530273,27.549999237060547,30.100000381469727,20268,0,27.635000038146973,28.212000007629396,28.202539300215232,28.00803968636034,25.68484038374802,63.401972121056026,0.1271729108622388,-0.1639977455807473,0.2911706564429861,29.521557692533932,27.635000038146973,25.748442383760015,0.8782847066835917,96.97803834092547,95.63492072769692,3604916.0,162.97176339007981,-1.3698422544131612,26.687601213569696,
2024-01-09,30.0,31.600000381469727,29.950000762939453,31.600000381469727,43011,0,27.817500019073485,28.393000030517577,28.52610702223947,28.148900890090122,25.743697697158186,69.77223294017274,0.3793416485983272,-0.0553298667449324,0.4346715153432596,30.376850574265113,27.817500019073485,25.258149463881857,0.9334072003869262,96.97803834092547,97.19171026282577,3647927.0,260.80732652335365,-0.0,26.698484287919765,
2024-01-10,33.0,33.150001525878906,31.799999237060547,33.150001525878906,82110,0,28.10500011444092,28.58300006866455,28.966477927347988,28.345022483650467,25.817392262618093,74.67720570919239,0.6962335811524198,0.09498282283453807,0.6012507583178818,31.55056294105431,28.10500011444092,24.65943728782753,0.9774496249599443,99.35898423429865,97.77168697204972,3730037.0,284.33146767125777,-0.0,26.726931534818274,
2024-01-11,34.79999923706055,34.79999923706055,33.5,34.349998474121094,85527,0,28.480000019073486,28.77700004577637,29.47919416989781,28.58051173817873,25.902293816961407,77.69485270992121,1.0323027027437242,0.2824467988163753,0.7498559039273489,32.81525082090405,28.480000019073486,24.144749217242925,1.0254887739757799,97.931030974991,98.0893511834049,3815564.0,271.23200205777243,-5.625009536743164,26.763728660011466,
2024-01-12,36.04999923706055,36.04999923706055,32.650001525878906,32.650001525878906,38231,0,28.795000076293945,28.934000091552733,29.78117582284839,28.7400995729905,25.96943518719939,65.74244628972542,1.1482282955524212,0.4556030981635845,0.6926251973888367,33.37407227409673,28.795000076293945,24.21592787849116,1.19509655520477,84.59770661741594,93.96257394223505,3777333.0,193.58120670032415,-36.75673201277449,26.779110910191044,
2024-01-16,32.79999923706055,32.79999923706055,30.799999237060547,30.799999237060547,32248,0,29.017500019073488,29.056000061035157,29.87820662420193,28.820879951973637,26.017500501128357,55.70024314082526,1.0783894372996237,0.5801603659907923,0.4982290713088313,33.531730509416136,29.017500019073488,24.503269528730836,1.2525896584044294,55.90917485098553,79.47930414779735,3745085.0,89.18843712398574,-56.75675675675676,26.787759367900506,
2024-01-17,30.799999237060547,30.799999237060547,29.350000381469727,29.950000762939453,34294,0,29.197500038146973,29.13800006866455,29.885044161224553,28.865159199462493,26.056629856967273,51.786182049390774,0.9435768987124185,0.6528436725351175,0.2907332261773009,33.556339052909095,29.197500038146973,24.83866102338485,1.2666903153463145,27.629887577259254,56.04558968188676,3710791.0,31.789081918617786,-65.94592944995777,26.79411484134955,
2024-01-18,29.950000762939453,31.399999618530273,29.0,30.899999618530273,15032,0,29.4,29.21900005340576,29.98170658572986,28.944956862955348,26.104822590913173,55.54603317839211,0.9029849108212851,0.702871920192351,0.20011299062893406,33.67936942259394,29.4,25.12063057740605,1.3476409798594544,16.613329306678963,33.38413057830777,3725823.0,39.84038679497221,-55.67567155167863,26.79723581783001,
2024-01-19,30.049999237060547,31.799999237060547,30.0,31.25,11477,0,29.594999980926513,29.292000045776366,30.10249643470797,29.035350711466904,26.156018386028464,56.880187622311674,0.8888119033221571,0.7400599168183122,0.1487519865038449,33.83821845251052,29.594999980926513,25.351781509342512,1.3799522839452467,22.60682676337576,22.283347882437848,3737300.0,53.78568875647911,-51.891883643897806,26.799996799887445,
2024-01-23,32.5,33.04999923706055,29.850000381469727,30.799999237060547,74278,0,29.742499923706056,29.372000045776367,30.168925273027263,29.10455261443136,26.202227150715352,54.6108257937315,0.8316812878296957,0.7583841910205888,0.0732970968091069,33.93764926385441,29.742499923706056,25.5473505835577,1.509955610491359,34.43656105507125,24.552239041708514,3663022.0,54.93688513157611,-61.764705882352935,26.81869229260672,
2024-01-24,31.450000762939453,33.849998474121094,30.0,33.400001525878906,158288,0,29.997500038146974,29.500000076293944,30.476646820917896,29.27300159135087,26.27384679623937,63.63773070639146,0.9848505746535352,0.8036774677471781,0.18117310690635713,34.42451705872331,29.997500038146974,25.570483017570638,1.6771015293220544,55.69368017932513,37.5790226659239,3821310.0,86.71549621399642,-31.176443660960476,26.86855083330344,
2024-01-25,33.349998474121094,33.599998474121094,31.649999618530273,33.0,75832,0,30.23500003814697,29.59300006866455,30.71696617130667,29.41915839169005,26.340773693789224,61.6077381206267,1.0617226796487849,0.8552865101274995,0.2064361695212854,34.76987651143636,30.23500003814697,25.700123564857584,1.6965941954841093,72.54679873962387,54.22567999133994,3745478.0,88.33682376789034,-35.882343965418194,26.893539801507767,
2024-01-29,32.04999923706055,36.29999923706055,32.04999923706055,35.04999923706055,139969,0,30.602499961853027,29.69900005340576,31.129635987092755,29.639975679743795,26.42743265441879,67.35513715055585,1.273383411252187,0.938905890352437,0.3344775208997499,35.43742282001165,30.602499961853027,25.767577103694407,1.8789803243781016,84.6053712800757,70.94861673300808,3885447.0,130.27222563579815,-14.285714285714286,26.95246838206398,
2024-01-30,35.04999923706055,38.0,35.04999923706055,35.75,93118,0,31.032499980926513,29.81300006866455,31.569670654988684,29.87958447661659,26.52019451855393,69.05846781123773,1.4805434936118225,1.047233411004314,0.4333100826075085,36.087426150827326,31.032499980926513,25.9775738110257,1.955481784275341,78.4956803655161,78.54928346173841,3978565.0,167.4881937880104,-21.531098906514373,27.000436825708768,0.29344308992440815
2024-01-31,36.29999923706055,37.54999923706055,36.0,36.70000076293945,112089,0,31.527500057220458,29.94700008392334,32.05827352241257,30.147051781962585,26.621486122975675,71.2508639935215,1.701759647562696,1.1781386583159903,0.5236209892467056,36.76328832590385,31.527500057220458,26.29171178853706,1.9443758880457127,78.9209326271987,80.67399475759669,4090654.0,160.86242328449887,-14.44443596733941,27.060504481274787,0.2603833424424051
2024-02-01,37.599998474121094,39.900001525878906,37.04999923706055,39.04999923706055,120166,0,32.115000057220456,30.131000061035156,32.72415216190285,30.496186976280153,26.74515292013075,75.81582266292736,2.0431481405018133,1.351140554753155,0.6920075857486583,37.926720967564606,32.115000057220456,26.303279146876303,2.0340633791095515,81.94653020569302,79.78771439946912,4210820.0,184.47060036984894,-7.798185044288979,27.136660402789843,0.2710043805112171
2024-02-02,39.849998474121094,42.95000076293945,36.900001525878906,37.75,306983,0,32.61250009536743,30.261000061035155,33.20280433695972,30.780650232112304,26.854653886099598,69.2637562198977,2.1836303751415684,1.5176385188308377,0.6659918563107308,38.56337173264332,32.61250009536743,26.661628458091542,2.320915940391765,75.24684384434609,78.70476889241246,3903837.0,171.72893981718636,-37.27598909352133,27.335542493440343,0.060981591388247935
2024-02-05,39.0,39.0,35.20000076293945,36.5,44601,0,33.02000007629395,30.335000076293944,33.516822971534985,31.00493845830398,26.950627479272736,63.574530056634714,2.1690950276354926,1.6479298205917687,0.5211652070437238,38.86272192873752,33.02000007629395,27.177278223850372,2.4265647472966783,53.44831949611938,70.21389784871936,3859236.0,99.01178867247161,-46.23656208016114,27.358397413208532,0.035408271551849245
2024-02-06,36.95000076293945,38.75,34.95000076293945,37.349998474121094,36877,0,33.442500019073485,30.452000045776366,33.88188730511462,31.2537643412772,27.054103807579686,65.64123069924764,2.200794049289847,1.7585026663313843,0.4422913829584627,39.25440764988375,33.442500019073485,27.630592388263214,2.5246672108512405,33.54932851413649,54.08149728486719,3896113.0,90.5091078845262,-40.143383387445525,27.37744203814897,0.035342487255385135
2024-02-07,37.75,41.349998474121094,37.5,39.349998474121094,98841,0,33.97249994277954,30.59300003051758,34.40265979740095,31.571263719035784,27.17645101819204,69.96007709055922,2.3600933505940773,1.8788208031839229,0.48127254741015446,39.908025778460214,33.97249994277954,28.03697410709887,2.630048124361866,34.45145975720133,40.483035922485605,3994954.0,132.95912697970928,-25.806466608821825,27.44064861405405,0.027991118034781885
2024-02-08,41.0,41.75,38.099998474121094,39.25,40477,0,34.429999923706056,30.763000030517578,34.86431124526753,31.872390632014774,27.296585833931424,69.48975110381399,2.4500277585168675,1.9930621942505118,0.4569655642663557,40.50983485700523,34.429999923706056,28.350164990406885,2.7029019387559403,46.24997774759927,38.0835886729789,3954477.0,123.94276220295689,-26.523301509553562,27.466985842305984,0.0066791892328895985
2024-02-09,41.04999923706055,41.04999923706055,38.0,38.75,44921,0,34.78749990463257,30.924000015258787,35.23437684095634,32.14210080330831,27.410550153991807,67.06209520794393,2.4526826050829555,2.0849862764170006,0.3676963286659549,40.99909136904328,34.78749990463257,28.57590844022186,2.727694602920555,54.87743661477884,45.19295803985968,3909556.0,100.02567404820871,-32.06107359264247,27.495051790999145,-0.033343964767671576
2024-02-12,40.900001525878906,40.900001525878906,36.29999923706055,36.79999923706055,63581,0,34.96999979019165,31.040999984741212,35.383483735823404,32.32476348698487,27.50397750805219,58.481208446232635,2.271256197741188,2.122240260681838,0.14901593705935,41.19289254295094,34.96999979019165,28.747107037432357,2.8614308661989694,45.612733806842364,48.91338272307336,3845975.0,64.04568298206891,-46.94657516635065,27.530298754115133,-0.11478264039992424
2024-02-13,36.79999923706055,41.75,34.849998474121094,40.20000076293945,135737,0,35.26249990463257,31.22599998474121,35.84219964316779,32.63359632133603,27.630306097653058,66.52416145820132,2.374454932540786,2.1726831950536276,0.20177173748715838,41.878833530830306,35.26249990463257,28.64616627843483,3.1499001990332505,53.54148628869931,51.3438855701067,3981712.0,76.64200455002808,-21.23551998444664,27.611398468165433,-0.08246312198671521
2024-02-14,40.0,45.0,37.650001525878906,43.75,467857,0,35.817499828338626,31.493999977111816,36.59532348667562,33.06953372049932,27.790701061855515,72.51174775350702,2.7114401490006728,2.280434585843037,0.43100556315763594,43.27312005806287,35.817499828338626,28.361879598614383,3.4499072186823825,64.14228059673941,54.432166897426896,4449569.0,129.45166705507205,-9.363295612598217,27.958870927912873,0.09904701497671885
2024-02-15,43.5,43.95000076293945,39.099998474121094,39.849998474121094,198821,0,36.26999979019165,31.685999946594237,36.905292533098994,33.33543429907272,27.910694070932784,59.84730416047004,2.633449069815086,2.3510374826374467,0.28241158717763915,43.549037829446526,36.26999979019165,28.990961750936766,3.5499140094063812,71.49401838751305,63.05926175765046,4250748.0,98.9171179474334,-39.76834920826626,28.089805698594073,0.04556361243224544
2024-02-16,41.5,47.79999923706055,41.099998474121094,47.5,760297,0,37.14749975204468,32.04299995422363,37.91431229185147,33.89090746381497,28.10561253788868,70.6688310080591,3.152590664314552,2.511348118972868,0.6412425453416839,45.34130676992565,37.14749975204468,28.953692734163713,3.864205920373029,78.20973698833802,71.28201199086337,5011045.0,179.6212204726169,-2.31659628869745,28.73388659055207,0.26730106518127134
2024-02-19,48.599998474121094,51.45000076293945,45.29999923706055,47.75,733401,0,37.989999771118164,32.41699996948242,38.851044454532285,34.434401288763404,28.301079079800235,70.94442294529505,3.5433415926054153,2.717746813699377,0.825594778906038,46.876821420934654,37.989999771118164,29.103178121301674,4.02747703505202,74.88510730010026,74.86295422531698,5744446.0,209.18206845192742,-22.28915814928379,29.404705895501166,0.17319367431058763
2024-02-20,46.0,55.0,46.0,51.900001525878906,722957,0,39.02249984741211,32.885,40.093802270851015,35.11932678825813,28.535894228517435,75.12299717963316,4.140159773899363,3.0022294057393744,1.1379303681599886,49.23638665831884,39.02249984741211,28.80861303650537,4.382657246834019,85.84227254227443,79.64570561023744,6467403.0,230.0828674353205,-15.384606647000627,30.11427938092371,0.19514695564217566
2024-02-21,53.70000076293945,56.95000076293945,49.0,50.75,469350,0,40.01999988555908,33.34099998474121,41.10867824505568,35.73229436518918,28.756930106840645,72.03158828951767,4.468833044656144,3.2955501335227284,1.1732829111334153,50.71244615336633,40.01999988555908,29.327553617751832,4.6374674979844075,75.0365068458949,78.58796222942307,5998053.0,203.9966727603306,-28.054299189264718,30.576957808350564,0.13096181771002052
2024-02-22,51.900001525878906,53.70000076293945,49.29999923706055,51.04999923706055,128672,0,40.902499771118165,33.79199996948242,42.05547072048471,36.33298867389002,28.978751690225916,72.35123169650235,4.699345283736442,3.576309163565471,1.1230361201709704,52.16218380222169,40.902499771118165,29.642815740014644,4.620505642834014,70.05823322396397,76.9790042040443,6126725.0,155.15187248462004,-26.69683671871858,30.695402786440635,0.10098472296219321
2024-02-23,52.5,52.5,50.0,50.349998474121094,112360,0,41.76999969482422,34.23999992370605,42.84542574464056,36.88267533272261,29.191400911956215,70.3314222758603,4.770551731741662,3.8151576772007094,0.9553940545409527,53.1335997331884,41.76999969482422,30.406399656460046,4.469040954060156,57.12991828856631,67.40821945280825,6014365.0,125.51666418710913,-29.86426065737411,30.795751275128985,0.0774383378915684
2024-02-26,51.400001525878906,51.5,49.5,49.849998474121094,68942,0,42.509999656677245,34.68899990081787,43.51252790935299,37.391197808855885,29.396959096654374,68.85284999385577,4.732088957594847,3.998543933279537,0.7335450243153101,53.954063658681136,42.509999656677245,31.065935654673353,4.292680885913002,47.09448307013752,58.09421152755579,5945423.0,100.03104098937786,-32.126703861974946,30.854812047145508,0.057071634343754125
2024-02-27,50.95000076293945,50.95000076293945,45.04999923706055,46.04999923706055,142006,0,43.02499961853027,35.07299987792969,43.75419184532514,37.73075864917764,29.562660988598715,58.744931116049756,4.344893523525194,4.067813851328668,0.27707967219652563,54.12781463875349,43.02499961853027,31.922184598307055,4.407489503053424,28.970262830835036,44.39822139651282,5803417.0,54.14012638838069,-49.32126876472693,30.957145720073697,0.04714591827121102
2024-02-28,46.25,47.25,41.29999923706055,42.5,79272,0,43.3149995803833,35.395999870300294,43.63474500291322,37.917787721758906,29.691390730005693,51.18508904305482,3.708829999021056,3.9960170808671456,-0.28718708184608976,54.03834347475886,43.3149995803833,32.59165568600774,4.517668878759569,17.74686185020558,31.270535917059245,5724145.0,2.0776955179084915,-65.3846120651785,31.001066626520252,0.03983823325252012
2024-02-29,43.45000076293945,43.45000076293945,38.20000076293945,39.95000076293945,87634,0,43.359999656677246,35.66799987792969,43.283816980058575,37.99748235082481,29.793466451726427,46.55096662888049,2.9648050193275637,3.7897746685592293,-0.8249696492316656,54.01873326213652,43.359999656677246,32.70126605121797,4.569978244562456,10.106182491471827,18.941102390837347,5636511.0,-43.09692723709443,-76.9230689564284,31.037296617147533,0.02373160011352222
2024-03-01,39.95000076293945,47.900001525878906,39.95000076293945,47.900001525878906,333900,0,43.86749973297119,36.09899990081787,43.723453603470034,38.38581643612105,29.973630979827448,59.010647080400844,2.982280608698737,3.628275856587131,-0.6459952478883939,54.37493904649001,43.86749973297119,33.36006041945237,4.811408424446528,31.61584265151176,19.82296233106292,5970411.0,18.891864429457925,-40.95021855106075,31.240180876231197,0.13985867485043252
2024-03-04,50.79999923706055,55.5,49.5,51.0,936322,0,44.59249973297119,36.581999893188474,44.41645802218717,38.8804903013712,30.18284858201822,62.665396343769956,3.2092795315410996,3.544476591577925,-0.33519706003682526,54.96661571825143,44.59249973297119,34.21838374769095,5.010593427994711,53.052847265682125,31.59162413622177,6906733.0,103.37277028321921,-30.829020715783496,32.03920212284328,0.03763889741346919
2024-03-05,51.599998474121094,54.150001525878906,50.20000076293945,51.849998474121094,97788,0,45.31749973297119,37.071999855041504,45.124414255704686,39.38909846500845,30.398442113282925,63.623148162736264,3.418360850432485,3.5192534433488367,-0.10089259291635155,55.59189875066153,45.31749973297119,35.04310071528086,4.934836809062192,75.27416775328716,53.314285890160214,7004521.0,95.11175424041322,-27.20001220703125,32.119384483,0.032730943661981704
2024-03-06,51.79999923706055,51.79999923706055,43.150001525878906,47.0,232660,0,45.69999980926514,37.45499984741211,45.303041469447095,39.68756519187087,30.563631743996527,54.959645688455495,3.1563208561818072,3.446666925915431,-0.29034606973362376,55.62078592308156,45.69999980926514,35.77921369544871,5.203776819003621,67.91907078968573,65.41536193621819,6771861.0,22.32238291947881,-53.066670735677086,32.26278068477347,0.028277893396927864
2024-03-07,46.0,48.5,44.650001525878906,46.5,28198,0,46.062499809265134,37.8189998626709,45.41703751997594,39.95471949807201,30.722202572414474,54.14114533077738,2.875163358051708,3.3323662123426865,-0.4572028542909785,55.53371264972144,46.062499809265134,36.59128696880883,5.107078365797726,57.29698595510131,66.83007483269127,6743663.0,6.076256655806598,-55.73333740234375,32.27910066596234,0.03071079323444297
2024-03-11,48.45000076293945,48.45000076293945,44.20000076293945,44.20000076293945,19969,0,46.33499984741211,38.13799987792969,45.30112925740104,40.1212011163021,30.856310017096316,50.421248337889935,2.4386421499158715,3.1536213998573235,-0.714979249941452,55.246009747164045,46.33499984741211,37.42398994766017,5.04585848252646,33.83041755870419,53.01549143449694,6723694.0,-15.403466770086172,-68.0,32.289881078317954,0.0313338459951169
2024-03-12,45.400001525878906,45.400001525878906,42.0,42.0,8335,0,46.59499988555908,38.4239998626709,44.98673599479142,40.1948795038981,30.96719250448839,47.08853129092207,1.8933489242767791,2.9015669047412147,-1.0082179804644356,54.63930810700744,46.59499988555908,38.55069166411073,4.928297271337349,16.874734273260376,36.00071259568848,6715359.0,-68.4339198161982,-79.73333740234375,32.29353811361511,0.03882023418351551
2024-03-13,42.0,42.79999923706055,39.900001525878906,39.900001525878906,8961,0,46.579999923706055,38.67899990081787,44.50228509299023,40.183315661622835,31.056076176343023,44.092602972695836,1.2770270153786285,2.5766589268686975,-1.299631911490069,54.67292230179682,46.579999923706055,38.48707754561529,4.783418731326227,2.834006388100024,17.84638607335472,6706398.0,-116.37867511147286,-90.17340556121144,32.296645493620275,0.024844099999913504
2024-03-14,37.900001525878906,41.54999923706055,37.900001525878906,39.20000076293945,38610,0,46.35249996185303,38.92699993133545,43.997305632985395,40.144754293047015,31.137110251831544,43.10805048566493,0.723760193809369,2.2060791802568316,-1.4823189864474626,54.988440286807666,46.35249996185303,37.71655963689839,4.702460087030185,4.088048503762742,7.932263055040903,6667788.0,-134.4277674094267,-92.61364005813947,32.30795541383753,-0.034514128640386235
2024-03-15,37.29999923706055,40.400001525878906,37.25,37.25,12620,0,46.222500038146975,39.12599994659424,43.35470509651059,40.03123451684909,31.19793502544516,40.401643421575166,0.12648544147578633,1.7901604325006226,-1.6636749910248363,55.31240990387377,46.222500038146975,37.13259017242018,4.591570189805094,4.088048503762742,3.6700344652083587,6655168.0,-149.75889542363728,-100.0,32.311007761141724,-0.01096226670267646
2024-03-18,37.25,37.75,35.400001525878906,36.400001525878906,26419,0,45.66750011444092,39.297999992370606,42.692352375498054,39.888833223085555,31.24969688117087,39.24503201396755,-0.41071243867529716,1.3499858582654387,-1.7606982969407359,55.68569635328434,45.66750011444092,35.6493038755975,4.431457924399094,7.421381837096075,5.19915961487371,6628749.0,-153.54527134865543,-95.02487524420707,32.31548785554805,-0.1751714169364324
2024-03-19,36.29999923706055,36.70000076293945,34.599998474121094,35.099998474121094,11904,0,45.035000038146975,39.43299995422363,41.96927105155739,39.70103578194969,31.28800833980719,37.47787822997582,-0.9306174322253398,0.8938652001672831,-1.8244826323926229,55.99999376923918,45.035000038146975,34.07000630705477,4.264925379000471,5.3658534694280595,5.625094603428816,6616845.0,-144.79264594880195,-97.60765567705396,32.31699965468751,-0.1705611903594298
2024-03-20,36.29999923706055,36.29999923706055,33.599998474121094,33.75,7071,0,44.127499961853026,39.52999996185303,41.18648333236145,39.46766182971637,31.312505769261847,35.68107241133704,-1.4350372634867412,0.4280847074364782,-1.8631219709232194,55.659258633273545,44.127499961853026,32.59574129043251,4.153145049281827,5.994790624495888,6.260675310339864,6609774.0,-136.39476676939242,-99.31506157339007,32.317635825831594,-0.29448569476320424
2024-03-21,35.29999923706055,35.400001525878906,33.29999923706055,35.0,19763,0,43.339999961853025,39.65499996185303,40.59729444356512,39.29245940502161,31.349197254144812,38.6156476346191,-1.7141691852614898,-0.00036607110311548396,-1.7138031141583743,55.10399515122453,43.339999961853025,31.576004772481518,4.006491994963008,10.642678957418202,7.334441017113907,6629537.0,-121.14648342498378,-92.34233916884622,32.31942522463295,-0.23512246260349665
2024-03-22,35.70000076293945,36.75,35.0,36.75,38010,0,42.625,39.787999954223636,40.23088544893987,39.1927551146286,31.40293658494934,42.56644597258794,-1.773726455195991,-0.35503814792169064,-1.4186883072743004,54.16378178875313,42.625,31.086218211246873,3.845313995322793,34.452856734784426,17.030108772232694,6667547.0,-90.13619734284529,-84.45945655687154,32.32530339353481,-0.21650826928841194
2024-03-26,38.400001525878906,38.400001525878906,35.29999923706055,35.75,18595,0,41.89500007629395,39.87099994659424,39.80413445380274,39.05774511013336,31.446190947288155,40.944740645106684,-1.8799468067948624,-0.660019879696325,-1.2199269270985373,53.23210245428199,41.89500007629395,30.5578976983059,3.7920774448581906,49.83698927520167,31.644174989134616,6648952.0,-77.52840121917427,-88.24939811036202,32.32840905470138,-0.19512692429489673
2024-03-27,35.75,36.45000076293945,34.0,34.099998474121094,18326,0,41.107500076293945,39.889999885559085,39.26088340811877,38.863323673427,31.47259699233127,38.34862867173337,-2.0733680380972004,-0.9426895113765001,-1.1306785267207002,52.31219888628753,41.107500076293945,29.902801266300358,3.696214824721138,47.08451844574811,43.791454818577925,6630626.0,-90.84789309123657,-95.67567979967272,32.33026383706456,-0.18676921254297343
2024-03-28,35.45000076293945,35.70000076293945,34.099998474121094,34.900001525878906,23592,0,40.55000019073486,39.90099994659424,38.845561324095925,38.70789927548393,31.50670052002826,40.32430044756468,-2.1374628557796385,-1.1816441802571278,-0.9558186755225107,51.82488373749149,40.55000019073486,29.275116643978233,3.546485357870939,31.699347138542,42.87361828649711,6654218.0,-83.12040951578234,-89.47366968086294,32.33269488191943,-0.15173301191276076
2024-04-01,36.5,36.599998474121094,36.0,36.599998474121094,11541,0,40.25500011444092,39.97999988555908,38.631698195526894,38.6252364989599,31.557380101661025,44.40162545425122,-2.0277087500496336,-1.350857094215629,-0.6768516558340045,51.618753969303015,40.25500011444092,28.89124625957882,3.4145933286117427,35.383228749619185,38.05569811130295,6665759.0,-57.259376177091106,-78.21782901194064,32.33457631501236,-0.1272101085573496
2024-04-02,36.70000076293945,38.400001525878906,36.70000076293945,38.400001525878906,19115,0,40.17750015258789,40.13199993133545,38.609631846036606,38.616403754917506,31.625465886976624,48.42015896598536,-1.7750212870149653,-1.4356899327754964,-0.3393313542394689,51.5696235599854,40.17750015258789,28.785376745190376,3.299265451693605,63.487811246150436,43.52346237810374,6684874.0,-34.863586793271516,-57.8512287263674,32.33878595560356,-0.10649030700642954
2024-04-03,39.95000076293945,39.95000076293945,38.0,38.25,24106,0,39.695000076293944,40.29799991607666,38.57538119403312,38.60203498021486,31.691381649295263,48.108104170434856,-1.568784549812733,-1.4623088561829438,-0.10647569362978926,50.542345203578726,39.695000076293944,28.84765494900916,3.2028894024968797,76.83980539644078,58.57028179740333,6660768.0,-19.333284988710332,-47.89472881116365,32.34495363764251,-0.34671368788485596
2024-04-04,39.04999923706055,40.150001525878906,38.150001525878906,39.25,7693,0,39.107500076293945,40.46499992370605,38.6396306041252,38.62744537314761,31.766591782138097,50.402929737231574,-1.3095530941720952,-1.431757703780774,0.12220460960867885,48.634476074427376,39.107500076293945,29.580524078160515,3.1169687308899596,85.5175038314881,75.28170682469296,6668461.0,-4.609104100373042,-27.87877863103693,32.34705791191802,-0.12843484979380915
2024-04-05,39.25,39.5,37.5,39.20000076293945,10587,0,38.47500019073486,40.62399993896484,38.69299919067894,38.649898525688464,31.84055605060378,50.28319475175286,-1.0955163875049436,-1.364509440525608,0.26899305302066434,46.00430994925609,38.47500019073486,30.94569043221363,3.0371852501121053,77.88697842071123,80.08142921621322,6657874.0,-1.1394779324197455,-16.901413747842145,32.34976118574462,-0.10744250914028285
2024-04-08,38.45000076293945,38.45000076293945,38.45000076293945,38.45000076293945,5307,0,38.04750022888184,40.776999969482425,38.669856483275176,38.64205939773752,31.906321669631996,48.42489181523612,-0.9751683536488542,-1.2866412231502573,0.31147286950140307,44.483685528801985,38.04750022888184,31.611314928961693,2.873814875104098,70.98566648543958,78.13004957921282,6652567.0,2.7848954872618528,-24.817521093598163,32.35105530202884,
2024-04-09,37.70000076293945,37.75,37.70000076293945,37.70000076293945,1077,0,37.60750026702881,40.86299995422363,38.57748927181463,38.60511592186309,31.96397021782411,46.57137145440717,-0.9295946136915418,-1.2152319012585142,0.2856372875669724,42.74416086013801,37.60750026702881,32.47083967391961,2.7221138125966626,45.12674816242634,64.66646435619224,6651490.0,-5.721453643090152,-35.76642254468624,32.35128629224417,
2024-04-10,36.95000076293945,37.5,36.95000076293945,36.95000076293945,1408,0,37.24500026702881,40.941999969482424,38.42249036620747,38.54020944504256,32.01358246205411,44.727673824073186,-0.9431240810903176,-1.1608103372248748,0.21768625613455717,41.39878235214843,37.24500026702881,33.091218181909184,2.5812485402683296,19.423940239869875,45.17878496257845,6650082.0,-12.907257544993511,-46.71532399577432,32.35155541519078,
2024-04-12,36.25,36.5,36.25,36.25,2563,0,36.957500267028806,40.96599998474121,38.215586521806756,38.45039730994285,32.05573587039188,43.01599386835873,-0.9988167550863523,-1.1284116207971704,0.12959486571081813,40.507046889462124,36.957500267028806,33.40795364459549,2.446873699030553,2.5157314185963244,22.355473273630697,6647519.0,-35.381344086279874,-56.93430982125504,32.35196327915499,
2024-04-15,35.54999923706055,35.54999923706055,35.54999923706055,35.54999923706055,1128,0,36.74000015258789,40.96199996948242,37.96172106611664,38.33665620904551,32.09050466010997,41.313359301252476,-1.0869086060574844,-1.1201110178492333,0.033202411791748876,40.06785308261722,36.74000015258789,33.41214722255856,2.3220970607383316,-2.3684757858670005e-15,7.31322388615525,6646391.0,-63.827673364938285,-74.79676662618333,32.352107445059126,
2024-04-16,35.54999923706055,35.54999923706055,34.849998474121094,35.54999923706055,6553,0,36.55750007629395,40.93899993896484,37.7320332728732,38.22737554347747,32.12492749172142,41.31335930125247,-1.1435400151538744,-1.1247968173101615,-0.018743197843712922,39.72203477316804,36.55750007629395,33.392965379419856,2.206233039466983,8.045981547398243,3.5205709886647067,6646391.0,-69.86732732741538,-74.79676662618333,32.352883614512805,
2024-04-18,35.099998474121094,35.5,35.0,35.099998474121094,3197,0,36.45,40.859999923706056,37.48136329203967,38.1047333054635,32.15453018806371,40.12913124510488,-1.210775054479221,-1.1419924647439734,-0.06878258973524765,39.65889478439349,36.45,33.24110521560652,2.0879306250093803,11.19063382474721,6.412205124048334,6643194.0,-70.87862489729703,-82.11385038699008,32.353247235303925,
2024-04-19,35.150001525878906,35.150001525878906,35.0,35.150001525878906,9806,0,36.3875,40.80799995422363,37.25932883811959,37.98886147096999,32.1843358730171,40.33379512123281,-1.2456652258391472,-1.1627270169630082,-0.08293820887613901,39.64616229830104,36.3875,33.12883770169896,1.9495071179286323,17.251295932276875,12.162637101473962,6653000.0,-69.44437131840046,-82.64458641136162,32.354322814646856,
2024-04-22,35.099998474121094,35.099998474121094,35.0,35.099998474121094,4051,0,36.3875,40.77999992370606,37.053678327262595,37.87557272599552,32.21334744118729,40.18585582780154,-1.262794062505364,-1.1827404260714793,-0.08005363643388463,39.64616229830104,36.3875,33.12883770169896,1.8209710042107947,21.110063314493907,16.517331023839184,6648949.0,-69.27300797208018,-95.28302158397656,32.35476151441934,
2024-04-23,35.099998474121094,35.099998474121094,34.900001525878906,35.099998474121094,9677,0,36.454999923706055,40.734999923706056,36.86761357934436,37.7667266769024,32.242070337037376,40.18585582780154,-1.261823275705332,-1.1985569959982498,-0.06326627970708221,39.543835594536674,36.454999923706055,33.366164252875436,1.70518714307018,29.870159966760223,22.74383973784352,6648949.0,-73.32463516251042,-95.28302158397656,32.35579602937173,
2024-04-24,35.099998474121094,35.099998474121094,35.0,35.099998474121094,1756,0,36.45999984741211,40.649999923706055,36.69926928360881,37.66214910032274,32.27050743292875,40.18585582780154,-1.246682935326895,-1.2081821838639788,-0.038500751462916094,39.53970870289295,36.45999984741211,33.38029099193126,1.5905308095738167,34.92046768489845,28.63356365538404,6648949.0,-74.04953919790158,-95.28302158397656,32.35598600396547,
2024-04-25,34.400001525878906,34.5,34.400001525878906,34.400001525878906,11279,0,36.34249992370606,40.55299995422363,36.48029140192025,37.5342217444622,32.2916964288785,37.76401131417443,-1.2764538447440046,-1.221836516039984,-0.054617328704020585,39.54582324573981,36.34249992370606,33.139176601672304,1.5269212480501289,23.01571875528317,29.26878213564713,6637670.0,-97.48440086504165,-100.0,32.35692064934824,
2024-04-26,33.75,33.75,33.75,33.75,23953,0,36.242499923706056,40.452999954223635,36.22026364935641,37.38582089173819,32.306206912173245,35.617471100952706,-1.3370841223375578,-1.2448860372994988,-0.09219808503805904,39.632968953862566,36.242499923706056,32.852030893549546,1.4642841250378988,11.110969825667892,23.015718755283018,6613717.0,-115.52665300593576,-100.0,32.35825045428916,
2024-04-29,33.900001525878906,33.900001525878906,33.29999923706055,33.900001525878906,15636,0,36.232500076293945,40.395,35.999286304263315,37.24912209307704,32.32206556504594,36.51428617836104,-1.3573831169935886,-1.2673854532383166,-0.08999766375527196,39.64926426381522,36.232500076293945,32.81573588877267,1.4025497081650744,11.111158206159041,15.079282262369881,6629353.0,-111.1732795429076,-88.34947357193332,32.359086016906176,
2024-04-30,34.54999923706055,34.54999923706055,33.75,34.54999923706055,1336,0,36.214999961853025,40.28199996948242,35.86125896452972,37.14327413793914,32.34423405929484,40.389188317486955,-1.3059664649974323,-1.2751016555901398,-0.030864809407292526,39.662332819953605,36.214999961853025,32.767667103752444,1.3595103888004654,34.25931616577551,18.82714806586733,6630689.0,-82.12853289070127,-71.91011717547862,32.359188399413426,
2024-05-02,34.54999923706055,34.54999923706055,34.54999923706055,34.54999923706055,5638,0,36.1125,40.09799995422363,35.73637708572313,37.04157708300272,32.366181971511416,40.38918831748697,-1.250799954573118,-1.2702413153867353,0.019441360813617248,39.629157443886456,36.1125,32.59584255611354,1.2624025038861464,67.59264949910884,37.65437462368098,6630689.0,-64.2527696563702,-70.23810064441125,32.359680202190596,
2024-05-03,33.900001525878906,34.45000076293945,33.849998474121094,33.900001525878906,2002,0,35.8875,39.97900001525879,35.561484175261775,36.91837804154689,32.381443857624525,37.71915860117921,-1.2451758683284098,-1.2652282259750702,0.020052357646660468,39.36555647324172,35.8875,32.40944352675829,1.2222309509613825,72.48155232810605,58.11117266432998,6628687.0,-79.12824527842083,-81.24993294479061,32.35981625910663,
2024-05-06,33.79999923706055,33.79999923706055,33.45000076293945,33.79999923706055,9345,0,35.66499996185303,39.705,35.3937237049569,36.79608867666507,32.39555883652439,37.31049609952632,-1.2345568851269988,-1.2590939578054559,0.02453707267845706,39.07881050144257,35.66499996185303,32.25118942226349,1.167071651816959,62.666727701822914,67.58030984301244,6619342.0,-93.13429499317789,-77.77777777777779,32.36030849539481,
2024-05-07,33.150001525878906,33.79999923706055,33.150001525878906,33.150001525878906,9769,0,35.36000003814697,39.41300003051758,35.18003587837804,36.65310486683032,32.403065728955774,34.68038961864555,-1.2640198138796777,-1.2600791290203002,-0.003940684859377486,38.51857581818727,35.36000003814697,32.20142425810667,1.1301377989144363,29.333394368489582,54.82722479947268,6609573.0,-109.28346686225598,-100.0,32.36069960551725,
2024-05-08,32.5,32.5,32.5,32.5,7221,0,35.025,39.025,34.92479436615156,36.49023800930756,32.40403024906567,32.23338151060815,-1.3245504944383057,-1.2729734021039012,-0.05157709233440455,37.89109486695442,35.025,32.15890513304558,1.09584235084047,13.333333333333334,35.11115180121511,6602352.0,-155.2229802718556,-100.0,32.360739611135706,
2024-05-09,32.04999923706055,32.5,32.04999923706055,32.04999923706055,2114,0,34.704999923706055,38.65099998474121,34.651004353857175,36.31611099863121,32.400507552428806,30.622457557630906,-1.3927777210427905,-1.2969342658916791,-0.09584345515111137,37.393661199088335,34.704999923706055,32.016338648323774,1.0497108088475402,0.0,14.222242567274138,6600238.0,-159.0151441790179,-100.0,32.360726097753655,
2024-05-10,31.399999618530273,31.399999618530273,31.399999618530273,31.399999618530273,10242,0,34.389999866485596,38.25799999237061,34.34138485525461,36.12332231705862,32.39055224960394,28.413542153537968,-1.482211811501223,-1.3339897750135878,-0.1482220364876352,37.07748916089876,34.389999866485596,31.702510572072434,1.021160009539164,0.0,4.4444444444442786,6589996.0,-189.08941508419085,-99.99999999999999,32.360334948538835,
2024-05-13,30.799999237060547,32.95000076293945,29.850000381469727,32.099998474121094,20209,0,34.14749975204468,37.892999992370605,34.12791948562285,35.96554491145323,32.38766116726083,33.93999602651514,-1.4795495883488599,-1.3631017376806422,-0.11644785066821761,36.740851606885535,34.14749975204468,31.554147897203823,1.169648607534204,18.987331177465403,6.3291103924883005,6610205.0,-154.34119701981015,-57.142877903121914,32.35975138324227,
2024-05-14,32.95000076293945,33.70000076293945,32.099998474121094,33.70000076293945,5596,0,34.01999979019165,37.57000003814697,34.08716532155776,35.87670004288406,32.400719272690466,44.488820957246375,-1.3329673267898556,-1.357074855502485,0.024107528712629334,36.4317208545848,34.01999979019165,31.608278725798492,1.200388156197358,52.320664510798736,23.76933189608788,6615801.0,-51.51713373338039,-26.666632758234208,32.35993069893886,
2024-05-15,33.70000076293945,35.349998474121094,32.5,35.349998474121094,7508,0,34.00999975204468,37.35600002288818,34.20743514561141,35.85604507940316,32.43006533439625,52.850442905823044,-1.071309414684528,-1.2999217673388936,0.22861235265436575,36.397801696878425,34.00999975204468,31.62219780721093,1.3182174646204818,85.65399784413206,52.320664510798565,6623309.0,34.78505859333397,-0.0,32.36053876695759,
2024-05-16,35.0,35.900001525878906,33.599998474121094,35.20000076293945,6225,0,33.99249982833862,37.21000003814697,34.30196520440456,35.830317851306546,32.457626880948915,52.082397286997505,-0.8660637520787802,-1.213150164286871,0.3470864122080908,36.33968408545378,33.99249982833862,31.645315571223463,1.3883450065588627,96.1432472147198,78.03930318988337,6617084.0,72.11965050362511,-11.570258355840568,32.361166184804,
2024-05-17,33.5,35.0,33.45000076293945,33.650001525878906,18672,0,33.91999998092651,37.08400005340576,34.23987342549736,35.74481525030939,32.46949130527658,44.83205418203604,-0.8190357361608278,-1.1343272786616623,0.31529154250083447,36.21486367899362,33.91999998092651,31.6251362828594,1.4141775060903725,83.74655534478394,88.5146001345451,6598412.0,16.139107127992354,-37.190075609807614,32.362404481961455,
2024-05-21,33.0,33.5,33.0,33.04999923706055,12855,0,33.81499986648559,36.787000007629395,34.12655207421766,35.6391361909663,32.47526750360279,42.373027752774625,-0.8207201144082177,-1.0716058458109734,0.2508857314027557,36.06690989917457,33.81499986648559,31.563089833796617,1.359593507503839,58.746555344783935,79.5454526347624,6585557.0,-41.4058891273564,-47.10746693745757,32.362822803530065,
2024-05-22,33.04999923706055,33.5,32.5,32.599998474121094,6749,0,33.68999986648559,36.41899997711182,33.98116601706561,35.51995431971746,32.476508607787046,40.575468846567695,-0.8485843449572386,-1.0270015456402264,0.17841720068298783,35.9201568537152,33.68999986648559,31.459842879255984,1.3339082569678504,30.25035155401518,57.58115408119419,6578808.0,-57.88930812145362,-54.54549466998619,32.36295756060747,
2024-05-23,32.400001525878906,33.900001525878906,32.0,32.599998474121094,10437,0,33.56499986648559,36.03399997711182,33.849626251070895,35.40544624734113,32.477737362675946,40.575468846567695,-0.8607448179519679,-0.9937502001025746,0.13300538215060675,35.74470204340191,33.56499986648559,31.385297689569278,1.3743434904614973,14.441900170713284,34.47960235650397,6578808.0,-53.2455796032309,-54.54549466998619,32.363152032865514,
2024-05-24,33.900001525878906,34.20000076293945,32.54999923706055,33.599998474121094,9298,0,33.4899998664856,35.765999946594235,33.825852177075674,35.334644373881524,32.48890413990426,46.432178995223126,-0.7806911165324308,-0.9511383833885458,0.170447266856115,35.5533957120449,33.4899998664856,31.42660402092629,1.3940333501341693,23.88632766094766,22.85952646189188,6588106.0,2.6211917899991843,-38.01657217673836,32.36355219430281,
2024-05-27,32.0,34.400001525878906,32.0,32.25,13808,0,33.38249979019165,35.48099994659424,33.67577101735418,35.21367792784695,32.486526984283316,40.61289120082129,-0.816766401201626,-0.9242639869511619,0.10749758574953583,35.46895052759601,33.38249979019165,31.296049052787293,1.4658882198302219,26.378170918307465,21.56879958332264,6574298.0,-41.27799038363129,-60.33059232148875,32.36383624209766,
2024-05-28,30.799999237060547,32.5,30.649999618530273,30.850000381469727,37506,0,33.23749980926514,35.21399993896485,33.4066500044128,35.0425533181851,32.47024313748915,35.626329729956694,-0.9474035151562461,-0.9288918925921787,-0.018511622564067354,35.588005302118574,33.23749980926514,30.886994316411705,1.4933248028044723,23.027764493446174,24.430754357566936,6536792.0,-153.21161380512802,-83.47107750675217,32.36230886772185,
2024-05-29,31.0,32.25,29.5,29.850000381469727,24513,0,33.034999752044676,34.97099994659424,33.06792146889442,34.838923791255084,32.44417107026508,32.55186243886378,-1.1187299888795934,-0.9668595118496617,-0.15187047702993173,35.78601769982293,33.034999752044676,30.283981804266425,1.5830873168898674,7.630957904424666,19.012297772059274,6512279.0,-179.687484874827,-94.53124534338824,32.360538842885994,
2024-05-30,31.25,31.299999237060547,29.0,30.149999618530273,16547,0,32.81499977111817,34.77599990844727,32.79002414981212,34.65504441193254,32.4213434936309,34.381355974214934,-1.216279509337447,-1.0167435113472187,-0.19953599799022825,35.744180586418146,32.81499977111817,29.885818955818184,1.634295311187773,11.257498961229736,13.972073786366698,6528826.0,-175.70054045875602,-83.33334254757591,32.359095701433326,
2024-05-31,31.5,31.5,29.0,31.5,15188,0,32.662499809265135,34.62199989318847,32.66716470697287,34.53131718009205,32.41217589667935,42.00480273173573,-1.1711541230337694,-1.0476256336845289,-0.12352848934924054,35.53145006075191,32.662499809265135,29.793549557778363,1.6961313603886463,24.911809710778048,14.600088858810656,6544014.0,-122.25624072550555,-63.76812395441383,32.35808215814649,
2024-06-03,32.79999923706055,32.79999923706055,30.299999237060547,31.850000381469727,6956,0,32.559999752044675,34.51399990081787,32.58933953311543,34.42616750171471,32.40658211045836,43.82690107453601,-1.0945327315614009,-1.0570070532599032,-0.03752567830149767,35.39100654520071,32.559999752044675,29.728992958888643,1.7535505489323147,47.530863841797704,27.900057504601666,6550970.0,-54.998728586298476,-58.69565577948622,32.35788800000629,
2024-06-04,31.850000381469727,32.900001525878906,30.25,30.299999237060547,27185,0,32.38499975204468,34.391999855041504,32.37130712396734,34.264356981532195,32.38562108684246,38.11564948301917,-1.145675234303031,-1.0747406894685287,-0.07093454483450223,35.318615300113734,32.38499975204468,29.45138420397562,1.817582761571357,51.543203013380435,41.32862552198523,6523785.0,-76.53907653479175,-81.15943551338627,32.35659498695951,
2024-06-05,29.100000381469727,31.799999237060547,28.799999237060547,31.399999618530273,39607,0,32.297499656677246,34.31799987792969,32.27880164725905,34.15202924180663,32.37581390805329,43.72076085514047,-1.0849387005012723,-1.0767802916750775,-0.008158408826194785,35.239008559761864,32.297499656677246,29.355990753592632,1.9020411357448315,57.24931129172415,52.107792715633934,6563392.0,-94.20926945395719,-63.380288122379746,32.35396344327845,
2024-06-06,31.5,32.0,30.5,31.950000762939453,21456,0,32.26999969482422,34.28199989318848,32.24748727732385,34.06567518381184,32.37157696133574,46.33789828029325,-0.9811143881339035,-1.0576471109668426,0.0765327228329391,35.21370475031777,32.26999969482422,29.326294639330676,1.8733239117630578,57.85905713263501,55.550523812579705,6584848.0,-42.664736643583666,-49.19353002812416,32.353229628755976,
2024-06-07,32.400001525878906,33.0,31.450000762939453,32.75,12003,0,32.30499973297119,34.236999893188475,32.295345631864436,34.01408007856432,32.37534236470553,49.98141193705458,-0.8247721599536852,-1.011072120764211,0.1862999608105258,35.25405033636341,32.30499973297119,29.355949129578963,1.8502292921414498,78.09716359923044,64.40184400786303,6596851.0,9.144771651650851,-29.464300919546023,32.353251671326724,
2024-06-10,34.5,39.29999923706055,34.5,39.29999923706055,559517,0,32.699999713897704,34.287999877929686,32.96245549902597,34.22137102595633,32.44424442313692,68.71241745776516,-0.17037563566004366,-0.8429328237433775,0.6725571880833339,36.906542010446586,32.699999713897704,28.493457417348825,2.185927145349957,90.29229424943748,75.41617166043414,7156368.0,247.24723305566994,-0.0,32.46818989349384,0.6224070848625274
2024-06-11,41.29999923706055,41.349998474121094,36.86000061035156,37.2400016784668,200215,0,32.95699987411499,34.31779991149902,33.369840849448906,34.3397486986038,32.49196340080189,60.97823121290127,0.17993950702590666,-0.6383583575895206,0.8182978646154273,37.59177333496059,32.95699987411499,28.32222641326939,2.3505036252370695,87.09954656219264,85.16300147028669,6956153.0,230.7110112776625,-32.748980442304294,32.5141071732398,0.3490871473850712
2024-06-12,38.439998626708984,39.75,35.709999084472656,39.0099983215332,102121,0,33.222499752044676,34.41599990844727,33.90699870393313,34.522895742640245,32.556819469664894,64.65907763953652,0.5935486586395626,-0.39197695434370394,0.9855256129832666,38.553213800778444,33.222499752044676,27.89178570331091,2.4711820031149463,81.89473161394304,86.4288574751909,7058274.0,174.54537369286635,-18.64542067602519,32.53599169183868,0.371221748509951
2024-06-13,39.5,42.4900016784668,38.20000076293945,40.59000015258789,115150,0,33.484499835968016,34.52979988098144,34.543475032376435,34.760821405775445,32.63675161576363,67.59734415421514,1.0368773575818082,-0.10620609195860148,1.1430834495404096,39.65642808906511,33.484499835968016,27.312571582870927,2.6010976397158316,76.15801250671113,81.71743022761545,7173424.0,202.1409051279716,-13.878752279343907,32.57034976829733,0.34390123733708333
2024-06-14,41.5,41.599998474121094,38.33000183105469,39.08000183105469,74732,0,33.67849988937378,34.57939994812012,34.975525203679126,34.9302010302962,32.70086355820433,62.26903970387645,1.2519426845785588,0.16542366334883057,1.0865190212297282,40.28270265032893,33.67849988937378,27.07429712841864,2.6488761399551586,72.8482269675777,76.9669903627438,7098692.0,151.3748813331201,-24.908686919575388,32.590356159466744,0.2937343887984323
2024-06-18,39.9900016784668,40.900001525878906,38.5099983215332,39.220001220703125,52205,0,33.95699987411499,34.595799942016605,35.37976101482427,35.09842848874354,32.76573059962223,62.56367647832953,1.4173420495242866,0.41580734058392177,1.0015347089403648,40.988836768660015,33.95699987411499,26.92516297956997,2.6303852159830545,63.9604762746448,70.98890524964439,7150897.0,123.17441851262532,-23.886047294435507,32.60401626352963,0.28108084861622146
2024-06-19,40.0,41.5,38.810001373291016,40.02000045776367,55458,0,34.305499935150145,34.63119995117187,35.821688580818495,35.291431311058055,32.83791238925548,64.28018667349711,1.594594003369501,0.6515646731410376,0.9430293302284634,41.79872261472274,34.305499935150145,26.812277255577552,2.6346433167491923,57.553634537759926,64.78744592666067,7206355.0,113.98533551771033,-18.042372390179093,32.619649089198454,0.2758994888061733
2024-06-20,40.81999969482422,40.84000015258789,38.5,38.63999938964844,27448,0,34.60749998092651,34.61899993896484,36.09009913404039,35.422747706296896,32.89564459821461,59.234690809735035,1.6052090500553433,0.8422935485238987,0.7629155015314446,42.28600244381341,34.60749998092651,26.928997518039615,2.6135973764519562,41.86520557637983,54.45977212959471,7178907.0,86.07520883191529,-28.122729015546355,32.62655559410294,0.25867976010668264
2024-06-21,38.75,39.630001068115234,37.150001525878906,38.189998626708984,22455,0,34.88699998855591,34.59879989624024,36.29008956191359,35.53126735023462,32.94832473780162,57.64573287163775,1.5593352046880469,0.9857018797567283,0.5736333249313186,42.65924328794777,34.88699998855591,27.114756689164047,2.604054674007983,32.398810306050144,43.939216806729824,7156452.0,60.61573816523945,-31.40980485695306,32.63135066292109,0.2566667362418946
2024-06-24,37.70000076293945,40.0,37.0,39.84000015258789,28682,0,35.19900007247925,34.626599884033205,36.62817628483495,35.7002372640524,33.016898622525865,61.70235135140004,1.6372480093315005,1.1160111056716828,0.5212369036598177,43.236011783358926,35.19900007247925,27.161988361599576,2.6323364830074127,32.24607598415131,35.50336395552694,7185134.0,64.57502688513205,-19.35720272674178,32.63813317110776,0.269133807654896
2024-06-25,40.0,40.29999923706055,38.5,38.70000076293945,23573,0,35.52150011062622,34.6465998840332,36.82549290179728,35.81787504832248,33.07344690252998,57.59769279143166,1.588692585768733,1.2105474016910929,0.3781451840776402,43.5769090402723,35.52150011062622,27.466091180980143,2.5728838225826367,41.41988220942886,35.35492283320996,7161561.0,62.11291912235086,-27.68444294841215,32.64389066023327,0.2622748857951113
2024-06-26,39.09000015258789,44.5,38.849998474121094,42.209999084472656,126175,0,36.08950004577637,34.75179985046387,37.33830301443303,36.0685465791519,33.16435786951448,65.26047051090437,1.8125456945439211,1.3309470602616584,0.4815986342822627,44.3467234943229,36.08950004577637,27.83227659722984,2.803392066473916,56.78518789785878,43.48371536381284,7287736.0,98.54037683911912,-16.357149396623882,32.6871583842049,0.28163812702499963
2024-06-27,41.810001373291016,44.0,40.099998474121094,40.81999969482422,101122,0,36.63800001144409,34.84319984436035,37.66989317447029,36.25487807388415,33.24053341006483,60.590704439443,1.8563902507400627,1.4360356983573392,0.42035455238272346,44.617196988811486,36.63800001144409,28.658803034076694,2.881721313574272,52.72592615198206,50.310332086423095,7186614.0,89.16942080572173,-28.199237703593035,32.72074233289899,0.24042452687212862
2024-06-28,42.75,43.599998474121094,40.40999984741211,42.4900016784668,109368,0,37.25500011444092,34.98199989318848,38.12895112723186,36.49939272504425,33.33256792019818,63.930163751184864,2.002805485762771,1.5493896558384255,0.45341582992434537,45.038006138960874,37.25500011444092,29.471994089920962,2.903741121655323,64.53333536783855,58.01481647255965,7295982.0,94.93596556042552,-20.09998321533203,32.75891052218341,0.2467826231924924
2024-07-01,42.47999954223633,43.869998931884766,41.0,41.5099983215332,52232,0,37.75550003051758,35.10119987487793,38.45095562192722,36.69588706216147,33.41393538687813,60.68061740751267,2.016517376629025,1.6428151999965455,0.37370217663247973,45.276814995254135,37.75550003051758,30.234185065781027,2.9013309652431403,58.09999677870008,58.45308609950675,7243750.0,92.79455855426367,-34.015942742224574,32.77695323090067,0.21378501245993248
2024-07-02,41.5099983215332,42.599998474121094,40.54999923706055,41.869998931884766,35985,0,38.25649995803833,35.236599884033204,38.77657879430413,36.89879340999376,33.49807532264934,61.45568155163179,2.032998053471033,1.720851770691443,0.31214628277959,45.466008270687446,38.25649995803833,31.046991645389216,2.8405215560872406,58.93932739065875,60.52421984573231,7279735.0,81.64560802581073,-29.920373085165387,32.78874254204819,0.21517375642955888
2024-07-03,42.619998931884766,42.689998626708984,40.0,40.43000030517578,82720,0,38.76300001144409,35.34219985961914,38.93404750962524,37.0372721117656,33.56704970058493,56.645720234868534,1.9078705103651004,1.7582555186261746,0.14961499173892578,45.02674337312284,38.76300001144409,32.49925664976534,2.8297699182745077,38.12265580727116,51.720659992209846,7197015.0,63.73783877517397,-54.26666259765625,32.81380151909213,0.19234011847369997
2024-07-04,41.470001220703125,41.75,39.11000061035156,39.56999969482422,30664,0,39.171500015258786,35.431599884033204,38.99461438440609,37.13659476208163,33.626780546298754,53.93091488183867,1.7194899591245445,1.7505024067258486,-0.03101244760130406,44.44923500567796,39.171500015258786,33.89376502483961,2.8162148805155027,24.62172614990065,40.561236449276706,7166351.0,32.27646937589581,-65.73333740234375,32.82204383176496,0.16653767731496655
2024-07-05,39.59000015258789,39.970001220703125,38.5,38.79999923706055,24658,0,39.513999938964844,35.505599899291994,38.97607960846842,37.20182631012002,33.678255359142156,51.5487771490694,1.4908784940389737,1.6985776241884736,-0.20769913014949992,43.63502579590026,39.513999938964844,35.392974082029426,2.720056761957476,8.666812144009699,23.803731367060355,7141693.0,-22.855424150435386,-76.00001017252605,32.827706684961576,0.14739651476352184
2024-07-08,38.02000045776367,39.43000030517578,37.11000061035156,37.81999969482422,42064,0,39.767499923706055,35.55999992370605,38.86597675954992,37.22606840363783,33.719466745566855,48.60612036341399,1.2166002773515032,1.6021821548210795,-0.3855818774695763,42.622214178240384,39.767499923706055,36.912785669171726,2.6914812571622435,9.324810418508932,14.20444957080628,7099629.0,-96.37150704981153,-89.06667073567709,32.835850673635456,0.1319241176020697
2024-07-09,37.81999969482422,39.209999084472656,37.380001068115234,37.650001525878906,14643,0,39.685000038146974,35.624999923706056,38.7501695944384,37.24269323196101,33.75857654437593,48.09324904075579,0.9742844385226448,1.4766026115613926,-0.5023181730387478,42.68086670158997,39.685000038146974,36.68913337470398,2.629946739961899,9.329340245934818,9.10698760281767,7084986.0,-101.006729607017,-91.33331298828125,32.83865840299517,-0.24483943236910222
2024-07-10,38.08000183105469,38.4900016784668,36.70000076293945,37.650001525878906,12266,0,39.70550003051758,35.702999954223635,38.64539168314702,37.258666106232305,33.79729719095805,48.0932490407558,0.7733328902832497,1.3359486673057641,-0.5626157770225144,42.63912857885149,39.70550003051758,36.77187148218366,2.569950609645145,13.737780264385563,10.797310309609626,7084986.0,-120.51741531996821,-87.82050184792757,32.84079883897003,-0.1380565961915304
2024-07-11,37.0,38.0,36.61000061035156,36.84000015258789,20798,0,39.59700012207031,35.76179992675781,38.47344963261758,37.24224783354037,33.82757284231755,45.443526717947535,0.5424638139894711,1.1772516966425055,-0.6347878826530344,42.775767323944315,39.59700012207031,36.41823292019631,2.48566837964538,11.778187189377846,11.61510256656593,7064188.0,-137.64828374881972,-97.08492319355456,32.84407182184438,-0.22343556511613272
2024-07-12,36.84000015258789,37.59000015258789,36.54999923706055,37.02000045776367,8581,0,39.418500137329104,35.81119995117187,38.33502590167911,37.23353225017657,33.85933829122746,46.15350627724511,0.3697605584572088,1.0157534690054462,-0.6459929105482374,42.751379911240086,39.418500137329104,36.08562036341812,2.382406417922663,13.992201047752184,13.169389500505053,7072769.0,-126.45183134933397,-94.08803552706395,32.8453904826407,-0.26338851478494546
2024-07-15,37.75,37.75,34.95000076293945,35.959999084472656,29174,0,39.2625,35.83939994812012,38.10883287146897,37.18358977309015,33.88024038867268,42.634810169781,0.14567943037359044,0.841738661279075,-0.6960592309054846,42.92037822402688,39.2625,35.60462177597313,2.4122344764325123,15.624531377998167,13.79830653837592,7043595.0,-143.718606255078,-89.42410050030458,32.8489809127189,-0.24081230739052442
2024-07-16,37.0,42.0,35.900001525878906,36.279998779296875,252678,0,39.115499877929686,35.886999893188474,37.93465819602401,37.148154832157076,33.90411858161421,44.022269205108586,-0.006015830280006185,0.6721877629672588,-0.678203593247265,42.99781084374719,39.115499877929686,35.23318891211218,2.675646190553125,19.631197679288352,16.415976701679423,7296273.0,-57.08768620282557,-85.3038880830955,32.89656189342971,-0.3786581119054367
2024-07-18,36.689998626708984,37.68000030517578,36.060001373291016,36.40999984741211,18194,0,38.93499984741211,35.939199905395505,37.789452639013355,37.11920757785335,33.92905272356245,44.60840419973495,-0.11442638142356998,0.5148649340890931,-0.629291315512663,42.96517840604719,38.93499984741211,34.90482128877703,2.6002428149339565,21.094440457808375,18.78338983836482,7314467.0,-103.46131300287512,-83.63229389939119,32.899071822044576,-0.39640768067797655
2024-07-19,37.47999954223633,37.47999954223633,34.310001373291016,34.63999938964844,36578,0,38.73499984741211,35.9689998626709,37.48950471050241,37.02198372733551,33.93612681974241,38.671209879517015,-0.33925603628445344,0.3440407400143838,-0.6832967762988372,43.17958531142361,38.73499984741211,34.290414383400616,2.6409396259347675,14.621897867424124,18.44917866817347,7277889.0,-134.68666058477717,-96.54813702268389,32.90247213729306,-0.39750742052459326
2024-07-22,35.33000183105469,36.439998626708984,34.20000076293945,35.11000061035156,38955,0,38.58099994659424,36.02119987487793,37.26288527239281,36.94700399725771,33.94780715596738,40.919832546551476,-0.4740454857486043,0.18042349486178616,-0.6544689806103905,43.2956785885294,38.58099994659424,33.86632130465908,2.6123009286372505,12.222379107364356,15.979572477532137,7316844.0,-126.98859064297173,-89.28150675637423,32.905765570080035,-0.39486612806180926
2024-07-23,35.5099983215332,35.52000045776367,34.099998474121094,34.77000045776367,16685,0,38.32749996185303,36.075599899291994,37.025467670999554,36.861631309434415,33.95598818384595,39.783463015136725,-0.6013700468087393,0.024064786527681042,-0.6254348333364204,43.283190917178956,38.32749996185303,33.3718090065271,2.527136718280488,8.14632144618193,11.66353280698999,7300159.0,-123.88543643335294,-92.20020987495876,32.90690112705681,-0.4239250790742162
2024-07-24,34.77000045776367,35.33000183105469,34.41999816894531,35.02000045776367,4949,0,38.14349994659424,36.14799991607666,36.83447079354852,36.78941049172184,33.96657537065111,41.07915064277544,-0.6743295171913672,-0.11561407421612863,-0.5587154429752386,43.299429353285824,38.14349994659424,32.987570539902656,2.4116272142682655,15.28202275618421,11.883574436576685,7305108.0,-106.8895440735811,-88.35440751968432,32.90726024550106,-0.41257257077443066
2024-07-25,35.02000045776367,36.400001525878906,34.31999969482422,36.20000076293945,21192,0,37.84300003051758,36.229999961853025,36.774045076347655,36.76629638471076,33.98879850888283,46.88816725199484,-0.6296757500732326,-0.21842640938754943,-0.4112493406856832,42.70824021125258,37.84300003051758,32.97775984978258,2.387939686895867,32.10320933816858,18.51051784684476,7326300.0,-80.27386362370581,-73.41769768095423,32.90934270156988,-0.4651066691428558
2024-07-26,37.0,42.0,34.33000183105469,40.040000915527344,136665,0,37.80400009155274,36.35679996490479,37.08508848960286,36.89467695454671,34.04900947810317,60.526774905859796,-0.2811900143745376,-0.23097913038494705,-0.05021088398959056,42.58493464588115,37.80400009155274,33.023065537224326,2.7652295784708274,54.339493894570886,33.908241996307744,7462965.0,27.169514026159327,-24.810110201271115,32.938100771519395,-0.3163437066049434
2024-07-29,45.04999923706055,48.040000915527344,43.11000061035156,48.040000915527344,876189,0,38.08150005340576,36.61060001373291,38.12841348254805,37.3317484824283,34.18822332325167,74.95563877341004,0.6332212032170261,-0.058139063664552404,0.6913602668815786,44.33551721812702,38.08150005340576,31.827482888684496,3.139141751437197,79.10670513208078,55.1831361216066,8339154.0,250.87168771670528,-0.0,33.34723508955599,0.30187501697672975
2024-07-30,50.79999923706055,54.29999923706055,48.5,49.060001373291016,1629704,0,38.459000205993654,36.88780002593994,39.16951709119024,37.79167996834449,34.336201214296835,76.15256205662986,1.4237916101748453,0.23824707110332716,1.1855445390715182,46.22413274878042,38.459000205993654,30.693867663206888,3.362060077872626,82.9878912211585,72.14469674926993,9968858.0,292.9732808420071,-25.94058250425046,34.271619828125736,-0.22538331612688517
2024-07-31,49.06999969482422,49.06999969482422,44.150001525878906,44.150001525878906,207566,0,38.57300033569336,37.09780002593994,39.64384894211297,38.04102591177721,34.43385096864093,61.03167022667487,1.635277934235134,0.5176532437296886,1.1176246905054454,46.5977007059091,38.57300033569336,30.548299965477618,3.4733413700921036,74.32433111853048,78.80630915725645,9761292.0,154.31215032860305,-50.24751152387897,34.34959918679305,-0.2765260003756086
2024-08-01,44.150001525878906,44.150001525878906,39.75,40.09000015258789,186986,0,38.556000328063966,37.23860004425049,39.68633953358677,38.12137784278939,34.49013106002349,51.86168034176701,1.4584619482735661,0.705814984638464,0.7526469636351021,46.56632041793942,38.556000328063966,30.545680238188506,3.5395313812197324,50.60541786485945,69.30588006818267,9574306.0,54.47359457219974,-70.34652746421409,34.391912874392396,-0.2967470894513356
2024-08-02,39.5,43.5,38.130001068115234,42.880001068115234,120854,0,38.721500396728516,37.44420009613037,39.99049777497043,38.307990518292364,34.57361235363634,56.6786951285544,1.5258744317557387,0.8698268740619189,0.6560475576938197,46.94277915299185,38.721500396728516,30.50022164046519,3.670279063410092,35.80595319149297,53.578567391627494,9695160.0,55.063223961561,-56.53464226544665,34.41966591838397,-0.2589869558004489
2024-08-05,42.0,42.0,39.5,40.7400016784668,57318,0,38.81850051879883,37.60700016021728,40.06187909911294,38.403363504965874,34.634969461346095,52.351466037541016,1.3905893956315651,0.9739793783758481,0.416610017255717,47.08683924944776,38.81850051879883,30.550161788149897,3.649544920889031,24.786552513761837,37.065974523371274,9637842.0,35.76133589652917,-67.12869824971499,34.43135496395947,-0.25293300215779907
2024-08-06,40.0099983215332,42.09000015258789,38.52000045776367,39.130001068115234,62205,0,38.884000587463376,37.71760021209717,39.9731288104465,38.431859095677616,34.679696144000516,49.30181579379347,1.1403165762397762,1.0072468179486338,0.13306975829114243,47.14040840612874,38.884000587463376,30.62759276879801,3.643863119027259,18.219055424743534,26.27052037666597,9575637.0,16.573466364739634,-75.09899799992786,34.44232436375398,-0.25813929859805607
2024-08-07,39.130001068115234,41.189998626708984,39.130001068115234,39.560001373291016,37663,0,38.97950057983398,37.86380023956299,39.93378334024121,38.476099969309516,34.72825639503823,50.13727377506313,0.965540840932718,0.9989056225454507,-0.03336478161273271,47.22077680076219,38.97950057983398,30.738224358905775,3.5307298647105796,16.345310838863814,19.783639592456254,9613300.0,15.554873634565528,-72.97028369826955,34.44900111921073,-0.2596425600036499
2024-08-08,40.29999923706055,40.66999816894531,39.0,39.060001373291016,21476,0,39.05000057220459,38.02800025939941,39.85056601005548,38.4989980635833,34.77135833512035,49.12357688720654,0.7777189304678345,0.9546682841299274,-0.17694935366209297,47.268670493949585,39.05000057220459,30.831330650459595,3.3978204578702034,16.737789980271927,17.10071874795962,9591824.0,5.822194602494684,-75.4455311295337,34.45253675791463,-0.26447693305363074
2024-08-09,39.25,41.9900016784668,38.61000061035156,40.90999984741211,72580,0,39.2535005569458,38.24920024871826,39.951464470756115,38.59354715314522,34.8324393451929,52.916727502241464,0.7692803440737563,0.9175906961186933,-0.14831035204493692,47.444714471699214,39.2535005569458,31.06228664219239,3.396547644316277,36.00645610217469,23.02985230710334,9664404.0,21.867121371713882,-66.287123187712,34.466604147496156,-0.2504505718419594
2024-08-12,40.20000076293945,40.7599983215332,39.630001068115234,40.16999816894531,35111,0,39.411000442504886,38.44960021972656,39.97227720391699,38.65536876160797,34.88554938324019,51.27010611696654,0.6948707154933018,0.873046699993615,-0.17817598450031313,47.54531354057255,39.411000442504886,31.276687344437224,3.2453655825291774,43.49454648427459,32.07959752224027,9629293.0,12.2854308688321,-70.7207276869321,34.47303013230245,-0.24891904722328817
2024-08-13,41.79999923706055,41.79999923706055,39.0,39.2599983215332,32966,0,39.57600040435791,38.60480018615723,39.90444111988044,38.67907972474229,34.929076238347584,49.24092741691131,0.5560612384302388,0.8096496076809397,-0.25358836925070094,47.55602721391367,39.57600040435791,31.595973594802153,3.2135537007099897,44.1319633360325,41.210988640827125,9596327.0,4.817593250437858,-75.27528158213332,34.47887480149465,-0.2535156444645853
2024-08-14,38.65999984741211,40.20000076293945,38.5,39.47999954223633,53884,0,39.73600044250488,38.75740016937256,39.86401811248576,38.71048834503617,34.97435905729175,49.75863669541547,0.45852044935224257,0.7394237760152003,-0.2809033266629577,47.57229712671914,39.73600044250488,31.89970375829062,3.105442776583523,31.17644175853303,39.600983859613244,9650211.0,-11.375229812631044,-74.21132508693861,34.487324206470944,-0.2047003961219736
2024-08-16,39.61000061035156,40.88999938964844,38.0,38.36000061035156,45374,0,39.83350048065186,38.918600196838376,39.72077835037774,38.69674372798971,35.008047032944084,47.123592732872915,0.2875296548034356,0.6490449517728474,-0.36151529696941176,47.54944111087812,39.83350048065186,32.11755985042559,3.090053963231017,18.77782197826383,31.362075690942987,9604837.0,-22.392801197339175,-97.79140719508105,34.49396852222406,-0.20961894558024513
2024-08-19,38.36000061035156,39.68000030517578,37.22999954223633,38.02000045776367,51069,0,40.00250053405762,39.05100021362305,39.55879950346212,38.670204776216146,35.03801671876318,46.321638666704686,0.12316329755957156,0.5438686209301922,-0.4207053233706206,47.397415103349466,40.00250053405762,32.60758596476577,3.044335877495905,18.12981458806946,22.69469277495531,9553768.0,-46.86765169207645,-95.37199221059811,34.50016757812366,-0.20588104292304746
2024-08-20,38.900001525878906,38.900001525878906,35.86000061035156,37.9900016784668,80073,0,40.14650058746338,39.171800231933595,39.409390186795896,38.64353014493186,35.06738970343685,46.24685573872705,-0.009410398316823887,0.43321281708078896,-0.44262321539761285,47.26159276210592,40.14650058746338,33.03140841282084,3.0440262373552933,20.722617763226065,19.210084776519654,9473695.0,-70.86924563366516,-83.87584242440343,34.508000695162906,-0.19310836699256903
2024-08-21,38.5,39.099998474121094,37.70000076293945,38.86000061035156,42036,0,40.35100059509277,39.294000244140626,39.357067369991675,38.652019182791456,35.1051271253962,48.8270863072945,-0.043769813359467946,0.3378162909927376,-0.3815861043522055,47.05972039476159,40.35100059509277,33.64228079542395,2.92659562834289,37.59581566290117,25.482749338065435,9515731.0,-52.876418629290804,-63.81182546818616,34.513388951235235,-0.18424701422653528
2024-08-22,39.52000045776367,42.7400016784668,38.90999984741211,42.20000076293945,250846,0,40.710000610351564,39.3520002746582,39.6278229312248,38.79115571534628,35.1757228829837,57.3010123939239,0.19624797692307538,0.30950262817880514,-0.11325465125572975,46.994206617314035,40.710000610351564,34.42579460338909,2.9946960168980574,62.55064147475991,40.28969163362891,9766577.0,15.622294008851085,-17.015698179530453,34.56677486002925,-0.12858977109291478
2024-08-23,42.20000076293945,42.790000915527344,40.5,41.16999816894531,46558,0,40.95850048065186,39.43060020446777,39.774696763388654,38.884443654703105,35.23536741319227,54.31402735193118,0.29989420993781124,0.30758094453060636,-0.007686734592795119,46.89302120450454,40.95850048065186,35.02397975679917,2.9443606525144355,76.13888343775409,58.76178019180492,9720019.0,13.782307155966855,-23.376661980405775,34.57688815637963,-0.13678555233972645
2024-08-26,42.0,42.0,39.0,39.189998626708984,35068,0,40.91600036621094,39.43420021057129,39.71901122656202,38.8964262026249,35.27471697750587,49.02363680657681,0.21973224428733573,0.2900112044819522,-0.07027896019461649,46.88827821090136,40.91600036621094,34.94372252152051,2.948334891620547,72.27546867787864,70.32166453013075,9684951.0,-34.03360041046063,-51.94808268810089,34.582921017499636,-0.16500512629116218
2024-08-27,39.20000076293945,40.47999954223633,39.20000076293945,39.90999984741211,25778,0,40.50950031280517,39.420600204467775,39.73720061902393,38.93617418869499,35.320839195116875,50.89664517610487,0.21185920909832845,0.27438080540522747,-0.06252159630689902,45.51542321711944,40.50950031280517,35.503577408490905,2.829882464756747,56.03123454220283,68.14852888594505,9710729.0,-35.68834245239677,-41.55845514125388,34.58718570766098,-0.4925185515782536
2024-08-28,39.91999816894531,40.88999938964844,38.540000915527344,39.16999816894531,73786,0,40.01500015258789,39.42240013122559,39.68318133806406,38.94534375654794,35.3591392844087,48.90765840196899,0.14424505379792407,0.24835365508376678,-0.1041086012858427,43.14833416155107,40.01500015258789,36.881666143624706,2.7956050368542003,35.431276797773144,54.579326672618066,9636943.0,-42.45869594325888,-52.23668956952822,34.59859368350676,-0.15828001447933981
2024-08-29,39.5099983215332,40.439998626708984,37.349998474121094,38.52000045776367,63239,0,39.73350009918213,39.4084001159668,39.57240220660688,38.92866362718385,35.39059063936745,47.16417124816207,0.037775512954937085,0.20623802665800084,-0.16846251370306375,42.28852856038088,39.73350009918213,37.17847163798338,2.816633259406607,26.58309761145423,39.348536317143264,9573704.0,-89.60716920733586,-61.61616550831251,34.60682325747945,-0.0368545573872987
2024-08-30,39.72999954223633,39.72999954223633,37.5,37.68000030517578,62903,0,39.613000106811526,39.36160011291504,39.39217345408964,38.879696438085496,35.41337083504714,44.93482680181165,-0.11307984333025445,0.14237445266034976,-0.2554542959906042,42.31263772472829,39.613000106811526,36.91336248889476,2.774730851037301,14.475885260508612,25.496753223245193,9510801.0,-112.30566655982068,-73.7373792975893,34.6140629777222,0.04244032077897416
2024-09-02,37.29999923706055,39.2400016784668,37.29999923706055,38.18000030517578,32073,0,39.37800006866455,39.352400131225586,39.27672839228832,38.85225737404982,35.440899486491205,46.55422506186464,-0.19009666271802672,0.07588022958467446,-0.26597689230270116,41.68953242327731,39.37800006866455,37.06646771405178,2.715107393206512,17.70558484160124,19.58818923785456,9542874.0,-106.10655748504647,-66.5223724003087,34.617680281240105,-0.03552484911545179
2024-09-03,38.18000030517578,39.22999954223633,37.5,37.900001525878906,8813,0,39.236000061035156,39.346600189208985,39.14561154786838,38.81491400745488,35.46536816350004,45.7429435414537,-0.2706072168521487,0.006582740297309819,-0.27718995714945854,41.54433540912231,39.236000061035156,36.927664712948,2.644742546708642,16.107509912961294,16.096326671690246,9534061.0,-96.27645382687193,-70.5627586480229,34.61866475653401,-0.040820189326181845
2024-09-04,37.54999923706055,38.369998931884766,37.54999923706055,37.959999084472656,9751,0,39.17749996185303,39.309000167846676,39.032696075164026,38.78138793204381,35.490190361718675,45.96025762648428,-0.32581531337309144,-0.05989687043677043,-0.265918442936321,41.5519707605677,39.17749996185303,36.80302916313836,2.5144037715740404,20.748275334352183,18.187123362971434,9543812.0,-101.58096635976086,-69.69699304987509,34.61967760260864,-0.004923448842669551
2024-09-05,38.5,38.97999954223633,37.7599983215332,37.84000015258789,24020,0,39.09149990081787,39.29180015563965,38.91910598729963,38.744470764222015,35.513571553667624,45.56714952517279,-0.37492908939172054,-0.12290331422776045,-0.2520257751639601,41.528105575514445,39.09149990081787,36.6548942261213,2.421946446511832,19.984839860299086,18.94687503587072,9519792.0,-75.7441192573286,-71.42857929230487,34.62234406724159,-0.003984119284056715
2024-09-06,38.5,38.63999938964844,37.75,38.220001220703125,15071,0,39.049499893188475,39.21200019836426,38.85252458095711,38.72390333114284,35.54050120209584,47.10990124015948,-0.37882237184280143,-0.17408712575076865,-0.20473524609203278,41.51560913039621,39.049499893188475,36.58339065598074,2.3125216567358753,30.221362532137885,23.65149257559625,9534863.0,-67.97596413959869,-65.94515863745404,34.62401975090518,0.015576687772304915
2024-09-09,37.7599983215332,38.63999938964844,37.5,37.70000076293945,15507,0,38.888999938964844,39.149600219726565,38.74276040781257,38.683750289252515,35.56198875991518,45.22112748883786,-0.41903711829311163,-0.22307712425923726,-0.19595999403387437,41.26609720100384,38.888999938964844,36.51190267692585,2.2287700662296297,27.068573630379174,25.758258674271914,9519356.0,-79.08640525485237,-92.71399993468462,34.625618756032814,-0.019659341786169824
2024-09-10,37.709999084472656,38.650001525878906,37.29999923706055,37.61000061035156,13867,0,38.761000061035155,39.052000198364254,38.63487852234009,38.64164245870738,35.582366987282704,44.885699003701326,-0.45294854585187494,-0.2690514085777648,-0.18389713727411017,41.12405572725837,38.761000061035155,36.39794439481194,2.1660009392716817,25.811974375892262,27.700636846136305,9505489.0,-79.06321200547919,-94.35334647515828,34.627007201135065,-0.026133862356653204
2024-09-11,38.849998474121094,38.849998474121094,35.869998931884766,36.29999923706055,36641,0,38.613000106811526,38.94780021667481,38.41250906659918,38.54981331276045,35.589507606683476,40.21039281057152,-0.5788570553886245,-0.33101253793993674,-0.2478445174486878,41.1932949144241,38.613000106811526,36.03270529919895,2.224143696626299,14.61319126795371,22.497913091408247,9468848.0,-129.89918432952098,-93.7861245388049,34.62970891646967,-0.025248706061954212
2024-09-12,36.0,38.34000015258789,36.0,37.56999969482422,18178,0,38.51750011444092,38.86180023193359,38.332270078811085,38.51138924931197,35.6092139956202,46.07463586641274,-0.5695960841170304,-0.3787292471753555,-0.19086683694167494,41.10374694482983,38.51750011444092,35.93125328405201,2.2324191577664125,29.77528241118581,23.400149351677126,9487026.0,-99.53558848380418,-72.26752909095096,34.63121399652876,-0.028328554743535444
2024-09-13,37.040000915527344,38.400001525878906,36.619998931884766,38.06999969482422,22318,0,38.50300006866455,38.814600219726564,38.30729194700281,38.49407985501833,35.63369942546303,48.227593219157185,-0.5159631740425041,-0.4061760325487852,-0.10978714149371893,41.095859835166145,38.50300006866455,35.91014030216295,2.200103688925536,48.23297606259363,30.87381658057758,9509344.0,-66.12133447401537,-56.17528760307091,34.63333120172657,0.022835303205386626
2024-09-16,37.720001220703125,38.5,37.25,38.209999084472656,17393,0,38.5125,38.78740020751953,38.298025960095174,38.48293943264399,35.659334247940734,48.843456561078824,-0.45689512311139424,-0.416319850661307,-0.04057527245008724,41.09959740142906,38.5125,35.92540259857095,2.132239139716569,69.79868721483106,49.268981896203364,9526737.0,-43.696464171925285,-53.386455394262605,34.63513517798429,0.05441120930385904
2024-09-17,38.380001068115234,38.380001068115234,37.56999969482422,38.13999938964844,17185,0,38.51999988555908,38.77420021057129,38.28297581052882,38.46949080350691,35.684017483181606,48.53258989551222,-0.4109939748395348,-0.41525467549695255,0.0042607006574177375,41.10185937303884,38.51999988555908,35.93814039807932,2.0377935849718867,76.17452370681103,64.73539566141177,9509552.0,-42.816307675359084,-50.32821423741943,34.6369386965077,0.028285195696592946
2024-09-18,37.70000076293945,38.650001525878906,37.5,37.599998474121094,8478,0,38.45699977874756,38.76980018615723,38.21793034991856,38.43539306509962,35.70308197065364,46.09529864092848,-0.413424840824284,-0.41488870856241883,0.0014638677381348386,41.063967899015594,38.45699977874756,35.85003165847952,1.9743798664652452,71.69176565568127,72.55499219244098,9501074.0,-47.70306860042157,-55.18136609624104,34.637798038445546,-0.013945897944228264
2024-09-19,37.5,38.27000045776367,36.61000061035156,36.93000030517578,11585,0,38.19349975585938,38.75540016174316,38.09527034565734,38.376358054906525,35.715290113285704,43.196698426333946,-0.4640651186390272,-0.4247239905777405,-0.0393411280612867,40.23871073196194,38.19349975585938,36.14828877975682,1.9519241508185927,50.746014120671504,66.20410116105445,9489489.0,-96.40845654608059,-68.54597895013278,34.63874013328841,-0.3553331825374121
2024-09-20,36.65999984741211,39.4900016784668,36.65999984741211,38.68000030517578,39684,0,38.0689998626709,38.7760001373291,38.150958913230525,38.38826559413277,35.74478971718511,51.734024871336906,-0.3588509189937241,-0.41154937626093724,0.05269845726721312,39.61700342837452,38.0689998626709,36.52099629696728,2.014643985121171,49.31282713410477,57.25020230348571,9529173.0,5.565191875561535,-22.375711566954205,34.64319481437844,-0.29395646020155797
2024-09-23,39.45000076293945,39.45000076293945,37.75,38.029998779296875,15870,0,38.010999870300296,38.799800109863284,38.13943890047494,38.3742159151196,35.767528115813086,48.80022079981204,-0.3241806459059049,-0.39407563018993075,0.06989498428402585,39.471080557823186,38.010999870300296,36.550919182777406,1.992169469251048,45.62222964956632,48.56035696811406,9513303.0,38.57317384052636,-40.33154119975299,34.645038490495836,-0.26700782096265974
2024-09-24,39.650001525878906,40.5,37.5,37.869998931884766,32206,0,37.908999824523924,38.816800079345704,38.1137779510854,38.35444270009078,35.78844822343569,48.07747370582807,-0.3060864807912793,-0.37647780031020045,0.07039131951892114,39.08073172518938,37.908999824523924,36.73726792385847,2.0641573643045446,51.190381291173765,48.70847935828147,9481097.0,91.81632173679658,-56.80346568874219,34.648986126634775,-0.3141049547327111
2024-09-25,38.900001525878906,38.900001525878906,37.75,37.9900016784668,6084,0,37.85,38.85740013122559,38.101989734645535,38.34015089532121,35.81035422796336,48.69125306105186,-0.27884910690529097,-0.35695206162921855,0.07810295472392759,38.870941048740086,37.85,36.82905895125992,1.9988605187027133,39.05726418559169,45.28995837544378,9487181.0,39.57028299301948,-54.21161430865425,34.6496541495116,-0.2941116213648897
2024-09-26,38.619998931884766,38.619998931884766,37.75,38.0099983215332,10413,0,37.824499893188474,38.892000122070314,38.09322864768246,38.327203735564815,35.832241233869524,48.79986514794961,-0.25273634265421663,-0.33610891783421815,0.08337257518000152,38.80177128492816,37.824499893188474,36.84722850144879,1.918227548215717,34.34084257739372,41.52949601805292,9497594.0,31.155249961256427,-53.779721469490255,34.65076912345434,-0.3045812366239607
2024-09-27,38.939998626708984,38.939998626708984,37.79999923706055,37.90999984741211,11781,0,37.83599987030029,38.922000122070315,38.07577828575195,38.310842798774516,35.85291544892965,48.24981364945327,-0.23737452423748806,-0.31636203911487215,0.07898751487738409,38.81161065204952,37.83599987030029,36.86038908855107,1.8626398226037684,28.099493959118742,33.83253357403458,9485813.0,53.08202669085832,-55.93951522871288,34.65206235443767,-0.22916936129039803
2024-09-30,38.40999984741211,38.70000076293945,37.5,38.0,14259,0,37.82699985504151,38.98920013427735,38.068561306156525,38.298652885097084,35.87427947431343,48.80907175973842,-0.21545428938274824,-0.29618048916844736,0.08072619978569912,38.79302487802695,37.82699985504151,36.860974832056066,1.8153084611991746,21.829845704552763,28.0900607470216,9500072.0,21.320624933445472,-53.99566788907225,34.65356053470138,-0.23914657122082406
2024-10-01,38.61000061035156,38.77000045776367,38.0099983215332,38.130001068115234,11245,0,37.83849983215332,39.04960014343262,38.07441271205735,38.292039088352695,35.896724465296536,49.655405352993185,-0.185454541092696,-0.2740352995532971,0.0885807584606011,38.813164618311994,37.83849983215332,36.86383504599464,1.7406436038109245,24.694481381700427,24.874607015123832,9511317.0,74.59988316977041,-52.66664293077257,34.654822971436765,-0.24590168011124128
2024-10-03,38.09000015258789,38.790000915527344,36.290000915527344,38.150001525878906,19519,0,37.84799995422363,39.11720016479492,38.081611646707024,38.28646898786353,35.919145132566015,49.792933351273355,-0.15824154462112716,-0.2508765485668631,0.09263500394573593,38.83088584967409,37.84799995422363,36.86511405877317,1.7948833463958584,43.53518182150115,30.019836302584633,9530836.0,-49.92245468728864,-55.81945332929815,34.65667620625442,-0.21289000810625844
2024-10-04,38.150001525878906,38.7400016784668,37.150001525878906,38.310001373291016,7568,0,37.87150001525879,39.18300018310547,38.10336304923883,38.28739182650774,35.942934746901585,50.94735644735299,-0.1223539778527396,-0.22517203442403838,0.10281805657129878,38.874760666774435,37.87150001525879,36.86823936374314,1.7802488325524322,63.388459001162666,43.8727074014546,9538404.0,23.29096599491377,-52.01898106786176,34.657469359528434,-0.1524527348915464
2024-10-07,38.0,38.0,36.150001525878906,36.90999984741211,23323,0,37.80599994659424,39.19720016479492,37.98970941096962,38.2333764547785,35.95255728521512,41.87451069072794,-0.20452362443932515,-0.22104235242709575,0.0165187279877706,38.87836965682148,37.80599994659424,36.733630236367006,1.8073739050424091,58.40102765687109,55.108222826511486,9515081.0,-171.60975355093836,-82.52876808912539,34.65916164407424,-0.16307012556884462
2024-10-08,39.0,39.0099983215332,36.33000183105469,37.4900016784668,26242,0,37.79549999237061,39.14620018005371,37.9421181983503,38.20422450276628,35.96785523937683,46.15280354414669,-0.22030284678697143,-0.22089445129907087,0.0005916045120994418,38.875897888963735,37.79549999237061,36.71510209577748,1.8697040897164168,50.62250825118456,57.470664969739296,9541323.0,-51.40092765095903,-69.19538798554098,34.66153795904615,-0.14028130006807335
2024-10-09,37.349998474121094,41.06999969482422,37.08000183105469,40.2400016784668,79857,0,37.92700004577637,38.9902001953125,38.16096424407568,38.28405890181336,36.01036415916877,60.86203890322071,-0.010781692252649577,-0.1788718994897866,0.16809020723713702,39.43906031352399,37.92700004577637,36.414939778028746,2.021153645005925,52.923713962754505,53.98241662360325,9621180.0,238.95115972690402,-16.869884659638938,34.67327653230113,0.007193497484232703
2024-10-10,40.5,41.70000076293945,39.099998474121094,39.279998779296875,34181,0,38.07600002288818,38.79460014343262,38.26753896171579,38.323115367597026,36.04289783698099,55.19387476208378,0.07691449888464774,-0.12771461981489973,0.20462911869954747,39.5022598410327,38.07600002288818,36.64974020474366,2.062499976706813,62.12655822805084,55.22426014732983,9586999.0,276.93721113949044,-43.6036453389548,34.67887227826139,-0.0006774612036526348
2024-10-11,40.72999954223633,41.47999954223633,39.25,40.029998779296875,94996,0,38.19899997711182,38.71220008850098,38.435392277675895,38.390051971977414,36.082570483173185,58.44957765685814,0.20457488226703902,-0.061256719398511975,0.265831601665551,39.837937460820456,38.19899997711182,36.56006249340318,2.0744642313874926,69.81211334454053,61.62079517844848,9681995.0,241.12267403894188,-30.090129967784705,34.69501931149154,-0.06950934852185127
2024-10-14,39.220001220703125,41.47999954223633,39.0,39.38999938964844,22702,0,38.26499996185303,38.69820007324219,38.5263072407209,38.429265596199805,36.115480223536125,54.790942303987286,0.2512082811016043,0.0012362807015112859,0.24997200040009304,39.98228263780597,38.26499996185303,36.547717285900085,2.1034310393052666,61.09647692903877,64.34504950054324,9659293.0,162.83069783238773,-41.62165208718956,34.69865904744897,-0.12812929648833418
2024-10-15,39.380001068115234,40.0,37.599998474121094,38.72999954223633,20932,0,38.29099998474121,38.61520004272461,38.54570650753189,38.44105908427967,36.14149534113513,51.229646354290814,0.23223208687812047,0.04743544193683313,0.18479664494128734,40.01987120233278,38.29099998474121,36.562128767149645,2.124614645489098,54.202440185248285,61.70367681960906,9638361.0,36.23878138889186,-53.513542864487505,34.701258403841905,-0.1479875952335718
2024-10-16,37.900001525878906,41.79999923706055,37.900001525878906,39.27000045776367,124287,0,38.347500038146975,38.58580001831055,38.61468688374444,38.47356658912218,36.17262474528069,53.87147248846355,0.257795174843352,0.08950738851813692,0.1682877863252151,40.12608228594102,38.347500038146975,36.568917790352934,2.2514277216099936,44.15313176405758,53.15068295944807,9762648.0,106.26072395746824,-44.77875759648319,34.71994248499765,-0.19369363987130553
2024-10-17,39.380001068115234,39.630001068115234,38.27000045776367,38.52000045776367,44116,0,38.3935001373291,38.57360000610352,38.605669128889126,38.47538752514733,36.19598171754421,49.83386283178344,0.21505633863556284,0.1146171785416221,0.10043916009394074,40.1396646018,38.3935001373291,36.6473356728582,2.1877543565201054,32.46033145120231,43.605301133502586,9718532.0,24.26097085018464,-58.05309925711273,34.72540455484269,-0.2151892932819908
2024-10-18,38.150001525878906,39.54999923706055,38.0,38.15999984741211,28068,0,38.45500011444092,38.54559997558594,38.56322443541512,38.463019380922425,36.215524186498115,47.97516571777972,0.15040271355998414,0.1217742855452945,0.028628428014689636,40.07255984241867,38.45500011444092,36.83744038646317,2.1422004194158513,25.00003784421205,33.87116701982384,9690464.0,-3.920442370650019,-64.4247940569018,34.72867102472994,-0.2325836913664872
2024-10-21,39.189998626708984,39.20000076293945,37.70000076293945,38.0099983215332,34287,0,38.421500015258786,38.524599914550784,38.51053623409304,38.44525384918167,36.23337965052831,47.18545265648339,0.08606823927328122,0.11463307629089184,-0.028564837017610617,40.04676637772645,38.421500015258786,36.79623365279112,2.0963289608861477,15.000022706527238,24.153464000647052,9656177.0,-30.681198494325113,-67.07968939574496,34.73237723939445,-0.29050129357426246
2024-10-22,37.27000045776367,38.790000915527344,35.36000061035156,35.970001220703125,26955,0,38.3185001373291,38.4257999420166,38.2685805185321,38.3481851186531,36.23075896963453,38.01949684553413,-0.12805190947081257,0.06609607913855095,-0.19414798860936353,40.26024406327377,38.3185001373291,36.37675621138444,2.191591199763979,10.855774717033734,16.951945089257528,9629222.0,-163.77400466816462,-90.52793881319056,34.733985152519644,-0.2957092013183828
2024-10-23,36.9900016784668,36.9900016784668,35.25,35.7599983215332,26463,0,38.21300010681152,38.33759994506836,38.02966792834172,38.246687597197415,36.226074784081284,37.21799770348818,-0.31110294777138847,-0.009343726243436948,-0.30175922152795154,40.44790594156527,38.21300010681152,35.978094272057774,2.1593348053856087,10.292584999399573,12.04946080765337,9602759.0,-191.04237369817426,-92.21376517652732,34.73499659919879,-0.2783051427276752
2024-10-24,36.47999954223633,36.7599983215332,36.02000045776367,36.08000183105469,5048,0,38.117500114440915,38.27400001525879,37.84398544288582,38.16171952793692,36.22462132186212,39.317303485977554,-0.4254463251929579,-0.09256424603334114,-0.33288207915961676,40.53789548815822,38.117500114440915,35.69710474072361,2.076525176429494,13.47274241048313,11.540367375638667,9607807.0,-146.7591175424545,-87.32821484377503,34.735233037440636,-0.2797657704272253
2024-10-25,36.08000183105469,36.08000183105469,33.400001525878906,33.81999969482422,24455,0,37.90800018310547,38.160800018310546,37.46074870497519,37.99145600506975,36.2006947385085,31.345530018146373,-0.6904682719297455,-0.212145051212622,-0.47832322071712347,40.96972249651297,37.90800018310547,34.84627786969797,2.1196305427685145,12.729171579204229,12.164832996362165,9583352.0,-221.28686281087684,-95.00002043588378,34.73501034403631,-0.29251396511104155
2024-10-28,33.54999923706055,34.880001068115234,33.0,34.22999954223633,15418,0,37.72400016784668,38.07819999694824,37.15305830852387,37.84394790848805,36.18108583108291,33.961472171206864,-0.8575314244578323,-0.34122232586166407,-0.5163090985961682,41.18004652822322,37.72400016784668,34.26795380747014,2.1025141517218517,15.929077444231973,14.043663811306297,9598770.0,-192.449987080923,-86.02273126279063,34.734685725243274,-0.2701021204770489
2024-10-29,33.9900016784668,35.2400016784668,33.5,34.029998779296875,31476,0,37.52550010681152,37.99839996337891,36.85562406764511,37.69438127597075,36.15968197982136,33.29501661351223,-0.9946033977048359,-0.4718985402302984,-0.5227048574745374,41.33345775079897,37.52550010681152,33.71754246282407,2.0766204036322047,18.099785210434614,15.586011411290125,9567294.0,-150.04414250186557,-88.29546740232533,34.73423252596644,-0.27762442338370896
2024-10-30,33.650001525878906,34.400001525878906,33.02000045776367,33.93000030517578,12403,0,37.31550006866455,37.91719993591309,36.57699323312422,37.54675849280232,36.13749609251145,32.94688342364162,-1.098638543937021,-0.597246540971643,-0.501392002965378,41.4187403536814,37.31550006866455,33.212259783647696,2.026861879666707,23.930689549734435,19.319850734800195,9554891.0,-142.10364029802818,-89.43181379767452,34.73387741567764,-0.26058042845595353
2024-10-31,33.400001525878906,36.59000015258789,33.400001525878906,35.380001068115234,15809,0,37.17700004577637,37.84759994506836,36.46299397931384,37.46178761340283,36.12995882858711,42.35844005926207,-1.0519578877427165,-0.6881888103258577,-0.3637690774168588,41.34470979467084,37.17700004577637,33.00929029688189,2.1099430758840123,38.94794938566686,26.992808048611824,9570700.0,-80.20539246124142,-72.95453097209332,34.73406270885745,-0.27013696908479085
2024-11-01,36.599998474121094,38.90999984741211,35.630001068115234,38.849998474121094,100602,0,37.20399990081787,37.78059989929199,36.69032774072406,37.51622725499962,36.15702389968695,57.67043818433165,-0.7265876901000681,-0.6958685862806997,-0.030719103819368376,41.40756207223404,37.20399990081787,33.000437729401696,2.211375626127788,63.338033860070105,42.07222426515699,9671302.0,16.38651596369673,-33.52273884883697,34.74330714095769,-0.12034456571556434
2024-11-04,37.88999938964844,37.88999938964844,35.310001373291016,35.77000045776367,78546,0,37.14699993133545,37.672599945068356,36.602677523299256,37.44774777275507,36.153172920165325,45.99200769638431,-0.7090856654444551,-0.6985120021134508,-0.01057366333100429,41.39563766796712,37.14699993133545,32.89836219470378,2.3062771600350946,70.65644953748127,57.64747759440593,9592756.0,-34.88581234076319,-68.52271934186064,34.747022056797334,-0.16726146726710794
2024-11-05,35.900001525878906,36.5,35.56999969482422,36.22999954223633,9882,0,37.08399982452393,37.6133999633789,36.56718438224564,37.39999294018571,36.15393736416603,47.695580997482054,-0.6505974209791958,-0.6889290858865997,0.03833166490740392,41.34776511664695,37.08399982452393,32.82023453240091,2.2079716704022867,66.72439942034887,66.90629427263327,9602638.0,-39.17706030007842,-51.28206603510326,34.7474221558702,-0.16132193920664942
2024-11-06,37.29999923706055,37.29999923706055,36.130001068115234,36.88999938964844,5207,0,36.91649971008301,37.55299995422363,36.597928668664956,37.37999319310582,36.16126136441959,50.12635964295909,-0.5447095217216358,-0.6600851730536069,0.11537565133197114,40.92685218914137,36.91649971008301,32.90614723102465,2.133830706012503,54.842604471664735,64.07448447649814,9607845.0,-11.871631101276574,-40.61068942361956,34.74773778156461,-0.23689205174615097
2024-11-07,37.20000076293945,37.70000076293945,36.310001373291016,37.41999816894531,17863,0,36.82349967956543,37.51799995422363,36.67622100202499,37.381562015687756,36.17378610874323,52.05335629163093,-0.4132622960719843,-0.6107205976572824,0.1974583015852981,40.69413367842992,36.82349967956543,32.95286568070094,2.0806998977007836,58.81651720533227,60.127840365781815,9625708.0,7.556522660470181,-28.709715725103106,34.749017458246215,-0.1878748395896822
2024-11-08,36.75,38.970001220703125,36.630001068115234,37.9900016784668,29532,0,36.721499824523924,37.50739997863769,36.80134297120992,37.40542239462027,36.1918579054569,54.10708411125034,-0.26009667070292153,-0.5405958122664102,0.28049914156348865,40.348621239478824,36.721499824523924,33.094378409569025,2.0992213444784342,65.05815517181894,59.572425616271836,9655240.0,44.64029162907022,-16.415399361022363,34.75176538198322,-0.1566631671736129
2024-11-11,38.650001525878906,38.650001525878906,36.650001525878906,37.33000183105469,4039,0,36.61849994659424,37.50040000915527,36.85169143405228,37.40246472546083,36.203182720636974,51.36366794853713,-0.1897806082192588,-0.4704327714569799,0.28065216323772113,40.04828868819123,36.61849994659424,33.188711204997254,2.0921341055871174,61.19994917737362,61.6915405181748,9651201.0,39.22734396804522,-27.47067092651757,34.75210221827379,-0.1393519236983464
2024-11-12,36.709999084472656,36.79999923706055,35.02000045776367,35.34000015258789,13511,0,36.44899997711182,37.443600006103516,36.707720835817575,37.32158376181876,36.19459383936285,44.102663933986086,-0.29127350674114894,-0.4346009185138137,0.14332741177266478,39.7782275285933,36.44899997711182,33.11977242563034,2.107696053280253,44.36335237335893,56.87381890751701,9637690.0,-41.39403390754329,-60.80402555910543,34.75249273377038,-0.15241773886012927
2024-11-13,35.81999969482422,36.09000015258789,33.849998474121094,34.599998474121094,19005,0,36.21549987792969,37.37759994506836,36.506985372798866,37.21485492700708,36.17872721881319,41.73971636028826,-0.4265028516517688,-0.43298130514140476,0.006478453489635938,39.371101163503766,36.21549987792969,33.05989859235561,2.117146455079292,24.838143885100994,43.46714847861103,9618685.0,-77.86440308170556,-73.19936102236422,34.75254614948296,-0.12543681843978333
2024-11-14,35.0,35.029998779296875,31.510000228881836,32.38999938964844,25102,0,35.908999824523924,37.26619995117188,36.114891469641684,37.02564490593419,36.141028434443385,35.60439945173213,-0.7038875605094503,-0.48716255621501386,-0.21672500429443647,39.29231130223966,35.908999824523924,32.52568834680819,2.2173501761747025,11.515306668239495,26.905600975566326,9593583.0,-155.50238230114158,-88.20376616931577,34.75121670071416,-0.10068687588964198
2024-11-18,32.5,32.56999969482422,30.100000381469727,30.780000686645508,15172,0,35.539999866485594,37.12499996185303,35.60680663316586,36.78071768164836,36.0876848747638,31.92302753422454,-1.041623196913747,-0.5980546843547605,-0.44356851255898655,39.43231009176011,35.539999866485594,31.64768964121108,2.2353965431161162,11.465960783900016,15.939803779080021,9578411.0,-205.01742685436017,-92.33370641671156,34.74958798510915,-0.07297079603425721
2024-11-19,30.25,31.59000015258789,30.25,31.270000457763672,7810,0,35.20299997329712,36.98599994659424,35.193777473603745,36.56461112384896,36.03974771638569,34.15447829253047,-1.2552722386009734,-0.729498195204003,-0.5257740433969703,39.340898436798845,35.20299997329712,31.06510150979539,2.171439658078386,12.404047799455194,11.795105083864755,9586221.0,-177.3012698148002,-86.80947051189835,34.74872377596395,-0.02700125130538623
2024-11-21,31.5,32.7400016784668,31.209999084472656,31.530000686645508,34933,0,34.98099994659424,36.86259994506836,34.844846351036296,36.36717542042922,35.994874611612154,35.36512253367711,-1.3876152331904166,-0.8611216028012858,-0.5264936303891308,39.3975137545733,34.98099994659424,30.56448613861517,2.125622724929511,16.42967914814217,13.433229243832313,9621154.0,-125.61438940161655,-83.8782393475019,34.745684817885426,-0.032562238128093134
2024-11-22,32.5099983215332,32.5099983215332,31.860000610351562,32.439998626708984,2838,0,34.814999961853026,36.759199905395505,34.615813234433695,36.21316848734215,35.95950271126486,39.55410436525153,-1.4028970572860189,-0.9694766936982324,-0.43342036358778646,39.34990239566942,34.814999961853026,30.28009752803663,2.0437923613550955,29.600100479889022,19.477942475828648,9623992.0,-95.94160376225457,-73.61896252716144,34.745475661372744,-0.006086824625805675
2024-11-25,32.099998474121094,33.83000183105469,31.020000457763672,31.700000762939453,13164,0,34.59599990844727,36.66719993591309,34.3381168085771,36.03618151775773,35.91711960730142,37.429721069755914,-1.4579137341597885,-1.0671641017905436,-0.390749632369245,39.28578604927457,34.59599990844727,29.906213767619963,2.0985215764933756,38.07768222231827,28.03582061678301,9610828.0,-88.55505209480047,-81.96166595167979,34.74447200672502,-0.011359896519498982
2024-11-26,31.700000762939453,34.869998931884766,31.700000762939453,34.66999816894531,73187,0,34.63849983215332,36.609199905395506,34.369724557183595,35.982605700157244,35.90471043876057,49.21824249957206,-1.2474806966540442,-1.1032274207632438,-0.1442532758908004,39.31477280909107,34.63849983215332,29.962226855215572,2.175055618811371,62.01029898217382,43.229360561460226,9684015.0,-30.845801403386627,-48.4780456021856,34.742303660499026,0.143341885068109
2024-11-27,34.7599983215332,35.970001220703125,32.66999816894531,34.220001220703125,26158,0,34.63799991607666,36.532199935913084,34.355465191804505,35.913483955864926,35.887947162959,47.75031151543118,-1.104292395942032,-1.1034404157990014,-0.0008519801430306728,39.3144496031106,34.63799991607666,29.961550229042714,2.255409006878974,67.73762805590347,55.94186975346505,9657857.0,-12.40241463751354,-53.551291438327816,34.74195004223876,0.1286443386876742
2024-11-28,34.91999816894531,35.689998626708984,34.400001525878906,34.970001220703125,31022,0,34.685000038146974,36.467399978637694,34.413992432651995,35.8764846329174,35.87881337248879,50.405233500077685,-0.919694241299382,-1.0666911808990776,0.1469969395996955,39.35495266384352,34.685000038146974,30.015047412450425,2.19930817824518,80.03847705449577,69.92880136419087,9688879.0,12.19678610786988,-45.09582436911816,34.74220572718594,0.1449797537153239
2024-11-29,35.16999816894531,35.7400016784668,34.400001525878906,34.709999084472656,28632,0,34.723999977111816,36.39879997253418,34.4421835423492,35.83074010160585,35.86718337957321,49.46684514943543,-0.7853261225601429,-1.0104181692312906,0.22509204667114768,39.38109065868542,34.723999977111816,30.066909295538213,2.137929033555374,72.99662277325109,73.59090929454997,9660247.0,7.828091863509801,-48.02707703687935,34.742381937057615,0.10568382140382607
2024-12-02,37.189998626708984,37.7400016784668,34.619998931884766,36.2400016784668,133148,0,34.76700000762939,36.371600036621096,34.613404317217544,35.84678957520824,35.87089301438807,54.799573307843154,-0.54905088103488,-0.9181447115920085,0.3690938305571285,39.46324130800196,34.76700000762939,30.07075870725682,2.2080771559144208,76.50298830084115,76.51269604286252,9793395.0,50.0076886517078,-28.187128945450507,34.748107428111446,0.08910719633255132
2024-12-03,37.93000030517578,37.93000030517578,35.5,36.849998474121094,79086,0,34.6670000076294,36.37,34.826413284541694,35.8861311006558,35.88063535727099,56.75882654902985,-0.3090172479240323,-0.7963192188584133,0.487301970934381,39.08834409943343,34.6670000076294,30.245655915825367,2.2239288094330893,76.3928787090041,75.29749659436528,9872481.0,73.28816491955664,-13.793126967790654,34.752790451867384,-0.043977051712624116
2024-12-04,37.5,37.5,36.349998474121094,37.0,34238,0,34.72849998474121,36.336399993896485,35.03342154315677,35.92981223396342,35.89177331391506,57.24955527694707,-0.10546921139471976,-0.6581492173656746,0.5526800059709548,39.24274525761601,34.72849998474121,30.214254711866417,2.1472197177506476,76.09586466451242,76.33057722478573,9906719.0,77.97184632836382,-11.877398649265865,34.75500234631486,0.04393042817735012
2024-12-05,37.5,37.5,36.619998931884766,37.0,14092,0,34.76700000762939,36.31580001831055,35.22071472952279,35.97178038165113,35.90280044511989,57.24955527694706,0.055207674335022716,-0.5154778390255351,0.5706855133605578,39.34450190891321,34.76700000762939,30.189498106345575,2.0567040999195467,75.5921334981315,76.02695895721585,9906719.0,77.93767051000346,-11.877398649265865,34.75594872086024,0.03364538690098958
2024-12-06,37.5,42.5,37.209999084472656,39.400001525878906,203733,0,34.89250011444092,36.34640007019043,35.61874204346147,36.1062204265228,35.93759846582395,64.68615245252447,0.37191808915824254,-0.33799865338877955,0.7099167425470221,39.82018089625154,34.89250011444092,29.9648193326303,2.302653807068151,69.32288984392072,73.67029600218807,10110452.0,155.47904831653486,-24.999988463616784,34.78539626561606,-0.020038783917664255
2024-12-09,39.5,40.29999923706055,38.5099983215332,39.349998474121094,55589,0,34.989000129699704,36.373600006103516,35.97409979876238,36.23342740878156,35.97155269476223,64.43466122182666,0.6118257993307026,-0.14803376284488312,0.7598595621755857,40.179471969316275,34.989000129699704,29.79852829008313,2.2660357433866647,63.104758184796424,69.33992717561607,10054863.0,133.69694725581456,-25.714298170440053,34.792856865769856,-0.03582857752490289
2024-12-10,39.31999969482422,41.599998474121094,39.0,39.31999969482422,38570,0,35.05550003051758,36.399800033569335,36.29275693172065,36.354469459214606,36.00487057535986,64.27321299025948,0.7904222417232631,0.03965743806874614,0.750764803654517,40.42891778443348,35.05550003051758,29.682082276601676,2.28989022415341,54.650864056342876,62.35950402835319,10016293.0,141.00272308083024,-27.700352194929707,34.79867841069791,-0.07515647727021335
2024-12-11,40.45000076293945,40.45000076293945,38.2599983215332,39.130001068115234,35386,0,35.1454999923706,36.4242000579834,36.56297065899633,36.46331383603424,36.03596640115842,63.19323258207509,0.9061839828720082,0.21296274702939857,0.6932212358426096,40.724644948231976,35.1454999923706,29.56635503650923,2.2827553825286127,48.65992413388192,55.47184879167359,9980907.0,113.2870660876578,-29.35539256326732,34.80329380735451,-0.07925273227262986
2024-12-12,39.970001220703125,39.970001220703125,38.0,38.16999816894531,25661,0,35.28699989318848,36.4276000213623,36.71602089803909,36.5302426334033,36.05720054810157,57.89943916598289,0.9099721928653466,0.3523646361965882,0.5576075566687584,41.020124811794474,35.28699989318848,29.553874974582484,2.260415799541078,36.37574058918427,46.56217625980287,9955246.0,87.01004877979095,-37.71778748878934,34.80621191899705,-0.0922096504858284
2024-12-13,39.2400016784668,40.220001220703125,37.560001373291016,39.83000183105469,85676,0,35.548500061035156,36.46160003662109,37.01259051070724,36.65964495487982,36.09474085937473,63.58075056114444,1.0349920547336353,0.48889011990399767,0.5461019348296376,41.600654314913484,35.548500061035156,29.49634580715683,2.288957517246151,39.00756714600792,41.34774395635788,10040922.0,88.5486168590027,-24.7222070144517,34.81714126499763,-0.016442017357546666
2024-12-16,40.47999954223633,40.5,39.119998931884766,39.41999816894531,36687,0,35.9,36.48699996948242,37.241867430539436,36.76789410052945,36.127827996783395,61.3776498978757,1.0884404628697624,0.6088001884971506,0.4796402743726118,41.99400004152025,35.9,29.80599995847974,2.2240320565939427,40.12505190516541,38.50278654678571,10004235.0,90.84010692817564,-31.33266792814245,34.82231147480696,-0.02464353910685952
2024-12-17,40.38999938964844,40.38999938964844,38.400001525878906,38.5,21997,0,36.28599996566773,36.4907999420166,37.36168958001187,36.83581982207732,36.15143169830794,56.63543891561681,1.044521949067736,0.6959445406112676,0.34857740845646834,42.000015543027956,36.28599996566773,30.5719843883075,2.207315328535056,44.733495162528925,41.288704737900595,9982238.0,70.66474921658927,-49.38272535210604,34.825034563130544,-0.037683284415919546
2024-12-18,39.25,42.5,37.650001525878906,41.63999938964844,167210,0,36.80449991226196,36.58539993286133,37.769147657120115,37.024219020805596,36.20604431215212,66.22662578248368,1.2486937548179569,0.8064943834526055,0.44219937136535137,42.48566326087145,36.80449991226196,31.123336563652472,2.39607841036263,53.53446364863635,46.131003572110075,10149448.0,102.77475065300388,-10.617293485908695,34.85285029241654,0.05858044014577915
2024-12-19,44.0,48.900001525878906,42.52000045776367,43.380001068115234,1517549,0,37.39699993133545,36.7031999206543,38.30351464864346,37.27346537560205,36.277426966440316,70.16460945818149,1.5332308447299425,0.9518416757080729,0.5813891690218697,43.22407180124519,37.39699993133545,31.569928061425717,2.7435015336389035,55.2955270677617,51.187828626308836,11666997.0,193.76251428284922,-38.65545836865089,35.27528694849242,-0.38925860837585885
2024-12-20,42.5,42.56999969482422,37.099998474121094,37.61000061035156,240167,0,37.65550003051758,36.65059989929199,38.23746569261566,37.286662835788306,36.29068640568322,49.53729761896227,1.2784011111957412,1.0171535628056065,0.26124754839013464,43.0204025313114,37.65550003051758,32.29059752972376,2.996108752235706,46.07862491590887,51.63620521076882,11426830.0,35.678948539455966,-84.25372858147367,35.30044176766311,-0.4260389755672307
2024-12-23,37.150001525878906,37.599998474121094,34.650001525878906,35.2599983215332,36591,0,37.833499908447266,36.57019989013672,37.95389737156019,37.2071857960136,36.280430802855854,43.879316463488514,0.8767149423820584,0.9890658387208969,-0.11235089633883855,42.59895207998113,37.833499908447266,33.0680477369134,2.993529490252631,19.97515936431356,40.44977044932789,11390239.0,-68.05476098573361,-95.71932073225055,35.30097948222038,-0.4276632031606778
2024-12-24,35.2599983215332,37.900001525878906,35.2599983215332,36.0099983215332,25163,0,37.90049991607666,36.489799880981444,37.768764128700475,37.160237267602604,36.27773993239493,45.99917669829985,0.6118415629139946,0.9136209835595165,-0.3017794206455219,42.52165359794186,37.90049991607666,33.27934623421147,2.9682776126878503,6.048855771468251,24.03421335056341,11415402.0,-58.9440594020066,-90.45616283751372,35.30172994618845,-0.4612823949356252
2024-12-26,36.02000045776367,37.029998779296875,34.5,34.959999084472656,23310,0,37.937499809265134,36.40119987487793,37.50126269591687,37.07395341728378,36.264628083161874,43.52065836136081,0.313586508090431,0.7936140884656994,-0.4800275803752684,42.45077802823599,37.937499809265134,33.42422159029428,2.9369719817313524,5.672984726118869,10.56566662063341,11392092.0,-93.93656009366583,-96.80556225187914,35.301854308503636,-0.4664216353638097
2024-12-27,35.59000015258789,36.09000015258789,33.04999923706055,33.61000061035156,30470,0,37.86949977874756,36.29879989624023,37.130666306815414,36.93811213073742,36.23821387945232,40.49919426403195,-0.03135492605267842,0.6286202855620238,-0.6599752116147022,42.595536654812996,37.86949977874756,33.143462902682124,2.9443311912882093,6.206880664753071,5.976240387446581,11361622.0,-132.76978573295634,-96.46686881751381,35.30097787195019,-0.4720322040997264
2024-12-30,33.060001373291016,34.38999938964844,32.5099983215332,33.47999954223633,19065,0,37.807999801635745,36.18299987792969,36.782983757807884,36.802499872364834,36.21076896067405,40.2096926023362,-0.31162132090273786,0.4405719642690714,-0.7521932851718093,42.72504658837997,37.807999801635745,32.89095301489152,2.868307611061568,9.024368735138994,6.968078042003495,11342557.0,-150.69891374566814,-94.08175087820644,35.300018578075125,-0.4679672286233481
2024-12-31,33.029998779296875,34.66999816894531,33.029998779296875,33.58000183105469,17114,0,37.67499980926514,36.08419990539551,36.47793786002187,36.676127400156595,36.184592173314655,40.56167338680323,-0.5196746235045708,0.24852264671434296,-0.7681972702189138,42.88940896622101,37.67499980926514,32.460590652309264,2.780571309532059,14.576766253895377,9.936005217928999,11359671.0,-128.59597865545504,-93.47160890586171,35.29929856466623,-0.4919967159491754
2025-01-01,33.59000015258789,34.689998626708984,33.59000015258789,33.720001220703125,11936,0,37.51849994659424,35.995399932861325,36.2152772277058,36.56020088331528,36.160068880253846,41.08457271750039,-0.6655890873545118,0.065700299900572,-0.7312893872550839,43.00342212968756,37.51849994659424,32.03357776350092,2.6612445585407905,21.53930153741778,15.046812175483902,11371607.0,-109.4813566137284,-92.61743341911551,35.29887502980797,-0.5112905049877681
2025-01-02,33.689998626708984,34.75,33.59000015258789,34.5099983215332,14681,0,37.393999862670896,35.925399932861325,36.05286971283222,36.47980078285324,36.143650267729264,44.07440066658098,-0.7093047636681078,-0.08930071281316398,-0.6200040508549438,43.03127032253691,37.393999862670896,31.75672940280488,2.55401279346017,34.16249881757128,23.426188869628003,11386288.0,-91.85062036829449,-87.79743984754246,35.29846802370947,-0.5135262558662694
2025-01-03,34.68000030517578,35.91999816894531,31.049999237060547,33.13999938964844,93133,0,37.20099983215332,35.86879989624023,35.77545349157662,36.34882817919815,36.113763194315524,40.258844220266674,-0.8447593563300444,-0.24039244151654007,-0.6043669148135044,43.13548203510043,37.20099983215332,31.266517629206213,2.719440374776213,41.850563260792,32.51745453859354,11293155.0,-103.05376119473408,-88.29131717312376,35.293577438732406,-0.5026672848418543
2025-01-06,33.79999923706055,34.63999938964844,31.700000762939453,32.279998779296875,32484,0,36.84499969482422,35.79919990539551,35.44255304278807,36.189266241947124,36.07561628471335,38.03299758433648,-1.0098618994826225,-0.3942863331097566,-0.6155755663728659,43.056864407503,36.84499969482422,30.63313498214543,2.735194535628554,41.346128833072534,39.11973030381179,11260671.0,-102.19903301317834,-93.10924714554895,35.291438544581425,-0.5306299735590331
2025-01-07,32.0099983215332,33.720001220703125,32.0099983215332,32.54999923706055,9481,0,36.50499973297119,35.728599853515625,35.16707172795688,36.04654988881432,36.04053551807004,39.170104830892264,-1.1061688480628078,-0.5366628361003668,-0.569506011962441,42.873615384897874,36.50499973297119,30.13638408104451,2.6619665615957944,32.99110713191884,38.72926640859431,11270152.0,-94.41415922777851,-91.59663973298404,35.29078575959925,-0.5405171263257462
2025-01-08,32.150001525878906,32.880001068115234,32.150001525878906,32.540000915527344,9094,0,36.165999794006346,35.702999877929685,34.916874507725495,35.909038164371694,36.005704327994984,39.141461385415724,-1.169814684160329,-0.6632932057123593,-0.5065214784479697,42.62037657685016,36.165999794006346,29.71162301116253,2.5239689173558326,28.88434049457391,34.407192153188284,11261058.0,-91.72748315860908,-91.65265273159002,35.29010141306458,-0.5349047136803702
2025-01-09,33.0099983215332,34.83000183105469,32.220001220703125,32.810001373291016,11221,0,35.849999809265135,35.67459991455078,34.71621992349364,35.78750730981951,35.9739062886447,40.40874877316434,-1.1848099359346733,-0.7675965517568221,-0.41721338417785125,42.31181380092974,35.849999809265135,29.38818581760053,2.530114038284099,32.51201133808695,31.462486321526416,11272279.0,-68.2532543875673,-84.72220428564002,35.2894903091099,-0.5397644685361037
2025-01-10,32.79999923706055,32.79999923706055,32.0,32.04999923706055,11321,0,35.5439998626709,35.634999923706054,34.46229414383335,35.640938365789744,35.934862437385156,38.009471604382185,-1.243683196073306,-0.8628138806201189,-0.38086931545318703,42.11606335791926,35.5439998626709,28.971936367422543,2.4072488479274505,25.972420654601418,29.122924162420613,11260958.0,-85.18724172881899,-85.40146473188257,35.28856545860809,-0.5382791285093149
2025-01-13,32.0,32.189998626708984,30.0,30.209999084472656,10453,0,35.0629997253418,35.560599899291994,34.05731366198947,35.4279603547577,35.87789862292831,32.914111485910865,-1.4224165807635956,-0.9747344206488142,-0.44768216011478135,41.71754135815923,35.0629997253418,28.408458092524363,2.3917309749832745,17.223181241823777,25.23587107817057,11250505.0,-111.98829685516586,-97.34178425428478,35.28729078129796,-0.5850881703943938
2025-01-14,32.88999938964844,32.88999938964844,30.799999237060547,31.559999465942383,9845,0,34.66999979019165,35.484199867248535,33.81947421474689,35.276275614019845,35.83493445221204,39.33937103695884,-1.438547645679897,-1.0674970656550307,-0.37105058002486624,41.175585361279474,34.66999979019165,28.164414219103836,2.412321641425596,15.9426582961715,19.712753397532087,11260350.0,-83.9362109107489,-77.80939207931966,35.28634493169566,-0.5840734821921788
2025-01-15,32.380001068115234,34.04999923706055,30.899999618530273,32.970001220703125,30539,0,34.39349985122681,35.36659992218018,33.73857202483796,35.1858334809486,35.80642765388857,45.23871324599159,-1.322313466580077,-1.11846034584004,-0.20385312074003714,40.69120208804159,34.39349985122681,28.095797614412017,2.465012925504502,32.71220134011922,21.959346959371356,11290889.0,-57.685543413971146,-51.23150827112788,35.28415173942381,-0.5692626235493782
2025-01-16,33.5,38.79999923706055,33.5,35.2599983215332,606830,0,34.07449979782105,35.356399879455566,33.88346976738036,35.188741906069566,35.80099054610394,53.1993612900833,-1.0334998713036825,-1.1014682509327685,0.06796837962908597,39.450541290874256,34.07449979782105,28.69845830476784,2.7053690034225677,51.18717063935628,33.28067675854886,11897719.0,44.13790671819062,-40.22728661860437,35.29337318442968,-0.591525357649246
2025-01-17,36.41999816894531,36.4900016784668,33.220001220703125,33.630001068115234,43723,0,33.58699979782104,35.30439990997314,33.859329891259875,35.12761481438508,35.77938866075082,47.86558525438874,-0.9254719080828337,-1.0662689823627816,0.1407970742799478,36.85383958282483,33.58699979782104,30.320160012817258,2.745699821589789,54.17113809579295,46.023503358422666,11853996.0,23.228905573248397,-58.74998428604684,35.292385956981825,-0.4330756626536588
2025-01-20,34.849998474121094,34.849998474121094,33.38999938964844,33.599998474121094,7751,0,33.38649969100952,35.238599891662595,33.83463166105618,35.06770829123747,35.75770318625699,47.77064594087817,-0.8326812958713532,-1.0195514450644958,0.1868701491931426,36.08364034272771,33.38649969100952,30.689359039291325,2.653864054652851,45.34090651953522,50.23307175156133,11846245.0,14.576801616791423,-59.09092288372065,35.29210785896298,-0.3484550238195312
2025-01-21,34.11000061035156,34.11000061035156,32.75,32.91999816894531,6552,0,33.269499683380126,35.1485998916626,33.747523709426574,34.98348436487307,35.729467315437965,45.56474190987341,-0.80473789132229,-0.9765887343160546,0.17185084299376463,35.83101037012593,33.269499683380126,30.707988996634317,2.5614452372027587,33.9398697719617,44.4839714624298,11839693.0,-20.208579874415243,-66.81819974883685,35.29175293921973,-0.34252116559118906
2025-01-22,33.310001373291016,33.65999984741211,33.0,33.0,3897,0,33.118999767303464,35.04879985809326,33.67633097519547,34.90570066428981,35.70230843667739,45.88136880848606,-0.7672921959211152,-0.9347294266370667,0.1674372307159515,35.35130699483293,33.118999767303464,30.886692539773996,2.4313421258644756,21.5672751759962,33.61601715583089,11843590.0,-14.670223680923842,-65.90908795348844,35.29153774396292,-0.34283545100844703
2025-01-23,33.0,34.0,32.61000061035156,33.20000076293945,4335,0,33.03099985122681,34.96619983673096,33.63096619307585,34.83881047207999,35.67740985285911,46.71578458094298,-0.7132558529544184,-0.890434711900537,0.17717885894611862,35.09877066837652,33.03099985122681,30.9632290340771,2.3569605018490445,14.96934012611599,23.49216169135781,11847925.0,-2.7728231761796884,-63.63635181395374,35.29130419120797,-0.335036664544619
2025-01-24,32.7599983215332,33.97999954223633,32.2599983215332,32.27000045776367,7984,0,32.96399984359741,34.90479984283447,33.5013504087604,34.73807282445974,35.64350528176363,43.36740089057848,-0.7369794735164135,-0.8597436642237123,0.12276419070729883,35.039209661356594,32.96399984359741,30.888790025838233,2.3114634103386216,6.574866694320817,14.37049399881085,11839941.0,-35.57021299962608,-74.20453801627923,35.29078199978671,-0.3310640683480436
2025-01-27,31.75,32.08000183105469,31.020000457763672,31.520000457763672,9555,0,32.86599988937378,34.84319988250732,33.31265041342738,34.61187390811872,35.602475383017364,40.82601057760517,-0.8069967890733452,-0.8491942891936388,0.04219750012029366,35.01817449452803,32.86599988937378,30.713825284219528,2.2356445953144344,10.591199043773388,10.711801954736579,11830386.0,-129.5329276930445,-82.72726602790712,35.28982730711435,-0.3355788494425618
2025-01-28,31.149999618530273,32.16999816894531,30.0,30.530000686645508,12280,0,32.71349983215332,34.80599990844726,33.04763615373387,34.4518004484531,35.55200299797884,37.686564428966534,-0.9316314563473398,-0.865681722624379,-0.06594973372296076,35.06472273986499,32.71349983215332,30.362276924441645,2.230955564859497,9.939142994613887,9.035069577569212,11818106.0,-154.7174599923735,-93.97726440232576,35.28839176817625,-0.3379741956148871
2025-01-29,31.389999389648438,32.689998626708984,30.809999465942383,31.979999542236328,9835,0,32.62649974822998,34.82999988555908,32.94595647644839,34.35486707958185,35.51646067503613,44.427127661752905,-0.9029933928670388,-0.873144056672911,-0.029849336194127885,34.950928415530385,32.62649974822998,30.30207108092958,2.2258871630883528,26.310411565486756,15.613584534624527,11827941.0,-78.41322906820314,-77.50000325116272,35.28748536285153,-0.32653381060627296
2025-01-30,32.63999938964844,33.470001220703125,32.0,32.70000076293945,3391,0,32.535999870300294,34.8585998916626,32.92253212278087,34.28997036128215,35.48843619829885,47.465952119795,-0.8128296458350235,-0.8610811745053335,0.04825152867031002,34.69511423097056,32.535999870300294,30.37688550963003,2.173323914186813,43.52974289129144,26.593099150463882,11831332.0,-6.593052062469741,-69.31817048837233,35.287253896614644,-0.3398721943315789
2025-01-31,33.31999969482422,33.31999969482422,32.0099983215332,32.529998779296875,4304,0,32.505499839782715,34.878599853515624,32.885147994830014,34.220951867870966,35.45899901005007,46.8150233709891,-0.7464869293815966,-0.8381623254805861,0.09167539609898956,34.64678401843583,32.505499839782715,30.3642156611296,2.1116580184085416,63.41660450137693,44.41891965271822,11827028.0,-12.209285459673549,-71.25001137906953,35.28694833187292,-0.3610376682111315
2025-02-01,32.61000061035156,34.13999938964844,31.100000381469727,33.470001220703125,25659,0,32.564999961853026,34.899199905395506,32.940848302056025,34.19150282288399,35.4392079872705,50.83024033618974,-0.6110160943343246,-0.7927330792513338,0.18171698491700927,34.74371961172742,32.564999961853026,30.38628031197863,2.1779680891064106,74.85543063715504,60.600592676607654,11852687.0,11.018067232220753,-60.568164527907335,35.285321488622,-0.3233884234761066
2025-02-03,33.0,33.0,32.470001220703125,32.9900016784668,3618,0,32.58700008392334,34.92499992370605,32.945529575999906,34.14438513094606,35.4148377752426,48.80408496825962,-0.5362053911072024,-0.7414275416225076,0.20522215051530512,34.773541549054734,32.58700008392334,30.400458618791955,2.0938275113130955,74.0642007890546,70.77874530919537,11849069.0,3.900714565791016,-66.02270525348882,35.28508425835668,-0.31728586723250607
2025-02-04,32.5,33.5,32.40999984741211,32.4900016784668,4855,0,32.58450012207031,34.88139999389649,32.90214596671104,34.079507348495895,35.38573492850851,46.715162552459915,-0.5113684539223371,-0.6954157240824734,0.18404727016013633,34.77136512322385,32.58450012207031,30.397635120916767,2.022125557118438,65.00191405445473,71.30718182688798,11844214.0,1.1398355413553687,-61.63326603245136,35.28476340814567,-0.32466575779033024
2025-02-05,33.4900016784668,33.4900016784668,31.809999465942383,32.2599983215332,15780,0,32.55699996948242,34.84219993591309,32.84098904812267,34.00815405332089,35.35463307172269,45.74518785662651,-0.5044296005109814,-0.657218499368175,0.1527888988571936,34.74566248813403,32.55699996948242,30.368337450830804,1.997688175361722,49.78237154171875,62.94949546174255,11828434.0,-19.297504998010997,-53.40208180286582,35.28360368358365,-0.32430348567063766
2025-02-06,32.33000183105469,32.900001525878906,31.809999465942383,32.040000915527344,6037,0,32.55650005340576,34.78359992980957,32.76470446406597,33.93097157732898,35.32165165723318,44.78727662738457,-0.5107943420437309,-0.6279336679032862,0.11713932585955533,34.74563008076999,32.55650005340576,30.36737002604153,1.9328534528313506,38.26755383503729,51.017279810403444,11822397.0,-41.91998133891644,-50.72460830240418,35.28311694015727,-0.3186181848047162
2025-02-07,32.029998779296875,32.59000015258789,31.6200008392334,31.709999084472656,9425,0,32.63150005340576,34.72359992980957,32.66425633267613,33.84387461682481,35.28571481571318,43.321829641200566,-0.5362848771516084,-0.6096039097529506,0.0733190326013422,34.58390618312066,32.63150005340576,30.679093923690857,1.8640781571544323,24.622020851239085,37.557315409331565,11812972.0,-75.83009916662046,-58.69566819868863,35.28228805884616,-0.31807991082929343
2025-02-10,31.709999084472656,32.68000030517578,30.520000457763672,30.8799991607666,4362,0,32.597500038146975,34.616399879455564,32.494327078208556,33.72764420678332,35.24187684899729,39.794956211321406,-0.616355405669637,-0.6109542089362879,-0.005401196733349045,34.644740635827986,32.597500038146975,30.550259440465965,1.8852154207442664,15.929572791250466,26.27304915917547,11808610.0,-126.68295717193864,-78.74397849026423,35.281833504088276,-0.3204766577031744
2025-02-11,30.920000076293945,31.0,28.989999771118164,29.239999771118164,9020,0,32.41099996566773,34.46419990539551,32.18439114419995,33.55165815048272,35.18215667906815,33.919024325648024,-0.8028908946438165,-0.6493415460777936,-0.15354934856602287,34.91676833865704,32.41099996566773,29.90523159267841,1.8941286213255213,7.474397095691283,16.008663579393467,11799590.0,-213.84110582557935,-95.14563070838933,35.28050655054876,-0.34959423470045864
2025-02-12,29.190000534057617,30.229999542236328,28.0,28.829999923706055,10403,0,32.08950004577637,34.30079990386963,31.86492531367672,33.366495082765994,35.1189511392138,32.62218417220377,-0.9725937197630827,-0.7139919808148514,-0.25860173894823135,34.6984807430744,32.08950004577637,29.480519348478342,1.918119401390579,11.524939041420248,11.642969642787188,11789187.0,-223.54786791726454,-86.48208458936706,35.278777112176115,-0.38590650186082043
2025-02-13,28.0,29.8700008392334,28.0,29.549999237060547,4451,0,31.885499954223633,34.15179988861084,31.6444561635228,33.21682857901284,35.06353868247596,37.16551369617042,-1.0370322418565863,-0.7786000330231984,-0.2584322088333879,34.61597616195525,31.885499954223633,29.155023746492013,1.9146823612364945,18.537987179014344,12.512441105375148,11793638.0,-179.18549251632163,-74.75571024202827,35.27805163269194,-0.2603290234060918
2025-02-14,29.459999084472656,29.489999771118164,27.5,27.649999618530273,10110,0,31.58800001144409,33.91679985046387,31.26403173066637,32.9985215609547,34.98977212462575,31.18880419648697,-1.2272671533299082,-0.8683334570845403,-0.35893369624536786,34.766280527849,31.58800001144409,28.409719495039184,1.924347852366784,17.65138456570323,15.904770262045796,11783528.0,-191.3348048392435,-97.74096939279666,35.27615573397919,-0.2751041455615574
2025-02-17,28.200000762939453,29.8799991607666,27.25,28.079999923706055,16711,0,31.346000099182127,33.69139987945557,30.96079060619396,32.80563835949397,34.92101817237779,33.78408483360511,-1.3280236305291169,-0.9602714917734556,-0.36775213875566126,34.80628626012552,31.346000099182127,27.885713938238737,1.9747515172524854,19.38290543918365,18.5240923946336,11800239.0,-150.35254717541417,-87.95355591826248,35.2731084418297,-0.26632388532219586
2025-02-18,27.979999542236328,29.420000076293945,27.149999618530273,27.420000076293945,5919,0,31.067000102996825,33.45339988708496,30.623572460489196,32.594436858192005,34.84638117639686,31.801496555064396,-1.4444792784926612,-1.0571130491172966,-0.3873662293753646,34.83499272847967,31.067000102996825,27.29900747751398,1.9958407272889986,11.265108501845745,16.099799502244064,11794320.0,-141.59741455069522,-96.13733238047759,35.27196589050722,-0.266747663632695
2025-02-19,27.170000076293945,27.790000915527344,25.610000610351562,26.399999618530273,16901,0,30.727000045776368,33.19879985809326,30.22132742792168,32.35151775075429,34.76233757880615,28.97181660508833,-1.6006257140863553,-1.1658155821111085,-0.43481013197524687,34.872070444622715,30.727000045776368,26.58192964693002,2.0089949828523403,16.466911385994305,15.704975109007757,11777419.0,-166.4606346187371,-90.7385800558833,35.26807952552756,-0.2701306218621022
2025-02-20,27.15999984741211,27.889999389648438,26.65999984741211,27.06999969482422,21815,0,30.467000007629395,32.97679988861084,29.92120097715049,32.14439939561978,34.68579690334364,33.177819538951184,-1.6512746166381795,-1.2629073890165228,-0.38836722762165676,34.83847216139419,30.467000007629395,26.095527853864596,1.971923896299899,20.48647683217062,16.072832240003414,11799234.0,-121.96832605194163,-81.49557417725337,35.263419064357365,-0.24882439634474002
2025-02-21,29.329999923706055,29.329999923706055,27.209999084472656,27.389999389648438,12758,0,30.260499954223633,32.72799983978271,29.680134159293154,31.95795233656208,34.613201903207376,35.15291776642072,-1.6466118197154458,-1.3396482751563075,-0.3069635445591383,34.800436547825925,30.260499954223633,25.72056336062134,1.992500777198609,31.4597832947471,22.804390504303868,11811992.0,-83.48877231462502,-77.43981093798047,35.2609562463198,-0.29339175563056497
2025-02-24,27.40999984741211,27.40999984741211,24.989999771118164,25.799999237060547,14657,0,30.023999881744384,32.45559986114502,29.310597500032905,31.71646397971888,34.525508344340246,30.35234944289982,-1.7510314431907936,-1.4219249087632047,-0.32910653442758897,34.958772656392206,30.023999881744384,25.08922710709656,2.0230364414197046,31.3875356450317,27.777931923983,11797335.0,-127.14713559752235,-90.47059665666544,35.25738754364709,-0.28323248783125465
2025-02-25,26.799999237060547,26.799999237060547,25.3799991607666,25.649999618530273,15092,0,29.70749988555908,32.198599853515624,28.961969130365986,31.478563416535014,34.43719482468045,29.936996609877482,-1.8248526967571905,-1.502510466362002,-0.3223422303951886,34.90485325753749,29.70749988555908,24.510146513580672,1.9799624153392934,25.059316173036375,29.302211704271585,11782243.0,-116.38723556617984,-91.65613525920041,35.253666548238016,-0.3309417086856834
2025-02-27,26.559999465942383,26.559999465942383,25.40999984741211,26.3799991607666,2227,0,29.39149980545044,31.89339984893799,28.716067228499377,31.27861972023037,34.35702372354697,34.625662443586904,-1.8036602373871418,-1.5627404205670299,-0.24091981682011188,34.59116304312022,29.39149980545044,24.191836567780662,1.9206793584243635,21.83980495522799,26.095552257765217,11784470.0,-101.65516240753333,-81.92458656547055,35.25312794147228,-0.3248413557534842
2025-02-28,26.280000686645508,26.389999389648438,23.65999984741211,24.200000762939453,25327,0,28.97499990463257,31.50979984283447,28.28596566035081,31.001026819944453,34.255958818466304,28.493372779550242,-1.9404049321530934,-1.6382733228842425,-0.30213160926885085,34.43053896283395,28.97499990463257,23.519460846431187,1.9784879429823612,18.919609781346328,21.93957696987009,11759143.0,-129.55288911884136,-94.01329392325523,35.2460913992454,-0.35712724567567933
2025-03-03,25.200000762939453,25.200000762939453,19.360000610351562,19.360000610351562,101165,0,28.26949987411499,31.144799842834473,27.435873750827074,30.544515988195712,34.10774032883332,20.017172825854644,-2.411525090570432,-1.7929236764214804,-0.6186014141489518,34.7672394936157,28.26949987411499,21.771760254614286,2.2543102436684705,13.85048670755596,18.203300481376615,11657978.0,-201.75592731026342,-100.0,35.2088889625895,-0.642185691824704
2025-03-04,19.5,20.239999771118164,18.18000030517578,19.700000762939453,24078,0,27.604999828338624,30.833599891662598,26.699123942456826,30.119240881322916,33.964379736137865,21.777555703775295,-2.72603203908902,-1.9795453489549883,-0.7464866901340317,34.72434070132623,27.604999828338624,20.485658955351017,2.2404309024023212,9.052414570280986,13.940837019727615,11682056.0,-218.42509193326134,-87.385887518658,35.198836459900754,-0.5784204434130867
2025-03-05,19.5,21.360000610351562,19.0,19.6299991607666,54281,0,26.961999702453614,30.505999908447265,26.025873963248234,29.70789806875208,33.82174908364661,21.671796335781803,-2.946958898197554,-2.1730280588035016,-0.7739308393940525,34.51042313603518,26.961999702453614,19.413576268872053,2.248971595827267,11.645502956678888,11.516134744838467,11627775.0,-171.87000417690604,-87.60684617590418,35.177111807417226,-0.5588923255746636
2025-03-06,20.489999771118164,20.489999771118164,19.399999618530273,20.0,8341,0,26.348999786376954,30.206799926757814,25.45198120484364,29.327196183702977,33.68421924201829,23.778798191673214,-3.056950428577956,-2.3498125327583925,-0.7071378958195633,34.06623704086395,26.348999786376954,18.631762531889954,2.166187921310169,19.0348651076294,13.24426087819628,11636116.0,-149.46883976391604,-84.44444553125288,35.17377170891289,-0.548142304025707
2025-03-07,20.5,20.5,19.420000076293945,19.920000076293945,11507,0,25.742999744415282,29.93299991607666,24.925125859267478,28.958286532432034,33.54726183738421,23.63078634674348,-3.1146708473929685,-2.5027841956853076,-0.6118866517076609,33.48093973660076,25.742999744415282,18.005059752229805,2.0886030643384466,21.419165688064183,17.36651125079068,11624609.0,-130.91991164467308,-85.12820562980902,35.169161166758286,-0.5332559408705847
2025-03-10,20.799999237060547,20.90999984741211,18.920000076293945,19.0,22645,0,25.10749979019165,29.643399925231932,24.360828158384862,28.567765491944503,33.40251296338039,21.939503153848186,-3.197788892751337,-2.6417851350985133,-0.5560037576528236,32.8684834547266,25.10749979019165,17.346516125656702,2.0815599719655693,24.246852604378997,21.56696113335738,11601964.0,-117.3193766126395,-92.70462890104984,35.15989559241639,-0.5488227037187079
2025-03-11,19.34000015258789,19.34000015258789,18.75,18.75,5195,0,24.50099983215332,29.34679988861084,23.82646357187202,28.1827550804957,33.25671681449103,21.489412971285166,-3.2464108497386484,-2.7627102780265402,-0.4837005717121081,32.25862250695366,24.50099983215332,16.74337715735298,1.9750199848671637,16.857490453428483,20.841169581957075,11596769.0,-112.97608266867603,-94.88789493878608,35.157680919584834,-0.5534834565710528
2025-03-12,17.920000076293945,19.540000915527344,17.920000076293945,18.8799991607666,5950,0,23.982999801635742,29.04999984741211,23.35537172319531,27.817941122859263,33.11366489753855,22.38112640877942,-3.237138537120675,-2.8575959298453673,-0.37954260727530764,31.789081985635324,23.982999801635742,16.17691761763616,1.949661474464752,19.29771556671798,20.13401954150834,11602719.0,-101.0111252412455,-91.58633569403251,35.15511905633803,-0.5376212153159837
2025-03-13,18.8799991607666,19.790000915527344,18.06999969482422,18.34000015258789,46576,0,23.458499813079833,28.726599884033202,22.877717287899365,27.446257163240777,32.96666325828531,21.298963480120733,-3.2360602810254555,-2.933288800081385,-0.3027714809440707,31.300981887177066,23.458499813079833,15.616017738982597,1.9332571706246358,15.384607206291138,17.17993774214572,11556143.0,-90.14929935412908,-96.31901768702298,35.13503563592599,-0.5607518589709293
2025-03-17,18.59000015258789,18.8700008392334,17.760000228881836,18.440000534057617,6814,0,22.902999877929688,28.432599906921386,22.455077597057294,27.093070628763005,32.82211935058155,22.050615416961325,-3.1903600752378765,-2.984703055112683,-0.2056570201251935,30.51128472584162,22.902999877929688,15.294715030017755,1.8744531306051306,22.58037850285038,19.08756709195302,11562957.0,-87.21907451936819,-92.95336443464701,35.132034198618186,-0.5609105148761041
2025-03-19,17.639999389648438,18.280000686645508,17.0,17.18000030517578,16208,0,22.379499912261963,28.130599937438966,21.952689283544768,26.704322772936056,32.666476375005374,19.520806413045648,-3.218710529699859,-3.0315045500301183,-0.1872059796697405,30.049801926214588,22.379499912261963,14.709197898309338,1.8434208022803082,14.028587327804535,17.331191012315205,11546749.0,-93.64383507765142,-98.16326204909204,35.12452916239227,-0.5600886636054073
2025-03-20,17.639999389648438,18.0,16.5,17.040000915527344,17067,0,21.82749996185303,27.8203999710083,21.484814200876443,26.325329758920027,32.510989057000614,19.256453844921708,-3.215410004823511,-3.0682856409887966,-0.14712436383471417,29.365246776078806,21.82749996185303,14.289753147627252,1.818890744974572,14.817444244779955,17.142136691811476,11529682.0,-92.134321173134,-94.63219737381209,35.11649598328502,-0.5564432348816115
2025-03-21,17.639999389648438,17.719999313354492,16.260000228881836,17.25,12208,0,21.31899995803833,27.514599952697754,21.081498562697735,25.969434474256495,32.35913841961752,20.98496216391762,-3.159429210733702,-3.0865143549377776,-0.07291485579592427,28.648312865398843,21.31899995803833,13.989687050677814,1.7932556263672923,16.97011089483333,15.272047489139126,11541890.0,-89.00001671918477,-90.22704982096717,35.11072119450301,-0.5284075037836495
2025-03-24,17.770000457763672,17.770000457763672,16.709999084472656,16.84000015258789,12599,0,20.84099998474121,27.195199928283692,20.677546333163466,25.611417442034195,32.20471913337842,20.081100151651558,-3.1122712634684753,-3.0916657366439173,-0.020605526824557963,28.028062537521365,20.84099998474121,13.653937431961053,1.7408803225761298,22.226975020846577,18.004843386819804,11529291.0,-83.91836981007766,-93.51230549152095,35.1047752328872,-0.544742063060085
2025-03-25,16.84000015258789,17.43000030517578,16.209999084472656,16.450000762939453,8481,0,20.310000038146974,26.88319995880127,20.274922945523084,25.252146199716755,32.04795576650838,19.232515915507246,-3.070967737423878,-3.0875261367999096,0.01655839937603165,27.13803868185512,20.310000038146974,13.481961394438825,1.7036746724423437,20.620600984067988,19.93922896658248,11520810.0,-89.87565270583113,-95.3397746144194,35.10068380035329,-0.5568791339702239
2025-03-26,16.5,16.93000030517578,16.0,16.280000686645508,21482,0,19.754500102996825,26.604599990844726,19.894454158963313,24.9002973560669,31.89106069108686,18.858420281053597,-3.0171719013106895,-3.0734552897020655,0.05628338839137603,25.968250323220772,19.754500102996825,13.540749882772879,1.648412217637589,15.93884114821383,19.595472384375984,11499328.0,-98.74708474086701,-94.77610718728738,35.09016346684928,-0.5408958432884885
2025-03-27,16.280000686645508,16.5,15.460000038146973,15.460000038146973,27250,0,19.237500143051147,26.282600002288817,19.472125195076043,24.530089618109255,31.727567550261586,17.127814126359198,-3.0060535982382923,-3.059974951409311,0.05392135317101854,25.06162841863058,19.237500143051147,13.413371867471714,1.6049541993672631,8.531436447416592,15.030292859899324,11472078.0,-112.29691079182997,-100.0,35.07640984222939,-0.5759767165773427
2025-03-28,15.460000038146973,16.0,14.680000305175781,14.680000305175781,29088,0,18.689000177383424,25.916799983978272,19.015732348418876,24.143811605837353,31.55794001548461,15.65604423259351,-3.0253078568859593,-3.0530415325046407,0.027733675618681453,24.04130737810503,18.689000177383424,13.336692976661814,1.584600306185617,4.666678110758455,9.712318568796146,11442990.0,-130.06066818503754,-100.0,35.06122778506794,-0.6014382883149654
2025-04-01,14.930000305175781,14.9399995803833,13.9399995803833,14.119999885559082,5489,0,18.076000213623047,25.494000015258788,18.5494721138608,23.750720950140167,31.3844281733958,14.68068863005618,-3.0505890575977297,-3.0525510375232585,0.001961979925528823,22.490632271844156,18.076000213623047,13.661368155401938,1.542843141458073,1.719200265462059,4.9724382745455555,11437501.0,-149.313315776481,-97.41749930732051,35.058252555820125,-0.6081105331265576
2025-04-02,14.800000190734863,14.819999694824219,14.4399995803833,14.819999694824219,10929,0,17.607000160217286,25.117799987792967,18.194284264428745,23.400496587186602,31.21960798952942,21.282266872281006,-2.979791277842523,-3.0379990855871113,0.05820780774458845,21.24413685536268,17.607000160217286,13.969863465071892,1.4826400463014349,11.529678538863303,5.9718523050277925,11448430.0,-126.95058169906636,-84.95726643420929,35.05243405589638,-0.5690341586542979
2025-04-03,15.5600004196167,15.5600004196167,15.5600004196167,15.5600004196167,4164,0,17.417000150680543,24.75700002670288,17.94340008873236,23.093026149242686,31.063790998784018,27.655028716357343,-2.8313337996708974,-2.9966660284038684,0.16533222873297104,21.06498627958056,17.417000150680543,13.76901402178053,1.4295943804793667,32.62343600884523,15.290771604390052,11452594.0,-84.96931973602442,-72.30768428203257,35.05031238792979,
2025-04-04,16.329999923706055,16.329999923706055,15.930000305175781,16.329999923706055,13643,0,17.248500108718872,24.425200061798094,17.789742930158425,22.82780943451576,30.917186112464833,33.672216664840946,-2.6213305865359047,-2.9215989400302758,0.3002683534943711,20.768177548436345,17.248500108718872,13.7288226690014,1.3824804607372232,64.2375690767165,36.1302278748082,11466237.0,-52.68343934435544,-59.14530260079153,35.04359112318889,
2025-04-07,16.329999923706055,16.329999923706055,15.510000228881836,15.800000190734863,2617,0,17.057000160217285,24.081200065612794,17.600243621641894,22.55220907201455,30.766766352049608,31.716778079457335,-2.4692046223334145,-2.8311200764909037,0.36191545415748916,20.452108879249828,17.057000160217285,13.661891441184743,1.3423032631720084,80.36851818355366,59.076507756371655,11463620.0,-61.36826868237719,-62.27180252717827,35.04228074486406,
2025-04-08,15.789999961853027,16.5,15.199999809265137,16.389999389648438,3648,0,16.876500129699707,23.745000038146973,17.484982266213947,22.310553790353133,30.623713944463525,36.16122259678231,-2.2748130661664696,-2.7198586744260167,0.4450456082595471,19.999506784220166,16.876500129699707,13.753493475179248,1.3392816151407838,90.82814925815546,78.47807883947506,11467268.0,-48.65636897551921,-43.548405881048716,35.040468721699625,
2025-04-09,16.31999969482422,16.31999969482422,15.989999771118164,16.200000762939453,793,0,16.69050016403198,23.423600044250488,17.362603075425902,22.07092425986632,30.480194410319008,35.36297790889182,-2.111744779378082,-2.5982358954164297,0.4864911160383478,19.49295239536927,16.69050016403198,13.888047932694695,1.2721900439543188,83.13586225700347,84.77750989957072,11466475.0,-35.45803684357017,-44.334951995657256,35.04007777138544,
2025-04-11,16.200000762939453,16.200000762939453,16.1200008392334,16.200000762939453,426,0,16.550500202178956,23.117200050354004,17.251879045665287,21.840691965869187,30.338102931240606,35.36297790889182,-1.9599192580552334,-2.4705725679441906,0.5106533098889572,19.149865237274796,16.550500202178956,13.951135167083114,1.1870336067937284,82.8354812089464,85.59983090803497,11466475.0,-29.034524155811848,-40.99214974326745,35.03986779647367,
2025-04-15,16.469999313354492,16.469999313354492,16.200000762939453,16.469999313354492,565,0,16.43650016784668,22.836000022888182,17.177414309254736,21.630076567731354,30.20011185046562,37.63198166165236,-1.797094030683084,-2.335876860491969,0.538782829808885,18.83200653620915,16.43650016784668,14.040993799484214,1.1215311027666792,83.8461777350336,83.27250706699436,11467040.0,-9.13716203877532,-33.942580851269916,35.03959236633274,
2025-04-16,16.600000381469727,16.600000381469727,16.200000762939453,16.600000381469727,2142,0,16.322500228881836,22.528400039672853,17.122422506608544,21.432818678074035,30.064787358236806,38.746922843544745,-1.6386742484685541,-2.196436338087286,0.5577620896187319,18.443272685987974,16.322500228881836,14.201727771775696,1.069993139606936,91.53846473618559,86.07337456005507,11469182.0,6.200609192880119,-23.7822278319271,35.03855309266643,
2025-04-17,16.700000762939453,16.700000762939453,16.520000457763672,16.700000762939453,2400,0,16.240500259399415,22.208400039672853,17.082191864354346,21.24721797551974,29.931804407039817,39.64078999623803,-1.4879045966622222,-2.054729989802273,0.5668253931400509,18.160192937161067,16.240500259399415,14.320807581637762,1.0064222228618536,99.23075173733758,91.53846473618546,11471582.0,33.9520017998673,-7.69229051783227,35.03739964520973,
2025-04-21,16.709999084472656,16.709999084472656,16.700000762939453,16.709999084472656,2122,0,16.154000186920165,21.892000045776367,17.04674493293704,21.069287822929656,29.800244155073973,39.735482777958595,-1.3520264609462131,-1.914189284031061,0.5621628230848479,17.806820946894092,16.154000186920165,14.501179426946235,0.9352490870526643,100.0,96.92307215784092,11473704.0,54.88044285424501,-0.0,35.036383620977574,
2025-04-22,17.040000915527344,17.040000915527344,16.709999084472656,17.040000915527344,2083,0,16.147000217437743,21.563400039672853,17.04610264556469,20.911276571658977,29.673276560650624,42.918525341071344,-1.2038365907604032,-1.7721187453769294,0.5682821546165262,17.783485682083292,16.147000217437743,14.510514752792194,0.8920171401956659,100.0,99.74358391244573,11475787.0,86.0368922317454,-0.0,35.035398530324635,
2025-04-23,17.280000686645508,17.299999237060547,17.280000686645508,17.280000686645508,1427,0,16.159000205993653,21.249200019836426,17.06837864947715,20.768873595776096,29.549960382799828,45.186045017066796,-1.054869199719242,-1.6286688362453918,0.5737996365261497,17.82476028487111,16.159000205993653,14.493240127116195,0.8468729388626329,99.39398248011152,99.79799416003704,11477214.0,125.17601560410448,-0.5951950136452075,35.03473702959423,
2025-04-24,17.190000534057617,17.270000457763672,17.190000534057617,17.190000534057617,892,0,16.156000232696535,20.94319999694824,17.07996168610386,20.62852563257145,29.426975707687966,44.472591927351786,-0.933315054241362,-1.4895980798445858,0.5562830256032238,17.81408854946736,16.156000232696535,14.497911915925709,0.7928105969858656,94.69317584970084,98.02905277660398,11476322.0,115.20951707056783,-3.846108958304087,35.03432192797702,
2025-04-25,16.84000015258789,16.850000381469727,16.84000015258789,16.84000015258789,2014,0,16.156000232696535,20.634800033569334,17.057108206721388,20.47995600590543,29.301732169826273,41.71420599543029,-0.8553645142350064,-1.3627513667226698,0.5073868524876635,17.81408854946736,16.156000232696535,14.497911915925709,0.76118129587757,69.13760616560096,87.74158816513763,11474308.0,76.32131336715076,-21.904724276785426,35.0333651265097,
2025-04-28,16.5,16.5,16.5,16.5,2157,0,16.15850019454956,20.32400001525879,17.00405028227173,20.32387929979149,29.174351750226013,39.17242392916109,-0.8116669293739633,-1.2525344792529285,0.44086754987896515,17.818503740509456,16.15850019454956,14.498496648589667,0.7310969284997357,36.4102903521561,66.74702412248583,11472151.0,38.66497816331028,-38.09521214490949,35.03232116128246,
2025-04-29,16.420000076293945,16.420000076293945,16.420000076293945,16.420000076293945,1165,0,16.165500164031982,20.018200035095216,16.94842645313099,20.17078599690923,29.047442778346092,38.57679522388471,-0.7745629245576886,-1.1569401683138805,0.38237724375619186,17.828671754104082,16.165500164031982,14.502328573959883,0.6845899995859013,7.777763649233449,37.77522005566337,11470986.0,29.254330417523512,-41.90473335940044,35.03175492870127,
2025-04-30,16.25,16.25,16.25,16.25,301,0,16.205000162124634,19.725600051879884,16.881909648070895,20.017029683304948,28.920105039258072,37.27958469157957,-0.7502271670463614,-1.0755975680603767,0.32537040101401526,17.836496621684585,16.205000162124634,14.573503702564684,0.6478335764936187,-7.105427357601002e-15,14.72935133379638,11470685.0,7.215942621308479,-49.99997729346247,35.03160730107213,
2025-05-02,15.920000076293945,16.25,15.920000076293945,15.920000076293945,158,0,16.26700015068054,19.4592000579834,16.790299212663566,19.856361855579028,28.790750761019623,34.83108143678271,-0.7489358732570999,-1.0102652290997214,0.2613293558426215,17.74940522362075,16.26700015068054,14.784595077740331,0.6251311727230784,-7.105427357601002e-15,2.5925878830776767,11470527.0,-27.09956251260148,-100.0,35.031528902056,
2025-05-05,15.600000381469727,15.90999984741211,15.600000381469727,15.600000381469727,1508,0,16.341000175476076,19.194600067138673,16.676937419216532,19.689445719339446,28.659499513461913,32.595417235176136,-0.7649163352798993,-0.9611954503357569,0.1962791150558576,17.49973935939044,16.341000175476076,15.182260991561712,0.6033360671588742,-7.105427357601002e-15,-1.4210854715202004e-13,11469019.0,-91.99538720208352,-100.0,35.03076780729094,
2025-05-06,15.350000381469727,15.5,15.350000381469727,15.350000381469727,1886,0,16.367500209808348,18.910600090026854,16.550562463240645,19.519271392364164,28.527066686277912,30.92536674719601,-0.7886626649526924,-0.926688893259144,0.13802622830645161,17.40364456026156,16.367500209808348,15.331355859355133,0.5780977766475262,-7.105427357601002e-15,-1.4210854715202004e-13,11467133.0,-156.59300794952497,-100.0,35.02980108069227,
2025-05-07,15.420000076293945,15.420000076293945,15.350000381469727,15.420000076293945,471,0,16.360500192642213,18.666000099182128,16.442889854960008,19.358515654479056,28.39664811304424,31.976297603436038,-0.7926957092408102,-0.8998902564554773,0.10719454721466704,17.419999712408266,16.360500192642213,15.30100067287616,0.5418050565172899,2.5925823886655333,0.864194129555038,11467604.0,-152.66883482120255,-96.41026995356826,35.02955962919603,
2025-05-08,15.109999656677246,15.420000076293945,15.109999656677246,15.109999656677246,1646,0,16.29950017929077,18.406600093841554,16.31594793131403,19.191907183977026,28.264442655766956,29.81301957463609,-0.811551310641196,-0.882222467292621,0.07067115665142498,17.491229800756116,16.29950017929077,15.107770557825425,0.525247582452962,2.5925823886655333,1.7283882591102182,11465958.0,-155.81484122013453,-100.0,35.028707998157095,
2025-05-09,15.0,15.0,15.0,15.0,81,0,16.259500169754027,18.158200092315674,16.190619556903172,19.02751866695832,28.132458151729473,29.061709772749396,-0.8258506711241154,-0.8709481080589199,0.0450974369348045,17.563976916617705,16.259500169754027,14.955023422890351,0.4955870163261252,2.5925823886655333,2.5925823886653983,11465877.0,-164.26147578987857,-100.0,35.02866563993448,
2025-05-12,15.0,15.0,15.0,15.0,811,0,16.190000200271605,17.93020009994507,16.07722721815049,18.869576758450147,28.00178692633913,29.061709772749396,-0.8276424701221394,-0.8622869804715638,0.034644510349424396,17.60286987802654,16.190000200271605,14.777130522516671,0.4601879437314019,-7.105427357601002e-15,1.7283882591102178,11465877.0,-141.47438675229571,-100.0,35.028241544644445,
2025-05-13,15.0,15.0,15.0,15.0,2443,0,16.130000162124634,17.688800106048586,15.974634149755206,18.71782865027563,27.8724159121467,29.0617097727494,-0.8196144782246133,-0.8537524800221737,0.034138001797560436,17.63499212259722,16.130000162124634,14.625008201652046,0.4273173763220161,-7.105427357601002e-15,0.8641941295550377,11465877.0,-119.74024313875843,-100.0,35.02696413801509,
2025-05-14,15.0,15.0,14.899999618530273,15.0,3776,0,16.07000012397766,17.441000118255616,15.881811849778519,18.57203144830404,27.74433217172733,29.0617097727494,-0.8039844050487783,-0.8437988650274947,0.039814459978716354,17.652719568236275,16.07000012397766,14.487280679719046,0.40393759097542403,6.410275220384151,2.136758406794577,11465877.0,-106.39927194610165,-95.78057611565772,35.024986761261324,
2025-05-15,14.949999809265137,15.0,14.930000305175781,14.949999809265137,2068,0,15.994000148773193,17.224000129699707,15.7930678459201,18.42999099187114,27.61702538205109,28.620735808060893,-0.7865650249833269,-0.8323520970186611,0.045787072035334164,17.637404275882755,15.994000148773193,14.35059602166363,0.38008488410748076,23.07694188705082,9.829072369144852,11463809.0,-94.28941583153922,-97.43588865783352,35.023903617672275,
2025-05-16,15.0,15.0,14.899999618530273,15.0,4282,0,15.914000129699707,17.011000137329102,15.717537574880092,18.295481541209526,27.491482840936154,29.768384925517545,-0.7599650393465485,-0.8178746854842386,0.05790964613769012,17.587122096425478,15.914000129699707,14.240878162973935,0.36007884820478403,56.41027522038414,28.632497442606237,11468091.0,-83.66558277882832,-93.74997764826354,35.02166197774808,
2025-05-19,15.300000190734863,15.75,15.300000190734863,15.75,22673,0,15.866500091552734,16.798400154113768,15.720629234415322,18.1956587356719,27.374652165901963,44.24839120330522,-0.670634964681307,-0.7884267413236523,0.1177917766423453,17.50116577922777,15.866500091552734,14.231834403877698,0.38793035904729944,83.33333333333333,54.27351681358929,11490764.0,-24.41841895392031,-44.078939112932574,35.0101755091147,
2025-05-20,16.450000762939453,16.530000686645508,16.299999237060547,16.530000686645508,7815,0,15.857500171661377,16.64500015258789,15.797712229865816,18.130338812180668,27.266745186008865,54.70722828040322,-0.5307821737475713,-0.7368978278084362,0.20611565406086485,17.47538657495306,15.857500171661377,14.239613768369695,0.4159353824471715,100.0,79.91453618457236,11498579.0,55.089935523731434,-0.0,35.00639338583225,
2025-05-21,17.0,17.350000381469727,17.0,17.350000381469727,5317,0,15.873000144958496,16.604800148010256,15.945549196685237,18.099737305093964,27.16807110835176,62.64167696781383,-0.34974901803006375,-0.6594680658527616,0.3097190478226979,17.541066447799643,15.873000144958496,14.204933842117347,0.444797119045532,100.0,94.4444444444443,11503896.0,122.88620381605925,-0.0,35.00392921238156,
2025-05-22,18.209999084472656,18.209999084472656,18.209999084472656,18.209999084472656,4978,0,15.919500064849853,16.57500011444092,16.16121109076023,18.104061296442147,27.078936063338038,68.8124302228148,-0.1353242955841445,-0.5546393117990382,0.41931501621489375,17.78234169104119,15.919500064849853,14.056658438658516,0.47445437504248894,100.0,99.99999999999987,11508874.0,193.57100910447815,-0.0,35.00174952969164,
2025-05-23,19.1200008392334,19.1200008392334,18.799999237060547,19.100000381469727,34326,0,16.01500005722046,16.56440013885498,16.441095785113514,18.14311773114911,26.999543668493576,73.66113168873818,0.10521169350668913,-0.42266911073789276,0.527880804244582,18.280828844762105,16.01500005722046,13.749171269678811,0.5055649021652213,99.82547596537246,99.94182532179069,11543200.0,225.20933947607062,-0.47394435967341864,34.98744718561088,
2025-05-26,19.100000381469727,19.950000762939453,18.15999984741211,19.729999542236328,20875,0,16.15950002670288,16.559000129699708,16.754324714363307,18.205348390407433,26.927209896093007,76.45195753221424,0.34272316566457306,-0.2695906554573996,0.6123138211219726,18.92980295833205,16.15950002670288,13.389197095073708,0.5973103316910873,97.81633323722754,99.21393640086653,11564075.0,203.5732822583907,-4.356458828661589,34.97891041665445,
2025-05-27,19.729999542236328,20.709999084472656,18.739999771118164,20.700000762939453,17965,0,16.369500064849852,16.57460014343262,17.130103385656273,18.30317789521261,26.86524761616113,79.97091300273914,0.602280990053309,-0.09521632635525784,0.6974973164085669,19.775115957709225,16.369500064849852,12.963884171990479,0.6953595446670447,97.72650103596503,98.45610341285487,11582040.0,199.557484903175,-0.17208816613172262,34.97193108731919,
2025-05-28,20.700000762939453,20.700000762939453,20.280000686645508,20.700000762939453,3617,0,16.583500099182128,16.608600158691406,17.470093612064193,18.397170948848956,26.80390187632808,79.97091300273915,0.7987746588472966,0.08358187068525308,0.7151927881620435,20.47774877638791,16.583500099182128,12.68925142197635,0.6756910112118233,97.77032801798312,97.77105409705842,11582040.0,176.80478576033258,-0.17208816613172262,34.97057468619246,
2025-05-29,20.68000030517578,20.700000762939453,20.68000030517578,20.68000030517578,2689,0,16.80500011444092,16.64720016479492,17.775799011408154,18.48669366870491,26.742967532336515,79.68615309469673,0.9420243667264252,0.2552703698934875,0.6867539968329377,21.08319389887734,16.80500011444092,12.526806330004497,0.6288559716798126,99.38732972296111,98.29471959230295,11579351.0,147.34357139548493,-0.5163301558412311,34.96957531937444,
2025-05-30,20.600000381469727,20.649999618530273,20.600000381469727,20.600000381469727,4221,0,17.03900012969971,16.681600189208986,18.044770570461637,18.56956844175451,26.68184348108411,78.4823564061726,1.0371399631255294,0.4116442885398959,0.6254956745856335,21.600543554953006,17.03900012969971,12.477456704446412,0.5896519682531156,98.039269951496,98.39897589747994,11575130.0,122.1932209095696,-1.8932652859562333,34.96799917982232,
2025-06-02,20.18000030517578,20.600000381469727,20.18000030517578,20.18000030517578,742,0,17.26800012588501,16.71840019226074,18.248125783291556,18.632722632476913,26.617148524109897,72.30656664719264,1.0663371911056458,0.5425828690530459,0.5237543220526,21.97511673723503,17.26800012588501,12.56088351453499,0.5775339759703177,89.20213343340231,95.54291103595301,11574388.0,98.2420892227579,-9.122182926240754,34.96771642291861,
2025-06-03,20.0,20.079999923706055,20.0,20.0,1848,0,17.500500106811522,16.74960018157959,18.414970946787598,18.686341352771937,26.551306250238156,69.7725265986749,1.0627015226873802,0.6466065997799127,0.4160949229074674,22.264714825612685,17.500500106811522,12.736285388010359,0.549138713770708,56.26094112323591,81.16744816937795,11572540.0,79.08882182165671,-12.220295176180265,34.96699814384202,
2025-06-04,19.799999237060547,20.0,19.799999237060547,19.799999237060547,375,0,17.719500064849854,16.802000160217286,18.54687840300407,18.730014210979334,26.48412906602743,66.96436197707085,1.0317880290461297,0.7236428856331562,0.3081451434129735,22.483714704742233,17.719500064849854,12.955285424957474,0.5242002887113326,24.365499762630225,56.609524773089355,11572165.0,66.79728078122383,-15.662649415829287,34.96685083674784,
2025-06-05,19.399999618530273,19.799999237060547,19.399999618530273,19.399999618530273,6427,0,17.934000062942506,16.849200134277343,18.628128042577995,18.756288148530352,26.41364021580358,61.622529736561745,0.9639009857801035,0.7716945056625456,0.19220648011755792,22.59410922605993,17.934000062942506,13.27389089982508,0.5153288122698284,4.736951571734001e-15,26.875480295288583,11565738.0,51.38402387853278,-24.214412824718682,34.964270915031896,
2025-06-06,19.399999618530273,19.399999618530273,19.399999618530273,19.399999618530273,1054,0,18.15400004386902,16.89220012664795,18.701639621240115,18.781531735589173,26.343852747173994,61.622529736561745,0.8997285047508186,0.7973013054802002,0.10242719927061839,22.65190812555187,18.15400004386902,13.656091962186165,0.4785196113934121,4.736951571734001e-15,8.121833254209948,11565738.0,42.6740649877883,-29.70520433716389,34.96384424632406,
2025-06-09,19.010000228881836,19.010000228881836,19.010000228881836,19.010000228881836,2581,0,18.35450005531311,16.935600128173828,18.731007298158374,18.790491284345748,26.270879090275564,56.52391215368492,0.8080865411832612,0.7994583526208123,0.008628188562448846,22.623853648178763,18.35450005531311,14.085146462447458,0.4721967384116282,4.736951571734001e-15,-1.2631870857957337e-13,11563157.0,25.479211550351934,-45.822082886914245,34.962773354549356,
2025-06-10,18.979999542236328,19.0,18.979999542236328,18.979999542236328,2798,0,18.553500032424928,16.986200103759767,18.754720845213416,18.797922980733613,26.198333025120945,56.13911625124322,0.7246851013773217,0.7845037023721142,-0.059818600994792526,22.540565611865745,18.553500032424928,14.56643445298411,0.4406113061426196,4.736951571734001e-15,-1.2631870857957337e-13,11560359.0,19.588626832001182,-67.84313960150614,34.96161089110219,
2025-06-11,18.899999618530273,19.06999969482422,18.899999618530273,18.899999618530273,12285,0,18.74850001335144,17.038600082397462,18.76855691886264,18.801925986137405,26.125712792219545,55.0626549167651,0.6447018130128974,0.7565433245002708,-0.11184151148737342,22.387611424267877,18.74850001335144,15.109388602435,0.42128193258200003,4.736951571734001e-15,-1.2631870857957337e-13,11548074.0,12.272846303610908,-70.98039245018826,34.95649935718426,
2025-06-12,18.520000457763672,18.899999618530273,18.520000457763672,18.520000457763672,1494,0,18.927000045776367,17.099800090789795,18.74488487494845,18.790870083063925,26.050034062523466,50.14417294339517,0.5443764909224917,0.714109957784715,-0.16973346686222324,22.12706324266032,18.927000045776367,15.726936848892413,0.41833316316661445,4.736951571734001e-15,-1.2631870857957337e-13,11546580.0,-12.319168279487435,-85.8823247819264,34.95586591768259,
2025-06-13,18.149999618530273,18.219999313354492,18.149999618530273,18.149999618530273,538,0,19.08450002670288,17.169200077056885,18.688229136241958,18.765737907984175,25.971426754623035,45.84965190885411,0.4300545734379142,0.6572988809153548,-0.22724430747744062,21.76361546821831,19.08450002670288,16.405384585187452,0.4148808543142419,4.736951571734001e-15,-1.2631870857957337e-13,11546042.0,-56.98623648452457,-100.0,34.95563120381089,
2025-06-16,18.149999618530273,18.149999618530273,18.149999618530273,18.149999618530273,309,0,19.204500007629395,17.249800071716308,18.636969182174177,18.741591308397748,25.89360160899027,45.84965190885411,0.3355852127484269,0.5929561472819692,-0.2573709345335423,21.456374712011403,19.204500007629395,16.952625303247387,0.3852465075775103,4.736951571734001e-15,-1.2631870857957337e-13,11546042.0,-76.76692504328673,-100.0,34.95549621157219,
2025-06-17,18.0,18.15999984741211,18.0,18.0,824,0,19.27799997329712,17.313400077819825,18.57630545053854,18.71250929630372,25.815058309398328,44.074881310954424,0.2457806419237798,0.5235210462103314,-0.27774040428655156,21.25509517447231,19.27799997329712,17.300904772121932,0.3691574604228388,4.736951571734001e-15,-1.2631870857957337e-13,11545218.0,-99.28779540994098,-100.0,34.95513417230719,
2025-06-18,18.360000610351562,18.360000610351562,18.360000610351562,18.360000610351562,1660,0,19.32849998474121,17.36940008163452,18.55570498956835,18.69868542626638,25.740878630800847,49.16115391453915,0.20133801384791283,0.4590844397378476,-0.2577464258899348,21.151632593945273,19.32849998474121,17.505367375537148,0.3685033997034619,13.333361590362097,4.444453863453904,11546878.0,-84.11320361492761,-86.41506935192604,34.95441810098816,
2025-06-19,18.719999313354492,18.719999313354492,18.719999313354492,18.719999313354492,6603,0,19.3539999961853,17.41720006942749,18.571352068024176,18.69952126497572,25.671019135104864,53.69629539127255,0.1929416859499824,0.4058558889802746,-0.21291420303029218,21.127430927753874,19.3539999961853,17.58056906461673,0.3678959213677096,46.666694923695424,20.000018838019045,11553481.0,-55.73748112259998,-72.30772278012162,34.95163216619602,
2025-06-20,18.719999313354492,19.09000015258789,18.719999313354492,18.719999313354492,224,0,19.33499994277954,17.475600051879884,18.585508948531825,18.700324325696453,25.60185475876904,53.69629539127255,0.1841646007199813,0.3615176313282159,-0.1773530306082346,21.126954594336674,19.33499994277954,17.543045291222406,0.3680462726438302,68.68501946689425,42.89502532698379,11553481.0,-43.08392612021969,-65.38464712673506,34.95153839097775,
2025-06-23,18.719999313354492,18.350000381469727,18.350000381469727,18.350000381469727,8,0,19.26599998474121,17.51480007171631,18.563079561192577,18.68658613180521,25.529697003771037,48.535425638864396,0.1456736407943282,0.31834883322143837,-0.17267519242711016,21.097637882045674,19.26599998474121,17.434362087436746,0.36818574830389705,66.05503195829264,60.46891544962731,11553473.0,-79.56886644208836,-82.49998092651367,34.95153493931308,
2025-06-24,17.979999542236328,18.0,17.979999542236328,17.979999542236328,719,0,19.129999923706055,17.550400047302247,18.507548130815792,18.6588768537829,25.454575635994573,43.982928900368364,0.0843410708761887,0.27154728075238843,-0.18720620987619974,20.918966413522227,19.129999923706055,17.341033433889883,0.36831539765600435,32.721698624959316,55.820583350048615,11552754.0,-101.63973263219253,-99.99999999999999,34.95121793763509,
2025-06-25,17.809999465942383,17.979999542236328,17.799999237060547,17.809999465942383,242,0,18.9854998588562,17.582600021362303,18.441114924637372,18.625587544455822,25.37851020146669,42.03216954432049,0.0217660761547549,0.2215910398328617,-0.19982496367810682,20.709558947570805,18.9854998588562,17.261440770141597,0.3548643196217027,10.96177774544441,36.579502776232,11552512.0,-106.93921687839575,-99.37498584390023,34.95111046865605,
2025-06-26,17.799999237060547,17.799999237060547,17.799999237060547,17.799999237060547,2362,0,18.84149980545044,17.609200019836425,18.380056287725292,18.593211532401106,25.303102132169116,41.914401265999125,-0.028305702368619734,0.17161169139256544,-0.19991739376118517,20.452788628782898,18.84149980545044,17.23021098211798,0.33023117028314075,0.2584036636839097,14.647293344695754,11550150.0,-106.69232718729432,-100.0,34.95005771941182,
2025-06-27,17.450000762939453,17.799999237060547,17.450000762939453,17.450000762939453,4129,0,18.683999824523926,17.62620002746582,18.291479571079023,18.548379737520257,25.22496182003748,37.910803800290196,-0.09513326236817576,0.11826270064041719,-0.21339596300859295,20.189262511937116,18.683999824523926,17.178737137110737,0.33164312055728024,0.2584036636839097,3.826195024270618,11546021.0,-121.87201352697885,-100.0,34.94819269053275,
2025-06-30,17.780000686645508,17.780000686645508,17.5,17.780000686645508,3032,0,18.56399984359741,17.64780002593994,18.24276729637107,18.518247225721247,25.150882604779845,43.40031326545114,-0.1200821173158566,0.07059373704916243,-0.19067585436501905,19.951103003807212,18.56399984359741,17.17689668338761,0.3315257493536213,20.000023119409438,6.838943482258961,11549053.0,-101.37031541635105,-79.87804594385881,34.9468328739177,
2025-07-01,17.420000076293945,17.700000762939453,17.420000076293945,17.420000076293945,2833,0,18.434999847412108,17.662000045776367,18.164408513506583,18.47517871005743,25.073958400516304,39.31649526682828,-0.16697848122238668,0.023079293394852603,-0.19005777461723927,19.741452672691832,18.434999847412108,17.128547022132384,0.33355966799633135,20.000023119409438,13.419483300834136,11546220.0,-112.21504867487552,-100.0,34.945549742478356,
2025-07-02,17.420000076293945,17.420000076293945,17.420000076293945,17.420000076293945,382,0,18.315999889373778,17.6696000289917,18.093512471867285,18.433799155792197,24.997799611220557,39.316495266828284,-0.2018177580013223,-0.021900116884382377,-0.17991764111693992,19.534020933918843,18.315999889373778,17.097978844828713,0.30973397742516484,20.000023119409438,20.00002311940931,11546220.0,-117.15847964336443,-100.0,34.94537581399682,
2025-07-03,17.760000228881836,17.760000228881836,17.760000228881836,17.760000228881836,2813,0,18.233999919891357,17.679200019836426,18.061749401106766,18.40737566846238,24.92578170691868,44.98655457204986,-0.19969105090656925,-0.057458303688819753,-0.14223274721774948,19.366914447517015,18.233999919891357,17.1010853922657,0.31189584707964524,29.82464065639708,23.274895631738527,11549033.0,-68.17303242257479,-79.6407103559889,34.9441199786077,
2025-07-04,17.43000030517578,17.760000228881836,17.43000030517578,17.43000030517578,1145,0,18.135499954223633,17.68400001525879,18.00158282054191,18.369047222843296,24.8511968173491,40.983887170153736,-0.22207392614613042,-0.09038142818028189,-0.13169249796584853,19.185289633448143,18.135499954223633,17.085710274999123,0.31318899541010303,30.750586205218056,26.8584166603414,11547888.0,-92.7672496226166,-99.40118392664816,34.94360231386436,
2025-07-07,17.059999465942383,18.299999237060547,17.059999465942383,18.200000762939453,664,0,18.094999980926513,17.71120002746582,18.020479767436914,18.36241794990589,24.78501576208134,51.76758289885325,-0.17565507192650287,-0.10743615692952609,-0.06821891499697678,19.066277131922956,18.094999980926513,17.12372282993007,0.37938976510353595,61.39578801760977,40.657004959741506,11548552.0,-41.14375866041819,-43.84231963581868,34.943307532156844,
2025-07-08,18.450000762939453,19.110000610351562,18.450000762939453,19.110000610351562,18345,0,18.101500034332275,17.763400039672852,18.12424365723831,18.39173491698219,24.728547949626318,60.86804745108152,-0.06469267612695262,-0.09888746076901139,0.03419478464205877,19.097798539858328,18.101500034332275,17.105201528806223,0.4172904852684341,64.90448069454602,52.35028497245782,11566897.0,126.4461758230769,-0.0,34.93566109961164,
2025-07-09,19.700000762939453,20.059999465942383,19.700000762939453,20.059999465942383,9510,0,18.15950002670288,17.83620002746582,18.308601353305363,18.4571570561571,24.682094730883193,67.71622867033913,0.09876429682440602,-0.05935710925032791,0.15812140607473393,19.431812253785623,18.15950002670288,16.887187799620136,0.45534108314860455,97.31186847905838,74.53737906373793,11576407.0,254.33591654207945,-0.0,34.93195927744488,
2025-07-10,21.059999465942383,21.059999465942383,20.0,20.190000534057617,14460,0,18.243000030517578,17.91500003814697,18.48778222766272,18.525111702349278,24.637397276188413,68.52789592715712,0.23607381329606625,-0.000270924741049082,0.23634473803711534,19.788795537869838,18.243000030517578,16.69720452316532,0.49853096763387444,92.75000890096028,84.98878602485478,11590867.0,249.2779972044341,-21.74997329711914,34.92651299047878,
2025-07-11,20.190000534057617,20.489999771118164,19.18000030517578,19.5,19591,0,18.310500049591063,17.986600036621095,18.58418392026627,18.56334261598264,24.586278895330818,59.91730035879063,0.2859194167801391,0.056967143563188556,0.22895227321695055,19.949261383520035,18.310500049591063,16.67173871566209,0.5564930032273393,79.75001335144043,89.93729691048624,11571276.0,140.10795939397545,-38.99998664855957,34.91878837719664,
2025-07-14,18.610000610351562,20.469999313354492,18.610000610351562,19.780000686645508,20880,0,18.392000102996825,18.070200042724608,18.698071231350006,18.611054697185107,24.538455231562804,62.00371801264439,0.3440501362020001,0.11438374209095087,0.22966639411104922,20.148617312734533,18.392000102996825,16.635382893259116,0.64960055321131,63.40263895333345,78.63422040191126,11592156.0,110.53948226255756,-31.999969482421875,34.91050822872186,
2025-07-15,19.1200008392334,20.56999969482422,19.1200008392334,20.389999389648438,14457,0,18.511500072479247,18.171000022888183,18.85920724642605,18.680817234144452,24.497177063981567,66.13894427661194,0.4343342130689116,0.17837383628654302,0.2559603767823686,20.459896968510336,18.511500072479247,16.56310317644816,0.7067718605241323,61.536978497883304,68.22987693421895,11606613.0,124.18301032372476,-16.750001907348633,34.90493276361595,
2025-07-16,21.389999389648438,21.399999618530273,19.600000381469727,21.270000457763672,24905,0,18.657000064849854,18.28800003051758,19.088806599886777,18.782353831149127,24.46506585396945,71.03619907319639,0.5703194386909942,0.25676295676743327,0.31355648192356095,20.943666619260853,18.657000064849854,16.370333510438854,0.7848595302767334,72.98381745265748,65.9744783012913,11631518.0,151.77755919581668,-2.9953722625812493,34.89580850734594,
2025-07-17,21.100000381469727,22.299999237060547,21.100000381469727,22.18000030517578,6683,0,18.830000114440917,18.429400043487547,19.38320600039049,18.91559486934625,24.442328883334685,75.05405986239397,0.7429537834740394,0.3540011221087545,0.3889526613652849,21.585111767356786,18.830000114440917,16.07488846152505,0.8145123392277396,88.24719025596539,74.25599540216861,11638201.0,184.88316329991926,-2.290056052028396,34.893553011671095,
2025-07-18,22.290000915527344,22.899999618530273,21.649999618530273,21.959999084472656,20932,0,18.992000102996826,18.568600025177002,19.628614865541174,19.034983269939442,24.417629084341034,72.43784558685397,0.8521919472966957,0.4536392871463427,0.39855266015035296,22.064885214760096,18.992000102996826,15.919114991233556,0.8456186007114724,90.05902866842,83.76334545901419,11617269.0,165.58250767281098,-16.095899135226443,34.886661469473154,
2025-07-21,22.399999618530273,22.399999618530273,20.860000610351562,20.8700008392334,20269,0,19.11800012588501,18.68600004196167,19.74684210113091,19.106944743245087,24.382329300807623,61.07806852644718,0.8411143871694762,0.5311343071509694,0.30998008001850674,22.280604039054936,19.11800012588501,15.955396212715087,0.8952172012448466,73.71095567886691,84.00572486775066,11597000.0,108.23746309207831,-34.7602521619339,34.879579451171146,
2025-07-22,20.860000610351562,21.479999542236328,20.059999465942383,20.200000762939453,6063,0,19.229000186920167,18.79000005722046,19.7900000689222,19.149809685193887,24.3407140914756,55.333874505784905,0.7694027383948487,0.5787879933997453,0.19061474499510345,22.379859667671198,19.229000186920167,16.078140706169137,0.9327016923197823,47.52223525534385,70.43073986754348,11590937.0,63.54056970849214,-46.23285590830618,34.87733757152811,
2025-07-23,21.100000381469727,21.100000381469727,20.260000228881836,20.260000228881836,1793,0,19.351500225067138,18.895200061798096,19.834761988918356,19.193346569260083,24.30010997343984,55.735349097475236,0.709236557995375,0.6048777063188713,0.10435885167650372,22.462411673201405,19.351500225067138,16.24058877693287,0.930365829906246,23.84014173298694,48.35777755573246,11592730.0,56.01925093796585,-45.20546781969808,34.8766728647391,
2025-07-24,20.309999465942383,21.030000686645508,20.309999465942383,21.030000686645508,11589,0,19.513000297546387,19.016800079345703,19.948594245844752,19.265372220922256,24.267571572576216,60.6265102711522,0.7154398827120296,0.626990141597503,0.08844974111452664,22.620327547971772,19.513000297546387,16.405673047121002,0.9189111604674907,19.793028225581214,30.385135071303893,11604319.0,62.32768577383031,-32.02052881892665,34.8724529314527,
2025-07-25,20.260000228881836,20.809999465942383,20.059999465942383,20.739999771118164,11930,0,19.677500247955322,19.131600074768066,20.023966200632696,19.323200752302487,24.232471355646286,58.02593088441937,0.6890129001805931,0.639394693314121,0.049618206866472114,22.6770258491412,19.677500247955322,16.677974646769446,0.9225604504843217,23.419030312763496,22.350733423777104,11592389.0,45.76341812922169,-48.53933489664525,34.86803336908178,
2025-07-28,20.739999771118164,20.84000015258789,19.700000762939453,20.579999923706055,1747,0,19.81750020980835,19.22820007324219,20.07692179330635,19.37248699431831,24.1961283563235,56.58380045158119,0.6476924798831405,0.6410542506279249,0.006638229255215622,22.709135403052105,19.81750020980835,16.925865016564597,0.9380918032817586,37.55099997828151,26.921019505541963,11590642.0,32.84632155559655,-54.079259468387576,34.86737903458655,
2025-07-29,20.049999237060547,20.5,19.700000762939453,20.290000915527344,13226,0,19.96100025177002,19.303400077819823,20.097215043041682,19.40846793240494,24.157261416614084,53.965840502049076,0.5848039963209288,0.6298041997665257,-0.045000203445596854,22.639476506653462,19.96100025177002,17.282523996886578,0.9339423288163902,40.213636244991214,33.7278888453453,11577416.0,15.486859711198308,-60.83914467176034,34.8623554394401,
2025-07-30,19.549999237060547,20.290000915527344,19.549999237060547,19.579999923706055,8040,0,20.069000244140625,19.34800006866455,20.047956460247814,19.415194677161846,24.111716526137386,48.09840064625093,0.47222970362609473,0.5982893005384395,-0.1260595969123448,22.49083321241272,20.069000244140625,17.64716727586853,0.9200894252199906,31.20271332165773,36.32244984831004,11569376.0,-16.69303929214382,-77.38928816754438,34.859229246514914,
2025-07-31,19.579999923706055,20.5,19.0,20.010000228881836,2385,0,20.181500244140626,19.384000091552736,20.044341581070103,19.438520385072433,24.070903428652255,51.535173691429826,0.41295095502021795,0.5612216314347952,-0.14827067641457725,22.36073173998417,20.181500244140626,18.00226874829708,0.9615116091328485,33.020421065538066,34.81225687739556,11571761.0,-25.204266913046876,-67.36596871325074,34.85830398445871,0.15584473144947242
2025-08-01,19.110000610351562,20.84000015258789,19.110000610351562,20.3700008392334,1408,0,20.328500270843506,19.40940010070801,20.075356748514228,19.475049030333647,24.034078527265002,54.26561065090865,0.3905194946303219,0.5270812040739006,-0.1365617094435787,22.104892680509607,20.328500270843506,18.552107861177404,1.0164036043545257,43.791648282230376,36.00492755647528,11573169.0,-16.046278183406134,-64.87176991700099,34.8577676207019,0.1634775354815653
2025-08-04,20.3700008392334,20.3799991607666,19.350000381469727,19.350000381469727,1674,0,20.38600025177002,19.401800117492677,20.006275189748084,19.470145161750747,23.98747078452077,46.30548780768417,0.28712706613139005,0.4790903764853985,-0.19196331035400843,21.94411943128236,20.38600025177002,18.827881072257682,1.0173746882789791,49.45654389838533,42.08953774871782,11571495.0,-76.71077991412787,-91.0256303665582,34.85711211050335,0.1530549489453885
2025-08-05,19.350000381469727,20.299999237060547,18.510000228881836,19.799999237060547,7888,0,20.420500183105467,19.383800086975096,19.9866298609207,19.483080615684464,23.94580440096395,49.80382318472305,0.23874684349552666,0.43102166988742413,-0.19227482639189747,21.892240247581658,20.420500183105467,18.948760118629277,1.0725621397003886,49.61436185750899,47.620851346041455,11579383.0,-103.8961727956472,-70.61505267584974,34.853992160457814,0.09261102263082358
2025-08-06,19.75,20.700000762939453,19.700000762939453,20.469999313354492,5503,0,20.441000175476074,19.379200057983397,20.032665046866775,19.52178330971074,23.911219275714107,54.551678890482094,0.25156864844534255,0.3951310655990078,-0.14356241715366524,21.903476054935087,20.441000175476074,18.97852429601706,1.0673791297217894,52.835553177560065,50.63548631115135,11584886.0,-15.015647895527968,-55.35308981831958,34.85192331725025,0.06398221518477386
2025-08-07,20.469999313354492,21.450000762939453,19.549999237060547,20.739999771118164,8790,0,20.4685001373291,19.380400047302246,20.10003025870024,19.569556504275738,23.879664852782803,56.34371984525753,0.28028584099463316,0.37216202067813287,-0.0918761796834997,21.931746765219312,20.4685001373291,19.00525350943889,1.1268521580187263,71.77840401170569,58.0761063489248,11593676.0,19.866856187415237,-42.67352462392375,34.84868573740986,0.12052308025256443
2025-08-08,20.690000534057617,20.690000534057617,19.700000762939453,20.399999618530273,1298,0,20.513500118255614,19.376400032043456,20.128598769160245,19.60212290091317,23.845041318113623,53.48381390494153,0.27246840599353916,0.35222329774121414,-0.07975489174767497,21.908609670195077,20.513500118255614,19.11839056631615,1.1206483616015823,74.75204259018194,66.45533325981579,11592378.0,-23.414358529262188,-36.36364220186432,34.848197168116066,0.1871798824013303
2025-08-11,20.350000381469727,20.700000762939453,19.3799991607666,20.219999313354492,5542,0,20.535500049591064,19.37720001220703,20.13730358289303,19.626353348459887,23.808971248414526,51.97957178839726,0.2488795832180486,0.33155455483658103,-0.08267497161853243,21.897123688949023,20.535500049591064,19.173876410233106,1.1348878787852443,66.0997387451854,70.87672844902424,11586836.0,-49.581648154278135,-41.83677639974387,34.8460881616403,0.1814679621121693
2025-08-12,20.190000534057617,20.190000534057617,20.190000534057617,20.190000534057617,22,0,20.525500106811524,19.381000022888184,20.142322340146798,19.6484571596598,23.772961589565202,51.71850216745671,0.22516901223102792,0.3102774463154704,-0.08510843408444246,21.894170569148596,20.525500106811524,19.156829644474453,1.0559672288217894,53.859792095464975,64.90385781027733,11586814.0,-39.175555510708136,-42.85714285714286,34.84607984183934,
2025-08-13,20.18000030517578,20.18000030517578,19.200000762939453,20.049999237060547,1455,0,20.46450004577637,19.386000022888183,20.133529663662394,19.664203907793162,23.735917188047743,50.44512801750564,0.19285813078865388,0.28679358321010706,-0.09393545242145318,21.803432032697998,20.46450004577637,19.12556805885474,1.0512552675572446,45.02380146650472,54.99444410238493,11585359.0,-82.82141679180643,-47.61909086957566,34.84551535540219,
2025-08-14,20.0,20.0,19.040000915527344,19.040000915527344,7045,0,20.307500076293945,19.378800048828126,20.029384068601914,19.639725359076856,23.68919165299779,42.345099864627294,0.0847758575044999,0.24639003806898563,-0.16161418056448573,21.53688782242951,20.307500076293945,19.07811233015838,1.0483083428412416,25.636060266419346,41.50655127612958,11578314.0,-139.85888759537093,-81.97276903504395,34.84270096977378,
2025-08-18,18.989999771118164,19.989999771118164,18.100000381469727,19.950000762939453,6507,0,20.207000160217284,19.38980007171631,20.021823753776918,19.65189302197343,23.65198577349472,50.11696908812582,0.07172248754546473,0.21145652796428144,-0.1397340404188167,21.181886746044636,20.207000160217284,19.23211357438993,1.1084291318988986,36.3105201156885,35.656793949537416,11584821.0,-140.43525181084078,-44.776114304259075,34.840100178904166,
2025-08-19,19.950000762939453,20.190000534057617,19.149999618530273,20.15999984741211,828,0,20.17150011062622,19.412800064086912,20.034983381742173,19.671818779833767,23.61723964487698,51.73390277284311,0.0774302017230113,0.18465126271602741,-0.10722106099301612,21.09772398580323,20.17150011062622,19.245276235449207,1.1035414021580732,56.572803646170236,39.50646134275925,11585649.0,-48.68448396953076,-38.50748563083413,34.83977969054363,
2025-08-20,20.100000381469727,21.149999618530273,19.989999771118164,20.90999984741211,3883,0,20.207000064849854,19.45140007019043,20.118318283234547,19.720374900130956,23.59030193544947,57.084279130604344,0.14084872192794862,0.17589075455841166,-0.035042032630463044,21.18769552969007,20.207000064849854,19.226304600009637,1.107574148247647,87.2831880051571,60.055503922338495,11589532.0,112.22867223814671,-16.119428478704595,34.8383620277484,
2025-08-21,20.100000381469727,21.190000534057617,19.860000610351562,20.90999984741211,6077,0,20.239500045776367,19.491600074768066,20.193716527441936,19.767026858847863,23.563632262931687,57.08427913060435,0.1889304830921823,0.1784987002651658,0.010431782827016511,21.267030354378736,20.239500045776367,19.211969737173998,1.1234617036375334,93.87806772737828,79.24468645956843,11589532.0,104.11594371955842,-16.119428478704595,34.83613921601252,
2025-08-22,20.799999237060547,20.799999237060547,20.0,20.049999237060547,1055,0,20.19049997329712,19.522200050354005,20.18002916645323,19.778123814856205,23.528670740286202,49.750225736393695,0.15584428735985156,0.17396781768410294,-0.018123530324251375,21.154044661073662,20.19049997329712,19.226955285520575,1.1082144281928603,82.05879953135808,87.7400184212977,11588477.0,41.92318414201717,-41.791085565927354,34.83574332956658,
2025-08-25,20.049999237060547,21.0,20.049999237060547,20.75,841,0,20.19099998474121,19.574200057983397,20.234312102981495,19.816236606430472,23.501022275208726,54.83649789179654,0.18398656766319732,0.1759715676799218,0.008014999983275511,21.15569445228613,20.19099998474121,19.22630551719629,1.0969134521033312,77.49220052219499,84.476355926977,11589318.0,103.43119875544546,-20.895542782963677,34.835434628481075,
2025-08-26,21.780000686645508,21.780000686645508,19.75,19.799999237060547,1665,0,20.151999950408936,19.607200050354002,20.192948972893785,19.815599846847338,23.464196175326656,47.76962279388919,0.12815511310611072,0.1664082767651596,-0.03825316365904888,21.113698204246667,20.151999950408936,19.190301696571204,1.1635625402849155,48.00037592821619,69.18379199392298,11587653.0,71.2562504866611,-53.804382755081946,34.83481678025357,
2025-08-28,19.799999237060547,20.399999618530273,18.81999969482422,19.84000015258789,5273,0,20.129499912261963,19.64400005340576,20.15933479953132,19.816556721582263,23.428134523359105,48.07306851987087,0.08614301959939397,0.15035522533200646,-0.06421220573261249,21.098261206937504,20.129499912261963,19.16073861758642,1.1933080676721397,38.451278399426144,54.64795161661234,11592926.0,-68.49764985026947,-52.71740144502379,34.832757565245565,
2025-08-29,20.700000762939453,20.700000762939453,18.84000015258789,20.459999084472656,4650,0,20.173499870300294,19.686000022888184,20.187969493335256,19.8417897554211,23.398600837400036,52.6635596457905,0.10170447914363479,0.1406250760943321,-0.03892059695069733,21.11806874228024,20.173499870300294,19.228930998320347,1.2409289635778127,30.775948456429152,39.075867594690386,11597576.0,-12.41959414064451,-35.86960578009516,34.83097966614377,
2025-09-01,20.450000762939453,20.450000762939453,19.43000030517578,19.989999771118164,13042,0,20.17249984741211,19.711400032043457,20.169115234076486,19.847601912899417,23.364684408879818,49.11865982164637,0.07524465773100175,0.12754899242166604,-0.052304334690664284,21.117801061026967,20.17249984741211,19.22719863379725,1.22586252184346,43.13061531948399,37.45261405844632,11584534.0,-22.29269289272727,-48.641325192548905,34.82598084745447,
2025-09-02,19.979999542236328,19.979999542236328,18.989999771118164,19.790000915527344,7568,0,20.143499851226807,19.732800064086913,20.133009108500378,19.845343050257377,23.32911541889621,47.64884998335906,0.03770221477960334,0.1095796368932535,-0.07187742211365016,21.09832451762969,20.143499851226807,19.188675184823925,1.209729484568927,42.56756103674672,38.82470827088651,11576966.0,-83.95174946319499,-54.07607625247489,34.823009536257715,
2025-09-03,19.75,20.43000030517578,18.90999984741211,19.93000030517578,2782,0,20.17249984741211,19.764400062561034,20.113674936755178,19.848662942607117,23.29529337796367,48.803728466914656,0.019027007484453407,0.09146911101149348,-0.07244210352704007,21.062170727000872,20.17249984741211,19.282828967823345,1.2318916969399802,43.77995633398141,43.15937756340393,11579748.0,-53.85088063430594,-50.27174532751454,34.82192975586492,
2025-09-04,19.5,19.950000762939453,18.93000030517578,18.979999542236328,9788,0,20.1314998626709,19.784400062561033,20.005705851562908,19.814597711220028,23.252355130842005,42.02833200286715,-0.07160493382155053,0.05885430204488468,-0.1304592358664352,21.152014602211292,20.1314998626709,19.110985123130508,1.2167566084273869,33.11323302594999,39.82025013222594,11569960.0,-133.77996592384812,-76.08698131005815,34.81801347760565,
2025-09-05,18.979999542236328,19.799999237060547,18.030000686645508,18.940000534057617,6015,0,20.054999923706056,19.80700008392334,19.904210107038594,19.780299782703853,23.209446129878977,41.76542114158007,-0.14498765847360318,0.018085909941187105,-0.1630735684147903,21.18595488539428,20.054999923706056,18.92404496201783,1.2562738899979335,34.72423228081718,37.20580721358275,11563945.0,-168.7003631669702,-75.73333740234375,34.81555151687971,
2025-09-08,18.940000534057617,18.940000534057617,18.0,18.25,4763,0,19.930499935150145,19.81600009918213,19.746666287320632,19.720288026519388,23.160098407193615,37.41710202016403,-0.2558717428013324,-0.036705620607316795,-0.2191661221940156,21.262722935811468,19.930499935150145,18.598276934488823,1.2336829360021966,18.47273642728132,28.770067244682725,11559182.0,-212.09484377928672,-93.38624458764694,34.813537956438594,
2025-09-09,18.260000228881836,18.600000381469727,17.450000762939453,17.809999465942383,8228,0,19.800999927520753,19.823200073242187,19.56222182814175,19.645374749634016,23.10686359185778,34.920370482835274,-0.37493057805071217,-0.10435061209599586,-0.27057996595471634,21.401923277662707,19.800999927520753,18.2000765773788,1.2277055561827734,19.990619363662425,24.39586269058687,11550954.0,-220.8847951581402,-91.68594204743529,34.80996682727383,
2025-09-10,18.690000534057617,18.700000762939453,17.75,18.06999969482422,14423,0,19.693499946594237,19.82900005340576,19.420105434492463,19.583595335719906,23.05674554313108,37.57125912728283,-0.4431968201381373,-0.17211985370442417,-0.27107696643371315,21.44874661116495,19.693499946594237,17.938253282023524,1.207869499522536,15.722839024012062,18.062064938318496,11565377.0,-159.84735591559414,-85.68131771803573,34.80379223517986,
2025-09-11,18.15999984741211,18.15999984741211,17.520000457763672,17.920000076293945,6512,0,19.579999923706055,19.839000053405762,19.277238257521176,19.518356305938497,23.00563364793867,36.64389737789477,-0.5035968731647387,-0.23841525759648707,-0.2651816155682516,21.47976823169114,19.579999923706055,17.68023161572097,1.1673073488172432,18.960145429231474,18.224534605635217,11558865.0,-159.93592248866298,-89.14551220240627,34.80095452165425,-0.003930864298127304
2025-09-12,18.479999542236328,18.489999771118164,17.540000915527344,18.239999771118164,1333,0,19.489499950408934,19.855400047302247,19.17845363976851,19.468224677122013,22.95821440538324,40.04383810202057,-0.5196528151435942,-0.2946627691059085,-0.2249900460376857,21.46213748787851,19.489499950408934,17.516862412939357,1.1517853135867842,32.60667228338158,22.429885578874934,11560198.0,-118.78236402746683,-81.75521888918306,34.80038142092291,-0.007832212717579463
2025-09-15,18.600000381469727,18.600000381469727,17.399999618530273,17.790000915527344,4984,0,19.426999950408934,19.856000061035157,19.04622004698364,19.402411980588887,22.90678939553393,37.03408391888247,-0.562207632067107,-0.3481717416981482,-0.21403589036895881,21.527695875971432,19.426999950408934,17.326304024846436,1.155229274254832,34.340044311417444,28.63562067467673,11555214.0,-114.67752858678399,-91.09586297053364,34.79821846931563,0.040113807620695476
2025-09-16,17.790000915527344,18.5,17.299999237060547,18.399999618530273,6561,0,19.349499893188476,19.875400047302247,18.984675244273795,19.363101691880708,22.86194571616076,43.259787943739504,-0.5404805108181492,-0.3866334955221484,-0.1538470152960008,21.4814328899199,19.349499893188476,17.21756689645705,1.158427237732305,53.86383978342865,40.27018545940913,11561775.0,-91.07859374229997,-67.64706212343906,34.79539504043576,0.03316503785550203
2025-09-17,18.399999618530273,18.649999618530273,18.0,18.190000534057617,7286,0,19.250999927520752,19.87520004272461,18.90899193853892,19.317097724907253,22.815458699423417,41.73009083079256,-0.5340505791329591,-0.4161169122443105,-0.11793366688864854,21.405955854497385,19.250999927520752,17.09604400054412,1.1221109792178743,58.16581563794268,48.789899910929485,11554489.0,-67.45293117574644,-73.82350301248752,34.792300705382466,-0.001281306819191047
2025-09-18,18.280000686645508,18.280000686645508,17.600000381469727,17.709999084472656,4745,0,19.09099988937378,19.847200012207033,18.794802142913564,19.25407424881178,22.76465810623983,38.388650309476716,-0.5612175508093671,-0.44513703995732185,-0.11608051085204524,21.204271185539653,19.09099988937378,16.977728593207907,1.0905316453577247,58.28924134671281,56.77296558936127,11549744.0,-87.40424461491976,-86.9841381331486,34.790235311434984,-0.047926117601170284
2025-09-19,17.5,18.489999771118164,17.5,17.989999771118164,6526,0,18.94499988555908,19.805800018310546,18.718154297980668,19.204502700666932,22.717149068079415,41.339398488045966,-0.5537703365122191,-0.4668636992683013,-0.08690663724391778,20.93531133087471,18.94499988555908,16.95468844024345,1.083350797197756,49.135830028440644,55.1969623376986,11556270.0,-71.46170012118951,-77.95526202573761,34.78741732037651,-0.07810790873501035
2025-09-22,18.15999984741211,18.15999984741211,17.520000457763672,17.739999771118164,10288,0,18.829499912261962,19.756800003051758,18.624996723993764,19.147071213233648,22.66762519447781,39.51949480144735,-0.561567871333402,-0.4858045336813214,-0.0757633376520806,20.818011671298,18.829499912261962,16.840988153225926,1.0516828395156619,38.02470321899131,48.48325819804814,11545982.0,-78.25943613521521,-85.94247974737694,34.782927423752156,-0.09044923896601062
2025-09-23,17.700000762939453,17.700000762939453,17.5,17.68000030517578,3709,0,18.675999927520753,19.720400009155274,18.534997065058718,19.08953902076079,22.617997086126547,39.074890074203736,-0.5660636993586969,-0.5018563668167966,-0.06420733254190036,20.516254199761402,18.675999927520753,16.835745655280103,0.9937054774872692,33.11865493775677,40.093062728396134,11542273.0,-86.35421301826477,-85.66034530907667,34.78129216467743,-0.06871722912922476
2025-09-24,17.579999923706055,18.190000534057617,17.1200008392334,17.43000030517578,12213,0,18.557499980926515,19.673400001525877,18.4297592784032,19.024459071130003,22.566375227609623,37.19709159364029,-0.5830782233174503,-0.5181007381169274,-0.06497748520052293,20.398204997852375,18.557499980926515,16.716794964000655,0.9991550644399085,23.62418149013311,31.58917988229362,11530060.0,-86.492203900239,-88.43284883327841,34.775895142082106,-0.0888219116322574
2025-09-25,18.299999237060547,18.299999237060547,17.100000381469727,17.520000457763672,4161,0,18.441499996185303,19.616000022888183,18.343115581199434,18.965460694135245,22.51616254333255,38.345779243936676,-0.5825844253770676,-0.5309974755689554,-0.05158694980811218,20.236128282919555,18.441499996185303,16.64687170945105,1.0135010495221164,22.831922540807483,26.524919656232345,11534221.0,-77.44010674076577,-77.17391078999472,34.77406354935909,-0.10947178416306444
2025-09-26,17.600000381469727,17.899999618530273,17.020000457763672,17.43000030517578,4219,0,18.29000005722046,19.539200019836425,18.256152221578134,18.905246561234875,22.4655539638484,37.605060774353106,-0.5827379072498502,-0.5413455619051344,-0.04139234534471581,19.877022543709053,18.29000005722046,16.702977570731868,1.003965200325294,28.291610202262245,24.915904744400837,11530002.0,-95.09089234607904,-75.5952516110281,34.77218623663379,-0.13667221497110763
2025-09-29,18.0,18.0,17.5,17.8799991607666,1822,0,18.18450002670288,19.453199996948243,18.220328120548466,18.865040780824355,22.41992655287246,43.48352058602904,-0.5403199241429348,-0.5411404343526944,0.0008205102097595951,19.573650734305087,18.18450002670288,16.795349319100676,0.9729676642180742,43.144859156088984,31.422797299719463,11531824.0,-54.5245396068098,-48.80961031057988,34.77139170034828,-0.15124810834039246
2025-09-30,17.8799991607666,18.450000762939453,17.309999465942383,17.43000030517578,1886,0,18.066499996185303,19.362600021362304,18.145058804798687,18.808764683740097,22.370275545432694,39.47804148682722,-0.5368263141872944,-0.5402776103196144,0.003451296132319981,19.279912953416574,18.066499996185303,16.853087038954033,0.9848986379880025,42.630014418547745,38.022161258966214,11529938.0,-61.029082678191514,-74.84662217744437,34.770566265658886,-0.20860444673354592
2025-10-01,18.200000762939453,18.200000762939453,17.100000381469727,17.969999313354492,3797,0,17.96849994659424,19.304599990844725,18.12838647228019,18.775871924117133,22.326491702327438,45.91622040270779,-0.48489463263870647,-0.5292010147834328,0.044306382144726375,18.82948238656222,17.96849994659424,17.10751750662626,0.9931201910938399,54.09741561886108,46.62409639783249,11533735.0,-53.782814407952294,-41.717831612623144,34.768907297372735,-0.19668523353424103
2025-10-03,17.31999969482422,18.489999771118164,17.31999969482422,17.84000015258789,4261,0,17.911499977111816,19.257399978637697,18.10092110849997,18.739171070331672,22.281849995364855,44.68387302061035,-0.44905185641377443,-0.5131711831095012,0.06411932669572673,18.637427610464176,17.911499977111816,17.185572343759457,1.005754468608133,50.29570077689275,49.007710271433744,11529474.0,-16.08648815219233,-49.693244354888726,34.76705984406418,-0.1349527683842235
2025-10-06,17.850000381469727,18.450000762939453,17.5,17.68000030517578,2339,0,17.848499965667724,19.205799980163576,18.060833412945286,18.697634961894185,22.236060446208743,43.14890102281463,-0.42861602974718593,-0.49626015243703814,0.0676441226898522,18.405501459014282,17.848499965667724,17.291498472321166,1.0017720610603702,54.64747399568983,53.01353013048111,11527135.0,-4.180612355896768,-59.509190967821965,34.76604548901425,-0.15352826615173812
2025-10-07,17.5,17.68000030517578,17.5,17.65999984741211,3375,0,17.81899995803833,19.138399963378905,18.02265878765641,18.65694338877724,22.190527504927186,42.95028205574177,-0.40931601939129436,-0.4788713258278894,0.06955530643659502,18.349693527994337,17.81899995803833,17.288306388082322,0.9430740784971853,45.93223293761548,50.291802570065904,11523760.0,-95.5862817963795,-60.73621354826707,34.76455924894044,-0.11233309384777729
2025-10-08,18.389999389648438,18.389999389648438,17.68000030517578,17.899999618530273,735,0,17.823499965667725,19.08159996032715,18.01097696202535,18.62725931935579,22.147835685162043,46.15334368929573,-0.3703850777481499,-0.4571740762119415,0.08678899846379162,18.3553370197982,17.823499965667725,17.29166291153725,0.9278544687642668,46.52276927017579,49.03415873449359,11524495.0,56.09721116217454,-40.13608354969424,34.7642427205572,-0.09374166410065457
2025-10-09,17.899999618530273,17.899999618530273,17.200000762939453,17.329999923706055,7094,0,17.786499977111816,19.01659996032715,17.94612200599494,18.57638640187933,22.099897020868948,40.357875001334754,-0.38113277630148445,-0.4419658162298501,0.06083303992836564,18.346795158709924,17.786499977111816,17.22620479551371,0.9115790678233063,35.97304611437004,42.809349440720325,11517401.0,-134.25745979726233,-78.91159110578265,34.76109482442523,-0.09823506568610413
2025-10-10,17.799999237060547,17.799999237060547,17.110000610351562,17.579999923706055,1520,0,17.76949996948242,18.962399940490723,17.911253236253142,18.537312422343124,22.054922920399665,43.697249121192975,-0.36526692444097364,-0.4266260378720748,0.061359113431101175,18.333183115052297,17.76949996948242,17.205816823912546,0.8957518934579977,34.23532030646575,38.91037856367041,11518921.0,-110.7834962901024,-61.90478044071452,34.7604212680478,-0.11511816942021579
2025-10-13,17.65999984741211,17.889999389648438,16.600000381469727,17.260000228881836,4062,0,17.720499992370605,18.915999946594237,17.849229140313017,18.48722174808974,22.007212246852223,40.56632948061464,-0.3742008688730927,-0.4161410040722784,0.04194013519918571,18.28244187730015,17.720499992370605,17.15855810744106,0.9239124016523343,27.34118466204315,32.5165170276262,11514859.0,-174.21051412120033,-65.07936187562063,34.758595820321126,-0.11744907943649786
2025-10-14,17.0,18.979999542236328,17.0,17.8700008392334,94736,0,17.72449998855591,18.87319995880127,17.851207397353054,18.463017006565963,21.966045964189348,48.18744004977742,-0.32827498327051785,-0.39856779991192626,0.0702928166414084,18.289494419624763,17.72449998855591,17.159505557487055,0.999347197408334,41.76915816762239,34.44855437871032,11609595.0,66.53514308007652,-46.63861741217578,34.717827321440375,-0.11311838580246249
2025-10-15,17.8799991607666,18.239999771118164,16.600000381469727,16.81999969482422,72780,0,17.645499992370606,18.802199935913087,17.752997139969356,18.39858495512511,21.914841523698154,38.933040979689096,-0.3723129136684342,-0.39331682266322787,0.021003908994793652,18.25099063292812,17.645499992370606,17.040009351813094,1.045108068282627,33.15885825374295,34.08973369446938,11536815.0,-158.95504097086265,-90.75632811216497,34.685283695232485,-0.3167749460159942
2025-10-16,17.200000762939453,17.299999237060547,16.5,17.260000228881836,11315,0,17.598999977111816,18.76039993286133,17.706045053199116,18.353934573703803,21.868524694894013,43.80351916605705,-0.3674729257799427,-0.3881480432865708,0.020675117506628093,18.172058225178358,17.598999977111816,17.025941729045275,1.027600294623907,31.08341021721327,35.337142212859426,11548130.0,-196.98163386205087,-69.35482382401936,34.68017724169431,-0.260095546096144
2025-10-17,16.81999969482422,17.489999771118164,16.81999969482422,17.260000228881836,1402,0,17.576500034332277,18.709599952697754,17.66356459374033,18.311035187632353,21.822668730058073,43.80351916605705,-0.35949318682708054,-0.3824170719946728,0.02292388516759225,18.16547437288158,17.576500034332277,16.987525695782974,1.0020574218860525,23.51134141326541,29.25120329474043,11548130.0,-126.12883141790658,-69.35482382401936,34.67955081410401,-0.24907506091747514
2025-10-20,17.260000228881836,18.489999771118164,16.5,17.65999984741211,1049,0,17.560000038146974,18.653399963378906,17.663225094090024,18.28550438997666,21.781249139185974,48.16250127768455,-0.3172356646669847,-0.3693807905291352,0.052145125862150477,18.119463896913246,17.560000038146974,17.000536179380703,1.072624732545489,36.0215161270971,30.205422585858482,11549179.0,-14.139880144496923,-53.225803970669894,34.6790917868427,-0.2536312895216627
2025-10-21,17.989999771118164,17.989999771118164,17.110000610351562,17.25,2031,0,17.535500049591064,18.583599967956545,17.623870323224306,18.244896374683456,21.73616208307467,44.36397431501086,-0.3132192386693937,-0.3581484801571869,0.0449292414877932,18.10412895798842,17.535500049591064,16.96687114119371,1.0588657631327112,38.36927291704675,32.63404348580298,11547148.0,-40.54086271915344,-69.75805893400727,34.67819793243605,-0.25473815121722976
2025-10-23,17.68000030517578,17.68000030517578,16.440000534057617,17.010000228881836,7053,0,17.502000045776366,18.515799980163575,17.5654065047155,18.1964690748481,21.6891355969633,42.26273464804853,-0.32564829703774834,-0.3516484435332992,0.02600014649555088,18.110197202940974,17.502000045776366,16.89380288861176,1.0718039065602436,37.4225053617779,37.27109813530714,11540095.0,-144.0668940103024,-77.55905837014743,34.675021334510326,-0.2658364934583043
2025-10-24,17.229999542236328,17.229999542236328,16.5,16.829999923706055,3014,0,17.47200002670288,18.447999992370605,17.495367782714602,18.14288204931312,21.640785988274175,40.70553011997894,-0.34603407028010835,-0.35052556888266106,0.004491498602552713,18.14696952059788,17.47200002670288,16.797030532807877,1.0473893091085353,28.172562535624667,34.654780271483,11537081.0,-164.58338101704837,-84.64568732536301,34.67364958471909,-0.25551254874640006
2025-10-27,16.549999237060547,17.200000762939453,16.549999237060547,16.690000534057617,4266,0,17.430500030517578,18.377999992370604,17.418666139985366,18.085906303616824,21.59152444146605,39.4868815475825,-0.3692304642136861,-0.3542665479488661,-0.01496391626482002,18.1858401207935,17.430500030517578,16.675159940241656,1.0190044674492762,19.67478918362345,28.423285693675226,11532815.0,-148.82769597908793,-90.15747647164395,34.67170402084154,-0.26046709445158994
2025-10-28,16.5,17.149999618530273,16.25,16.6200008392334,8431,0,17.39000005722046,18.309400024414064,17.342602778008988,18.028419814817475,21.54205654492642,38.86043018153026,-0.3887805437862113,-0.36116934711633514,-0.02761119666987616,18.22388218228326,17.39000005722046,16.556117932157658,1.0105041210979189,17.49463762858057,21.780663115942783,11524384.0,-149.15729624894246,-86.44685343315825,34.66783006832311,-0.2609485163147702
2025-10-29,16.75,17.079999923706055,16.010000228881836,16.59000015258789,6597,0,17.325500106811525,18.260400009155273,17.270926337492693,17.972011200612393,21.49278235196783,38.57794650190235,-0.40206022735707947,-0.369347523164484,-0.032712704192595476,18.196533153989034,17.325500106811525,16.454467059634016,1.0147538049355116,22.730026033954328,19.966484282052672,11517787.0,-145.71242920234172,-80.47137852530449,34.66478089739283,-0.2574179725917574
2025-10-30,16.260000228881836,17.06999969482422,16.030000686645508,16.290000915527344,2795,0,17.268500137329102,18.187200012207033,17.177504868734086,17.906050012961998,21.441013382451008,35.77724818574828,-0.4318142179845843,-0.38184086212850404,-0.04997335585608026,18.24725967875379,17.268500137329102,16.289740595904416,1.0165570337385972,26.315280161300745,22.179981274611773,11514992.0,-141.29305831074745,-90.57236527340275,34.66348244620835,-0.25607679039085535
2025-10-31,16.729999542236328,16.729999542236328,15.520000457763672,16.469999313354492,5677,0,17.193500137329103,18.11340000152588,17.110123387269365,17.8497342992519,21.391550555892834,38.65491285094392,-0.43584594280357436,-0.3926418782635181,-0.043204064540056264,18.17562575776383,17.193500137329103,16.211374516894377,1.0303743230767444,38.076320764964585,29.04054232007311,11520669.0,-156.13348504946998,-72.5433784114538,34.66081334158478,-0.24990351362822996
2025-11-03,16.469999313354492,17.5,15.920000076293945,16.610000610351562,18631,0,17.132000160217284,18.027400016784668,17.062492646610526,17.801117291844044,21.343972944494414,40.874017323182734,-0.4228696016015512,-0.3986874229311247,-0.02418217867042649,18.09840775084682,17.132000160217284,16.165592569587748,1.0696332945502667,44.849651670735,36.413750865666664,11539300.0,-78.553033099775,-68.49709708076355,34.65226671892212,-0.24331332197897
2025-11-04,16.610000610351562,16.75,16.110000610351562,16.670000076293945,3357,0,17.081500148773195,17.942600021362306,17.025112401818472,17.756759753979335,21.297465751776002,41.84494183278267,-0.40309764352933186,-0.3995694670507661,-0.0035281764785657366,18.033535132551002,17.081500148773195,16.129465164995388,1.0389451584858505,56.55962279430665,46.49519841000197,11542657.0,-94.71998515624733,-61.279465171613246,34.65071335136467,-0.2270849275648524
2025-11-06,16.600000381469727,16.639999389648438,15.550000190734863,15.9399995803833,8344,0,16.995500135421754,17.86040002822876,16.92176832358655,17.68551425697557,21.244157630667615,34.43566220672597,-0.44124674564192645,-0.4079049227689982,-0.03334182287292825,18.03012998730744,16.995500135421754,15.960870283536067,1.0447347818482242,44.78113651032182,48.730136991787724,11534313.0,-149.1315348246633,-85.85861213061166,34.646754233224435,-0.24169356845526788
2025-11-07,16.020000457763672,16.420000076293945,15.760000228881836,16.020000457763672,8139,0,16.901500177383422,17.765800037384032,16.83588566969866,17.62019999033981,21.192175967255636,35.777731491627314,-0.4597253539944788,-0.4182690090140943,-0.041456344980384474,17.931942326755088,16.901500177383422,15.871058028011756,1.0172537151027874,34.84847171247192,45.396410339033366,11542452.0,-131.19916704682743,-83.16497927283119,34.64289884953924,-0.24043551320029272
2025-11-10,15.609999656677246,16.690000534057617,15.609999656677246,15.90999984741211,9076,0,16.830500173568726,17.688000049591064,16.74770606757613,17.553133318068134,21.139617000889032,34.725195429145664,-0.47773883824182306,-0.43016297485964006,-0.047575863382183003,17.926647606801083,16.830500173568726,15.73435274033637,1.021735655265472,21.642045185283777,33.75721780269241,11533376.0,-117.71746325135953,-86.86870438337074,34.638602273450466,-0.23714734280370897
2025-11-11,16.850000381469727,16.850000381469727,15.15999984741211,16.049999237060547,3791,0,16.75400013923645,17.61220003128052,16.681257798003216,17.494186883518818,21.08897403806487,37.25517955341147,-0.47523960720164027,-0.4391783013280401,-0.03606130587360018,17.843778346789463,16.75400013923645,15.664221931683434,1.0694688608934824,32.12557429594349,29.538697064566296,11537167.0,-112.8527818093966,-68.55125746848326,34.63680337259976,-0.23646131062235187
2025-11-12,16.479999542236328,16.489999771118164,15.510000228881836,16.0,2582,0,16.691000127792357,17.523000049591065,16.61637610295529,17.435591319459256,21.038337480472183,36.707968967692786,-0.4718542273521784,-0.44571348653286774,-0.02614074081931067,17.801962125224854,16.691000127792357,15.58003813035986,1.0630781952751143,40.276109043585315,31.34790950827076,11534585.0,-104.35371393753142,-66.66666666666667,34.635577047980874,-0.238077032270126
2025-11-13,16.729999542236328,16.729999542236328,15.5600004196167,16.219999313354492,6573,0,16.608500051498414,17.44760004043579,16.578625932517117,17.38792104471005,20.990393817117777,40.82645899967833,-0.4462748052953778,-0.44582575028536975,-0.00044905501000802595,17.59509587923612,16.608500051498414,15.621904223760707,1.070715404371151,55.02954884635539,42.47707739529463,11541158.0,-73.74870875650619,-54.70088047771744,34.632484392341304,-0.2844318152232922
2025-11-14,16.860000610351562,16.860000610351562,15.520000457763672,15.739999771118164,1669,0,16.55450005531311,17.366600017547608,16.498756774288644,17.323296681039782,20.93815109029191,35.4121237716241,-0.4594387565655076,-0.4485483515413973,-0.010890405024110261,17.605032994604546,16.55450005531311,15.503967116021672,1.0899500292437754,48.847868220790055,48.05117537024348,11539489.0,-86.27573996059549,-75.21368009037897,34.631693749523514,-0.008881608999357039
2025-11-17,15.739999771118164,17.309999465942383,15.739999771118164,16.649999618530273,40802,0,16.524000024795534,17.301000003814696,16.513160854692607,17.29689287466686,20.895482916443537,49.17392249613115,-0.3919240438745817,-0.4372234900080342,0.04529944613345249,17.525087625070157,16.524000024795534,15.52291242452091,1.12423929107095,55.38059885352603,53.08600530689039,11580291.0,2.866079663594796,-36.32480025822564,34.612932775062625,-0.03245349448626438
2025-11-18,16.899999618530273,17.25,16.5,16.719999313354492,4935,0,16.496999979019165,17.25579999923706,16.53285975551755,17.27426959775265,20.85393581591529,50.05548180509693,-0.32897750934300873,-0.4155742938750291,0.08659678453202035,17.444947370848585,16.496999979019165,15.549052587189747,1.0975079131373107,56.88071811444221,53.70306172958599,11585226.0,52.647367213331265,-33.33336050354001,34.61069851306597,-0.04834324599447427
2025-11-19,16.719999313354492,17.0,15.960000038146973,16.670000076293945,33007,0,16.447499990463257,17.210399990081786,16.545920738448636,17.250572753773877,20.81230461452602,49.396440685922386,-0.2798999355656342,-0.3884394222131501,0.10853948664751589,17.23761095112832,16.447499990463257,15.65738902979819,1.0934002023312905,66.9234504755482,59.72825581450538,11552219.0,12.841756335643064,-35.47007989670974,34.5955344011549,0.0259569851073007
2025-11-20,16.670000076293945,16.979999542236328,15.8100004196167,16.84000015258789,8002,0,16.42699999809265,17.182199993133544,16.573928301699993,17.234471867452857,20.772779196994296,51.723804745611005,-0.22469784249648583,-0.35569110626981726,0.13099326377333143,17.151295762132854,16.42699999809265,15.702704234052447,1.0988715537804576,68.40368825529912,64.0692856150964,11560221.0,25.21337067380897,-28.205119845064612,34.59186194639645,0.06513844036322651
2025-11-21,16.700000762939453,17.389999389648438,16.510000228881836,17.270000457763672,26604,0,16.440000009536742,17.171400012969972,16.640220887991774,17.235865145504263,20.737925677200955,57.098568425170335,-0.14458566155937902,-0.3134700173277296,0.1688843557683506,17.21335662442899,16.440000009536742,15.666643394644497,1.0832378114223251,76.90540023131918,70.7441796540554,11586825.0,145.36926315430472,-9.829039625572817,34.58000994610587,0.15551369606304397
2025-11-24,17.5,17.5,16.469999313354492,17.229999542236328,4621,0,16.459999990463256,17.154600009918212,16.696390283634113,17.2356351218467,20.703020939539616,56.46874282579074,-0.0833629642113003,-0.26744860670444376,0.18408564249314346,17.291192099768896,16.459999990463256,15.628807881157618,1.0794351596525524,83.49800464562867,76.26903104408223,11582204.0,140.98175833090076,-11.538480348604619,34.577954111543285,0.16627584221932273
2025-11-25,17.139999389648438,17.31999969482422,16.389999389648438,17.010000228881836,10527,0,16.475999975204466,17.136400012969972,16.726257897467228,17.226786694671606,20.666274464806705,53.00573085198873,-0.05199626092457521,-0.22435813754847006,0.17236187662389485,17.336102484773193,16.475999975204466,15.61589746563574,1.0687612414756402,82.58563228992047,80.99634572228933,11571677.0,102.19519418778265,-20.940159793419486,34.573229785929904,0.1891385948158431
2025-11-26,16.600000381469727,17.59000015258789,16.600000381469727,17.0,3417,0,16.4949999332428,17.11160001754761,16.75232857389892,17.217893098802133,20.629794121873303,52.847080816035415,-0.02762639756601004,-0.18501178955197806,0.15738539198596802,17.383313103680678,16.4949999332428,15.60668676280492,1.0631354221643918,73.96116004303147,80.01493232619343,11568260.0,126.04942561713878,-24.279838621057753,34.57171043579294,0.19770379244524222
2025-11-27,17.010000228881836,17.59000015258789,16.309999465942383,16.579999923706055,5127,0,16.494499921798706,17.08739999771118,16.7359163214996,17.192877680170913,20.58949766219005,46.54588785465405,-0.04172264862686603,-0.15635396136695565,0.11463131274008961,17.382609869985462,16.494499921798706,15.606389973611948,1.0786257981987573,52.984538996895616,69.84377710994909,11563133.0,70.11604390014678,-41.56379020737508,34.569400429440805,0.1821588631188617
2025-11-28,16.610000610351562,17.5,16.610000610351562,17.260000228881836,8746,0,16.54299988746643,17.064600009918212,16.785829074583624,17.195509936983107,20.55636833449544,55.74609836376479,0.001953790397902111,-0.1246924110139841,0.1266462014118862,17.485424668923745,16.54299988746643,15.600575106009112,1.0672953894912707,54.05548775908873,60.333728933005176,11571879.0,115.31692570257024,-13.580242068413368,34.56552710968345,0.20248647847626997
2025-12-01,17.790000915527344,17.790000915527344,16.760000228881836,17.170000076293945,2747,0,16.577999925613405,17.044200000762938,16.822416789032225,17.194509550289414,20.52267312794617,54.41127329412976,0.0289714579128848,-0.09395963722861031,0.12293109514149511,17.558216477512723,16.577999925613405,15.597783373714085,1.0646314821451448,51.140212223982246,52.72674632665544,11569132.0,122.00699677913221,-27.19301107516708,34.5643190422723,0.18727943529089727
2025-12-02,17.15999984741211,17.15999984741211,16.719999313354492,16.979999542236328,1847,0,16.59649987220764,17.029600009918212,16.83742467028976,17.186097393110863,20.48742264450627,51.602130781467636,0.03465224931275657,-0.06823725992033694,0.1028895092330935,17.592276667533724,16.59649987220764,15.600723076881557,1.020729287916167,59.199031103370935,54.798243695480544,11567285.0,64.77843852105421,-35.682872684924554,34.56349342974575,0.21738291749951955
2025-12-03,17.639999389648438,17.639999389648438,16.75,17.040000915527344,1963,0,16.61499991416931,17.010600032806398,16.856717646026674,17.180368119480136,20.453119940735338,52.437239444003325,0.043494548714075876,-0.04589089819345438,0.08938544690753025,17.629130378648394,16.61499991416931,15.600869449690224,1.0113914380399005,50.90089915934979,53.746714162234234,11569248.0,86.81411049536788,-33.03964091438443,34.562625516125564,0.2023274950730139
2025-12-04,17.25,17.25,16.5,17.020000457763672,2495,0,16.66899995803833,16.996200046539307,16.872268390001626,17.174079191569685,20.41895954786995,52.114435957100945,0.048331133680239446,-0.02704649181871561,0.07537762549895506,17.64801812843814,16.66899995803833,15.689981787638523,0.9927206210370505,44.96822981344062,51.68938669205369,11566753.0,45.51679968960303,-37.56097697133676,34.561508580189,0.22654787903458076
2025-12-05,17.020000457763672,17.25,16.399999618530273,17.15999984741211,3246,0,16.725999927520753,16.985800037384035,16.89967138594548,17.173527060426252,20.3865320881639,54.23804168544895,0.06273774120482756,-0.009089645214006976,0.07182738641883453,17.679654319788114,16.725999927520753,15.772345535253395,0.9825263182108132,48.10356093205349,47.990896634947866,11569999.0,43.03525454268967,-31.818227794204837,34.56005675429448,0.2562191636181942
2025-12-08,16.110000610351562,17.06999969482422,16.110000610351562,16.309999465942383,959,0,16.745999908447267,16.963400020599366,16.843512155468996,17.13966323319159,20.345969574509954,42.046104686668485,0.0055037110717499615,-0.0061709739568555876,0.011674685028605549,17.64560913116664,16.745999908447267,15.846390685727894,0.9873458124143656,36.01937996459274,43.03039023669552,11569040.0,-44.25039614006318,-74.7475292375761,34.55961716400662,0.28820172176240777
2025-12-09,16.100000381469727,16.75,16.100000381469727,16.649999618530273,1462,0,16.77599992752075,16.946000003814696,16.825082390046262,17.12046073849899,20.309193754052444,47.16240926571433,-0.012277966587571854,-0.007392372482998841,-0.004885594104573013,17.619004419349302,16.77599992752075,15.932995435692199,0.963249655708359,34.48743822384152,39.536793040162486,11570502.0,-52.78015111498282,-57.575808660227594,34.55894717138647,0.29684866891271977
2025-12-10,16.729999542236328,16.75,16.649999618530273,16.75,69,0,16.813499927520752,16.932399997711183,16.81793168623233,17.10593286640099,20.27377889082804,48.59970648625212,-0.018092322168229202,-0.009532362420044913,-0.00855995974818429,17.578177372582772,16.813499927520752,16.048822482458732,0.9015889932627424,35.10260497948318,35.203141055972374,11570571.0,-16.256136267549675,-61.53849626487083,34.558915931258596,0.3016762388695826
2025-12-11,16.739999771118164,16.75,16.170000076293945,16.549999237060547,1035,0,16.829999923706055,16.90579999923706,16.792414310120733,17.084131547603327,20.236726356959707,45.909879122045815,-0.03839602546826626,-0.015305095029689183,-0.023090930438577077,17.556003038342332,16.829999923706055,16.103996809069777,0.8786183454372648,43.788777377035245,37.79294019345321,11569536.0,-82.55164078497003,-73.37285719606297,34.5584413895464,0.30871446554623483
2025-12-12,16.549999237060547,16.549999237060547,15.75,16.549999237060547,1016,0,16.870499897003175,16.888199977874756,16.769327160305476,17.063185182484002,20.200042505020413,45.909879122045815,-0.05386592377492505,-0.023017260778736358,-0.030848662996188693,17.416924220665212,16.870499897003175,16.324075573341137,0.8730026948389279,52.08602992542987,43.65913742731599,11569536.0,-150.00957566264165,-60.78436872398434,34.557970255578084,0.32309438073943725
2025-12-15,16.260000228881836,16.600000381469727,15.600000381469727,16.579999923706055,1264,0,16.866999912261964,16.86039999008179,16.751295994915054,17.0442367409633,20.16402218082823,46.425720304051076,-0.06297914062152543,-0.03100963674729417,-0.03196950387423126,17.41988734587984,16.866999912261964,16.314112478644088,0.8820739309218616,61.65124827822094,52.50868519356192,11570800.0,-141.19139592480906,-55.25117336749722,34.55738340599416,0.3839512359220922
2025-12-16,16.5,16.5,15.869999885559082,16.469999313354492,174,0,16.854499912261964,16.83299997329712,16.72450583476643,17.021717626155112,20.127265734385706,44.74090833411657,-0.07817639179011238,-0.040442987755857814,-0.03773340403425456,17.430919528637812,16.854499912261964,16.278080295886117,0.869782938580798,73.82516757136283,62.52081525833777,11570626.0,-116.29111922291906,-60.27403106277614,34.55730271256446,0.4179687893805208
2025-12-17,16.389999389648438,16.389999389648438,14.550000190734863,15.520000457763672,6750,0,16.79699993133545,16.789799976348878,16.609791036956643,16.96282675680643,20.081422298797428,33.450530633075545,-0.164975555495932,-0.06534950130387265,-0.09962605419205936,17.61455990089962,16.79699993133545,15.979439961771279,0.9447983802978575,68.32013698196668,67.93218427718337,11563876.0,-242.33750456662955,-70.06172685066493,34.55403706379294,0.41016182857939915
2025-12-18,15.460000038146973,16.229999542236328,14.899999618530273,15.6899995803833,2735,0,16.73949990272522,16.7503999710083,16.522191850616323,16.91291196557415,20.037726550355497,36.53680063382379,-0.21753935140410263,-0.09578747132391865,-0.12175188008018398,17.68813020071747,16.73949990272522,15.790869604732974,0.9723127762555858,58.45091744323355,66.86540733218757,11566611.0,-179.5522766258917,-64.8148415237946,34.55272251510367,0.37084822274635576
2025-12-19,15.510000228881836,16.229999542236328,14.699999809265137,15.180000305175781,9719,0,16.634999895095824,16.69599998474121,16.39436408438389,16.844954645558527,19.989390965826345,31.775846366045897,-0.29692643452359135,-0.1360152639638532,-0.16091117055973816,17.769169224192364,16.634999895095824,15.500830565999285,1.012147558878129,43.47745208056872,56.74950216858954,11556892.0,-180.6185780553388,-79.61164149613947,34.54799432247573,0.131893923987979
2025-12-22,15.65999984741211,16.399999618530273,15.25,16.110000610351562,4967,0,16.578999948501586,16.67159999847412,16.367281848761763,16.816132918687664,19.950790066766896,45.67686269693073,-0.2815524561043432,-0.1651227023919512,-0.116429753712392,17.700657661338248,16.578999948501586,15.457342235664926,1.0269941127692979,55.44715351145722,52.458507678419714,11561859.0,-88.45121898596676,-49.51453643854709,34.54564810165819,0.1349956029648891
2025-12-23,16.110000610351562,16.25,15.25,15.890000343322754,5463,0,16.522999954223632,16.637800006866456,16.32182646729138,16.77981399416355,19.910384198871927,43.42287386331557,-0.28384862017014356,-0.1888678859475897,-0.09498073422255388,17.664649580938875,16.522999954223632,15.381350327508388,1.025065961857205,61.05473415594502,53.32644658265687,11556396.0,-94.35499431134511,-50.37036121300317,34.54305118897426,0.11512239689840773
2025-12-24,15.569999694824219,16.700000762939453,15.430000305175781,15.869999885559082,2169,0,16.466499948501585,16.61,16.278795364269257,16.744135009512394,19.87018136988374,43.214097010271566,-0.2840083451125821,-0.20789597778058816,-0.07611236733199395,17.619916992243333,16.466499948501585,15.313082904759838,1.0425612829933812,70.31082278244476,62.27090348328221,11554227.0,-58.54998123088098,-51.111118960282994,34.542031505619626,0.1172081439919312
2025-12-26,16.25,16.34000015258789,15.100000381469727,15.6899995803833,5453,0,16.42199993133545,16.566399974823,16.222719575327737,16.70279636523282,19.82858752123199,41.29000130752709,-0.29525592210302065,-0.22536796664507466,-0.06988795545794599,17.62219324332561,16.42199993133545,15.221806619345287,1.0566640321451515,60.1441346519973,63.83656386346223,11548774.0,-88.59439159377958,-54.761920079805904,34.539428367447584,0.15862094734404628
2025-12-29,15.600000381469727,15.600000381469727,14.699999809265137,14.829999923706055,3456,0,16.30049991607666,16.526599979400636,16.090079608506624,16.62935336752589,19.778850331206858,33.593891404887884,-0.3693073476612003,-0.2541558428482998,-0.11515150481290054,17.622566055282714,16.30049991607666,14.978433776870606,1.0519022992146525,38.16664783160791,56.207201755349864,11545318.0,-157.85027496310175,-87.27273830697652,34.537720524729295,0.0628818707740232
2025-12-30,14.760000228881836,15.65999984741211,14.760000228881836,15.180000305175781,790,0,16.20099992752075,16.484999980926514,16.003405389141783,16.57251599253177,19.733090629455305,38.609060356751336,-0.39519595722445366,-0.28236386572353056,-0.1128320915009231,17.545676712263862,16.20099992752075,14.85632314277764,1.0410521077371968,26.666660308840935,41.65914759748192,11546108.0,-120.93414859713286,-71.36362867906993,34.537333311507986,0.07393643371891902
2025-12-31,15.479999542236328,15.75,15.449999809265137,15.6899995803833,1494,0,16.1364999294281,16.453599967956542,15.97355721687907,16.53790750578085,19.692860867772996,45.11375322606864,-0.37029169538737783,-0.2999494316563,-0.07034226373107783,17.448891200132273,16.1364999294281,14.824108658723931,1.0074055068148413,26.666660308840935,30.49998948309646,11547602.0,-59.69699534972304,-48.18184143255767,34.53661736224387,0.08428732748405175
2026-01-01,16.799999237060547,16.799999237060547,15.25,15.800000190734863,1652,0,16.074499893188477,16.416399974822998,15.957027976293908,16.50896996401434,19.654125935663163,46.43212279670428,-0.33778498348826247,-0.3075165420226925,-0.03026844146556995,17.326050306834432,16.074499893188477,14.822949479542524,1.0461622018323917,41.96032104092761,31.764547219536365,11549254.0,-11.552366544831528,-44.44442089692048,34.535839158015065,0.08837365476884267
2026-01-02,15.800000190734863,16.280000686645508,15.75,16.239999771118164,2611,0,16.035499858856202,16.396199970245362,15.983977671039074,16.49842211331253,19.620154531040825,51.45507789531558,-0.27336767876762913,-0.3006867693716798,0.02731909060405069,17.213200247572356,16.035499858856202,14.857799470140048,1.0092935221761858,58.40476708997071,42.34391614657962,11551865.0,16.253698108556943,-24.888875702275467,34.534618596343215,0.1103602449463077
2026-01-05,16.75,16.75,16.25,16.479999542236328,1629,0,16.00149984359741,16.38559995651245,16.031217849248335,16.497699659544836,19.588909207769138,53.989367883823355,-0.2006376984127769,-0.2806769551798992,0.08003925676712231,17.082689073235034,16.00149984359741,14.920310613959789,0.9736297155123037,70.00935638025402,56.791481503717314,11553494.0,89.01082018475087,-14.222214687014553,34.533873821368985,0.06460448329549297
2026-01-06,16.639999389648438,16.639999389648438,15.25,16.190000534057617,5666,0,15.995499897003175,16.372799968719484,16.046340009706363,16.48563302717279,19.55508922096604,50.55499875374001,-0.1645028745887558,-0.2574421390616705,0.09293926447291473,17.071091943975986,15.995499897003175,14.919907850030361,1.0033704065220275,72.76410330609468,67.05940892543968,11547828.0,15.051072421928728,-27.111064957964135,34.53121682099027,0.10241795720272574
2026-01-07,16.209999084472656,16.239999771118164,15.75,15.949999809265137,1998,0,15.960499906539917,16.357999954223633,16.037164752521484,16.464627802941116,19.519217684531203,47.842595919968204,-0.15346279551248365,-0.23664627035183314,0.08318347483934949,16.993330158170174,15.960499906539917,14.92766965490966,0.9667010754217514,63.3734195553588,68.71562641390237,11545830.0,12.098043722140199,-40.476174257235094,34.5302777032122,0.07856122327122315
2026-01-08,16.020000457763672,16.020000457763672,15.300000190734863,15.869999885559082,1388,0,15.916499900817872,16.342999935150146,16.021244289001256,16.441309061082997,19.48290705966581,46.938568447372944,-0.14944605743768236,-0.21920622776900298,0.06976017033132062,16.883955480115016,15.916499900817872,14.949044321520727,0.9490795891079697,49.046617182226576,61.728046681226566,11544442.0,-28.321945915825516,-44.285695471726044,34.52961656748429,0.08893160894402419
2026-01-09,15.869999885559082,16.149999618530273,15.300000190734863,15.630000114440918,3618,0,15.87049994468689,16.323799934387207,15.983982939043129,16.40949302395978,19.444569677126257,44.237923077063115,-0.1637412323407812,-0.20811322868335863,0.044371996342577436,16.799832209149855,15.87049994468689,14.941167680223923,0.9420024347285013,37.275988971007486,49.8986752361975,11540824.0,-29.732223738943155,-55.71425911519889,34.52789009020207,0.06769117596652598
2026-01-12,15.5,15.5,15.0,15.5,937,0,15.817999982833863,16.30799991607666,15.937889325800926,16.373826630863316,19.405320227602612,42.80139783244987,-0.18344553824771737,-0.20317969059623037,0.019734152348513,16.705549225371367,15.817999982833863,14.930450740296358,0.9197165547079597,32.38482763041051,39.56914459454807,11539887.0,-99.36965916347349,-61.90474244201545,34.52743446843664,0.06653915123596985
2026-01-13,15.430000305175781,15.5,15.430000305175781,15.5,538,0,15.76399998664856,16.28859992980957,15.896185580486552,16.33955891984907,19.366461319865273,42.80139783244987,-0.19679283731158215,-0.20190231993930072,0.00510948262771857,16.588727623760057,15.76399998664856,14.939272349537063,0.8590224932876925,32.04791509176102,33.902910564392876,11539887.0,-61.380549660083155,-61.90474244201545,34.52717482603246,0.05661728468675658
2026-01-14,16.25,16.25,14.600000381469727,15.069999694824219,1989,0,15.694000005722046,16.257799911499024,15.817501210423472,16.289772283573583,19.323710457924566,38.060239625299594,-0.23930948813277375,-0.20938375357799532,-0.029925734554778427,16.50468857554728,15.694000005722046,14.883311435896811,0.9155208593764483,33.098405922678644,32.5103828816166,11537898.0,-92.57367248514778,-78.63638373446919,34.52620641744755,0.0394528989773595
2026-01-16,15.550000190734863,16.25,14.75,15.119999885559082,5693,0,15.673999977111816,16.226799907684327,15.75107251281734,16.243898856200467,19.28188249203038,38.9076637218667,-0.26590446158781944,-0.22068789517996015,-0.04521656640785929,16.51984630577874,15.673999977111816,14.828153648444893,0.9572693694209878,33.44084342984454,32.8623881480946,11543591.0,-73.55214642811687,-76.36364660972939,34.523444749417486,-0.010724625786946615
2026-01-19,15.25,15.65999984741211,14.819999694824219,15.550000190734863,720,0,15.667000007629394,16.218999919891356,15.731922767857103,16.216687143829265,19.244749334803558,45.77814900251833,-0.2494087103310214,-0.2264320582101724,-0.02297665212084901,16.514516382321723,15.667000007629394,14.819483632937064,0.9488929967900523,39.19190050958976,35.243716620704184,11544311.0,-73.74303288799577,-56.81816802536428,34.52309498787038,-0.010793692785753099
2026-01-20,15.539999961853027,15.550000190734863,14.0,14.289999961853027,10796,0,15.622499990463258,16.184399909973145,15.594596786332906,16.141130783751766,19.19544834601798,33.7874879377695,-0.33415526295708453,-0.24797669915955484,-0.0861785637975297,16.643359962465244,15.622499990463258,14.601640018461271,0.9918292249289674,33.99325842225214,35.54200078722868,11533515.0,-200.45429999606813,-89.64285568315117,34.517652485352,-0.06035635824776912
2026-01-21,14.550000190734863,15.25,14.0,14.869999885559082,4221,0,15.560499954223634,16.163599910736085,15.52558755768778,16.091282513234408,19.15240905785421,41.3968438942666,-0.35047629730628493,-0.26847661878890083,-0.0819996785173841,16.605726711993903,15.560499954223634,14.515273196453366,1.0102699945768983,36.37710270036587,36.520753877402456,11537736.0,-153.24420507891554,-68.92856704945348,34.51553536898655,-0.07404121720328356
2026-01-22,14.600000381469727,15.369999885559082,14.270000457763672,15.050000190734863,1657,0,15.518499946594238,16.14359992980957,15.480293522739883,16.050447912352073,19.111589069126655,43.56449912209442,-0.3449104018985434,-0.28376337541082935,-0.06114702648771403,16.574838373906527,15.518499946594238,14.46216151928195,1.0166792398067919,32.740741305881116,34.370367476166244,11539393.0,-105.39601099801214,-61.81817488236861,34.51471236576435,-0.09316933919008724
2026-01-23,14.970000267028809,15.5,14.100000381469727,14.710000038146973,3961,0,15.460499954223632,16.11779993057251,15.406932238492939,15.997881329049912,19.067792163345764,40.51599840871632,-0.3637415740573413,-0.29975901514013176,-0.06398255891720955,16.55978101725079,15.460499954223632,14.361218891196478,1.0440592668584692,42.701475763690574,37.27310658997905,11535432.0,-113.64251524417617,-74.18181679465555,34.51273258466991,-0.0877972472288235
2026-01-27,15.489999771118164,15.489999771118164,14.75,14.75,306,0,15.413499975204468,16.08839994430542,15.344367263398373,15.948944806342073,19.024829057242822,41.03873812048679,-0.3711592581472427,-0.31403906374155394,-0.05712019440568877,16.549286436088565,15.413499975204468,14.277713514320372,1.0251978715808066,45.941618843533405,40.46127863770156,11535738.0,-69.60410430864849,-71.59090252290264,34.51258141249463,-0.09676008294934374
2026-01-28,15.239999771118164,15.239999771118164,14.75,15.149999618530273,1829,0,15.429499959945678,16.07659994125366,15.32585605912522,15.917613622506316,18.98627354043971,46.13633942868678,-0.3408322973873741,-0.31939771047071797,-0.021434586916656118,16.540706021958737,15.429499959945678,14.31829389793262,0.986969435833475,55.94160754072669,48.19490071598343,11537567.0,-61.67075935255922,-48.88890584309896,34.51168020129976,-0.03212934440548465
2026-01-29,15.149999618530273,15.149999618530273,13.5,14.800000190734863,3613,0,15.410499954223633,16.039599952697753,15.275774547849949,15.87378564478979,18.944619079248618,42.66081249075531,-0.34110791157471887,-0.32373975069151817,-0.0173681608832007,16.55073628399304,15.410499954223633,14.270263624454227,1.034328734597532,63.35124719734233,55.07815786053401,11533954.0,-135.44833339305995,-52.727265791459516,34.50984868241227,0.007354667815078123
2026-01-30,14.699999809265137,14.699999809265137,14.050000190734863,14.430000305175781,1722,0,15.347499990463257,15.99379997253418,15.19522461997622,15.81716661186375,18.899697499407097,39.291115692998154,-0.3669522393549922,-0.332382248424213,-0.034569990930779226,16.556183079673474,15.347499990463257,14.13881690125304,1.014019539269137,62.72222201029464,60.67169224945442,11532232.0,-130.67405612675077,-66.18180708451705,34.508971953549384,-0.003374249350710675
2026-02-02,15.25,15.25,14.75,15.0600004196167,2040,0,15.310500001907348,15.961599979400635,15.182346124703884,15.787473820010923,18.861491558314654,46.97168252333498,-0.33276243302396225,-0.33245828534416283,-0.0003041476797994158,16.50675195192808,15.310500001907348,14.114248051886616,1.0001609789516428,63.29733823237552,63.12360248000403,11534272.0,-38.342592432135575,-43.27271201393821,34.50796577262649,0.013672834054080325
2026-02-03,15.25,15.5,14.100000381469727,14.350000381469727,19103,0,15.216000032424926,15.911799983978272,15.103075101538726,15.731102312617152,18.81660109884356,40.71932232832769,-0.3588215629242093,-0.33773094086017214,-0.021090622064037168,16.40217695471746,15.216000032424926,14.02982311013239,1.028720881778688,55.79734141128991,60.60563388465323,11515169.0,-82.30449793447278,-69.09089521928267,34.49836992375314,-0.1868456449549687
2026-02-04,15.199999809265137,15.199999809265137,14.539999961853027,14.859999656677246,3781,0,15.135000038146973,15.863599967956542,15.079925059170966,15.69694142414892,18.77723193026479,46.25350962498195,-0.3344654226537269,-0.33707783721888307,0.0026124145651561514,16.177391517406473,15.135000038146973,14.092608558887473,1.0159550636370251,62.963997269647656,60.686225637770896,11518950.0,-44.27601855533612,-50.54546702991832,34.496492465889474,-0.181316953250795
2026-02-05,15.199999809265137,15.210000038146973,14.25,14.850000381469727,8869,0,15.068000030517577,15.815999984741211,15.058027470818468,15.663728049926206,18.738154999431007,46.162515405304305,-0.3123690677842479,-0.33213608333195604,0.019767015547708155,15.99658160664891,15.068000030517577,14.139418454386245,1.0119582761020214,55.22414537067787,57.995161350538346,11510081.0,-55.15039125888777,-50.90907703746449,34.49206828733374,-0.17115383638220197
2026-02-06,14.699999809265137,14.899999618530273,14.25,14.5,5254,0,14.99550004005432,15.765799980163575,15.004881997407185,15.618091655811453,18.695984302919257,42.9755644343022,-0.31941760573555555,-0.32959238781267597,0.010174782077120414,15.861628687573416,14.99550004005432,14.129371392535225,0.986104086275468,50.58127538240981,56.256472674244975,11504827.0,-90.71712078114115,-53.70370043321542,34.489419112035854,-0.17466699405728497
2026-02-09,14.75,14.75,14.300000190734863,14.420000076293945,1495,0,14.923000049591064,15.714199981689454,14.949178957301163,15.571107672300963,18.653437196186665,42.257447910519716,-0.3276816381499046,-0.3292102378801217,0.0015285997302171284,15.724526022523136,14.923000049591064,14.121474076658991,0.9478109236318729,35.53365686677093,47.11302587328607,11503332.0,-95.35945137704357,-55.12195167337262,34.48866316288608,-0.19278978624318688
2026-02-10,14.319999694824219,14.720000267028809,14.319999694824219,14.550000190734863,1285,0,14.869000053405761,15.673599987030029,14.911161931913895,15.531064241651311,18.612606977226946,43.89800181776448,-0.32005166423822473,-0.3273785231517423,0.0073268589135175866,15.616419512300386,14.869000053405761,14.121580594511137,0.9086816128156384,27.559518340692904,37.89148352995775,11504617.0,-81.61286992039304,-47.499990463256836,34.48801474576106,-0.1858770236339526
2026-02-11,14.75,14.75,14.3100004196167,14.699999809265137,1560,0,14.82900004386902,15.622399978637695,14.891051253566394,15.498473479596951,18.573675562620362,45.81109451209016,-0.29846067050172387,-0.32159495262173865,0.023134282120014782,15.52060388601135,14.82900004386902,14.137396201726688,0.8752043247847572,33.66070806084579,32.251294422769746,11506177.0,-62.60028504392434,-40.000009536743164,34.48722985382936,-0.18109964347963076
2026-02-12,14.510000228881836,14.75,14.0,14.529999732971191,3791,0,14.780500030517578,15.56959997177124,14.85666539446209,15.460494116984176,18.533439982225843,43.980624087502285,-0.29170464821307895,-0.31561689174000673,0.02391224352692778,15.41037217488001,14.780500030517578,14.150627886155146,0.866261158728703,45.67129369165858,35.630506697732294,11502386.0,-96.30808742162124,-48.50001335144043,34.48530739052674,-0.16176450447714916
2026-02-13,14.5,14.699999809265137,13.609999656677246,14.210000038146973,3005,0,14.737500047683715,15.514199981689453,14.795078217670174,15.411455133500365,18.490420679299685,40.685183694335656,-0.3086142400445553,-0.31421636140091647,0.005602121356361178,15.399070120526433,14.737500047683715,14.075929974840998,0.8822425154329308,52.79848633586739,44.043496029457124,11499381.0,-151.1518756750579,-64.49999809265137,34.48376453672708,-0.1461391236878156
2026-02-16,14.0,14.239999771118164,13.75,14.100000381469727,4553,0,14.686500072479248,15.455399971008301,14.728880328508227,15.360025535381515,18.446734905191924,39.58710795294256,-0.32712042574381783,-0.3167971742694967,-0.010323251474321116,15.378808465529064,14.686500072479248,13.994191679429433,0.8542251765533047,51.500995837491644,49.99025862167241,11494828.0,-176.09801822826913,-69.99998092651367,34.48141084769319,-0.09026196278020476
2026-02-17,14.100000381469727,14.239999771118164,13.880000114440918,14.210000038146973,3386,0,14.619500064849854,15.399199962615967,14.679463157997631,15.314926496274278,18.40457833935068,41.29345445107598,-0.32911680459669235,-0.3192611003349358,-0.009855704261756526,15.217512500085187,14.619500064849854,14.021487629614521,0.8189233537050147,49.415233297389335,51.23823849024933,11498214.0,-144.77720561195176,-64.49999809265137,34.47966764021677,-0.060910595457612335
2026-02-18,14.25,14.25,14.210000038146973,14.239999771118164,58,0,14.61700005531311,15.340799961090088,14.637609502104349,15.27277250705247,18.36313974663195,41.77645429609967,-0.32453715913504055,-0.32031631209495676,-0.004220847040083797,15.220890694020975,14.61700005531311,14.013109416605245,0.7632859685727299,50.2924182078123,50.4028824475643,11498272.0,-96.29630303791535,-66.66666666666667,34.47963796357325,0.020308506857821932
2026-02-19,14.25,14.699999809265137,13.75,14.229999542236328,1828,0,14.585000038146973,15.299199962615967,14.598789505926442,15.2318794496087,18.322013973453885,41.65343068333439,-0.31804842771109954,-0.3198627352181853,0.0018143075070857773,15.19960559924106,14.585000038146973,13.970394477052885,0.7766226714793304,54.92515444418081,51.54426864979402,11496444.0,-88.11636313409173,-67.19577920980277,34.47870237423982,-0.0013998254138233618
2026-02-20,14.25,14.25,13.75,13.819999694824219,1024,0,14.523500013351441,15.242599964141846,14.52461904772623,15.17651161608774,18.27721781147747,36.86074013163726,-0.3420467208025837,-0.324299532335065,-0.017747188467518715,15.18411416715364,14.523500013351441,13.862885859549243,0.7568639092308068,39.83741906056941,48.351663904187376,11495420.0,-145.11784840184706,-88.88888888888889,34.478170900218714,-0.021149146172399637
2026-02-23,13.510000228881836,14.5,13.510000228881836,13.989999771118164,3778,0,14.4875,15.187399959564209,14.47370292614451,15.129981739814424,18.234558925503745,39.94619532326371,-0.34338957430890105,-0.3281175407298322,-0.015272033579068867,15.181182280443595,14.4875,13.793817719556406,0.7735164707941895,34.861738700296705,43.20810406834885,11499198.0,-115.3434482785178,-71.76472964171573,34.47621601736935,-0.015740808572604296
2026-02-24,13.979999542236328,14.0,13.75,13.970000267028809,3396,0,14.44850001335144,15.135799980163574,14.425731244323966,15.084492270293419,18.19212550601643,39.70040235211412,-0.3421237980453782,-0.3309187921929414,-0.011205005852436778,15.166059108543063,14.44850001335144,13.730940918159817,0.7361224371660331,28.78665987964406,34.4952725468366,11495802.0,-123.42716794573353,-72.94117119072983,34.474451106362714,0.023208459745400468
2026-02-25,13.770000457763672,14.5,13.75,14.350000381469727,4789,0,14.408500051498413,15.091800003051757,14.41851878119499,15.055688666810136,18.153895405274675,46.443444295725314,-0.30691984685165785,-0.32611900312468467,0.01919915627302682,15.050381008983749,14.408500051498413,13.766619094013077,0.7371136916541736,49.859954079363405,37.83611755310127,11500591.0,-46.08922809559468,-39.56830781052747,34.47199825207725,0.0442423782281099
2026-02-26,14.350000381469727,14.430000305175781,13.800000190734863,13.890000343322754,941,0,14.363000059127808,15.038000011444092,14.368183691873824,15.009975399222396,18.11146858873784,40.53431956123072,-0.31253590127455055,-0.3234023827546578,0.01086648148010727,15.016333116634046,14.363000059127808,13.70966700162157,0.7294627218532268,49.20920361539951,42.61860585813553,11499650.0,-77.97575424426573,-69.35482382401936,34.4715125522535,0.00942595315368556
2026-02-27,13.899999618530273,14.239999771118164,13.550000190734863,14.039999961853027,2161,0,14.34350004196167,14.989400024414062,14.336928098538511,14.971937146776538,18.070956463097193,43.077626120272896,-0.3014084996858042,-0.3190036061408871,0.017595106455082887,15.010801388675633,14.34350004196167,13.676198695247708,0.7266439260339465,54.169156921607,51.079438205456505,11501811.0,-90.64937331475906,-57.25807816131558,34.47039195649152,0.017477409106524188
2026-03-02,14.039999961853027,14.039999961853027,13.149999618530273,13.84000015258789,1429,0,14.28250002861023,14.955800018310548,14.289601627495594,14.927547460729924,18.02885739533093,40.5851901301148,-0.305209996049836,-0.3162448841226769,0.011034888072840865,14.897670696226,14.28250002861023,13.66732936099446,0.7383122415545756,47.676777995290756,50.351712844098955,11500382.0,-144.28165738571275,-56.87497690320565,34.46964138401674,0.02155536981613324
2026-03-04,14.119999885559082,14.119999885559082,11.40999984741211,12.84000015258789,16070,0,14.207000017166138,14.89880002975464,14.151544344171052,14.845682860410628,17.97722697500513,30.944454322697784,-0.38448227957094616,-0.32989236321233073,-0.05458991635861543,15.084999938760816,14.207000017166138,13.329000095571459,0.8791470841683183,50.30826663709984,50.718067184665735,11484312.0,-294.4178768765364,-57.18562156149029,34.46084468326953,0.20423051581548704
2026-03-05,14.050000190734863,14.050000190734863,11.5,13.319999694824219,2815,0,14.130000019073487,14.861600017547607,14.07234961566183,14.78585214803469,17.930886405053084,38.49655151769924,-0.4039180677971679,-0.34469750412929817,-0.05922056366786971,15.035118835595203,14.130000019073487,13.22488120255177,0.9984937346373572,53.544826481668544,50.509957038019586,11487127.0,-218.28910250753643,-41.945292718595056,34.45931633536538,0.2254251193131748
2026-03-06,13.470000267028809,13.470000267028809,11.949999809265137,13.270000457763672,2082,0,14.051000022888184,14.80480001449585,13.99593541014772,14.726406983710337,17.88450943045319,38.0299968525382,-0.4185310254288428,-0.3594642083892071,-0.05906681703963568,14.966705116874797,14.051000022888184,13.13529492890157,1.0357442148606655,58.41591606035058,54.089669726372854,11485045.0,-191.63289619217772,-43.46502638547284,34.45818294113018,0.23851336703394488
2026-03-09,13.289999961853027,13.289999961853027,12.3100004196167,13.09000015258789,830,0,13.980500030517579,14.748800010681153,13.909655861808687,14.662234166803575,17.83680287047443,36.32328436246408,-0.4395693382263275,-0.37548523435663117,-0.06408410386969632,14.961835232021226,13.980500030517579,12.999164829013932,1.0317624525303557,63.65401791755168,58.538253486523466,11484215.0,-156.08997119623515,-48.936160344830085,34.45773114091036,0.28428393835533083
2026-03-10,13.09000015258789,13.479999542236328,12.100000381469727,12.4399995803833,3556,0,13.881500005722046,14.680200004577637,13.769688596911031,14.575087712434152,17.783103335249642,30.92591842204111,-0.5028949071383835,-0.4009671689129816,-0.10192773822540185,15.047609360541493,13.881500005722046,12.715390650902599,1.056636503118659,55.241468321499504,59.10380076646712,11480659.0,-152.3790632242802,-68.69301687191921,34.45577564289904,0.25714093682044764
2026-03-11,13.75,13.75,9.960000038146973,10.770000457763672,49287,0,13.692500019073487,14.581800022125243,13.484004012230331,14.425868604407858,17.7133212170657,21.915641652445327,-0.6799972639919769,-0.4567731879287807,-0.22322407606319622,15.44288124483585,13.692500019073487,11.942118793311124,1.2518767501711139,39.934803499572716,52.9434299128745,11431372.0,-230.98790953412538,-82.91138272722701,34.42724178332159,-0.11222757934275684
2026-03-12,11.479999542236328,12.300000190734863,10.829999923706055,12.050000190734863,39056,0,13.560000038146972,14.526200027465821,13.347432219706953,14.33269729406774,17.656969764067384,37.05352796029314,-0.7088951744067273,-0.50719758522437,-0.20169758918235736,15.384872479576972,13.560000038146972,11.735127596716973,1.2717426775139766,37.65230116622369,44.27619099576517,11470428.0,-166.10227035076514,-53.96475396147702,34.40491083085399,0.08241023397495052
2026-03-13,12.109999656677246,12.5600004196167,11.470000267028809,11.75,3773,0,13.421000051498414,14.457600021362305,13.1952958178301,14.231415047241555,17.598193945519448,35.32498751633945,-0.7473890490705593,-0.5552358779936079,-0.1921531710769514,15.349708320875575,13.421000051498414,11.492291782121253,1.2587610685906847,40.72636157779397,39.43782208119666,11466655.0,-125.62870434915598,-60.57268773362658,34.40277488351011,0.0594085448282096
2026-03-16,11.5,13.270000457763672,10.5,11.15999984741211,21687,0,13.26850004196167,14.36700002670288,13.00145810636172,14.110967392346282,17.53413231270246,32.14864098861169,-0.8160963527991427,-0.6074079729547148,-0.2086883798444279,15.395660300503236,13.26850004196167,11.141339783420102,1.3667067392458982,44.678979550018425,41.019214098011894,11444968.0,-128.95575454497893,-73.56828591744416,34.39035077330276,-0.017261788174485357
2026-03-17,11.670000076293945,12.5,11.109999656677246,11.789999961853027,4685,0,13.153000020980835,14.286800022125243,12.886081140218035,14.019949061738703,17.476976766922864,38.50699578394501,-0.8103701986960594,-0.6480004181029837,-0.16236978059307572,15.337116245129186,13.153000020980835,10.968883796832484,1.368370568108531,42.39225807685413,42.59919973488871,11449653.0,-103.31935920846034,-59.691631297742795,34.38768707167475,-0.029565209917541472
2026-03-18,11.84000015258789,12.789999961853027,10.199999809265137,12.289999961853027,12989,0,13.057000017166137,14.20780002593994,12.829311504183273,13.952107920566716,17.425365057419683,43.06699116573532,-0.7567628677184768,-0.6697529080260823,-0.08700995969239445,15.215472553663087,13.057000017166137,10.898527480669188,1.4556298241427708,49.34179659864157,45.47101140850457,11462642.0,-96.28694835174703,-47.87472517860058,34.38029226313045,0.0012811984920119309
2026-03-19,12.180000305175781,12.420000076293945,12.010000228881836,12.220000267028809,65271,0,12.95600004196167,14.122600040435792,12.771281862549515,13.884182130231896,17.37357038288843,42.59081736964016,-0.7117227650557094,-0.6781468794320078,-0.03357588562370162,15.072226812329683,12.95600004196167,10.839773271593655,1.3809419686620092,60.720390665001936,50.8181484468324,11397371.0,-56.598565220516946,-47.19625304011559,34.343954390562025,0.007408682096419581
2026-03-20,12.0,12.649999618530273,11.699999809265137,12.630000114440918,6986,0,12.8760000705719,14.051400032043457,12.757826457967743,13.834998521769505,17.326370678724775,46.3336084672585,-0.6356175940584929,-0.6696410223573048,0.034023428298811886,14.913021427146578,12.8760000705719,10.838978713997221,1.3501603858479467,71.00976692763793,60.35731806376034,11404357.0,-42.56730278255837,-35.817303504111344,34.34009148021669,0.034311645010138885
2026-03-23,12.5,12.5,10.75,12.069999694824219,6296,0,12.7885000705719,13.973800029754639,12.692319147192169,13.76578288149714,17.274068479879993,42.27917592767217,-0.6134199283855573,-0.6583968035629553,0.04497687517739801,14.806055836880429,12.7885000705719,10.77094430426337,1.3880060807474448,72.3839659420193,68.03804117821959,11398061.0,-80.08351664851179,-49.27885254635637,34.336523787374354,0.04923303035267403
2026-03-24,11.800000190734863,12.989999771118164,10.510000228881836,10.970000267028809,9908,0,12.637500095367432,13.875800037384034,12.5282887776528,13.65614434759642,17.21134143298595,35.675409406476255,-0.6767872964900334,-0.662074902148371,-0.014712394341662494,14.723643738823567,12.637500095367432,10.551356451911298,1.4660056137109365,59.65081143482593,67.68151476816091,11388153.0,-94.10855556620108,-75.30561879703666,34.330841127661856,0.024350908509414324
2026-03-25,12.0,12.0,10.970000267028809,11.350000381469727,5788,0,12.506500101089477,13.79020004272461,12.416070835159175,13.565707329316941,17.153019631478326,39.207955961393196,-0.6884080196764302,-0.6673415256539827,-0.021066494022447424,14.570421385511683,12.506500101089477,10.442578816667272,1.4348623365152406,44.55677558936452,58.86385098873645,11393941.0,-90.09085432897008,-63.3245288307827,34.32751550711415,0.008389038637190033
2026-03-27,12.880000114440918,12.880000114440918,9.359999656677246,10.34000015258789,47410,0,12.306000089645385,13.687000045776367,12.218349817771434,13.4392090086609,17.085228392882403,33.881949570739216,-0.770237288070291,-0.6879206781372444,-0.08231660993304657,14.393586207283114,12.306000089645385,10.218413972007657,1.5838007737472715,29.488940409643202,44.56550914461108,11346531.0,-132.0818991435585,-77.67652803487276,34.29962200883358,-0.07161292216358774
2026-03-30,10.34000015258789,10.449999809265137,9.399999618530273,9.960000038146973,15863,0,12.109500074386597,13.576200046539306,12.00326888637863,13.302769441189765,17.01433059830792,32.11438985399212,-0.8558843047665192,-0.7215134034630994,-0.13437090130341978,14.300960469229036,12.109500074386597,9.918039679544158,1.5456721606749564,25.79905791452722,33.281591304511515,11330668.0,-196.58894504609486,-86.33256641124562,34.28993681026018,-0.06281165207917755
2026-04-01,11.25,11.25,9.960000038146973,10.770000457763672,6115,0,11.946000099182129,13.490200061798095,11.885814750320062,13.20344516732992,16.95219796009355,39.374560123005615,-0.8486175828950913,-0.7469342393494978,-0.1016833435455935,14.021826579425744,11.946000099182129,9.870173618938514,1.5274098607591042,27.456396549152846,27.581464957774287,11336783.0,-125.16205423765338,-67.8815332388059,34.28631616727995,-0.060001996185550396
2026-04-02,11.699999809265137,11.699999809265137,10.3100004196167,10.84000015258789,4205,0,11.796000099182129,13.404600067138672,11.786213360059856,13.110761049104742,16.89138007146165,39.972033145602566,-0.8276694053985079,-0.7630812725592998,-0.06458813283920806,13.731524708168978,11.796000099182129,9.86047549019528,1.5175948271083421,32.47246494134394,28.57597313500786,11340988.0,-92.61250569519868,-62.1483326678753,34.283857616260114,-0.06498702011091903
2026-04-06,10.5,11.149999618530273,10.399999618530273,10.819999694824219,7820,0,11.695000076293946,13.310000057220458,11.694193010989794,13.020927270505506,16.830968326420482,39.851186908730405,-0.8034203637581339,-0.7711490907990666,-0.03227127295906729,13.612806017743473,11.695000076293946,9.777194134844418,1.462766625172032,40.78857587783583,33.572479122777395,11333168.0,-100.07702499725234,-62.659853221991675,34.27925550685374,-0.06652682486645148
2026-04-07,11.09000015258789,11.149999618530273,10.5,11.130000114440918,3577,0,11.58550009727478,13.246800060272216,11.640460354175616,12.946773264385326,16.774242274559988,42.7407335027669,-0.7505366610361879,-0.7670266048464909,0.016489943810303,13.364752436537676,11.58550009727478,9.806247758011883,1.4047118389833348,52.91337940367202,42.058140074283784,11336745.0,-76.65245542755922,-54.73145536768527,34.27716326969977,-0.05957722413927995
2026-04-08,12.399999618530273,12.399999618530273,10.699999809265137,11.170000076293945,19486,0,11.480500078201294,13.172800064086914,11.59565461342498,12.877095884460175,16.718478670597143,43.120433762856884,-0.6973595561228976,-0.7530931951017722,0.05573363897887462,13.089430975207224,11.480500078201294,9.871569181195364,1.4258038368606063,55.4282830237021,49.710079435069844,11356231.0,-13.902661151604638,-50.137731059122295,34.266014505892926,-0.08709944503964834
2026-04-09,11.170000076293945,11.1899995803833,10.770000457763672,11.0,4807,0,11.3760000705719,13.091800060272217,11.538925602622601,12.80348428114801,16.66157838531757,41.85024762480663,-0.6613107243866683,-0.7347367009587514,0.07342597657208316,12.815811027643093,11.3760000705719,9.936189113500706,1.353960642986251,52.60730909931663,53.64965717556345,11351424.0,-60.61010528023479,-54.8209286055259,34.26321334733424,-0.08617501433398442
2026-04-10,11.539999961853027,12.5,10.850000381469727,12.229999542236328,41011,0,11.36550006866455,13.042200050354005,11.604742168300099,12.78099468354363,16.617483073446113,52.7054080798323,-0.5274114115444277,-0.6932716430758867,0.165860231531459,12.776903136567881,11.36550006866455,9.95409700076122,1.3751062840965385,56.582452783344486,54.87268163545426,11392435.0,65.50729874061324,-20.936644763684505,34.24023822535526,0.0005774154940228161
2026-04-13,12.989999771118164,13.0,11.5,12.729999542236328,10337,0,11.463500022888184,13.001800041198731,11.711909537246406,12.778994874080599,16.578801645274872,56.278416185600314,-0.37660811616609813,-0.6299389376939291,0.25333082152783093,12.965195884683933,11.463500022888184,9.961804161092434,1.3840272638039284,69.78572200447881,59.658494629046494,11402772.0,127.73655842436202,-7.417594293884145,34.23459681228905,0.10399179947265856
2026-04-15,12.729999542236328,13.140000343322754,12.270000457763672,12.859999656677246,3447,0,11.503999996185303,12.95600004196167,11.821251453382676,12.782171532221644,16.541798640413205,57.18411920423111,-0.24379517628561054,-0.5527101854122654,0.3089150091266548,13.107051843769757,11.503999996185303,9.90094814860085,1.347311022500725,88.28912796799871,71.55243425194051,11406219.0,152.5683885718538,-7.407424227057199,34.23274613289968,0.0348605717588372
2026-04-16,12.90999984741211,13.0,12.350000381469727,12.869999885559082,2026,0,11.559999990463258,12.917400035858154,11.921132256447095,12.785615781372131,16.50526332941963,57.257469361585734,-0.13616342249367896,-0.46940083282854805,0.3332374103348691,13.26830885240417,11.559999990463258,9.851691128522345,1.2975030650742643,88.77737376518435,82.28407457922047,11408245.0,135.60756649014849,-7.142867955489152,34.2316576870284,0.045240735286340476
2026-04-17,13.140000343322754,14.75,12.550000190734863,13.949999809265137,10905,0,11.699499988555909,12.907800025939942,12.114357737667861,12.831277900113033,16.4798378217564,64.35889843306487,0.035869010117504985,-0.36834686423933743,0.4042158743568424,13.68718657697995,11.699499988555909,9.711813400131867,1.3619671182307551,85.53977073207528,87.53542415508595,11419150.0,201.6909968481431,-14.84230314986752,34.22607622601285,0.09651327954474086
2026-04-20,14.25,16.299999237060547,13.800000190734863,15.050000190734863,44701,0,11.8625,12.907600021362304,12.393942733198053,12.91828661739232,16.465610581646736,69.85285804339887,0.257992809572654,-0.24307892947693913,0.5010717390495931,14.329918535799038,11.8625,9.395081464200963,1.4432551130946787,80.68436557471394,85.00050335732436,11463851.0,249.5705335879474,-18.01151472485601,34.20467940510952,0.08508003125242669
2026-04-21,15.199999809265137,15.199999809265137,14.75,15.170000076293945,4597,0,12.006500005722046,12.92400001525879,12.658329146826233,13.006589105976698,16.452718934827306,70.38909738041046,0.43865397882487756,-0.10673234781657578,0.5453863266414534,14.862471002016113,12.006500005722046,9.150529009427979,1.3723083056782828,75.13527725017686,80.45313785232186,11468448.0,194.30909416468316,-16.376800336799086,34.202480540477005,0.07486066585118345
2026-04-22,14.210000038146973,15.210000038146973,14.210000038146973,14.930000305175781,5170,0,12.142000007629395,12.92540002822876,12.874678780954762,13.082016996141368,16.437567505676544,67.79189969826061,0.5560534433199003,0.025824810410719434,0.5302286329091808,15.26984010224276,12.142000007629395,9.01415991301603,1.3457148552726912,70.4117106162848,75.41045114705837,11463278.0,148.27288685488895,-21.608818690695248,34.1999750826976,0.09475658261116658
2026-04-23,15.199999809265137,15.199999809265137,14.100000381469727,14.869999885559082,3879,0,12.253999996185303,12.925800018310547,13.06470936234565,13.152133972196964,16.42196981791418,67.12507369132219,0.6369099311078887,0.1480418345501533,0.48886809655773544,15.596749689726863,12.253999996185303,8.911250302643744,1.3281637533100281,66.38115234955659,70.64271340533925,11459399.0,123.62275966795583,-23.873115756501903,34.19808987931313,0.07592662536847619
2026-04-24,14.800000190734863,15.100000381469727,14.25,14.779999732971191,3257,0,12.389499998092651,12.93140001296997,13.228070350024272,13.215971845168502,16.40563180711873,66.07517667894834,0.6858212990418053,0.2555977274484837,0.43022357159332164,15.906586608267755,12.389499998092651,8.872413387917547,1.2940092267500065,55.461047864556555,64.08463694346582,11456142.0,106.49293732679423,-25.76270512485214,34.196506167731336,0.06740724231520184
2026-04-27,14.319999694824219,14.699999809265137,13.100000381469727,14.239999771118164,10759,0,12.55299997329712,12.927800006866455,13.324444580604641,13.25612980304888,16.384083229646087,60.010288400979505,0.6732496239813344,0.33912810675505384,0.33412151722628053,16.094869993583128,12.55299997329712,9.01112995301111,1.3215799499465393,51.69836226288189,57.84685415899819,11445383.0,67.00178395127008,-35.51723684340337,34.191089479519086,0.10952849698277352
2026-04-28,14.140000343322754,14.6899995803833,13.210000038146973,13.489999771118164,35828,0,12.65999994277954,12.906599998474121,13.340211741605929,13.265301174345716,16.355286379312478,52.76607141068354,0.5958986007974172,0.39048220556352653,0.20541639523389066,16.179261141860945,12.65999994277954,9.140738743698137,1.3328956351100956,37.23726630987469,48.13222547910423,11409555.0,51.84699533131626,-50.17856701904368,34.172879119952135,0.025221119986805488
2026-04-29,13.210000038146973,13.90999984741211,12.699999809265137,12.880000114440918,16828,0,12.786999940872192,12.870200004577637,13.29638206282831,13.250191328859254,16.320706416477936,47.72035946392568,0.4798441387867918,0.4083545922081796,0.07148954657861217,16.141680789940562,12.786999940872192,9.432319091803823,1.3241173781841582,26.570604831196732,38.502077801317625,11392727.0,20.12759696312901,-61.84448241513849,34.16407164127205,0.06434340663756782
2026-04-30,13.0,13.399999618530273,12.5,13.380000114440918,2687,0,12.95799994468689,12.847200012207031,13.304345686791414,13.255281869470299,16.291445657253686,51.78977421715862,0.42333600884927236,0.41135087553639815,0.011985133312874208,16.057816672342963,12.95799994468689,9.858183217030819,1.2938232524945952,19.84318396400469,27.883685035025223,11395414.0,10.618579603485577,-53.57797680313603,34.16266131114178,0.07410900862752122
2026-05-04,13.319999694824219,13.319999694824219,12.899999618530273,13.0,5362,0,13.069499921798705,12.823000011444092,13.27536038328747,13.245270815765581,16.258694954196436,48.68793606386902,0.34392551604995525,0.39786580363910956,-0.05394028758915431,16.00241983469212,13.069499921798705,10.136580008905291,1.2356930555957415,21.257813395518443,22.55720073023981,11390052.0,3.9060975946510927,-68.74999503294548,34.15984484253835,0.056172335835279474
2026-05-05,13.260000228881836,13.260000228881836,12.949999809265137,13.170000076293945,1017,0,13.18599991798401,12.804400005340575,13.265326068335707,13.24231902206081,16.227961671829245,50.12703411200526,0.2913511985349082,0.3765628826182693,-0.0852116840833611,15.934748075060325,13.18599991798401,10.437251760907694,1.1695721530258099,29.055681543705436,23.385559634409375,11391069.0,0.9554035344931228,-77.66749649767142,34.15931208425435,0.06292544692043721
2026-05-06,13.170000076293945,13.25,12.899999618530273,13.050000190734863,2175,0,13.297499942779542,12.781200008392334,13.244818841897532,13.23477710710685,16.196340164554673,49.08063474073805,0.23726761190689594,0.3487038284759946,-0.11143621656909869,15.82534392192002,13.297499942779542,10.769655963639064,1.1110313122003752,30.776000432143025,27.029831790455486,11388894.0,-10.460806554847524,-82.27848070704228,34.15816954495399,0.05907005111846708
2026-05-07,13.050000190734863,13.520000457763672,12.829999923706055,12.979999542236328,5406,0,13.389999914169312,12.756000003814698,13.219597956215512,13.224785830053104,16.164336775277874,48.445328270012325,0.18660642977501496,0.3162843487357987,-0.12967791896078373,15.721591731736805,13.389999914169312,11.05840809660182,1.0809576851901783,38.88649470999116,32.90605889527973,11383488.0,-16.226860962078142,-87.36843056295909,34.15533611330118,0.03116712885328983
2026-05-08,12.979999542236328,13.199999809265137,12.34000015258789,12.460000038146973,15326,0,13.454499912261962,12.720600013732911,13.147255297351842,13.19479423037051,16.12747770326662,43.8994506194089,0.1033066094904882,0.2736888008867366,-0.17038219139624838,15.600887459416265,13.454499912261962,11.30811236510766,1.065174968867826,32.07844889178513,33.91364801130629,11368162.0,-55.896175857368,-96.96969915903246,34.14713835705136,0.021547510272543247
2026-05-11,12.460000038146973,12.460000038146973,11.930000305175781,12.010000228881836,10732,0,13.504999923706055,12.684400024414062,13.03894529083089,13.148331720508208,16.086507778148363,40.369166149450194,0.0009685135485195673,0.21914474341909318,-0.2181762298705736,15.456712095403931,13.504999923706055,11.55328775200818,1.0269481663037807,20.753225995952903,30.57272319924292,11357430.0,-106.79610002447995,-97.56097773722723,34.14125918149444,-0.0127596948358452
2026-05-12,12.300000190734863,12.300000190734863,11.40999984741211,11.989999771118164,4622,0,13.492999935150147,12.644400024414063,12.939045717524916,13.102906938179187,16.04574650444657,40.21437567299457,-0.08081742165267158,0.15915231040474023,-0.23996973205741182,15.478579019490795,13.492999935150147,11.507420850809499,1.017166178947993,14.22968684939754,22.353787245711715,11352808.0,-126.08085118834538,-84.73684487910799,34.138701302373235,-0.146644926998849
2026-05-13,12.220000267028809,12.220000267028809,11.510000228881836,11.960000038146973,538,0,13.454499959945679,12.604200019836426,12.845803271869874,13.058087059746551,16.005092310752048,39.96682945695267,-0.14636686614529282,0.09804847509473363,-0.24441534124002645,15.525774718333176,13.454499959945679,11.383225201558181,0.9952257403193487,19.528644520524267,18.170519121958094,11352270.0,-121.24326524384702,-85.48812147042993,34.138403559294524,-0.1884318457948572
2026-05-14,11.960000038146973,12.489999771118164,11.899999618530273,12.079999923706055,2582,0,13.41549997329712,12.558800010681152,12.772869619663796,13.019730701470454,15.9660366651098,41.51760254477778,-0.18648262960750195,0.04114225415428652,-0.22762488376178847,15.55822232505108,13.41549997329712,11.27277762154316,0.9662810554813875,30.328221653194788,21.362184341038724,11354852.0,-95.5859893665412,-81.84281898850577,34.13699142748127,-0.2011590617391583
2026-05-15,11.899999618530273,12.399999618530273,11.5,12.109999656677246,7363,0,13.377499961853028,12.523199996948243,12.70973914699841,12.984054974223662,15.927668137662709,41.92152077209938,-0.21339405955190216,-0.009765008586951222,-0.20362905096495093,15.583590444907054,13.377499961853028,11.171409478799001,0.9615466671277365,42.77044220029777,30.875769458005465,11362215.0,-101.10814977484958,-78.72340980603308,34.13293741166601,-0.188378954633402
2026-05-18,12.109999656677246,12.109999656677246,11.510000228881836,11.949999809265137,2925,0,13.277499961853028,12.481399993896485,12.637383019595243,12.943503791284112,15.888089348325419,40.321974042489224,-0.24481019266882953,-0.05677404540332689,-0.18803614726550263,15.55100723949517,13.277499961853028,11.003992684210885,0.9357218643182846,50.74832479684634,41.28232955011282,11359290.0,-101.84534065339766,-83.5365851885644,34.13131666850549,-0.20513419214429196
2026-05-19,12.1899995803833,12.1899995803833,11.5,12.140000343322754,1323,0,13.131999969482422,12.447399997711182,12.590013240902625,12.911993852148372,15.850794930365193,43.09851107532137,-0.25147737467129794,-0.0957147112569211,-0.15576266341437683,15.303309255265198,13.131999969482422,10.960690683699646,0.9181702726086429,59.82043866808802,51.113068555077234,11360613.0,-92.22458442720865,-70.79998016357422,34.130586523327224,-0.2596873777953163
2026-05-20,11.5600004196167,12.149999618530273,11.550000190734863,11.899999618530273,1653,0,12.968499946594239,12.42859998703003,12.524297657819544,12.872307803771191,15.811483534227532,40.53318726858837,-0.2729804682501662,-0.13116786265557012,-0.14181260559459608,14.988532389518166,12.968499946594239,10.948467503670312,0.8954437836934119,51.68350849476767,54.084090653233865,11358960.0,-88.80270579586382,-76.7772687498644,34.12967117123757,-0.2917681972376692
2026-05-21,11.800000190734863,11.899999618530273,11.5,11.899999618530273,1384,0,12.816999912261963,12.40019998550415,12.464840701696756,12.834178071016645,15.772563296260396,40.533187268588364,-0.2867167328119553,-0.16227763668684717,-0.12443909612510815,14.673761579177242,12.816999912261963,10.960238245346684,0.8600549147531877,49.83164879374116,53.77853198553214,11358960.0,-88.11447896124433,-76.7772687498644,34.12890139413811,-0.30647882015187017
2026-05-22,11.899999618530273,12.479999542236328,11.899999618530273,12.15999984741211,4899,0,12.681499910354614,12.377999973297118,12.435808239383933,12.807739709306663,15.73661739129673,44.67093314175175,-0.27347057729786073,-0.1845162248090499,-0.08895435248881084,14.299366074358751,12.681499910354614,11.063633746350476,0.8400509868212497,50.73179559109692,50.74898429320177,11363859.0,-46.800471905997384,-64.45498658528649,34.12622736545912,-0.31925287946443415
2026-05-25,12.15999984741211,12.5,12.100000381469727,12.100000381469727,6082,0,12.547499942779542,12.358199977874756,12.403826538630199,12.779985225862077,15.700432147417855,43.911609631201365,-0.264762343596491,-0.2005654485665381,-0.06419689502995288,13.863765493002257,12.547499942779542,11.231234392556827,0.8086187462290371,57.26380456912093,52.609082984652865,11357777.0,-34.6418712932496,-67.29856234768334,34.122916589968774,-0.3621572771283566
2026-05-26,11.970000267028809,12.489999771118164,11.550000190734863,11.890000343322754,3263,0,12.42999997138977,12.347199993133545,12.35489071050568,12.74508385791936,15.662517403098501,41.267573257130294,-0.27167455848496047,-0.21478727055022256,-0.05688728793473791,13.521274472360446,12.42999997138977,11.338725470419096,0.8180030915257702,55.44900904757257,54.48153640259667,11354514.0,-57.51100528876993,-77.251167911716,34.1211199453538,-0.424203816964824
2026-05-27,12.100000381469727,12.329999923706055,11.510000228881836,12.020000457763672,4011,0,12.356500005722046,12.372199993133545,12.322996400720728,12.716649214776,15.626273453393678,43.534212995358,-0.2636237255961955,-0.22455456155941717,-0.03906916403677835,13.345525314703597,12.356500005722046,11.367474696740494,0.8181457060470879,50.33337275187177,54.34872878952161,11358525.0,-56.347792454930996,-65.92175288539765,34.11890951622709,-0.3268483883329133
2026-05-29,11.430000305175781,12.25,11.430000305175781,12.09000015258789,1362,0,12.317000007629394,12.372999992370605,12.300806281850933,12.692074741749016,15.591086654380685,44.77020337988928,-0.24872781277034584,-0.2293892118016029,-0.01933860096874293,13.282051314030843,12.317000007629394,11.351948701227945,0.818278133816883,50.894108810400716,52.22549686994821,11359887.0,-57.05105905806367,-37.614659634559054,34.118158013730365,-0.2371708346986434
2026-06-01,12.100000381469727,12.100000381469727,11.489999771118164,11.869999885559082,2110,0,12.241499996185302,12.375399990081787,12.259777101251709,12.65983651209451,15.554060915387435,41.682105218594835,-0.25177259966099186,-0.23386588937348068,-0.017906710287511174,13.091494698218689,12.241499996185302,11.391505294151916,0.8034011678550744,51.60125331260367,50.942911624958576,11357777.0,-70.89273417369346,-57.79816754568012,34.11698847242659,-0.2631478673195889
2026-06-02,11.869999885559082,12.050000190734863,11.4399995803833,11.9399995803833,4858,0,12.188499975204468,12.39099998474121,12.229322099264241,12.631607612811717,15.518100106083912,43.028635949174806,-0.2457048918011786,-0.23623368985902027,-0.009471201942158336,12.972318215345119,12.188499975204468,11.404681735063818,0.7895868423191094,50.305625857573524,50.93366266019249,11362635.0,-71.1952034208657,-52.336502741591616,34.11429501487363,-0.19401133513801117
2026-06-03,12.100000381469727,12.100000381469727,11.350000381469727,11.350000381469727,10483,0,12.097499990463257,12.382199993133545,12.145577173760001,12.581348505700266,15.476626476983274,35.57313924732027,-0.2852163970459838,-0.24603023129641297,-0.03918616574957082,12.82495780280468,12.097499990463257,11.370042178121835,0.7867592107248873,29.744877083387035,43.88391875118793,11352152.0,-113.58698464575892,-100.0,34.10843035990141,-0.29146852893267816
2026-06-04,11.899999618530273,11.899999618530273,10.850000381469727,11.479999542236328,10344,0,12.01899995803833,12.365999984741212,12.082188827900604,12.538158350270308,15.436859044796737,38.117398578747576,-0.3025520718399246,-0.25733459940511527,-0.045217472434809336,12.650946065536658,12.01899995803833,11.387053850540003,0.805562069748863,31.03770524251601,37.02940272782538,11362496.0,-165.51791462021316,-61.81822385342311,34.10259763809033,-0.24445859368544373
2026-06-05,11.010000228881836,11.850000381469727,11.010000228881836,11.6899995803833,4074,0,11.954499959945679,12.355399971008302,12.044837470994194,12.504897222039444,15.39957686107123,42.09545181791943,-0.29593412657741247,-0.2650545048395747,-0.03087962173783776,12.423177987273892,11.954499959945679,11.485821932617466,0.8080219328087936,37.39996274311907,32.72751502300722,11366570.0,-147.54095273041978,-49.09094587174523,34.10031202880607,-0.19190444115800814
2026-06-08,12.100000381469727,12.100000381469727,11.109999656677246,11.65999984741211,1225,0,11.914499950408935,12.335999965667725,12.00818626874828,12.471763991661902,15.362367139542284,41.68321579052989,-0.2897697991406396,-0.26999756369978767,-0.019772235440851937,12.33817327703307,11.914499950408935,11.4908266237848,0.8210204179504855,58.999948501582615,42.47920549573908,11365345.0,-103.94811432693388,-50.90911192671156,34.09962811120573,-0.09311906516616211
2026-06-09,11.65999984741211,11.65999984741211,11.600000381469727,11.65999984741211,1357,0,11.896999931335449,12.327799968719482,11.975025657192456,12.439930103652106,15.3255276639987,41.68321579052989,-0.2816379779392868,-0.2723256465476875,-0.009312331391599316,12.332205727332937,11.896999931335449,11.46179413533796,0.7666617785213353,65.59995015462242,53.99995379977455,11365345.0,-86.71260571824195,-50.90911192671156,34.09887110833441,0.011201753648069843
2026-06-10,11.65999984741211,11.65999984741211,11.079999923706055,11.140000343322754,1666,0,11.854499959945679,12.331199970245361,11.895499436823913,12.388952465992132,15.283880625982025,34.82703608708229,-0.3135387852679852,-0.280568274291747,-0.032970510976238154,12.397693273424032,11.854499959945679,11.311306646467326,0.7533287888916724,50.93330383300784,58.511067496404145,11363679.0,-182.98959952955528,-82.42424067277403,34.097927455036334,-0.025400953272393553
2026-06-11,11.670000076293945,11.670000076293945,10.59000015258789,11.0,1081,0,11.80649995803833,12.324199962615968,11.810213776174017,12.334483741835578,15.241254948111557,33.24172191482384,-0.3461273222690018,-0.29368008388719796,-0.05244723838180382,12.461977614472548,11.80649995803833,11.151022301604112,0.776662441378414,38.384085961198124,51.639113316275974,11362598.0,-199.46529122643514,-78.53403768761422,34.097309649785984,-0.030673689795848197
2026-06-12,11.0,11.550000190734863,10.550000190734863,11.170000076293945,2620,0,11.760999965667725,12.340799961090088,11.749241042852105,12.288817715735906,15.200744949387003,36.992291360951576,-0.3541539212717737,-0.3057748513641131,-0.04837906990766061,12.45916608809817,11.760999965667725,11.06283384323728,0.7926151241370987,30.117429434243405,39.81160640948297,11365218.0,-165.4595587604988,-68.20513096394964,34.095812640980284,-0.008583532677342584
2026-06-15,11.100000381469727,11.720000267028809,10.800000190734863,11.149999618530273,18023,0,11.712999963760376,12.364599952697754,11.692170431011931,12.244158182512155,15.160439025696887,36.73083549199369,-0.35800210320356385,-0.3162203017320032,-0.04178180147156063,12.439996567433809,11.712999963760376,10.986003360086944,0.8017140492911592,39.47809679538062,35.99320406360723,11347195.0,-114.01156403023259,-69.07218775393427,34.08557963541378,-0.0892547986543365
2026-06-16,11.300000190734863,11.699999809265137,11.100000381469727,11.680000305175781,5657,0,11.699499988555909,12.382799949645996,11.691011371408488,12.22203434418524,15.125807794646926,47.350333064281834,-0.31465800745528405,-0.3159078428766594,0.001249835421375356,12.41837346460721,11.699499988555909,10.980626512504607,0.7873058620414629,62.62106226357893,44.07219616440083,11352852.0,-43.46065668595363,-36.51683797981746,34.082407530868146,-0.04171298935844354
2026-06-17,11.199999809265137,11.800000190734863,11.109999656677246,11.600000381469727,2459,0,11.672499990463256,12.397999954223632,11.682343658080987,12.197640855451297,15.090725133819292,46.09273411833686,-0.2834948721366839,-0.3094252487286643,0.025930376591980386,12.363177192080826,11.672499990463256,10.981822788845687,0.7803554814711883,77.28773811833314,59.79563239243074,11350393.0,-36.670191474072645,-38.235275968133806,34.08102955993913,-0.042281570080135
2026-06-18,11.600000381469727,11.800000190734863,11.5,11.739999771118164,4828,0,11.664499998092651,12.416399955749512,11.68783471646548,12.179694146261763,15.057384582946645,48.66239595922624,-0.24468055700472213,-0.29647631038387584,0.05179575337915371,12.348121988117855,11.664499998092651,10.980878008067448,0.7460443892757365,91.92706058466986,77.27862032219382,11355221.0,10.062393118973137,-23.225842971082752,34.07834570769568,-0.012260292102437677
2026-06-19,12.180000305175781,12.319999694824219,11.210000038146973,12.220000267028809,13358,0,11.680500030517578,12.43819995880127,11.738517149852463,12.181274778448707,15.029151903186268,56.3458189432286,-0.1731914607802043,-0.27181934046314155,0.09862787968293724,12.399484812420505,11.680500030517578,10.961515248614651,0.7720411940901301,90.87368993988495,86.69616288096249,11368579.0,67.28596003762149,-5.649686769085211,34.07100186233786,0.08135931967900702
2026-06-22,12.220000267028809,12.25,11.649999618530273,11.989999771118164,4672,0,11.67200002670288,12.454599952697754,11.76246787568729,12.173773797769078,14.998911583464198,52.306168171604206,-0.13355541115238267,-0.24416655460098977,0.11061114344860709,12.37187438639509,11.67200002670288,10.97212566701067,0.7597525646172442,87.19062175422034,89.99712409292488,11363907.0,85.48910608063302,-18.644068709829153,34.06843988741785,0.0924494027244307
2026-06-23,11.989999771118164,11.989999771118164,11.40999984741211,11.770000457763672,3023,0,11.655500030517578,12.469999961853027,11.76318526445647,12.157939549141416,14.966783114551754,48.70893957212433,-0.11852932990356635,-0.21903910966150508,0.10050977975793873,12.329309407136572,11.655500030517578,10.981690653898584,0.7469130902664449,73.63913928777204,83.90115032729227,11360884.0,32.25337859880978,-31.0734119297686,34.0667644928448,0.16305970224599692
2026-06-24,11.739999771118164,12.199999809265137,11.3100004196167,11.760000228881836,484,0,11.649000024795532,12.460599975585938,11.762881927735075,12.142334085601824,14.934874827132154,48.54550742931969,-0.10620373658633753,-0.19647203504647157,0.09026829846013404,12.316110251574166,11.649000024795532,10.981889798016898,0.7571335402223015,59.01530393055325,73.2816883241817,11360400.0,47.17080729875577,-31.638396770653113,34.06649667584071,0.1769919510286096
2026-06-25,12.239999771118164,12.25,11.220000267028809,11.880000114440918,5012,0,11.642000007629395,12.44359998703003,11.774036040754678,12.132046478889633,14.904478063821793,50.68383234140593,-0.08576399326942052,-0.17433042669106136,0.08856643342164083,12.296204866784377,11.642000007629395,10.987795148474413,0.7766239825615079,54.81849566433575,62.49097962755349,11365412.0,59.736623989364105,-24.858740319798876,34.06372702364859,0.17958253311299108
2026-06-29,12.170000076293945,12.170000076293945,11.289999961853027,12.0,3455,0,11.6375,12.426399993896485,11.795556417825662,12.126868185599843,14.875577784579786,52.796398016523874,-0.05919994147203056,-0.1513043296472552,0.09210438817522465,12.280457984940206,11.6375,10.994542015059793,0.7840079919814658,61.87937233632857,58.57105731040567,11368867.0,74.29911362364938,-18.079083868944636,34.06182131840091,0.18864859047160645
2026-06-30,12.0,12.0,11.449999809265137,11.960000038146973,179,0,11.642000007629395,12.408199996948243,11.81121771499912,12.120324336680122,14.846567060734683,51.99681951722198,-0.04090388711794013,-0.1292242411413922,0.08832035402345206,12.292618164221677,11.642000007629395,10.991381851037113,0.7672931490352798,69.31106384963208,62.00297728343194,11368688.0,69.45779148365523,-20.338969352562717,34.0617225206893,0.18863233966810014
2026-07-01,11.84000015258789,12.1899995803833,11.369999885559082,11.859999656677246,6639,0,11.638000011444092,12.366399993896485,11.815863614206561,12.110115525699618,14.816849972137097,49.9597590920977,-0.034080468842457634,-0.11019548668160528,0.07611501783914765,12.282192534013486,11.638000011444092,10.993807488874697,0.7710579023059182,69.90289494240764,67.03111037612257,11362049.0,70.62590748958073,-25.988710001567906,34.05805934231856,0.1673039602743171
2026-07-02,11.699999809265137,12.1899995803833,11.350000381469727,11.699999809265137,2703,0,11.655499982833863,12.29939998626709,11.804828966116903,12.094032556427678,14.78583653768066,46.800534237794274,-0.041109625043059594,-0.09637831435389614,0.05526868931083655,12.286324084904027,11.655499982833863,11.024675880763699,0.7759822806350364,60.194148388675785,66.46936906023831,11359346.0,47.6636319690223,-35.02825193604022,34.05656424202442,0.2893613082593145
2026-07-03,12.25,12.25,11.300000190734863,11.779999732971191,4081,0,11.670499992370605,12.231599979400634,11.802464277245882,12.08171754374311,14.755927713753204,48.55231880116966,-0.03976655265338458,-0.08505596201379383,0.04528940936040925,12.298177459892933,11.670499992370605,11.042822524848276,0.788412104108615,53.25980978805592,61.11895103971292,11363427.0,52.67938335149732,-35.52632487051671,34.05431034822591,0.2868950532300082
2026-07-06,12.0,12.359999656677246,11.40999984741211,11.800000190734863,2548,0,11.676000022888184,12.168999977111817,11.80222960234007,12.070669804409453,14.726515499593818,49.004425517628675,-0.036665629761198915,-0.07537789556327484,0.03871226580207593,12.306187308844573,11.676000022888184,11.045812736931795,0.7999540830483666,48.27112842297797,53.908362199903024,11365975.0,72.44527685825524,-44.44442762478192,34.0529083981937,0.25703556935540506
2026-07-07,11.210000038146973,12.300000190734863,11.210000038146973,12.239999771118164,14859,0,11.705000019073486,12.116399974822999,11.843921999366556,12.077310195260775,14.701774049559234,57.79196513554603,0.0012813917918741424,-0.06004603809224505,0.06132742988411919,12.38126916545222,11.705000019073486,11.028730872694751,0.8206716594440469,62.592233254723816,54.70772382191904,11380834.0,83.46088949290872,-9.599990844726562,34.04475835747505,0.3541198013848655
2026-07-08,12.479999542236328,12.479999542236328,11.630000114440918,11.869999885559082,921,0,11.715500020980835,12.058199977874756,11.846405607575369,12.069180379194043,14.673597192205998,49.990808797346084,0.0014817010917980156,-0.04774049025543643,0.04922219134723445,12.39516092634588,11.715500020980835,11.03583911561579,0.8227665000405728,62.90119039416533,57.92151735728884,11379913.0,96.97853734516333,-48.03148778507927,34.04425514350468,0.33780208051101324
2026-07-09,11.630000114440918,12.25,11.630000114440918,12.199999809265137,1703,0,11.768499994277954,12.017399978637695,11.880081245831537,12.07431055292232,14.648984282923005,55.730553129835535,0.0279465333336244,-0.03260308553762427,0.06054961887124867,12.425318835950657,11.768499994277954,11.111681152605252,0.8082831704347521,73.16216813954718,66.21853059614524,11381616.0,103.57520355110302,-22.047231677618907,34.04332612905285,0.3656453305391406
2026-07-10,12.199999809265137,12.199999809265137,11.699999809265137,12.130000114440918,754,0,11.825,11.99019998550415,11.903883042841954,12.076494457295599,14.62391976383363,54.30670662372751,0.04277858825695624,-0.017526750778708168,0.06030533903566441,12.396541780908938,11.825,11.25345821909106,0.786262943975127,67.454086571134,67.83914836828198,11380862.0,100.93138352044842,-27.55902082389984,34.04291452336404,0.3750626276029207
2026-07-13,12.050000190734863,12.199999809265137,11.529999732971191,12.140000343322754,4118,0,11.87350001335144,11.975399990081787,11.926370404792507,12.078984884198624,14.599204147709143,54.48560937922089,0.05470937788538777,-0.0030795250458889815,0.057788902931276746,12.374789416183575,11.87350001335144,11.372210610519307,0.7779584534264712,74.54071552634959,71.71899007901006,11384980.0,80.17732425495618,-26.77160091943251,34.04066135349376,0.3970760900825532
2026-07-14,11.649999618530273,12.350000381469727,11.539999961853027,11.800000190734863,3195,0,11.90600004196167,11.943799991607666,11.914335146310828,12.068044307984358,14.571351372017856,47.654072118788406,0.03631087464839844,0.004798554892968503,0.03151231975542994,12.284755818784665,11.90600004196167,11.527244265138675,0.7802471652972017,58.030161593367495,66.67498789695016,11381785.0,43.83547447800211,-53.543276931360204,34.038908772471686,0.5040346419730453
2026-07-15,11.680000305175781,12.25,11.539999961853027,12.100000381469727,694,0,11.927000045776367,11.92579999923706,11.932017549659294,12.069297487336726,14.546760814897974,53.226719484987704,0.045413932915664645,0.012921630497507733,0.03249230241815691,12.299832431677011,11.927000045776367,11.554167659875723,0.7752295133578997,57.053908279090685,63.20826179960239,11382479.0,75.13236900196891,-29.921205444806642,34.03852926938531,0.4741972772840767
2026-07-16,12.0,12.600000381469727,11.600000381469727,12.479999542236328,5590,0,11.971000003814698,11.911999988555909,11.984206310857108,12.085403450273965,14.52619602611527,59.15779710901562,0.082341744292588,0.026805653256523787,0.05553609103606422,12.384564914406095,11.971000003814698,11.557435093223301,0.7912845481180497,62.239433616592294,59.10783449634996,11388069.0,217.63785749393293,-8.63315176933986,34.03550939945623,0.4950891789186103
2026-07-17,12.539999961853027,12.539999961853027,11.859999656677246,12.5,131,0,12.009000015258788,11.900999984741212,12.033329519346907,12.101662138498515,14.50603487162656,59.44925551857669,0.111930900899047,0.04383070278502843,0.06810019811401857,12.467863730848887,12.009000015258788,11.55013629966869,0.7833356736221734,82.98378998223264,67.42571062597166,11388200.0,224.50552346814302,-7.194270271234514,34.035438877655956,0.4892549312774521
2026-07-20,12.5,12.5,11.949999809265137,12.34000015258789,432,0,12.015000009536744,11.888199996948241,12.062536246322239,12.111008727286334,14.484482287357519,56.00602201747461,0.12107420214018738,0.05927940265606022,0.06179479948412716,12.487673159496309,12.015000009536744,11.542326859577178,0.7666688534159369,84.970278981302,76.73116752670877,11387768.0,166.3552502308196,-18.705047817492854,34.03520592814631,0.4210512580794804
2026-07-21,12.3100004196167,12.5,12.010000228881836,12.5,1118,0,12.040500020980835,11.888999996185303,12.104199460958217,12.126263287000596,14.464736194946001,58.588998611687096,0.13962151484757257,0.07534782509436269,0.06427368975320988,12.557934944544991,12.040500020980835,11.523065097416678,0.7469067761089532,85.56395577785305,84.50600824712903,11388886.0,167.83674342040507,-7.194270271234514,34.03460511711572,0.4533600857373979
2026-07-22,12.75,12.75,11.880000114440918,12.399999618530273,1703,0,12.071999979019164,11.896799983978271,12.132370904536508,12.136998045099798,14.444191552394601,56.36170174215462,0.1445845184201886,0.08919516375952788,0.05538935466066072,12.59638905221365,12.071999979019164,11.547610905824678,0.7556991410696767,78.5342886125352,83.02284112389655,11387183.0,145.66665409087966,-22.72729806100667,34.033690273322705,0.4567007784419521
2026-07-23,12.520000457763672,12.520000457763672,11.779999732971191,12.399999618530273,1127,0,12.103999948501587,11.904999980926513,12.157859353488295,12.14731183229315,14.423851334147194,56.36170174215462,0.14682522471303372,0.10072117595022904,0.046104048762804675,12.626432615727692,12.103999948501587,11.58156728127548,0.7545778256213056,74.68289199553584,79.59371212864117,11387183.0,89.4845759541827,-22.72729806100667,34.033081826425715,0.4642856240383162
2026-07-24,11.779999732971191,12.399999618530273,11.779999732971191,12.399999618530273,641,0,12.129999923706055,11.91379997253418,12.18092033111134,12.157221157243626,14.403713506131105,56.36170174215462,0.14690754189730804,0.10995844913964484,0.0369490927576632,12.656991263997293,12.129999923706055,11.603008583414818,0.744965115616861,65.80005562778724,73.00574541195256,11387183.0,65.2451203234416,-22.72729806100667,34.03273514231786,0.4865373363492152
