SignalSource,Pattern,SignalType,SuccessRate,AvgReturn,Count,Horizon,Weight
Candlestick,CDL_BULLISH_ENGULFING,Bullish,0.0,-0.013560318019869047,3,1D,-0.0
Candlestick,CDL_HARAMI,Bullish,0.0,-0.007455869466358678,1,1D,-0.0
Candlestick,CDL_THREE_OUTSIDE_UP,Bearish,0.0,0.012653290524327288,1,1D,0.0
Indicator,CMF_State,Negative,0.0,-0.002142926110178265,28,1D,-0.0
Indicator,RSI_State,Oversold,0.0,0.003528260307721645,8,1D,0.0
Candlestick,CDL_HARAMI,Bullish,0.0,-0.008894686452542544,1,2D,-0.0
Candlestick,CDL_BULLISH_ENGULFING,Bullish,0.0,-0.022413843534904315,3,2D,-0.0
Candlestick,CDL_BULLISH_ENGULFING,Bearish,0.0,0.0025829782145556646,1,2D,0.0
Indicator,RSI_State,Oversold,0.0,0.0038427694264146633,8,3D,0.0
Indicator,CMF_State,Negative,0.0,-0.004443239804873251,28,3D,-0.0
Candlestick,CDL_THREE_OUTSIDE_UP,Bearish,0.0,0.0065223064952204535,1,3D,0.0
Candlestick,CDL_THREE_OUTSIDE_UP,Bearish,0.0,0.008218169878377202,1,2D,0.0
Indicator,CMF_State,Negative,0.0,-0.0038425707313539154,28,2D,-0.0
Indicator,RSI_State,Oversold,0.0,0.003908362168090526,8,2D,0.0
Candlestick,CDL_HARAMI,Bullish,0.0,-0.010071958413382931,1,3D,-0.0
Candlestick,CDL_BULLISH_ENGULFING,Bullish,0.0,-0.021384180581248875,3,3D,-0.0
Indicator,EMA_Trend,Bearish,0.7142857142857143,-0.002142926110178265,28,1D,-0.0015306615072701892
Indicator,MACD_Trend,Bearish,0.7142857142857143,-0.002142926110178265,28,1D,-0.0015306615072701892
Candlestick,CDL_BULLISH_ENGULFING,Bearish,1.0,-0.0018080374544451328,1,3D,-0.0018080374544451328
Indicator,MACD_Trend,Bearish,0.6428571428571429,-0.0038425707313539154,28,2D,-0.0024702240415846602
Indicator,EMA_Trend,Bearish,0.6428571428571429,-0.0038425707313539154,28,2D,-0.0024702240415846602
Indicator,EMA_Trend,Bearish,0.6428571428571429,-0.004443239804873251,28,3D,-0.0028563684459899474
Indicator,MACD_Trend,Bearish,0.6428571428571429,-0.004443239804873251,28,3D,-0.0028563684459899474
Candlestick,CDL_BULLISH_ENGULFING,Bearish,1.0,-0.009944481891287271,1,1D,-0.009944481891287271
