SignalSource,Pattern,SignalType,SuccessRate,AvgReturn,Count,Horizon,Weight
Indicator,CMF_State,Negative,0.46875,0.0017475097304885875,32,3D,0.0008191451861665254
Indicator,MACD_Trend,Bearish,0.46875,0.0017475097304885875,32,3D,0.0008191451861665254
Indicator,EMA_Trend,Bearish,0.46875,0.0017475097304885875,32,3D,0.0008191451861665254
Indicator,CMF_State,Negative,0.5,0.0009254170812920404,32,2D,0.0004627085406460202
Indicator,EMA_Trend,Bearish,0.5,0.0009254170812920404,32,2D,0.0004627085406460202
Indicator,MACD_Trend,Bearish,0.5,0.0009254170812920404,32,2D,0.0004627085406460202
Indicator,CMF_State,Negative,0.59375,0.0003490148371479672,32,1D,0.00020722755955660552
Indicator,EMA_Trend,Bearish,0.59375,0.0003490148371479672,32,1D,0.00020722755955660552
Indicator,MACD_Trend,Bearish,0.59375,0.0003490148371479672,32,1D,0.00020722755955660552
Candlestick,CDL_THREE_OUTSIDE,Bearish,0.0,0.0,1,1D,0.0
Candlestick,CDL_THREE_OUTSIDE,Bearish,0.0,0.013467954159047446,1,2D,0.0
Candlestick,CDL_BULLISH_ENGULFING,Bearish,0.0,0.00668893395160719,1,3D,0.0
Candlestick,CDL_THREE_OUTSIDE,Bearish,0.0,0.04737848290652402,1,3D,0.0
Candlestick,CDL_BULLISH_ENGULFING,Bearish,1.0,-0.006688933951607079,1,2D,-0.006688933951607079
Candlestick,CDL_BULLISH_ENGULFING,Bearish,1.0,-0.006688933951607079,1,1D,-0.006688933951607079
