SignalSource,Pattern,SignalType,SuccessRate,AvgReturn,Count,Horizon,Weight
Candlestick,CDL_HARAMI,Bullish,1.0,0.021411038243565123,3,3D,0.021411038243565123
Candlestick,CDL_HARAMI_CROSS,Bullish,1.0,0.021183542402991806,1,3D,0.021183542402991806
Candlestick,CDL_HARAMI,Bullish,1.0,0.013011493218208603,3,2D,0.013011493218208603
Candlestick,CDL_HARAMI_CROSS,Bullish,1.0,0.008335311389626954,1,2D,0.008335311389626954
Indicator,MACD_Trend,Bearish,0.3939393939393939,0.00523075387585339,33,3D,0.0020606000116998205
Indicator,EMA_Trend,Bearish,0.3939393939393939,0.00523075387585339,33,3D,0.0020606000116998205
Indicator,EMA_Trend,Bearish,0.45454545454545453,0.00340129818843296,33,2D,0.0015460446311058907
Indicator,MACD_Trend,Bearish,0.45454545454545453,0.00340129818843296,33,2D,0.0015460446311058907
Indicator,EMA_Trend,Bearish,0.45454545454545453,0.0018490031600322792,33,1D,0.0008404559818328541
Indicator,MACD_Trend,Bearish,0.45454545454545453,0.0018490031600322792,33,1D,0.0008404559818328541
Candlestick,CDL_BULLISH_ENGULFING,Bullish,0.0,-0.010643236599871098,1,1D,-0.0
Candlestick,CDL_HARAMI_CROSS,Bullish,0.0,-0.01376923932035834,1,1D,-0.0
Indicator,CMF_State,Negative,0.0,0.0018490031600322792,33,1D,0.0
Indicator,CMF_State,Negative,0.0,0.00523075387585339,33,3D,0.0
Candlestick,CDL_BULLISH_ENGULFING,Bullish,0.0,-0.05953444615151193,1,3D,-0.0
Candlestick,CDL_BULLISH_ENGULFING,Bullish,0.0,-0.010897711505170715,1,2D,-0.0
Indicator,CMF_State,Negative,0.0,0.00340129818843296,33,2D,0.0
Candlestick,CDL_HARAMI,Bullish,0.6666666666666666,-0.003755236131446941,3,1D,-0.0025034907542979606
Candlestick,CDL_DARKCLOUDCOVER,Bearish,1.0,-0.025883744481677073,1,1D,-0.025883744481677073
Candlestick,CDL_DARKCLOUDCOVER,Bearish,1.0,-0.025883744481677073,1,2D,-0.025883744481677073
Candlestick,CDL_DARKCLOUDCOVER,Bearish,1.0,-0.03929658432976024,1,3D,-0.03929658432976024
