SignalSource,Pattern,SignalType,SuccessRate,AvgReturn,Count,Horizon,Weight
Candlestick,CDL_HARAMI,Bullish,1.0,0.013139782656482968,1,3D,0.013139782656482968
Candlestick,CDL_BULLISH_ENGULFING,Bearish,0.25,0.00045429284631368083,4,3D,0.00011357321157842021
Indicator,MACD_Trend,Bearish,0.47058823529411764,0.00015056132361571597,34,1D,7.085238758386633e-05
Candlestick,CDL_BULLISH_ENGULFING,Bullish,0.0,-0.07146153863853394,2,2D,-0.0
Candlestick,CDL_THREE_OUTSIDE_UP,Bullish,0.0,-0.0699466508595139,1,1D,-0.0
Indicator,CMF_State,Negative,0.0,-0.000473893277966168,41,1D,-0.0
Candlestick,CDL_THREE_OUTSIDE_UP,Bullish,0.0,-0.09614697757668922,1,3D,-0.0
Candlestick,CDL_HARAMI,Bullish,0.0,-0.0016268149576849078,1,2D,-0.0
Indicator,CMF_State,Negative,0.0,-0.0015690471186296775,41,2D,-0.0
Candlestick,CDL_HARAMI,Bullish,0.0,-0.00025022047050915486,1,1D,-0.0
Candlestick,CDL_BULLISH_ENGULFING,Bearish,0.0,0.01409779961965707,4,1D,0.0
Indicator,CMF_State,Negative,0.0,-0.0024323693594431157,41,3D,-0.0
Candlestick,CDL_EVENING_STAR,Bearish,0.0,0.027660946089268723,1,3D,0.0
Candlestick,CDL_BULLISH_ENGULFING,Bullish,0.0,-0.10135124678319102,2,3D,-0.0
Candlestick,CDL_THREE_OUTSIDE_UP,Bullish,0.0,-0.1296977171476732,1,2D,-0.0
Indicator,MACD_Trend,Bullish,0.7142857142857143,-7.878312123662681e-05,7,3D,-5.627365802616201e-05
Indicator,EMA_Trend,Bearish,0.4878048780487805,-0.000473893277966168,41,1D,-0.00023116745266642342
Indicator,MACD_Trend,Bearish,0.5588235294117647,-0.0008174820141338054,34,2D,-0.00045682818436889125
Indicator,EMA_Trend,Bearish,0.5365853658536586,-0.0015690471186296775,41,2D,-0.0008419277221915343
Indicator,EMA_Trend,Bearish,0.4878048780487805,-0.0024323693594431157,41,3D,-0.0011865216387527393
Candlestick,CDL_BULLISH_ENGULFING,Bearish,0.25,-0.005155501667719914,4,2D,-0.0012888754169299785
Indicator,MACD_Trend,Bullish,0.42857142857142855,-0.0035069584856496044,7,1D,-0.0015029822081355448
Indicator,MACD_Trend,Bearish,0.5294117647058824,-0.0029169312320150398,34,3D,-0.0015442577110667858
Indicator,MACD_Trend,Bullish,0.5714285714285714,-0.005219506197609628,7,2D,-0.0029825749700626444
Candlestick,CDL_BULLISH_ENGULFING,Bullish,0.5,-0.03336462097424825,2,1D,-0.016682310487124125
Candlestick,CDL_EVENING_STAR,Bearish,1.0,-0.028170778312221034,1,2D,-0.028170778312221034
Candlestick,CDL_EVENING_STAR,Bearish,1.0,-0.06424477299434339,1,1D,-0.06424477299434339
