SignalSource,Pattern,SignalType,SuccessRate,AvgReturn,Count,Horizon,Weight
Candlestick,CDL_BULLISH_ENGULFING,Bullish,1.0,0.09293892192464726,1,1D,0.09293892192464726
Candlestick,CDL_BULLISH_ENGULFING,Bullish,1.0,0.03015802149460467,1,3D,0.03015802149460467
Candlestick,CDL_BULLISH_ENGULFING,Bullish,1.0,0.03015802149460467,1,2D,0.03015802149460467
Candlestick,CDL_HARAMI,Bullish,0.6666666666666666,0.03700973041057517,3,3D,0.02467315360705011
Candlestick,CDL_HARAMI_CROSS,Bullish,0.5,0.028305691625524043,2,3D,0.014152845812762022
Indicator,EMA_Trend,Bearish,0.2727272727272727,0.014733954747897973,33,3D,0.004018351294881265
Indicator,MACD_Trend,Bearish,0.2727272727272727,0.014733954747897973,33,3D,0.004018351294881265
Indicator,MACD_Trend,Bearish,0.2727272727272727,0.007627664010440342,33,2D,0.0020802720028473658
Indicator,EMA_Trend,Bearish,0.2727272727272727,0.007627664010440342,33,2D,0.0020802720028473658
Indicator,EMA_Trend,Bearish,0.42424242424242425,0.003832949587222124,33,1D,0.0016260998248821133
Indicator,MACD_Trend,Bearish,0.42424242424242425,0.003832949587222124,33,1D,0.0016260998248821133
Indicator,CMF_State,Negative,0.0,0.003832949587222124,33,1D,0.0
Candlestick,CDL_BULLISH_ENGULFING,Bearish,0.0,0.03123913076515783,3,1D,0.0
Candlestick,CDL_BULLISH_ENGULFING,Bearish,0.0,0.04941645389748942,3,3D,0.0
Indicator,CMF_State,Negative,0.0,0.014733954747897973,33,3D,0.0
Indicator,CMF_State,Negative,0.0,0.007627664010440342,33,2D,0.0
Candlestick,CDL_BULLISH_ENGULFING,Bearish,0.0,0.03972459749157838,3,2D,0.0
Candlestick,CDL_HARAMI,Bullish,0.6666666666666666,-0.0005443820208979044,3,1D,-0.0003629213472652696
Candlestick,CDL_HARAMI,Bullish,0.6666666666666666,-0.007227803328556215,3,2D,-0.004818535552370809
Candlestick,CDL_HARAMI_CROSS,Bullish,0.5,-0.011792589190138925,2,2D,-0.005896294595069462
Candlestick,CDL_HARAMI_CROSS,Bullish,0.5,-0.017566152633389787,2,1D,-0.008783076316694893
