SignalSource,Pattern,SignalType,SuccessRate,AvgReturn,Count,Horizon,Weight
Candlestick,CDL_BULLISH_ENGULFING,Bullish,0.5,0.04166805656896355,2,1D,0.020834028284481776
Indicator,CMF_State,Negative,0.4827586206896552,0.027094152942890023,29,3D,0.01307993590346415
Indicator,MACD_Trend,Bearish,0.4827586206896552,0.027094152942890023,29,3D,0.01307993590346415
Indicator,EMA_Trend,Bearish,0.4827586206896552,0.027094152942890023,29,3D,0.01307993590346415
Indicator,EMA_Trend,Bearish,0.4827586206896552,0.020139753981001637,29,2D,0.009722639852897343
Indicator,MACD_Trend,Bearish,0.4827586206896552,0.020139753981001637,29,2D,0.009722639852897343
Indicator,CMF_State,Negative,0.4827586206896552,0.020139753981001637,29,2D,0.009722639852897343
Indicator,MACD_Trend,Bearish,0.4482758620689655,0.008821543917352168,29,1D,0.0039544852043302825
Indicator,CMF_State,Negative,0.4482758620689655,0.008821543917352168,29,1D,0.0039544852043302825
Indicator,EMA_Trend,Bearish,0.4482758620689655,0.008821543917352168,29,1D,0.0039544852043302825
Candlestick,CDL_THREE_OUTSIDE,Bearish,0.0,0.00878050270429842,1,1D,0.0
Candlestick,CDL_THREE_OUTSIDE,Bearish,0.0,0.07988452939996504,1,3D,0.0
Candlestick,CDL_BULLISH_ENGULFING,Bearish,0.0,0.008223359085525184,1,2D,0.0
Candlestick,CDL_BULLISH_ENGULFING,Bearish,0.0,0.002147935624857933,1,3D,0.0
Candlestick,CDL_THREE_OUTSIDE,Bearish,0.0,0.002701721968299431,1,2D,0.0
Candlestick,CDL_BULLISH_ENGULFING,Bearish,1.0,-0.0005522941980735663,1,1D,-0.0005522941980735663
Candlestick,CDL_BULLISH_ENGULFING,Bullish,0.5,-0.009442881953006355,2,2D,-0.004721440976503177
Candlestick,CDL_HARAMI,Bullish,1.0,-0.006683182412598243,1,1D,-0.006683182412598243
Candlestick,CDL_HARAMI_CROSS,Bullish,1.0,-0.006683182412598243,1,1D,-0.006683182412598243
Candlestick,CDL_HARAMI_CROSS,Bullish,1.0,-0.008485431391077491,1,3D,-0.008485431391077491
Candlestick,CDL_HARAMI,Bullish,1.0,-0.008485431391077491,1,3D,-0.008485431391077491
Candlestick,CDL_BULLISH_ENGULFING,Bullish,0.5,-0.020451552389957384,2,3D,-0.010225776194978692
Candlestick,CDL_HARAMI,Bullish,1.0,-0.025906713191250264,1,2D,-0.025906713191250264
Candlestick,CDL_HARAMI_CROSS,Bullish,1.0,-0.025906713191250264,1,2D,-0.025906713191250264
Candlestick,CDL_THREE_OUTSIDE,Bullish,1.0,-0.07544142204607762,1,3D,-0.07544142204607762
Candlestick,CDL_THREE_OUTSIDE,Bullish,1.0,-0.07612052201677144,1,1D,-0.07612052201677144
Candlestick,CDL_THREE_OUTSIDE,Bullish,1.0,-0.07865162717873198,1,2D,-0.07865162717873198
