SignalName,Components,Type,Count,HorizonClass,Direction,WinRate_MFE_3D,AvgWin_3D,AvgLoss_3D,EV_3D,EV_ATR_3D,ProfitFactor_3D,AvgReturn_Close_3D,MedianReturn_Close_3D,WinRate_HitEV_3D,AvgMinMovePct_3D,Top1_Trade_Share_3D,EV_Excess_3D,ExcessDataCount_3D,MFE_Target_P10_3D,MFE_Target_P20_3D,MFE_Target_P30_3D,CompositeScore_3D,WinRate_MFE_5D,AvgWin_5D,AvgLoss_5D,EV_5D,EV_ATR_5D,ProfitFactor_5D,AvgReturn_Close_5D,MedianReturn_Close_5D,WinRate_HitEV_5D,AvgMinMovePct_5D,Top1_Trade_Share_5D,EV_Excess_5D,ExcessDataCount_5D,MFE_Target_P10_5D,MFE_Target_P20_5D,MFE_Target_P30_5D,CompositeScore_5D,WinRate_MFE_7D,AvgWin_7D,AvgLoss_7D,EV_7D,EV_ATR_7D,ProfitFactor_7D,AvgReturn_Close_7D,MedianReturn_Close_7D,WinRate_HitEV_7D,AvgMinMovePct_7D,Top1_Trade_Share_7D,EV_Excess_7D,ExcessDataCount_7D,MFE_Target_P10_7D,MFE_Target_P20_7D,MFE_Target_P30_7D,CompositeScore_7D,AvgEV,AvgEV_ATR,AvgWinRate,AvgProfitFactor,Consistency,CompositeScore,BestHorizon,BestHorizonComposite,AvgMedianReturn,AvgWinRate_HitEV,MaxTop1TradeShare,Concentration_Flag,RegimeTested_Flag,AvgEV_Excess,Target1_Conservative_BestHorizon,Target2_Median_BestHorizon,Target3_Stretch_BestHorizon,Fisher_p_min,Fisher_sig_flag,WinRate_MFE_10D,AvgWin_10D,AvgLoss_10D,EV_10D,EV_ATR_10D,ProfitFactor_10D,AvgReturn_Close_10D,MedianReturn_Close_10D,WinRate_HitEV_10D,AvgMinMovePct_10D,Top1_Trade_Share_10D,EV_Excess_10D,ExcessDataCount_10D,MFE_Target_P10_10D,MFE_Target_P20_10D,MFE_Target_P30_10D,CompositeScore_10D,WinRate_MFE_15D,AvgWin_15D,AvgLoss_15D,EV_15D,EV_ATR_15D,ProfitFactor_15D,AvgReturn_Close_15D,MedianReturn_Close_15D,WinRate_HitEV_15D,AvgMinMovePct_15D,Top1_Trade_Share_15D,EV_Excess_15D,ExcessDataCount_15D,MFE_Target_P10_15D,MFE_Target_P20_15D,MFE_Target_P30_15D,CompositeScore_15D,WinRate_MFE_20D,AvgWin_20D,AvgLoss_20D,EV_20D,EV_ATR_20D,ProfitFactor_20D,AvgReturn_Close_20D,MedianReturn_Close_20D,WinRate_HitEV_20D,AvgMinMovePct_20D,Top1_Trade_Share_20D,EV_Excess_20D,ExcessDataCount_20D,MFE_Target_P10_20D,MFE_Target_P20_20D,MFE_Target_P30_20D,CompositeScore_20D,WinRate_MFE_30D,AvgWin_30D,AvgLoss_30D,EV_30D,EV_ATR_30D,ProfitFactor_30D,AvgReturn_Close_30D,MedianReturn_Close_30D,WinRate_HitEV_30D,AvgMinMovePct_30D,Top1_Trade_Share_30D,EV_Excess_30D,ExcessDataCount_30D,MFE_Target_P10_30D,MFE_Target_P20_30D,MFE_Target_P30_30D,CompositeScore_30D,WinRate_MFE_2D,AvgWin_2D,AvgLoss_2D,EV_2D,EV_ATR_2D,ProfitFactor_2D,AvgReturn_Close_2D,MedianReturn_Close_2D,WinRate_HitEV_2D,AvgMinMovePct_2D,Top1_Trade_Share_2D,EV_Excess_2D,ExcessDataCount_2D,MFE_Target_P10_2D,MFE_Target_P20_2D,MFE_Target_P30_2D,CompositeScore_2D,Symbol,Company,ScoredThrough
Price_Above_SMA50 + CDL_DragonFlyDoji,Price_Above_SMA50 + CDL_DragonFlyDoji,combo_2,16,trend,Bullish,,,,,,,,,,,,,,,,,,,,,,,,,,,,,,,,,,,,,,,,,,,,,,,,,,,,0.106588,2.607843,0.8958,17.234,0.9375,69.267895,30,93.979259,-0.06709,0.3125,0.3831,0,1,0.091117,0.04198,0.04961,0.10981,0.06,1,0.875,0.1135,-0.08344,0.088886,1.870808,13.49,0.08899,-0.0564,0.375,2.053,0.2746,0.086559,16.0,0.00154,0.03672,0.04843,53.003976,,,,,,,,,,,,,,,,,,0.875,0.13879,-0.08546,0.110755,2.635666,14.659,0.12151,0.0118,0.3125,2.904,0.3831,0.093766,16.0,0.02829,0.04724,0.05536,74.674029,0.9375,0.13914,-0.1652,0.120123,3.317056,23.553,0.12715,-0.15668,0.25,3.556,0.3515,0.093025,16.0,0.04198,0.04961,0.10981,93.979259,,,,,,,,,,,,,,,,,,ACL_data,,2026-10-01
BB_Expansion_Bull + Stoch_Bull_Zone,BB_Expansion_Bull + Stoch_Bull_Zone,combo_2,17,momentum,Bullish,,,,,,,,,,,,,,,,,,0.9412,0.06809,-0.05058,0.061111,1.240971,24.216,0.0634,0.02419,0.2941,1.55,0.3028,0.048868,17.0,0.0272,0.03176,0.04158,35.868676,,,,,,,,,,,,,,,,,,0.111516,2.138907,0.9412,32.362,1.0,61.822366,15,94.251171,0.01721,0.2941,0.3538,0,1,0.093564,0.03517,0.04498,0.06485,0.07428,1,0.9412,0.11344,-0.05595,0.103472,1.914884,38.347,0.1079,0.00715,0.3529,2.193,0.3375,0.087303,17.0,0.0272,0.04006,0.04859,55.347252,0.9412,0.18663,-0.09669,0.169966,3.260867,34.525,0.17556,0.02028,0.2353,2.686,0.3538,0.144523,17.0,0.03517,0.04498,0.06485,94.251171,,,,,,,,,,,,,,,,,,,,,,,,,,,,,,,,,,,,,,,,,,,,,,,,,,,,ACL_data,,2026-10-01
BB_Expansion_Bull + OBV_Rising,BB_Expansion_Bull + OBV_Rising,combo_2,39,momentum,Bullish,,,,,,,,,,,,,,,,,,0.9231,0.04731,-0.09984,0.035991,0.662239,7.956,0.03657,0.00082,0.3333,1.554,0.1574,0.031128,38.0,0.02324,0.03228,0.03642,19.436997,,,,,,,,,,,,,,,,,,0.079813,1.465698,0.9139,14.798,0.9744,52.681473,15,89.710109,0.00538,0.3185,0.2027,0,1,0.072766,0.0357,0.039,0.04924,0.0151,1,0.8974,0.09479,-0.11998,0.072763,1.302948,8.928,0.07254,-0.00775,0.359,2.197,0.1696,0.06567,38.0,0.02324,0.03425,0.03779,42.911853,0.9211,0.14803,-0.07169,0.130685,2.431907,27.509,0.12893,0.02309,0.2632,2.698,0.2027,0.1215,37.0,0.0357,0.039,0.04924,89.710109,,,,,,,,,,,,,,,,,,,,,,,,,,,,,,,,,,,,,,,,,,,,,,,,,,,,ACL_data,,2026-10-01
Price_Above_SMA20 + CDL_DragonFlyDoji,Price_Above_SMA20 + CDL_DragonFlyDoji,combo_2,20,momentum,Bullish,,,,,,,,,,,,,,,,,,0.9,0.0938,-0.11746,0.07267,1.520328,9.002,0.07065,0.06168,0.5,1.556,0.1301,0.070711,20.0,0.022,0.04,0.0489,41.6686,,,,,,,,,,,,,,,,,,0.07852,1.727003,0.9167,20.159,0.95,49.95005,15,59.404234,0.03464,0.4333,0.2605,0,1,0.074167,0.03535,0.04596,0.05766,0.06323,1,0.95,0.09081,-0.10596,0.080975,1.709497,23.779,0.08108,0.02125,0.4,2.201,0.2453,0.078808,20.0,0.02767,0.04,0.0489,52.046027,0.9,0.09617,-0.04636,0.081915,1.951184,27.696,0.08572,0.02099,0.4,2.696,0.2605,0.072981,20.0,0.03535,0.04596,0.05766,59.404234,,,,,,,,,,,,,,,,,,,,,,,,,,,,,,,,,,,,,,,,,,,,,,,,,,,,ACL_data,,2026-10-01
MACD_Hist_Rising + BB_Expansion_Bull,MACD_Hist_Rising + BB_Expansion_Bull,combo_2,21,momentum,Bullish,,,,,,,,,,,,,,,,,,0.8571,0.07179,-0.09227,0.048355,0.900058,5.173,0.04826,0.02419,0.3333,1.471,0.2584,0.039131,21.0,0.008,0.0315,0.04378,14.392026,,,,,,,,,,,,,,,,,,0.086121,1.577873,0.8881,12.296,0.9071,44.243835,15,79.089373,0.016,0.3214,0.3441,0,1,0.073137,0.03541,0.04285,0.04855,0.039,1,0.8571,0.11117,-0.15426,0.073256,1.274899,5.105,0.07514,0.00073,0.381,2.081,0.2997,0.06155,21.0,0.008,0.03672,0.04378,20.115867,0.95,0.1506,-0.12632,0.136752,2.558663,26.611,0.14568,0.02309,0.25,2.554,0.3441,0.118732,20.0,0.03541,0.04285,0.04855,79.089373,,,,,,,,,,,,,,,,,,,,,,,,,,,,,,,,,,,,,,,,,,,,,,,,,,,,ACL_data,,2026-10-01
EMA_Bullish_State + CDL_DragonFlyDoji,EMA_Bullish_State + CDL_DragonFlyDoji,combo_2,13,momentum,Bullish,,,,,,,,,,,,,,,,,,0.8462,0.13467,-0.12412,0.094852,2.200491,6.426,0.09392,0.08025,0.4615,1.562,0.1704,0.090537,13.0,0.02239,0.05332,0.08489,37.318043,,,,,,,,,,,,,,,,,,0.104844,2.513087,0.8462,6.664,1.0,44.199336,10,63.074564,0.09584,0.4872,0.2986,0,1,0.094304,0.02239,0.05332,0.12212,0.40626,0,0.8462,0.1716,-0.13483,0.124461,2.861786,8.352,0.1227,0.08208,0.4615,2.209,0.2746,0.115292,13.0,0.02239,0.05332,0.12212,63.074564,0.8462,0.1519,-0.21652,0.09522,2.476983,5.215,0.09869,0.12518,0.5385,2.706,0.2986,0.077083,13.0,0.02239,0.05332,0.12212,34.092614,,,,,,,,,,,,,,,,,,,,,,,,,,,,,,,,,,,,,,,,,,,,,,,,,,,,ACL_data,,2026-10-01
OBV_Rising + CDL_Marubozu_Bull,OBV_Rising + CDL_Marubozu_Bull,combo_2,25,momentum,Bullish,,,,,,,,,,,,,,,,,,0.96,0.07767,-0.04254,0.072866,1.295253,53.757,0.07093,0.03807,0.32,1.764,0.1205,0.07004,25.0,0.036,0.04843,0.05448,42.200605,,,,,,,,,,,,,,,,,,0.074686,1.350078,0.96,36.88,1.0,43.98686,15,45.917396,0.02041,0.3067,0.2545,0,1,0.066254,0.04534,0.04987,0.09761,0.01281,1,0.96,0.07985,-0.08528,0.073248,1.34565,26.888,0.07732,0.01961,0.32,2.495,0.2545,0.06327,25.0,0.04534,0.04987,0.09761,43.842579,0.96,0.08505,-0.09271,0.077943,1.409332,29.994,0.07662,0.00357,0.28,3.056,0.2489,0.065452,25.0,0.04534,0.04987,0.09761,45.917396,,,,,,,,,,,,,,,,,,,,,,,,,,,,,,,,,,,,,,,,,,,,,,,,,,,,ACL_data,,2026-10-01
Price_Above_SMA20 + CDL_Marubozu_Bull,Price_Above_SMA20 + CDL_Marubozu_Bull,combo_2,17,momentum,Bullish,,,,,,,,,,,,,,,,,,0.9412,0.06686,-0.04254,0.060422,1.212706,31.264,0.06043,0.03423,0.2941,1.561,0.2031,0.062108,17.0,0.03824,0.04599,0.04982,35.051713,,,,,,,,,,,,,,,,,,0.078075,1.50478,0.9412,24.534,1.0,43.493723,15,48.802516,0.01526,0.2745,0.3426,0,1,0.075788,0.04129,0.04939,0.068,0.07428,1,0.9412,0.09412,-0.08528,0.083565,1.613181,20.546,0.08872,0.01619,0.2941,2.208,0.3354,0.080534,17.0,0.04129,0.04939,0.068,46.626939,0.9412,0.10167,-0.09271,0.090237,1.688451,21.793,0.09011,-0.00464,0.2353,2.704,0.3426,0.084722,17.0,0.04129,0.04939,0.068,48.802516,,,,,,,,,,,,,,,,,,,,,,,,,,,,,,,,,,,,,,,,,,,,,,,,,,,,ACL_data,,2026-10-01
OBV_Trend_Bull + CDL_DragonFlyDoji,OBV_Trend_Bull + CDL_DragonFlyDoji,combo_2,21,momentum,Bullish,,,,,,,,,,,,,,,,,,0.9048,0.08405,-0.13804,0.062896,1.264713,7.809,0.06141,0.04312,0.4762,1.581,0.1261,0.057747,21.0,0.02305,0.04082,0.04724,30.527828,,,,,,,,,,,,,,,,,,0.05891,1.282051,0.8889,10.117,0.9524,37.741658,15,39.735523,-0.00397,0.3968,0.2778,0,1,0.051232,0.02305,0.04082,0.04961,0.16698,0,0.9048,0.06654,-0.08344,0.052259,1.137326,13.64,0.05237,-0.06092,0.3333,2.236,0.2714,0.046487,21.0,0.02305,0.04082,0.04724,35.155235,0.8571,0.08681,-0.08985,0.061575,1.444114,8.902,0.06539,0.00588,0.381,2.739,0.2778,0.049463,21.0,0.02305,0.04082,0.04961,39.735523,,,,,,,,,,,,,,,,,,,,,,,,,,,,,,,,,,,,,,,,,,,,,,,,,,,,ACL_data,,2026-10-01
MACD_Bullish_State + CDL_DragonFlyDoji,MACD_Bullish_State + CDL_DragonFlyDoji,combo_2,20,momentum,Bullish,,,,,,,,,,,,,,,,,,0.9,0.07917,-0.12318,0.058938,1.276736,8.05,0.05752,0.06168,0.5,1.588,0.1387,0.053259,20.0,0.022,0.04,0.04698,31.290183,,,,,,,,,,,,,,,,,,0.051853,1.237655,0.9167,15.436,0.95,35.796663,15,44.48586,0.0216,0.4,0.3176,0,1,0.04433,0.03535,0.04596,0.06588,0.06323,1,0.95,0.04661,-0.10596,0.038984,0.975053,16.978,0.04415,-0.01792,0.35,2.245,0.3176,0.032817,20.0,0.02767,0.04,0.04698,29.685708,0.9,0.06919,-0.04636,0.057638,1.461177,21.28,0.05885,0.02104,0.35,2.75,0.2447,0.046914,20.0,0.03535,0.04596,0.06588,44.48586,,,,,,,,,,,,,,,,,,,,,,,,,,,,,,,,,,,,,,,,,,,,,,,,,,,,ACL_data,,2026-10-01
MACD_Hist_Positive + CDL_DragonFlyDoji,MACD_Hist_Positive + CDL_DragonFlyDoji,combo_2,20,momentum,Bullish,,,,,,,,,,,,,,,,,,0.9,0.07917,-0.12318,0.058938,1.276736,8.05,0.05752,0.06168,0.5,1.588,0.1387,0.053259,20.0,0.022,0.04,0.04698,31.290183,,,,,,,,,,,,,,,,,,0.051853,1.237655,0.9167,15.436,0.95,35.796663,15,44.48586,0.0216,0.4,0.3176,0,1,0.04433,0.03535,0.04596,0.06588,0.06323,1,0.95,0.04661,-0.10596,0.038984,0.975053,16.978,0.04415,-0.01792,0.35,2.245,0.3176,0.032817,20.0,0.02767,0.04,0.04698,29.685708,0.9,0.06919,-0.04636,0.057638,1.461177,21.28,0.05885,0.02104,0.35,2.75,0.2447,0.046914,20.0,0.03535,0.04596,0.06588,44.48586,,,,,,,,,,,,,,,,,,,,,,,,,,,,,,,,,,,,,,,,,,,,,,,,,,,,ACL_data,,2026-10-01
CDL_Marubozu_Bull,CDL_Marubozu_Bull,single,26,candle,Bullish,0.96,0.04833,-0.04728,0.044503,0.804072,30.592,0.04398,0.03631,0.4,1.367,0.1086,0.040936,25.0,0.0276,0.03922,0.04761,26.50091,0.96,0.07767,-0.04254,0.072866,1.295253,53.757,0.07093,0.03807,0.32,1.764,0.1205,0.07004,25.0,0.036,0.04843,0.05448,42.689438,,,,,,,,,,,,,,,,,,0.049332,0.885308,0.96,35.15,1.0,29.178313,5,42.689438,0.03063,0.3867,0.1205,0,1,0.046213,0.036,0.04843,0.05448,0.04094,1,,,,,,,,,,,,,,,,,,,,,,,,,,,,,,,,,,,,,,,,,,,,,,,,,,,,,,,,,,,,,,,,,,,,,0.96,0.03392,-0.04852,0.030626,0.556599,21.1,0.02977,0.01752,0.44,1.116,0.1001,0.027664,25.0,0.0276,0.03922,0.04761,18.34459,ACL_data,,2026-10-01
VWAP_Bull + CDL_DragonFlyDoji,VWAP_Bull + CDL_DragonFlyDoji,combo_2,16,momentum,Bullish,,,,,,,,,,,,,,,,,,0.9375,0.0499,-0.16451,0.0365,1.040071,8.318,0.03651,0.02098,0.5,1.611,0.1986,0.033061,16.0,0.03688,0.04082,0.04768,24.511535,,,,,,,,,,,,,,,,,,0.043551,1.259492,0.9167,7.725,0.9375,25.841593,10,39.528549,-0.04844,0.4167,0.3158,0,1,0.038294,0.03688,0.04082,0.04768,0.13215,0,0.9375,0.07437,-0.21927,0.056018,1.410353,9.892,0.0553,-0.08044,0.375,2.278,0.285,0.053025,16.0,0.03688,0.04082,0.04768,39.528549,0.875,0.07411,-0.21372,0.038135,1.328053,4.963,0.04166,-0.08586,0.375,2.79,0.3158,0.028797,16.0,0.03688,0.04082,0.04768,18.674163,,,,,,,,,,,,,,,,,,,,,,,,,,,,,,,,,,,,,,,,,,,,,,,,,,,,ACL_data,,2026-10-01
RSI_Oversold + Stoch_Cross_Up,RSI_Oversold + Stoch_Cross_Up,combo_2,13,mean_rev,Bullish,0.9167,0.04743,-0.05026,0.039291,0.491916,11.074,0.03869,0.00619,0.4167,1.518,0.2817,0.038238,12.0,0.01619,0.01708,0.01881,12.981946,0.9167,0.09363,-0.03157,0.083199,1.133477,35.085,0.08336,0.0328,0.4167,1.96,0.2482,0.077803,12.0,0.01619,0.01708,0.01881,29.913106,0.9167,0.0664,-0.04851,0.056825,0.817959,17.047,0.05903,0.00543,0.3333,2.319,0.3792,0.055785,12.0,0.01695,0.01813,0.01883,21.58642,0.059772,0.814451,0.9167,21.068,1.0,21.493824,5,29.913106,0.01481,0.3889,0.3792,0,1,0.057275,0.01619,0.01708,0.01881,0.30302,0,,,,,,,,,,,,,,,,,,,,,,,,,,,,,,,,,,,,,,,,,,,,,,,,,,,,,,,,,,,,,,,,,,,,,,,,,,,,,,,,,,,,,,ACL_data,,2026-10-01
OBV_Rising + CDL_DragonFlyDoji,OBV_Rising + CDL_DragonFlyDoji,combo_2,30,momentum,Bullish,,,,,,,,,,,,,,,,,,0.8667,0.06964,-0.10763,0.046003,0.993901,6.307,0.04516,0.02125,0.4333,1.672,0.1013,0.041577,30.0,0.01561,0.03398,0.04216,21.52648,,,,,,,,,,,,,,,,,,0.040785,0.967359,0.8667,6.457,0.9333,20.019328,10,21.63092,0.00098,0.3778,0.2283,0,1,0.032864,0.02234,0.03697,0.04527,0.11114,0,0.9,0.05256,-0.11838,0.035466,0.810633,7.771,0.03473,-0.03085,0.3333,2.365,0.2238,0.027413,30.0,0.02234,0.03697,0.04527,21.63092,0.8333,0.07099,-0.10962,0.040887,1.097544,5.293,0.04452,0.01253,0.3667,2.896,0.2283,0.029602,30.0,0.02234,0.04006,0.04786,19.949519,,,,,,,,,,,,,,,,,,,,,,,,,,,,,,,,,,,,,,,,,,,,,,,,,,,,ACL_data,,2026-10-01
Stoch_Bull_Zone + CMF_Positive,Stoch_Bull_Zone + CMF_Positive,combo_2,30,momentum,Bullish,,,,,,,,,,,,,,,,,,0.8667,0.027,-0.03187,0.019154,0.349594,8.941,0.01962,-0.00443,0.3667,1.627,0.3188,0.00918,30.0,0.01594,0.01935,0.02524,10.733763,,,,,,,,,,,,,,,,,,0.042994,0.799322,0.7778,8.376,0.8667,19.926168,15,38.703565,-0.01811,0.2556,0.3643,0,1,0.034753,0.01778,0.02616,0.02985,0.33866,0,0.7333,0.07188,-0.03748,0.042715,0.801058,7.152,0.04712,-0.01981,0.2333,2.301,0.328,0.034481,30.0,0.0173,0.02184,0.02875,19.673246,0.7333,0.10738,-0.04363,0.067113,1.247315,9.036,0.07306,-0.03011,0.1667,2.818,0.3643,0.060599,30.0,0.01778,0.02616,0.02985,38.703565,,,,,,,,,,,,,,,,,,,,,,,,,,,,,,,,,,,,,,,,,,,,,,,,,,,,ACL_data,,2026-10-01
MACD_Hist_Rising + CDL_DragonFlyDoji,MACD_Hist_Rising + CDL_DragonFlyDoji,combo_2,26,momentum,Bullish,,,,,,,,,,,,,,,,,,0.8846,0.05839,-0.12322,0.037435,0.865484,5.982,0.03659,0.02125,0.5,1.678,0.1244,0.033071,26.0,0.01722,0.03672,0.03893,17.063655,,,,,,,,,,,,,,,,,,0.037303,0.945744,0.859,6.014,0.9231,17.304333,10,21.271616,-0.00982,0.3974,0.2522,0,1,0.03074,0.0195,0.03701,0.04359,0.19241,0,0.8846,0.05791,-0.11978,0.037409,0.887872,7.269,0.03667,-0.05365,0.3462,2.372,0.2365,0.032137,26.0,0.0195,0.03701,0.04359,21.271616,0.8077,0.07204,-0.10982,0.037064,1.083875,4.791,0.04068,0.00294,0.3462,2.906,0.2522,0.027011,26.0,0.0195,0.03701,0.04403,17.11628,,,,,,,,,,,,,,,,,,,,,,,,,,,,,,,,,,,,,,,,,,,,,,,,,,,,ACL_data,,2026-10-01
RSI_Exit_Oversold,RSI_Exit_Oversold,single,26,mean_rev,Bullish,1.0,0.03859,0.0,0.038595,0.657889,,0.03897,0.01149,0.3462,1.408,0.1661,0.025545,25.0,0.01721,0.025,0.02857,2.168294,0.9615,0.0392,-0.04464,0.035972,0.600444,27.403,0.03555,0.01517,0.3846,1.818,0.2246,0.021486,25.0,0.02086,0.02664,0.02966,19.789648,0.9615,0.0255,-0.04982,0.022602,0.372287,23.845,0.02122,8e-05,0.3462,2.151,0.2364,0.008105,25.0,0.02492,0.02876,0.04771,12.269976,0.03239,0.54354,0.9744,25.624,0.9615,17.22518,5,19.789648,0.00891,0.359,0.2364,0,1,0.018378,0.02086,0.02664,0.02966,0.01,1,,,,,,,,,,,,,,,,,,,,,,,,,,,,,,,,,,,,,,,,,,,,,,,,,,,,,,,,,,,,,,,,,,,,,,,,,,,,,,,,,,,,,,ACL_data,,2026-10-01
MACD_Hist_Rising + CDL_Marubozu_Bull,MACD_Hist_Rising + CDL_Marubozu_Bull,combo_2,18,momentum,Bullish,,,,,,,,,,,,,,,,,,0.9444,0.06033,-0.04254,0.054619,1.011713,32.435,0.05276,0.0361,0.3333,1.754,0.1995,0.048752,18.0,0.02955,0.04966,0.07293,29.789265,,,,,,,,,,,,,,,,,,0.033307,0.583222,0.9444,18.242,1.0,17.172628,5,29.789265,0.01416,0.3333,0.3406,0,1,0.019732,0.02955,0.04966,0.07293,0.06007,1,0.9444,0.03933,-0.08528,0.032406,0.532097,11.56,0.03281,0.01167,0.3333,2.48,0.3378,0.015232,18.0,0.04635,0.05898,0.09702,15.667269,0.9444,0.01911,-0.09271,0.012895,0.205858,10.731,0.0133,-0.00529,0.3333,3.038,0.3406,-0.004787,18.0,0.04635,0.05898,0.09702,6.06135,,,,,,,,,,,,,,,,,,,,,,,,,,,,,,,,,,,,,,,,,,,,,,,,,,,,ACL_data,,2026-10-01
CMF_Positive + OBV_Rising,CMF_Positive + OBV_Rising,combo_2,52,momentum,Bullish,,,,,,,,,,,,,,,,,,0.8269,0.02747,-0.04369,0.015157,0.272881,5.034,0.01619,-0.0094,0.25,1.596,0.1869,0.011842,52.0,0.0126,0.0176,0.02306,5.453956,,,,,,,,,,,,,,,,,,0.038332,0.691188,0.7885,6.384,0.9423,16.508353,15,39.034381,-0.02787,0.2308,0.2191,0,1,0.032197,0.01809,0.02437,0.03184,0.52106,0,0.7692,0.06,-0.04871,0.034914,0.602816,5.91,0.03595,-0.0319,0.25,2.257,0.2114,0.027541,52.0,0.01668,0.02095,0.02571,14.14556,0.7692,0.10093,-0.05509,0.064927,1.197866,8.208,0.06684,-0.04229,0.1923,2.764,0.2191,0.057209,52.0,0.01809,0.02437,0.03184,39.034381,,,,,,,,,,,,,,,,,,,,,,,,,,,,,,,,,,,,,,,,,,,,,,,,,,,,ACL_data,,2026-10-01
MACD_Hist_Rising + CMF_Positive,MACD_Hist_Rising + CMF_Positive,combo_2,32,momentum,Bullish,,,,,,,,,,,,,,,,,,0.8438,0.0328,-0.04372,0.020841,0.407717,6.5,0.02258,-0.00499,0.3438,1.592,0.2577,0.015231,32.0,0.01042,0.0211,0.02634,9.26601,,,,,,,,,,,,,,,,,,0.037629,0.712039,0.8021,6.958,0.9375,16.239425,15,33.591511,-0.02354,0.3021,0.3643,0,1,0.031469,0.01811,0.02437,0.03069,0.46007,0,0.7812,0.06041,-0.0548,0.035209,0.633636,5.598,0.04138,-0.02263,0.3438,2.252,0.3167,0.02853,32.0,0.0163,0.0211,0.02784,12.401399,0.7812,0.08666,-0.04968,0.056838,1.094765,8.776,0.06536,-0.04301,0.2188,2.758,0.3643,0.050646,32.0,0.01811,0.02437,0.03069,33.591511,,,,,,,,,,,,,,,,,,,,,,,,,,,,,,,,,,,,,,,,,,,,,,,,,,,,ACL_data,,2026-10-01
CDL_DragonFlyDoji,CDL_DragonFlyDoji,single,33,candle,Bullish,0.8788,0.04934,-0.05904,0.036205,0.728106,8.777,0.03527,-0.00055,0.4545,1.285,0.0759,0.033238,33.0,0.00953,0.02159,0.03691,22.534996,0.8485,0.06292,-0.10473,0.037522,0.799575,5.185,0.03667,-0.00095,0.4545,1.659,0.1013,0.033325,33.0,0.01319,0.02159,0.03703,14.620311,,,,,,,,,,,,,,,,,,0.032931,0.672717,0.8586,6.952,0.9697,15.993067,3,22.534996,0.0052,0.4545,0.1013,0,1,0.029495,0.00953,0.02159,0.03691,0.36431,0,,,,,,,,,,,,,,,,,,,,,,,,,,,,,,,,,,,,,,,,,,,,,,,,,,,,,,,,,,,,,,,,,,,,,0.8485,0.03704,-0.04201,0.025065,0.49047,6.895,0.02503,0.01709,0.4545,1.049,0.0706,0.02192,33.0,0.00745,0.02159,0.03691,11.925805,ACL_data,,2026-10-01
Price_Above_SMA20 + MACD_Cross_Up_Event,Price_Above_SMA20 + MACD_Cross_Up_Event,combo_2,21,momentum,Bullish,,,,,,,,,,,,,,,,,,1.0,0.04118,0.0,0.041184,0.791707,,0.0411,0.0,0.2381,1.468,0.2131,0.037795,21.0,0.01717,0.0315,0.03883,2.447199,,,,,,,,,,,,,,,,,,0.040307,0.704434,0.9206,7.879,0.8571,14.705626,15,21.906094,-0.01479,0.3016,0.3509,0,1,0.04026,0.03002,0.03883,0.03913,0.01422,1,0.8571,0.05173,-0.07253,0.03398,0.566151,6.377,0.03408,-0.01365,0.3333,2.076,0.2459,0.034537,21.0,0.01717,0.03224,0.03899,11.160298,0.9048,0.06082,-0.09734,0.045757,0.755444,9.381,0.05149,-0.03072,0.3333,2.542,0.3509,0.048448,21.0,0.03002,0.03883,0.03913,21.906094,,,,,,,,,,,,,,,,,,,,,,,,,,,,,,,,,,,,,,,,,,,,,,,,,,,,ACL_data,,2026-10-01
RSI_Exit_Oversold + OBV_Rising,RSI_Exit_Oversold + OBV_Rising,combo_2,25,momentum,Bullish,,,,,,,,,,,,,,,,,,0.96,0.04084,-0.04464,0.037421,0.625583,27.407,0.037,0.02363,0.4,1.842,0.2246,0.022045,24.0,0.02111,0.02802,0.03354,20.382084,,,,,,,,,,,,,,,,,,0.027236,0.434347,0.9333,19.725,0.96,13.585378,5,20.382084,0.00624,0.4267,0.357,0,1,0.00891,0.02111,0.02802,0.03354,0.04194,1,0.92,0.02806,-0.03372,0.023118,0.388683,21.244,0.02382,-0.00847,0.4,2.606,0.2408,0.004321,24.0,0.02749,0.04613,0.07158,12.663657,0.92,0.02988,-0.07897,0.021168,0.288775,10.524,0.02541,0.00357,0.48,3.191,0.357,0.000365,24.0,0.02749,0.06124,0.08206,9.408566,,,,,,,,,,,,,,,,,,,,,,,,,,,,,,,,,,,,,,,,,,,,,,,,,,,,ACL_data,,2026-10-01
RSI_Exit_Oversold + CCI_Oversold,RSI_Exit_Oversold + CCI_Oversold,combo_2,18,mean_rev,Bullish,1.0,0.02777,0.0,0.027771,0.494695,,0.02814,0.01149,0.4444,1.396,0.2958,0.018287,18.0,0.01523,0.02111,0.02841,1.456598,0.9444,0.03446,-0.04464,0.030068,0.501431,18.066,0.02965,0.00652,0.2778,1.802,0.3406,0.023177,18.0,0.01706,0.02635,0.03043,14.764329,0.9444,0.02564,-0.04982,0.021448,0.372248,15.797,0.02027,0.00994,0.3889,2.132,0.3501,0.012562,18.0,0.02395,0.03542,0.05,10.960624,0.026429,0.456125,0.963,16.931,0.9444,12.684182,5,14.764329,0.00932,0.3704,0.3501,0,1,0.018009,0.01706,0.02635,0.03043,0.04172,1,,,,,,,,,,,,,,,,,,,,,,,,,,,,,,,,,,,,,,,,,,,,,,,,,,,,,,,,,,,,,,,,,,,,,,,,,,,,,,,,,,,,,,ACL_data,,2026-10-01
MACD_Cross_Up_Event + OBV_Trend_Bull,MACD_Cross_Up_Event + OBV_Trend_Bull,combo_2,23,momentum,Bullish,,,,,,,,,,,,,,,,,,1.0,0.01614,0.0,0.016135,0.391833,,0.01649,0.0,0.3913,1.526,0.2623,0.014883,23.0,0.01974,0.0345,0.04418,1.245266,,,,,,,,,,,,,,,,,,0.023936,0.505569,0.9275,8.045,0.8696,11.239837,15,29.232421,-0.01697,0.3333,0.3073,0,1,0.020739,0.03182,0.04099,0.04919,0.00944,1,0.8696,0.02218,-0.07253,0.009827,0.205053,5.71,0.00592,-0.02388,0.3043,2.158,0.2744,0.006181,23.0,0.01974,0.03904,0.04663,3.720886,0.913,0.06019,-0.10478,0.045846,0.919821,10.38,0.04479,-0.02702,0.3043,2.643,0.3073,0.041152,23.0,0.03182,0.04099,0.04919,29.232421,,,,,,,,,,,,,,,,,,,,,,,,,,,,,,,,,,,,,,,,,,,,,,,,,,,,ACL_data,,2026-10-01
MACD_Hist_Positive + CMF_Positive,MACD_Hist_Positive + CMF_Positive,combo_2,20,momentum,Bullish,,,,,,,,,,,,,,,,,,0.85,0.03207,-0.03232,0.022414,0.455952,9.681,0.02311,-0.00163,0.45,1.532,0.2869,0.026515,20.0,0.01587,0.02201,0.02606,13.438881,,,,,,,,,,,,,,,,,,0.02368,0.448731,0.85,9.034,0.9,11.10779,15,15.355829,0.00151,0.4167,0.395,0,1,0.026398,0.02253,0.0264,0.02968,0.19374,0,0.9,0.03198,-0.07027,0.021755,0.374892,7.634,0.02107,0.00838,0.4,2.166,0.1938,0.023312,20.0,0.02253,0.0264,0.02867,8.712989,0.8,0.04102,-0.02971,0.026872,0.515348,9.787,0.03126,-0.00223,0.4,2.653,0.395,0.029367,20.0,0.02253,0.0264,0.02968,15.355829,,,,,,,,,,,,,,,,,,,,,,,,,,,,,,,,,,,,,,,,,,,,,,,,,,,,ACL_data,,2026-10-01
MACD_Bullish_State + CMF_Positive,MACD_Bullish_State + CMF_Positive,combo_2,20,momentum,Bullish,,,,,,,,,,,,,,,,,,0.85,0.03207,-0.03232,0.022414,0.455952,9.681,0.02311,-0.00163,0.45,1.532,0.2869,0.026515,20.0,0.01587,0.02201,0.02606,13.438881,,,,,,,,,,,,,,,,,,0.02368,0.448731,0.85,9.034,0.9,11.10779,15,15.355829,0.00151,0.4167,0.395,0,1,0.026398,0.02253,0.0264,0.02968,0.19374,0,0.9,0.03198,-0.07027,0.021755,0.374892,7.634,0.02107,0.00838,0.4,2.166,0.1938,0.023312,20.0,0.02253,0.0264,0.02867,8.712989,0.8,0.04102,-0.02971,0.026872,0.515348,9.787,0.03126,-0.00223,0.4,2.653,0.395,0.029367,20.0,0.02253,0.0264,0.02968,15.355829,,,,,,,,,,,,,,,,,,,,,,,,,,,,,,,,,,,,,,,,,,,,,,,,,,,,ACL_data,,2026-10-01
Stoch_Bull_Zone + VWAP_Bull,Stoch_Bull_Zone + VWAP_Bull,combo_2,26,momentum,Bullish,,,,,,,,,,,,,,,,,,0.8846,0.0187,-0.1122,0.0036,0.189322,3.716,0.00559,-0.02538,0.3846,1.801,0.2931,-0.002883,26.0,0.01569,0.02413,0.03606,2.318964,,,,,,,,,,,,,,,,,,0.031163,0.720307,0.8205,4.94,0.8846,10.374763,15,25.711284,-0.05398,0.3077,0.2931,0,1,0.0192,0.01689,0.03507,0.04187,0.27562,0,0.8077,0.05542,-0.09153,0.027162,0.568227,5.545,0.02833,-0.05678,0.2692,2.547,0.2886,0.016888,26.0,0.01689,0.0251,0.0387,10.38489,0.7692,0.11856,-0.12339,0.062726,1.403372,5.559,0.0687,-0.07978,0.2692,3.12,0.2847,0.043596,26.0,0.01689,0.03507,0.04187,25.711284,,,,,,,,,,,,,,,,,,,,,,,,,,,,,,,,,,,,,,,,,,,,,,,,,,,,ACL_data,,2026-10-01
MACD_Hist_Rising + Stoch_Oversold,MACD_Hist_Rising + Stoch_Oversold,combo_2,32,momentum,Bullish,,,,,,,,,,,,,,,,,,0.9375,0.02521,-0.07212,0.019129,0.230436,8.86,0.01793,-0.00165,0.3125,1.88,0.2136,0.010712,32.0,0.01617,0.02041,0.02602,7.13853,,,,,,,,,,,,,,,,,,0.023896,0.409557,0.8958,7.518,0.9062,9.756028,10,13.471763,-0.01453,0.3333,0.2307,0,1,0.011078,0.01617,0.02689,0.04102,0.05083,1,0.9062,0.03868,-0.08355,0.02722,0.503441,7.653,0.02719,-0.0128,0.3125,2.659,0.2289,0.01288,32.0,0.01617,0.02689,0.04102,13.471763,0.8438,0.04554,-0.08377,0.025339,0.494794,6.04,0.02939,-0.02915,0.375,3.257,0.2307,0.009642,32.0,0.01677,0.02995,0.04478,10.448952,,,,,,,,,,,,,,,,,,,,,,,,,,,,,,,,,,,,,,,,,,,,,,,,,,,,ACL_data,,2026-10-01
Price_Above_SMA50 + OBV_Rising,Price_Above_SMA50 + OBV_Rising,combo_2,114,trend,Bullish,,,,,,,,,,,,,,,,,,,,,,,,,,,,,,,,,,,,,,,,,,,,,,,,,,,,0.0326,0.603284,0.7669,3.147,0.9693,8.731495,20,14.310825,-0.03209,0.2834,0.1427,0,1,0.025161,0.01757,0.02872,0.03836,0.50425,0,0.7807,0.03774,-0.07276,0.013507,0.1465,3.178,0.01363,-0.02421,0.2544,2.169,0.1238,0.01015,112.0,0.01261,0.02055,0.02716,2.208812,,,,,,,,,,,,,,,,,,0.7699,0.09134,-0.12007,0.042698,0.795012,3.794,0.04829,-0.02813,0.2743,3.064,0.1424,0.036228,111.0,0.01757,0.02872,0.03836,14.310825,0.75,0.1238,-0.20502,0.041594,0.868341,2.469,0.04696,-0.04392,0.3214,3.748,0.1427,0.029105,110.0,0.02064,0.0346,0.0438,10.174434,,,,,,,,,,,,,,,,,,ACL_data,,2026-10-01
Price_Above_SMA50 + Stoch_Bull_Zone,Price_Above_SMA50 + Stoch_Bull_Zone,combo_2,64,trend,Bullish,,,,,,,,,,,,,,,,,,,,,,,,,,,,,,,,,,,,,,,,,,,,,,,,,,,,0.039081,0.66979,0.7087,3.195,0.943,8.425284,20,13.6218,-0.04893,0.2753,0.2201,0,1,0.029589,0.01482,0.01847,0.02979,0.87048,0,0.7344,0.03774,-0.06789,0.009683,0.051898,2.975,0.01007,-0.02717,0.2812,2.131,0.2071,0.005288,63.0,0.01483,0.01844,0.02293,0.644584,,,,,,,,,,,,,,,,,,0.7143,0.11033,-0.10799,0.047951,0.824513,3.958,0.05641,-0.04752,0.2381,3.004,0.2201,0.039449,62.0,0.01482,0.01847,0.02979,13.6218,0.6774,0.17482,-0.18232,0.05961,1.132957,2.653,0.0633,-0.07211,0.3065,3.672,0.2115,0.044029,61.0,0.0148,0.02117,0.03671,12.547429,,,,,,,,,,,,,,,,,,ACL_data,,2026-10-01
OBV_Rising + VWAP_Bull,OBV_Rising + VWAP_Bull,combo_2,48,momentum,Bullish,,,,,,,,,,,,,,,,,,0.8667,0.02277,-0.13368,0.001907,0.083274,2.499,0.00249,-0.01918,0.3556,1.813,0.1856,-0.00288,44.0,0.01781,0.03018,0.0355,0.809761,,,,,,,,,,,,,,,,,,0.031619,0.686488,0.8222,3.339,0.9111,8.12835,15,19.593896,-0.0382,0.3111,0.1856,0,1,0.023961,0.01781,0.03062,0.03795,0.26134,0,0.8222,0.0713,-0.14619,0.032633,0.670203,3.664,0.034,-0.03719,0.2667,2.565,0.1721,0.025722,44.0,0.01781,0.03018,0.03795,9.556943,0.7778,0.12649,-0.17128,0.060316,1.305988,3.855,0.06207,-0.05823,0.3111,3.141,0.1815,0.04904,44.0,0.01781,0.03062,0.03795,19.593896,,,,,,,,,,,,,,,,,,,,,,,,,,,,,,,,,,,,,,,,,,,,,,,,,,,,ACL_data,,2026-10-01
Stoch_Oversold + Stoch_Cross_Up,Stoch_Oversold + Stoch_Cross_Up,combo_2,47,mean_rev,Bullish,0.9111,0.0272,-0.04014,0.021215,0.292796,9.325,0.02104,0.01043,0.4,1.429,0.1047,0.01631,45.0,0.01355,0.01881,0.02689,10.570152,0.9333,0.03147,-0.03935,0.026753,0.342208,17.947,0.02687,0.0018,0.2889,1.845,0.1293,0.017601,45.0,0.0164,0.02012,0.0321,13.247559,0.9111,0.00882,-0.03811,0.004645,0.001674,10.772,0.00474,-0.01721,0.3778,2.183,0.1922,-0.004112,45.0,0.01682,0.02012,0.03317,0.064804,0.017537,0.212226,0.9185,12.681,0.9778,8.033129,5,13.247559,-0.00166,0.3556,0.1922,0,1,0.009933,0.0164,0.02012,0.0321,0.02421,1,,,,,,,,,,,,,,,,,,,,,,,,,,,,,,,,,,,,,,,,,,,,,,,,,,,,,,,,,,,,,,,,,,,,,,,,,,,,,,,,,,,,,,ACL_data,,2026-10-01
Price_Above_SMA20 + OBV_Rising,Price_Above_SMA20 + OBV_Rising,combo_2,122,momentum,Bullish,,,,,,,,,,,,,,,,,,0.877,0.02448,-0.05273,0.014984,0.249287,5.788,0.01477,-0.00376,0.3033,1.571,0.0807,0.014091,120.0,0.01217,0.02303,0.03058,6.943664,,,,,,,,,,,,,,,,,,0.020408,0.330861,0.8525,5.225,0.9508,7.910064,15,10.295847,-0.0153,0.2896,0.1291,0,1,0.019087,0.0195,0.03126,0.03897,0.04475,1,0.8525,0.03322,-0.06849,0.018214,0.263511,5.428,0.01906,-0.02375,0.2951,2.222,0.1064,0.017043,120.0,0.01673,0.02584,0.03315,6.882639,0.8279,0.05322,-0.09316,0.028025,0.479784,4.459,0.03282,-0.0184,0.2705,2.721,0.1291,0.026127,120.0,0.0195,0.03126,0.03897,10.295847,,,,,,,,,,,,,,,,,,,,,,,,,,,,,,,,,,,,,,,,,,,,,,,,,,,,ACL_data,,2026-10-01
Price_Above_SMA20 + Stoch_Bull_Zone,Price_Above_SMA20 + Stoch_Bull_Zone,combo_2,76,momentum,Bullish,,,,,,,,,,,,,,,,,,0.8421,0.02945,-0.04442,0.017791,0.30107,5.591,0.01755,-0.01148,0.3289,1.547,0.1239,0.015257,75.0,0.01159,0.01719,0.02905,7.312142,,,,,,,,,,,,,,,,,,0.022209,0.319332,0.8377,5.543,0.9868,7.588084,15,10.690974,-0.01881,0.3026,0.2133,0,1,0.020708,0.01727,0.03224,0.0455,0.08695,1,0.8289,0.03614,-0.06119,0.019492,0.24113,5.12,0.01991,-0.01863,0.3289,2.187,0.1737,0.019426,75.0,0.01597,0.0251,0.0384,5.362331,0.8421,0.04852,-0.07292,0.029342,0.415797,5.919,0.03298,-0.02633,0.25,2.679,0.2133,0.027442,75.0,0.01727,0.03224,0.0455,10.690974,,,,,,,,,,,,,,,,,,,,,,,,,,,,,,,,,,,,,,,,,,,,,,,,,,,,ACL_data,,2026-10-01
EMA_Bullish_State + OBV_Rising,EMA_Bullish_State + OBV_Rising,combo_2,72,momentum,Bullish,,,,,,,,,,,,,,,,,,0.8889,0.02148,-0.1023,0.007727,0.13588,3.146,0.00861,-0.00467,0.2917,1.565,0.143,0.004643,70.0,0.01454,0.02507,0.03009,1.834353,,,,,,,,,,,,,,,,,,0.02581,0.466226,0.8472,3.897,0.9167,7.145369,15,13.399987,-0.01686,0.25,0.1699,0,1,0.020079,0.02048,0.0306,0.03708,0.06847,1,0.8472,0.05425,-0.10501,0.029923,0.511181,4.389,0.03109,-0.01964,0.2083,2.214,0.1447,0.024411,70.0,0.01641,0.02701,0.0321,9.625403,0.8056,0.0779,-0.11815,0.039781,0.751616,4.155,0.0432,-0.02627,0.25,2.711,0.1699,0.031182,70.0,0.02048,0.0306,0.03708,13.399987,,,,,,,,,,,,,,,,,,,,,,,,,,,,,,,,,,,,,,,,,,,,,,,,,,,,ACL_data,,2026-10-01
EMA_Bullish_State + MACD_Hist_Rising,EMA_Bullish_State + MACD_Hist_Rising,combo_2,34,momentum,Bullish,,,,,,,,,,,,,,,,,,0.8824,0.03378,-0.1151,0.016265,0.303025,3.227,0.01818,-0.00792,0.2647,1.564,0.2459,0.012824,34.0,0.01392,0.02498,0.02961,3.477101,,,,,,,,,,,,,,,,,,0.030265,0.539216,0.8529,3.724,0.9412,6.718804,15,9.855907,-0.02407,0.2549,0.3107,0,1,0.023146,0.02153,0.02979,0.0341,0.2303,0,0.8529,0.06665,-0.13823,0.036522,0.616168,3.975,0.03867,-0.02662,0.2647,2.212,0.2653,0.028647,34.0,0.01735,0.02853,0.03242,8.707451,0.8235,0.07864,-0.15159,0.038008,0.698456,3.969,0.04658,-0.03767,0.2353,2.71,0.3107,0.027968,34.0,0.02153,0.02979,0.0341,9.855907,,,,,,,,,,,,,,,,,,,,,,,,,,,,,,,,,,,,,,,,,,,,,,,,,,,,ACL_data,,2026-10-01
EMA_Bullish_State + Stoch_Bull_Zone,EMA_Bullish_State + Stoch_Bull_Zone,combo_2,40,momentum,Bullish,,,,,,,,,,,,,,,,,,0.875,0.00861,-0.06153,-0.00016,-0.02334,4.312,0.00186,-0.02549,0.35,1.568,0.2708,-0.004415,39.0,0.01263,0.01732,0.02035,-0.373762,,,,,,,,,,,,,,,,,,0.021681,0.38758,0.7917,5.032,0.875,6.336748,15,15.603388,-0.03068,0.2833,0.2769,0,1,0.013863,0.01452,0.02037,0.02938,0.23608,0,0.75,0.05516,-0.05714,0.027083,0.451406,5.063,0.02826,-0.03004,0.25,2.217,0.2508,0.019536,39.0,0.01452,0.01988,0.02444,8.487812,0.75,0.07498,-0.07246,0.038121,0.734674,5.719,0.04418,-0.03649,0.25,2.715,0.2769,0.02647,39.0,0.01452,0.02037,0.02938,15.603388,,,,,,,,,,,,,,,,,,,,,,,,,,,,,,,,,,,,,,,,,,,,,,,,,,,,ACL_data,,2026-10-01
Price_Above_SMA20 + MACD_Hist_Rising,Price_Above_SMA20 + MACD_Hist_Rising,combo_2,68,momentum,Bullish,,,,,,,,,,,,,,,,,,0.8529,0.04262,-0.06082,0.027405,0.489677,5.627,0.02768,0.00237,0.3676,1.541,0.1085,0.023828,68.0,0.00962,0.02202,0.03227,11.666984,,,,,,,,,,,,,,,,,,0.02281,0.346078,0.8382,4.434,0.9706,6.306409,5,11.666984,-0.01176,0.3382,0.2353,0,1,0.020826,0.00962,0.02202,0.03227,0.1194,0,0.8235,0.03944,-0.07897,0.01854,0.22862,4.104,0.01981,-0.01831,0.3529,2.179,0.1799,0.017014,68.0,0.01207,0.0261,0.03959,3.972524,0.8382,0.04975,-0.11878,0.022483,0.319936,3.572,0.02802,-0.01934,0.2941,2.669,0.2353,0.021637,68.0,0.0169,0.03268,0.04856,4.838136,,,,,,,,,,,,,,,,,,,,,,,,,,,,,,,,,,,,,,,,,,,,,,,,,,,,ACL_data,,2026-10-01
Price_Above_SMA20 + MACD_Bullish_State,Price_Above_SMA20 + MACD_Bullish_State,combo_2,50,momentum,Bullish,,,,,,,,,,,,,,,,,,0.92,0.03002,-0.05323,0.023361,0.401282,10.015,0.02077,0.0,0.34,1.551,0.129,0.019387,50.0,0.01308,0.03143,0.04213,15.777713,,,,,,,,,,,,,,,,,,0.015456,0.215505,0.8933,7.553,0.94,6.015654,5,15.777713,-0.01061,0.36,0.2334,0,1,0.011401,0.01308,0.03143,0.04213,0.01632,1,0.86,0.01515,-0.06851,0.003436,-0.029857,4.646,0.0011,-0.02405,0.38,2.194,0.1529,0.00018,50.0,0.01677,0.03413,0.04238,-0.545423,0.9,0.02955,-0.0702,0.019571,0.275089,7.998,0.01756,-0.00778,0.36,2.687,0.2334,0.014636,50.0,0.0263,0.03896,0.0483,8.650215,,,,,,,,,,,,,,,,,,,,,,,,,,,,,,,,,,,,,,,,,,,,,,,,,,,,ACL_data,,2026-10-01
Price_Above_SMA20 + MACD_Hist_Positive,Price_Above_SMA20 + MACD_Hist_Positive,combo_2,50,momentum,Bullish,,,,,,,,,,,,,,,,,,0.92,0.03002,-0.05323,0.023361,0.401282,10.015,0.02077,0.0,0.34,1.551,0.129,0.019387,50.0,0.01308,0.03143,0.04213,15.777713,,,,,,,,,,,,,,,,,,0.015456,0.215505,0.8933,7.553,0.94,6.015654,5,15.777713,-0.01061,0.36,0.2334,0,1,0.011401,0.01308,0.03143,0.04213,0.01632,1,0.86,0.01515,-0.06851,0.003436,-0.029857,4.646,0.0011,-0.02405,0.38,2.194,0.1529,0.00018,50.0,0.01677,0.03413,0.04238,-0.545423,0.9,0.02955,-0.0702,0.019571,0.275089,7.998,0.01756,-0.00778,0.36,2.687,0.2334,0.014636,50.0,0.0263,0.03896,0.0483,8.650215,,,,,,,,,,,,,,,,,,,,,,,,,,,,,,,,,,,,,,,,,,,,,,,,,,,,ACL_data,,2026-10-01
Stoch_Cross_Up + OBV_Trend_Bull,Stoch_Cross_Up + OBV_Trend_Bull,combo_2,67,momentum,Bullish,,,,,,,,,,,,,,,,,,0.8507,0.03278,-0.04876,0.020609,0.331261,5.642,0.02132,-0.01213,0.2836,1.581,0.1332,0.018313,66.0,0.0116,0.01742,0.02658,7.885847,,,,,,,,,,,,,,,,,,0.021306,0.319945,0.8159,4.66,0.9403,5.916076,5,7.885847,-0.02202,0.2886,0.2356,0,1,0.019045,0.0116,0.01742,0.02658,0.29962,0,0.791,0.03462,-0.05536,0.015819,0.216218,3.945,0.01636,-0.01818,0.3134,2.236,0.2257,0.01522,66.0,0.01718,0.02117,0.02991,3.599276,0.806,0.05397,-0.08251,0.02749,0.412357,4.395,0.03094,-0.03574,0.2687,2.738,0.2356,0.023603,66.0,0.01729,0.02928,0.03883,7.646215,,,,,,,,,,,,,,,,,,,,,,,,,,,,,,,,,,,,,,,,,,,,,,,,,,,,ACL_data,,2026-10-01
MACD_Hist_Rising + CDL_Harami_Bull,MACD_Hist_Rising + CDL_Harami_Bull,combo_2,36,momentum,Bullish,,,,,,,,,,,,,,,,,,0.8611,0.02071,-0.0231,0.014629,0.270224,8.168,0.01689,-0.00227,0.3889,1.634,0.2308,0.015166,36.0,0.01402,0.02137,0.02325,7.969886,,,,,,,,,,,,,,,,,,0.018809,0.296072,0.8241,5.914,0.8889,5.620285,5,7.969886,-0.00517,0.3889,0.237,0,1,0.02281,0.01402,0.02137,0.02325,0.22737,0,0.8611,0.02551,-0.04202,0.016134,0.286472,5.914,0.01694,-0.00917,0.3889,2.311,0.1592,0.024021,36.0,0.01467,0.02457,0.03338,6.117828,0.75,0.05207,-0.05355,0.025664,0.33152,3.66,0.02653,-0.00408,0.3889,2.83,0.237,0.029245,36.0,0.01467,0.02716,0.03805,4.381919,,,,,,,,,,,,,,,,,,,,,,,,,,,,,,,,,,,,,,,,,,,,,,,,,,,,ACL_data,,2026-10-01
OBV_Trend_Bull + CDL_Marubozu_Bull,OBV_Trend_Bull + CDL_Marubozu_Bull,combo_2,18,momentum,Bullish,,,,,,,,,,,,,,,,,,1.0,0.07341,0.0,0.073409,1.455573,,0.07142,0.04162,0.3333,1.672,0.1635,0.072496,18.0,0.04802,0.04966,0.07293,4.285846,,,,,,,,,,,,,,,,,,0.087697,1.72352,1.0,0.0,1.0,5.074799,15,5.799879,0.02764,0.3148,0.3071,0,1,0.081968,0.04939,0.05898,0.10605,0.00942,1,1.0,0.08807,0.0,0.088069,1.745212,,0.09207,0.02894,0.3333,2.365,0.3071,0.080202,18.0,0.04939,0.05898,0.10605,5.138672,1.0,0.10161,0.0,0.101612,1.969774,,0.10091,0.01235,0.2778,2.897,0.2964,0.093207,18.0,0.04939,0.05898,0.10605,5.799879,,,,,,,,,,,,,,,,,,,,,,,,,,,,,,,,,,,,,,,,,,,,,,,,,,,,ACL_data,,2026-10-01
MACD_Hist_Rising + VWAP_Bull,MACD_Hist_Rising + VWAP_Bull,combo_2,25,momentum,Bullish,,,,,,,,,,,,,,,,,,0.88,0.03424,-0.15001,0.012134,0.32872,2.891,0.01403,-0.00817,0.36,1.798,0.2831,0.007891,25.0,0.0197,0.03434,0.04112,3.095737,,,,,,,,,,,,,,,,,,0.021296,0.52848,0.84,2.907,0.92,4.605489,15,7.538535,-0.04267,0.2933,0.3602,0,1,0.012292,0.0197,0.03434,0.04162,0.30627,0,0.84,0.06103,-0.18643,0.021433,0.475971,2.868,0.02356,-0.03719,0.28,2.543,0.3414,0.012048,25.0,0.0197,0.03434,0.04162,4.447515,0.8,0.09115,-0.21299,0.030321,0.78075,2.964,0.0388,-0.08264,0.24,3.115,0.3602,0.016937,25.0,0.0197,0.03434,0.04162,7.538535,,,,,,,,,,,,,,,,,,,,,,,,,,,,,,,,,,,,,,,,,,,,,,,,,,,,ACL_data,,2026-10-01
MACD_Bullish_State + Stoch_Bull_Zone,MACD_Bullish_State + Stoch_Bull_Zone,combo_2,78,momentum,Bullish,,,,,,,,,,,,,,,,,,0.859,0.02958,-0.05362,0.017845,0.345092,5.455,0.01895,-0.00401,0.3718,1.632,0.1146,0.016173,77.0,0.01161,0.01826,0.03014,8.225188,,,,,,,,,,,,,,,,,,0.016367,0.249151,0.8419,4.259,0.9744,4.518147,5,8.225188,-0.01187,0.359,0.228,0,1,0.016885,0.01161,0.01826,0.03014,0.11917,0,0.8333,0.03254,-0.07242,0.015044,0.196427,3.886,0.01735,-0.01091,0.359,2.309,0.184,0.016497,77.0,0.01503,0.02852,0.03799,3.335268,0.8333,0.04063,-0.10588,0.016213,0.205934,3.437,0.02104,-0.0207,0.3462,2.828,0.228,0.017985,77.0,0.01713,0.03091,0.04136,3.09307,,,,,,,,,,,,,,,,,,,,,,,,,,,,,,,,,,,,,,,,,,,,,,,,,,,,ACL_data,,2026-10-01
MACD_Hist_Positive + Stoch_Bull_Zone,MACD_Hist_Positive + Stoch_Bull_Zone,combo_2,78,momentum,Bullish,,,,,,,,,,,,,,,,,,0.859,0.02958,-0.05362,0.017845,0.345092,5.455,0.01895,-0.00401,0.3718,1.632,0.1146,0.016173,77.0,0.01161,0.01826,0.03014,8.225188,,,,,,,,,,,,,,,,,,0.016367,0.249151,0.8419,4.259,0.9744,4.518147,5,8.225188,-0.01187,0.359,0.228,0,1,0.016885,0.01161,0.01826,0.03014,0.11917,0,0.8333,0.03254,-0.07242,0.015044,0.196427,3.886,0.01735,-0.01091,0.359,2.309,0.184,0.016497,77.0,0.01503,0.02852,0.03799,3.335268,0.8333,0.04063,-0.10588,0.016213,0.205934,3.437,0.02104,-0.0207,0.3462,2.828,0.228,0.017985,77.0,0.01713,0.03091,0.04136,3.09307,,,,,,,,,,,,,,,,,,,,,,,,,,,,,,,,,,,,,,,,,,,,,,,,,,,,ACL_data,,2026-10-01
STRAT_Volume_OBV_Bull,Volume_Spike + OBV_Trend_Bull,combo_2,75,momentum,Bullish,,,,,,,,,,,,,,,,,,0.8667,0.01678,-0.10213,0.000928,0.048923,3.233,0.00235,-0.02018,0.3867,1.572,0.1123,-0.001476,75.0,0.00865,0.02312,0.0346,0.68503,,,,,,,,,,,,,,,,,,0.012519,0.249631,0.8571,3.918,0.9847,4.170501,15,14.507347,-0.02456,0.3481,0.1603,0,1,0.007932,0.01749,0.0337,0.04077,0.06083,1,0.8533,0.02342,-0.12227,0.002055,0.023991,3.564,0.00591,-0.02867,0.3333,2.223,0.1477,-0.002461,75.0,0.0144,0.032,0.03914,0.370328,0.8514,0.06329,-0.12988,0.034573,0.675978,4.956,0.04016,-0.02482,0.3243,2.725,0.1603,0.027731,74.0,0.01749,0.0337,0.04077,14.507347,,,,,,,,,,,,,,,,,,,,,,,,,,,,,,,,,,,,,,,,,,,,,,,,,,,,ACL_data,,2026-10-01
Price_Above_SMA20 + Stoch_Cross_Up,Price_Above_SMA20 + Stoch_Cross_Up,combo_2,48,momentum,Bullish,,,,,,,,,,,,,,,,,,0.8333,0.02366,-0.03745,0.013473,0.211094,5.639,0.01495,-0.01696,0.2917,1.557,0.2114,0.009731,47.0,0.01237,0.01726,0.02834,4.632449,,,,,,,,,,,,,,,,,,0.018,0.225486,0.8125,4.834,0.9583,4.065601,5,4.632449,-0.02566,0.2639,0.354,0,1,0.015353,0.01237,0.01726,0.02834,0.4586,0,0.8125,0.0372,-0.05715,0.019506,0.2388,4.966,0.01986,-0.01883,0.3125,2.203,0.2691,0.018808,47.0,0.01645,0.02036,0.03025,4.614965,0.7917,0.04771,-0.08039,0.021019,0.226563,3.899,0.02243,-0.04119,0.1875,2.698,0.354,0.017519,47.0,0.01645,0.02425,0.03886,3.437514,,,,,,,,,,,,,,,,,,,,,,,,,,,,,,,,,,,,,,,,,,,,,,,,,,,,ACL_data,,2026-10-01
MACD_Cross_Up_Event + OBV_Rising,MACD_Cross_Up_Event + OBV_Rising,combo_2,39,momentum,Bullish,,,,,,,,,,,,,,,,,,0.8718,0.02177,-0.04389,0.013352,0.306201,6.763,0.01333,0.0,0.3846,1.632,0.1741,0.012187,39.0,0.01271,0.02488,0.03784,7.639287,,,,,,,,,,,,,,,,,,0.011752,0.200427,0.8803,5.637,0.9744,4.060818,5,7.639287,-0.01771,0.3675,0.2429,0,1,0.00857,0.01271,0.02488,0.03784,0.03812,1,0.8718,0.02262,-0.0814,0.009286,0.093041,4.845,0.00567,-0.02242,0.359,2.307,0.1729,0.00458,39.0,0.01688,0.03619,0.04216,1.66278,0.8974,0.02872,-0.1283,0.012618,0.20204,5.303,0.01331,-0.03072,0.359,2.826,0.2429,0.008943,39.0,0.02654,0.03893,0.04568,3.952286,,,,,,,,,,,,,,,,,,,,,,,,,,,,,,,,,,,,,,,,,,,,,,,,,,,,ACL_data,,2026-10-01
MACD_Hist_Positive + MACD_Hist_Rising,MACD_Hist_Positive + MACD_Hist_Rising,combo_2,82,momentum,Bullish,,,,,,,,,,,,,,,,,,0.8659,0.03465,-0.05739,0.022307,0.420633,6.057,0.02341,0.0,0.3659,1.651,0.0954,0.018912,81.0,0.01098,0.024,0.03366,11.257763,,,,,,,,,,,,,,,,,,0.012627,0.211022,0.8415,4.189,0.9634,3.763464,5,11.257763,-0.01236,0.3862,0.2146,0,1,0.011433,0.01098,0.024,0.03366,0.13063,0,0.8293,0.02601,-0.08497,0.00706,0.07638,3.414,0.01006,-0.01705,0.3902,2.335,0.1676,0.005999,81.0,0.01557,0.02911,0.03903,1.15231,0.8293,0.03463,-0.11835,0.008514,0.136052,3.097,0.0142,-0.02003,0.4024,2.859,0.2146,0.009388,81.0,0.0172,0.03225,0.0412,1.861847,,,,,,,,,,,,,,,,,,,,,,,,,,,,,,,,,,,,,,,,,,,,,,,,,,,,ACL_data,,2026-10-01
MACD_Bullish_State + MACD_Hist_Rising,MACD_Bullish_State + MACD_Hist_Rising,combo_2,82,momentum,Bullish,,,,,,,,,,,,,,,,,,0.8659,0.03465,-0.05739,0.022307,0.420633,6.057,0.02341,0.0,0.3659,1.651,0.0954,0.018912,81.0,0.01098,0.024,0.03366,11.257763,,,,,,,,,,,,,,,,,,0.012627,0.211022,0.8415,4.189,0.9634,3.763464,5,11.257763,-0.01236,0.3862,0.2146,0,1,0.011433,0.01098,0.024,0.03366,0.13063,0,0.8293,0.02601,-0.08497,0.00706,0.07638,3.414,0.01006,-0.01705,0.3902,2.335,0.1676,0.005999,81.0,0.01557,0.02911,0.03903,1.15231,0.8293,0.03463,-0.11835,0.008514,0.136052,3.097,0.0142,-0.02003,0.4024,2.859,0.2146,0.009388,81.0,0.0172,0.03225,0.0412,1.861847,,,,,,,,,,,,,,,,,,,,,,,,,,,,,,,,,,,,,,,,,,,,,,,,,,,,ACL_data,,2026-10-01
Price_Above_SMA50 + MACD_Hist_Rising,Price_Above_SMA50 + MACD_Hist_Rising,combo_2,61,trend,Bullish,,,,,,,,,,,,,,,,,,,,,,,,,,,,,,,,,,,,,,,,,,,,,,,,,,,,0.020746,0.371205,0.7275,2.59,0.9449,3.749423,20,8.277914,-0.04594,0.2947,0.261,0,1,0.013148,0.01734,0.02591,0.03655,0.67798,0,0.7377,0.03694,-0.08052,0.006131,-0.015343,2.353,0.00685,-0.03044,0.2787,2.154,0.2308,0.003862,61.0,0.00978,0.01768,0.02367,-0.149005,,,,,,,,,,,,,,,,,,0.75,0.08414,-0.1284,0.031002,0.599591,3.345,0.03954,-0.04378,0.2833,3.038,0.254,0.024035,60.0,0.01734,0.02591,0.03655,8.277914,0.6949,0.12568,-0.20397,0.025105,0.529368,2.072,0.03189,-0.0636,0.322,3.713,0.261,0.011546,59.0,0.01725,0.03208,0.03965,4.526663,,,,,,,,,,,,,,,,,,ACL_data,,2026-10-01
MACD_Bullish_State,MACD_Bullish_State,single,43,momentum,Bullish,,,,,,,,,,,,,,,,,,0.8837,0.01914,-0.04389,0.01181,0.270952,7.049,0.01179,-0.00325,0.3721,1.635,0.1671,0.010821,43.0,0.01323,0.02231,0.03647,7.227683,,,,,,,,,,,,,,,,,,0.010342,0.173145,0.876,5.667,0.9767,3.626732,5,7.227683,-0.01752,0.3721,0.2386,0,1,0.007944,0.01323,0.02231,0.03647,0.05073,1,0.8605,0.02116,-0.06756,0.00878,0.092292,4.968,0.00516,-0.01859,0.3721,2.313,0.1685,0.004792,43.0,0.016,0.03464,0.0403,1.735127,0.8837,0.02639,-0.11083,0.010436,0.15619,4.984,0.01113,-0.03072,0.3721,2.832,0.2386,0.008219,43.0,0.01951,0.03848,0.0427,2.945649,,,,,,,,,,,,,,,,,,,,,,,,,,,,,,,,,,,,,,,,,,,,,,,,,,,,ACL_data,,2026-10-01
MACD_Bullish_State + MACD_Hist_Positive,MACD_Bullish_State + MACD_Hist_Positive,combo_2,43,momentum,Bullish,,,,,,,,,,,,,,,,,,0.8837,0.01914,-0.04389,0.01181,0.270952,7.049,0.01179,-0.00325,0.3721,1.635,0.1671,0.010821,43.0,0.01323,0.02231,0.03647,7.227683,,,,,,,,,,,,,,,,,,0.010342,0.173145,0.876,5.667,0.9767,3.626732,5,7.227683,-0.01752,0.3721,0.2386,0,1,0.007944,0.01323,0.02231,0.03647,0.05073,1,0.8605,0.02116,-0.06756,0.00878,0.092292,4.968,0.00516,-0.01859,0.3721,2.313,0.1685,0.004792,43.0,0.016,0.03464,0.0403,1.735127,0.8837,0.02639,-0.11083,0.010436,0.15619,4.984,0.01113,-0.03072,0.3721,2.832,0.2386,0.008219,43.0,0.01951,0.03848,0.0427,2.945649,,,,,,,,,,,,,,,,,,,,,,,,,,,,,,,,,,,,,,,,,,,,,,,,,,,,ACL_data,,2026-10-01
MACD_Hist_Positive,MACD_Hist_Positive,single,43,momentum,Bullish,,,,,,,,,,,,,,,,,,0.8837,0.01914,-0.04389,0.01181,0.270952,7.049,0.01179,-0.00325,0.3721,1.635,0.1671,0.010821,43.0,0.01323,0.02231,0.03647,7.227683,,,,,,,,,,,,,,,,,,0.010342,0.173145,0.876,5.667,0.9767,3.626732,5,7.227683,-0.01752,0.3721,0.2386,0,1,0.007944,0.01323,0.02231,0.03647,0.05073,1,0.8605,0.02116,-0.06756,0.00878,0.092292,4.968,0.00516,-0.01859,0.3721,2.313,0.1685,0.004792,43.0,0.016,0.03464,0.0403,1.735127,0.8837,0.02639,-0.11083,0.010436,0.15619,4.984,0.01113,-0.03072,0.3721,2.832,0.2386,0.008219,43.0,0.01951,0.03848,0.0427,2.945649,,,,,,,,,,,,,,,,,,,,,,,,,,,,,,,,,,,,,,,,,,,,,,,,,,,,ACL_data,,2026-10-01
Stoch_Cross_Up + Williams_Oversold,Stoch_Cross_Up + Williams_Oversold,combo_2,46,mean_rev,Bullish,0.8889,0.01778,-0.0339,0.012042,0.140555,6.815,0.01187,0.00234,0.3556,1.351,0.1355,0.008503,45.0,0.01206,0.01756,0.01943,3.688058,0.9333,0.02303,-0.03935,0.018867,0.240835,15.718,0.01898,-0.00303,0.3333,1.745,0.1474,0.012158,45.0,0.01682,0.02012,0.03179,9.272493,0.9333,-0.00167,-0.04021,-0.004235,-0.095496,10.892,-0.00254,-0.0102,0.4889,2.064,0.2265,-0.009656,45.0,0.01734,0.02115,0.03331,-3.676745,0.008891,0.095298,0.9185,11.142,0.9556,3.50604,5,9.272493,-0.00363,0.3926,0.2265,0,1,0.003668,0.01682,0.02012,0.03179,0.01743,1,,,,,,,,,,,,,,,,,,,,,,,,,,,,,,,,,,,,,,,,,,,,,,,,,,,,,,,,,,,,,,,,,,,,,,,,,,,,,,,,,,,,,,ACL_data,,2026-10-01
MACD_Cross_Up_Event + MACD_Hist_Positive,MACD_Cross_Up_Event + MACD_Hist_Positive,combo_2,42,momentum,Bullish,,,,,,,,,,,,,,,,,,0.881,0.01989,-0.04389,0.012301,0.281747,7.049,0.01228,-0.00163,0.381,1.634,0.1671,0.011232,42.0,0.01321,0.01974,0.0375,7.470068,,,,,,,,,,,,,,,,,,0.010143,0.168975,0.873,5.624,0.9762,3.489255,5,7.470068,-0.01932,0.3651,0.2408,0,1,0.007541,0.01321,0.01974,0.0375,0.05909,1,0.8571,0.02066,-0.06756,0.008058,0.076789,4.882,0.00444,-0.02051,0.3571,2.311,0.1715,0.003916,42.0,0.01586,0.03344,0.03971,1.409953,0.881,0.02641,-0.11083,0.01007,0.148391,4.941,0.01077,-0.03583,0.3571,2.83,0.2408,0.007473,42.0,0.01834,0.03837,0.04189,2.75777,,,,,,,,,,,,,,,,,,,,,,,,,,,,,,,,,,,,,,,,,,,,,,,,,,,,ACL_data,,2026-10-01
MACD_Bullish_State + MACD_Cross_Up_Event,MACD_Bullish_State + MACD_Cross_Up_Event,combo_2,42,momentum,Bullish,,,,,,,,,,,,,,,,,,0.881,0.01989,-0.04389,0.012301,0.281747,7.049,0.01228,-0.00163,0.381,1.634,0.1671,0.011232,42.0,0.01321,0.01974,0.0375,7.470068,,,,,,,,,,,,,,,,,,0.010143,0.168975,0.873,5.624,0.9762,3.489255,5,7.470068,-0.01932,0.3651,0.2408,0,1,0.007541,0.01321,0.01974,0.0375,0.05909,1,0.8571,0.02066,-0.06756,0.008058,0.076789,4.882,0.00444,-0.02051,0.3571,2.311,0.1715,0.003916,42.0,0.01586,0.03344,0.03971,1.409953,0.881,0.02641,-0.11083,0.01007,0.148391,4.941,0.01077,-0.03583,0.3571,2.83,0.2408,0.007473,42.0,0.01834,0.03837,0.04189,2.75777,,,,,,,,,,,,,,,,,,,,,,,,,,,,,,,,,,,,,,,,,,,,,,,,,,,,ACL_data,,2026-10-01
MACD_Cross_Up_Event + MACD_Hist_Rising,MACD_Cross_Up_Event + MACD_Hist_Rising,combo_2,42,momentum,Bullish,,,,,,,,,,,,,,,,,,0.881,0.01989,-0.04389,0.012301,0.281747,7.049,0.01228,-0.00163,0.381,1.634,0.1671,0.011232,42.0,0.01321,0.01974,0.0375,7.470068,,,,,,,,,,,,,,,,,,0.010143,0.168975,0.873,5.624,0.9762,3.489255,5,7.470068,-0.01932,0.3651,0.2408,0,1,0.007541,0.01321,0.01974,0.0375,0.05909,1,0.8571,0.02066,-0.06756,0.008058,0.076789,4.882,0.00444,-0.02051,0.3571,2.311,0.1715,0.003916,42.0,0.01586,0.03344,0.03971,1.409953,0.881,0.02641,-0.11083,0.01007,0.148391,4.941,0.01077,-0.03583,0.3571,2.83,0.2408,0.007473,42.0,0.01834,0.03837,0.04189,2.75777,,,,,,,,,,,,,,,,,,,,,,,,,,,,,,,,,,,,,,,,,,,,,,,,,,,,ACL_data,,2026-10-01
MACD_Cross_Up_Event,MACD_Cross_Up_Event,single,42,momentum,Bullish,,,,,,,,,,,,,,,,,,0.881,0.01989,-0.04389,0.012301,0.281747,7.049,0.01228,-0.00163,0.381,1.634,0.1671,0.011232,42.0,0.01321,0.01974,0.0375,7.470068,,,,,,,,,,,,,,,,,,0.010143,0.168975,0.873,5.624,0.9762,3.489255,5,7.470068,-0.01932,0.3651,0.2408,0,1,0.007541,0.01321,0.01974,0.0375,0.05909,1,0.8571,0.02066,-0.06756,0.008058,0.076789,4.882,0.00444,-0.02051,0.3571,2.311,0.1715,0.003916,42.0,0.01586,0.03344,0.03971,1.409953,0.881,0.02641,-0.11083,0.01007,0.148391,4.941,0.01077,-0.03583,0.3571,2.83,0.2408,0.007473,42.0,0.01834,0.03837,0.04189,2.75777,,,,,,,,,,,,,,,,,,,,,,,,,,,,,,,,,,,,,,,,,,,,,,,,,,,,ACL_data,,2026-10-01
RSI_Oversold + Stoch_Oversold,RSI_Oversold + Stoch_Oversold,combo_2,22,mean_rev,Bullish,0.9048,0.01884,-0.13684,0.004009,0.164854,2.343,0.00456,0.00399,0.4762,1.49,0.2392,-0.000795,21.0,0.0158,0.02752,0.02887,1.211326,0.9048,0.04947,-0.21351,0.024424,0.599155,2.591,0.02755,0.01749,0.4762,1.924,0.3094,0.019661,21.0,0.0158,0.0299,0.0366,4.868064,0.9048,0.04696,-0.23465,0.020143,0.532024,2.454,0.02054,0.02168,0.5714,2.276,0.2424,0.013154,21.0,0.0158,0.03546,0.04876,4.093403,0.016192,0.432011,0.9048,2.463,1.0,3.3361,5,4.868064,0.01439,0.5079,0.3094,0,1,0.010673,0.0158,0.0299,0.0366,0.20697,0,,,,,,,,,,,,,,,,,,,,,,,,,,,,,,,,,,,,,,,,,,,,,,,,,,,,,,,,,,,,,,,,,,,,,,,,,,,,,,,,,,,,,,ACL_data,,2026-10-01
Stoch_Bull_Zone + CDL_Harami_Bull,Stoch_Bull_Zone + CDL_Harami_Bull,combo_2,22,momentum,Bullish,,,,,,,,,,,,,,,,,,0.8636,0.01247,-0.02244,0.007708,0.153207,5.682,0.00789,-0.00227,0.3636,1.515,0.2091,0.008378,22.0,0.01444,0.01932,0.0247,2.729618,,,,,,,,,,,,,,,,,,0.013789,0.226181,0.8333,4.871,0.9091,3.140099,10,5.738125,0.00396,0.3939,0.3843,0,1,0.020128,0.01593,0.02765,0.0343,0.31603,0,0.8636,0.02651,-0.04029,0.017401,0.310773,5.889,0.0172,0.00475,0.4091,2.143,0.2241,0.025578,22.0,0.01593,0.02765,0.0343,5.738125,0.7727,0.04102,-0.06793,0.016257,0.214561,3.041,0.02034,0.00941,0.4091,2.624,0.3843,0.026427,22.0,0.01619,0.03365,0.04005,2.0456,,,,,,,,,,,,,,,,,,,,,,,,,,,,,,,,,,,,,,,,,,,,,,,,,,,,ACL_data,,2026-10-01
Stoch_Cross_Up + CCI_Oversold,Stoch_Cross_Up + CCI_Oversold,combo_2,51,mean_rev,Bullish,0.9,0.02269,-0.04055,0.016364,0.178803,7.178,0.01785,-0.00393,0.38,1.36,0.1773,0.013168,50.0,0.01173,0.01685,0.01913,5.071456,0.9,0.02638,-0.04565,0.019181,0.200326,8.949,0.01839,-0.01319,0.3,1.756,0.1339,0.012775,50.0,0.01247,0.01842,0.02368,7.083651,0.88,0.01334,-0.05523,0.005111,-0.052206,5.844,0.00514,-0.01725,0.34,2.078,0.18,-0.003691,50.0,0.01247,0.01881,0.02696,-1.205464,0.013552,0.108974,0.8933,7.324,0.98,3.090441,5,7.083651,-0.01146,0.34,0.18,0,1,0.007417,0.01247,0.01842,0.02368,0.08423,1,,,,,,,,,,,,,,,,,,,,,,,,,,,,,,,,,,,,,,,,,,,,,,,,,,,,,,,,,,,,,,,,,,,,,,,,,,,,,,,,,,,,,,ACL_data,,2026-10-01
MACD_Hist_Positive + OBV_Rising,MACD_Hist_Positive + OBV_Rising,combo_2,135,momentum,Bullish,,,,,,,,,,,,,,,,,,0.8519,0.01987,-0.05486,0.008796,0.139071,4.382,0.00942,-0.00885,0.3185,1.648,0.0761,0.008444,133.0,0.01216,0.02207,0.03013,2.993931,,,,,,,,,,,,,,,,,,0.010108,0.153041,0.837,4.003,0.9556,2.875618,15,4.595191,-0.01764,0.3432,0.1303,0,1,0.010322,0.01629,0.02951,0.0372,0.054,1,0.8519,0.02126,-0.07866,0.006453,0.050569,4.155,0.00961,-0.02531,0.3556,2.33,0.1042,0.007761,133.0,0.0145,0.0272,0.03254,1.032187,0.8074,0.0412,-0.09445,0.015075,0.269482,3.471,0.0203,-0.01875,0.3556,2.854,0.1303,0.01476,133.0,0.01629,0.02951,0.0372,4.595191,,,,,,,,,,,,,,,,,,,,,,,,,,,,,,,,,,,,,,,,,,,,,,,,,,,,ACL_data,,2026-10-01
MACD_Bullish_State + OBV_Rising,MACD_Bullish_State + OBV_Rising,combo_2,135,momentum,Bullish,,,,,,,,,,,,,,,,,,0.8519,0.01987,-0.05486,0.008796,0.139071,4.382,0.00942,-0.00885,0.3185,1.648,0.0761,0.008444,133.0,0.01216,0.02207,0.03013,2.993931,,,,,,,,,,,,,,,,,,0.010108,0.153041,0.837,4.003,0.9556,2.875618,15,4.595191,-0.01764,0.3432,0.1303,0,1,0.010322,0.01629,0.02951,0.0372,0.054,1,0.8519,0.02126,-0.07866,0.006453,0.050569,4.155,0.00961,-0.02531,0.3556,2.33,0.1042,0.007761,133.0,0.0145,0.0272,0.03254,1.032187,0.8074,0.0412,-0.09445,0.015075,0.269482,3.471,0.0203,-0.01875,0.3556,2.854,0.1303,0.01476,133.0,0.01629,0.02951,0.0372,4.595191,,,,,,,,,,,,,,,,,,,,,,,,,,,,,,,,,,,,,,,,,,,,,,,,,,,,ACL_data,,2026-10-01
CCI_Exit_Oversold,CCI_Exit_Oversold,single,86,mean_rev,Bullish,0.8953,0.01208,-0.03745,0.006896,0.102935,5.675,0.00645,-0.00475,0.3372,1.303,0.0821,0.004177,85.0,0.01109,0.01991,0.02273,2.6088,0.8721,0.01812,-0.04542,0.009995,0.147731,6.201,0.01004,-0.01043,0.3256,1.682,0.0882,0.005869,85.0,0.01563,0.02092,0.02567,4.091006,0.8605,0.01227,-0.04503,0.004275,0.092114,5.423,0.00537,-0.01296,0.3372,1.991,0.1323,-0.000267,85.0,0.0162,0.02105,0.02657,2.230769,0.007055,0.11426,0.876,5.766,0.9651,2.839704,5,4.091006,-0.00938,0.3333,0.1323,0,1,0.00326,0.01563,0.02092,0.02567,0.08983,1,,,,,,,,,,,,,,,,,,,,,,,,,,,,,,,,,,,,,,,,,,,,,,,,,,,,,,,,,,,,,,,,,,,,,,,,,,,,,,,,,,,,,,ACL_data,,2026-10-01
Stoch_Cross_Up,Stoch_Cross_Up,single,151,mean_rev,Bullish,0.8926,0.01301,-0.03769,0.007563,0.095771,5.776,0.0087,-0.00482,0.3691,1.271,0.0751,0.006838,147.0,0.01142,0.01711,0.0194,2.779285,0.8792,0.0196,-0.04797,0.011436,0.147835,5.814,0.01192,-0.01261,0.3221,1.641,0.0743,0.007392,147.0,0.01265,0.01808,0.02626,4.317818,0.8523,0.01685,-0.06,0.005501,0.051762,4.015,0.00629,-0.01387,0.3758,1.941,0.0926,0.001013,147.0,0.01346,0.01872,0.02851,1.044044,0.008167,0.098456,0.8747,5.202,0.9597,2.469287,5,4.317818,-0.01043,0.3557,0.0926,0,1,0.005081,0.01265,0.01808,0.02626,0.0229,1,,,,,,,,,,,,,,,,,,,,,,,,,,,,,,,,,,,,,,,,,,,,,,,,,,,,,,,,,,,,,,,,,,,,,,,,,,,,,,,,,,,,,,ACL_data,,2026-10-01
Stoch_Bull_Zone + OBV_Rising,Stoch_Bull_Zone + OBV_Rising,combo_2,167,momentum,Bullish,,,,,,,,,,,,,,,,,,0.8383,0.02496,-0.0518,0.012549,0.209208,4.358,0.01318,-0.01071,0.3114,1.627,0.061,0.01029,165.0,0.0116,0.01808,0.02499,4.671404,,,,,,,,,,,,,,,,,,0.008354,0.126616,0.8124,3.805,0.9581,2.365104,5,4.671404,-0.02026,0.3154,0.1166,0,1,0.006298,0.0116,0.01808,0.02499,0.19381,0,0.7964,0.02533,-0.06016,0.007925,0.122027,3.621,0.00981,-0.02281,0.3234,2.301,0.0937,0.006223,165.0,0.01409,0.02118,0.02943,2.263883,0.8024,0.02585,-0.08174,0.004587,0.048612,3.437,0.01027,-0.02727,0.3114,2.818,0.1166,0.00238,165.0,0.01532,0.02718,0.03875,0.855982,,,,,,,,,,,,,,,,,,,,,,,,,,,,,,,,,,,,,,,,,,,,,,,,,,,,ACL_data,,2026-10-01
RSI_Oversold + CCI_Oversold,RSI_Oversold + CCI_Oversold,combo_2,29,mean_rev,Bullish,0.8929,0.0223,-0.11014,0.008111,0.196408,2.576,0.00867,0.00273,0.4286,1.404,0.1802,0.007062,28.0,0.01386,0.02362,0.02892,1.720586,0.8929,0.04152,-0.19365,0.016323,0.403377,1.982,0.01949,0.01109,0.4286,1.813,0.2923,0.01532,28.0,0.01386,0.0272,0.03197,2.719768,0.8929,0.03886,-0.20462,0.012775,0.327383,1.959,0.01318,0.00877,0.4643,2.145,0.23,0.011123,28.0,0.01386,0.02793,0.03589,2.181153,0.012403,0.309056,0.8929,2.172,1.0,2.283424,5,2.719768,0.00753,0.4405,0.2923,0,1,0.011168,0.01386,0.0272,0.03197,0.19046,0,,,,,,,,,,,,,,,,,,,,,,,,,,,,,,,,,,,,,,,,,,,,,,,,,,,,,,,,,,,,,,,,,,,,,,,,,,,,,,,,,,,,,,ACL_data,,2026-10-01
MACD_Hist_Rising + OBV_Rising,MACD_Hist_Rising + OBV_Rising,combo_2,187,momentum,Bullish,,,,,,,,,,,,,,,,,,0.8449,0.02641,-0.05147,0.014334,0.237124,4.596,0.01469,-0.00768,0.3262,1.655,0.0542,0.011408,186.0,0.01202,0.02032,0.02706,5.707353,,,,,,,,,,,,,,,,,,0.008709,0.125796,0.8182,3.54,0.9465,2.206956,5,5.707353,-0.01735,0.3387,0.1114,0,1,0.005412,0.01202,0.02032,0.02706,0.17724,0,0.8182,0.02642,-0.07225,0.00848,0.108855,3.334,0.01059,-0.01859,0.3262,2.34,0.0843,0.005154,186.0,0.01334,0.02132,0.03123,1.90021,0.7914,0.02888,-0.09372,0.003314,0.031408,2.689,0.00755,-0.02579,0.3636,2.866,0.1114,-0.000325,186.0,0.01473,0.02571,0.03599,0.442226,,,,,,,,,,,,,,,,,,,,,,,,,,,,,,,,,,,,,,,,,,,,,,,,,,,,ACL_data,,2026-10-01
Price_Above_SMA50 + Stoch_Cross_Up,Price_Above_SMA50 + Stoch_Cross_Up,combo_2,48,trend,Bullish,,,,,,,,,,,,,,,,,,,,,,,,,,,,,,,,,,,,,,,,,,,,,,,,,,,,0.015338,0.180976,0.72,3.193,0.9309,2.093254,20,4.993109,-0.05588,0.2516,0.3478,0,1,0.006222,0.01399,0.01885,0.03053,0.78447,0,0.75,0.03247,-0.05694,0.01012,0.065805,3.506,0.01162,-0.0318,0.3125,2.109,0.2852,0.00409,47.0,0.01399,0.0186,0.02464,0.897825,,,,,,,,,,,,,,,,,,0.7292,0.07147,-0.09864,0.025396,0.341414,3.758,0.03342,-0.05425,0.2083,2.983,0.3478,0.018576,47.0,0.01399,0.01885,0.03053,4.993109,0.6809,0.08759,-0.15397,0.010496,0.13571,2.315,0.00893,-0.08157,0.234,3.642,0.2929,-0.004001,46.0,0.01373,0.02117,0.03539,1.222544,,,,,,,,,,,,,,,,,,ACL_data,,2026-10-01
CCI_Exit_Oversold + Williams_Oversold,CCI_Exit_Oversold + Williams_Oversold,combo_2,23,mean_rev,Bullish,0.7826,0.02943,-0.04754,0.012702,0.215049,2.604,0.01205,-0.00346,0.2609,1.385,0.2417,0.009715,23.0,0.00914,0.01603,0.02004,1.779596,0.8261,0.03606,-0.05189,0.020769,0.318696,4.441,0.02118,0.0018,0.3043,1.789,0.266,0.015365,23.0,0.0149,0.01999,0.02389,4.498307,0.8261,0.01777,-0.05534,0.005055,0.063341,3.267,0.0065,-0.00634,0.3913,2.116,0.3585,-0.003252,23.0,0.0149,0.01999,0.02454,0.657667,0.012842,0.199029,0.8116,3.437,0.9565,2.079723,5,4.498307,-0.00266,0.3188,0.3585,0,1,0.007276,0.0149,0.01999,0.02389,0.54951,0,,,,,,,,,,,,,,,,,,,,,,,,,,,,,,,,,,,,,,,,,,,,,,,,,,,,,,,,,,,,,,,,,,,,,,,,,,,,,,,,,,,,,,ACL_data,,2026-10-01
MACD_Hist_Positive + Stoch_Cross_Up,MACD_Hist_Positive + Stoch_Cross_Up,combo_2,56,momentum,Bullish,,,,,,,,,,,,,,,,,,0.8571,0.03006,-0.05728,0.017581,0.330394,4.869,0.01901,-0.00836,0.3571,1.617,0.1622,0.013428,55.0,0.01243,0.02413,0.02983,6.504239,,,,,,,,,,,,,,,,,,0.011072,0.148063,0.8333,3.551,0.9643,2.049562,5,6.504239,-0.01303,0.3571,0.3901,0,1,0.011515,0.01243,0.02413,0.02983,0.241,0,0.8214,0.0301,-0.07465,0.011396,0.138509,3.086,0.01288,-0.00938,0.3929,2.287,0.2864,0.01224,55.0,0.0171,0.02828,0.03253,1.728349,0.8214,0.02648,-0.09806,0.004239,-0.024715,2.696,0.00982,-0.02136,0.3214,2.802,0.3901,0.008877,55.0,0.01718,0.03002,0.04004,-0.269417,,,,,,,,,,,,,,,,,,,,,,,,,,,,,,,,,,,,,,,,,,,,,,,,,,,,ACL_data,,2026-10-01
MACD_Bullish_State + Stoch_Cross_Up,MACD_Bullish_State + Stoch_Cross_Up,combo_2,56,momentum,Bullish,,,,,,,,,,,,,,,,,,0.8571,0.03006,-0.05728,0.017581,0.330394,4.869,0.01901,-0.00836,0.3571,1.617,0.1622,0.013428,55.0,0.01243,0.02413,0.02983,6.504239,,,,,,,,,,,,,,,,,,0.011072,0.148063,0.8333,3.551,0.9643,2.049562,5,6.504239,-0.01303,0.3571,0.3901,0,1,0.011515,0.01243,0.02413,0.02983,0.241,0,0.8214,0.0301,-0.07465,0.011396,0.138509,3.086,0.01288,-0.00938,0.3929,2.287,0.2864,0.01224,55.0,0.0171,0.02828,0.03253,1.728349,0.8214,0.02648,-0.09806,0.004239,-0.024715,2.696,0.00982,-0.02136,0.3214,2.802,0.3901,0.008877,55.0,0.01718,0.03002,0.04004,-0.269417,,,,,,,,,,,,,,,,,,,,,,,,,,,,,,,,,,,,,,,,,,,,,,,,,,,,ACL_data,,2026-10-01
OBV_Rising,OBV_Rising,single,273,momentum,Bullish,,,,,,,,,,,,,,,,,,0.8476,0.02027,-0.05138,0.00935,0.137884,4.003,0.00919,-0.00709,0.316,1.643,0.0441,0.007277,266.0,0.01244,0.01922,0.02677,3.098007,,,,,,,,,,,,,,,,,,0.007942,0.113039,0.8178,3.366,0.9368,2.000487,5,3.098007,-0.01559,0.3395,0.0765,0,1,0.005255,0.01244,0.01922,0.02677,0.09059,1,0.8216,0.02182,-0.06981,0.005471,0.064641,3.23,0.00828,-0.01907,0.3494,2.324,0.063,0.00268,266.0,0.01394,0.02274,0.03048,1.171986,0.7844,0.03558,-0.08769,0.009003,0.136593,2.864,0.01261,-0.0206,0.3532,2.846,0.0765,0.005808,266.0,0.01485,0.02715,0.03662,2.195663,,,,,,,,,,,,,,,,,,,,,,,,,,,,,,,,,,,,,,,,,,,,,,,,,,,,ACL_data,,2026-10-01
BB_Lower_Bounce + CCI_Oversold,BB_Lower_Bounce + CCI_Oversold,combo_2,33,mean_rev,Bullish,0.8788,0.01919,-0.06709,0.008731,0.167718,3.199,0.00984,-0.0013,0.3939,1.431,0.2982,0.007228,33.0,0.01325,0.01641,0.01982,1.891874,0.8788,0.02726,-0.11103,0.010499,0.147049,2.782,0.01118,-0.00285,0.3636,1.848,0.2178,0.011934,33.0,0.01437,0.01943,0.02584,1.442743,0.8485,0.04143,-0.10305,0.019538,0.233943,3.349,0.01933,-0.00294,0.3636,2.187,0.2028,0.016857,33.0,0.01437,0.02075,0.03441,2.762647,0.012923,0.182904,0.8687,3.11,0.9697,1.945084,7,2.762647,-0.00236,0.3737,0.2982,0,1,0.012006,0.01437,0.02075,0.03441,0.25643,0,,,,,,,,,,,,,,,,,,,,,,,,,,,,,,,,,,,,,,,,,,,,,,,,,,,,,,,,,,,,,,,,,,,,,,,,,,,,,,,,,,,,,,ACL_data,,2026-10-01
Stoch_Bull_Zone + OBV_Trend_Bull,Stoch_Bull_Zone + OBV_Trend_Bull,combo_2,96,momentum,Bullish,,,,,,,,,,,,,,,,,,0.8333,0.01845,-0.06842,0.003968,0.071922,3.02,0.00529,-0.01618,0.3542,1.576,0.1113,0.002455,95.0,0.01124,0.01719,0.02039,0.993538,,,,,,,,,,,,,,,,,,0.009851,0.149616,0.7917,2.876,0.9375,1.845573,15,4.47106,-0.02436,0.3229,0.1614,0,1,0.008842,0.01597,0.02151,0.03655,0.40526,0,0.7708,0.0301,-0.07893,0.005116,0.059025,2.535,0.00699,-0.02398,0.3333,2.229,0.1582,0.004574,95.0,0.0142,0.01985,0.02876,0.684393,0.7708,0.05667,-0.10128,0.020471,0.317899,3.074,0.02543,-0.03293,0.2812,2.73,0.1614,0.019497,95.0,0.01597,0.02151,0.03655,4.47106,,,,,,,,,,,,,,,,,,,,,,,,,,,,,,,,,,,,,,,,,,,,,,,,,,,,ACL_data,,2026-10-01
Stoch_Cross_Up + OBV_Rising,Stoch_Cross_Up + OBV_Rising,combo_2,103,momentum,Bullish,,,,,,,,,,,,,,,,,,0.8627,0.03419,-0.04815,0.022885,0.35831,6.443,0.02317,-0.00836,0.3431,1.683,0.0855,0.0181,100.0,0.01166,0.01804,0.02542,10.721493,,,,,,,,,,,,,,,,,,0.008932,0.10028,0.8137,4.198,0.9216,1.801779,5,10.721493,-0.01856,0.3431,0.2083,0,1,0.005217,0.01166,0.01804,0.02542,0.13767,0,0.7941,0.02671,-0.05587,0.009712,0.135278,3.414,0.0124,-0.01435,0.3235,2.381,0.1655,0.007083,100.0,0.01377,0.02007,0.03019,2.144837,0.7843,0.01284,-0.07356,-0.0058,-0.192747,2.737,0.00628,-0.03298,0.3627,2.916,0.2083,-0.009532,100.0,0.01667,0.0224,0.03892,-2.450268,,,,,,,,,,,,,,,,,,,,,,,,,,,,,,,,,,,,,,,,,,,,,,,,,,,,ACL_data,,2026-10-01
BB_Lower_Bounce,BB_Lower_Bounce,single,34,mean_rev,Bullish,0.8824,0.01806,-0.06677,0.008076,0.151311,3.205,0.00919,-0.00297,0.3824,1.416,0.2982,0.006195,34.0,0.01334,0.01664,0.02042,1.724237,0.8824,0.02607,-0.11097,0.009944,0.136139,2.782,0.01062,-0.00497,0.3529,1.828,0.2178,0.010917,34.0,0.01457,0.01982,0.02625,1.346426,0.8529,0.03894,-0.10289,0.018085,0.20089,3.353,0.01787,-0.00411,0.3529,2.163,0.2028,0.014816,34.0,0.01457,0.02082,0.03743,2.394692,0.012035,0.16278,0.8725,3.113,0.9706,1.748755,7,2.394692,-0.00402,0.3627,0.2982,0,1,0.010643,0.01457,0.02082,0.03743,0.23202,0,,,,,,,,,,,,,,,,,,,,,,,,,,,,,,,,,,,,,,,,,,,,,,,,,,,,,,,,,,,,,,,,,,,,,,,,,,,,,,,,,,,,,,ACL_data,,2026-10-01
Stoch_Cross_Up + CCI_Exit_Oversold,Stoch_Cross_Up + CCI_Exit_Oversold,combo_2,23,mean_rev,Bullish,0.913,0.00904,-0.0181,0.006683,0.095247,13.702,0.00697,-0.00902,0.3478,1.292,0.2962,0.000904,22.0,0.01222,0.01937,0.02899,3.027009,0.913,0.01656,-0.04066,0.011586,0.22306,9.686,0.01321,-0.00768,0.3043,1.668,0.3092,0.005897,22.0,0.01885,0.02821,0.03194,6.866702,0.913,-0.00111,-0.03766,-0.004284,-0.158148,7.034,-0.00488,-0.02045,0.3478,1.974,0.3997,-0.008963,22.0,0.01885,0.02821,0.03194,-3.535205,0.004661,0.053386,0.913,10.141,1.0,1.696646,5,6.866702,-0.01238,0.3333,0.3997,0,1,-0.00072,0.01885,0.02821,0.03194,0.15712,0,,,,,,,,,,,,,,,,,,,,,,,,,,,,,,,,,,,,,,,,,,,,,,,,,,,,,,,,,,,,,,,,,,,,,,,,,,,,,,,,,,,,,,ACL_data,,2026-10-01
RSI_Oversold + BB_Lower_Touch,RSI_Oversold + BB_Lower_Touch,combo_2,21,mean_rev,Bullish,0.8571,0.02715,-0.10714,0.007965,0.149121,2.225,0.0081,-0.00081,0.381,1.466,0.1944,0.007876,21.0,0.0049,0.0158,0.02579,1.025409,0.8571,0.03981,-0.12972,0.015594,0.349163,2.044,0.01978,0.01229,0.4762,1.893,0.4,0.018279,21.0,0.0049,0.016,0.02931,2.205642,0.9048,0.03598,-0.19433,0.014043,0.280913,2.193,0.01495,0.01388,0.4762,2.24,0.312,0.018025,21.0,0.0158,0.02579,0.03546,1.903971,0.012534,0.259732,0.873,2.154,0.9524,1.646711,5,2.205642,0.00845,0.4444,0.4,1,1,0.014727,0.0049,0.016,0.02931,0.20697,0,,,,,,,,,,,,,,,,,,,,,,,,,,,,,,,,,,,,,,,,,,,,,,,,,,,,,,,,,,,,,,,,,,,,,,,,,,,,,,,,,,,,,,ACL_data,,2026-10-01
STRAT_BB_RSI_Oversold_Bounce,BB_Lower_Touch + RSI_Oversold,combo_2,21,mean_rev,Bullish,0.8571,0.02715,-0.10714,0.007965,0.149121,2.225,0.0081,-0.00081,0.381,1.466,0.1944,0.007876,21.0,0.0049,0.0158,0.02579,1.025409,0.8571,0.03981,-0.12972,0.015594,0.349163,2.044,0.01978,0.01229,0.4762,1.893,0.4,0.018279,21.0,0.0049,0.016,0.02931,2.205642,0.9048,0.03598,-0.19433,0.014043,0.280913,2.193,0.01495,0.01388,0.4762,2.24,0.312,0.018025,21.0,0.0158,0.02579,0.03546,1.903971,0.012534,0.259732,0.873,2.154,0.9524,1.646711,5,2.205642,0.00845,0.4444,0.4,1,1,0.014727,0.0049,0.016,0.02931,0.20697,0,,,,,,,,,,,,,,,,,,,,,,,,,,,,,,,,,,,,,,,,,,,,,,,,,,,,,,,,,,,,,,,,,,,,,,,,,,,,,,,,,,,,,,ACL_data,,2026-10-01
RSI_Oversold,RSI_Oversold,single,27,mean_rev,Bullish,0.8846,0.01732,-0.11015,0.002613,0.081614,2.094,0.00295,0.00097,0.4615,1.438,0.1806,0.000761,26.0,0.0113,0.02218,0.02784,0.569407,0.8846,0.04021,-0.1937,0.013218,0.372984,1.783,0.01692,0.01109,0.4615,1.856,0.3203,0.010564,26.0,0.0113,0.02579,0.03136,2.215674,0.8846,0.03829,-0.20561,0.010146,0.318464,1.723,0.01067,0.01209,0.5385,2.197,0.2589,0.007203,26.0,0.0113,0.02579,0.03352,1.828644,0.008659,0.257688,0.8846,1.867,1.0,1.602756,5,2.215674,0.00805,0.4872,0.3203,0,1,0.006176,0.0113,0.02579,0.03136,0.24161,0,,,,,,,,,,,,,,,,,,,,,,,,,,,,,,,,,,,,,,,,,,,,,,,,,,,,,,,,,,,,,,,,,,,,,,,,,,,,,,,,,,,,,,ACL_data,,2026-10-01
CDL_Harami_Bull,CDL_Harami_Bull,single,68,candle,Bullish,0.8955,0.00913,-0.03405,0.004621,0.086003,4.779,0.00411,-0.00188,0.3582,1.237,0.1098,0.003453,67.0,0.0114,0.01646,0.02205,1.740153,0.8507,0.01376,-0.04662,0.004748,0.058595,3.234,0.00569,-0.00633,0.3433,1.596,0.1492,0.00591,67.0,0.01374,0.01945,0.02644,0.80245,,,,,,,,,,,,,,,,,,0.004536,0.075379,0.8856,4.745,0.9403,1.423952,2,2.147849,-0.00273,0.3682,0.1492,0,1,0.003914,0.01099,0.01392,0.01874,0.05602,1,,,,,,,,,,,,,,,,,,,,,,,,,,,,,,,,,,,,,,,,,,,,,,,,,,,,,,,,,,,,,,,,,,,,,0.9104,0.00701,-0.02391,0.00424,0.081539,6.221,0.00426,0.0,0.403,1.01,0.1056,0.002381,67.0,0.01099,0.01392,0.01874,2.147849,ACL_data,,2026-10-01
EMA_Bullish_State + Stoch_Cross_Up,EMA_Bullish_State + Stoch_Cross_Up,combo_2,40,momentum,Bullish,,,,,,,,,,,,,,,,,,0.875,0.00469,-0.03956,-0.000845,-0.05015,5.233,0.00089,-0.02443,0.325,1.554,0.3368,-0.007144,39.0,0.01263,0.0171,0.02307,-0.974582,,,,,,,,,,,,,,,,,,0.006613,0.085493,0.7917,4.992,0.875,1.386673,15,4.873563,-0.03481,0.2917,0.3462,0,1,-0.003215,0.01452,0.01996,0.02985,0.23608,0,0.75,0.0247,-0.04386,0.007562,0.054747,4.532,0.01135,-0.03459,0.3,2.197,0.3438,-0.002472,39.0,0.01452,0.01946,0.02771,0.921314,0.75,0.03838,-0.06265,0.013121,0.251883,5.21,0.01918,-0.04542,0.25,2.691,0.3462,-2.8e-05,39.0,0.01452,0.01996,0.02985,4.873563,,,,,,,,,,,,,,,,,,,,,,,,,,,,,,,,,,,,,,,,,,,,,,,,,,,,ACL_data,,2026-10-01
MACD_Hist_Rising,MACD_Hist_Rising,single,139,momentum,Bullish,,,,,,,,,,,,,,,,,,0.8777,0.02824,-0.06305,0.017075,0.274571,5.01,0.01754,-0.00495,0.3237,1.652,0.0697,0.012703,138.0,0.01244,0.02165,0.02853,6.798092,,,,,,,,,,,,,,,,,,0.006351,0.077773,0.8345,3.503,0.9137,1.230143,5,6.798092,-0.0178,0.3501,0.1593,0,1,0.002059,0.01244,0.02165,0.02853,0.03075,1,0.8345,0.02309,-0.08137,0.005804,0.070357,3.127,0.009,-0.01733,0.3381,2.336,0.1158,0.001252,138.0,0.01359,0.02526,0.03268,1.087323,0.7914,0.02157,-0.10014,-0.003827,-0.111609,2.372,0.00014,-0.03111,0.3885,2.861,0.1593,-0.007777,138.0,0.01592,0.02744,0.03828,-1.308216,,,,,,,,,,,,,,,,,,,,,,,,,,,,,,,,,,,,,,,,,,,,,,,,,,,,ACL_data,,2026-10-01
RSI_Oversold + Williams_Oversold,RSI_Oversold + Williams_Oversold,combo_2,25,mean_rev,Bullish,0.875,0.01327,-0.11017,-0.002161,0.010603,1.743,-0.00155,-0.00274,0.5,1.44,0.2142,-0.002741,24.0,0.00612,0.01861,0.02699,0.060214,0.8333,0.04302,-0.15035,0.010791,0.3334,1.613,0.01448,0.00916,0.5,1.86,0.3425,0.007702,24.0,0.00612,0.01861,0.03135,1.752041,0.8333,0.04542,-0.15999,0.011184,0.339604,1.651,0.01171,0.01747,0.5417,2.2,0.2614,0.007984,24.0,0.00612,0.02072,0.03507,1.826861,0.006605,0.227869,0.8472,1.669,0.9583,1.187486,7,1.826861,0.00796,0.5139,0.3425,0,1,0.004315,0.00612,0.02072,0.03507,0.44537,0,,,,,,,,,,,,,,,,,,,,,,,,,,,,,,,,,,,,,,,,,,,,,,,,,,,,,,,,,,,,,,,,,,,,,,,,,,,,,,,,,,,,,,ACL_data,,2026-10-01
MACD_Hist_Rising + BB_Lower_Bounce,MACD_Hist_Rising + BB_Lower_Bounce,combo_2,23,momentum,Bullish,,,,,,,,,,,,,,,,,,0.8261,0.04736,-0.11168,0.019698,0.304092,2.533,0.02037,0.00632,0.3913,1.952,0.2392,0.021316,23.0,0.01365,0.02556,0.03441,2.448269,,,,,,,,,,,,,,,,,,0.010608,0.152145,0.8261,2.285,1.0,1.104851,5,2.448269,-0.00806,0.3768,0.2919,0,1,0.006841,0.01365,0.02556,0.03441,0.37557,0,0.8261,0.05426,-0.15381,0.018073,0.241211,2.256,0.01771,-0.00176,0.3478,2.76,0.2559,0.012653,23.0,0.01365,0.03121,0.04796,1.729402,0.8261,0.02246,-0.14086,-0.005945,-0.088869,2.066,-0.00509,-0.02874,0.3913,3.38,0.2919,-0.013447,23.0,0.01365,0.0417,0.05236,-0.583406,,,,,,,,,,,,,,,,,,,,,,,,,,,,,,,,,,,,,,,,,,,,,,,,,,,,ACL_data,,2026-10-01
Stoch_Bull_Zone + CCI_Oversold,Stoch_Bull_Zone + CCI_Oversold,combo_2,50,momentum,Bullish,,,,,,,,,,,,,,,,,,0.88,0.0101,-0.05954,0.001745,0.018989,3.614,0.00242,-0.01338,0.34,1.626,0.2061,-0.000638,50.0,0.01301,0.01795,0.02664,0.269846,,,,,,,,,,,,,,,,,,0.005542,0.076111,0.82,3.497,0.88,0.920805,10,5.463769,-0.01876,0.3533,0.2132,0,1,0.003397,0.01354,0.02691,0.0327,0.16619,0,0.82,0.03575,-0.06226,0.018106,0.314266,4.422,0.01791,-0.0113,0.34,2.299,0.1657,0.013584,50.0,0.01354,0.02691,0.0327,5.463769,0.76,0.02334,-0.08735,-0.003227,-0.104922,2.454,0.00137,-0.03159,0.38,2.816,0.2132,-0.002755,50.0,0.01354,0.02691,0.03476,-1.012183,,,,,,,,,,,,,,,,,,,,,,,,,,,,,,,,,,,,,,,,,,,,,,,,,,,,ACL_data,,2026-10-01
CCI_Oversold,CCI_Oversold,single,87,mean_rev,Bullish,0.908,0.01261,-0.08414,0.003711,0.110587,2.935,0.00358,0.0,0.4483,1.31,0.0799,-0.001249,87.0,0.01223,0.02104,0.02542,1.453225,0.8851,0.01346,-0.08828,0.001768,0.062697,2.603,0.00324,-0.00207,0.4598,1.691,0.1465,-0.003682,87.0,0.01564,0.02215,0.02747,0.730757,0.8837,0.0123,-0.07306,0.002376,0.029582,3.663,0.00196,-0.01597,0.3372,1.997,0.1499,-0.004585,86.0,0.01659,0.02298,0.02839,0.485191,0.002619,0.067622,0.8923,3.067,0.9757,0.906039,3,1.453225,-0.00601,0.4151,0.1499,0,1,-0.003172,0.01223,0.02104,0.02542,0.04223,1,,,,,,,,,,,,,,,,,,,,,,,,,,,,,,,,,,,,,,,,,,,,,,,,,,,,,,,,,,,,,,,,,,,,,,,,,,,,,,,,,,,,,,ACL_data,,2026-10-01
RSI_Bull_Momentum + OBV_Rising,RSI_Bull_Momentum + OBV_Rising,combo_2,117,momentum,Bullish,,,,,,,,,,,,,,,,,,0.8547,0.01433,-0.06739,0.002457,0.011962,2.903,0.00159,-0.00852,0.359,1.554,0.0921,0.002041,115.0,0.01023,0.01845,0.02725,0.165656,,,,,,,,,,,,,,,,,,0.005692,0.071201,0.8177,2.73,0.9316,0.863828,15,2.20459,-0.02222,0.3305,0.1446,0,1,0.004472,0.01667,0.02783,0.03492,0.1711,0,0.812,0.02361,-0.08296,0.003568,0.017105,2.782,0.00536,-0.02762,0.3248,2.198,0.1196,0.002998,115.0,0.01217,0.02341,0.02943,0.227035,0.7863,0.04453,-0.11215,0.011052,0.184535,2.504,0.01465,-0.03051,0.3077,2.692,0.1446,0.008379,115.0,0.01667,0.02783,0.03492,2.20459,,,,,,,,,,,,,,,,,,,,,,,,,,,,,,,,,,,,,,,,,,,,,,,,,,,,ACL_data,,2026-10-01
CMF_Positive,CMF_Positive,single,27,momentum,Bullish,,,,,,,,,,,,,,,,,,0.8519,0.01167,-0.04069,0.003914,0.079638,5.738,0.00181,-0.01213,0.3333,1.586,0.2858,0.002926,27.0,0.01475,0.0178,0.02257,1.522693,,,,,,,,,,,,,,,,,,0.005449,0.087469,0.7531,3.478,0.8148,0.826051,5,1.522693,-0.01707,0.358,0.3735,0,1,0.003571,0.01475,0.0178,0.02257,0.43851,0,0.7407,0.03391,-0.07614,0.005377,0.07447,2.129,0.00195,-0.00904,0.3704,2.243,0.2572,0.001557,27.0,0.01713,0.01839,0.02354,0.528382,0.6667,0.03707,-0.05298,0.007055,0.108299,2.567,0.00842,-0.03005,0.3704,2.747,0.3735,0.006229,27.0,0.01762,0.0211,0.0264,0.926538,,,,,,,,,,,,,,,,,,,,,,,,,,,,,,,,,,,,,,,,,,,,,,,,,,,,ACL_data,,2026-10-01
OBV_Trend_Bull + CCI_Oversold,OBV_Trend_Bull + CCI_Oversold,combo_2,25,momentum,Bullish,,,,,,,,,,,,,,,,,,0.84,0.02597,-0.12749,0.001413,0.01475,2.15,0.00152,-0.00454,0.44,1.771,0.2306,-0.005218,25.0,0.01265,0.02135,0.02733,0.103301,,,,,,,,,,,,,,,,,,0.00719,0.080069,0.8772,2.874,0.9233,0.692325,15,1.80462,-0.00378,0.3828,0.2352,0,1,-0.006313,0.02611,0.04512,0.05499,0.06456,1,0.875,0.02115,-0.09943,0.006079,0.064268,3.037,0.00331,-0.0073,0.375,2.493,0.1945,-0.006876,24.0,0.02319,0.0332,0.04781,0.63589,0.9167,0.03133,-0.17568,0.014077,0.16119,3.436,0.01398,0.00051,0.3333,3.053,0.2352,-0.006843,24.0,0.02611,0.04512,0.05499,1.80462,,,,,,,,,,,,,,,,,,,,,,,,,,,,,,,,,,,,,,,,,,,,,,,,,,,,ACL_data,,2026-10-01
Williams_Oversold + CDL_Harami_Bull,Williams_Oversold + CDL_Harami_Bull,combo_2,16,mean_rev,Bullish,0.875,0.02179,-0.03648,0.014505,0.26768,5.712,0.0143,0.01735,0.5625,1.424,0.2834,0.006997,16.0,0.017,0.02572,0.02853,4.331894,0.875,0.01093,-0.02409,0.006552,0.070805,7.107,0.00554,-0.0078,0.3125,1.838,0.3305,-0.001829,16.0,0.017,0.02716,0.03062,1.425759,0.875,-0.00753,-0.04032,-0.011632,-0.230874,3.568,-0.0111,-0.01058,0.5,2.175,0.381,-0.01816,16.0,0.017,0.02716,0.03062,-2.333911,0.003142,0.03587,0.875,5.462,1.0,0.555137,3,4.331894,-0.00034,0.4583,0.381,0,1,-0.004331,0.017,0.02572,0.02853,0.38867,0,,,,,,,,,,,,,,,,,,,,,,,,,,,,,,,,,,,,,,,,,,,,,,,,,,,,,,,,,,,,,,,,,,,,,,,,,,,,,,,,,,,,,,ACL_data,,2026-10-01
Stoch_Bull_Zone,Stoch_Bull_Zone,single,147,momentum,Bullish,,,,,,,,,,,,,,,,,,0.8699,0.01464,-0.05418,0.005687,0.070061,4.478,0.00653,-0.0132,0.3425,1.641,0.0805,0.002387,144.0,0.01292,0.01852,0.02559,1.567652,,,,,,,,,,,,,,,,,,0.003441,0.025709,0.8265,3.62,0.9315,0.433192,5,1.567652,-0.02243,0.3493,0.139,0,1,0.001121,0.01292,0.01852,0.02559,0.04978,1,0.8082,0.01776,-0.06028,0.002793,0.036999,3.362,0.00622,-0.02398,0.3699,2.321,0.1169,0.000863,144.0,0.0171,0.02172,0.02985,0.621634,0.8014,0.02484,-0.09092,0.001843,-0.029934,3.02,0.0063,-0.03011,0.3356,2.842,0.139,0.000113,144.0,0.01727,0.02664,0.03863,-0.451699,,,,,,,,,,,,,,,,,,,,,,,,,,,,,,,,,,,,,,,,,,,,,,,,,,,,ACL_data,,2026-10-01
Stoch_Oversold + CCI_Oversold,Stoch_Oversold + CCI_Oversold,combo_2,50,mean_rev,Bullish,0.84,0.01008,-0.08635,-0.005346,-0.078112,1.739,-0.00571,-0.00324,0.52,1.415,0.1278,-0.00991,50.0,0.00539,0.01946,0.02395,-0.534131,0.86,0.02121,-0.09169,0.005408,0.144577,2.697,0.00686,-0.00416,0.38,1.827,0.1965,0.002236,50.0,0.00666,0.02112,0.02708,1.533362,0.8571,0.02002,-0.11082,0.001331,0.072372,2.572,0.00011,-0.01625,0.3878,2.157,0.1768,-0.006716,49.0,0.00797,0.0208,0.02664,0.731973,0.000464,0.046279,0.8524,2.336,0.98,0.416615,5,1.533362,-0.00788,0.4293,0.1965,0,1,-0.004797,0.00666,0.02112,0.02708,0.25732,0,,,,,,,,,,,,,,,,,,,,,,,,,,,,,,,,,,,,,,,,,,,,,,,,,,,,,,,,,,,,,,,,,,,,,,,,,,,,,,,,,,,,,,ACL_data,,2026-10-01
MACD_Hist_Rising + Williams_Oversold,MACD_Hist_Rising + Williams_Oversold,combo_2,46,momentum,Bullish,,,,,,,,,,,,,,,,,,0.8478,0.02305,-0.07313,0.008417,0.121247,2.741,0.00873,-0.00549,0.3478,1.816,0.1938,0.00252,46.0,0.01462,0.01751,0.02282,1.279636,,,,,,,,,,,,,,,,,,0.002659,0.03924,0.7971,2.598,0.8696,0.341255,5,1.279636,-0.01985,0.3261,0.233,0,1,-0.004734,0.01462,0.01751,0.02282,0.38169,0,0.8261,0.01933,-0.08415,0.001336,0.013289,2.778,0.00054,-0.02372,0.2826,2.568,0.1959,-0.004711,46.0,0.01587,0.01991,0.02825,0.142119,0.7174,0.0306,-0.08395,-0.001774,-0.016815,2.274,0.00145,-0.03033,0.3478,3.145,0.233,-0.012012,46.0,0.01587,0.01991,0.02825,-0.147213,,,,,,,,,,,,,,,,,,,,,,,,,,,,,,,,,,,,,,,,,,,,,,,,,,,,ACL_data,,2026-10-01
RSI_Bull_Momentum + Price_Above_SMA50,RSI_Bull_Momentum + Price_Above_SMA50,combo_2,54,trend,Bullish,,,,,,,,,,,,,,,,,,,,,,,,,,,,,,,,,,,,,,,,,,,,,,,,,,,,-0.001435,0.065901,0.6552,1.353,0.8959,0.32018,30,3.652354,-0.05826,0.4011,0.28,0,1,-0.013218,0.01363,0.02904,0.03469,0.92128,0,0.6852,0.00063,-0.11417,-0.03551,-0.739184,0.805,-0.03597,-0.04996,0.4074,2.234,0.2167,-0.036718,54.0,0.00097,0.01303,0.02031,-2.962155,,,,,,,,,,,,,,,,,,0.6923,0.08311,-0.16651,0.006301,0.324009,1.768,0.00701,-0.04585,0.4038,3.155,0.2186,-0.008142,52.0,0.01382,0.02056,0.03269,2.29525,0.5882,0.20607,-0.23391,0.024902,0.612879,1.487,0.02913,-0.07899,0.3922,3.858,0.28,0.005206,51.0,0.01363,0.02904,0.03469,3.652354,,,,,,,,,,,,,,,,,,ACL_data,,2026-10-01
CCI_Oversold + Williams_Oversold,CCI_Oversold + Williams_Oversold,combo_2,79,mean_rev,Bullish,0.8734,0.01348,-0.0782,0.001873,0.059656,2.416,0.00166,0.0,0.4684,1.329,0.0838,-0.003928,79.0,0.00681,0.01669,0.02154,0.631499,0.8354,0.01426,-0.08536,-0.002135,-0.010885,1.954,-0.00067,-0.00274,0.481,1.716,0.1555,-0.007977,79.0,0.00862,0.01779,0.02548,-0.093194,0.8205,0.01696,-0.07277,0.000855,0.025197,2.597,0.00065,-0.01336,0.3974,2.026,0.153,-0.007531,78.0,0.00948,0.01965,0.0277,0.286737,0.000198,0.024656,0.8431,2.322,0.9471,0.23762,3,0.631499,-0.00537,0.4489,0.1555,0,1,-0.006479,0.00681,0.01669,0.02154,0.24904,0,,,,,,,,,,,,,,,,,,,,,,,,,,,,,,,,,,,,,,,,,,,,,,,,,,,,,,,,,,,,,,,,,,,,,,,,,,,,,,,,,,,,,,ACL_data,,2026-10-01
MACD_Hist_Rising + Stoch_Cross_Up,MACD_Hist_Rising + Stoch_Cross_Up,combo_2,94,momentum,Bullish,,,,,,,,,,,,,,,,,,0.9043,0.02572,-0.05789,0.017717,0.267624,7.093,0.01809,-0.00912,0.3191,1.64,0.1001,0.01433,93.0,0.01399,0.01825,0.02625,8.644008,,,,,,,,,,,,,,,,,,0.004974,0.012157,0.8298,4.277,0.8723,0.206574,5,8.644008,-0.02177,0.3404,0.2379,0,1,0.003433,0.01399,0.01825,0.02625,0.01296,1,0.8085,0.02327,-0.06265,0.006816,0.057512,3.266,0.00841,-0.02171,0.3404,2.32,0.1839,0.006431,93.0,0.01539,0.0197,0.02942,0.855341,0.7766,0.01007,-0.07803,-0.009612,-0.288666,2.474,-0.00014,-0.03446,0.3617,2.841,0.2379,-0.010461,93.0,0.01688,0.02117,0.03164,-3.252096,,,,,,,,,,,,,,,,,,,,,,,,,,,,,,,,,,,,,,,,,,,,,,,,,,,,ACL_data,,2026-10-01
MACD_Hist_Rising + CDL_Engulfing_Bull,MACD_Hist_Rising + CDL_Engulfing_Bull,combo_2,25,momentum,Bullish,,,,,,,,,,,,,,,,,,0.76,0.02366,-0.06369,0.002697,0.030003,1.964,0.00393,-0.01446,0.4,1.52,0.3073,0.001004,25.0,0.00194,0.00883,0.02122,0.191999,,,,,,,,,,,,,,,,,,0.005132,0.003516,0.7467,2.292,0.96,0.025202,10,0.900771,-0.02756,0.2933,0.3998,0,1,0.005907,0.00477,0.01654,0.02426,0.66894,0,0.72,0.04883,-0.08134,0.012378,0.11824,2.338,0.00871,-0.01734,0.28,2.149,0.3208,0.01098,25.0,0.00477,0.01654,0.02426,0.900771,0.76,0.0367,-0.11488,0.000319,-0.137694,2.572,-0.00012,-0.05088,0.2,2.632,0.3998,0.005735,25.0,0.00477,0.0196,0.02742,-1.154019,,,,,,,,,,,,,,,,,,,,,,,,,,,,,,,,,,,,,,,,,,,,,,,,,,,,ACL_data,,2026-10-01
MACD_Hist_Rising + Stoch_Bull_Zone,MACD_Hist_Rising + Stoch_Bull_Zone,combo_2,133,momentum,Bullish,,,,,,,,,,,,,,,,,,0.8571,0.02266,-0.06383,0.010302,0.150994,3.935,0.01104,-0.01071,0.3383,1.633,0.0782,0.006958,132.0,0.01001,0.01814,0.02498,2.909966,,,,,,,,,,,,,,,,,,0.002318,-0.001608,0.8095,3.172,0.9248,-0.023106,5,2.909966,-0.02141,0.3484,0.1646,0,1,-5.7e-05,0.01001,0.01814,0.02498,0.13102,0,0.782,0.01819,-0.06526,-3e-06,-0.03782,2.717,0.00307,-0.02242,0.3459,2.309,0.1296,-0.001466,132.0,0.01388,0.02009,0.02936,-0.503326,0.7895,0.01822,-0.08422,-0.003345,-0.117998,2.864,0.00019,-0.03111,0.3609,2.828,0.1646,-0.005664,132.0,0.01705,0.02299,0.03771,-1.655366,,,,,,,,,,,,,,,,,,,,,,,,,,,,,,,,,,,,,,,,,,,,,,,,,,,,ACL_data,,2026-10-01
MACD_Hist_Rising + CCI_Oversold,MACD_Hist_Rising + CCI_Oversold,combo_2,66,momentum,Bullish,,,,,,,,,,,,,,,,,,0.8939,0.01349,-0.0822,0.003337,0.018689,3.203,0.0038,-0.00988,0.3485,1.761,0.1458,-0.000376,66.0,0.01336,0.02061,0.02678,0.251689,,,,,,,,,,,,,,,,,,0.001273,-0.002565,0.8434,3.04,0.9091,-0.029806,10,2.104855,-0.02049,0.3232,0.1837,0,1,-0.002789,0.0147,0.02639,0.03169,0.06373,1,0.8333,0.02712,-0.08304,0.008764,0.157884,3.171,0.00909,-0.01791,0.2879,2.491,0.1425,0.003895,66.0,0.0147,0.02639,0.03169,2.104855,0.803,0.01142,-0.08859,-0.008281,-0.18427,2.745,-0.00559,-0.03367,0.3333,3.05,0.1837,-0.011885,66.0,0.01577,0.02762,0.03814,-2.126825,,,,,,,,,,,,,,,,,,,,,,,,,,,,,,,,,,,,,,,,,,,,,,,,,,,,ACL_data,,2026-10-01
BB_Lower_Bounce + OBV_Rising,BB_Lower_Bounce + OBV_Rising,combo_2,27,momentum,Bullish,,,,,,,,,,,,,,,,,,0.8519,0.02701,-0.11142,0.006501,0.10293,2.201,0.00718,-0.00768,0.3704,1.856,0.2742,0.009251,27.0,0.01361,0.01854,0.02611,0.754795,,,,,,,,,,,,,,,,,,0.00151,-0.013205,0.8148,2.024,0.9259,-0.082452,5,0.754795,-0.01877,0.3704,0.2826,0,1,-0.000203,0.01361,0.01854,0.02611,0.43851,0,0.8148,0.0368,-0.13036,0.005845,0.031396,2.06,0.00548,-0.01907,0.3704,2.625,0.2645,0.002309,27.0,0.01361,0.02019,0.04187,0.215495,0.7778,0.02147,-0.11033,-0.007815,-0.173941,1.811,-0.00696,-0.02956,0.3704,3.215,0.2826,-0.012171,27.0,0.01361,0.0226,0.0458,-1.049501,,,,,,,,,,,,,,,,,,,,,,,,,,,,,,,,,,,,,,,,,,,,,,,,,,,,ACL_data,,2026-10-01
Stoch_Oversold + Williams_Oversold,Stoch_Oversold + Williams_Oversold,combo_2,57,mean_rev,Bullish,0.8246,0.00835,-0.08241,-0.007576,-0.137447,1.665,-0.00772,-0.00435,0.5439,1.374,0.1405,-0.009363,57.0,0.00232,0.01354,0.01968,-0.928991,0.8246,0.02235,-0.07818,0.004714,0.153287,2.523,0.0061,-0.00738,0.386,1.774,0.1727,0.005172,57.0,0.00316,0.01554,0.02253,1.570522,0.807,0.02217,-0.11372,-0.004052,-0.047967,1.918,-0.00415,-0.01379,0.4386,2.099,0.1472,-0.008457,57.0,0.01069,0.01597,0.02253,-0.373503,-0.002304,-0.010709,0.8187,2.035,0.9825,-0.086944,5,1.570522,-0.00851,0.4561,0.1727,0,1,-0.004216,0.00316,0.01554,0.02253,0.53569,0,,,,,,,,,,,,,,,,,,,,,,,,,,,,,,,,,,,,,,,,,,,,,,,,,,,,,,,,,,,,,,,,,,,,,,,,,,,,,,,,,,,,,,ACL_data,,2026-10-01
BB_Lower_Touch + Williams_Oversold,BB_Lower_Touch + Williams_Oversold,combo_2,31,mean_rev,Bullish,0.8387,0.01452,-0.09089,-0.002484,-0.042005,2.07,-0.00323,-0.00081,0.5161,1.401,0.1475,-0.005572,31.0,0.00295,0.01235,0.02218,-0.301408,0.7742,0.0204,-0.08511,-0.003424,-0.037475,1.735,-0.00206,-0.02027,0.4194,1.809,0.3191,-0.004667,31.0,0.00295,0.0158,0.03158,-0.225313,0.8065,0.01944,-0.07847,0.000492,0.000497,2.564,-0.00168,-0.00749,0.4194,2.14,0.2546,-0.003853,31.0,0.00577,0.016,0.03181,0.004421,-0.001805,-0.026328,0.8065,2.123,0.9355,-0.181227,7,0.004421,-0.00952,0.4516,0.3191,0,1,-0.004697,0.00577,0.016,0.03181,0.62063,0,,,,,,,,,,,,,,,,,,,,,,,,,,,,,,,,,,,,,,,,,,,,,,,,,,,,,,,,,,,,,,,,,,,,,,,,,,,,,,,,,,,,,,ACL_data,,2026-10-01
OBV_Rising + CDL_Harami_Bull,OBV_Rising + CDL_Harami_Bull,combo_2,62,momentum,Bullish,,,,,,,,,,,,,,,,,,0.8361,0.0156,-0.04666,0.005398,0.065756,3.039,0.00602,-0.00633,0.3443,1.608,0.1609,0.005058,61.0,0.01365,0.01862,0.02716,0.827911,,,,,,,,,,,,,,,,,,0.003564,-0.020467,0.7978,2.638,0.9016,-0.201701,5,0.827911,-0.0149,0.3716,0.1824,0,1,0.002159,0.01365,0.01862,0.02716,0.39466,0,0.8197,0.01526,-0.05929,0.001813,-0.043939,2.679,0.00117,-0.01748,0.377,2.274,0.114,0.001482,61.0,0.0138,0.02137,0.03133,-0.487624,0.7377,0.02733,-0.0636,0.003481,-0.083219,2.197,0.00576,-0.02089,0.3934,2.785,0.1824,-6.3e-05,61.0,0.0138,0.02137,0.03347,-0.757397,,,,,,,,,,,,,,,,,,,,,,,,,,,,,,,,,,,,,,,,,,,,,,,,,,,,ACL_data,,2026-10-01
MACD_Hist_Rising + OBV_Trend_Bull,MACD_Hist_Rising + OBV_Trend_Bull,combo_2,95,momentum,Bullish,,,,,,,,,,,,,,,,,,0.8316,0.02234,-0.07179,0.006491,0.093781,3.239,0.00725,-0.00905,0.3368,1.579,0.1,0.005368,95.0,0.00689,0.01823,0.02948,1.386294,,,,,,,,,,,,,,,,,,0.0011,-0.019212,0.8063,2.454,0.9579,-0.20617,5,1.386294,-0.02207,0.3311,0.182,0,1,0.000871,0.00689,0.01823,0.02948,0.32724,0,0.7895,0.01891,-0.10586,-0.007359,-0.16689,1.95,-0.00301,-0.02422,0.3053,2.233,0.1639,-0.007478,95.0,0.01072,0.02139,0.03261,-1.485381,0.7979,0.04276,-0.14815,0.004169,0.015473,2.175,0.00983,-0.03293,0.3511,2.738,0.182,0.004725,94.0,0.0142,0.02622,0.03874,0.153586,,,,,,,,,,,,,,,,,,,,,,,,,,,,,,,,,,,,,,,,,,,,,,,,,,,,ACL_data,,2026-10-01
BB_Lower_Touch,BB_Lower_Touch,single,34,mean_rev,Bullish,0.8529,0.01647,-0.09026,0.000772,0.006439,2.323,2e-05,-0.00184,0.4706,1.389,0.1324,-0.001121,34.0,0.00353,0.01442,0.0218,0.053181,0.7941,0.01955,-0.08423,-0.001819,-0.019172,1.844,-0.00045,-0.01095,0.4412,1.793,0.3021,-0.002422,34.0,0.00353,0.01592,0.031,-0.125667,0.8235,0.01312,-0.07712,-0.002801,-0.075751,2.606,-0.00498,-0.01324,0.4118,2.122,0.2546,-0.005339,34.0,0.00744,0.01697,0.03179,-0.701866,-0.001283,-0.029495,0.8235,2.258,0.9412,-0.222812,3,0.053181,-0.00867,0.4412,0.3021,0,1,-0.002961,0.00353,0.01442,0.0218,0.52485,0,,,,,,,,,,,,,,,,,,,,,,,,,,,,,,,,,,,,,,,,,,,,,,,,,,,,,,,,,,,,,,,,,,,,,,,,,,,,,,,,,,,,,,ACL_data,,2026-10-01
BB_Lower_Touch + CCI_Oversold,BB_Lower_Touch + CCI_Oversold,combo_2,34,mean_rev,Bullish,0.8529,0.01647,-0.09026,0.000772,0.006439,2.323,2e-05,-0.00184,0.4706,1.389,0.1324,-0.001121,34.0,0.00353,0.01442,0.0218,0.053181,0.7941,0.01955,-0.08423,-0.001819,-0.019172,1.844,-0.00045,-0.01095,0.4412,1.793,0.3021,-0.002422,34.0,0.00353,0.01592,0.031,-0.125667,0.8235,0.01312,-0.07712,-0.002801,-0.075751,2.606,-0.00498,-0.01324,0.4118,2.122,0.2546,-0.005339,34.0,0.00744,0.01697,0.03179,-0.701866,-0.001283,-0.029495,0.8235,2.258,0.9412,-0.222812,3,0.053181,-0.00867,0.4412,0.3021,0,1,-0.002961,0.00353,0.01442,0.0218,0.52485,0,,,,,,,,,,,,,,,,,,,,,,,,,,,,,,,,,,,,,,,,,,,,,,,,,,,,,,,,,,,,,,,,,,,,,,,,,,,,,,,,,,,,,,ACL_data,,2026-10-01
OBV_Rising + OBV_Trend_Bull,OBV_Rising + OBV_Trend_Bull,combo_2,156,momentum,Bullish,,,,,,,,,,,,,,,,,,0.8205,0.01365,-0.06925,-0.00123,-0.058717,2.591,-0.00053,-0.01625,0.391,1.584,0.0738,-0.000805,154.0,0.01019,0.01754,0.02558,-0.769369,,,,,,,,,,,,,,,,,,0.000517,-0.025943,0.7922,2.358,0.9472,-0.29299,15,1.367037,-0.02498,0.3426,0.1101,0,1,-0.000895,0.0137,0.02524,0.03647,0.5191,0,0.7885,0.01911,-0.095,-0.005028,-0.13548,2.159,-0.00222,-0.02797,0.3205,2.24,0.1026,-0.006777,154.0,0.01217,0.02092,0.02921,-1.479044,0.7677,0.04663,-0.12052,0.007808,0.116367,2.323,0.01322,-0.03072,0.3161,2.744,0.1101,0.004898,153.0,0.0137,0.02524,0.03647,1.367037,,,,,,,,,,,,,,,,,,,,,,,,,,,,,,,,,,,,,,,,,,,,,,,,,,,,ACL_data,,2026-10-01
CDL_Engulfing_Bull,CDL_Engulfing_Bull,single,29,candle,Bullish,0.7931,0.00738,-0.04407,-0.003268,-0.100629,1.796,-0.00323,-0.0103,0.3793,1.212,0.2691,-0.00193,29.0,0.00274,0.01152,0.01871,-0.614732,0.7931,0.01161,-0.06293,-0.003809,-0.084654,1.986,-0.00257,-0.02703,0.4138,1.565,0.3039,-0.003436,29.0,0.00274,0.01152,0.0242,-0.571813,,,,,,,,,,,,,,,,,,-0.001296,-0.047166,0.8046,2.227,0.9655,-0.344926,2,0.431672,-0.01563,0.3678,0.3039,0,1,-0.000432,0.00039,0.01152,0.01871,0.66216,0,,,,,,,,,,,,,,,,,,,,,,,,,,,,,,,,,,,,,,,,,,,,,,,,,,,,,,,,,,,,,,,,,,,,,0.8276,0.01135,-0.036,0.003188,0.043785,2.899,0.0034,-0.00955,0.3103,0.99,0.248,0.004071,29.0,0.00039,0.01152,0.01871,0.431672,ACL_data,,2026-10-01
Stoch_Oversold + OBV_Rising,Stoch_Oversold + OBV_Rising,combo_2,65,momentum,Bullish,,,,,,,,,,,,,,,,,,0.875,0.02598,-0.04995,0.016492,0.203013,5.528,0.01587,-0.00015,0.3125,1.774,0.1241,0.009621,64.0,0.01452,0.01922,0.02711,4.701636,,,,,,,,,,,,,,,,,,0.002509,-0.024749,0.8385,3.675,0.9375,-0.357254,5,4.701636,-0.01543,0.3646,0.21,0,1,-0.008525,0.01452,0.01922,0.02711,0.14706,0,0.8281,0.00645,-0.06628,-0.006051,-0.184575,2.532,-0.00689,-0.01889,0.375,2.509,0.1828,-0.017485,64.0,0.0171,0.02318,0.03119,-1.958075,0.8125,0.01529,-0.08182,-0.002915,-0.092683,2.966,0.00073,-0.02725,0.4062,3.072,0.21,-0.017713,64.0,0.01822,0.02949,0.04031,-1.151598,,,,,,,,,,,,,,,,,,,,,,,,,,,,,,,,,,,,,,,,,,,,,,,,,,,,ACL_data,,2026-10-01
MACD_Cross_Up_Event + Stoch_Bull_Zone,MACD_Cross_Up_Event + Stoch_Bull_Zone,combo_2,32,momentum,Bullish,,,,,,,,,,,,,,,,,,0.9062,0.01955,-0.04065,0.013908,0.287783,9.672,0.01332,-0.00163,0.375,1.557,0.2308,0.015904,32.0,0.01321,0.01974,0.03372,9.732611,,,,,,,,,,,,,,,,,,0.003874,-0.018322,0.875,5.968,0.9375,-0.358467,5,9.732611,-0.01932,0.3438,0.3223,0,1,0.006417,0.01321,0.01974,0.03372,0.11542,0,0.8438,0.01305,-0.05615,0.002241,-0.104983,4.362,0.00416,-0.02051,0.3438,2.202,0.264,0.005507,32.0,0.01586,0.03047,0.03903,-1.601287,0.875,0.00923,-0.10081,-0.004528,-0.237768,3.871,-0.0024,-0.03583,0.3125,2.697,0.3223,-0.002161,32.0,0.01834,0.03355,0.03971,-3.217942,,,,,,,,,,,,,,,,,,,,,,,,,,,,,,,,,,,,,,,,,,,,,,,,,,,,ACL_data,,2026-10-01
MACD_Bullish_State + CCI_Oversold,MACD_Bullish_State + CCI_Oversold,combo_2,21,momentum,Bullish,,,,,,,,,,,,,,,,,,0.8571,0.02796,-0.10104,0.00953,0.115728,2.193,0.00854,-0.00152,0.3333,1.774,0.3562,0.005496,21.0,0.01762,0.02099,0.02579,0.784568,,,,,,,,,,,,,,,,,,0.000592,-0.046891,0.8571,3.038,0.9048,-0.398421,5,0.784568,-0.00514,0.3968,0.3562,0,1,-0.001713,0.01762,0.02099,0.02579,0.16698,0,0.9048,0.01368,-0.07166,0.005553,0.041117,4.947,0.00389,-0.01524,0.3333,2.509,0.245,0.003252,21.0,0.02544,0.02925,0.0331,0.62873,0.8095,0.00089,-0.07365,-0.013306,-0.297517,1.974,-0.01386,0.00135,0.5238,3.073,0.332,-0.013889,21.0,0.02579,0.03179,0.04109,-1.815675,,,,,,,,,,,,,,,,,,,,,,,,,,,,,,,,,,,,,,,,,,,,,,,,,,,,ACL_data,,2026-10-01
MACD_Hist_Positive + CCI_Oversold,MACD_Hist_Positive + CCI_Oversold,combo_2,21,momentum,Bullish,,,,,,,,,,,,,,,,,,0.8571,0.02796,-0.10104,0.00953,0.115728,2.193,0.00854,-0.00152,0.3333,1.774,0.3562,0.005496,21.0,0.01762,0.02099,0.02579,0.784568,,,,,,,,,,,,,,,,,,0.000592,-0.046891,0.8571,3.038,0.9048,-0.398421,5,0.784568,-0.00514,0.3968,0.3562,0,1,-0.001713,0.01762,0.02099,0.02579,0.16698,0,0.9048,0.01368,-0.07166,0.005553,0.041117,4.947,0.00389,-0.01524,0.3333,2.509,0.245,0.003252,21.0,0.02544,0.02925,0.0331,0.62873,0.8095,0.00089,-0.07365,-0.013306,-0.297517,1.974,-0.01386,0.00135,0.5238,3.073,0.332,-0.013889,21.0,0.02579,0.03179,0.04109,-1.815675,,,,,,,,,,,,,,,,,,,,,,,,,,,,,,,,,,,,,,,,,,,,,,,,,,,,ACL_data,,2026-10-01
Golden_Cross_State + CDL_Harami_Bull,Golden_Cross_State + CDL_Harami_Bull,combo_2,11,trend,Bullish,,,,,,,,,,,,,,,,,,,,,,,,,,,,,,,,,,,,,,,,,,,,,,,,,,,,-0.007338,-0.13504,0.7879,1.6,0.9091,-0.488096,20,1.159787,-0.0154,0.5455,0.3727,0,1,-0.017752,0.0299,0.07477,0.08399,0.44791,0,0.7273,0.02095,-0.08141,-0.006969,-0.041515,1.38,-0.00689,-0.04196,0.4545,2.765,0.3203,-0.01342,11.0,0.01497,0.0299,0.03443,-0.142401,,,,,,,,,,,,,,,,,,0.8182,0.04406,-0.10859,0.016304,0.251204,1.858,0.01526,0.02527,0.6364,3.91,0.2826,0.005398,11.0,0.0299,0.07477,0.08399,1.159787,0.8182,-0.00954,-0.12949,-0.031349,-0.614809,1.562,-0.03431,-0.0295,0.5455,4.789,0.3727,-0.045235,11.0,0.0299,0.07477,0.08399,-2.385887,,,,,,,,,,,,,,,,,,ACL_data,,2026-10-01
Price_Above_SMA20,Price_Above_SMA20,single,60,momentum,Bullish,,,,,,,,,,,,,,,,,,0.8667,0.02581,-0.08312,0.011282,0.172583,3.289,0.01067,-0.00315,0.3667,1.528,0.1252,0.008286,60.0,0.01021,0.02025,0.03244,2.333212,,,,,,,,,,,,,,,,,,0.001279,-0.050203,0.85,3.046,0.9667,-0.60759,5,2.333212,-0.01682,0.3833,0.2386,0,1,-0.000234,0.01021,0.02025,0.03244,0.09354,1,0.8333,0.00745,-0.08547,-0.008033,-0.243781,2.68,-0.00409,-0.02405,0.4,2.161,0.2386,-0.007961,60.0,0.01451,0.03125,0.04073,-2.685606,0.85,0.01774,-0.09662,0.000588,-0.079411,3.168,0.00244,-0.02325,0.3833,2.647,0.2314,-0.001027,60.0,0.01739,0.03557,0.04509,-1.034271,,,,,,,,,,,,,,,,,,,,,,,,,,,,,,,,,,,,,,,,,,,,,,,,,,,,ACL_data,,2026-10-01
RSI_Bull_Momentum + MACD_Hist_Rising,RSI_Bull_Momentum + MACD_Hist_Rising,combo_2,71,momentum,Bullish,,,,,,,,,,,,,,,,,,0.8451,0.02025,-0.0693,0.006373,0.080547,3.2,0.00542,-0.00817,0.3944,1.555,0.1125,0.003843,71.0,0.00924,0.01783,0.02944,1.102399,,,,,,,,,,,,,,,,,,2.5e-05,-0.060532,0.8169,2.498,0.9577,-0.619224,5,1.102399,-0.02833,0.3427,0.196,0,1,-0.002017,0.00924,0.01783,0.02944,0.32764,0,0.8028,0.01591,-0.09679,-0.006312,-0.206721,2.135,-0.00486,-0.03361,0.3239,2.199,0.196,-0.007812,71.0,0.01054,0.02367,0.03253,-1.887106,0.8028,0.03488,-0.14196,1.3e-05,-0.055422,2.158,0.00014,-0.04319,0.3099,2.694,0.1702,-0.002084,71.0,0.01667,0.02904,0.03469,-0.511426,,,,,,,,,,,,,,,,,,,,,,,,,,,,,,,,,,,,,,,,,,,,,,,,,,,,ACL_data,,2026-10-01
Williams_Oversold,Williams_Oversold,single,98,mean_rev,Bullish,0.8673,0.00842,-0.08628,-0.004142,-0.083453,1.628,-0.0035,-0.0036,0.5102,1.297,0.1053,-0.007634,97.0,0.01008,0.01544,0.01817,-0.624378,0.8061,0.01251,-0.08992,-0.007349,-0.078436,1.284,-0.0056,-0.00928,0.4694,1.674,0.1518,-0.011199,97.0,0.01008,0.01752,0.02086,-0.46274,0.7857,0.01094,-0.08745,-0.010144,-0.150609,1.392,-0.00933,-0.01631,0.4694,1.981,0.1333,-0.016569,97.0,0.01284,0.01761,0.02141,-0.963406,-0.007212,-0.104166,0.8197,1.435,0.9184,-0.630676,5,-0.46274,-0.00973,0.483,0.1518,0,1,-0.011801,0.01008,0.01752,0.02086,0.26528,0,,,,,,,,,,,,,,,,,,,,,,,,,,,,,,,,,,,,,,,,,,,,,,,,,,,,,,,,,,,,,,,,,,,,,,,,,,,,,,,,,,,,,,ACL_data,,2026-10-01
Stoch_Cross_Up + Stoch_Bull_Zone,Stoch_Cross_Up + Stoch_Bull_Zone,combo_2,103,momentum,Bullish,,,,,,,,,,,,,,,,,,0.8544,0.01342,-0.04502,0.004911,0.083821,4.217,0.00558,-0.01621,0.3107,1.555,0.1266,0.003012,101.0,0.01254,0.01773,0.0247,1.64179,,,,,,,,,,,,,,,,,,-0.001412,-0.057948,0.8091,2.976,0.932,-0.746616,5,1.64179,-0.02388,0.3754,0.2328,0,1,-0.000422,0.01254,0.01773,0.0247,0.19601,0,0.7864,0.02117,-0.06201,0.003403,0.020653,2.72,0.00635,-0.02242,0.4078,2.199,0.1765,0.005072,101.0,0.01523,0.02109,0.02987,0.260856,0.7864,0.00766,-0.08697,-0.01255,-0.278319,1.992,-0.00011,-0.033,0.4078,2.693,0.2328,-0.009351,101.0,0.01705,0.02374,0.03531,-2.575441,,,,,,,,,,,,,,,,,,,,,,,,,,,,,,,,,,,,,,,,,,,,,,,,,,,,ACL_data,,2026-10-01
RSI_Bull_Momentum + Stoch_Bull_Zone,RSI_Bull_Momentum + Stoch_Bull_Zone,combo_2,66,momentum,Bullish,,,,,,,,,,,,,,,,,,0.8333,0.01187,-0.06012,-0.000131,-0.058271,2.516,-0.00086,-0.01979,0.3636,1.502,0.1571,-0.000348,65.0,0.00951,0.01709,0.02039,-0.616485,,,,,,,,,,,,,,,,,,0.000996,-0.08068,0.7828,2.383,0.9242,-0.747125,15,-0.376345,-0.02971,0.3081,0.2268,0,1,0.000774,0.01516,0.02092,0.03119,0.44703,0,0.7576,0.02236,-0.07757,-0.001869,-0.147323,2.177,-0.00111,-0.02585,0.303,2.124,0.2117,7.1e-05,65.0,0.01109,0.01783,0.02619,-1.34839,0.7576,0.03665,-0.09396,0.004989,-0.036447,2.456,0.0057,-0.0435,0.2576,2.601,0.2268,0.0026,65.0,0.01516,0.02092,0.03119,-0.376345,,,,,,,,,,,,,,,,,,,,,,,,,,,,,,,,,,,,,,,,,,,,,,,,,,,,ACL_data,,2026-10-01
OBV_Rising + CDL_Engulfing_Bull,OBV_Rising + CDL_Engulfing_Bull,combo_2,29,momentum,Bullish,,,,,,,,,,,,,,,,,,0.7931,0.01161,-0.06293,-0.003809,-0.084654,1.986,-0.00257,-0.02703,0.4138,1.565,0.3039,-0.003436,29.0,0.00274,0.01152,0.0242,-0.571813,,,,,,,,,,,,,,,,,,-0.001442,-0.10093,0.7816,2.361,0.9655,-0.782516,10,-0.046302,-0.03341,0.3103,0.3905,0,1,0.000995,0.00641,0.01908,0.02821,0.50279,0,0.7586,0.03162,-0.0786,0.005018,-0.005643,2.413,0.00133,-0.02233,0.2759,2.213,0.3208,0.005106,29.0,0.00641,0.01908,0.02821,-0.046302,0.7931,0.0222,-0.11185,-0.005537,-0.212492,2.684,-0.00598,-0.05088,0.2414,2.711,0.3905,0.001313,29.0,0.00641,0.02244,0.03123,-1.939973,,,,,,,,,,,,,,,,,,,,,,,,,,,,,,,,,,,,,,,,,,,,,,,,,,,,ACL_data,,2026-10-01
Stoch_Bull_Zone + Williams_Oversold,Stoch_Bull_Zone + Williams_Oversold,combo_2,54,momentum,Bullish,,,,,,,,,,,,,,,,,,0.8333,0.002,-0.07578,-0.010964,-0.233493,1.322,-0.01151,-0.01293,0.4815,1.639,0.1616,-0.013481,54.0,0.01361,0.01766,0.02075,-1.236774,,,,,,,,,,,,,,,,,,-0.006501,-0.126423,0.8086,1.802,0.9444,-0.86225,10,-0.565994,-0.02169,0.3827,0.2436,0,1,-0.009534,0.01744,0.02117,0.02909,0.44644,0,0.8148,0.01167,-0.08328,-0.00591,-0.075082,1.881,-0.00919,-0.02391,0.3519,2.318,0.225,-0.007626,54.0,0.01744,0.02117,0.02909,-0.565994,0.7778,0.02347,-0.09397,-0.002629,-0.070694,2.203,0.00058,-0.02823,0.3148,2.839,0.2436,-0.007493,54.0,0.01764,0.02157,0.03028,-0.624191,,,,,,,,,,,,,,,,,,,,,,,,,,,,,,,,,,,,,,,,,,,,,,,,,,,,ACL_data,,2026-10-01
MACD_Hist_Positive + CDL_Harami_Bull,MACD_Hist_Positive + CDL_Harami_Bull,combo_2,30,momentum,Bullish,,,,,,,,,,,,,,,,,,0.8667,0.02094,-0.07984,0.0075,0.049585,2.945,0.00737,-0.01996,0.3667,1.662,0.25,0.012288,30.0,0.01498,0.02628,0.03184,0.501507,,,,,,,,,,,,,,,,,,-0.002351,-0.141169,0.8222,2.219,0.8667,-0.932454,5,0.501507,-0.02318,0.3889,0.2584,0,1,0.000474,0.01498,0.02628,0.03184,0.2379,0,0.8667,0.00586,-0.08376,-0.006091,-0.23566,2.091,-0.00752,-0.02956,0.4,2.35,0.2266,-0.001967,30.0,0.01498,0.02628,0.0338,-1.6922,0.7333,0.0093,-0.05731,-0.008461,-0.237431,1.622,-0.00929,-0.02003,0.4,2.878,0.2584,-0.0089,30.0,0.01498,0.02628,0.03689,-1.322382,,,,,,,,,,,,,,,,,,,,,,,,,,,,,,,,,,,,,,,,,,,,,,,,,,,,ACL_data,,2026-10-01
MACD_Bullish_State + CDL_Harami_Bull,MACD_Bullish_State + CDL_Harami_Bull,combo_2,30,momentum,Bullish,,,,,,,,,,,,,,,,,,0.8667,0.02094,-0.07984,0.0075,0.049585,2.945,0.00737,-0.01996,0.3667,1.662,0.25,0.012288,30.0,0.01498,0.02628,0.03184,0.501507,,,,,,,,,,,,,,,,,,-0.002351,-0.141169,0.8222,2.219,0.8667,-0.932454,5,0.501507,-0.02318,0.3889,0.2584,0,1,0.000474,0.01498,0.02628,0.03184,0.2379,0,0.8667,0.00586,-0.08376,-0.006091,-0.23566,2.091,-0.00752,-0.02956,0.4,2.35,0.2266,-0.001967,30.0,0.01498,0.02628,0.0338,-1.6922,0.7333,0.0093,-0.05731,-0.008461,-0.237431,1.622,-0.00929,-0.02003,0.4,2.878,0.2584,-0.0089,30.0,0.01498,0.02628,0.03689,-1.322382,,,,,,,,,,,,,,,,,,,,,,,,,,,,,,,,,,,,,,,,,,,,,,,,,,,,ACL_data,,2026-10-01
Stoch_Oversold,Stoch_Oversold,single,74,mean_rev,Bullish,0.8082,0.00067,-0.08607,-0.015969,-0.282719,0.938,-0.01576,-0.00901,0.6164,1.339,0.1661,-0.016963,72.0,-0.00827,0.0115,0.0194,-1.220635,0.7945,0.01323,-0.09033,-0.008053,-0.075681,1.197,-0.00651,-0.00108,0.5342,1.729,0.2035,-0.007069,72.0,-0.00095,0.01561,0.02244,-0.390983,0.7945,0.01014,-0.11697,-0.015978,-0.252056,1.13,-0.01549,-0.0119,0.5342,2.046,0.1503,-0.022196,72.0,0.01004,0.01712,0.02411,-1.22982,-0.013333,-0.203485,0.7991,1.088,0.9863,-0.942916,5,-0.390983,-0.00733,0.5616,0.2035,0,1,-0.015409,-0.00095,0.01561,0.02244,0.6995,0,,,,,,,,,,,,,,,,,,,,,,,,,,,,,,,,,,,,,,,,,,,,,,,,,,,,,,,,,,,,,,,,,,,,,,,,,,,,,,,,,,,,,,ACL_data,,2026-10-01
RSI_Bull_Momentum + VWAP_Bull,RSI_Bull_Momentum + VWAP_Bull,combo_2,24,momentum,Bullish,,,,,,,,,,,,,,,,,,0.8333,-0.00975,-0.12139,-0.028354,-0.509089,0.543,-0.02866,-0.02132,0.625,1.726,0.2779,-0.030679,24.0,0.01072,0.02926,0.0343,-1.638696,,,,,,,,,,,,,,,,,,-0.015269,-0.230552,0.8194,1.801,0.9583,-1.281084,15,2.702853,-0.04736,0.375,0.3465,0,1,-0.019461,0.01072,0.03212,0.03786,0.44234,0,0.8333,-0.00665,-0.11704,-0.025047,-0.474592,1.985,-0.02524,-0.05246,0.25,2.441,0.3465,-0.02608,24.0,0.01072,0.03212,0.03501,-3.032715,0.7917,0.05202,-0.16121,0.007594,0.292026,2.875,0.00785,-0.06828,0.25,2.99,0.2945,-0.001624,24.0,0.01072,0.03212,0.03786,2.702853,,,,,,,,,,,,,,,,,,,,,,,,,,,,,,,,,,,,,,,,,,,,,,,,,,,,ACL_data,,2026-10-01
OBV_Trend_Bull + Williams_Oversold,OBV_Trend_Bull + Williams_Oversold,combo_2,35,momentum,Bullish,,,,,,,,,,,,,,,,,,0.8,0.01522,-0.13056,-0.01394,-0.252476,1.053,-0.01384,-0.01245,0.5143,1.723,0.262,-0.01888,35.0,-0.01079,0.01761,0.0213,-0.952583,,,,,,,,,,,,,,,,,,-0.018386,-0.383965,0.7765,0.979,0.9647,-1.327382,5,-0.952583,-0.01581,0.5048,0.3606,0,1,-0.02786,-0.01079,0.01761,0.0213,0.64099,0,0.7647,0.00783,-0.11254,-0.020495,-0.369423,0.865,-0.02344,-0.00917,0.5588,2.432,0.2218,-0.029437,34.0,0.0126,0.02309,0.03021,-1.323834,0.7647,0.01531,-0.13782,-0.020723,-0.529995,1.018,-0.02114,-0.02583,0.4412,2.978,0.3606,-0.035261,34.0,0.0126,0.02309,0.03828,-1.932721,,,,,,,,,,,,,,,,,,,,,,,,,,,,,,,,,,,,,,,,,,,,,,,,,,,,ACL_data,,2026-10-01
OBV_Rising + Williams_Oversold,OBV_Rising + Williams_Oversold,combo_2,63,momentum,Bullish,,,,,,,,,,,,,,,,,,0.873,0.01344,-0.03491,0.0073,0.072073,6.094,0.00709,-0.00395,0.3651,1.77,0.1527,0.000431,62.0,0.01433,0.01846,0.02355,1.826689,,,,,,,,,,,,,,,,,,-0.001468,-0.09043,0.8307,3.905,0.9206,-1.352046,5,1.826689,-0.0178,0.3545,0.2249,0,1,-0.009621,0.01433,0.01846,0.02355,0.16062,0,0.8254,0.00191,-0.04951,-0.007065,-0.208951,2.757,-0.0071,-0.02181,0.3333,2.503,0.2215,-0.015452,62.0,0.01692,0.02304,0.02981,-2.396107,0.7937,0.01277,-0.07162,-0.00464,-0.134411,2.863,-0.00047,-0.02764,0.3651,3.065,0.2249,-0.013843,62.0,0.01799,0.02785,0.03859,-1.600646,,,,,,,,,,,,,,,,,,,,,,,,,,,,,,,,,,,,,,,,,,,,,,,,,,,,ACL_data,,2026-10-01
Stoch_Bull_Zone + CCI_Exit_Oversold,Stoch_Bull_Zone + CCI_Exit_Oversold,combo_2,58,momentum,Bullish,,,,,,,,,,,,,,,,,,0.8621,0.02235,-0.05053,0.012298,0.189116,6.072,0.01233,-0.01465,0.3276,1.717,0.1111,0.006918,57.0,0.01693,0.02131,0.02702,4.682263,,,,,,,,,,,,,,,,,,-0.002393,-0.063554,0.8563,5.437,0.9828,-1.384614,5,4.682263,-0.02784,0.3276,0.237,0,1,-0.0077,0.01693,0.02131,0.02702,0.118,0,0.8621,0.0045,-0.0461,-0.002478,-0.044155,5.878,-0.00124,-0.02693,0.2931,2.429,0.1923,-0.007236,57.0,0.01834,0.02554,0.03225,-1.058202,0.8448,-0.00794,-0.06629,-0.016997,-0.335622,4.361,-0.01382,-0.04194,0.3621,2.974,0.237,-0.022782,57.0,0.02047,0.02816,0.03915,-5.968005,,,,,,,,,,,,,,,,,,,,,,,,,,,,,,,,,,,,,,,,,,,,,,,,,,,,ACL_data,,2026-10-01
Stoch_Oversold + CDL_Harami_Bull,Stoch_Oversold + CDL_Harami_Bull,combo_2,18,mean_rev,Bullish,0.8824,0.01082,-0.03648,0.005258,0.079345,4.243,0.00558,-0.00163,0.4118,1.336,0.3666,-0.002347,17.0,0.01166,0.0196,0.02835,0.99119,0.8235,0.0025,-0.02819,-0.002913,-0.140781,2.933,-0.00404,-0.01661,0.4118,1.725,0.3548,-0.012612,17.0,0.01166,0.0196,0.02835,-1.215685,0.8235,-0.02228,-0.03734,-0.02494,-0.540629,1.056,-0.02497,-0.01812,0.5294,2.041,0.3313,-0.0359,17.0,0.01166,0.0196,0.02835,-1.68047,-0.007532,-0.200688,0.8431,2.744,0.9412,-1.525909,3,0.99119,-0.01212,0.451,0.3666,0,1,-0.016953,0.01166,0.0196,0.02835,0.46935,0,,,,,,,,,,,,,,,,,,,,,,,,,,,,,,,,,,,,,,,,,,,,,,,,,,,,,,,,,,,,,,,,,,,,,,,,,,,,,,,,,,,,,,ACL_data,,2026-10-01
OBV_Rising + CCI_Exit_Oversold,OBV_Rising + CCI_Exit_Oversold,combo_2,70,momentum,Bullish,,,,,,,,,,,,,,,,,,0.8857,0.02189,-0.03621,0.015247,0.211061,10.242,0.0149,-0.01399,0.3286,1.661,0.0921,0.011175,69.0,0.01662,0.02079,0.02677,8.996838,,,,,,,,,,,,,,,,,,-0.000303,-0.057585,0.8667,6.715,0.9571,-1.577609,5,8.996838,-0.02571,0.3429,0.1742,0,1,-0.003733,0.01662,0.02079,0.02677,0.06879,1,0.8714,-0.00371,-0.04208,-0.008641,-0.199567,6.284,-0.00718,-0.02721,0.3286,2.349,0.174,-0.011019,69.0,0.01835,0.02162,0.03198,-5.345621,0.8429,0.00765,-0.08885,-0.007517,-0.184248,3.618,-0.00366,-0.03593,0.3714,2.877,0.1742,-0.011356,69.0,0.02021,0.02973,0.03884,-2.841694,,,,,,,,,,,,,,,,,,,,,,,,,,,,,,,,,,,,,,,,,,,,,,,,,,,,ACL_data,,2026-10-01
RSI_Bull_Momentum + Price_Above_SMA20,RSI_Bull_Momentum + Price_Above_SMA20,combo_2,73,momentum,Bullish,,,,,,,,,,,,,,,,,,0.8219,0.00977,-0.07938,-0.006103,-0.139167,1.932,-0.00673,-0.02041,0.4384,1.534,0.1368,-0.007876,73.0,0.00613,0.01553,0.02763,-1.157113,,,,,,,,,,,,,,,,,,-0.008091,-0.217326,0.7889,1.868,0.9452,-1.651207,15,-0.927034,-0.03631,0.3619,0.2166,0,1,-0.008934,0.01241,0.02056,0.03518,0.53013,0,0.7671,0.01096,-0.11609,-0.018625,-0.42205,1.298,-0.01543,-0.03998,0.3836,2.169,0.2166,-0.017304,73.0,0.00993,0.01762,0.0325,-2.357659,0.7778,0.03118,-0.10709,0.000456,-0.09076,2.373,-0.00012,-0.04855,0.2639,2.657,0.1677,-0.001623,72.0,0.01241,0.02056,0.03518,-0.927034,,,,,,,,,,,,,,,,,,,,,,,,,,,,,,,,,,,,,,,,,,,,,,,,,,,,ACL_data,,2026-10-01
Price_Above_SMA20 + OBV_Trend_Bull,Price_Above_SMA20 + OBV_Trend_Bull,combo_2,56,momentum,Bullish,,,,,,,,,,,,,,,,,,0.8571,0.01472,-0.08672,0.000228,-0.052123,2.454,-8e-05,-0.00811,0.375,1.511,0.1609,0.001335,55.0,0.01201,0.01478,0.02861,-0.51705,,,,,,,,,,,,,,,,,,-0.008764,-0.247761,0.8263,1.882,0.9464,-1.783985,5,-0.51705,-0.02096,0.3949,0.3105,0,1,-0.006995,0.01201,0.01478,0.02861,0.26381,0,0.8036,-0.00073,-0.1154,-0.023256,-0.563369,1.326,-0.01839,-0.02405,0.4643,2.137,0.3105,-0.02129,55.0,0.01216,0.02047,0.03451,-3.021206,0.8182,0.02606,-0.13521,-0.003264,-0.127792,1.865,-0.00085,-0.03072,0.3455,2.619,0.2547,-0.001031,54.0,0.01409,0.03235,0.0486,-0.963725,,,,,,,,,,,,,,,,,,,,,,,,,,,,,,,,,,,,,,,,,,,,,,,,,,,,ACL_data,,2026-10-01
RSI_Cross50_Up + MACD_Bullish_State,RSI_Cross50_Up + MACD_Bullish_State,combo_2,45,momentum,Bullish,,,,,,,,,,,,,,,,,,0.8222,0.0155,-0.06582,0.001042,-0.008997,2.728,0.00143,-0.02041,0.3556,1.554,0.1893,0.000328,45.0,0.00896,0.01701,0.03167,-0.093969,,,,,,,,,,,,,,,,,,-0.008984,-0.245223,0.8,2.15,0.9556,-1.928411,5,-0.093969,-0.03287,0.3407,0.302,0,1,-0.009406,0.00896,0.01701,0.03167,0.41127,0,0.7778,0.00334,-0.08468,-0.016219,-0.402268,1.629,-0.01664,-0.03435,0.3556,2.197,0.2272,-0.016317,45.0,0.01118,0.01776,0.03274,-2.509309,0.8,0.00693,-0.08661,-0.011775,-0.324403,2.091,-0.01217,-0.04386,0.3111,2.691,0.302,-0.01223,45.0,0.01351,0.02539,0.03889,-2.597335,,,,,,,,,,,,,,,,,,,,,,,,,,,,,,,,,,,,,,,,,,,,,,,,,,,,ACL_data,,2026-10-01
RSI_Cross50_Up + MACD_Hist_Positive,RSI_Cross50_Up + MACD_Hist_Positive,combo_2,45,momentum,Bullish,,,,,,,,,,,,,,,,,,0.8222,0.0155,-0.06582,0.001042,-0.008997,2.728,0.00143,-0.02041,0.3556,1.554,0.1893,0.000328,45.0,0.00896,0.01701,0.03167,-0.093969,,,,,,,,,,,,,,,,,,-0.008984,-0.245223,0.8,2.15,0.9556,-1.928411,5,-0.093969,-0.03287,0.3407,0.302,0,1,-0.009406,0.00896,0.01701,0.03167,0.41127,0,0.7778,0.00334,-0.08468,-0.016219,-0.402268,1.629,-0.01664,-0.03435,0.3556,2.197,0.2272,-0.016317,45.0,0.01118,0.01776,0.03274,-2.509309,0.8,0.00693,-0.08661,-0.011775,-0.324403,2.091,-0.01217,-0.04386,0.3111,2.691,0.302,-0.01223,45.0,0.01351,0.02539,0.03889,-2.597335,,,,,,,,,,,,,,,,,,,,,,,,,,,,,,,,,,,,,,,,,,,,,,,,,,,,ACL_data,,2026-10-01
OBV_Rising + CCI_Oversold,OBV_Rising + CCI_Oversold,combo_2,77,momentum,Bullish,,,,,,,,,,,,,,,,,,0.8961,0.0164,-0.07059,0.007364,0.069614,4.022,0.00705,-0.00709,0.3117,1.761,0.1205,0.002491,77.0,0.01384,0.01925,0.02676,1.219918,,,,,,,,,,,,,,,,,,-0.007434,-0.214982,0.8182,2.464,0.8442,-1.948105,5,1.219918,-0.02006,0.3377,0.1594,0,1,-0.013173,0.01384,0.01925,0.02676,0.04045,1,0.8182,0.00982,-0.07356,-0.00534,-0.166042,2.021,-0.00522,-0.01907,0.3377,2.491,0.1594,-0.012373,77.0,0.01384,0.02045,0.02985,-1.461809,0.7403,-0.00409,-0.08199,-0.024327,-0.548519,1.349,-0.02381,-0.03401,0.3636,3.051,0.153,-0.029636,77.0,0.01384,0.02045,0.03105,-3.223086,,,,,,,,,,,,,,,,,,,,,,,,,,,,,,,,,,,,,,,,,,,,,,,,,,,,ACL_data,,2026-10-01
Golden_Cross_State + Williams_Oversold,Golden_Cross_State + Williams_Oversold,combo_2,21,trend,Bullish,,,,,,,,,,,,,,,,,,,,,,,,,,,,,,,,,,,,,,,,,,,,,,,,,,,,-0.029336,-0.714246,0.746,0.847,0.9524,-2.102634,10,-1.464283,-0.02896,0.5079,0.3059,0,1,-0.037827,0.00211,0.01852,0.03161,0.63168,0,0.7619,0.01475,-0.1056,-0.013905,-0.420516,1.127,-0.01535,-0.03485,0.4286,2.49,0.2761,-0.015647,21.0,0.00211,0.01852,0.03161,-1.464283,,,,,,,,,,,,,,,,,,0.7619,0.00779,-0.15211,-0.03028,-0.697479,0.655,-0.02979,-0.02485,0.5714,3.521,0.2916,-0.040362,21.0,0.01852,0.03176,0.03869,-2.155936,0.7143,-0.00874,-0.13153,-0.043821,-1.024744,0.758,-0.04626,-0.02719,0.5238,4.312,0.3059,-0.057471,21.0,0.01852,0.03176,0.03869,-3.167529,,,,,,,,,,,,,,,,,,ACL_data,,2026-10-01
RSI_Cross50_Up + Stoch_Bull_Zone,RSI_Cross50_Up + Stoch_Bull_Zone,combo_2,38,momentum,Bullish,,,,,,,,,,,,,,,,,,0.7895,0.01106,-0.07598,-0.007263,-0.166712,1.53,-0.00771,-0.02161,0.3684,1.503,0.2614,-0.008509,38.0,0.00459,0.01008,0.02156,-0.934405,,,,,,,,,,,,,,,,,,-0.021906,-0.514665,0.7632,1.201,0.9474,-2.146112,5,-0.934405,-0.03866,0.3772,0.3989,0,1,-0.022449,0.00459,0.01008,0.02156,0.64736,0,0.7368,2e-05,-0.10472,-0.027546,-0.657365,0.94,-0.0272,-0.04197,0.4211,2.125,0.3076,-0.026176,38.0,0.00555,0.01632,0.02749,-2.408297,0.7632,-0.00341,-0.11952,-0.030909,-0.71992,1.134,-0.03071,-0.05241,0.3421,2.603,0.3989,-0.032663,38.0,0.00901,0.01907,0.03255,-2.99181,,,,,,,,,,,,,,,,,,,,,,,,,,,,,,,,,,,,,,,,,,,,,,,,,,,,ACL_data,,2026-10-01
MACD_Bullish_State + OBV_Trend_Bull,MACD_Bullish_State + OBV_Trend_Bull,combo_2,53,momentum,Bullish,,,,,,,,,,,,,,,,,,0.8868,0.00381,-0.08998,-0.00681,-0.126946,3.114,-0.00788,-0.0291,0.4717,1.593,0.1636,-0.005633,53.0,0.01237,0.01743,0.03156,-1.576795,,,,,,,,,,,,,,,,,,-0.014469,-0.279777,0.829,2.163,0.9057,-2.18649,15,-0.622352,-0.03446,0.4172,0.2427,0,1,-0.011019,0.01323,0.02746,0.0452,0.12364,0,0.7925,-0.00882,-0.12563,-0.033061,-0.640184,1.215,-0.03319,-0.04196,0.4528,2.253,0.2012,-0.027299,53.0,0.01237,0.02143,0.03717,-3.102986,0.8077,0.02517,-0.12411,-0.003535,-0.072202,2.161,-0.00147,-0.03231,0.3269,2.764,0.2427,-0.000125,52.0,0.01323,0.02746,0.0452,-0.622352,,,,,,,,,,,,,,,,,,,,,,,,,,,,,,,,,,,,,,,,,,,,,,,,,,,,ACL_data,,2026-10-01
MACD_Hist_Positive + OBV_Trend_Bull,MACD_Hist_Positive + OBV_Trend_Bull,combo_2,53,momentum,Bullish,,,,,,,,,,,,,,,,,,0.8868,0.00381,-0.08998,-0.00681,-0.126946,3.114,-0.00788,-0.0291,0.4717,1.593,0.1636,-0.005633,53.0,0.01237,0.01743,0.03156,-1.576795,,,,,,,,,,,,,,,,,,-0.014469,-0.279777,0.829,2.163,0.9057,-2.18649,15,-0.622352,-0.03446,0.4172,0.2427,0,1,-0.011019,0.01323,0.02746,0.0452,0.12364,0,0.7925,-0.00882,-0.12563,-0.033061,-0.640184,1.215,-0.03319,-0.04196,0.4528,2.253,0.2012,-0.027299,53.0,0.01237,0.02143,0.03717,-3.102986,0.8077,0.02517,-0.12411,-0.003535,-0.072202,2.161,-0.00147,-0.03231,0.3269,2.764,0.2427,-0.000125,52.0,0.01323,0.02746,0.0452,-0.622352,,,,,,,,,,,,,,,,,,,,,,,,,,,,,,,,,,,,,,,,,,,,,,,,,,,,ACL_data,,2026-10-01
RSI_Cross50_Up + OBV_Trend_Bull,RSI_Cross50_Up + OBV_Trend_Bull,combo_2,45,momentum,Bullish,,,,,,,,,,,,,,,,,,0.7778,0.00651,-0.07243,-0.011035,-0.265433,1.557,-0.01209,-0.02438,0.4,1.536,0.2402,-0.010136,45.0,0.00506,0.01039,0.01845,-1.582013,,,,,,,,,,,,,,,,,,-0.023403,-0.534771,0.7407,1.186,0.9333,-2.266119,5,-1.582013,-0.04249,0.3407,0.3258,0,1,-0.024256,0.00506,0.01039,0.01845,0.80076,0,0.7111,-0.00873,-0.09054,-0.032365,-0.716193,0.843,-0.03259,-0.05136,0.3778,2.172,0.306,-0.033269,45.0,0.00506,0.01182,0.02255,-2.742047,0.7333,0.00265,-0.10783,-0.02681,-0.622686,1.158,-0.02661,-0.05172,0.2444,2.66,0.3258,-0.029364,45.0,0.00784,0.01737,0.03002,-2.76122,,,,,,,,,,,,,,,,,,,,,,,,,,,,,,,,,,,,,,,,,,,,,,,,,,,,ACL_data,,2026-10-01
RSI_Bull_Momentum,RSI_Bull_Momentum,single,74,momentum,Bullish,,,,,,,,,,,,,,,,,,0.7838,0.00185,-0.0857,-0.017084,-0.322651,1.141,-0.01663,-0.02389,0.4459,1.576,0.1682,-0.020499,74.0,0.00223,0.0115,0.02716,-1.59014,,,,,,,,,,,,,,,,,,-0.02285,-0.47485,0.7602,1.199,0.9595,-2.357899,5,-1.59014,-0.04078,0.3752,0.1998,0,1,-0.026489,0.00223,0.0115,0.02716,0.71868,0,0.7432,-0.00282,-0.11823,-0.03245,-0.699193,0.937,-0.03254,-0.04757,0.3784,2.229,0.1591,-0.034061,74.0,0.0047,0.01667,0.02937,-3.018758,0.7534,0.01455,-0.12157,-0.019016,-0.402704,1.518,-0.01846,-0.05088,0.3014,2.732,0.1998,-0.024905,73.0,0.00897,0.01889,0.03251,-2.639286,,,,,,,,,,,,,,,,,,,,,,,,,,,,,,,,,,,,,,,,,,,,,,,,,,,,ACL_data,,2026-10-01
RSI_Bull_Momentum + MACD_Hist_Positive,RSI_Bull_Momentum + MACD_Hist_Positive,combo_2,62,momentum,Bullish,,,,,,,,,,,,,,,,,,0.8387,0.00502,-0.07658,-0.008139,-0.170215,2.068,-0.00833,-0.0219,0.4516,1.561,0.169,-0.010319,62.0,0.00882,0.01711,0.03047,-1.458584,,,,,,,,,,,,,,,,,,-0.015261,-0.340886,0.8054,1.794,0.9355,-2.370015,5,-1.458584,-0.03638,0.3887,0.2312,0,1,-0.016286,0.00882,0.01711,0.03047,0.34671,0,0.7742,3e-05,-0.10886,-0.02456,-0.554845,1.15,-0.02465,-0.04177,0.4194,2.207,0.1856,-0.025017,62.0,0.0107,0.01755,0.0325,-2.643703,0.8033,0.00785,-0.09855,-0.013084,-0.297599,2.163,-0.01238,-0.04547,0.2951,2.705,0.2312,-0.013522,61.0,0.01318,0.02728,0.03633,-2.667125,,,,,,,,,,,,,,,,,,,,,,,,,,,,,,,,,,,,,,,,,,,,,,,,,,,,ACL_data,,2026-10-01
RSI_Bull_Momentum + MACD_Bullish_State,RSI_Bull_Momentum + MACD_Bullish_State,combo_2,62,momentum,Bullish,,,,,,,,,,,,,,,,,,0.8387,0.00502,-0.07658,-0.008139,-0.170215,2.068,-0.00833,-0.0219,0.4516,1.561,0.169,-0.010319,62.0,0.00882,0.01711,0.03047,-1.458584,,,,,,,,,,,,,,,,,,-0.015261,-0.340886,0.8054,1.794,0.9355,-2.370015,5,-1.458584,-0.03638,0.3887,0.2312,0,1,-0.016286,0.00882,0.01711,0.03047,0.34671,0,0.7742,3e-05,-0.10886,-0.02456,-0.554845,1.15,-0.02465,-0.04177,0.4194,2.207,0.1856,-0.025017,62.0,0.0107,0.01755,0.0325,-2.643703,0.8033,0.00785,-0.09855,-0.013084,-0.297599,2.163,-0.01238,-0.04547,0.2951,2.705,0.2312,-0.013522,61.0,0.01318,0.02728,0.03633,-2.667125,,,,,,,,,,,,,,,,,,,,,,,,,,,,,,,,,,,,,,,,,,,,,,,,,,,,ACL_data,,2026-10-01
RSI_Bull_Momentum + OBV_Trend_Bull,RSI_Bull_Momentum + OBV_Trend_Bull,combo_2,73,momentum,Bullish,,,,,,,,,,,,,,,,,,0.7808,-0.00255,-0.08096,-0.019737,-0.382626,1.033,-0.01928,-0.02281,0.4658,1.552,0.1956,-0.020759,72.0,0.00434,0.01238,0.01968,-1.701857,,,,,,,,,,,,,,,,,,-0.024723,-0.521493,0.7604,1.104,0.9589,-2.375614,5,-1.701857,-0.03728,0.4091,0.1957,0,1,-0.027299,0.00434,0.01238,0.01968,0.6665,0,0.7397,-0.00599,-0.12899,-0.038005,-0.82076,0.753,-0.03806,-0.04196,0.4658,2.196,0.1809,-0.03975,72.0,0.00434,0.0144,0.02926,-3.532607,0.7606,0.01971,-0.13121,-0.016428,-0.361093,1.524,-0.0159,-0.04706,0.2958,2.692,0.1957,-0.021388,70.0,0.00877,0.01783,0.03261,-2.369309,,,,,,,,,,,,,,,,,,,,,,,,,,,,,,,,,,,,,,,,,,,,,,,,,,,,ACL_data,,2026-10-01
RSI_Cross50_Up + Price_Above_SMA20,RSI_Cross50_Up + Price_Above_SMA20,combo_2,51,momentum,Bullish,,,,,,,,,,,,,,,,,,0.8039,0.01022,-0.0646,-0.00445,-0.134318,2.22,-0.00406,-0.02281,0.3725,1.533,0.1893,-0.005431,51.0,0.00722,0.01667,0.02728,-1.178035,,,,,,,,,,,,,,,,,,-0.015219,-0.394877,0.7647,1.664,0.9412,-2.444169,5,-1.178035,-0.03858,0.3464,0.302,0,1,-0.01494,0.00722,0.01667,0.02728,0.6856,0,0.7451,-0.00286,-0.0768,-0.021703,-0.540244,1.365,-0.02213,-0.04121,0.3529,2.168,0.2272,-0.020179,51.0,0.01054,0.01747,0.02941,-2.912803,0.7451,0.00383,-0.08772,-0.019504,-0.510068,1.409,-0.0199,-0.05172,0.3137,2.655,0.302,-0.01921,51.0,0.01215,0.01783,0.03429,-2.839828,,,,,,,,,,,,,,,,,,,,,,,,,,,,,,,,,,,,,,,,,,,,,,,,,,,,ACL_data,,2026-10-01
RSI_Bull_Momentum + RSI_Cross50_Up,RSI_Bull_Momentum + RSI_Cross50_Up,combo_2,59,momentum,Bullish,,,,,,,,,,,,,,,,,,0.7797,0.00608,-0.06877,-0.010409,-0.244089,1.586,-0.01104,-0.02438,0.3898,1.56,0.189,-0.012094,59.0,0.00541,0.0115,0.02347,-1.58515,,,,,,,,,,,,,,,,,,-0.024585,-0.550131,0.7458,1.171,0.9492,-2.502716,5,-1.58515,-0.04168,0.3672,0.2944,0,1,-0.02669,0.00541,0.0115,0.02347,0.83237,0,0.7288,-0.01072,-0.08365,-0.030499,-0.681109,1.011,-0.03059,-0.04978,0.3729,2.206,0.2272,-0.031556,59.0,0.00846,0.01667,0.02799,-2.818752,0.7288,-0.00438,-0.10935,-0.032845,-0.725196,0.915,-0.03087,-0.05088,0.339,2.702,0.2944,-0.036421,59.0,0.00958,0.01769,0.03022,-2.969202,,,,,,,,,,,,,,,,,,,,,,,,,,,,,,,,,,,,,,,,,,,,,,,,,,,,ACL_data,,2026-10-01
RSI_Cross50_Up + OBV_Rising,RSI_Cross50_Up + OBV_Rising,combo_2,59,momentum,Bullish,,,,,,,,,,,,,,,,,,0.7797,0.00608,-0.06877,-0.010409,-0.244089,1.586,-0.01104,-0.02438,0.3898,1.56,0.189,-0.012094,59.0,0.00541,0.0115,0.02347,-1.58515,,,,,,,,,,,,,,,,,,-0.024585,-0.550131,0.7458,1.171,0.9492,-2.502716,5,-1.58515,-0.04168,0.3672,0.2944,0,1,-0.02669,0.00541,0.0115,0.02347,0.83237,0,0.7288,-0.01072,-0.08365,-0.030499,-0.681109,1.011,-0.03059,-0.04978,0.3729,2.206,0.2272,-0.031556,59.0,0.00846,0.01667,0.02799,-2.818752,0.7288,-0.00438,-0.10935,-0.032845,-0.725196,0.915,-0.03087,-0.05088,0.339,2.702,0.2944,-0.036421,59.0,0.00958,0.01769,0.03022,-2.969202,,,,,,,,,,,,,,,,,,,,,,,,,,,,,,,,,,,,,,,,,,,,,,,,,,,,ACL_data,,2026-10-01
RSI_Cross50_Up,RSI_Cross50_Up,single,59,momentum,Bullish,,,,,,,,,,,,,,,,,,0.7797,0.00608,-0.06877,-0.010409,-0.244089,1.586,-0.01104,-0.02438,0.3898,1.56,0.189,-0.012094,59.0,0.00541,0.0115,0.02347,-1.58515,,,,,,,,,,,,,,,,,,-0.024585,-0.550131,0.7458,1.171,0.9492,-2.502716,5,-1.58515,-0.04168,0.3672,0.2944,0,1,-0.02669,0.00541,0.0115,0.02347,0.83237,0,0.7288,-0.01072,-0.08365,-0.030499,-0.681109,1.011,-0.03059,-0.04978,0.3729,2.206,0.2272,-0.031556,59.0,0.00846,0.01667,0.02799,-2.818752,0.7288,-0.00438,-0.10935,-0.032845,-0.725196,0.915,-0.03087,-0.05088,0.339,2.702,0.2944,-0.036421,59.0,0.00958,0.01769,0.03022,-2.969202,,,,,,,,,,,,,,,,,,,,,,,,,,,,,,,,,,,,,,,,,,,,,,,,,,,,ACL_data,,2026-10-01
RSI_Cross50_Up + MACD_Hist_Rising,RSI_Cross50_Up + MACD_Hist_Rising,combo_2,50,momentum,Bullish,,,,,,,,,,,,,,,,,,0.8,0.01305,-0.0679,-0.003142,-0.108999,2.115,-0.0042,-0.02161,0.38,1.546,0.189,-0.006102,50.0,0.00709,0.01576,0.02851,-0.906364,,,,,,,,,,,,,,,,,,-0.019834,-0.462255,0.7733,1.476,0.96,-2.576022,5,-0.906364,-0.03706,0.3733,0.2944,0,1,-0.022403,0.00709,0.01576,0.02851,0.66505,0,0.76,-0.0071,-0.09246,-0.027589,-0.638669,1.212,-0.02781,-0.04059,0.4,2.187,0.2304,-0.028615,50.0,0.00952,0.01731,0.02932,-3.042495,0.76,0.0017,-0.12527,-0.028772,-0.639098,1.103,-0.02703,-0.04897,0.34,2.678,0.2944,-0.032492,50.0,0.01191,0.0203,0.03207,-2.770869,,,,,,,,,,,,,,,,,,,,,,,,,,,,,,,,,,,,,,,,,,,,,,,,,,,,ACL_data,,2026-10-01
MACD_Hist_Rising + CCI_Exit_Oversold,MACD_Hist_Rising + CCI_Exit_Oversold,combo_2,72,momentum,Bullish,,,,,,,,,,,,,,,,,,0.875,0.01612,-0.0474,0.008177,0.114798,6.249,0.00837,-0.01399,0.3333,1.692,0.1022,0.005045,71.0,0.01805,0.02095,0.02649,3.078037,,,,,,,,,,,,,,,,,,-0.006308,-0.150153,0.8472,4.548,0.9306,-2.726685,5,3.078037,-0.02654,0.3426,0.1977,0,1,-0.010071,0.01805,0.02095,0.02649,0.10234,0,0.8611,-0.00207,-0.05143,-0.00893,-0.18815,4.859,-0.00746,-0.02717,0.3194,2.393,0.1658,-0.011613,71.0,0.01846,0.02132,0.03049,-3.922824,0.8056,-0.00168,-0.08648,-0.018169,-0.377106,2.536,-0.01425,-0.03846,0.375,2.931,0.1977,-0.023644,71.0,0.01993,0.02644,0.03226,-4.103559,,,,,,,,,,,,,,,,,,,,,,,,,,,,,,,,,,,,,,,,,,,,,,,,,,,,ACL_data,,2026-10-01
OBV_Trend_Bull,OBV_Trend_Bull,single,66,momentum,Bullish,,,,,,,,,,,,,,,,,,0.7879,0.00454,-0.08792,-0.015072,-0.3115,1.63,-0.01524,-0.02298,0.4394,1.622,0.1356,-0.014161,65.0,0.00236,0.0138,0.02121,-2.135493,,,,,,,,,,,,,,,,,,-0.026484,-0.556589,0.7563,1.28,0.9506,-2.847906,5,-2.135493,-0.03321,0.4617,0.2047,0,1,-0.025393,0.00236,0.0138,0.02121,0.79703,0,0.7424,-0.01166,-0.12657,-0.041254,-0.849983,0.886,-0.0385,-0.03621,0.5303,2.294,0.2047,-0.039482,65.0,0.00942,0.01833,0.02869,-3.573919,0.7385,0.02038,-0.14597,-0.023128,-0.508285,1.324,-0.0232,-0.04044,0.4154,2.813,0.1612,-0.022536,64.0,0.00984,0.01834,0.03229,-2.830235,,,,,,,,,,,,,,,,,,,,,,,,,,,,,,,,,,,,,,,,,,,,,,,,,,,,ACL_data,,2026-10-01
Golden_Cross_State + OBV_Rising,Golden_Cross_State + OBV_Rising,combo_2,49,trend,Bullish,,,,,,,,,,,,,,,,,,,,,,,,,,,,,,,,,,,,,,,,,,,,,,,,,,,,-0.037497,-0.823378,0.7483,0.814,0.9388,-3.023865,10,-1.341457,-0.037,0.4694,0.182,0,1,-0.040252,0.01019,0.02122,0.02831,0.51093,0,0.7143,0.01097,-0.08318,-0.015927,-0.342906,0.987,-0.01493,-0.03191,0.4082,2.519,0.1365,-0.01948,48.0,0.01019,0.02122,0.02831,-1.341457,,,,,,,,,,,,,,,,,,0.7755,-0.01028,-0.10294,-0.031084,-0.712602,0.807,-0.02996,-0.0117,0.5102,3.562,0.182,-0.035211,48.0,0.01459,0.02806,0.03942,-2.787715,0.7551,-0.03862,-0.14829,-0.06548,-1.414626,0.646,-0.06504,-0.0674,0.4898,4.363,0.168,-0.066065,48.0,0.01459,0.03418,0.04011,-5.534048,,,,,,,,,,,,,,,,,,ACL_data,,2026-10-01
Price_Above_EMA200 + OBV_Rising,Price_Above_EMA200 + OBV_Rising,combo_2,42,trend,Bullish,,,,,,,,,,,,,,,,,,,,,,,,,,,,,,,,,,,,,,,,,,,,,,,,,,,,-0.042576,-0.937072,0.6667,0.791,0.9048,-3.188846,10,-1.560406,-0.05275,0.4524,0.3633,0,1,-0.041111,0.0073,0.01961,0.02581,0.94467,0,0.7143,0.01759,-0.0871,-0.012318,-0.312092,1.329,-0.01212,-0.04152,0.3571,2.304,0.2547,-0.010303,41.0,0.0073,0.01961,0.02581,-1.560406,,,,,,,,,,,,,,,,,,0.6667,-0.01708,-0.11285,-0.049002,-1.030229,0.619,-0.0487,-0.0494,0.5,3.258,0.3633,-0.044907,41.0,0.0073,0.01961,0.03122,-3.874899,0.619,-0.01101,-0.15642,-0.066407,-1.468894,0.426,-0.06569,-0.06732,0.5,3.99,0.2841,-0.068122,41.0,0.00781,0.02144,0.03414,-5.524803,,,,,,,,,,,,,,,,,,ACL_data,,2026-10-01
Golden_Cross_State + Stoch_Cross_Up,Golden_Cross_State + Stoch_Cross_Up,combo_2,31,trend,Bullish,,,,,,,,,,,,,,,,,,,,,,,,,,,,,,,,,,,,,,,,,,,,,,,,,,,,-0.046219,-0.997837,0.7742,0.806,0.9355,-3.235128,10,-1.999221,-0.0429,0.5269,0.3337,0,1,-0.051691,0.01184,0.01899,0.03224,0.38219,0,0.7419,-0.00906,-0.07368,-0.025737,-0.576853,0.785,-0.02558,-0.0351,0.4516,2.469,0.1765,-0.029548,30.0,0.01184,0.01899,0.03224,-1.999221,,,,,,,,,,,,,,,,,,0.8065,-0.02882,-0.08961,-0.040583,-0.893434,0.888,-0.03944,-0.02485,0.5806,3.492,0.3337,-0.045899,30.0,0.01719,0.0336,0.04532,-3.096407,0.7742,-0.05627,-0.12743,-0.072338,-1.523224,0.746,-0.07249,-0.06876,0.5484,4.276,0.2338,-0.079625,30.0,0.01719,0.0336,0.04532,-5.279094,,,,,,,,,,,,,,,,,,ACL_data,,2026-10-01
Price_Above_SMA50 + CCI_Exit_Oversold,Price_Above_SMA50 + CCI_Exit_Oversold,combo_2,11,trend,Bullish,,,,,,,,,,,,,,,,,,,,,,,,,,,,,,,,,,,,,,,,,,,,,,,,,,,,-0.123081,-2.703669,0.6364,0.0,0.5455,-3.664563,10,-3.669127,-0.06723,0.5455,,0,1,-0.121603,0.01942,0.02092,0.02642,0.32587,0,0.9091,-0.06895,-0.02727,-0.065162,-1.476565,0.0,-0.06521,-0.04121,0.5455,2.092,,-0.063097,11.0,0.01942,0.02092,0.02642,-3.669127,,,,,,,,,,,,,,,,,,0.5455,-0.12515,-0.1483,-0.135674,-2.953641,0.0,-0.13555,-0.07089,0.5455,2.959,,-0.136588,11.0,0.01942,0.02092,0.02642,-7.339522,0.4545,-0.13635,-0.19512,-0.168406,-3.680802,0.0,-0.17024,-0.08959,0.5455,3.624,,-0.165125,11.0,0.02092,0.02826,0.03139,-9.146449,,,,,,,,,,,,,,,,,,ACL_data,,2026-10-01
Price_Below_SMA50 + Price_Below_EMA200,Price_Below_SMA50 + Price_Below_EMA200,combo_2,26,trend,Bearish,,,,,,,,,,,,,,,,,,,,,,,,,,,,,,,,,,,,,,,,,,,,,,,,,,,,0.075539,1.473828,0.9467,17.59,0.84,40.802961,10,30.498498,-0.05618,0.3561,0.2455,0,1,0.078877,0.01523,0.02713,0.03531,0.01132,1,0.84,0.06017,-0.01621,0.047953,0.925364,17.59,-0.05054,-0.0219,0.36,2.178,0.2455,0.045895,25.0,0.01523,0.02713,0.03531,30.498498,,,,,,,,,,,,,,,,,,1.0,0.06791,0.0,0.067913,1.263392,,-0.06291,-0.05262,0.2917,3.051,0.1809,0.072144,24.0,0.06281,0.07189,0.08057,4.163934,1.0,0.11075,0.0,0.11075,2.232727,,-0.10612,-0.09402,0.4167,3.737,0.1808,0.118593,24.0,0.08207,0.09257,0.11026,7.358703,,,,,,,,,,,,,,,,,,ACL_data,,2026-10-01
Price_Below_EMA200 + Stoch_Bear_Zone,Price_Below_EMA200 + Stoch_Bear_Zone,combo_2,81,trend,Bearish,,,,,,,,,,,,,,,,,,,,,,,,,,,,,,,,,,,,,,,,,,,,,,,,,,,,0.043893,0.921437,0.9044,12.925,0.9525,38.676094,30,56.478171,-0.04429,0.4959,0.1026,0,1,0.040579,0.04701,0.08101,0.09472,0.01524,1,0.8765,0.03448,-0.02743,0.026838,0.536357,12.843,-0.02547,-0.02041,0.4691,2.209,0.1026,0.025007,81.0,0.01973,0.02912,0.03551,23.635727,,,,,,,,,,,,,,,,,,0.9125,0.0547,-0.07219,0.043596,0.946317,10.733,-0.04407,-0.05136,0.525,3.123,0.0721,0.03901,80.0,0.03587,0.05169,0.06842,41.701521,0.9241,0.07258,-0.07663,0.061245,1.281638,15.2,-0.06021,-0.0611,0.4937,3.818,0.0767,0.057721,79.0,0.04701,0.08101,0.09472,56.478171,,,,,,,,,,,,,,,,,,ACL_data,,2026-10-01
Death_Cross_State + Price_Below_SMA50,Death_Cross_State + Price_Below_SMA50,combo_2,24,trend,Bearish,,,,,,,,,,,,,,,,,,,,,,,,,,,,,,,,,,,,,,,,,,,,,,,,,,,,0.077196,1.532076,0.9124,41.647,0.7826,38.59483,20,41.824166,-0.05401,0.3577,0.305,0,1,0.077939,0.05307,0.06783,0.07452,0.01863,1,0.7826,0.05059,-0.0158,0.036155,0.755118,11.984,-0.03888,-0.01538,0.3913,2.145,0.305,0.036929,23.0,0.01166,0.01861,0.03033,24.306316,,,,,,,,,,,,,,,,,,0.9545,0.07346,-0.02886,0.068811,1.299341,71.311,-0.06383,-0.05262,0.2727,3.0,0.1893,0.071271,22.0,0.05307,0.06783,0.07452,41.824166,1.0,0.12662,0.0,0.126621,2.541768,,-0.12201,-0.09402,0.4091,3.675,0.1733,0.125616,22.0,0.08434,0.093,0.10165,8.181636,,,,,,,,,,,,,,,,,,ACL_data,,2026-10-01
Death_Cross_State + Stoch_Bear_Zone,Death_Cross_State + Stoch_Bear_Zone,combo_2,71,trend,Bearish,,,,,,,,,,,,,,,,,,,,,,,,,,,,,,,,,,,,,,,,,,,,,,,,,,,,0.042209,0.908233,0.9146,14.215,0.9312,36.170151,30,48.0254,-0.04366,0.491,0.1192,0,1,0.0387,0.05278,0.06879,0.08592,0.00634,1,0.8732,0.0378,-0.01538,0.031064,0.618704,20.096,-0.02924,-0.02143,0.4085,2.13,0.1192,0.027704,70.0,0.02051,0.02912,0.03464,26.459899,,,,,,,,,,,,,,,,,,0.9286,0.05555,-0.08803,0.045295,0.983031,10.684,-0.04596,-0.05136,0.5429,3.011,0.0816,0.040616,69.0,0.0385,0.0507,0.05989,42.040942,0.942,0.0605,-0.11594,0.050269,1.122964,11.865,-0.05094,-0.0582,0.5217,3.677,0.0963,0.047779,68.0,0.05278,0.06879,0.08592,48.0254,,,,,,,,,,,,,,,,,,ACL_data,,2026-10-01
Death_Cross_State + Stoch_Cross_Down,Death_Cross_State + Stoch_Cross_Down,combo_2,75,trend,Bearish,,,,,,,,,,,,,,,,,,,,,,,,,,,,,,,,,,,,,,,,,,,,,,,,,,,,0.041095,0.876369,0.919,13.816,0.9474,35.956383,20,41.676617,-0.04424,0.5005,0.1064,0,1,0.040027,0.0377,0.05068,0.05938,0.0024,1,0.8933,0.03924,-0.01646,0.033295,0.670918,23.492,-0.03155,-0.02293,0.4267,2.123,0.1064,0.032416,74.0,0.02059,0.02953,0.03481,29.055685,,,,,,,,,,,,,,,,,,0.9459,0.05378,-0.11234,0.044804,0.962345,11.32,-0.04009,-0.04827,0.527,3.004,0.0762,0.042006,73.0,0.0377,0.05068,0.05938,41.676617,0.9178,0.06235,-0.14651,0.045186,0.995843,6.636,-0.04676,-0.06152,0.5479,3.669,0.0905,0.045658,72.0,0.04829,0.06629,0.08423,28.621027,,,,,,,,,,,,,,,,,,ACL_data,,2026-10-01
Price_Below_EMA200 + Stoch_Cross_Down,Price_Below_EMA200 + Stoch_Cross_Down,combo_2,84,trend,Bearish,,,,,,,,,,,,,,,,,,,,,,,,,,,,,,,,,,,,,,,,,,,,,,,,,,,,0.039005,0.826534,0.9077,10.951,0.9651,35.440193,20,37.776717,-0.04359,0.5223,0.0939,0,1,0.038646,0.03444,0.05298,0.06687,0.00717,1,0.8929,0.03653,-0.02974,0.029431,0.59732,14.351,-0.02809,-0.02218,0.4762,2.212,0.0939,0.029951,84.0,0.02002,0.02943,0.03542,26.536846,,,,,,,,,,,,,,,,,,0.9277,0.04826,-0.08621,0.038543,0.850319,10.472,-0.03439,-0.04582,0.5542,3.132,0.0715,0.036917,83.0,0.03444,0.05298,0.06687,37.776717,0.9024,0.06589,-0.10683,0.049042,1.031963,8.031,-0.04945,-0.06279,0.5366,3.828,0.0775,0.049072,82.0,0.04762,0.07739,0.08933,36.819203,,,,,,,,,,,,,,,,,,ACL_data,,2026-10-01
Price_Below_EMA200 + Williams_Overbought,Price_Below_EMA200 + Williams_Overbought,combo_2,19,trend,Bearish,,,,,,,,,,,,,,,,,,,,,,,,,,,,,,,,,,,,,,,,,,,,,,,,,,,,0.061526,1.282731,0.8351,18.664,0.9071,34.858098,20,56.772294,-0.04656,0.4268,0.2227,0,1,0.061153,0.01705,0.04492,0.06901,0.4537,0,0.7895,0.04822,-0.02247,0.033341,0.79631,8.36,-0.03263,-0.02381,0.4211,2.255,0.2111,0.032779,19.0,0.01383,0.02692,0.04126,19.943709,,,,,,,,,,,,,,,,,,0.8333,0.11484,-0.02534,0.091473,1.895106,23.445,-0.09234,-0.05921,0.3889,3.17,0.185,0.09368,18.0,0.01705,0.04492,0.06901,56.772294,0.8824,0.07217,-0.03328,0.059763,1.156777,24.187,-0.05779,-0.05667,0.4706,3.864,0.2227,0.057,17.0,0.03357,0.05692,0.0927,34.65394,,,,,,,,,,,,,,,,,,ACL_data,,2026-10-01
Price_Below_SMA50 + Williams_Overbought,Price_Below_SMA50 + Williams_Overbought,combo_2,13,trend,Bearish,,,,,,,,,,,,,,,,,,,,,,,,,,,,,,,,,,,,,,,,,,,,,,,,,,,,0.078311,1.460711,0.8974,9.656,0.9231,34.361111,30,48.013817,-0.06564,0.4615,0.2566,0,1,0.076762,0.0724,0.10368,0.11106,0.3281,0,0.8462,0.06514,-0.09136,0.041062,0.813218,3.921,-0.03889,-0.03893,0.4615,2.449,0.2566,0.044184,13.0,0.02288,0.03835,0.04972,8.415587,,,,,,,,,,,,,,,,,,0.9231,0.11515,-0.13635,0.095803,1.749558,10.573,-0.09458,-0.06272,0.4615,3.464,0.2289,0.091758,13.0,0.05868,0.07349,0.0938,46.171846,0.9231,0.11501,-0.10523,0.098067,1.819355,14.475,-0.09931,-0.09526,0.4615,4.242,0.2363,0.094345,13.0,0.0724,0.10368,0.11106,48.013817,,,,,,,,,,,,,,,,,,ACL_data,,2026-10-01
Price_Below_EMA200 + OBV_Trend_Bear,Price_Below_EMA200 + OBV_Trend_Bear,combo_2,46,trend,Bearish,,,,,,,,,,,,,,,,,,,,,,,,,,,,,,,,,,,,,,,,,,,,,,,,,,,,0.047496,1.013232,0.9182,13.652,0.8677,33.849789,30,67.422394,-0.04307,0.481,0.1737,0,1,0.046092,0.04881,0.06883,0.09465,0.00378,1,0.8444,0.03072,-0.04806,0.018466,0.351904,6.567,-0.01737,-0.01134,0.4667,2.311,0.1737,0.015344,45.0,0.01429,0.02335,0.04243,8.897512,,,,,,,,,,,,,,,,,,0.9333,0.05407,-0.14776,0.040617,0.936628,7.646,-0.0358,-0.05387,0.5111,3.269,0.1017,0.039661,45.0,0.04013,0.05743,0.07612,27.57142,0.9767,0.08944,-0.16989,0.083404,1.751164,26.743,-0.07929,-0.064,0.4651,3.977,0.1207,0.083272,43.0,0.04881,0.06883,0.09465,67.422394,,,,,,,,,,,,,,,,,,ACL_data,,2026-10-01
OBV_Falling + CDL_GravestoneDoji,OBV_Falling + CDL_GravestoneDoji,combo_2,20,momentum,Bearish,,,,,,,,,,,,,,,,,,0.9,0.05912,-0.08417,0.044793,0.932396,7.051,-0.04125,-0.02414,0.45,1.809,0.1713,0.049755,20.0,0.01422,0.02315,0.04211,20.016397,,,,,,,,,,,,,,,,,,0.061843,1.16527,0.8667,10.302,0.95,33.703052,10,43.307635,-0.05584,0.4833,0.1808,0,1,0.067866,0.01482,0.05156,0.08413,0.19135,0,0.85,0.09236,-0.04905,0.071152,1.422477,12.009,-0.07363,-0.07522,0.5,2.558,0.1808,0.073447,20.0,0.01482,0.05156,0.08413,43.307635,0.85,0.09191,-0.05694,0.069582,1.140936,11.847,-0.06533,-0.06817,0.5,3.134,0.1702,0.080397,20.0,0.01747,0.05805,0.13751,34.736042,,,,,,,,,,,,,,,,,,,,,,,,,,,,,,,,,,,,,,,,,,,,,,,,,,,,ACL_data,,2026-10-01
Death_Cross_State + OBV_Trend_Bear,Death_Cross_State + OBV_Trend_Bear,combo_2,39,trend,Bearish,,,,,,,,,,,,,,,,,,,,,,,,,,,,,,,,,,,,,,,,,,,,,,,,,,,,0.04428,1.013325,0.8942,11.092,0.8699,32.516514,30,60.838198,-0.04711,0.4995,0.2045,0,1,0.04334,0.05554,0.06307,0.09335,0.01178,1,0.8421,0.03303,-0.05434,0.019237,0.405778,5.751,-0.01815,-0.01271,0.4737,2.261,0.2045,0.016953,38.0,0.01631,0.02234,0.03258,8.608417,,,,,,,,,,,,,,,,,,0.8684,0.06125,-0.0961,0.040545,0.984964,6.273,-0.03575,-0.06264,0.5526,3.198,0.1144,0.040357,38.0,0.02275,0.05493,0.06834,22.791703,0.9722,0.08,-0.16989,0.073057,1.649232,21.254,-0.06896,-0.06598,0.4722,3.88,0.1518,0.07271,36.0,0.05554,0.06307,0.09335,60.838198,,,,,,,,,,,,,,,,,,ACL_data,,2026-10-01
MACD_Hist_Falling + Stoch_Overbought,MACD_Hist_Falling + Stoch_Overbought,combo_2,13,momentum,Bearish,,,,,,,,,,,,,,,,,,0.9231,0.08006,-0.00587,0.073446,1.568806,183.478,-0.07086,-0.06868,0.3077,1.554,0.2042,0.071068,13.0,0.04512,0.08186,0.08918,41.401683,,,,,,,,,,,,,,,,,,0.063409,1.32226,0.9744,183.478,0.9231,32.210965,5,41.401683,-0.07244,0.4509,0.2846,0,1,0.059696,0.04512,0.08186,0.08918,0.07461,1,1.0,0.08512,0.0,0.08512,1.824546,,-0.0811,-0.07438,0.4615,2.198,0.2846,0.081379,13.0,0.06737,0.09222,0.10734,4.815082,1.0,0.03166,0.0,0.031661,0.573429,,-0.0324,-0.07427,0.5833,2.699,0.2818,0.02664,12.0,0.06508,0.09945,0.11537,1.513313,,,,,,,,,,,,,,,,,,,,,,,,,,,,,,,,,,,,,,,,,,,,,,,,,,,,ACL_data,,2026-10-01
RSI_Cross50_Down + MACD_Hist_Falling,RSI_Cross50_Down + MACD_Hist_Falling,combo_2,51,momentum,Bearish,,,,,,,,,,,,,,,,,,0.8235,0.04307,-0.01264,0.033238,0.677192,14.122,-0.03316,-0.02065,0.3922,1.596,0.1124,0.032565,51.0,0.01304,0.02128,0.03423,26.757488,,,,,,,,,,,,,,,,,,0.042952,0.842624,0.8945,26.628,0.8835,29.416349,15,40.088155,-0.02971,0.3707,0.1437,0,1,0.047069,0.03672,0.05404,0.06257,0.01699,1,0.92,0.04816,-0.01209,0.043338,0.836111,44.975,-0.04586,-0.03503,0.36,2.252,0.1437,0.050066,50.0,0.02962,0.03669,0.04428,33.036765,0.94,0.0588,-0.04991,0.05228,1.014571,20.786,-0.05241,-0.03346,0.36,2.759,0.1152,0.058577,50.0,0.03672,0.05404,0.06257,40.088155,,,,,,,,,,,,,,,,,,,,,,,,,,,,,,,,,,,,,,,,,,,,,,,,,,,,ACL_data,,2026-10-01
VWAP_Bear,VWAP_Bear,single,18,momentum,Bearish,,,,,,,,,,,,,,,,,,0.9375,0.04733,-0.04541,0.041535,0.735148,18.069,-0.04202,-0.03322,0.4375,1.89,0.2327,0.03908,16.0,0.02262,0.02828,0.0421,21.645993,,,,,,,,,,,,,,,,,,0.056467,1.051785,0.9167,22.158,0.9375,29.033584,15,32.980106,-0.04323,0.375,0.279,0,1,0.058248,0.04349,0.06306,0.06844,0.13052,0,0.9375,0.0625,-0.02802,0.056842,1.007485,40.477,-0.05506,-0.04417,0.3125,2.673,0.279,0.059715,16.0,0.03666,0.05335,0.05767,29.664793,0.875,0.09249,-0.07924,0.071023,1.41272,7.929,-0.07005,-0.0523,0.375,3.273,0.2735,0.075949,16.0,0.04349,0.06306,0.06844,32.980106,,,,,,,,,,,,,,,,,,,,,,,,,,,,,,,,,,,,,,,,,,,,,,,,,,,,ACL_data,,2026-10-01
RSI_Cross50_Down + MACD_Bearish_State,RSI_Cross50_Down + MACD_Bearish_State,combo_2,23,momentum,Bearish,,,,,,,,,,,,,,,,,,0.7391,0.04439,-0.0045,0.031637,0.64576,15.289,-0.03269,-0.02065,0.3478,1.589,0.2438,0.034537,23.0,0.01146,0.01407,0.02009,20.522594,,,,,,,,,,,,,,,,,,0.059675,1.155944,0.8841,15.289,0.7826,28.750333,5,20.522594,-0.04394,0.3623,0.2438,0,1,0.065774,0.01146,0.01407,0.02009,0.06116,1,0.9565,0.07104,0.0048,0.068165,1.336247,,-0.07114,-0.04039,0.2609,2.247,0.2202,0.073495,23.0,0.03083,0.04123,0.05565,4.246665,0.9565,0.08242,0.00883,0.079224,1.485827,,-0.07997,-0.0708,0.4783,2.752,0.1583,0.08929,23.0,0.04081,0.05107,0.06376,4.722037,,,,,,,,,,,,,,,,,,,,,,,,,,,,,,,,,,,,,,,,,,,,,,,,,,,,ACL_data,,2026-10-01
RSI_Cross50_Down + MACD_Hist_Negative,RSI_Cross50_Down + MACD_Hist_Negative,combo_2,23,momentum,Bearish,,,,,,,,,,,,,,,,,,0.7391,0.04439,-0.0045,0.031637,0.64576,15.289,-0.03269,-0.02065,0.3478,1.589,0.2438,0.034537,23.0,0.01146,0.01407,0.02009,20.522594,,,,,,,,,,,,,,,,,,0.059675,1.155944,0.8841,15.289,0.7826,28.750333,5,20.522594,-0.04394,0.3623,0.2438,0,1,0.065774,0.01146,0.01407,0.02009,0.06116,1,0.9565,0.07104,0.0048,0.068165,1.336247,,-0.07114,-0.04039,0.2609,2.247,0.2202,0.073495,23.0,0.03083,0.04123,0.05565,4.246665,0.9565,0.08242,0.00883,0.079224,1.485827,,-0.07997,-0.0708,0.4783,2.752,0.1583,0.08929,23.0,0.04081,0.05107,0.06376,4.722037,,,,,,,,,,,,,,,,,,,,,,,,,,,,,,,,,,,,,,,,,,,,,,,,,,,,ACL_data,,2026-10-01
RSI_Cross50_Down + OBV_Falling,RSI_Cross50_Down + OBV_Falling,combo_2,60,momentum,Bearish,,,,,,,,,,,,,,,,,,0.8167,0.04414,-0.01853,0.032648,0.650917,10.202,-0.03263,-0.02074,0.4,1.626,0.0942,0.033318,60.0,0.01285,0.02044,0.03349,26.758367,,,,,,,,,,,,,,,,,,0.039977,0.766134,0.8767,14.418,0.9014,28.389809,15,38.152026,-0.02897,0.3932,0.122,0,1,0.044558,0.03305,0.05255,0.06188,0.04144,1,0.8983,0.04658,-0.03032,0.038756,0.71941,15.405,-0.03987,-0.03402,0.4068,2.297,0.122,0.045632,59.0,0.02016,0.03629,0.04808,29.574023,0.9153,0.05677,-0.04056,0.048526,0.928076,17.648,-0.04894,-0.03214,0.3729,2.813,0.1012,0.054723,59.0,0.03305,0.05255,0.06188,38.152026,,,,,,,,,,,,,,,,,,,,,,,,,,,,,,,,,,,,,,,,,,,,,,,,,,,,ACL_data,,2026-10-01
RSI_Bear_Momentum + RSI_Cross50_Down,RSI_Bear_Momentum + RSI_Cross50_Down,combo_2,60,momentum,Bearish,,,,,,,,,,,,,,,,,,0.8167,0.04414,-0.01853,0.032648,0.650917,10.202,-0.03263,-0.02074,0.4,1.626,0.0942,0.033318,60.0,0.01285,0.02044,0.03349,26.758367,,,,,,,,,,,,,,,,,,0.039977,0.766134,0.8767,14.418,0.9014,28.389809,15,38.152026,-0.02897,0.3932,0.122,0,1,0.044558,0.03305,0.05255,0.06188,0.04144,1,0.8983,0.04658,-0.03032,0.038756,0.71941,15.405,-0.03987,-0.03402,0.4068,2.297,0.122,0.045632,59.0,0.02016,0.03629,0.04808,29.574023,0.9153,0.05677,-0.04056,0.048526,0.928076,17.648,-0.04894,-0.03214,0.3729,2.813,0.1012,0.054723,59.0,0.03305,0.05255,0.06188,38.152026,,,,,,,,,,,,,,,,,,,,,,,,,,,,,,,,,,,,,,,,,,,,,,,,,,,,ACL_data,,2026-10-01
RSI_Cross50_Down,RSI_Cross50_Down,single,60,momentum,Bearish,,,,,,,,,,,,,,,,,,0.8167,0.04414,-0.01853,0.032648,0.650917,10.202,-0.03263,-0.02074,0.4,1.626,0.0942,0.033318,60.0,0.01285,0.02044,0.03349,26.758367,,,,,,,,,,,,,,,,,,0.039977,0.766134,0.8767,14.418,0.9014,28.389809,15,38.152026,-0.02897,0.3932,0.122,0,1,0.044558,0.03305,0.05255,0.06188,0.04144,1,0.8983,0.04658,-0.03032,0.038756,0.71941,15.405,-0.03987,-0.03402,0.4068,2.297,0.122,0.045632,59.0,0.02016,0.03629,0.04808,29.574023,0.9153,0.05677,-0.04056,0.048526,0.928076,17.648,-0.04894,-0.03214,0.3729,2.813,0.1012,0.054723,59.0,0.03305,0.05255,0.06188,38.152026,,,,,,,,,,,,,,,,,,,,,,,,,,,,,,,,,,,,,,,,,,,,,,,,,,,,ACL_data,,2026-10-01
RSI_Cross50_Down + Death_Cross_State,RSI_Cross50_Down + Death_Cross_State,combo_2,31,trend,Bearish,,,,,,,,,,,,,,,,,,,,,,,,,,,,,,,,,,,,,,,,,,,,,,,,,,,,0.046051,0.944409,0.9444,113.126,0.8667,28.366638,10,26.792678,-0.04198,0.4383,0.2406,0,1,0.048766,0.01364,0.03349,0.03978,0.00516,1,0.8667,0.04699,-0.01444,0.038799,0.773073,22.916,-0.03877,-0.02609,0.3333,2.104,0.2406,0.037599,30.0,0.01364,0.03349,0.03978,26.792678,,,,,,,,,,,,,,,,,,0.9667,0.03079,-0.0094,0.029452,0.582704,203.337,-0.02762,-0.04124,0.5333,2.975,0.1843,0.032197,30.0,0.0556,0.06182,0.0839,20.19498,1.0,0.0699,0.0,0.069901,1.477451,,-0.06763,-0.05862,0.4483,3.621,0.1876,0.076501,29.0,0.08979,0.09324,0.10312,5.120455,,,,,,,,,,,,,,,,,,ACL_data,,2026-10-01
RSI_Cross50_Down + Price_Below_SMA20,RSI_Cross50_Down + Price_Below_SMA20,combo_2,39,momentum,Bearish,,,,,,,,,,,,,,,,,,0.7692,0.04179,-0.01079,0.029654,0.591632,10.765,-0.03026,-0.01993,0.3333,1.609,0.1474,0.034012,39.0,0.01109,0.01415,0.0213,21.824606,,,,,,,,,,,,,,,,,,0.046316,0.888935,0.8632,23.318,0.8462,27.74686,15,39.340258,-0.03127,0.3419,0.155,0,1,0.055347,0.03305,0.04585,0.06188,0.07373,1,0.8974,0.06028,-0.01209,0.052857,1.008717,41.879,-0.05629,-0.03812,0.3077,2.276,0.155,0.062799,39.0,0.01984,0.03387,0.04351,37.210368,0.9231,0.0653,-0.04991,0.056436,1.066455,17.311,-0.0572,-0.03575,0.3846,2.788,0.1233,0.069231,39.0,0.03305,0.04585,0.06188,39.340258,,,,,,,,,,,,,,,,,,,,,,,,,,,,,,,,,,,,,,,,,,,,,,,,,,,,ACL_data,,2026-10-01
RSI_Cross50_Down + Price_Below_EMA200,RSI_Cross50_Down + Price_Below_EMA200,combo_2,33,trend,Bearish,,,,,,,,,,,,,,,,,,,,,,,,,,,,,,,,,,,,,,,,,,,,,,,,,,,,0.043688,0.897516,0.9479,114.342,0.875,27.693439,10,26.172726,-0.03919,0.4419,0.2209,0,1,0.046719,0.01466,0.03496,0.04102,0.00357,1,0.875,0.04507,-0.01444,0.037634,0.742202,24.988,-0.03818,-0.02609,0.375,2.131,0.2209,0.03672,32.0,0.01466,0.03496,0.04102,26.172726,,,,,,,,,,,,,,,,,,0.9688,0.02714,-0.0094,0.026001,0.523849,203.696,-0.02416,-0.03347,0.5312,3.014,0.1838,0.028925,32.0,0.05686,0.06217,0.08149,18.472797,1.0,0.06743,0.0,0.06743,1.426497,,-0.06515,-0.05803,0.4194,3.671,0.1841,0.074513,31.0,0.09081,0.09403,0.09976,5.030341,,,,,,,,,,,,,,,,,,ACL_data,,2026-10-01
Price_Below_EMA200,Price_Below_EMA200,single,15,trend,Bearish,,,,,,,,,,,,,,,,,,,,,,,,,,,,,,,,,,,,,,,,,,,,,,,,,,,,0.06512,1.139693,0.9556,27.645,0.8667,27.38581,10,20.983803,-0.04656,0.3111,0.3203,0,1,0.067305,0.01714,0.03658,0.04182,0.0615,1,0.8667,0.04784,-0.01287,0.039746,0.756831,27.645,-0.04018,-0.03343,0.3333,2.213,0.2536,0.034914,15.0,0.01714,0.03658,0.04182,20.983803,,,,,,,,,,,,,,,,,,1.0,0.08601,0.0,0.086008,1.538821,,-0.08542,-0.04822,0.2667,3.13,0.2874,0.086701,15.0,0.04013,0.04467,0.061,4.266516,1.0,0.0696,0.0,0.069605,1.123429,,-0.06338,-0.05803,0.3333,3.834,0.3203,0.080299,15.0,0.04504,0.0474,0.06855,3.114807,,,,,,,,,,,,,,,,,,ACL_data,,2026-10-01
Price_Below_EMA200 + VWAP_Bear,Price_Below_EMA200 + VWAP_Bear,combo_2,15,trend,Bearish,,,,,,,,,,,,,,,,,,,,,,,,,,,,,,,,,,,,,,,,,,,,,,,,,,,,0.06512,1.139693,0.9556,27.645,0.8667,27.38581,10,20.983803,-0.04656,0.3111,0.3203,0,1,0.067305,0.01714,0.03658,0.04182,0.0615,1,0.8667,0.04784,-0.01287,0.039746,0.756831,27.645,-0.04018,-0.03343,0.3333,2.213,0.2536,0.034914,15.0,0.01714,0.03658,0.04182,20.983803,,,,,,,,,,,,,,,,,,1.0,0.08601,0.0,0.086008,1.538821,,-0.08542,-0.04822,0.2667,3.13,0.2874,0.086701,15.0,0.04013,0.04467,0.061,4.266516,1.0,0.0696,0.0,0.069605,1.123429,,-0.06338,-0.05803,0.3333,3.834,0.3203,0.080299,15.0,0.04504,0.0474,0.06855,3.114807,,,,,,,,,,,,,,,,,,ACL_data,,2026-10-01
Stoch_Bear_Zone + Williams_Overbought,Stoch_Bear_Zone + Williams_Overbought,combo_2,15,momentum,Bearish,,,,,,,,,,,,,,,,,,0.8667,0.04478,-0.06212,0.030529,0.642751,6.488,-0.02826,-0.0423,0.5333,1.596,0.2411,0.032994,15.0,0.01669,0.03497,0.04497,11.561554,,,,,,,,,,,,,,,,,,0.050893,1.030108,0.9111,14.526,0.9333,26.656605,15,36.218581,-0.03583,0.3778,0.3116,0,1,0.052813,0.03552,0.04316,0.05906,0.21669,0,0.9333,0.06365,-0.0675,0.054908,1.141262,15.437,-0.05382,-0.02762,0.3333,2.256,0.3116,0.058079,15.0,0.03307,0.03645,0.04612,31.642512,0.9333,0.07679,-0.06649,0.067241,1.306309,21.653,-0.06741,-0.03757,0.2667,2.764,0.2671,0.067364,15.0,0.03552,0.04316,0.05906,36.218581,,,,,,,,,,,,,,,,,,,,,,,,,,,,,,,,,,,,,,,,,,,,,,,,,,,,ACL_data,,2026-10-01
Stoch_Overbought + OBV_Falling,Stoch_Overbought + OBV_Falling,combo_2,28,momentum,Bearish,,,,,,,,,,,,,,,,,,0.9643,0.05459,-0.04886,0.050896,1.07952,41.168,-0.05088,-0.0531,0.5357,1.644,0.1094,0.055335,28.0,0.03222,0.04304,0.05739,36.350639,,,,,,,,,,,,,,,,,,0.038569,0.789959,0.9757,23.898,0.963,25.615058,5,36.350639,-0.04721,0.5794,0.1654,0,1,0.045306,0.03222,0.04304,0.05739,0.00359,1,1.0,0.04689,0.0,0.046886,0.953124,,-0.04409,-0.04908,0.5357,2.325,0.1654,0.054054,28.0,0.05417,0.06286,0.07667,3.209452,0.963,0.02906,-0.27155,0.017925,0.337232,6.629,-0.0178,-0.03946,0.6667,2.856,0.1627,0.026527,27.0,0.05331,0.06422,0.089,7.52725,,,,,,,,,,,,,,,,,,,,,,,,,,,,,,,,,,,,,,,,,,,,,,,,,,,,ACL_data,,2026-10-01
MACD_Hist_Falling + CDL_GravestoneDoji,MACD_Hist_Falling + CDL_GravestoneDoji,combo_2,19,momentum,Bearish,,,,,,,,,,,,,,,,,,0.8421,0.0588,-0.06156,0.039792,0.782323,5.528,-0.03602,-0.01816,0.4737,1.853,0.2001,0.042147,19.0,0.01257,0.02084,0.04129,12.956025,,,,,,,,,,,,,,,,,,0.051742,0.871023,0.8772,11.826,0.9474,24.720171,10,35.309477,-0.05039,0.5088,0.2001,0,1,0.054171,0.03486,0.04978,0.09606,0.30659,0,0.8947,0.07804,-0.04634,0.06495,1.178659,16.444,-0.06522,-0.06904,0.5263,2.621,0.1285,0.06265,19.0,0.03486,0.04978,0.09606,35.309477,0.8947,0.0637,-0.06185,0.050485,0.652087,13.506,-0.04795,-0.06398,0.5263,3.21,0.1968,0.057715,19.0,0.04961,0.09662,0.1449,19.534768,,,,,,,,,,,,,,,,,,,,,,,,,,,,,,,,,,,,,,,,,,,,,,,,,,,,ACL_data,,2026-10-01
Death_Cross_State + Price_Below_EMA200,Death_Cross_State + Price_Below_EMA200,combo_2,13,trend,Bearish,,,,,,,,,,,,,,,,,,,,,,,,,,,,,,,,,,,,,,,,,,,,,,,,,,,,0.066046,1.183137,0.8974,27.416,0.7692,24.018199,20,43.788634,-0.04565,0.359,0.3503,0,1,0.063908,0.03363,0.04013,0.04392,0.096,1,0.7692,0.02655,-0.01331,0.017351,0.428957,10.147,-0.01796,-0.03072,0.5385,2.161,0.3503,0.017664,13.0,0.01231,0.01714,0.02788,11.320414,,,,,,,,,,,,,,,,,,0.9231,0.10092,-0.02886,0.090936,1.659253,44.685,-0.09044,-0.04822,0.2308,3.056,0.3087,0.087935,13.0,0.03363,0.04013,0.04392,43.788634,1.0,0.08985,0.0,0.089851,1.461201,,-0.08369,-0.05803,0.3077,3.743,0.2923,0.086123,13.0,0.0449,0.04641,0.06126,3.856193,,,,,,,,,,,,,,,,,,ACL_data,,2026-10-01
RSI_Cross50_Down + VWAP_Bear,RSI_Cross50_Down + VWAP_Bear,combo_2,53,momentum,Bearish,,,,,,,,,,,,,,,,,,0.8302,0.04367,-0.02097,0.032697,0.675456,10.407,-0.03264,-0.02065,0.3774,1.573,0.1055,0.032354,53.0,0.01164,0.02111,0.03324,26.94385,,,,,,,,,,,,,,,,,,0.032104,0.654666,0.8793,11.317,0.9071,23.688792,15,27.795669,-0.0259,0.4399,0.1615,0,1,0.035145,0.03369,0.04958,0.0614,0.03823,1,0.8846,0.03782,-0.03142,0.029828,0.591731,11.059,-0.03129,-0.02881,0.5,2.22,0.1615,0.035171,52.0,0.01606,0.03549,0.04325,23.604055,0.9231,0.04101,-0.05291,0.033787,0.696811,12.484,-0.03405,-0.02823,0.4423,2.719,0.1428,0.03791,52.0,0.03369,0.04958,0.0614,27.795669,,,,,,,,,,,,,,,,,,,,,,,,,,,,,,,,,,,,,,,,,,,,,,,,,,,,ACL_data,,2026-10-01
Price_Below_SMA20 + Price_Below_EMA200,Price_Below_SMA20 + Price_Below_EMA200,combo_2,44,trend,Bearish,,,,,,,,,,,,,,,,,,,,,,,,,,,,,,,,,,,,,,,,,,,,,,,,,,,,0.038312,0.763679,0.907,10.408,0.814,23.662181,20,15.349874,-0.03472,0.4917,0.1802,0,1,0.041109,0.02794,0.06079,0.06658,0.00046,1,0.814,0.04327,-0.05288,0.025386,0.500712,4.62,-0.02255,-0.01451,0.4651,2.158,0.1802,0.027253,43.0,0.01124,0.02395,0.03793,8.806722,,,,,,,,,,,,,,,,,,0.907,0.02303,-0.03268,0.017849,0.403237,16.196,-0.01606,-0.03151,0.5814,3.052,0.1472,0.019616,43.0,0.02794,0.06079,0.06658,15.349874,1.0,0.0717,0.0,0.071701,1.387087,,-0.06915,-0.05815,0.4286,3.717,0.138,0.076458,42.0,0.06421,0.08187,0.09515,5.280173,,,,,,,,,,,,,,,,,,ACL_data,,2026-10-01
Price_Below_SMA50,Price_Below_SMA50,single,38,trend,Bearish,,,,,,,,,,,,,,,,,,,,,,,,,,,,,,,,,,,,,,,,,,,,,,,,,,,,0.037242,0.720727,0.9364,15.205,0.8926,23.569586,30,31.459354,-0.04797,0.515,0.1933,0,1,0.040922,0.05489,0.08144,0.08965,0.00994,1,0.8649,0.04503,-0.01172,0.03736,0.768572,22.13,-0.03408,-0.02725,0.3784,2.24,0.1933,0.038837,36.0,0.01931,0.02959,0.03682,28.15711,,,,,,,,,,,,,,,,,,0.9722,0.04094,-0.31393,0.031079,0.5349,9.247,-0.02981,-0.04344,0.5556,3.151,0.134,0.033462,35.0,0.04598,0.05211,0.0656,18.120278,0.9722,0.05231,-0.27245,0.043288,0.85871,14.238,-0.04286,-0.07323,0.6111,3.859,0.1461,0.050467,35.0,0.05489,0.08144,0.08965,31.459354,,,,,,,,,,,,,,,,,,ACL_data,,2026-10-01
RSI_Cross50_Down + CMF_Negative,RSI_Cross50_Down + CMF_Negative,combo_2,42,momentum,Bearish,,,,,,,,,,,,,,,,,,0.8571,0.0291,-0.028,0.020939,0.460586,6.615,-0.02291,-0.01986,0.4524,1.567,0.156,0.019709,42.0,0.01408,0.02129,0.0325,11.459567,,,,,,,,,,,,,,,,,,0.032499,0.646485,0.881,9.869,0.9524,22.853346,15,32.667285,-0.02239,0.4127,0.1916,0,1,0.034512,0.02252,0.04081,0.06087,0.12311,0,0.881,0.04144,-0.03038,0.032887,0.610335,11.6,-0.03506,-0.0236,0.4524,2.217,0.1916,0.036346,42.0,0.01606,0.0344,0.03896,22.955918,0.9048,0.05384,-0.05291,0.043672,0.868534,11.39,-0.04347,-0.0237,0.3333,2.715,0.1572,0.047482,42.0,0.02252,0.04081,0.06087,32.667285,,,,,,,,,,,,,,,,,,,,,,,,,,,,,,,,,,,,,,,,,,,,,,,,,,,,ACL_data,,2026-10-01
CCI_Overbought + CDL_Engulfing_Bear,CCI_Overbought + CDL_Engulfing_Bear,combo_2,17,mean_rev,Bearish,0.8824,0.04237,-0.01789,0.035285,0.713922,18.898,-0.03584,-0.03772,0.5294,1.252,0.2003,0.031963,17.0,0.01558,0.03668,0.05365,20.635012,0.9412,0.04565,-0.03697,0.040792,0.802652,22.87,-0.03937,-0.04957,0.6471,1.617,0.1647,0.038448,17.0,0.04012,0.062,0.08131,23.199614,0.9412,0.04947,-0.00442,0.046305,0.948555,223.065,-0.04231,-0.04524,0.4706,1.913,0.1879,0.043301,17.0,0.04546,0.062,0.08262,27.416752,0.040794,0.82171,0.9216,88.278,0.9412,22.353374,7,27.416752,-0.04418,0.549,0.2003,0,1,0.037904,0.04546,0.062,0.08262,0.10978,0,,,,,,,,,,,,,,,,,,,,,,,,,,,,,,,,,,,,,,,,,,,,,,,,,,,,,,,,,,,,,,,,,,,,,,,,,,,,,,,,,,,,,,ACL_data,,2026-10-01
RSI_Cross50_Down + EMA_Bearish_State,RSI_Cross50_Down + EMA_Bearish_State,combo_2,39,momentum,Bearish,,,,,,,,,,,,,,,,,,0.8205,0.05023,-0.02509,0.036711,0.753519,9.028,-0.03646,-0.01997,0.4103,1.608,0.1316,0.037834,39.0,0.01327,0.01879,0.03275,25.095749,,,,,,,,,,,,,,,,,,0.034595,0.68777,0.8525,9.238,0.9258,21.697611,15,25.934049,-0.02154,0.435,0.2012,0,1,0.038163,0.02797,0.05805,0.06371,0.18719,0,0.8421,0.0432,-0.03158,0.031389,0.591706,8.895,-0.03285,-0.02018,0.4474,2.269,0.2012,0.037546,38.0,0.01389,0.03538,0.0458,19.414486,0.8947,0.04611,-0.05291,0.035685,0.718085,9.79,-0.03614,-0.02446,0.4474,2.78,0.1828,0.03911,38.0,0.02797,0.05805,0.06371,25.934049,,,,,,,,,,,,,,,,,,,,,,,,,,,,,,,,,,,,,,,,,,,,,,,,,,,,ACL_data,,2026-10-01
Death_Cross_State + MACD_Hist_Falling,Death_Cross_State + MACD_Hist_Falling,combo_2,75,trend,Bearish,,,,,,,,,,,,,,,,,,,,,,,,,,,,,,,,,,,,,,,,,,,,,,,,,,,,0.037217,0.761932,0.8962,7.18,0.8956,21.218927,30,32.508574,-0.04548,0.555,0.1006,0,1,0.037187,0.06141,0.08312,0.09721,0.00424,1,0.84,0.05097,-0.07932,0.030126,0.610851,3.835,-0.02795,-0.03072,0.52,2.201,0.1006,0.027041,75.0,0.01648,0.02658,0.03794,10.145304,,,,,,,,,,,,,,,,,,0.9041,0.05105,-0.07626,0.038846,0.807943,9.048,-0.03989,-0.04732,0.5616,3.104,0.0875,0.038448,73.0,0.03909,0.0574,0.06535,31.660303,0.9444,0.05509,-0.16828,0.042679,0.867,8.658,-0.04425,-0.05841,0.5833,3.791,0.0954,0.046072,72.0,0.06141,0.08312,0.09721,32.508574,,,,,,,,,,,,,,,,,,ACL_data,,2026-10-01
Price_Below_EMA200 + MACD_Hist_Falling,Price_Below_EMA200 + MACD_Hist_Falling,combo_2,91,trend,Bearish,,,,,,,,,,,,,,,,,,,,,,,,,,,,,,,,,,,,,,,,,,,,,,,,,,,,0.035235,0.726348,0.8775,7.187,0.8927,21.073986,30,38.497814,-0.04283,0.545,0.0839,0,1,0.037415,0.04468,0.07512,0.09705,0.01375,1,0.8132,0.04968,-0.07291,0.026778,0.536601,3.543,-0.02492,-0.0303,0.5275,2.254,0.0839,0.025422,91.0,0.01203,0.02314,0.03732,8.596337,,,,,,,,,,,,,,,,,,0.8989,0.04284,-0.06533,0.031903,0.689822,9.082,-0.03278,-0.03974,0.5506,3.183,0.0731,0.035145,89.0,0.03463,0.05603,0.06743,28.328856,0.9205,0.06112,-0.11607,0.047025,0.95262,8.937,-0.04831,-0.05845,0.5568,3.89,0.0767,0.051678,88.0,0.04468,0.07512,0.09705,38.497814,,,,,,,,,,,,,,,,,,ACL_data,,2026-10-01
Price_Below_SMA50 + VWAP_Bear,Price_Below_SMA50 + VWAP_Bear,combo_2,40,trend,Bearish,,,,,,,,,,,,,,,,,,,,,,,,,,,,,,,,,,,,,,,,,,,,,,,,,,,,0.031764,0.623238,0.9397,15.404,0.8981,20.786213,10,29.074504,-0.04598,0.5227,0.1752,0,1,0.038875,0.02001,0.03049,0.03871,0.00713,1,0.8718,0.04846,-0.01172,0.040743,0.782926,24.488,-0.03746,-0.03072,0.4103,2.329,0.1752,0.045882,39.0,0.02001,0.03049,0.03871,29.074504,,,,,,,,,,,,,,,,,,0.9737,0.03154,-0.31393,0.022451,0.404381,8.683,-0.02118,-0.04307,0.5526,3.282,0.1426,0.029917,38.0,0.04627,0.05595,0.06834,13.039249,0.9737,0.04033,-0.27245,0.032097,0.682407,13.041,-0.03167,-0.06414,0.6053,4.019,0.1591,0.040825,38.0,0.05816,0.08228,0.09175,25.341661,,,,,,,,,,,,,,,,,,ACL_data,,2026-10-01
RSI_Cross50_Down + Stoch_Bear_Zone,RSI_Cross50_Down + Stoch_Bear_Zone,combo_2,30,momentum,Bearish,,,,,,,,,,,,,,,,,,0.8667,0.04311,-0.02153,0.034488,0.701346,13.703,-0.03542,-0.0258,0.4667,1.618,0.1776,0.034337,30.0,0.01354,0.02967,0.04037,24.084132,,,,,,,,,,,,,,,,,,0.033339,0.648279,0.9,15.817,0.9333,20.77769,10,26.212833,-0.02933,0.4667,0.2362,0,1,0.037764,0.02057,0.03405,0.0597,0.08651,1,0.9,0.0444,-0.01772,0.038192,0.763335,24.344,-0.03885,-0.03129,0.4333,2.288,0.1579,0.045617,30.0,0.02057,0.03405,0.0597,26.212833,0.9333,0.03495,-0.07928,0.027337,0.480155,9.405,-0.03121,-0.0309,0.5,2.802,0.2362,0.03334,30.0,0.03212,0.06273,0.07437,15.508022,,,,,,,,,,,,,,,,,,,,,,,,,,,,,,,,,,,,,,,,,,,,,,,,,,,,ACL_data,,2026-10-01
Price_Below_SMA50 + CMF_Negative,Price_Below_SMA50 + CMF_Negative,combo_2,37,trend,Bearish,,,,,,,,,,,,,,,,,,,,,,,,,,,,,,,,,,,,,,,,,,,,,,,,,,,,0.032839,0.590549,0.8739,9.887,0.9459,20.090983,30,23.732958,-0.04268,0.4955,0.1882,0,1,0.031013,0.03875,0.0603,0.07931,0.22467,0,0.8378,0.05204,-0.0776,0.031015,0.558175,3.998,-0.03202,-0.02378,0.4054,2.259,0.1882,0.026974,36.0,0.01651,0.02905,0.0363,8.116844,,,,,,,,,,,,,,,,,,0.8919,0.04615,-0.0607,0.034598,0.561035,12.551,-0.03126,-0.0434,0.5405,3.195,0.128,0.029214,36.0,0.03462,0.04689,0.05811,20.408137,0.8919,0.04464,-0.06394,0.032905,0.652437,13.112,-0.03248,-0.06087,0.5405,3.913,0.1527,0.036852,36.0,0.03875,0.0603,0.07931,23.732958,,,,,,,,,,,,,,,,,,ACL_data,,2026-10-01
Death_Cross_State + Williams_Overbought,Death_Cross_State + Williams_Overbought,combo_2,20,trend,Bearish,,,,,,,,,,,,,,,,,,,,,,,,,,,,,,,,,,,,,,,,,,,,,,,,,,,,0.053552,1.135368,0.7734,6.266,0.9035,19.569873,20,32.597638,-0.05267,0.508,0.2279,0,1,0.050746,0.01777,0.02746,0.04492,0.65955,0,0.75,0.02812,-0.03148,0.013222,0.406174,5.093,-0.01071,-0.02116,0.6,2.194,0.2101,0.010007,20.0,0.01196,0.01822,0.02999,6.297895,,,,,,,,,,,,,,,,,,0.7368,0.14338,-0.06295,0.089087,1.814909,5.899,-0.08526,-0.05595,0.3684,3.079,0.225,0.087504,19.0,0.01777,0.02746,0.04492,32.597638,0.8333,0.08536,-0.07673,0.058346,1.18502,7.806,-0.05804,-0.0809,0.5556,3.748,0.2279,0.054726,18.0,0.02336,0.04779,0.09185,28.162899,,,,,,,,,,,,,,,,,,ACL_data,,2026-10-01
Price_Below_SMA50 + Stoch_Bear_Zone,Price_Below_SMA50 + Stoch_Bear_Zone,combo_2,91,trend,Bearish,,,,,,,,,,,,,,,,,,,,,,,,,,,,,,,,,,,,,,,,,,,,,,,,,,,,0.04028,0.778903,0.8713,5.537,0.978,19.073404,20,23.927644,-0.04271,0.5074,0.0883,0,1,0.042281,0.03215,0.05542,0.07543,0.12922,0,0.8571,0.03642,-0.05361,0.023559,0.431676,5.845,-0.02548,-0.02386,0.5165,2.385,0.0883,0.026959,90.0,0.01608,0.03215,0.03981,11.40863,,,,,,,,,,,,,,,,,,0.8791,0.06375,-0.09908,0.044071,0.860708,6.148,-0.04443,-0.0434,0.4835,3.373,0.0581,0.042652,90.0,0.03215,0.05542,0.07543,23.927644,0.8778,0.08302,-0.16085,0.053211,1.044326,4.619,-0.04613,-0.06088,0.5222,4.128,0.0659,0.057232,89.0,0.03949,0.07852,0.09283,21.810475,,,,,,,,,,,,,,,,,,ACL_data,,2026-10-01
RSI_Exit_Overbought,RSI_Exit_Overbought,single,15,mean_rev,Bearish,0.8667,0.03602,-0.0288,0.02738,0.507909,9.524,-0.02728,-0.01585,0.3333,1.27,0.2458,0.032804,15.0,0.00848,0.01984,0.03296,13.411266,0.8,0.0544,-0.02792,0.037933,0.699838,8.841,-0.03862,-0.00679,0.4,1.64,0.2902,0.04621,15.0,0.00848,0.02891,0.04944,17.155018,0.9333,0.06014,-0.00442,0.055836,1.070864,229.122,-0.05458,-0.03559,0.2667,1.941,0.2843,0.062439,15.0,0.02791,0.05153,0.05652,29.690664,0.040383,0.759537,0.8667,82.495,0.8667,18.250997,7,29.690664,-0.01941,0.3333,0.2902,0,1,0.047151,0.02791,0.05153,0.05652,0.16962,0,,,,,,,,,,,,,,,,,,,,,,,,,,,,,,,,,,,,,,,,,,,,,,,,,,,,,,,,,,,,,,,,,,,,,,,,,,,,,,,,,,,,,,ACL_data,,2026-10-01
Price_Below_EMA200 + CMF_Negative,Price_Below_EMA200 + CMF_Negative,combo_2,24,trend,Bearish,,,,,,,,,,,,,,,,,,,,,,,,,,,,,,,,,,,,,,,,,,,,,,,,,,,,0.044494,0.64212,0.8611,30.22,0.875,18.08541,20,32.053152,-0.03393,0.3889,0.2349,0,1,0.042787,0.02235,0.04064,0.05748,0.21849,0,0.7917,0.04942,-0.02538,0.033834,0.610469,9.447,-0.03336,-0.02676,0.4167,2.189,0.2349,0.030104,24.0,0.01256,0.01969,0.03695,18.562701,,,,,,,,,,,,,,,,,,0.875,0.07535,-0.02512,0.062788,0.995787,28.529,-0.06176,-0.04728,0.2917,3.095,0.1852,0.058134,24.0,0.02235,0.04064,0.05748,32.053152,0.9167,0.04196,-0.0193,0.036859,0.320103,52.683,-0.03608,-0.02776,0.4583,3.791,0.2126,0.040124,24.0,0.04455,0.0469,0.05908,10.303722,,,,,,,,,,,,,,,,,,ACL_data,,2026-10-01
RSI_Cross50_Down + CMF_Strong_Bear,RSI_Cross50_Down + CMF_Strong_Bear,combo_2,30,momentum,Bearish,,,,,,,,,,,,,,,,,,0.8667,0.02266,-0.02665,0.016084,0.347821,6.162,-0.01602,-0.01856,0.5333,1.522,0.1258,0.013722,30.0,0.01391,0.02122,0.02481,7.360003,,,,,,,,,,,,,,,,,,0.025752,0.534537,0.8778,11.044,0.9667,17.744054,15,26.496161,-0.01894,0.4444,0.1921,0,1,0.027437,0.02057,0.03998,0.05935,0.21129,0,0.8667,0.0324,-0.01591,0.02596,0.484203,15.486,-0.02625,-0.01985,0.4333,2.152,0.1683,0.028849,30.0,0.01391,0.03405,0.03821,16.627481,0.9,0.04361,-0.04041,0.035212,0.771586,11.485,-0.03495,-0.01841,0.3667,2.636,0.1921,0.039742,30.0,0.02057,0.03998,0.05935,26.496161,,,,,,,,,,,,,,,,,,,,,,,,,,,,,,,,,,,,,,,,,,,,,,,,,,,,ACL_data,,2026-10-01
Death_Cross_State + Price_Below_SMA20,Death_Cross_State + Price_Below_SMA20,combo_2,36,trend,Bearish,,,,,,,,,,,,,,,,,,,,,,,,,,,,,,,,,,,,,,,,,,,,,,,,,,,,0.032966,0.707167,0.8857,8.619,0.7714,16.977899,20,14.665125,-0.03664,0.5574,0.2316,0,1,0.035748,0.01688,0.05888,0.06217,0.00205,1,0.7714,0.04937,-0.05084,0.026463,0.551642,3.731,-0.02203,-0.01975,0.4857,2.049,0.2316,0.028364,35.0,0.01047,0.01558,0.03236,7.43125,,,,,,,,,,,,,,,,,,0.8857,0.02266,-0.03268,0.016334,0.406133,13.507,-0.01455,-0.03294,0.6571,2.897,0.1766,0.017217,35.0,0.01688,0.05888,0.06217,14.665125,1.0,0.0561,0.0,0.056101,1.163725,,-0.05357,-0.05722,0.5294,3.518,0.1862,0.061661,34.0,0.06095,0.07821,0.09286,4.202114,,,,,,,,,,,,,,,,,,ACL_data,,2026-10-01
BB_Upper_Reject + CDL_Engulfing_Bear,BB_Upper_Reject + CDL_Engulfing_Bear,combo_2,13,mean_rev,Bearish,0.9231,0.03301,-0.02739,0.028368,0.551909,16.002,-0.02819,-0.02479,0.4615,1.276,0.2031,0.023986,13.0,0.02389,0.04011,0.06527,14.565201,0.9231,0.03479,-0.03697,0.029271,0.537177,14.652,-0.02735,-0.04734,0.6923,1.647,0.1515,0.025375,13.0,0.05072,0.06529,0.07978,14.176401,0.9231,0.03756,-0.00442,0.03433,0.656428,148.315,-0.02956,-0.04524,0.7692,1.948,0.1459,0.028597,13.0,0.05783,0.06529,0.08076,17.323524,0.030656,0.581838,0.9231,59.656,1.0,15.355042,7,17.323524,-0.03912,0.641,0.2031,0,1,0.025986,0.05783,0.06529,0.08076,0.14844,0,,,,,,,,,,,,,,,,,,,,,,,,,,,,,,,,,,,,,,,,,,,,,,,,,,,,,,,,,,,,,,,,,,,,,,,,,,,,,,,,,,,,,,ACL_data,,2026-10-01
Price_Below_EMA200 + OBV_Falling,Price_Below_EMA200 + OBV_Falling,combo_2,158,trend,Bearish,,,,,,,,,,,,,,,,,,,,,,,,,,,,,,,,,,,,,,,,,,,,,,,,,,,,0.027146,0.609654,0.885,5.411,0.9004,15.054885,30,30.803796,-0.0399,0.5514,0.0586,0,1,0.026887,0.04796,0.0721,0.09077,9e-05,1,0.8354,0.03425,-0.06706,0.017578,0.39034,3.461,-0.01874,-0.02105,0.5443,2.208,0.0586,0.01632,158.0,0.01196,0.02378,0.03793,6.848735,,,,,,,,,,,,,,,,,,0.8846,0.04524,-0.09786,0.028728,0.649983,5.065,-0.02747,-0.04124,0.5449,3.12,0.0437,0.029249,156.0,0.02323,0.04811,0.06725,16.687829,0.9351,0.04792,-0.14905,0.035131,0.788639,7.706,-0.0368,-0.05739,0.5649,3.811,0.0481,0.035092,154.0,0.04796,0.0721,0.09077,30.803796,,,,,,,,,,,,,,,,,,ACL_data,,2026-10-01
RSI_Cross50_Down + Price_Below_SMA50,RSI_Cross50_Down + Price_Below_SMA50,combo_2,35,trend,Bearish,,,,,,,,,,,,,,,,,,,,,,,,,,,,,,,,,,,,,,,,,,,,,,,,,,,,0.028756,0.576266,0.8849,7.883,0.9143,14.882964,30,18.261469,-0.03535,0.491,0.2333,0,1,0.035422,0.04493,0.079,0.0905,0.13205,0,0.8286,0.03901,-0.03158,0.026909,0.477028,7.636,-0.02837,-0.01975,0.4,2.282,0.2333,0.033129,35.0,0.01385,0.03405,0.03969,13.053109,,,,,,,,,,,,,,,,,,0.9143,0.03744,-0.0781,0.02754,0.538213,8.871,-0.0276,-0.03994,0.5143,3.228,0.1693,0.032128,35.0,0.03483,0.06306,0.07638,17.108609,0.9118,0.04818,-0.13721,0.03182,0.713558,7.142,-0.03103,-0.04635,0.5588,3.942,0.1813,0.041009,34.0,0.04493,0.079,0.0905,18.261469,,,,,,,,,,,,,,,,,,ACL_data,,2026-10-01
OBV_Falling + CCI_Exit_Overbought,OBV_Falling + CCI_Exit_Overbought,combo_2,30,momentum,Bearish,,,,,,,,,,,,,,,,,,0.9333,0.0367,-0.04325,0.031371,0.642763,14.761,-0.02746,-0.01395,0.3667,1.65,0.171,0.030491,30.0,0.02327,0.03146,0.03736,22.072383,,,,,,,,,,,,,,,,,,0.024557,0.459533,0.91,8.779,0.9632,13.344075,5,22.072383,-0.02707,0.5395,0.2444,0,1,0.024334,0.02327,0.03146,0.03736,0.03782,1,0.9,0.02239,-0.06754,0.013393,0.257124,7.041,-0.01478,-0.02725,0.7,2.334,0.2444,0.012753,30.0,0.02732,0.03823,0.04396,6.217335,0.8966,0.04858,-0.14163,0.028906,0.478713,4.535,-0.02652,-0.04002,0.5517,2.862,0.1858,0.029759,29.0,0.03704,0.04956,0.06238,7.454601,,,,,,,,,,,,,,,,,,,,,,,,,,,,,,,,,,,,,,,,,,,,,,,,,,,,ACL_data,,2026-10-01
CDL_Harami_Bear,CDL_Harami_Bear,single,13,candle,Bearish,0.9231,0.02997,-0.01095,0.026819,0.555249,38.472,-0.02726,-0.02294,0.3846,1.28,0.3238,0.021882,13.0,0.0162,0.0192,0.02264,14.65335,0.9231,0.03422,-0.05263,0.027542,0.580004,9.612,-0.0295,-0.02729,0.4615,1.652,0.3892,0.0244,13.0,0.03558,0.03867,0.04241,14.712976,,,,,,,,,,,,,,,,,,0.022797,0.461664,0.9231,19.691,1.0,12.183582,5,14.712976,-0.01788,0.4103,0.3967,0,1,0.020403,0.03558,0.03867,0.04241,0.11847,0,,,,,,,,,,,,,,,,,,,,,,,,,,,,,,,,,,,,,,,,,,,,,,,,,,,,,,,,,,,,,,,,,,,,,0.9231,0.01697,-0.02122,0.014029,0.249739,10.989,-0.01463,-0.00341,0.3846,1.045,0.3967,0.014927,13.0,0.01177,0.01446,0.01672,6.590744,ACL_data,,2026-10-01
Death_Cross_State + OBV_Falling,Death_Cross_State + OBV_Falling,combo_2,140,trend,Bearish,,,,,,,,,,,,,,,,,,,,,,,,,,,,,,,,,,,,,,,,,,,,,,,,,,,,0.025642,0.57637,0.8773,4.433,0.9092,11.495661,30,22.285801,-0.04116,0.5776,0.0676,0,1,0.024656,0.05019,0.07103,0.08681,0.00088,1,0.8357,0.03319,-0.06748,0.016648,0.3754,3.398,-0.01612,-0.02092,0.5571,2.138,0.0676,0.015026,140.0,0.01201,0.02383,0.03548,6.311979,,,,,,,,,,,,,,,,,,0.8696,0.04945,-0.11904,0.027476,0.611433,3.833,-0.02687,-0.04598,0.558,3.019,0.0513,0.027102,138.0,0.02327,0.04743,0.06106,11.598665,0.9265,0.0484,-0.16369,0.032802,0.742276,6.067,-0.0348,-0.05658,0.6176,3.685,0.0555,0.031841,136.0,0.05019,0.07103,0.08681,22.285801,,,,,,,,,,,,,,,,,,ACL_data,,2026-10-01
EMA_Bearish_State + Stoch_Bear_Zone,EMA_Bearish_State + Stoch_Bear_Zone,combo_2,95,momentum,Bearish,,,,,,,,,,,,,,,,,,0.8421,0.03369,-0.03902,0.022205,0.398649,5.568,-0.02132,-0.01365,0.3789,1.649,0.071,0.02471,95.0,0.01058,0.01845,0.02655,10.130761,,,,,,,,,,,,,,,,,,0.022929,0.425965,0.8486,5.626,0.9895,10.822815,10,11.945379,-0.02147,0.4756,0.0882,0,1,0.023475,0.01759,0.02891,0.03908,0.15047,0,0.8526,0.03714,-0.05115,0.024128,0.431453,6.066,-0.02315,-0.02386,0.4947,2.331,0.0882,0.024579,95.0,0.01759,0.02891,0.03908,11.945379,0.8511,0.03632,-0.05676,0.022453,0.447793,5.244,-0.02304,-0.02688,0.5532,2.856,0.0706,0.021137,94.0,0.02552,0.03651,0.05518,10.717934,,,,,,,,,,,,,,,,,,,,,,,,,,,,,,,,,,,,,,,,,,,,,,,,,,,,ACL_data,,2026-10-01
RSI_Bear_Momentum + Stoch_Bear_Zone,RSI_Bear_Momentum + Stoch_Bear_Zone,combo_2,101,momentum,Bearish,,,,,,,,,,,,,,,,,,0.8614,0.02717,-0.04047,0.017791,0.306791,5.496,-0.01719,-0.01443,0.4455,1.676,0.0742,0.022616,99.0,0.01063,0.01973,0.02855,7.798046,,,,,,,,,,,,,,,,,,0.022442,0.413461,0.8647,5.615,0.9901,10.630881,15,15.847888,-0.0204,0.4719,0.0839,0,1,0.025264,0.02518,0.03578,0.05522,0.05309,1,0.8614,0.03371,-0.05926,0.020825,0.381755,5.14,-0.02319,-0.02004,0.4851,2.37,0.0839,0.025494,99.0,0.01786,0.03139,0.03662,9.074557,0.8713,0.04243,-0.06416,0.028708,0.551837,6.209,-0.02959,-0.02674,0.4851,2.902,0.0717,0.027682,99.0,0.02518,0.03578,0.05522,15.847888,,,,,,,,,,,,,,,,,,,,,,,,,,,,,,,,,,,,,,,,,,,,,,,,,,,,ACL_data,,2026-10-01
Death_Cross_State + CDL_HangingMan,Death_Cross_State + CDL_HangingMan,combo_2,12,trend,Bearish,,,,,,,,,,,,,,,,,,,,,,,,,,,,,,,,,,,,,,,,,,,,,,,,,,,,0.060736,1.169076,0.75,3.511,1.0,10.528835,30,10.951619,-0.07708,0.6389,0.2519,0,1,0.066848,0.01188,0.03284,0.11272,0.84026,0,0.75,0.07521,-0.05133,0.043575,0.809763,4.365,-0.04228,-0.06082,0.5833,2.576,0.2519,0.057722,12.0,0.00863,0.01849,0.05172,9.067076,,,,,,,,,,,,,,,,,,0.75,0.12146,-0.11104,0.063334,1.218424,3.281,-0.06297,-0.076,0.6667,3.642,0.1955,0.057026,12.0,0.01188,0.03196,0.09419,10.255002,0.75,0.15361,-0.15963,0.0753,1.479042,2.887,-0.07254,-0.09442,0.6667,4.461,0.207,0.085794,12.0,0.01188,0.03284,0.11272,10.951619,,,,,,,,,,,,,,,,,,ACL_data,,2026-10-01
OBV_Falling + Williams_Overbought,OBV_Falling + Williams_Overbought,combo_2,17,momentum,Bearish,,,,,,,,,,,,,,,,,,1.0,0.06163,0.0,0.061631,1.34175,,-0.0611,-0.04957,0.4118,1.552,0.16,0.060137,17.0,0.02929,0.03797,0.04697,3.878155,,,,,,,,,,,,,,,,,,0.042234,0.93844,0.9792,4.116,0.9375,10.4676,15,3.89223,-0.03601,0.4828,0.3314,0,1,0.047957,0.03895,0.04576,0.07147,0.02003,1,1.0,0.04962,0.0,0.049616,1.146435,,-0.0479,-0.03558,0.4118,2.195,0.2458,0.055224,17.0,0.03982,0.04623,0.08548,3.313623,0.9375,0.03491,-0.27644,0.015455,0.327137,4.116,-0.0171,-0.02287,0.625,2.693,0.3314,0.028509,16.0,0.03895,0.04576,0.07147,3.89223,,,,,,,,,,,,,,,,,,,,,,,,,,,,,,,,,,,,,,,,,,,,,,,,,,,,ACL_data,,2026-10-01
Stoch_Bear_Zone + OBV_Trend_Bear,Stoch_Bear_Zone + OBV_Trend_Bear,combo_2,88,momentum,Bearish,,,,,,,,,,,,,,,,,,0.8409,0.02011,-0.04011,0.010529,0.174555,3.929,-0.01084,-0.00815,0.4659,1.685,0.1005,0.016639,85.0,0.01018,0.01817,0.02513,3.078681,,,,,,,,,,,,,,,,,,0.023732,0.428197,0.8409,5.374,0.9773,10.094377,15,22.480646,-0.02106,0.4697,0.1005,0,1,0.025617,0.02052,0.03562,0.05598,0.17119,0,0.8295,0.04152,-0.05694,0.024736,0.430785,4.82,-0.026,-0.02218,0.4886,2.383,0.0894,0.027296,85.0,0.01732,0.02603,0.03581,9.31944,0.8523,0.05087,-0.05023,0.035931,0.679251,7.373,-0.03684,-0.03283,0.4545,2.918,0.0812,0.032916,85.0,0.02052,0.03562,0.05598,22.480646,,,,,,,,,,,,,,,,,,,,,,,,,,,,,,,,,,,,,,,,,,,,,,,,,,,,ACL_data,,2026-10-01
MACD_Bearish_State + Stoch_Bear_Zone,MACD_Bearish_State + Stoch_Bear_Zone,combo_2,77,momentum,Bearish,,,,,,,,,,,,,,,,,,0.8442,0.02226,-0.03379,0.013524,0.237865,4.965,-0.01349,-0.00738,0.4545,1.597,0.1103,0.017605,75.0,0.00952,0.01652,0.02411,5.145713,,,,,,,,,,,,,,,,,,0.024021,0.457398,0.8442,5.15,0.974,9.996577,15,17.128868,-0.02011,0.4632,0.1137,0,1,0.026365,0.02108,0.03242,0.04691,0.17418,0,0.8312,0.03581,-0.0489,0.021509,0.419368,4.986,-0.02408,-0.02004,0.4805,2.259,0.1137,0.024796,75.0,0.01506,0.02346,0.03122,9.110208,0.8571,0.05546,-0.07355,0.03703,0.714962,5.499,-0.03678,-0.03292,0.4545,2.767,0.0686,0.036693,75.0,0.02108,0.03242,0.04691,17.128868,,,,,,,,,,,,,,,,,,,,,,,,,,,,,,,,,,,,,,,,,,,,,,,,,,,,ACL_data,,2026-10-01
MACD_Hist_Negative + Stoch_Bear_Zone,MACD_Hist_Negative + Stoch_Bear_Zone,combo_2,77,momentum,Bearish,,,,,,,,,,,,,,,,,,0.8442,0.02226,-0.03379,0.013524,0.237865,4.965,-0.01349,-0.00738,0.4545,1.597,0.1103,0.017605,75.0,0.00952,0.01652,0.02411,5.145713,,,,,,,,,,,,,,,,,,0.024021,0.457398,0.8442,5.15,0.974,9.996577,15,17.128868,-0.02011,0.4632,0.1137,0,1,0.026365,0.02108,0.03242,0.04691,0.17418,0,0.8312,0.03581,-0.0489,0.021509,0.419368,4.986,-0.02408,-0.02004,0.4805,2.259,0.1137,0.024796,75.0,0.01506,0.02346,0.03122,9.110208,0.8571,0.05546,-0.07355,0.03703,0.714962,5.499,-0.03678,-0.03292,0.4545,2.767,0.0686,0.036693,75.0,0.02108,0.03242,0.04691,17.128868,,,,,,,,,,,,,,,,,,,,,,,,,,,,,,,,,,,,,,,,,,,,,,,,,,,,ACL_data,,2026-10-01
Price_Below_SMA20 + VWAP_Bear,Price_Below_SMA20 + VWAP_Bear,combo_2,61,momentum,Bearish,,,,,,,,,,,,,,,,,,0.8033,0.0408,-0.04752,0.023423,0.432481,4.029,-0.02335,-0.01023,0.3279,1.622,0.0966,0.025439,61.0,0.0105,0.01779,0.02156,7.190709,,,,,,,,,,,,,,,,,,0.025511,0.493171,0.8233,4.849,0.9533,9.409288,15,13.07302,-0.01795,0.4204,0.1396,0,1,0.031628,0.01578,0.03523,0.04887,0.39536,0,0.8167,0.03871,-0.04338,0.023657,0.441127,5.292,-0.02101,-0.01713,0.4833,2.289,0.1396,0.032235,60.0,0.01173,0.02658,0.03527,9.634253,0.85,0.04605,-0.06462,0.029454,0.605904,5.228,-0.0309,-0.02647,0.45,2.804,0.1342,0.037211,60.0,0.01578,0.03523,0.04887,13.07302,,,,,,,,,,,,,,,,,,,,,,,,,,,,,,,,,,,,,,,,,,,,,,,,,,,,ACL_data,,2026-10-01
RSI_Cross50_Down + OBV_Trend_Bear,RSI_Cross50_Down + OBV_Trend_Bear,combo_2,26,momentum,Bearish,,,,,,,,,,,,,,,,,,0.8077,0.02988,-0.03196,0.017988,0.358665,4.456,-0.01795,-0.02059,0.5,1.651,0.1204,0.021674,26.0,0.01464,0.02099,0.02778,5.267531,,,,,,,,,,,,,,,,,,0.025465,0.520939,0.8333,5.519,0.9615,9.111636,15,16.754969,-0.02556,0.4872,0.1881,0,1,0.033263,0.01464,0.06087,0.06355,0.4842,0,0.8462,0.0356,-0.04885,0.02261,0.450106,5.36,-0.02186,-0.0236,0.5,2.335,0.1709,0.032726,26.0,0.01464,0.03423,0.05585,7.950982,0.8462,0.05192,-0.05291,0.035796,0.754046,6.742,-0.03686,-0.03248,0.4615,2.859,0.1881,0.045388,26.0,0.01464,0.06087,0.06355,16.754969,,,,,,,,,,,,,,,,,,,,,,,,,,,,,,,,,,,,,,,,,,,,,,,,,,,,ACL_data,,2026-10-01
VWAP_Bear + CDL_Harami_Bear,VWAP_Bear + CDL_Harami_Bear,combo_2,11,momentum,Bearish,,,,,,,,,,,,,,,,,,0.9091,0.01421,-0.05263,0.008133,0.205776,4.516,-0.00905,-0.01993,0.6364,1.646,0.3712,0.008238,11.0,0.03509,0.03757,0.04033,2.30899,,,,,,,,,,,,,,,,,,0.021468,0.49476,0.9091,7.408,1.0,9.107677,15,27.213617,-0.01974,0.5152,0.3712,0,1,0.026135,0.04039,0.0438,0.0614,0.30884,0,0.9091,0.01698,-0.1146,0.005023,0.183349,3.121,-0.00416,0.00165,0.4545,2.328,0.3171,0.007918,11.0,0.03509,0.04033,0.04039,1.422056,0.9091,0.06063,-0.04257,0.051248,1.095157,14.587,-0.05167,-0.04095,0.4545,2.851,0.2976,0.06225,11.0,0.04039,0.0438,0.0614,27.213617,,,,,,,,,,,,,,,,,,,,,,,,,,,,,,,,,,,,,,,,,,,,,,,,,,,,ACL_data,,2026-10-01
Price_Below_SMA50 + Stoch_Cross_Down,Price_Below_SMA50 + Stoch_Cross_Down,combo_2,93,trend,Bearish,,,,,,,,,,,,,,,,,,,,,,,,,,,,,,,,,,,,,,,,,,,,,,,,,,,,0.028113,0.569415,0.8489,3.491,0.9767,8.821025,20,9.697987,-0.04171,0.5504,0.0835,0,1,0.030009,0.02575,0.05072,0.06978,0.25015,0,0.8495,0.03793,-0.0727,0.021279,0.393783,4.291,-0.02097,-0.02386,0.5376,2.355,0.0835,0.024691,92.0,0.01426,0.03033,0.03799,7.676966,,,,,,,,,,,,,,,,,,0.8602,0.05609,-0.13618,0.029211,0.599895,3.558,-0.02559,-0.03996,0.5484,3.331,0.0618,0.027136,92.0,0.02575,0.05072,0.06978,9.697987,0.837,0.07873,-0.19654,0.033849,0.714567,2.623,-0.02793,-0.06131,0.5652,4.075,0.0694,0.0382,91.0,0.03528,0.06356,0.08445,8.517105,,,,,,,,,,,,,,,,,,ACL_data,,2026-10-01
Stoch_Bear_Zone + VWAP_Bear,Stoch_Bear_Zone + VWAP_Bear,combo_2,122,momentum,Bearish,,,,,,,,,,,,,,,,,,0.843,0.02554,-0.03652,0.015798,0.30125,5.156,-0.01439,-0.01036,0.4215,1.594,0.0648,0.019217,119.0,0.00934,0.01676,0.02474,7.475114,,,,,,,,,,,,,,,,,,0.017104,0.350427,0.8425,4.988,0.9987,8.400496,10,9.502556,-0.01862,0.4891,0.0785,0,1,0.018683,0.01749,0.02729,0.03464,0.10602,0,0.843,0.03079,-0.04825,0.018379,0.372509,5.301,-0.01752,-0.02004,0.5124,2.254,0.0785,0.019975,119.0,0.01749,0.02729,0.03464,9.502556,0.8417,0.03049,-0.05386,0.017135,0.377522,4.507,-0.0184,-0.02545,0.5333,2.761,0.0742,0.016857,118.0,0.02286,0.03444,0.04791,8.187498,,,,,,,,,,,,,,,,,,,,,,,,,,,,,,,,,,,,,,,,,,,,,,,,,,,,ACL_data,,2026-10-01
Stoch_Overbought + Stoch_Cross_Down,Stoch_Overbought + Stoch_Cross_Down,combo_2,18,mean_rev,Bearish,0.7778,0.06921,-0.08222,0.035555,0.684219,3.335,-0.03554,-0.05142,0.6111,1.235,0.1286,0.040989,18.0,-0.01499,0.01175,0.04124,6.718151,0.8889,0.08782,-0.26857,0.048222,0.921687,2.987,-0.04817,-0.06364,0.6111,1.594,0.1372,0.052741,18.0,-0.00292,0.03318,0.04499,8.10691,0.8889,0.11514,-0.30896,0.068014,1.337953,3.297,-0.06576,-0.08057,0.6111,1.886,0.1441,0.071647,18.0,-0.00292,0.03826,0.05215,12.986839,0.050597,0.981286,0.8519,3.206,0.8889,8.234357,7,12.986839,-0.06521,0.6111,0.1441,0,1,0.055126,-0.00292,0.03826,0.05215,0.25708,0,,,,,,,,,,,,,,,,,,,,,,,,,,,,,,,,,,,,,,,,,,,,,,,,,,,,,,,,,,,,,,,,,,,,,,,,,,,,,,,,,,,,,,ACL_data,,2026-10-01
Price_Below_SMA50 + MACD_Hist_Falling,Price_Below_SMA50 + MACD_Hist_Falling,combo_2,109,trend,Bearish,,,,,,,,,,,,,,,,,,,,,,,,,,,,,,,,,,,,,,,,,,,,,,,,,,,,0.025434,0.477967,0.8507,3.92,0.9282,8.175378,20,14.067703,-0.03825,0.5359,0.0729,0,1,0.033665,0.02387,0.05072,0.06977,0.14092,0,0.8056,0.0449,-0.09344,0.017998,0.332388,2.448,-0.01775,-0.02166,0.5185,2.345,0.0729,0.024498,107.0,0.00875,0.02257,0.03488,3.825498,,,,,,,,,,,,,,,,,,0.8692,0.04683,-0.09164,0.028714,0.557301,5.37,-0.02688,-0.03925,0.5327,3.312,0.0561,0.034329,106.0,0.02387,0.05072,0.06977,14.067703,0.8774,0.05649,-0.16284,0.02959,0.544213,3.942,-0.03069,-0.05383,0.5566,4.052,0.0664,0.042169,105.0,0.03718,0.06641,0.08425,10.084915,,,,,,,,,,,,,,,,,,ACL_data,,2026-10-01
Stoch_Bear_Zone,Stoch_Bear_Zone,single,139,momentum,Bearish,,,,,,,,,,,,,,,,,,0.8478,0.02853,-0.05557,0.015732,0.312712,3.918,-0.014,-0.01261,0.4493,1.623,0.0511,0.019569,134.0,0.00955,0.01745,0.02723,6.054249,,,,,,,,,,,,,,,,,,0.019595,0.38506,0.8499,4.136,0.9938,7.822193,15,10.170912,-0.021,0.5086,0.0588,0,1,0.021286,0.02108,0.03558,0.05051,0.06408,1,0.8478,0.03826,-0.08098,0.020114,0.398746,3.853,-0.01674,-0.0241,0.5362,2.295,0.0588,0.022057,134.0,0.01707,0.0284,0.03587,7.592074,0.854,0.03965,-0.07481,0.022939,0.443722,4.639,-0.01257,-0.0263,0.5401,2.812,0.0539,0.022231,133.0,0.02108,0.03558,0.05051,10.170912,,,,,,,,,,,,,,,,,,,,,,,,,,,,,,,,,,,,,,,,,,,,,,,,,,,,ACL_data,,2026-10-01
Price_Below_SMA50 + Stoch_Overbought,Price_Below_SMA50 + Stoch_Overbought,combo_2,16,trend,Bearish,,,,,,,,,,,,,,,,,,,,,,,,,,,,,,,,,,,,,,,,,,,,,,,,,,,,0.038954,0.72989,0.8306,3.934,0.9458,7.694163,30,16.370712,-0.05058,0.5514,0.2612,0,1,0.036566,0.01138,0.07654,0.12428,0.54261,0,0.8125,0.05683,-0.10377,0.026717,0.553758,3.29,-0.02794,-0.06164,0.6875,2.567,0.2324,0.029051,16.0,-0.00016,0.04878,0.06366,5.161408,,,,,,,,,,,,,,,,,,0.8125,0.06708,-0.1143,0.033072,0.578934,3.045,-0.03427,-0.03343,0.5,3.631,0.2612,0.034022,16.0,0.01199,0.0617,0.07726,4.994348,0.8667,0.08402,-0.11809,0.057072,1.056977,5.467,-0.0571,-0.05667,0.4667,4.472,0.2216,0.046626,15.0,0.01138,0.07654,0.12428,16.370712,,,,,,,,,,,,,,,,,,ACL_data,,2026-10-01
EMA_Bearish_State + Stoch_Cross_Down,EMA_Bearish_State + Stoch_Cross_Down,combo_2,101,momentum,Bearish,,,,,,,,,,,,,,,,,,0.8218,0.03336,-0.05882,0.016929,0.34943,3.191,-0.01701,-0.01365,0.4554,1.643,0.0689,0.019694,101.0,0.00888,0.01646,0.02474,5.157498,,,,,,,,,,,,,,,,,,0.021149,0.416124,0.8411,4.025,0.9703,7.51701,10,11.0558,-0.02309,0.5168,0.0768,0,1,0.023656,0.01608,0.02912,0.03981,0.23712,0,0.8515,0.04328,-0.06758,0.026813,0.481062,4.969,-0.0235,-0.02789,0.505,2.324,0.0768,0.028279,101.0,0.01608,0.02912,0.03981,11.0558,0.85,0.03709,-0.0788,0.019706,0.41788,3.916,-0.01865,-0.02773,0.59,2.85,0.0649,0.022996,100.0,0.02354,0.03656,0.0547,7.567896,,,,,,,,,,,,,,,,,,,,,,,,,,,,,,,,,,,,,,,,,,,,,,,,,,,,ACL_data,,2026-10-01
EMA_Bearish_State + CCI_Exit_Overbought,EMA_Bearish_State + CCI_Exit_Overbought,combo_2,22,momentum,Bearish,,,,,,,,,,,,,,,,,,0.8636,0.04412,-0.05706,0.030326,0.609283,5.076,-0.02969,-0.01562,0.4545,1.655,0.2512,0.025492,22.0,0.01212,0.03477,0.03805,9.697781,,,,,,,,,,,,,,,,,,0.032207,0.618525,0.8773,3.917,0.9589,7.284833,5,9.697781,-0.02575,0.4618,0.3109,0,1,0.028725,0.01212,0.03477,0.03805,0.26962,0,0.8636,0.05273,-0.12035,0.029131,0.559708,3.125,-0.03355,-0.0257,0.4545,2.34,0.3109,0.026599,22.0,0.0194,0.03934,0.0455,5.484957,0.9048,0.06067,-0.18615,0.037165,0.686585,3.55,-0.03957,-0.03591,0.4762,2.872,0.267,0.034086,21.0,0.03923,0.04979,0.06306,7.643247,,,,,,,,,,,,,,,,,,,,,,,,,,,,,,,,,,,,,,,,,,,,,,,,,,,,ACL_data,,2026-10-01
RSI_Bear_Momentum + Death_Cross_State,RSI_Bear_Momentum + Death_Cross_State,combo_2,52,trend,Bearish,,,,,,,,,,,,,,,,,,,,,,,,,,,,,,,,,,,,,,,,,,,,,,,,,,,,0.028067,0.60763,0.8489,3.194,0.9435,7.26922,30,21.2844,-0.04653,0.605,0.154,0,1,0.033881,0.02221,0.0834,0.09371,0.26052,0,0.8235,0.04231,-0.11062,0.015322,0.362029,2.262,-0.01653,-0.03106,0.6275,2.226,0.154,0.021792,51.0,0.0111,0.02132,0.03789,3.250746,,,,,,,,,,,,,,,,,,0.8431,0.04436,-0.13754,0.015823,0.292767,2.73,-0.01465,-0.04274,0.6275,3.148,0.1171,0.023617,51.0,0.02001,0.0481,0.0626,3.17271,0.88,0.08426,-0.17575,0.053056,1.168095,4.589,-0.05451,-0.0658,0.56,3.846,0.1169,0.056234,50.0,0.02221,0.0834,0.09371,21.2844,,,,,,,,,,,,,,,,,,ACL_data,,2026-10-01
Price_Below_SMA20 + Stoch_Bear_Zone,Price_Below_SMA20 + Stoch_Bear_Zone,combo_2,106,momentum,Bearish,,,,,,,,,,,,,,,,,,0.8491,0.0236,-0.04129,0.013804,0.24076,4.386,-0.01434,-0.00918,0.4623,1.643,0.0767,0.017872,105.0,0.01068,0.01786,0.02461,4.933835,,,,,,,,,,,,,,,,,,0.01877,0.349939,0.8459,4.404,0.9906,7.133781,15,11.047569,-0.0173,0.4969,0.0861,0,1,0.021235,0.02102,0.03385,0.04608,0.09462,1,0.8396,0.03112,-0.05898,0.016666,0.302887,4.156,-0.0177,-0.01654,0.5,2.323,0.0861,0.020514,105.0,0.01604,0.02729,0.03404,5.88244,0.8491,0.04279,-0.0695,0.025841,0.50617,4.671,-0.02605,-0.02619,0.5283,2.845,0.0588,0.025319,105.0,0.02102,0.03385,0.04608,11.047569,,,,,,,,,,,,,,,,,,,,,,,,,,,,,,,,,,,,,,,,,,,,,,,,,,,,ACL_data,,2026-10-01
Price_Below_SMA20 + Stoch_Cross_Down,Price_Below_SMA20 + Stoch_Cross_Down,combo_2,105,momentum,Bearish,,,,,,,,,,,,,,,,,,0.8286,0.02608,-0.05444,0.012277,0.230958,3.005,-0.01228,-0.00893,0.4571,1.645,0.0787,0.016443,104.0,0.00982,0.0167,0.0244,3.23665,,,,,,,,,,,,,,,,,,0.020614,0.387855,0.8444,4.011,0.9714,7.047047,15,10.678623,-0.01857,0.4825,0.0787,0,1,0.023955,0.02096,0.03449,0.04839,0.1835,0,0.8571,0.03848,-0.07043,0.022925,0.429189,4.478,-0.02365,-0.02004,0.4857,2.327,0.0767,0.026758,104.0,0.01679,0.02877,0.03481,8.96351,0.8476,0.04469,-0.07373,0.026641,0.503417,4.549,-0.02349,-0.02674,0.5048,2.85,0.0568,0.028665,104.0,0.02096,0.03449,0.04839,10.678623,,,,,,,,,,,,,,,,,,,,,,,,,,,,,,,,,,,,,,,,,,,,,,,,,,,,ACL_data,,2026-10-01
EMA_Bearish_State + Price_Below_EMA200,EMA_Bearish_State + Price_Below_EMA200,combo_2,10,trend,Bearish,,,,,,,,,,,,,,,,,,,,,,,,,,,,,,,,,,,,,,,,,,,,,,,,,,,,0.062614,1.032955,0.9,2.679,1.0,6.635116,30,13.403403,-0.05897,0.4667,0.356,0,1,0.061354,0.05062,0.06353,0.08997,0.43052,0,0.9,0.05345,-0.30765,0.01734,0.193999,1.666,-0.01192,-0.02372,0.5,2.363,0.2864,0.010021,10.0,0.02024,0.03931,0.04651,0.775176,,,,,,,,,,,,,,,,,,0.9,0.13618,-0.42624,0.079938,1.305327,2.875,-0.07003,-0.05983,0.4,3.342,0.325,0.074384,10.0,0.04344,0.05417,0.06247,9.000207,0.9,0.14097,-0.36305,0.090565,1.59954,3.495,-0.08456,-0.09335,0.5,4.093,0.356,0.099656,10.0,0.05062,0.06353,0.08997,13.403403,,,,,,,,,,,,,,,,,,ACL_data,,2026-10-01
RSI_Bear_Momentum + OBV_Falling,RSI_Bear_Momentum + OBV_Falling,combo_2,186,momentum,Bearish,,,,,,,,,,,,,,,,,,0.8065,0.03212,-0.0444,0.017311,0.337099,3.608,-0.0161,-0.01397,0.4624,1.657,0.0371,0.019212,186.0,0.00725,0.01646,0.02424,6.361556,,,,,,,,,,,,,,,,,,0.019537,0.386407,0.8256,3.31,0.9686,6.480077,15,8.978052,-0.0202,0.5037,0.0484,0,1,0.023106,0.0128,0.03624,0.0482,0.28262,0,0.8378,0.0369,-0.0872,0.016776,0.325345,2.867,-0.01672,-0.02041,0.5405,2.342,0.0484,0.021231,185.0,0.01038,0.02793,0.03752,4.879,0.8324,0.04683,-0.08631,0.024523,0.496777,3.455,-0.0224,-0.02623,0.5081,2.869,0.0396,0.028876,185.0,0.0128,0.03624,0.0482,8.978052,,,,,,,,,,,,,,,,,,,,,,,,,,,,,,,,,,,,,,,,,,,,,,,,,,,,ACL_data,,2026-10-01
OBV_Trend_Bear,OBV_Trend_Bear,single,67,momentum,Bearish,,,,,,,,,,,,,,,,,,0.8182,0.03581,-0.05449,0.019393,0.398922,3.746,-0.01956,-0.01558,0.4545,1.691,0.0953,0.022053,66.0,0.0093,0.01865,0.0278,6.305483,,,,,,,,,,,,,,,,,,0.020555,0.423542,0.8232,3.651,0.9848,6.426561,10,6.837842,-0.02553,0.5202,0.1107,0,1,0.025454,0.01158,0.02386,0.04294,0.38989,0,0.8333,0.03789,-0.07587,0.018933,0.390851,4.146,-0.01866,-0.02434,0.5303,2.391,0.1107,0.025529,66.0,0.01158,0.02386,0.04294,6.837842,0.8182,0.05505,-0.11936,0.023339,0.480854,3.062,-0.0227,-0.03666,0.5758,2.929,0.0893,0.028781,66.0,0.01223,0.0287,0.0614,6.212309,,,,,,,,,,,,,,,,,,,,,,,,,,,,,,,,,,,,,,,,,,,,,,,,,,,,ACL_data,,2026-10-01
RSI_Exit_Overbought + OBV_Falling,RSI_Exit_Overbought + OBV_Falling,combo_2,15,momentum,Bearish,,,,,,,,,,,,,,,,,,0.8,0.0544,-0.02792,0.037933,0.699838,8.841,-0.03862,-0.00679,0.4,1.64,0.2902,0.04621,15.0,0.00848,0.02891,0.04944,17.155018,,,,,,,,,,,,,,,,,,0.014731,0.266537,0.8873,124.137,0.8667,6.404645,10,22.884665,-0.03406,0.5714,0.3099,0,1,0.024897,0.05485,0.05671,0.05988,0.21669,0,0.9333,0.0433,-0.00902,0.039816,0.82539,136.676,-0.0402,-0.04667,0.6,2.319,0.3099,0.047935,15.0,0.05485,0.05671,0.05988,22.884665,0.9286,-0.03576,-0.00496,-0.033556,-0.725617,226.893,0.03388,-0.04871,0.7143,2.857,0.2955,-0.019454,14.0,0.05655,0.05793,0.07353,-20.118372,,,,,,,,,,,,,,,,,,,,,,,,,,,,,,,,,,,,,,,,,,,,,,,,,,,,ACL_data,,2026-10-01
Price_Below_SMA20 + Price_Below_SMA50,Price_Below_SMA20 + Price_Below_SMA50,combo_2,54,trend,Bearish,,,,,,,,,,,,,,,,,,,,,,,,,,,,,,,,,,,,,,,,,,,,,,,,,,,,0.018132,0.383888,0.88,4.587,0.9071,6.400513,30,18.652225,-0.03147,0.5445,0.1717,0,1,0.024204,0.04063,0.07668,0.09154,0.05269,1,0.8302,0.01986,-0.06155,0.006038,0.154281,3.57,-0.00746,-0.00689,0.5283,2.262,0.1717,0.01204,52.0,0.01434,0.02881,0.03287,2.206919,,,,,,,,,,,,,,,,,,0.8868,0.02913,-0.12706,0.011451,0.259897,3.879,-0.01001,-0.02338,0.5283,3.199,0.106,0.015826,52.0,0.03242,0.04933,0.06288,4.039922,0.9231,0.05629,-0.1957,0.036907,0.737485,6.311,-0.0359,-0.06414,0.5769,3.905,0.1152,0.044745,51.0,0.04063,0.07668,0.09154,18.652225,,,,,,,,,,,,,,,,,,ACL_data,,2026-10-01
RSI_Bear_Momentum + Price_Below_EMA200,RSI_Bear_Momentum + Price_Below_EMA200,combo_2,59,trend,Bearish,,,,,,,,,,,,,,,,,,,,,,,,,,,,,,,,,,,,,,,,,,,,,,,,,,,,0.024657,0.531725,0.8556,3.078,0.9504,6.36904,30,17.319256,-0.03892,0.5837,0.1395,0,1,0.033434,0.02147,0.08211,0.09581,0.25506,0,0.8276,0.04016,-0.10654,0.01487,0.330564,2.341,-0.01586,-0.02076,0.5862,2.28,0.1395,0.020279,57.0,0.01039,0.02178,0.04052,3.168819,,,,,,,,,,,,,,,,,,0.8621,0.04181,-0.1541,0.014789,0.271518,2.634,-0.01351,-0.03799,0.6034,3.225,0.1077,0.025572,57.0,0.01865,0.05816,0.07629,2.928059,0.8772,0.07349,-0.16412,0.044312,0.993092,4.259,-0.04562,-0.05803,0.5614,3.943,0.1147,0.05445,56.0,0.02147,0.08211,0.09581,17.319256,,,,,,,,,,,,,,,,,,ACL_data,,2026-10-01
Stoch_Bear_Zone + OBV_Falling,Stoch_Bear_Zone + OBV_Falling,combo_2,151,momentum,Bearish,,,,,,,,,,,,,,,,,,0.82,0.03161,-0.05367,0.01626,0.322537,3.262,-0.01532,-0.0104,0.4467,1.638,0.0495,0.017867,149.0,0.00551,0.01587,0.02437,5.286291,,,,,,,,,,,,,,,,,,0.019121,0.378854,0.8285,3.397,0.9744,6.29991,15,9.033932,-0.0199,0.5123,0.0583,0,1,0.019627,0.01347,0.03518,0.05006,0.25264,0,0.82,0.03927,-0.07837,0.018093,0.342614,3.114,-0.01626,-0.02336,0.5467,2.316,0.0583,0.019934,149.0,0.01075,0.02303,0.03576,5.360495,0.8456,0.04314,-0.08724,0.02301,0.471412,3.814,-0.01926,-0.02594,0.5436,2.837,0.0495,0.021081,148.0,0.01347,0.03518,0.05006,9.033932,,,,,,,,,,,,,,,,,,,,,,,,,,,,,,,,,,,,,,,,,,,,,,,,,,,,ACL_data,,2026-10-01
Price_Below_EMA200 + Stoch_Overbought,Price_Below_EMA200 + Stoch_Overbought,combo_2,16,trend,Bearish,,,,,,,,,,,,,,,,,,,,,,,,,,,,,,,,,,,,,,,,,,,,,,,,,,,,0.03811,0.735551,0.7786,3.17,0.95,6.275383,10,8.203693,-0.02494,0.4637,0.2786,0,1,0.040843,0.01174,0.02448,0.05538,0.76266,0,0.75,0.08353,-0.07705,0.043385,0.826967,3.501,-0.04449,-0.05338,0.5625,2.439,0.2209,0.043504,16.0,0.01174,0.02448,0.05538,8.203693,,,,,,,,,,,,,,,,,,0.8,0.07727,-0.11103,0.039606,0.777754,2.946,-0.04105,-0.03063,0.4,3.465,0.278,0.048218,15.0,0.01055,0.05604,0.07351,6.490844,0.7857,0.07036,-0.11174,0.031338,0.601931,3.062,-0.03106,0.00918,0.4286,4.257,0.2786,0.030807,14.0,0.00936,0.04645,0.11377,5.222276,,,,,,,,,,,,,,,,,,ACL_data,,2026-10-01
EMA_Bearish_State + Price_Below_SMA50,EMA_Bearish_State + Price_Below_SMA50,combo_2,36,trend,Bearish,,,,,,,,,,,,,,,,,,,,,,,,,,,,,,,,,,,,,,,,,,,,,,,,,,,,0.026149,0.458805,0.9036,4.135,0.8874,6.078721,30,10.362604,-0.04788,0.5731,0.1941,0,1,0.03269,0.04569,0.06306,0.08754,0.05554,1,0.8286,0.0449,-0.07114,0.025006,0.432576,4.03,-0.02682,-0.02725,0.5429,2.306,0.1941,0.027702,35.0,0.01523,0.02225,0.03335,6.295313,,,,,,,,,,,,,,,,,,0.9412,0.04584,-0.35005,0.022557,0.329382,3.703,-0.01913,-0.04124,0.5588,3.247,0.15,0.031415,34.0,0.04144,0.05031,0.06293,4.40483,0.9412,0.05523,-0.35871,0.030884,0.614458,4.67,-0.03016,-0.07516,0.6176,3.976,0.1689,0.038953,34.0,0.04569,0.06306,0.08754,10.362604,,,,,,,,,,,,,,,,,,ACL_data,,2026-10-01
Stoch_Cross_Down + CMF_Strong_Bear,Stoch_Cross_Down + CMF_Strong_Bear,combo_2,85,momentum,Bearish,,,,,,,,,,,,,,,,,,0.8353,0.01317,-0.03455,0.00531,0.103118,3.448,-0.00458,-0.00538,0.5059,1.545,0.0651,0.009581,82.0,0.00883,0.0167,0.02435,1.583706,,,,,,,,,,,,,,,,,,0.013952,0.307691,0.8627,4.611,0.9529,6.021871,15,9.674704,-0.01842,0.5569,0.0787,0,1,0.015036,0.02503,0.03574,0.05319,0.10411,0,0.8706,0.02643,-0.04744,0.016869,0.363165,5.629,-0.01687,-0.02143,0.5647,2.185,0.0688,0.016986,82.0,0.02004,0.02909,0.03517,9.106356,0.8824,0.03238,-0.07558,0.019678,0.45679,4.755,-0.02036,-0.02844,0.6,2.675,0.0787,0.018542,82.0,0.02503,0.03574,0.05319,9.674704,,,,,,,,,,,,,,,,,,,,,,,,,,,,,,,,,,,,,,,,,,,,,,,,,,,,ACL_data,,2026-10-01
RSI_Bear_Momentum,RSI_Bear_Momentum,single,86,momentum,Bearish,,,,,,,,,,,,,,,,,,0.7674,0.03489,-0.05119,0.014875,0.309695,2.594,-0.01318,-0.0165,0.5116,1.689,0.0803,0.019092,85.0,0.00791,0.01381,0.0213,3.587955,,,,,,,,,,,,,,,,,,0.022373,0.438873,0.8205,3.231,0.9204,5.828985,15,11.023926,-0.02571,0.5117,0.0939,0,1,0.031028,0.01548,0.0381,0.05682,0.3054,0,0.8471,0.04177,-0.09543,0.020788,0.398547,3.042,-0.02107,-0.03106,0.5412,2.388,0.0939,0.031562,84.0,0.01385,0.03169,0.04187,5.414756,0.8471,0.05411,-0.09402,0.031455,0.608376,4.057,-0.0267,-0.02956,0.4824,2.925,0.0762,0.042431,84.0,0.01548,0.0381,0.05682,11.023926,,,,,,,,,,,,,,,,,,,,,,,,,,,,,,,,,,,,,,,,,,,,,,,,,,,,ACL_data,,2026-10-01
Stoch_Cross_Down + VWAP_Bear,Stoch_Cross_Down + VWAP_Bear,combo_2,127,momentum,Bearish,,,,,,,,,,,,,,,,,,0.8346,0.02498,-0.05221,0.012217,0.245616,3.363,-0.01218,-0.00901,0.4646,1.593,0.0632,0.016145,125.0,0.00882,0.01624,0.02437,4.00767,,,,,,,,,,,,,,,,,,0.014667,0.31166,0.8474,3.917,0.9775,5.789474,10,7.977223,-0.01807,0.5107,0.0711,0,1,0.018738,0.01708,0.02744,0.035,0.1512,0,0.8504,0.03272,-0.06192,0.018562,0.371311,4.428,-0.0179,-0.01975,0.5039,2.253,0.0711,0.022095,125.0,0.01708,0.02744,0.035,7.977223,0.8571,0.02684,-0.06851,0.013222,0.318053,3.959,-0.01204,-0.02545,0.5635,2.762,0.0604,0.017975,124.0,0.02102,0.03464,0.04811,6.109985,,,,,,,,,,,,,,,,,,,,,,,,,,,,,,,,,,,,,,,,,,,,,,,,,,,,ACL_data,,2026-10-01
Price_Below_SMA20,Price_Below_SMA20,single,61,momentum,Bearish,,,,,,,,,,,,,,,,,,0.8033,0.03487,-0.04902,0.018364,0.347462,3.614,-0.01635,-0.0099,0.4098,1.592,0.1044,0.020329,61.0,0.0105,0.01779,0.02156,5.182693,,,,,,,,,,,,,,,,,,0.017953,0.358259,0.8233,4.027,0.9533,5.676657,15,10.596228,-0.01546,0.4755,0.1502,0,1,0.023792,0.01578,0.03523,0.04828,0.39536,0,0.8167,0.02691,-0.06327,0.010377,0.223509,3.372,-0.00747,-0.01248,0.5167,2.245,0.1502,0.018127,60.0,0.01173,0.02658,0.03527,3.110557,0.85,0.04107,-0.06527,0.025118,0.503805,5.096,-0.01865,-0.02399,0.5,2.75,0.1362,0.03292,60.0,0.01578,0.03523,0.04828,10.596228,,,,,,,,,,,,,,,,,,,,,,,,,,,,,,,,,,,,,,,,,,,,,,,,,,,,ACL_data,,2026-10-01
RSI_Cross50_Down + Stoch_Cross_Down,RSI_Cross50_Down + Stoch_Cross_Down,combo_2,14,momentum,Bearish,,,,,,,,,,,,,,,,,,0.7143,0.03356,-0.02915,0.015644,0.320305,3.326,-0.01514,-0.00628,0.4286,1.554,0.2394,0.017117,14.0,0.00327,0.0135,0.02053,2.884985,,,,,,,,,,,,,,,,,,0.019895,0.384839,0.7857,6.32,0.8571,5.645147,10,21.808808,-0.01497,0.4524,0.3179,0,1,0.023329,0.01606,0.02685,0.03183,0.52471,0,0.8571,0.05194,-0.02625,0.040772,0.805333,13.086,-0.04087,-0.02789,0.3571,2.198,0.2176,0.043858,14.0,0.01606,0.02685,0.03183,21.808808,0.7857,0.01777,-0.04991,0.00327,0.028879,2.546,-0.00313,-0.01073,0.5714,2.692,0.3179,0.009012,14.0,0.01606,0.02771,0.04649,0.199145,,,,,,,,,,,,,,,,,,,,,,,,,,,,,,,,,,,,,,,,,,,,,,,,,,,,ACL_data,,2026-10-01
RSI_Bear_Momentum + MACD_Hist_Falling,RSI_Bear_Momentum + MACD_Hist_Falling,combo_2,120,momentum,Bearish,,,,,,,,,,,,,,,,,,0.775,0.03386,-0.05522,0.013818,0.28292,2.422,-0.01332,-0.01176,0.4917,1.634,0.0611,0.017235,120.0,0.00885,0.0139,0.02149,3.286767,,,,,,,,,,,,,,,,,,0.021477,0.410255,0.8074,2.966,0.9515,5.553062,15,9.825633,-0.02089,0.5,0.0682,0,1,0.027101,0.01347,0.03278,0.05264,0.51565,0,0.8235,0.04338,-0.08573,0.020598,0.382293,2.854,-0.0207,-0.02143,0.5126,2.31,0.0682,0.028117,119.0,0.01074,0.02221,0.03589,5.232528,0.8235,0.05418,-0.08273,0.030016,0.565552,3.623,-0.03131,-0.02947,0.4958,2.829,0.0578,0.035952,119.0,0.01347,0.03278,0.05264,9.825633,,,,,,,,,,,,,,,,,,,,,,,,,,,,,,,,,,,,,,,,,,,,,,,,,,,,ACL_data,,2026-10-01
Stoch_Cross_Down + OBV_Falling,Stoch_Cross_Down + OBV_Falling,combo_2,116,momentum,Bearish,,,,,,,,,,,,,,,,,,0.8362,0.02738,-0.0644,0.012346,0.23975,2.727,-0.01288,-0.01213,0.5,1.624,0.0687,0.015344,115.0,0.00911,0.01608,0.02461,3.113372,,,,,,,,,,,,,,,,,,0.018242,0.356786,0.8506,3.347,0.9741,5.540303,15,7.597574,-0.02136,0.5431,0.0704,0,1,0.019958,0.02102,0.03578,0.05187,0.15541,0,0.8534,0.03724,-0.08419,0.019443,0.396109,3.643,-0.01964,-0.0242,0.5517,2.297,0.0704,0.021202,115.0,0.01495,0.02895,0.03898,6.872545,0.8621,0.04272,-0.10074,0.022936,0.434498,3.672,-0.01861,-0.02773,0.5776,2.813,0.0513,0.023328,115.0,0.02102,0.03578,0.05187,7.597574,,,,,,,,,,,,,,,,,,,,,,,,,,,,,,,,,,,,,,,,,,,,,,,,,,,,ACL_data,,2026-10-01
CCI_Exit_Overbought + VWAP_Bear,CCI_Exit_Overbought + VWAP_Bear,combo_2,29,momentum,Bearish,,,,,,,,,,,,,,,,,,0.8621,0.03001,-0.04712,0.019375,0.422902,5.074,-0.0192,-0.01254,0.3793,1.58,0.2281,0.021185,28.0,0.01043,0.02525,0.03304,7.298708,,,,,,,,,,,,,,,,,,0.020367,0.444696,0.8604,3.622,0.9951,5.452001,5,7.298708,-0.02517,0.5591,0.2752,0,1,0.019431,0.01043,0.02525,0.03304,0.2627,0,0.8621,0.03647,-0.09422,0.018447,0.426831,3.33,-0.02113,-0.02762,0.6552,2.234,0.2752,0.014431,28.0,0.01847,0.03344,0.03946,4.833819,0.8571,0.05157,-0.14644,0.02328,0.484355,2.463,-0.02531,-0.03535,0.6429,2.735,0.239,0.022678,27.0,0.02539,0.04149,0.06172,4.058283,,,,,,,,,,,,,,,,,,,,,,,,,,,,,,,,,,,,,,,,,,,,,,,,,,,,ACL_data,,2026-10-01
Death_Cross_State + Stoch_Overbought,Death_Cross_State + Stoch_Overbought,combo_2,19,trend,Bearish,,,,,,,,,,,,,,,,,,,,,,,,,,,,,,,,,,,,,,,,,,,,,,,,,,,,0.035188,0.589534,0.7773,3.162,0.9752,5.445258,20,7.167636,-0.03397,0.5341,0.2386,0,1,0.034571,0.01412,0.04386,0.09018,0.74464,0,0.7895,0.04558,-0.07705,0.019765,0.385139,3.678,-0.01511,-0.04675,0.6316,2.376,0.2098,0.018533,19.0,0.0153,0.02579,0.04589,4.243588,,,,,,,,,,,,,,,,,,0.7778,0.11049,-0.15235,0.052084,0.933806,2.562,-0.05058,-0.05515,0.5,3.368,0.2386,0.052385,18.0,0.01412,0.04386,0.09018,7.167636,0.7647,0.08135,-0.12109,0.033716,0.449655,3.244,-0.03122,0.0,0.4706,4.129,0.2049,0.032796,17.0,0.01293,0.04515,0.12793,4.370356,,,,,,,,,,,,,,,,,,ACL_data,,2026-10-01
Stoch_Overbought + CMF_Strong_Bear,Stoch_Overbought + CMF_Strong_Bear,combo_2,13,momentum,Bearish,,,,,,,,,,,,,,,,,,0.6923,0.0451,-0.06464,0.011333,0.353138,1.57,-0.01024,-0.02471,0.6154,1.582,0.2613,0.016205,13.0,-0.00172,0.00941,0.01903,1.462994,,,,,,,,,,,,,,,,,,0.021843,0.61612,0.7949,3.857,0.8462,5.306973,10,13.987878,-0.04039,0.641,0.2613,0,1,0.025826,0.02861,0.04978,0.06209,0.57631,0,0.8462,0.05305,-0.04343,0.038211,0.919043,5.767,-0.03623,-0.05728,0.6923,2.237,0.1422,0.041166,13.0,0.02861,0.04978,0.06209,13.987878,0.8462,0.0297,-0.05946,0.015984,0.576179,4.235,-0.01629,-0.0392,0.6154,2.74,0.246,0.020106,13.0,0.03933,0.06031,0.06805,6.439388,,,,,,,,,,,,,,,,,,,,,,,,,,,,,,,,,,,,,,,,,,,,,,,,,,,,ACL_data,,2026-10-01
Death_Cross_State + CCI_Exit_Overbought,Death_Cross_State + CCI_Exit_Overbought,combo_2,18,trend,Bearish,,,,,,,,,,,,,,,,,,,,,,,,,,,,,,,,,,,,,,,,,,,,,,,,,,,,0.031093,0.476987,0.8464,4.011,0.9412,5.302368,20,10.403247,-0.04146,0.4826,0.326,0,1,0.023304,0.01552,0.05081,0.06188,0.4537,0,0.8333,0.0727,-0.12156,0.040324,0.917151,2.99,-0.0447,-0.03245,0.3889,2.191,0.326,0.031462,18.0,0.0163,0.03304,0.04168,8.075496,,,,,,,,,,,,,,,,,,0.8235,0.08173,-0.11161,0.04761,0.798199,4.426,-0.04633,-0.03225,0.4118,3.093,0.2686,0.036977,17.0,0.01552,0.05081,0.06188,10.403247,0.8824,0.02742,-0.16023,0.005345,-0.284388,4.617,-0.00418,-0.05967,0.6471,3.789,0.3026,0.001472,17.0,0.03318,0.0533,0.08147,-3.866271,,,,,,,,,,,,,,,,,,ACL_data,,2026-10-01
Stoch_Cross_Down + Williams_Overbought,Stoch_Cross_Down + Williams_Overbought,combo_2,14,mean_rev,Bearish,0.7143,0.07407,-0.08468,0.028713,0.587847,2.279,-0.02873,-0.0431,0.5714,1.18,0.1826,0.035663,14.0,-0.03357,0.00436,0.01536,3.627676,0.8571,0.09752,-0.26884,0.045179,0.909691,2.212,-0.04513,-0.05361,0.5714,1.523,0.1851,0.049753,14.0,-0.0284,0.02487,0.05502,5.448537,0.8571,0.12667,-0.31388,0.063738,1.325875,2.449,-0.06152,-0.06609,0.5,1.803,0.1909,0.069668,14.0,-0.0284,0.03524,0.07179,8.794559,0.045877,0.941138,0.8095,2.313,0.8571,5.053528,7,8.794559,-0.05426,0.5476,0.1909,0,1,0.051695,-0.0284,0.03524,0.07179,0.4336,0,,,,,,,,,,,,,,,,,,,,,,,,,,,,,,,,,,,,,,,,,,,,,,,,,,,,,,,,,,,,,,,,,,,,,,,,,,,,,,,,,,,,,,ACL_data,,2026-10-01
Price_Below_SMA50 + OBV_Falling,Price_Below_SMA50 + OBV_Falling,combo_2,177,trend,Bearish,,,,,,,,,,,,,,,,,,,,,,,,,,,,,,,,,,,,,,,,,,,,,,,,,,,,0.018425,0.388169,0.8417,2.572,0.9626,4.979938,20,6.92849,-0.03895,0.5651,0.0508,0,1,0.021518,0.01772,0.04655,0.06854,0.19473,0,0.8239,0.03646,-0.09885,0.012627,0.249077,2.325,-0.01191,-0.02049,0.5398,2.361,0.0508,0.015196,175.0,0.00725,0.02743,0.03812,3.001071,,,,,,,,,,,,,,,,,,0.84,0.05281,-0.13459,0.022829,0.462047,2.894,-0.02004,-0.03586,0.5429,3.337,0.0355,0.025086,174.0,0.01772,0.04655,0.06854,6.92849,0.8613,0.05861,-0.22098,0.01982,0.453384,2.497,-0.00832,-0.06049,0.6127,4.081,0.042,0.024272,172.0,0.03216,0.06651,0.08396,5.86661,,,,,,,,,,,,,,,,,,ACL_data,,2026-10-01
Stoch_Cross_Down + OBV_Trend_Bear,Stoch_Cross_Down + OBV_Trend_Bear,combo_2,89,momentum,Bearish,,,,,,,,,,,,,,,,,,0.7978,0.02357,-0.05788,0.0071,0.137203,2.277,-0.00729,-0.00285,0.4719,1.676,0.0976,0.013186,86.0,0.0076,0.01452,0.02259,1.405594,,,,,,,,,,,,,,,,,,0.017939,0.328993,0.8202,3.416,0.9551,4.830315,15,10.202612,-0.01753,0.4981,0.0976,0,1,0.020973,0.01705,0.03518,0.04999,0.41198,0,0.8202,0.03971,-0.07288,0.019468,0.342655,3.501,-0.01902,-0.02004,0.5169,2.371,0.0897,0.022752,86.0,0.01347,0.02465,0.03482,5.398804,0.8427,0.04636,-0.07511,0.02725,0.507121,4.471,-0.02386,-0.02969,0.5056,2.904,0.0659,0.026983,86.0,0.01705,0.03518,0.04999,10.202612,,,,,,,,,,,,,,,,,,,,,,,,,,,,,,,,,,,,,,,,,,,,,,,,,,,,ACL_data,,2026-10-01
Price_Below_EMA200 + CCI_Exit_Overbought,Price_Below_EMA200 + CCI_Exit_Overbought,combo_2,17,trend,Bearish,,,,,,,,,,,,,,,,,,,,,,,,,,,,,,,,,,,,,,,,,,,,,,,,,,,,0.029639,0.411511,0.8775,3.987,0.9926,4.707027,20,10.288179,-0.038,0.4914,0.3358,0,1,0.018164,0.02946,0.0617,0.06744,0.3755,0,0.8824,0.06541,-0.17467,0.037169,0.83784,3.037,-0.04153,-0.03072,0.4118,2.196,0.3358,0.025624,17.0,0.02368,0.03619,0.04604,7.354792,,,,,,,,,,,,,,,,,,0.875,0.07949,-0.16324,0.049151,0.800192,4.448,-0.04787,-0.02953,0.4375,3.101,0.2742,0.032413,16.0,0.02946,0.0617,0.06744,10.288179,0.875,0.02586,-0.16023,0.002599,-0.4035,4.475,-0.00144,-0.05376,0.625,3.798,0.3125,-0.003544,16.0,0.02946,0.06827,0.08524,-5.218871,,,,,,,,,,,,,,,,,,ACL_data,,2026-10-01
Stoch_Bear_Zone + CMF_Negative,Stoch_Bear_Zone + CMF_Negative,combo_2,97,momentum,Bearish,,,,,,,,,,,,,,,,,,0.8351,0.01393,-0.03705,0.005519,0.110852,3.208,-0.00641,-0.00817,0.5258,1.564,0.113,0.010268,94.0,0.01018,0.01685,0.02437,1.630601,,,,,,,,,,,,,,,,,,0.012259,0.268259,0.8419,3.903,0.9794,4.701885,15,9.920843,-0.01805,0.5464,0.113,0,1,0.013281,0.02108,0.03482,0.04746,0.19446,0,0.8351,0.02613,-0.06052,0.01184,0.275505,3.33,-0.01427,-0.02004,0.5773,2.212,0.1122,0.01378,94.0,0.01715,0.02822,0.03455,4.206762,0.8557,0.0322,-0.05635,0.019417,0.418421,5.171,-0.01929,-0.02594,0.5361,2.709,0.0746,0.015796,94.0,0.02108,0.03482,0.04746,9.920843,,,,,,,,,,,,,,,,,,,,,,,,,,,,,,,,,,,,,,,,,,,,,,,,,,,,ACL_data,,2026-10-01
Price_Below_EMA200 + MACD_Bearish_State,Price_Below_EMA200 + MACD_Bearish_State,combo_2,38,trend,Bearish,,,,,,,,,,,,,,,,,,,,,,,,,,,,,,,,,,,,,,,,,,,,,,,,,,,,0.019387,0.441278,0.8649,2.938,0.9459,4.492431,30,11.851908,-0.03439,0.6036,0.2524,0,1,0.023028,0.03524,0.06434,0.07872,0.24714,0,0.8378,0.02547,-0.07395,0.009347,0.226666,2.992,-0.01074,-0.01987,0.5676,2.315,0.2524,0.008071,37.0,0.01286,0.02806,0.03561,2.484423,,,,,,,,,,,,,,,,,,0.8649,0.03531,-0.17411,0.007011,0.197295,2.226,-0.00786,-0.03313,0.7027,3.275,0.1567,0.010194,37.0,0.01736,0.04845,0.06472,1.60901,0.8919,0.07379,-0.22211,0.041802,0.899873,3.595,-0.04361,-0.05018,0.5405,4.011,0.1731,0.050818,37.0,0.03524,0.06434,0.07872,11.851908,,,,,,,,,,,,,,,,,,ACL_data,,2026-10-01
Price_Below_EMA200 + MACD_Hist_Negative,Price_Below_EMA200 + MACD_Hist_Negative,combo_2,38,trend,Bearish,,,,,,,,,,,,,,,,,,,,,,,,,,,,,,,,,,,,,,,,,,,,,,,,,,,,0.019387,0.441278,0.8649,2.938,0.9459,4.492431,30,11.851908,-0.03439,0.6036,0.2524,0,1,0.023028,0.03524,0.06434,0.07872,0.24714,0,0.8378,0.02547,-0.07395,0.009347,0.226666,2.992,-0.01074,-0.01987,0.5676,2.315,0.2524,0.008071,37.0,0.01286,0.02806,0.03561,2.484423,,,,,,,,,,,,,,,,,,0.8649,0.03531,-0.17411,0.007011,0.197295,2.226,-0.00786,-0.03313,0.7027,3.275,0.1567,0.010194,37.0,0.01736,0.04845,0.06472,1.60901,0.8919,0.07379,-0.22211,0.041802,0.899873,3.595,-0.04361,-0.05018,0.5405,4.011,0.1731,0.050818,37.0,0.03524,0.06434,0.07872,11.851908,,,,,,,,,,,,,,,,,,ACL_data,,2026-10-01
MACD_Hist_Negative + CDL_GravestoneDoji,MACD_Hist_Negative + CDL_GravestoneDoji,combo_2,20,momentum,Bearish,,,,,,,,,,,,,,,,,,0.8,0.03344,-0.06359,0.014031,0.29877,3.327,-0.01167,-6e-05,0.45,1.742,0.2447,0.018197,20.0,0.00747,0.01407,0.01476,3.026132,,,,,,,,,,,,,,,,,,0.02719,0.489408,0.7667,3.155,0.95,4.465874,10,7.382763,-0.02379,0.4833,0.2447,0,1,0.035974,0.01183,0.01481,0.05168,0.6118,0,0.75,0.08016,-0.08618,0.038571,0.789,3.073,-0.03713,-0.03189,0.45,2.464,0.1477,0.046119,20.0,0.01183,0.01481,0.05168,7.382763,0.75,0.0664,-0.08331,0.028968,0.380454,3.065,-0.02995,-0.03942,0.55,3.017,0.1815,0.043607,20.0,0.01243,0.01719,0.05728,3.549717,,,,,,,,,,,,,,,,,,,,,,,,,,,,,,,,,,,,,,,,,,,,,,,,,,,,ACL_data,,2026-10-01
MACD_Bearish_State + CDL_GravestoneDoji,MACD_Bearish_State + CDL_GravestoneDoji,combo_2,20,momentum,Bearish,,,,,,,,,,,,,,,,,,0.8,0.03344,-0.06359,0.014031,0.29877,3.327,-0.01167,-6e-05,0.45,1.742,0.2447,0.018197,20.0,0.00747,0.01407,0.01476,3.026132,,,,,,,,,,,,,,,,,,0.02719,0.489408,0.7667,3.155,0.95,4.465874,10,7.382763,-0.02379,0.4833,0.2447,0,1,0.035974,0.01183,0.01481,0.05168,0.6118,0,0.75,0.08016,-0.08618,0.038571,0.789,3.073,-0.03713,-0.03189,0.45,2.464,0.1477,0.046119,20.0,0.01183,0.01481,0.05168,7.382763,0.75,0.0664,-0.08331,0.028968,0.380454,3.065,-0.02995,-0.03942,0.55,3.017,0.1815,0.043607,20.0,0.01243,0.01719,0.05728,3.549717,,,,,,,,,,,,,,,,,,,,,,,,,,,,,,,,,,,,,,,,,,,,,,,,,,,,ACL_data,,2026-10-01
Price_Below_SMA20 + CMF_Negative,Price_Below_SMA20 + CMF_Negative,combo_2,56,momentum,Bearish,,,,,,,,,,,,,,,,,,0.8214,0.02797,-0.05349,0.013427,0.264318,2.974,-0.01353,-0.00892,0.3929,1.559,0.1586,0.0159,56.0,0.0097,0.01786,0.02214,3.177844,,,,,,,,,,,,,,,,,,0.014907,0.301402,0.8036,3.57,0.9643,4.194677,15,6.629169,-0.01029,0.4524,0.1729,0,1,0.018286,0.0128,0.02903,0.04124,0.38677,0,0.7857,0.03131,-0.05149,0.013566,0.259688,3.423,-0.01389,-0.00564,0.4821,2.205,0.1684,0.018462,56.0,0.01093,0.02132,0.03393,3.593873,0.8036,0.03412,-0.04933,0.017728,0.3802,4.313,-0.01926,-0.0163,0.4821,2.7,0.1729,0.020496,56.0,0.0128,0.02903,0.04124,6.629169,,,,,,,,,,,,,,,,,,,,,,,,,,,,,,,,,,,,,,,,,,,,,,,,,,,,ACL_data,,2026-10-01
Stoch_Bear_Zone + CMF_Strong_Bear,Stoch_Bear_Zone + CMF_Strong_Bear,combo_2,85,momentum,Bearish,,,,,,,,,,,,,,,,,,0.8235,0.01369,-0.03303,0.005441,0.100683,3.339,-0.00551,-0.00738,0.5059,1.566,0.0657,0.0095,82.0,0.00858,0.0164,0.02435,1.497357,,,,,,,,,,,,,,,,,,0.010905,0.246038,0.8392,3.787,0.9647,4.003862,15,7.82571,-0.01735,0.5569,0.0818,0,1,0.01118,0.02201,0.03448,0.05065,0.26533,0,0.8353,0.02064,-0.04967,0.00906,0.22703,3.741,-0.00946,-0.01792,0.6,2.215,0.0776,0.009192,82.0,0.01472,0.02789,0.03431,3.783628,0.8588,0.03228,-0.06735,0.018213,0.4104,4.281,-0.01888,-0.02674,0.5647,2.713,0.0818,0.014848,82.0,0.02201,0.03448,0.05065,7.82571,,,,,,,,,,,,,,,,,,,,,,,,,,,,,,,,,,,,,,,,,,,,,,,,,,,,ACL_data,,2026-10-01
RSI_Bear_Momentum + Price_Below_SMA50,RSI_Bear_Momentum + Price_Below_SMA50,combo_2,76,trend,Bearish,,,,,,,,,,,,,,,,,,,,,,,,,,,,,,,,,,,,,,,,,,,,,,,,,,,,0.016663,0.355831,0.8304,2.642,0.9733,3.974614,30,8.098243,-0.03797,0.5804,0.12,0,1,0.025239,0.02538,0.06769,0.08754,0.49356,0,0.8133,0.02897,-0.08879,0.006989,0.144431,2.308,-0.00723,-0.01792,0.5733,2.368,0.12,0.015801,73.0,0.01385,0.02159,0.0335,1.447792,,,,,,,,,,,,,,,,,,0.84,0.04975,-0.15673,0.016716,0.341201,2.414,-0.01564,-0.04274,0.5733,3.349,0.0773,0.024436,73.0,0.02099,0.04702,0.06854,3.577829,0.8378,0.06186,-0.15754,0.026286,0.58186,3.204,-0.02725,-0.05324,0.5946,4.099,0.0909,0.035481,72.0,0.02538,0.06769,0.08754,8.098243,,,,,,,,,,,,,,,,,,ACL_data,,2026-10-01
CMF_Strong_Bear + Williams_Overbought,CMF_Strong_Bear + Williams_Overbought,combo_2,15,momentum,Bearish,,,,,,,,,,,,,,,,,,0.8,0.01647,-0.02809,0.007555,0.245923,4.605,-0.00425,-0.01505,0.6,1.432,0.1919,0.012339,15.0,0.0064,0.01438,0.02603,3.139572,,,,,,,,,,,,,,,,,,0.014715,0.496346,0.9111,3.576,0.8,3.936865,15,3.30793,-0.03259,0.6444,0.2094,0,1,0.016257,0.04783,0.05514,0.06622,0.04991,1,1.0,0.02723,0.0,0.027234,0.774752,,-0.02193,-0.03893,0.6,2.026,0.2094,0.02456,15.0,0.03746,0.04734,0.05068,2.14807,0.9333,0.03146,-0.30016,0.009356,0.468362,2.547,-0.00665,-0.0438,0.7333,2.481,0.1798,0.011871,15.0,0.04783,0.05514,0.06622,3.30793,,,,,,,,,,,,,,,,,,,,,,,,,,,,,,,,,,,,,,,,,,,,,,,,,,,,ACL_data,,2026-10-01
OBV_Trend_Bear + VWAP_Bear,OBV_Trend_Bear + VWAP_Bear,combo_2,63,momentum,Bearish,,,,,,,,,,,,,,,,,,0.8065,0.03593,-0.05468,0.018391,0.384731,3.505,-0.01883,-0.01536,0.4516,1.697,0.101,0.020146,62.0,0.00927,0.01573,0.02539,5.607531,,,,,,,,,,,,,,,,,,0.013136,0.303856,0.8118,3.162,0.9839,3.931001,5,5.607531,-0.0214,0.5108,0.1254,0,1,0.017456,0.00927,0.01573,0.02539,0.49142,0,0.8226,0.03281,-0.07587,0.013526,0.2944,3.674,-0.01307,-0.01665,0.5,2.4,0.1254,0.019908,62.0,0.00979,0.02183,0.03881,4.498511,0.8065,0.03832,-0.12095,0.007491,0.232435,2.306,-0.0075,-0.0322,0.5806,2.939,0.1157,0.012313,62.0,0.01097,0.02483,0.06043,2.229521,,,,,,,,,,,,,,,,,,,,,,,,,,,,,,,,,,,,,,,,,,,,,,,,,,,,ACL_data,,2026-10-01
Price_Below_SMA20 + OBV_Trend_Bear,Price_Below_SMA20 + OBV_Trend_Bear,combo_2,70,momentum,Bearish,,,,,,,,,,,,,,,,,,0.7971,0.03198,-0.06885,0.011525,0.22718,2.402,-0.01191,-0.01023,0.4783,1.684,0.1007,0.015625,69.0,0.00922,0.01783,0.02459,2.325935,,,,,,,,,,,,,,,,,,0.016176,0.334825,0.8164,2.809,0.971,3.89281,10,5.173748,-0.02183,0.5217,0.104,0,1,0.022004,0.00933,0.02575,0.04241,0.52182,0,0.8261,0.04124,-0.09491,0.017562,0.3733,3.251,-0.01739,-0.02564,0.5362,2.382,0.104,0.024465,69.0,0.00933,0.02575,0.04241,5.173748,0.8261,0.05136,-0.13216,0.01944,0.403997,2.773,-0.01895,-0.02961,0.5507,2.917,0.0932,0.02592,69.0,0.01039,0.033,0.05743,4.776265,,,,,,,,,,,,,,,,,,,,,,,,,,,,,,,,,,,,,,,,,,,,,,,,,,,,ACL_data,,2026-10-01
CDL_GravestoneDoji,CDL_GravestoneDoji,single,28,candle,Bearish,0.75,0.03882,-0.04442,0.018008,0.356819,2.787,-0.01679,-0.00528,0.3571,1.343,0.1618,0.019015,28.0,-0.00259,0.00612,0.01428,3.349009,0.8214,0.04667,-0.06801,0.026193,0.52421,4.165,-0.0238,-0.01403,0.4643,1.734,0.1477,0.029452,28.0,0.00542,0.01424,0.02665,7.351501,,,,,,,,,,,,,,,,,,0.02067,0.413338,0.7619,3.107,0.8929,3.861115,5,7.351501,-0.00857,0.4167,0.1618,0,1,0.021935,0.00542,0.01424,0.02665,0.48204,0,,,,,,,,,,,,,,,,,,,,,,,,,,,,,,,,,,,,,,,,,,,,,,,,,,,,,,,,,,,,,,,,,,,,,0.7143,0.0432,-0.04567,0.017811,0.358983,2.369,-0.01772,-0.00641,0.4286,1.097,0.1118,0.017336,28.0,-0.00305,0.00326,0.01167,2.863653,ACL_data,,2026-10-01
Stoch_Cross_Down + CMF_Negative,Stoch_Cross_Down + CMF_Negative,combo_2,103,momentum,Bearish,,,,,,,,,,,,,,,,,,0.8252,0.01383,-0.04063,0.004311,0.086136,2.702,-0.0044,-0.00651,0.5146,1.559,0.1093,0.009223,100.0,0.00808,0.01658,0.02412,1.08079,,,,,,,,,,,,,,,,,,0.010662,0.24342,0.8447,3.542,0.9612,3.849098,15,7.164123,-0.0175,0.5534,0.1093,0,1,0.012667,0.02084,0.035,0.04963,0.18771,0,0.8447,0.02632,-0.06292,0.012455,0.293219,3.529,-0.0147,-0.02004,0.5825,2.205,0.1027,0.014686,100.0,0.01644,0.0284,0.03447,4.806088,0.8641,0.0285,-0.06924,0.015218,0.350906,4.396,-0.01383,-0.02594,0.5631,2.7,0.0715,0.014092,100.0,0.02084,0.035,0.04963,7.164123,,,,,,,,,,,,,,,,,,,,,,,,,,,,,,,,,,,,,,,,,,,,,,,,,,,,ACL_data,,2026-10-01
Stoch_Cross_Down + Stoch_Bear_Zone,Stoch_Cross_Down + Stoch_Bear_Zone,combo_2,117,momentum,Bearish,,,,,,,,,,,,,,,,,,0.8291,0.01889,-0.05292,0.006613,0.14038,2.526,-0.00555,-0.00893,0.5214,1.619,0.0833,0.01212,113.0,0.0084,0.01616,0.02437,1.691869,,,,,,,,,,,,,,,,,,0.012793,0.261655,0.8319,3.088,0.9915,3.821798,15,7.201198,-0.01881,0.547,0.0833,0,1,0.015712,0.01781,0.034,0.04937,0.20897,0,0.8291,0.03153,-0.07926,0.012587,0.253265,2.881,-0.00915,-0.02143,0.5726,2.289,0.082,0.015093,113.0,0.0137,0.02412,0.03455,3.480388,0.8376,0.03713,-0.07341,0.019179,0.391321,3.857,-0.00659,-0.02609,0.547,2.803,0.0566,0.019924,113.0,0.01781,0.034,0.04937,7.201198,,,,,,,,,,,,,,,,,,,,,,,,,,,,,,,,,,,,,,,,,,,,,,,,,,,,ACL_data,,2026-10-01
RSI_Bear_Momentum + VWAP_Bear,RSI_Bear_Momentum + VWAP_Bear,combo_2,80,momentum,Bearish,,,,,,,,,,,,,,,,,,0.775,0.03518,-0.05752,0.014324,0.30868,2.475,-0.0128,-0.0165,0.525,1.666,0.0844,0.018453,79.0,0.0067,0.01365,0.02131,3.357282,,,,,,,,,,,,,,,,,,0.01599,0.343185,0.8195,2.7,0.9269,3.774183,15,6.052043,-0.0232,0.5505,0.1147,0,1,0.023845,0.01515,0.03785,0.05564,0.37419,0,0.8354,0.03479,-0.09628,0.013222,0.289404,2.433,-0.01379,-0.02609,0.6076,2.355,0.1147,0.023342,78.0,0.01327,0.02731,0.04092,3.09424,0.8481,0.04255,-0.10313,0.020422,0.431472,3.192,-0.01536,-0.02703,0.519,2.884,0.0963,0.029742,78.0,0.01515,0.03785,0.05564,6.052043,,,,,,,,,,,,,,,,,,,,,,,,,,,,,,,,,,,,,,,,,,,,,,,,,,,,ACL_data,,2026-10-01
MACD_Hist_Negative + Stoch_Cross_Down,MACD_Hist_Negative + Stoch_Cross_Down,combo_2,77,momentum,Bearish,,,,,,,,,,,,,,,,,,0.7922,0.02069,-0.05632,0.00469,0.104346,1.972,-0.0058,-0.00651,0.5195,1.59,0.1249,0.01053,75.0,0.00832,0.01308,0.01955,0.89631,,,,,,,,,,,,,,,,,,0.014819,0.295834,0.8139,3.039,0.961,3.764476,15,6.933911,-0.01684,0.5325,0.1249,0,1,0.018863,0.01953,0.03242,0.04417,0.53885,0,0.8182,0.03623,-0.06643,0.017569,0.349423,3.477,-0.01687,-0.01771,0.5065,2.248,0.1128,0.021859,75.0,0.01297,0.02167,0.03122,5.292407,0.8312,0.0434,-0.08221,0.022196,0.433733,3.669,-0.01972,-0.0263,0.5714,2.753,0.0773,0.024199,75.0,0.01953,0.03242,0.04417,6.933911,,,,,,,,,,,,,,,,,,,,,,,,,,,,,,,,,,,,,,,,,,,,,,,,,,,,ACL_data,,2026-10-01
MACD_Bearish_State + Stoch_Cross_Down,MACD_Bearish_State + Stoch_Cross_Down,combo_2,77,momentum,Bearish,,,,,,,,,,,,,,,,,,0.7922,0.02069,-0.05632,0.00469,0.104346,1.972,-0.0058,-0.00651,0.5195,1.59,0.1249,0.01053,75.0,0.00832,0.01308,0.01955,0.89631,,,,,,,,,,,,,,,,,,0.014819,0.295834,0.8139,3.039,0.961,3.764476,15,6.933911,-0.01684,0.5325,0.1249,0,1,0.018863,0.01953,0.03242,0.04417,0.53885,0,0.8182,0.03623,-0.06643,0.017569,0.349423,3.477,-0.01687,-0.01771,0.5065,2.248,0.1128,0.021859,75.0,0.01297,0.02167,0.03122,5.292407,0.8312,0.0434,-0.08221,0.022196,0.433733,3.669,-0.01972,-0.0263,0.5714,2.753,0.0773,0.024199,75.0,0.01953,0.03242,0.04417,6.933911,,,,,,,,,,,,,,,,,,,,,,,,,,,,,,,,,,,,,,,,,,,,,,,,,,,,ACL_data,,2026-10-01
CMF_Strong_Bear + OBV_Falling,CMF_Strong_Bear + OBV_Falling,combo_2,161,momentum,Bearish,,,,,,,,,,,,,,,,,,0.8137,0.0189,-0.04283,0.007399,0.154497,2.865,-0.00548,-0.00783,0.5093,1.569,0.0558,0.007892,161.0,0.00742,0.01613,0.0222,2.251652,,,,,,,,,,,,,,,,,,0.012221,0.259432,0.8178,2.845,0.9938,3.732314,15,6.523721,-0.01786,0.5362,0.0558,0,1,0.012571,0.01212,0.0322,0.04524,0.31387,0,0.8199,0.03022,-0.07575,0.011128,0.221061,2.488,-0.01108,-0.01967,0.5528,2.219,0.0436,0.011211,161.0,0.01082,0.02333,0.03551,2.797899,0.8199,0.03745,-0.06978,0.018137,0.402738,3.184,-0.01831,-0.02608,0.5466,2.718,0.0407,0.018609,161.0,0.01212,0.0322,0.04524,6.523721,,,,,,,,,,,,,,,,,,,,,,,,,,,,,,,,,,,,,,,,,,,,,,,,,,,,ACL_data,,2026-10-01
CDL_Engulfing_Bear,CDL_Engulfing_Bear,single,84,candle,Bearish,0.8272,0.02333,-0.03893,0.012569,0.23024,3.998,-0.01244,-0.01504,0.5309,1.302,0.0748,0.013546,81.0,0.00319,0.01323,0.01852,4.088947,0.8025,0.02932,-0.04975,0.013698,0.228747,3.497,-0.01341,-0.00901,0.4568,1.681,0.0811,0.015078,81.0,0.00545,0.01425,0.02449,3.553561,,,,,,,,,,,,,,,,,,0.012711,0.227708,0.8066,3.76,0.963,3.663286,3,4.088947,-0.00918,0.4815,0.0853,0,1,0.013276,0.00319,0.01323,0.01852,0.10122,0,,,,,,,,,,,,,,,,,,,,,,,,,,,,,,,,,,,,,,,,,,,,,,,,,,,,,,,,,,,,,,,,,,,,,0.7901,0.02213,-0.02676,0.011867,0.224137,3.787,-0.01171,-0.00348,0.4568,1.063,0.0853,0.011205,81.0,0.002,0.00901,0.01595,3.771065,ACL_data,,2026-10-01
Price_Below_SMA50 + CDL_HangingMan,Price_Below_SMA50 + CDL_HangingMan,combo_2,17,trend,Bearish,,,,,,,,,,,,,,,,,,,,,,,,,,,,,,,,,,,,,,,,,,,,,,,,,,,,0.039813,0.635755,0.7451,2.11,0.9412,3.648884,30,4.807653,-0.06678,0.5882,0.2253,0,1,0.053485,-0.00575,0.02564,0.0946,0.85653,0,0.7059,0.08838,-0.09437,0.034632,0.518488,2.341,-0.0343,-0.05685,0.5882,2.704,0.1626,0.052879,16.0,-0.00575,0.01078,0.04185,3.508234,,,,,,,,,,,,,,,,,,0.7647,0.10192,-0.17838,0.035971,0.6084,1.857,-0.03683,-0.06574,0.5294,3.824,0.2253,0.046864,16.0,-0.00575,0.02316,0.06482,3.265612,0.7647,0.1213,-0.18667,0.048835,0.780376,2.131,-0.04667,-0.07775,0.6471,4.683,0.1956,0.060712,16.0,-0.00575,0.02564,0.0946,4.807653,,,,,,,,,,,,,,,,,,ACL_data,,2026-10-01
Price_Below_SMA20 + OBV_Falling,Price_Below_SMA20 + OBV_Falling,combo_2,202,momentum,Bearish,,,,,,,,,,,,,,,,,,0.802,0.02658,-0.05548,0.010333,0.205553,2.659,-0.00942,-0.00916,0.4752,1.653,0.0375,0.01268,202.0,0.00619,0.01609,0.02253,2.903528,,,,,,,,,,,,,,,,,,0.013341,0.270455,0.8096,2.574,0.9861,3.647922,15,5.521819,-0.01833,0.5216,0.0451,0,1,0.017466,0.0118,0.03191,0.04444,0.44905,0,0.8159,0.03583,-0.09377,0.011975,0.225155,2.335,-0.00952,-0.01975,0.5373,2.336,0.0451,0.016207,201.0,0.0099,0.02314,0.03571,2.793017,0.8109,0.04384,-0.09436,0.017715,0.380657,2.73,-0.0146,-0.02608,0.5522,2.862,0.0414,0.023511,201.0,0.0118,0.03191,0.04444,5.521819,,,,,,,,,,,,,,,,,,,,,,,,,,,,,,,,,,,,,,,,,,,,,,,,,,,,ACL_data,,2026-10-01
Stoch_Bear_Zone + CCI_Exit_Overbought,Stoch_Bear_Zone + CCI_Exit_Overbought,combo_2,32,momentum,Bearish,,,,,,,,,,,,,,,,,,0.875,0.02515,-0.04712,0.016113,0.312205,5.788,-0.01387,-0.01261,0.4062,1.651,0.1961,0.018987,31.0,0.0116,0.02947,0.03697,6.318224,,,,,,,,,,,,,,,,,,0.014038,0.249193,0.8737,4.199,0.996,3.643626,5,6.318224,-0.02436,0.5585,0.2485,0,1,0.016272,0.0116,0.02947,0.03697,0.18517,0,0.875,0.02055,-0.09422,0.006204,0.126728,3.692,-0.0076,-0.0257,0.6562,2.335,0.2485,0.007774,31.0,0.01961,0.03592,0.04432,1.635815,0.871,0.04518,-0.15152,0.019798,0.308646,3.117,-0.0174,-0.03478,0.6129,2.863,0.1904,0.022055,30.0,0.02828,0.04401,0.0614,3.363372,,,,,,,,,,,,,,,,,,,,,,,,,,,,,,,,,,,,,,,,,,,,,,,,,,,,ACL_data,,2026-10-01
OBV_Falling,OBV_Falling,single,272,momentum,Bearish,,,,,,,,,,,,,,,,,,0.8216,0.02565,-0.06013,0.010344,0.212881,2.802,-0.00947,-0.01062,0.5056,1.633,0.0268,0.011478,269.0,0.00878,0.01661,0.02459,3.345607,,,,,,,,,,,,,,,,,,0.011821,0.248441,0.8238,2.613,0.9919,3.611793,15,4.70369,-0.01929,0.5608,0.0338,0,1,0.014207,0.01196,0.03504,0.04673,0.13523,0,0.829,0.03295,-0.10266,0.009763,0.226719,2.294,-0.00892,-0.02111,0.6022,2.309,0.0338,0.012776,269.0,0.01067,0.02695,0.03761,2.917498,0.8209,0.04021,-0.09855,0.015356,0.305723,2.743,-0.00923,-0.02615,0.5746,2.829,0.0289,0.018367,268.0,0.01196,0.03504,0.04673,4.70369,,,,,,,,,,,,,,,,,,,,,,,,,,,,,,,,,,,,,,,,,,,,,,,,,,,,ACL_data,,2026-10-01
CMF_Strong_Bear + OBV_Trend_Bear,CMF_Strong_Bear + OBV_Trend_Bear,combo_2,49,momentum,Bearish,,,,,,,,,,,,,,,,,,0.7347,0.03096,-0.03802,0.01266,0.254503,2.84,-0.01375,-0.00885,0.4898,1.641,0.1476,0.0166,49.0,0.00667,0.01281,0.01992,2.827632,,,,,,,,,,,,,,,,,,0.012902,0.276086,0.7687,3.492,0.9388,3.540259,15,8.744977,-0.01617,0.517,0.1476,0,1,0.016323,0.01038,0.02575,0.04268,0.78974,0,0.7755,0.01818,-0.0486,0.003184,0.082819,3.081,-0.00204,-0.01134,0.5306,2.321,0.1087,0.008068,49.0,0.00928,0.0194,0.03014,0.99835,0.7959,0.04075,-0.04689,0.02286,0.490938,4.553,-0.0232,-0.02833,0.5306,2.843,0.1204,0.024302,49.0,0.01038,0.02575,0.04268,8.744977,,,,,,,,,,,,,,,,,,,,,,,,,,,,,,,,,,,,,,,,,,,,,,,,,,,,ACL_data,,2026-10-01
Price_Below_SMA20 + CDL_GravestoneDoji,Price_Below_SMA20 + CDL_GravestoneDoji,combo_2,20,momentum,Bearish,,,,,,,,,,,,,,,,,,0.8,0.02509,-0.06359,0.007357,0.179764,2.785,-0.00655,-0.0068,0.5,1.825,0.2803,0.014102,20.0,0.00747,0.01428,0.02213,1.524106,,,,,,,,,,,,,,,,,,0.025091,0.38496,0.8,2.992,1.0,3.506678,10,7.096082,-0.03253,0.5333,0.2803,0,1,0.034611,0.01243,0.03515,0.06198,0.6118,0,0.8,0.07756,-0.1063,0.040786,0.72712,3.205,-0.03935,-0.04736,0.5,2.58,0.1436,0.048916,20.0,0.01243,0.03515,0.06198,7.096082,0.8,0.05983,-0.10365,0.027131,0.247995,2.986,-0.02701,-0.04341,0.6,3.16,0.1434,0.040814,20.0,0.01243,0.04827,0.06227,2.254295,,,,,,,,,,,,,,,,,,,,,,,,,,,,,,,,,,,,,,,,,,,,,,,,,,,,ACL_data,,2026-10-01
RSI_Bear_Momentum + Stoch_Cross_Down,RSI_Bear_Momentum + Stoch_Cross_Down,combo_2,91,momentum,Bearish,,,,,,,,,,,,,,,,,,0.8132,0.02213,-0.06247,0.006323,0.122928,2.286,-0.00652,-0.00738,0.5165,1.668,0.0953,0.012453,89.0,0.00722,0.01646,0.02474,1.270941,,,,,,,,,,,,,,,,,,0.014359,0.253452,0.8242,3.123,0.978,3.500298,15,5.41578,-0.01698,0.5201,0.0953,0,1,0.018668,0.01786,0.03385,0.04469,0.3937,0,0.8352,0.03583,-0.07705,0.017226,0.300575,3.526,-0.01685,-0.01771,0.5165,2.359,0.0896,0.0224,89.0,0.01381,0.02804,0.03423,4.792981,0.8242,0.04005,-0.07666,0.019528,0.336853,3.556,-0.01658,-0.02587,0.5275,2.89,0.0699,0.021152,89.0,0.01786,0.03385,0.04469,5.41578,,,,,,,,,,,,,,,,,,,,,,,,,,,,,,,,,,,,,,,,,,,,,,,,,,,,ACL_data,,2026-10-01
EMA_Bearish_State + BB_Upper_Touch,EMA_Bearish_State + BB_Upper_Touch,combo_2,17,momentum,Bearish,,,,,,,,,,,,,,,,,,0.7647,0.0373,-0.11055,0.002509,0.057893,1.331,9e-05,-0.02479,0.6471,1.502,0.1945,-0.002411,17.0,-0.01051,0.01194,0.04775,0.222729,,,,,,,,,,,,,,,,,,0.02094,0.453225,0.8431,3.027,0.8824,3.498387,10,8.575743,-0.05406,0.6667,0.2922,0,1,0.017133,0.02835,0.05763,0.09286,0.38481,0,0.8824,0.06239,-0.15162,0.037214,0.828134,3.583,-0.037,-0.07015,0.7059,2.124,0.1706,0.034306,17.0,0.02835,0.05763,0.09286,8.575743,0.8824,0.04471,-0.13902,0.023098,0.473649,4.166,-0.02071,-0.06724,0.6471,2.601,0.2922,0.019503,17.0,0.02835,0.09221,0.09286,5.703398,,,,,,,,,,,,,,,,,,,,,,,,,,,,,,,,,,,,,,,,,,,,,,,,,,,,ACL_data,,2026-10-01
EMA_Bearish_State + MACD_Hist_Falling,EMA_Bearish_State + MACD_Hist_Falling,combo_2,106,momentum,Bearish,,,,,,,,,,,,,,,,,,0.7642,0.03151,-0.06733,0.008201,0.14089,1.959,-0.00626,-0.00866,0.5094,1.643,0.0676,0.011538,106.0,0.00558,0.01323,0.02174,1.28972,,,,,,,,,,,,,,,,,,0.017326,0.318576,0.7951,2.444,0.9356,3.404578,15,7.556034,-0.02159,0.5395,0.0775,0,1,0.020498,0.01134,0.03409,0.05351,0.55129,0,0.7925,0.04778,-0.09786,0.017552,0.304185,2.208,-0.01673,-0.02336,0.5566,2.323,0.0775,0.02039,106.0,0.00837,0.02184,0.03587,3.13836,0.8286,0.05071,-0.09211,0.026226,0.510653,3.167,-0.02743,-0.03275,0.5524,2.847,0.0622,0.029564,105.0,0.01134,0.03409,0.05351,7.556034,,,,,,,,,,,,,,,,,,,,,,,,,,,,,,,,,,,,,,,,,,,,,,,,,,,,ACL_data,,2026-10-01
MACD_Hist_Falling + CDL_Engulfing_Bear,MACD_Hist_Falling + CDL_Engulfing_Bear,combo_2,59,momentum,Bearish,,,,,,,,,,,,,,,,,,0.8136,0.02712,-0.04741,0.01322,0.267762,3.567,-0.01308,-0.00901,0.4576,1.651,0.1196,0.015495,59.0,0.00491,0.01449,0.02336,3.9103,,,,,,,,,,,,,,,,,,0.010832,0.212034,0.8192,4.024,0.9492,3.316131,10,5.567361,-0.0205,0.5367,0.1329,0,1,0.014844,0.00989,0.02694,0.04566,0.41859,0,0.7966,0.02796,-0.03691,0.014768,0.31304,4.344,-0.01541,-0.02546,0.5763,2.334,0.1329,0.020985,59.0,0.00989,0.02694,0.04566,5.567361,0.8475,0.01673,-0.06342,0.004506,0.0553,4.163,-0.00338,-0.02703,0.5763,2.859,0.108,0.008053,59.0,0.01635,0.04589,0.06306,0.942534,,,,,,,,,,,,,,,,,,,,,,,,,,,,,,,,,,,,,,,,,,,,,,,,,,,,ACL_data,,2026-10-01
MACD_Hist_Falling,MACD_Hist_Falling,single,139,momentum,Bearish,,,,,,,,,,,,,,,,,,0.777,0.02764,-0.0622,0.007608,0.147122,2.207,-0.00611,-0.00901,0.518,1.628,0.0521,0.010443,139.0,0.00706,0.01364,0.02181,1.604865,,,,,,,,,,,,,,,,,,0.01523,0.292674,0.7981,2.372,0.9581,3.286858,15,6.484734,-0.0219,0.5505,0.0574,0,1,0.019073,0.01167,0.033,0.05068,0.66369,0,0.7986,0.0473,-0.11467,0.014673,0.277057,2.017,-0.01408,-0.02725,0.5827,2.303,0.0574,0.018821,139.0,0.00926,0.02206,0.03589,2.761276,0.8188,0.05132,-0.10277,0.023408,0.453843,2.891,-0.01683,-0.02946,0.5507,2.822,0.0451,0.027954,138.0,0.01167,0.033,0.05068,6.484734,,,,,,,,,,,,,,,,,,,,,,,,,,,,,,,,,,,,,,,,,,,,,,,,,,,,ACL_data,,2026-10-01
OBV_Falling + VWAP_Bear,OBV_Falling + VWAP_Bear,combo_2,244,momentum,Bearish,,,,,,,,,,,,,,,,,,0.8216,0.02106,-0.05082,0.008237,0.193199,2.913,-0.00757,-0.00935,0.5311,1.611,0.0338,0.008753,241.0,0.00742,0.01657,0.0236,3.096525,,,,,,,,,,,,,,,,,,0.00915,0.237008,0.8199,2.503,0.9868,3.220709,15,3.960999,-0.01819,0.579,0.0428,0,1,0.010826,0.01211,0.03219,0.04458,0.1544,0,0.8257,0.02826,-0.08735,0.008116,0.210735,2.252,-0.00852,-0.021,0.61,2.279,0.0428,0.009323,241.0,0.0118,0.02541,0.0358,2.610457,0.8125,0.03458,-0.09066,0.011096,0.307089,2.345,-0.0112,-0.02424,0.5958,2.792,0.0359,0.014402,240.0,0.01211,0.03219,0.04458,3.960999,,,,,,,,,,,,,,,,,,,,,,,,,,,,,,,,,,,,,,,,,,,,,,,,,,,,ACL_data,,2026-10-01
MACD_Hist_Negative + VWAP_Bear,MACD_Hist_Negative + VWAP_Bear,combo_2,44,momentum,Bearish,,,,,,,,,,,,,,,,,,0.7955,0.04031,-0.05909,0.019977,0.385119,3.131,-0.01781,-0.0054,0.3636,1.77,0.1301,0.016265,43.0,0.0086,0.0159,0.02439,4.590348,,,,,,,,,,,,,,,,,,0.014823,0.313258,0.8078,2.779,0.9535,3.160185,5,4.590348,-0.02175,0.5088,0.2259,0,1,0.017633,0.0086,0.0159,0.02439,0.53036,0,0.7907,0.02691,-0.05451,0.009872,0.186704,3.012,-0.01127,-0.01987,0.5581,2.501,0.2259,0.013854,42.0,0.0095,0.02347,0.0349,2.140829,0.8372,0.04488,-0.14102,0.014619,0.36795,2.195,-0.01728,-0.03998,0.6047,3.063,0.1497,0.022779,42.0,0.01078,0.03175,0.05258,3.074222,,,,,,,,,,,,,,,,,,,,,,,,,,,,,,,,,,,,,,,,,,,,,,,,,,,,ACL_data,,2026-10-01
MACD_Bearish_State + VWAP_Bear,MACD_Bearish_State + VWAP_Bear,combo_2,44,momentum,Bearish,,,,,,,,,,,,,,,,,,0.7955,0.04031,-0.05909,0.019977,0.385119,3.131,-0.01781,-0.0054,0.3636,1.77,0.1301,0.016265,43.0,0.0086,0.0159,0.02439,4.590348,,,,,,,,,,,,,,,,,,0.014823,0.313258,0.8078,2.779,0.9535,3.160185,5,4.590348,-0.02175,0.5088,0.2259,0,1,0.017633,0.0086,0.0159,0.02439,0.53036,0,0.7907,0.02691,-0.05451,0.009872,0.186704,3.012,-0.01127,-0.01987,0.5581,2.501,0.2259,0.013854,42.0,0.0095,0.02347,0.0349,2.140829,0.8372,0.04488,-0.14102,0.014619,0.36795,2.195,-0.01728,-0.03998,0.6047,3.063,0.1497,0.022779,42.0,0.01078,0.03175,0.05258,3.074222,,,,,,,,,,,,,,,,,,,,,,,,,,,,,,,,,,,,,,,,,,,,,,,,,,,,ACL_data,,2026-10-01
Price_Below_SMA20 + MACD_Hist_Falling,Price_Below_SMA20 + MACD_Hist_Falling,combo_2,128,momentum,Bearish,,,,,,,,,,,,,,,,,,0.7656,0.02349,-0.05402,0.005324,0.072707,2.136,-0.0038,-0.00315,0.4766,1.64,0.0634,0.008699,128.0,0.00701,0.01385,0.01872,0.754708,,,,,,,,,,,,,,,,,,0.01424,0.253389,0.7854,2.588,0.9625,3.067441,15,7.178325,-0.0149,0.5053,0.0689,0,1,0.01985,0.01194,0.02806,0.04241,0.81514,0,0.7874,0.03754,-0.07899,0.012765,0.228341,2.411,-0.00964,-0.01451,0.5118,2.318,0.0689,0.019977,127.0,0.01026,0.02096,0.03218,2.675656,0.8031,0.05067,-0.0816,0.02463,0.459118,3.217,-0.02232,-0.02703,0.5276,2.839,0.0612,0.030874,127.0,0.01194,0.02806,0.04241,7.178325,,,,,,,,,,,,,,,,,,,,,,,,,,,,,,,,,,,,,,,,,,,,,,,,,,,,ACL_data,,2026-10-01
OBV_Falling + CDL_Engulfing_Bear,OBV_Falling + CDL_Engulfing_Bear,combo_2,80,momentum,Bearish,,,,,,,,,,,,,,,,,,0.8052,0.03032,-0.05223,0.014241,0.241558,3.51,-0.01397,-0.00901,0.4675,1.68,0.0821,0.01559,77.0,0.00455,0.01437,0.02445,3.725846,,,,,,,,,,,,,,,,,,0.01341,0.229355,0.8052,3.108,0.974,3.051094,10,3.785417,-0.0225,0.5498,0.1097,0,1,0.015973,0.00964,0.02098,0.04628,0.4847,0,0.7922,0.03722,-0.06707,0.015552,0.2824,3.05,-0.01546,-0.03162,0.5974,2.376,0.1097,0.018961,77.0,0.00964,0.02098,0.04628,3.785417,0.8182,0.03423,-0.09661,0.010437,0.164108,2.764,-0.00669,-0.02686,0.5844,2.91,0.0909,0.013367,77.0,0.01215,0.04506,0.06231,1.992978,,,,,,,,,,,,,,,,,,,,,,,,,,,,,,,,,,,,,,,,,,,,,,,,,,,,ACL_data,,2026-10-01
Price_Below_SMA50 + CDL_GravestoneDoji,Price_Below_SMA50 + CDL_GravestoneDoji,combo_2,15,trend,Bearish,,,,,,,,,,,,,,,,,,,,,,,,,,,,,,,,,,,,,,,,,,,,,,,,,,,,0.039734,0.476199,0.7333,2.28,1.0,3.00992,20,7.623917,-0.05913,0.5333,0.2496,0,1,0.048347,0.00358,0.01481,0.0921,0.87951,0,0.7333,0.0544,-0.10859,0.010939,-0.020866,1.696,-0.0101,-0.03121,0.5333,2.724,0.2409,0.017584,15.0,0.00358,0.01481,0.04687,-0.098141,,,,,,,,,,,,,,,,,,0.7333,0.11957,-0.1012,0.060695,0.841753,3.267,-0.05987,-0.06189,0.5333,3.852,0.2496,0.074453,15.0,0.00358,0.01481,0.0921,7.623917,0.7333,0.1404,-0.20771,0.047569,0.607709,1.876,-0.04525,-0.0843,0.5333,4.718,0.2225,0.053004,15.0,0.00358,0.0198,0.11246,3.161079,,,,,,,,,,,,,,,,,,ACL_data,,2026-10-01
Stoch_Overbought + CDL_Engulfing_Bear,Stoch_Overbought + CDL_Engulfing_Bear,combo_2,13,mean_rev,Bearish,1.0,0.05313,0.0,0.053126,1.029018,,-0.05202,-0.0504,0.3846,1.341,0.1917,0.053028,13.0,0.05121,0.05557,0.05905,2.715636,1.0,0.05723,0.0,0.057229,1.124536,,-0.05622,-0.05325,0.4615,1.731,0.2383,0.060578,13.0,0.062,0.07825,0.08588,2.967715,1.0,0.06397,0.0,0.063973,1.230022,,-0.06187,-0.07692,0.6154,2.049,0.2571,0.069432,13.0,0.07816,0.09138,0.09417,3.246098,0.058109,1.127858,1.0,0.0,1.0,2.976483,7,3.246098,-0.06019,0.4872,0.2571,0,1,0.061013,0.07816,0.09138,0.09417,0.02917,1,,,,,,,,,,,,,,,,,,,,,,,,,,,,,,,,,,,,,,,,,,,,,,,,,,,,,,,,,,,,,,,,,,,,,,,,,,,,,,,,,,,,,,ACL_data,,2026-10-01
MACD_Hist_Falling + VWAP_Bear,MACD_Hist_Falling + VWAP_Bear,combo_2,129,momentum,Bearish,,,,,,,,,,,,,,,,,,0.7752,0.02368,-0.0614,0.004554,0.09709,1.999,-0.00305,-0.00831,0.5349,1.612,0.0626,0.005945,129.0,0.00706,0.01293,0.0213,0.944558,,,,,,,,,,,,,,,,,,0.012661,0.27247,0.7954,2.312,0.9627,2.952446,15,5.993695,-0.02167,0.5674,0.0696,0,1,0.014766,0.0121,0.02998,0.04772,0.72988,0,0.7984,0.03928,-0.09084,0.013051,0.271226,2.197,-0.01345,-0.02725,0.5969,2.28,0.0696,0.015454,129.0,0.01052,0.02163,0.03352,2.900072,0.8125,0.04512,-0.08682,0.020377,0.449094,2.742,-0.02194,-0.02946,0.5703,2.793,0.0565,0.022898,128.0,0.0121,0.02998,0.04772,5.993695,,,,,,,,,,,,,,,,,,,,,,,,,,,,,,,,,,,,,,,,,,,,,,,,,,,,ACL_data,,2026-10-01
Stoch_Cross_Down + CCI_Exit_Overbought,Stoch_Cross_Down + CCI_Exit_Overbought,combo_2,10,mean_rev,Bearish,0.8,0.00235,-0.05678,-0.009477,-0.202009,0.55,0.01145,-0.00369,0.7,1.221,0.2857,-0.002478,9.0,0.00887,0.01816,0.02271,-0.484395,0.9,0.01475,-0.02367,0.010911,0.230284,10.673,-0.00957,-0.01133,0.5,1.576,0.3498,0.021953,9.0,0.02229,0.03214,0.03483,5.521967,0.9,0.03905,-0.0501,0.030132,0.636395,7.19,-0.02941,-0.02877,0.5,1.864,0.2468,0.033714,9.0,0.03258,0.03492,0.03639,10.971297,0.010522,0.221557,0.8667,6.137,0.9,2.934586,7,10.971297,-0.0146,0.5667,0.3498,0,1,0.01773,0.03258,0.03492,0.03639,0.36398,0,,,,,,,,,,,,,,,,,,,,,,,,,,,,,,,,,,,,,,,,,,,,,,,,,,,,,,,,,,,,,,,,,,,,,,,,,,,,,,,,,,,,,,ACL_data,,2026-10-01
EMA_Bearish_State + BB_Upper_Reject,EMA_Bearish_State + BB_Upper_Reject,combo_2,13,momentum,Bearish,,,,,,,,,,,,,,,,,,1.0,0.04624,0.0,0.046238,0.962909,,-0.04735,-0.04734,0.5385,1.6,0.321,0.043511,13.0,0.0483,0.05465,0.06859,2.541171,,,,,,,,,,,,,,,,,,0.053767,1.109823,1.0,0.0,1.0,2.928887,10,4.105966,-0.04553,0.4231,0.3757,0,1,0.051801,0.06182,0.07464,0.07854,0.05055,1,1.0,0.07456,0.0,0.074557,1.555846,,-0.07921,-0.04846,0.2308,2.262,0.3757,0.076985,13.0,0.06182,0.07464,0.07854,4.105966,1.0,0.04051,0.0,0.040507,0.810715,,-0.04033,-0.04078,0.5,2.785,0.2321,0.034908,12.0,0.07361,0.07446,0.07797,2.139524,,,,,,,,,,,,,,,,,,,,,,,,,,,,,,,,,,,,,,,,,,,,,,,,,,,,ACL_data,,2026-10-01
MACD_Hist_Falling + CMF_Negative,MACD_Hist_Falling + CMF_Negative,combo_2,110,momentum,Bearish,,,,,,,,,,,,,,,,,,0.7818,0.02014,-0.05492,0.003765,0.072634,1.965,-0.00306,-0.00695,0.5182,1.578,0.0937,0.006888,110.0,0.00601,0.01378,0.0205,0.672024,,,,,,,,,,,,,,,,,,0.0131,0.254929,0.7818,2.401,0.9818,2.830419,15,6.976963,-0.01823,0.5394,0.0937,0,1,0.016683,0.01067,0.02295,0.04161,0.6992,0,0.7727,0.03983,-0.08394,0.0117,0.230298,2.031,-0.01298,-0.02121,0.5818,2.232,0.0825,0.016513,110.0,0.00929,0.02084,0.03215,2.20315,0.7909,0.04909,-0.0717,0.023834,0.461856,3.208,-0.02453,-0.02652,0.5182,2.733,0.0623,0.026648,110.0,0.01067,0.02295,0.04161,6.976963,,,,,,,,,,,,,,,,,,,,,,,,,,,,,,,,,,,,,,,,,,,,,,,,,,,,ACL_data,,2026-10-01
Death_Cross_State + CCI_Overbought,Death_Cross_State + CCI_Overbought,combo_2,19,trend,Bearish,,,,,,,,,,,,,,,,,,,,,,,,,,,,,,,,,,,,,,,,,,,,,,,,,,,,0.020736,0.401726,0.7632,2.455,0.9327,2.75573,20,6.374477,-0.02537,0.5614,0.2755,0,1,0.010584,0.00983,0.02846,0.06017,0.74464,0,0.7895,0.03708,-0.1019,0.007818,0.267594,2.421,-0.00412,-0.0298,0.6842,2.165,0.197,-0.003628,19.0,0.00456,0.02162,0.03765,1.94048,,,,,,,,,,,,,,,,,,0.7222,0.12389,-0.15543,0.0463,0.992593,2.144,-0.04478,-0.04866,0.5,3.044,0.2755,0.03546,18.0,0.00983,0.02846,0.06017,6.374477,0.7778,0.05067,-0.14092,0.008091,-0.055009,2.8,-0.00692,0.00236,0.5,3.729,0.2613,-8e-05,18.0,0.02102,0.03473,0.0616,-0.461488,,,,,,,,,,,,,,,,,,ACL_data,,2026-10-01
RSI_Bear_Momentum + Price_Below_SMA20,RSI_Bear_Momentum + Price_Below_SMA20,combo_2,85,momentum,Bearish,,,,,,,,,,,,,,,,,,0.7412,0.03087,-0.05908,0.007593,0.154996,1.874,-0.00601,-0.00901,0.5294,1.704,0.0904,0.013993,84.0,0.00374,0.01304,0.0186,1.293725,,,,,,,,,,,,,,,,,,0.014068,0.279385,0.7947,2.378,0.9197,2.721773,15,5.976408,-0.01872,0.5257,0.0991,0,1,0.024904,0.01431,0.03406,0.05038,0.55431,0,0.8214,0.03773,-0.10757,0.011786,0.244455,2.202,-0.01192,-0.02315,0.5476,2.408,0.0991,0.025007,83.0,0.01191,0.022,0.03901,2.397239,0.8214,0.0501,-0.10264,0.022826,0.438704,3.058,-0.01849,-0.02399,0.5,2.949,0.0879,0.035714,83.0,0.01431,0.03406,0.05038,5.976408,,,,,,,,,,,,,,,,,,,,,,,,,,,,,,,,,,,,,,,,,,,,,,,,,,,,ACL_data,,2026-10-01
RSI_Bear_Momentum + CDL_GravestoneDoji,RSI_Bear_Momentum + CDL_GravestoneDoji,combo_2,16,momentum,Bearish,,,,,,,,,,,,,,,,,,0.8125,0.01272,-0.07321,-0.003389,0.003087,1.906,0.00499,-0.01403,0.625,1.703,0.2428,0.004491,16.0,0.01145,0.0143,0.02008,0.016664,,,,,,,,,,,,,,,,,,0.019684,0.349433,0.8125,2.729,1.0,2.701891,10,7.573585,-0.03554,0.5833,0.2428,0,1,0.028671,0.01458,0.0402,0.05436,0.5815,0,0.8125,0.07481,-0.10371,0.04134,0.814543,3.282,-0.03986,-0.04668,0.5,2.408,0.1899,0.050313,16.0,0.01458,0.0402,0.05436,7.573585,0.8125,0.04981,-0.10328,0.021101,0.230671,3.0,-0.02098,-0.04592,0.625,2.949,0.1913,0.031208,16.0,0.01458,0.05758,0.06135,1.96063,,,,,,,,,,,,,,,,,,,,,,,,,,,,,,,,,,,,,,,,,,,,,,,,,,,,ACL_data,,2026-10-01
EMA_Bearish_State + Stoch_Overbought,EMA_Bearish_State + Stoch_Overbought,combo_2,27,momentum,Bearish,,,,,,,,,,,,,,,,,,0.7037,0.02865,-0.07992,-0.003522,0.000921,1.125,0.00571,-0.00779,0.5556,1.697,0.142,-0.001745,27.0,-0.0404,-0.00196,0.01554,0.003453,,,,,,,,,,,,,,,,,,0.014524,0.345672,0.7778,2.615,0.8889,2.677876,10,7.245497,-0.03703,0.5926,0.1907,0,1,0.0144,0.01293,0.04586,0.0623,0.64393,0,0.8148,0.05771,-0.10109,0.028306,0.652404,3.333,-0.02948,-0.05187,0.6667,2.4,0.1442,0.026065,27.0,0.01293,0.04586,0.0623,7.245497,0.8148,0.04737,-0.10696,0.018787,0.38369,3.389,-0.01322,-0.05143,0.5556,2.939,0.1907,0.01888,27.0,0.01293,0.05215,0.07336,4.332517,,,,,,,,,,,,,,,,,,,,,,,,,,,,,,,,,,,,,,,,,,,,,,,,,,,,ACL_data,,2026-10-01
MACD_Hist_Falling + Stoch_Cross_Down,MACD_Hist_Falling + Stoch_Cross_Down,combo_2,103,momentum,Bearish,,,,,,,,,,,,,,,,,,0.7961,0.01991,-0.06139,0.003335,0.105022,1.728,-0.00301,-0.00901,0.534,1.582,0.0987,0.008517,99.0,0.00595,0.01311,0.01938,0.842772,,,,,,,,,,,,,,,,,,0.010286,0.233009,0.8091,2.39,0.9709,2.511477,10,3.982327,-0.01915,0.5663,0.0987,0,1,0.011052,0.01241,0.02105,0.0341,0.5564,0,0.8058,0.03555,-0.07353,0.014371,0.310616,2.76,-0.00927,-0.02143,0.5825,2.238,0.092,0.014045,99.0,0.01241,0.02105,0.0341,3.982327,0.8252,0.03619,-0.09561,0.013153,0.283389,2.683,-0.00222,-0.02703,0.5825,2.741,0.0649,0.010594,99.0,0.0146,0.03366,0.05068,3.531023,,,,,,,,,,,,,,,,,,,,,,,,,,,,,,,,,,,,,,,,,,,,,,,,,,,,ACL_data,,2026-10-01
EMA_Bearish_State + CDL_HangingMan,EMA_Bearish_State + CDL_HangingMan,combo_2,23,momentum,Bearish,,,,,,,,,,,,,,,,,,0.6522,0.06851,-0.16052,-0.011155,-0.05515,0.8,0.01088,-0.03406,0.6522,1.735,0.1575,-0.00312,22.0,-0.0396,-0.00788,0.00143,-0.17527,,,,,,,,,,,,,,,,,,0.019678,0.453661,0.7246,1.997,0.8696,2.503878,10,7.942989,-0.03934,0.5797,0.2464,0,1,0.028761,0.00048,0.01504,0.04834,0.80841,0,0.7391,0.08409,-0.08085,0.041064,0.82598,3.026,-0.04073,-0.05458,0.5652,2.454,0.1224,0.051977,22.0,0.00048,0.01504,0.04834,7.942989,0.7826,0.07235,-0.12648,0.029125,0.590153,2.165,-0.03097,-0.02937,0.5217,3.006,0.2464,0.037427,22.0,0.00108,0.02965,0.05489,4.061388,,,,,,,,,,,,,,,,,,,,,,,,,,,,,,,,,,,,,,,,,,,,,,,,,,,,ACL_data,,2026-10-01
MACD_Hist_Falling + OBV_Falling,MACD_Hist_Falling + OBV_Falling,combo_2,214,momentum,Bearish,,,,,,,,,,,,,,,,,,0.785,0.02561,-0.06417,0.006307,0.116982,1.982,-0.0052,-0.00835,0.5421,1.621,0.0379,0.008062,214.0,0.00577,0.01384,0.02153,1.244939,,,,,,,,,,,,,,,,,,0.011465,0.216606,0.7957,2.199,0.9775,2.500448,15,4.892638,-0.01846,0.5679,0.0441,0,1,0.014363,0.00987,0.02998,0.04555,0.70361,0,0.7944,0.03738,-0.09709,0.009735,0.192609,1.937,-0.00844,-0.02,0.5935,2.292,0.0441,0.013461,214.0,0.00901,0.02114,0.03467,2.004,0.8075,0.04534,-0.09484,0.018353,0.340226,2.678,-0.01094,-0.02703,0.5681,2.808,0.0321,0.021567,213.0,0.00987,0.02998,0.04555,4.892638,,,,,,,,,,,,,,,,,,,,,,,,,,,,,,,,,,,,,,,,,,,,,,,,,,,,ACL_data,,2026-10-01
RSI_Bear_Momentum + CMF_Negative,RSI_Bear_Momentum + CMF_Negative,combo_2,77,momentum,Bearish,,,,,,,,,,,,,,,,,,0.8052,0.02371,-0.06969,0.005519,0.15447,1.753,-0.00592,-0.01416,0.6234,1.622,0.1279,0.009235,76.0,0.00808,0.01561,0.02151,1.179984,,,,,,,,,,,,,,,,,,0.012151,0.264916,0.8052,2.16,1.0,2.492747,15,6.070503,-0.01807,0.5628,0.1279,0,1,0.017627,0.01254,0.02989,0.04598,0.4847,0,0.8052,0.03511,-0.10408,0.007994,0.159611,1.827,-0.00838,-0.01967,0.5714,2.294,0.1235,0.014821,76.0,0.01202,0.02155,0.03728,1.270577,0.8052,0.04949,-0.08681,0.022939,0.480668,2.899,-0.01872,-0.02038,0.4935,2.81,0.0988,0.028826,76.0,0.01254,0.02989,0.04598,6.070503,,,,,,,,,,,,,,,,,,,,,,,,,,,,,,,,,,,,,,,,,,,,,,,,,,,,ACL_data,,2026-10-01
BB_Upper_Reject + OBV_Falling,BB_Upper_Reject + OBV_Falling,combo_2,20,momentum,Bearish,,,,,,,,,,,,,,,,,,0.85,0.03531,-0.045,0.023263,0.467548,5.864,-0.02434,-0.03923,0.55,1.604,0.2609,0.024674,20.0,0.01227,0.04379,0.05098,8.347571,,,,,,,,,,,,,,,,,,0.010836,0.256382,0.9158,3.534,0.9,2.48281,5,8.347571,-0.03899,0.6447,0.3119,0,1,0.012764,0.01227,0.04379,0.05098,0.09974,1,0.95,0.04292,-0.34976,0.023285,0.532323,3.256,-0.027,-0.04761,0.7,2.269,0.3119,0.027361,20.0,0.05403,0.06866,0.07491,5.276991,0.9474,0.01486,-0.53415,-0.014038,-0.230727,1.482,0.02464,-0.03014,0.6842,2.788,0.1608,-0.013743,19.0,0.05832,0.07398,0.0789,-1.041287,,,,,,,,,,,,,,,,,,,,,,,,,,,,,,,,,,,,,,,,,,,,,,,,,,,,ACL_data,,2026-10-01
OBV_Falling + OBV_Trend_Bear,OBV_Falling + OBV_Trend_Bear,combo_2,178,momentum,Bearish,,,,,,,,,,,,,,,,,,0.7966,0.02038,-0.05664,0.004719,0.133483,2.229,-0.00445,-0.00893,0.5424,1.692,0.0499,0.007316,177.0,0.00489,0.0157,0.02287,1.543165,,,,,,,,,,,,,,,,,,0.008944,0.209084,0.7947,2.287,0.9944,2.466492,15,4.299933,-0.01688,0.5518,0.054,0,1,0.012401,0.01012,0.02776,0.04679,0.53522,0,0.7966,0.03316,-0.09381,0.007338,0.167552,2.091,-0.00692,-0.02004,0.5819,2.393,0.054,0.010703,177.0,0.00837,0.0215,0.0367,1.817782,0.791,0.04225,-0.08921,0.014774,0.326218,2.541,-0.013,-0.02168,0.5311,2.931,0.0465,0.019182,177.0,0.01012,0.02776,0.04679,4.299933,,,,,,,,,,,,,,,,,,,,,,,,,,,,,,,,,,,,,,,,,,,,,,,,,,,,ACL_data,,2026-10-01
RSI_Bear_Momentum + EMA_Bearish_State,RSI_Bear_Momentum + EMA_Bearish_State,combo_2,70,momentum,Bearish,,,,,,,,,,,,,,,,,,0.7714,0.03181,-0.06355,0.010011,0.229074,2.147,-0.00884,-0.01126,0.5,1.691,0.0994,0.015876,69.0,0.00283,0.01365,0.0207,2.096596,,,,,,,,,,,,,,,,,,0.012075,0.255015,0.8079,2.422,0.9308,2.450838,15,4.3114,-0.01753,0.5483,0.1209,0,1,0.020268,0.01515,0.03406,0.05483,0.46007,0,0.8116,0.03418,-0.09739,0.00939,0.17907,2.285,-0.00965,-0.01907,0.5652,2.391,0.1209,0.019066,68.0,0.01327,0.02214,0.03741,1.744316,0.8406,0.04241,-0.11806,0.016823,0.3569,2.834,-0.01178,-0.02225,0.5797,2.928,0.1033,0.025862,68.0,0.01515,0.03406,0.05483,4.3114,,,,,,,,,,,,,,,,,,,,,,,,,,,,,,,,,,,,,,,,,,,,,,,,,,,,ACL_data,,2026-10-01
CCI_Overbought + VWAP_Bear,CCI_Overbought + VWAP_Bear,combo_2,29,momentum,Bearish,,,,,,,,,,,,,,,,,,0.7931,0.0232,-0.10041,-0.002372,0.011584,1.333,0.00374,-0.01505,0.6552,1.525,0.1728,-0.005234,29.0,-0.00591,0.01424,0.02846,0.052516,,,,,,,,,,,,,,,,,,0.013349,0.366563,0.8161,2.027,0.9655,2.440053,15,7.330508,-0.03326,0.6667,0.1728,0,1,0.008193,0.01056,0.04405,0.05852,0.5734,0,0.8276,0.03514,-0.12097,0.008227,0.254876,2.161,-0.00478,-0.03162,0.6897,2.156,0.1486,0.001483,29.0,0.00456,0.02742,0.05095,1.873738,0.8276,0.07291,-0.15165,0.034193,0.83323,2.587,-0.03242,-0.0531,0.6552,2.641,0.1633,0.028331,29.0,0.01056,0.04405,0.05852,7.330508,,,,,,,,,,,,,,,,,,,,,,,,,,,,,,,,,,,,,,,,,,,,,,,,,,,,ACL_data,,2026-10-01
VWAP_Bear + CDL_GravestoneDoji,VWAP_Bear + CDL_GravestoneDoji,combo_2,22,momentum,Bearish,,,,,,,,,,,,,,,,,,0.7727,0.03008,-0.07118,0.007065,0.188922,2.276,-0.00515,-0.0068,0.5,1.695,0.2552,0.009778,22.0,-0.00111,0.01367,0.0145,1.34812,,,,,,,,,,,,,,,,,,0.017787,0.358252,0.7424,2.264,0.9545,2.428023,10,4.517162,-0.02514,0.5303,0.2674,0,1,0.022745,-0.00063,0.01436,0.04147,0.71704,0,0.7273,0.07696,-0.09884,0.029016,0.62373,2.31,-0.0308,-0.02918,0.5,2.398,0.2295,0.033333,22.0,-0.00063,0.01436,0.04147,4.517162,0.7273,0.05792,-0.0911,0.017279,0.262105,2.208,-0.02075,-0.03942,0.5909,2.937,0.2674,0.025123,22.0,-0.00056,0.01552,0.05689,1.814396,,,,,,,,,,,,,,,,,,,,,,,,,,,,,,,,,,,,,,,,,,,,,,,,,,,,ACL_data,,2026-10-01
EMA_Bearish_State + OBV_Falling,EMA_Bearish_State + OBV_Falling,combo_2,190,momentum,Bearish,,,,,,,,,,,,,,,,,,0.8158,0.02407,-0.06261,0.008098,0.158585,2.455,-0.00706,-0.00929,0.5263,1.648,0.0403,0.009935,190.0,0.00495,0.01628,0.02377,2.044998,,,,,,,,,,,,,,,,,,0.009682,0.206834,0.819,2.212,0.9885,2.374974,15,3.43731,-0.01881,0.5747,0.0513,0,1,0.011455,0.01153,0.0322,0.04727,0.26239,0,0.8263,0.03197,-0.10827,0.007611,0.168404,1.95,-0.00731,-0.02105,0.6105,2.33,0.0513,0.008711,190.0,0.00965,0.02649,0.03708,1.724816,0.8148,0.04043,-0.10586,0.013338,0.293513,2.23,-0.0104,-0.02608,0.5873,2.855,0.0398,0.015719,189.0,0.01153,0.0322,0.04727,3.43731,,,,,,,,,,,,,,,,,,,,,,,,,,,,,,,,,,,,,,,,,,,,,,,,,,,,ACL_data,,2026-10-01
MACD_Bearish_State + OBV_Trend_Bear,MACD_Bearish_State + OBV_Trend_Bear,combo_2,54,momentum,Bearish,,,,,,,,,,,,,,,,,,0.7925,0.02514,-0.05651,0.008196,0.232095,2.467,-0.00891,-0.00906,0.5283,1.723,0.1499,0.011873,52.0,0.00797,0.01932,0.02604,2.294538,,,,,,,,,,,,,,,,,,0.007717,0.227073,0.8239,2.464,0.9434,2.115181,5,2.294538,-0.02674,0.5912,0.1637,0,1,0.014813,0.00797,0.01932,0.02604,0.41967,0,0.8302,0.0237,-0.08382,0.005438,0.179156,2.96,-0.00719,-0.03029,0.6038,2.437,0.1637,0.015609,52.0,0.00966,0.02427,0.0446,2.124833,0.8491,0.04872,-0.21102,0.009516,0.269968,1.965,-0.00921,-0.04087,0.6415,2.984,0.1033,0.016957,52.0,0.01078,0.03706,0.0594,2.126054,,,,,,,,,,,,,,,,,,,,,,,,,,,,,,,,,,,,,,,,,,,,,,,,,,,,ACL_data,,2026-10-01
MACD_Hist_Negative + OBV_Trend_Bear,MACD_Hist_Negative + OBV_Trend_Bear,combo_2,54,momentum,Bearish,,,,,,,,,,,,,,,,,,0.7925,0.02514,-0.05651,0.008196,0.232095,2.467,-0.00891,-0.00906,0.5283,1.723,0.1499,0.011873,52.0,0.00797,0.01932,0.02604,2.294538,,,,,,,,,,,,,,,,,,0.007717,0.227073,0.8239,2.464,0.9434,2.115181,5,2.294538,-0.02674,0.5912,0.1637,0,1,0.014813,0.00797,0.01932,0.02604,0.41967,0,0.8302,0.0237,-0.08382,0.005438,0.179156,2.96,-0.00719,-0.03029,0.6038,2.437,0.1637,0.015609,52.0,0.00966,0.02427,0.0446,2.124833,0.8491,0.04872,-0.21102,0.009516,0.269968,1.965,-0.00921,-0.04087,0.6415,2.984,0.1033,0.016957,52.0,0.01078,0.03706,0.0594,2.126054,,,,,,,,,,,,,,,,,,,,,,,,,,,,,,,,,,,,,,,,,,,,,,,,,,,,ACL_data,,2026-10-01
Price_Below_EMA200 + CDL_Engulfing_Bear,Price_Below_EMA200 + CDL_Engulfing_Bear,combo_2,47,trend,Bearish,,,,,,,,,,,,,,,,,,,,,,,,,,,,,,,,,,,,,,,,,,,,,,,,,,,,0.009766,0.232741,0.819,2.701,0.8583,2.08878,30,6.164002,-0.0326,0.591,0.2355,0,1,0.017022,0.02867,0.08871,0.10801,0.24467,0,0.7447,0.01577,-0.06587,-0.005076,-0.070323,1.714,0.00312,-0.0144,0.617,2.266,0.2355,0.002256,47.0,-0.00021,0.01437,0.03465,-0.466625,,,,,,,,,,,,,,,,,,0.8261,0.03815,-0.11221,0.011998,0.35025,2.582,-0.00909,-0.02825,0.5652,3.195,0.1339,0.018245,46.0,0.00769,0.05643,0.06928,3.501477,0.8864,0.04823,-0.17926,0.022377,0.418298,3.807,-0.02394,-0.05514,0.5909,3.884,0.1083,0.030564,44.0,0.02867,0.08871,0.10801,6.164002,,,,,,,,,,,,,,,,,,ACL_data,,2026-10-01
RSI_Bear_Momentum + CDL_Engulfing_Bear,RSI_Bear_Momentum + CDL_Engulfing_Bear,combo_2,47,momentum,Bearish,,,,,,,,,,,,,,,,,,0.8085,0.03253,-0.05257,0.016237,0.28974,3.532,-0.01638,-0.00776,0.4255,1.727,0.1347,0.017962,47.0,0.00668,0.01443,0.02586,3.961753,,,,,,,,,,,,,,,,,,0.009316,0.17497,0.7943,3.099,0.9787,2.054454,5,3.961753,-0.01416,0.5177,0.2087,0,1,0.011851,0.00668,0.01443,0.02586,0.49975,0,0.7872,0.0207,-0.054,0.004803,0.088688,3.042,-0.00767,-0.01792,0.5957,2.442,0.2087,0.009653,47.0,0.00668,0.02015,0.04344,1.044303,0.7872,0.02878,-0.07403,0.006907,0.146481,2.723,-0.00321,-0.01681,0.5319,2.991,0.1658,0.007938,47.0,0.00668,0.03313,0.06083,1.544293,,,,,,,,,,,,,,,,,,,,,,,,,,,,,,,,,,,,,,,,,,,,,,,,,,,,ACL_data,,2026-10-01
Stoch_Cross_Down + CCI_Overbought,Stoch_Cross_Down + CCI_Overbought,combo_2,25,mean_rev,Bearish,0.76,0.03686,-0.07041,0.011112,0.214622,1.963,-0.01113,-0.01869,0.6,1.229,0.1698,0.011664,25.0,-0.00063,0.00746,0.03134,1.372342,0.84,0.04788,-0.15558,0.015327,0.273618,1.955,-0.01528,-0.03873,0.68,1.586,0.1808,0.01781,25.0,0.00218,0.02654,0.04165,1.743202,0.84,0.0617,-0.17383,0.024013,0.483899,2.258,-0.02172,-0.03741,0.68,1.877,0.1869,0.025785,25.0,0.00271,0.02654,0.04829,3.560279,0.016817,0.324047,0.8133,2.059,0.92,1.999672,7,3.560279,-0.03161,0.6533,0.1869,0,1,0.01842,0.00271,0.02654,0.04829,0.40136,0,,,,,,,,,,,,,,,,,,,,,,,,,,,,,,,,,,,,,,,,,,,,,,,,,,,,,,,,,,,,,,,,,,,,,,,,,,,,,,,,,,,,,,ACL_data,,2026-10-01
Price_Below_EMA200 + CDL_HangingMan,Price_Below_EMA200 + CDL_HangingMan,combo_2,12,trend,Bearish,,,,,,,,,,,,,,,,,,,,,,,,,,,,,,,,,,,,,,,,,,,,,,,,,,,,0.022158,0.437405,0.6667,1.779,1.0,1.995804,10,2.878651,-0.05793,0.5833,0.3089,0,1,0.039312,-0.0005,0.00894,0.02268,0.94949,0,0.6667,0.0703,-0.06198,0.026209,0.459496,2.442,-0.02584,-0.0502,0.5833,2.581,0.2844,0.047184,11.0,-0.0005,0.00894,0.02268,2.878651,,,,,,,,,,,,,,,,,,0.6667,0.09412,-0.1301,0.019376,0.389864,1.447,-0.01951,-0.04769,0.5833,3.65,0.2631,0.029465,11.0,-0.0002,0.01241,0.02641,1.446745,0.6667,0.10545,-0.14822,0.02089,0.462856,1.448,-0.02035,-0.07591,0.5833,4.47,0.3089,0.041286,11.0,-0.0002,0.01241,0.03013,1.718481,,,,,,,,,,,,,,,,,,ACL_data,,2026-10-01
EMA_Bearish_State + Price_Below_SMA20,EMA_Bearish_State + Price_Below_SMA20,combo_2,48,momentum,Bearish,,,,,,,,,,,,,,,,,,0.7708,0.04047,-0.05589,0.018385,0.328907,2.974,-0.01796,-0.00565,0.3958,1.634,0.1218,0.022541,48.0,0.00874,0.01498,0.02102,3.806403,,,,,,,,,,,,,,,,,,0.011297,0.206785,0.8101,2.61,0.9198,1.932108,5,3.806403,-0.01126,0.5362,0.1806,0,1,0.017467,0.00874,0.01498,0.02102,0.42059,0,0.8085,0.02448,-0.10485,-0.000281,-0.030987,2.06,-0.00146,-0.00623,0.6383,2.305,0.1806,0.007516,47.0,0.01272,0.02347,0.03309,-0.24842,0.8511,0.04092,-0.12785,0.015787,0.322434,2.797,-0.01205,-0.0219,0.5745,2.823,0.1644,0.022346,47.0,0.01512,0.03242,0.04342,3.509999,,,,,,,,,,,,,,,,,,,,,,,,,,,,,,,,,,,,,,,,,,,,,,,,,,,,ACL_data,,2026-10-01
CMF_Negative + OBV_Trend_Bear,CMF_Negative + OBV_Trend_Bear,combo_2,56,momentum,Bearish,,,,,,,,,,,,,,,,,,0.75,0.03632,-0.04843,0.015132,0.278935,2.665,-0.01514,-0.01442,0.4821,1.637,0.1399,0.018606,56.0,0.00916,0.01425,0.02008,3.004941,,,,,,,,,,,,,,,,,,0.010628,0.189897,0.75,2.473,1.0,1.898533,15,3.145724,-0.01332,0.5,0.1676,0,1,0.014829,0.01065,0.01865,0.04186,0.85103,0,0.75,0.02937,-0.07981,0.00207,0.007338,2.009,-0.00299,-0.00305,0.5,2.315,0.1676,0.008613,56.0,0.0093,0.01786,0.02887,0.059593,0.75,0.04461,-0.07512,0.014681,0.283419,2.745,-0.01333,-0.02248,0.5179,2.836,0.1327,0.017269,56.0,0.01065,0.01865,0.04186,3.145724,,,,,,,,,,,,,,,,,,,,,,,,,,,,,,,,,,,,,,,,,,,,,,,,,,,,ACL_data,,2026-10-01
Williams_Overbought + VWAP_Bear,Williams_Overbought + VWAP_Bear,combo_2,30,momentum,Bearish,,,,,,,,,,,,,,,,,,0.7333,0.01179,-0.11561,-0.02218,-0.364324,0.91,0.0211,0.0,0.6667,1.586,0.2365,-0.0208,30.0,-0.02501,0.00238,0.01811,-1.251083,,,,,,,,,,,,,,,,,,0.007675,0.259266,0.7667,2.244,0.9333,1.865023,15,7.29626,-0.0259,0.6444,0.2365,0,1,0.005775,0.01196,0.03456,0.05574,0.75106,0,0.7667,0.03354,-0.05444,0.013014,0.375894,3.05,-0.01103,-0.02624,0.6333,2.242,0.152,0.010407,30.0,0.01196,0.02031,0.03546,3.937436,0.8,0.06614,-0.10358,0.032191,0.766227,2.773,-0.03051,-0.05145,0.6333,2.746,0.1813,0.027719,30.0,0.01196,0.03456,0.05574,7.29626,,,,,,,,,,,,,,,,,,,,,,,,,,,,,,,,,,,,,,,,,,,,,,,,,,,,ACL_data,,2026-10-01
Stoch_Bear_Zone + CDL_Engulfing_Bear,Stoch_Bear_Zone + CDL_Engulfing_Bear,combo_2,26,momentum,Bearish,,,,,,,,,,,,,,,,,,0.84,0.01103,-0.06354,-0.000904,-0.051987,2.109,-0.00147,-0.00271,0.56,1.616,0.3622,0.003632,25.0,0.00729,0.01758,0.02503,-0.361389,,,,,,,,,,,,,,,,,,0.007804,0.157695,0.8267,3.712,0.96,1.852008,15,4.927385,-0.0189,0.6,0.3622,0,1,0.013176,0.0179,0.04263,0.06555,0.39884,0,0.8,0.02431,-0.04548,0.010354,0.240582,3.771,-0.01008,-0.02789,0.68,2.286,0.1452,0.017763,25.0,0.01318,0.0313,0.03742,2.99023,0.84,0.0248,-0.04293,0.013963,0.28449,5.255,-0.0139,-0.02609,0.56,2.799,0.1639,0.018132,25.0,0.0179,0.04263,0.06555,4.927385,,,,,,,,,,,,,,,,,,,,,,,,,,,,,,,,,,,,,,,,,,,,,,,,,,,,ACL_data,,2026-10-01
Price_Below_EMA200 + MACD_Cross_Down_Event,Price_Below_EMA200 + MACD_Cross_Down_Event,combo_2,29,trend,Bearish,,,,,,,,,,,,,,,,,,,,,,,,,,,,,,,,,,,,,,,,,,,,,,,,,,,,0.008654,0.266914,0.8214,2.16,0.9286,1.820752,30,8.172379,-0.03161,0.6429,0.3768,0,1,0.010695,0.01838,0.06575,0.09485,0.50314,0,0.7857,0.0159,-0.07395,-0.003356,0.050021,1.853,-5e-05,-0.01254,0.6786,2.386,0.3768,-0.002151,28.0,0.01041,0.0215,0.0323,0.315181,,,,,,,,,,,,,,,,,,0.8214,0.02852,-0.17675,-0.008139,-0.05231,1.635,0.00615,-0.03303,0.6429,3.375,0.2058,-0.007048,28.0,0.01041,0.051,0.06895,-0.290883,0.8571,0.0815,-0.22684,0.037456,0.80303,2.992,-0.03925,-0.04926,0.6071,4.133,0.2046,0.041282,28.0,0.01838,0.06575,0.09485,8.172379,,,,,,,,,,,,,,,,,,ACL_data,,2026-10-01
RSI_Bear_Momentum + OBV_Trend_Bear,RSI_Bear_Momentum + OBV_Trend_Bear,combo_2,87,momentum,Bearish,,,,,,,,,,,,,,,,,,0.7674,0.02992,-0.06903,0.006907,0.137819,1.853,-0.0055,-0.01376,0.5581,1.719,0.0899,0.012488,85.0,0.00603,0.01323,0.0213,1.143667,,,,,,,,,,,,,,,,,,0.009902,0.209522,0.7946,2.016,0.9535,1.803126,15,2.668389,-0.02136,0.5698,0.0946,0,1,0.017271,0.00999,0.02245,0.05804,0.62516,0,0.814,0.03775,-0.11707,0.008948,0.202209,2.129,-0.00979,-0.02043,0.5814,2.431,0.0946,0.017928,85.0,0.00916,0.02087,0.04229,1.927216,0.8023,0.05483,-0.15247,0.013853,0.288538,2.066,-0.01159,-0.02989,0.5698,2.978,0.0745,0.021397,85.0,0.00999,0.02245,0.05804,2.668389,,,,,,,,,,,,,,,,,,,,,,,,,,,,,,,,,,,,,,,,,,,,,,,,,,,,ACL_data,,2026-10-01
CCI_Exit_Overbought,CCI_Exit_Overbought,single,37,mean_rev,Bearish,0.8378,0.01091,-0.03891,0.002835,0.046489,3.56,-0.00261,-0.00923,0.6216,1.261,0.1653,0.004391,36.0,0.00884,0.01901,0.02415,0.602072,0.8649,0.02794,-0.09403,0.011454,0.248133,2.929,-0.01071,-0.01365,0.5676,1.628,0.1585,0.012765,36.0,0.0137,0.02663,0.03492,2.644116,0.8649,0.03463,-0.14247,0.010699,0.220974,2.28,-0.01092,-0.02244,0.6216,1.926,0.1768,0.009634,36.0,0.01829,0.03265,0.0369,1.833077,0.00833,0.171865,0.8559,2.923,0.973,1.778241,5,2.644116,-0.01511,0.6036,0.1768,0,1,0.00893,0.0137,0.02663,0.03492,0.18878,0,,,,,,,,,,,,,,,,,,,,,,,,,,,,,,,,,,,,,,,,,,,,,,,,,,,,,,,,,,,,,,,,,,,,,,,,,,,,,,,,,,,,,,ACL_data,,2026-10-01
Stoch_Cross_Down,Stoch_Cross_Down,single,150,mean_rev,Bearish,0.7867,0.02388,-0.05882,0.006234,0.097273,1.931,-0.00529,-0.00839,0.5133,1.255,0.0388,0.009397,146.0,0.00462,0.01061,0.01844,0.942633,0.82,0.03017,-0.07387,0.01144,0.182723,2.393,-0.00954,-0.01053,0.4933,1.62,0.0491,0.015213,146.0,0.00764,0.01587,0.02445,2.194072,0.8067,0.03648,-0.08968,0.012091,0.214296,2.214,-0.00957,-0.01702,0.54,1.917,0.0527,0.014403,146.0,0.00955,0.01784,0.0286,2.38092,0.009922,0.164764,0.8044,2.18,0.9667,1.741832,7,2.38092,-0.01198,0.5156,0.0527,0,1,0.013004,0.00955,0.01784,0.0286,0.25809,0,,,,,,,,,,,,,,,,,,,,,,,,,,,,,,,,,,,,,,,,,,,,,,,,,,,,,,,,,,,,,,,,,,,,,,,,,,,,,,,,,,,,,,ACL_data,,2026-10-01
Price_Below_SMA20 + CDL_HangingMan,Price_Below_SMA20 + CDL_HangingMan,combo_2,14,momentum,Bearish,,,,,,,,,,,,,,,,,,0.5714,0.07245,-0.13144,-0.014929,-0.274723,0.735,0.01539,-0.01175,0.6429,1.926,0.279,0.003937,13.0,-0.03718,-0.00898,-0.00015,-0.743964,,,,,,,,,,,,,,,,,,0.024065,0.326664,0.7143,2.493,0.7857,1.732523,10,6.396467,-0.02901,0.5,0.3281,0,1,0.044954,0.00146,0.03163,0.04893,0.76549,0,0.7857,0.0744,-0.07623,0.042125,0.616093,3.834,-0.04033,-0.0472,0.5,2.724,0.2011,0.06767,13.0,0.00146,0.03163,0.04893,6.396467,0.7857,0.09019,-0.1207,0.045,0.638623,2.909,-0.04585,-0.02808,0.3571,3.336,0.3281,0.063256,13.0,0.00396,0.03614,0.05313,5.030922,,,,,,,,,,,,,,,,,,,,,,,,,,,,,,,,,,,,,,,,,,,,,,,,,,,,ACL_data,,2026-10-01
EMA_Bearish_State + CCI_Overbought,EMA_Bearish_State + CCI_Overbought,combo_2,27,momentum,Bearish,,,,,,,,,,,,,,,,,,0.7037,0.03802,-0.09806,-0.002302,0.001223,1.045,0.00431,-0.01505,0.5926,1.567,0.1701,-0.00544,27.0,-0.02566,0.00432,0.02293,0.004257,,,,,,,,,,,,,,,,,,0.013947,0.335073,0.7778,1.722,0.8889,1.709282,15,3.870799,-0.03392,0.6296,0.1731,0,1,0.009553,0.00696,0.03288,0.05564,0.64393,0,0.8148,0.05318,-0.13464,0.018398,0.449376,2.027,-0.01822,-0.03361,0.6296,2.216,0.1424,0.013066,27.0,0.00696,0.02706,0.05096,3.035938,0.8148,0.07176,-0.17674,0.025745,0.554619,2.094,-0.01913,-0.0531,0.6667,2.715,0.1731,0.021033,27.0,0.00696,0.03288,0.05564,3.870799,,,,,,,,,,,,,,,,,,,,,,,,,,,,,,,,,,,,,,,,,,,,,,,,,,,,ACL_data,,2026-10-01
Stoch_Overbought + VWAP_Bear,Stoch_Overbought + VWAP_Bear,combo_2,27,momentum,Bearish,,,,,,,,,,,,,,,,,,0.7037,0.01695,-0.08169,-0.012274,-0.181793,1.045,0.01371,-0.00779,0.5556,1.671,0.1787,-0.011508,27.0,-0.0404,-0.00196,0.01554,-0.632931,,,,,,,,,,,,,,,,,,0.008216,0.269918,0.7654,2.136,0.8889,1.70793,15,4.430495,-0.03125,0.6049,0.1938,0,1,0.008869,0.01293,0.03773,0.06424,0.64393,0,0.8148,0.04195,-0.10109,0.015465,0.418144,3.045,-0.01196,-0.04675,0.7037,2.363,0.1575,0.015278,27.0,0.01293,0.03035,0.04895,4.243057,0.7778,0.06457,-0.12944,0.021455,0.573403,2.319,-0.01999,-0.0392,0.5556,2.894,0.1938,0.022838,27.0,0.01293,0.03773,0.06424,4.430495,,,,,,,,,,,,,,,,,,,,,,,,,,,,,,,,,,,,,,,,,,,,,,,,,,,,ACL_data,,2026-10-01
MACD_Hist_Falling + CMF_Strong_Bear,MACD_Hist_Falling + CMF_Strong_Bear,combo_2,98,momentum,Bearish,,,,,,,,,,,,,,,,,,0.7449,0.01754,-0.05037,0.000214,-0.011897,1.686,0.00018,-0.00263,0.5306,1.586,0.099,0.003439,98.0,0.00525,0.01207,0.01819,-0.092165,,,,,,,,,,,,,,,,,,0.009362,0.18106,0.7619,2.032,0.9592,1.621311,15,5.393457,-0.01682,0.5578,0.099,0,1,0.012067,0.01028,0.02257,0.0404,0.89771,0,0.7551,0.0354,-0.08326,0.006342,0.110883,1.767,-0.00682,-0.01889,0.602,2.244,0.0664,0.010084,98.0,0.00853,0.0192,0.02873,0.900115,0.7857,0.04974,-0.08189,0.021529,0.444195,2.642,-0.02152,-0.02894,0.5408,2.748,0.0585,0.022678,98.0,0.01028,0.02257,0.0404,5.393457,,,,,,,,,,,,,,,,,,,,,,,,,,,,,,,,,,,,,,,,,,,,,,,,,,,,ACL_data,,2026-10-01
MACD_Hist_Falling + OBV_Trend_Bear,MACD_Hist_Falling + OBV_Trend_Bear,combo_2,108,momentum,Bearish,,,,,,,,,,,,,,,,,,0.757,0.01759,-0.06762,-0.003117,-0.047967,1.37,0.00429,-0.00355,0.5701,1.687,0.0931,0.000702,107.0,0.00529,0.01335,0.02055,-0.3082,,,,,,,,,,,,,,,,,,0.008109,0.176037,0.7664,1.946,0.9813,1.577373,15,5.101351,-0.01955,0.5763,0.0931,0,1,0.014418,0.00919,0.02239,0.04942,0.87779,0,0.7664,0.03797,-0.09396,0.007148,0.157877,1.869,-0.00668,-0.02033,0.5888,2.386,0.0866,0.014992,107.0,0.00671,0.01909,0.02726,1.384545,0.7757,0.0522,-0.09006,0.020296,0.4182,2.6,-0.01998,-0.03478,0.5701,2.922,0.0692,0.027561,107.0,0.00919,0.02239,0.04942,5.101351,,,,,,,,,,,,,,,,,,,,,,,,,,,,,,,,,,,,,,,,,,,,,,,,,,,,ACL_data,,2026-10-01
RSI_Bear_Momentum + MACD_Bearish_State,RSI_Bear_Momentum + MACD_Bearish_State,combo_2,68,momentum,Bearish,,,,,,,,,,,,,,,,,,0.7206,0.02373,-0.06858,-0.002061,0.026512,1.236,0.00147,-0.00743,0.5882,1.737,0.1278,0.001097,68.0,0.0022,0.0116,0.01845,0.138723,,,,,,,,,,,,,,,,,,0.009833,0.221521,0.7924,1.899,0.8848,1.57584,15,3.586394,-0.02289,0.5891,0.1278,0,1,0.016677,0.01103,0.03249,0.04958,0.43869,0,0.8358,0.03742,-0.11478,0.012434,0.259107,2.226,-0.01331,-0.03106,0.597,2.455,0.1241,0.020524,67.0,0.01039,0.0237,0.04233,2.44183,0.8209,0.05577,-0.14884,0.019124,0.378945,2.235,-0.01405,-0.03017,0.5821,3.007,0.0872,0.02841,67.0,0.01103,0.03249,0.04958,3.586394,,,,,,,,,,,,,,,,,,,,,,,,,,,,,,,,,,,,,,,,,,,,,,,,,,,,ACL_data,,2026-10-01
RSI_Bear_Momentum + MACD_Hist_Negative,RSI_Bear_Momentum + MACD_Hist_Negative,combo_2,68,momentum,Bearish,,,,,,,,,,,,,,,,,,0.7206,0.02373,-0.06858,-0.002061,0.026512,1.236,0.00147,-0.00743,0.5882,1.737,0.1278,0.001097,68.0,0.0022,0.0116,0.01845,0.138723,,,,,,,,,,,,,,,,,,0.009833,0.221521,0.7924,1.899,0.8848,1.57584,15,3.586394,-0.02289,0.5891,0.1278,0,1,0.016677,0.01103,0.03249,0.04958,0.43869,0,0.8358,0.03742,-0.11478,0.012434,0.259107,2.226,-0.01331,-0.03106,0.597,2.455,0.1241,0.020524,67.0,0.01039,0.0237,0.04233,2.44183,0.8209,0.05577,-0.14884,0.019124,0.378945,2.235,-0.01405,-0.03017,0.5821,3.007,0.0872,0.02841,67.0,0.01103,0.03249,0.04958,3.586394,,,,,,,,,,,,,,,,,,,,,,,,,,,,,,,,,,,,,,,,,,,,,,,,,,,,ACL_data,,2026-10-01
Price_Below_EMA200 + CDL_GravestoneDoji,Price_Below_EMA200 + CDL_GravestoneDoji,combo_2,17,trend,Bearish,,,,,,,,,,,,,,,,,,,,,,,,,,,,,,,,,,,,,,,,,,,,,,,,,,,,0.018499,0.251102,0.7059,2.138,1.0,1.55175,30,1.87443,-0.00609,0.451,0.3122,0,1,0.029283,-0.00272,0.01843,0.06652,0.92817,0,0.7059,0.04954,-0.07983,0.011493,0.211179,1.836,-0.01137,-0.02611,0.5294,2.368,0.2432,0.015566,17.0,-0.00272,0.01382,0.03515,1.120841,,,,,,,,,,,,,,,,,,0.7059,0.06708,-0.08126,0.023448,0.214123,2.601,-0.02336,0.00714,0.4118,3.348,0.3122,0.037348,17.0,-0.00272,0.01552,0.05034,1.609579,0.7059,0.07872,-0.11904,0.020555,0.328004,1.977,-0.01564,0.0007,0.4118,4.101,0.2731,0.034936,17.0,-0.00272,0.01843,0.06652,1.87443,,,,,,,,,,,,,,,,,,ACL_data,,2026-10-01
Price_Below_SMA50 + MACD_Bearish_State,Price_Below_SMA50 + MACD_Bearish_State,combo_2,46,trend,Bearish,,,,,,,,,,,,,,,,,,,,,,,,,,,,,,,,,,,,,,,,,,,,,,,,,,,,0.005711,0.180492,0.8296,2.233,0.9556,1.482713,20,2.516551,-0.0337,0.6519,0.2391,0,1,0.009871,0.0109,0.04725,0.05932,0.50245,0,0.8,0.00709,-0.05173,-0.004677,0.00573,2.856,0.0039,-0.00818,0.6667,2.366,0.2391,-0.003075,44.0,0.00994,0.02159,0.03155,0.063013,,,,,,,,,,,,,,,,,,0.8444,0.04653,-0.19211,0.009406,0.310709,2.104,-0.00862,-0.04274,0.6222,3.346,0.111,0.010383,44.0,0.0109,0.04725,0.05932,2.516551,0.8444,0.07606,-0.33317,0.012403,0.225036,1.739,-0.01184,-0.05018,0.6667,4.098,0.1365,0.022306,44.0,0.01964,0.07545,0.09191,1.506449,,,,,,,,,,,,,,,,,,ACL_data,,2026-10-01
Price_Below_SMA50 + MACD_Hist_Negative,Price_Below_SMA50 + MACD_Hist_Negative,combo_2,46,trend,Bearish,,,,,,,,,,,,,,,,,,,,,,,,,,,,,,,,,,,,,,,,,,,,,,,,,,,,0.005711,0.180492,0.8296,2.233,0.9556,1.482713,20,2.516551,-0.0337,0.6519,0.2391,0,1,0.009871,0.0109,0.04725,0.05932,0.50245,0,0.8,0.00709,-0.05173,-0.004677,0.00573,2.856,0.0039,-0.00818,0.6667,2.366,0.2391,-0.003075,44.0,0.00994,0.02159,0.03155,0.063013,,,,,,,,,,,,,,,,,,0.8444,0.04653,-0.19211,0.009406,0.310709,2.104,-0.00862,-0.04274,0.6222,3.346,0.111,0.010383,44.0,0.0109,0.04725,0.05932,2.516551,0.8444,0.07606,-0.33317,0.012403,0.225036,1.739,-0.01184,-0.05018,0.6667,4.098,0.1365,0.022306,44.0,0.01964,0.07545,0.09191,1.506449,,,,,,,,,,,,,,,,,,ACL_data,,2026-10-01
Death_Cross_State + MACD_Hist_Negative,Death_Cross_State + MACD_Hist_Negative,combo_2,28,trend,Bearish,,,,,,,,,,,,,,,,,,,,,,,,,,,,,,,,,,,,,,,,,,,,,,,,,,,,0.005254,0.248087,0.8025,1.952,0.8889,1.449489,30,4.783233,-0.02797,0.6173,0.3809,0,1,0.009738,0.01736,0.05974,0.06867,0.5374,0,0.7407,0.02572,-0.0643,0.002385,0.164646,1.816,-0.00553,-0.01057,0.6296,2.331,0.3809,0.002877,26.0,0.01013,0.01789,0.02854,1.007023,,,,,,,,,,,,,,,,,,0.8148,0.03213,-0.17704,-0.006608,-0.0055,1.612,0.00462,-0.03294,0.6296,3.297,0.2087,-0.004032,26.0,0.01013,0.04749,0.06563,-0.029852,0.8519,0.063,-0.22736,0.019986,0.585114,2.428,-0.02416,-0.04041,0.5926,4.037,0.2431,0.03037,26.0,0.01736,0.05974,0.06867,4.783233,,,,,,,,,,,,,,,,,,ACL_data,,2026-10-01
Death_Cross_State + MACD_Bearish_State,Death_Cross_State + MACD_Bearish_State,combo_2,28,trend,Bearish,,,,,,,,,,,,,,,,,,,,,,,,,,,,,,,,,,,,,,,,,,,,,,,,,,,,0.005254,0.248087,0.8025,1.952,0.8889,1.449489,30,4.783233,-0.02797,0.6173,0.3809,0,1,0.009738,0.01736,0.05974,0.06867,0.5374,0,0.7407,0.02572,-0.0643,0.002385,0.164646,1.816,-0.00553,-0.01057,0.6296,2.331,0.3809,0.002877,26.0,0.01013,0.01789,0.02854,1.007023,,,,,,,,,,,,,,,,,,0.8148,0.03213,-0.17704,-0.006608,-0.0055,1.612,0.00462,-0.03294,0.6296,3.297,0.2087,-0.004032,26.0,0.01013,0.04749,0.06563,-0.029852,0.8519,0.063,-0.22736,0.019986,0.585114,2.428,-0.02416,-0.04041,0.5926,4.037,0.2431,0.03037,26.0,0.01736,0.05974,0.06867,4.783233,,,,,,,,,,,,,,,,,,ACL_data,,2026-10-01
CMF_Negative + OBV_Falling,CMF_Negative + OBV_Falling,combo_2,191,momentum,Bearish,,,,,,,,,,,,,,,,,,0.7853,0.01965,-0.05785,0.003017,0.075332,1.867,-0.00304,-0.00892,0.5759,1.578,0.0552,0.003945,191.0,0.00545,0.01392,0.02156,0.739616,,,,,,,,,,,,,,,,,,0.005965,0.13549,0.7871,1.901,0.9948,1.347032,15,2.492391,-0.01555,0.5759,0.0563,0,1,0.008038,0.01082,0.02666,0.04236,0.69182,0,0.7906,0.02982,-0.09069,0.004585,0.107104,1.719,-0.00399,-0.01736,0.5969,2.232,0.0563,0.007393,191.0,0.00901,0.02072,0.03225,0.968184,0.7853,0.03705,-0.08761,0.010292,0.224033,2.116,-0.00918,-0.02038,0.555,2.734,0.0432,0.012777,191.0,0.01082,0.02666,0.04236,2.492391,,,,,,,,,,,,,,,,,,,,,,,,,,,,,,,,,,,,,,,,,,,,,,,,,,,,ACL_data,,2026-10-01
Price_Below_SMA20 + MACD_Bearish_State,Price_Below_SMA20 + MACD_Bearish_State,combo_2,51,momentum,Bearish,,,,,,,,,,,,,,,,,,0.7843,0.02604,-0.06156,0.007148,0.175521,2.282,-0.00695,-0.00776,0.5098,1.661,0.138,0.0043,51.0,0.00906,0.0143,0.02156,1.582955,,,,,,,,,,,,,,,,,,0.003812,0.1424,0.8148,2.408,0.9443,1.279504,15,1.782053,-0.02017,0.5899,0.2237,0,1,0.006133,0.01121,0.02854,0.04865,0.49648,0,0.82,0.01174,-0.06005,-0.001185,0.046545,2.743,0.00428,-0.02321,0.64,2.345,0.2237,0.003501,50.0,0.00996,0.02658,0.03913,0.504528,0.84,0.03134,-0.13032,0.005473,0.205133,2.199,-0.00103,-0.02954,0.62,2.872,0.1405,0.010597,50.0,0.01121,0.02854,0.04865,1.782053,,,,,,,,,,,,,,,,,,,,,,,,,,,,,,,,,,,,,,,,,,,,,,,,,,,,ACL_data,,2026-10-01
Price_Below_SMA20 + MACD_Hist_Negative,Price_Below_SMA20 + MACD_Hist_Negative,combo_2,51,momentum,Bearish,,,,,,,,,,,,,,,,,,0.7843,0.02604,-0.06156,0.007148,0.175521,2.282,-0.00695,-0.00776,0.5098,1.661,0.138,0.0043,51.0,0.00906,0.0143,0.02156,1.582955,,,,,,,,,,,,,,,,,,0.003812,0.1424,0.8148,2.408,0.9443,1.279504,15,1.782053,-0.02017,0.5899,0.2237,0,1,0.006133,0.01121,0.02854,0.04865,0.49648,0,0.82,0.01174,-0.06005,-0.001185,0.046545,2.743,0.00428,-0.02321,0.64,2.345,0.2237,0.003501,50.0,0.00996,0.02658,0.03913,0.504528,0.84,0.03134,-0.13032,0.005473,0.205133,2.199,-0.00103,-0.02954,0.62,2.872,0.1405,0.010597,50.0,0.01121,0.02854,0.04865,1.782053,,,,,,,,,,,,,,,,,,,,,,,,,,,,,,,,,,,,,,,,,,,,,,,,,,,,ACL_data,,2026-10-01
MACD_Bearish_State + CMF_Negative,MACD_Bearish_State + CMF_Negative,combo_2,40,momentum,Bearish,,,,,,,,,,,,,,,,,,0.75,0.03377,-0.04548,0.013957,0.326675,2.57,-0.01478,-0.00797,0.375,1.644,0.2125,0.012782,39.0,0.00753,0.01388,0.02053,3.118185,,,,,,,,,,,,,,,,,,0.005924,0.156389,0.75,2.313,0.95,1.275929,5,3.118185,-0.01008,0.5,0.2724,0,1,0.00612,0.00753,0.01388,0.02053,0.82578,0,0.725,0.01553,-0.05266,-0.003222,-0.04865,2.24,0.00281,-0.00339,0.575,2.325,0.2724,-0.000984,39.0,0.01105,0.01657,0.03129,-0.404676,0.775,0.03467,-0.08816,0.007036,0.191142,2.128,-0.00885,-0.01889,0.55,2.847,0.1906,0.006562,39.0,0.01121,0.02724,0.04474,1.510179,,,,,,,,,,,,,,,,,,,,,,,,,,,,,,,,,,,,,,,,,,,,,,,,,,,,ACL_data,,2026-10-01
MACD_Hist_Negative + CMF_Negative,MACD_Hist_Negative + CMF_Negative,combo_2,40,momentum,Bearish,,,,,,,,,,,,,,,,,,0.75,0.03377,-0.04548,0.013957,0.326675,2.57,-0.01478,-0.00797,0.375,1.644,0.2125,0.012782,39.0,0.00753,0.01388,0.02053,3.118185,,,,,,,,,,,,,,,,,,0.005924,0.156389,0.75,2.313,0.95,1.275929,5,3.118185,-0.01008,0.5,0.2724,0,1,0.00612,0.00753,0.01388,0.02053,0.82578,0,0.725,0.01553,-0.05266,-0.003222,-0.04865,2.24,0.00281,-0.00339,0.575,2.325,0.2724,-0.000984,39.0,0.01105,0.01657,0.03129,-0.404676,0.775,0.03467,-0.08816,0.007036,0.191142,2.128,-0.00885,-0.01889,0.55,2.847,0.1906,0.006562,39.0,0.01121,0.02724,0.04474,1.510179,,,,,,,,,,,,,,,,,,,,,,,,,,,,,,,,,,,,,,,,,,,,,,,,,,,,ACL_data,,2026-10-01
MACD_Hist_Falling + Stoch_Bear_Zone,MACD_Hist_Falling + Stoch_Bear_Zone,combo_2,129,momentum,Bearish,,,,,,,,,,,,,,,,,,0.7984,0.02332,-0.06277,0.005968,0.129966,2.259,-0.00425,-0.00738,0.5194,1.616,0.0634,0.009106,125.0,0.00726,0.0137,0.02035,1.429304,,,,,,,,,,,,,,,,,,0.005718,0.13104,0.8005,1.968,0.9782,1.228204,15,1.749981,-0.0181,0.5778,0.0714,0,1,0.006625,0.01365,0.02941,0.04753,0.52255,0,0.7907,0.03469,-0.11856,0.002616,0.081283,1.669,-0.0015,-0.02041,0.6124,2.285,0.0714,0.003731,125.0,0.01211,0.02081,0.03387,0.66045,0.8125,0.04083,-0.13121,0.00857,0.181871,1.977,-0.00056,-0.02652,0.6016,2.799,0.0541,0.007038,124.0,0.01365,0.02941,0.04753,1.749981,,,,,,,,,,,,,,,,,,,,,,,,,,,,,,,,,,,,,,,,,,,,,,,,,,,,ACL_data,,2026-10-01
OBV_Falling + CCI_Overbought,OBV_Falling + CCI_Overbought,combo_2,37,momentum,Bearish,,,,,,,,,,,,,,,,,,0.8919,0.02478,-0.07622,0.01386,0.276071,4.893,-0.01323,-0.02867,0.6486,1.609,0.1447,0.014457,37.0,0.02121,0.03111,0.04383,4.913804,,,,,,,,,,,,,,,,,,0.004895,0.095128,0.9274,3.673,0.9459,1.202239,5,4.913804,-0.03595,0.6999,0.1768,0,1,0.007766,0.02121,0.03111,0.04383,0.02497,1,0.9459,0.02567,-0.27131,0.009617,0.195397,3.902,-0.00889,-0.04438,0.7568,2.275,0.1768,0.013284,37.0,0.03252,0.04541,0.05832,2.77361,0.9444,0.02093,-0.51408,-0.008792,-0.186085,2.223,0.01622,-0.0348,0.6944,2.792,0.1505,-0.004444,36.0,0.04248,0.05677,0.07069,-1.504929,,,,,,,,,,,,,,,,,,,,,,,,,,,,,,,,,,,,,,,,,,,,,,,,,,,,ACL_data,,2026-10-01
MACD_Hist_Falling + CCI_Exit_Overbought,MACD_Hist_Falling + CCI_Exit_Overbought,combo_2,35,momentum,Bearish,,,,,,,,,,,,,,,,,,0.8857,0.02819,-0.09284,0.014357,0.301904,3.655,-0.01361,-0.01365,0.4571,1.637,0.1608,0.014889,34.0,0.01683,0.03146,0.03677,3.95373,,,,,,,,,,,,,,,,,,0.007245,0.123572,0.8846,2.629,0.9966,1.160233,5,3.95373,-0.02641,0.6157,0.2242,0,1,0.006522,0.01683,0.03146,0.03677,0.12702,0,0.8857,0.02031,-0.17577,-0.002097,-0.021092,2.196,0.00208,-0.02762,0.7429,2.316,0.2242,-0.003092,34.0,0.0225,0.03492,0.04422,-0.165956,0.8824,0.04591,-0.26378,0.009475,0.089904,2.037,0.00353,-0.03797,0.6471,2.839,0.1684,0.007769,33.0,0.03157,0.04713,0.06167,0.656147,,,,,,,,,,,,,,,,,,,,,,,,,,,,,,,,,,,,,,,,,,,,,,,,,,,,ACL_data,,2026-10-01
RSI_Bear_Momentum + MACD_Cross_Down_Event,RSI_Bear_Momentum + MACD_Cross_Down_Event,combo_2,27,momentum,Bearish,,,,,,,,,,,,,,,,,,0.7407,0.03577,-0.06959,0.008456,0.218448,1.822,-0.00651,0.0,0.4074,1.702,0.2425,0.004721,27.0,0.0088,0.0118,0.02085,1.326587,,,,,,,,,,,,,,,,,,0.008192,0.190792,0.7726,1.921,0.933,1.139526,15,1.839486,-0.01861,0.5204,0.3979,0,1,0.006356,0.00953,0.0287,0.04791,0.71617,0,0.7692,0.02019,-0.05906,0.0019,0.036677,2.201,-0.00732,-0.02321,0.5769,2.401,0.3979,0.00357,26.0,0.00873,0.01392,0.03975,0.268937,0.8077,0.05445,-0.15474,0.01422,0.317251,1.74,-0.01603,-0.03261,0.5769,2.94,0.24,0.010777,26.0,0.00953,0.0287,0.04791,1.839486,,,,,,,,,,,,,,,,,,,,,,,,,,,,,,,,,,,,,,,,,,,,,,,,,,,,ACL_data,,2026-10-01
RSI_Bear_Momentum + CCI_Exit_Overbought,RSI_Bear_Momentum + CCI_Exit_Overbought,combo_2,11,momentum,Bearish,,,,,,,,,,,,,,,,,,1.0,0.01728,0.0,0.017277,0.303052,,-0.01615,-0.03077,0.5455,1.69,0.2836,0.02561,10.0,0.03509,0.03923,0.04505,0.753056,,,,,,,,,,,,,,,,,,0.023314,0.408696,1.0,0.0,1.0,1.015572,10,1.160443,-0.02843,0.5455,0.3182,0,1,0.030713,0.03509,0.03923,0.04505,0.0802,1,1.0,0.02718,0.0,0.027185,0.466997,,-0.02738,-0.01975,0.4545,2.39,0.3182,0.038982,10.0,0.03509,0.03923,0.04505,1.160443,1.0,0.02548,0.0,0.025481,0.45604,,-0.02523,-0.03478,0.6364,2.927,0.2892,0.027547,10.0,0.0614,0.06306,0.06957,1.133216,,,,,,,,,,,,,,,,,,,,,,,,,,,,,,,,,,,,,,,,,,,,,,,,,,,,ACL_data,,2026-10-01
CMF_Negative + CCI_Exit_Overbought,CMF_Negative + CCI_Exit_Overbought,combo_2,22,momentum,Bearish,,,,,,,,,,,,,,,,,,0.8636,0.01102,-0.05494,0.002024,0.066186,2.532,-0.00206,-0.00957,0.5909,1.598,0.2108,0.008211,21.0,0.0116,0.02427,0.02947,0.525413,,,,,,,,,,,,,,,,,,0.006186,0.15373,0.8485,2.18,0.9545,1.002966,15,1.647289,-0.02098,0.6212,0.3113,0,1,0.009264,0.01961,0.03934,0.06149,0.31269,0,0.8636,0.02222,-0.12168,0.002594,0.114922,2.132,-0.00105,-0.02177,0.6818,2.259,0.1897,0.002359,21.0,0.01961,0.03265,0.03633,0.768227,0.8182,0.04983,-0.14757,0.013941,0.280082,1.876,-0.01595,-0.03161,0.5909,2.767,0.3113,0.017224,21.0,0.01961,0.03934,0.06149,1.647289,,,,,,,,,,,,,,,,,,,,,,,,,,,,,,,,,,,,,,,,,,,,,,,,,,,,ACL_data,,2026-10-01
CMF_Strong_Bear + CCI_Overbought,CMF_Strong_Bear + CCI_Overbought,combo_2,16,momentum,Bearish,,,,,,,,,,,,,,,,,,0.75,0.03465,-0.07076,0.008295,0.261246,1.511,-0.00905,-0.01773,0.6875,1.447,0.2482,0.004652,16.0,0.00413,0.0047,0.02486,1.118617,,,,,,,,,,,,,,,,,,0.004214,0.23754,0.8125,1.665,0.875,0.980456,15,1.43761,-0.02792,0.625,0.3073,0,1,0.00071,0.01691,0.04791,0.07196,0.46057,0,0.8125,0.03493,-0.13524,0.003022,0.197796,1.483,-0.005,-0.02884,0.625,2.047,0.3073,-0.002805,16.0,0.00436,0.02912,0.04918,0.830826,0.875,0.02404,-0.15769,0.001325,0.253578,2.001,-0.00255,-0.03719,0.5625,2.507,0.271,0.000284,16.0,0.01691,0.04791,0.07196,1.43761,,,,,,,,,,,,,,,,,,,,,,,,,,,,,,,,,,,,,,,,,,,,,,,,,,,,ACL_data,,2026-10-01
MACD_Bearish_State + MACD_Hist_Falling,MACD_Bearish_State + MACD_Hist_Falling,combo_2,99,momentum,Bearish,,,,,,,,,,,,,,,,,,0.7172,0.02564,-0.05819,0.001931,-0.002822,1.532,0.0,-0.00252,0.5253,1.635,0.0857,0.003796,98.0,0.00536,0.01173,0.01755,-0.019904,,,,,,,,,,,,,,,,,,0.006832,0.127266,0.7561,1.795,0.9315,0.980052,15,3.24331,-0.01695,0.5798,0.0993,0,1,0.012917,0.00998,0.02257,0.04056,0.89771,0,0.7653,0.03033,-0.08934,0.002242,0.057269,1.703,-0.00315,-0.01879,0.6224,2.31,0.0993,0.010362,97.0,0.00811,0.02059,0.02735,0.449068,0.7857,0.05189,-0.11408,0.016322,0.32735,2.151,-0.01276,-0.02954,0.5918,2.829,0.0649,0.024592,97.0,0.00998,0.02257,0.04056,3.24331,,,,,,,,,,,,,,,,,,,,,,,,,,,,,,,,,,,,,,,,,,,,,,,,,,,,ACL_data,,2026-10-01
MACD_Hist_Negative + MACD_Hist_Falling,MACD_Hist_Negative + MACD_Hist_Falling,combo_2,99,momentum,Bearish,,,,,,,,,,,,,,,,,,0.7172,0.02564,-0.05819,0.001931,-0.002822,1.532,0.0,-0.00252,0.5253,1.635,0.0857,0.003796,98.0,0.00536,0.01173,0.01755,-0.019904,,,,,,,,,,,,,,,,,,0.006832,0.127266,0.7561,1.795,0.9315,0.980052,15,3.24331,-0.01695,0.5798,0.0993,0,1,0.012917,0.00998,0.02257,0.04056,0.89771,0,0.7653,0.03033,-0.08934,0.002242,0.057269,1.703,-0.00315,-0.01879,0.6224,2.31,0.0993,0.010362,97.0,0.00811,0.02059,0.02735,0.449068,0.7857,0.05189,-0.11408,0.016322,0.32735,2.151,-0.01276,-0.02954,0.5918,2.829,0.0649,0.024592,97.0,0.00998,0.02257,0.04056,3.24331,,,,,,,,,,,,,,,,,,,,,,,,,,,,,,,,,,,,,,,,,,,,,,,,,,,,ACL_data,,2026-10-01
Death_Cross_State + CDL_GravestoneDoji,Death_Cross_State + CDL_GravestoneDoji,combo_2,15,trend,Bearish,,,,,,,,,,,,,,,,,,,,,,,,,,,,,,,,,,,,,,,,,,,,,,,,,,,,0.015713,0.170076,0.6667,1.922,1.0,0.906477,20,1.076818,-0.00352,0.4444,0.3329,0,1,0.024106,-0.00298,0.01153,0.02589,0.96004,0,0.6667,0.05292,-0.08012,0.008572,0.137335,1.586,-0.00845,-0.02611,0.5333,2.333,0.2805,0.010215,15.0,-0.00298,0.01039,0.02001,0.60399,,,,,,,,,,,,,,,,,,0.6667,0.07465,-0.08134,0.022651,0.159369,2.437,-0.02256,0.01484,0.4,3.299,0.3329,0.034417,15.0,-0.00298,0.01153,0.02589,1.076818,0.6667,0.08472,-0.12169,0.015914,0.213523,1.744,-0.01104,0.0007,0.4,4.041,0.3032,0.027686,15.0,-0.00298,0.01376,0.03253,1.032351,,,,,,,,,,,,,,,,,,ACL_data,,2026-10-01
CMF_Negative + CDL_HangingMan,CMF_Negative + CDL_HangingMan,combo_2,10,momentum,Bearish,,,,,,,,,,,,,,,,,,0.7,0.04476,-0.11727,-0.003847,0.082259,0.891,0.00421,-0.03115,0.7,1.656,0.2742,0.021238,9.0,-0.00336,0.00685,0.03113,0.197248,,,,,,,,,,,,,,,,,,0.008228,0.293048,0.7667,1.404,0.9,0.888098,15,2.16394,-0.03214,0.7,0.3439,0,1,0.027999,-0.00336,0.04256,0.05541,0.73742,0,0.8,0.04115,-0.12238,0.008444,0.313709,1.454,-0.00707,-0.03479,0.7,2.342,0.2368,0.030665,9.0,-0.00336,0.03744,0.05165,1.094084,0.8,0.05404,-0.11575,0.020087,0.483176,1.868,-0.01908,-0.03049,0.7,2.869,0.3439,0.032093,9.0,-0.00336,0.04256,0.05541,2.16394,,,,,,,,,,,,,,,,,,,,,,,,,,,,,,,,,,,,,,,,,,,,,,,,,,,,ACL_data,,2026-10-01
EMA_Bearish_State + Williams_Overbought,EMA_Bearish_State + Williams_Overbought,combo_2,31,momentum,Bearish,,,,,,,,,,,,,,,,,,0.7097,0.0178,-0.10553,-0.018004,-0.314666,1.025,0.01693,0.0,0.6452,1.605,0.2054,-0.016298,31.0,-0.02479,0.00423,0.0192,-1.117711,,,,,,,,,,,,,,,,,,0.004853,0.145077,0.7634,1.907,0.9032,0.865961,10,4.188393,-0.02494,0.6129,0.2054,0,1,0.004249,0.01203,0.02059,0.03691,0.72214,0,0.7742,0.03895,-0.06296,0.015938,0.396959,3.044,-0.01395,-0.02381,0.5484,2.269,0.1326,0.015123,31.0,0.01203,0.02059,0.03691,4.188393,0.8065,0.06437,-0.18229,0.016625,0.352939,1.651,-0.01439,-0.05102,0.6452,2.779,0.1731,0.013922,31.0,0.01203,0.03691,0.05294,2.019603,,,,,,,,,,,,,,,,,,,,,,,,,,,,,,,,,,,,,,,,,,,,,,,,,,,,ACL_data,,2026-10-01
MACD_Cross_Down_Event + VWAP_Bear,MACD_Cross_Down_Event + VWAP_Bear,combo_2,37,momentum,Bearish,,,,,,,,,,,,,,,,,,0.7568,0.03631,-0.06092,0.012661,0.270691,2.243,-0.0105,-0.0003,0.3784,1.695,0.1761,0.007133,36.0,0.00812,0.0118,0.01892,2.208382,,,,,,,,,,,,,,,,,,0.002776,0.118198,0.7708,1.878,0.9444,0.762405,5,2.208382,-0.01237,0.5243,0.3408,0,1,0.002556,0.00812,0.0118,0.01892,0.72844,0,0.75,0.01091,-0.05451,-0.005443,-0.029085,1.793,0.00201,-0.00857,0.6389,2.391,0.3408,-0.004034,35.0,0.00873,0.01723,0.03048,-0.189719,0.8056,0.03555,-0.14157,0.001109,0.112988,1.597,-0.00414,-0.02824,0.5556,2.929,0.2016,0.004569,35.0,0.00953,0.0279,0.04791,0.656197,,,,,,,,,,,,,,,,,,,,,,,,,,,,,,,,,,,,,,,,,,,,,,,,,,,,ACL_data,,2026-10-01
MACD_Hist_Negative,MACD_Hist_Negative,single,44,momentum,Bearish,,,,,,,,,,,,,,,,,,0.75,0.03631,-0.05886,0.012521,0.248124,2.282,-0.01028,-0.00063,0.3864,1.729,0.1489,0.009281,43.0,0.00791,0.01274,0.019,2.155214,,,,,,,,,,,,,,,,,,0.002982,0.100536,0.7771,2.068,0.936,0.740855,5,2.155214,-0.0136,0.5474,0.2564,0,1,0.004334,0.00791,0.01274,0.019,0.68366,0,0.7674,0.01026,-0.06496,-0.007233,-0.061253,1.996,0.00462,-0.01057,0.6744,2.442,0.2564,-0.002836,42.0,0.0095,0.01854,0.03256,-0.465343,0.814,0.03736,-0.14377,0.003658,0.114736,1.927,0.00333,-0.02961,0.5814,2.99,0.1533,0.006557,42.0,0.01078,0.02822,0.05039,0.841528,,,,,,,,,,,,,,,,,,,,,,,,,,,,,,,,,,,,,,,,,,,,,,,,,,,,ACL_data,,2026-10-01
MACD_Bearish_State,MACD_Bearish_State,single,44,momentum,Bearish,,,,,,,,,,,,,,,,,,0.75,0.03631,-0.05886,0.012521,0.248124,2.282,-0.01028,-0.00063,0.3864,1.729,0.1489,0.009281,43.0,0.00791,0.01274,0.019,2.155214,,,,,,,,,,,,,,,,,,0.002982,0.100536,0.7771,2.068,0.936,0.740855,5,2.155214,-0.0136,0.5474,0.2564,0,1,0.004334,0.00791,0.01274,0.019,0.68366,0,0.7674,0.01026,-0.06496,-0.007233,-0.061253,1.996,0.00462,-0.01057,0.6744,2.442,0.2564,-0.002836,42.0,0.0095,0.01854,0.03256,-0.465343,0.814,0.03736,-0.14377,0.003658,0.114736,1.927,0.00333,-0.02961,0.5814,2.99,0.1533,0.006557,42.0,0.01078,0.02822,0.05039,0.841528,,,,,,,,,,,,,,,,,,,,,,,,,,,,,,,,,,,,,,,,,,,,,,,,,,,,ACL_data,,2026-10-01
MACD_Bearish_State + MACD_Hist_Negative,MACD_Bearish_State + MACD_Hist_Negative,combo_2,44,momentum,Bearish,,,,,,,,,,,,,,,,,,0.75,0.03631,-0.05886,0.012521,0.248124,2.282,-0.01028,-0.00063,0.3864,1.729,0.1489,0.009281,43.0,0.00791,0.01274,0.019,2.155214,,,,,,,,,,,,,,,,,,0.002982,0.100536,0.7771,2.068,0.936,0.740855,5,2.155214,-0.0136,0.5474,0.2564,0,1,0.004334,0.00791,0.01274,0.019,0.68366,0,0.7674,0.01026,-0.06496,-0.007233,-0.061253,1.996,0.00462,-0.01057,0.6744,2.442,0.2564,-0.002836,42.0,0.0095,0.01854,0.03256,-0.465343,0.814,0.03736,-0.14377,0.003658,0.114736,1.927,0.00333,-0.02961,0.5814,2.99,0.1533,0.006557,42.0,0.01078,0.02822,0.05039,0.841528,,,,,,,,,,,,,,,,,,,,,,,,,,,,,,,,,,,,,,,,,,,,,,,,,,,,ACL_data,,2026-10-01
MACD_Bearish_State + MACD_Cross_Down_Event,MACD_Bearish_State + MACD_Cross_Down_Event,combo_2,43,momentum,Bearish,,,,,,,,,,,,,,,,,,0.7442,0.0382,-0.05907,0.013317,0.260511,2.274,-0.01108,-0.00095,0.3721,1.709,0.1489,0.009136,42.0,0.00783,0.01225,0.01876,2.241409,,,,,,,,,,,,,,,,,,0.002775,0.09878,0.7719,2.052,0.9347,0.716975,5,2.241409,-0.01391,0.5367,0.2567,0,1,0.00306,0.00783,0.01225,0.01876,0.70956,0,0.7619,0.01061,-0.06496,-0.007384,-0.062753,1.999,0.00477,-0.01254,0.6667,2.412,0.2567,-0.003918,41.0,0.00928,0.01789,0.03241,-0.474587,0.8095,0.03678,-0.14377,0.002392,0.098583,1.884,0.00459,-0.02824,0.5714,2.955,0.1568,0.003962,41.0,0.01072,0.02806,0.05017,0.702932,,,,,,,,,,,,,,,,,,,,,,,,,,,,,,,,,,,,,,,,,,,,,,,,,,,,ACL_data,,2026-10-01
MACD_Cross_Down_Event,MACD_Cross_Down_Event,single,43,momentum,Bearish,,,,,,,,,,,,,,,,,,0.7442,0.0382,-0.05907,0.013317,0.260511,2.274,-0.01108,-0.00095,0.3721,1.709,0.1489,0.009136,42.0,0.00783,0.01225,0.01876,2.241409,,,,,,,,,,,,,,,,,,0.002775,0.09878,0.7719,2.052,0.9347,0.716975,5,2.241409,-0.01391,0.5367,0.2567,0,1,0.00306,0.00783,0.01225,0.01876,0.70956,0,0.7619,0.01061,-0.06496,-0.007384,-0.062753,1.999,0.00477,-0.01254,0.6667,2.412,0.2567,-0.003918,41.0,0.00928,0.01789,0.03241,-0.474587,0.8095,0.03678,-0.14377,0.002392,0.098583,1.884,0.00459,-0.02824,0.5714,2.955,0.1568,0.003962,41.0,0.01072,0.02806,0.05017,0.702932,,,,,,,,,,,,,,,,,,,,,,,,,,,,,,,,,,,,,,,,,,,,,,,,,,,,ACL_data,,2026-10-01
MACD_Cross_Down_Event + MACD_Hist_Negative,MACD_Cross_Down_Event + MACD_Hist_Negative,combo_2,43,momentum,Bearish,,,,,,,,,,,,,,,,,,0.7442,0.0382,-0.05907,0.013317,0.260511,2.274,-0.01108,-0.00095,0.3721,1.709,0.1489,0.009136,42.0,0.00783,0.01225,0.01876,2.241409,,,,,,,,,,,,,,,,,,0.002775,0.09878,0.7719,2.052,0.9347,0.716975,5,2.241409,-0.01391,0.5367,0.2567,0,1,0.00306,0.00783,0.01225,0.01876,0.70956,0,0.7619,0.01061,-0.06496,-0.007384,-0.062753,1.999,0.00477,-0.01254,0.6667,2.412,0.2567,-0.003918,41.0,0.00928,0.01789,0.03241,-0.474587,0.8095,0.03678,-0.14377,0.002392,0.098583,1.884,0.00459,-0.02824,0.5714,2.955,0.1568,0.003962,41.0,0.01072,0.02806,0.05017,0.702932,,,,,,,,,,,,,,,,,,,,,,,,,,,,,,,,,,,,,,,,,,,,,,,,,,,,ACL_data,,2026-10-01
MACD_Cross_Down_Event + MACD_Hist_Falling,MACD_Cross_Down_Event + MACD_Hist_Falling,combo_2,43,momentum,Bearish,,,,,,,,,,,,,,,,,,0.7442,0.0382,-0.05907,0.013317,0.260511,2.274,-0.01108,-0.00095,0.3721,1.709,0.1489,0.009136,42.0,0.00783,0.01225,0.01876,2.241409,,,,,,,,,,,,,,,,,,0.002775,0.09878,0.7719,2.052,0.9347,0.716975,5,2.241409,-0.01391,0.5367,0.2567,0,1,0.00306,0.00783,0.01225,0.01876,0.70956,0,0.7619,0.01061,-0.06496,-0.007384,-0.062753,1.999,0.00477,-0.01254,0.6667,2.412,0.2567,-0.003918,41.0,0.00928,0.01789,0.03241,-0.474587,0.8095,0.03678,-0.14377,0.002392,0.098583,1.884,0.00459,-0.02824,0.5714,2.955,0.1568,0.003962,41.0,0.01072,0.02806,0.05017,0.702932,,,,,,,,,,,,,,,,,,,,,,,,,,,,,,,,,,,,,,,,,,,,,,,,,,,,ACL_data,,2026-10-01
Price_Below_SMA20 + MACD_Cross_Down_Event,Price_Below_SMA20 + MACD_Cross_Down_Event,combo_2,34,momentum,Bearish,,,,,,,,,,,,,,,,,,0.7647,0.03628,-0.06893,0.011522,0.237025,2.097,-0.00937,-0.00152,0.4118,1.725,0.1873,0.005598,34.0,0.0086,0.01286,0.02126,1.766784,,,,,,,,,,,,,,,,,,0.002493,0.110026,0.7903,1.801,0.9465,0.666755,5,1.766784,-0.01397,0.5514,0.3663,0,1,0.001485,0.0086,0.01286,0.02126,0.66211,0,0.7879,0.00881,-0.06902,-0.0077,-0.090511,1.701,0.00427,-0.01057,0.6364,2.435,0.3663,-0.006774,33.0,0.00853,0.01951,0.03256,-0.547291,0.8182,0.04126,-0.16556,0.003656,0.183565,1.605,-0.00668,-0.02982,0.6061,2.982,0.2016,0.005632,33.0,0.00885,0.02822,0.04832,1.04748,,,,,,,,,,,,,,,,,,,,,,,,,,,,,,,,,,,,,,,,,,,,,,,,,,,,ACL_data,,2026-10-01
MACD_Hist_Falling + BB_Expansion_Bear,MACD_Hist_Falling + BB_Expansion_Bear,combo_2,21,momentum,Bearish,,,,,,,,,,,,,,,,,,0.75,0.05157,-0.05371,0.025248,0.408336,3.19,-0.02507,-0.00302,0.3,1.762,0.2533,0.027829,20.0,0.00352,0.0152,0.01776,4.026311,,,,,,,,,,,,,,,,,,0.005924,0.100849,0.6711,2.347,0.8816,0.644883,5,4.026311,-0.01158,0.486,0.3605,0,1,0.014286,0.00352,0.0152,0.01776,0.79206,0,0.6316,0.01707,-0.04572,-0.006064,-0.049899,1.437,0.00678,-0.01134,0.5789,2.488,0.3605,0.003583,19.0,0.00313,0.01715,0.02047,-0.221699,0.6316,0.01918,-0.03671,-0.001411,-0.055889,2.413,0.00213,-0.02038,0.5789,3.047,0.2692,0.011446,19.0,0.00826,0.01842,0.02147,-0.416772,,,,,,,,,,,,,,,,,,,,,,,,,,,,,,,,,,,,,,,,,,,,,,,,,,,,ACL_data,,2026-10-01
STRAT_BB_Stoch_Bear,BB_Upper_Reject + Stoch_Overbought,combo_2,12,mean_rev,Bearish,0.9167,0.02635,-0.13282,0.013086,0.214349,3.067,-0.01239,-0.01555,0.5833,1.217,0.3277,0.01446,12.0,0.0137,0.0199,0.02085,1.686151,0.8333,0.03898,-0.14501,0.008314,0.068896,1.914,-0.00894,-0.04492,0.6667,1.571,0.3746,0.010911,12.0,0.01378,0.02683,0.05397,0.33831,0.9167,0.04124,-0.3658,0.007321,0.037883,2.018,-0.0087,-0.05443,0.75,1.859,0.3728,0.006359,12.0,0.02617,0.05716,0.06057,0.196086,0.009574,0.107043,0.8889,2.333,0.9167,0.587196,3,1.686151,-0.0383,0.6667,0.3746,0,1,0.010576,0.0137,0.0199,0.02085,0.1829,0,,,,,,,,,,,,,,,,,,,,,,,,,,,,,,,,,,,,,,,,,,,,,,,,,,,,,,,,,,,,,,,,,,,,,,,,,,,,,,,,,,,,,,ACL_data,,2026-10-01
BB_Upper_Reject + Stoch_Overbought,BB_Upper_Reject + Stoch_Overbought,combo_2,12,mean_rev,Bearish,0.9167,0.02635,-0.13282,0.013086,0.214349,3.067,-0.01239,-0.01555,0.5833,1.217,0.3277,0.01446,12.0,0.0137,0.0199,0.02085,1.686151,0.8333,0.03898,-0.14501,0.008314,0.068896,1.914,-0.00894,-0.04492,0.6667,1.571,0.3746,0.010911,12.0,0.01378,0.02683,0.05397,0.33831,0.9167,0.04124,-0.3658,0.007321,0.037883,2.018,-0.0087,-0.05443,0.75,1.859,0.3728,0.006359,12.0,0.02617,0.05716,0.06057,0.196086,0.009574,0.107043,0.8889,2.333,0.9167,0.587196,3,1.686151,-0.0383,0.6667,0.3746,0,1,0.010576,0.0137,0.0199,0.02085,0.1829,0,,,,,,,,,,,,,,,,,,,,,,,,,,,,,,,,,,,,,,,,,,,,,,,,,,,,,,,,,,,,,,,,,,,,,,,,,,,,,,,,,,,,,,ACL_data,,2026-10-01
Price_Below_SMA20 + CDL_Engulfing_Bear,Price_Below_SMA20 + CDL_Engulfing_Bear,combo_2,53,momentum,Bearish,,,,,,,,,,,,,,,,,,0.7547,0.02251,-0.05208,0.004218,0.019087,2.14,-0.00339,0.00043,0.4528,1.713,0.155,0.007432,53.0,0.00146,0.01073,0.01796,0.162958,,,,,,,,,,,,,,,,,,0.004594,0.070376,0.7484,1.984,0.9811,0.546528,10,1.034874,-0.01434,0.5346,0.175,0,1,0.006022,0.00155,0.01523,0.03253,0.82622,0,0.7358,0.03378,-0.0637,0.008032,0.116252,2.232,-0.00781,-0.01736,0.5849,2.422,0.175,0.0094,53.0,0.00155,0.01523,0.03253,1.034874,0.7547,0.03944,-0.11512,0.001531,0.075788,1.581,0.00111,-0.02609,0.566,2.966,0.1428,0.001233,53.0,0.00155,0.0238,0.05359,0.477906,,,,,,,,,,,,,,,,,,,,,,,,,,,,,,,,,,,,,,,,,,,,,,,,,,,,ACL_data,,2026-10-01
Death_Cross_State + CDL_Engulfing_Bear,Death_Cross_State + CDL_Engulfing_Bear,combo_2,40,trend,Bearish,,,,,,,,,,,,,,,,,,,,,,,,,,,,,,,,,,,,,,,,,,,,,,,,,,,,0.002816,0.073791,0.7866,2.111,0.8351,0.483019,20,3.421131,-0.02977,0.6195,0.2903,0,1,0.011647,0.00046,0.03297,0.06016,0.41627,0,0.7,0.01732,-0.06771,-0.008191,-0.152772,1.343,0.00625,-0.01287,0.65,2.199,0.2903,-0.001776,40.0,-0.00225,0.01316,0.0281,-0.761938,,,,,,,,,,,,,,,,,,0.7949,0.04917,-0.11742,0.014994,0.389738,2.364,-0.0121,-0.04274,0.641,3.095,0.1407,0.022747,39.0,0.00046,0.03297,0.06016,3.421131,0.8649,0.02991,-0.17926,0.001645,-0.015592,2.625,-0.0014,-0.0337,0.5676,3.749,0.0923,0.01397,37.0,0.02225,0.07191,0.0965,-0.151999,,,,,,,,,,,,,,,,,,ACL_data,,2026-10-01
MACD_Cross_Down_Event + CMF_Strong_Bear,MACD_Cross_Down_Event + CMF_Strong_Bear,combo_2,21,momentum,Bearish,,,,,,,,,,,,,,,,,,0.8095,0.01881,-0.03032,0.009455,0.271296,3.873,-0.00932,0.0,0.381,1.683,0.2192,0.005957,20.0,0.00769,0.01828,0.02471,3.247992,,,,,,,,,,,,,,,,,,-0.002827,0.056833,0.8413,3.005,0.9048,0.477623,5,3.247992,-0.01154,0.5238,0.2192,0,1,-0.002984,0.00769,0.01828,0.02471,0.26962,0,0.8095,-0.01162,-0.03366,-0.015821,-0.229508,3.096,0.01796,-0.0048,0.619,2.38,0.1792,-0.014169,20.0,0.01392,0.0287,0.03632,-2.196378,0.9048,0.01858,-0.19876,-0.002115,0.12871,2.046,0.00249,-0.02982,0.5714,2.915,0.1946,-0.000741,20.0,0.0287,0.04587,0.05385,0.813936,,,,,,,,,,,,,,,,,,,,,,,,,,,,,,,,,,,,,,,,,,,,,,,,,,,,ACL_data,,2026-10-01
CMF_Negative,CMF_Negative,single,25,momentum,Bearish,,,,,,,,,,,,,,,,,,0.76,0.03132,-0.07251,0.006402,0.133099,1.433,-0.00607,-0.01036,0.64,1.606,0.3692,0.0097,25.0,0.00737,0.016,0.0199,0.621418,,,,,,,,,,,,,,,,,,0.00397,0.086769,0.7067,1.795,0.92,0.466853,15,2.318028,-0.01012,0.6,0.3692,0,1,0.008976,0.01033,0.01738,0.03164,0.76561,0,0.68,0.03199,-0.09006,-0.007068,-0.122149,1.099,0.00389,-0.00648,0.64,2.271,0.332,0.001756,25.0,0.01033,0.01688,0.02995,-0.437289,0.68,0.03614,-0.0375,0.012576,0.249356,2.853,-0.01271,-0.01353,0.52,2.782,0.2154,0.015473,25.0,0.01033,0.01738,0.03164,2.318028,,,,,,,,,,,,,,,,,,,,,,,,,,,,,,,,,,,,,,,,,,,,,,,,,,,,ACL_data,,2026-10-01
Stoch_Bear_Zone + CCI_Overbought,Stoch_Bear_Zone + CCI_Overbought,combo_2,24,momentum,Bearish,,,,,,,,,,,,,,,,,,0.8333,0.01581,-0.07036,0.001447,0.034752,2.891,-0.00182,-0.02225,0.6667,1.603,0.2128,0.001807,24.0,0.00492,0.02837,0.0441,0.32339,,,,,,,,,,,,,,,,,,0.000961,0.06738,0.8611,2.111,0.9583,0.43887,10,0.811149,-0.02839,0.6667,0.2448,0,1,0.004109,0.01202,0.04067,0.04997,0.34736,0,0.875,0.03395,-0.21449,0.002893,0.1492,1.689,-0.00197,-0.03556,0.75,2.267,0.2448,0.005248,24.0,0.01202,0.04067,0.04997,0.811149,0.875,0.03695,-0.27032,-0.001457,0.018187,1.754,0.01155,-0.02737,0.5833,2.776,0.238,0.005272,24.0,0.01202,0.04067,0.04997,0.10271,,,,,,,,,,,,,,,,,,,,,,,,,,,,,,,,,,,,,,,,,,,,,,,,,,,,ACL_data,,2026-10-01
Price_Below_SMA50 + OBV_Trend_Bear,Price_Below_SMA50 + OBV_Trend_Bear,combo_2,55,trend,Bearish,,,,,,,,,,,,,,,,,,,,,,,,,,,,,,,,,,,,,,,,,,,,,,,,,,,,0.006915,0.047511,0.8677,2.403,0.9314,0.428036,10,3.550727,-0.04585,0.629,0.14,0,1,0.004226,0.00912,0.02896,0.04502,0.13083,0,0.8333,0.02959,-0.07612,0.011968,0.217993,4.046,-0.00965,-0.01225,0.5185,2.433,0.14,0.011397,53.0,0.00912,0.02896,0.04502,3.550727,,,,,,,,,,,,,,,,,,0.8679,0.05708,-0.31628,0.00777,0.095294,1.911,-0.0053,-0.04348,0.6038,3.435,0.0815,0.003884,52.0,0.01749,0.06082,0.07689,0.732964,0.902,0.09617,-0.87449,0.001006,-0.170755,1.252,0.00204,-0.08183,0.7647,4.193,0.1002,-0.002601,50.0,0.0525,0.08589,0.09524,-0.860522,,,,,,,,,,,,,,,,,,ACL_data,,2026-10-01
EMA_Bearish_State + CDL_Engulfing_Bear,EMA_Bearish_State + CDL_Engulfing_Bear,combo_2,59,momentum,Bearish,,,,,,,,,,,,,,,,,,0.8136,0.02549,-0.06205,0.009172,0.166773,2.69,-0.00876,-0.00901,0.4746,1.725,0.1231,0.012156,59.0,0.00242,0.01558,0.02788,1.837111,,,,,,,,,,,,,,,,,,0.001002,0.043717,0.8136,2.126,1.0,0.380473,5,1.837111,-0.0205,0.565,0.1673,0,1,0.005524,0.00242,0.01558,0.02788,0.44007,0,0.8136,0.02038,-0.08445,0.000831,0.042332,2.139,-0.00251,-0.02546,0.661,2.439,0.1673,0.006532,59.0,0.00278,0.03051,0.04566,0.370659,0.8136,0.02236,-0.13512,-0.006996,-0.077953,1.548,0.00886,-0.02703,0.5593,2.987,0.1189,-0.002115,59.0,0.00278,0.04284,0.06278,-0.494029,,,,,,,,,,,,,,,,,,,,,,,,,,,,,,,,,,,,,,,,,,,,,,,,,,,,ACL_data,,2026-10-01
EMA_Bearish_State + MACD_Cross_Down_Event,EMA_Bearish_State + MACD_Cross_Down_Event,combo_2,31,momentum,Bearish,,,,,,,,,,,,,,,,,,0.7419,0.03868,-0.06982,0.010682,0.219358,1.974,-0.00854,0.0,0.3548,1.742,0.1964,0.005874,31.0,0.0084,0.01128,0.01908,1.500833,,,,,,,,,,,,,,,,,,0.000102,0.065242,0.7695,1.691,0.9419,0.360071,5,1.500833,-0.01199,0.5072,0.3858,0,1,0.000303,0.0084,0.01128,0.01908,0.75106,0,0.7667,0.00818,-0.06902,-0.009837,-0.128116,1.631,0.00642,-0.00626,0.6,2.46,0.3858,-0.008098,30.0,0.00762,0.01339,0.03404,-0.7243,0.8,0.04079,-0.16584,-0.00054,0.104483,1.466,-0.00248,-0.02972,0.5667,3.012,0.2204,0.003133,30.0,0.00762,0.02457,0.04301,0.531018,,,,,,,,,,,,,,,,,,,,,,,,,,,,,,,,,,,,,,,,,,,,,,,,,,,,ACL_data,,2026-10-01
VWAP_Bear + CDL_Engulfing_Bear,VWAP_Bear + CDL_Engulfing_Bear,combo_2,71,momentum,Bearish,,,,,,,,,,,,,,,,,,0.7794,0.02251,-0.05148,0.00619,0.090926,2.475,-0.00554,-0.00235,0.4853,1.673,0.1179,0.007311,68.0,0.00306,0.01351,0.01862,0.962578,,,,,,,,,,,,,,,,,,0.001093,0.039677,0.7745,2.046,0.9853,0.342107,5,0.962578,-0.01287,0.5637,0.1599,0,1,0.004861,0.00306,0.01351,0.01862,0.69894,0,0.7647,0.02147,-0.0641,0.00134,0.052033,2.072,-0.00231,-0.01911,0.6324,2.366,0.1599,0.005998,68.0,0.00726,0.01746,0.03475,0.461186,0.7794,0.02395,-0.10389,-0.00425,-0.023929,1.591,0.00748,-0.01716,0.5735,2.898,0.1119,0.001273,68.0,0.00726,0.02968,0.05584,-0.162799,,,,,,,,,,,,,,,,,,,,,,,,,,,,,,,,,,,,,,,,,,,,,,,,,,,,ACL_data,,2026-10-01
Price_Below_EMA200 + CMF_Strong_Bear,Price_Below_EMA200 + CMF_Strong_Bear,combo_2,23,trend,Bearish,,,,,,,,,,,,,,,,,,,,,,,,,,,,,,,,,,,,,,,,,,,,,,,,,,,,0.010003,0.062079,0.7826,1.841,0.913,0.33166,20,1.60944,-0.0315,0.5942,0.2358,0,1,0.011645,0.01112,0.02635,0.04392,0.67831,0,0.7391,0.02193,-0.09572,-0.008757,-0.291835,1.357,0.01272,-0.00197,0.6087,2.241,0.2342,-0.013774,23.0,0.00335,0.01198,0.026,-1.259026,,,,,,,,,,,,,,,,,,0.7826,0.07862,-0.18473,0.021368,0.285728,1.772,-0.01911,-0.04732,0.5652,3.169,0.2358,0.022702,23.0,0.01112,0.02635,0.04392,1.60944,0.8261,0.05766,-0.17386,0.017399,0.192344,2.394,-0.01423,-0.04521,0.6087,3.881,0.2022,0.026007,23.0,0.02935,0.04458,0.05101,1.463194,,,,,,,,,,,,,,,,,,ACL_data,,2026-10-01
MACD_Hist_Negative + OBV_Falling,MACD_Hist_Negative + OBV_Falling,combo_2,165,momentum,Bearish,,,,,,,,,,,,,,,,,,0.7758,0.02353,-0.06561,0.003538,0.07386,1.762,-0.00237,-0.00776,0.5515,1.649,0.0498,0.005765,165.0,0.00485,0.01361,0.02151,0.665456,,,,,,,,,,,,,,,,,,0.000441,0.038383,0.7809,1.686,0.9892,0.327286,5,0.665456,-0.01682,0.6025,0.063,0,1,0.005492,0.00485,0.01361,0.02151,0.78787,0,0.7866,0.02468,-0.10165,-0.002281,-0.033959,1.581,0.00252,-0.01615,0.6341,2.331,0.063,0.003953,164.0,0.00771,0.01931,0.03213,-0.274537,0.7805,0.03368,-0.11944,6.8e-05,0.075248,1.715,0.00344,-0.02655,0.622,2.855,0.0455,0.006759,164.0,0.00994,0.02325,0.04191,0.659645,,,,,,,,,,,,,,,,,,,,,,,,,,,,,,,,,,,,,,,,,,,,,,,,,,,,ACL_data,,2026-10-01
MACD_Bearish_State + OBV_Falling,MACD_Bearish_State + OBV_Falling,combo_2,165,momentum,Bearish,,,,,,,,,,,,,,,,,,0.7758,0.02353,-0.06561,0.003538,0.07386,1.762,-0.00237,-0.00776,0.5515,1.649,0.0498,0.005765,165.0,0.00485,0.01361,0.02151,0.665456,,,,,,,,,,,,,,,,,,0.000441,0.038383,0.7809,1.686,0.9892,0.327286,5,0.665456,-0.01682,0.6025,0.063,0,1,0.005492,0.00485,0.01361,0.02151,0.78787,0,0.7866,0.02468,-0.10165,-0.002281,-0.033959,1.581,0.00252,-0.01615,0.6341,2.331,0.063,0.003953,164.0,0.00771,0.01931,0.03213,-0.274537,0.7805,0.03368,-0.11944,6.8e-05,0.075248,1.715,0.00344,-0.02655,0.622,2.855,0.0455,0.006759,164.0,0.00994,0.02325,0.04191,0.659645,,,,,,,,,,,,,,,,,,,,,,,,,,,,,,,,,,,,,,,,,,,,,,,,,,,,ACL_data,,2026-10-01
CMF_Negative + CCI_Overbought,CMF_Negative + CCI_Overbought,combo_2,27,momentum,Bearish,,,,,,,,,,,,,,,,,,0.7778,0.02802,-0.09698,0.000241,0.045713,1.328,0.00167,-0.02041,0.7037,1.503,0.1469,-0.006443,27.0,0.00415,0.0109,0.0289,0.202212,,,,,,,,,,,,,,,,,,-0.000555,0.072004,0.8025,1.372,0.963,0.316973,10,0.47858,-0.03006,0.6667,0.2076,0,1,-0.00544,0.00443,0.02823,0.04933,0.64393,0,0.8148,0.03297,-0.14624,-0.000214,0.09057,1.586,0.00255,-0.0298,0.6667,2.125,0.1633,-0.006469,27.0,0.00443,0.02823,0.04933,0.47858,0.8148,0.05379,-0.24581,-0.001692,0.079729,1.202,0.00377,-0.03996,0.6296,2.603,0.2076,-0.003407,27.0,0.00696,0.03288,0.05314,0.319457,,,,,,,,,,,,,,,,,,,,,,,,,,,,,,,,,,,,,,,,,,,,,,,,,,,,ACL_data,,2026-10-01
RSI_Overbought + Stoch_Cross_Down,RSI_Overbought + Stoch_Cross_Down,combo_2,11,mean_rev,Bearish,0.7273,0.04208,-0.10607,0.001674,0.060136,1.46,-0.00217,-0.02127,0.5455,1.174,0.3,0.00883,11.0,-0.04751,0.00797,0.01619,0.218117,0.8182,0.05644,-0.26905,-0.002739,-0.006381,1.315,0.00205,-0.04861,0.6364,1.516,0.3076,0.004842,11.0,-0.04751,0.01619,0.04022,-0.020846,0.8182,0.07722,-0.31757,0.005443,0.213883,1.401,-0.00435,-0.03984,0.6364,1.794,0.3256,0.014554,11.0,-0.04751,0.01619,0.04022,0.744641,0.00146,0.089213,0.7879,1.392,0.9091,0.280486,7,0.744641,-0.03657,0.6061,0.3256,0,1,0.009408,-0.04751,0.01619,0.04022,0.60535,0,,,,,,,,,,,,,,,,,,,,,,,,,,,,,,,,,,,,,,,,,,,,,,,,,,,,,,,,,,,,,,,,,,,,,,,,,,,,,,,,,,,,,,ACL_data,,2026-10-01
OBV_Trend_Bear + CDL_HangingMan,OBV_Trend_Bear + CDL_HangingMan,combo_2,14,momentum,Bearish,,,,,,,,,,,,,,,,,,0.5714,0.05952,-0.12011,-0.017465,-0.359313,0.661,0.01788,-0.01175,0.6429,1.831,0.3351,-0.002765,13.0,-0.00895,-0.00059,0.00214,-0.973039,,,,,,,,,,,,,,,,,,0.011139,0.07642,0.6667,1.434,0.8571,0.25433,15,2.478741,-0.02299,0.5238,0.3351,0,1,0.02565,-0.00895,0.00622,0.04535,0.91038,0,0.7143,0.06656,-0.11754,0.013962,0.138304,1.608,-0.01364,-0.02915,0.5714,2.59,0.2418,0.03108,13.0,-0.00895,0.00622,0.04358,0.60216,0.7143,0.10359,-0.12975,0.036919,0.450269,2.033,-0.03773,-0.02808,0.3571,3.172,0.3276,0.048636,13.0,-0.00895,0.00622,0.04535,2.478741,,,,,,,,,,,,,,,,,,,,,,,,,,,,,,,,,,,,,,,,,,,,,,,,,,,,ACL_data,,2026-10-01
CMF_Negative + VWAP_Bear,CMF_Negative + VWAP_Bear,combo_2,27,momentum,Bearish,,,,,,,,,,,,,,,,,,0.7778,0.03339,-0.07135,0.010118,0.157838,1.836,-0.00876,-0.01036,0.5185,1.649,0.3071,0.01657,27.0,0.00803,0.01635,0.02602,0.965895,,,,,,,,,,,,,,,,,,0.003813,0.02336,0.716,1.722,0.8889,0.119146,15,1.00473,-0.01205,0.5679,0.3071,0,1,0.010079,0.01082,0.01857,0.02888,0.69561,0,0.7037,0.0252,-0.09006,-0.008952,-0.241563,1.369,0.00766,-0.00648,0.6296,2.332,0.2813,0.001826,27.0,0.01082,0.01735,0.02888,-1.102,0.6667,0.04451,-0.05821,0.010273,0.153804,1.96,-0.00917,-0.0193,0.5556,2.856,0.1844,0.01184,27.0,0.01082,0.01857,0.02888,1.00473,,,,,,,,,,,,,,,,,,,,,,,,,,,,,,,,,,,,,,,,,,,,,,,,,,,,ACL_data,,2026-10-01
BB_Expansion_Bear + OBV_Falling,BB_Expansion_Bear + OBV_Falling,combo_2,40,momentum,Bearish,,,,,,,,,,,,,,,,,,0.7179,0.03666,-0.04366,0.014004,0.209711,2.521,-0.01217,0.0018,0.3846,1.736,0.1791,0.014766,39.0,0.0,0.00811,0.01624,1.962984,,,,,,,,,,,,,,,,,,-0.000146,0.013691,0.7042,1.748,0.9663,0.08589,5,1.962984,-0.01191,0.5317,0.1998,0,1,0.006615,0.0,0.00811,0.01624,0.91918,0,0.7105,0.01498,-0.07589,-0.011325,-0.146019,1.032,0.0129,-0.01478,0.6053,2.452,0.1998,-0.003672,38.0,0.0,0.01712,0.02744,-0.55954,0.6842,0.0241,-0.0621,-0.003119,-0.02262,1.693,0.00935,-0.02274,0.6053,3.003,0.1362,0.008752,38.0,0.00771,0.01797,0.02848,-0.14218,,,,,,,,,,,,,,,,,,,,,,,,,,,,,,,,,,,,,,,,,,,,,,,,,,,,ACL_data,,2026-10-01
CMF_Strong_Bear + CCI_Exit_Overbought,CMF_Strong_Bear + CCI_Exit_Overbought,combo_2,15,momentum,Bearish,,,,,,,,,,,,,,,,,,0.8667,0.01062,-0.08167,-0.001683,-0.033421,1.708,0.00124,-0.01254,0.6,1.578,0.3087,0.006654,14.0,0.01601,0.02573,0.03265,-0.158276,,,,,,,,,,,,,,,,,,-0.000895,0.005459,0.8667,1.487,1.0,0.022503,15,0.818712,-0.02233,0.6444,0.3537,0,1,0.00171,0.02218,0.0397,0.06146,0.38137,0,0.8667,0.01806,-0.17469,-0.007641,-0.122103,1.034,0.0061,-0.01967,0.7333,2.232,0.3537,-0.010818,14.0,0.01939,0.03384,0.03592,-0.350069,0.8667,0.03645,-0.18715,0.006639,0.171903,1.718,-0.00812,-0.03478,0.6,2.733,0.3363,0.009295,14.0,0.02218,0.0397,0.06146,0.818712,,,,,,,,,,,,,,,,,,,,,,,,,,,,,,,,,,,,,,,,,,,,,,,,,,,,ACL_data,,2026-10-01
EMA_Bearish_State + OBV_Trend_Bear,EMA_Bearish_State + OBV_Trend_Bear,combo_2,53,momentum,Bearish,,,,,,,,,,,,,,,,,,0.75,0.03525,-0.05841,0.011836,0.195357,2.403,-0.01193,-0.01536,0.5192,1.707,0.128,0.010561,52.0,0.00518,0.01335,0.02523,1.872883,,,,,,,,,,,,,,,,,,0.001768,-0.000372,0.7821,2.042,0.9423,-0.002852,5,1.872883,-0.01694,0.5769,0.1516,0,1,0.001133,0.00518,0.01335,0.02523,0.67301,0,0.8077,0.03,-0.10923,0.003228,0.019172,2.367,-0.00234,-0.0147,0.5769,2.414,0.1516,0.002743,52.0,0.00908,0.02266,0.0369,0.181004,0.7885,0.03672,-0.18299,-0.009759,-0.215643,1.357,0.01053,-0.02076,0.6346,2.956,0.1424,-0.009904,52.0,0.01064,0.02327,0.06199,-1.166885,,,,,,,,,,,,,,,,,,,,,,,,,,,,,,,,,,,,,,,,,,,,,,,,,,,,ACL_data,,2026-10-01
BB_Expansion_Bear + Stoch_Cross_Down,BB_Expansion_Bear + Stoch_Cross_Down,combo_2,12,momentum,Bearish,,,,,,,,,,,,,,,,,,0.6667,0.03522,-0.03259,0.012615,0.177146,2.316,-0.01236,-0.00277,0.4167,1.75,0.2765,0.021408,12.0,0.00756,0.01115,0.01555,1.052109,,,,,,,,,,,,,,,,,,-7.1e-05,-0.002723,0.7778,5.96,0.8333,-0.034685,5,1.052109,-0.0171,0.5556,0.3654,0,1,0.012433,0.00756,0.01115,0.01555,0.62952,0,0.8333,0.01084,-0.04414,0.001676,0.040191,4.209,-0.00192,-0.02491,0.5833,2.475,0.2963,0.01915,12.0,0.01253,0.03048,0.0407,0.433928,0.8333,-0.01445,-0.01476,-0.014504,-0.225505,11.356,0.0176,-0.02361,0.6667,3.031,0.3654,-0.003258,12.0,0.01534,0.03703,0.05167,-5.784085,,,,,,,,,,,,,,,,,,,,,,,,,,,,,,,,,,,,,,,,,,,,,,,,,,,,ACL_data,,2026-10-01
CMF_Strong_Bear + CDL_Engulfing_Bear,CMF_Strong_Bear + CDL_Engulfing_Bear,combo_2,42,momentum,Bearish,,,,,,,,,,,,,,,,,,0.8095,0.0094,-0.05375,-0.002626,-0.042869,1.993,7e-05,-0.00054,0.5238,1.622,0.2356,0.000932,42.0,0.00302,0.01443,0.01951,-0.321374,,,,,,,,,,,,,,,,,,-0.001612,-0.005652,0.7857,2.461,0.9524,-0.049819,10,0.728597,-0.00449,0.5397,0.2356,0,1,0.003702,0.01006,0.01792,0.03597,0.5031,0,0.7619,0.01464,-0.03489,0.00285,0.062496,3.1,-0.0028,-0.01588,0.5952,2.294,0.1052,0.00799,42.0,0.01006,0.01792,0.03597,0.728597,0.7857,0.00836,-0.05428,-0.005059,-0.036583,2.289,0.00527,0.00296,0.5,2.809,0.1102,0.002184,42.0,0.01776,0.03313,0.06104,-0.314992,,,,,,,,,,,,,,,,,,,,,,,,,,,,,,,,,,,,,,,,,,,,,,,,,,,,ACL_data,,2026-10-01
CMF_Negative + Williams_Overbought,CMF_Negative + Williams_Overbought,combo_2,21,momentum,Bearish,,,,,,,,,,,,,,,,,,0.7619,0.00987,-0.08547,-0.012829,-0.22672,1.167,0.01323,-0.00768,0.7143,1.492,0.1535,-0.013406,21.0,0.00423,0.00967,0.0192,-0.817586,,,,,,,,,,,,,,,,,,-0.005417,-0.014123,0.8095,1.468,0.9048,-0.057962,10,1.961765,-0.02672,0.7143,0.2621,0,1,-0.007961,0.0192,0.03207,0.04778,0.45999,0,0.8571,0.03282,-0.13748,0.008491,0.292795,2.168,-0.00627,-0.02867,0.7619,2.11,0.1596,0.004209,21.0,0.0192,0.03207,0.04778,1.961765,0.8095,0.04898,-0.2707,-0.011914,-0.108443,1.068,0.01241,-0.0438,0.6667,2.584,0.2621,-0.014685,21.0,0.0192,0.04778,0.05694,-0.358087,,,,,,,,,,,,,,,,,,,,,,,,,,,,,,,,,,,,,,,,,,,,,,,,,,,,ACL_data,,2026-10-01
Price_Below_SMA50 + CDL_Engulfing_Bear,Price_Below_SMA50 + CDL_Engulfing_Bear,combo_2,52,trend,Bearish,,,,,,,,,,,,,,,,,,,,,,,,,,,,,,,,,,,,,,,,,,,,,,,,,,,,-0.003259,-0.019477,0.8251,1.81,0.9477,-0.132659,20,0.537064,-0.03421,0.6308,0.1764,0,1,0.003144,0.00531,0.04929,0.0666,0.40646,0,0.8077,0.02571,-0.08071,0.005244,0.053224,2.436,-0.00522,-0.02034,0.6154,2.469,0.1764,0.009993,52.0,0.00134,0.02886,0.04663,0.514786,,,,,,,,,,,,,,,,,,0.8077,0.04607,-0.17431,0.003692,0.079449,1.703,-0.0035,-0.02492,0.5769,3.492,0.1095,0.008841,52.0,0.00531,0.04929,0.0666,0.537064,0.86,0.04778,-0.42719,-0.018713,-0.191103,1.292,0.02327,-0.05738,0.7,4.265,0.0956,-0.009401,50.0,0.03484,0.06306,0.0921,-0.980188,,,,,,,,,,,,,,,,,,ACL_data,,2026-10-01
MACD_Hist_Falling + CCI_Overbought,MACD_Hist_Falling + CCI_Overbought,combo_2,30,momentum,Bearish,,,,,,,,,,,,,,,,,,0.8667,0.01912,-0.04705,0.010297,0.247326,6.53,-0.01098,-0.03805,0.6667,1.617,0.1728,0.010822,30.0,0.00874,0.0428,0.04962,5.54642,,,,,,,,,,,,,,,,,,-0.004229,-0.01445,0.8877,3.108,0.9667,-0.149102,5,5.54642,-0.0374,0.7192,0.2121,0,1,0.000919,0.00874,0.0428,0.04962,0.18191,0,0.9,0.04343,-0.32026,0.007057,0.247375,1.839,-0.00757,-0.04363,0.7667,2.287,0.2121,0.013498,30.0,0.02905,0.04894,0.06905,1.561986,0.8966,0.03229,-0.57026,-0.03004,-0.538052,0.956,0.03063,-0.03051,0.7241,2.808,0.206,-0.021564,29.0,0.03432,0.05393,0.07493,-1.847664,,,,,,,,,,,,,,,,,,,,,,,,,,,,,,,,,,,,,,,,,,,,,,,,,,,,ACL_data,,2026-10-01
BB_Upper_Touch + CMF_Negative,BB_Upper_Touch + CMF_Negative,combo_2,10,momentum,Bearish,,,,,,,,,,,,,,,,,,0.7,0.03916,-0.14233,-0.01529,-0.281907,0.652,0.01813,-0.0226,0.7,1.357,0.2728,-0.022281,10.0,-0.00337,0.00318,0.0086,-0.675984,,,,,,,,,,,,,,,,,,-0.009167,-0.073606,0.7333,1.07,0.9,-0.169933,10,0.734828,-0.01997,0.6,0.2927,0,1,-0.012248,-0.00337,0.00819,0.03668,0.75932,0,0.7,0.05322,-0.10582,0.005509,0.248592,1.233,-0.00465,-0.03315,0.6,1.919,0.2927,0.005879,10.0,-0.00337,0.00819,0.03668,0.734828,0.8,0.0126,-0.13902,-0.017721,-0.187502,1.324,0.01752,-0.00415,0.5,2.351,0.2594,-0.020343,10.0,-0.00337,0.03813,0.06861,-0.595432,,,,,,,,,,,,,,,,,,,,,,,,,,,,,,,,,,,,,,,,,,,,,,,,,,,,ACL_data,,2026-10-01
RSI_Bear_Momentum + CMF_Strong_Bear,RSI_Bear_Momentum + CMF_Strong_Bear,combo_2,66,momentum,Bearish,,,,,,,,,,,,,,,,,,0.7273,0.01803,-0.09351,-0.012388,-0.195743,0.673,0.01254,-0.00673,0.6364,1.617,0.0878,-0.007341,65.0,0.00093,0.0099,0.01589,-0.823041,,,,,,,,,,,,,,,,,,-0.006318,-0.074915,0.7424,1.02,0.9697,-0.311525,15,0.883009,-0.00972,0.596,0.1019,0,1,0.000284,0.00522,0.01548,0.03544,0.93889,0,0.7424,0.02094,-0.10136,-0.010562,-0.181752,1.012,0.01285,-0.00742,0.6212,2.286,0.1019,-0.002891,65.0,0.0044,0.01381,0.03042,-0.773491,0.7576,0.04307,-0.1181,0.003997,0.152749,1.375,-0.00205,-0.01499,0.5303,2.8,0.1019,0.011084,65.0,0.00522,0.01548,0.03544,0.883009,,,,,,,,,,,,,,,,,,,,,,,,,,,,,,,,,,,,,,,,,,,,,,,,,,,,ACL_data,,2026-10-01
MACD_Cross_Down_Event + OBV_Falling,MACD_Cross_Down_Event + OBV_Falling,combo_2,36,momentum,Bearish,,,,,,,,,,,,,,,,,,0.75,0.03754,-0.0737,0.009729,0.217886,1.864,-0.00757,-0.00434,0.4167,1.747,0.1752,0.004658,36.0,0.00873,0.01371,0.02451,1.466192,,,,,,,,,,,,,,,,,,-0.007366,-0.059217,0.7738,1.558,0.95,-0.316487,5,1.466192,-0.01616,0.5675,0.3334,0,1,-0.007347,0.00873,0.01371,0.02451,0.75495,0,0.7714,-0.00047,-0.08028,-0.018714,-0.239633,1.42,0.01384,-0.01451,0.6286,2.468,0.3334,-0.014938,35.0,0.00866,0.01388,0.03348,-1.228731,0.8,0.02471,-0.16442,-0.013111,-0.155904,1.39,0.01725,-0.02961,0.6571,3.022,0.2,-0.011761,35.0,0.0093,0.0257,0.05277,-0.78276,,,,,,,,,,,,,,,,,,,,,,,,,,,,,,,,,,,,,,,,,,,,,,,,,,,,ACL_data,,2026-10-01
BB_Upper_Reject,BB_Upper_Reject,single,24,mean_rev,Bearish,0.875,0.01498,-0.07284,0.003999,0.086846,2.87,-0.00416,-0.00991,0.5417,1.23,0.2109,0.004967,24.0,0.00772,0.02023,0.02341,0.802322,0.8333,0.01354,-0.09578,-0.004684,-0.127276,2.038,0.0028,-0.01908,0.625,1.588,0.2609,-0.001658,24.0,0.00772,0.02239,0.04559,-0.834781,0.875,0.01535,-0.14341,-0.004492,-0.093801,2.42,0.00315,-0.04066,0.7083,1.879,0.2578,-0.003343,24.0,0.01157,0.0271,0.05609,-0.730627,-0.001726,-0.044743,0.8611,2.443,0.9583,-0.337121,3,0.802322,-0.02321,0.625,0.2609,0,1,-1.2e-05,0.00772,0.02023,0.02341,0.14284,0,,,,,,,,,,,,,,,,,,,,,,,,,,,,,,,,,,,,,,,,,,,,,,,,,,,,,,,,,,,,,,,,,,,,,,,,,,,,,,,,,,,,,,ACL_data,,2026-10-01
BB_Upper_Reject + CCI_Overbought,BB_Upper_Reject + CCI_Overbought,combo_2,24,mean_rev,Bearish,0.875,0.01498,-0.07284,0.003999,0.086846,2.87,-0.00416,-0.00991,0.5417,1.23,0.2109,0.004967,24.0,0.00772,0.02023,0.02341,0.802322,0.8333,0.01354,-0.09578,-0.004684,-0.127276,2.038,0.0028,-0.01908,0.625,1.588,0.2609,-0.001658,24.0,0.00772,0.02239,0.04559,-0.834781,0.875,0.01535,-0.14341,-0.004492,-0.093801,2.42,0.00315,-0.04066,0.7083,1.879,0.2578,-0.003343,24.0,0.01157,0.0271,0.05609,-0.730627,-0.001726,-0.044743,0.8611,2.443,0.9583,-0.337121,3,0.802322,-0.02321,0.625,0.2609,0,1,-1.2e-05,0.00772,0.02023,0.02341,0.14284,0,,,,,,,,,,,,,,,,,,,,,,,,,,,,,,,,,,,,,,,,,,,,,,,,,,,,,,,,,,,,,,,,,,,,,,,,,,,,,,,,,,,,,,ACL_data,,2026-10-01
RSI_Bear_Momentum + CDL_HangingMan,RSI_Bear_Momentum + CDL_HangingMan,combo_2,15,momentum,Bearish,,,,,,,,,,,,,,,,,,0.4667,0.07868,-0.15445,-0.045654,-0.850252,0.446,0.04538,0.00893,0.6,1.978,0.2931,-0.030054,14.0,-0.04778,-0.02507,-0.01001,-2.357399,,,,,,,,,,,,,,,,,,-0.000549,-0.144074,0.6222,1.315,0.7333,-0.385311,10,1.08167,-0.00493,0.5333,0.3373,0,1,0.019272,-0.00788,0.00637,0.0259,0.90027,0,0.6667,0.07897,-0.09451,0.021146,0.213189,1.83,-0.02082,-0.0296,0.5333,2.797,0.2077,0.04693,14.0,-0.00788,0.00637,0.0259,1.08167,0.7333,0.08679,-0.15294,0.022862,0.204842,1.67,-0.02367,0.00588,0.4667,3.426,0.3373,0.04094,14.0,-0.00788,0.01304,0.04989,0.948642,,,,,,,,,,,,,,,,,,,,,,,,,,,,,,,,,,,,,,,,,,,,,,,,,,,,ACL_data,,2026-10-01
MACD_Cross_Down_Event + OBV_Trend_Bear,MACD_Cross_Down_Event + OBV_Trend_Bear,combo_2,21,momentum,Bearish,,,,,,,,,,,,,,,,,,0.7143,0.01196,-0.03904,-0.002612,0.035791,1.502,0.0027,0.0039,0.4762,1.698,0.2911,-0.006108,20.0,0.00769,0.01128,0.0215,0.166142,,,,,,,,,,,,,,,,,,-0.010311,-0.093698,0.7619,1.481,0.9048,-0.388172,5,0.166142,-0.00715,0.5714,0.2911,0,1,-0.011819,0.00769,0.01128,0.0215,0.71097,0,0.7619,-0.00976,-0.05122,-0.019631,-0.293503,1.68,0.02175,0.00427,0.5714,2.402,0.1651,-0.020088,20.0,0.00906,0.02051,0.03632,-1.523765,0.8095,0.02428,-0.1488,-0.008689,-0.023384,1.263,0.00907,-0.02961,0.6667,2.941,0.2102,-0.009261,20.0,0.01066,0.0287,0.05385,-0.091264,,,,,,,,,,,,,,,,,,,,,,,,,,,,,,,,,,,,,,,,,,,,,,,,,,,,ACL_data,,2026-10-01
OBV_Trend_Bear + CDL_Engulfing_Bear,OBV_Trend_Bear + CDL_Engulfing_Bear,combo_2,42,momentum,Bearish,,,,,,,,,,,,,,,,,,0.7381,0.01272,-0.06341,-0.007216,-0.178976,1.508,0.00712,0.01089,0.4762,1.762,0.2017,-0.001421,42.0,-0.00188,0.00985,0.01951,-1.014981,,,,,,,,,,,,,,,,,,-0.00326,-0.085593,0.7143,1.527,0.9524,-0.468206,10,0.098939,-0.00827,0.5317,0.2017,0,1,-0.000963,-0.00188,0.01094,0.02237,0.87142,0,0.6905,0.03806,-0.07757,0.002271,0.014538,1.809,-0.00217,-0.01435,0.5714,2.492,0.1937,0.001931,42.0,-0.00188,0.01094,0.02237,0.098939,0.7143,0.04467,-0.1286,-0.004833,-0.09234,1.264,0.0073,-0.02136,0.5476,3.052,0.1737,-0.003399,42.0,-0.00188,0.01503,0.04913,-0.439007,,,,,,,,,,,,,,,,,,,,,,,,,,,,,,,,,,,,,,,,,,,,,,,,,,,,ACL_data,,2026-10-01
EMA_Bearish_State + CMF_Negative,EMA_Bearish_State + CMF_Negative,combo_2,20,momentum,Bearish,,,,,,,,,,,,,,,,,,0.7,0.04678,-0.09622,0.00388,0.011192,1.171,-0.00481,-0.01816,0.6,1.654,0.3506,0.00215,20.0,0.001,0.01273,0.0233,0.039902,,,,,,,,,,,,,,,,,,-0.003295,-0.150727,0.7333,1.161,0.95,-0.506162,5,0.039902,-0.01738,0.6167,0.3506,0,1,-0.003366,0.001,0.01273,0.0233,0.86599,0,0.75,0.04085,-0.15914,-0.009149,-0.281708,1.099,0.00848,-0.0147,0.65,2.339,0.3118,-0.004762,20.0,0.00165,0.02098,0.03001,-0.942153,0.75,0.04111,-0.14178,-0.004616,-0.181666,1.214,0.01205,-0.01929,0.6,2.864,0.2162,-0.007486,20.0,0.00165,0.02159,0.03462,-0.67125,,,,,,,,,,,,,,,,,,,,,,,,,,,,,,,,,,,,,,,,,,,,,,,,,,,,ACL_data,,2026-10-01
MACD_Bearish_State + CDL_Engulfing_Bear,MACD_Bearish_State + CDL_Engulfing_Bear,combo_2,33,momentum,Bearish,,,,,,,,,,,,,,,,,,0.7576,0.0063,-0.04524,-0.006195,-0.118536,1.573,0.0054,0.00043,0.5758,1.624,0.3056,-0.00093,33.0,0.00421,0.01193,0.01583,-0.657682,,,,,,,,,,,,,,,,,,-0.006675,-0.095721,0.7576,1.552,1.0,-0.523981,10,-0.167458,-0.01664,0.6465,0.3056,0,1,-0.004414,0.01007,0.0158,0.03253,0.78497,0,0.7576,0.01901,-0.06554,-0.001484,-0.024036,1.976,0.00301,-0.01736,0.697,2.296,0.2018,0.000307,33.0,0.01007,0.0158,0.03253,-0.167458,0.7576,0.03297,-0.15395,-0.012346,-0.144589,1.108,0.01181,-0.033,0.6667,2.812,0.2309,-0.01262,33.0,0.01798,0.02968,0.05359,-0.564892,,,,,,,,,,,,,,,,,,,,,,,,,,,,,,,,,,,,,,,,,,,,,,,,,,,,ACL_data,,2026-10-01
MACD_Hist_Negative + CDL_Engulfing_Bear,MACD_Hist_Negative + CDL_Engulfing_Bear,combo_2,33,momentum,Bearish,,,,,,,,,,,,,,,,,,0.7576,0.0063,-0.04524,-0.006195,-0.118536,1.573,0.0054,0.00043,0.5758,1.624,0.3056,-0.00093,33.0,0.00421,0.01193,0.01583,-0.657682,,,,,,,,,,,,,,,,,,-0.006675,-0.095721,0.7576,1.552,1.0,-0.523981,10,-0.167458,-0.01664,0.6465,0.3056,0,1,-0.004414,0.01007,0.0158,0.03253,0.78497,0,0.7576,0.01901,-0.06554,-0.001484,-0.024036,1.976,0.00301,-0.01736,0.697,2.296,0.2018,0.000307,33.0,0.01007,0.0158,0.03253,-0.167458,0.7576,0.03297,-0.15395,-0.012346,-0.144589,1.108,0.01181,-0.033,0.6667,2.812,0.2309,-0.01262,33.0,0.01798,0.02968,0.05359,-0.564892,,,,,,,,,,,,,,,,,,,,,,,,,,,,,,,,,,,,,,,,,,,,,,,,,,,,ACL_data,,2026-10-01
Stoch_Overbought + Williams_Overbought,Stoch_Overbought + Williams_Overbought,combo_2,29,mean_rev,Bearish,0.6429,0.03009,-0.10211,-0.017126,-0.32125,0.727,0.01774,-0.00839,0.6071,1.219,0.1735,-0.01155,27.0,-0.03099,-0.00138,0.00851,-1.092633,0.6786,0.03843,-0.12542,-0.014236,-0.292552,0.903,0.01296,-0.01983,0.6786,1.574,0.1978,-0.003305,27.0,-0.02904,-0.00138,0.01395,-0.995026,0.7857,0.05678,-0.20041,0.001671,0.045591,1.278,-0.00145,-0.04403,0.75,1.863,0.1426,0.017955,27.0,-0.01313,0.01414,0.04551,0.198128,-0.009897,-0.189403,0.7024,0.969,0.8571,-0.55217,7,0.198128,-0.02408,0.6786,0.1978,0,1,0.001033,-0.01313,0.01414,0.04551,0.68859,0,,,,,,,,,,,,,,,,,,,,,,,,,,,,,,,,,,,,,,,,,,,,,,,,,,,,,,,,,,,,,,,,,,,,,,,,,,,,,,,,,,,,,,ACL_data,,2026-10-01
EMA_Bearish_State + MACD_Bearish_State,EMA_Bearish_State + MACD_Bearish_State,combo_2,40,momentum,Bearish,,,,,,,,,,,,,,,,,,0.75,0.03459,-0.07485,0.00723,0.102081,1.905,-0.00571,0.00052,0.425,1.737,0.1519,0.006352,40.0,0.001,0.01112,0.01896,0.72202,,,,,,,,,,,,,,,,,,-0.004809,-0.110214,0.7799,1.612,0.9295,-0.613249,5,0.72202,-0.0127,0.5776,0.2615,0,1,-0.002662,0.001,0.01112,0.01896,0.64493,0,0.7692,0.00797,-0.09391,-0.015542,-0.332524,1.518,0.01355,-0.009,0.641,2.453,0.2615,-0.011951,39.0,0.00695,0.01865,0.02939,-1.874565,0.8205,0.03696,-0.20304,-0.006114,-0.1002,1.413,0.0094,-0.02961,0.6667,3.004,0.1655,-0.002387,39.0,0.00695,0.02599,0.0366,-0.525884,,,,,,,,,,,,,,,,,,,,,,,,,,,,,,,,,,,,,,,,,,,,,,,,,,,,ACL_data,,2026-10-01
EMA_Bearish_State + MACD_Hist_Negative,EMA_Bearish_State + MACD_Hist_Negative,combo_2,40,momentum,Bearish,,,,,,,,,,,,,,,,,,0.75,0.03459,-0.07485,0.00723,0.102081,1.905,-0.00571,0.00052,0.425,1.737,0.1519,0.006352,40.0,0.001,0.01112,0.01896,0.72202,,,,,,,,,,,,,,,,,,-0.004809,-0.110214,0.7799,1.612,0.9295,-0.613249,5,0.72202,-0.0127,0.5776,0.2615,0,1,-0.002662,0.001,0.01112,0.01896,0.64493,0,0.7692,0.00797,-0.09391,-0.015542,-0.332524,1.518,0.01355,-0.009,0.641,2.453,0.2615,-0.011951,39.0,0.00695,0.01865,0.02939,-1.874565,0.8205,0.03696,-0.20304,-0.006114,-0.1002,1.413,0.0094,-0.02961,0.6667,3.004,0.1655,-0.002387,39.0,0.00695,0.02599,0.0366,-0.525884,,,,,,,,,,,,,,,,,,,,,,,,,,,,,,,,,,,,,,,,,,,,,,,,,,,,ACL_data,,2026-10-01
Price_Below_SMA50 + CMF_Strong_Bear,Price_Below_SMA50 + CMF_Strong_Bear,combo_2,34,trend,Bearish,,,,,,,,,,,,,,,,,,,,,,,,,,,,,,,,,,,,,,,,,,,,,,,,,,,,-0.006078,-0.131333,0.8137,1.493,0.9118,-0.635452,10,0.226562,-0.03822,0.6569,0.1773,0,1,-0.003392,0.00945,0.01931,0.02913,0.47641,0,0.7647,0.03374,-0.09448,0.003569,0.041293,1.543,0.00044,-0.01762,0.6765,2.244,0.1537,0.000838,33.0,0.00945,0.01931,0.02913,0.226562,,,,,,,,,,,,,,,,,,0.8529,0.04324,-0.2865,-0.00525,-0.216888,1.517,0.00986,-0.04307,0.6471,3.174,0.1773,-0.001947,33.0,0.0163,0.03923,0.04751,-1.169631,0.8235,0.04543,-0.30582,-0.016554,-0.218404,1.418,0.04125,-0.05398,0.6471,3.887,0.1296,-0.009068,33.0,0.02939,0.04307,0.07,-1.100882,,,,,,,,,,,,,,,,,,ACL_data,,2026-10-01
Stoch_Overbought,Stoch_Overbought,single,40,mean_rev,Bearish,0.641,0.02361,-0.10634,-0.023039,-0.388619,0.596,0.02434,-0.00347,0.5641,1.266,0.1091,-0.019507,38.0,-0.04617,-0.0148,0.0074,-1.443166,0.6667,0.02907,-0.10958,-0.01715,-0.286836,0.784,0.01687,-0.00779,0.6154,1.635,0.1094,-0.008466,38.0,-0.04274,-0.00559,0.01298,-1.065186,0.7949,0.04433,-0.17991,-0.001671,0.062257,1.263,0.00199,-0.0431,0.7179,1.934,0.0781,0.011716,38.0,-0.01146,0.02307,0.04886,0.292073,-0.013953,-0.204399,0.7009,0.881,0.8462,-0.642275,7,0.292073,-0.01812,0.6325,0.1094,0,1,-0.005419,-0.01146,0.02307,0.04886,0.63643,0,,,,,,,,,,,,,,,,,,,,,,,,,,,,,,,,,,,,,,,,,,,,,,,,,,,,,,,,,,,,,,,,,,,,,,,,,,,,,,,,,,,,,,ACL_data,,2026-10-01
EMA_Bearish_State + CDL_GravestoneDoji,EMA_Bearish_State + CDL_GravestoneDoji,combo_2,18,momentum,Bearish,,,,,,,,,,,,,,,,,,0.7778,0.0135,-0.08736,-0.008915,-0.19519,1.392,0.00852,-0.0068,0.5556,1.783,0.3907,-0.007367,18.0,-0.00259,0.01424,0.01599,-0.800292,,,,,,,,,,,,,,,,,,-0.000863,-0.170609,0.7407,1.442,0.9444,-0.684137,10,0.214354,-0.02161,0.5556,0.3907,0,1,0.002953,-0.00259,0.01451,0.04565,0.70152,0,0.7222,0.05928,-0.11835,0.009937,0.047391,1.536,-0.00948,-0.02866,0.5556,2.521,0.1965,0.013064,18.0,-0.00259,0.01451,0.04565,0.214354,0.7222,0.0369,-0.10893,-0.00361,-0.364028,1.397,0.00393,-0.02938,0.5556,3.088,0.1919,0.003161,18.0,-0.00259,0.01451,0.05678,-1.49776,,,,,,,,,,,,,,,,,,,,,,,,,,,,,,,,,,,,,,,,,,,,,,,,,,,,ACL_data,,2026-10-01
Stoch_Overbought + CMF_Negative,Stoch_Overbought + CMF_Negative,combo_2,18,momentum,Bearish,,,,,,,,,,,,,,,,,,0.7222,0.02076,-0.1053,-0.014259,-0.217529,0.903,0.01527,-0.01983,0.6667,1.602,0.2221,-0.014005,18.0,-0.01016,0.00941,0.01822,-0.640502,,,,,,,,,,,,,,,,,,-0.015505,-0.226179,0.7407,1.102,0.9444,-0.692824,10,-0.507606,-0.02053,0.6667,0.2221,0,1,-0.015412,0.00494,0.02535,0.04629,0.78943,0,0.7778,0.01858,-0.10803,-0.009559,-0.120113,1.435,0.0143,-0.03598,0.7222,2.265,0.1325,-0.009364,18.0,0.00494,0.02535,0.04629,-0.507606,0.7222,0.0261,-0.14957,-0.022698,-0.340894,0.966,0.02377,-0.00578,0.6111,2.774,0.2216,-0.022865,18.0,0.00494,0.02998,0.05766,-1.003742,,,,,,,,,,,,,,,,,,,,,,,,,,,,,,,,,,,,,,,,,,,,,,,,,,,,ACL_data,,2026-10-01
Stoch_Overbought + CDL_HangingMan,Stoch_Overbought + CDL_HangingMan,combo_2,16,mean_rev,Bearish,0.625,0.02072,-0.09756,-0.023639,-0.540997,0.881,0.02362,0.00156,0.5,1.209,0.1699,-0.015413,16.0,-0.02555,0.00155,0.00766,-1.532761,0.625,0.05053,-0.0989,-0.005508,-0.155388,1.132,0.00725,0.00835,0.4375,1.561,0.196,0.005191,16.0,-0.02555,0.00155,0.00766,-0.498226,0.75,0.04381,-0.13181,-9.3e-05,-0.066536,1.557,0.00294,-0.02459,0.625,1.847,0.2517,0.005868,16.0,-0.02283,0.00238,0.03693,-0.29354,-0.009747,-0.254307,0.6667,1.19,0.875,-0.750109,7,-0.29354,-0.00489,0.5208,0.2517,0,1,-0.001451,-0.02283,0.00238,0.03693,0.80491,0,,,,,,,,,,,,,,,,,,,,,,,,,,,,,,,,,,,,,,,,,,,,,,,,,,,,,,,,,,,,,,,,,,,,,,,,,,,,,,,,,,,,,,ACL_data,,2026-10-01
Price_Below_SMA20 + CMF_Strong_Bear,Price_Below_SMA20 + CMF_Strong_Bear,combo_2,52,momentum,Bearish,,,,,,,,,,,,,,,,,,0.7308,0.02359,-0.07853,-0.003903,-0.130463,1.107,0.00471,-0.00179,0.5577,1.565,0.1846,-0.000392,52.0,0.00195,0.00993,0.01665,-0.573158,,,,,,,,,,,,,,,,,,-0.008785,-0.193094,0.7179,1.102,0.9615,-0.812203,5,-0.573158,-0.00159,0.5769,0.1846,0,1,-0.0036,0.00195,0.00993,0.01665,0.91066,0,0.6923,0.01203,-0.0695,-0.013053,-0.277899,1.148,0.01629,-0.00021,0.5769,2.213,0.1363,-0.005886,52.0,0.00507,0.01049,0.02361,-1.267044,0.7308,0.02587,-0.10514,-0.0094,-0.17092,1.051,0.01228,-0.00278,0.5962,2.711,0.1012,-0.004521,52.0,0.00507,0.01459,0.03226,-0.712889,,,,,,,,,,,,,,,,,,,,,,,,,,,,,,,,,,,,,,,,,,,,,,,,,,,,ACL_data,,2026-10-01
CMF_Strong_Bear + VWAP_Bear,CMF_Strong_Bear + VWAP_Bear,combo_2,31,momentum,Bearish,,,,,,,,,,,,,,,,,,0.6774,0.03202,-0.07576,-0.00275,-0.112688,0.997,0.00261,0.00104,0.5161,1.679,0.2723,0.00361,31.0,0.00171,0.00935,0.01564,-0.390548,,,,,,,,,,,,,,,,,,-0.009408,-0.270505,0.6882,0.995,0.9677,-0.907256,5,-0.390548,-0.00396,0.6022,0.2723,0,1,-0.003494,0.00171,0.00935,0.01564,0.96446,0,0.6774,0.01952,-0.09865,-0.018602,-0.460279,0.892,0.02261,-0.00197,0.6452,2.374,0.2076,-0.013036,31.0,0.00901,0.0099,0.02903,-1.595207,0.7097,0.04099,-0.12385,-0.006871,-0.238547,1.096,0.00907,-0.01095,0.6452,2.908,0.1805,-0.001056,31.0,0.00901,0.0118,0.02912,-0.906277,,,,,,,,,,,,,,,,,,,,,,,,,,,,,,,,,,,,,,,,,,,,,,,,,,,,ACL_data,,2026-10-01
CMF_Negative + CDL_Engulfing_Bear,CMF_Negative + CDL_Engulfing_Bear,combo_2,48,momentum,Bearish,,,,,,,,,,,,,,,,,,0.7708,0.00961,-0.05272,-0.004671,-0.097371,1.558,0.00327,0.00312,0.5,1.633,0.2213,-0.001537,48.0,0.00226,0.01351,0.01805,-0.590401,,,,,,,,,,,,,,,,,,-0.009207,-0.176349,0.75,1.503,0.9583,-0.988383,5,-0.590401,0.00032,0.5694,0.2213,0,1,-0.004338,0.00226,0.01351,0.01805,0.73952,0,0.7292,0.01332,-0.0513,-0.004184,-0.107978,1.732,0.00746,-0.01287,0.625,2.309,0.1008,0.001538,48.0,0.00665,0.01543,0.03249,-0.72777,0.75,0.0015,-0.07955,-0.018766,-0.323698,1.218,0.02693,0.01071,0.5833,2.828,0.1077,-0.013016,48.0,0.00665,0.0238,0.048,-1.534894,,,,,,,,,,,,,,,,,,,,,,,,,,,,,,,,,,,,,,,,,,,,,,,,,,,,ACL_data,,2026-10-01
MACD_Hist_Negative + CMF_Strong_Bear,MACD_Hist_Negative + CMF_Strong_Bear,combo_2,35,momentum,Bearish,,,,,,,,,,,,,,,,,,0.6857,0.02787,-0.07108,-0.003231,-0.018912,1.055,0.0021,0.0,0.6,1.665,0.2396,-0.005221,34.0,0.00078,0.00895,0.01656,-0.071479,,,,,,,,,,,,,,,,,,-0.017546,-0.304668,0.7143,0.948,0.9143,-0.998201,5,-0.071479,-0.00735,0.6286,0.2396,0,1,-0.01562,0.00078,0.00895,0.01656,0.86685,0,0.6857,-0.00424,-0.08615,-0.029981,-0.563543,0.84,0.03209,0.00427,0.6286,2.355,0.2177,-0.023974,34.0,0.001,0.01178,0.02877,-2.019468,0.7714,0.02809,-0.17978,-0.019427,-0.331548,0.949,0.02217,-0.0263,0.6571,2.885,0.1174,-0.017665,34.0,0.001,0.02541,0.04607,-1.188107,,,,,,,,,,,,,,,,,,,,,,,,,,,,,,,,,,,,,,,,,,,,,,,,,,,,ACL_data,,2026-10-01
MACD_Bearish_State + CMF_Strong_Bear,MACD_Bearish_State + CMF_Strong_Bear,combo_2,35,momentum,Bearish,,,,,,,,,,,,,,,,,,0.6857,0.02787,-0.07108,-0.003231,-0.018912,1.055,0.0021,0.0,0.6,1.665,0.2396,-0.005221,34.0,0.00078,0.00895,0.01656,-0.071479,,,,,,,,,,,,,,,,,,-0.017546,-0.304668,0.7143,0.948,0.9143,-0.998201,5,-0.071479,-0.00735,0.6286,0.2396,0,1,-0.01562,0.00078,0.00895,0.01656,0.86685,0,0.6857,-0.00424,-0.08615,-0.029981,-0.563543,0.84,0.03209,0.00427,0.6286,2.355,0.2177,-0.023974,34.0,0.001,0.01178,0.02877,-2.019468,0.7714,0.02809,-0.17978,-0.019427,-0.331548,0.949,0.02217,-0.0263,0.6571,2.885,0.1174,-0.017665,34.0,0.001,0.02541,0.04607,-1.188107,,,,,,,,,,,,,,,,,,,,,,,,,,,,,,,,,,,,,,,,,,,,,,,,,,,,ACL_data,,2026-10-01
EMA_Bearish_State + CMF_Strong_Bear,EMA_Bearish_State + CMF_Strong_Bear,combo_2,24,momentum,Bearish,,,,,,,,,,,,,,,,,,0.7083,0.03296,-0.09709,-0.004972,-0.156252,0.937,0.00381,0.00213,0.5417,1.688,0.313,-0.005001,24.0,0.00062,0.00964,0.01608,-0.502957,,,,,,,,,,,,,,,,,,-0.012837,-0.341581,0.75,0.954,0.9167,-1.007883,5,-0.502957,-0.00922,0.6389,0.313,0,1,-0.009552,0.00062,0.00964,0.01608,0.77896,0,0.75,0.01779,-0.13564,-0.020565,-0.499623,0.927,0.02376,-0.0147,0.6667,2.387,0.2333,-0.015531,24.0,0.00398,0.01738,0.02912,-1.608226,0.7917,0.03891,-0.21014,-0.012973,-0.368869,0.999,0.01469,-0.01511,0.7083,2.923,0.2084,-0.008125,24.0,0.00398,0.02667,0.03154,-1.187343,,,,,,,,,,,,,,,,,,,,,,,,,,,,,,,,,,,,,,,,,,,,,,,,,,,,ACL_data,,2026-10-01
Stoch_Overbought + CCI_Overbought,Stoch_Overbought + CCI_Overbought,combo_2,27,mean_rev,Bearish,0.6667,0.01427,-0.10394,-0.025136,-0.485943,0.572,0.02647,0.00288,0.6296,1.204,0.1663,-0.021021,26.0,-0.03306,0.00624,0.01199,-1.619261,0.7037,0.02737,-0.13826,-0.021707,-0.42143,0.732,0.02096,-0.0198,0.6667,1.554,0.171,-0.013431,26.0,-0.03046,0.00723,0.02393,-1.404292,0.8148,0.04113,-0.23682,-0.010337,-0.173588,1.021,0.00916,-0.04296,0.7407,1.839,0.1756,0.003021,26.0,-0.0148,0.02684,0.04969,-0.590537,-0.01906,-0.36032,0.7284,0.775,0.8519,-1.022785,7,-0.590537,-0.01996,0.679,0.1756,0,1,-0.010477,-0.0148,0.02684,0.04969,0.54782,0,,,,,,,,,,,,,,,,,,,,,,,,,,,,,,,,,,,,,,,,,,,,,,,,,,,,,,,,,,,,,,,,,,,,,,,,,,,,,,,,,,,,,,ACL_data,,2026-10-01
CMF_Negative + CMF_Strong_Bear,CMF_Negative + CMF_Strong_Bear,combo_2,31,momentum,Bearish,,,,,,,,,,,,,,,,,,0.6774,0.0242,-0.07576,-0.00805,-0.169932,0.781,0.00688,0.00104,0.5806,1.658,0.3269,-0.003435,31.0,0.00171,0.00935,0.01564,-0.58894,,,,,,,,,,,,,,,,,,-0.014402,-0.326545,0.6882,0.832,0.9677,-1.095213,5,-0.58894,-0.00185,0.6129,0.3269,0,1,-0.008684,0.00171,0.00935,0.01564,0.96446,0,0.6774,0.01248,-0.09865,-0.023367,-0.510009,0.742,0.02659,-0.00197,0.6452,2.345,0.2385,-0.015502,31.0,0.00901,0.0099,0.02903,-1.767556,0.7097,0.03406,-0.12385,-0.011789,-0.299695,0.974,0.01353,-0.00463,0.6129,2.872,0.2,-0.007113,31.0,0.00901,0.0118,0.02912,-1.038665,,,,,,,,,,,,,,,,,,,,,,,,,,,,,,,,,,,,,,,,,,,,,,,,,,,,ACL_data,,2026-10-01
CMF_Strong_Bear,CMF_Strong_Bear,single,31,momentum,Bearish,,,,,,,,,,,,,,,,,,0.6774,0.0242,-0.07576,-0.00805,-0.169932,0.781,0.00688,0.00104,0.5806,1.658,0.3269,-0.003435,31.0,0.00171,0.00935,0.01564,-0.58894,,,,,,,,,,,,,,,,,,-0.014402,-0.326545,0.6882,0.832,0.9677,-1.095213,5,-0.58894,-0.00185,0.6129,0.3269,0,1,-0.008684,0.00171,0.00935,0.01564,0.96446,0,0.6774,0.01248,-0.09865,-0.023367,-0.510009,0.742,0.02659,-0.00197,0.6452,2.345,0.2385,-0.015502,31.0,0.00901,0.0099,0.02903,-1.767556,0.7097,0.03406,-0.12385,-0.011789,-0.299695,0.974,0.01353,-0.00463,0.6129,2.872,0.2,-0.007113,31.0,0.00901,0.0118,0.02912,-1.038665,,,,,,,,,,,,,,,,,,,,,,,,,,,,,,,,,,,,,,,,,,,,,,,,,,,,ACL_data,,2026-10-01
EMA_Bearish_State + BB_Expansion_Bear,EMA_Bearish_State + BB_Expansion_Bear,combo_2,18,momentum,Bearish,,,,,,,,,,,,,,,,,,0.6471,0.04848,-0.06086,0.009885,0.019006,1.688,-0.00836,0.00604,0.2941,1.74,0.3519,0.017021,17.0,-9e-05,0.00169,0.01137,0.094458,,,,,,,,,,,,,,,,,,-0.021324,-0.44788,0.5907,0.931,0.9154,-1.207243,5,0.094458,-0.0025,0.5772,0.3519,0,1,-0.009002,-9e-05,0.00169,0.01137,0.95947,0,0.5625,0.00042,-0.09018,-0.039215,-0.696885,0.498,0.04051,0.00495,0.75,2.453,0.3485,-0.026955,16.0,0.00057,0.00391,0.01713,-2.051934,0.5625,0.02284,-0.10855,-0.034642,-0.665762,0.608,0.04089,-0.0185,0.6875,3.004,0.3011,-0.017072,16.0,0.00252,0.00935,0.0182,-1.960294,,,,,,,,,,,,,,,,,,,,,,,,,,,,,,,,,,,,,,,,,,,,,,,,,,,,ACL_data,,2026-10-01
Price_Below_EMA200 + CCI_Overbought,Price_Below_EMA200 + CCI_Overbought,combo_2,17,trend,Bearish,,,,,,,,,,,,,,,,,,,,,,,,,,,,,,,,,,,,,,,,,,,,,,,,,,,,-0.010474,-0.25412,0.7757,1.902,0.9375,-1.309942,10,4.265417,0.00278,0.5098,0.3067,0,1,-0.014759,0.00443,0.01545,0.05255,0.73962,0,0.7647,0.06255,-0.10159,0.023925,0.642624,2.296,-0.024,-0.03917,0.5294,2.101,0.2083,0.014863,17.0,0.00443,0.01545,0.05255,4.265417,,,,,,,,,,,,,,,,,,0.75,0.05312,-0.11492,0.011109,0.366153,1.704,-0.01061,-0.00887,0.5,2.946,0.2532,0.008244,16.0,0.00836,0.02912,0.06996,1.803421,0.8125,-0.04759,-0.1482,-0.066455,-1.771139,1.707,0.06623,0.05637,0.5,3.608,0.3067,-0.067384,16.0,0.01691,0.04315,0.07218,-8.736253,,,,,,,,,,,,,,,,,,ACL_data,,2026-10-01
EMA_Bearish_State + VWAP_Bear,EMA_Bearish_State + VWAP_Bear,combo_2,14,momentum,Bearish,,,,,,,,,,,,,,,,,,0.8571,0.02287,-0.08709,0.007159,0.060509,2.68,-0.00769,-0.01838,0.5714,1.871,0.3223,0.011306,14.0,0.0064,0.0233,0.03162,0.439222,,,,,,,,,,,,,,,,,,-0.008983,-0.319161,0.881,1.81,0.9286,-1.452961,5,0.439222,-0.02822,0.7619,0.3223,0,1,-0.001961,0.0064,0.0233,0.03162,0.27492,0,0.8571,0.0187,-0.18101,-0.009831,-0.397447,1.74,0.01087,-0.03383,0.8571,2.645,0.1903,-0.001331,14.0,0.02197,0.0272,0.03202,-1.873122,0.9286,0.01578,-0.545,-0.024275,-0.620544,1.01,0.02855,-0.03246,0.8571,3.24,0.2283,-0.015858,14.0,0.02584,0.03509,0.04372,-1.697916,,,,,,,,,,,,,,,,,,,,,,,,,,,,,,,,,,,,,,,,,,,,,,,,,,,,ACL_data,,2026-10-01
BB_Upper_Touch + Williams_Overbought,BB_Upper_Touch + Williams_Overbought,combo_2,23,mean_rev,Bearish,0.6522,0.02771,-0.10661,-0.019007,-0.35359,0.603,0.0195,-0.0155,0.6087,1.17,0.1641,-0.020726,23.0,-0.03784,0.0045,0.008,-1.123728,0.7391,0.01935,-0.1674,-0.02937,-0.648631,0.652,0.02965,-0.01918,0.6087,1.511,0.1741,-0.031539,23.0,-0.03613,0.0045,0.02761,-2.061383,0.7826,0.02928,-0.23253,-0.027636,-0.600792,0.753,0.02772,-0.0511,0.6957,1.788,0.1442,-0.029114,23.0,-0.01899,0.01063,0.03599,-1.909351,-0.025338,-0.534338,0.7246,0.669,0.8696,-1.476655,3,-1.123728,-0.02859,0.6377,0.1741,0,1,-0.027127,-0.03784,0.0045,0.008,0.70372,0,,,,,,,,,,,,,,,,,,,,,,,,,,,,,,,,,,,,,,,,,,,,,,,,,,,,,,,,,,,,,,,,,,,,,,,,,,,,,,,,,,,,,,ACL_data,,2026-10-01
CCI_Overbought,CCI_Overbought,single,37,mean_rev,Bearish,0.5946,0.01877,-0.07404,-0.018859,-0.342073,0.641,0.01953,0.00662,0.5946,1.19,0.1351,-0.022594,37.0,-0.03262,-0.00015,0.00487,-1.244322,0.6757,0.01431,-0.12227,-0.029989,-0.580991,0.611,0.03035,-0.00855,0.6216,1.537,0.1547,-0.032539,37.0,-0.03187,0.00407,0.00776,-2.113405,0.7027,0.019,-0.14392,-0.029432,-0.555046,0.768,0.02949,-0.00951,0.5946,1.818,0.1758,-0.034354,37.0,-0.01063,0.00474,0.02365,-2.019028,-0.026093,-0.492704,0.6577,0.673,0.8919,-1.598495,3,-1.244322,-0.00381,0.6036,0.1758,0,1,-0.029829,-0.03262,-0.00015,0.00487,0.95395,0,,,,,,,,,,,,,,,,,,,,,,,,,,,,,,,,,,,,,,,,,,,,,,,,,,,,,,,,,,,,,,,,,,,,,,,,,,,,,,,,,,,,,,ACL_data,,2026-10-01
BB_Upper_Touch + Stoch_Overbought,BB_Upper_Touch + Stoch_Overbought,combo_2,17,mean_rev,Bearish,0.6471,0.02928,-0.12074,-0.023666,-0.467401,0.529,0.02343,-0.0153,0.5882,1.177,0.2156,-0.018172,16.0,-0.04722,-0.01868,0.00758,-1.350964,0.7059,0.02537,-0.18359,-0.036086,-0.765281,0.607,0.03605,-0.02471,0.5882,1.52,0.1834,-0.026847,16.0,-0.04333,-0.01868,0.02773,-2.211947,0.7647,0.04026,-0.26636,-0.031889,-0.65677,0.713,0.0315,-0.0511,0.7059,1.798,0.1838,-0.01024,16.0,-0.03483,0.01128,0.04584,-1.898309,-0.030547,-0.629817,0.7059,0.617,0.8824,-1.606241,3,-1.350964,-0.03037,0.6275,0.2156,0,1,-0.01842,-0.04722,-0.01868,0.00758,0.76551,0,,,,,,,,,,,,,,,,,,,,,,,,,,,,,,,,,,,,,,,,,,,,,,,,,,,,,,,,,,,,,,,,,,,,,,,,,,,,,,,,,,,,,,ACL_data,,2026-10-01
Williams_Overbought + CDL_HangingMan,Williams_Overbought + CDL_HangingMan,combo_2,16,mean_rev,Bearish,0.625,0.0007,-0.09697,-0.035925,-0.755069,0.806,0.03585,0.04559,0.4375,1.206,0.1867,-0.033198,16.0,-0.02555,0.00155,0.00766,-2.13927,0.625,0.01036,-0.1048,-0.032825,-0.661968,0.857,0.03261,0.02702,0.5,1.557,0.2169,-0.027254,16.0,-0.02555,0.00155,0.00766,-1.875495,0.75,0.00653,-0.10873,-0.022284,-0.505375,1.427,0.02438,-0.01414,0.6875,1.842,0.2249,-0.018532,16.0,-0.02283,0.00238,0.03615,-2.04268,-0.030345,-0.640804,0.6667,1.03,0.875,-1.636107,5,-1.875495,0.01949,0.5417,0.2249,0,1,-0.026328,-0.02555,0.00155,0.00766,0.80491,0,,,,,,,,,,,,,,,,,,,,,,,,,,,,,,,,,,,,,,,,,,,,,,,,,,,,,,,,,,,,,,,,,,,,,,,,,,,,,,,,,,,,,,ACL_data,,2026-10-01
Williams_Overbought,Williams_Overbought,single,41,mean_rev,Bearish,0.625,0.01404,-0.0753,-0.019463,-0.334812,0.701,0.02062,0.00494,0.575,1.232,0.1604,-0.018626,40.0,-0.02501,0.00238,0.00832,-1.251418,0.675,0.00898,-0.13045,-0.036338,-0.71261,0.646,0.03714,0.00214,0.625,1.59,0.1817,-0.033006,40.0,-0.02501,0.00386,0.01343,-2.663502,0.725,0.02105,-0.14013,-0.023276,-0.460033,0.941,0.02545,-0.00765,0.65,1.881,0.1509,-0.022289,40.0,-0.00034,0.00776,0.02161,-1.719452,-0.026359,-0.502485,0.675,0.763,0.9,-1.690311,3,-1.251418,-0.00019,0.6167,0.1817,0,1,-0.02464,-0.02501,0.00238,0.00832,0.9207,0,,,,,,,,,,,,,,,,,,,,,,,,,,,,,,,,,,,,,,,,,,,,,,,,,,,,,,,,,,,,,,,,,,,,,,,,,,,,,,,,,,,,,,ACL_data,,2026-10-01
BB_Upper_Touch,BB_Upper_Touch,single,24,mean_rev,Bearish,0.625,0.02678,-0.10153,-0.021339,-0.433653,0.563,0.02183,0.00144,0.5833,1.17,0.1641,-0.023772,24.0,-0.03621,0.00214,0.00766,-1.395875,0.7083,0.02328,-0.15849,-0.029737,-0.644515,0.596,0.03002,-0.00959,0.625,1.511,0.1724,-0.031946,24.0,-0.03471,0.00214,0.00992,-2.074614,0.7083,0.03016,-0.18712,-0.033217,-0.69518,0.686,0.0333,-0.04547,0.6667,1.787,0.1403,-0.034311,24.0,-0.01765,0.00464,0.02231,-2.237699,-0.028097,-0.591116,0.6806,0.615,0.9167,-1.744168,3,-1.395875,-0.01787,0.625,0.1724,0,1,-0.030009,-0.03621,0.00214,0.00766,0.90511,0,,,,,,,,,,,,,,,,,,,,,,,,,,,,,,,,,,,,,,,,,,,,,,,,,,,,,,,,,,,,,,,,,,,,,,,,,,,,,,,,,,,,,,ACL_data,,2026-10-01
BB_Upper_Touch + CCI_Overbought,BB_Upper_Touch + CCI_Overbought,combo_2,24,mean_rev,Bearish,0.625,0.02678,-0.10153,-0.021339,-0.433653,0.563,0.02183,0.00144,0.5833,1.17,0.1641,-0.023772,24.0,-0.03621,0.00214,0.00766,-1.395875,0.7083,0.02328,-0.15849,-0.029737,-0.644515,0.596,0.03002,-0.00959,0.625,1.511,0.1724,-0.031946,24.0,-0.03471,0.00214,0.00992,-2.074614,0.7083,0.03016,-0.18712,-0.033217,-0.69518,0.686,0.0333,-0.04547,0.6667,1.787,0.1403,-0.034311,24.0,-0.01765,0.00464,0.02231,-2.237699,-0.028097,-0.591116,0.6806,0.615,0.9167,-1.744168,3,-1.395875,-0.01787,0.625,0.1724,0,1,-0.030009,-0.03621,0.00214,0.00766,0.90511,0,,,,,,,,,,,,,,,,,,,,,,,,,,,,,,,,,,,,,,,,,,,,,,,,,,,,,,,,,,,,,,,,,,,,,,,,,,,,,,,,,,,,,,ACL_data,,2026-10-01
CCI_Overbought + Williams_Overbought,CCI_Overbought + Williams_Overbought,combo_2,32,mean_rev,Bearish,0.5625,0.01159,-0.07981,-0.028399,-0.532397,0.481,0.0289,0.00999,0.5625,1.215,0.156,-0.03014,32.0,-0.03968,-0.00182,0.00583,-1.861531,0.6875,0.00932,-0.13914,-0.037078,-0.767434,0.599,0.03748,-0.00662,0.5938,1.569,0.1673,-0.03733,32.0,-0.03799,0.00275,0.01169,-2.683339,0.7188,0.01651,-0.15042,-0.030439,-0.633194,0.719,0.02964,-0.00907,0.6562,1.856,0.2131,-0.032255,32.0,-0.02208,0.00562,0.02184,-2.213967,-0.031972,-0.644342,0.6562,0.6,0.8438,-1.900923,3,-1.861531,-0.0019,0.6042,0.2131,0,1,-0.033241,-0.03968,-0.00182,0.00583,0.91731,0,,,,,,,,,,,,,,,,,,,,,,,,,,,,,,,,,,,,,,,,,,,,,,,,,,,,,,,,,,,,,,,,,,,,,,,,,,,,,,,,,,,,,,ACL_data,,2026-10-01
CDL_HangingMan,CDL_HangingMan,single,36,candle,Bearish,0.6111,0.02128,-0.12024,-0.033755,-0.632822,0.553,0.03368,-0.00149,0.5278,1.304,0.0941,-0.028304,35.0,-0.04583,-0.01215,0.00078,-2.285069,0.6111,0.03842,-0.14034,-0.031099,-0.576457,0.652,0.03055,-0.00068,0.5833,1.684,0.1258,-0.022745,35.0,-0.04583,-0.00148,0.00197,-2.08154,,,,,,,,,,,,,,,,,,-0.030239,-0.560031,0.6111,0.584,1.0,-2.022227,2,-1.700071,0.00055,0.5463,0.153,0,1,-0.0244,-0.04583,-0.01215,0.0,0.97744,0,,,,,,,,,,,,,,,,,,,,,,,,,,,,,,,,,,,,,,,,,,,,,,,,,,,,,,,,,,,,,,,,,,,,,0.6111,0.00988,-0.08203,-0.025864,-0.470814,0.549,0.02582,0.00383,0.5278,1.065,0.153,-0.02215,35.0,-0.04583,-0.01215,0.0,-1.700071,ACL_data,,2026-10-01
CCI_Overbought + CDL_HangingMan,CCI_Overbought + CDL_HangingMan,combo_2,13,mean_rev,Bearish,0.7692,0.00073,-0.1113,-0.025124,-0.609051,1.406,0.02505,-0.04082,0.5385,1.148,0.1867,-0.022651,13.0,0.00383,0.02566,0.04567,-2.259486,0.7692,0.01043,-0.1319,-0.022416,-0.522966,1.364,0.0222,0.00558,0.5385,1.483,0.2169,-0.017661,13.0,0.00383,0.02566,0.04567,-1.882496,0.8462,0.00669,-0.18579,-0.022919,-0.559433,1.657,0.02498,-0.02757,0.6923,1.754,0.2273,-0.019323,13.0,0.00675,0.03443,0.04567,-2.446471,-0.023486,-0.563817,0.7949,1.476,0.9231,-2.026726,5,-1.882496,-0.02094,0.5897,0.2273,0,1,-0.019878,0.00383,0.02566,0.04567,0.50776,0,,,,,,,,,,,,,,,,,,,,,,,,,,,,,,,,,,,,,,,,,,,,,,,,,,,,,,,,,,,,,,,,,,,,,,,,,,,,,,,,,,,,,,ACL_data,,2026-10-01
MACD_Hist_Falling + BB_Upper_Reject,MACD_Hist_Falling + BB_Upper_Reject,combo_2,16,momentum,Bearish,,,,,,,,,,,,,,,,,,0.875,0.0172,-0.04307,0.009666,0.191406,7.475,-0.01084,-0.02797,0.625,1.647,0.3214,0.01112,16.0,0.01454,0.04738,0.04936,4.053528,,,,,,,,,,,,,,,,,,-0.033273,-0.567329,0.8722,3.028,0.9917,-4.827282,5,4.053528,-0.02211,0.6806,0.3657,0,1,-0.028493,0.01454,0.04738,0.04936,0.33519,0,0.875,0.04218,-0.40217,-0.013365,-0.139406,1.216,0.0097,-0.05015,0.75,2.33,0.3657,-0.005052,16.0,0.03681,0.07115,0.07728,-0.480156,0.8667,0.00796,-0.7726,-0.096119,-1.753987,0.395,0.09782,0.01178,0.6667,2.869,0.2086,-0.091547,15.0,0.03417,0.07014,0.08615,-4.96942,,,,,,,,,,,,,,,,,,,,,,,,,,,,,,,,,,,,,,,,,,,,,,,,,,,,ACL_data,,2026-10-01
