SignalName,Components,Type,Count,HorizonClass,Direction,WinRate_MFE_5D,AvgWin_5D,AvgLoss_5D,EV_5D,EV_ATR_5D,ProfitFactor_5D,AvgReturn_Close_5D,MedianReturn_Close_5D,WinRate_HitEV_5D,AvgMinMovePct_5D,Top1_Trade_Share_5D,EV_Excess_5D,ExcessDataCount_5D,MFE_Target_P10_5D,MFE_Target_P20_5D,MFE_Target_P30_5D,CompositeScore_5D,WinRate_MFE_10D,AvgWin_10D,AvgLoss_10D,EV_10D,EV_ATR_10D,ProfitFactor_10D,AvgReturn_Close_10D,MedianReturn_Close_10D,WinRate_HitEV_10D,AvgMinMovePct_10D,Top1_Trade_Share_10D,EV_Excess_10D,ExcessDataCount_10D,MFE_Target_P10_10D,MFE_Target_P20_10D,MFE_Target_P30_10D,CompositeScore_10D,WinRate_MFE_15D,AvgWin_15D,AvgLoss_15D,EV_15D,EV_ATR_15D,ProfitFactor_15D,AvgReturn_Close_15D,MedianReturn_Close_15D,WinRate_HitEV_15D,AvgMinMovePct_15D,Top1_Trade_Share_15D,EV_Excess_15D,ExcessDataCount_15D,MFE_Target_P10_15D,MFE_Target_P20_15D,MFE_Target_P30_15D,CompositeScore_15D,AvgEV,AvgEV_ATR,AvgWinRate,AvgProfitFactor,Consistency,CompositeScore,BestHorizon,BestHorizonComposite,AvgMedianReturn,AvgWinRate_HitEV,MaxTop1TradeShare,Concentration_Flag,RegimeTested_Flag,AvgEV_Excess,Target1_Conservative_BestHorizon,Target2_Median_BestHorizon,Target3_Stretch_BestHorizon,Fisher_p_min,Fisher_sig_flag,WinRate_MFE_20D,AvgWin_20D,AvgLoss_20D,EV_20D,EV_ATR_20D,ProfitFactor_20D,AvgReturn_Close_20D,MedianReturn_Close_20D,WinRate_HitEV_20D,AvgMinMovePct_20D,Top1_Trade_Share_20D,EV_Excess_20D,ExcessDataCount_20D,MFE_Target_P10_20D,MFE_Target_P20_20D,MFE_Target_P30_20D,CompositeScore_20D,WinRate_MFE_30D,AvgWin_30D,AvgLoss_30D,EV_30D,EV_ATR_30D,ProfitFactor_30D,AvgReturn_Close_30D,MedianReturn_Close_30D,WinRate_HitEV_30D,AvgMinMovePct_30D,Top1_Trade_Share_30D,EV_Excess_30D,ExcessDataCount_30D,MFE_Target_P10_30D,MFE_Target_P20_30D,MFE_Target_P30_30D,CompositeScore_30D,WinRate_MFE_3D,AvgWin_3D,AvgLoss_3D,EV_3D,EV_ATR_3D,ProfitFactor_3D,AvgReturn_Close_3D,MedianReturn_Close_3D,WinRate_HitEV_3D,AvgMinMovePct_3D,Top1_Trade_Share_3D,EV_Excess_3D,ExcessDataCount_3D,MFE_Target_P10_3D,MFE_Target_P20_3D,MFE_Target_P30_3D,CompositeScore_3D,WinRate_MFE_7D,AvgWin_7D,AvgLoss_7D,EV_7D,EV_ATR_7D,ProfitFactor_7D,AvgReturn_Close_7D,MedianReturn_Close_7D,WinRate_HitEV_7D,AvgMinMovePct_7D,Top1_Trade_Share_7D,EV_Excess_7D,ExcessDataCount_7D,MFE_Target_P10_7D,MFE_Target_P20_7D,MFE_Target_P30_7D,CompositeScore_7D,WinRate_MFE_2D,AvgWin_2D,AvgLoss_2D,EV_2D,EV_ATR_2D,ProfitFactor_2D,AvgReturn_Close_2D,MedianReturn_Close_2D,WinRate_HitEV_2D,AvgMinMovePct_2D,Top1_Trade_Share_2D,EV_Excess_2D,ExcessDataCount_2D,MFE_Target_P10_2D,MFE_Target_P20_2D,MFE_Target_P30_2D,CompositeScore_2D,Symbol,Company,ScoredThrough
Golden_Cross_State + BB_Lower_Touch,Golden_Cross_State + BB_Lower_Touch,combo_2,34,trend,Bullish,,,,,,,,,,,,,,,,,,0.9412,0.04578,-0.05186,0.04004,1.245468,16.176,0.04005,0.02452,0.3529,1.341,0.1851,0.03371,34.0,0.02444,0.02932,0.03318,44.280734,,,,,,,,,,,,,,,,,,0.057074,1.880744,0.9412,25.917,1.0,66.866994,30,88.75606,0.0467,0.402,0.1851,0,1,0.048328,0.0325,0.04694,0.0527,0.09849,1,0.9412,0.0638,-0.0417,0.057592,1.900354,26.728,0.05749,0.05791,0.5,1.896,0.1219,0.046554,34.0,0.02944,0.04225,0.04808,67.56419,0.9412,0.08075,-0.04096,0.073591,2.49641,34.845,0.07318,0.05766,0.3529,2.323,0.1293,0.064719,33.0,0.0325,0.04694,0.0527,88.75606,,,,,,,,,,,,,,,,,,,,,,,,,,,,,,,,,,,,,,,,,,,,,,,,,,,,BEL_data,,2026-09-08
RSI_Bull_Momentum + Price_Above_SMA50,RSI_Bull_Momentum + Price_Above_SMA50,combo_2,106,trend,Bullish,,,,,,,,,,,,,,,,,,0.8302,0.03802,-0.03383,0.02582,0.805955,6.789,0.02692,0.01612,0.4434,1.413,0.0682,0.021297,106.0,0.00995,0.01754,0.03435,25.566718,,,,,,,,,,,,,,,,,,0.045689,1.505262,0.8679,9.921,0.9245,64.518737,30,98.211484,0.02179,0.4182,0.0682,0,1,0.035946,0.02733,0.05148,0.06506,0.20278,0,0.8679,0.06328,-0.04979,0.048347,1.608076,9.165,0.04783,0.01828,0.3868,1.999,0.0395,0.037123,106.0,0.01514,0.03487,0.05037,68.86836,0.9057,0.0755,-0.05806,0.062901,2.101757,13.811,0.06352,0.03097,0.4245,2.448,0.0457,0.049418,106.0,0.02733,0.05148,0.06506,98.211484,,,,,,,,,,,,,,,,,,,,,,,,,,,,,,,,,,,,,,,,,,,,,,,,,,,,BEL_data,,2026-09-08
Price_Above_SMA50 + CMF_Positive,Price_Above_SMA50 + CMF_Positive,combo_2,68,trend,Bullish,,,,,,,,,,,,,,,,,,0.8529,0.02596,-0.02781,0.018052,0.61413,8.005,0.01985,0.00453,0.4265,1.372,0.1172,0.013738,67.0,0.00997,0.01773,0.02747,20.815284,,,,,,,,,,,,,,,,,,0.048945,1.616949,0.8775,10.894,0.9412,64.436096,30,106.714177,0.03412,0.4216,0.1172,0,1,0.03382,0.03289,0.05063,0.06814,0.23169,0,0.8676,0.06655,-0.05226,0.050824,1.716371,9.21,0.05025,0.03459,0.3824,1.94,0.0646,0.032134,67.0,0.01691,0.0376,0.05036,66.932297,0.9118,0.09183,-0.06536,0.077958,2.520347,15.467,0.07703,0.06323,0.4559,2.376,0.0515,0.055589,67.0,0.03289,0.05063,0.06814,106.714177,,,,,,,,,,,,,,,,,,,,,,,,,,,,,,,,,,,,,,,,,,,,,,,,,,,,BEL_data,,2026-09-08
Golden_Cross_State + CDL_Hammer,Golden_Cross_State + CDL_Hammer,combo_2,23,trend,Bullish,,,,,,,,,,,,,,,,,,0.8696,0.06334,-0.0401,0.049847,1.616046,11.003,0.05016,0.04823,0.4783,1.418,0.1506,0.045521,22.0,0.01065,0.03262,0.05216,51.35882,,,,,,,,,,,,,,,,,,0.06042,2.085209,0.8986,23.124,0.9565,63.387811,30,91.609304,0.05135,0.4493,0.1673,0,1,0.057228,0.03191,0.05744,0.09083,0.3267,0,0.913,0.06283,-0.0445,0.0535,1.757022,16.846,0.05448,0.04636,0.4783,2.006,0.1673,0.052215,22.0,0.03191,0.04403,0.07136,55.8391,0.913,0.08766,-0.0244,0.077914,2.88256,41.523,0.07905,0.05945,0.3913,2.456,0.1515,0.073947,22.0,0.03191,0.05744,0.09083,91.609304,,,,,,,,,,,,,,,,,,,,,,,,,,,,,,,,,,,,,,,,,,,,,,,,,,,,BEL_data,,2026-09-08
Price_Above_SMA50 + Stoch_Cross_Up,Price_Above_SMA50 + Stoch_Cross_Up,combo_2,114,trend,Bullish,,,,,,,,,,,,,,,,,,0.8596,0.03407,-0.04652,0.022759,0.787651,5.806,0.02343,0.01823,0.4737,1.344,0.0601,0.019774,113.0,0.00942,0.0242,0.03488,21.697532,,,,,,,,,,,,,,,,,,0.042114,1.487935,0.883,9.194,0.9474,61.496706,30,103.784023,0.03232,0.4532,0.0601,0,1,0.034003,0.02505,0.04363,0.06158,0.13155,0,0.8772,0.057,-0.05773,0.042907,1.488893,8.443,0.04252,0.03982,0.4474,1.901,0.0401,0.033405,113.0,0.01671,0.03614,0.04958,59.645831,0.9123,0.07281,-0.06556,0.060674,2.18726,13.335,0.06055,0.03891,0.4386,2.329,0.0419,0.048829,113.0,0.02505,0.04363,0.06158,103.784023,,,,,,,,,,,,,,,,,,,,,,,,,,,,,,,,,,,,,,,,,,,,,,,,,,,,BEL_data,,2026-09-08
Price_Above_SMA50 + Williams_Oversold,Price_Above_SMA50 + Williams_Oversold,combo_2,25,trend,Bullish,,,,,,,,,,,,,,,,,,0.8,0.07485,-0.02903,0.054075,1.713702,10.598,0.05432,0.02773,0.32,1.398,0.2023,0.043682,25.0,0.00679,0.03153,0.04541,55.834063,,,,,,,,,,,,,,,,,,0.067045,2.080266,0.84,9.79,0.92,61.045566,30,81.017689,0.03985,0.3733,0.2023,0,1,0.058733,0.02874,0.05049,0.06644,0.61765,0,0.84,0.08951,-0.05548,0.066313,2.040438,8.755,0.06614,0.04741,0.44,1.978,0.14,0.057868,25.0,0.00997,0.03572,0.04745,58.200251,0.88,0.10253,-0.07896,0.080747,2.486657,10.017,0.08067,0.04443,0.36,2.422,0.1565,0.074649,25.0,0.02874,0.05049,0.06644,81.017689,,,,,,,,,,,,,,,,,,,,,,,,,,,,,,,,,,,,,,,,,,,,,,,,,,,,BEL_data,,2026-09-08
Price_Above_EMA200 + BB_Lower_Touch,Price_Above_EMA200 + BB_Lower_Touch,combo_2,28,trend,Bullish,,,,,,,,,,,,,,,,,,0.9286,0.04927,-0.05186,0.04205,1.27226,14.404,0.04206,0.01992,0.3214,1.324,0.208,0.034608,28.0,0.02323,0.0269,0.03158,42.840745,,,,,,,,,,,,,,,,,,0.054764,1.770725,0.9286,20.671,1.0,59.625562,30,80.71377,0.03842,0.369,0.208,0,1,0.046111,0.02877,0.04239,0.05169,0.18983,0,0.9286,0.05753,-0.0417,0.050446,1.642926,20.224,0.05035,0.0443,0.4643,1.872,0.161,0.039977,28.0,0.02517,0.04057,0.04483,55.322169,0.9286,0.08058,-0.04248,0.071795,2.396991,27.384,0.07139,0.05103,0.3214,2.293,0.1586,0.063749,28.0,0.02877,0.04239,0.05169,80.71377,,,,,,,,,,,,,,,,,,,,,,,,,,,,,,,,,,,,,,,,,,,,,,,,,,,,BEL_data,,2026-09-08
Golden_Cross_State + Williams_Oversold,Golden_Cross_State + Williams_Oversold,combo_2,76,trend,Bullish,,,,,,,,,,,,,,,,,,0.8553,0.04354,-0.03711,0.031871,0.913759,8.016,0.03252,0.01605,0.3816,1.36,0.094,0.023991,76.0,0.0081,0.01926,0.02712,31.81754,,,,,,,,,,,,,,,,,,0.048063,1.445124,0.8816,11.545,0.9474,59.469503,30,86.32981,0.02925,0.3772,0.094,0,1,0.037737,0.02216,0.03814,0.05261,0.24396,0,0.8816,0.05997,-0.04233,0.047857,1.434188,11.515,0.04774,0.03069,0.4211,1.924,0.0605,0.037104,76.0,0.01428,0.02715,0.04183,62.298352,0.9079,0.07666,-0.05575,0.064461,1.987424,15.105,0.06391,0.04102,0.3289,2.356,0.063,0.052118,75.0,0.02216,0.03814,0.05261,86.32981,,,,,,,,,,,,,,,,,,,,,,,,,,,,,,,,,,,,,,,,,,,,,,,,,,,,BEL_data,,2026-09-08
Golden_Cross_State + CCI_Oversold,Golden_Cross_State + CCI_Oversold,combo_2,56,trend,Bullish,,,,,,,,,,,,,,,,,,0.8929,0.03618,-0.0412,0.02789,0.77579,9.026,0.02968,0.01468,0.3929,1.386,0.1268,0.022195,56.0,0.01345,0.02079,0.02713,28.309673,,,,,,,,,,,,,,,,,,0.047354,1.464986,0.8929,11.962,1.0,59.230136,30,81.689513,0.02805,0.3988,0.1268,0,1,0.036551,0.02099,0.04296,0.05588,0.2498,0,0.8929,0.06261,-0.04569,0.05101,1.598676,12.061,0.05125,0.03916,0.4286,1.96,0.079,0.039989,56.0,0.01595,0.03814,0.05588,64.63531,0.8929,0.07649,-0.04789,0.063163,2.020492,14.799,0.06374,0.03031,0.375,2.4,0.0952,0.047469,55.0,0.02099,0.04296,0.05588,81.689513,,,,,,,,,,,,,,,,,,,,,,,,,,,,,,,,,,,,,,,,,,,,,,,,,,,,BEL_data,,2026-09-08
Price_Above_SMA50 + CMF_Strong_Bull,Price_Above_SMA50 + CMF_Strong_Bull,combo_2,53,trend,Bullish,,,,,,,,,,,,,,,,,,0.9245,0.03057,-0.05524,0.024098,0.742152,10.389,0.0256,0.02209,0.4906,1.426,0.1193,0.016066,51.0,0.01555,0.02729,0.04425,29.604336,,,,,,,,,,,,,,,,,,0.047533,1.569128,0.8931,10.145,0.9434,59.049299,30,88.8147,0.04545,0.4906,0.1193,0,1,0.034276,0.03281,0.05153,0.06505,0.08483,1,0.8679,0.0694,-0.06033,0.052262,1.738732,8.84,0.05195,0.04545,0.4717,2.017,0.0749,0.039434,51.0,0.01684,0.03774,0.05352,61.312932,0.8868,0.08348,-0.06885,0.066239,2.226499,11.205,0.06615,0.06879,0.5094,2.47,0.0606,0.047328,51.0,0.03281,0.05153,0.06505,88.8147,,,,,,,,,,,,,,,,,,,,,,,,,,,,,,,,,,,,,,,,,,,,,,,,,,,,BEL_data,,2026-09-08
Price_Above_EMA200 + Williams_Oversold,Price_Above_EMA200 + Williams_Oversold,combo_2,64,trend,Bullish,,,,,,,,,,,,,,,,,,0.8594,0.04588,-0.0365,0.034293,0.984262,8.777,0.03479,0.01714,0.3594,1.383,0.1071,0.028336,64.0,0.00931,0.02,0.0282,36.060733,,,,,,,,,,,,,,,,,,0.048596,1.431938,0.875,10.538,0.9688,57.906665,30,80.170079,0.03071,0.375,0.1071,0,1,0.040326,0.01835,0.04707,0.0527,0.39743,0,0.875,0.06177,-0.04928,0.047893,1.391027,9.828,0.04778,0.03274,0.4219,1.956,0.0703,0.039179,64.0,0.01191,0.03031,0.04296,57.067652,0.8906,0.07826,-0.05575,0.063602,1.920523,13.008,0.06313,0.04227,0.3438,2.396,0.0732,0.053463,64.0,0.01835,0.04707,0.0527,80.170079,,,,,,,,,,,,,,,,,,,,,,,,,,,,,,,,,,,,,,,,,,,,,,,,,,,,BEL_data,,2026-09-08
Price_Above_SMA50 + CCI_Exit_Oversold,Price_Above_SMA50 + CCI_Exit_Oversold,combo_2,17,trend,Bullish,,,,,,,,,,,,,,,,,,0.8824,0.05981,-0.06023,0.04569,1.228603,8.514,0.04644,0.03773,0.4706,1.538,0.2533,0.040719,17.0,0.01431,0.02581,0.05184,30.233405,,,,,,,,,,,,,,,,,,0.069961,1.982085,0.8824,11.807,1.0,57.289614,30,69.949503,0.05703,0.4314,0.2533,0,1,0.056634,0.01555,0.05438,0.08191,0.52605,0,0.8824,0.10037,-0.06836,0.080515,2.297564,11.498,0.08053,0.07517,0.4118,2.175,0.1637,0.065455,17.0,0.01555,0.05438,0.08191,66.408139,0.8824,0.10227,-0.05579,0.083677,2.420087,15.409,0.08429,0.05819,0.4118,2.664,0.2112,0.063727,17.0,0.01555,0.05438,0.08191,69.949503,,,,,,,,,,,,,,,,,,,,,,,,,,,,,,,,,,,,,,,,,,,,,,,,,,,,BEL_data,,2026-09-08
Price_Above_EMA200 + CDL_Hammer,Price_Above_EMA200 + CDL_Hammer,combo_2,21,trend,Bullish,,,,,,,,,,,,,,,,,,0.8571,0.06299,-0.0401,0.04826,1.566363,9.905,0.04857,0.04455,0.4286,1.398,0.1673,0.042666,20.0,0.00951,0.03119,0.05039,47.956596,,,,,,,,,,,,,,,,,,0.054288,1.915152,0.8889,19.509,0.9524,56.379193,30,82.908474,0.04059,0.4127,0.2106,0,1,0.051562,0.03119,0.03794,0.08773,0.39042,0,0.9048,0.0531,-0.0445,0.043807,1.496875,13.356,0.04479,0.03923,0.4762,1.977,0.2106,0.042225,20.0,0.03119,0.03794,0.05334,46.269053,0.9048,0.08082,-0.0244,0.070796,2.682217,35.266,0.07192,0.038,0.3333,2.421,0.1782,0.069796,20.0,0.03119,0.03794,0.08773,82.908474,,,,,,,,,,,,,,,,,,,,,,,,,,,,,,,,,,,,,,,,,,,,,,,,,,,,BEL_data,,2026-09-08
Price_Above_SMA50 + Stoch_Bull_Zone,Price_Above_SMA50 + Stoch_Bull_Zone,combo_2,115,trend,Bullish,,,,,,,,,,,,,,,,,,0.8174,0.03556,-0.04846,0.020213,0.623903,4.17,0.02088,0.01085,0.4435,1.377,0.0611,0.016477,114.0,0.00879,0.01607,0.02906,12.368603,,,,,,,,,,,,,,,,,,0.044182,1.444142,0.858,8.436,0.9217,53.381379,30,102.597563,0.02901,0.4203,0.0611,0,1,0.033872,0.01681,0.05041,0.06197,0.2979,0,0.8609,0.06517,-0.05559,0.048372,1.550207,8.113,0.04783,0.03878,0.4087,1.947,0.0374,0.03595,114.0,0.01009,0.03061,0.04999,59.781698,0.8957,0.07807,-0.0571,0.063962,2.158317,13.026,0.06394,0.03738,0.4087,2.385,0.041,0.049187,114.0,0.01681,0.05041,0.06197,102.597563,,,,,,,,,,,,,,,,,,,,,,,,,,,,,,,,,,,,,,,,,,,,,,,,,,,,BEL_data,,2026-09-08
RSI_Bull_Momentum + Golden_Cross_State,RSI_Bull_Momentum + Golden_Cross_State,combo_2,107,trend,Bullish,,,,,,,,,,,,,,,,,,0.785,0.03244,-0.03199,0.018588,0.612088,5.034,0.02013,0.01436,0.4673,1.395,0.0747,0.017873,107.0,0.00907,0.01337,0.02528,14.426955,,,,,,,,,,,,,,,,,,0.040571,1.400456,0.8442,8.998,0.8785,51.829812,30,100.473047,0.0208,0.4237,0.0747,0,1,0.037219,0.02651,0.04872,0.06462,0.19259,0,0.8411,0.05942,-0.05174,0.041763,1.443398,6.794,0.04136,0.01636,0.3832,1.973,0.0423,0.038329,107.0,0.01375,0.0262,0.03853,45.91308,0.9065,0.07308,-0.05228,0.061362,2.145883,15.165,0.06196,0.03169,0.4206,2.416,0.0463,0.055453,107.0,0.02651,0.04872,0.06462,100.473047,,,,,,,,,,,,,,,,,,,,,,,,,,,,,,,,,,,,,,,,,,,,,,,,,,,,BEL_data,,2026-09-08
Golden_Cross_State + OBV_Trend_Bull,Golden_Cross_State + OBV_Trend_Bull,combo_2,74,trend,Bullish,,,,,,,,,,,,,,,,,,0.8243,0.04072,-0.03737,0.027001,0.965976,6.06,0.02738,0.0162,0.3919,1.336,0.0821,0.022779,74.0,0.00959,0.01606,0.02772,25.2726,,,,,,,,,,,,,,,,,,0.04112,1.540025,0.8378,8.12,0.9595,51.803858,30,98.663124,0.02066,0.4009,0.0821,0,1,0.036174,0.01613,0.0385,0.05827,0.68566,0,0.8243,0.05401,-0.04979,0.035774,1.368901,6.2,0.03573,0.01226,0.3919,1.889,0.0733,0.034076,74.0,0.01255,0.02319,0.03879,36.645363,0.8649,0.07729,-0.04633,0.060586,2.285197,12.101,0.06061,0.03353,0.4189,2.313,0.0561,0.051667,74.0,0.01613,0.0385,0.05827,98.663124,,,,,,,,,,,,,,,,,,,,,,,,,,,,,,,,,,,,,,,,,,,,,,,,,,,,BEL_data,,2026-09-08
Price_Above_SMA50 + CDL_Hammer,Price_Above_SMA50 + CDL_Hammer,combo_2,15,trend,Bullish,,,,,,,,,,,,,,,,,,0.9333,0.03742,-0.04433,0.031971,1.152309,13.511,0.03206,0.02677,0.4667,1.461,0.2144,0.027172,13.0,0.02391,0.03772,0.0481,31.948798,,,,,,,,,,,,,,,,,,0.051922,1.834364,0.9333,28.947,1.0,50.859381,30,75.451059,0.03326,0.4,0.242,0,1,0.045217,0.05554,0.09166,0.09639,0.32268,0,0.9333,0.0554,-0.03829,0.049154,1.629462,23.816,0.04938,0.03502,0.4,2.067,0.2213,0.04324,13.0,0.03625,0.05036,0.08403,45.178286,0.9333,0.0818,-0.02553,0.074642,2.721322,49.513,0.07577,0.038,0.3333,2.531,0.242,0.06524,13.0,0.05554,0.09166,0.09639,75.451059,,,,,,,,,,,,,,,,,,,,,,,,,,,,,,,,,,,,,,,,,,,,,,,,,,,,BEL_data,,2026-09-08
RSI_Bull_Momentum + Price_Above_EMA200,RSI_Bull_Momentum + Price_Above_EMA200,combo_2,106,trend,Bullish,,,,,,,,,,,,,,,,,,0.783,0.03306,-0.03199,0.018949,0.62718,4.973,0.0205,0.01516,0.4623,1.394,0.0756,0.017716,106.0,0.00903,0.01311,0.02575,14.574046,,,,,,,,,,,,,,,,,,0.040235,1.394386,0.8428,8.842,0.8774,50.544083,30,99.083426,0.02028,0.4182,0.0756,0,1,0.036993,0.02605,0.04859,0.06434,0.20278,0,0.8396,0.05914,-0.05177,0.04135,1.435563,6.7,0.04095,0.01471,0.3774,1.971,0.0428,0.038408,106.0,0.01359,0.02566,0.04229,44.943686,0.9057,0.07215,-0.05229,0.060406,2.120416,14.852,0.06101,0.03097,0.4151,2.414,0.0472,0.054854,106.0,0.02605,0.04859,0.06434,99.083426,,,,,,,,,,,,,,,,,,,,,,,,,,,,,,,,,,,,,,,,,,,,,,,,,,,,BEL_data,,2026-09-08
Price_Above_SMA50 + MACD_Zero_Cross_Up,Price_Above_SMA50 + MACD_Zero_Cross_Up,combo_2,18,trend,Bullish,,,,,,,,,,,,,,,,,,0.9444,0.03764,-0.05485,0.032499,0.949585,13.629,0.03222,0.00597,0.4444,1.446,0.2222,0.015514,18.0,0.02179,0.0316,0.04353,27.959938,,,,,,,,,,,,,,,,,,0.050963,1.694923,0.9444,23.004,1.0,49.90598,30,65.570724,0.02719,0.4259,0.2222,0,1,0.024607,0.05287,0.0619,0.06709,0.22715,0,0.9444,0.06206,-0.04063,0.05635,1.908251,27.768,0.05637,0.03694,0.3889,2.045,0.1822,0.023887,18.0,0.0432,0.05317,0.05966,56.187279,0.9444,0.07083,-0.0514,0.064039,2.226934,27.614,0.06368,0.03866,0.4444,2.505,0.1794,0.034418,18.0,0.05287,0.0619,0.06709,65.570724,,,,,,,,,,,,,,,,,,,,,,,,,,,,,,,,,,,,,,,,,,,,,,,,,,,,BEL_data,,2026-09-08
RSI_Cross50_Up + Price_Above_SMA50,RSI_Cross50_Up + Price_Above_SMA50,combo_2,56,trend,Bullish,,,,,,,,,,,,,,,,,,0.7857,0.0504,-0.03933,0.03117,0.886206,5.538,0.03131,0.01261,0.3929,1.535,0.1116,0.026453,56.0,0.00995,0.01536,0.02892,19.841902,,,,,,,,,,,,,,,,,,0.04883,1.433524,0.8512,12.827,0.8571,49.678387,30,72.607671,0.01539,0.369,0.1116,0,1,0.041453,0.03589,0.04925,0.06248,0.14956,0,0.8393,0.073,-0.03813,0.055142,1.618504,10.482,0.05375,0.01828,0.3571,2.17,0.0686,0.046572,56.0,0.01488,0.03296,0.0488,65.436933,0.9286,0.06831,-0.04552,0.060177,1.795863,22.462,0.05997,0.0153,0.3571,2.658,0.0902,0.051335,56.0,0.03589,0.04925,0.06248,72.607671,,,,,,,,,,,,,,,,,,,,,,,,,,,,,,,,,,,,,,,,,,,,,,,,,,,,BEL_data,,2026-09-08
Price_Above_SMA50 + BB_Expansion_Bull,Price_Above_SMA50 + BB_Expansion_Bull,combo_2,29,trend,Bullish,,,,,,,,,,,,,,,,,,0.931,0.02375,-0.0373,0.019541,0.620352,13.347,0.01981,0.01596,0.4828,1.428,0.1363,0.016106,29.0,0.01712,0.02275,0.03742,21.099409,,,,,,,,,,,,,,,,,,0.048116,1.599598,0.8966,9.773,0.931,49.503701,30,89.541864,0.03456,0.4713,0.1363,0,1,0.034705,0.03704,0.04854,0.07144,0.17084,0,0.8621,0.0619,-0.06836,0.043936,1.43235,6.385,0.04422,0.02039,0.4483,2.02,0.1292,0.028324,29.0,0.01712,0.04048,0.04947,31.105458,0.8966,0.10134,-0.09658,0.08087,2.74609,9.587,0.08166,0.06734,0.4828,2.474,0.1174,0.059686,29.0,0.03704,0.04854,0.07144,89.541864,,,,,,,,,,,,,,,,,,,,,,,,,,,,,,,,,,,,,,,,,,,,,,,,,,,,BEL_data,,2026-09-08
Golden_Cross_State + CMF_Positive,Golden_Cross_State + CMF_Positive,combo_2,64,trend,Bullish,,,,,,,,,,,,,,,,,,0.8906,0.01866,-0.03343,0.012961,0.467576,7.698,0.01506,0.00452,0.4062,1.302,0.1422,0.010543,64.0,0.00966,0.01851,0.0242,15.025799,,,,,,,,,,,,,,,,,,0.036666,1.296282,0.8958,9.269,0.9844,49.371155,30,89.07459,0.02605,0.4167,0.1422,0,1,0.027775,0.0224,0.04361,0.05156,0.241,0,0.8906,0.04693,-0.0618,0.035042,1.287435,7.541,0.03465,0.02737,0.4062,1.841,0.0856,0.023935,64.0,0.01807,0.0346,0.04431,40.528475,0.9062,0.07507,-0.06443,0.061994,2.133836,12.567,0.06094,0.04624,0.4375,2.255,0.0643,0.048846,64.0,0.0224,0.04361,0.05156,89.07459,,,,,,,,,,,,,,,,,,,,,,,,,,,,,,,,,,,,,,,,,,,,,,,,,,,,BEL_data,,2026-09-08
Price_Above_EMA200 + BB_Expansion_Bull,Price_Above_EMA200 + BB_Expansion_Bull,combo_2,27,trend,Bullish,,,,,,,,,,,,,,,,,,0.9259,0.01973,-0.03747,0.015493,0.530879,11.309,0.0155,0.00376,0.4815,1.404,0.1342,0.011016,27.0,0.0167,0.02214,0.03125,17.689965,,,,,,,,,,,,,,,,,,0.050057,1.74627,0.8889,9.095,0.9259,49.001473,30,107.433952,0.04186,0.4815,0.1372,0,1,0.035964,0.03593,0.04749,0.06721,0.21057,0,0.8519,0.06287,-0.06866,0.043381,1.480006,5.987,0.04366,0.01673,0.4444,1.985,0.1372,0.026734,27.0,0.0167,0.03631,0.0467,29.525273,0.8889,0.1148,-0.09671,0.091298,3.227924,9.988,0.09208,0.10507,0.5185,2.432,0.1127,0.070144,27.0,0.03593,0.04749,0.06721,107.433952,,,,,,,,,,,,,,,,,,,,,,,,,,,,,,,,,,,,,,,,,,,,,,,,,,,,BEL_data,,2026-09-08
Golden_Cross_State + BB_Expansion_Bull,Golden_Cross_State + BB_Expansion_Bull,combo_2,27,trend,Bullish,,,,,,,,,,,,,,,,,,0.9259,0.01973,-0.03747,0.015493,0.530879,11.309,0.0155,0.00376,0.4815,1.404,0.1342,0.011016,27.0,0.0167,0.02214,0.03125,17.689965,,,,,,,,,,,,,,,,,,0.050057,1.74627,0.8889,9.095,0.9259,49.001473,30,107.433952,0.04186,0.4815,0.1372,0,1,0.035964,0.03593,0.04749,0.06721,0.21057,0,0.8519,0.06287,-0.06866,0.043381,1.480006,5.987,0.04366,0.01673,0.4444,1.985,0.1372,0.026734,27.0,0.0167,0.03631,0.0467,29.525273,0.8889,0.1148,-0.09671,0.091298,3.227924,9.988,0.09208,0.10507,0.5185,2.432,0.1127,0.070144,27.0,0.03593,0.04749,0.06721,107.433952,,,,,,,,,,,,,,,,,,,,,,,,,,,,,,,,,,,,,,,,,,,,,,,,,,,,BEL_data,,2026-09-08
Golden_Cross_State + CMF_Strong_Bull,Golden_Cross_State + CMF_Strong_Bull,combo_2,54,trend,Bullish,,,,,,,,,,,,,,,,,,0.8704,0.02933,-0.04805,0.019304,0.577122,6.265,0.02091,0.01621,0.5,1.392,0.1291,0.016129,52.0,0.0096,0.02353,0.03352,14.489867,,,,,,,,,,,,,,,,,,0.042785,1.450779,0.8765,8.449,0.9815,48.213445,30,88.160579,0.03991,0.4815,0.1291,0,1,0.036629,0.02641,0.04794,0.06313,0.43587,0,0.8704,0.06304,-0.06202,0.04683,1.575235,8.277,0.04678,0.04384,0.463,1.968,0.0774,0.042147,52.0,0.0156,0.02921,0.05286,52.251368,0.8889,0.0786,-0.06879,0.062221,2.199981,10.806,0.06214,0.05968,0.4815,2.411,0.0628,0.051611,52.0,0.02641,0.04794,0.06313,88.160579,,,,,,,,,,,,,,,,,,,,,,,,,,,,,,,,,,,,,,,,,,,,,,,,,,,,BEL_data,,2026-09-08
Golden_Cross_State + Stoch_Cross_Up,Golden_Cross_State + Stoch_Cross_Up,combo_2,153,trend,Bullish,,,,,,,,,,,,,,,,,,0.817,0.03186,-0.03667,0.019315,0.658658,5.049,0.02037,0.01098,0.4641,1.333,0.0495,0.018162,152.0,0.00879,0.01683,0.02811,16.751137,,,,,,,,,,,,,,,,,,0.036024,1.259397,0.8584,8.114,0.9216,47.437231,30,93.689718,0.02717,0.4662,0.0495,0,1,0.031738,0.01994,0.0363,0.05391,0.25231,0,0.8627,0.05012,-0.04823,0.036622,1.259485,7.845,0.03641,0.03502,0.4902,1.885,0.0338,0.03185,152.0,0.01307,0.02702,0.04205,49.768756,0.8954,0.06503,-0.05824,0.052135,1.860048,11.449,0.05211,0.03551,0.4444,2.308,0.0344,0.045202,152.0,0.01994,0.0363,0.05391,93.689718,,,,,,,,,,,,,,,,,,,,,,,,,,,,,,,,,,,,,,,,,,,,,,,,,,,,BEL_data,,2026-09-08
Price_Above_EMA200 + Stoch_Cross_Up,Price_Above_EMA200 + Stoch_Cross_Up,combo_2,142,trend,Bullish,,,,,,,,,,,,,,,,,,0.831,0.03085,-0.0378,0.019244,0.664869,5.293,0.02028,0.01092,0.4577,1.331,0.0535,0.018258,141.0,0.00886,0.0179,0.02876,17.464841,,,,,,,,,,,,,,,,,,0.03608,1.280317,0.8615,7.859,0.9366,46.76988,30,95.278,0.02768,0.4718,0.0535,0,1,0.031709,0.02214,0.03704,0.05333,0.279,0,0.8592,0.05016,-0.04998,0.036055,1.256256,7.42,0.03584,0.03648,0.5,1.883,0.0362,0.031335,141.0,0.01273,0.02757,0.04134,46.263518,0.8944,0.06652,-0.062,0.052942,1.919826,10.863,0.05293,0.03566,0.4577,2.306,0.0363,0.045532,141.0,0.02214,0.03704,0.05333,95.278,,,,,,,,,,,,,,,,,,,,,,,,,,,,,,,,,,,,,,,,,,,,,,,,,,,,BEL_data,,2026-09-08
Golden_Cross_State + BB_Lower_Bounce,Golden_Cross_State + BB_Lower_Bounce,combo_2,33,trend,Bullish,,,,,,,,,,,,,,,,,,0.8788,0.03631,-0.02137,0.029316,0.874977,16.46,0.02961,0.00756,0.3939,1.367,0.2078,0.022121,33.0,0.01228,0.01747,0.02354,30.854848,,,,,,,,,,,,,,,,,,0.044289,1.44136,0.8687,12.719,0.9091,46.206869,30,69.64506,0.03024,0.4242,0.2078,0,1,0.035416,0.02132,0.02894,0.04692,0.39267,0,0.8182,0.0652,-0.04196,0.045716,1.474119,7.01,0.04478,0.04377,0.4242,1.934,0.137,0.036201,33.0,0.01591,0.02144,0.04026,36.441671,0.9091,0.06924,-0.05624,0.057835,1.974984,14.686,0.05806,0.0394,0.4545,2.368,0.1451,0.047926,33.0,0.02132,0.02894,0.04692,69.64506,,,,,,,,,,,,,,,,,,,,,,,,,,,,,,,,,,,,,,,,,,,,,,,,,,,,BEL_data,,2026-09-08
Golden_Cross_State + Stoch_Oversold,Golden_Cross_State + Stoch_Oversold,combo_2,44,trend,Bullish,,,,,,,,,,,,,,,,,,0.9318,0.03029,-0.03207,0.02604,0.877086,15.665,0.02878,0.01783,0.3864,1.4,0.1753,0.019606,44.0,0.01907,0.0214,0.02581,33.387717,,,,,,,,,,,,,,,,,,0.040817,1.293406,0.9091,14.745,0.9318,45.878622,20,58.60219,0.02865,0.4015,0.1753,0,1,0.032627,0.02061,0.03458,0.0574,0.0876,1,0.9318,0.05684,-0.04767,0.049716,1.539464,18.213,0.04985,0.04641,0.4773,1.981,0.1043,0.038835,44.0,0.02061,0.03458,0.0574,58.60219,0.8636,0.06066,-0.04174,0.046693,1.463667,10.358,0.04702,0.0217,0.3409,2.426,0.1358,0.039439,44.0,0.02061,0.04007,0.05818,55.716877,,,,,,,,,,,,,,,,,,,,,,,,,,,,,,,,,,,,,,,,,,,,,,,,,,,,BEL_data,,2026-09-08
Price_Above_SMA50 + CDL_Bullish3Inside,Price_Above_SMA50 + CDL_Bullish3Inside,combo_2,18,trend,Bullish,,,,,,,,,,,,,,,,,,0.9444,0.0601,-0.06032,0.053409,1.637961,18.434,0.05373,0.01819,0.3889,1.326,0.1788,0.04911,18.0,0.01427,0.02042,0.02452,48.22876,,,,,,,,,,,,,,,,,,0.05711,1.72795,0.9074,16.164,0.8889,45.225283,30,54.340387,0.03025,0.4074,0.2065,0,1,0.053901,0.02433,0.03887,0.0506,0.22715,0,0.8333,0.07244,-0.02866,0.055592,1.700364,13.731,0.05626,0.04034,0.3889,1.875,0.2065,0.051001,18.0,0.01427,0.02976,0.04614,50.066182,0.9444,0.07088,-0.08296,0.062329,1.845526,16.327,0.06243,0.03222,0.4444,2.296,0.1683,0.061592,18.0,0.02433,0.03887,0.0506,54.340387,,,,,,,,,,,,,,,,,,,,,,,,,,,,,,,,,,,,,,,,,,,,,,,,,,,,BEL_data,,2026-09-08
Price_Above_EMA200 + Stoch_Oversold,Price_Above_EMA200 + Stoch_Oversold,combo_2,41,trend,Bullish,,,,,,,,,,,,,,,,,,0.9024,0.03238,-0.02999,0.026299,0.868241,11.986,0.02904,0.01687,0.3902,1.387,0.1841,0.020331,41.0,0.01206,0.02021,0.03114,32.451966,,,,,,,,,,,,,,,,,,0.040976,1.303622,0.878,11.921,0.9268,45.159851,20,59.459953,0.02633,0.4065,0.1841,0,1,0.032707,0.01882,0.02801,0.04777,0.24742,0,0.9024,0.06139,-0.04428,0.051083,1.59083,14.158,0.05122,0.04741,0.4878,1.962,0.1084,0.03909,41.0,0.01882,0.02801,0.04777,59.459953,0.8293,0.06231,-0.03588,0.045546,1.451797,9.619,0.04587,0.0147,0.3415,2.403,0.1458,0.038701,41.0,0.01882,0.03896,0.05204,52.198399,,,,,,,,,,,,,,,,,,,,,,,,,,,,,,,,,,,,,,,,,,,,,,,,,,,,BEL_data,,2026-09-08
VWAP_Bull + CDL_Hammer,VWAP_Bull + CDL_Hammer,combo_2,28,momentum,Bullish,0.9286,0.03049,-0.01979,0.026902,0.846509,21.816,0.02667,0.02175,0.4643,0.99,0.1272,0.022491,26.0,0.01349,0.02016,0.03054,28.504475,0.8929,0.05177,-0.0401,0.041923,1.405359,11.977,0.04256,0.04569,0.5357,1.4,0.1381,0.03921,26.0,0.01349,0.03262,0.04707,47.322581,0.9286,0.06042,-0.03842,0.053359,1.872439,22.906,0.05445,0.05102,0.5,1.715,0.1423,0.049359,26.0,0.02276,0.03625,0.05356,63.050555,0.040728,1.374769,0.9167,18.9,0.9643,44.639232,15,63.050555,0.03949,0.5,0.1423,0,1,0.03702,0.02276,0.03625,0.05356,0.16889,0,,,,,,,,,,,,,,,,,,,,,,,,,,,,,,,,,,,,,,,,,,,,,,,,,,,,,,,,,,,,,,,,,,,,,,,,,,,,,,,,,,,,,,BEL_data,,2026-09-08
Price_Above_SMA50 + CDL_Harami_Bull,Price_Above_SMA50 + CDL_Harami_Bull,combo_2,53,trend,Bullish,,,,,,,,,,,,,,,,,,0.8113,0.04727,-0.04286,0.030269,0.989334,5.375,0.03101,0.0181,0.4151,1.401,0.1205,0.025435,53.0,0.00927,0.02122,0.03143,21.211095,,,,,,,,,,,,,,,,,,0.048312,1.58085,0.8302,7.301,0.9623,44.305435,30,83.761018,0.03008,0.4025,0.1205,0,1,0.041095,0.01549,0.05177,0.06456,0.63693,0,0.8491,0.07182,-0.06715,0.050844,1.636951,6.607,0.05146,0.03854,0.3962,1.982,0.0826,0.042028,53.0,0.01143,0.03031,0.05191,43.14481,0.8302,0.08645,-0.04681,0.063824,2.116264,9.922,0.06379,0.03362,0.3962,2.427,0.0863,0.055821,53.0,0.01549,0.05177,0.06456,83.761018,,,,,,,,,,,,,,,,,,,,,,,,,,,,,,,,,,,,,,,,,,,,,,,,,,,,BEL_data,,2026-09-08
Price_Above_EMA200 + OBV_Trend_Bull,Price_Above_EMA200 + OBV_Trend_Bull,combo_2,72,trend,Bullish,,,,,,,,,,,,,,,,,,0.8194,0.03937,-0.03572,0.025811,0.918762,5.85,0.02614,0.0162,0.3889,1.34,0.0889,0.022176,72.0,0.0095,0.01601,0.02891,23.061861,,,,,,,,,,,,,,,,,,0.038244,1.428448,0.8241,7.509,0.9583,44.102781,30,91.359406,0.01723,0.3981,0.0889,0,1,0.03454,0.016,0.03812,0.05248,0.82218,0,0.8056,0.05202,-0.04862,0.032451,1.237219,5.496,0.03238,0.0071,0.375,1.895,0.0786,0.032213,72.0,0.011,0.02273,0.03922,29.175928,0.8472,0.07426,-0.0422,0.056471,2.129362,11.18,0.05649,0.02841,0.4306,2.32,0.0606,0.049232,72.0,0.016,0.03812,0.05248,91.359406,,,,,,,,,,,,,,,,,,,,,,,,,,,,,,,,,,,,,,,,,,,,,,,,,,,,BEL_data,,2026-09-08
Price_Above_SMA50 + OBV_Trend_Bull,Price_Above_SMA50 + OBV_Trend_Bull,combo_2,67,trend,Bullish,,,,,,,,,,,,,,,,,,0.8209,0.041,-0.04249,0.026043,0.835964,5.469,0.0262,0.01069,0.3731,1.421,0.0876,0.023494,67.0,0.01034,0.01645,0.03252,19.290781,,,,,,,,,,,,,,,,,,0.044371,1.535303,0.8308,6.94,0.9701,43.614807,30,76.409818,0.02112,0.4129,0.0876,0,1,0.038036,0.01519,0.05089,0.06857,0.79416,0,0.8209,0.07078,-0.05282,0.048645,1.678448,6.692,0.04785,0.02004,0.4328,2.01,0.0683,0.04248,67.0,0.01319,0.02559,0.05367,47.39345,0.8507,0.0789,-0.05826,0.058424,2.091497,8.658,0.05839,0.03262,0.4328,2.462,0.0624,0.048132,67.0,0.01519,0.05089,0.06857,76.409818,,,,,,,,,,,,,,,,,,,,,,,,,,,,,,,,,,,,,,,,,,,,,,,,,,,,BEL_data,,2026-09-08
Price_Above_EMA200 + CCI_Oversold,Price_Above_EMA200 + CCI_Oversold,combo_2,48,trend,Bullish,,,,,,,,,,,,,,,,,,0.8958,0.03381,-0.0466,0.025432,0.595361,7.947,0.02737,0.01204,0.3958,1.419,0.1521,0.022825,48.0,0.01415,0.02044,0.02619,18.412357,,,,,,,,,,,,,,,,,,0.041943,1.167306,0.8819,9.733,0.9792,43.295591,30,62.018325,0.02227,0.3958,0.1521,0,1,0.034992,0.01518,0.04006,0.05115,0.2588,0,0.875,0.05925,-0.04575,0.046126,1.313001,9.611,0.04631,0.03546,0.4167,2.007,0.0991,0.038634,48.0,0.01518,0.03409,0.04485,49.113785,0.875,0.06886,-0.04789,0.054269,1.593556,11.641,0.05479,0.01931,0.375,2.459,0.1211,0.043515,48.0,0.01518,0.04006,0.05115,62.018325,,,,,,,,,,,,,,,,,,,,,,,,,,,,,,,,,,,,,,,,,,,,,,,,,,,,BEL_data,,2026-09-08
Price_Above_SMA20 + Price_Above_SMA50,Price_Above_SMA20 + Price_Above_SMA50,combo_2,68,trend,Bullish,,,,,,,,,,,,,,,,,,0.8235,0.03903,-0.03526,0.025921,0.736402,6.163,0.02601,0.00474,0.3824,1.451,0.0935,0.023452,68.0,0.00965,0.01808,0.02819,19.216576,,,,,,,,,,,,,,,,,,0.042362,1.27734,0.8529,8.447,0.9412,42.995072,30,75.535072,0.01566,0.4069,0.0935,0,1,0.035969,0.02148,0.0532,0.06266,0.51715,0,0.8529,0.0555,-0.03994,0.041464,1.238236,9.572,0.0413,0.01828,0.4118,2.052,0.0747,0.03591,68.0,0.01354,0.03007,0.05601,50.183285,0.8824,0.0763,-0.0648,0.0597,1.857382,9.605,0.05972,0.02396,0.4265,2.513,0.0665,0.048546,68.0,0.02148,0.0532,0.06266,75.535072,,,,,,,,,,,,,,,,,,,,,,,,,,,,,,,,,,,,,,,,,,,,,,,,,,,,BEL_data,,2026-09-08
BB_Lower_Touch + VWAP_Bull,BB_Lower_Touch + VWAP_Bull,combo_2,36,momentum,Bullish,0.9444,0.02897,-0.01319,0.026626,0.8389,36.418,0.02759,0.01476,0.3889,0.956,0.1908,0.022917,36.0,0.0152,0.02205,0.02512,30.291992,0.9444,0.04398,-0.05186,0.038656,1.200557,16.532,0.03866,0.02452,0.3333,1.352,0.181,0.031512,36.0,0.0248,0.02999,0.03493,43.351138,0.9444,0.05038,-0.01615,0.046681,1.522266,60.707,0.0478,0.04189,0.5,1.656,0.1514,0.036907,36.0,0.02546,0.03847,0.04503,54.967769,0.037321,1.187241,0.9444,37.885,1.0,42.8703,15,54.967769,0.02706,0.4074,0.1908,0,1,0.030445,0.02546,0.03847,0.04503,0.06616,1,,,,,,,,,,,,,,,,,,,,,,,,,,,,,,,,,,,,,,,,,,,,,,,,,,,,,,,,,,,,,,,,,,,,,,,,,,,,,,,,,,,,,,BEL_data,,2026-09-08
CMF_Positive + CDL_Bullish3Outside,CMF_Positive + CDL_Bullish3Outside,combo_2,16,momentum,Bullish,0.8125,0.04253,-0.01335,0.032057,1.310744,13.713,0.03185,0.02215,0.4375,0.903,0.26,0.030947,16.0,0.00784,0.01441,0.03021,37.136167,1.0,0.048,0.0,0.047998,1.808193,,0.04794,0.03876,0.4375,1.277,0.2127,0.04548,16.0,0.02977,0.03063,0.03374,5.122996,1.0,0.06525,0.0,0.065255,2.425547,,0.06488,0.03361,0.4375,1.564,0.1739,0.06034,16.0,0.03148,0.03969,0.0437,6.872091,0.048437,1.848161,0.9375,13.713,0.8125,42.544407,5,37.136167,0.03151,0.4375,0.26,0,1,0.045589,0.00784,0.01441,0.03021,0.07645,1,,,,,,,,,,,,,,,,,,,,,,,,,,,,,,,,,,,,,,,,,,,,,,,,,,,,,,,,,,,,,,,,,,,,,,,,,,,,,,,,,,,,,,BEL_data,,2026-09-08
Price_Above_SMA50 + MACD_Cross_Up_Event,Price_Above_SMA50 + MACD_Cross_Up_Event,combo_2,39,trend,Bullish,,,,,,,,,,,,,,,,,,0.8718,0.04574,-0.04045,0.034691,1.232718,9.311,0.03559,0.02812,0.4615,1.354,0.1467,0.02946,37.0,0.00968,0.01876,0.03301,42.342228,,,,,,,,,,,,,,,,,,0.044695,1.562172,0.8803,7.559,0.9744,42.442801,30,51.686237,0.02806,0.4444,0.1467,0,1,0.038254,0.01752,0.04189,0.06199,0.30731,0,0.8974,0.05804,-0.09191,0.042662,1.448669,6.378,0.04227,0.01369,0.4359,1.915,0.1196,0.037907,37.0,0.01752,0.0399,0.0556,34.082158,0.8718,0.07793,-0.08737,0.056733,2.005129,6.988,0.05657,0.04239,0.4359,2.345,0.0957,0.047396,37.0,0.01752,0.04189,0.06199,51.686237,,,,,,,,,,,,,,,,,,,,,,,,,,,,,,,,,,,,,,,,,,,,,,,,,,,,BEL_data,,2026-09-08
Price_Above_EMA200 + CMF_Positive,Price_Above_EMA200 + CMF_Positive,combo_2,61,trend,Bullish,,,,,,,,,,,,,,,,,,0.8852,0.01848,-0.03343,0.012521,0.458046,7.113,0.01472,0.00506,0.3934,1.307,0.1531,0.010149,61.0,0.01,0.01897,0.02744,13.446769,,,,,,,,,,,,,,,,,,0.034562,1.225867,0.8907,8.519,0.9836,42.396003,30,83.941296,0.02482,0.4208,0.1531,0,1,0.026605,0.02182,0.04446,0.05148,0.2922,0,0.8852,0.04423,-0.06248,0.031985,1.185668,6.825,0.03166,0.02701,0.4426,1.849,0.0936,0.022324,61.0,0.01768,0.03681,0.04447,33.399925,0.9016,0.07269,-0.06461,0.059181,2.033888,11.62,0.0581,0.04239,0.4262,2.264,0.0694,0.047341,61.0,0.02182,0.04446,0.05148,83.941296,,,,,,,,,,,,,,,,,,,,,,,,,,,,,,,,,,,,,,,,,,,,,,,,,,,,BEL_data,,2026-09-08
Price_Above_SMA50 + OBV_Rising,Price_Above_SMA50 + OBV_Rising,combo_2,253,trend,Bullish,,,,,,,,,,,,,,,,,,0.83,0.03041,-0.04771,0.017131,0.559527,4.148,0.01805,0.00962,0.4704,1.371,0.0335,0.013224,250.0,0.00946,0.01783,0.03169,12.852429,,,,,,,,,,,,,,,,,,0.03748,1.263588,0.8472,6.293,0.9605,42.293694,30,95.8979,0.02447,0.4519,0.0335,0,1,0.029764,0.01595,0.04504,0.06388,0.65868,0,0.8419,0.05669,-0.05988,0.038261,1.276817,5.871,0.03802,0.02643,0.4625,1.939,0.0208,0.030024,250.0,0.01229,0.02904,0.04774,41.507027,0.8696,0.07525,-0.06427,0.057049,1.95442,8.861,0.0571,0.03738,0.4229,2.375,0.0195,0.046043,250.0,0.01595,0.04504,0.06388,95.8979,,,,,,,,,,,,,,,,,,,,,,,,,,,,,,,,,,,,,,,,,,,,,,,,,,,,BEL_data,,2026-09-08
Golden_Cross_State + Stoch_Bull_Zone,Golden_Cross_State + Stoch_Bull_Zone,combo_2,137,trend,Bullish,,,,,,,,,,,,,,,,,,0.7956,0.03218,-0.03701,0.018042,0.591268,4.349,0.01905,0.01014,0.4307,1.337,0.057,0.016605,136.0,0.00815,0.01079,0.02667,12.671457,,,,,,,,,,,,,,,,,,0.034856,1.19405,0.8467,7.875,0.9051,41.935581,30,84.853608,0.02084,0.4331,0.057,0,1,0.030176,0.01903,0.03277,0.05248,0.33721,0,0.854,0.05176,-0.04434,0.037731,1.268756,7.896,0.03734,0.02862,0.4453,1.89,0.0382,0.032661,136.0,0.00989,0.02509,0.04027,49.361285,0.8905,0.06132,-0.0531,0.048794,1.722128,11.38,0.04881,0.02376,0.4234,2.315,0.0404,0.041261,136.0,0.01903,0.03277,0.05248,84.853608,,,,,,,,,,,,,,,,,,,,,,,,,,,,,,,,,,,,,,,,,,,,,,,,,,,,BEL_data,,2026-09-08
Price_Above_SMA50 + CDL_Marubozu_Bull,Price_Above_SMA50 + CDL_Marubozu_Bull,combo_2,10,trend,Bullish,,,,,,,,,,,,,,,,,,0.9,0.04371,-0.03584,0.035759,1.089803,11.889,0.03549,0.01806,0.4,1.319,0.3444,0.026516,10.0,0.03206,0.04177,0.05293,26.132343,,,,,,,,,,,,,,,,,,0.053646,1.700811,0.9,11.337,1.0,40.783671,30,64.592368,0.02705,0.4,0.3444,0,1,0.041143,0.04811,0.05764,0.0627,0.54926,0,0.9,0.06192,-0.08858,0.046872,1.318919,7.828,0.04708,0.02181,0.4,1.866,0.3335,0.039105,10.0,0.03962,0.051,0.05704,24.758192,0.9,0.09418,-0.06451,0.078308,2.693711,14.293,0.07934,0.04129,0.4,2.285,0.3301,0.057807,10.0,0.04811,0.05764,0.0627,64.592368,,,,,,,,,,,,,,,,,,,,,,,,,,,,,,,,,,,,,,,,,,,,,,,,,,,,BEL_data,,2026-09-08
EMA_Bullish_State + CDL_Hammer,EMA_Bullish_State + CDL_Hammer,combo_2,20,momentum,Bullish,0.95,0.03149,-0.01764,0.029033,0.913951,36.277,0.02926,0.02175,0.35,1.034,0.167,0.020868,18.0,0.01652,0.02898,0.03156,27.825435,0.95,0.04719,-0.04433,0.042617,1.38992,23.561,0.04325,0.03566,0.5,1.463,0.1906,0.036427,18.0,0.01652,0.03406,0.04429,42.316436,0.95,0.05426,-0.03574,0.049761,1.701479,34.164,0.05084,0.02836,0.45,1.792,0.2051,0.046314,18.0,0.02959,0.03772,0.05137,51.801907,0.04047,1.335117,0.95,31.334,1.0,40.647926,15,51.801907,0.02859,0.4333,0.2051,0,1,0.034536,0.02959,0.03772,0.05137,0.16113,0,,,,,,,,,,,,,,,,,,,,,,,,,,,,,,,,,,,,,,,,,,,,,,,,,,,,,,,,,,,,,,,,,,,,,,,,,,,,,,,,,,,,,,BEL_data,,2026-09-08
CMF_Positive + CDL_Hammer,CMF_Positive + CDL_Hammer,combo_2,18,momentum,Bullish,0.9444,0.03506,-0.01764,0.032132,0.988873,36.574,0.03182,0.02784,0.3889,1.031,0.1703,0.028865,16.0,0.01453,0.02701,0.03059,29.116773,0.8889,0.05559,-0.04011,0.044955,1.542158,12.0,0.04555,0.04921,0.5556,1.458,0.2054,0.043519,16.0,0.01453,0.04179,0.05356,45.407887,0.8889,0.06356,-0.03842,0.052231,1.81126,14.726,0.05383,0.03989,0.4444,1.786,0.219,0.054059,16.0,0.02978,0.04941,0.05686,53.331437,0.043106,1.44743,0.9074,21.1,0.9444,40.250994,15,53.331437,0.03898,0.463,0.219,0,1,0.042148,0.02978,0.04941,0.05686,0.20824,0,,,,,,,,,,,,,,,,,,,,,,,,,,,,,,,,,,,,,,,,,,,,,,,,,,,,,,,,,,,,,,,,,,,,,,,,,,,,,,,,,,,,,,BEL_data,,2026-09-08
Price_Above_SMA50 + CDL_Bullish3Outside,Price_Above_SMA50 + CDL_Bullish3Outside,combo_2,20,trend,Bullish,,,,,,,,,,,,,,,,,,1.0,0.03871,0.0,0.038707,1.459401,,0.03851,0.00476,0.45,1.256,0.1912,0.030649,20.0,0.01752,0.03012,0.03206,4.443179,,,,,,,,,,,,,,,,,,0.044289,1.720888,0.9333,9.001,0.85,40.084931,20,50.38535,0.01865,0.45,0.192,0,1,0.036478,0.02881,0.03224,0.05452,0.03915,1,0.95,0.05083,-0.10401,0.043087,1.654951,12.715,0.04382,0.03167,0.45,1.777,0.1902,0.04019,20.0,0.02881,0.03224,0.05452,50.38535,0.85,0.07759,-0.09921,0.051073,2.048311,5.287,0.05066,0.01951,0.45,2.176,0.192,0.038596,20.0,0.02881,0.03224,0.05452,32.970357,,,,,,,,,,,,,,,,,,,,,,,,,,,,,,,,,,,,,,,,,,,,,,,,,,,,BEL_data,,2026-09-08
MACD_Cross_Up_Event + CMF_Positive,MACD_Cross_Up_Event + CMF_Positive,combo_2,31,momentum,Bullish,0.9355,0.03307,-0.02054,0.029613,1.042818,25.825,0.03023,0.02505,0.3871,0.968,0.1723,0.026099,30.0,0.01118,0.01763,0.03007,36.141328,0.9355,0.03898,-0.02719,0.034715,1.222715,27.307,0.03528,0.02747,0.4516,1.369,0.186,0.031137,30.0,0.01446,0.01951,0.03362,42.376061,0.9032,0.04733,-0.05524,0.037402,1.252616,10.11,0.03768,0.02457,0.4516,1.677,0.1277,0.032044,30.0,0.01763,0.03261,0.03969,43.412368,0.03391,1.172716,0.9247,21.081,0.9677,39.33218,15,43.412368,0.0257,0.4301,0.186,0,1,0.02976,0.01763,0.03261,0.03969,0.1202,0,,,,,,,,,,,,,,,,,,,,,,,,,,,,,,,,,,,,,,,,,,,,,,,,,,,,,,,,,,,,,,,,,,,,,,,,,,,,,,,,,,,,,,BEL_data,,2026-09-08
Price_Above_EMA200 + BB_Lower_Bounce,Price_Above_EMA200 + BB_Lower_Bounce,combo_2,28,trend,Bullish,,,,,,,,,,,,,,,,,,0.8571,0.03915,-0.02137,0.030506,0.926588,14.593,0.0308,0.00508,0.3571,1.339,0.2345,0.022913,28.0,0.01209,0.01596,0.02126,31.200964,,,,,,,,,,,,,,,,,,0.040308,1.307462,0.8452,10.584,0.8929,39.309027,30,61.409162,0.01983,0.4286,0.2345,0,1,0.032018,0.02019,0.02386,0.03581,0.52858,0,0.7857,0.05789,-0.04293,0.036284,1.172104,5.08,0.03535,0.02247,0.4643,1.893,0.185,0.027008,28.0,0.01482,0.01855,0.02721,20.048512,0.8929,0.06738,-0.05624,0.054135,1.823694,12.08,0.05436,0.03196,0.4643,2.318,0.1763,0.046133,28.0,0.02019,0.02386,0.03581,61.409162,,,,,,,,,,,,,,,,,,,,,,,,,,,,,,,,,,,,,,,,,,,,,,,,,,,,BEL_data,,2026-09-08
Price_Above_EMA200 + CMF_Strong_Bull,Price_Above_EMA200 + CMF_Strong_Bull,combo_2,52,trend,Bullish,,,,,,,,,,,,,,,,,,0.8654,0.02715,-0.04805,0.017026,0.49918,5.77,0.01867,0.00937,0.4808,1.394,0.1399,0.013815,50.0,0.00905,0.02342,0.03643,11.435959,,,,,,,,,,,,,,,,,,0.038743,1.302648,0.8718,7.704,0.9808,39.079759,30,79.007006,0.03561,0.4936,0.1399,0,1,0.032747,0.02463,0.04628,0.06301,0.48202,0,0.8654,0.05775,-0.06202,0.041629,1.399454,7.439,0.04158,0.04177,0.5,1.972,0.086,0.037387,50.0,0.0155,0.02581,0.051,41.333572,0.8846,0.07407,-0.06891,0.057572,2.009309,9.904,0.05747,0.05569,0.5,2.415,0.0684,0.047038,50.0,0.02463,0.04628,0.06301,79.007006,,,,,,,,,,,,,,,,,,,,,,,,,,,,,,,,,,,,,,,,,,,,,,,,,,,,BEL_data,,2026-09-08
Price_Above_EMA200 + Stoch_Bull_Zone,Price_Above_EMA200 + Stoch_Bull_Zone,combo_2,133,trend,Bullish,,,,,,,,,,,,,,,,,,0.812,0.02937,-0.03901,0.016517,0.555682,4.359,0.0175,0.00942,0.4361,1.343,0.0604,0.01534,132.0,0.00878,0.01606,0.02689,11.864076,,,,,,,,,,,,,,,,,,0.032793,1.137112,0.8546,7.612,0.9173,38.888888,30,81.024046,0.02052,0.4436,0.0604,0,1,0.028477,0.02227,0.03507,0.0522,0.28512,0,0.8571,0.04903,-0.04637,0.035403,1.201371,7.586,0.0351,0.02862,0.4662,1.899,0.04,0.030807,132.0,0.01018,0.02702,0.04045,44.635568,0.8947,0.05859,-0.05668,0.04646,1.654281,10.892,0.04647,0.02354,0.4286,2.326,0.0424,0.039283,132.0,0.02227,0.03507,0.0522,81.024046,,,,,,,,,,,,,,,,,,,,,,,,,,,,,,,,,,,,,,,,,,,,,,,,,,,,BEL_data,,2026-09-08
EMA_Bullish_State + CDL_Bullish3Inside,EMA_Bullish_State + CDL_Bullish3Inside,combo_2,18,momentum,Bullish,0.8889,0.02316,-0.03224,0.017007,0.473883,8.068,0.01792,0.00633,0.3889,0.937,0.3062,0.014418,18.0,0.00715,0.01023,0.01632,11.257939,0.9444,0.0601,-0.06032,0.053409,1.637961,18.434,0.05373,0.01819,0.3889,1.326,0.1788,0.04911,18.0,0.01427,0.02042,0.02452,48.22876,0.9444,0.07276,-0.06499,0.065104,1.972599,20.781,0.06554,0.03749,0.4444,1.624,0.1701,0.059519,18.0,0.01427,0.0253,0.03529,58.081985,0.045173,1.361481,0.9259,15.761,0.9444,37.860871,15,58.081985,0.02067,0.4074,0.3062,0,1,0.041015,0.01427,0.0253,0.03529,0.23029,0,,,,,,,,,,,,,,,,,,,,,,,,,,,,,,,,,,,,,,,,,,,,,,,,,,,,,,,,,,,,,,,,,,,,,,,,,,,,,,,,,,,,,,BEL_data,,2026-09-08
CMF_Strong_Bull + CDL_Bullish3Outside,CMF_Strong_Bull + CDL_Bullish3Outside,combo_2,11,momentum,Bullish,0.8182,0.05009,-0.02268,0.036856,1.423229,10.15,0.03661,0.03819,0.5455,0.957,0.3269,0.041514,11.0,0.00865,0.01441,0.03063,35.365911,1.0,0.05022,0.0,0.050221,1.83118,,0.05016,0.0437,0.4545,1.354,0.2905,0.056739,11.0,0.03063,0.03261,0.03487,4.550311,1.0,0.06169,0.0,0.061694,2.258632,,0.06133,0.0344,0.4545,1.658,0.2539,0.069776,11.0,0.04367,0.04373,0.04695,5.61249,0.04959,1.83768,0.9394,10.15,0.8182,37.361979,5,35.365911,0.03876,0.4848,0.3269,0,1,0.056009,0.00865,0.01441,0.03063,0.17134,0,,,,,,,,,,,,,,,,,,,,,,,,,,,,,,,,,,,,,,,,,,,,,,,,,,,,,,,,,,,,,,,,,,,,,,,,,,,,,,,,,,,,,,BEL_data,,2026-09-08
CMF_Positive + CCI_Oversold,CMF_Positive + CCI_Oversold,combo_2,21,momentum,Bullish,0.8571,0.02796,-0.03804,0.018532,0.489785,5.641,0.0202,0.03139,0.5714,1.07,0.2515,0.018735,21.0,0.0068,0.01267,0.02545,8.540133,0.9524,0.04947,-0.05016,0.044724,1.354627,22.093,0.04598,0.0298,0.381,1.513,0.2318,0.038363,21.0,0.0245,0.02999,0.04249,41.8721,0.9524,0.07031,-0.03165,0.06545,2.066085,46.425,0.06555,0.0681,0.5238,1.853,0.1783,0.056267,21.0,0.04249,0.05282,0.07452,63.86357,0.042902,1.303499,0.9206,24.72,0.9048,36.454406,15,63.86357,0.0431,0.4921,0.2515,0,1,0.037788,0.04249,0.05282,0.07452,0.15983,0,,,,,,,,,,,,,,,,,,,,,,,,,,,,,,,,,,,,,,,,,,,,,,,,,,,,,,,,,,,,,,,,,,,,,,,,,,,,,,,,,,,,,,BEL_data,,2026-09-08
Golden_Cross_State + MACD_Hist_Rising,Golden_Cross_State + MACD_Hist_Rising,combo_2,168,trend,Bullish,,,,,,,,,,,,,,,,,,0.8095,0.03017,-0.03881,0.017033,0.541014,4.364,0.01767,0.01092,0.4583,1.322,0.0474,0.013573,166.0,0.00697,0.01412,0.02359,12.111484,,,,,,,,,,,,,,,,,,0.032159,1.117076,0.8353,6.797,0.9345,36.398188,30,86.737216,0.02049,0.4345,0.0474,0,1,0.027239,0.01596,0.03406,0.04934,0.5587,0,0.8214,0.04943,-0.04588,0.03241,1.119396,5.863,0.03231,0.02058,0.4345,1.869,0.0319,0.026797,166.0,0.01234,0.02465,0.03504,33.666166,0.875,0.06077,-0.04913,0.047033,1.690817,10.163,0.04728,0.02997,0.4107,2.289,0.0346,0.041348,166.0,0.01596,0.03406,0.04934,86.737216,,,,,,,,,,,,,,,,,,,,,,,,,,,,,,,,,,,,,,,,,,,,,,,,,,,,BEL_data,,2026-09-08
Price_Above_SMA50 + MACD_Hist_Rising,Price_Above_SMA50 + MACD_Hist_Rising,combo_2,150,trend,Bullish,,,,,,,,,,,,,,,,,,0.82,0.02699,-0.04512,0.014007,0.441049,3.801,0.01487,0.0054,0.44,1.355,0.0552,0.00897,148.0,0.00937,0.01493,0.0266,8.411254,,,,,,,,,,,,,,,,,,0.035376,1.187883,0.8422,6.44,0.9467,36.333203,30,87.6426,0.02443,0.4333,0.0552,0,1,0.0254,0.01493,0.04192,0.06204,0.58736,0,0.8333,0.05484,-0.0505,0.037285,1.23644,6.257,0.03692,0.02586,0.4467,1.916,0.0328,0.026139,148.0,0.01219,0.02709,0.03943,38.814226,0.8733,0.07138,-0.0592,0.054836,1.886161,9.261,0.0552,0.04202,0.4133,2.347,0.0349,0.04109,148.0,0.01493,0.04192,0.06204,87.6426,,,,,,,,,,,,,,,,,,,,,,,,,,,,,,,,,,,,,,,,,,,,,,,,,,,,BEL_data,,2026-09-08
Golden_Cross_State + OBV_Rising,Golden_Cross_State + OBV_Rising,combo_2,304,trend,Bullish,,,,,,,,,,,,,,,,,,0.8191,0.02913,-0.04371,0.015955,0.509676,4.051,0.01703,0.00836,0.4737,1.342,0.0291,0.013269,302.0,0.00873,0.01592,0.02409,11.810481,,,,,,,,,,,,,,,,,,0.032644,1.119959,0.8344,5.844,0.9605,35.962806,30,83.642959,0.01959,0.4474,0.0291,0,1,0.027909,0.01602,0.03519,0.05213,0.86006,0,0.8257,0.0504,-0.05515,0.032002,1.078437,5.229,0.03193,0.01822,0.4375,1.898,0.0192,0.027379,302.0,0.0123,0.02319,0.03873,32.255996,0.8586,0.06784,-0.05844,0.049974,1.771765,8.253,0.04999,0.03218,0.4309,2.325,0.0177,0.043077,302.0,0.01602,0.03519,0.05213,83.642959,,,,,,,,,,,,,,,,,,,,,,,,,,,,,,,,,,,,,,,,,,,,,,,,,,,,BEL_data,,2026-09-08
Price_Above_EMA200 + MACD_Zero_Cross_Up,Price_Above_EMA200 + MACD_Zero_Cross_Up,combo_2,17,trend,Bullish,,,,,,,,,,,,,,,,,,0.8824,0.02589,-0.03871,0.018293,0.484466,6.407,0.01783,0.00335,0.3529,1.413,0.2782,0.004686,17.0,0.01412,0.02439,0.03548,8.972088,,,,,,,,,,,,,,,,,,0.037109,1.243869,0.8824,10.887,1.0,35.952446,30,54.381138,0.013,0.3725,0.2782,0,1,0.016681,0.02952,0.05983,0.0626,0.52605,0,0.8824,0.05213,-0.04947,0.040176,1.365683,8.65,0.03977,0.01369,0.3529,1.999,0.2401,0.013955,17.0,0.02952,0.04717,0.05322,34.146238,0.8824,0.06438,-0.03356,0.052858,1.881458,17.603,0.0525,0.02196,0.4118,2.448,0.2155,0.031403,17.0,0.02952,0.05983,0.0626,54.381138,,,,,,,,,,,,,,,,,,,,,,,,,,,,,,,,,,,,,,,,,,,,,,,,,,,,BEL_data,,2026-09-08
Golden_Cross_State + MACD_Zero_Cross_Up,Golden_Cross_State + MACD_Zero_Cross_Up,combo_2,17,trend,Bullish,,,,,,,,,,,,,,,,,,0.8824,0.02589,-0.03871,0.018293,0.484466,6.407,0.01783,0.00335,0.3529,1.413,0.2782,0.004686,17.0,0.01412,0.02439,0.03548,8.972088,,,,,,,,,,,,,,,,,,0.037109,1.243869,0.8824,10.887,1.0,35.952446,30,54.381138,0.013,0.3725,0.2782,0,1,0.016681,0.02952,0.05983,0.0626,0.52605,0,0.8824,0.05213,-0.04947,0.040176,1.365683,8.65,0.03977,0.01369,0.3529,1.999,0.2401,0.013955,17.0,0.02952,0.04717,0.05322,34.146238,0.8824,0.06438,-0.03356,0.052858,1.881458,17.603,0.0525,0.02196,0.4118,2.448,0.2155,0.031403,17.0,0.02952,0.05983,0.0626,54.381138,,,,,,,,,,,,,,,,,,,,,,,,,,,,,,,,,,,,,,,,,,,,,,,,,,,,BEL_data,,2026-09-08
BB_Lower_Bounce + Stoch_Bull_Zone,BB_Lower_Bounce + Stoch_Bull_Zone,combo_2,20,momentum,Bullish,1.0,0.02689,0.0,0.026887,0.82522,,0.02933,0.01955,0.5,0.988,0.342,0.021226,20.0,0.01529,0.01814,0.0233,2.512402,0.9,0.05002,-0.01575,0.04344,1.430056,32.704,0.04322,0.02472,0.4,1.397,0.2845,0.030281,20.0,0.01529,0.02803,0.03602,43.53839,0.9,0.05748,-0.03797,0.047935,1.641646,14.582,0.05298,0.03465,0.4,1.711,0.3326,0.031618,20.0,0.01529,0.0367,0.04342,49.980267,0.039421,1.298974,0.9333,23.643,0.9,35.592804,15,49.980267,0.02631,0.4333,0.342,0,1,0.027708,0.01529,0.0367,0.04342,0.03424,1,,,,,,,,,,,,,,,,,,,,,,,,,,,,,,,,,,,,,,,,,,,,,,,,,,,,,,,,,,,,,,,,,,,,,,,,,,,,,,,,,,,,,,BEL_data,,2026-09-08
RSI_Bull_Momentum + CDL_Bullish3Inside,RSI_Bull_Momentum + CDL_Bullish3Inside,combo_2,12,momentum,Bullish,0.8333,0.05043,-0.02902,0.037191,1.027162,9.227,0.03745,0.01496,0.4167,1.016,0.3019,0.031573,12.0,0.00294,0.01292,0.02038,24.310618,1.0,0.07431,0.0,0.074311,2.225246,,0.07378,0.07868,0.5,1.437,0.2093,0.069055,12.0,0.01917,0.02622,0.03851,5.707643,1.0,0.07518,0.0,0.075177,2.159549,,0.07553,0.09215,0.5,1.76,0.2106,0.070868,12.0,0.01917,0.02622,0.03851,5.539134,0.062226,1.803986,0.9444,9.227,0.8333,35.58023,5,24.310618,0.06193,0.4722,0.3019,0,1,0.057166,0.00294,0.01292,0.02038,0.14584,0,,,,,,,,,,,,,,,,,,,,,,,,,,,,,,,,,,,,,,,,,,,,,,,,,,,,,,,,,,,,,,,,,,,,,,,,,,,,,,,,,,,,,,BEL_data,,2026-09-08
Golden_Cross_State + CCI_Exit_Oversold,Golden_Cross_State + CCI_Exit_Oversold,combo_2,55,trend,Bullish,,,,,,,,,,,,,,,,,,0.7818,0.04062,-0.03206,0.02476,0.739242,5.523,0.02647,0.01707,0.4727,1.401,0.1191,0.019511,55.0,0.00723,0.01206,0.02247,16.436204,,,,,,,,,,,,,,,,,,0.040029,1.280946,0.8364,7.41,0.9091,34.736773,30,63.669933,0.02497,0.4485,0.1191,0,1,0.030386,0.02012,0.03102,0.05438,0.59218,0,0.8545,0.05667,-0.04697,0.041597,1.283211,8.019,0.04182,0.03547,0.4545,1.982,0.0847,0.031544,55.0,0.01061,0.02611,0.04587,41.421616,0.8727,0.07089,-0.06393,0.05373,1.820385,8.689,0.05417,0.02237,0.4182,2.427,0.0927,0.040104,55.0,0.02012,0.03102,0.05438,63.669933,,,,,,,,,,,,,,,,,,,,,,,,,,,,,,,,,,,,,,,,,,,,,,,,,,,,BEL_data,,2026-09-08
OBV_Rising + CCI_Oversold,OBV_Rising + CCI_Oversold,combo_2,44,momentum,Bullish,0.9545,0.01749,-0.00841,0.016311,0.458123,59.23,0.01808,0.00775,0.4318,1.017,0.1814,0.01132,44.0,0.01052,0.01577,0.01741,17.439189,0.8864,0.04126,-0.04658,0.031281,0.901363,8.168,0.03206,0.02336,0.4091,1.438,0.1517,0.025245,44.0,0.01192,0.01867,0.02854,28.02463,0.8864,0.06327,-0.04545,0.050919,1.547309,11.415,0.05345,0.03327,0.3864,1.761,0.1481,0.044708,44.0,0.01342,0.03562,0.05122,58.900836,0.032837,0.968932,0.9091,26.271,0.9318,34.36914,15,58.900836,0.02146,0.4091,0.1814,0,1,0.027091,0.01342,0.03562,0.05122,0.02389,1,,,,,,,,,,,,,,,,,,,,,,,,,,,,,,,,,,,,,,,,,,,,,,,,,,,,,,,,,,,,,,,,,,,,,,,,,,,,,,,,,,,,,,BEL_data,,2026-09-08
Price_Above_SMA20 + CDL_Bullish3Outside,Price_Above_SMA20 + CDL_Bullish3Outside,combo_2,22,momentum,Bullish,0.8182,0.02933,-0.00572,0.022956,0.904755,24.869,0.02313,0.01388,0.4545,0.901,0.2302,0.018917,22.0,0.00735,0.01254,0.01948,28.368535,1.0,0.0413,0.0,0.041303,1.522074,,0.04111,0.02005,0.4545,1.274,0.1691,0.034092,22.0,0.01895,0.03043,0.03329,4.772455,0.9545,0.04614,-0.06654,0.041019,1.564309,18.46,0.04101,0.01859,0.3182,1.56,0.1631,0.038693,22.0,0.02997,0.03113,0.04088,49.048819,0.035092,1.330379,0.9242,21.664,0.8182,34.129612,15,49.048819,0.0175,0.4091,0.2302,0,1,0.030568,0.02997,0.03113,0.04088,0.02946,1,,,,,,,,,,,,,,,,,,,,,,,,,,,,,,,,,,,,,,,,,,,,,,,,,,,,,,,,,,,,,,,,,,,,,,,,,,,,,,,,,,,,,,BEL_data,,2026-09-08
Stoch_Bull_Zone + CCI_Oversold,Stoch_Bull_Zone + CCI_Oversold,combo_2,35,momentum,Bullish,0.9143,0.02216,-0.03042,0.017654,0.465726,8.951,0.01771,0.00933,0.4571,1.021,0.1125,0.011283,35.0,0.00884,0.0171,0.02232,14.939273,0.8857,0.04102,-0.03128,0.032758,0.992617,11.949,0.03416,0.02614,0.4,1.443,0.1894,0.024734,35.0,0.01168,0.02337,0.0386,35.570606,0.8857,0.05918,-0.03448,0.048474,1.475442,14.351,0.05086,0.02982,0.3714,1.768,0.1943,0.03933,35.0,0.01168,0.02952,0.04676,52.872754,0.032962,0.977928,0.8952,11.751,0.9714,34.042985,15,52.872754,0.02177,0.4095,0.1943,0,1,0.025115,0.01168,0.02952,0.04676,0.18678,0,,,,,,,,,,,,,,,,,,,,,,,,,,,,,,,,,,,,,,,,,,,,,,,,,,,,,,,,,,,,,,,,,,,,,,,,,,,,,,,,,,,,,,BEL_data,,2026-09-08
Price_Above_EMA200 + CDL_Harami_Bull,Price_Above_EMA200 + CDL_Harami_Bull,combo_2,68,trend,Bullish,,,,,,,,,,,,,,,,,,0.7794,0.04568,-0.041,0.02656,0.781697,4.656,0.02756,0.01545,0.4118,1.347,0.0977,0.023468,68.0,0.00878,0.0126,0.02238,15.409767,,,,,,,,,,,,,,,,,,0.040961,1.309519,0.8039,6.384,0.9559,33.835618,30,70.749458,0.02065,0.4167,0.0977,0,1,0.035699,0.01461,0.03039,0.05265,0.89482,0,0.8088,0.06459,-0.05636,0.041464,1.29323,5.482,0.04186,0.02021,0.4412,1.905,0.0731,0.034649,68.0,0.00902,0.02133,0.04052,30.017063,0.8235,0.07605,-0.04404,0.05486,1.85363,9.014,0.05482,0.0263,0.3971,2.334,0.0757,0.048979,68.0,0.01461,0.03039,0.05265,70.749458,,,,,,,,,,,,,,,,,,,,,,,,,,,,,,,,,,,,,,,,,,,,,,,,,,,,BEL_data,,2026-09-08
RSI_Cross50_Up + Stoch_Cross_Up,RSI_Cross50_Up + Stoch_Cross_Up,combo_2,16,momentum,Bullish,0.8125,0.05301,-0.03939,0.035685,1.186203,6.401,0.03619,0.03404,0.5,1.05,0.294,0.034145,16.0,0.00902,0.00924,0.02626,21.512389,0.75,0.07248,-0.02756,0.047474,1.482866,8.578,0.04857,0.02433,0.3125,1.485,0.2747,0.046814,16.0,0.00961,0.01754,0.04382,36.039228,0.8125,0.07486,-0.03352,0.05454,1.773762,10.81,0.05491,0.04288,0.375,1.819,0.2104,0.050442,16.0,0.01337,0.02256,0.05231,50.254466,0.0459,1.480944,0.7917,8.596,0.9375,33.814804,15,50.254466,0.03375,0.3958,0.294,0,1,0.0438,0.01337,0.02256,0.05231,0.776,0,,,,,,,,,,,,,,,,,,,,,,,,,,,,,,,,,,,,,,,,,,,,,,,,,,,,,,,,,,,,,,,,,,,,,,,,,,,,,,,,,,,,,,BEL_data,,2026-09-08
Price_Above_SMA50 + CCI_Oversold,Price_Above_SMA50 + CCI_Oversold,combo_2,17,trend,Bullish,,,,,,,,,,,,,,,,,,0.8235,0.06241,-0.04095,0.044171,1.288537,7.857,0.0447,0.02334,0.2941,1.487,0.3039,0.042121,17.0,0.01056,0.0172,0.04306,29.261175,,,,,,,,,,,,,,,,,,0.060008,1.76445,0.7843,7.023,0.9412,33.709303,20,39.172319,0.04105,0.3922,0.3039,0,1,0.047379,0.01056,0.02655,0.08326,0.7622,0,0.7647,0.10743,-0.05272,0.069746,2.046421,6.623,0.06969,0.0618,0.4706,2.102,0.1768,0.052992,17.0,0.01056,0.02655,0.08326,39.172319,0.7647,0.10277,-0.05305,0.066107,1.958393,6.589,0.06792,0.038,0.4118,2.575,0.2543,0.047025,17.0,0.01389,0.03092,0.08326,37.298662,,,,,,,,,,,,,,,,,,,,,,,,,,,,,,,,,,,,,,,,,,,,,,,,,,,,BEL_data,,2026-09-08
MACD_Hist_Rising + CDL_Bullish3Outside,MACD_Hist_Rising + CDL_Bullish3Outside,combo_2,22,momentum,Bullish,0.8636,0.0229,-0.02549,0.016304,0.670946,7.876,0.01674,0.01049,0.4545,0.933,0.2438,0.013094,22.0,0.00911,0.01601,0.03016,16.568553,1.0,0.03789,0.0,0.037886,1.381703,,0.03736,0.03876,0.5,1.32,0.1715,0.031524,22.0,0.01907,0.03066,0.03473,4.332323,0.9545,0.05322,-0.07491,0.0474,1.680044,18.247,0.04718,0.02518,0.4091,1.617,0.1466,0.044522,22.0,0.02997,0.03113,0.0409,52.677695,0.033864,1.244231,0.9394,13.061,0.8636,33.692876,15,52.677695,0.02481,0.4545,0.2438,0,1,0.029713,0.02997,0.03113,0.0409,0.02946,1,,,,,,,,,,,,,,,,,,,,,,,,,,,,,,,,,,,,,,,,,,,,,,,,,,,,,,,,,,,,,,,,,,,,,,,,,,,,,,,,,,,,,,BEL_data,,2026-09-08
CCI_Oversold + VWAP_Bull,CCI_Oversold + VWAP_Bull,combo_2,58,momentum,Bullish,0.8621,0.02233,-0.03181,0.014865,0.395255,6.241,0.0152,0.00607,0.4483,0.983,0.1035,0.0124,58.0,0.007,0.01394,0.02165,10.058852,0.8966,0.04077,-0.04114,0.032293,0.922379,10.328,0.03307,0.01468,0.3793,1.39,0.114,0.026503,58.0,0.01415,0.02105,0.02848,37.61036,0.9138,0.04902,-0.02908,0.042287,1.293011,21.522,0.04411,0.03471,0.431,1.702,0.123,0.035338,58.0,0.01626,0.02252,0.04254,52.723016,0.029815,0.870215,0.8908,12.697,0.9483,33.648003,15,52.723016,0.01849,0.4195,0.123,0,1,0.024747,0.01626,0.02252,0.04254,0.11942,0,,,,,,,,,,,,,,,,,,,,,,,,,,,,,,,,,,,,,,,,,,,,,,,,,,,,,,,,,,,,,,,,,,,,,,,,,,,,,,,,,,,,,,BEL_data,,2026-09-08
Golden_Cross_State + CDL_Harami_Bull,Golden_Cross_State + CDL_Harami_Bull,combo_2,70,trend,Bullish,,,,,,,,,,,,,,,,,,0.7714,0.04449,-0.04173,0.024786,0.710635,4.296,0.02573,0.01122,0.4143,1.339,0.0977,0.021663,70.0,0.00844,0.01165,0.0222,13.014911,,,,,,,,,,,,,,,,,,0.04062,1.304895,0.8,6.405,0.9429,33.593136,30,74.716462,0.01925,0.419,0.0977,0,1,0.035033,0.01481,0.02328,0.05198,0.91336,0,0.8,0.06523,-0.05196,0.041791,1.318639,5.623,0.04216,0.02021,0.4429,1.893,0.0713,0.034627,70.0,0.00885,0.02005,0.03832,31.606865,0.8286,0.07581,-0.04394,0.055284,1.88541,9.297,0.05524,0.0263,0.4,2.319,0.0736,0.048809,70.0,0.01481,0.02328,0.05198,74.716462,,,,,,,,,,,,,,,,,,,,,,,,,,,,,,,,,,,,,,,,,,,,,,,,,,,,BEL_data,,2026-09-08
Price_Above_EMA200 + OBV_Rising,Price_Above_EMA200 + OBV_Rising,combo_2,292,trend,Bullish,,,,,,,,,,,,,,,,,,0.8253,0.02781,-0.04418,0.015239,0.487225,4.081,0.01627,0.00836,0.476,1.348,0.0308,0.012966,290.0,0.00884,0.01596,0.02423,11.29497,,,,,,,,,,,,,,,,,,0.031283,1.07341,0.8356,5.627,0.9692,33.250084,30,77.99845,0.01957,0.4532,0.0308,0,1,0.026934,0.016,0.03623,0.05169,0.88351,0,0.8253,0.04786,-0.05721,0.029513,0.996712,4.891,0.02941,0.01785,0.4452,1.907,0.0206,0.025449,290.0,0.01242,0.02371,0.03838,27.687713,0.8562,0.06738,-0.05971,0.049096,1.736292,7.909,0.04912,0.03252,0.4384,2.336,0.0185,0.042388,290.0,0.016,0.03623,0.05169,77.99845,,,,,,,,,,,,,,,,,,,,,,,,,,,,,,,,,,,,,,,,,,,,,,,,,,,,BEL_data,,2026-09-08
RSI_Cross50_Up + Golden_Cross_State,RSI_Cross50_Up + Golden_Cross_State,combo_2,76,trend,Bullish,,,,,,,,,,,,,,,,,,0.75,0.03465,-0.03517,0.017197,0.471857,3.943,0.01796,0.00515,0.4342,1.455,0.1074,0.017242,76.0,0.00823,0.01244,0.02048,8.081776,,,,,,,,,,,,,,,,,,0.035089,1.100722,0.8246,8.2,0.8421,33.017334,30,74.596406,0.01296,0.3991,0.1074,0,1,0.033466,0.02605,0.04284,0.05783,0.24396,0,0.8158,0.05497,-0.04675,0.036237,1.113003,5.954,0.03552,0.01351,0.3816,2.058,0.0643,0.035103,76.0,0.0117,0.02205,0.03645,28.787758,0.9079,0.06203,-0.04869,0.051833,1.717305,14.703,0.05225,0.02023,0.3816,2.52,0.0733,0.048053,76.0,0.02605,0.04284,0.05783,74.596406,,,,,,,,,,,,,,,,,,,,,,,,,,,,,,,,,,,,,,,,,,,,,,,,,,,,BEL_data,,2026-09-08
EMA_Bullish_State + OBV_Trend_Bull,EMA_Bullish_State + OBV_Trend_Bull,combo_2,55,momentum,Bullish,0.9091,0.02432,-0.04357,0.018152,0.625044,7.557,0.0192,0.01506,0.4364,0.977,0.138,0.011526,55.0,0.00909,0.01507,0.02203,19.012832,0.8727,0.04459,-0.04627,0.033028,1.110995,7.671,0.03364,0.01801,0.3636,1.382,0.0985,0.02529,55.0,0.01253,0.02324,0.03249,34.304164,0.8909,0.05628,-0.06277,0.043296,1.523834,8.098,0.04342,0.0334,0.4364,1.692,0.0752,0.031899,55.0,0.01567,0.03283,0.04426,49.675691,0.031492,1.086624,0.8909,7.775,0.9636,32.772647,15,49.675691,0.02216,0.4121,0.138,0,1,0.022905,0.01567,0.03283,0.04426,0.1246,0,,,,,,,,,,,,,,,,,,,,,,,,,,,,,,,,,,,,,,,,,,,,,,,,,,,,,,,,,,,,,,,,,,,,,,,,,,,,,,,,,,,,,,BEL_data,,2026-09-08
MACD_Hist_Rising + CDL_Bullish3Inside,MACD_Hist_Rising + CDL_Bullish3Inside,combo_2,20,momentum,Bullish,0.9,0.02951,-0.03224,0.023334,0.611269,10.494,0.02411,0.00706,0.4,0.98,0.2374,0.019474,20.0,0.00865,0.01466,0.02274,18.610235,0.95,0.05123,-0.0673,0.0453,1.314874,17.084,0.04596,0.02065,0.4,1.386,0.1727,0.044632,20.0,0.01506,0.02313,0.02725,40.031623,0.95,0.05622,-0.07151,0.049836,1.45512,18.229,0.05057,0.01738,0.4,1.697,0.176,0.049176,20.0,0.01506,0.02313,0.02933,44.301454,0.03949,1.127088,0.9333,15.269,0.95,32.598715,15,44.301454,0.01503,0.4,0.2374,0,1,0.037761,0.01506,0.02313,0.02933,0.18082,0,,,,,,,,,,,,,,,,,,,,,,,,,,,,,,,,,,,,,,,,,,,,,,,,,,,,,,,,,,,,,,,,,,,,,,,,,,,,,,,,,,,,,,BEL_data,,2026-09-08
EMA_Bullish_State + CDL_Bullish3Outside,EMA_Bullish_State + CDL_Bullish3Outside,combo_2,20,momentum,Bullish,0.85,0.02672,-0.00798,0.021512,0.869784,22.481,0.02187,0.00883,0.4,0.893,0.2547,0.017364,20.0,0.00675,0.01303,0.02557,26.48078,1.0,0.03556,0.0,0.035558,1.321195,,0.03531,0.00476,0.45,1.263,0.1912,0.028651,20.0,0.01736,0.03012,0.03206,4.022409,0.9,0.05319,-0.07097,0.040777,1.559448,8.275,0.04055,0.01859,0.35,1.547,0.1706,0.037323,20.0,0.02826,0.03068,0.04035,39.288486,0.032616,1.250142,0.9167,15.378,0.85,32.351736,15,39.288486,0.01073,0.4,0.2547,0,1,0.027779,0.02826,0.03068,0.04035,0.04069,1,,,,,,,,,,,,,,,,,,,,,,,,,,,,,,,,,,,,,,,,,,,,,,,,,,,,,,,,,,,,,,,,,,,,,,,,,,,,,,,,,,,,,,BEL_data,,2026-09-08
Price_Above_EMA200 + MACD_Hist_Rising,Price_Above_EMA200 + MACD_Hist_Rising,combo_2,165,trend,Bullish,,,,,,,,,,,,,,,,,,0.8182,0.02749,-0.03979,0.015253,0.490365,4.248,0.01593,0.00962,0.4667,1.331,0.0505,0.012443,163.0,0.00884,0.01491,0.02434,10.647382,,,,,,,,,,,,,,,,,,0.029605,1.028735,0.8424,6.531,0.9394,32.265771,30,80.934095,0.02055,0.4505,0.0505,0,1,0.024818,0.01602,0.03493,0.05016,0.49704,0,0.8303,0.04457,-0.04942,0.028621,0.994665,5.459,0.02858,0.02011,0.4545,1.882,0.0342,0.023313,163.0,0.01294,0.02682,0.03613,27.755345,0.8788,0.0582,-0.05118,0.04494,1.601175,9.888,0.04519,0.03194,0.4303,2.305,0.0359,0.038697,163.0,0.01602,0.03493,0.05016,80.934095,,,,,,,,,,,,,,,,,,,,,,,,,,,,,,,,,,,,,,,,,,,,,,,,,,,,BEL_data,,2026-09-08
MACD_Hist_Positive + VWAP_Bull,MACD_Hist_Positive + VWAP_Bull,combo_2,57,momentum,Bullish,0.8421,0.03399,-0.03233,0.023518,0.801774,6.275,0.02404,0.01841,0.4737,0.964,0.0994,0.018644,55.0,0.00755,0.01143,0.01687,20.428161,0.8772,0.04013,-0.03641,0.030729,1.08312,9.725,0.03171,0.02627,0.4386,1.363,0.1109,0.026022,55.0,0.0111,0.01993,0.03572,42.770652,0.8947,0.04022,-0.04856,0.030872,1.117581,9.106,0.03134,0.02344,0.4211,1.67,0.0806,0.024147,55.0,0.0174,0.03281,0.04673,41.321723,0.028373,1.000825,0.8713,8.369,0.9474,32.218558,10,42.770652,0.02271,0.4444,0.1109,0,1,0.022938,0.0111,0.01993,0.03572,0.23877,0,,,,,,,,,,,,,,,,,,,,,,,,,,,,,,,,,,,,,,,,,,,,,,,,,,,,,,,,,,,,,,,,,,,,,,,,,,,,,,,,,,,,,,BEL_data,,2026-09-08
MACD_Bullish_State + VWAP_Bull,MACD_Bullish_State + VWAP_Bull,combo_2,57,momentum,Bullish,0.8421,0.03399,-0.03233,0.023518,0.801774,6.275,0.02404,0.01841,0.4737,0.964,0.0994,0.018644,55.0,0.00755,0.01143,0.01687,20.428161,0.8772,0.04013,-0.03641,0.030729,1.08312,9.725,0.03171,0.02627,0.4386,1.363,0.1109,0.026022,55.0,0.0111,0.01993,0.03572,42.770652,0.8947,0.04022,-0.04856,0.030872,1.117581,9.106,0.03134,0.02344,0.4211,1.67,0.0806,0.024147,55.0,0.0174,0.03281,0.04673,41.321723,0.028373,1.000825,0.8713,8.369,0.9474,32.218558,10,42.770652,0.02271,0.4444,0.1109,0,1,0.022938,0.0111,0.01993,0.03572,0.23877,0,,,,,,,,,,,,,,,,,,,,,,,,,,,,,,,,,,,,,,,,,,,,,,,,,,,,,,,,,,,,,,,,,,,,,,,,,,,,,,,,,,,,,,BEL_data,,2026-09-08
OBV_Trend_Bull + CDL_Bullish3Outside,OBV_Trend_Bull + CDL_Bullish3Outside,combo_2,22,momentum,Bullish,0.8182,0.02854,-0.00572,0.022313,0.858096,24.333,0.02249,0.01049,0.4091,0.919,0.2352,0.017915,22.0,0.00735,0.01254,0.01956,26.905553,1.0,0.03755,0.0,0.037553,1.364202,,0.03736,0.00476,0.4545,1.3,0.1741,0.030747,22.0,0.01895,0.0304,0.03132,4.277448,0.9545,0.04582,-0.06654,0.04071,1.525874,18.357,0.0407,0.0166,0.3182,1.592,0.1641,0.03882,22.0,0.02997,0.03113,0.04369,47.843705,0.033525,1.249391,0.9242,21.345,0.8182,32.051929,15,47.843705,0.01062,0.3939,0.2352,0,1,0.029161,0.02997,0.03113,0.04369,0.02946,1,,,,,,,,,,,,,,,,,,,,,,,,,,,,,,,,,,,,,,,,,,,,,,,,,,,,,,,,,,,,,,,,,,,,,,,,,,,,,,,,,,,,,,BEL_data,,2026-09-08
MACD_Zero_Cross_Up + OBV_Rising,MACD_Zero_Cross_Up + OBV_Rising,combo_2,13,momentum,Bullish,0.9231,0.0404,-0.05312,0.033203,1.009877,9.345,0.0327,0.02697,0.4615,1.014,0.2353,0.019054,13.0,0.0111,0.02485,0.03592,24.90467,0.9231,0.0538,-0.05868,0.045146,1.363584,11.959,0.04484,0.04631,0.5385,1.433,0.2375,0.026417,13.0,0.0111,0.02557,0.04097,35.985776,0.8462,0.06706,-0.04397,0.049981,1.575195,8.597,0.04978,0.04263,0.4615,1.756,0.2475,0.029331,13.0,0.01994,0.03236,0.04917,35.737296,0.042777,1.316219,0.8974,9.967,0.9231,31.957294,10,35.985776,0.03864,0.4872,0.2475,0,1,0.024934,0.0111,0.02557,0.04097,0.38093,0,,,,,,,,,,,,,,,,,,,,,,,,,,,,,,,,,,,,,,,,,,,,,,,,,,,,,,,,,,,,,,,,,,,,,,,,,,,,,,,,,,,,,,BEL_data,,2026-09-08
VWAP_Bull + CDL_Bullish3Inside,VWAP_Bull + CDL_Bullish3Inside,combo_2,21,momentum,Bullish,0.9048,0.02539,-0.03224,0.019905,0.526884,9.95,0.02069,0.00317,0.3333,0.95,0.2498,0.016403,21.0,0.00936,0.0115,0.01861,16.205024,0.9524,0.04772,-0.0673,0.042238,1.234817,16.857,0.0429,0.01653,0.381,1.343,0.1749,0.040973,21.0,0.01545,0.01861,0.02425,38.16871,0.9524,0.05608,-0.07151,0.050007,1.484863,18.975,0.05074,0.02585,0.381,1.645,0.169,0.048286,21.0,0.01545,0.02425,0.03039,45.897732,0.037383,1.082188,0.9365,15.261,0.9524,31.857982,15,45.897732,0.01518,0.3651,0.2498,0,1,0.035221,0.01545,0.02425,0.03039,0.15983,0,,,,,,,,,,,,,,,,,,,,,,,,,,,,,,,,,,,,,,,,,,,,,,,,,,,,,,,,,,,,,,,,,,,,,,,,,,,,,,,,,,,,,,BEL_data,,2026-09-08
OBV_Rising + CDL_Bullish3Inside,OBV_Rising + CDL_Bullish3Inside,combo_2,22,momentum,Bullish,0.9091,0.02627,-0.03224,0.02095,0.547775,10.615,0.02173,0.00633,0.3636,0.974,0.2342,0.01753,22.0,0.00937,0.01229,0.02027,17.175465,0.9545,0.04643,-0.0673,0.041262,1.200652,17.165,0.04192,0.01819,0.3636,1.377,0.1717,0.040776,22.0,0.0157,0.01972,0.02504,37.646362,0.9545,0.05379,-0.07151,0.048096,1.425433,19.086,0.04883,0.02363,0.3636,1.687,0.168,0.047554,22.0,0.01577,0.02478,0.0315,44.694365,0.036769,1.057953,0.9394,15.622,0.9545,31.664243,15,44.694365,0.01605,0.3636,0.2342,0,1,0.035287,0.01577,0.02478,0.0315,0.14106,0,,,,,,,,,,,,,,,,,,,,,,,,,,,,,,,,,,,,,,,,,,,,,,,,,,,,,,,,,,,,,,,,,,,,,,,,,,,,,,,,,,,,,,BEL_data,,2026-09-08
Golden_Cross_State + MACD_Bullish_State,Golden_Cross_State + MACD_Bullish_State,combo_2,50,trend,Bullish,,,,,,,,,,,,,,,,,,0.9,0.03349,-0.03573,0.026564,0.971406,11.355,0.02735,0.01907,0.46,1.341,0.1354,0.022838,48.0,0.01232,0.0212,0.03332,38.193976,,,,,,,,,,,,,,,,,,0.031227,1.109325,0.8867,7.401,0.98,31.636881,30,38.476383,0.01435,0.42,0.1354,0,1,0.02756,0.01757,0.03717,0.05835,0.22284,0,0.88,0.03951,-0.08898,0.02409,0.830965,4.435,0.02413,0.00826,0.4,1.897,0.1182,0.022932,48.0,0.01659,0.03411,0.04802,14.490106,0.88,0.06074,-0.08686,0.043028,1.525604,6.414,0.04286,0.01572,0.4,2.324,0.0874,0.03691,48.0,0.01757,0.03717,0.05835,38.476383,,,,,,,,,,,,,,,,,,,,,,,,,,,,,,,,,,,,,,,,,,,,,,,,,,,,BEL_data,,2026-09-08
Golden_Cross_State + MACD_Hist_Positive,Golden_Cross_State + MACD_Hist_Positive,combo_2,50,trend,Bullish,,,,,,,,,,,,,,,,,,0.9,0.03349,-0.03573,0.026564,0.971406,11.355,0.02735,0.01907,0.46,1.341,0.1354,0.022838,48.0,0.01232,0.0212,0.03332,38.193976,,,,,,,,,,,,,,,,,,0.031227,1.109325,0.8867,7.401,0.98,31.636881,30,38.476383,0.01435,0.42,0.1354,0,1,0.02756,0.01757,0.03717,0.05835,0.22284,0,0.88,0.03951,-0.08898,0.02409,0.830965,4.435,0.02413,0.00826,0.4,1.897,0.1182,0.022932,48.0,0.01659,0.03411,0.04802,14.490106,0.88,0.06074,-0.08686,0.043028,1.525604,6.414,0.04286,0.01572,0.4,2.324,0.0874,0.03691,48.0,0.01757,0.03717,0.05835,38.476383,,,,,,,,,,,,,,,,,,,,,,,,,,,,,,,,,,,,,,,,,,,,,,,,,,,,BEL_data,,2026-09-08
Stoch_Bull_Zone + CDL_Bullish3Inside,Stoch_Bull_Zone + CDL_Bullish3Inside,combo_2,15,momentum,Bullish,0.9333,0.02989,-0.01352,0.026997,0.734045,38.988,0.02746,0.00317,0.4,0.967,0.304,0.022955,15.0,0.01023,0.01719,0.02498,20.352036,0.9333,0.0555,-0.0673,0.047314,1.311619,13.665,0.04796,0.01653,0.4,1.367,0.2162,0.047749,15.0,0.01434,0.02313,0.02757,36.365808,0.9333,0.0604,-0.07151,0.051608,1.368975,14.286,0.05233,0.00891,0.4,1.675,0.2247,0.052655,15.0,0.01434,0.02313,0.02757,37.956056,0.041973,1.138213,0.9333,22.313,1.0,31.557967,15,37.956056,0.00953,0.4,0.304,0,1,0.041119,0.01434,0.02313,0.02757,0.30139,0,,,,,,,,,,,,,,,,,,,,,,,,,,,,,,,,,,,,,,,,,,,,,,,,,,,,,,,,,,,,,,,,,,,,,,,,,,,,,,,,,,,,,,BEL_data,,2026-09-08
Golden_Cross_State + MACD_Cross_Up_Event,Golden_Cross_State + MACD_Cross_Up_Event,combo_2,49,trend,Bullish,,,,,,,,,,,,,,,,,,0.898,0.03577,-0.03573,0.028475,1.035441,11.362,0.02926,0.01929,0.4286,1.339,0.1354,0.023602,47.0,0.01219,0.02078,0.03467,40.506694,,,,,,,,,,,,,,,,,,0.031396,1.117395,0.8844,7.316,0.9796,31.325931,10,40.506694,0.01299,0.415,0.1354,0,1,0.027751,0.01219,0.02078,0.03467,0.24034,0,0.8776,0.04005,-0.08903,0.024241,0.837982,4.402,0.02429,0.00724,0.4082,1.893,0.1191,0.023664,47.0,0.01613,0.03519,0.05125,14.429104,0.8776,0.05939,-0.08691,0.041473,1.478764,6.183,0.0413,0.01244,0.4082,2.319,0.0906,0.035988,47.0,0.01752,0.03694,0.05721,35.76732,,,,,,,,,,,,,,,,,,,,,,,,,,,,,,,,,,,,,,,,,,,,,,,,,,,,BEL_data,,2026-09-08
EMA_Bullish_State + MACD_Cross_Up_Event,EMA_Bullish_State + MACD_Cross_Up_Event,combo_2,37,momentum,Bullish,0.8378,0.03653,-0.03277,0.025289,0.907632,6.454,0.02549,0.017,0.4054,0.951,0.144,0.019388,35.0,0.00625,0.01143,0.0176,21.309735,0.8378,0.04926,-0.03723,0.035235,1.249451,8.096,0.03613,0.02747,0.4054,1.345,0.1528,0.027458,35.0,0.00962,0.01717,0.0298,36.797405,0.8649,0.05514,-0.05409,0.040376,1.414253,7.697,0.04066,0.03027,0.4865,1.647,0.1029,0.032224,35.0,0.01521,0.03197,0.042,39.598306,0.033634,1.190445,0.8468,7.416,0.973,31.24579,15,39.598306,0.02491,0.4324,0.1528,0,1,0.026356,0.01521,0.03197,0.042,0.52829,0,,,,,,,,,,,,,,,,,,,,,,,,,,,,,,,,,,,,,,,,,,,,,,,,,,,,,,,,,,,,,,,,,,,,,,,,,,,,,,,,,,,,,,BEL_data,,2026-09-08
RSI_Cross50_Up + Price_Above_EMA200,RSI_Cross50_Up + Price_Above_EMA200,combo_2,75,trend,Bullish,,,,,,,,,,,,,,,,,,0.7467,0.03302,-0.03517,0.015747,0.436319,3.757,0.01649,0.00507,0.44,1.449,0.1126,0.016289,75.0,0.00811,0.01215,0.01953,7.098423,,,,,,,,,,,,,,,,,,0.034002,1.07611,0.8222,7.949,0.84,31.115979,30,73.002014,0.01195,0.4,0.1126,0,1,0.033172,0.02559,0.04206,0.05714,0.25766,0,0.8133,0.05484,-0.04675,0.03588,1.106337,5.86,0.03515,0.01178,0.3733,2.05,0.0654,0.03542,75.0,0.01156,0.02186,0.03623,28.077449,0.9067,0.06058,-0.0487,0.050381,1.685673,14.229,0.05079,0.019,0.3867,2.511,0.0757,0.047806,75.0,0.02559,0.04206,0.05714,73.002014,,,,,,,,,,,,,,,,,,,,,,,,,,,,,,,,,,,,,,,,,,,,,,,,,,,,BEL_data,,2026-09-08
Golden_Cross_State + Price_Above_SMA20,Golden_Cross_State + Price_Above_SMA20,combo_2,70,trend,Bullish,,,,,,,,,,,,,,,,,,0.8143,0.02978,-0.03461,0.017824,0.570008,5.098,0.01794,0.00474,0.4,1.427,0.1051,0.017442,70.0,0.00992,0.01726,0.02471,12.388043,,,,,,,,,,,,,,,,,,0.031223,1.016889,0.8429,7.829,0.9143,31.026954,30,73.069253,0.01185,0.4,0.1051,0,1,0.028748,0.02619,0.04005,0.05801,0.33379,0,0.8143,0.03892,-0.04115,0.02405,0.766495,5.679,0.02453,0.01027,0.4,2.017,0.0938,0.023996,70.0,0.01412,0.02241,0.03659,18.554085,0.9,0.06333,-0.05199,0.051796,1.714162,12.71,0.05173,0.02055,0.4,2.471,0.0716,0.044805,70.0,0.02619,0.04005,0.05801,73.069253,,,,,,,,,,,,,,,,,,,,,,,,,,,,,,,,,,,,,,,,,,,,,,,,,,,,BEL_data,,2026-09-08
OBV_Rising + CDL_Bullish3Outside,OBV_Rising + CDL_Bullish3Outside,combo_2,27,momentum,Bullish,0.8148,0.02127,-0.01493,0.014566,0.60738,8.506,0.01501,0.00837,0.4074,0.923,0.2263,0.012437,27.0,0.008,0.01231,0.01483,17.216215,1.0,0.03591,0.0,0.035912,1.279846,,0.03566,0.03382,0.4815,1.306,0.1446,0.030617,27.0,0.01666,0.0304,0.03224,4.264708,0.9259,0.05204,-0.0701,0.042994,1.550033,11.132,0.04277,0.02574,0.3704,1.599,0.1284,0.040637,27.0,0.02393,0.03113,0.04287,51.650261,0.031157,1.145753,0.9136,9.819,0.8148,30.546765,15,51.650261,0.02264,0.4198,0.2263,0,1,0.027897,0.02393,0.03113,0.04287,0.01311,1,,,,,,,,,,,,,,,,,,,,,,,,,,,,,,,,,,,,,,,,,,,,,,,,,,,,,,,,,,,,,,,,,,,,,,,,,,,,,,,,,,,,,,BEL_data,,2026-09-08
MACD_Bullish_State + CDL_Bullish3Outside,MACD_Bullish_State + CDL_Bullish3Outside,combo_2,16,momentum,Bullish,0.75,0.02668,-0.00572,0.018578,0.767817,14.791,0.01908,0.00883,0.4375,0.895,0.3131,0.010576,16.0,0.00563,0.01024,0.01324,21.75389,1.0,0.04007,0.0,0.040074,1.618345,,0.04064,0.02005,0.4375,1.266,0.2276,0.02574,16.0,0.01637,0.0292,0.03169,4.585117,0.9375,0.05443,-0.06654,0.046872,1.888878,14.755,0.04713,0.02716,0.375,1.55,0.2032,0.037826,16.0,0.02243,0.03077,0.03615,53.515941,0.035174,1.425013,0.8958,14.773,0.75,30.28025,15,53.515941,0.01868,0.4167,0.3131,0,1,0.024714,0.02243,0.03077,0.03615,0.07751,1,,,,,,,,,,,,,,,,,,,,,,,,,,,,,,,,,,,,,,,,,,,,,,,,,,,,,,,,,,,,,,,,,,,,,,,,,,,,,,,,,,,,,,BEL_data,,2026-09-08
MACD_Hist_Positive + CDL_Bullish3Outside,MACD_Hist_Positive + CDL_Bullish3Outside,combo_2,16,momentum,Bullish,0.75,0.02668,-0.00572,0.018578,0.767817,14.791,0.01908,0.00883,0.4375,0.895,0.3131,0.010576,16.0,0.00563,0.01024,0.01324,21.75389,1.0,0.04007,0.0,0.040074,1.618345,,0.04064,0.02005,0.4375,1.266,0.2276,0.02574,16.0,0.01637,0.0292,0.03169,4.585117,0.9375,0.05443,-0.06654,0.046872,1.888878,14.755,0.04713,0.02716,0.375,1.55,0.2032,0.037826,16.0,0.02243,0.03077,0.03615,53.515941,0.035174,1.425013,0.8958,14.773,0.75,30.28025,15,53.515941,0.01868,0.4167,0.3131,0,1,0.024714,0.02243,0.03077,0.03615,0.07751,1,,,,,,,,,,,,,,,,,,,,,,,,,,,,,,,,,,,,,,,,,,,,,,,,,,,,,,,,,,,,,,,,,,,,,,,,,,,,,,,,,,,,,,BEL_data,,2026-09-08
Price_Above_SMA50 + MACD_Hist_Positive,Price_Above_SMA50 + MACD_Hist_Positive,combo_2,55,trend,Bullish,,,,,,,,,,,,,,,,,,0.8545,0.03621,-0.03651,0.025634,0.861066,7.963,0.02682,0.01069,0.4727,1.354,0.1182,0.021539,53.0,0.00956,0.01752,0.03199,27.599081,,,,,,,,,,,,,,,,,,0.036226,1.222799,0.8545,6.347,0.9636,30.10619,30,39.170142,0.01969,0.4364,0.1182,0,1,0.028187,0.01578,0.03342,0.05998,0.43807,0,0.8727,0.04994,-0.08008,0.03339,1.112237,5.338,0.03339,0.01269,0.4182,1.914,0.0936,0.026001,53.0,0.01268,0.03246,0.05057,23.901131,0.8364,0.07431,-0.07635,0.049654,1.695094,5.741,0.04979,0.03569,0.4182,2.345,0.0794,0.03702,53.0,0.01578,0.03342,0.05998,39.170142,,,,,,,,,,,,,,,,,,,,,,,,,,,,,,,,,,,,,,,,,,,,,,,,,,,,BEL_data,,2026-09-08
Price_Above_SMA50 + MACD_Bullish_State,Price_Above_SMA50 + MACD_Bullish_State,combo_2,55,trend,Bullish,,,,,,,,,,,,,,,,,,0.8545,0.03621,-0.03651,0.025634,0.861066,7.963,0.02682,0.01069,0.4727,1.354,0.1182,0.021539,53.0,0.00956,0.01752,0.03199,27.599081,,,,,,,,,,,,,,,,,,0.036226,1.222799,0.8545,6.347,0.9636,30.10619,30,39.170142,0.01969,0.4364,0.1182,0,1,0.028187,0.01578,0.03342,0.05998,0.43807,0,0.8727,0.04994,-0.08008,0.03339,1.112237,5.338,0.03339,0.01269,0.4182,1.914,0.0936,0.026001,53.0,0.01268,0.03246,0.05057,23.901131,0.8364,0.07431,-0.07635,0.049654,1.695094,5.741,0.04979,0.03569,0.4182,2.345,0.0794,0.03702,53.0,0.01578,0.03342,0.05998,39.170142,,,,,,,,,,,,,,,,,,,,,,,,,,,,,,,,,,,,,,,,,,,,,,,,,,,,BEL_data,,2026-09-08
MACD_Cross_Up_Event + CMF_Strong_Bull,MACD_Cross_Up_Event + CMF_Strong_Bull,combo_2,15,momentum,Bullish,0.8667,0.04122,-0.02061,0.032972,1.120935,14.462,0.03353,0.00048,0.4,1.029,0.3076,0.031733,14.0,0.00786,0.017,0.02382,31.078908,0.9333,0.0435,-0.0539,0.037003,1.271079,16.722,0.03755,0.0116,0.4,1.456,0.3083,0.038969,14.0,0.01573,0.02083,0.03281,35.241803,0.8667,0.04809,-0.05838,0.033891,1.073861,7.623,0.03469,0.0598,0.5333,1.783,0.2389,0.04423,14.0,0.02152,0.03156,0.03638,22.696326,0.034622,1.155292,0.8889,12.935,0.9333,29.896058,10,35.241803,0.02396,0.4444,0.3083,0,1,0.038311,0.01573,0.02083,0.03281,0.329,0,,,,,,,,,,,,,,,,,,,,,,,,,,,,,,,,,,,,,,,,,,,,,,,,,,,,,,,,,,,,,,,,,,,,,,,,,,,,,,,,,,,,,,BEL_data,,2026-09-08
MACD_Hist_Rising + MACD_Zero_Cross_Up,MACD_Hist_Rising + MACD_Zero_Cross_Up,combo_2,18,momentum,Bullish,0.8889,0.03308,-0.03919,0.025051,0.789724,6.901,0.02486,0.01704,0.3889,0.995,0.215,0.014081,18.0,0.00935,0.02169,0.03118,16.046725,0.9444,0.03744,-0.05485,0.032314,0.951213,13.568,0.03204,0.00431,0.4444,1.407,0.2232,0.015778,18.0,0.01521,0.0316,0.04353,28.007884,0.8889,0.05345,-0.04337,0.042695,1.471185,10.477,0.04276,0.03426,0.3889,1.724,0.2054,0.022318,18.0,0.02559,0.04072,0.05362,43.318142,0.033354,1.070707,0.9074,10.315,0.9444,29.77486,15,43.318142,0.01854,0.4074,0.2232,0,1,0.017392,0.02559,0.04072,0.05362,0.23285,0,,,,,,,,,,,,,,,,,,,,,,,,,,,,,,,,,,,,,,,,,,,,,,,,,,,,,,,,,,,,,,,,,,,,,,,,,,,,,,,,,,,,,,BEL_data,,2026-09-08
Price_Above_SMA20 + Price_Above_EMA200,Price_Above_SMA20 + Price_Above_EMA200,combo_2,69,trend,Bullish,,,,,,,,,,,,,,,,,,0.8116,0.03066,-0.03461,0.018365,0.592893,4.998,0.01849,0.00507,0.4058,1.425,0.1072,0.017202,69.0,0.00984,0.01699,0.02573,12.589896,,,,,,,,,,,,,,,,,,0.03057,1.001973,0.8406,7.593,0.913,29.513031,30,70.877129,0.01106,0.401,0.1072,0,1,0.028293,0.0255,0.03957,0.0572,0.35048,0,0.8116,0.03809,-0.04115,0.023165,0.74474,5.53,0.02366,0.00909,0.3913,2.016,0.0962,0.023942,69.0,0.01383,0.02232,0.03726,17.497246,0.8986,0.06172,-0.05204,0.05018,1.668288,12.252,0.05012,0.01902,0.4058,2.469,0.0742,0.043736,69.0,0.0255,0.03957,0.0572,70.877129,,,,,,,,,,,,,,,,,,,,,,,,,,,,,,,,,,,,,,,,,,,,,,,,,,,,BEL_data,,2026-09-08
EMA_Bullish_State + BB_Lower_Touch,EMA_Bullish_State + BB_Lower_Touch,combo_2,21,momentum,Bullish,0.9048,0.0247,-0.0171,0.020722,0.638893,14.656,0.02287,0.01126,0.3333,0.959,0.3589,0.016309,21.0,0.01267,0.01993,0.02284,19.748448,0.9048,0.04712,-0.05186,0.03769,1.052097,10.672,0.0377,0.0164,0.2857,1.356,0.2808,0.025975,21.0,0.0239,0.02832,0.03648,32.52078,0.9048,0.04688,-0.01615,0.040881,1.160127,34.909,0.04198,0.01786,0.381,1.66,0.2633,0.026601,21.0,0.0239,0.03814,0.04081,35.860004,0.033098,0.950372,0.9048,20.079,1.0,29.376411,15,35.860004,0.01517,0.3333,0.3589,0,1,0.022962,0.0239,0.03814,0.04081,0.34884,0,,,,,,,,,,,,,,,,,,,,,,,,,,,,,,,,,,,,,,,,,,,,,,,,,,,,,,,,,,,,,,,,,,,,,,,,,,,,,,,,,,,,,,BEL_data,,2026-09-08
MACD_Cross_Up_Event + OBV_Rising,MACD_Cross_Up_Event + OBV_Rising,combo_2,49,momentum,Bullish,0.8571,0.03401,-0.04101,0.023296,0.809013,5.663,0.02383,0.02078,0.4898,0.962,0.1123,0.01905,47.0,0.00674,0.01278,0.01838,17.922416,0.8571,0.03825,-0.03651,0.027568,1.024414,8.038,0.02847,0.02627,0.4694,1.361,0.1339,0.024233,47.0,0.01072,0.02078,0.0349,32.214349,0.898,0.03993,-0.04848,0.030913,1.177021,9.581,0.03146,0.02457,0.449,1.667,0.0919,0.026664,47.0,0.02542,0.03322,0.04775,44.114237,0.027259,1.003483,0.8707,7.761,0.9592,29.22211,15,44.114237,0.02388,0.4694,0.1339,0,1,0.023316,0.02542,0.03322,0.04775,0.24584,0,,,,,,,,,,,,,,,,,,,,,,,,,,,,,,,,,,,,,,,,,,,,,,,,,,,,,,,,,,,,,,,,,,,,,,,,,,,,,,,,,,,,,,BEL_data,,2026-09-08
Williams_Oversold + VWAP_Bull,Williams_Oversold + VWAP_Bull,combo_2,79,momentum,Bullish,0.8734,0.02314,-0.03355,0.015962,0.453944,6.158,0.01688,0.01175,0.4051,0.963,0.1005,0.011369,79.0,0.00704,0.01527,0.02169,12.249352,0.8608,0.04191,-0.03707,0.030911,0.888978,8.09,0.03158,0.0156,0.3797,1.362,0.0931,0.022571,79.0,0.00852,0.01952,0.02761,31.513906,0.8481,0.05333,-0.03407,0.040056,1.153677,10.123,0.04051,0.01829,0.3544,1.668,0.0737,0.032427,79.0,0.00852,0.02095,0.03409,50.554431,0.028976,0.832199,0.8608,8.124,0.9747,28.874381,15,50.554431,0.01521,0.3797,0.1005,0,1,0.022123,0.00852,0.02095,0.03409,0.3033,0,,,,,,,,,,,,,,,,,,,,,,,,,,,,,,,,,,,,,,,,,,,,,,,,,,,,,,,,,,,,,,,,,,,,,,,,,,,,,,,,,,,,,,BEL_data,,2026-09-08
EMA_Bullish_State + CMF_Strong_Bull,EMA_Bullish_State + CMF_Strong_Bull,combo_2,51,momentum,Bullish,0.8824,0.023,-0.03698,0.015942,0.443157,5.893,0.01618,0.01372,0.4706,0.994,0.1402,0.01171,49.0,0.00577,0.01227,0.02336,10.3184,0.9412,0.02881,-0.05046,0.024151,0.740771,13.982,0.02527,0.02196,0.4706,1.406,0.1291,0.016617,49.0,0.01595,0.02736,0.03483,29.269659,0.9216,0.04339,-0.05878,0.035379,1.136621,11.723,0.03541,0.0152,0.451,1.722,0.0839,0.024432,49.0,0.01595,0.03261,0.04545,44.910657,0.025158,0.773516,0.915,10.532,0.9412,28.765652,15,44.910657,0.01696,0.4641,0.1402,0,1,0.017586,0.01595,0.03261,0.04545,0.04372,1,,,,,,,,,,,,,,,,,,,,,,,,,,,,,,,,,,,,,,,,,,,,,,,,,,,,,,,,,,,,,,,,,,,,,,,,,,,,,,,,,,,,,,BEL_data,,2026-09-08
MACD_Cross_Up_Event + VWAP_Bull,MACD_Cross_Up_Event + VWAP_Bull,combo_2,55,momentum,Bullish,0.8545,0.03223,-0.03674,0.022197,0.769295,5.837,0.02273,0.01841,0.4727,0.954,0.1061,0.017511,53.0,0.00745,0.01219,0.01751,18.075618,0.8727,0.0367,-0.03644,0.027387,0.99968,8.756,0.02836,0.01929,0.4727,1.35,0.1228,0.022978,53.0,0.01105,0.01913,0.03414,35.235684,0.8909,0.03946,-0.04856,0.029859,1.099546,8.668,0.03035,0.02344,0.4364,1.653,0.0846,0.023769,53.0,0.01728,0.03258,0.04475,38.365312,0.026481,0.956174,0.8727,7.754,0.9636,28.758626,15,38.365312,0.02038,0.4606,0.1228,0,1,0.021419,0.01728,0.03258,0.04475,0.27375,0,,,,,,,,,,,,,,,,,,,,,,,,,,,,,,,,,,,,,,,,,,,,,,,,,,,,,,,,,,,,,,,,,,,,,,,,,,,,,,,,,,,,,,BEL_data,,2026-09-08
Price_Above_EMA200 + MACD_Cross_Up_Event,Price_Above_EMA200 + MACD_Cross_Up_Event,combo_2,47,trend,Bullish,,,,,,,,,,,,,,,,,,0.8936,0.03422,-0.03573,0.026775,1.003582,10.603,0.02756,0.01929,0.4681,1.334,0.145,0.022324,45.0,0.01194,0.01993,0.03342,38.850695,,,,,,,,,,,,,,,,,,0.02992,1.100912,0.8794,6.863,0.9787,28.627395,10,38.850695,0.01299,0.4255,0.145,0,1,0.027478,0.01194,0.01993,0.03342,0.27825,0,0.8723,0.03898,-0.08915,0.022626,0.807904,4.164,0.02267,0.00724,0.4043,1.887,0.1257,0.023366,45.0,0.01521,0.03414,0.04811,13.024655,0.8723,0.059,-0.087,0.04036,1.491248,5.822,0.04019,0.01244,0.4043,2.311,0.0961,0.036745,45.0,0.0174,0.03647,0.05421,33.609451,,,,,,,,,,,,,,,,,,,,,,,,,,,,,,,,,,,,,,,,,,,,,,,,,,,,BEL_data,,2026-09-08
BB_Lower_Bounce + VWAP_Bull,BB_Lower_Bounce + VWAP_Bull,combo_2,36,momentum,Bullish,1.0,0.01869,0.0,0.01869,0.557512,,0.02116,0.01041,0.4444,0.965,0.237,0.017729,36.0,0.01231,0.01611,0.01979,2.01313,0.8889,0.03543,-0.02137,0.029118,0.900804,17.762,0.02942,0.00799,0.4167,1.365,0.1925,0.021691,36.0,0.01231,0.01951,0.02595,32.527278,0.8611,0.0541,-0.04723,0.04003,1.273925,8.182,0.04397,0.03676,0.4722,1.672,0.1939,0.028729,36.0,0.01231,0.0212,0.03816,37.639655,0.029279,0.910747,0.9167,12.972,0.8611,28.318783,15,37.639655,0.01838,0.4444,0.237,0,1,0.022716,0.01231,0.0212,0.03816,0.00221,1,,,,,,,,,,,,,,,,,,,,,,,,,,,,,,,,,,,,,,,,,,,,,,,,,,,,,,,,,,,,,,,,,,,,,,,,,,,,,,,,,,,,,,BEL_data,,2026-09-08
MACD_Cross_Up_Event + MACD_Hist_Rising,MACD_Cross_Up_Event + MACD_Hist_Rising,combo_2,56,momentum,Bullish,0.8571,0.03067,-0.03662,0.021061,0.737902,5.851,0.0216,0.01771,0.4643,0.962,0.1061,0.016565,54.0,0.0075,0.01244,0.01755,17.45547,0.875,0.03514,-0.03642,0.026198,0.96455,8.752,0.02718,0.01907,0.4821,1.36,0.1228,0.02229,54.0,0.01107,0.01951,0.03311,34.131873,0.8929,0.03851,-0.04856,0.02918,1.075518,8.668,0.02966,0.02041,0.4286,1.666,0.0846,0.023186,54.0,0.01734,0.03247,0.04189,37.691564,0.02548,0.92599,0.875,7.757,0.9643,28.003988,15,37.691564,0.01906,0.4583,0.1228,0,1,0.02068,0.01734,0.03247,0.04189,0.25584,0,,,,,,,,,,,,,,,,,,,,,,,,,,,,,,,,,,,,,,,,,,,,,,,,,,,,,,,,,,,,,,,,,,,,,,,,,,,,,,,,,,,,,,BEL_data,,2026-09-08
MACD_Cross_Up_Event + MACD_Hist_Positive,MACD_Cross_Up_Event + MACD_Hist_Positive,combo_2,56,momentum,Bullish,0.8571,0.03067,-0.03662,0.021061,0.737902,5.851,0.0216,0.01771,0.4643,0.962,0.1061,0.016565,54.0,0.0075,0.01244,0.01755,17.45547,0.875,0.03514,-0.03642,0.026198,0.96455,8.752,0.02718,0.01907,0.4821,1.36,0.1228,0.02229,54.0,0.01107,0.01951,0.03311,34.131873,0.8929,0.03851,-0.04856,0.02918,1.075518,8.668,0.02966,0.02041,0.4286,1.666,0.0846,0.023186,54.0,0.01734,0.03247,0.04189,37.691564,0.02548,0.92599,0.875,7.757,0.9643,28.003988,15,37.691564,0.01906,0.4583,0.1228,0,1,0.02068,0.01734,0.03247,0.04189,0.25584,0,,,,,,,,,,,,,,,,,,,,,,,,,,,,,,,,,,,,,,,,,,,,,,,,,,,,,,,,,,,,,,,,,,,,,,,,,,,,,,,,,,,,,,BEL_data,,2026-09-08
MACD_Cross_Up_Event,MACD_Cross_Up_Event,single,56,momentum,Bullish,0.8571,0.03067,-0.03662,0.021061,0.737902,5.851,0.0216,0.01771,0.4643,0.962,0.1061,0.016565,54.0,0.0075,0.01244,0.01755,17.45547,0.875,0.03514,-0.03642,0.026198,0.96455,8.752,0.02718,0.01907,0.4821,1.36,0.1228,0.02229,54.0,0.01107,0.01951,0.03311,34.131873,0.8929,0.03851,-0.04856,0.02918,1.075518,8.668,0.02966,0.02041,0.4286,1.666,0.0846,0.023186,54.0,0.01734,0.03247,0.04189,37.691564,0.02548,0.92599,0.875,7.757,0.9643,28.003988,15,37.691564,0.01906,0.4583,0.1228,0,1,0.02068,0.01734,0.03247,0.04189,0.25584,0,,,,,,,,,,,,,,,,,,,,,,,,,,,,,,,,,,,,,,,,,,,,,,,,,,,,,,,,,,,,,,,,,,,,,,,,,,,,,,,,,,,,,,BEL_data,,2026-09-08
MACD_Bullish_State + MACD_Cross_Up_Event,MACD_Bullish_State + MACD_Cross_Up_Event,combo_2,56,momentum,Bullish,0.8571,0.03067,-0.03662,0.021061,0.737902,5.851,0.0216,0.01771,0.4643,0.962,0.1061,0.016565,54.0,0.0075,0.01244,0.01755,17.45547,0.875,0.03514,-0.03642,0.026198,0.96455,8.752,0.02718,0.01907,0.4821,1.36,0.1228,0.02229,54.0,0.01107,0.01951,0.03311,34.131873,0.8929,0.03851,-0.04856,0.02918,1.075518,8.668,0.02966,0.02041,0.4286,1.666,0.0846,0.023186,54.0,0.01734,0.03247,0.04189,37.691564,0.02548,0.92599,0.875,7.757,0.9643,28.003988,15,37.691564,0.01906,0.4583,0.1228,0,1,0.02068,0.01734,0.03247,0.04189,0.25584,0,,,,,,,,,,,,,,,,,,,,,,,,,,,,,,,,,,,,,,,,,,,,,,,,,,,,,,,,,,,,,,,,,,,,,,,,,,,,,,,,,,,,,,BEL_data,,2026-09-08
MACD_Hist_Positive,MACD_Hist_Positive,single,57,momentum,Bullish,0.8421,0.03064,-0.03233,0.0207,0.725676,5.865,0.02124,0.017,0.4737,0.967,0.1061,0.016315,55.0,0.00755,0.01143,0.01687,17.281104,0.8772,0.03599,-0.03641,0.0271,0.983973,9.06,0.0281,0.01929,0.4737,1.368,0.1188,0.023375,55.0,0.0111,0.01993,0.03342,36.199506,0.8947,0.03755,-0.04856,0.028486,1.05098,8.668,0.02896,0.01738,0.4386,1.675,0.0846,0.022748,55.0,0.0174,0.03249,0.04321,36.98976,0.025429,0.92021,0.8713,7.864,0.9474,27.838305,15,36.98976,0.01789,0.462,0.1188,0,1,0.020813,0.0174,0.03249,0.04321,0.23877,0,,,,,,,,,,,,,,,,,,,,,,,,,,,,,,,,,,,,,,,,,,,,,,,,,,,,,,,,,,,,,,,,,,,,,,,,,,,,,,,,,,,,,,BEL_data,,2026-09-08
MACD_Bullish_State,MACD_Bullish_State,single,57,momentum,Bullish,0.8421,0.03064,-0.03233,0.0207,0.725676,5.865,0.02124,0.017,0.4737,0.967,0.1061,0.016315,55.0,0.00755,0.01143,0.01687,17.281104,0.8772,0.03599,-0.03641,0.0271,0.983973,9.06,0.0281,0.01929,0.4737,1.368,0.1188,0.023375,55.0,0.0111,0.01993,0.03342,36.199506,0.8947,0.03755,-0.04856,0.028486,1.05098,8.668,0.02896,0.01738,0.4386,1.675,0.0846,0.022748,55.0,0.0174,0.03249,0.04321,36.98976,0.025429,0.92021,0.8713,7.864,0.9474,27.838305,15,36.98976,0.01789,0.462,0.1188,0,1,0.020813,0.0174,0.03249,0.04321,0.23877,0,,,,,,,,,,,,,,,,,,,,,,,,,,,,,,,,,,,,,,,,,,,,,,,,,,,,,,,,,,,,,,,,,,,,,,,,,,,,,,,,,,,,,,BEL_data,,2026-09-08
MACD_Bullish_State + MACD_Hist_Positive,MACD_Bullish_State + MACD_Hist_Positive,combo_2,57,momentum,Bullish,0.8421,0.03064,-0.03233,0.0207,0.725676,5.865,0.02124,0.017,0.4737,0.967,0.1061,0.016315,55.0,0.00755,0.01143,0.01687,17.281104,0.8772,0.03599,-0.03641,0.0271,0.983973,9.06,0.0281,0.01929,0.4737,1.368,0.1188,0.023375,55.0,0.0111,0.01993,0.03342,36.199506,0.8947,0.03755,-0.04856,0.028486,1.05098,8.668,0.02896,0.01738,0.4386,1.675,0.0846,0.022748,55.0,0.0174,0.03249,0.04321,36.98976,0.025429,0.92021,0.8713,7.864,0.9474,27.838305,15,36.98976,0.01789,0.462,0.1188,0,1,0.020813,0.0174,0.03249,0.04321,0.23877,0,,,,,,,,,,,,,,,,,,,,,,,,,,,,,,,,,,,,,,,,,,,,,,,,,,,,,,,,,,,,,,,,,,,,,,,,,,,,,,,,,,,,,,BEL_data,,2026-09-08
Price_Above_EMA200 + MACD_Hist_Positive,Price_Above_EMA200 + MACD_Hist_Positive,combo_2,51,trend,Bullish,,,,,,,,,,,,,,,,,,0.902,0.03385,-0.03573,0.027026,0.986407,11.336,0.02781,0.01929,0.4706,1.337,0.1355,0.021463,49.0,0.01244,0.02163,0.03608,38.97535,,,,,,,,,,,,,,,,,,0.027659,0.994417,0.8889,7.19,0.9804,27.695639,10,38.97535,0.00974,0.4118,0.1355,0,1,0.024043,0.01244,0.02163,0.03608,0.20632,0,0.8824,0.03279,-0.08892,0.018475,0.65497,4.172,0.01852,-0.00229,0.3725,1.891,0.1257,0.018654,49.0,0.01705,0.03608,0.0474,10.798039,0.8824,0.05405,-0.08681,0.037475,1.341875,6.061,0.03731,0.01222,0.3922,2.315,0.0925,0.032013,49.0,0.01763,0.03624,0.04829,32.133685,,,,,,,,,,,,,,,,,,,,,,,,,,,,,,,,,,,,,,,,,,,,,,,,,,,,BEL_data,,2026-09-08
Price_Above_EMA200 + MACD_Bullish_State,Price_Above_EMA200 + MACD_Bullish_State,combo_2,51,trend,Bullish,,,,,,,,,,,,,,,,,,0.902,0.03385,-0.03573,0.027026,0.986407,11.336,0.02781,0.01929,0.4706,1.337,0.1355,0.021463,49.0,0.01244,0.02163,0.03608,38.97535,,,,,,,,,,,,,,,,,,0.027659,0.994417,0.8889,7.19,0.9804,27.695639,10,38.97535,0.00974,0.4118,0.1355,0,1,0.024043,0.01244,0.02163,0.03608,0.20632,0,0.8824,0.03279,-0.08892,0.018475,0.65497,4.172,0.01852,-0.00229,0.3725,1.891,0.1257,0.018654,49.0,0.01705,0.03608,0.0474,10.798039,0.8824,0.05405,-0.08681,0.037475,1.341875,6.061,0.03731,0.01222,0.3922,2.315,0.0925,0.032013,49.0,0.01763,0.03624,0.04829,32.133685,,,,,,,,,,,,,,,,,,,,,,,,,,,,,,,,,,,,,,,,,,,,,,,,,,,,BEL_data,,2026-09-08
RSI_Bull_Momentum + CDL_Harami_Bull,RSI_Bull_Momentum + CDL_Harami_Bull,combo_2,41,momentum,Bullish,0.8049,0.02391,-0.03287,0.012833,0.4653,4.025,0.0126,0.01061,0.4878,0.981,0.1202,0.007913,41.0,0.00474,0.00978,0.0194,7.000715,0.8537,0.04007,-0.02851,0.030032,1.038773,8.901,0.03093,0.02024,0.439,1.387,0.1697,0.023697,41.0,0.01,0.0245,0.0384,34.559438,0.878,0.07053,-0.06449,0.054065,1.857142,8.364,0.05661,0.03571,0.3902,1.699,0.1436,0.046058,41.0,0.01392,0.03902,0.05148,58.05813,0.03231,1.120405,0.8455,7.097,0.9268,27.544948,15,58.05813,0.02219,0.439,0.1697,0,1,0.025889,0.01392,0.03902,0.05148,0.4213,0,,,,,,,,,,,,,,,,,,,,,,,,,,,,,,,,,,,,,,,,,,,,,,,,,,,,,,,,,,,,,,,,,,,,,,,,,,,,,,,,,,,,,,BEL_data,,2026-09-08
Stoch_Bull_Zone + CDL_Bullish3Outside,Stoch_Bull_Zone + CDL_Bullish3Outside,combo_2,17,momentum,Bullish,0.8235,0.02178,-0.02596,0.013354,0.490987,6.186,0.01378,-0.00535,0.3529,1.015,0.3091,0.014015,17.0,0.0096,0.0136,0.01925,8.779322,1.0,0.04351,0.0,0.043513,1.427181,,0.04299,0.06432,0.5882,1.436,0.1924,0.043981,17.0,0.02435,0.03113,0.04933,4.125083,0.9412,0.05421,-0.07615,0.046537,1.501971,14.8,0.04632,0.02178,0.4118,1.758,0.1778,0.05192,17.0,0.02443,0.03483,0.05155,43.412538,0.034468,1.140046,0.9216,10.493,0.8235,27.136591,15,43.412538,0.02692,0.451,0.3091,0,1,0.036639,0.02443,0.03483,0.05155,0.06599,1,,,,,,,,,,,,,,,,,,,,,,,,,,,,,,,,,,,,,,,,,,,,,,,,,,,,,,,,,,,,,,,,,,,,,,,,,,,,,,,,,,,,,,BEL_data,,2026-09-08
BB_Lower_Touch + Stoch_Oversold,BB_Lower_Touch + Stoch_Oversold,combo_2,22,mean_rev,Bullish,1.0,0.02715,0.0,0.027154,0.928437,,0.02992,0.0272,0.5,0.96,0.293,0.024544,22.0,0.02208,0.02323,0.02559,2.91111,,,,,,,,,,,,,,,,,,,,,,,,,,,,,,,,,,,0.026262,0.901905,0.9848,39.119,0.9545,26.993753,3,17.168918,0.02394,0.4242,0.3127,0,1,0.021982,0.01485,0.01813,0.02214,0.02401,1,,,,,,,,,,,,,,,,,,,,,,,,,,,,,,,,,,,0.9545,0.01645,-0.01162,0.015177,0.547567,39.119,0.01517,0.01299,0.3636,0.744,0.1604,0.011009,22.0,0.01485,0.01813,0.02214,17.168918,1.0,0.03645,0.0,0.036454,1.22971,,0.04024,0.03161,0.4091,1.136,0.3127,0.030393,22.0,0.02259,0.02683,0.04137,3.855749,,,,,,,,,,,,,,,,,,BEL_data,,2026-09-08
RSI_Bull_Momentum + MACD_Cross_Up_Event,RSI_Bull_Momentum + MACD_Cross_Up_Event,combo_2,41,momentum,Bullish,0.878,0.02791,-0.0342,0.020337,0.744694,7.064,0.02062,0.017,0.4634,0.976,0.1228,0.017462,39.0,0.00944,0.01244,0.01951,19.662502,0.8537,0.03213,-0.03135,0.02284,0.854481,7.835,0.02351,0.01884,0.4878,1.381,0.142,0.019786,39.0,0.01097,0.01705,0.03184,25.024651,0.9024,0.03672,-0.04365,0.028879,1.07937,10.551,0.02944,0.01738,0.439,1.691,0.1157,0.024222,39.0,0.01705,0.03184,0.04409,40.34328,0.024019,0.892848,0.878,8.483,0.9512,26.929714,15,40.34328,0.01774,0.4634,0.142,0,1,0.02049,0.01705,0.03184,0.04409,0.25251,0,,,,,,,,,,,,,,,,,,,,,,,,,,,,,,,,,,,,,,,,,,,,,,,,,,,,,,,,,,,,,,,,,,,,,,,,,,,,,,,,,,,,,,BEL_data,,2026-09-08
EMA_Bullish_State + MACD_Bullish_State,EMA_Bullish_State + MACD_Bullish_State,combo_2,46,momentum,Bullish,0.8478,0.03094,-0.03995,0.020154,0.721034,4.856,0.02075,0.01198,0.413,0.955,0.1342,0.015084,44.0,0.006,0.01118,0.01857,13.479343,0.8478,0.04054,-0.03283,0.029375,1.034815,8.525,0.03028,0.0204,0.3913,1.351,0.1404,0.021758,44.0,0.00959,0.01763,0.03105,33.965183,0.8913,0.04501,-0.05409,0.034235,1.233976,8.278,0.03452,0.02446,0.4565,1.655,0.0954,0.024683,44.0,0.01734,0.03247,0.04401,39.330731,0.027921,0.996608,0.8623,7.22,0.9565,26.497972,15,39.330731,0.01895,0.4203,0.1404,0,1,0.020508,0.01734,0.03247,0.04401,0.30465,0,,,,,,,,,,,,,,,,,,,,,,,,,,,,,,,,,,,,,,,,,,,,,,,,,,,,,,,,,,,,,,,,,,,,,,,,,,,,,,,,,,,,,,BEL_data,,2026-09-08
EMA_Bullish_State + MACD_Hist_Positive,EMA_Bullish_State + MACD_Hist_Positive,combo_2,46,momentum,Bullish,0.8478,0.03094,-0.03995,0.020154,0.721034,4.856,0.02075,0.01198,0.413,0.955,0.1342,0.015084,44.0,0.006,0.01118,0.01857,13.479343,0.8478,0.04054,-0.03283,0.029375,1.034815,8.525,0.03028,0.0204,0.3913,1.351,0.1404,0.021758,44.0,0.00959,0.01763,0.03105,33.965183,0.8913,0.04501,-0.05409,0.034235,1.233976,8.278,0.03452,0.02446,0.4565,1.655,0.0954,0.024683,44.0,0.01734,0.03247,0.04401,39.330731,0.027921,0.996608,0.8623,7.22,0.9565,26.497972,15,39.330731,0.01895,0.4203,0.1404,0,1,0.020508,0.01734,0.03247,0.04401,0.30465,0,,,,,,,,,,,,,,,,,,,,,,,,,,,,,,,,,,,,,,,,,,,,,,,,,,,,,,,,,,,,,,,,,,,,,,,,,,,,,,,,,,,,,,BEL_data,,2026-09-08
BB_Lower_Touch,BB_Lower_Touch,single,36,mean_rev,Bullish,0.9444,0.02897,-0.01319,0.026626,0.8389,36.418,0.02759,0.01476,0.3889,0.956,0.1908,0.022917,36.0,0.0152,0.02205,0.02512,30.291992,,,,,,,,,,,,,,,,,,,,,,,,,,,,,,,,,,,0.025905,0.817297,0.9259,36.619,0.8889,26.232825,7,38.657517,0.0137,0.3796,0.2049,0,1,0.022362,0.0208,0.02479,0.03078,0.02624,1,,,,,,,,,,,,,,,,,,,,,,,,,,,,,,,,,,,0.8611,0.02067,-0.00993,0.016417,0.542418,15.812,0.01782,0.01434,0.4167,0.74,0.177,0.013749,36.0,0.00603,0.01307,0.01934,19.586275,0.9722,0.03632,-0.02315,0.034673,1.070573,57.628,0.03563,0.01201,0.3333,1.131,0.2049,0.03042,36.0,0.0208,0.02479,0.03078,38.657517,,,,,,,,,,,,,,,,,,BEL_data,,2026-09-08
VWAP_Bull + CDL_Bullish3Outside,VWAP_Bull + CDL_Bullish3Outside,combo_2,26,momentum,Bullish,0.8077,0.02049,-0.01495,0.013673,0.592841,8.016,0.01411,0.00521,0.3846,0.909,0.2398,0.012242,26.0,0.00784,0.01207,0.01467,15.663069,1.0,0.03395,0.0,0.033949,1.243079,,0.0337,0.02005,0.4615,1.285,0.1545,0.029754,26.0,0.01637,0.03035,0.03169,4.096984,0.9231,0.04723,-0.07023,0.038198,1.445144,9.921,0.03797,0.02376,0.3462,1.574,0.1438,0.037315,26.0,0.02243,0.03077,0.04168,47.251169,0.028607,1.093688,0.9103,8.968,0.8077,26.110838,15,47.251169,0.01634,0.3974,0.2398,0,1,0.026437,0.02243,0.03077,0.04168,0.01542,1,,,,,,,,,,,,,,,,,,,,,,,,,,,,,,,,,,,,,,,,,,,,,,,,,,,,,,,,,,,,,,,,,,,,,,,,,,,,,,,,,,,,,,BEL_data,,2026-09-08
BB_Lower_Bounce + OBV_Rising,BB_Lower_Bounce + OBV_Rising,combo_2,33,momentum,Bullish,1.0,0.01837,0.0,0.018369,0.558207,,0.02083,0.01008,0.4242,0.947,0.2568,0.016872,33.0,0.01228,0.01596,0.0183,1.968439,0.8788,0.03583,-0.02137,0.028894,0.915045,16.608,0.02919,0.00756,0.3939,1.34,0.2059,0.020999,33.0,0.01228,0.01747,0.02354,32.267799,0.8485,0.04843,-0.04723,0.033939,1.10279,6.825,0.03786,0.03116,0.4848,1.641,0.2309,0.023886,33.0,0.01228,0.01815,0.03562,26.539605,0.027067,0.858681,0.9091,11.716,0.8485,25.692273,10,32.267799,0.01627,0.4343,0.2568,0,1,0.020586,0.01228,0.01747,0.02354,0.00371,1,,,,,,,,,,,,,,,,,,,,,,,,,,,,,,,,,,,,,,,,,,,,,,,,,,,,,,,,,,,,,,,,,,,,,,,,,,,,,,,,,,,,,,BEL_data,,2026-09-08
BB_Lower_Touch + Williams_Oversold,BB_Lower_Touch + Williams_Oversold,combo_2,33,mean_rev,Bullish,0.9394,0.02942,-0.01397,0.026789,0.854059,32.323,0.02775,0.01403,0.3939,0.944,0.2046,0.023672,33.0,0.01395,0.02078,0.02401,30.11721,,,,,,,,,,,,,,,,,,,,,,,,,,,,,,,,,,,0.026016,0.828474,0.9192,32.658,0.8788,25.673763,7,38.712543,0.01278,0.3838,0.2187,0,1,0.022984,0.02028,0.02333,0.02864,0.03903,1,,,,,,,,,,,,,,,,,,,,,,,,,,,,,,,,,,,0.8485,0.02061,-0.00993,0.015985,0.533558,14.551,0.01739,0.01381,0.4242,0.731,0.1924,0.013706,33.0,0.00542,0.01283,0.01926,18.815164,0.9697,0.03714,-0.02449,0.035275,1.097804,51.101,0.03623,0.01049,0.3333,1.117,0.2187,0.031576,33.0,0.02028,0.02333,0.02864,38.712543,,,,,,,,,,,,,,,,,,BEL_data,,2026-09-08
CMF_Positive + CCI_Exit_Oversold,CMF_Positive + CCI_Exit_Oversold,combo_2,15,momentum,Bullish,0.8667,0.02309,-0.04532,0.013966,0.296046,4.559,0.01556,0.00683,0.4,1.102,0.3757,0.010768,15.0,0.01283,0.02118,0.02358,3.742433,0.9333,0.04344,-0.00688,0.040088,1.07295,115.971,0.04062,0.03418,0.4667,1.559,0.2494,0.034141,15.0,0.0202,0.02887,0.05454,29.748478,1.0,0.06255,0.0,0.062547,1.795994,,0.06247,0.02239,0.4667,1.909,0.2192,0.055704,15.0,0.0202,0.03935,0.05454,4.979552,0.038867,1.054997,0.9333,60.265,0.8667,25.350619,10,29.748478,0.02113,0.4444,0.3757,0,1,0.033537,0.0202,0.02887,0.05454,0.08986,1,,,,,,,,,,,,,,,,,,,,,,,,,,,,,,,,,,,,,,,,,,,,,,,,,,,,,,,,,,,,,,,,,,,,,,,,,,,,,,,,,,,,,,BEL_data,,2026-09-08
CMF_Positive + CDL_Harami_Bull,CMF_Positive + CDL_Harami_Bull,combo_2,35,momentum,Bullish,0.8286,0.03355,-0.04159,0.020668,0.622032,4.703,0.02193,0.01863,0.4857,1.028,0.1603,0.018572,35.0,0.00609,0.01454,0.02142,10.483471,0.8571,0.04455,-0.03397,0.03333,0.906185,9.508,0.0339,0.01342,0.4,1.454,0.1306,0.027581,35.0,0.01157,0.02172,0.02381,30.875305,0.8857,0.0675,-0.08118,0.050511,1.509252,7.71,0.04992,0.0301,0.4571,1.78,0.1059,0.044672,35.0,0.01688,0.02255,0.03932,41.699531,0.034836,1.01249,0.8571,7.307,0.9429,24.99694,15,41.699531,0.02072,0.4476,0.1603,0,1,0.030275,0.01688,0.02255,0.03932,0.39331,0,,,,,,,,,,,,,,,,,,,,,,,,,,,,,,,,,,,,,,,,,,,,,,,,,,,,,,,,,,,,,,,,,,,,,,,,,,,,,,,,,,,,,,BEL_data,,2026-09-08
EMA_Bullish_State + BB_Expansion_Bull,EMA_Bullish_State + BB_Expansion_Bull,combo_2,30,momentum,Bullish,0.9,0.02548,-0.04673,0.018255,0.568756,5.777,0.01816,0.02065,0.5667,1.001,0.1225,0.016645,30.0,0.01151,0.0218,0.02557,11.283043,0.9333,0.02457,-0.03721,0.020451,0.666892,14.028,0.02073,0.01865,0.5,1.415,0.13,0.016734,30.0,0.01733,0.02534,0.0319,22.900984,0.9,0.04248,-0.04984,0.033248,1.068705,9.4,0.03301,0.03821,0.5667,1.733,0.1115,0.020072,30.0,0.01733,0.03382,0.05187,34.498825,0.023985,0.768118,0.9111,9.735,0.9667,24.822854,15,34.498825,0.02584,0.5444,0.13,0,1,0.017817,0.01733,0.03382,0.05187,0.15925,0,,,,,,,,,,,,,,,,,,,,,,,,,,,,,,,,,,,,,,,,,,,,,,,,,,,,,,,,,,,,,,,,,,,,,,,,,,,,,,,,,,,,,,BEL_data,,2026-09-08
Price_Above_SMA20 + MACD_Cross_Up_Event,Price_Above_SMA20 + MACD_Cross_Up_Event,combo_2,49,momentum,Bullish,0.8571,0.0333,-0.04101,0.022685,0.789107,5.52,0.02322,0.01841,0.4694,0.96,0.1152,0.018964,47.0,0.00674,0.01194,0.01838,17.039148,0.8571,0.03626,-0.03651,0.025863,0.951537,7.812,0.02677,0.02627,0.5102,1.358,0.1376,0.021668,47.0,0.01072,0.0174,0.03301,29.078383,0.8776,0.03783,-0.04856,0.027254,1.024265,7.621,0.02782,0.02434,0.4694,1.663,0.096,0.022817,47.0,0.01613,0.03222,0.04541,30.53689,0.025267,0.921636,0.8639,6.984,0.9796,24.66699,15,30.53689,0.02301,0.483,0.1376,0,1,0.02115,0.01613,0.03222,0.04541,0.39804,0,,,,,,,,,,,,,,,,,,,,,,,,,,,,,,,,,,,,,,,,,,,,,,,,,,,,,,,,,,,,,,,,,,,,,,,,,,,,,,,,,,,,,,BEL_data,,2026-09-08
STRAT_Volume_MACD_Bull,Volume_Spike + MACD_Cross_Up_Event,combo_2,17,volume,Bullish,,,,,,,,,,,,,,,,,,0.9412,0.03396,-0.07645,0.027461,1.051162,12.265,0.02833,-0.02328,0.4118,1.443,0.2958,0.035863,17.0,0.0174,0.0279,0.03342,30.382504,,,,,,,,,,,,,,,,,,0.024477,0.888786,0.9216,13.388,0.9412,24.178101,10,30.382504,-0.00254,0.4314,0.3642,0,1,0.028582,0.0174,0.0279,0.03342,0.25848,0,,,,,,,,,,,,,,,,,,,,,,,,,,,,,,,,,,,0.8824,0.02348,-0.01716,0.018699,0.628729,12.321,0.01931,0.0123,0.4118,0.79,0.3642,0.019406,17.0,0.00802,0.01542,0.02491,18.172607,0.9412,0.03188,-0.04651,0.02727,0.986468,15.578,0.02773,0.00337,0.4706,1.207,0.2417,0.030476,17.0,0.0173,0.0279,0.03342,28.512587,,,,,,,,,,,,,,,,,,BEL_data,,2026-09-08
RSI_Bull_Momentum + Stoch_Cross_Up,RSI_Bull_Momentum + Stoch_Cross_Up,combo_2,77,momentum,Bullish,0.8052,0.02743,-0.03158,0.015933,0.51857,4.391,0.01682,0.00938,0.4805,0.98,0.1057,0.011945,76.0,0.00532,0.00929,0.02501,9.921238,0.8312,0.04584,-0.04649,0.030252,0.975441,5.615,0.03065,0.01907,0.4156,1.386,0.0769,0.026405,76.0,0.00906,0.02607,0.03799,23.862769,0.8571,0.04886,-0.04092,0.036035,1.251857,9.079,0.03612,0.01404,0.3896,1.698,0.062,0.03107,76.0,0.01105,0.02932,0.04532,49.519161,0.027406,0.91529,0.8312,6.362,0.9481,24.051504,15,49.519161,0.01416,0.4286,0.1057,0,1,0.02314,0.01105,0.02932,0.04532,0.53124,0,,,,,,,,,,,,,,,,,,,,,,,,,,,,,,,,,,,,,,,,,,,,,,,,,,,,,,,,,,,,,,,,,,,,,,,,,,,,,,,,,,,,,,BEL_data,,2026-09-08
RSI_Bull_Momentum + EMA_Bullish_State,RSI_Bull_Momentum + EMA_Bullish_State,combo_2,101,momentum,Bullish,0.8614,0.01785,-0.04582,0.009021,0.297293,3.467,0.00991,0.00508,0.4752,1.003,0.0969,0.005317,101.0,0.00661,0.01244,0.02185,4.767619,0.8218,0.04003,-0.0315,0.027281,0.886893,6.991,0.0286,0.01884,0.4257,1.419,0.0711,0.021364,101.0,0.01,0.01754,0.03382,28.676677,0.8614,0.05377,-0.04361,0.040275,1.361239,8.653,0.0413,0.02199,0.4356,1.738,0.0738,0.030656,101.0,0.01311,0.03208,0.04392,54.478198,0.025525,0.848475,0.8482,6.371,0.9604,24.009301,15,54.478198,0.0153,0.4455,0.0969,0,1,0.019112,0.01311,0.03208,0.04392,0.38946,0,,,,,,,,,,,,,,,,,,,,,,,,,,,,,,,,,,,,,,,,,,,,,,,,,,,,,,,,,,,,,,,,,,,,,,,,,,,,,,,,,,,,,,BEL_data,,2026-09-08
EMA_Bullish_State + BB_Lower_Bounce,EMA_Bullish_State + BB_Lower_Bounce,combo_2,18,momentum,Bullish,1.0,0.02484,0.0,0.02484,0.722891,,0.02724,0.014,0.4444,0.98,0.3735,0.018406,18.0,0.01172,0.01596,0.01843,2.128508,0.8889,0.0465,-0.02355,0.03872,1.072348,21.463,0.03901,0.00405,0.3889,1.387,0.2903,0.02502,18.0,0.01218,0.01596,0.02126,31.574625,0.8333,0.06435,-0.06062,0.043519,1.134583,6.69,0.04734,0.0437,0.5,1.698,0.313,0.025104,18.0,0.01218,0.01596,0.02126,22.348304,0.035693,0.976607,0.9074,14.076,0.8333,23.963,10,31.574625,0.02058,0.4444,0.3735,0,1,0.022843,0.01218,0.01596,0.02126,0.04809,1,,,,,,,,,,,,,,,,,,,,,,,,,,,,,,,,,,,,,,,,,,,,,,,,,,,,,,,,,,,,,,,,,,,,,,,,,,,,,,,,,,,,,,BEL_data,,2026-09-08
Stoch_Bull_Zone + CCI_Exit_Oversold,Stoch_Bull_Zone + CCI_Exit_Oversold,combo_2,45,momentum,Bullish,0.8444,0.02066,-0.03277,0.012351,0.278883,4.726,0.01343,0.001,0.3778,1.035,0.2,0.009582,45.0,0.00819,0.0109,0.01855,5.045947,0.8222,0.04811,-0.02447,0.035204,1.068973,10.281,0.03567,0.03418,0.4889,1.463,0.1281,0.026866,45.0,0.00932,0.01423,0.03217,40.927149,0.8444,0.05942,-0.05164,0.042144,1.283288,6.687,0.04251,0.04486,0.5111,1.792,0.0953,0.033823,45.0,0.01061,0.02577,0.05429,32.853561,0.029899,0.877048,0.837,7.231,0.9778,23.741534,10,40.927149,0.02668,0.4593,0.2,0,1,0.023424,0.00932,0.01423,0.03217,0.60968,0,,,,,,,,,,,,,,,,,,,,,,,,,,,,,,,,,,,,,,,,,,,,,,,,,,,,,,,,,,,,,,,,,,,,,,,,,,,,,,,,,,,,,,BEL_data,,2026-09-08
BB_Lower_Touch + CCI_Oversold,BB_Lower_Touch + CCI_Oversold,combo_2,35,mean_rev,Bullish,0.9429,0.02832,-0.01345,0.025937,0.817196,34.163,0.0269,0.01403,0.3714,0.953,0.1998,0.022701,35.0,0.01478,0.02163,0.02492,29.284367,,,,,,,,,,,,,,,,,,,,,,,,,,,,,,,,,,,0.023461,0.738539,0.9238,31.651,0.8857,23.441046,7,30.765888,0.01278,0.381,0.242,0,1,0.020629,0.02063,0.0243,0.03067,0.02998,1,,,,,,,,,,,,,,,,,,,,,,,,,,,,,,,,,,,0.8571,0.0207,-0.00993,0.016328,0.539884,15.424,0.01773,0.01381,0.4,0.738,0.1815,0.01391,35.0,0.00583,0.01299,0.0186,19.346837,0.9714,0.02964,-0.02359,0.028118,0.858538,45.365,0.03059,0.01049,0.3714,1.127,0.242,0.025276,35.0,0.02063,0.0243,0.03067,30.765888,,,,,,,,,,,,,,,,,,BEL_data,,2026-09-08
OBV_Trend_Bull + VWAP_Bull,OBV_Trend_Bull + VWAP_Bull,combo_2,84,momentum,Bullish,0.8214,0.02805,-0.03588,0.016631,0.567217,4.624,0.01733,0.0135,0.4643,0.966,0.0926,0.012344,84.0,0.00699,0.01011,0.0161,11.651734,0.8452,0.04356,-0.03737,0.031039,1.056432,7.297,0.03111,0.0162,0.381,1.366,0.0689,0.026309,84.0,0.01011,0.01615,0.03118,34.24703,0.8571,0.04558,-0.05351,0.031423,1.069918,6.255,0.03134,0.01776,0.4524,1.673,0.0569,0.02798,84.0,0.01022,0.01997,0.03989,29.729434,0.026364,0.897856,0.8413,6.058,0.9643,23.303074,10,34.24703,0.01582,0.4325,0.0926,0,1,0.022211,0.01011,0.01615,0.03118,0.52562,0,,,,,,,,,,,,,,,,,,,,,,,,,,,,,,,,,,,,,,,,,,,,,,,,,,,,,,,,,,,,,,,,,,,,,,,,,,,,,,,,,,,,,,BEL_data,,2026-09-08
Stoch_Oversold + VWAP_Bull,Stoch_Oversold + VWAP_Bull,combo_2,50,momentum,Bullish,0.9,0.00749,-0.0329,0.003453,0.152339,4.912,0.00611,0.00751,0.54,1.005,0.2218,0.005065,49.0,0.01118,0.01877,0.02151,2.942065,0.94,0.02833,-0.03207,0.024705,0.836674,17.411,0.02589,0.01783,0.4,1.421,0.1574,0.018371,49.0,0.01955,0.02258,0.02985,32.896543,0.92,0.03544,-0.05189,0.028451,0.860196,10.38,0.02915,0.03003,0.5,1.74,0.0968,0.021426,49.0,0.01996,0.02778,0.04199,33.821396,0.018869,0.616403,0.92,10.901,0.96,23.266447,15,33.821396,0.01846,0.48,0.2218,0,1,0.014954,0.01996,0.02778,0.04199,0.0488,1,,,,,,,,,,,,,,,,,,,,,,,,,,,,,,,,,,,,,,,,,,,,,,,,,,,,,,,,,,,,,,,,,,,,,,,,,,,,,,,,,,,,,,BEL_data,,2026-09-08
CMF_Strong_Bull,CMF_Strong_Bull,single,66,momentum,Bullish,0.8788,0.0247,-0.03858,0.017026,0.492411,5.797,0.0174,0.01452,0.4697,0.993,0.1013,0.012005,64.0,0.00751,0.01227,0.0235,12.002747,0.8939,0.03166,-0.04805,0.023211,0.696501,8.131,0.02425,0.01621,0.4697,1.404,0.1007,0.016476,64.0,0.01188,0.02364,0.03422,23.813476,0.8939,0.04121,-0.05217,0.031306,1.001031,9.091,0.03138,0.01041,0.4545,1.719,0.0695,0.023377,64.0,0.01386,0.02411,0.04346,38.263021,0.023848,0.729981,0.8889,7.673,0.9848,23.194594,15,38.263021,0.01371,0.4646,0.1013,0,1,0.017286,0.01386,0.02411,0.04346,0.21653,0,,,,,,,,,,,,,,,,,,,,,,,,,,,,,,,,,,,,,,,,,,,,,,,,,,,,,,,,,,,,,,,,,,,,,,,,,,,,,,,,,,,,,,BEL_data,,2026-09-08
CMF_Positive + CMF_Strong_Bull,CMF_Positive + CMF_Strong_Bull,combo_2,66,momentum,Bullish,0.8788,0.0247,-0.03858,0.017026,0.492411,5.797,0.0174,0.01452,0.4697,0.993,0.1013,0.012005,64.0,0.00751,0.01227,0.0235,12.002747,0.8939,0.03166,-0.04805,0.023211,0.696501,8.131,0.02425,0.01621,0.4697,1.404,0.1007,0.016476,64.0,0.01188,0.02364,0.03422,23.813476,0.8939,0.04121,-0.05217,0.031306,1.001031,9.091,0.03138,0.01041,0.4545,1.719,0.0695,0.023377,64.0,0.01386,0.02411,0.04346,38.263021,0.023848,0.729981,0.8889,7.673,0.9848,23.194594,15,38.263021,0.01371,0.4646,0.1013,0,1,0.017286,0.01386,0.02411,0.04346,0.21653,0,,,,,,,,,,,,,,,,,,,,,,,,,,,,,,,,,,,,,,,,,,,,,,,,,,,,,,,,,,,,,,,,,,,,,,,,,,,,,,,,,,,,,,BEL_data,,2026-09-08
MACD_Cross_Up_Event + Stoch_Bull_Zone,MACD_Cross_Up_Event + Stoch_Bull_Zone,combo_2,31,momentum,Bullish,0.8065,0.03153,-0.02364,0.020855,0.677588,6.486,0.02128,0.01184,0.4194,0.927,0.1614,0.018181,31.0,0.00477,0.01097,0.01326,15.230703,0.871,0.0374,-0.03939,0.027488,1.037575,7.85,0.02825,0.02627,0.4516,1.31,0.1697,0.027008,31.0,0.01097,0.01951,0.03261,28.229271,0.871,0.03921,-0.04631,0.028173,1.135152,7.555,0.02898,0.01738,0.4516,1.605,0.1524,0.027198,31.0,0.01118,0.03184,0.05528,29.723654,0.025505,0.950105,0.8495,7.297,0.9355,22.477811,15,29.723654,0.0185,0.4409,0.1697,0,1,0.024129,0.01118,0.03184,0.05528,0.50797,0,,,,,,,,,,,,,,,,,,,,,,,,,,,,,,,,,,,,,,,,,,,,,,,,,,,,,,,,,,,,,,,,,,,,,,,,,,,,,,,,,,,,,,BEL_data,,2026-09-08
EMA_Bullish_State + MACD_Zero_Cross_Up,EMA_Bullish_State + MACD_Zero_Cross_Up,combo_2,10,momentum,Bullish,0.9,0.02558,-0.02478,0.020546,0.659058,10.313,0.02068,0.01248,0.3,1.035,0.3369,0.006284,10.0,0.01302,0.01683,0.02679,15.803529,1.0,0.03381,0.0,0.033811,1.034953,,0.03412,0.00576,0.4,1.464,0.3516,0.010943,10.0,0.02297,0.03465,0.04157,2.48171,0.9,0.06289,-0.07077,0.049523,1.644498,8.257,0.04929,0.03213,0.4,1.793,0.3204,0.018279,10.0,0.03544,0.04998,0.05581,32.558351,0.034626,1.112836,0.9333,9.285,0.9,22.298735,15,32.558351,0.01679,0.3667,0.3516,0,1,0.011835,0.03544,0.04998,0.05581,0.203,0,,,,,,,,,,,,,,,,,,,,,,,,,,,,,,,,,,,,,,,,,,,,,,,,,,,,,,,,,,,,,,,,,,,,,,,,,,,,,,,,,,,,,,BEL_data,,2026-09-08
Price_Above_SMA50 + Stoch_Oversold,Price_Above_SMA50 + Stoch_Oversold,combo_2,24,trend,Bullish,,,,,,,,,,,,,,,,,,0.7917,0.03415,-0.02969,0.020853,0.75581,4.989,0.02309,0.00301,0.375,1.47,0.3542,0.016856,23.0,0.01092,0.01225,0.01942,12.137941,,,,,,,,,,,,,,,,,,0.041739,1.300459,0.7639,5.545,0.9583,22.242936,30,39.972714,0.00762,0.375,0.3542,0,1,0.035174,0.01216,0.02394,0.03888,0.86726,0,0.75,0.07828,-0.05378,0.045265,1.361991,4.682,0.0454,-0.00078,0.4167,2.078,0.1799,0.039065,23.0,0.01182,0.01547,0.0276,20.527394,0.75,0.09263,-0.04148,0.0591,1.783578,6.963,0.05938,0.02064,0.3333,2.546,0.2039,0.049602,23.0,0.01216,0.02394,0.03888,39.972714,,,,,,,,,,,,,,,,,,,,,,,,,,,,,,,,,,,,,,,,,,,,,,,,,,,,BEL_data,,2026-09-08
CMF_Strong_Bull + VWAP_Bull,CMF_Strong_Bull + VWAP_Bull,combo_2,65,momentum,Bullish,0.8769,0.02379,-0.03862,0.016113,0.471178,5.545,0.01647,0.01372,0.4769,0.987,0.1057,0.012505,63.0,0.00735,0.01226,0.02342,10.946759,0.8923,0.03119,-0.04805,0.022659,0.685084,7.959,0.02373,0.01045,0.4615,1.396,0.1028,0.017617,63.0,0.01181,0.02359,0.03386,22.843361,0.8923,0.04103,-0.05217,0.030997,0.996212,8.951,0.03107,0.00562,0.4462,1.709,0.0706,0.024498,63.0,0.01354,0.02404,0.04318,37.357884,0.023256,0.717491,0.8872,7.485,0.9846,22.153557,15,37.357884,0.00993,0.4615,0.1057,0,1,0.018207,0.01354,0.02404,0.04318,0.23158,0,,,,,,,,,,,,,,,,,,,,,,,,,,,,,,,,,,,,,,,,,,,,,,,,,,,,,,,,,,,,,,,,,,,,,,,,,,,,,,,,,,,,,,BEL_data,,2026-09-08
OBV_Trend_Bull,OBV_Trend_Bull,single,87,momentum,Bullish,0.8161,0.02479,-0.03435,0.013913,0.488831,4.378,0.01457,0.01212,0.4713,0.981,0.0957,0.010191,86.0,0.00731,0.00997,0.01609,9.581485,0.8391,0.04113,-0.03709,0.028545,0.977455,6.756,0.02864,0.0155,0.3793,1.387,0.0695,0.024975,86.0,0.01033,0.01653,0.0304,29.568249,0.8621,0.04521,-0.05348,0.031594,1.057926,6.458,0.03153,0.01546,0.4483,1.699,0.0551,0.028494,86.0,0.01054,0.02273,0.03916,30.589325,0.024684,0.841404,0.8391,5.864,0.954,21.075509,15,30.589325,0.01436,0.433,0.0957,0,1,0.02122,0.01054,0.02273,0.03916,0.47,0,,,,,,,,,,,,,,,,,,,,,,,,,,,,,,,,,,,,,,,,,,,,,,,,,,,,,,,,,,,,,,,,,,,,,,,,,,,,,,,,,,,,,,BEL_data,,2026-09-08
STRAT_Hammer_EMA_Bull,CDL_Hammer + EMA_Bullish_State,combo_2,20,candle,Bullish,0.95,0.03149,-0.01764,0.029033,0.913951,36.277,0.02926,0.02175,0.35,1.034,0.167,0.020868,18.0,0.01652,0.02898,0.03156,27.825435,,,,,,,,,,,,,,,,,,,,,,,,,,,,,,,,,,,0.021868,0.689009,0.95,61.107,1.0,20.977042,5,27.825435,0.01865,0.4333,0.2188,0,1,0.016295,0.01652,0.02898,0.03156,0.15815,0,,,,,,,,,,,,,,,,,,,,,,,,,,,,,,,,,,,0.95,0.02341,-0.00388,0.022049,0.714133,127.466,0.02232,0.01871,0.45,0.801,0.1761,0.016791,18.0,0.01098,0.01638,0.02593,21.741945,,,,,,,,,,,,,,,,,,0.95,0.0164,-0.0212,0.014522,0.438944,19.576,0.01457,0.0155,0.5,0.654,0.2188,0.011225,18.0,0.00927,0.01112,0.01514,13.363748,BEL_data,,2026-09-08
MACD_Zero_Cross_Up + CMF_Positive,MACD_Zero_Cross_Up + CMF_Positive,combo_2,12,momentum,Bullish,0.9167,0.03356,-0.0543,0.026243,0.789147,7.014,0.02536,0.02132,0.5,0.989,0.2264,0.017671,12.0,0.01028,0.01968,0.03009,14.196751,0.9167,0.04118,-0.06005,0.03274,0.967446,8.929,0.03229,0.02558,0.5,1.399,0.2586,0.019085,12.0,0.01028,0.01968,0.03297,22.157282,0.8333,0.06589,-0.0462,0.047206,1.665394,7.511,0.04727,0.04642,0.5,1.713,0.2697,0.033388,12.0,0.01881,0.03384,0.05437,32.084913,0.035396,1.140663,0.8889,7.818,0.9167,20.967391,15,32.084913,0.03111,0.5,0.2697,0,1,0.023381,0.01881,0.03384,0.05437,0.42636,0,,,,,,,,,,,,,,,,,,,,,,,,,,,,,,,,,,,,,,,,,,,,,,,,,,,,,,,,,,,,,,,,,,,,,,,,,,,,,,,,,,,,,,BEL_data,,2026-09-08
RSI_Bull_Momentum + CDL_Bullish3Outside,RSI_Bull_Momentum + CDL_Bullish3Outside,combo_2,15,momentum,Bullish,0.8,0.02773,-0.00775,0.020636,0.744534,17.564,0.02081,0.00206,0.3333,0.945,0.3263,0.016196,15.0,0.00831,0.0117,0.01802,20.642855,1.0,0.03534,0.0,0.035345,1.163667,,0.03515,-0.00191,0.4,1.336,0.2507,0.031513,15.0,0.01608,0.02784,0.03113,3.22637,0.9333,0.03233,-0.06654,0.025738,0.916725,10.702,0.02573,0.00096,0.2667,1.636,0.2814,0.029626,15.0,0.02093,0.03026,0.03113,25.417003,0.02724,0.941642,0.9111,14.133,0.8,20.886283,15,25.417003,0.00037,0.3333,0.3263,0,1,0.025779,0.02093,0.03026,0.03113,0.09103,1,,,,,,,,,,,,,,,,,,,,,,,,,,,,,,,,,,,,,,,,,,,,,,,,,,,,,,,,,,,,,,,,,,,,,,,,,,,,,,,,,,,,,,BEL_data,,2026-09-08
MACD_Bullish_State + CMF_Positive,MACD_Bullish_State + CMF_Positive,combo_2,63,momentum,Bullish,0.9048,0.01919,-0.03567,0.013964,0.46005,7.147,0.01399,0.00763,0.4444,0.938,0.1173,0.012574,62.0,0.00876,0.01374,0.01788,13.674884,0.9048,0.02633,-0.04053,0.019965,0.756233,9.774,0.02142,0.0021,0.4444,1.326,0.1116,0.017403,62.0,0.01184,0.01828,0.02761,30.740381,0.873,0.03969,-0.07144,0.025576,0.871997,5.052,0.02478,0.0172,0.3968,1.625,0.0749,0.019387,62.0,0.01577,0.02519,0.03519,18.321141,0.019835,0.696093,0.8942,7.324,0.9683,20.530942,10,30.740381,0.00898,0.4286,0.1173,0,1,0.016455,0.01184,0.01828,0.02761,0.1222,0,,,,,,,,,,,,,,,,,,,,,,,,,,,,,,,,,,,,,,,,,,,,,,,,,,,,,,,,,,,,,,,,,,,,,,,,,,,,,,,,,,,,,,BEL_data,,2026-09-08
MACD_Hist_Positive + CMF_Positive,MACD_Hist_Positive + CMF_Positive,combo_2,63,momentum,Bullish,0.9048,0.01919,-0.03567,0.013964,0.46005,7.147,0.01399,0.00763,0.4444,0.938,0.1173,0.012574,62.0,0.00876,0.01374,0.01788,13.674884,0.9048,0.02633,-0.04053,0.019965,0.756233,9.774,0.02142,0.0021,0.4444,1.326,0.1116,0.017403,62.0,0.01184,0.01828,0.02761,30.740381,0.873,0.03969,-0.07144,0.025576,0.871997,5.052,0.02478,0.0172,0.3968,1.625,0.0749,0.019387,62.0,0.01577,0.02519,0.03519,18.321141,0.019835,0.696093,0.8942,7.324,0.9683,20.530942,10,30.740381,0.00898,0.4286,0.1173,0,1,0.016455,0.01184,0.01828,0.02761,0.1222,0,,,,,,,,,,,,,,,,,,,,,,,,,,,,,,,,,,,,,,,,,,,,,,,,,,,,,,,,,,,,,,,,,,,,,,,,,,,,,,,,,,,,,,BEL_data,,2026-09-08
BB_Lower_Bounce,BB_Lower_Bounce,single,36,mean_rev,Bullish,1.0,0.01869,0.0,0.01869,0.557512,,0.02116,0.01041,0.4444,0.965,0.237,0.017729,36.0,0.01231,0.01611,0.01979,2.01313,,,,,,,,,,,,,,,,,,,,,,,,,,,,,,,,,,,0.019362,0.584435,0.9815,67.414,0.9722,20.517253,7,28.92672,0.009,0.3981,0.237,0,1,0.016213,0.01231,0.01611,0.02118,0.00216,1,,,,,,,,,,,,,,,,,,,,,,,,,,,,,,,,,,,0.9722,0.01401,-0.00803,0.013397,0.394702,84.118,0.0133,0.0046,0.4444,0.748,0.1106,0.009683,36.0,0.01122,0.01586,0.01708,14.252358,0.9722,0.02742,-0.02369,0.025999,0.80109,50.71,0.02664,0.01198,0.3056,1.142,0.2336,0.021226,36.0,0.01231,0.01611,0.02118,28.92672,,,,,,,,,,,,,,,,,,BEL_data,,2026-09-08
CDL_Hammer,CDL_Hammer,single,28,candle,Bullish,0.9286,0.03049,-0.01979,0.026902,0.846509,21.816,0.02667,0.02175,0.4643,0.99,0.1272,0.022491,26.0,0.01349,0.02016,0.03054,28.504475,,,,,,,,,,,,,,,,,,,,,,,,,,,,,,,,,,,0.020178,0.631628,0.9167,17.761,0.9643,20.50919,5,28.504475,0.01733,0.4643,0.1716,0,1,0.016332,0.01349,0.02016,0.03054,0.16521,0,,,,,,,,,,,,,,,,,,,,,,,,,,,,,,,,,,,0.9286,0.02373,-0.01536,0.020942,0.671666,22.832,0.02084,0.01741,0.4286,0.767,0.1254,0.016319,26.0,0.00916,0.01295,0.01732,22.616967,,,,,,,,,,,,,,,,,,0.8929,0.01666,-0.02044,0.012689,0.37671,8.636,0.01275,0.01282,0.5,0.626,0.1716,0.010187,26.0,0.00643,0.0088,0.01153,10.955274,BEL_data,,2026-09-08
Price_Above_EMA200 + CCI_Exit_Oversold,Price_Above_EMA200 + CCI_Exit_Oversold,combo_2,45,trend,Bullish,,,,,,,,,,,,,,,,,,0.7556,0.03758,-0.03453,0.019953,0.482447,4.345,0.02178,0.01071,0.4222,1.426,0.1529,0.017837,45.0,0.00723,0.01117,0.01953,8.025847,,,,,,,,,,,,,,,,,,0.034798,1.001508,0.8074,5.786,0.9111,20.213186,30,41.168028,0.01928,0.437,0.1529,0,1,0.027982,0.01636,0.03001,0.03871,0.80318,0,0.8222,0.05367,-0.04742,0.035696,0.97709,6.053,0.03588,0.02643,0.4667,2.017,0.1112,0.029131,45.0,0.00852,0.02169,0.0337,22.642596,0.8444,0.06952,-0.06403,0.048747,1.544986,6.96,0.04898,0.02071,0.4222,2.471,0.1159,0.036978,45.0,0.01636,0.03001,0.03871,41.168028,,,,,,,,,,,,,,,,,,,,,,,,,,,,,,,,,,,,,,,,,,,,,,,,,,,,BEL_data,,2026-09-08
RSI_Bull_Momentum + Stoch_Bull_Zone,RSI_Bull_Momentum + Stoch_Bull_Zone,combo_2,110,momentum,Bullish,0.8273,0.01897,-0.03512,0.009628,0.319141,3.746,0.01068,0.00345,0.4273,0.986,0.087,0.007785,109.0,0.00515,0.01043,0.01899,5.629627,0.8273,0.04347,-0.04625,0.027977,0.88614,5.361,0.02843,0.01275,0.4,1.395,0.0618,0.023708,109.0,0.00921,0.01816,0.03328,22.374202,0.8364,0.05068,-0.04461,0.035084,1.173292,7.174,0.03575,0.0124,0.3909,1.708,0.0679,0.028828,109.0,0.01097,0.02396,0.04054,39.639155,0.024229,0.792858,0.8303,5.427,0.9909,20.079527,15,39.639155,0.00953,0.4061,0.087,0,1,0.020107,0.01097,0.02396,0.04054,0.74207,0,,,,,,,,,,,,,,,,,,,,,,,,,,,,,,,,,,,,,,,,,,,,,,,,,,,,,,,,,,,,,,,,,,,,,,,,,,,,,,,,,,,,,,BEL_data,,2026-09-08
Stoch_Bull_Zone + Williams_Oversold,Stoch_Bull_Zone + Williams_Oversold,combo_2,20,momentum,Bullish,0.75,0.02353,-0.04847,0.005527,0.1038,1.75,0.00563,0.00492,0.5,1.051,0.1861,0.00498,20.0,0.00257,0.01109,0.01746,0.553062,0.8,0.05331,-0.03687,0.035274,0.961216,6.287,0.03711,0.0267,0.3,1.487,0.3225,0.024011,20.0,0.00962,0.0176,0.02108,18.398476,0.85,0.07222,-0.02734,0.057285,1.637732,15.903,0.05805,0.02346,0.35,1.821,0.2334,0.051934,20.0,0.01805,0.02199,0.03746,49.861109,0.032695,0.900916,0.8,7.98,0.9,19.699183,15,49.861109,0.01836,0.3833,0.3225,0,1,0.026975,0.01805,0.02199,0.03746,0.65954,0,,,,,,,,,,,,,,,,,,,,,,,,,,,,,,,,,,,,,,,,,,,,,,,,,,,,,,,,,,,,,,,,,,,,,,,,,,,,,,,,,,,,,,BEL_data,,2026-09-08
EMA_Bullish_State + CCI_Oversold,EMA_Bullish_State + CCI_Oversold,combo_2,36,momentum,Bullish,0.8333,0.01496,-0.03306,0.006955,0.090852,4.396,0.0083,3e-05,0.4444,1.058,0.1814,0.006735,36.0,0.00635,0.01267,0.01875,1.442072,0.8611,0.04552,-0.0466,0.032722,0.769868,7.276,0.03326,0.01468,0.3056,1.497,0.1726,0.026392,36.0,0.01111,0.02079,0.02826,20.227434,0.8611,0.05367,-0.02908,0.042173,1.07924,14.253,0.04411,0.01993,0.3889,1.833,0.1858,0.033677,36.0,0.01283,0.02144,0.03831,38.970469,0.027283,0.646653,0.8519,8.642,0.9722,19.617823,15,38.970469,0.01155,0.3796,0.1858,0,1,0.022268,0.01283,0.02144,0.03831,0.55627,0,,,,,,,,,,,,,,,,,,,,,,,,,,,,,,,,,,,,,,,,,,,,,,,,,,,,,,,,,,,,,,,,,,,,,,,,,,,,,,,,,,,,,,BEL_data,,2026-09-08
Price_Above_SMA20 + MACD_Bullish_State,Price_Above_SMA20 + MACD_Bullish_State,combo_2,67,momentum,Bullish,0.806,0.02965,-0.03013,0.018048,0.672923,4.869,0.01878,0.017,0.4925,0.968,0.0945,0.016044,64.0,0.00702,0.01065,0.0176,13.824992,0.8358,0.03339,-0.03393,0.022341,0.823395,7.002,0.02324,0.01884,0.4776,1.369,0.1047,0.019556,64.0,0.01024,0.01769,0.03246,24.327085,0.8657,0.03481,-0.04687,0.023841,0.844574,6.951,0.02419,0.01681,0.4776,1.677,0.0732,0.020493,64.0,0.01194,0.02849,0.03756,24.771943,0.02141,0.780298,0.8358,6.274,0.9403,19.423871,15,24.771943,0.01755,0.4826,0.1047,0,1,0.018698,0.01194,0.02849,0.03756,0.45992,0,,,,,,,,,,,,,,,,,,,,,,,,,,,,,,,,,,,,,,,,,,,,,,,,,,,,,,,,,,,,,,,,,,,,,,,,,,,,,,,,,,,,,,BEL_data,,2026-09-08
Price_Above_SMA20 + MACD_Hist_Positive,Price_Above_SMA20 + MACD_Hist_Positive,combo_2,67,momentum,Bullish,0.806,0.02965,-0.03013,0.018048,0.672923,4.869,0.01878,0.017,0.4925,0.968,0.0945,0.016044,64.0,0.00702,0.01065,0.0176,13.824992,0.8358,0.03339,-0.03393,0.022341,0.823395,7.002,0.02324,0.01884,0.4776,1.369,0.1047,0.019556,64.0,0.01024,0.01769,0.03246,24.327085,0.8657,0.03481,-0.04687,0.023841,0.844574,6.951,0.02419,0.01681,0.4776,1.677,0.0732,0.020493,64.0,0.01194,0.02849,0.03756,24.771943,0.02141,0.780298,0.8358,6.274,0.9403,19.423871,15,24.771943,0.01755,0.4826,0.1047,0,1,0.018698,0.01194,0.02849,0.03756,0.45992,0,,,,,,,,,,,,,,,,,,,,,,,,,,,,,,,,,,,,,,,,,,,,,,,,,,,,,,,,,,,,,,,,,,,,,,,,,,,,,,,,,,,,,,BEL_data,,2026-09-08
CCI_Oversold + CDL_Harami_Bull,CCI_Oversold + CDL_Harami_Bull,combo_2,15,mean_rev,Bullish,1.0,0.03029,0.0,0.03029,0.808477,,0.03193,0.00542,0.4,0.998,0.3269,0.024588,15.0,0.00932,0.01017,0.01613,2.241573,,,,,,,,,,,,,,,,,,,,,,,,,,,,,,,,,,,0.030923,0.806596,0.9333,33.793,0.8667,19.381787,7,37.143267,0.00597,0.3778,0.3872,0,1,0.026211,0.00932,0.01139,0.01613,0.07921,1,,,,,,,,,,,,,,,,,,,,,,,,,,,,,,,,,,,0.9333,0.01414,-0.00694,0.012737,0.271652,53.302,0.01429,-0.00694,0.4,0.773,0.3872,0.012149,15.0,0.00926,0.01017,0.01613,7.531801,0.8667,0.06206,-0.03034,0.049742,1.33966,14.284,0.05068,0.01943,0.3333,1.181,0.2821,0.041898,15.0,0.00932,0.01139,0.01613,37.143267,,,,,,,,,,,,,,,,,,BEL_data,,2026-09-08
Price_Above_EMA200 + CDL_Bullish3Inside,Price_Above_EMA200 + CDL_Bullish3Inside,combo_2,18,trend,Bullish,,,,,,,,,,,,,,,,,,0.9444,0.03523,-0.0673,0.029537,0.83361,11.58,0.02994,0.00904,0.3333,1.283,0.2078,0.027106,18.0,0.01427,0.0182,0.02417,24.545142,,,,,,,,,,,,,,,,,,0.030089,0.837968,0.8889,8.818,0.8889,19.339853,10,24.545142,0.00895,0.3889,0.2658,0,1,0.030691,0.01427,0.0182,0.02417,0.22715,0,0.8333,0.03767,-0.02928,0.02651,0.722734,8.79,0.02629,0.00472,0.4444,1.814,0.2658,0.023306,18.0,0.01427,0.02191,0.03076,18.705137,0.8889,0.04791,-0.07529,0.034221,0.957559,6.085,0.03536,0.01309,0.3889,2.222,0.2436,0.04166,18.0,0.01855,0.02828,0.03529,17.155361,,,,,,,,,,,,,,,,,,,,,,,,,,,,,,,,,,,,,,,,,,,,,,,,,,,,BEL_data,,2026-09-08
Golden_Cross_State + CDL_Bullish3Inside,Golden_Cross_State + CDL_Bullish3Inside,combo_2,18,trend,Bullish,,,,,,,,,,,,,,,,,,0.9444,0.03523,-0.0673,0.029537,0.83361,11.58,0.02994,0.00904,0.3333,1.283,0.2078,0.027106,18.0,0.01427,0.0182,0.02417,24.545142,,,,,,,,,,,,,,,,,,0.030089,0.837968,0.8889,8.818,0.8889,19.339853,10,24.545142,0.00895,0.3889,0.2658,0,1,0.030691,0.01427,0.0182,0.02417,0.22715,0,0.8333,0.03767,-0.02928,0.02651,0.722734,8.79,0.02629,0.00472,0.4444,1.814,0.2658,0.023306,18.0,0.01427,0.02191,0.03076,18.705137,0.8889,0.04791,-0.07529,0.034221,0.957559,6.085,0.03536,0.01309,0.3889,2.222,0.2436,0.04166,18.0,0.01855,0.02828,0.03529,17.155361,,,,,,,,,,,,,,,,,,,,,,,,,,,,,,,,,,,,,,,,,,,,,,,,,,,,BEL_data,,2026-09-08
CMF_Positive + CDL_Engulfing_Bull,CMF_Positive + CDL_Engulfing_Bull,combo_2,29,momentum,Bullish,0.8621,0.03102,-0.03976,0.021259,0.752552,5.548,0.02118,0.01867,0.4828,0.94,0.185,0.017451,28.0,0.00861,0.01478,0.02118,14.200877,0.8621,0.04042,-0.0467,0.0284,1.043938,6.246,0.02824,0.02484,0.3793,1.33,0.1832,0.027763,28.0,0.013,0.02453,0.037,22.175545,0.8621,0.04133,-0.05936,0.027445,1.049824,5.97,0.0276,0.01213,0.4828,1.628,0.1629,0.032187,28.0,0.013,0.03785,0.04181,21.318466,0.025701,0.948771,0.8621,5.921,1.0,19.108002,10,22.175545,0.01855,0.4483,0.185,0,1,0.0258,0.013,0.02453,0.037,0.52945,0,,,,,,,,,,,,,,,,,,,,,,,,,,,,,,,,,,,,,,,,,,,,,,,,,,,,,,,,,,,,,,,,,,,,,,,,,,,,,,,,,,,,,,BEL_data,,2026-09-08
RSI_Bull_Momentum + Price_Above_SMA20,RSI_Bull_Momentum + Price_Above_SMA20,combo_2,120,momentum,Bullish,0.8417,0.0185,-0.04096,0.009084,0.321552,3.55,0.01017,0.00505,0.4583,0.982,0.0823,0.008737,119.0,0.00642,0.01225,0.02045,5.473965,0.8167,0.03524,-0.0296,0.023356,0.764301,6.535,0.02353,0.01693,0.45,1.389,0.0564,0.021402,119.0,0.00948,0.0173,0.03015,23.951831,0.8667,0.04238,-0.0457,0.030632,1.045643,7.439,0.03025,0.01576,0.4333,1.701,0.0393,0.027846,119.0,0.01235,0.02341,0.03584,37.304302,0.021024,0.710499,0.8417,5.841,0.95,18.907754,15,37.304302,0.01258,0.4472,0.0823,0,1,0.019329,0.01235,0.02341,0.03584,0.38069,0,,,,,,,,,,,,,,,,,,,,,,,,,,,,,,,,,,,,,,,,,,,,,,,,,,,,,,,,,,,,,,,,,,,,,,,,,,,,,,,,,,,,,,BEL_data,,2026-09-08
OBV_Rising + CDL_Harami_Bull,OBV_Rising + CDL_Harami_Bull,combo_2,83,momentum,Bullish,0.8171,0.02687,-0.03726,0.01514,0.457936,4.014,0.01577,0.01113,0.4878,0.991,0.0846,0.01181,82.0,0.00482,0.00923,0.0162,8.144144,0.8049,0.04322,-0.04304,0.026389,0.771715,4.949,0.02712,0.01122,0.4024,1.402,0.0827,0.022027,82.0,0.00873,0.01588,0.02481,16.922226,0.8171,0.06622,-0.05598,0.043864,1.367379,5.87,0.04509,0.03004,0.4146,1.717,0.0794,0.036965,82.0,0.00873,0.02142,0.04052,35.563282,0.028464,0.865677,0.813,4.944,0.9878,18.733075,15,35.563282,0.01746,0.435,0.0846,0,1,0.023601,0.00873,0.02142,0.04052,0.81803,0,,,,,,,,,,,,,,,,,,,,,,,,,,,,,,,,,,,,,,,,,,,,,,,,,,,,,,,,,,,,,,,,,,,,,,,,,,,,,,,,,,,,,,BEL_data,,2026-09-08
MACD_Hist_Rising + Williams_Oversold,MACD_Hist_Rising + Williams_Oversold,combo_2,14,momentum,Bullish,0.8571,0.02389,-0.02154,0.017396,0.512902,7.02,0.01699,0.00822,0.4286,0.933,0.244,0.016869,14.0,0.00636,0.01107,0.01672,9.750092,0.8571,0.02816,-0.03278,0.019455,0.555749,6.243,0.019,0.02775,0.6429,1.32,0.1851,0.009971,14.0,0.01012,0.01891,0.0264,9.395618,0.8571,0.04262,-0.02029,0.033634,1.199535,13.894,0.03387,0.0351,0.5,1.616,0.1892,0.023573,14.0,0.01071,0.02416,0.04928,32.483997,0.023495,0.756062,0.8571,9.052,1.0,18.533837,15,32.483997,0.02369,0.5238,0.244,0,1,0.016805,0.01071,0.02416,0.04928,0.6307,0,,,,,,,,,,,,,,,,,,,,,,,,,,,,,,,,,,,,,,,,,,,,,,,,,,,,,,,,,,,,,,,,,,,,,,,,,,,,,,,,,,,,,,BEL_data,,2026-09-08
Golden_Cross_State + CDL_Marubozu_Bull,Golden_Cross_State + CDL_Marubozu_Bull,combo_2,16,trend,Bullish,,,,,,,,,,,,,,,,,,0.8125,0.03997,-0.04562,0.023919,0.644508,4.19,0.02317,0.00805,0.4375,1.356,0.2557,0.022822,16.0,0.00525,0.01945,0.03925,7.650965,,,,,,,,,,,,,,,,,,0.04238,1.261711,0.7708,5.513,0.9375,18.47689,30,47.004569,0.02286,0.4375,0.2557,0,1,0.037736,0.00525,0.01945,0.05586,0.796,0,0.75,0.0717,-0.05557,0.03988,1.016849,4.538,0.0401,0.02181,0.4375,1.918,0.229,0.037377,16.0,0.00525,0.01945,0.04817,13.074886,0.75,0.09776,-0.03993,0.063341,2.123775,7.812,0.06444,0.03873,0.4375,2.349,0.2433,0.053008,16.0,0.00525,0.01945,0.05586,47.004569,,,,,,,,,,,,,,,,,,,,,,,,,,,,,,,,,,,,,,,,,,,,,,,,,,,,BEL_data,,2026-09-08
OBV_Trend_Bull + CDL_Bullish3Inside,OBV_Trend_Bull + CDL_Bullish3Inside,combo_2,15,momentum,Bullish,0.9333,0.02077,-0.01352,0.01848,0.497918,30.534,0.0182,0.0095,0.4,0.916,0.2926,0.01279,15.0,0.01022,0.01466,0.01972,13.805209,1.0,0.02499,0.0,0.024994,0.78585,,0.02514,0.01113,0.2667,1.296,0.3046,0.022178,15.0,0.01644,0.01847,0.02418,2.178839,1.0,0.0258,0.0,0.025801,0.850631,,0.02549,0.0214,0.4667,1.587,0.2659,0.021482,15.0,0.01672,0.02313,0.02831,2.35845,0.023092,0.711466,0.9778,30.534,0.9333,18.410966,5,13.805209,0.01401,0.3778,0.3046,0,1,0.018817,0.01022,0.01466,0.01972,0.08986,1,,,,,,,,,,,,,,,,,,,,,,,,,,,,,,,,,,,,,,,,,,,,,,,,,,,,,,,,,,,,,,,,,,,,,,,,,,,,,,,,,,,,,,BEL_data,,2026-09-08
EMA_Bullish_State + CDL_Harami_Bull,EMA_Bullish_State + CDL_Harami_Bull,combo_2,66,momentum,Bullish,0.8333,0.02547,-0.04585,0.013585,0.438748,3.499,0.01451,0.01377,0.5,0.991,0.1066,0.009263,66.0,0.00569,0.00978,0.01876,6.455243,0.7879,0.05248,-0.04406,0.032003,0.959121,4.987,0.03276,0.01779,0.4091,1.401,0.0915,0.025988,66.0,0.00876,0.01392,0.02541,20.110742,0.803,0.07581,-0.06044,0.048974,1.543528,5.544,0.05046,0.03175,0.3939,1.716,0.0896,0.039487,66.0,0.00876,0.02132,0.04017,35.980135,0.031521,0.980466,0.8081,4.677,0.9545,18.403231,15,35.980135,0.0211,0.4343,0.1066,0,1,0.024913,0.00876,0.02132,0.04017,0.68822,0,,,,,,,,,,,,,,,,,,,,,,,,,,,,,,,,,,,,,,,,,,,,,,,,,,,,,,,,,,,,,,,,,,,,,,,,,,,,,,,,,,,,,,BEL_data,,2026-09-08
MACD_Bullish_State + OBV_Trend_Bull,MACD_Bullish_State + OBV_Trend_Bull,combo_2,69,momentum,Bullish,0.7971,0.03112,-0.03407,0.017892,0.661722,4.072,0.01838,0.01567,0.4783,0.955,0.0928,0.014093,66.0,0.00598,0.01004,0.01626,11.446631,0.8551,0.03437,-0.04044,0.023528,0.885742,6.394,0.02448,0.0088,0.4348,1.351,0.1055,0.01917,66.0,0.00968,0.0174,0.03119,24.062223,0.8841,0.03517,-0.05384,0.02485,0.887582,6.996,0.02507,0.01681,0.4348,1.654,0.0755,0.019396,66.0,0.01304,0.02753,0.03831,26.379871,0.02209,0.811682,0.8454,5.821,0.913,18.32631,15,26.379871,0.01376,0.4493,0.1055,0,1,0.017553,0.01304,0.02753,0.03831,0.28705,0,,,,,,,,,,,,,,,,,,,,,,,,,,,,,,,,,,,,,,,,,,,,,,,,,,,,,,,,,,,,,,,,,,,,,,,,,,,,,,,,,,,,,,BEL_data,,2026-09-08
MACD_Hist_Positive + OBV_Trend_Bull,MACD_Hist_Positive + OBV_Trend_Bull,combo_2,69,momentum,Bullish,0.7971,0.03112,-0.03407,0.017892,0.661722,4.072,0.01838,0.01567,0.4783,0.955,0.0928,0.014093,66.0,0.00598,0.01004,0.01626,11.446631,0.8551,0.03437,-0.04044,0.023528,0.885742,6.394,0.02448,0.0088,0.4348,1.351,0.1055,0.01917,66.0,0.00968,0.0174,0.03119,24.062223,0.8841,0.03517,-0.05384,0.02485,0.887582,6.996,0.02507,0.01681,0.4348,1.654,0.0755,0.019396,66.0,0.01304,0.02753,0.03831,26.379871,0.02209,0.811682,0.8454,5.821,0.913,18.32631,15,26.379871,0.01376,0.4493,0.1055,0,1,0.017553,0.01304,0.02753,0.03831,0.28705,0,,,,,,,,,,,,,,,,,,,,,,,,,,,,,,,,,,,,,,,,,,,,,,,,,,,,,,,,,,,,,,,,,,,,,,,,,,,,,,,,,,,,,,BEL_data,,2026-09-08
EMA_Bullish_State + Price_Above_SMA20,EMA_Bullish_State + Price_Above_SMA20,combo_2,62,momentum,Bullish,0.8065,0.02255,-0.03452,0.011502,0.356469,3.512,0.01269,0.00532,0.4194,1.038,0.1534,0.010748,62.0,0.00293,0.00951,0.01942,5.186583,0.8226,0.04199,-0.0325,0.028771,0.883984,6.717,0.02945,0.00578,0.3548,1.468,0.1015,0.02353,62.0,0.01005,0.01901,0.02748,24.602126,0.8548,0.04634,-0.04174,0.033557,1.060272,7.713,0.03365,0.01576,0.4194,1.798,0.0735,0.026446,62.0,0.01459,0.02038,0.03434,33.879863,0.02461,0.766908,0.828,5.981,0.9516,18.08317,15,33.879863,0.00895,0.3978,0.1534,0,1,0.020241,0.01459,0.02038,0.03434,0.56579,0,,,,,,,,,,,,,,,,,,,,,,,,,,,,,,,,,,,,,,,,,,,,,,,,,,,,,,,,,,,,,,,,,,,,,,,,,,,,,,,,,,,,,,BEL_data,,2026-09-08
MACD_Zero_Cross_Up,MACD_Zero_Cross_Up,single,20,momentum,Bullish,0.85,0.02976,-0.03277,0.020381,0.625624,5.49,0.02019,0.01248,0.35,0.986,0.215,0.011894,20.0,0.00906,0.01266,0.0247,10.456601,0.9,0.03575,-0.03741,0.028435,0.821419,10.039,0.02816,0.00431,0.4,1.394,0.2208,0.01396,20.0,0.00939,0.02238,0.03451,25.008283,0.85,0.05169,-0.05692,0.035396,1.200204,5.458,0.03617,0.02761,0.45,1.707,0.1999,0.016088,20.0,0.01685,0.03573,0.05089,19.945114,0.028071,0.882416,0.8667,6.996,0.95,17.854875,10,25.008283,0.0148,0.4,0.2208,0,1,0.013981,0.00939,0.02238,0.03451,0.41862,0,,,,,,,,,,,,,,,,,,,,,,,,,,,,,,,,,,,,,,,,,,,,,,,,,,,,,,,,,,,,,,,,,,,,,,,,,,,,,,,,,,,,,,BEL_data,,2026-09-08
MACD_Zero_Cross_Up + VWAP_Bull,MACD_Zero_Cross_Up + VWAP_Bull,combo_2,20,momentum,Bullish,0.85,0.02976,-0.03277,0.020381,0.625624,5.49,0.02019,0.01248,0.35,0.986,0.215,0.011894,20.0,0.00906,0.01266,0.0247,10.456601,0.9,0.03575,-0.03741,0.028435,0.821419,10.039,0.02816,0.00431,0.4,1.394,0.2208,0.01396,20.0,0.00939,0.02238,0.03451,25.008283,0.85,0.05169,-0.05692,0.035396,1.200204,5.458,0.03617,0.02761,0.45,1.707,0.1999,0.016088,20.0,0.01685,0.03573,0.05089,19.945114,0.028071,0.882416,0.8667,6.996,0.95,17.854875,10,25.008283,0.0148,0.4,0.2208,0,1,0.013981,0.00939,0.02238,0.03451,0.41862,0,,,,,,,,,,,,,,,,,,,,,,,,,,,,,,,,,,,,,,,,,,,,,,,,,,,,,,,,,,,,,,,,,,,,,,,,,,,,,,,,,,,,,,BEL_data,,2026-09-08
RSI_Bull_Momentum + MACD_Zero_Cross_Up,RSI_Bull_Momentum + MACD_Zero_Cross_Up,combo_2,20,momentum,Bullish,0.85,0.02976,-0.03277,0.020381,0.625624,5.49,0.02019,0.01248,0.35,0.986,0.215,0.011894,20.0,0.00906,0.01266,0.0247,10.456601,0.9,0.03575,-0.03741,0.028435,0.821419,10.039,0.02816,0.00431,0.4,1.394,0.2208,0.01396,20.0,0.00939,0.02238,0.03451,25.008283,0.85,0.05169,-0.05692,0.035396,1.200204,5.458,0.03617,0.02761,0.45,1.707,0.1999,0.016088,20.0,0.01685,0.03573,0.05089,19.945114,0.028071,0.882416,0.8667,6.996,0.95,17.854875,10,25.008283,0.0148,0.4,0.2208,0,1,0.013981,0.00939,0.02238,0.03451,0.41862,0,,,,,,,,,,,,,,,,,,,,,,,,,,,,,,,,,,,,,,,,,,,,,,,,,,,,,,,,,,,,,,,,,,,,,,,,,,,,,,,,,,,,,,BEL_data,,2026-09-08
MACD_Hist_Rising + CMF_Strong_Bull,MACD_Hist_Rising + CMF_Strong_Bull,combo_2,74,momentum,Bullish,0.8378,0.02142,-0.05287,0.009373,0.285835,2.924,0.00939,0.01047,0.5135,0.981,0.0987,0.007458,72.0,0.00578,0.01198,0.01594,3.608683,0.9054,0.02789,-0.05282,0.020255,0.682896,7.653,0.0209,0.01572,0.4865,1.387,0.0975,0.017113,72.0,0.01276,0.02297,0.03126,22.564616,0.9054,0.03867,-0.05753,0.029566,1.046969,9.007,0.02966,0.02509,0.4595,1.699,0.0636,0.026724,72.0,0.0156,0.02845,0.03898,40.713371,0.019731,0.6719,0.8829,6.528,0.9324,17.657833,15,40.713371,0.01709,0.4865,0.0987,0,1,0.017098,0.0156,0.02845,0.03898,0.12107,0,,,,,,,,,,,,,,,,,,,,,,,,,,,,,,,,,,,,,,,,,,,,,,,,,,,,,,,,,,,,,,,,,,,,,,,,,,,,,,,,,,,,,,BEL_data,,2026-09-08
Price_Above_SMA20 + VWAP_Bull,Price_Above_SMA20 + VWAP_Bull,combo_2,80,momentum,Bullish,0.8125,0.02441,-0.0313,0.013964,0.444293,4.425,0.01512,0.00838,0.4375,1.023,0.1086,0.013375,80.0,0.0038,0.01089,0.01972,8.638854,0.8375,0.0381,-0.03461,0.026286,0.813079,6.852,0.02601,0.01023,0.4,1.447,0.0791,0.022302,80.0,0.01051,0.01934,0.03077,24.482204,0.85,0.03584,-0.04095,0.024319,0.753765,6.758,0.0244,0.00636,0.4,1.772,0.064,0.022607,80.0,0.01145,0.02163,0.03423,22.385518,0.021523,0.670379,0.8333,6.012,0.9625,17.045688,10,24.482204,0.00833,0.4125,0.1086,0,1,0.019428,0.01051,0.01934,0.03077,0.60091,0,,,,,,,,,,,,,,,,,,,,,,,,,,,,,,,,,,,,,,,,,,,,,,,,,,,,,,,,,,,,,,,,,,,,,,,,,,,,,,,,,,,,,,BEL_data,,2026-09-08
Stoch_Cross_Up + CDL_Engulfing_Bull,Stoch_Cross_Up + CDL_Engulfing_Bull,combo_2,14,mean_rev,Bullish,0.8571,0.0331,-0.0389,0.02281,0.662752,5.809,0.02201,0.00095,0.4286,1.055,0.3615,0.01246,14.0,0.01121,0.026,0.0333,10.425152,,,,,,,,,,,,,,,,,,,,,,,,,,,,,,,,,,,0.021882,0.670961,0.9048,11.817,0.9286,16.872112,3,16.522794,0.00817,0.3571,0.3881,0,1,0.015424,0.01096,0.01554,0.02467,0.35943,0,,,,,,,,,,,,,,,,,,,,,,,,,,,,,,,,,,,0.9286,0.02127,-0.01801,0.018461,0.610136,22.404,0.01899,0.0105,0.4286,0.817,0.3517,0.013523,14.0,0.01096,0.01554,0.02467,16.522794,0.9286,0.03142,-0.06724,0.024376,0.739995,7.238,0.02447,0.01306,0.2143,1.248,0.3881,0.02029,14.0,0.0203,0.03191,0.03433,14.505036,,,,,,,,,,,,,,,,,,BEL_data,,2026-09-08
VWAP_Bull + CDL_Harami_Bull,VWAP_Bull + CDL_Harami_Bull,combo_2,83,momentum,Bullish,0.8171,0.02579,-0.03726,0.01426,0.438275,3.889,0.01489,0.0105,0.4756,0.983,0.0872,0.011012,82.0,0.00482,0.00923,0.01517,7.551801,0.7927,0.04348,-0.04413,0.02532,0.734991,4.518,0.02606,0.00866,0.4024,1.39,0.0833,0.021258,82.0,0.00873,0.01413,0.0239,14.71488,0.8049,0.06677,-0.056,0.042814,1.332202,5.468,0.04404,0.03004,0.4268,1.702,0.0798,0.036063,82.0,0.00873,0.01624,0.03947,32.274953,0.027465,0.835156,0.8049,4.625,0.9756,16.697144,15,32.274953,0.0164,0.435,0.0872,0,1,0.022778,0.00873,0.01624,0.03947,0.81803,0,,,,,,,,,,,,,,,,,,,,,,,,,,,,,,,,,,,,,,,,,,,,,,,,,,,,,,,,,,,,,,,,,,,,,,,,,,,,,,,,,,,,,,BEL_data,,2026-09-08
RSI_Cross50_Up + EMA_Bullish_State,RSI_Cross50_Up + EMA_Bullish_State,combo_2,55,momentum,Bullish,0.8,0.02384,-0.03926,0.011218,0.335999,3.236,0.01239,0.00317,0.4182,1.079,0.1555,0.00897,55.0,0.00245,0.00977,0.01582,4.376647,0.7636,0.05428,-0.03792,0.032486,0.9596,5.228,0.03314,0.01436,0.3636,1.525,0.1132,0.026146,55.0,0.00994,0.01415,0.02707,20.195187,0.7818,0.06714,-0.0401,0.043738,1.287106,6.524,0.04663,0.01646,0.4,1.868,0.1218,0.036209,55.0,0.01072,0.0171,0.03524,33.801049,0.029147,0.860902,0.7818,4.996,0.9636,16.683865,15,33.801049,0.01133,0.3939,0.1555,0,1,0.023775,0.01072,0.0171,0.03524,0.87331,0,,,,,,,,,,,,,,,,,,,,,,,,,,,,,,,,,,,,,,,,,,,,,,,,,,,,,,,,,,,,,,,,,,,,,,,,,,,,,,,,,,,,,,BEL_data,,2026-09-08
MACD_Hist_Rising + Stoch_Cross_Up,MACD_Hist_Rising + Stoch_Cross_Up,combo_2,117,momentum,Bullish,0.8462,0.02281,-0.03811,0.013438,0.416682,4.016,0.01421,0.01013,0.4786,0.958,0.0786,0.011189,116.0,0.00662,0.01079,0.02055,7.982498,0.8376,0.03318,-0.03711,0.021766,0.704587,5.669,0.0222,0.01653,0.4359,1.355,0.0648,0.016816,116.0,0.00882,0.0179,0.03482,19.054102,0.8547,0.03401,-0.03974,0.023293,0.76736,7.193,0.02318,0.01439,0.4444,1.659,0.0474,0.018386,116.0,0.00984,0.02687,0.0379,26.334022,0.019499,0.629543,0.8462,5.626,0.9829,16.607668,15,26.334022,0.01368,0.453,0.0786,0,1,0.015464,0.00984,0.02687,0.0379,0.53518,0,,,,,,,,,,,,,,,,,,,,,,,,,,,,,,,,,,,,,,,,,,,,,,,,,,,,,,,,,,,,,,,,,,,,,,,,,,,,,,,,,,,,,,BEL_data,,2026-09-08
RSI_Bull_Momentum + MACD_Hist_Positive,RSI_Bull_Momentum + MACD_Hist_Positive,combo_2,87,momentum,Bullish,0.8276,0.02106,-0.04282,0.010048,0.390304,3.202,0.01028,0.00106,0.4598,0.948,0.0722,0.008436,85.0,0.00746,0.01101,0.01938,5.59547,0.8276,0.02877,-0.02757,0.019058,0.699867,7.068,0.01931,0.01629,0.4828,1.341,0.0706,0.017661,85.0,0.00935,0.01498,0.02802,22.149009,0.8736,0.03742,-0.05233,0.026073,0.961287,6.691,0.02611,0.02214,0.4598,1.642,0.0562,0.023333,85.0,0.01194,0.02685,0.03342,28.798353,0.018393,0.683819,0.8429,5.654,0.954,16.514279,15,28.798353,0.01316,0.4674,0.0722,0,1,0.016476,0.01194,0.02685,0.03342,0.3474,0,,,,,,,,,,,,,,,,,,,,,,,,,,,,,,,,,,,,,,,,,,,,,,,,,,,,,,,,,,,,,,,,,,,,,,,,,,,,,,,,,,,,,,BEL_data,,2026-09-08
RSI_Bull_Momentum + MACD_Bullish_State,RSI_Bull_Momentum + MACD_Bullish_State,combo_2,87,momentum,Bullish,0.8276,0.02106,-0.04282,0.010048,0.390304,3.202,0.01028,0.00106,0.4598,0.948,0.0722,0.008436,85.0,0.00746,0.01101,0.01938,5.59547,0.8276,0.02877,-0.02757,0.019058,0.699867,7.068,0.01931,0.01629,0.4828,1.341,0.0706,0.017661,85.0,0.00935,0.01498,0.02802,22.149009,0.8736,0.03742,-0.05233,0.026073,0.961287,6.691,0.02611,0.02214,0.4598,1.642,0.0562,0.023333,85.0,0.01194,0.02685,0.03342,28.798353,0.018393,0.683819,0.8429,5.654,0.954,16.514279,15,28.798353,0.01316,0.4674,0.0722,0,1,0.016476,0.01194,0.02685,0.03342,0.3474,0,,,,,,,,,,,,,,,,,,,,,,,,,,,,,,,,,,,,,,,,,,,,,,,,,,,,,,,,,,,,,,,,,,,,,,,,,,,,,,,,,,,,,,BEL_data,,2026-09-08
EMA_Bullish_State + CMF_Positive,EMA_Bullish_State + CMF_Positive,combo_2,60,momentum,Bullish,0.8333,0.01458,-0.02816,0.00746,0.215385,3.87,0.00843,0.00723,0.5,0.959,0.1582,0.005231,59.0,0.0046,0.0097,0.01557,3.426288,0.8833,0.0253,-0.02376,0.019577,0.745958,10.983,0.0216,0.00658,0.4333,1.356,0.139,0.012825,59.0,0.01135,0.01778,0.02742,30.665407,0.9,0.02753,-0.04335,0.020439,0.750126,7.744,0.02032,0.00758,0.3833,1.661,0.1054,0.010111,59.0,0.01534,0.02681,0.03622,23.878726,0.015825,0.57049,0.8722,7.532,0.9333,16.486478,10,30.665407,0.00713,0.4389,0.1582,0,1,0.009389,0.01135,0.01778,0.02742,0.19249,0,,,,,,,,,,,,,,,,,,,,,,,,,,,,,,,,,,,,,,,,,,,,,,,,,,,,,,,,,,,,,,,,,,,,,,,,,,,,,,,,,,,,,,BEL_data,,2026-09-08
MACD_Cross_Up_Event + OBV_Trend_Bull,MACD_Cross_Up_Event + OBV_Trend_Bull,combo_2,41,momentum,Bullish,0.8293,0.03263,-0.04117,0.02003,0.649491,4.433,0.02056,0.01184,0.439,0.975,0.1428,0.016962,39.0,0.00477,0.01097,0.01748,10.761102,0.8537,0.03182,-0.03908,0.021444,0.779171,6.785,0.02234,-0.00048,0.439,1.379,0.1725,0.020539,39.0,0.00975,0.01705,0.03184,19.761202,0.878,0.03144,-0.04691,0.021885,0.815234,7.37,0.02245,0.01681,0.4634,1.689,0.1232,0.021778,39.0,0.01705,0.03184,0.04409,22.456524,0.02112,0.747965,0.8537,6.196,0.9512,16.477017,15,22.456524,0.00939,0.4472,0.1725,0,1,0.01976,0.01705,0.03184,0.04409,0.4213,0,,,,,,,,,,,,,,,,,,,,,,,,,,,,,,,,,,,,,,,,,,,,,,,,,,,,,,,,,,,,,,,,,,,,,,,,,,,,,,,,,,,,,,BEL_data,,2026-09-08
Stoch_Cross_Up + CCI_Exit_Oversold,Stoch_Cross_Up + CCI_Exit_Oversold,combo_2,16,mean_rev,Bullish,0.8125,0.03997,-0.02477,0.027829,0.708121,8.785,0.02865,-0.00674,0.4375,1.027,0.3393,0.026961,16.0,0.00678,0.01014,0.0133,17.624754,,,,,,,,,,,,,,,,,,,,,,,,,,,,,,,,,,,0.030172,0.793716,0.8125,8.372,0.875,16.473034,7,29.934471,0.00704,0.4375,0.3393,0,1,0.028268,0.00678,0.01014,0.01487,0.56579,0,,,,,,,,,,,,,,,,,,,,,,,,,,,,,,,,,,,0.875,0.02615,-0.03097,0.019007,0.485874,7.431,0.01996,0.01467,0.4375,0.796,0.3053,0.020094,16.0,0.00678,0.01014,0.0133,10.229025,0.75,0.06654,-0.0249,0.043681,1.187154,8.9,0.04475,0.0132,0.4375,1.216,0.3136,0.037749,16.0,0.00678,0.01014,0.01487,29.934471,,,,,,,,,,,,,,,,,,BEL_data,,2026-09-08
CMF_Strong_Bull + OBV_Trend_Bull,CMF_Strong_Bull + OBV_Trend_Bull,combo_2,63,momentum,Bullish,0.8889,0.02525,-0.05207,0.016659,0.513537,5.0,0.01703,0.01531,0.4921,0.992,0.1004,0.012978,61.0,0.00914,0.01429,0.02267,10.679458,0.8889,0.03035,-0.05989,0.020325,0.659411,6.052,0.02129,0.0116,0.4921,1.403,0.1086,0.017617,61.0,0.01252,0.02193,0.03322,16.596209,0.8889,0.03597,-0.06394,0.024872,0.835326,6.524,0.02488,0.00257,0.4127,1.718,0.075,0.023025,61.0,0.0139,0.02368,0.03973,22.665228,0.020619,0.669425,0.8889,5.859,1.0,16.311092,15,22.665228,0.00983,0.4656,0.1086,0,1,0.017873,0.0139,0.02368,0.03973,0.21885,0,,,,,,,,,,,,,,,,,,,,,,,,,,,,,,,,,,,,,,,,,,,,,,,,,,,,,,,,,,,,,,,,,,,,,,,,,,,,,,,,,,,,,,BEL_data,,2026-09-08
CCI_Oversold,CCI_Oversold,single,59,mean_rev,Bullish,0.8644,0.0203,-0.03188,0.013225,0.362374,6.221,0.01374,0.00571,0.4576,0.992,0.1035,0.011148,59.0,0.00703,0.01436,0.02151,9.229461,,,,,,,,,,,,,,,,,,,,,,,,,,,,,,,,,,,0.014949,0.416765,0.8927,10.103,0.9492,16.196134,7,27.841987,0.00588,0.4407,0.1361,0,1,0.011177,0.01034,0.01665,0.02217,0.10446,0,,,,,,,,,,,,,,,,,,,,,,,,,,,,,,,,,,,0.9153,0.01124,-0.02167,0.008454,0.207909,9.426,0.00918,0.00526,0.4746,0.769,0.1361,0.004165,59.0,0.00667,0.01217,0.01623,8.023804,0.8983,0.02821,-0.02134,0.023167,0.680011,14.663,0.0244,0.00666,0.3898,1.174,0.1273,0.018218,59.0,0.01034,0.01665,0.02217,27.841987,,,,,,,,,,,,,,,,,,BEL_data,,2026-09-08
Williams_Oversold,Williams_Oversold,single,82,mean_rev,Bullish,0.8659,0.0243,-0.0365,0.016141,0.456359,5.498,0.01707,0.01195,0.4146,0.979,0.0944,0.011562,82.0,0.0071,0.01383,0.02163,11.088093,,,,,,,,,,,,,,,,,,,,,,,,,,,,,,,,,,,0.017427,0.488671,0.878,7.782,0.9634,16.189351,7,17.126278,0.01045,0.4228,0.0994,0,1,0.012808,0.00755,0.01715,0.02279,0.11402,0,,,,,,,,,,,,,,,,,,,,,,,,,,,,,,,,,,,0.9024,0.01559,-0.01719,0.012389,0.364007,11.845,0.01272,0.00755,0.4268,0.759,0.0873,0.009318,82.0,0.00688,0.01016,0.01874,16.084873,0.8659,0.03385,-0.04141,0.023751,0.645647,6.003,0.02493,0.01187,0.4268,1.159,0.0994,0.017543,82.0,0.00755,0.01715,0.02279,17.126278,,,,,,,,,,,,,,,,,,BEL_data,,2026-09-08
BB_Lower_Bounce + CCI_Oversold,BB_Lower_Bounce + CCI_Oversold,combo_2,29,mean_rev,Bullish,1.0,0.01751,0.0,0.017506,0.523166,,0.01761,0.01725,0.4828,0.982,0.1414,0.0135,29.0,0.01498,0.01666,0.02177,1.779392,,,,,,,,,,,,,,,,,,,,,,,,,,,,,,,,,,,0.016224,0.491256,0.9885,31.573,0.9655,16.132412,7,20.415712,0.01493,0.4713,0.2998,0,1,0.011586,0.01498,0.01732,0.02542,0.00723,1,,,,,,,,,,,,,,,,,,,,,,,,,,,,,,,,,,,1.0,0.01195,0.0,0.011949,0.35035,,0.01185,0.01219,0.5172,0.761,0.1267,0.008085,29.0,0.01498,0.01611,0.01739,1.191608,0.9655,0.02075,-0.02369,0.019218,0.600251,31.573,0.02194,0.01534,0.4138,1.162,0.2998,0.013172,29.0,0.01498,0.01732,0.02542,20.415712,,,,,,,,,,,,,,,,,,BEL_data,,2026-09-08
RSI_Bull_Momentum + VWAP_Bull,RSI_Bull_Momentum + VWAP_Bull,combo_2,122,momentum,Bullish,0.8361,0.01929,-0.04752,0.008334,0.260666,2.997,0.00932,0.0041,0.4754,1.001,0.0765,0.007056,122.0,0.00662,0.01123,0.01897,3.759343,0.8033,0.03688,-0.03485,0.022772,0.733811,5.467,0.02392,0.01895,0.4754,1.416,0.0617,0.019192,122.0,0.00931,0.01464,0.03097,19.303737,0.8361,0.04782,-0.04482,0.032634,1.089534,6.468,0.03361,0.01826,0.4344,1.734,0.0673,0.027718,122.0,0.01096,0.02075,0.03552,33.913455,0.021247,0.69467,0.8251,4.977,0.9672,16.092937,15,33.913455,0.01377,0.4617,0.0765,0,1,0.017989,0.01096,0.02075,0.03552,0.67851,0,,,,,,,,,,,,,,,,,,,,,,,,,,,,,,,,,,,,,,,,,,,,,,,,,,,,,,,,,,,,,,,,,,,,,,,,,,,,,,,,,,,,,,BEL_data,,2026-09-08
Price_Above_SMA20 + CDL_Hammer,Price_Above_SMA20 + CDL_Hammer,combo_2,11,momentum,Bullish,0.9091,0.0189,-0.01764,0.01558,0.546117,13.648,0.01591,0.01373,0.4545,0.985,0.3778,0.006178,9.0,0.00951,0.01667,0.02505,13.570508,0.8182,0.03493,-0.04011,0.021287,0.844458,4.882,0.02164,0.02356,0.6364,1.394,0.3251,0.009396,9.0,0.00951,0.01667,0.03846,10.244659,0.8182,0.04377,-0.03842,0.028828,1.160981,6.347,0.02883,-0.00539,0.4545,1.707,0.3183,0.020746,9.0,0.00951,0.03846,0.04679,18.312012,0.021898,0.850519,0.8485,8.293,0.9091,15.932783,15,18.312012,0.01064,0.5152,0.3778,0,1,0.012107,0.00951,0.03846,0.04679,0.47559,0,,,,,,,,,,,,,,,,,,,,,,,,,,,,,,,,,,,,,,,,,,,,,,,,,,,,,,,,,,,,,,,,,,,,,,,,,,,,,,,,,,,,,,BEL_data,,2026-09-08
RSI_Bull_Momentum + OBV_Trend_Bull,RSI_Bull_Momentum + OBV_Trend_Bull,combo_2,127,momentum,Bullish,0.8425,0.01947,-0.04502,0.009315,0.361498,3.346,0.01023,0.00529,0.4803,0.981,0.0758,0.007682,126.0,0.00824,0.01123,0.0189,5.86973,0.8031,0.03545,-0.03825,0.020941,0.752344,4.666,0.02153,0.0169,0.4409,1.388,0.0538,0.021618,126.0,0.00949,0.01552,0.0304,17.034477,0.8425,0.04709,-0.05188,0.031502,1.127242,5.678,0.03128,0.01574,0.4409,1.7,0.0388,0.028915,126.0,0.01081,0.02216,0.03847,31.055967,0.020586,0.747028,0.8294,4.564,0.9606,15.890327,15,31.055967,0.01264,0.4541,0.0758,0,1,0.019405,0.01081,0.02216,0.03847,0.60248,0,,,,,,,,,,,,,,,,,,,,,,,,,,,,,,,,,,,,,,,,,,,,,,,,,,,,,,,,,,,,,,,,,,,,,,,,,,,,,,,,,,,,,,BEL_data,,2026-09-08
MACD_Hist_Rising + CCI_Oversold,MACD_Hist_Rising + CCI_Oversold,combo_2,36,momentum,Bullish,0.9167,0.0122,-0.02979,0.0087,0.207433,6.705,0.0087,0.00405,0.4167,0.975,0.1307,0.006324,36.0,0.00885,0.01387,0.01757,5.022259,0.8611,0.03009,-0.0323,0.021424,0.685559,6.998,0.02291,0.02366,0.5,1.379,0.1674,0.017157,36.0,0.00948,0.01611,0.02315,17.324264,0.8333,0.04802,-0.03557,0.034087,1.136667,7.478,0.03629,0.02482,0.4167,1.689,0.1513,0.031708,36.0,0.00948,0.01611,0.03508,30.690916,0.021403,0.676553,0.8704,7.06,0.9167,15.810826,15,30.690916,0.01751,0.4444,0.1674,0,1,0.018396,0.00948,0.01611,0.03508,0.16931,0,,,,,,,,,,,,,,,,,,,,,,,,,,,,,,,,,,,,,,,,,,,,,,,,,,,,,,,,,,,,,,,,,,,,,,,,,,,,,,,,,,,,,,BEL_data,,2026-09-08
Stoch_Oversold + CCI_Oversold,Stoch_Oversold + CCI_Oversold,combo_2,29,mean_rev,Bullish,0.8966,0.01613,-0.03548,0.01079,0.37092,6.379,0.01331,0.00915,0.4828,1.031,0.289,0.011378,29.0,0.01467,0.02063,0.02254,8.046989,,,,,,,,,,,,,,,,,,,,,,,,,,,,,,,,,,,0.014866,0.496538,0.9195,11.184,0.931,15.723541,7,28.258545,0.00999,0.4598,0.2932,0,1,0.011729,0.01725,0.02223,0.02462,0.05475,1,,,,,,,,,,,,,,,,,,,,,,,,,,,,,,,,,,,0.9655,0.01035,-0.04011,0.008609,0.287854,12.2,0.00787,0.00663,0.4828,0.798,0.1431,0.004029,29.0,0.00996,0.01708,0.0214,9.790482,0.8966,0.03029,-0.01897,0.025198,0.830841,14.972,0.02909,0.0142,0.4138,1.22,0.2932,0.01978,29.0,0.01725,0.02223,0.02462,28.258545,,,,,,,,,,,,,,,,,,BEL_data,,2026-09-08
EMA_Bullish_State + Williams_Oversold,EMA_Bullish_State + Williams_Oversold,combo_2,55,momentum,Bullish,0.8545,0.01496,-0.03818,0.007231,0.184204,3.749,0.00956,0.01214,0.5455,0.997,0.1698,0.005037,55.0,0.00689,0.0159,0.02166,2.779501,0.8182,0.04511,-0.03779,0.030037,0.838637,6.178,0.03043,0.01294,0.3636,1.411,0.1325,0.021952,55.0,0.00796,0.01848,0.02845,20.854294,0.8182,0.05687,-0.04022,0.039214,1.083955,7.328,0.03961,0.01564,0.3273,1.728,0.1037,0.033318,55.0,0.00796,0.01963,0.03123,31.974953,0.025494,0.702266,0.8303,5.751,0.9636,15.667287,15,31.974953,0.01357,0.4121,0.1698,0,1,0.020103,0.00796,0.01963,0.03123,0.51941,0,,,,,,,,,,,,,,,,,,,,,,,,,,,,,,,,,,,,,,,,,,,,,,,,,,,,,,,,,,,,,,,,,,,,,,,,,,,,,,,,,,,,,,BEL_data,,2026-09-08
MACD_Bullish_State + MACD_Hist_Rising,MACD_Bullish_State + MACD_Hist_Rising,combo_2,117,momentum,Bullish,0.8547,0.02055,-0.03872,0.011936,0.436451,4.301,0.01216,0.01212,0.5043,0.952,0.0635,0.007894,114.0,0.0065,0.01305,0.01693,8.954937,0.8632,0.02504,-0.04117,0.015985,0.609749,5.858,0.01704,0.0155,0.4957,1.346,0.0706,0.010262,114.0,0.01183,0.01835,0.03104,17.039921,0.8632,0.03191,-0.04828,0.020945,0.79513,5.981,0.0211,0.01681,0.4786,1.649,0.0466,0.013508,114.0,0.01447,0.02742,0.03823,22.687697,0.016289,0.613776,0.8604,5.38,0.9915,15.618294,15,22.687697,0.01481,0.4929,0.0706,0,1,0.010555,0.01447,0.02742,0.03823,0.42668,0,,,,,,,,,,,,,,,,,,,,,,,,,,,,,,,,,,,,,,,,,,,,,,,,,,,,,,,,,,,,,,,,,,,,,,,,,,,,,,,,,,,,,,BEL_data,,2026-09-08
MACD_Hist_Positive + MACD_Hist_Rising,MACD_Hist_Positive + MACD_Hist_Rising,combo_2,117,momentum,Bullish,0.8547,0.02055,-0.03872,0.011936,0.436451,4.301,0.01216,0.01212,0.5043,0.952,0.0635,0.007894,114.0,0.0065,0.01305,0.01693,8.954937,0.8632,0.02504,-0.04117,0.015985,0.609749,5.858,0.01704,0.0155,0.4957,1.346,0.0706,0.010262,114.0,0.01183,0.01835,0.03104,17.039921,0.8632,0.03191,-0.04828,0.020945,0.79513,5.981,0.0211,0.01681,0.4786,1.649,0.0466,0.013508,114.0,0.01447,0.02742,0.03823,22.687697,0.016289,0.613776,0.8604,5.38,0.9915,15.618294,15,22.687697,0.01481,0.4929,0.0706,0,1,0.010555,0.01447,0.02742,0.03823,0.42668,0,,,,,,,,,,,,,,,,,,,,,,,,,,,,,,,,,,,,,,,,,,,,,,,,,,,,,,,,,,,,,,,,,,,,,,,,,,,,,,,,,,,,,,BEL_data,,2026-09-08
Price_Above_SMA20,Price_Above_SMA20,single,82,momentum,Bullish,0.8049,0.02247,-0.0301,0.012211,0.393587,4.142,0.01336,0.00683,0.439,1.032,0.1127,0.012301,81.0,0.00386,0.01065,0.01942,7.204226,0.8293,0.03674,-0.03453,0.024575,0.759767,6.258,0.02428,0.01023,0.4146,1.46,0.0806,0.021329,81.0,0.01061,0.01901,0.02905,21.010572,0.8537,0.03648,-0.04095,0.025146,0.767015,6.993,0.02523,0.00636,0.4024,1.788,0.0618,0.023705,81.0,0.01179,0.02214,0.03522,23.700644,0.020644,0.640123,0.8293,5.798,0.9512,15.599514,15,23.700644,0.00781,0.4187,0.1127,0,1,0.019111,0.01179,0.02214,0.03522,0.56324,0,,,,,,,,,,,,,,,,,,,,,,,,,,,,,,,,,,,,,,,,,,,,,,,,,,,,,,,,,,,,,,,,,,,,,,,,,,,,,,,,,,,,,,BEL_data,,2026-09-08
Price_Above_SMA20 + OBV_Trend_Bull,Price_Above_SMA20 + OBV_Trend_Bull,combo_2,89,momentum,Bullish,0.7978,0.02604,-0.03085,0.014531,0.495192,4.318,0.01516,0.00872,0.4607,0.988,0.096,0.013309,88.0,0.00466,0.00993,0.0183,9.622431,0.809,0.0379,-0.03785,0.023431,0.768716,4.91,0.02331,0.0088,0.3708,1.398,0.077,0.023521,88.0,0.0094,0.01589,0.02771,16.984058,0.8427,0.04119,-0.04678,0.027355,0.896237,5.879,0.0273,0.01101,0.4045,1.712,0.0592,0.026654,88.0,0.01053,0.01914,0.03411,23.709556,0.021772,0.720049,0.8165,5.036,0.9551,15.583056,15,23.709556,0.00951,0.412,0.096,0,1,0.021161,0.01053,0.01914,0.03411,0.67222,0,,,,,,,,,,,,,,,,,,,,,,,,,,,,,,,,,,,,,,,,,,,,,,,,,,,,,,,,,,,,,,,,,,,,,,,,,,,,,,,,,,,,,,BEL_data,,2026-09-08
OBV_Rising + CDL_Engulfing_Bull,OBV_Rising + CDL_Engulfing_Bull,combo_2,47,momentum,Bullish,0.8723,0.01892,-0.03086,0.012569,0.436081,5.467,0.01249,0.00379,0.4043,0.941,0.1603,0.005924,46.0,0.00842,0.01362,0.0191,9.229484,0.8723,0.03846,-0.04526,0.027773,0.944748,7.056,0.02778,0.02484,0.4255,1.331,0.1115,0.02057,46.0,0.01263,0.02146,0.035,25.806711,0.8298,0.03843,-0.05496,0.022533,0.805161,4.737,0.02269,-0.00539,0.4255,1.63,0.1108,0.021557,46.0,0.01263,0.03173,0.04158,14.763937,0.020958,0.728663,0.8582,5.753,0.9574,15.538483,10,25.806711,0.00775,0.4184,0.1603,0,1,0.016017,0.01263,0.02146,0.035,0.39556,0,,,,,,,,,,,,,,,,,,,,,,,,,,,,,,,,,,,,,,,,,,,,,,,,,,,,,,,,,,,,,,,,,,,,,,,,,,,,,,,,,,,,,,BEL_data,,2026-09-08
MACD_Bullish_State + CDL_Engulfing_Bull,MACD_Bullish_State + CDL_Engulfing_Bull,combo_2,24,momentum,Bullish,0.875,0.01868,-0.03623,0.011819,0.470737,4.679,0.01268,0.00489,0.4167,0.887,0.2854,0.004894,23.0,0.00859,0.01282,0.01918,7.09019,0.8333,0.04756,-0.04115,0.032772,1.207354,6.393,0.03429,0.01894,0.2917,1.254,0.1971,0.024185,23.0,0.01245,0.01812,0.0222,24.843663,0.7917,0.05614,-0.05402,0.033187,1.258902,5.005,0.03368,0.03758,0.5417,1.536,0.1596,0.03508,23.0,0.01245,0.02693,0.04165,20.280208,0.025926,0.978998,0.8333,5.359,0.9167,15.479886,10,24.843663,0.02047,0.4167,0.2854,0,1,0.021386,0.01245,0.01812,0.0222,0.48071,0,,,,,,,,,,,,,,,,,,,,,,,,,,,,,,,,,,,,,,,,,,,,,,,,,,,,,,,,,,,,,,,,,,,,,,,,,,,,,,,,,,,,,,BEL_data,,2026-09-08
MACD_Hist_Positive + CDL_Engulfing_Bull,MACD_Hist_Positive + CDL_Engulfing_Bull,combo_2,24,momentum,Bullish,0.875,0.01868,-0.03623,0.011819,0.470737,4.679,0.01268,0.00489,0.4167,0.887,0.2854,0.004894,23.0,0.00859,0.01282,0.01918,7.09019,0.8333,0.04756,-0.04115,0.032772,1.207354,6.393,0.03429,0.01894,0.2917,1.254,0.1971,0.024185,23.0,0.01245,0.01812,0.0222,24.843663,0.7917,0.05614,-0.05402,0.033187,1.258902,5.005,0.03368,0.03758,0.5417,1.536,0.1596,0.03508,23.0,0.01245,0.02693,0.04165,20.280208,0.025926,0.978998,0.8333,5.359,0.9167,15.479886,10,24.843663,0.02047,0.4167,0.2854,0,1,0.021386,0.01245,0.01812,0.0222,0.48071,0,,,,,,,,,,,,,,,,,,,,,,,,,,,,,,,,,,,,,,,,,,,,,,,,,,,,,,,,,,,,,,,,,,,,,,,,,,,,,,,,,,,,,,BEL_data,,2026-09-08
CCI_Exit_Oversold + VWAP_Bull,CCI_Exit_Oversold + VWAP_Bull,combo_2,58,momentum,Bullish,0.8276,0.02242,-0.03878,0.011865,0.324904,3.613,0.01322,0.00101,0.3966,0.989,0.1535,0.010231,58.0,0.00734,0.01076,0.01848,4.786179,0.7931,0.04532,-0.03194,0.029332,0.89446,6.422,0.03044,0.02364,0.5,1.398,0.1046,0.024276,58.0,0.00734,0.01266,0.02562,23.423585,0.8103,0.05594,-0.05324,0.035234,1.10494,5.05,0.03553,0.04561,0.5345,1.713,0.0778,0.029141,58.0,0.00837,0.0185,0.03387,22.751034,0.025477,0.774768,0.8103,5.028,0.9655,15.337244,10,23.423585,0.02342,0.477,0.1535,0,1,0.021216,0.00734,0.01266,0.02562,0.72724,0,,,,,,,,,,,,,,,,,,,,,,,,,,,,,,,,,,,,,,,,,,,,,,,,,,,,,,,,,,,,,,,,,,,,,,,,,,,,,,,,,,,,,,BEL_data,,2026-09-08
Price_Above_SMA20 + BB_Expansion_Bull,Price_Above_SMA20 + BB_Expansion_Bull,combo_2,31,momentum,Bullish,0.9355,0.01989,-0.03852,0.016119,0.51249,10.885,0.01584,0.02096,0.5806,1.012,0.1183,0.014628,31.0,0.01341,0.02165,0.02495,17.761545,0.9032,0.02495,-0.06201,0.01653,0.530238,5.66,0.01554,0.01596,0.4839,1.431,0.1288,0.012917,31.0,0.01545,0.02183,0.03261,10.400335,0.871,0.0429,-0.07302,0.027943,0.910927,4.88,0.02589,0.03706,0.5806,1.753,0.11,0.015781,31.0,0.01545,0.03261,0.04696,15.407091,0.020197,0.651218,0.9032,7.142,0.9355,15.078161,5,17.761545,0.02466,0.5484,0.1288,0,1,0.014442,0.01341,0.02165,0.02495,0.1202,0,,,,,,,,,,,,,,,,,,,,,,,,,,,,,,,,,,,,,,,,,,,,,,,,,,,,,,,,,,,,,,,,,,,,,,,,,,,,,,,,,,,,,,BEL_data,,2026-09-08
BB_Expansion_Bull + VWAP_Bull,BB_Expansion_Bull + VWAP_Bull,combo_2,31,momentum,Bullish,0.9355,0.01989,-0.03852,0.016119,0.51249,10.885,0.01584,0.02096,0.5806,1.012,0.1183,0.014628,31.0,0.01341,0.02165,0.02495,17.761545,0.9032,0.02495,-0.06201,0.01653,0.530238,5.66,0.01554,0.01596,0.4839,1.431,0.1288,0.012917,31.0,0.01545,0.02183,0.03261,10.400335,0.871,0.0429,-0.07302,0.027943,0.910927,4.88,0.02589,0.03706,0.5806,1.753,0.11,0.015781,31.0,0.01545,0.03261,0.04696,15.407091,0.020197,0.651218,0.9032,7.142,0.9355,15.078161,5,17.761545,0.02466,0.5484,0.1288,0,1,0.014442,0.01341,0.02165,0.02495,0.1202,0,,,,,,,,,,,,,,,,,,,,,,,,,,,,,,,,,,,,,,,,,,,,,,,,,,,,,,,,,,,,,,,,,,,,,,,,,,,,,,,,,,,,,,BEL_data,,2026-09-08
BB_Expansion_Bull,BB_Expansion_Bull,single,31,momentum,Bullish,0.9355,0.01989,-0.03852,0.016119,0.51249,10.885,0.01584,0.02096,0.5806,1.012,0.1183,0.014628,31.0,0.01341,0.02165,0.02495,17.761545,0.9032,0.02495,-0.06201,0.01653,0.530238,5.66,0.01554,0.01596,0.4839,1.431,0.1288,0.012917,31.0,0.01545,0.02183,0.03261,10.400335,0.871,0.0429,-0.07302,0.027943,0.910927,4.88,0.02589,0.03706,0.5806,1.753,0.11,0.015781,31.0,0.01545,0.03261,0.04696,15.407091,0.020197,0.651218,0.9032,7.142,0.9355,15.078161,5,17.761545,0.02466,0.5484,0.1288,0,1,0.014442,0.01341,0.02165,0.02495,0.1202,0,,,,,,,,,,,,,,,,,,,,,,,,,,,,,,,,,,,,,,,,,,,,,,,,,,,,,,,,,,,,,,,,,,,,,,,,,,,,,,,,,,,,,,BEL_data,,2026-09-08
MACD_Hist_Rising + CMF_Positive,MACD_Hist_Rising + CMF_Positive,combo_2,127,momentum,Bullish,0.8504,0.01745,-0.04019,0.008827,0.273173,3.681,0.00885,0.0083,0.4961,0.967,0.0643,0.007021,126.0,0.00509,0.01237,0.01795,4.878405,0.8504,0.02705,-0.03587,0.017641,0.576795,6.5,0.01808,0.00671,0.4567,1.367,0.0621,0.01398,126.0,0.0099,0.01789,0.02766,18.189982,0.8583,0.03817,-0.05181,0.025417,0.890977,5.977,0.02519,0.01622,0.4094,1.674,0.0453,0.018868,126.0,0.01355,0.02142,0.03492,25.837119,0.017295,0.580315,0.853,5.386,0.9921,15.044855,15,25.837119,0.01041,0.4541,0.0643,0,1,0.013289,0.01355,0.02142,0.03492,0.48394,0,,,,,,,,,,,,,,,,,,,,,,,,,,,,,,,,,,,,,,,,,,,,,,,,,,,,,,,,,,,,,,,,,,,,,,,,,,,,,,,,,,,,,,BEL_data,,2026-09-08
RSI_Bull_Momentum,RSI_Bull_Momentum,single,121,momentum,Bullish,0.8347,0.01655,-0.04753,0.00596,0.199016,2.762,0.00695,0.00247,0.4628,0.999,0.0827,0.005807,121.0,0.00661,0.01105,0.0189,2.640707,0.8017,0.03526,-0.03486,0.02135,0.696439,5.299,0.02249,0.01758,0.4628,1.413,0.0635,0.019186,121.0,0.00928,0.01446,0.02835,17.728404,0.8347,0.04834,-0.04484,0.032936,1.09844,6.476,0.03393,0.01646,0.4298,1.731,0.0672,0.028913,121.0,0.01096,0.02043,0.03487,34.171131,0.020082,0.664632,0.8237,4.845,0.9669,14.959719,15,34.171131,0.01217,0.4518,0.0827,0,1,0.017969,0.01096,0.02043,0.03487,0.69321,0,,,,,,,,,,,,,,,,,,,,,,,,,,,,,,,,,,,,,,,,,,,,,,,,,,,,,,,,,,,,,,,,,,,,,,,,,,,,,,,,,,,,,,BEL_data,,2026-09-08
Stoch_Cross_Up + VWAP_Bull,Stoch_Cross_Up + VWAP_Bull,combo_2,176,momentum,Bullish,0.8343,0.01738,-0.03664,0.008424,0.279789,3.257,0.0095,0.00589,0.4857,0.957,0.0613,0.007276,174.0,0.00629,0.01057,0.0182,4.717515,0.8286,0.03222,-0.03974,0.019884,0.65789,5.101,0.02059,0.01085,0.4629,1.353,0.0425,0.017081,174.0,0.00887,0.01778,0.02908,17.370016,0.8514,0.03696,-0.04327,0.025041,0.83376,6.666,0.02504,0.01439,0.4286,1.657,0.0337,0.019669,174.0,0.00976,0.02408,0.03653,28.769996,0.017783,0.59048,0.8381,5.008,0.9771,14.957305,15,28.769996,0.01038,0.459,0.0613,0,1,0.014675,0.00976,0.02408,0.03653,0.56783,0,,,,,,,,,,,,,,,,,,,,,,,,,,,,,,,,,,,,,,,,,,,,,,,,,,,,,,,,,,,,,,,,,,,,,,,,,,,,,,,,,,,,,,BEL_data,,2026-09-08
STRAT_Volume_OBV_Bull,Volume_Spike + OBV_Trend_Bull,combo_2,87,momentum,Bullish,0.8736,0.02217,-0.0414,0.014136,0.491446,4.999,0.01559,0.00952,0.4598,0.968,0.1022,0.009982,87.0,0.00921,0.01353,0.01795,10.998609,0.8391,0.02858,-0.0438,0.016937,0.575836,5.024,0.01713,0.00429,0.4368,1.369,0.0783,0.013837,87.0,0.01037,0.01619,0.02373,12.95324,0.8391,0.03355,-0.03655,0.022271,0.789616,6.713,0.022,0.00638,0.4023,1.677,0.0666,0.015408,87.0,0.01278,0.01785,0.03051,23.732879,0.017781,0.618966,0.8506,5.579,0.9655,14.926812,15,23.732879,0.00673,0.433,0.1022,0,1,0.013076,0.01278,0.01785,0.03051,0.28573,0,,,,,,,,,,,,,,,,,,,,,,,,,,,,,,,,,,,,,,,,,,,,,,,,,,,,,,,,,,,,,,,,,,,,,,,,,,,,,,,,,,,,,,BEL_data,,2026-09-08
EMA_Bullish_State + Stoch_Cross_Up,EMA_Bullish_State + Stoch_Cross_Up,combo_2,132,momentum,Bullish,0.8409,0.01436,-0.03506,0.006502,0.213577,3.318,0.00759,0.00502,0.4697,0.962,0.0863,0.004321,131.0,0.00518,0.01076,0.01805,3.465868,0.8485,0.03237,-0.04361,0.020859,0.680075,5.436,0.02146,0.01092,0.4621,1.361,0.0547,0.016651,131.0,0.00923,0.01815,0.02965,18.080637,0.8485,0.03939,-0.04433,0.026705,0.88295,6.754,0.02668,0.01138,0.3864,1.667,0.0422,0.019666,131.0,0.01039,0.02272,0.03456,29.161308,0.018022,0.5922,0.846,5.169,0.9924,14.857633,15,29.161308,0.0091,0.4394,0.0863,0,1,0.013546,0.01039,0.02272,0.03456,0.61173,0,,,,,,,,,,,,,,,,,,,,,,,,,,,,,,,,,,,,,,,,,,,,,,,,,,,,,,,,,,,,,,,,,,,,,,,,,,,,,,,,,,,,,,BEL_data,,2026-09-08
MACD_Hist_Positive + Stoch_Cross_Up,MACD_Hist_Positive + Stoch_Cross_Up,combo_2,65,momentum,Bullish,0.8923,0.0143,-0.04693,0.007708,0.354789,4.008,0.00842,0.01013,0.5385,0.933,0.1097,0.00686,65.0,0.00917,0.01799,0.02645,5.957951,0.9077,0.02012,-0.04363,0.014234,0.549072,7.597,0.01546,0.02134,0.5692,1.319,0.1039,0.011477,65.0,0.01607,0.02715,0.03687,17.475662,0.9231,0.02473,-0.05803,0.018364,0.709258,8.668,0.01863,0.01494,0.4462,1.615,0.0855,0.014447,65.0,0.02442,0.0313,0.04084,25.757549,0.013435,0.537706,0.9077,6.758,0.9692,14.755258,15,25.757549,0.01547,0.5179,0.1097,0,1,0.010928,0.02442,0.0313,0.04084,0.06349,1,,,,,,,,,,,,,,,,,,,,,,,,,,,,,,,,,,,,,,,,,,,,,,,,,,,,,,,,,,,,,,,,,,,,,,,,,,,,,,,,,,,,,,BEL_data,,2026-09-08
MACD_Bullish_State + Stoch_Cross_Up,MACD_Bullish_State + Stoch_Cross_Up,combo_2,65,momentum,Bullish,0.8923,0.0143,-0.04693,0.007708,0.354789,4.008,0.00842,0.01013,0.5385,0.933,0.1097,0.00686,65.0,0.00917,0.01799,0.02645,5.957951,0.9077,0.02012,-0.04363,0.014234,0.549072,7.597,0.01546,0.02134,0.5692,1.319,0.1039,0.011477,65.0,0.01607,0.02715,0.03687,17.475662,0.9231,0.02473,-0.05803,0.018364,0.709258,8.668,0.01863,0.01494,0.4462,1.615,0.0855,0.014447,65.0,0.02442,0.0313,0.04084,25.757549,0.013435,0.537706,0.9077,6.758,0.9692,14.755258,15,25.757549,0.01547,0.5179,0.1097,0,1,0.010928,0.02442,0.0313,0.04084,0.06349,1,,,,,,,,,,,,,,,,,,,,,,,,,,,,,,,,,,,,,,,,,,,,,,,,,,,,,,,,,,,,,,,,,,,,,,,,,,,,,,,,,,,,,,BEL_data,,2026-09-08
CMF_Strong_Bull + CDL_Engulfing_Bull,CMF_Strong_Bull + CDL_Engulfing_Bull,combo_2,17,momentum,Bullish,0.8235,0.03096,-0.04614,0.017351,0.592127,3.729,0.01727,0.0019,0.4118,0.93,0.3164,0.021706,16.0,0.00714,0.01298,0.01881,6.381377,0.8824,0.05161,-0.06287,0.038139,1.308447,6.784,0.03754,0.02525,0.2941,1.316,0.2509,0.046457,16.0,0.01788,0.0273,0.03595,25.656213,0.8824,0.04794,-0.08261,0.032579,1.075639,5.76,0.03273,0.03691,0.5294,1.612,0.2428,0.047417,16.0,0.02329,0.03903,0.04175,17.908032,0.029356,0.992071,0.8627,5.424,0.9412,14.638741,10,25.656213,0.02136,0.4118,0.3164,0,1,0.038527,0.01788,0.0273,0.03595,0.53032,0,,,,,,,,,,,,,,,,,,,,,,,,,,,,,,,,,,,,,,,,,,,,,,,,,,,,,,,,,,,,,,,,,,,,,,,,,,,,,,,,,,,,,,BEL_data,,2026-09-08
CMF_Positive + CDL_HaramiCross_Bull,CMF_Positive + CDL_HaramiCross_Bull,combo_2,16,momentum,Bullish,0.8125,0.03701,-0.06372,0.018127,0.481801,2.868,0.01961,0.01473,0.4375,1.025,0.3416,0.019335,16.0,0.00531,0.0147,0.02117,3.91428,0.8125,0.05568,-0.04715,0.036403,0.891389,5.887,0.03697,0.01085,0.3125,1.449,0.2796,0.035564,16.0,0.00798,0.02132,0.023,14.866345,0.875,0.07471,-0.07732,0.055703,1.561548,8.133,0.05513,0.02805,0.375,1.775,0.211,0.053717,16.0,0.01364,0.02256,0.03349,35.982996,0.036744,0.978246,0.8333,5.629,0.9375,14.626353,15,35.982996,0.01788,0.375,0.3416,0,1,0.036205,0.01364,0.02256,0.03349,0.57185,0,,,,,,,,,,,,,,,,,,,,,,,,,,,,,,,,,,,,,,,,,,,,,,,,,,,,,,,,,,,,,,,,,,,,,,,,,,,,,,,,,,,,,,BEL_data,,2026-09-08
Price_Above_EMA200 + CDL_Marubozu_Bull,Price_Above_EMA200 + CDL_Marubozu_Bull,combo_2,14,trend,Bullish,,,,,,,,,,,,,,,,,,0.7857,0.04098,-0.04626,0.022286,0.62654,3.579,0.02154,0.00805,0.5,1.289,0.2953,0.019461,14.0,0.00521,0.01381,0.0335,6.071961,,,,,,,,,,,,,,,,,,0.039248,1.236365,0.7381,4.686,0.9286,14.567225,30,39.79972,0.01907,0.4524,0.2953,0,1,0.031283,0.00521,0.01381,0.04955,0.85842,0,0.7143,0.07015,-0.05557,0.034232,0.930389,3.649,0.03445,0.02181,0.4286,1.823,0.2846,0.029622,14.0,0.00521,0.01381,0.04105,9.193891,0.7143,0.1017,-0.03996,0.061228,2.152166,6.829,0.06232,0.02735,0.4286,2.232,0.2781,0.044765,14.0,0.00521,0.01381,0.04955,39.79972,,,,,,,,,,,,,,,,,,,,,,,,,,,,,,,,,,,,,,,,,,,,,,,,,,,,BEL_data,,2026-09-08
Stoch_Cross_Up + Stoch_Bull_Zone,Stoch_Cross_Up + Stoch_Bull_Zone,combo_2,144,momentum,Bullish,0.8252,0.018,-0.03822,0.008175,0.24497,3.095,0.00944,0.0054,0.4895,0.964,0.0714,0.006417,142.0,0.0052,0.00928,0.02132,3.772845,0.8182,0.03491,-0.03876,0.021515,0.678627,5.154,0.02228,0.01484,0.4406,1.363,0.0499,0.017902,142.0,0.00879,0.01706,0.02994,17.405794,0.8531,0.04054,-0.04653,0.027751,0.902224,6.596,0.0278,0.01439,0.4126,1.669,0.0392,0.022384,142.0,0.00925,0.02442,0.03576,29.617318,0.019147,0.608607,0.8322,4.948,0.965,14.463283,15,29.617318,0.01154,0.4476,0.0714,0,1,0.015568,0.00925,0.02442,0.03576,0.54761,0,,,,,,,,,,,,,,,,,,,,,,,,,,,,,,,,,,,,,,,,,,,,,,,,,,,,,,,,,,,,,,,,,,,,,,,,,,,,,,,,,,,,,,BEL_data,,2026-09-08
BB_Expansion_Bull + Stoch_Cross_Up,BB_Expansion_Bull + Stoch_Cross_Up,combo_2,27,momentum,Bullish,0.9259,0.00221,-0.06896,-0.003063,-0.065577,2.493,-0.00239,0.00146,0.5926,0.998,0.2526,-0.003402,27.0,0.01667,0.0221,0.02555,-0.544661,0.9259,0.01793,-0.00205,0.016448,0.554327,208.422,0.01696,0.0341,0.6667,1.412,0.1403,0.009279,27.0,0.01772,0.02607,0.02932,18.471311,0.8889,0.02898,-0.01487,0.024109,0.859702,24.976,0.02348,0.01722,0.4815,1.729,0.1366,0.008957,27.0,0.01772,0.02723,0.04241,28.647042,0.012498,0.449484,0.9136,78.63,0.963,14.422996,15,28.647042,0.01759,0.5802,0.2526,0,1,0.004945,0.01772,0.02723,0.04241,0.1885,0,,,,,,,,,,,,,,,,,,,,,,,,,,,,,,,,,,,,,,,,,,,,,,,,,,,,,,,,,,,,,,,,,,,,,,,,,,,,,,,,,,,,,,BEL_data,,2026-09-08
CCI_Oversold + Williams_Oversold,CCI_Oversold + Williams_Oversold,combo_2,53,mean_rev,Bullish,0.8491,0.0193,-0.03188,0.011573,0.33557,5.244,0.0129,0.00554,0.4151,0.947,0.1529,0.0092,53.0,0.00686,0.01284,0.01983,7.019649,,,,,,,,,,,,,,,,,,,,,,,,,,,,,,,,,,,0.014271,0.420211,0.8742,8.928,0.9623,14.399815,7,23.37366,0.00618,0.4214,0.18,0,1,0.010977,0.0098,0.01662,0.0219,0.30258,0,,,,,,,,,,,,,,,,,,,,,,,,,,,,,,,,,,,0.8868,0.01551,-0.01797,0.011721,0.339107,10.352,0.01237,0.00633,0.4717,0.733,0.1257,0.007799,53.0,0.00628,0.00808,0.01373,13.526934,0.8868,0.02474,-0.02134,0.019519,0.585955,11.187,0.02216,0.00666,0.3774,1.12,0.18,0.015931,53.0,0.0098,0.01662,0.0219,23.37366,,,,,,,,,,,,,,,,,,BEL_data,,2026-09-08
Price_Above_SMA20 + MACD_Hist_Rising,Price_Above_SMA20 + MACD_Hist_Rising,combo_2,150,momentum,Bullish,0.8467,0.01784,-0.0367,0.009481,0.335199,3.998,0.01008,0.00786,0.48,0.964,0.0673,0.006931,147.0,0.00464,0.0121,0.01811,6.723482,0.8467,0.02652,-0.03942,0.016406,0.575823,5.329,0.01669,0.00888,0.46,1.364,0.0505,0.01125,147.0,0.01099,0.01892,0.02838,15.396444,0.8667,0.03192,-0.04745,0.021335,0.780065,6.217,0.02121,0.01059,0.4333,1.67,0.0366,0.01547,147.0,0.01436,0.02538,0.03624,24.332958,0.015741,0.563696,0.8533,5.181,0.98,14.361094,15,24.332958,0.00911,0.4578,0.0673,0,1,0.011217,0.01436,0.02538,0.03624,0.35125,0,,,,,,,,,,,,,,,,,,,,,,,,,,,,,,,,,,,,,,,,,,,,,,,,,,,,,,,,,,,,,,,,,,,,,,,,,,,,,,,,,,,,,,BEL_data,,2026-09-08
Stoch_Cross_Up + OBV_Rising,Stoch_Cross_Up + OBV_Rising,combo_2,142,momentum,Bullish,0.831,0.01945,-0.03716,0.00988,0.299308,3.459,0.01098,0.00879,0.4789,0.972,0.0691,0.007808,141.0,0.00564,0.01057,0.01835,5.13761,0.8169,0.03422,-0.03962,0.020703,0.655661,4.897,0.02126,0.01078,0.4507,1.375,0.0514,0.016698,141.0,0.00884,0.01596,0.0308,15.934823,0.838,0.03941,-0.04138,0.026325,0.826488,6.526,0.02633,0.01333,0.4296,1.683,0.0407,0.020195,141.0,0.0094,0.02342,0.03753,26.76589,0.018969,0.593819,0.8286,4.96,0.9789,14.309696,15,26.76589,0.01097,0.4531,0.0691,0,1,0.0149,0.0094,0.02342,0.03753,0.74126,0,,,,,,,,,,,,,,,,,,,,,,,,,,,,,,,,,,,,,,,,,,,,,,,,,,,,,,,,,,,,,,,,,,,,,,,,,,,,,,,,,,,,,,BEL_data,,2026-09-08
MACD_Hist_Rising + CDL_Engulfing_Bull,MACD_Hist_Rising + CDL_Engulfing_Bull,combo_2,36,momentum,Bullish,0.8333,0.02054,-0.03147,0.011875,0.407667,4.35,0.01179,0.00353,0.3889,0.929,0.1978,0.00602,36.0,0.00672,0.01227,0.01659,6.403532,0.8333,0.0449,-0.04577,0.029785,1.006896,5.589,0.02979,0.01894,0.3889,1.314,0.1393,0.024296,36.0,0.01079,0.02141,0.02856,20.321811,0.8333,0.04413,-0.05834,0.027054,0.934321,5.16,0.02721,0.00467,0.4722,1.609,0.1279,0.026811,36.0,0.01079,0.03065,0.04183,17.408419,0.022905,0.782961,0.8333,5.033,1.0,14.229681,10,20.321811,0.00905,0.4167,0.1978,0,1,0.019042,0.01079,0.02141,0.02856,0.68604,0,,,,,,,,,,,,,,,,,,,,,,,,,,,,,,,,,,,,,,,,,,,,,,,,,,,,,,,,,,,,,,,,,,,,,,,,,,,,,,,,,,,,,,BEL_data,,2026-09-08
Stoch_Oversold + Williams_Oversold,Stoch_Oversold + Williams_Oversold,combo_2,35,mean_rev,Bullish,0.9143,0.01957,-0.04839,0.013747,0.440422,6.366,0.01575,0.01412,0.5143,1.021,0.2188,0.011939,35.0,0.0101,0.01877,0.02312,10.047144,,,,,,,,,,,,,,,,,,,,,,,,,,,,,,,,,,,0.015008,0.487766,0.9143,8.547,0.9429,14.085023,7,26.458741,0.01165,0.4667,0.2445,0,1,0.011595,0.01386,0.02263,0.02488,0.08684,1,,,,,,,,,,,,,,,,,,,,,,,,,,,,,,,,,,,0.9429,0.01221,-0.05521,0.008361,0.284532,6.032,0.00824,0.00663,0.4857,0.79,0.1094,0.003948,35.0,0.00955,0.01656,0.02118,6.150282,0.8857,0.02839,-0.01955,0.022915,0.738345,13.242,0.0262,0.0142,0.4,1.207,0.2445,0.018899,35.0,0.01386,0.02263,0.02488,26.458741,,,,,,,,,,,,,,,,,,BEL_data,,2026-09-08
RSI_Cross50_Up + Stoch_Bull_Zone,RSI_Cross50_Up + Stoch_Bull_Zone,combo_2,41,momentum,Bullish,0.8293,0.02288,-0.04552,0.011201,0.344109,3.34,0.01237,-0.00473,0.3659,1.02,0.2044,0.012972,41.0,0.00336,0.0099,0.01768,4.2958,0.7317,0.06282,-0.03942,0.035387,0.999227,4.714,0.03591,0.01436,0.3659,1.443,0.1433,0.032532,41.0,0.00921,0.01097,0.02205,17.604065,0.7805,0.06463,-0.03964,0.04174,1.185803,6.704,0.04505,0.00708,0.4634,1.767,0.1594,0.038251,41.0,0.0099,0.01441,0.02835,29.71498,0.029443,0.843046,0.7805,4.919,0.9024,13.988657,15,29.71498,0.00557,0.3984,0.2044,0,1,0.027918,0.0099,0.01441,0.02835,0.70951,0,,,,,,,,,,,,,,,,,,,,,,,,,,,,,,,,,,,,,,,,,,,,,,,,,,,,,,,,,,,,,,,,,,,,,,,,,,,,,,,,,,,,,,BEL_data,,2026-09-08
MACD_Bullish_State + BB_Expansion_Bull,MACD_Bullish_State + BB_Expansion_Bull,combo_2,25,momentum,Bullish,1.0,0.01962,0.0,0.019616,0.723847,,0.01947,0.02512,0.64,0.961,0.1246,0.015504,24.0,0.0174,0.0218,0.02648,2.358362,0.96,0.02184,-0.11113,0.016525,0.653968,7.853,0.01544,0.02134,0.52,1.358,0.1552,0.009392,24.0,0.0174,0.02306,0.04485,16.73281,0.92,0.03351,-0.11225,0.021845,0.860496,4.622,0.01995,0.03706,0.64,1.664,0.1423,0.007075,24.0,0.018,0.04224,0.04764,12.958796,0.019329,0.746104,0.96,6.238,0.92,13.950108,10,16.73281,0.02784,0.6,0.1552,0,1,0.010657,0.0174,0.02306,0.04485,0.0146,1,,,,,,,,,,,,,,,,,,,,,,,,,,,,,,,,,,,,,,,,,,,,,,,,,,,,,,,,,,,,,,,,,,,,,,,,,,,,,,,,,,,,,,BEL_data,,2026-09-08
MACD_Hist_Positive + BB_Expansion_Bull,MACD_Hist_Positive + BB_Expansion_Bull,combo_2,25,momentum,Bullish,1.0,0.01962,0.0,0.019616,0.723847,,0.01947,0.02512,0.64,0.961,0.1246,0.015504,24.0,0.0174,0.0218,0.02648,2.358362,0.96,0.02184,-0.11113,0.016525,0.653968,7.853,0.01544,0.02134,0.52,1.358,0.1552,0.009392,24.0,0.0174,0.02306,0.04485,16.73281,0.92,0.03351,-0.11225,0.021845,0.860496,4.622,0.01995,0.03706,0.64,1.664,0.1423,0.007075,24.0,0.018,0.04224,0.04764,12.958796,0.019329,0.746104,0.96,6.238,0.92,13.950108,10,16.73281,0.02784,0.6,0.1552,0,1,0.010657,0.0174,0.02306,0.04485,0.0146,1,,,,,,,,,,,,,,,,,,,,,,,,,,,,,,,,,,,,,,,,,,,,,,,,,,,,,,,,,,,,,,,,,,,,,,,,,,,,,,,,,,,,,,BEL_data,,2026-09-08
MACD_Hist_Rising + OBV_Rising,MACD_Hist_Rising + OBV_Rising,combo_2,262,momentum,Bullish,0.8511,0.01713,-0.03374,0.009561,0.287239,4.179,0.00988,0.00551,0.4733,0.958,0.0399,0.007094,259.0,0.00481,0.01168,0.01707,6.688236,0.8321,0.02974,-0.04027,0.017982,0.572896,4.819,0.01834,0.01092,0.4618,1.355,0.0303,0.01333,259.0,0.00881,0.01595,0.02659,15.38475,0.8359,0.03606,-0.0473,0.022376,0.749734,5.198,0.02226,0.01381,0.4466,1.659,0.0239,0.01761,259.0,0.01016,0.0194,0.03432,21.716153,0.016639,0.536623,0.8397,4.732,0.9809,13.879655,15,21.716153,0.01008,0.4606,0.0399,0,1,0.012678,0.01016,0.0194,0.03432,0.43763,0,,,,,,,,,,,,,,,,,,,,,,,,,,,,,,,,,,,,,,,,,,,,,,,,,,,,,,,,,,,,,,,,,,,,,,,,,,,,,,,,,,,,,,BEL_data,,2026-09-08
OBV_Rising + CCI_Exit_Oversold,OBV_Rising + CCI_Exit_Oversold,combo_2,53,momentum,Bullish,0.8302,0.0218,-0.04235,0.010905,0.258219,3.358,0.01212,0.001,0.4151,1.008,0.169,0.009613,53.0,0.00725,0.01076,0.01744,3.459247,0.7925,0.04449,-0.03155,0.028704,0.825993,6.477,0.0299,0.01758,0.4717,1.426,0.1145,0.023601,53.0,0.00743,0.01266,0.02378,21.340494,0.8113,0.05775,-0.05517,0.036447,1.08761,5.063,0.03672,0.04635,0.5283,1.746,0.0824,0.02929,53.0,0.00904,0.0185,0.03182,21.966459,0.025352,0.723941,0.8113,4.966,0.9623,13.80002,15,21.966459,0.02164,0.4717,0.169,0,1,0.020835,0.00904,0.0185,0.03182,0.70722,0,,,,,,,,,,,,,,,,,,,,,,,,,,,,,,,,,,,,,,,,,,,,,,,,,,,,,,,,,,,,,,,,,,,,,,,,,,,,,,,,,,,,,,BEL_data,,2026-09-08
Golden_Cross_State + CDL_HaramiCross_Bull,Golden_Cross_State + CDL_HaramiCross_Bull,combo_2,22,trend,Bullish,,,,,,,,,,,,,,,,,,0.7273,0.03296,-0.04266,0.012336,0.2249,2.565,0.01287,0.00015,0.4091,1.374,0.3015,0.015357,22.0,0.00548,0.01035,0.01688,1.808434,,,,,,,,,,,,,,,,,,0.035593,0.995485,0.7879,4.857,0.9091,13.783451,30,37.24711,0.01649,0.4091,0.3015,0,1,0.035815,0.01818,0.02855,0.06225,0.79355,0,0.8182,0.06359,-0.06774,0.039713,1.085116,4.922,0.03978,0.01619,0.4091,1.943,0.1951,0.040653,22.0,0.01205,0.02132,0.0265,16.74619,0.8182,0.07903,-0.0546,0.054731,1.676438,7.086,0.05596,0.03312,0.4091,2.38,0.2017,0.051436,22.0,0.01818,0.02855,0.06225,37.24711,,,,,,,,,,,,,,,,,,,,,,,,,,,,,,,,,,,,,,,,,,,,,,,,,,,,BEL_data,,2026-09-08
Price_Above_SMA20 + Stoch_Cross_Up,Price_Above_SMA20 + Stoch_Cross_Up,combo_2,104,momentum,Bullish,0.8462,0.01592,-0.03422,0.008203,0.324298,3.637,0.00842,0.0073,0.5,0.945,0.0737,0.00597,103.0,0.00808,0.01193,0.02425,5.489965,0.875,0.02408,-0.0458,0.015344,0.56458,5.364,0.01611,0.0178,0.5096,1.336,0.0656,0.012176,103.0,0.0093,0.02687,0.03627,14.094678,0.8846,0.02835,-0.0431,0.020109,0.749731,7.913,0.02008,0.01138,0.4327,1.636,0.0545,0.015664,103.0,0.01359,0.02998,0.04015,27.611913,0.014552,0.546203,0.8686,5.638,0.9615,13.781603,15,27.611913,0.01216,0.4808,0.0737,0,1,0.01127,0.01359,0.02998,0.04015,0.20863,0,,,,,,,,,,,,,,,,,,,,,,,,,,,,,,,,,,,,,,,,,,,,,,,,,,,,,,,,,,,,,,,,,,,,,,,,,,,,,,,,,,,,,,BEL_data,,2026-09-08
MACD_Hist_Rising + CCI_Exit_Oversold,MACD_Hist_Rising + CCI_Exit_Oversold,combo_2,54,momentum,Bullish,0.8148,0.02323,-0.03879,0.011745,0.320638,3.327,0.01299,0.0005,0.4074,0.985,0.1673,0.009492,54.0,0.0072,0.01042,0.01572,4.275095,0.7778,0.04561,-0.0321,0.028337,0.896345,5.72,0.02958,0.02558,0.5,1.394,0.1165,0.022775,54.0,0.0072,0.01188,0.02986,20.54458,0.7963,0.05684,-0.05328,0.034407,1.128209,4.606,0.03506,0.04661,0.5556,1.707,0.0846,0.028412,54.0,0.00784,0.01616,0.04264,20.824995,0.02483,0.781731,0.7963,4.551,0.963,13.728644,15,20.824995,0.02423,0.4877,0.1673,0,1,0.020226,0.00784,0.01616,0.04264,0.80209,0,,,,,,,,,,,,,,,,,,,,,,,,,,,,,,,,,,,,,,,,,,,,,,,,,,,,,,,,,,,,,,,,,,,,,,,,,,,,,,,,,,,,,,BEL_data,,2026-09-08
CMF_Positive + OBV_Trend_Bull,CMF_Positive + OBV_Trend_Bull,combo_2,82,momentum,Bullish,0.8537,0.01993,-0.03464,0.011947,0.386772,4.769,0.01199,0.00858,0.4756,0.941,0.091,0.011036,82.0,0.00689,0.00978,0.01663,8.150785,0.8537,0.03175,-0.04336,0.02076,0.751348,5.774,0.02171,0.00573,0.4024,1.331,0.0905,0.018909,82.0,0.00976,0.0177,0.02367,19.171075,0.8537,0.0389,-0.07118,0.022788,0.777947,4.032,0.02227,0.00758,0.3902,1.63,0.0663,0.019026,82.0,0.0117,0.02137,0.02833,13.859961,0.018498,0.638689,0.8537,4.858,1.0,13.711701,10,19.171075,0.0073,0.4228,0.091,0,1,0.016324,0.00976,0.0177,0.02367,0.49495,0,,,,,,,,,,,,,,,,,,,,,,,,,,,,,,,,,,,,,,,,,,,,,,,,,,,,,,,,,,,,,,,,,,,,,,,,,,,,,,,,,,,,,,BEL_data,,2026-09-08
Stoch_Cross_Up + CCI_Oversold,Stoch_Cross_Up + CCI_Oversold,combo_2,32,mean_rev,Bullish,0.9375,0.01731,-0.00505,0.015912,0.496551,62.862,0.0159,0.00713,0.4062,1.011,0.1161,0.014494,32.0,0.0124,0.01708,0.01933,17.361955,,,,,,,,,,,,,,,,,,,,,,,,,,,,,,,,,,,0.012365,0.394391,0.9271,32.505,0.9688,13.358986,5,17.361955,0.01009,0.4896,0.129,0,1,0.01184,0.0124,0.01708,0.01933,0.10549,0,,,,,,,,,,,,,,,,,,,,,,,,,,,,,,,,,,,0.9375,0.00892,-0.01254,0.007578,0.276052,20.602,0.00756,0.01217,0.5625,0.783,0.126,0.009829,32.0,0.00986,0.01329,0.01718,9.652186,0.9062,0.01639,-0.01329,0.013606,0.41057,14.05,0.01385,0.01095,0.5,1.196,0.129,0.011195,32.0,0.01273,0.01887,0.02532,14.355623,,,,,,,,,,,,,,,,,,BEL_data,,2026-09-08
MACD_Hist_Rising,MACD_Hist_Rising,single,195,momentum,Bullish,0.841,0.01875,-0.03269,0.01057,0.317788,4.252,0.01097,0.00561,0.4564,0.961,0.0507,0.007545,193.0,0.00453,0.01128,0.01588,7.131855,0.8205,0.03069,-0.04011,0.017978,0.560785,4.616,0.01851,0.01113,0.4564,1.359,0.0397,0.012336,193.0,0.00884,0.01568,0.02655,13.662561,0.8256,0.03852,-0.04696,0.023617,0.777283,5.129,0.02356,0.01428,0.4359,1.665,0.0309,0.017993,193.0,0.01023,0.01811,0.03385,21.04156,0.017388,0.551952,0.8291,4.666,0.9795,13.313213,15,21.04156,0.01034,0.4496,0.0507,0,1,0.012625,0.01023,0.01811,0.03385,0.62664,0,,,,,,,,,,,,,,,,,,,,,,,,,,,,,,,,,,,,,,,,,,,,,,,,,,,,,,,,,,,,,,,,,,,,,,,,,,,,,,,,,,,,,,BEL_data,,2026-09-08
MACD_Hist_Positive + MACD_Zero_Cross_Up,MACD_Hist_Positive + MACD_Zero_Cross_Up,combo_2,18,momentum,Bullish,0.8889,0.02694,-0.03675,0.01986,0.630619,6.323,0.01961,0.01248,0.3889,0.96,0.2494,0.011903,18.0,0.00925,0.01515,0.02801,11.740215,0.8889,0.03095,-0.03828,0.023262,0.711736,7.876,0.02334,0.00431,0.3889,1.358,0.2719,0.009638,18.0,0.00925,0.02003,0.02869,16.505013,0.8333,0.04434,-0.05706,0.02744,0.995575,4.197,0.02746,0.02293,0.4444,1.663,0.1929,0.009371,18.0,0.01521,0.03236,0.04642,12.304205,0.02352,0.77931,0.8704,6.132,0.9444,13.288912,10,16.505013,0.01324,0.4074,0.2719,0,1,0.010304,0.00925,0.02003,0.02869,0.45865,0,,,,,,,,,,,,,,,,,,,,,,,,,,,,,,,,,,,,,,,,,,,,,,,,,,,,,,,,,,,,,,,,,,,,,,,,,,,,,,,,,,,,,,BEL_data,,2026-09-08
MACD_Bullish_State + MACD_Zero_Cross_Up,MACD_Bullish_State + MACD_Zero_Cross_Up,combo_2,18,momentum,Bullish,0.8889,0.02694,-0.03675,0.01986,0.630619,6.323,0.01961,0.01248,0.3889,0.96,0.2494,0.011903,18.0,0.00925,0.01515,0.02801,11.740215,0.8889,0.03095,-0.03828,0.023262,0.711736,7.876,0.02334,0.00431,0.3889,1.358,0.2719,0.009638,18.0,0.00925,0.02003,0.02869,16.505013,0.8333,0.04434,-0.05706,0.02744,0.995575,4.197,0.02746,0.02293,0.4444,1.663,0.1929,0.009371,18.0,0.01521,0.03236,0.04642,12.304205,0.02352,0.77931,0.8704,6.132,0.9444,13.288912,10,16.505013,0.01324,0.4074,0.2719,0,1,0.010304,0.00925,0.02003,0.02869,0.45865,0,,,,,,,,,,,,,,,,,,,,,,,,,,,,,,,,,,,,,,,,,,,,,,,,,,,,,,,,,,,,,,,,,,,,,,,,,,,,,,,,,,,,,,BEL_data,,2026-09-08
Price_Above_SMA20 + MACD_Zero_Cross_Up,Price_Above_SMA20 + MACD_Zero_Cross_Up,combo_2,18,momentum,Bullish,0.8889,0.02694,-0.03675,0.01986,0.630619,6.323,0.01961,0.01248,0.3889,0.96,0.2494,0.011903,18.0,0.00925,0.01515,0.02801,11.740215,0.8889,0.03095,-0.03828,0.023262,0.711736,7.876,0.02334,0.00431,0.3889,1.358,0.2719,0.009638,18.0,0.00925,0.02003,0.02869,16.505013,0.8333,0.04434,-0.05706,0.02744,0.995575,4.197,0.02746,0.02293,0.4444,1.663,0.1929,0.009371,18.0,0.01521,0.03236,0.04642,12.304205,0.02352,0.77931,0.8704,6.132,0.9444,13.288912,10,16.505013,0.01324,0.4074,0.2719,0,1,0.010304,0.00925,0.02003,0.02869,0.45865,0,,,,,,,,,,,,,,,,,,,,,,,,,,,,,,,,,,,,,,,,,,,,,,,,,,,,,,,,,,,,,,,,,,,,,,,,,,,,,,,,,,,,,,BEL_data,,2026-09-08
Stoch_Cross_Up + CMF_Positive,Stoch_Cross_Up + CMF_Positive,combo_2,95,momentum,Bullish,0.8316,0.01687,-0.03906,0.007448,0.228909,3.067,0.00803,0.00589,0.4842,0.969,0.0815,0.005007,94.0,0.00807,0.01114,0.01963,3.204437,0.8421,0.03028,-0.04591,0.018249,0.61432,5.013,0.0187,0.01653,0.4947,1.371,0.0615,0.017766,94.0,0.00928,0.02311,0.03075,14.055519,0.8842,0.03555,-0.04891,0.02577,0.876158,7.897,0.02575,0.01494,0.4105,1.679,0.0577,0.020578,94.0,0.01404,0.02841,0.03596,31.58246,0.017156,0.573129,0.8526,5.326,0.9474,13.198572,15,31.58246,0.01245,0.4632,0.0815,0,1,0.01445,0.01404,0.02841,0.03596,0.22853,0,,,,,,,,,,,,,,,,,,,,,,,,,,,,,,,,,,,,,,,,,,,,,,,,,,,,,,,,,,,,,,,,,,,,,,,,,,,,,,,,,,,,,,BEL_data,,2026-09-08
Golden_Cross_State + CDL_Bullish3Outside,Golden_Cross_State + CDL_Bullish3Outside,combo_2,20,trend,Bullish,,,,,,,,,,,,,,,,,,1.0,0.02084,0.0,0.020835,0.876508,,0.02135,0.00181,0.4,1.248,0.2382,0.017235,20.0,0.01477,0.02692,0.03055,2.668549,,,,,,,,,,,,,,,,,,0.028298,1.184859,0.9,4.573,0.8,13.197864,20,21.524051,0.00818,0.4167,0.2382,0,1,0.027108,0.01477,0.03068,0.04091,0.03915,1,0.9,0.04438,-0.09743,0.030196,1.192224,5.93,0.03093,0.01596,0.45,1.765,0.2174,0.032091,20.0,0.01477,0.03068,0.04091,21.524051,0.8,0.06714,-0.09924,0.033863,1.485846,3.217,0.03351,0.00676,0.4,2.162,0.2363,0.031997,20.0,0.01895,0.03068,0.04091,14.551185,,,,,,,,,,,,,,,,,,,,,,,,,,,,,,,,,,,,,,,,,,,,,,,,,,,,BEL_data,,2026-09-08
EMA_Bullish_State + Price_Above_SMA50,EMA_Bullish_State + Price_Above_SMA50,combo_2,50,trend,Bullish,,,,,,,,,,,,,,,,,,0.72,0.02461,-0.04427,0.005325,0.03423,2.102,0.00562,-0.00012,0.46,1.465,0.1276,0.0009,50.0,0.00883,0.01057,0.01688,0.282867,,,,,,,,,,,,,,,,,,0.028928,0.795527,0.7667,4.792,0.88,13.190224,30,47.329567,0.01365,0.4133,0.1276,0,1,0.017995,0.01465,0.02064,0.05613,0.83785,0,0.74,0.06335,-0.05018,0.033835,0.904213,3.962,0.034,0.02409,0.42,2.072,0.0902,0.02106,50.0,0.00985,0.01476,0.03378,14.085461,0.84,0.06592,-0.04842,0.047623,1.448138,8.312,0.0478,0.01698,0.36,2.538,0.112,0.032024,50.0,0.01465,0.02064,0.05613,47.329567,,,,,,,,,,,,,,,,,,,,,,,,,,,,,,,,,,,,,,,,,,,,,,,,,,,,BEL_data,,2026-09-08
OBV_Rising,OBV_Rising,single,360,momentum,Bullish,0.8315,0.01733,-0.03466,0.008568,0.270176,3.512,0.00909,0.00594,0.4831,0.975,0.0298,0.005964,352.0,0.00539,0.01128,0.01691,5.587333,0.8287,0.02928,-0.04572,0.016432,0.526661,4.133,0.01751,0.00861,0.4747,1.378,0.0246,0.012585,352.0,0.00897,0.01636,0.02575,12.819568,0.8343,0.04008,-0.05229,0.024775,0.802643,4.895,0.02536,0.01675,0.4607,1.688,0.0261,0.020079,352.0,0.00979,0.01996,0.0362,23.138568,0.016592,0.53316,0.8315,4.18,0.9944,13.050804,15,23.138568,0.01043,0.4728,0.0298,0,1,0.012876,0.00979,0.01996,0.0362,0.83085,0,,,,,,,,,,,,,,,,,,,,,,,,,,,,,,,,,,,,,,,,,,,,,,,,,,,,,,,,,,,,,,,,,,,,,,,,,,,,,,,,,,,,,,BEL_data,,2026-09-08
EMA_Bullish_State + Stoch_Oversold,EMA_Bullish_State + Stoch_Oversold,combo_2,35,momentum,Bullish,0.8571,0.00396,-0.03615,-0.001773,-0.011725,2.566,0.00125,0.00393,0.5143,1.072,0.3703,-0.000571,34.0,0.01096,0.01593,0.01972,-0.107838,0.9143,0.03231,-0.04,0.026111,0.864607,10.46,0.02855,0.0215,0.4,1.516,0.2113,0.017014,34.0,0.01477,0.02065,0.03198,30.983348,0.8857,0.04049,-0.0588,0.029138,0.868671,6.807,0.02984,0.01205,0.4571,1.857,0.1304,0.019084,34.0,0.01477,0.02677,0.03933,21.189502,0.017826,0.573851,0.8857,6.611,0.9429,12.818322,10,30.983348,0.01249,0.4571,0.3703,0,1,0.011842,0.01477,0.02065,0.03198,0.21982,0,,,,,,,,,,,,,,,,,,,,,,,,,,,,,,,,,,,,,,,,,,,,,,,,,,,,,,,,,,,,,,,,,,,,,,,,,,,,,,,,,,,,,,BEL_data,,2026-09-08
CDL_Marubozu_Bull,CDL_Marubozu_Bull,single,17,candle,Bullish,0.8235,0.03218,-0.02977,0.021246,0.617061,5.086,0.02101,0.01355,0.4118,0.957,0.2793,0.014598,17.0,0.00527,0.01591,0.0241,9.070824,,,,,,,,,,,,,,,,,,,,,,,,,,,,,,,,,,,0.016641,0.497288,0.8627,13.71,0.8824,12.682481,3,14.181228,0.01313,0.4314,0.3241,0,1,0.01239,0.00517,0.01172,0.01464,0.26044,0,,,,,,,,,,,,,,,,,,,,,,,,,,,,,,,,,,,0.8235,0.02149,-0.01014,0.015906,0.490637,11.035,0.0162,0.01682,0.5294,0.742,0.2185,0.012848,17.0,0.00517,0.01172,0.01464,14.181228,,,,,,,,,,,,,,,,,,0.9412,0.01429,-0.01145,0.012772,0.384167,25.009,0.01295,0.00902,0.3529,0.605,0.3241,0.009724,17.0,0.00517,0.00794,0.0125,11.103851,BEL_data,,2026-09-08
MACD_Hist_Rising + VWAP_Bull,MACD_Hist_Rising + VWAP_Bull,combo_2,191,momentum,Bullish,0.8482,0.01837,-0.03412,0.010396,0.316532,4.254,0.0108,0.00561,0.4555,0.951,0.0518,0.007377,189.0,0.00464,0.0115,0.01595,7.078703,0.8168,0.03017,-0.04011,0.017295,0.546146,4.475,0.0178,0.00962,0.4503,1.345,0.041,0.011663,189.0,0.00881,0.01493,0.02566,12.848,0.822,0.0379,-0.04697,0.022795,0.761531,4.971,0.02274,0.01335,0.4293,1.648,0.0319,0.017002,189.0,0.01014,0.01808,0.03279,19.903644,0.016828,0.541403,0.829,4.566,0.9686,12.589777,15,19.903644,0.00953,0.445,0.0518,0,1,0.012014,0.01014,0.01808,0.03279,0.51162,0,,,,,,,,,,,,,,,,,,,,,,,,,,,,,,,,,,,,,,,,,,,,,,,,,,,,,,,,,,,,,,,,,,,,,,,,,,,,,,,,,,,,,,BEL_data,,2026-09-08
BB_Expansion_Bull + OBV_Trend_Bull,BB_Expansion_Bull + OBV_Trend_Bull,combo_2,30,momentum,Bullish,0.9333,0.01994,-0.03852,0.016046,0.506191,10.652,0.01577,0.02148,0.5667,1.0,0.1209,0.015243,30.0,0.01324,0.02139,0.02447,17.382529,0.9,0.0228,-0.0625,0.014267,0.437545,5.212,0.01327,0.00213,0.4667,1.414,0.1387,0.011856,30.0,0.01525,0.02153,0.03205,7.831452,0.8667,0.03873,-0.07359,0.023752,0.800234,4.328,0.0217,0.03162,0.5667,1.732,0.123,0.012384,30.0,0.01525,0.03045,0.04537,11.893239,0.018022,0.581323,0.9,6.731,0.9333,12.540791,5,17.382529,0.01841,0.5333,0.1387,0,1,0.013161,0.01324,0.02139,0.02447,0.13485,0,,,,,,,,,,,,,,,,,,,,,,,,,,,,,,,,,,,,,,,,,,,,,,,,,,,,,,,,,,,,,,,,,,,,,,,,,,,,,,,,,,,,,,BEL_data,,2026-09-08
MACD_Bullish_State + OBV_Rising,MACD_Bullish_State + OBV_Rising,combo_2,193,momentum,Bullish,0.8497,0.01868,-0.03964,0.009914,0.374524,3.773,0.01013,0.01212,0.513,0.947,0.0418,0.006987,188.0,0.0068,0.01348,0.01953,7.443732,0.8549,0.0238,-0.04609,0.013664,0.51062,4.618,0.01433,0.0088,0.487,1.339,0.0456,0.010216,188.0,0.01065,0.02109,0.03099,12.422183,0.8705,0.03071,-0.05706,0.01934,0.71966,5.211,0.01946,0.0173,0.4922,1.64,0.0306,0.015903,188.0,0.01399,0.02778,0.03836,19.75694,0.014306,0.534934,0.8584,4.534,0.9793,12.51228,15,19.75694,0.01274,0.4974,0.0456,0,1,0.011035,0.01399,0.02778,0.03836,0.25968,0,,,,,,,,,,,,,,,,,,,,,,,,,,,,,,,,,,,,,,,,,,,,,,,,,,,,,,,,,,,,,,,,,,,,,,,,,,,,,,,,,,,,,,BEL_data,,2026-09-08
MACD_Hist_Positive + OBV_Rising,MACD_Hist_Positive + OBV_Rising,combo_2,193,momentum,Bullish,0.8497,0.01868,-0.03964,0.009914,0.374524,3.773,0.01013,0.01212,0.513,0.947,0.0418,0.006987,188.0,0.0068,0.01348,0.01953,7.443732,0.8549,0.0238,-0.04609,0.013664,0.51062,4.618,0.01433,0.0088,0.487,1.339,0.0456,0.010216,188.0,0.01065,0.02109,0.03099,12.422183,0.8705,0.03071,-0.05706,0.01934,0.71966,5.211,0.01946,0.0173,0.4922,1.64,0.0306,0.015903,188.0,0.01399,0.02778,0.03836,19.75694,0.014306,0.534934,0.8584,4.534,0.9793,12.51228,15,19.75694,0.01274,0.4974,0.0456,0,1,0.011035,0.01399,0.02778,0.03836,0.25968,0,,,,,,,,,,,,,,,,,,,,,,,,,,,,,,,,,,,,,,,,,,,,,,,,,,,,,,,,,,,,,,,,,,,,,,,,,,,,,,,,,,,,,,BEL_data,,2026-09-08
EMA_Bullish_State + OBV_Rising,EMA_Bullish_State + OBV_Rising,combo_2,259,momentum,Bullish,0.8378,0.01585,-0.03554,0.007519,0.253372,3.451,0.00819,0.00819,0.5097,0.974,0.0417,0.003495,256.0,0.00573,0.01167,0.01653,4.862359,0.834,0.03062,-0.0473,0.017683,0.558857,4.328,0.01845,0.00962,0.471,1.377,0.0325,0.012163,256.0,0.0094,0.01706,0.02807,13.450348,0.8224,0.04268,-0.05361,0.025577,0.834578,4.645,0.02618,0.01646,0.4517,1.687,0.0344,0.018466,256.0,0.01032,0.01942,0.03442,21.556062,0.016926,0.548936,0.8314,4.141,0.9846,12.446184,15,21.556062,0.01142,0.4775,0.0417,0,1,0.011375,0.01032,0.01942,0.03442,0.69165,0,,,,,,,,,,,,,,,,,,,,,,,,,,,,,,,,,,,,,,,,,,,,,,,,,,,,,,,,,,,,,,,,,,,,,,,,,,,,,,,,,,,,,,BEL_data,,2026-09-08
MACD_Zero_Cross_Up + OBV_Trend_Bull,MACD_Zero_Cross_Up + OBV_Trend_Bull,combo_2,17,momentum,Bullish,0.8824,0.02755,-0.0372,0.019929,0.633033,6.007,0.01968,0.00929,0.4118,0.953,0.2595,0.012314,17.0,0.00919,0.0143,0.02571,10.991188,0.8824,0.03053,-0.03871,0.022386,0.683242,7.306,0.02246,0.00376,0.3529,1.348,0.2898,0.009851,17.0,0.00919,0.01885,0.02689,14.428059,0.8235,0.04658,-0.05713,0.028278,1.029439,4.117,0.0283,0.02548,0.4706,1.651,0.1964,0.011961,17.0,0.01439,0.03067,0.04403,12.248573,0.023531,0.781905,0.8627,5.81,0.9412,12.357919,10,14.428059,0.01284,0.4118,0.2898,0,1,0.011375,0.00919,0.01885,0.02689,0.49937,0,,,,,,,,,,,,,,,,,,,,,,,,,,,,,,,,,,,,,,,,,,,,,,,,,,,,,,,,,,,,,,,,,,,,,,,,,,,,,,,,,,,,,,BEL_data,,2026-09-08
CMF_Positive + OBV_Rising,CMF_Positive + OBV_Rising,combo_2,210,momentum,Bullish,0.8286,0.01734,-0.03393,0.008549,0.289995,3.66,0.00911,0.00982,0.519,0.981,0.0416,0.006208,208.0,0.00627,0.01226,0.01948,5.679874,0.8571,0.02551,-0.04683,0.015176,0.495077,4.967,0.01577,0.00866,0.4762,1.387,0.0392,0.012615,208.0,0.01121,0.02078,0.02642,13.159726,0.8667,0.03611,-0.06001,0.023297,0.765855,5.287,0.02323,0.01721,0.4619,1.699,0.0296,0.018955,208.0,0.01422,0.02392,0.03551,21.671752,0.015674,0.516976,0.8508,4.638,0.9619,12.343308,15,21.671752,0.0119,0.4857,0.0416,0,1,0.012593,0.01422,0.02392,0.03551,0.30281,0,,,,,,,,,,,,,,,,,,,,,,,,,,,,,,,,,,,,,,,,,,,,,,,,,,,,,,,,,,,,,,,,,,,,,,,,,,,,,,,,,,,,,,BEL_data,,2026-09-08
OBV_Rising + VWAP_Bull,OBV_Rising + VWAP_Bull,combo_2,353,momentum,Bullish,0.8309,0.01697,-0.03506,0.008175,0.260576,3.42,0.00869,0.00589,0.4871,0.967,0.0308,0.005193,346.0,0.00541,0.01116,0.01653,5.230815,0.8281,0.02895,-0.04594,0.016075,0.519173,4.077,0.01716,0.00829,0.4699,1.367,0.0252,0.012006,346.0,0.00885,0.01606,0.02559,12.42234,0.8309,0.039,-0.05229,0.023565,0.77372,4.702,0.02415,0.01631,0.467,1.674,0.0272,0.018766,346.0,0.0095,0.01942,0.03523,21.353354,0.015939,0.517823,0.83,4.066,0.9971,12.323212,15,21.353354,0.01016,0.4747,0.0308,0,1,0.011988,0.0095,0.01942,0.03523,0.83573,0,,,,,,,,,,,,,,,,,,,,,,,,,,,,,,,,,,,,,,,,,,,,,,,,,,,,,,,,,,,,,,,,,,,,,,,,,,,,,,,,,,,,,,BEL_data,,2026-09-08
Price_Above_SMA20 + CDL_Bullish3Inside,Price_Above_SMA20 + CDL_Bullish3Inside,combo_2,16,momentum,Bullish,0.875,0.01778,-0.03224,0.01153,0.290916,5.843,0.01163,-0.00049,0.3125,0.922,0.3203,0.008878,16.0,0.00568,0.0115,0.01703,4.815696,1.0,0.03218,0.0,0.032175,1.033292,,0.03226,0.01383,0.3125,1.304,0.242,0.027837,16.0,0.01669,0.01861,0.02421,2.927536,1.0,0.03446,0.0,0.034456,1.1487,,0.03418,0.02363,0.375,1.597,0.2203,0.030358,16.0,0.01703,0.02425,0.03048,3.254513,0.026054,0.824303,0.9583,5.843,0.875,11.939486,5,4.815696,0.01232,0.3333,0.3203,0,1,0.022358,0.00568,0.0115,0.01703,0.07645,1,,,,,,,,,,,,,,,,,,,,,,,,,,,,,,,,,,,,,,,,,,,,,,,,,,,,,,,,,,,,,,,,,,,,,,,,,,,,,,,,,,,,,,BEL_data,,2026-09-08
Stoch_Cross_Up + CMF_Strong_Bull,Stoch_Cross_Up + CMF_Strong_Bull,combo_2,52,momentum,Bullish,0.8269,0.01948,-0.04907,0.007613,0.268564,2.616,0.00762,0.00594,0.4808,0.987,0.1406,0.003683,51.0,0.0077,0.01075,0.0162,2.789238,0.8846,0.03069,-0.05264,0.021071,0.713313,6.256,0.02133,0.02575,0.5385,1.396,0.108,0.022309,51.0,0.01015,0.02752,0.03213,17.717216,0.9038,0.03098,-0.05921,0.022311,0.78606,7.693,0.02246,0.02065,0.4423,1.709,0.1013,0.021762,51.0,0.01689,0.02876,0.03667,24.007802,0.016998,0.589312,0.8718,5.521,0.9231,11.925074,15,24.007802,0.01745,0.4872,0.1406,0,1,0.015918,0.01689,0.02876,0.03667,0.19567,0,,,,,,,,,,,,,,,,,,,,,,,,,,,,,,,,,,,,,,,,,,,,,,,,,,,,,,,,,,,,,,,,,,,,,,,,,,,,,,,,,,,,,,BEL_data,,2026-09-08
Price_Above_SMA20 + Stoch_Bull_Zone,Price_Above_SMA20 + Stoch_Bull_Zone,combo_2,109,momentum,Bullish,0.8257,0.01716,-0.0331,0.008398,0.294498,3.776,0.00918,0.00503,0.4679,0.972,0.0963,0.005554,108.0,0.00644,0.01014,0.02397,5.227529,0.844,0.02795,-0.04591,0.016434,0.546187,4.73,0.01682,0.01085,0.4679,1.374,0.0663,0.013732,108.0,0.00921,0.02426,0.03431,12.144582,0.8624,0.03421,-0.05004,0.022615,0.774449,6.138,0.02203,0.00638,0.3853,1.683,0.0485,0.018507,108.0,0.01139,0.02709,0.03696,22.344698,0.015816,0.538378,0.844,4.882,0.9633,11.900319,15,22.344698,0.00742,0.4404,0.0963,0,1,0.012597,0.01139,0.02709,0.03696,0.44468,0,,,,,,,,,,,,,,,,,,,,,,,,,,,,,,,,,,,,,,,,,,,,,,,,,,,,,,,,,,,,,,,,,,,,,,,,,,,,,,,,,,,,,,BEL_data,,2026-09-08
Price_Above_SMA20 + CDL_Harami_Bull,Price_Above_SMA20 + CDL_Harami_Bull,combo_2,43,momentum,Bullish,0.7907,0.01842,-0.03354,0.007547,0.354085,3.044,0.00764,0.01164,0.5116,0.936,0.1196,0.005607,43.0,0.00553,0.00937,0.01763,4.079015,0.8605,0.02266,-0.03598,0.014475,0.602676,5.716,0.01557,0.00829,0.4419,1.324,0.1513,0.011893,43.0,0.01006,0.02174,0.02791,13.035896,0.8605,0.05015,-0.07077,0.033274,1.219155,5.134,0.03316,0.0301,0.4884,1.622,0.1204,0.028746,43.0,0.01006,0.0233,0.041,23.685612,0.018432,0.725305,0.8372,4.631,0.9302,11.824792,15,23.685612,0.01668,0.4806,0.1513,0,1,0.015415,0.01006,0.0233,0.041,0.5457,0,,,,,,,,,,,,,,,,,,,,,,,,,,,,,,,,,,,,,,,,,,,,,,,,,,,,,,,,,,,,,,,,,,,,,,,,,,,,,,,,,,,,,,BEL_data,,2026-09-08
VWAP_Bull + CDL_Engulfing_Bull,VWAP_Bull + CDL_Engulfing_Bull,combo_2,45,momentum,Bullish,0.8667,0.01794,-0.03097,0.011417,0.408606,5.038,0.01134,0.00326,0.3778,0.927,0.1733,0.005498,44.0,0.00803,0.013,0.01777,7.881427,0.8667,0.03393,-0.04535,0.023359,0.836082,6.11,0.02336,0.02209,0.4889,1.311,0.1284,0.016656,44.0,0.01251,0.0203,0.03173,19.557581,0.8222,0.03166,-0.05496,0.016258,0.643461,3.992,0.01641,-0.00603,0.4,1.605,0.1313,0.016428,44.0,0.01251,0.02769,0.04114,9.835835,0.017011,0.629383,0.8519,5.047,0.9556,11.620522,10,19.557581,0.00644,0.4222,0.1733,0,1,0.012861,0.01251,0.0203,0.03173,0.4449,0,,,,,,,,,,,,,,,,,,,,,,,,,,,,,,,,,,,,,,,,,,,,,,,,,,,,,,,,,,,,,,,,,,,,,,,,,,,,,,,,,,,,,,BEL_data,,2026-09-08
Price_Above_EMA200 + CDL_HaramiCross_Bull,Price_Above_EMA200 + CDL_HaramiCross_Bull,combo_2,21,trend,Bullish,,,,,,,,,,,,,,,,,,0.7143,0.03654,-0.04268,0.013904,0.276549,2.566,0.01443,0.00486,0.381,1.386,0.3015,0.017111,21.0,0.00543,0.01,0.01497,2.193689,,,,,,,,,,,,,,,,,,0.033949,0.903548,0.7778,4.533,0.9048,11.454035,30,29.971893,0.01661,0.381,0.3015,0,1,0.035713,0.01784,0.02364,0.06187,0.8206,0,0.8095,0.06143,-0.06774,0.036825,0.937859,4.552,0.03689,0.01234,0.381,1.96,0.211,0.039507,21.0,0.01172,0.02132,0.02364,13.195175,0.8095,0.07601,-0.05467,0.051117,1.496236,6.481,0.05234,0.03262,0.381,2.4,0.2201,0.05052,21.0,0.01784,0.02364,0.06187,29.971893,,,,,,,,,,,,,,,,,,,,,,,,,,,,,,,,,,,,,,,,,,,,,,,,,,,,BEL_data,,2026-09-08
CDL_Bullish3Outside,CDL_Bullish3Outside,single,27,candle,Bullish,0.8148,0.02127,-0.01493,0.014566,0.60738,8.506,0.01501,0.00837,0.4074,0.923,0.2263,0.012437,27.0,0.008,0.01231,0.01483,17.216215,,,,,,,,,,,,,,,,,,,,,,,,,,,,,,,,,,,0.012316,0.494613,0.8395,7.485,0.9259,11.423028,5,17.216215,0.0084,0.4321,0.2765,0,1,0.009689,0.008,0.01231,0.01483,0.42086,0,,,,,,,,,,,,,,,,,,,,,,,,,,,,,,,,,,,0.8148,0.01772,-0.02041,0.010661,0.405613,5.042,0.01179,0.00708,0.4815,0.715,0.2765,0.006635,27.0,0.00631,0.00872,0.01344,6.814068,,,,,,,,,,,,,,,,,,0.8889,0.01525,-0.01654,0.011721,0.470847,8.908,0.0118,0.00976,0.4074,0.584,0.2745,0.009996,27.0,0.00631,0.00872,0.00997,13.976099,BEL_data,,2026-09-08
Stoch_Bull_Zone + OBV_Rising,Stoch_Bull_Zone + OBV_Rising,combo_2,185,momentum,Bullish,0.8216,0.01555,-0.0358,0.006393,0.173169,3.075,0.00745,0.0019,0.4649,0.976,0.0586,0.003712,183.0,0.00454,0.00948,0.01649,2.783042,0.8108,0.03294,-0.04112,0.018927,0.571314,4.378,0.01975,0.01009,0.4378,1.38,0.0456,0.013376,183.0,0.00879,0.01557,0.02842,13.069307,0.827,0.04134,-0.04659,0.02613,0.810853,5.375,0.0267,0.00902,0.4162,1.69,0.0489,0.020298,183.0,0.00921,0.02246,0.03284,22.776048,0.01715,0.518446,0.8198,4.276,0.9838,11.396991,15,22.776048,0.007,0.4396,0.0586,0,1,0.012462,0.00921,0.02246,0.03284,0.86136,0,,,,,,,,,,,,,,,,,,,,,,,,,,,,,,,,,,,,,,,,,,,,,,,,,,,,,,,,,,,,,,,,,,,,,,,,,,,,,,,,,,,,,,BEL_data,,2026-09-08
Stoch_Bull_Zone,Stoch_Bull_Zone,single,164,momentum,Bullish,0.816,0.01632,-0.03868,0.006199,0.178973,2.736,0.00743,0.0043,0.4663,0.977,0.0664,0.004265,162.0,0.00477,0.00917,0.01989,2.500474,0.816,0.0325,-0.0404,0.019087,0.608566,4.649,0.01986,0.01071,0.4479,1.382,0.0459,0.015372,162.0,0.00877,0.01706,0.02811,14.445659,0.8405,0.04025,-0.05087,0.02572,0.81783,5.364,0.02537,0.01314,0.4233,1.692,0.0356,0.020046,162.0,0.00913,0.02346,0.03278,22.397347,0.017002,0.535123,0.8241,4.25,0.9755,11.326298,15,22.397347,0.00938,0.4458,0.0664,0,1,0.013227,0.00913,0.02346,0.03278,0.7213,0,,,,,,,,,,,,,,,,,,,,,,,,,,,,,,,,,,,,,,,,,,,,,,,,,,,,,,,,,,,,,,,,,,,,,,,,,,,,,,,,,,,,,,BEL_data,,2026-09-08
Stoch_Bull_Zone + CMF_Positive,Stoch_Bull_Zone + CMF_Positive,combo_2,94,momentum,Bullish,0.8191,0.01555,-0.04299,0.004961,0.131896,2.526,0.00563,0.00516,0.5106,0.984,0.0842,0.002778,93.0,0.00588,0.01014,0.02406,1.517027,0.8404,0.02878,-0.04412,0.017151,0.570486,5.076,0.01756,0.00775,0.4574,1.392,0.0632,0.016198,93.0,0.00927,0.02329,0.0303,13.188258,0.883,0.03907,-0.05651,0.027887,0.942457,6.903,0.02726,0.01467,0.3723,1.705,0.0572,0.021063,93.0,0.01398,0.02619,0.03265,29.624381,0.016666,0.548279,0.8475,4.835,0.9362,11.3012,15,29.624381,0.00919,0.4468,0.0842,0,1,0.013346,0.01398,0.02619,0.03265,0.24169,0,,,,,,,,,,,,,,,,,,,,,,,,,,,,,,,,,,,,,,,,,,,,,,,,,,,,,,,,,,,,,,,,,,,,,,,,,,,,,,,,,,,,,,BEL_data,,2026-09-08
Price_Above_SMA20 + OBV_Rising,Price_Above_SMA20 + OBV_Rising,combo_2,257,momentum,Bullish,0.8327,0.01671,-0.03703,0.007722,0.280378,3.376,0.0081,0.00763,0.4981,0.963,0.0429,0.005804,253.0,0.0059,0.01139,0.01935,5.256094,0.8405,0.02509,-0.0454,0.013842,0.488951,4.163,0.0144,0.00634,0.4669,1.362,0.0309,0.011395,253.0,0.00965,0.01951,0.02896,11.302161,0.8521,0.03417,-0.05488,0.021006,0.724925,4.903,0.02088,0.0152,0.463,1.668,0.0258,0.017776,253.0,0.01263,0.02411,0.03815,19.736068,0.01419,0.498084,0.8418,4.147,0.9805,11.247161,15,19.736068,0.00972,0.476,0.0429,0,1,0.011658,0.01263,0.02411,0.03815,0.54889,0,,,,,,,,,,,,,,,,,,,,,,,,,,,,,,,,,,,,,,,,,,,,,,,,,,,,,,,,,,,,,,,,,,,,,,,,,,,,,,,,,,,,,,BEL_data,,2026-09-08
EMA_Bullish_State + MACD_Hist_Rising,EMA_Bullish_State + MACD_Hist_Rising,combo_2,146,momentum,Bullish,0.8562,0.01417,-0.03564,0.007003,0.224455,3.773,0.00768,0.00551,0.4863,0.953,0.0752,0.003018,144.0,0.0047,0.0115,0.01582,4.225819,0.8288,0.02818,-0.04196,0.016169,0.483733,4.425,0.01642,0.00729,0.4521,1.348,0.0561,0.009535,144.0,0.0093,0.01586,0.02467,10.682666,0.8288,0.03968,-0.0466,0.024903,0.830894,5.291,0.02484,0.01166,0.411,1.651,0.041,0.016418,144.0,0.01143,0.01811,0.03243,21.940791,0.016025,0.513027,0.8379,4.496,0.9726,11.196442,15,21.940791,0.00816,0.4498,0.0752,0,1,0.009657,0.01143,0.01811,0.03243,0.41143,0,,,,,,,,,,,,,,,,,,,,,,,,,,,,,,,,,,,,,,,,,,,,,,,,,,,,,,,,,,,,,,,,,,,,,,,,,,,,,,,,,,,,,,BEL_data,,2026-09-08
Stoch_Bull_Zone + CDL_Harami_Bull,Stoch_Bull_Zone + CDL_Harami_Bull,combo_2,26,momentum,Bullish,0.8077,0.03613,-0.04787,0.019979,0.653384,3.375,0.02031,0.02459,0.5385,1.012,0.1368,0.017344,26.0,0.00489,0.00885,0.0166,7.268624,0.6923,0.06278,-0.0494,0.028263,0.811735,3.355,0.02941,-0.00134,0.3846,1.431,0.2166,0.025641,26.0,0.00712,0.01,0.0175,8.975401,0.7308,0.08093,-0.04525,0.046956,1.380248,5.414,0.04963,0.01741,0.3462,1.753,0.2254,0.040695,26.0,0.00712,0.01008,0.0231,24.627486,0.031733,0.948456,0.7436,4.048,0.8846,11.193747,15,24.627486,0.01355,0.4231,0.2254,0,1,0.027893,0.00712,0.01008,0.0231,0.79947,0,,,,,,,,,,,,,,,,,,,,,,,,,,,,,,,,,,,,,,,,,,,,,,,,,,,,,,,,,,,,,,,,,,,,,,,,,,,,,,,,,,,,,,BEL_data,,2026-09-08
MACD_Bullish_State + Stoch_Bull_Zone,MACD_Bullish_State + Stoch_Bull_Zone,combo_2,76,momentum,Bullish,0.8421,0.01606,-0.03394,0.008162,0.319214,4.092,0.00844,0.00731,0.5,0.938,0.0882,0.005959,76.0,0.00828,0.01097,0.0222,5.673585,0.8816,0.021,-0.04514,0.013172,0.504431,6.007,0.01412,0.01728,0.5263,1.327,0.0854,0.011892,76.0,0.01024,0.02427,0.03222,13.161629,0.8816,0.03025,-0.06383,0.01911,0.730018,5.242,0.01873,0.01034,0.4211,1.625,0.0711,0.017519,76.0,0.01412,0.02871,0.03643,16.624002,0.013481,0.517888,0.8684,5.114,0.9605,11.049524,15,16.624002,0.01165,0.4825,0.0882,0,1,0.01179,0.01412,0.02871,0.03643,0.29191,0,,,,,,,,,,,,,,,,,,,,,,,,,,,,,,,,,,,,,,,,,,,,,,,,,,,,,,,,,,,,,,,,,,,,,,,,,,,,,,,,,,,,,,BEL_data,,2026-09-08
MACD_Hist_Positive + Stoch_Bull_Zone,MACD_Hist_Positive + Stoch_Bull_Zone,combo_2,76,momentum,Bullish,0.8421,0.01606,-0.03394,0.008162,0.319214,4.092,0.00844,0.00731,0.5,0.938,0.0882,0.005959,76.0,0.00828,0.01097,0.0222,5.673585,0.8816,0.021,-0.04514,0.013172,0.504431,6.007,0.01412,0.01728,0.5263,1.327,0.0854,0.011892,76.0,0.01024,0.02427,0.03222,13.161629,0.8816,0.03025,-0.06383,0.01911,0.730018,5.242,0.01873,0.01034,0.4211,1.625,0.0711,0.017519,76.0,0.01412,0.02871,0.03643,16.624002,0.013481,0.517888,0.8684,5.114,0.9605,11.049524,15,16.624002,0.01165,0.4825,0.0882,0,1,0.01179,0.01412,0.02871,0.03643,0.29191,0,,,,,,,,,,,,,,,,,,,,,,,,,,,,,,,,,,,,,,,,,,,,,,,,,,,,,,,,,,,,,,,,,,,,,,,,,,,,,,,,,,,,,,BEL_data,,2026-09-08
RSI_Bull_Momentum + BB_Expansion_Bull,RSI_Bull_Momentum + BB_Expansion_Bull,combo_2,36,momentum,Bullish,0.9167,0.01035,-0.05498,0.004907,0.1389,4.401,0.00492,0.00126,0.4722,1.007,0.1362,0.000236,36.0,0.0105,0.02071,0.02482,2.207354,0.8611,0.0271,-0.04068,0.01769,0.570648,5.667,0.01695,0.01612,0.4722,1.424,0.1141,0.011217,36.0,0.01314,0.02183,0.03176,11.677248,0.8889,0.0443,-0.06648,0.031994,1.080162,6.208,0.02984,0.03589,0.5278,1.744,0.0943,0.016397,36.0,0.01566,0.03261,0.04727,24.212099,0.018197,0.59657,0.8889,5.425,0.9444,11.037548,15,24.212099,0.01776,0.4907,0.1362,0,1,0.009283,0.01566,0.03261,0.04727,0.16931,0,,,,,,,,,,,,,,,,,,,,,,,,,,,,,,,,,,,,,,,,,,,,,,,,,,,,,,,,,,,,,,,,,,,,,,,,,,,,,,,,,,,,,,BEL_data,,2026-09-08
Price_Above_SMA20 + CMF_Positive,Price_Above_SMA20 + CMF_Positive,combo_2,77,momentum,Bullish,0.8312,0.01379,-0.03228,0.006009,0.157223,3.738,0.00624,0.00233,0.4805,0.994,0.1142,0.007138,76.0,0.0068,0.00991,0.01609,2.560112,0.8442,0.02853,-0.03157,0.019168,0.635911,7.193,0.02035,0.00507,0.4286,1.406,0.098,0.017929,76.0,0.01034,0.0177,0.02415,19.928266,0.8571,0.0336,-0.05549,0.020873,0.65444,5.077,0.02006,0.00606,0.3896,1.722,0.0689,0.017374,76.0,0.01416,0.02256,0.02947,14.475121,0.01535,0.482525,0.8442,5.336,0.974,10.925703,10,19.928266,0.00449,0.4329,0.1142,0,1,0.014147,0.01034,0.0177,0.02415,0.53124,0,,,,,,,,,,,,,,,,,,,,,,,,,,,,,,,,,,,,,,,,,,,,,,,,,,,,,,,,,,,,,,,,,,,,,,,,,,,,,,,,,,,,,,BEL_data,,2026-09-08
CMF_Positive,CMF_Positive,single,76,momentum,Bullish,0.8553,0.01193,-0.0346,0.005198,0.10072,3.608,0.00561,0.00723,0.5263,0.961,0.1263,0.002388,75.0,0.00695,0.01113,0.01785,1.578584,0.8816,0.02292,-0.03133,0.016496,0.57799,8.405,0.01816,0.00538,0.4342,1.359,0.1108,0.010422,75.0,0.00987,0.01781,0.02585,21.101459,0.8816,0.02889,-0.05526,0.01892,0.649528,5.414,0.01814,0.0089,0.4079,1.664,0.0791,0.009748,75.0,0.01487,0.02277,0.03304,15.274707,0.013538,0.442746,0.8728,5.809,0.9737,10.877662,10,21.101459,0.00717,0.4561,0.1263,0,1,0.007519,0.00987,0.01781,0.02585,0.29191,0,,,,,,,,,,,,,,,,,,,,,,,,,,,,,,,,,,,,,,,,,,,,,,,,,,,,,,,,,,,,,,,,,,,,,,,,,,,,,,,,,,,,,,BEL_data,,2026-09-08
RSI_Bull_Momentum + MACD_Hist_Rising,RSI_Bull_Momentum + MACD_Hist_Rising,combo_2,140,momentum,Bullish,0.85,0.01609,-0.03759,0.008039,0.272311,3.962,0.00886,0.00032,0.4429,0.977,0.0699,0.005825,138.0,0.00441,0.0114,0.01709,5.33875,0.8071,0.02806,-0.03667,0.015573,0.494908,4.497,0.01621,0.00516,0.4286,1.382,0.0572,0.01164,138.0,0.00948,0.01445,0.02524,11.013231,0.8214,0.03842,-0.04763,0.023052,0.773486,4.95,0.0229,0.00615,0.3929,1.693,0.0392,0.019691,138.0,0.01145,0.01873,0.03056,18.948931,0.015555,0.513568,0.8262,4.47,0.9571,10.8727,15,18.948931,0.00388,0.4214,0.0699,0,1,0.012386,0.01145,0.01873,0.03056,0.50069,0,,,,,,,,,,,,,,,,,,,,,,,,,,,,,,,,,,,,,,,,,,,,,,,,,,,,,,,,,,,,,,,,,,,,,,,,,,,,,,,,,,,,,,BEL_data,,2026-09-08
Price_Above_EMA200 + CDL_Bullish3Outside,Price_Above_EMA200 + CDL_Bullish3Outside,combo_2,19,trend,Bullish,,,,,,,,,,,,,,,,,,1.0,0.01858,0.0,0.018575,0.842346,,0.01909,0.00036,0.3684,1.208,0.2589,0.01402,19.0,0.0146,0.02464,0.03046,2.523443,,,,,,,,,,,,,,,,,,0.024436,1.122298,0.8947,4.06,0.7895,10.776875,20,16.275146,0.00114,0.386,0.2589,0,1,0.023236,0.0146,0.0306,0.03735,0.04609,1,0.8947,0.03767,-0.09743,0.023445,1.061792,5.117,0.02417,0.00854,0.4211,1.708,0.2516,0.027117,19.0,0.0146,0.0306,0.03735,16.275146,0.7895,0.06615,-0.09946,0.031288,1.462756,3.004,0.03093,-0.00549,0.3684,2.092,0.2525,0.028572,19.0,0.0185,0.0306,0.03735,13.162394,,,,,,,,,,,,,,,,,,,,,,,,,,,,,,,,,,,,,,,,,,,,,,,,,,,,BEL_data,,2026-09-08
MACD_Hist_Rising + BB_Expansion_Bull,MACD_Hist_Rising + BB_Expansion_Bull,combo_2,40,momentum,Bullish,0.9,0.01668,-0.07017,0.007992,0.289977,3.416,0.00778,0.0197,0.575,0.97,0.0981,0.003713,40.0,0.01103,0.01693,0.02285,3.678932,0.9,0.0216,-0.06446,0.01299,0.501851,4.777,0.01217,0.02443,0.55,1.372,0.0854,0.001338,40.0,0.0159,0.02617,0.03492,8.902265,0.925,0.03257,-0.0732,0.024639,0.943478,7.235,0.02317,0.029,0.575,1.681,0.0986,0.00559,40.0,0.01705,0.03444,0.04487,25.349083,0.015207,0.578435,0.9083,5.143,0.975,10.770699,15,25.349083,0.02438,0.5667,0.0986,0,1,0.003547,0.01705,0.03444,0.04487,0.135,0,,,,,,,,,,,,,,,,,,,,,,,,,,,,,,,,,,,,,,,,,,,,,,,,,,,,,,,,,,,,,,,,,,,,,,,,,,,,,,,,,,,,,,BEL_data,,2026-09-08
CMF_Positive + VWAP_Bull,CMF_Positive + VWAP_Bull,combo_2,74,momentum,Bullish,0.8649,0.01148,-0.03064,0.005793,0.112406,4.334,0.0062,0.00723,0.527,0.952,0.1301,0.003096,73.0,0.00692,0.01058,0.01799,2.103528,0.8919,0.02037,-0.02931,0.015003,0.540717,9.269,0.01686,0.00538,0.4324,1.346,0.1191,0.009558,73.0,0.00982,0.01851,0.02713,21.638373,0.8919,0.0252,-0.05985,0.016003,0.572948,5.088,0.01526,0.00758,0.4324,1.648,0.0872,0.006717,73.0,0.01463,0.02336,0.03449,12.587056,0.012266,0.40869,0.8829,6.231,0.973,10.696708,10,21.638373,0.00673,0.464,0.1301,0,1,0.006457,0.00982,0.01851,0.02713,0.21039,0,,,,,,,,,,,,,,,,,,,,,,,,,,,,,,,,,,,,,,,,,,,,,,,,,,,,,,,,,,,,,,,,,,,,,,,,,,,,,,,,,,,,,,BEL_data,,2026-09-08
Price_Above_SMA20 + CMF_Strong_Bull,Price_Above_SMA20 + CMF_Strong_Bull,combo_2,60,momentum,Bullish,0.8833,0.01779,-0.04526,0.010438,0.315885,4.52,0.01105,0.0123,0.5167,0.987,0.1256,0.009205,58.0,0.00816,0.01226,0.02008,5.869066,0.8833,0.01927,-0.04968,0.011224,0.386087,5.813,0.01239,0.0031,0.45,1.395,0.1336,0.010353,58.0,0.01219,0.02198,0.03112,9.225416,0.8833,0.02842,-0.05211,0.019023,0.657702,6.863,0.01905,-0.00413,0.4167,1.709,0.0872,0.017114,58.0,0.01513,0.02404,0.03332,18.556349,0.013562,0.453225,0.8833,5.732,1.0,10.679232,15,18.556349,0.00375,0.4611,0.1336,0,1,0.012224,0.01513,0.02404,0.03332,0.26893,0,,,,,,,,,,,,,,,,,,,,,,,,,,,,,,,,,,,,,,,,,,,,,,,,,,,,,,,,,,,,,,,,,,,,,,,,,,,,,,,,,,,,,,BEL_data,,2026-09-08
EMA_Bullish_State + CCI_Exit_Oversold,EMA_Bullish_State + CCI_Exit_Oversold,combo_2,29,momentum,Bullish,0.8621,0.02419,-0.03783,0.015633,0.372134,5.385,0.01679,0.00683,0.4138,1.061,0.2681,0.011969,29.0,0.00663,0.01274,0.01995,6.816318,0.8276,0.04451,-0.04783,0.028587,0.63971,5.688,0.0298,0.01707,0.4483,1.501,0.1898,0.020929,29.0,0.00663,0.01678,0.02312,12.376597,0.7931,0.06154,-0.05747,0.036919,0.869529,4.797,0.03717,0.0354,0.4828,1.838,0.1393,0.026423,29.0,0.00663,0.01678,0.0262,14.185828,0.027046,0.627125,0.8276,5.29,0.931,10.505538,15,14.185828,0.01976,0.4483,0.2681,0,1,0.019774,0.00663,0.01678,0.0262,0.52945,0,,,,,,,,,,,,,,,,,,,,,,,,,,,,,,,,,,,,,,,,,,,,,,,,,,,,,,,,,,,,,,,,,,,,,,,,,,,,,,,,,,,,,,BEL_data,,2026-09-08
Price_Above_SMA50,Price_Above_SMA50,single,56,trend,Bullish,,,,,,,,,,,,,,,,,,0.7321,0.02366,-0.04641,0.004892,-0.022698,2.209,0.00464,-0.01016,0.4286,1.453,0.11,0.002692,56.0,0.00846,0.01058,0.01645,-0.202746,,,,,,,,,,,,,,,,,,0.028005,0.71661,0.75,3.828,0.9464,10.497217,30,31.146497,0.00854,0.4167,0.11,0,1,0.018475,0.01148,0.01784,0.05636,0.98328,0,0.7321,0.06247,-0.05205,0.031793,0.801679,3.656,0.03059,0.01644,0.4107,2.054,0.0818,0.020438,56.0,0.0091,0.01238,0.02247,11.84886,0.7857,0.07505,-0.0543,0.047331,1.370849,5.62,0.04798,0.01934,0.4107,2.516,0.0982,0.032294,56.0,0.01148,0.01784,0.05636,31.146497,,,,,,,,,,,,,,,,,,,,,,,,,,,,,,,,,,,,,,,,,,,,,,,,,,,,BEL_data,,2026-09-08
Price_Above_SMA50 + VWAP_Bull,Price_Above_SMA50 + VWAP_Bull,combo_2,56,trend,Bullish,,,,,,,,,,,,,,,,,,0.7321,0.02366,-0.04641,0.004892,-0.022698,2.209,0.00464,-0.01016,0.4286,1.453,0.11,0.002692,56.0,0.00846,0.01058,0.01645,-0.202746,,,,,,,,,,,,,,,,,,0.028005,0.71661,0.75,3.828,0.9464,10.497217,30,31.146497,0.00854,0.4167,0.11,0,1,0.018475,0.01148,0.01784,0.05636,0.98328,0,0.7321,0.06247,-0.05205,0.031793,0.801679,3.656,0.03059,0.01644,0.4107,2.054,0.0818,0.020438,56.0,0.0091,0.01238,0.02247,11.84886,0.7857,0.07505,-0.0543,0.047331,1.370849,5.62,0.04798,0.01934,0.4107,2.516,0.0982,0.032294,56.0,0.01148,0.01784,0.05636,31.146497,,,,,,,,,,,,,,,,,,,,,,,,,,,,,,,,,,,,,,,,,,,,,,,,,,,,BEL_data,,2026-09-08
Stoch_Bull_Zone + VWAP_Bull,Stoch_Bull_Zone + VWAP_Bull,combo_2,160,momentum,Bullish,0.8239,0.01564,-0.04057,0.005742,0.168522,2.688,0.007,0.0043,0.4717,0.966,0.0689,0.004051,158.0,0.00478,0.00921,0.0207,2.301413,0.8113,0.03203,-0.0404,0.018367,0.594638,4.492,0.01913,0.01014,0.4403,1.366,0.0475,0.015055,158.0,0.00872,0.01616,0.02703,13.572564,0.8365,0.03886,-0.05093,0.024173,0.783954,5.107,0.02381,0.01226,0.4088,1.673,0.0373,0.018954,158.0,0.00907,0.02311,0.03253,20.344051,0.016094,0.515704,0.8239,4.095,0.9748,10.462158,15,20.344051,0.0089,0.4403,0.0689,0,1,0.012686,0.00907,0.02311,0.03253,0.7672,0,,,,,,,,,,,,,,,,,,,,,,,,,,,,,,,,,,,,,,,,,,,,,,,,,,,,,,,,,,,,,,,,,,,,,,,,,,,,,,,,,,,,,,BEL_data,,2026-09-08
Price_Above_SMA50 + CDL_Engulfing_Bull,Price_Above_SMA50 + CDL_Engulfing_Bull,combo_2,34,trend,Bullish,,,,,,,,,,,,,,,,,,0.8235,0.03713,-0.0449,0.022651,0.839058,4.667,0.02249,0.01232,0.4412,1.296,0.1698,0.015868,33.0,0.0102,0.01449,0.0222,13.922421,,,,,,,,,,,,,,,,,,0.022275,0.84465,0.7941,3.663,0.9412,10.352003,30,13.997575,0.0014,0.4118,0.1698,0,1,0.018123,0.01245,0.02663,0.04165,0.76907,0,0.7647,0.04259,-0.0685,0.016448,0.563015,2.843,0.01646,-0.01798,0.4118,1.833,0.1674,0.017843,33.0,0.0102,0.01449,0.04058,5.689994,0.7941,0.05583,-0.08068,0.027726,1.131876,3.478,0.02755,0.00987,0.3824,2.245,0.1472,0.020657,33.0,0.01245,0.02663,0.04165,13.997575,,,,,,,,,,,,,,,,,,,,,,,,,,,,,,,,,,,,,,,,,,,,,,,,,,,,BEL_data,,2026-09-08
BB_Expansion_Bull + CMF_Strong_Bull,BB_Expansion_Bull + CMF_Strong_Bull,combo_2,28,momentum,Bullish,0.8929,0.02035,-0.03031,0.014924,0.389429,7.77,0.01477,0.01689,0.5,1.01,0.1403,0.010918,28.0,0.00986,0.01765,0.02053,10.188845,0.9643,0.00708,-0.07672,0.00409,0.056,9.235,0.0038,0.00548,0.5,1.428,0.1602,-0.003155,28.0,0.01901,0.02277,0.03564,1.741482,0.9286,0.02627,-0.05298,0.020607,0.637419,10.47,0.02023,0.02892,0.5714,1.749,0.1207,0.006443,28.0,0.01907,0.0335,0.04522,21.463787,0.013207,0.360949,0.9286,9.158,0.9286,10.336274,15,21.463787,0.0171,0.5238,0.1602,0,1,0.004735,0.01907,0.0335,0.04522,0.06614,1,,,,,,,,,,,,,,,,,,,,,,,,,,,,,,,,,,,,,,,,,,,,,,,,,,,,,,,,,,,,,,,,,,,,,,,,,,,,,,,,,,,,,,BEL_data,,2026-09-08
BB_Expansion_Bull + OBV_Rising,BB_Expansion_Bull + OBV_Rising,combo_2,75,momentum,Bullish,0.8933,0.01388,-0.04724,0.007363,0.270494,4.282,0.00715,0.01355,0.56,0.975,0.0608,0.001449,74.0,0.01025,0.01969,0.024,5.016478,0.92,0.0174,-0.0766,0.009879,0.346506,4.84,0.00958,0.02074,0.5333,1.379,0.0574,0.002263,74.0,0.01755,0.02439,0.03291,7.262539,0.9067,0.03202,-0.06745,0.022735,0.793867,6.515,0.02175,0.02997,0.56,1.689,0.051,0.011276,74.0,0.01934,0.0326,0.04204,22.399359,0.013326,0.470289,0.9067,5.212,0.9733,10.332966,15,22.399359,0.02142,0.5511,0.0608,0,1,0.004996,0.01934,0.0326,0.04204,0.05757,1,,,,,,,,,,,,,,,,,,,,,,,,,,,,,,,,,,,,,,,,,,,,,,,,,,,,,,,,,,,,,,,,,,,,,,,,,,,,,,,,,,,,,,BEL_data,,2026-09-08
BB_Expansion_Bull + CMF_Positive,BB_Expansion_Bull + CMF_Positive,combo_2,29,momentum,Bullish,0.931,0.01656,-0.03852,0.012761,0.352698,9.655,0.01248,0.0202,0.5172,1.036,0.1333,0.012217,29.0,0.00922,0.01699,0.02172,11.581875,0.8621,0.02379,-0.04631,0.01412,0.480318,4.843,0.01323,0.00671,0.4828,1.465,0.1458,0.006241,29.0,0.01504,0.02123,0.02951,7.912069,0.8966,0.02992,-0.07616,0.018948,0.662407,4.921,0.01704,0.02433,0.5517,1.795,0.1312,0.002817,29.0,0.01512,0.0252,0.04694,11.086807,0.015276,0.498474,0.8966,6.473,0.931,10.2175,5,11.581875,0.01708,0.5172,0.1458,0,1,0.007092,0.00922,0.01699,0.02172,0.15104,0,,,,,,,,,,,,,,,,,,,,,,,,,,,,,,,,,,,,,,,,,,,,,,,,,,,,,,,,,,,,,,,,,,,,,,,,,,,,,,,,,,,,,,BEL_data,,2026-09-08
EMA_Bullish_State + Stoch_Bull_Zone,EMA_Bullish_State + Stoch_Bull_Zone,combo_2,115,momentum,Bullish,0.8087,0.01402,-0.03736,0.00419,0.097585,2.58,0.00493,-0.00039,0.4783,0.973,0.101,0.001134,114.0,0.00454,0.00908,0.01671,1.196649,0.8174,0.03303,-0.04527,0.018731,0.572292,4.242,0.0194,0.01014,0.4261,1.376,0.0642,0.014866,114.0,0.00746,0.01626,0.02688,11.541456,0.8348,0.04351,-0.05178,0.027769,0.899594,5.409,0.02795,0.00869,0.3739,1.685,0.0475,0.021017,114.0,0.009,0.02187,0.03075,23.132262,0.016897,0.523157,0.8203,4.077,0.9739,9.87494,15,23.132262,0.00614,0.4261,0.101,0,1,0.012339,0.009,0.02187,0.03075,0.76005,0,,,,,,,,,,,,,,,,,,,,,,,,,,,,,,,,,,,,,,,,,,,,,,,,,,,,,,,,,,,,,,,,,,,,,,,,,,,,,,,,,,,,,,BEL_data,,2026-09-08
RSI_Bull_Momentum + CMF_Strong_Bull,RSI_Bull_Momentum + CMF_Strong_Bull,combo_2,62,momentum,Bullish,0.8065,0.0183,-0.05425,0.004261,0.067545,2.077,0.00521,-1e-05,0.4839,1.0,0.1157,0.003148,60.0,0.00467,0.0092,0.01634,0.581341,0.8065,0.03124,-0.03834,0.01777,0.586476,4.852,0.01799,0.00968,0.4839,1.415,0.088,0.016786,60.0,0.00837,0.01237,0.02682,11.790668,0.871,0.04388,-0.06409,0.029949,1.050446,6.248,0.03,0.01386,0.4516,1.733,0.0721,0.027955,60.0,0.01158,0.026,0.034,27.191063,0.017326,0.568156,0.828,4.393,0.9355,9.672637,15,27.191063,0.00785,0.4731,0.1157,0,1,0.015963,0.01158,0.026,0.034,0.42028,0,,,,,,,,,,,,,,,,,,,,,,,,,,,,,,,,,,,,,,,,,,,,,,,,,,,,,,,,,,,,,,,,,,,,,,,,,,,,,,,,,,,,,,BEL_data,,2026-09-08
RSI_Bull_Momentum + OBV_Rising,RSI_Bull_Momentum + OBV_Rising,combo_2,225,momentum,Bullish,0.8089,0.01624,-0.03823,0.005835,0.20505,2.825,0.0064,0.00374,0.4533,0.986,0.0473,0.004301,222.0,0.00465,0.0095,0.01487,3.140489,0.7911,0.03075,-0.04432,0.015065,0.501838,3.508,0.01611,0.00634,0.4533,1.394,0.0387,0.013846,222.0,0.00914,0.01445,0.02596,9.543194,0.8,0.04338,-0.0508,0.024541,0.821019,4.195,0.02523,0.00992,0.4267,1.708,0.041,0.022353,222.0,0.00949,0.01853,0.03372,18.667568,0.015147,0.509303,0.8,3.509,0.9822,9.516265,15,18.667568,0.00667,0.4444,0.0473,0,1,0.0135,0.00949,0.01853,0.03372,0.95983,0,,,,,,,,,,,,,,,,,,,,,,,,,,,,,,,,,,,,,,,,,,,,,,,,,,,,,,,,,,,,,,,,,,,,,,,,,,,,,,,,,,,,,,BEL_data,,2026-09-08
MACD_Hist_Rising + OBV_Trend_Bull,MACD_Hist_Rising + OBV_Trend_Bull,combo_2,160,momentum,Bullish,0.825,0.01772,-0.03936,0.007732,0.259684,3.231,0.00851,0.0074,0.5,0.952,0.0639,0.005706,157.0,0.00443,0.01004,0.0153,4.263071,0.8187,0.02682,-0.03911,0.014872,0.525351,4.333,0.01565,0.00611,0.4437,1.346,0.0489,0.011707,157.0,0.00969,0.01576,0.02697,11.566445,0.8375,0.02963,-0.04855,0.016928,0.628652,4.539,0.01719,0.00715,0.4375,1.649,0.0374,0.013756,157.0,0.01091,0.01697,0.03486,14.499159,0.013177,0.471229,0.8271,4.034,0.9812,9.478585,15,14.499159,0.00689,0.4604,0.0639,0,1,0.010389,0.01091,0.01697,0.03486,0.75607,0,,,,,,,,,,,,,,,,,,,,,,,,,,,,,,,,,,,,,,,,,,,,,,,,,,,,,,,,,,,,,,,,,,,,,,,,,,,,,,,,,,,,,,BEL_data,,2026-09-08
Stoch_Cross_Up + OBV_Trend_Bull,Stoch_Cross_Up + OBV_Trend_Bull,combo_2,114,momentum,Bullish,0.8158,0.01463,-0.03854,0.004836,0.182035,2.493,0.00507,0.00532,0.5175,0.948,0.0726,0.004036,113.0,0.00608,0.0094,0.018,2.153508,0.8246,0.02504,-0.0399,0.013647,0.513793,4.336,0.01475,0.01029,0.4737,1.34,0.0684,0.01348,113.0,0.00885,0.01772,0.03059,10.569837,0.8421,0.02845,-0.03772,0.018006,0.673522,6.34,0.01814,0.00753,0.4035,1.641,0.0584,0.014509,113.0,0.00976,0.02598,0.03627,20.260525,0.012163,0.45645,0.8275,4.39,0.9737,9.25673,15,20.260525,0.00771,0.4649,0.0726,0,1,0.010675,0.00976,0.02598,0.03627,0.68485,0,,,,,,,,,,,,,,,,,,,,,,,,,,,,,,,,,,,,,,,,,,,,,,,,,,,,,,,,,,,,,,,,,,,,,,,,,,,,,,,,,,,,,,BEL_data,,2026-09-08
RSI_Bull_Momentum + CMF_Positive,RSI_Bull_Momentum + CMF_Positive,combo_2,103,momentum,Bullish,0.8155,0.00999,-0.04472,-0.000105,-0.046161,2.079,0.00049,-0.00072,0.4951,0.979,0.088,0.001034,102.0,0.00663,0.0096,0.01568,-0.445729,0.8155,0.02706,-0.02913,0.016699,0.576213,6.013,0.01682,0.00671,0.4369,1.384,0.0587,0.01449,102.0,0.00956,0.01443,0.02405,16.091253,0.8447,0.03955,-0.05435,0.024966,0.872422,5.031,0.02445,0.01005,0.3981,1.695,0.0526,0.018931,102.0,0.01175,0.02168,0.03101,20.384068,0.013853,0.467491,0.8252,4.374,0.9709,9.220734,15,20.384068,0.00535,0.4434,0.088,0,1,0.011485,0.01175,0.02168,0.03101,0.65472,0,,,,,,,,,,,,,,,,,,,,,,,,,,,,,,,,,,,,,,,,,,,,,,,,,,,,,,,,,,,,,,,,,,,,,,,,,,,,,,,,,,,,,,BEL_data,,2026-09-08
MACD_Hist_Rising + Stoch_Bull_Zone,MACD_Hist_Rising + Stoch_Bull_Zone,combo_2,152,momentum,Bullish,0.8092,0.01703,-0.03596,0.006922,0.209053,2.813,0.00824,0.00306,0.4737,0.968,0.0717,0.004678,151.0,0.00425,0.00921,0.01371,2.958356,0.7895,0.03191,-0.03826,0.017139,0.505085,3.871,0.01717,0.00943,0.4211,1.369,0.055,0.010579,151.0,0.00771,0.01237,0.02532,9.834679,0.8026,0.04072,-0.04579,0.023645,0.751704,4.653,0.02342,0.0116,0.4408,1.676,0.0394,0.017381,151.0,0.00921,0.01612,0.03278,17.594693,0.015902,0.488614,0.8004,3.779,0.9803,9.105062,15,17.594693,0.00803,0.4452,0.0717,0,1,0.010879,0.00921,0.01612,0.03278,0.92284,0,,,,,,,,,,,,,,,,,,,,,,,,,,,,,,,,,,,,,,,,,,,,,,,,,,,,,,,,,,,,,,,,,,,,,,,,,,,,,,,,,,,,,,BEL_data,,2026-09-08
CMF_Strong_Bull + OBV_Rising,CMF_Strong_Bull + OBV_Rising,combo_2,117,momentum,Bullish,0.812,0.01773,-0.04748,0.005469,0.185929,2.399,0.00569,0.00805,0.5128,0.977,0.072,0.003887,114.0,0.00476,0.01152,0.01742,2.128137,0.8632,0.0262,-0.05782,0.014707,0.469913,4.201,0.01517,0.01045,0.4872,1.382,0.0699,0.014009,114.0,0.00969,0.02153,0.0279,9.418771,0.8889,0.03505,-0.06671,0.023743,0.793781,6.075,0.02393,0.02433,0.5043,1.693,0.0499,0.024203,114.0,0.01354,0.02419,0.03781,23.004845,0.014639,0.483207,0.8547,4.225,0.9231,8.99078,15,23.004845,0.01428,0.5014,0.072,0,1,0.014033,0.01354,0.02419,0.03781,0.15132,0,,,,,,,,,,,,,,,,,,,,,,,,,,,,,,,,,,,,,,,,,,,,,,,,,,,,,,,,,,,,,,,,,,,,,,,,,,,,,,,,,,,,,,BEL_data,,2026-09-08
MACD_Hist_Rising + CDL_Harami_Bull,MACD_Hist_Rising + CDL_Harami_Bull,combo_2,28,momentum,Bullish,0.8571,0.01837,-0.03058,0.011376,0.338023,5.602,0.0116,0.0079,0.4643,0.936,0.1608,0.009776,28.0,0.00473,0.00946,0.01403,6.376823,0.75,0.04826,-0.04866,0.024026,0.612328,3.885,0.02408,0.01273,0.4643,1.324,0.1578,0.019417,28.0,0.00473,0.01059,0.01593,8.009554,0.7143,0.07227,-0.0482,0.037854,1.062763,4.262,0.03787,0.00458,0.3571,1.621,0.154,0.03931,28.0,0.00473,0.01059,0.01593,15.251611,0.024419,0.671038,0.7738,4.583,0.8571,8.876194,15,15.251611,0.0084,0.4286,0.1608,0,1,0.022835,0.00473,0.01059,0.01593,0.56187,0,,,,,,,,,,,,,,,,,,,,,,,,,,,,,,,,,,,,,,,,,,,,,,,,,,,,,,,,,,,,,,,,,,,,,,,,,,,,,,,,,,,,,,BEL_data,,2026-09-08
OBV_Rising + OBV_Trend_Bull,OBV_Rising + OBV_Trend_Bull,combo_2,270,momentum,Bullish,0.8148,0.01733,-0.03898,0.006903,0.245569,2.924,0.00728,0.00792,0.5074,0.962,0.0404,0.00493,266.0,0.00577,0.01004,0.01592,4.022625,0.8185,0.02573,-0.04581,0.012744,0.454965,3.622,0.01362,0.00546,0.4519,1.361,0.0293,0.012363,266.0,0.00921,0.01596,0.02642,9.230524,0.8296,0.03296,-0.05295,0.018321,0.644495,4.18,0.01843,0.01005,0.4519,1.667,0.0257,0.016708,266.0,0.01006,0.01926,0.036,15.091754,0.012656,0.448343,0.821,3.575,0.9852,8.846628,15,15.091754,0.00781,0.4704,0.0404,0,1,0.011334,0.01006,0.01926,0.036,0.8967,0,,,,,,,,,,,,,,,,,,,,,,,,,,,,,,,,,,,,,,,,,,,,,,,,,,,,,,,,,,,,,,,,,,,,,,,,,,,,,,,,,,,,,,BEL_data,,2026-09-08
Price_Above_SMA20 + CDL_Engulfing_Bull,Price_Above_SMA20 + CDL_Engulfing_Bull,combo_2,33,momentum,Bullish,0.8485,0.01683,-0.03805,0.008514,0.345869,3.398,0.00922,0.00326,0.3939,0.919,0.2235,0.00204,32.0,0.00763,0.01264,0.02043,4.144652,0.8485,0.03689,-0.04787,0.024049,0.897641,4.911,0.02525,0.01304,0.4545,1.299,0.1744,0.013534,32.0,0.01239,0.0215,0.02897,15.544318,0.8182,0.03207,-0.05892,0.015523,0.675804,3.801,0.01592,-0.00603,0.4242,1.591,0.1599,0.014184,32.0,0.01239,0.03282,0.04143,9.057805,0.016029,0.639771,0.8384,4.037,0.9697,8.83079,10,15.544318,0.00342,0.4242,0.2235,0,1,0.009919,0.01239,0.0215,0.02897,0.59974,0,,,,,,,,,,,,,,,,,,,,,,,,,,,,,,,,,,,,,,,,,,,,,,,,,,,,,,,,,,,,,,,,,,,,,,,,,,,,,,,,,,,,,,BEL_data,,2026-09-08
Stoch_Bull_Zone + OBV_Trend_Bull,Stoch_Bull_Zone + OBV_Trend_Bull,combo_2,126,momentum,Bullish,0.8095,0.01417,-0.03715,0.004398,0.14424,2.819,0.00516,0.00033,0.4762,0.961,0.0901,0.00356,125.0,0.00529,0.00921,0.01838,1.969551,0.8175,0.02827,-0.04118,0.015591,0.521498,4.4,0.01625,0.00633,0.4206,1.359,0.0583,0.015894,125.0,0.00885,0.01636,0.02959,11.114181,0.8333,0.03246,-0.0457,0.019435,0.690661,5.155,0.01911,-0.00302,0.381,1.664,0.0509,0.016758,125.0,0.0097,0.02425,0.0336,17.246213,0.013141,0.452133,0.8201,4.124,0.9762,8.818134,15,17.246213,0.00121,0.4259,0.0901,0,1,0.012071,0.0097,0.02425,0.0336,0.7806,0,,,,,,,,,,,,,,,,,,,,,,,,,,,,,,,,,,,,,,,,,,,,,,,,,,,,,,,,,,,,,,,,,,,,,,,,,,,,,,,,,,,,,,BEL_data,,2026-09-08
RSI_Cross50_Up + OBV_Rising,RSI_Cross50_Up + OBV_Rising,combo_2,83,momentum,Bullish,0.7831,0.01936,-0.04349,0.005729,0.189138,2.377,0.00677,-0.00442,0.4458,1.041,0.116,0.006479,83.0,0.00347,0.00926,0.015,1.991974,0.759,0.03756,-0.03891,0.019134,0.54506,4.009,0.02006,0.00859,0.4096,1.473,0.0917,0.018856,83.0,0.00891,0.01271,0.02307,9.680914,0.7831,0.04867,-0.04138,0.029143,0.849636,5.113,0.03077,0.00708,0.3976,1.804,0.1012,0.028782,83.0,0.00941,0.01623,0.02647,19.249164,0.018002,0.527945,0.7751,3.833,0.9759,8.750004,15,19.249164,0.00375,0.4177,0.116,0,1,0.018039,0.00941,0.01623,0.02647,0.95837,0,,,,,,,,,,,,,,,,,,,,,,,,,,,,,,,,,,,,,,,,,,,,,,,,,,,,,,,,,,,,,,,,,,,,,,,,,,,,,,,,,,,,,,BEL_data,,2026-09-08
RSI_Cross50_Up,RSI_Cross50_Up,single,83,momentum,Bullish,0.7831,0.01936,-0.04349,0.005729,0.189138,2.377,0.00677,-0.00442,0.4458,1.041,0.116,0.006479,83.0,0.00347,0.00926,0.015,1.991974,0.759,0.03756,-0.03891,0.019134,0.54506,4.009,0.02006,0.00859,0.4096,1.473,0.0917,0.018856,83.0,0.00891,0.01271,0.02307,9.680914,0.7831,0.04867,-0.04138,0.029143,0.849636,5.113,0.03077,0.00708,0.3976,1.804,0.1012,0.028782,83.0,0.00941,0.01623,0.02647,19.249164,0.018002,0.527945,0.7751,3.833,0.9759,8.750004,15,19.249164,0.00375,0.4177,0.116,0,1,0.018039,0.00941,0.01623,0.02647,0.95837,0,,,,,,,,,,,,,,,,,,,,,,,,,,,,,,,,,,,,,,,,,,,,,,,,,,,,,,,,,,,,,,,,,,,,,,,,,,,,,,,,,,,,,,BEL_data,,2026-09-08
RSI_Bull_Momentum + RSI_Cross50_Up,RSI_Bull_Momentum + RSI_Cross50_Up,combo_2,83,momentum,Bullish,0.7831,0.01936,-0.04349,0.005729,0.189138,2.377,0.00677,-0.00442,0.4458,1.041,0.116,0.006479,83.0,0.00347,0.00926,0.015,1.991974,0.759,0.03756,-0.03891,0.019134,0.54506,4.009,0.02006,0.00859,0.4096,1.473,0.0917,0.018856,83.0,0.00891,0.01271,0.02307,9.680914,0.7831,0.04867,-0.04138,0.029143,0.849636,5.113,0.03077,0.00708,0.3976,1.804,0.1012,0.028782,83.0,0.00941,0.01623,0.02647,19.249164,0.018002,0.527945,0.7751,3.833,0.9759,8.750004,15,19.249164,0.00375,0.4177,0.116,0,1,0.018039,0.00941,0.01623,0.02647,0.95837,0,,,,,,,,,,,,,,,,,,,,,,,,,,,,,,,,,,,,,,,,,,,,,,,,,,,,,,,,,,,,,,,,,,,,,,,,,,,,,,,,,,,,,,BEL_data,,2026-09-08
BB_Expansion_Bull + Stoch_Bull_Zone,BB_Expansion_Bull + Stoch_Bull_Zone,combo_2,18,momentum,Bullish,0.9444,0.00274,-0.106,-0.003298,-0.122318,2.647,-0.00269,-0.00069,0.5556,1.028,0.3147,-0.01011,18.0,0.02415,0.02627,0.02785,-0.953511,0.9444,0.00706,-0.00126,0.006596,0.123029,395.198,0.00674,0.02554,0.6111,1.454,0.2063,0.000489,18.0,0.02539,0.0276,0.03284,3.622515,0.9444,0.03068,-0.02809,0.027418,0.886469,28.666,0.02712,0.01713,0.3889,1.78,0.195,0.010706,18.0,0.02609,0.03027,0.03586,26.101552,0.010238,0.295727,0.9444,142.171,1.0,8.707495,15,26.101552,0.014,0.5185,0.3147,0,1,0.000362,0.02609,0.03027,0.03586,0.20824,0,,,,,,,,,,,,,,,,,,,,,,,,,,,,,,,,,,,,,,,,,,,,,,,,,,,,,,,,,,,,,,,,,,,,,,,,,,,,,,,,,,,,,,BEL_data,,2026-09-08
MACD_Hist_Positive + CMF_Strong_Bull,MACD_Hist_Positive + CMF_Strong_Bull,combo_2,52,momentum,Bullish,0.8462,0.02044,-0.03626,0.011716,0.376373,4.266,0.01201,0.0105,0.4808,0.981,0.1462,0.009638,51.0,0.00587,0.01174,0.0184,6.37421,0.8654,0.01726,-0.04852,0.008402,0.312071,5.012,0.00974,-0.00746,0.4423,1.387,0.1601,0.006207,51.0,0.00913,0.01819,0.02386,6.209554,0.8462,0.03409,-0.05343,0.020629,0.687469,5.295,0.02045,0.00355,0.4231,1.699,0.0969,0.018768,51.0,0.01259,0.02265,0.03007,14.452953,0.013583,0.458638,0.8526,4.858,0.9808,8.675065,15,14.452953,0.0022,0.4487,0.1601,0,1,0.011537,0.01259,0.02265,0.03007,0.49549,0,,,,,,,,,,,,,,,,,,,,,,,,,,,,,,,,,,,,,,,,,,,,,,,,,,,,,,,,,,,,,,,,,,,,,,,,,,,,,,,,,,,,,,BEL_data,,2026-09-08
MACD_Bullish_State + CMF_Strong_Bull,MACD_Bullish_State + CMF_Strong_Bull,combo_2,52,momentum,Bullish,0.8462,0.02044,-0.03626,0.011716,0.376373,4.266,0.01201,0.0105,0.4808,0.981,0.1462,0.009638,51.0,0.00587,0.01174,0.0184,6.37421,0.8654,0.01726,-0.04852,0.008402,0.312071,5.012,0.00974,-0.00746,0.4423,1.387,0.1601,0.006207,51.0,0.00913,0.01819,0.02386,6.209554,0.8462,0.03409,-0.05343,0.020629,0.687469,5.295,0.02045,0.00355,0.4231,1.699,0.0969,0.018768,51.0,0.01259,0.02265,0.03007,14.452953,0.013583,0.458638,0.8526,4.858,0.9808,8.675065,15,14.452953,0.0022,0.4487,0.1601,0,1,0.011537,0.01259,0.02265,0.03007,0.49549,0,,,,,,,,,,,,,,,,,,,,,,,,,,,,,,,,,,,,,,,,,,,,,,,,,,,,,,,,,,,,,,,,,,,,,,,,,,,,,,,,,,,,,,BEL_data,,2026-09-08
RSI_Cross50_Up + MACD_Hist_Rising,RSI_Cross50_Up + MACD_Hist_Rising,combo_2,66,momentum,Bullish,0.803,0.0156,-0.04147,0.00436,0.139461,2.62,0.00538,-0.00557,0.4545,1.014,0.1524,0.005431,66.0,0.00364,0.00921,0.01607,1.536503,0.7576,0.03956,-0.03835,0.020677,0.582271,4.15,0.02109,0.01186,0.4242,1.434,0.1008,0.020412,66.0,0.00716,0.01244,0.0229,10.161224,0.7879,0.04957,-0.04377,0.029769,0.890886,5.123,0.02952,0.00904,0.4242,1.756,0.0738,0.031143,66.0,0.00902,0.01441,0.02634,19.190086,0.018269,0.53754,0.7828,3.965,0.9545,8.553284,15,19.190086,0.00511,0.4343,0.1524,0,1,0.018996,0.00902,0.01441,0.02634,0.8754,0,,,,,,,,,,,,,,,,,,,,,,,,,,,,,,,,,,,,,,,,,,,,,,,,,,,,,,,,,,,,,,,,,,,,,,,,,,,,,,,,,,,,,,BEL_data,,2026-09-08
EMA_Bullish_State + CDL_Engulfing_Bull,EMA_Bullish_State + CDL_Engulfing_Bull,combo_2,34,momentum,Bullish,0.8529,0.02191,-0.02759,0.014631,0.53476,5.846,0.01455,0.00417,0.4118,0.922,0.2013,0.006858,33.0,0.00783,0.01282,0.01586,11.1142,0.8235,0.03415,-0.04586,0.020033,0.729913,4.555,0.02004,0.01232,0.4706,1.304,0.1704,0.012959,33.0,0.0102,0.01449,0.0222,11.821035,0.7647,0.03259,-0.05496,0.011989,0.474537,3.128,0.01214,-0.01829,0.3824,1.597,0.1677,0.011656,33.0,0.0102,0.01449,0.0362,5.277639,0.015551,0.579737,0.8137,4.51,0.9118,8.475009,10,11.821035,-0.0006,0.4216,0.2013,0,1,0.010491,0.0102,0.01449,0.0222,0.57004,0,,,,,,,,,,,,,,,,,,,,,,,,,,,,,,,,,,,,,,,,,,,,,,,,,,,,,,,,,,,,,,,,,,,,,,,,,,,,,,,,,,,,,,BEL_data,,2026-09-08
RSI_Cross50_Up + VWAP_Bull,RSI_Cross50_Up + VWAP_Bull,combo_2,81,momentum,Bullish,0.7778,0.02105,-0.04354,0.006697,0.212487,2.368,0.00775,-0.00442,0.4444,1.035,0.1164,0.007727,81.0,0.00336,0.00924,0.01446,2.21769,0.7531,0.0378,-0.03893,0.018856,0.538173,3.86,0.01975,0.00859,0.4198,1.464,0.0953,0.018755,81.0,0.00884,0.01244,0.02205,9.154584,0.7778,0.04741,-0.04138,0.027679,0.811443,4.852,0.02936,0.00708,0.3951,1.793,0.1064,0.028078,81.0,0.00928,0.01536,0.02566,17.3482,0.017744,0.520701,0.7695,3.693,0.9753,8.265463,15,17.3482,0.00375,0.4198,0.1164,0,1,0.018187,0.00928,0.01536,0.02566,0.96703,0,,,,,,,,,,,,,,,,,,,,,,,,,,,,,,,,,,,,,,,,,,,,,,,,,,,,,,,,,,,,,,,,,,,,,,,,,,,,,,,,,,,,,,BEL_data,,2026-09-08
Stoch_Bull_Zone + CDL_Engulfing_Bull,Stoch_Bull_Zone + CDL_Engulfing_Bull,combo_2,27,momentum,Bullish,0.8519,0.01642,-0.02891,0.009703,0.293501,5.205,0.00962,-0.00375,0.2963,0.98,0.2693,0.002041,26.0,0.00842,0.01245,0.01703,5.09094,0.8148,0.04404,-0.04834,0.026928,0.866282,4.669,0.02693,0.02485,0.4444,1.386,0.1894,0.016145,26.0,0.01108,0.01702,0.02897,13.478977,0.8148,0.03392,-0.06066,0.016401,0.540151,3.708,0.01655,-0.00659,0.3704,1.698,0.2051,0.014486,26.0,0.01108,0.01882,0.03805,6.674828,0.017677,0.566645,0.8272,4.528,0.963,8.23261,10,13.478977,0.00484,0.3704,0.2693,0,1,0.010891,0.01108,0.01702,0.02897,0.5947,0,,,,,,,,,,,,,,,,,,,,,,,,,,,,,,,,,,,,,,,,,,,,,,,,,,,,,,,,,,,,,,,,,,,,,,,,,,,,,,,,,,,,,,BEL_data,,2026-09-08
Stoch_Bull_Zone + CMF_Strong_Bull,Stoch_Bull_Zone + CMF_Strong_Bull,combo_2,49,momentum,Bullish,0.7755,0.0213,-0.04482,0.006456,0.159465,2.35,0.00643,-0.00248,0.449,1.021,0.1405,0.001978,48.0,0.00551,0.00913,0.01224,1.466301,0.8571,0.03082,-0.05222,0.018961,0.566581,5.188,0.01918,0.00187,0.4694,1.444,0.1126,0.022,48.0,0.00985,0.02392,0.03085,11.499816,0.898,0.03418,-0.06711,0.023848,0.760701,6.786,0.02355,0.01213,0.3673,1.769,0.1014,0.025491,48.0,0.01211,0.02421,0.03085,20.195393,0.016422,0.495583,0.8435,4.775,0.8776,8.123967,15,20.195393,0.00384,0.4286,0.1405,0,1,0.016489,0.01211,0.02421,0.03085,0.24584,0,,,,,,,,,,,,,,,,,,,,,,,,,,,,,,,,,,,,,,,,,,,,,,,,,,,,,,,,,,,,,,,,,,,,,,,,,,,,,,,,,,,,,,BEL_data,,2026-09-08
CMF_Positive + Williams_Oversold,CMF_Positive + Williams_Oversold,combo_2,18,momentum,Bullish,0.8889,0.00859,-0.0624,0.000702,-0.052478,3.279,0.00084,-0.01587,0.4444,1.064,0.2438,0.002815,18.0,0.00871,0.01246,0.01948,-0.506741,0.8333,0.03118,-0.04348,0.01874,0.541086,4.422,0.02001,-0.00347,0.3333,1.505,0.3207,0.019458,18.0,0.00871,0.01496,0.02488,7.044782,0.8333,0.05648,-0.03874,0.040613,1.170587,7.982,0.04152,0.02866,0.3889,1.843,0.2764,0.035471,18.0,0.0162,0.02353,0.03872,27.510816,0.020018,0.553065,0.8519,5.228,0.9444,8.040136,15,27.510816,0.00311,0.3889,0.3207,0,1,0.019248,0.0162,0.02353,0.03872,0.45865,0,,,,,,,,,,,,,,,,,,,,,,,,,,,,,,,,,,,,,,,,,,,,,,,,,,,,,,,,,,,,,,,,,,,,,,,,,,,,,,,,,,,,,,BEL_data,,2026-09-08
RSI_Bull_Momentum + CDL_Engulfing_Bull,RSI_Bull_Momentum + CDL_Engulfing_Bull,combo_2,33,momentum,Bullish,0.8182,0.02562,-0.03163,0.015212,0.523864,4.621,0.01513,0.00509,0.4545,0.947,0.1855,0.007541,33.0,0.00641,0.01196,0.01899,8.536617,0.8182,0.03716,-0.04498,0.022224,0.736725,4.567,0.02206,0.00507,0.3939,1.339,0.1733,0.015155,33.0,0.0099,0.01406,0.02201,11.865167,0.7576,0.03494,-0.05496,0.013151,0.502107,3.082,0.01331,-0.0156,0.3636,1.64,0.1702,0.014472,33.0,0.0099,0.01406,0.03652,5.457895,0.016863,0.587565,0.798,4.09,0.9394,7.961173,10,11.865167,-0.00181,0.404,0.1855,0,1,0.012389,0.0099,0.01406,0.02201,0.76345,0,,,,,,,,,,,,,,,,,,,,,,,,,,,,,,,,,,,,,,,,,,,,,,,,,,,,,,,,,,,,,,,,,,,,,,,,,,,,,,,,,,,,,,BEL_data,,2026-09-08
RSI_Bull_Momentum + CDL_Marubozu_Bull,RSI_Bull_Momentum + CDL_Marubozu_Bull,combo_2,11,momentum,Bullish,0.8182,0.04141,-0.04224,0.026203,0.759636,4.412,0.02598,0.02404,0.4545,0.925,0.3435,0.022201,11.0,0.00535,0.01502,0.02527,8.328161,0.8182,0.03979,-0.05894,0.021837,0.508621,3.315,0.02111,0.0051,0.4545,1.308,0.3753,0.022195,11.0,0.00535,0.03506,0.04345,4.189324,0.8182,0.04422,-0.04469,0.028057,0.810122,5.761,0.02798,0.00194,0.4545,1.602,0.3814,0.029069,11.0,0.00535,0.04345,0.04373,11.597491,0.025366,0.692793,0.8182,4.496,1.0,7.73982,15,11.597491,0.01036,0.4545,0.3814,0,1,0.024488,0.00535,0.04345,0.04373,0.76654,0,,,,,,,,,,,,,,,,,,,,,,,,,,,,,,,,,,,,,,,,,,,,,,,,,,,,,,,,,,,,,,,,,,,,,,,,,,,,,,,,,,,,,,BEL_data,,2026-09-08
Golden_Cross_State + Price_Above_SMA50,Golden_Cross_State + Price_Above_SMA50,combo_2,54,trend,Bullish,,,,,,,,,,,,,,,,,,0.7407,0.01495,-0.0446,-0.00049,-0.189758,1.974,-0.00031,-0.01352,0.4259,1.435,0.1346,0.000836,54.0,0.00832,0.01126,0.01732,-1.501128,,,,,,,,,,,,,,,,,,0.023211,0.568828,0.7593,3.565,0.9444,7.675819,30,26.738746,0.00742,0.4198,0.1346,0,1,0.017281,0.01314,0.01819,0.05661,0.97052,0,0.7407,0.05441,-0.05205,0.026808,0.644133,3.393,0.02553,0.01644,0.4259,2.029,0.0944,0.018687,54.0,0.00898,0.01391,0.02349,8.75885,0.7963,0.06889,-0.05667,0.043316,1.25211,5.329,0.04386,0.01934,0.4074,2.485,0.1083,0.03232,54.0,0.01314,0.01819,0.05661,26.738746,,,,,,,,,,,,,,,,,,,,,,,,,,,,,,,,,,,,,,,,,,,,,,,,,,,,BEL_data,,2026-09-08
OBV_Trend_Bull + CDL_Engulfing_Bull,OBV_Trend_Bull + CDL_Engulfing_Bull,combo_2,35,momentum,Bullish,0.8286,0.0202,-0.03152,0.011337,0.442482,3.787,0.01205,0.00509,0.4571,0.911,0.2017,0.00568,34.0,0.00662,0.01217,0.01658,6.004818,0.8286,0.03105,-0.04483,0.018043,0.713129,4.272,0.01926,0.00522,0.4286,1.288,0.1782,0.01256,34.0,0.01049,0.01492,0.0231,10.915965,0.7714,0.03588,-0.05496,0.015116,0.618425,3.281,0.01552,-0.00739,0.4,1.578,0.149,0.016408,34.0,0.01049,0.01492,0.03716,7.271038,0.014832,0.591345,0.8095,3.78,0.9429,7.552117,10,10.915965,0.00097,0.4286,0.2017,0,1,0.011549,0.01049,0.01492,0.0231,0.71247,0,,,,,,,,,,,,,,,,,,,,,,,,,,,,,,,,,,,,,,,,,,,,,,,,,,,,,,,,,,,,,,,,,,,,,,,,,,,,,,,,,,,,,,BEL_data,,2026-09-08
Price_Above_SMA50 + Price_Above_EMA200,Price_Above_SMA50 + Price_Above_EMA200,combo_2,53,trend,Bullish,,,,,,,,,,,,,,,,,,0.7358,0.01703,-0.04462,0.000741,-0.152783,1.973,0.00094,-0.01075,0.434,1.434,0.1346,0.001098,53.0,0.00825,0.01103,0.01666,-1.202574,,,,,,,,,,,,,,,,,,0.023234,0.565609,0.7547,3.496,0.9434,7.440706,30,24.689289,0.0074,0.4277,0.1346,0,1,0.017259,0.01288,0.01807,0.05643,0.97433,0,0.7358,0.05539,-0.05206,0.02701,0.646103,3.371,0.0257,0.01636,0.434,2.028,0.095,0.019249,53.0,0.00892,0.0134,0.02273,8.688804,0.7925,0.06778,-0.05668,0.041951,1.203508,5.143,0.04244,0.01659,0.4151,2.484,0.1122,0.03143,53.0,0.01288,0.01807,0.05643,24.689289,,,,,,,,,,,,,,,,,,,,,,,,,,,,,,,,,,,,,,,,,,,,,,,,,,,,BEL_data,,2026-09-08
CDL_Engulfing_Bull,CDL_Engulfing_Bull,single,47,candle,Bullish,0.8723,0.01892,-0.03086,0.012569,0.436081,5.467,0.01249,0.00379,0.4043,0.941,0.1603,0.005924,46.0,0.00842,0.01362,0.0191,9.229484,,,,,,,,,,,,,,,,,,,,,,,,,,,,,,,,,,,0.009319,0.344173,0.8936,5.622,0.9574,7.171607,3,9.851389,0.00727,0.4894,0.1924,0,1,0.004747,0.00842,0.01246,0.01582,0.14473,0,,,,,,,,,,,,,,,,,,,,,,,,,,,,,,,,,,,0.9149,0.01481,-0.03503,0.010566,0.401882,6.332,0.01166,0.01005,0.4894,0.729,0.1566,0.006497,46.0,0.00842,0.01246,0.01582,9.851389,,,,,,,,,,,,,,,,,,0.8936,0.00827,-0.02413,0.004823,0.194556,5.066,0.00611,0.00797,0.5745,0.595,0.1924,0.001819,46.0,0.0058,0.01119,0.013,3.81567,BEL_data,,2026-09-08
Stoch_Oversold + CMF_Positive,Stoch_Oversold + CMF_Positive,combo_2,16,momentum,Bullish,0.75,0.00867,-0.01405,0.002991,0.19934,4.146,0.00323,0.00751,0.625,1.051,0.2557,0.007338,15.0,0.00668,0.01152,0.02072,2.341318,0.9375,0.02129,-0.04178,0.01735,0.540173,12.4,0.01727,0.00314,0.4375,1.487,0.2663,0.02099,15.0,0.01696,0.02182,0.02782,15.304245,0.875,0.03022,-0.05384,0.019712,0.52355,5.571,0.02053,-0.01209,0.375,1.821,0.3443,0.024435,15.0,0.01805,0.02801,0.04071,8.26407,0.013351,0.421021,0.8542,7.372,0.8125,7.145071,10,15.304245,-0.00048,0.4792,0.3443,0,1,0.017588,0.01696,0.02182,0.02782,0.29383,0,,,,,,,,,,,,,,,,,,,,,,,,,,,,,,,,,,,,,,,,,,,,,,,,,,,,,,,,,,,,,,,,,,,,,,,,,,,,,,,,,,,,,,BEL_data,,2026-09-08
CCI_Exit_Oversold,CCI_Exit_Oversold,single,59,mean_rev,Bullish,0.8305,0.02279,-0.03878,0.012355,0.335619,3.718,0.01374,0.00102,0.4068,0.997,0.1491,0.010749,59.0,0.00738,0.01083,0.01869,5.109163,,,,,,,,,,,,,,,,,,,,,,,,,,,,,,,,,,,0.013402,0.380665,0.8418,4.665,0.9322,6.777481,7,11.121233,0.00695,0.4407,0.1491,0,1,0.012164,0.00738,0.01174,0.02134,0.32673,0,,,,,,,,,,,,,,,,,,,,,,,,,,,,,,,,,,,0.8814,0.01597,-0.03123,0.010374,0.29801,4.933,0.01158,0.01032,0.4915,0.772,0.1278,0.009416,59.0,0.00685,0.00959,0.01647,6.019207,0.8136,0.02868,-0.03141,0.017478,0.508366,5.343,0.01937,0.0095,0.4237,1.18,0.1464,0.016327,59.0,0.00738,0.01174,0.02134,11.121233,,,,,,,,,,,,,,,,,,BEL_data,,2026-09-08
OBV_Rising + Williams_Oversold,OBV_Rising + Williams_Oversold,combo_2,16,momentum,Bullish,0.75,0.02417,-0.02132,0.012798,0.339581,3.949,0.01228,-0.0039,0.4375,1.04,0.2946,0.012947,16.0,0.00323,0.01019,0.01161,3.799117,0.75,0.03303,-0.04081,0.014571,0.501645,2.69,0.01543,0.02585,0.5625,1.471,0.2665,0.010991,16.0,0.01064,0.01172,0.02462,3.823276,0.875,0.05011,-0.06452,0.035785,1.145875,5.731,0.03559,0.04333,0.5625,1.802,0.1689,0.029884,16.0,0.01714,0.03896,0.04911,18.60555,0.021051,0.662367,0.7917,4.123,0.875,6.770571,15,18.60555,0.02176,0.5208,0.2946,0,1,0.017941,0.01714,0.03896,0.04911,0.57185,0,,,,,,,,,,,,,,,,,,,,,,,,,,,,,,,,,,,,,,,,,,,,,,,,,,,,,,,,,,,,,,,,,,,,,,,,,,,,,,,,,,,,,,BEL_data,,2026-09-08
VWAP_Bull + CDL_Marubozu_Bull,VWAP_Bull + CDL_Marubozu_Bull,combo_2,17,momentum,Bullish,0.8235,0.03218,-0.02977,0.021246,0.617061,5.086,0.02101,0.01355,0.4118,0.957,0.2793,0.014598,17.0,0.00527,0.01591,0.0241,9.070824,0.8235,0.03747,-0.04531,0.02286,0.617932,4.256,0.02211,0.0051,0.4706,1.354,0.2535,0.019371,17.0,0.00527,0.02257,0.04177,7.600964,0.7647,0.04176,-0.05541,0.018898,0.513013,3.33,0.01866,0.00194,0.4706,1.658,0.266,0.017475,17.0,0.00527,0.02425,0.04367,4.938203,0.021001,0.582669,0.8039,4.224,0.9412,6.695265,5,9.070824,0.00686,0.451,0.2793,0,1,0.017148,0.00527,0.01591,0.0241,0.73999,0,,,,,,,,,,,,,,,,,,,,,,,,,,,,,,,,,,,,,,,,,,,,,,,,,,,,,,,,,,,,,,,,,,,,,,,,,,,,,,,,,,,,,,BEL_data,,2026-09-08
OBV_Rising + CDL_Marubozu_Bull,OBV_Rising + CDL_Marubozu_Bull,combo_2,17,momentum,Bullish,0.8235,0.03218,-0.02977,0.021246,0.617061,5.086,0.02101,0.01355,0.4118,0.957,0.2793,0.014598,17.0,0.00527,0.01591,0.0241,9.070824,0.8235,0.03747,-0.04531,0.02286,0.617932,4.256,0.02211,0.0051,0.4706,1.354,0.2535,0.019371,17.0,0.00527,0.02257,0.04177,7.600964,0.7647,0.04176,-0.05541,0.018898,0.513013,3.33,0.01866,0.00194,0.4706,1.658,0.266,0.017475,17.0,0.00527,0.02425,0.04367,4.938203,0.021001,0.582669,0.8039,4.224,0.9412,6.695265,5,9.070824,0.00686,0.451,0.2793,0,1,0.017148,0.00527,0.01591,0.0241,0.73999,0,,,,,,,,,,,,,,,,,,,,,,,,,,,,,,,,,,,,,,,,,,,,,,,,,,,,,,,,,,,,,,,,,,,,,,,,,,,,,,,,,,,,,,BEL_data,,2026-09-08
STRAT_Volume_CMF_Bull,Volume_Spike + CMF_Strong_Bull,combo_2,35,momentum,Bullish,0.9143,0.01732,-0.07465,0.00944,0.197013,3.88,0.00986,-0.00086,0.4286,1.011,0.2088,0.009405,35.0,0.01094,0.01437,0.01726,2.739303,0.8857,0.02247,-0.0591,0.013151,0.382448,5.817,0.01446,0.00814,0.4857,1.429,0.1996,0.011677,35.0,0.01181,0.01585,0.02344,7.972766,0.8571,0.0319,-0.05267,0.019821,0.554164,5.982,0.01979,0.02037,0.5143,1.75,0.1376,0.014407,35.0,0.01354,0.0171,0.02971,11.879015,0.014137,0.377875,0.8857,5.226,0.9429,6.672781,15,11.879015,0.00922,0.4762,0.2088,0,1,0.01183,0.01354,0.0171,0.02971,0.18678,0,,,,,,,,,,,,,,,,,,,,,,,,,,,,,,,,,,,,,,,,,,,,,,,,,,,,,,,,,,,,,,,,,,,,,,,,,,,,,,,,,,,,,,BEL_data,,2026-09-08
Golden_Cross_State + CDL_Engulfing_Bull,Golden_Cross_State + CDL_Engulfing_Bull,combo_2,35,trend,Bullish,,,,,,,,,,,,,,,,,,0.8571,0.02526,-0.03823,0.016193,0.708182,5.544,0.01779,0.0116,0.4571,1.269,0.1918,0.01311,35.0,0.01251,0.01576,0.0231,14.068365,,,,,,,,,,,,,,,,,,0.012616,0.545739,0.8095,3.535,0.9143,6.320496,10,14.068365,-0.00439,0.419,0.1951,0,1,0.014485,0.01251,0.01576,0.0231,0.57851,0,0.7714,0.03427,-0.07762,0.008692,0.290441,2.139,0.00888,-0.01774,0.4286,1.795,0.1951,0.014932,35.0,0.01251,0.01576,0.0425,2.22645,0.8,0.03637,-0.08068,0.012961,0.638593,2.922,0.01278,-0.00702,0.3714,2.199,0.1748,0.015413,35.0,0.01251,0.02067,0.0425,6.686529,,,,,,,,,,,,,,,,,,,,,,,,,,,,,,,,,,,,,,,,,,,,,,,,,,,,BEL_data,,2026-09-08
Stoch_Cross_Up,Stoch_Cross_Up,single,183,mean_rev,Bullish,0.8297,0.01787,-0.03479,0.008899,0.283694,3.378,0.00994,0.00564,0.4725,0.965,0.0584,0.007231,181.0,0.0055,0.01022,0.01805,4.997348,,,,,,,,,,,,,,,,,,,,,,,,,,,,,,,,,,,0.009664,0.31321,0.8388,3.736,0.9725,5.934508,7,9.380514,0.0059,0.4689,0.061,0,1,0.007674,0.00877,0.01264,0.02415,0.45345,0,,,,,,,,,,,,,,,,,,,,,,,,,,,,,,,,,,,0.8571,0.01222,-0.02903,0.006328,0.211497,3.783,0.00635,0.00573,0.4835,0.747,0.0496,0.005598,181.0,0.00493,0.00892,0.013,4.17203,0.8297,0.02387,-0.03544,0.013765,0.444437,4.047,0.01466,0.00633,0.4505,1.142,0.061,0.010191,180.0,0.00877,0.01264,0.02415,9.380514,,,,,,,,,,,,,,,,,,BEL_data,,2026-09-08
Stoch_Cross_Up + CDL_Harami_Bull,Stoch_Cross_Up + CDL_Harami_Bull,combo_2,13,mean_rev,Bullish,0.7692,0.03875,-0.04248,0.020007,0.525156,3.291,0.02026,0.02693,0.5385,1.081,0.238,0.018228,13.0,0.00611,0.01405,0.03305,4.560741,,,,,,,,,,,,,,,,,,,,,,,,,,,,,,,,,,,0.019655,0.533757,0.7949,4.412,0.9231,5.736268,3,8.695525,0.02079,0.4872,0.2499,0,1,0.016376,0.00582,0.01165,0.01945,0.69624,0,,,,,,,,,,,,,,,,,,,,,,,,,,,,,,,,,,,0.8462,0.02333,-0.0193,0.016767,0.506924,6.5,0.01605,0.01601,0.4615,0.837,0.1785,0.009674,13.0,0.00582,0.01165,0.01945,8.695525,0.7692,0.04065,-0.03934,0.022191,0.569191,3.444,0.02281,0.01943,0.4615,1.279,0.2499,0.021227,13.0,0.00611,0.01405,0.03305,5.173705,,,,,,,,,,,,,,,,,,BEL_data,,2026-09-08
Stoch_Oversold,Stoch_Oversold,single,52,mean_rev,Bullish,0.9038,0.00603,-0.0329,0.002285,0.128069,5.067,0.00508,0.00751,0.5385,1.025,0.2153,0.003939,51.0,0.01158,0.01776,0.0211,2.576435,,,,,,,,,,,,,,,,,,,,,,,,,,,,,,,,,,,0.00707,0.262517,0.9103,5.578,0.9808,5.702079,7,15.458247,0.00799,0.5,0.2153,0,1,0.006035,0.01384,0.02023,0.0242,0.09215,1,,,,,,,,,,,,,,,,,,,,,,,,,,,,,,,,,,,0.9231,0.00835,-0.04632,0.004146,0.150733,4.014,0.00396,0.00463,0.5,0.794,0.0941,0.002605,51.0,0.00833,0.01446,0.01809,2.402335,0.9038,0.01986,-0.03295,0.014779,0.508749,7.653,0.01786,0.01184,0.4615,1.212,0.1953,0.01156,51.0,0.01384,0.02023,0.0242,15.458247,,,,,,,,,,,,,,,,,,BEL_data,,2026-09-08
VWAP_Bull + CDL_HaramiCross_Bull,VWAP_Bull + CDL_HaramiCross_Bull,combo_2,28,momentum,Bullish,0.7778,0.02419,-0.05078,0.007528,0.192882,2.129,0.00906,0.00377,0.4444,1.027,0.2821,0.008027,27.0,0.00472,0.00681,0.01447,1.382693,0.7407,0.04075,-0.04811,0.017709,0.397695,2.803,0.01824,0.00624,0.3704,1.453,0.2451,0.01934,27.0,0.00516,0.01035,0.02005,3.753755,0.7778,0.0644,-0.05763,0.037279,1.029128,4.532,0.0367,0.00869,0.3704,1.779,0.1692,0.036939,27.0,0.00516,0.01237,0.02231,15.704186,0.020839,0.539902,0.7654,3.155,0.963,5.52262,15,15.704186,0.00623,0.3951,0.2821,0,1,0.021435,0.00516,0.01237,0.02231,0.8917,0,,,,,,,,,,,,,,,,,,,,,,,,,,,,,,,,,,,,,,,,,,,,,,,,,,,,,,,,,,,,,,,,,,,,,,,,,,,,,,,,,,,,,,BEL_data,,2026-09-08
OBV_Rising + CDL_HaramiCross_Bull,OBV_Rising + CDL_HaramiCross_Bull,combo_2,28,momentum,Bullish,0.7778,0.02419,-0.05078,0.007528,0.192882,2.129,0.00906,0.00377,0.4444,1.027,0.2821,0.008027,27.0,0.00472,0.00681,0.01447,1.382693,0.7407,0.04075,-0.04811,0.017709,0.397695,2.803,0.01824,0.00624,0.3704,1.453,0.2451,0.01934,27.0,0.00516,0.01035,0.02005,3.753755,0.7778,0.0644,-0.05763,0.037279,1.029128,4.532,0.0367,0.00869,0.3704,1.779,0.1692,0.036939,27.0,0.00516,0.01237,0.02231,15.704186,0.020839,0.539902,0.7654,3.155,0.963,5.52262,15,15.704186,0.00623,0.3951,0.2821,0,1,0.021435,0.00516,0.01237,0.02231,0.8917,0,,,,,,,,,,,,,,,,,,,,,,,,,,,,,,,,,,,,,,,,,,,,,,,,,,,,,,,,,,,,,,,,,,,,,,,,,,,,,,,,,,,,,,BEL_data,,2026-09-08
EMA_Bullish_State + CDL_HaramiCross_Bull,EMA_Bullish_State + CDL_HaramiCross_Bull,combo_2,22,momentum,Bullish,0.7727,0.02674,-0.05358,0.008484,0.255767,2.028,0.01044,0.00783,0.5,1.041,0.3322,0.006601,22.0,0.00482,0.00681,0.01389,1.626195,0.7273,0.04541,-0.05044,0.01927,0.460749,2.709,0.0198,0.00732,0.3636,1.472,0.2825,0.017636,22.0,0.00548,0.01035,0.02163,3.913216,0.7727,0.06379,-0.05763,0.036195,1.0005,4.483,0.03562,0.00418,0.3182,1.803,0.2052,0.03479,22.0,0.00548,0.01364,0.02289,14.062227,0.021316,0.572338,0.7576,3.073,0.9545,5.264093,15,14.062227,0.00644,0.3939,0.3322,0,1,0.019676,0.00548,0.01364,0.02289,0.89091,0,,,,,,,,,,,,,,,,,,,,,,,,,,,,,,,,,,,,,,,,,,,,,,,,,,,,,,,,,,,,,,,,,,,,,,,,,,,,,,,,,,,,,,BEL_data,,2026-09-08
Stoch_Oversold + OBV_Rising,Stoch_Oversold + OBV_Rising,combo_2,28,momentum,Bullish,0.7857,0.01768,-0.01946,0.009724,0.328561,3.773,0.00925,0.00751,0.4643,0.98,0.2089,0.009499,28.0,0.00927,0.01138,0.01375,4.174258,0.7857,0.0197,-0.04205,0.006467,0.213936,2.721,0.00586,-0.00207,0.4286,1.386,0.1747,0.00428,28.0,0.01068,0.01444,0.01974,1.959941,0.7857,0.04639,-0.0489,0.025967,0.742759,4.012,0.026,0.02277,0.5,1.697,0.1255,0.018533,28.0,0.01099,0.01791,0.03951,10.034444,0.014053,0.428419,0.7857,3.502,1.0,5.05187,15,10.034444,0.0094,0.4643,0.2089,0,1,0.010771,0.01099,0.01791,0.03951,0.87358,0,,,,,,,,,,,,,,,,,,,,,,,,,,,,,,,,,,,,,,,,,,,,,,,,,,,,,,,,,,,,,,,,,,,,,,,,,,,,,,,,,,,,,,BEL_data,,2026-09-08
OBV_Trend_Bull + CDL_Harami_Bull,OBV_Trend_Bull + CDL_Harami_Bull,combo_2,50,momentum,Bullish,0.78,0.01947,-0.03816,0.006788,0.25577,2.49,0.00689,0.00798,0.5,0.975,0.1087,0.005229,50.0,0.00473,0.00901,0.01446,2.504335,0.8,0.01922,-0.04248,0.006879,0.263082,2.904,0.00775,0.00618,0.46,1.378,0.1486,0.006688,50.0,0.00591,0.01476,0.0233,3.003437,0.82,0.03958,-0.05834,0.021957,0.77066,3.822,0.02185,0.01221,0.48,1.688,0.1303,0.015651,50.0,0.00591,0.02005,0.03423,11.58089,0.011875,0.429837,0.8,3.072,0.96,4.984042,15,11.58089,0.00879,0.48,0.1486,0,1,0.009189,0.00591,0.02005,0.03423,0.80869,0,,,,,,,,,,,,,,,,,,,,,,,,,,,,,,,,,,,,,,,,,,,,,,,,,,,,,,,,,,,,,,,,,,,,,,,,,,,,,,,,,,,,,,BEL_data,,2026-09-08
OBV_Trend_Bull + Williams_Oversold,OBV_Trend_Bull + Williams_Oversold,combo_2,19,momentum,Bullish,0.7895,0.02142,-0.02118,0.01245,0.408902,4.218,0.01231,0.01512,0.5263,0.95,0.1818,0.008663,19.0,0.00632,0.00824,0.02058,5.166309,0.7368,0.03844,-0.0374,0.018484,0.605332,3.009,0.02145,0.01777,0.4211,1.344,0.3963,0.014014,19.0,0.00702,0.01054,0.02403,5.457317,0.7368,0.04537,-0.04745,0.020946,0.522515,3.039,0.02278,0.0101,0.3684,1.646,0.376,0.01517,19.0,0.00731,0.0126,0.02403,4.756532,0.017293,0.51225,0.7544,3.422,0.9474,4.974723,10,5.457317,0.01433,0.4386,0.3963,0,1,0.012616,0.00702,0.01054,0.02403,0.84406,0,,,,,,,,,,,,,,,,,,,,,,,,,,,,,,,,,,,,,,,,,,,,,,,,,,,,,,,,,,,,,,,,,,,,,,,,,,,,,,,,,,,,,,BEL_data,,2026-09-08
MACD_Hist_Rising + CDL_Marubozu_Bull,MACD_Hist_Rising + CDL_Marubozu_Bull,combo_2,15,momentum,Bullish,0.8,0.0361,-0.03068,0.022744,0.646487,4.747,0.02251,0.01361,0.4667,0.976,0.2914,0.019388,15.0,0.00523,0.01663,0.0274,8.509109,0.8,0.03631,-0.04594,0.019859,0.460263,3.552,0.01911,-0.00683,0.4,1.381,0.2994,0.021687,15.0,0.00523,0.01663,0.04616,4.533357,0.7333,0.0411,-0.05541,0.015359,0.336928,2.924,0.01512,-0.02891,0.4,1.691,0.303,0.018755,15.0,0.00523,0.01663,0.04616,2.731363,0.019321,0.481226,0.7778,3.741,0.9333,4.658859,5,8.509109,-0.00738,0.4222,0.303,0,1,0.019943,0.00523,0.01663,0.0274,0.81055,0,,,,,,,,,,,,,,,,,,,,,,,,,,,,,,,,,,,,,,,,,,,,,,,,,,,,,,,,,,,,,,,,,,,,,,,,,,,,,,,,,,,,,,BEL_data,,2026-09-08
Price_Above_EMA200 + CDL_Engulfing_Bull,Price_Above_EMA200 + CDL_Engulfing_Bull,combo_2,33,trend,Bullish,,,,,,,,,,,,,,,,,,0.8485,0.0228,-0.03823,0.013554,0.638712,4.92,0.01515,0.00522,0.4242,1.25,0.2154,0.0107,33.0,0.01239,0.01556,0.02201,11.082066,,,,,,,,,,,,,,,,,,0.008796,0.462275,0.798,3.142,0.9091,4.6556,10,11.082066,-0.01004,0.404,0.2329,0,1,0.011557,0.01239,0.01556,0.02201,0.63566,0,0.7576,0.0283,-0.0777,0.002604,0.148673,1.787,0.00279,-0.01823,0.3939,1.768,0.2329,0.010879,33.0,0.01239,0.01556,0.03976,0.936797,0.7879,0.0347,-0.08068,0.010228,0.59944,2.717,0.01005,-0.01713,0.3939,2.166,0.1879,0.013093,33.0,0.01239,0.01801,0.03976,5.74431,,,,,,,,,,,,,,,,,,,,,,,,,,,,,,,,,,,,,,,,,,,,,,,,,,,,BEL_data,,2026-09-08
Stoch_Cross_Up + Williams_Oversold,Stoch_Cross_Up + Williams_Oversold,combo_2,17,mean_rev,Bullish,0.7647,0.03167,-0.01926,0.019688,0.549925,5.557,0.01915,0.00599,0.3529,1.068,0.2326,0.018962,17.0,0.00244,0.01155,0.01616,8.83308,,,,,,,,,,,,,,,,,,,,,,,,,,,,,,,,,,,0.012247,0.340536,0.7647,4.473,1.0,4.402994,7,9.664555,0.00341,0.451,0.2774,0,1,0.012003,0.00508,0.01268,0.02389,0.89174,0,,,,,,,,,,,,,,,,,,,,,,,,,,,,,,,,,,,0.7647,0.00406,-0.02772,-0.003415,-0.106659,2.081,-0.00321,0.00054,0.5294,0.827,0.2774,0.002319,17.0,-0.00111,0.0049,0.01238,-0.641626,0.7647,0.03266,-0.01915,0.020466,0.578342,5.782,0.02091,0.00371,0.4706,1.263,0.2203,0.014729,17.0,0.00508,0.01268,0.02389,9.664555,,,,,,,,,,,,,,,,,,BEL_data,,2026-09-08
MACD_Bullish_State + CDL_Harami_Bull,MACD_Bullish_State + CDL_Harami_Bull,combo_2,25,momentum,Bullish,0.84,0.01725,-0.03554,0.008802,0.396686,3.919,0.00857,0.01851,0.56,0.931,0.1656,0.003512,25.0,0.00768,0.01476,0.0214,5.064624,0.88,0.00878,-0.03119,0.003982,0.212009,5.551,0.00429,0.00613,0.6,1.316,0.2378,0.000386,25.0,0.01434,0.02129,0.02486,3.834561,0.88,0.02188,-0.08158,0.009469,0.379787,3.263,0.01062,0.00562,0.48,1.612,0.2721,0.008825,25.0,0.01434,0.02226,0.03882,4.037548,0.007418,0.329494,0.8667,4.244,0.96,4.374119,5,5.064624,0.01008,0.5467,0.2721,0,1,0.004241,0.00768,0.01476,0.0214,0.48336,0,,,,,,,,,,,,,,,,,,,,,,,,,,,,,,,,,,,,,,,,,,,,,,,,,,,,,,,,,,,,,,,,,,,,,,,,,,,,,,,,,,,,,,BEL_data,,2026-09-08
MACD_Hist_Positive + CDL_Harami_Bull,MACD_Hist_Positive + CDL_Harami_Bull,combo_2,25,momentum,Bullish,0.84,0.01725,-0.03554,0.008802,0.396686,3.919,0.00857,0.01851,0.56,0.931,0.1656,0.003512,25.0,0.00768,0.01476,0.0214,5.064624,0.88,0.00878,-0.03119,0.003982,0.212009,5.551,0.00429,0.00613,0.6,1.316,0.2378,0.000386,25.0,0.01434,0.02129,0.02486,3.834561,0.88,0.02188,-0.08158,0.009469,0.379787,3.263,0.01062,0.00562,0.48,1.612,0.2721,0.008825,25.0,0.01434,0.02226,0.03882,4.037548,0.007418,0.329494,0.8667,4.244,0.96,4.374119,5,5.064624,0.01008,0.5467,0.2721,0,1,0.004241,0.00768,0.01476,0.0214,0.48336,0,,,,,,,,,,,,,,,,,,,,,,,,,,,,,,,,,,,,,,,,,,,,,,,,,,,,,,,,,,,,,,,,,,,,,,,,,,,,,,,,,,,,,,BEL_data,,2026-09-08
RSI_Cross50_Up + Price_Above_SMA20,RSI_Cross50_Up + Price_Above_SMA20,combo_2,57,momentum,Bullish,0.7544,0.01454,-0.03453,0.002489,0.103834,2.053,0.00278,-0.00539,0.4561,1.013,0.128,0.005271,57.0,0.00368,0.00891,0.01406,0.865513,0.7544,0.02403,-0.03116,0.010475,0.258509,3.542,0.00996,0.00522,0.4912,1.432,0.0944,0.010301,57.0,0.00835,0.01284,0.02142,3.718422,0.7895,0.03238,-0.04245,0.016625,0.455367,3.931,0.01642,0.00708,0.4561,1.754,0.098,0.018051,57.0,0.00906,0.01775,0.02528,7.269013,0.009863,0.27257,0.7661,3.176,0.9649,3.391256,15,7.269013,0.00231,0.4678,0.128,0,1,0.011208,0.00906,0.01775,0.02528,0.93482,0,,,,,,,,,,,,,,,,,,,,,,,,,,,,,,,,,,,,,,,,,,,,,,,,,,,,,,,,,,,,,,,,,,,,,,,,,,,,,,,,,,,,,,BEL_data,,2026-09-08
RSI_Bull_Momentum + Stoch_Oversold,RSI_Bull_Momentum + Stoch_Oversold,combo_2,16,momentum,Bullish,0.75,0.00483,-0.04796,-0.00837,-0.197032,0.791,-0.00844,-0.00671,0.5625,1.05,0.3623,-0.005168,15.0,0.00684,0.00928,0.01633,-0.558233,0.75,0.03152,-0.04197,0.013144,0.60449,2.761,0.01343,0.01346,0.5,1.485,0.2889,0.011931,15.0,0.00686,0.01754,0.03059,4.728111,0.75,0.0525,-0.0436,0.028477,1.004788,3.962,0.02967,0.00385,0.375,1.819,0.2976,0.024343,15.0,0.00686,0.01754,0.04229,11.279696,0.011084,0.470749,0.75,2.505,1.0,3.340409,15,11.279696,0.00353,0.4792,0.3623,0,1,0.010369,0.00686,0.01754,0.04229,0.9142,0,,,,,,,,,,,,,,,,,,,,,,,,,,,,,,,,,,,,,,,,,,,,,,,,,,,,,,,,,,,,,,,,,,,,,,,,,,,,,,,,,,,,,,BEL_data,,2026-09-08
CMF_Strong_Bull + CDL_Harami_Bull,CMF_Strong_Bull + CDL_Harami_Bull,combo_2,19,momentum,Bullish,0.7895,0.01797,-0.05162,0.003324,0.067606,2.09,0.00343,0.00377,0.5263,1.03,0.2636,0.006234,19.0,0.00572,0.01226,0.01723,0.423258,0.7895,0.01697,-0.03378,0.006289,0.166668,3.48,0.00748,0.00187,0.4737,1.457,0.3509,0.006529,19.0,0.0092,0.01826,0.02174,1.737752,0.8421,0.04505,-0.08903,0.023882,0.76714,3.739,0.02493,0.00562,0.4737,1.784,0.2574,0.019695,19.0,0.01233,0.02207,0.02398,8.5927,0.011165,0.333805,0.807,3.103,0.9474,2.939735,15,8.5927,0.00375,0.4912,0.3509,0,1,0.01082,0.01233,0.02207,0.02398,0.6955,0,,,,,,,,,,,,,,,,,,,,,,,,,,,,,,,,,,,,,,,,,,,,,,,,,,,,,,,,,,,,,,,,,,,,,,,,,,,,,,,,,,,,,,BEL_data,,2026-09-08
CDL_Harami_Bull,CDL_Harami_Bull,single,85,candle,Bullish,0.8214,0.02596,-0.03718,0.014685,0.441671,4.021,0.0153,0.0105,0.4762,0.984,0.0846,0.01147,84.0,0.00496,0.00907,0.01495,7.910539,,,,,,,,,,,,,,,,,,,,,,,,,,,,,,,,,,,0.006984,0.197137,0.7976,3.153,0.9524,2.637099,5,7.910539,0.00358,0.4603,0.1103,0,1,0.004697,0.00496,0.00907,0.01495,0.78174,0,,,,,,,,,,,,,,,,,,,,,,,,,,,,,,,,,,,0.7738,0.0122,-0.02383,0.004047,0.084068,2.871,0.00448,0.0,0.4643,0.762,0.1103,0.001504,84.0,0.00465,0.00698,0.01005,1.075063,,,,,,,,,,,,,,,,,,0.7976,0.00838,-0.02207,0.002221,0.065673,2.568,0.00224,0.00025,0.4405,0.623,0.0875,0.001116,84.0,0.0037,0.00623,0.00909,0.75123,BEL_data,,2026-09-08
RSI_Cross50_Up + CMF_Positive,RSI_Cross50_Up + CMF_Positive,combo_2,35,momentum,Bullish,0.6286,0.02942,-0.04449,0.001967,-0.00443,1.408,0.00225,-0.00819,0.4857,1.099,0.1967,0.007063,35.0,-0.00124,0.00452,0.00921,-0.022353,0.6571,0.02878,-0.02636,0.009875,0.221944,3.671,0.01026,-0.018,0.3429,1.554,0.1678,0.014633,35.0,0.00707,0.00998,0.01442,2.919566,0.7429,0.03828,-0.03561,0.019276,0.526569,4.524,0.01971,-0.00697,0.3714,1.903,0.1576,0.023277,35.0,0.00948,0.01372,0.0228,8.536111,0.010372,0.248028,0.6762,3.201,0.8857,2.519834,15,8.536111,-0.01105,0.4,0.1967,0,1,0.014991,0.00948,0.01372,0.0228,0.97521,0,,,,,,,,,,,,,,,,,,,,,,,,,,,,,,,,,,,,,,,,,,,,,,,,,,,,,,,,,,,,,,,,,,,,,,,,,,,,,,,,,,,,,,BEL_data,,2026-09-08
Stoch_Oversold + Stoch_Cross_Up,Stoch_Oversold + Stoch_Cross_Up,combo_2,20,mean_rev,Bullish,0.75,0.0254,-0.02264,0.013393,0.426803,3.688,0.0133,0.00911,0.45,1.067,0.2374,0.012574,20.0,0.00865,0.01114,0.01257,4.791919,,,,,,,,,,,,,,,,,,,,,,,,,,,,,,,,,,,0.004269,0.141137,0.75,2.558,1.0,1.099181,5,4.791919,0.00094,0.4667,0.2799,0,1,0.004656,0.00865,0.01114,0.01257,0.92522,0,,,,,,,,,,,,,,,,,,,,,,,,,,,,,,,,,,,0.75,0.00205,-0.03474,-0.007148,-0.163191,1.459,-0.00689,-0.00605,0.55,0.827,0.2522,-0.002359,20.0,0.00297,0.01031,0.01205,-0.724711,0.75,0.01806,-0.02794,0.006561,0.1598,2.528,0.00582,-0.00025,0.4,1.263,0.2799,0.003752,20.0,0.00894,0.01114,0.01652,1.229781,,,,,,,,,,,,,,,,,,BEL_data,,2026-09-08
RSI_Cross50_Up + MACD_Bullish_State,RSI_Cross50_Up + MACD_Bullish_State,combo_2,30,momentum,Bullish,0.7667,0.01611,-0.04471,0.001918,0.158897,1.82,0.0026,-0.00557,0.4667,0.92,0.219,0.005256,30.0,0.00649,0.01029,0.01386,0.99324,0.7333,0.00983,-0.02707,-1.1e-05,-0.018759,3.171,-0.0003,-0.01109,0.4667,1.301,0.211,0.005313,30.0,0.00752,0.01089,0.01737,-0.204282,0.7667,0.02263,-0.04341,0.007224,0.217313,2.998,0.00701,-0.00781,0.4333,1.594,0.2159,0.011822,30.0,0.00896,0.01215,0.02275,2.237493,0.003043,0.11915,0.7556,2.663,0.9667,1.053375,15,2.237493,-0.00816,0.4556,0.219,0,1,0.007464,0.00896,0.01215,0.02275,0.9227,0,,,,,,,,,,,,,,,,,,,,,,,,,,,,,,,,,,,,,,,,,,,,,,,,,,,,,,,,,,,,,,,,,,,,,,,,,,,,,,,,,,,,,,BEL_data,,2026-09-08
RSI_Cross50_Up + MACD_Hist_Positive,RSI_Cross50_Up + MACD_Hist_Positive,combo_2,30,momentum,Bullish,0.7667,0.01611,-0.04471,0.001918,0.158897,1.82,0.0026,-0.00557,0.4667,0.92,0.219,0.005256,30.0,0.00649,0.01029,0.01386,0.99324,0.7333,0.00983,-0.02707,-1.1e-05,-0.018759,3.171,-0.0003,-0.01109,0.4667,1.301,0.211,0.005313,30.0,0.00752,0.01089,0.01737,-0.204282,0.7667,0.02263,-0.04341,0.007224,0.217313,2.998,0.00701,-0.00781,0.4333,1.594,0.2159,0.011822,30.0,0.00896,0.01215,0.02275,2.237493,0.003043,0.11915,0.7556,2.663,0.9667,1.053375,15,2.237493,-0.00816,0.4556,0.219,0,1,0.007464,0.00896,0.01215,0.02275,0.9227,0,,,,,,,,,,,,,,,,,,,,,,,,,,,,,,,,,,,,,,,,,,,,,,,,,,,,,,,,,,,,,,,,,,,,,,,,,,,,,,,,,,,,,,BEL_data,,2026-09-08
STRAT_BB_Stoch_Bull,BB_Lower_Bounce + Stoch_Oversold,combo_2,11,mean_rev,Bullish,1.0,0.01426,0.0,0.014256,0.452612,,0.01419,0.01725,0.5455,0.951,0.2319,0.020594,11.0,0.01238,0.01563,0.01812,1.124698,,,,,,,,,,,,,,,,,,,,,,,,,,,,,,,,,,,0.01327,0.409032,1.0,0.0,1.0,1.016406,7,1.33993,0.01197,0.4242,0.3102,0,1,0.014569,0.01238,0.01563,0.01812,0.15622,0,,,,,,,,,,,,,,,,,,,,,,,,,,,,,,,,,,,1.0,0.00927,0.0,0.009271,0.235256,,0.00946,0.00366,0.3636,0.737,0.3102,0.008745,11.0,0.01238,0.01563,0.01611,0.584589,1.0,0.01628,0.0,0.016284,0.539228,,0.01614,0.01501,0.3636,1.125,0.2593,0.014368,11.0,0.01238,0.01563,0.01812,1.33993,,,,,,,,,,,,,,,,,,BEL_data,,2026-09-08
BB_Lower_Bounce + Stoch_Oversold,BB_Lower_Bounce + Stoch_Oversold,combo_2,11,mean_rev,Bullish,1.0,0.01426,0.0,0.014256,0.452612,,0.01419,0.01725,0.5455,0.951,0.2319,0.020594,11.0,0.01238,0.01563,0.01812,1.124698,,,,,,,,,,,,,,,,,,,,,,,,,,,,,,,,,,,0.01327,0.409032,1.0,0.0,1.0,1.016406,7,1.33993,0.01197,0.4242,0.3102,0,1,0.014569,0.01238,0.01563,0.01812,0.15622,0,,,,,,,,,,,,,,,,,,,,,,,,,,,,,,,,,,,1.0,0.00927,0.0,0.009271,0.235256,,0.00946,0.00366,0.3636,0.737,0.3102,0.008745,11.0,0.01238,0.01563,0.01611,0.584589,1.0,0.01628,0.0,0.016284,0.539228,,0.01614,0.01501,0.3636,1.125,0.2593,0.014368,11.0,0.01238,0.01563,0.01812,1.33993,,,,,,,,,,,,,,,,,,BEL_data,,2026-09-08
CDL_DragonFlyDoji,CDL_DragonFlyDoji,single,13,candle,Bullish,1.0,0.01125,0.0,0.011254,0.36077,,0.01111,0.01,0.4615,0.97,0.2759,0.016023,13.0,0.01338,0.0167,0.02237,0.952094,,,,,,,,,,,,,,,,,,,,,,,,,,,,,,,,,,,0.009472,0.307654,1.0,0.0,1.0,0.811918,5,0.952094,0.00528,0.4615,0.337,0,1,0.01201,0.01338,0.0167,0.02237,0.11042,0,,,,,,,,,,,,,,,,,,,,,,,,,,,,,,,,,,,1.0,0.00701,0.0,0.007007,0.205976,,0.00736,0.00585,0.4615,0.752,0.307,0.009481,13.0,0.01261,0.01349,0.01739,0.543581,,,,,,,,,,,,,,,,,,1.0,0.01015,0.0,0.010154,0.356217,,0.01038,0.0,0.4615,0.614,0.337,0.010525,13.0,0.01261,0.01349,0.01523,0.940078,BEL_data,,2026-09-08
CDL_HaramiCross_Bull,CDL_HaramiCross_Bull,single,29,candle,Bullish,0.7857,0.02274,-0.05073,0.006993,0.171777,2.125,0.00853,4e-05,0.4286,1.011,0.2821,0.007793,28.0,0.00473,0.00693,0.01366,1.241408,,,,,,,,,,,,,,,,,,,,,,,,,,,,,,,,,,,0.003741,0.102942,0.7381,1.9,0.9286,0.617693,5,1.241408,-0.00192,0.4286,0.2821,0,1,0.003866,0.00473,0.00693,0.01366,0.87006,0,,,,,,,,,,,,,,,,,,,,,,,,,,,,,,,,,,,0.7143,0.01967,-0.03487,0.004089,0.131343,1.8,0.00516,0.00151,0.4643,0.783,0.2793,0.00357,28.0,0.00457,0.00542,0.00857,0.804053,,,,,,,,,,,,,,,,,,0.7143,0.0085,-0.02076,0.000142,0.005704,1.775,1e-05,-0.00732,0.3929,0.639,0.2281,0.000236,28.0,0.00255,0.0047,0.00805,0.034438,BEL_data,,2026-09-08
CDL_Harami_Bull + CDL_HaramiCross_Bull,CDL_Harami_Bull + CDL_HaramiCross_Bull,combo_2,29,candle,Bullish,0.7857,0.02274,-0.05073,0.006993,0.171777,2.125,0.00853,4e-05,0.4286,1.011,0.2821,0.007793,28.0,0.00473,0.00693,0.01366,1.241408,,,,,,,,,,,,,,,,,,,,,,,,,,,,,,,,,,,0.003741,0.102942,0.7381,1.9,0.9286,0.617693,5,1.241408,-0.00192,0.4286,0.2821,0,1,0.003866,0.00473,0.00693,0.01366,0.87006,0,,,,,,,,,,,,,,,,,,,,,,,,,,,,,,,,,,,0.7143,0.01967,-0.03487,0.004089,0.131343,1.8,0.00516,0.00151,0.4643,0.783,0.2793,0.00357,28.0,0.00457,0.00542,0.00857,0.804053,,,,,,,,,,,,,,,,,,0.7143,0.0085,-0.02076,0.000142,0.005704,1.775,1e-05,-0.00732,0.3929,0.639,0.2281,0.000236,28.0,0.00255,0.0047,0.00805,0.034438,BEL_data,,2026-09-08
OBV_Trend_Bull + CDL_Marubozu_Bull,OBV_Trend_Bull + CDL_Marubozu_Bull,combo_2,11,momentum,Bullish,0.7273,0.02019,-0.0325,0.005817,0.07916,1.802,0.00458,0.00952,0.6364,0.845,0.2732,0.003099,11.0,0.00515,0.00535,0.01502,0.354383,0.7273,0.01985,-0.04721,0.001561,-0.012428,1.352,0.00091,-0.00683,0.4545,1.196,0.2998,0.010028,11.0,0.00515,0.00535,0.03506,-0.041747,0.7273,0.01204,-0.05178,-0.005362,-0.16312,1.373,-0.00545,-0.02891,0.4545,1.464,0.2405,0.004837,11.0,0.00515,0.00535,0.04345,-0.556524,0.000672,-0.032129,0.7273,1.509,1.0,-0.120459,5,0.354383,-0.00874,0.5152,0.2998,0,1,0.005988,0.00515,0.00535,0.01502,0.92523,0,,,,,,,,,,,,,,,,,,,,,,,,,,,,,,,,,,,,,,,,,,,,,,,,,,,,,,,,,,,,,,,,,,,,,,,,,,,,,,,,,,,,,,BEL_data,,2026-09-08
RSI_Cross50_Up + OBV_Trend_Bull,RSI_Cross50_Up + OBV_Trend_Bull,combo_2,55,momentum,Bullish,0.7455,0.01036,-0.04452,-0.003606,-0.098097,1.281,-0.00299,-0.00539,0.4727,1.025,0.119,0.000409,55.0,0.00392,0.00913,0.01116,-0.505649,0.6909,0.01446,-0.03836,-0.001862,-0.118432,1.732,-0.00205,-0.00957,0.4,1.449,0.1167,0.0047,55.0,0.00811,0.01,0.01464,-0.825682,0.7273,0.02053,-0.04278,0.00326,0.036607,2.025,0.00334,-0.00697,0.4,1.775,0.1458,0.009179,55.0,0.00899,0.01268,0.01959,0.298463,-0.000736,-0.059974,0.7212,1.679,0.9455,-0.383299,15,0.298463,-0.00731,0.4242,0.1458,0,1,0.004763,0.00899,0.01268,0.01959,0.98486,0,,,,,,,,,,,,,,,,,,,,,,,,,,,,,,,,,,,,,,,,,,,,,,,,,,,,,,,,,,,,,,,,,,,,,,,,,,,,,,,,,,,,,,BEL_data,,2026-09-08
Stoch_Oversold + OBV_Trend_Bull,Stoch_Oversold + OBV_Trend_Bull,combo_2,18,momentum,Bullish,0.8889,-0.00752,-0.00967,-0.007756,-0.197795,5.148,-0.00802,-0.00532,0.5556,1.003,0.2366,0.001029,18.0,0.0119,0.01474,0.01916,-2.998152,0.9444,-0.00215,-0.04178,-0.004349,-0.080942,6.124,-0.00548,-0.00215,0.5556,1.419,0.3293,0.004808,18.0,0.0168,0.02009,0.02318,-1.459411,0.8889,0.01706,-0.08037,0.006236,0.122879,3.222,0.00652,-0.01209,0.3889,1.738,0.2817,0.013317,18.0,0.0168,0.0244,0.0291,1.165782,-0.001956,-0.051952,0.9074,4.831,0.9444,-0.697974,15,1.165782,-0.00652,0.5,0.3293,0,1,0.006385,0.0168,0.0244,0.0291,0.23285,0,,,,,,,,,,,,,,,,,,,,,,,,,,,,,,,,,,,,,,,,,,,,,,,,,,,,,,,,,,,,,,,,,,,,,,,,,,,,,,,,,,,,,,BEL_data,,2026-09-08
CCI_Exit_Overbought + Williams_Overbought,CCI_Exit_Overbought + Williams_Overbought,combo_2,18,mean_rev,Bearish,0.8333,0.02495,-0.01808,0.017779,,7.654,-0.01827,-0.00799,0.3889,0.955,0.2497,0.016207,18.0,0.0084,0.01634,0.01904,0.400684,,,,,,,,,,,,,,,,,,,,,,,,,,,,,,,,,,,0.016975,,0.8519,11.884,0.9444,0.472038,7,0.490586,-0.00465,0.3704,0.3566,0,1,0.014647,0.0084,0.01634,0.01909,0.10336,0,,,,,,,,,,,,,,,,,,,,,,,,,,,,,,,,,,,0.8889,0.01705,-0.00847,0.014211,,19.198,-0.01464,-0.00615,0.3333,0.74,0.3566,0.009559,18.0,0.0069,0.00829,0.0153,0.418425,0.8333,0.02634,-0.0181,0.018934,,8.8,-0.01919,0.0002,0.3889,1.13,0.2436,0.018176,18.0,0.0084,0.01634,0.01909,0.490586,,,,,,,,,,,,,,,,,,BEL_data,,
RSI_Cross50_Down + EMA_Bearish_State,RSI_Cross50_Down + EMA_Bearish_State,combo_2,16,momentum,Bearish,0.875,0.0262,-0.01629,0.020887,,11.387,-0.02085,-0.01639,0.4375,0.924,0.2354,0.005716,16.0,0.00828,0.01844,0.02326,0.591782,0.875,0.01854,-0.01474,0.01438,,11.108,-0.01447,-0.00778,0.4375,1.306,0.2616,-0.007766,16.0,0.01358,0.02234,0.04247,0.407426,0.9375,0.01458,-0.03269,0.011625,,12.583,-0.01255,-0.01694,0.5625,1.6,0.2799,-0.013942,16.0,0.02326,0.03899,0.06154,0.329365,0.015631,,0.8958,11.693,0.9375,0.415179,5,0.591782,-0.0137,0.4792,0.2799,0,1,-0.005331,0.00828,0.01844,0.02326,0.07369,1,,,,,,,,,,,,,,,,,,,,,,,,,,,,,,,,,,,,,,,,,,,,,,,,,,,,,,,,,,,,,,,,,,,,,,,,,,,,,,,,,,,,,,BEL_data,,
CDL_EveningStar,CDL_EveningStar,single,12,candle,Bearish,0.8333,0.0253,-0.0308,0.015946,,4.5,-0.01563,-0.01159,0.5,1.036,0.2663,0.011914,12.0,0.00682,0.01224,0.02339,0.184071,,,,,,,,,,,,,,,,,,,,,,,,,,,,,,,,,,,0.012687,,0.8611,13.891,0.9167,0.298306,3,0.201438,-0.00944,0.5,0.2829,0,1,0.010533,0.00682,0.01224,0.02339,0.11422,0,,,,,,,,,,,,,,,,,,,,,,,,,,,,,,,,,,,0.8333,0.02326,-0.02621,0.015015,,5.23,-0.01457,-0.01147,0.5,0.803,0.2315,0.012731,12.0,0.00682,0.01224,0.02339,0.201438,,,,,,,,,,,,,,,,,,0.9167,0.00813,-0.00426,0.007101,,31.942,-0.00712,-0.00526,0.5,0.655,0.2829,0.006954,12.0,0.00682,0.01224,0.01801,0.18213,BEL_data,,
OBV_Trend_Bear + CCI_Exit_Overbought,OBV_Trend_Bear + CCI_Exit_Overbought,combo_2,12,momentum,Bearish,0.8333,0.01837,-0.04397,0.00798,,2.748,-0.008,-0.01839,0.5833,1.097,0.2656,0.006161,12.0,0.00831,0.02571,0.03412,0.056248,0.8333,0.01603,-0.03815,0.007003,,4.161,-0.00728,-0.00357,0.5,1.551,0.3416,0.010448,12.0,0.00898,0.03395,0.04542,0.074751,0.8333,0.02206,-0.07344,0.006141,,2.639,-0.00638,-0.01,0.5,1.9,0.3041,0.012232,12.0,0.00898,0.03395,0.04542,0.041562,0.007041,,0.8333,3.183,1.0,0.057482,10,0.074751,-0.01065,0.5278,0.3416,0,1,0.009614,0.00898,0.03395,0.04542,0.36625,0,,,,,,,,,,,,,,,,,,,,,,,,,,,,,,,,,,,,,,,,,,,,,,,,,,,,,,,,,,,,,,,,,,,,,,,,,,,,,,,,,,,,,,BEL_data,,
MACD_Bearish_State + CCI_Overbought,MACD_Bearish_State + CCI_Overbought,combo_2,22,momentum,Bearish,0.7727,0.00756,-0.02315,0.000578,,2.31,-0.00112,-0.00275,0.5455,0.836,0.2711,0.002751,22.0,0.00088,0.00524,0.01712,0.004185,0.9091,0.0072,-0.05991,0.001099,,3.471,-0.00083,-0.00447,0.5909,1.182,0.2204,-0.00083,22.0,0.01905,0.0228,0.0258,0.011964,0.9091,0.00825,-0.05763,0.002265,,4.725,-0.00216,-0.00298,0.5455,1.448,0.1524,0.000391,22.0,0.02086,0.02578,0.02858,0.033559,0.001314,,0.8636,3.502,0.8636,0.012462,15,0.033559,-0.0034,0.5606,0.2711,0,1,0.000771,0.02086,0.02578,0.02858,0.05964,1,,,,,,,,,,,,,,,,,,,,,,,,,,,,,,,,,,,,,,,,,,,,,,,,,,,,,,,,,,,,,,,,,,,,,,,,,,,,,,,,,,,,,,BEL_data,,
MACD_Hist_Negative + CCI_Overbought,MACD_Hist_Negative + CCI_Overbought,combo_2,22,momentum,Bearish,0.7727,0.00756,-0.02315,0.000578,,2.31,-0.00112,-0.00275,0.5455,0.836,0.2711,0.002751,22.0,0.00088,0.00524,0.01712,0.004185,0.9091,0.0072,-0.05991,0.001099,,3.471,-0.00083,-0.00447,0.5909,1.182,0.2204,-0.00083,22.0,0.01905,0.0228,0.0258,0.011964,0.9091,0.00825,-0.05763,0.002265,,4.725,-0.00216,-0.00298,0.5455,1.448,0.1524,0.000391,22.0,0.02086,0.02578,0.02858,0.033559,0.001314,,0.8636,3.502,0.8636,0.012462,15,0.033559,-0.0034,0.5606,0.2711,0,1,0.000771,0.02086,0.02578,0.02858,0.05964,1,,,,,,,,,,,,,,,,,,,,,,,,,,,,,,,,,,,,,,,,,,,,,,,,,,,,,,,,,,,,,,,,,,,,,,,,,,,,,,,,,,,,,,BEL_data,,
Stoch_Cross_Down + CCI_Exit_Overbought,Stoch_Cross_Down + CCI_Exit_Overbought,combo_2,20,mean_rev,Bearish,0.7,0.01761,-0.02714,0.004185,,2.179,-0.00509,-0.00974,0.5,0.896,0.2834,0.007685,20.0,0.00181,0.00649,0.01059,0.027758,,,,,,,,,,,,,,,,,,,,,,,,,,,,,,,,,,,0.001745,,0.7167,1.944,0.95,0.00981,5,0.027758,-0.00194,0.4833,0.3543,0,1,0.004391,0.00181,0.00649,0.01059,0.5502,0,,,,,,,,,,,,,,,,,,,,,,,,,,,,,,,,,,,0.75,0.01067,-0.02755,0.001112,,1.767,-0.00155,-0.00374,0.55,0.694,0.3187,0.004005,20.0,0.00181,0.00581,0.00791,0.005982,0.7,0.01203,-0.02828,-6.3e-05,,1.887,-0.00052,0.00766,0.4,1.06,0.3543,0.001484,20.0,0.00181,0.00649,0.01059,-0.00036,,,,,,,,,,,,,,,,,,BEL_data,,
CCI_Exit_Overbought,CCI_Exit_Overbought,single,76,mean_rev,Bearish,0.7895,0.01252,-0.04025,0.001412,,1.982,-0.00136,-0.00155,0.5,0.971,0.0813,0.002302,75.0,0.00254,0.00851,0.01896,0.012161,,,,,,,,,,,,,,,,,,,,,,,,,,,,,,,,,,,0.000657,,0.8026,2.113,0.9605,0.005788,5,0.012161,-0.00025,0.5175,0.1128,0,1,0.001026,0.00254,0.00851,0.01896,0.0319,1,,,,,,,,,,,,,,,,,,,,,,,,,,,,,,,,,,,0.8289,0.00905,-0.03982,0.000693,,1.972,-0.00105,-0.00428,0.6053,0.752,0.1128,0.001641,75.0,0.00231,0.00733,0.01399,0.005938,0.7895,0.01082,-0.04121,-0.000136,,2.385,0.00063,0.00508,0.4474,1.149,0.0745,-0.000864,75.0,0.00254,0.00851,0.01983,-0.001408,,,,,,,,,,,,,,,,,,BEL_data,,
BB_Upper_Reject + Stoch_Cross_Down,BB_Upper_Reject + Stoch_Cross_Down,combo_2,24,mean_rev,Bearish,0.7083,0.00884,-0.03399,-0.00365,,1.287,0.00367,0.00095,0.5417,0.968,0.29,0.003476,24.0,0.00029,0.00259,0.0103,-0.015122,,,,,,,,,,,,,,,,,,,,,,,,,,,,,,,,,,,0.000184,,0.6806,1.541,0.9583,0.000876,7,0.021934,0.00283,0.4722,0.29,0,1,0.005232,0.00029,0.00493,0.01228,0.73666,0,,,,,,,,,,,,,,,,,,,,,,,,,,,,,,,,,,,0.6667,0.01049,-0.02008,0.000301,,1.59,-0.00025,0.00654,0.4583,0.75,0.1949,0.005878,24.0,-0.00093,0.00201,0.00598,0.001539,0.6667,0.02255,-0.0334,0.003902,,1.746,-0.00428,0.001,0.4167,1.146,0.2419,0.006343,24.0,0.00029,0.00493,0.01228,0.021934,,,,,,,,,,,,,,,,,,BEL_data,,
RSI_Bear_Momentum + EMA_Bearish_State,RSI_Bear_Momentum + EMA_Bearish_State,combo_2,29,momentum,Bearish,0.7931,0.01732,-0.04254,0.004933,,1.981,-0.00513,-0.00372,0.4828,0.964,0.1824,-3.3e-05,29.0,-0.00276,0.00923,0.01538,0.033237,0.8276,0.00932,-0.03428,0.001802,,2.649,-0.0014,-0.00199,0.5172,1.364,0.1979,-0.007258,29.0,0.00634,0.02078,0.02542,0.016233,0.8966,0.00039,-0.06542,-0.006414,,2.786,0.0061,0.01261,0.4483,1.67,0.2147,-0.017268,29.0,0.01526,0.02375,0.03845,-0.060769,0.000107,,0.8391,2.472,0.8966,0.000808,5,0.033237,0.0023,0.4828,0.2147,0,1,-0.008186,-0.00276,0.00923,0.01538,0.05594,1,,,,,,,,,,,,,,,,,,,,,,,,,,,,,,,,,,,,,,,,,,,,,,,,,,,,,,,,,,,,,,,,,,,,,,,,,,,,,,,,,,,,,,BEL_data,,
Stoch_Overbought + OBV_Trend_Bear,Stoch_Overbought + OBV_Trend_Bear,combo_2,17,momentum,Bearish,0.7059,0.02571,-0.03882,0.006728,,1.867,-0.00699,-0.00047,0.4706,1.106,0.2624,0.010757,17.0,0.00463,0.00869,0.01111,0.036302,0.7647,0.02314,-0.06237,0.003021,,1.721,-0.00355,-0.01979,0.5882,1.564,0.2521,0.01233,17.0,0.00463,0.01136,0.02827,0.015022,0.7647,-0.00174,-0.04611,-0.01218,,1.765,0.01249,0.01576,0.4706,1.915,0.2763,0.001817,17.0,0.00463,0.01136,0.02827,-0.062138,-0.00081,,0.7451,1.784,0.9412,-0.003934,5,0.036302,-0.0015,0.5098,0.2763,0,1,0.008301,0.00463,0.00869,0.01111,0.5753,0,,,,,,,,,,,,,,,,,,,,,,,,,,,,,,,,,,,,,,,,,,,,,,,,,,,,,,,,,,,,,,,,,,,,,,,,,,,,,,,,,,,,,,BEL_data,,
EMA_Bearish_State + CCI_Overbought,EMA_Bearish_State + CCI_Overbought,combo_2,14,momentum,Bearish,0.7857,0.01523,-0.05805,-0.00047,,1.801,0.00085,0.00336,0.5,0.968,0.3192,-0.0052,14.0,0.00423,0.00941,0.01026,-0.002292,0.7857,0.02768,-0.09792,0.000762,,1.659,-0.00026,-0.02395,0.5714,1.368,0.2502,-0.001522,14.0,0.00423,0.00972,0.02084,0.003426,0.7857,0.01604,-0.08363,-0.005318,,1.773,0.0062,0.00294,0.5,1.676,0.2814,-0.004375,14.0,0.00927,0.01328,0.02134,-0.02553,-0.001675,,0.7857,1.744,1.0,-0.007914,10,0.003426,-0.00588,0.5238,0.3192,0,1,-0.003699,0.00423,0.00972,0.02084,0.49389,0,,,,,,,,,,,,,,,,,,,,,,,,,,,,,,,,,,,,,,,,,,,,,,,,,,,,,,,,,,,,,,,,,,,,,,,,,,,,,,,,,,,,,,BEL_data,,
CDL_GravestoneDoji,CDL_GravestoneDoji,single,17,candle,Bearish,0.7647,0.00447,-0.03946,-0.00587,,1.172,0.0055,-0.00532,0.6471,1.049,0.2634,-0.003545,17.0,0.00293,0.01186,0.01192,-0.019892,,,,,,,,,,,,,,,,,,,,,,,,,,,,,,,,,,,-0.003575,,0.7059,1.005,0.8824,-0.009167,2,-0.005604,-0.00316,0.6275,0.3126,0,1,-0.002497,0.00031,0.00347,0.00579,0.54304,0,,,,,,,,,,,,,,,,,,,,,,,,,,,,,,,,,,,0.7059,0.01005,-0.03404,-0.002916,,0.89,0.00318,-0.00208,0.5882,0.812,0.2257,-0.001114,17.0,0.00031,0.004,0.01045,-0.008428,,,,,,,,,,,,,,,,,,0.6471,0.00859,-0.02124,-0.001939,,0.954,0.0016,-0.00209,0.6471,0.663,0.3126,-0.002831,17.0,0.00031,0.00347,0.00579,-0.005604,BEL_data,,
Stoch_Cross_Down + CDL_Engulfing_Bear,Stoch_Cross_Down + CDL_Engulfing_Bear,combo_2,27,mean_rev,Bearish,0.8148,0.00907,-0.03825,0.000305,,1.854,-0.00131,-0.00424,0.5556,0.892,0.3205,0.003117,27.0,0.00059,0.01512,0.02024,0.001882,,,,,,,,,,,,,,,,,,,,,,,,,,,,,,,,,,,-0.001889,,0.8025,1.666,0.963,-0.010097,5,0.001882,0.00013,0.5432,0.3205,0,1,0.000434,0.00059,0.01512,0.02024,0.26307,0,,,,,,,,,,,,,,,,,,,,,,,,,,,,,,,,,,,0.7778,0.00244,-0.02347,-0.003318,,1.312,0.0031,0.00098,0.5926,0.691,0.2162,-0.002356,27.0,0.00059,0.00563,0.01507,-0.014507,0.8148,0.00644,-0.04267,-0.002652,,1.832,0.00241,0.00366,0.4815,1.056,0.2681,0.000542,27.0,0.00059,0.01512,0.02024,-0.01619,,,,,,,,,,,,,,,,,,BEL_data,,
EMA_Bearish_State + BB_Upper_Touch,EMA_Bearish_State + BB_Upper_Touch,combo_2,10,momentum,Bearish,0.8,0.00958,-0.04294,-0.000922,,1.922,0.00125,0.01673,0.4,0.877,0.3998,-0.003439,10.0,0.00681,0.00864,0.00956,-0.004251,0.8,0.02562,-0.08369,0.003759,,1.46,-0.00213,-0.01768,0.7,1.24,0.2864,0.001799,10.0,0.00681,0.01515,0.01834,0.013165,0.8,-0.00057,-0.06451,-0.013362,,1.429,0.01321,0.02766,0.4,1.519,0.3965,-0.002864,10.0,0.00681,0.01515,0.02309,-0.045791,-0.003508,,0.8,1.604,1.0,-0.013493,10,0.013165,0.0089,0.5,0.3998,0,1,-0.001501,0.00681,0.01515,0.01834,0.50222,0,,,,,,,,,,,,,,,,,,,,,,,,,,,,,,,,,,,,,,,,,,,,,,,,,,,,,,,,,,,,,,,,,,,,,,,,,,,,,,,,,,,,,,BEL_data,,
CCI_Exit_Overbought + CDL_Engulfing_Bear,CCI_Exit_Overbought + CDL_Engulfing_Bear,combo_2,16,mean_rev,Bearish,0.6875,0.01034,-0.02861,-0.001833,,1.281,0.0024,-0.00233,0.5625,0.945,0.2691,0.000712,16.0,0.00249,0.00556,0.01171,-0.00665,,,,,,,,,,,,,,,,,,,,,,,,,,,,,,,,,,,-0.005893,,0.7083,1.009,0.9375,-0.015795,5,-0.00665,0.00261,0.5625,0.3943,0,1,-0.002584,0.00249,0.00556,0.01171,0.57058,0,,,,,,,,,,,,,,,,,,,,,,,,,,,,,,,,,,,0.75,0.00076,-0.02905,-0.006693,,0.848,0.00645,0.00358,0.5,0.732,0.3943,-0.005838,16.0,0.00249,0.00373,0.00704,-0.018962,0.6875,0.0024,-0.03457,-0.009154,,0.899,0.01016,0.00659,0.625,1.119,0.3682,-0.002626,16.0,0.00249,0.00556,0.01171,-0.025936,,,,,,,,,,,,,,,,,,BEL_data,,
BB_Upper_Reject + Williams_Overbought,BB_Upper_Reject + Williams_Overbought,combo_2,35,mean_rev,Bearish,0.6857,0.00714,-0.03902,-0.007371,,1.089,0.00695,0.00862,0.4857,0.926,0.1895,-0.000227,35.0,-0.00158,0.00124,0.00739,-0.028766,,,,,,,,,,,,,,,,,,,,,,,,,,,,,,,,,,,-0.004883,,0.6476,1.025,0.9429,-0.016905,7,0.002012,0.00728,0.4952,0.1895,0,1,0.001008,-0.00074,0.00433,0.00876,0.8325,0,,,,,,,,,,,,,,,,,,,,,,,,,,,,,,,,,,,0.6286,0.00168,-0.02364,-0.007727,,0.731,0.00797,0.00768,0.5143,0.717,0.1611,-0.002939,35.0,-0.00172,-0.00036,0.00545,-0.027689,0.6286,0.02906,-0.04797,0.000448,,1.254,-0.00043,0.00554,0.4857,1.096,0.1685,0.006191,35.0,-0.00074,0.00433,0.00876,0.002012,,,,,,,,,,,,,,,,,,BEL_data,,
CDL_ShootingStar,CDL_ShootingStar,single,15,candle,Bearish,0.7333,0.00472,-0.06556,-0.014023,,0.486,0.01438,0.00873,0.6,1.002,0.2523,-0.013601,15.0,0.0014,0.00974,0.01643,-0.038879,,,,,,,,,,,,,,,,,,,,,,,,,,,,,,,,,,,-0.005062,,0.7556,1.568,0.9333,-0.020536,2,0.010729,-0.00084,0.5556,0.2523,0,1,-0.007155,0.00077,0.00225,0.01164,0.40398,0,,,,,,,,,,,,,,,,,,,,,,,,,,,,,,,,,,,0.8,0.00504,-0.03328,-0.002622,,1.562,0.00302,-0.00803,0.5333,0.776,0.2213,-0.005204,15.0,0.0014,0.00974,0.01256,-0.011356,,,,,,,,,,,,,,,,,,0.7333,0.00574,-0.01032,0.001458,,2.654,-0.00133,-0.00321,0.5333,0.633,0.1982,-0.002659,15.0,0.00077,0.00225,0.01164,0.010729,BEL_data,,
BB_Upper_Reject,BB_Upper_Reject,single,62,mean_rev,Bearish,0.7097,0.00844,-0.04081,-0.005858,,1.181,0.00612,0.00486,0.5,0.95,0.1046,-1.4e-05,62.0,-0.00083,0.00266,0.00822,-0.028665,,,,,,,,,,,,,,,,,,,,,,,,,,,,,,,,,,,-0.005774,,0.6828,1.072,0.9516,-0.024396,7,-0.01915,0.00515,0.4839,0.1105,0,1,-0.001055,-0.00053,0.00635,0.00983,0.77217,0,,,,,,,,,,,,,,,,,,,,,,,,,,,,,,,,,,,0.6613,0.00306,-0.02774,-0.007369,,0.905,0.00779,0.00957,0.4516,0.736,0.0976,-0.004316,62.0,-0.00116,0.00179,0.00665,-0.030529,0.6774,0.0189,-0.05239,-0.004097,,1.128,0.00453,0.001,0.5,1.124,0.1105,0.001166,62.0,-0.00053,0.00635,0.00983,-0.01915,,,,,,,,,,,,,,,,,,BEL_data,,
BB_Upper_Reject + CCI_Overbought,BB_Upper_Reject + CCI_Overbought,combo_2,60,mean_rev,Bearish,0.7167,0.00751,-0.04202,-0.006526,,1.147,0.00682,0.00486,0.5,0.95,0.1109,-0.001056,60.0,-0.00097,0.00255,0.0085,-0.030766,,,,,,,,,,,,,,,,,,,,,,,,,,,,,,,,,,,-0.006755,,0.6889,1.012,0.95,-0.0267,7,-0.023574,0.00515,0.5,0.1186,0,1,-0.002224,-0.00058,0.00612,0.01035,0.73101,0,,,,,,,,,,,,,,,,,,,,,,,,,,,,,,,,,,,0.6667,0.00177,-0.02857,-0.008341,,0.827,0.00869,0.00957,0.5,0.736,0.1077,-0.00548,60.0,-0.00128,0.00167,0.00698,-0.034287,0.6833,0.01738,-0.05455,-0.005399,,1.062,0.00584,0.001,0.5,1.124,0.1186,-0.000137,60.0,-0.00058,0.00612,0.01035,-0.023574,,,,,,,,,,,,,,,,,,BEL_data,,
EMA_Bearish_State + Stoch_Overbought,EMA_Bearish_State + Stoch_Overbought,combo_2,20,momentum,Bearish,0.8,0.00827,-0.03284,4.8e-05,,2.31,-0.00016,0.00699,0.4,0.954,0.259,-0.002265,20.0,0.00862,0.009,0.0144,0.000336,0.8,0.01801,-0.07583,-0.000757,,1.384,0.00173,-0.00935,0.65,1.349,0.2741,-0.00319,20.0,0.01052,0.01691,0.02388,-0.003191,0.8,0.00033,-0.0849,-0.016716,,0.944,0.01774,0.02369,0.45,1.652,0.3279,-0.015402,20.0,0.01052,0.01691,0.02388,-0.050891,-0.005808,,0.8,1.546,1.0,-0.027342,5,0.000336,0.00711,0.5,0.3279,0,1,-0.006952,0.00862,0.009,0.0144,0.38285,0,,,,,,,,,,,,,,,,,,,,,,,,,,,,,,,,,,,,,,,,,,,,,,,,,,,,,,,,,,,,,,,,,,,,,,,,,,,,,,,,,,,,,,BEL_data,,
CCI_Overbought,CCI_Overbought,single,76,mean_rev,Bearish,0.7105,0.0092,-0.04651,-0.006927,,1.072,0.00756,0.0017,0.5395,0.949,0.109,-0.00319,76.0,0.00066,0.00623,0.01017,-0.032256,,,,,,,,,,,,,,,,,,,,,,,,,,,,,,,,,,,-0.00595,,0.7281,1.136,0.9737,-0.02859,3,-0.022493,0.00208,0.5351,0.1518,0,1,-0.002808,-0.00015,0.00456,0.00887,0.53414,0,,,,,,,,,,,,,,,,,,,,,,,,,,,,,,,,,,,0.7368,0.00616,-0.03234,-0.003971,,1.304,0.00405,0.00371,0.5,0.735,0.1518,-0.002254,76.0,-0.00015,0.00456,0.00887,-0.022493,0.7368,0.01347,-0.06415,-0.006953,,1.032,0.00707,0.00084,0.5658,1.123,0.1007,-0.002981,76.0,0.00074,0.00883,0.01521,-0.031169,,,,,,,,,,,,,,,,,,BEL_data,,
MACD_Hist_Falling + BB_Upper_Reject,MACD_Hist_Falling + BB_Upper_Reject,combo_2,32,momentum,Bearish,0.6562,-0.0007,-0.04225,-0.014985,,0.59,0.0149,0.01611,0.5,0.965,0.2422,-0.005674,32.0,-0.00183,0.00164,0.00388,-0.052395,0.5938,0.02799,-0.05172,-0.004392,,1.035,0.0044,0.00204,0.5,1.365,0.1821,0.001037,32.0,-0.00053,0.00247,0.00767,-0.015898,0.625,0.02013,-0.05806,-0.009188,,1.043,0.00931,0.01167,0.5,1.672,0.1839,-0.000329,32.0,0.0017,0.00652,0.01028,-0.033513,-0.009522,,0.625,0.889,0.9375,-0.031213,10,-0.015898,0.00994,0.5,0.2422,0,1,-0.001655,-0.00053,0.00247,0.00767,0.90531,0,,,,,,,,,,,,,,,,,,,,,,,,,,,,,,,,,,,,,,,,,,,,,,,,,,,,,,,,,,,,,,,,,,,,,,,,,,,,,,,,,,,,,,BEL_data,,
CDL_Harami_Bear,CDL_Harami_Bear,single,20,candle,Bearish,0.75,-0.00146,-0.06225,-0.016656,,0.561,0.01685,0.0152,0.5,0.957,0.3483,-0.013035,20.0,0.00154,0.00583,0.01346,-0.050711,,,,,,,,,,,,,,,,,,,,,,,,,,,,,,,,,,,-0.011166,,0.7833,0.606,0.95,-0.032296,3,-0.025146,0.00341,0.6167,0.3483,0,1,-0.008992,0.00154,0.00583,0.01247,0.3134,0,,,,,,,,,,,,,,,,,,,,,,,,,,,,,,,,,,,0.8,0.00728,-0.07041,-0.008259,,0.788,0.00868,-0.00482,0.65,0.742,0.1531,-0.004455,20.0,0.00154,0.00583,0.01247,-0.025146,,,,,,,,,,,,,,,,,,0.8,0.0021,-0.05131,-0.008583,,0.47,0.00923,-0.00014,0.7,0.606,0.2851,-0.009485,20.0,0.00154,0.00583,0.01073,-0.02613,BEL_data,,
BB_Upper_Touch,BB_Upper_Touch,single,62,mean_rev,Bearish,0.7581,0.00374,-0.04966,-0.009181,,1.144,0.01046,0.0094,0.4839,0.933,0.0883,-0.006299,62.0,0.00139,0.00729,0.01054,-0.043513,,,,,,,,,,,,,,,,,,,,,,,,,,,,,,,,,,,-0.007133,,0.7581,1.157,0.9677,-0.033092,3,-0.023031,0.00317,0.5323,0.0883,0,1,-0.004915,0.00055,0.00531,0.01014,0.28126,0,,,,,,,,,,,,,,,,,,,,,,,,,,,,,,,,,,,0.7742,0.00547,-0.03731,-0.004192,,1.326,0.00554,0.00366,0.5161,0.723,0.0845,-0.003143,62.0,0.00055,0.00531,0.01014,-0.023031,0.7419,0.0131,-0.06877,-0.008026,,1.001,0.00864,-0.00356,0.5968,1.104,0.0713,-0.005304,62.0,0.00158,0.0084,0.01156,-0.033291,,,,,,,,,,,,,,,,,,BEL_data,,
