SignalName,Components,Type,Count,HorizonClass,Direction,WinRate_MFE_3D,AvgWin_3D,AvgLoss_3D,EV_3D,EV_ATR_3D,ProfitFactor_3D,AvgReturn_Close_3D,MedianReturn_Close_3D,WinRate_HitEV_3D,AvgMinMovePct_3D,Top1_Trade_Share_3D,EV_Excess_3D,ExcessDataCount_3D,MFE_Target_P10_3D,MFE_Target_P20_3D,MFE_Target_P30_3D,CompositeScore_3D,WinRate_MFE_5D,AvgWin_5D,AvgLoss_5D,EV_5D,EV_ATR_5D,ProfitFactor_5D,AvgReturn_Close_5D,MedianReturn_Close_5D,WinRate_HitEV_5D,AvgMinMovePct_5D,Top1_Trade_Share_5D,EV_Excess_5D,ExcessDataCount_5D,MFE_Target_P10_5D,MFE_Target_P20_5D,MFE_Target_P30_5D,CompositeScore_5D,WinRate_MFE_7D,AvgWin_7D,AvgLoss_7D,EV_7D,EV_ATR_7D,ProfitFactor_7D,AvgReturn_Close_7D,MedianReturn_Close_7D,WinRate_HitEV_7D,AvgMinMovePct_7D,Top1_Trade_Share_7D,EV_Excess_7D,ExcessDataCount_7D,MFE_Target_P10_7D,MFE_Target_P20_7D,MFE_Target_P30_7D,CompositeScore_7D,AvgEV,AvgEV_ATR,AvgWinRate,AvgProfitFactor,Consistency,CompositeScore,BestHorizon,BestHorizonComposite,AvgMedianReturn,AvgWinRate_HitEV,MaxTop1TradeShare,Concentration_Flag,RegimeTested_Flag,AvgEV_Excess,Target1_Conservative_BestHorizon,Target2_Median_BestHorizon,Target3_Stretch_BestHorizon,Fisher_p_min,Fisher_sig_flag,WinRate_MFE_10D,AvgWin_10D,AvgLoss_10D,EV_10D,EV_ATR_10D,ProfitFactor_10D,AvgReturn_Close_10D,MedianReturn_Close_10D,WinRate_HitEV_10D,AvgMinMovePct_10D,Top1_Trade_Share_10D,EV_Excess_10D,ExcessDataCount_10D,MFE_Target_P10_10D,MFE_Target_P20_10D,MFE_Target_P30_10D,CompositeScore_10D,WinRate_MFE_15D,AvgWin_15D,AvgLoss_15D,EV_15D,EV_ATR_15D,ProfitFactor_15D,AvgReturn_Close_15D,MedianReturn_Close_15D,WinRate_HitEV_15D,AvgMinMovePct_15D,Top1_Trade_Share_15D,EV_Excess_15D,ExcessDataCount_15D,MFE_Target_P10_15D,MFE_Target_P20_15D,MFE_Target_P30_15D,CompositeScore_15D,WinRate_MFE_20D,AvgWin_20D,AvgLoss_20D,EV_20D,EV_ATR_20D,ProfitFactor_20D,AvgReturn_Close_20D,MedianReturn_Close_20D,WinRate_HitEV_20D,AvgMinMovePct_20D,Top1_Trade_Share_20D,EV_Excess_20D,ExcessDataCount_20D,MFE_Target_P10_20D,MFE_Target_P20_20D,MFE_Target_P30_20D,CompositeScore_20D,WinRate_MFE_30D,AvgWin_30D,AvgLoss_30D,EV_30D,EV_ATR_30D,ProfitFactor_30D,AvgReturn_Close_30D,MedianReturn_Close_30D,WinRate_HitEV_30D,AvgMinMovePct_30D,Top1_Trade_Share_30D,EV_Excess_30D,ExcessDataCount_30D,MFE_Target_P10_30D,MFE_Target_P20_30D,MFE_Target_P30_30D,CompositeScore_30D,WinRate_MFE_2D,AvgWin_2D,AvgLoss_2D,EV_2D,EV_ATR_2D,ProfitFactor_2D,AvgReturn_Close_2D,MedianReturn_Close_2D,WinRate_HitEV_2D,AvgMinMovePct_2D,Top1_Trade_Share_2D,EV_Excess_2D,ExcessDataCount_2D,MFE_Target_P10_2D,MFE_Target_P20_2D,MFE_Target_P30_2D,CompositeScore_2D,Symbol,Company,ScoredThrough
Price_Above_SMA50 + Stoch_Bull_Zone,Price_Above_SMA50 + Stoch_Bull_Zone,combo_2,123,trend,Bullish,,,,,,,,,,,,,,,,,,,,,,,,,,,,,,,,,,,,,,,,,,,,,,,,,,,,0.060719,1.326001,0.9024,11.295,0.9268,59.240108,30,101.618565,0.02883,0.4011,0.0746,0,1,0.050985,0.02831,0.04529,0.06296,0.00389,1,0.8618,0.03789,-0.05454,0.025117,0.564423,6.169,0.02545,0.00939,0.4146,1.878,0.0746,0.021804,121.0,0.01428,0.02306,0.03392,16.78321,,,,,,,,,,,,,,,,,,0.9106,0.07563,-0.08754,0.061033,1.305432,10.934,0.06043,0.02837,0.4146,2.655,0.0471,0.053031,121.0,0.02548,0.03787,0.04851,62.925509,0.935,0.11026,-0.10888,0.096006,2.108146,16.783,0.0952,0.04872,0.374,3.252,0.041,0.078121,121.0,0.02831,0.04529,0.06296,101.618565,,,,,,,,,,,,,,,,,,JSWENERGY_data,,2026-10-01
Price_Above_SMA50 + Williams_Oversold,Price_Above_SMA50 + Williams_Oversold,combo_2,23,trend,Bullish,,,,,,,,,,,,,,,,,,,,,,,,,,,,,,,,,,,,,,,,,,,,,,,,,,,,0.075021,1.879935,0.8986,11.042,0.9565,57.147719,30,99.148958,0.04642,0.4058,0.24,0,1,0.069961,0.04253,0.06764,0.09173,0.2142,0,0.913,0.05279,-0.07007,0.042105,1.074805,8.871,0.04261,0.02738,0.4348,1.971,0.1609,0.040143,23.0,0.02589,0.0369,0.04424,30.301373,,,,,,,,,,,,,,,,,,0.8696,0.08341,-0.11326,0.057761,1.445199,5.849,0.06164,0.03112,0.3478,2.788,0.24,0.060893,23.0,0.03379,0.04339,0.06361,26.865374,0.913,0.14548,-0.08777,0.125198,3.119801,18.407,0.13152,0.08078,0.4348,3.415,0.2147,0.108846,23.0,0.04253,0.06764,0.09173,99.148958,,,,,,,,,,,,,,,,,,JSWENERGY_data,,2026-10-01
Price_Above_SMA50 + Stoch_Cross_Up,Price_Above_SMA50 + Stoch_Cross_Up,combo_2,118,trend,Bullish,,,,,,,,,,,,,,,,,,,,,,,,,,,,,,,,,,,,,,,,,,,,,,,,,,,,0.059188,1.286978,0.8701,9.393,0.9068,52.387498,30,96.159114,0.02613,0.4096,0.0758,0,1,0.050196,0.02646,0.04497,0.06063,0.03208,1,0.822,0.04462,-0.05231,0.027369,0.609843,5.12,0.0279,0.01206,0.4237,1.883,0.0758,0.024476,116.0,0.01329,0.01937,0.03089,14.921666,,,,,,,,,,,,,,,,,,0.8729,0.0771,-0.07378,0.057922,1.239024,8.885,0.05757,0.02326,0.4237,2.663,0.0505,0.050543,116.0,0.01858,0.03247,0.04825,52.613425,0.9153,0.10974,-0.09641,0.092272,2.012066,14.174,0.09272,0.04307,0.3814,3.262,0.0439,0.075571,116.0,0.02646,0.04497,0.06063,96.159114,,,,,,,,,,,,,,,,,,JSWENERGY_data,,2026-10-01
MACD_Cross_Up_Event + CMF_Strong_Bull,MACD_Cross_Up_Event + CMF_Strong_Bull,combo_2,11,momentum,Bullish,,,,,,,,,,,,,,,,,,1.0,0.05897,0.0,0.058974,1.407331,,0.06029,0.03518,0.3636,1.469,0.3542,0.052101,11.0,0.03235,0.04072,0.04459,3.497086,,,,,,,,,,,,,,,,,,0.084904,2.019776,0.9394,15.545,0.9091,45.626866,10,52.897332,0.05157,0.3636,0.3542,0,1,0.077597,0.04072,0.04459,0.06613,0.12468,0,0.9091,0.10568,-0.07782,0.088994,2.128745,15.545,0.08905,0.03008,0.3636,2.077,0.2864,0.080003,11.0,0.04072,0.04459,0.06613,52.897332,0.9091,0.11652,0.00898,0.106744,2.523252,,0.10822,0.08946,0.3636,2.544,0.3246,0.100687,11.0,0.04072,0.04459,0.06613,6.270046,,,,,,,,,,,,,,,,,,,,,,,,,,,,,,,,,,,,,,,,,,,,,,,,,,,,JSWENERGY_data,,2026-10-01
MACD_Cross_Up_Event + CMF_Positive,MACD_Cross_Up_Event + CMF_Positive,combo_2,23,momentum,Bullish,,,,,,,,,,,,,,,,,,0.913,0.04533,-0.05888,0.036266,0.936189,9.282,0.03813,0.01582,0.4348,1.325,0.2411,0.037359,23.0,0.01627,0.0246,0.04004,27.615304,,,,,,,,,,,,,,,,,,0.050426,1.230978,0.8841,12.943,0.9565,37.420214,10,44.900947,0.01257,0.3913,0.2577,0,1,0.051901,0.01954,0.03248,0.05751,0.21574,0,0.8696,0.07499,-0.05598,0.057908,1.412844,10.121,0.05796,0.01291,0.3478,1.873,0.2033,0.059063,23.0,0.01954,0.03248,0.05751,44.900947,0.8696,0.06972,-0.027,0.057104,1.3439,19.426,0.05865,0.00898,0.3913,2.294,0.2577,0.059282,23.0,0.0253,0.03495,0.05751,42.70985,,,,,,,,,,,,,,,,,,,,,,,,,,,,,,,,,,,,,,,,,,,,,,,,,,,,JSWENERGY_data,,2026-10-01
MACD_Hist_Positive + OBV_Trend_Bull,MACD_Hist_Positive + OBV_Trend_Bull,combo_2,60,momentum,Bullish,,,,,,,,,,,,,,,,,,0.9333,0.03264,-0.03257,0.028292,0.698625,17.382,0.02966,0.01848,0.4333,1.323,0.1163,0.028308,60.0,0.01655,0.02264,0.0324,28.719585,,,,,,,,,,,,,,,,,,0.037865,0.896468,0.9333,17.106,0.9667,35.624266,15,42.889703,0.02085,0.4056,0.118,0,1,0.038748,0.03034,0.03729,0.05537,0.00358,1,0.95,0.04506,-0.05099,0.040261,0.947457,21.516,0.03957,0.01462,0.3667,1.872,0.1042,0.04273,60.0,0.01959,0.03645,0.04064,38.948778,0.9167,0.0545,-0.05902,0.045042,1.043323,12.42,0.04633,0.02945,0.4167,2.292,0.118,0.045207,60.0,0.03034,0.03729,0.05537,42.889703,,,,,,,,,,,,,,,,,,,,,,,,,,,,,,,,,,,,,,,,,,,,,,,,,,,,JSWENERGY_data,,2026-10-01
MACD_Bullish_State + OBV_Trend_Bull,MACD_Bullish_State + OBV_Trend_Bull,combo_2,60,momentum,Bullish,,,,,,,,,,,,,,,,,,0.9333,0.03264,-0.03257,0.028292,0.698625,17.382,0.02966,0.01848,0.4333,1.323,0.1163,0.028308,60.0,0.01655,0.02264,0.0324,28.719585,,,,,,,,,,,,,,,,,,0.037865,0.896468,0.9333,17.106,0.9667,35.624266,15,42.889703,0.02085,0.4056,0.118,0,1,0.038748,0.03034,0.03729,0.05537,0.00358,1,0.95,0.04506,-0.05099,0.040261,0.947457,21.516,0.03957,0.01462,0.3667,1.872,0.1042,0.04273,60.0,0.01959,0.03645,0.04064,38.948778,0.9167,0.0545,-0.05902,0.045042,1.043323,12.42,0.04633,0.02945,0.4167,2.292,0.118,0.045207,60.0,0.03034,0.03729,0.05537,42.889703,,,,,,,,,,,,,,,,,,,,,,,,,,,,,,,,,,,,,,,,,,,,,,,,,,,,JSWENERGY_data,,2026-10-01
Price_Above_SMA50 + MACD_Cross_Up_Event,Price_Above_SMA50 + MACD_Cross_Up_Event,combo_2,40,trend,Bullish,,,,,,,,,,,,,,,,,,,,,,,,,,,,,,,,,,,,,,,,,,,,,,,,,,,,0.052903,1.238709,0.8667,8.586,0.9,35.546358,30,58.331035,0.02502,0.3917,0.1516,0,1,0.041195,0.03221,0.03813,0.06116,0.14948,0,0.825,0.05692,-0.0481,0.03854,0.889426,6.69,0.03747,0.01024,0.325,1.831,0.1516,0.033034,40.0,0.0123,0.01925,0.03588,22.095622,,,,,,,,,,,,,,,,,,0.85,0.07549,-0.06703,0.054109,1.255948,7.73,0.05277,0.03005,0.4,2.59,0.1322,0.044103,40.0,0.01797,0.03215,0.04068,36.05296,0.925,0.08043,-0.11116,0.066061,1.570753,11.338,0.06365,0.03477,0.45,3.171,0.1123,0.046449,40.0,0.03221,0.03813,0.06116,58.331035,,,,,,,,,,,,,,,,,,JSWENERGY_data,,2026-10-01
Price_Above_SMA50 + MACD_Hist_Rising,Price_Above_SMA50 + MACD_Hist_Rising,combo_2,140,trend,Bullish,,,,,,,,,,,,,,,,,,,,,,,,,,,,,,,,,,,,,,,,,,,,,,,,,,,,0.048808,1.049314,0.8857,7.052,0.9643,35.309709,30,54.566606,0.01744,0.3976,0.0653,0,1,0.035548,0.02749,0.04354,0.06255,0.04068,1,0.8714,0.03961,-0.05407,0.027565,0.609023,7.371,0.02888,0.01332,0.3929,1.858,0.0653,0.020589,136.0,0.01551,0.02422,0.0325,22.21502,,,,,,,,,,,,,,,,,,0.8786,0.06998,-0.09984,0.04936,1.029459,6.479,0.05004,0.01551,0.4143,2.627,0.0504,0.03602,136.0,0.02296,0.03459,0.047,33.008051,0.9071,0.09225,-0.15275,0.0695,1.509461,7.305,0.07105,0.02351,0.3857,3.217,0.0455,0.050036,136.0,0.02749,0.04354,0.06255,54.566606,,,,,,,,,,,,,,,,,,JSWENERGY_data,,2026-10-01
Price_Above_SMA50 + CDL_HaramiCross_Bull,Price_Above_SMA50 + CDL_HaramiCross_Bull,combo_2,14,trend,Bullish,,,,,,,,,,,,,,,,,,,,,,,,,,,,,,,,,,,,,,,,,,,,,,,,,,,,0.065811,1.29752,0.9286,74.443,1.0,35.13749,30,52.510338,0.00819,0.3333,0.3983,0,1,0.029114,0.04906,0.05287,0.0662,0.27599,0,0.9286,0.03131,-0.04435,0.025908,0.45524,16.234,0.02778,-0.02621,0.3571,2.034,0.3983,0.003757,12.0,0.02304,0.02976,0.04701,12.32812,,,,,,,,,,,,,,,,,,0.9286,0.08055,-0.0075,0.074264,1.498274,187.468,0.0751,0.01445,0.2857,2.877,0.3225,0.037053,12.0,0.04873,0.04926,0.05455,40.574012,0.9286,0.11189,-0.09289,0.097262,1.939046,19.629,0.09544,0.03633,0.3571,3.524,0.2676,0.046532,12.0,0.04906,0.05287,0.0662,52.510338,,,,,,,,,,,,,,,,,,JSWENERGY_data,,2026-10-01
RSI_Cross50_Up + EMA_Bullish_State,RSI_Cross50_Up + EMA_Bullish_State,combo_2,38,momentum,Bullish,,,,,,,,,,,,,,,,,,0.8421,0.02755,-0.02525,0.019214,0.518763,7.208,0.01971,0.01119,0.4474,1.277,0.1438,0.012832,38.0,0.00998,0.01695,0.02045,13.699116,,,,,,,,,,,,,,,,,,0.041428,1.035135,0.8509,11.967,0.9211,34.928912,15,55.932507,0.018,0.3947,0.1438,0,1,0.029139,0.01939,0.04039,0.04667,0.20682,0,0.8158,0.05766,-0.02301,0.042798,1.059918,12.334,0.04298,0.01749,0.3421,1.807,0.1204,0.030027,38.0,0.01539,0.02094,0.04096,38.830735,0.8947,0.07459,-0.04243,0.062272,1.526725,16.358,0.0633,0.02533,0.3947,2.213,0.1304,0.044556,38.0,0.01939,0.04039,0.04667,55.932507,,,,,,,,,,,,,,,,,,,,,,,,,,,,,,,,,,,,,,,,,,,,,,,,,,,,JSWENERGY_data,,2026-10-01
EMA_Bullish_State + BB_Expansion_Bull,EMA_Bullish_State + BB_Expansion_Bull,combo_2,16,momentum,Bullish,,,,,,,,,,,,,,,,,,0.875,0.06967,-0.03067,0.05713,1.363409,16.416,0.05832,0.05397,0.4375,1.43,0.2584,0.059297,16.0,0.02069,0.05557,0.06808,38.628276,,,,,,,,,,,,,,,,,,0.056863,1.309911,0.8958,13.721,0.9375,34.79305,10,39.347717,0.04679,0.4167,0.2584,0,1,0.055367,0.02971,0.06306,0.07908,0.22067,0,0.875,0.07245,-0.0338,0.059169,1.388802,15.837,0.0598,0.04741,0.4375,2.022,0.2179,0.056061,16.0,0.02971,0.06306,0.07908,39.347717,0.9375,0.06644,-0.12806,0.054288,1.177524,8.909,0.05498,0.03899,0.375,2.476,0.2506,0.050744,16.0,0.04867,0.07675,0.08374,29.721561,,,,,,,,,,,,,,,,,,,,,,,,,,,,,,,,,,,,,,,,,,,,,,,,,,,,JSWENERGY_data,,2026-10-01
RSI_Bull_Momentum + Price_Above_SMA50,RSI_Bull_Momentum + Price_Above_SMA50,combo_2,92,trend,Bullish,,,,,,,,,,,,,,,,,,,,,,,,,,,,,,,,,,,,,,,,,,,,,,,,,,,,0.045651,0.9807,0.8696,7.918,0.9348,32.900842,30,52.658292,0.02071,0.3877,0.085,0,1,0.033957,0.02554,0.04443,0.06928,0.12243,0,0.837,0.03236,-0.03945,0.020651,0.460579,6.144,0.02093,0.01332,0.4239,1.872,0.085,0.015137,92.0,0.01628,0.0218,0.03794,12.826301,,,,,,,,,,,,,,,,,,0.8696,0.06989,-0.06143,0.05276,1.113497,9.118,0.05199,0.02529,0.3913,2.648,0.0797,0.039576,92.0,0.01975,0.03771,0.05199,46.016694,0.9022,0.08227,-0.10918,0.063542,1.368024,8.492,0.06378,0.02352,0.3478,3.243,0.0784,0.047158,92.0,0.02554,0.04443,0.06928,52.658292,,,,,,,,,,,,,,,,,,JSWENERGY_data,,2026-10-01
MACD_Cross_Up_Event + OBV_Trend_Bull,MACD_Cross_Up_Event + OBV_Trend_Bull,combo_2,39,momentum,Bullish,,,,,,,,,,,,,,,,,,0.9487,0.03466,-0.04064,0.030798,0.762509,19.72,0.03262,0.01645,0.4359,1.351,0.1632,0.027871,39.0,0.01784,0.02247,0.03423,28.128034,,,,,,,,,,,,,,,,,,0.039631,0.94765,0.9145,14.297,0.9231,32.268613,10,36.916005,0.01826,0.4103,0.1645,0,1,0.035731,0.01925,0.03721,0.04055,0.0248,1,0.9231,0.05,-0.05163,0.042183,1.000738,14.964,0.04104,0.01573,0.359,1.911,0.1488,0.039628,39.0,0.01925,0.03721,0.04055,36.916005,0.8718,0.06218,-0.0647,0.045912,1.079703,8.207,0.04718,0.02262,0.4359,2.341,0.1645,0.039694,39.0,0.02188,0.03721,0.04905,32.68896,,,,,,,,,,,,,,,,,,,,,,,,,,,,,,,,,,,,,,,,,,,,,,,,,,,,JSWENERGY_data,,2026-10-01
OBV_Rising + CDL_HaramiCross_Bull,OBV_Rising + CDL_HaramiCross_Bull,combo_2,21,momentum,Bullish,,,,,,,,,,,,,,,,,,0.9048,0.02845,-0.01979,0.023858,0.617346,17.287,0.02472,0.01552,0.381,1.483,0.2517,0.012455,19.0,0.01531,0.01887,0.02162,19.082427,,,,,,,,,,,,,,,,,,0.051315,1.145403,0.9365,22.434,0.9048,32.032989,10,27.474356,0.04226,0.4444,0.2517,0,1,0.033251,0.02162,0.03202,0.04952,0.02026,1,0.9048,0.0482,-0.01716,0.041973,0.888838,27.581,0.04389,0.04678,0.5238,2.097,0.2355,0.023386,19.0,0.02162,0.03202,0.04952,27.474356,1.0,0.08811,0.0,0.088115,1.930024,,0.09003,0.06449,0.4286,2.568,0.227,0.063912,19.0,0.0456,0.04887,0.05511,5.965786,,,,,,,,,,,,,,,,,,,,,,,,,,,,,,,,,,,,,,,,,,,,,,,,,,,,JSWENERGY_data,,2026-10-01
VWAP_Bull + CDL_HaramiCross_Bull,VWAP_Bull + CDL_HaramiCross_Bull,combo_2,21,momentum,Bullish,,,,,,,,,,,,,,,,,,0.9048,0.02845,-0.01979,0.023858,0.617346,17.287,0.02472,0.01552,0.381,1.483,0.2517,0.012455,19.0,0.01531,0.01887,0.02162,19.082427,,,,,,,,,,,,,,,,,,0.051315,1.145403,0.9365,22.434,0.9048,32.032989,10,27.474356,0.04226,0.4444,0.2517,0,1,0.033251,0.02162,0.03202,0.04952,0.02026,1,0.9048,0.0482,-0.01716,0.041973,0.888838,27.581,0.04389,0.04678,0.5238,2.097,0.2355,0.023386,19.0,0.02162,0.03202,0.04952,27.474356,1.0,0.08811,0.0,0.088115,1.930024,,0.09003,0.06449,0.4286,2.568,0.227,0.063912,19.0,0.0456,0.04887,0.05511,5.965786,,,,,,,,,,,,,,,,,,,,,,,,,,,,,,,,,,,,,,,,,,,,,,,,,,,,JSWENERGY_data,,2026-10-01
Price_Above_SMA50 + OBV_Trend_Bull,Price_Above_SMA50 + OBV_Trend_Bull,combo_2,69,trend,Bullish,,,,,,,,,,,,,,,,,,,,,,,,,,,,,,,,,,,,,,,,,,,,,,,,,,,,0.0429,0.995853,0.8986,7.713,0.9565,31.213784,30,50.591518,0.02237,0.4058,0.1115,0,1,0.034153,0.03425,0.05078,0.076,0.03203,1,0.913,0.03013,-0.0704,0.021392,0.519077,6.809,0.02229,0.01573,0.4203,1.842,0.106,0.020564,69.0,0.01791,0.02977,0.04055,15.014846,,,,,,,,,,,,,,,,,,0.8696,0.06463,-0.06525,0.047687,1.045443,7.962,0.04774,0.0191,0.4058,2.605,0.1115,0.037994,69.0,0.02361,0.03938,0.05729,35.364893,0.913,0.07674,-0.12007,0.059622,1.423039,8.368,0.06118,0.03229,0.3913,3.191,0.1073,0.043901,69.0,0.03425,0.05078,0.076,50.591518,,,,,,,,,,,,,,,,,,JSWENERGY_data,,2026-10-01
EMA_Bullish_State + MACD_Cross_Up_Event,EMA_Bullish_State + MACD_Cross_Up_Event,combo_2,35,momentum,Bullish,,,,,,,,,,,,,,,,,,0.9429,0.03451,-0.04446,0.03,0.70408,15.357,0.03189,0.0113,0.3714,1.261,0.1911,0.027111,35.0,0.01024,0.01661,0.02002,25.230825,,,,,,,,,,,,,,,,,,0.043102,0.966665,0.8476,10.148,0.8571,29.691963,15,38.684501,0.01006,0.381,0.1911,0,1,0.037056,0.0136,0.02188,0.03136,0.04424,1,0.8,0.06495,-0.04771,0.042417,0.973966,6.254,0.0429,0.00377,0.3429,1.783,0.1636,0.037078,35.0,0.01199,0.01784,0.02807,21.829011,0.8,0.08109,-0.03993,0.056888,1.22195,8.834,0.05893,0.01512,0.4286,2.184,0.1764,0.046977,35.0,0.0136,0.02188,0.03136,38.684501,,,,,,,,,,,,,,,,,,,,,,,,,,,,,,,,,,,,,,,,,,,,,,,,,,,,JSWENERGY_data,,2026-10-01
Price_Above_SMA50 + OBV_Rising,Price_Above_SMA50 + OBV_Rising,combo_2,238,trend,Bullish,,,,,,,,,,,,,,,,,,,,,,,,,,,,,,,,,,,,,,,,,,,,,,,,,,,,0.043026,0.906916,0.8445,5.822,0.9748,28.189216,30,55.442137,0.01033,0.3992,0.0446,0,1,0.030264,0.02186,0.03556,0.05464,0.25737,0,0.8445,0.02865,-0.05962,0.014927,0.297987,4.462,0.01577,-0.00166,0.4118,1.86,0.0446,0.008397,232.0,0.01245,0.01961,0.0277,7.281392,,,,,,,,,,,,,,,,,,0.8319,0.0702,-0.07326,0.046089,0.977706,6.0,0.04602,0.00719,0.395,2.63,0.032,0.033006,232.0,0.01815,0.02892,0.0442,32.124486,0.8571,0.09579,-0.09828,0.068063,1.445055,7.006,0.0685,0.02546,0.3908,3.221,0.0282,0.049389,232.0,0.02186,0.03556,0.05464,55.442137,,,,,,,,,,,,,,,,,,JSWENERGY_data,,2026-10-01
EMA_Bullish_State + CDL_HaramiCross_Bull,EMA_Bullish_State + CDL_HaramiCross_Bull,combo_2,16,momentum,Bullish,,,,,,,,,,,,,,,,,,0.9375,0.02419,-0.03235,0.020658,0.566699,14.268,0.02249,0.01396,0.4375,1.435,0.358,0.008248,14.0,0.01666,0.01921,0.02351,16.055788,,,,,,,,,,,,,,,,,,0.04675,1.060896,0.9583,18.259,0.9375,28.178845,10,23.622455,0.00522,0.4167,0.358,0,1,0.027743,0.02399,0.03202,0.0491,0.05158,1,0.9375,0.04503,-0.04435,0.039447,0.833769,22.251,0.04133,-0.0021,0.4375,2.03,0.2928,0.019704,14.0,0.02399,0.03202,0.0491,23.622455,1.0,0.08015,0.0,0.080146,1.782219,,0.08203,0.0038,0.375,2.486,0.3064,0.055276,14.0,0.04035,0.04887,0.05231,5.049406,,,,,,,,,,,,,,,,,,,,,,,,,,,,,,,,,,,,,,,,,,,,,,,,,,,,JSWENERGY_data,,2026-10-01
MACD_Cross_Up_Event + OBV_Rising,MACD_Cross_Up_Event + OBV_Rising,combo_2,45,momentum,Bullish,,,,,,,,,,,,,,,,,,0.9556,0.02879,-0.06548,0.024604,0.663698,12.417,0.02661,0.01582,0.4222,1.371,0.1598,0.023242,45.0,0.01329,0.01952,0.02881,25.410609,,,,,,,,,,,,,,,,,,0.036182,0.86901,0.8963,9.457,0.8889,27.968429,15,29.500176,0.02172,0.437,0.1598,0,1,0.033844,0.02381,0.03215,0.04718,0.01005,1,0.8889,0.04763,-0.05446,0.036291,0.858708,8.85,0.03522,0.01573,0.4,1.939,0.143,0.03514,45.0,0.01732,0.02686,0.0405,29.094484,0.8444,0.06728,-0.05892,0.047651,1.084625,7.104,0.04773,0.03362,0.4889,2.375,0.1496,0.043151,45.0,0.02381,0.03215,0.04718,29.500176,,,,,,,,,,,,,,,,,,,,,,,,,,,,,,,,,,,,,,,,,,,,,,,,,,,,JSWENERGY_data,,2026-10-01
MACD_Hist_Positive + CMF_Positive,MACD_Hist_Positive + CMF_Positive,combo_2,47,momentum,Bullish,,,,,,,,,,,,,,,,,,0.8723,0.03436,-0.03613,0.025363,0.592622,8.005,0.02615,0.00729,0.3617,1.286,0.1543,0.02457,47.0,0.00932,0.01858,0.0249,18.365343,,,,,,,,,,,,,,,,,,0.030931,0.719536,0.8865,12.392,0.9574,26.669372,15,29.479428,0.0085,0.3475,0.1861,0,1,0.030618,0.0253,0.03261,0.05265,0.08111,1,0.8723,0.04467,-0.03936,0.033945,0.80448,9.362,0.03435,0.00923,0.3404,1.819,0.1439,0.033529,47.0,0.01613,0.02498,0.03923,29.157194,0.9149,0.03918,-0.02777,0.033485,0.761506,19.807,0.03598,0.00898,0.3404,2.228,0.1861,0.033754,47.0,0.0253,0.03261,0.05265,29.479428,,,,,,,,,,,,,,,,,,,,,,,,,,,,,,,,,,,,,,,,,,,,,,,,,,,,JSWENERGY_data,,2026-10-01
MACD_Bullish_State + CMF_Positive,MACD_Bullish_State + CMF_Positive,combo_2,47,momentum,Bullish,,,,,,,,,,,,,,,,,,0.8723,0.03436,-0.03613,0.025363,0.592622,8.005,0.02615,0.00729,0.3617,1.286,0.1543,0.02457,47.0,0.00932,0.01858,0.0249,18.365343,,,,,,,,,,,,,,,,,,0.030931,0.719536,0.8865,12.392,0.9574,26.669372,15,29.479428,0.0085,0.3475,0.1861,0,1,0.030618,0.0253,0.03261,0.05265,0.08111,1,0.8723,0.04467,-0.03936,0.033945,0.80448,9.362,0.03435,0.00923,0.3404,1.819,0.1439,0.033529,47.0,0.01613,0.02498,0.03923,29.157194,0.9149,0.03918,-0.02777,0.033485,0.761506,19.807,0.03598,0.00898,0.3404,2.228,0.1861,0.033754,47.0,0.0253,0.03261,0.05265,29.479428,,,,,,,,,,,,,,,,,,,,,,,,,,,,,,,,,,,,,,,,,,,,,,,,,,,,JSWENERGY_data,,2026-10-01
Price_Above_SMA20 + MACD_Cross_Up_Event,Price_Above_SMA20 + MACD_Cross_Up_Event,combo_2,46,momentum,Bullish,,,,,,,,,,,,,,,,,,0.9348,0.03042,-0.03589,0.026099,0.666731,15.852,0.02793,0.01356,0.413,1.298,0.1525,0.023039,46.0,0.01109,0.0168,0.02238,25.670132,,,,,,,,,,,,,,,,,,0.035031,0.828563,0.8551,9.515,0.8696,26.395898,5,25.670132,0.01406,0.3841,0.153,0,1,0.031334,0.01109,0.0168,0.02238,0.03062,1,0.8261,0.05048,-0.04495,0.033881,0.797044,6.622,0.03281,0.0084,0.3261,1.836,0.1434,0.03111,46.0,0.0123,0.01954,0.03489,20.322559,0.8043,0.06885,-0.05248,0.045114,1.021914,6.072,0.0452,0.02022,0.413,2.248,0.153,0.039854,46.0,0.01613,0.02637,0.03905,23.890004,,,,,,,,,,,,,,,,,,,,,,,,,,,,,,,,,,,,,,,,,,,,,,,,,,,,JSWENERGY_data,,2026-10-01
EMA_Bullish_State + Price_Above_SMA50,EMA_Bullish_State + Price_Above_SMA50,combo_2,47,trend,Bullish,,,,,,,,,,,,,,,,,,,,,,,,,,,,,,,,,,,,,,,,,,,,,,,,,,,,0.037982,0.756285,0.8936,9.777,0.9149,26.187808,20,39.990745,0.03098,0.4539,0.1286,0,1,0.016636,0.02307,0.03243,0.05074,0.07497,1,0.8511,0.0341,-0.03906,0.023206,0.534626,6.641,0.02395,0.01434,0.4043,1.826,0.1286,0.010068,47.0,0.00985,0.02389,0.03307,13.744633,,,,,,,,,,,,,,,,,,0.8936,0.06378,-0.06574,0.050003,1.033032,10.035,0.04933,0.05444,0.5106,2.583,0.0789,0.024761,47.0,0.02307,0.03243,0.05074,39.990745,0.9362,0.04915,-0.0826,0.040736,0.701197,12.654,0.04055,0.02416,0.4468,3.164,0.092,0.01508,47.0,0.02672,0.03527,0.06062,27.14475,,,,,,,,,,,,,,,,,,JSWENERGY_data,,2026-10-01
Price_Above_SMA50 + CDL_Harami_Bull,Price_Above_SMA50 + CDL_Harami_Bull,combo_2,30,trend,Bullish,,,,,,,,,,,,,,,,,,,,,,,,,,,,,,,,,,,,,,,,,,,,,,,,,,,,0.045802,0.792136,0.8889,9.95,0.9667,26.164566,30,46.954958,0.00368,0.3667,0.2858,0,1,0.021058,0.02974,0.03439,0.04932,0.24425,0,0.8667,0.0135,-0.05018,0.005012,-0.02968,4.847,0.00744,-0.01538,0.4,1.836,0.2858,-0.008744,28.0,0.00987,0.02119,0.02936,-0.494023,,,,,,,,,,,,,,,,,,0.9,0.06747,-0.0526,0.055463,1.038727,14.938,0.05633,0.00368,0.3333,2.596,0.1913,0.027587,28.0,0.02974,0.03439,0.04881,35.66974,0.9,0.09722,-0.10568,0.076931,1.36736,10.066,0.07569,0.02276,0.3667,3.18,0.1526,0.044332,28.0,0.02974,0.03439,0.04932,46.954958,,,,,,,,,,,,,,,,,,JSWENERGY_data,,2026-10-01
OBV_Trend_Bull + CDL_HaramiCross_Bull,OBV_Trend_Bull + CDL_HaramiCross_Bull,combo_2,16,momentum,Bullish,,,,,,,,,,,,,,,,,,0.9375,0.0259,-0.03235,0.022258,0.567056,14.439,0.02423,0.0164,0.375,1.455,0.3524,0.008994,14.0,0.01666,0.02162,0.02821,16.065892,,,,,,,,,,,,,,,,,,0.044669,0.956294,0.9583,16.499,0.9375,25.400496,5,16.065892,0.00604,0.3958,0.3524,0,1,0.021244,0.01666,0.02162,0.02821,0.05158,1,0.9375,0.03412,-0.04435,0.029211,0.542883,18.558,0.0311,-0.0021,0.4375,2.057,0.3483,0.003079,14.0,0.02399,0.03202,0.0491,15.381047,1.0,0.08254,0.0,0.082538,1.758944,,0.08443,0.0038,0.375,2.52,0.2995,0.05166,14.0,0.04035,0.04887,0.05231,4.983465,,,,,,,,,,,,,,,,,,,,,,,,,,,,,,,,,,,,,,,,,,,,,,,,,,,,JSWENERGY_data,,2026-10-01
OBV_Rising + CDL_DragonFlyDoji,OBV_Rising + CDL_DragonFlyDoji,combo_2,13,momentum,Bullish,,,,,,,,,,,,,,,,,,0.9231,0.04282,-0.06898,0.034219,0.736611,9.036,0.03426,0.02538,0.4615,1.337,0.2381,0.033472,13.0,0.01084,0.01625,0.02333,17.564839,,,,,,,,,,,,,,,,,,0.049457,1.073496,0.8718,9.641,0.9231,25.210868,15,34.344846,0.0163,0.359,0.369,0,1,0.049299,0.01471,0.03946,0.04836,0.31748,0,0.8462,0.07357,-0.05317,0.054068,1.18247,8.058,0.05449,0.01334,0.3077,1.89,0.3372,0.056184,13.0,0.01408,0.03279,0.04358,25.145179,0.8462,0.07863,-0.0419,0.060084,1.301406,11.828,0.06142,0.01019,0.3077,2.315,0.369,0.058242,13.0,0.01471,0.03946,0.04836,34.344846,,,,,,,,,,,,,,,,,,,,,,,,,,,,,,,,,,,,,,,,,,,,,,,,,,,,JSWENERGY_data,,2026-10-01
EMA_Bullish_State + BB_Lower_Touch,EMA_Bullish_State + BB_Lower_Touch,combo_2,18,momentum,Bullish,,,,,,,,,,,,,,,,,,1.0,0.02677,0.0,0.026771,0.680976,,0.02641,0.02546,0.5,1.434,0.1944,0.02029,18.0,0.02623,0.03238,0.04282,2.005091,,,,,,,,,,,,,,,,,,0.037764,0.898718,0.963,11.044,0.9444,24.992094,15,32.026636,0.02772,0.4815,0.2768,0,1,0.027058,0.03934,0.06081,0.06879,0.03283,1,0.9444,0.04399,-0.07365,0.037457,0.894327,12.384,0.03755,0.0323,0.5,2.028,0.1973,0.023849,18.0,0.03208,0.05291,0.06429,26.332913,0.9444,0.05986,-0.13439,0.049064,1.120853,9.704,0.04921,0.0254,0.4444,2.483,0.2768,0.037036,18.0,0.03934,0.06081,0.06879,32.026636,,,,,,,,,,,,,,,,,,,,,,,,,,,,,,,,,,,,,,,,,,,,,,,,,,,,JSWENERGY_data,,2026-10-01
RSI_Cross50_Up + Price_Above_SMA50,RSI_Cross50_Up + Price_Above_SMA50,combo_2,55,trend,Bullish,,,,,,,,,,,,,,,,,,,,,,,,,,,,,,,,,,,,,,,,,,,,,,,,,,,,0.043861,1.05583,0.8485,6.574,0.8909,24.891165,30,40.721979,0.02437,0.3939,0.1424,0,1,0.032115,0.02607,0.04412,0.07183,0.1727,0,0.8,0.04374,-0.03423,0.028144,0.698189,6.546,0.02836,0.01312,0.4,1.846,0.1245,0.022285,55.0,0.01453,0.01941,0.03409,18.397854,,,,,,,,,,,,,,,,,,0.8364,0.06871,-0.06722,0.046469,1.073687,5.926,0.04775,0.02985,0.4,2.61,0.1424,0.033729,55.0,0.01787,0.03543,0.04752,25.613609,0.9091,0.07508,-0.12413,0.056971,1.395613,7.249,0.06029,0.03014,0.3818,3.197,0.1412,0.040331,55.0,0.02607,0.04412,0.07183,40.721979,,,,,,,,,,,,,,,,,,JSWENERGY_data,,2026-10-01
RSI_Cross50_Up + OBV_Trend_Bull,RSI_Cross50_Up + OBV_Trend_Bull,combo_2,50,momentum,Bullish,,,,,,,,,,,,,,,,,,0.86,0.03796,-0.03747,0.027397,0.704477,7.416,0.02681,0.02229,0.48,1.379,0.093,0.024788,50.0,0.00952,0.01935,0.02563,20.541124,,,,,,,,,,,,,,,,,,0.03414,0.802776,0.88,8.205,0.96,24.863342,10,32.442951,0.0215,0.4267,0.1219,0,1,0.029132,0.02021,0.03655,0.0415,0.10508,0,0.9,0.04394,-0.0385,0.035692,0.825137,11.97,0.03588,0.01864,0.38,1.95,0.1219,0.031421,50.0,0.02021,0.03655,0.0415,32.442951,0.88,0.05783,-0.0963,0.039333,0.878715,5.231,0.03986,0.02357,0.42,2.388,0.119,0.031188,50.0,0.02258,0.04005,0.05455,18.07138,,,,,,,,,,,,,,,,,,,,,,,,,,,,,,,,,,,,,,,,,,,,,,,,,,,,JSWENERGY_data,,2026-10-01
Price_Above_SMA50 + CCI_Exit_Oversold,Price_Above_SMA50 + CCI_Exit_Oversold,combo_2,19,trend,Bullish,,,,,,,,,,,,,,,,,,,,,,,,,,,,,,,,,,,,,,,,,,,,,,,,,,,,0.05236,1.119303,0.8772,13.916,0.7368,24.707279,20,47.839357,0.02635,0.4211,0.3415,0,1,0.032724,0.03293,0.05061,0.06944,0.05115,1,0.7368,0.03445,-0.04975,0.012291,0.311585,2.664,0.01323,-0.02036,0.4211,2.025,0.2536,0.004237,19.0,0.01415,0.02272,0.0387,2.487029,,,,,,,,,,,,,,,,,,0.8947,0.08515,-0.03036,0.072988,1.596917,25.167,0.07655,0.06229,0.4737,2.864,0.2938,0.051841,19.0,0.03293,0.05061,0.06944,47.839357,1.0,0.0718,0.0,0.0718,1.449406,,0.07684,0.03712,0.3684,3.507,0.3415,0.042093,19.0,0.06215,0.06721,0.07318,4.342031,,,,,,,,,,,,,,,,,,JSWENERGY_data,,2026-10-01
Price_Above_SMA20 + OBV_Trend_Bull,Price_Above_SMA20 + OBV_Trend_Bull,combo_2,76,momentum,Bullish,,,,,,,,,,,,,,,,,,0.8816,0.03227,-0.03513,0.024291,0.62185,8.813,0.02357,0.02201,0.4605,1.348,0.0652,0.01761,74.0,0.00883,0.02281,0.02753,23.805648,,,,,,,,,,,,,,,,,,0.032739,0.780955,0.9123,7.628,0.9474,24.515565,15,26.620604,0.02415,0.4167,0.1005,0,1,0.023123,0.0295,0.03801,0.05607,0.0043,1,0.9342,0.04012,-0.09769,0.031052,0.754003,7.734,0.03254,0.02238,0.3947,1.906,0.1005,0.022741,74.0,0.02319,0.03394,0.03985,25.331936,0.9211,0.0572,-0.12428,0.042875,0.967011,6.337,0.04253,0.02806,0.3947,2.334,0.0818,0.029019,74.0,0.0295,0.03801,0.05607,26.620604,,,,,,,,,,,,,,,,,,,,,,,,,,,,,,,,,,,,,,,,,,,,,,,,,,,,JSWENERGY_data,,2026-10-01
Price_Above_SMA20,Price_Above_SMA20,single,80,momentum,Bullish,,,,,,,,,,,,,,,,,,0.8875,0.02897,-0.02987,0.022348,0.596599,10.319,0.02169,0.02045,0.475,1.337,0.0653,0.014615,77.0,0.01036,0.01969,0.02723,26.217245,,,,,,,,,,,,,,,,,,0.031306,0.776005,0.8958,7.276,0.9875,24.502687,5,26.217245,0.02517,0.45,0.0945,0,1,0.019886,0.01036,0.01969,0.02723,0.04214,1,0.9,0.04282,-0.07908,0.030633,0.781963,6.325,0.03238,0.027,0.4625,1.89,0.0945,0.019665,77.0,0.01952,0.0336,0.04009,21.735313,0.9,0.05853,-0.11735,0.040938,0.949453,5.185,0.04055,0.02806,0.4125,2.315,0.0793,0.025376,77.0,0.02602,0.03788,0.05368,21.633098,,,,,,,,,,,,,,,,,,,,,,,,,,,,,,,,,,,,,,,,,,,,,,,,,,,,JSWENERGY_data,,2026-10-01
Price_Above_EMA200 + BB_Lower_Touch,Price_Above_EMA200 + BB_Lower_Touch,combo_2,15,trend,Bullish,,,,,,,,,,,,,,,,,,,,,,,,,,,,,,,,,,,,,,,,,,,,,,,,,,,,0.03963,0.971827,0.9333,9.059,1.0,24.410496,30,31.121829,0.04727,0.5778,0.3193,0,1,0.029165,0.05865,0.06467,0.08943,0.24028,0,0.9333,0.04465,-0.07365,0.036764,0.835092,10.414,0.03625,0.04349,0.5333,2.204,0.1952,0.030264,15.0,0.03499,0.05598,0.07072,23.153678,,,,,,,,,,,,,,,,,,0.9333,0.05237,-0.14771,0.039036,0.957906,6.551,0.04049,0.04538,0.6,3.117,0.3193,0.025809,15.0,0.04771,0.0641,0.07273,17.399942,0.9333,0.05601,-0.13783,0.043089,1.122483,10.213,0.04443,0.05295,0.6,3.817,0.253,0.031424,15.0,0.05865,0.06467,0.08943,31.121829,,,,,,,,,,,,,,,,,,JSWENERGY_data,,2026-10-01
Stoch_Bull_Zone + CDL_Harami_Bull,Stoch_Bull_Zone + CDL_Harami_Bull,combo_2,13,momentum,Bullish,,,,,,,,,,,,,,,,,,0.9167,0.03137,-0.00021,0.028735,0.630647,2346.499,0.02872,0.03046,0.5,1.409,0.268,0.026537,12.0,0.0152,0.01783,0.03576,16.643123,,,,,,,,,,,,,,,,,,0.044461,0.995494,0.9444,1186.073,0.9167,24.082349,10,23.475574,0.03491,0.4722,0.268,0,1,0.040525,0.01894,0.05446,0.07831,0.10861,0,0.9167,0.04544,-0.02025,0.039963,0.889544,25.647,0.04084,0.03116,0.5,1.993,0.2577,0.036628,12.0,0.01894,0.05446,0.07831,23.475574,1.0,0.06468,0.0,0.064684,1.466291,,0.0655,0.04312,0.4167,2.441,0.2459,0.058409,12.0,0.05196,0.07703,0.08827,3.869626,,,,,,,,,,,,,,,,,,,,,,,,,,,,,,,,,,,,,,,,,,,,,,,,,,,,JSWENERGY_data,,2026-10-01
EMA_Bullish_State + MACD_Hist_Rising,EMA_Bullish_State + MACD_Hist_Rising,combo_2,120,momentum,Bullish,,,,,,,,,,,,,,,,,,0.8917,0.01941,-0.03122,0.013923,0.323364,9.65,0.01432,0.00761,0.425,1.322,0.0636,0.008758,116.0,0.00933,0.01875,0.02318,14.964379,,,,,,,,,,,,,,,,,,0.03008,0.63652,0.8806,8.149,0.9667,24.04597,15,33.227135,0.00764,0.3944,0.073,0,1,0.020539,0.01876,0.02599,0.03685,0.03104,1,0.8583,0.0441,-0.05135,0.030582,0.66014,7.315,0.03202,0.01231,0.375,1.869,0.073,0.022256,116.0,0.0125,0.02285,0.02909,23.159172,0.8917,0.06209,-0.08883,0.045737,0.926057,7.482,0.04558,0.003,0.3833,2.289,0.0536,0.030603,116.0,0.01876,0.02599,0.03685,33.227135,,,,,,,,,,,,,,,,,,,,,,,,,,,,,,,,,,,,,,,,,,,,,,,,,,,,JSWENERGY_data,,2026-10-01
MACD_Hist_Rising + Stoch_Bull_Zone,MACD_Hist_Rising + Stoch_Bull_Zone,combo_2,152,momentum,Bullish,,,,,,,,,,,,,,,,,,0.8553,0.02596,-0.04246,0.016061,0.34141,5.646,0.01643,0.01009,0.4671,1.348,0.0472,0.011901,150.0,0.00926,0.01662,0.02298,9.697411,,,,,,,,,,,,,,,,,,0.031925,0.694977,0.8772,6.961,0.9605,23.376365,15,40.970311,0.01923,0.4539,0.0552,0,1,0.026209,0.01866,0.03498,0.04503,0.01516,1,0.8816,0.04834,-0.06842,0.034514,0.761868,6.941,0.0362,0.02467,0.4605,1.907,0.0552,0.028591,150.0,0.01396,0.02643,0.0399,26.60092,0.8947,0.05961,-0.07732,0.045199,0.981652,8.297,0.04593,0.02292,0.4342,2.335,0.0443,0.038136,150.0,0.01866,0.03498,0.04503,40.970311,,,,,,,,,,,,,,,,,,,,,,,,,,,,,,,,,,,,,,,,,,,,,,,,,,,,JSWENERGY_data,,2026-10-01
Stoch_Bull_Zone + Williams_Oversold,Stoch_Bull_Zone + Williams_Oversold,combo_2,27,momentum,Bullish,,,,,,,,,,,,,,,,,,0.8148,0.03349,-0.0301,0.021712,0.240479,6.73,0.02292,0.01388,0.3704,1.446,0.2138,0.014602,27.0,0.00826,0.01528,0.02657,5.393144,,,,,,,,,,,,,,,,,,0.039697,0.727835,0.8272,10.886,0.963,23.354709,15,38.002874,0.02632,0.4198,0.2138,0,1,0.033641,0.01351,0.03078,0.0534,0.51401,0,0.8148,0.05301,-0.01898,0.03968,0.802555,14.115,0.04109,0.02177,0.4444,2.045,0.1792,0.032444,27.0,0.00951,0.01954,0.03655,26.742764,0.8519,0.07464,-0.03973,0.057698,1.140472,11.813,0.05824,0.0433,0.4444,2.504,0.1487,0.053876,27.0,0.01351,0.03078,0.0534,38.002874,,,,,,,,,,,,,,,,,,,,,,,,,,,,,,,,,,,,,,,,,,,,,,,,,,,,JSWENERGY_data,,2026-10-01
RSI_Bull_Momentum + Stoch_Bull_Zone,RSI_Bull_Momentum + Stoch_Bull_Zone,combo_2,130,momentum,Bullish,,,,,,,,,,,,,,,,,,0.8231,0.02335,-0.03966,0.012203,0.259205,4.414,0.01228,6e-05,0.4462,1.333,0.0469,0.011344,128.0,0.0079,0.01652,0.02257,5.578075,,,,,,,,,,,,,,,,,,0.030165,0.662947,0.8641,7.532,0.9308,22.658635,15,45.874544,0.01185,0.4205,0.0666,0,1,0.027571,0.01876,0.03538,0.04571,0.03026,1,0.8769,0.0414,-0.04397,0.03089,0.692354,9.111,0.03093,0.01712,0.4231,1.886,0.0666,0.028775,128.0,0.01567,0.02586,0.04064,30.752248,0.8923,0.06141,-0.06862,0.047403,1.037282,9.072,0.04735,0.01838,0.3923,2.309,0.0522,0.042592,128.0,0.01876,0.03538,0.04571,45.874544,,,,,,,,,,,,,,,,,,,,,,,,,,,,,,,,,,,,,,,,,,,,,,,,,,,,JSWENERGY_data,,2026-10-01
Price_Above_SMA20 + VWAP_Bull,Price_Above_SMA20 + VWAP_Bull,combo_2,78,momentum,Bullish,,,,,,,,,,,,,,,,,,0.8846,0.02787,-0.02987,0.021212,0.572775,9.76,0.02054,0.02045,0.4744,1.331,0.069,0.01452,75.0,0.01034,0.02006,0.02783,24.426982,,,,,,,,,,,,,,,,,,0.029901,0.746908,0.8932,6.909,0.9872,22.258533,5,24.426982,0.02477,0.453,0.0993,0,1,0.019312,0.01034,0.02006,0.02783,0.05165,1,0.8974,0.04121,-0.07916,0.028864,0.745554,6.008,0.03061,0.0258,0.4744,1.882,0.0993,0.018731,75.0,0.01935,0.03293,0.03938,19.571374,0.8974,0.05767,-0.11824,0.039626,0.922395,4.959,0.03926,0.02806,0.4103,2.305,0.0823,0.024686,75.0,0.02531,0.03763,0.0521,19.984851,,,,,,,,,,,,,,,,,,,,,,,,,,,,,,,,,,,,,,,,,,,,,,,,,,,,JSWENERGY_data,,2026-10-01
MACD_Hist_Positive + CMF_Strong_Bull,MACD_Hist_Positive + CMF_Strong_Bull,combo_2,39,momentum,Bullish,,,,,,,,,,,,,,,,,,0.8462,0.03461,-0.01266,0.027338,0.567664,18.659,0.0285,-0.00199,0.359,1.296,0.177,0.02576,39.0,0.00694,0.01735,0.02759,20.940424,,,,,,,,,,,,,,,,,,0.031859,0.612896,0.8376,10.708,0.9744,22.029273,5,20.940424,-0.00089,0.3504,0.1827,0,1,0.033018,0.00694,0.01735,0.02759,0.46437,0,0.8462,0.05062,-0.04869,0.03534,0.708221,7.436,0.0352,0.01334,0.359,1.833,0.1587,0.035358,39.0,0.00888,0.02307,0.03969,19.425741,0.8205,0.0525,-0.05672,0.032898,0.562803,6.03,0.03536,-0.01401,0.3333,2.245,0.1827,0.037936,39.0,0.01485,0.02998,0.04204,12.519239,,,,,,,,,,,,,,,,,,,,,,,,,,,,,,,,,,,,,,,,,,,,,,,,,,,,JSWENERGY_data,,2026-10-01
MACD_Bullish_State + CMF_Strong_Bull,MACD_Bullish_State + CMF_Strong_Bull,combo_2,39,momentum,Bullish,,,,,,,,,,,,,,,,,,0.8462,0.03461,-0.01266,0.027338,0.567664,18.659,0.0285,-0.00199,0.359,1.296,0.177,0.02576,39.0,0.00694,0.01735,0.02759,20.940424,,,,,,,,,,,,,,,,,,0.031859,0.612896,0.8376,10.708,0.9744,22.029273,5,20.940424,-0.00089,0.3504,0.1827,0,1,0.033018,0.00694,0.01735,0.02759,0.46437,0,0.8462,0.05062,-0.04869,0.03534,0.708221,7.436,0.0352,0.01334,0.359,1.833,0.1587,0.035358,39.0,0.00888,0.02307,0.03969,19.425741,0.8205,0.0525,-0.05672,0.032898,0.562803,6.03,0.03536,-0.01401,0.3333,2.245,0.1827,0.037936,39.0,0.01485,0.02998,0.04204,12.519239,,,,,,,,,,,,,,,,,,,,,,,,,,,,,,,,,,,,,,,,,,,,,,,,,,,,JSWENERGY_data,,2026-10-01
RSI_Bull_Momentum + OBV_Trend_Bull,RSI_Bull_Momentum + OBV_Trend_Bull,combo_2,93,momentum,Bullish,,,,,,,,,,,,,,,,,,0.8817,0.02958,-0.03461,0.021989,0.552218,7.999,0.02158,0.01444,0.4624,1.36,0.0598,0.019574,93.0,0.01035,0.01981,0.02501,20.067968,,,,,,,,,,,,,,,,,,0.028513,0.654659,0.8889,7.456,0.9892,21.936978,15,23.946035,0.01791,0.4301,0.079,0,1,0.025367,0.02198,0.03532,0.05454,0.04656,1,0.8925,0.03264,-0.04513,0.024279,0.563769,8.153,0.02559,0.01711,0.4086,1.923,0.079,0.022326,93.0,0.01884,0.02826,0.04094,20.882262,0.8925,0.05467,-0.08854,0.039271,0.847991,6.215,0.04041,0.02218,0.4194,2.355,0.0757,0.0342,93.0,0.02198,0.03532,0.05454,23.946035,,,,,,,,,,,,,,,,,,,,,,,,,,,,,,,,,,,,,,,,,,,,,,,,,,,,JSWENERGY_data,,2026-10-01
RSI_Cross50_Up + Stoch_Cross_Up,RSI_Cross50_Up + Stoch_Cross_Up,combo_2,21,momentum,Bullish,,,,,,,,,,,,,,,,,,0.7619,0.04549,-0.04187,0.024693,0.585946,4.068,0.02394,0.02039,0.4286,1.254,0.2162,0.027164,21.0,0.00907,0.01666,0.01971,7.3679,,,,,,,,,,,,,,,,,,0.034064,0.780784,0.8095,10.314,0.9048,21.835861,15,30.274142,0.0279,0.4444,0.3081,0,1,0.034576,0.01865,0.02193,0.03585,0.51847,0,0.8095,0.0451,-0.01882,0.032921,0.776991,12.474,0.03543,0.03482,0.5238,1.774,0.3081,0.032695,21.0,0.01865,0.01971,0.02284,24.017122,0.8571,0.05689,-0.02931,0.04458,0.979415,14.4,0.04459,0.02848,0.381,2.173,0.1996,0.043869,21.0,0.01865,0.02193,0.03585,30.274142,,,,,,,,,,,,,,,,,,,,,,,,,,,,,,,,,,,,,,,,,,,,,,,,,,,,JSWENERGY_data,,2026-10-01
RSI_Bull_Momentum + EMA_Bullish_State,RSI_Bull_Momentum + EMA_Bullish_State,combo_2,67,momentum,Bullish,,,,,,,,,,,,,,,,,,0.8657,0.01936,-0.02384,0.013555,0.338843,7.213,0.01378,0.00486,0.4328,1.317,0.1025,0.009382,67.0,0.01127,0.01872,0.02264,10.313234,,,,,,,,,,,,,,,,,,0.027757,0.622248,0.8657,8.76,0.9403,21.625811,15,40.482163,0.01081,0.393,0.1025,0,1,0.019586,0.01996,0.02998,0.04358,0.09885,1,0.8358,0.03663,-0.03058,0.025594,0.568498,8.273,0.02599,0.01434,0.3731,1.863,0.0855,0.01814,67.0,0.01562,0.0218,0.03267,19.845298,0.8955,0.05596,-0.0573,0.044123,0.959405,10.792,0.04524,0.01324,0.3731,2.282,0.0973,0.031236,67.0,0.01996,0.02998,0.04358,40.482163,,,,,,,,,,,,,,,,,,,,,,,,,,,,,,,,,,,,,,,,,,,,,,,,,,,,JSWENERGY_data,,2026-10-01
Price_Above_SMA20 + Price_Above_SMA50,Price_Above_SMA20 + Price_Above_SMA50,combo_2,73,trend,Bullish,,,,,,,,,,,,,,,,,,,,,,,,,,,,,,,,,,,,,,,,,,,,,,,,,,,,0.03689,0.835288,0.8995,6.271,0.9589,21.618436,30,34.305687,0.01765,0.3927,0.1025,0,1,0.020822,0.0276,0.04204,0.05834,0.02017,1,0.9178,0.02777,-0.07659,0.019195,0.450703,6.574,0.0199,0.0163,0.4658,1.796,0.1025,0.009707,70.0,0.01894,0.03266,0.03997,12.753312,,,,,,,,,,,,,,,,,,0.8767,0.05855,-0.0933,0.039832,0.864141,5.546,0.03867,0.0217,0.3973,2.54,0.0853,0.023526,70.0,0.02083,0.03871,0.04647,20.628568,0.9041,0.07057,-0.12676,0.051645,1.19102,6.692,0.05117,0.01496,0.3151,3.111,0.093,0.029234,70.0,0.0276,0.04204,0.05834,34.305687,,,,,,,,,,,,,,,,,,JSWENERGY_data,,2026-10-01
RSI_Bull_Momentum + Stoch_Cross_Up,RSI_Bull_Momentum + Stoch_Cross_Up,combo_2,101,momentum,Bullish,,,,,,,,,,,,,,,,,,0.7921,0.02618,-0.0398,0.012465,0.243779,3.881,0.01234,-0.00263,0.4158,1.306,0.0585,0.012778,99.0,0.0059,0.01443,0.02002,4.375517,,,,,,,,,,,,,,,,,,0.032702,0.725559,0.8416,7.044,0.9109,21.531537,15,47.751939,0.0128,0.4191,0.0796,0,1,0.03129,0.01865,0.02882,0.04484,0.10424,0,0.8515,0.04827,-0.04284,0.034737,0.777185,8.318,0.0355,0.0209,0.4554,1.847,0.0796,0.033795,99.0,0.01392,0.02156,0.03762,29.898102,0.8812,0.0668,-0.06701,0.050904,1.155711,8.934,0.05192,0.02013,0.3861,2.262,0.063,0.047298,99.0,0.01865,0.02882,0.04484,47.751939,,,,,,,,,,,,,,,,,,,,,,,,,,,,,,,,,,,,,,,,,,,,,,,,,,,,JSWENERGY_data,,2026-10-01
Price_Above_SMA50 + CMF_Positive,Price_Above_SMA50 + CMF_Positive,combo_2,60,trend,Bullish,,,,,,,,,,,,,,,,,,,,,,,,,,,,,,,,,,,,,,,,,,,,,,,,,,,,0.029026,0.565813,0.8667,10.518,0.9167,21.321547,30,38.029263,-1e-05,0.3778,0.1156,0,1,0.02237,0.02522,0.04354,0.05738,0.11495,0,0.8333,0.02456,-0.06172,0.010179,0.165034,3.445,0.01065,-0.00975,0.4333,1.747,0.1156,0.008714,59.0,0.01071,0.01929,0.02648,2.337417,,,,,,,,,,,,,,,,,,0.85,0.04404,-0.02925,0.033048,0.607317,12.551,0.03316,-0.00098,0.3333,2.47,0.0975,0.022311,59.0,0.01666,0.03127,0.0433,24.966017,0.9167,0.05289,-0.0556,0.04385,0.92509,15.559,0.04432,0.0107,0.3667,3.026,0.1089,0.036084,59.0,0.02522,0.04354,0.05738,38.029263,,,,,,,,,,,,,,,,,,JSWENERGY_data,,2026-10-01
CMF_Positive + CCI_Oversold,CMF_Positive + CCI_Oversold,combo_2,18,momentum,Bullish,,,,,,,,,,,,,,,,,,0.8889,0.02349,-0.01643,0.019058,0.422373,18.598,0.01921,0.02896,0.6111,1.392,0.217,0.01493,18.0,0.01676,0.02375,0.0284,12.436506,,,,,,,,,,,,,,,,,,0.034783,0.765635,0.8704,10.703,0.9444,21.291221,15,24.65041,0.02487,0.4815,0.2894,0,1,0.025947,0.021,0.03988,0.04893,0.37885,0,0.8333,0.05441,-0.0605,0.035261,0.847118,5.363,0.03472,0.02622,0.4444,1.968,0.1538,0.022397,18.0,0.01676,0.03103,0.04667,13.376509,0.8889,0.06585,-0.07648,0.050031,1.027414,8.148,0.04931,0.01943,0.3889,2.41,0.2894,0.040514,18.0,0.021,0.03988,0.04893,24.65041,,,,,,,,,,,,,,,,,,,,,,,,,,,,,,,,,,,,,,,,,,,,,,,,,,,,JSWENERGY_data,,2026-10-01
CMF_Strong_Bull + OBV_Trend_Bull,CMF_Strong_Bull + OBV_Trend_Bull,combo_2,44,momentum,Bullish,,,,,,,,,,,,,,,,,,0.7955,0.02781,-0.02639,0.016726,0.379654,5.88,0.01689,-0.00274,0.4318,1.393,0.1849,0.015107,44.0,0.0067,0.01555,0.02041,8.497365,,,,,,,,,,,,,,,,,,0.037544,0.76739,0.8409,7.763,0.9318,21.132317,15,45.21476,0.01411,0.3939,0.1849,0,1,0.038761,0.0199,0.03522,0.05862,0.32813,0,0.8636,0.05219,-0.0631,0.036465,0.734736,6.598,0.03684,0.03008,0.4318,1.971,0.1371,0.038226,44.0,0.00979,0.02307,0.04611,18.455273,0.8636,0.07755,-0.05523,0.059442,1.18778,10.812,0.06137,0.015,0.3182,2.413,0.1378,0.062949,44.0,0.0199,0.03522,0.05862,45.21476,,,,,,,,,,,,,,,,,,,,,,,,,,,,,,,,,,,,,,,,,,,,,,,,,,,,JSWENERGY_data,,2026-10-01
Price_Above_SMA20 + MACD_Hist_Rising,Price_Above_SMA20 + MACD_Hist_Rising,combo_2,132,momentum,Bullish,,,,,,,,,,,,,,,,,,0.9015,0.0219,-0.0425,0.01556,0.392591,8.147,0.0159,0.01213,0.4697,1.342,0.0554,0.012617,127.0,0.01037,0.02061,0.02598,15.641936,,,,,,,,,,,,,,,,,,0.028233,0.630464,0.8965,6.8,0.9848,20.649098,15,24.323939,0.01513,0.4217,0.0695,0,1,0.021501,0.02283,0.03414,0.04549,0.00978,1,0.8864,0.03952,-0.06764,0.027345,0.614583,6.629,0.02878,0.01551,0.4091,1.898,0.0695,0.021669,127.0,0.01885,0.02655,0.03519,19.922588,0.9015,0.05959,-0.12111,0.041794,0.88422,5.625,0.04093,0.01775,0.3864,2.325,0.0523,0.030216,127.0,0.02283,0.03414,0.04549,24.323939,,,,,,,,,,,,,,,,,,,,,,,,,,,,,,,,,,,,,,,,,,,,,,,,,,,,JSWENERGY_data,,2026-10-01
VWAP_Bull + CDL_InvertedHammer,VWAP_Bull + CDL_InvertedHammer,combo_2,12,momentum,Bullish,,,,,,,,,,,,,,,,,,0.75,0.06401,-0.05821,0.033453,0.581844,3.414,0.03349,0.01544,0.25,1.359,0.3776,0.028521,12.0,0.00468,0.01701,0.0242,5.094424,,,,,,,,,,,,,,,,,,0.062807,1.202769,0.75,6.685,1.0,20.623763,15,45.266529,0.03207,0.3333,0.3776,0,1,0.054269,0.01641,0.02124,0.04121,0.85803,0,0.75,0.09494,-0.04434,0.060118,1.191277,7.025,0.06202,0.04197,0.3333,1.923,0.349,0.049411,12.0,0.01226,0.02124,0.04012,21.465794,0.75,0.14227,-0.04742,0.094849,1.835187,9.617,0.09538,0.0388,0.4167,2.355,0.37,0.084876,12.0,0.01641,0.02124,0.04121,45.266529,,,,,,,,,,,,,,,,,,,,,,,,,,,,,,,,,,,,,,,,,,,,,,,,,,,,JSWENERGY_data,,2026-10-01
Price_Above_SMA20 + CMF_Positive,Price_Above_SMA20 + CMF_Positive,combo_2,67,momentum,Bullish,,,,,,,,,,,,,,,,,,0.8507,0.02559,-0.032,0.016994,0.433876,6.402,0.01672,0.0042,0.403,1.303,0.1071,0.011408,65.0,0.00745,0.01729,0.0204,11.720203,,,,,,,,,,,,,,,,,,0.027405,0.614051,0.8856,8.572,0.9254,20.552894,15,34.064277,0.01362,0.403,0.1075,0,1,0.018212,0.02668,0.03514,0.05405,0.01977,1,0.8806,0.03866,-0.05758,0.027167,0.600972,6.199,0.02731,0.01614,0.4328,1.843,0.0994,0.018369,65.0,0.01767,0.02498,0.03514,15.719508,0.9254,0.04545,-0.05364,0.038055,0.807305,13.116,0.03891,0.02052,0.3731,2.257,0.1075,0.024859,65.0,0.02668,0.03514,0.05405,34.064277,,,,,,,,,,,,,,,,,,,,,,,,,,,,,,,,,,,,,,,,,,,,,,,,,,,,JSWENERGY_data,,2026-10-01
EMA_Bullish_State + Williams_Oversold,EMA_Bullish_State + Williams_Oversold,combo_2,41,momentum,Bullish,,,,,,,,,,,,,,,,,,0.8537,0.02515,-0.06525,0.011924,0.319442,2.929,0.0125,0.01032,0.4634,1.365,0.1305,0.009052,41.0,0.00787,0.01525,0.03006,3.497354,,,,,,,,,,,,,,,,,,0.035399,0.853387,0.8699,6.432,0.9756,20.014543,15,53.377016,0.0218,0.4309,0.1305,0,1,0.0268,0.02314,0.03508,0.04596,0.25131,0,0.878,0.04879,-0.06788,0.034559,0.812637,6.208,0.03377,0.02177,0.439,1.931,0.1217,0.023987,41.0,0.01176,0.02508,0.03508,18.856603,0.878,0.07672,-0.06272,0.059713,1.428083,10.158,0.05979,0.03331,0.3902,2.364,0.1134,0.047362,41.0,0.02314,0.03508,0.04596,53.377016,,,,,,,,,,,,,,,,,,,,,,,,,,,,,,,,,,,,,,,,,,,,,,,,,,,,JSWENERGY_data,,2026-10-01
EMA_Bullish_State + CCI_Oversold,EMA_Bullish_State + CCI_Oversold,combo_2,29,momentum,Bullish,,,,,,,,,,,,,,,,,,0.8966,0.01485,-0.03157,0.010044,0.283087,7.082,0.01081,0.02089,0.5517,1.347,0.173,0.005651,29.0,0.01501,0.02056,0.02734,6.819138,,,,,,,,,,,,,,,,,,0.025421,0.600492,0.931,9.936,0.931,18.893344,15,33.478513,0.01627,0.4138,0.2242,0,1,0.015199,0.03467,0.04081,0.04736,0.03162,1,0.931,0.03038,-0.07654,0.023005,0.534075,7.018,0.02253,0.01148,0.3793,1.905,0.1365,0.011342,29.0,0.01902,0.02847,0.04181,12.748911,0.9655,0.0484,-0.10192,0.043212,0.984315,15.707,0.04254,0.01645,0.3103,2.333,0.2242,0.028603,29.0,0.03467,0.04081,0.04736,33.478513,,,,,,,,,,,,,,,,,,,,,,,,,,,,,,,,,,,,,,,,,,,,,,,,,,,,JSWENERGY_data,,2026-10-01
Price_Above_SMA50 + CMF_Strong_Bull,Price_Above_SMA50 + CMF_Strong_Bull,combo_2,45,trend,Bullish,,,,,,,,,,,,,,,,,,,,,,,,,,,,,,,,,,,,,,,,,,,,,,,,,,,,0.046807,0.8974,0.7926,5.643,0.9556,18.526077,30,33.199383,-0.00777,0.363,0.1504,0,1,0.045533,0.01837,0.03307,0.05189,0.81256,0,0.7778,0.04493,-0.06626,0.020218,0.265308,3.43,0.02059,-0.00459,0.4222,1.897,0.1504,0.024542,45.0,0.00888,0.01769,0.02435,3.484548,,,,,,,,,,,,,,,,,,0.7778,0.08906,-0.05534,0.056974,1.093597,6.994,0.05672,0.00031,0.3111,2.683,0.124,0.052085,45.0,0.01415,0.02655,0.04453,29.285275,0.8222,0.09665,-0.09135,0.063229,1.333295,6.504,0.0648,-0.01902,0.3556,3.286,0.1239,0.059972,45.0,0.01837,0.03307,0.05189,33.199383,,,,,,,,,,,,,,,,,,JSWENERGY_data,,2026-10-01
MACD_Hist_Rising + CMF_Positive,MACD_Hist_Rising + CMF_Positive,combo_2,110,momentum,Bullish,,,,,,,,,,,,,,,,,,0.8727,0.02415,-0.05073,0.014624,0.329399,5.639,0.0152,0.00277,0.4364,1.348,0.0621,0.013971,106.0,0.00842,0.01859,0.02405,8.747489,,,,,,,,,,,,,,,,,,0.030427,0.642469,0.8727,6.34,0.9636,18.485469,15,29.929548,0.00743,0.3879,0.0775,0,1,0.02651,0.02183,0.03194,0.04068,0.05031,1,0.8545,0.04786,-0.05896,0.032326,0.706029,6.256,0.034,0.01294,0.4,1.907,0.0775,0.029193,106.0,0.01568,0.02419,0.02942,20.803064,0.8909,0.06064,-0.08882,0.044332,0.89198,7.125,0.04422,0.0066,0.3273,2.335,0.061,0.036364,106.0,0.02183,0.03194,0.04068,29.929548,,,,,,,,,,,,,,,,,,,,,,,,,,,,,,,,,,,,,,,,,,,,,,,,,,,,JSWENERGY_data,,2026-10-01
MACD_Hist_Rising + OBV_Trend_Bull,MACD_Hist_Rising + OBV_Trend_Bull,combo_2,136,momentum,Bullish,,,,,,,,,,,,,,,,,,0.9118,0.02115,-0.05155,0.014733,0.356144,7.605,0.015,0.00915,0.4706,1.368,0.0531,0.013635,132.0,0.01286,0.02103,0.02617,13.326022,,,,,,,,,,,,,,,,,,0.026665,0.564802,0.9069,6.743,0.9853,18.461561,15,24.117979,0.00888,0.4118,0.066,0,1,0.021591,0.02295,0.03327,0.04516,0.00288,1,0.8971,0.03863,-0.07946,0.026474,0.550828,6.398,0.02775,0.01089,0.3824,1.934,0.066,0.02234,132.0,0.01957,0.02652,0.03416,17.338898,0.9118,0.05435,-0.122,0.03879,0.787433,6.225,0.03833,0.0066,0.3824,2.369,0.0508,0.028799,132.0,0.02295,0.03327,0.04516,24.117979,,,,,,,,,,,,,,,,,,,,,,,,,,,,,,,,,,,,,,,,,,,,,,,,,,,,JSWENERGY_data,,2026-10-01
Stoch_Cross_Up + Stoch_Bull_Zone,Stoch_Cross_Up + Stoch_Bull_Zone,combo_2,141,momentum,Bullish,,,,,,,,,,,,,,,,,,0.8,0.02449,-0.03842,0.01191,0.254883,3.951,0.01188,-0.00227,0.4357,1.349,0.0444,0.01009,138.0,0.00738,0.01436,0.02183,4.990411,,,,,,,,,,,,,,,,,,0.03114,0.674174,0.8429,5.992,0.9214,18.446963,15,43.555126,0.01711,0.4429,0.0586,0,1,0.027614,0.0186,0.02955,0.04786,0.07097,1,0.85,0.04988,-0.06125,0.033212,0.713431,5.689,0.03343,0.02675,0.4714,1.907,0.0586,0.029419,138.0,0.01332,0.02258,0.03587,20.11296,0.8786,0.0643,-0.06749,0.048299,1.054209,8.337,0.04804,0.02685,0.4214,2.336,0.0476,0.043333,138.0,0.0186,0.02955,0.04786,43.555126,,,,,,,,,,,,,,,,,,,,,,,,,,,,,,,,,,,,,,,,,,,,,,,,,,,,JSWENERGY_data,,2026-10-01
RSI_Bull_Momentum + MACD_Hist_Rising,RSI_Bull_Momentum + MACD_Hist_Rising,combo_2,137,momentum,Bullish,,,,,,,,,,,,,,,,,,0.8686,0.02258,-0.04383,0.013857,0.350817,5.755,0.01417,0.0042,0.4526,1.327,0.055,0.01067,133.0,0.0091,0.01842,0.02277,9.947828,,,,,,,,,,,,,,,,,,0.029049,0.647659,0.8662,6.09,0.9489,18.442531,15,29.37605,0.00956,0.3966,0.0657,0,1,0.022993,0.01934,0.03015,0.04142,0.03038,1,0.8394,0.04452,-0.0521,0.029007,0.660494,6.117,0.03036,0.01312,0.3796,1.877,0.0657,0.024073,133.0,0.01525,0.02194,0.03116,19.90737,0.8905,0.06191,-0.09912,0.044282,0.931666,6.399,0.04366,0.01137,0.3577,2.298,0.0487,0.034236,133.0,0.01934,0.03015,0.04142,29.37605,,,,,,,,,,,,,,,,,,,,,,,,,,,,,,,,,,,,,,,,,,,,,,,,,,,,JSWENERGY_data,,2026-10-01
Price_Above_EMA200 + CCI_Oversold,Price_Above_EMA200 + CCI_Oversold,combo_2,34,trend,Bullish,,,,,,,,,,,,,,,,,,,,,,,,,,,,,,,,,,,,,,,,,,,,,,,,,,,,0.026264,0.527735,0.9608,10.514,0.9706,18.21097,20,21.899737,0.02797,0.5098,0.1769,0,1,0.021876,0.04038,0.04786,0.06536,0.01588,1,0.9412,0.03349,-0.08536,0.026503,0.570977,9.105,0.02649,0.02768,0.5,2.037,0.0993,0.02209,34.0,0.02638,0.03364,0.04574,18.48292,,,,,,,,,,,,,,,,,,0.9706,0.03645,-0.14266,0.03118,0.615966,12.641,0.0343,0.0326,0.5294,2.881,0.1681,0.031284,34.0,0.04038,0.04786,0.06536,21.899737,0.9706,0.02783,-0.20081,0.021109,0.396262,9.795,0.02357,0.02363,0.5,3.529,0.1769,0.012256,34.0,0.04269,0.06359,0.09351,13.800014,,,,,,,,,,,,,,,,,,JSWENERGY_data,,2026-10-01
Price_Above_SMA20 + MACD_Hist_Positive,Price_Above_SMA20 + MACD_Hist_Positive,combo_2,68,momentum,Bullish,,,,,,,,,,,,,,,,,,0.8971,0.02936,-0.0377,0.02246,0.574764,9.216,0.0238,0.0093,0.4412,1.344,0.1084,0.019445,68.0,0.00981,0.0173,0.02203,22.427675,,,,,,,,,,,,,,,,,,0.031235,0.744589,0.8529,6.136,0.9265,17.922586,5,22.427675,0.01595,0.3971,0.1084,0,1,0.027645,0.00981,0.0173,0.02203,0.07826,1,0.8382,0.05134,-0.06465,0.032574,0.77315,5.092,0.03286,0.01699,0.3529,1.9,0.1066,0.029181,68.0,0.01453,0.02383,0.03528,16.66971,0.8235,0.0651,-0.08467,0.038672,0.885855,4.1,0.0395,0.02157,0.3971,2.327,0.1078,0.034309,68.0,0.01768,0.03067,0.03882,15.379221,,,,,,,,,,,,,,,,,,,,,,,,,,,,,,,,,,,,,,,,,,,,,,,,,,,,JSWENERGY_data,,2026-10-01
Price_Above_SMA20 + MACD_Bullish_State,Price_Above_SMA20 + MACD_Bullish_State,combo_2,68,momentum,Bullish,,,,,,,,,,,,,,,,,,0.8971,0.02936,-0.0377,0.02246,0.574764,9.216,0.0238,0.0093,0.4412,1.344,0.1084,0.019445,68.0,0.00981,0.0173,0.02203,22.427675,,,,,,,,,,,,,,,,,,0.031235,0.744589,0.8529,6.136,0.9265,17.922586,5,22.427675,0.01595,0.3971,0.1084,0,1,0.027645,0.00981,0.0173,0.02203,0.07826,1,0.8382,0.05134,-0.06465,0.032574,0.77315,5.092,0.03286,0.01699,0.3529,1.9,0.1066,0.029181,68.0,0.01453,0.02383,0.03528,16.66971,0.8235,0.0651,-0.08467,0.038672,0.885855,4.1,0.0395,0.02157,0.3971,2.327,0.1078,0.034309,68.0,0.01768,0.03067,0.03882,15.379221,,,,,,,,,,,,,,,,,,,,,,,,,,,,,,,,,,,,,,,,,,,,,,,,,,,,JSWENERGY_data,,2026-10-01
EMA_Bullish_State + Stoch_Bull_Zone,EMA_Bullish_State + Stoch_Bull_Zone,combo_2,108,momentum,Bullish,,,,,,,,,,,,,,,,,,0.8333,0.01716,-0.03643,0.008232,0.169101,4.529,0.00854,-0.00445,0.4352,1.325,0.0631,0.00507,106.0,0.0078,0.01577,0.02205,3.592984,,,,,,,,,,,,,,,,,,0.026759,0.592143,0.858,6.777,0.9444,17.779907,15,48.826316,0.01102,0.4259,0.0842,0,1,0.021235,0.01631,0.0278,0.04161,0.05959,1,0.8519,0.04132,-0.06324,0.025826,0.566555,4.965,0.02662,0.01522,0.4167,1.874,0.0842,0.021714,106.0,0.01374,0.02408,0.03355,13.196381,0.8889,0.05887,-0.05496,0.046219,1.040774,10.837,0.04694,0.02227,0.4259,2.295,0.0633,0.036919,106.0,0.01631,0.0278,0.04161,48.826316,,,,,,,,,,,,,,,,,,,,,,,,,,,,,,,,,,,,,,,,,,,,,,,,,,,,JSWENERGY_data,,2026-10-01
CMF_Positive,CMF_Positive,single,53,momentum,Bullish,,,,,,,,,,,,,,,,,,0.8491,0.02204,-0.04256,0.012291,0.306889,4.009,0.01307,0.00293,0.3962,1.28,0.1614,0.009135,52.0,0.00566,0.01633,0.02063,4.907443,,,,,,,,,,,,,,,,,,0.026414,0.598051,0.8742,7.864,0.9434,17.697983,15,32.992246,0.01281,0.4025,0.1614,0,1,0.022173,0.02463,0.03223,0.04747,0.09483,1,0.8679,0.03948,-0.04207,0.028705,0.660182,7.648,0.02924,0.01443,0.3962,1.81,0.1024,0.024098,52.0,0.01365,0.02464,0.03005,20.141291,0.9057,0.04704,-0.04617,0.038247,0.827084,11.934,0.0377,0.02107,0.4151,2.217,0.0857,0.033287,52.0,0.02463,0.03223,0.04747,32.992246,,,,,,,,,,,,,,,,,,,,,,,,,,,,,,,,,,,,,,,,,,,,,,,,,,,,JSWENERGY_data,,2026-10-01
Price_Above_SMA50 + MACD_Bullish_State,Price_Above_SMA50 + MACD_Bullish_State,combo_2,64,trend,Bullish,,,,,,,,,,,,,,,,,,,,,,,,,,,,,,,,,,,,,,,,,,,,,,,,,,,,0.036839,0.783004,0.8646,5.758,0.9375,17.643479,30,26.392191,0.01056,0.3854,0.1132,0,1,0.030021,0.03099,0.03976,0.06461,0.16132,0,0.8438,0.04126,-0.05967,0.025494,0.519193,5.079,0.02493,0.00567,0.3594,1.816,0.1132,0.021831,64.0,0.01357,0.01958,0.037,11.008009,,,,,,,,,,,,,,,,,,0.8438,0.06012,-0.07129,0.039587,0.821104,5.926,0.03848,0.01392,0.4062,2.569,0.098,0.032428,64.0,0.01756,0.03315,0.04453,20.31369,0.9062,0.06444,-0.13826,0.045436,1.008715,6.268,0.0444,0.01208,0.3906,3.146,0.0901,0.035803,64.0,0.03099,0.03976,0.06461,26.392191,,,,,,,,,,,,,,,,,,JSWENERGY_data,,2026-10-01
Price_Above_SMA50 + MACD_Hist_Positive,Price_Above_SMA50 + MACD_Hist_Positive,combo_2,64,trend,Bullish,,,,,,,,,,,,,,,,,,,,,,,,,,,,,,,,,,,,,,,,,,,,,,,,,,,,0.036839,0.783004,0.8646,5.758,0.9375,17.643479,30,26.392191,0.01056,0.3854,0.1132,0,1,0.030021,0.03099,0.03976,0.06461,0.16132,0,0.8438,0.04126,-0.05967,0.025494,0.519193,5.079,0.02493,0.00567,0.3594,1.816,0.1132,0.021831,64.0,0.01357,0.01958,0.037,11.008009,,,,,,,,,,,,,,,,,,0.8438,0.06012,-0.07129,0.039587,0.821104,5.926,0.03848,0.01392,0.4062,2.569,0.098,0.032428,64.0,0.01756,0.03315,0.04453,20.31369,0.9062,0.06444,-0.13826,0.045436,1.008715,6.268,0.0444,0.01208,0.3906,3.146,0.0901,0.035803,64.0,0.03099,0.03976,0.06461,26.392191,,,,,,,,,,,,,,,,,,JSWENERGY_data,,2026-10-01
CMF_Strong_Bull + VWAP_Bull,CMF_Strong_Bull + VWAP_Bull,combo_2,42,momentum,Bullish,,,,,,,,,,,,,,,,,,0.7857,0.02401,-0.02043,0.014488,0.262706,6.723,0.01465,-0.00405,0.381,1.339,0.2072,0.013987,42.0,0.00661,0.01209,0.02106,6.643309,,,,,,,,,,,,,,,,,,0.036726,0.677366,0.8175,7.188,0.9524,17.44158,15,35.810137,0.00964,0.381,0.2072,0,1,0.038231,0.01649,0.02893,0.04754,0.54362,0,0.8333,0.05441,-0.05537,0.036114,0.664874,6.221,0.03649,0.01808,0.4286,1.894,0.142,0.038027,42.0,0.00726,0.0226,0.03814,15.558199,0.8333,0.08326,-0.05884,0.059576,1.104519,8.62,0.06156,0.01488,0.3333,2.32,0.1392,0.062678,42.0,0.01649,0.02893,0.04754,35.810137,,,,,,,,,,,,,,,,,,,,,,,,,,,,,,,,,,,,,,,,,,,,,,,,,,,,JSWENERGY_data,,2026-10-01
CMF_Positive + CMF_Strong_Bull,CMF_Positive + CMF_Strong_Bull,combo_2,43,momentum,Bullish,,,,,,,,,,,,,,,,,,0.7907,0.02271,-0.02043,0.013681,0.246599,6.716,0.01384,-0.00458,0.3721,1.347,0.2072,0.010446,43.0,0.00665,0.0127,0.02005,6.266818,,,,,,,,,,,,,,,,,,0.036136,0.666707,0.8217,7.234,0.9535,17.402358,15,35.779543,0.01124,0.3721,0.2072,0,1,0.035045,0.01675,0.03027,0.05106,0.51494,0,0.8372,0.05381,-0.05537,0.036038,0.664492,6.305,0.03641,0.02144,0.4186,1.905,0.1401,0.035282,43.0,0.00749,0.02283,0.03851,15.853575,0.8372,0.08153,-0.05877,0.05869,1.089029,8.682,0.06068,0.01686,0.3256,2.333,0.1383,0.059406,43.0,0.01675,0.03027,0.05106,35.779543,,,,,,,,,,,,,,,,,,,,,,,,,,,,,,,,,,,,,,,,,,,,,,,,,,,,JSWENERGY_data,,2026-10-01
CMF_Strong_Bull,CMF_Strong_Bull,single,43,momentum,Bullish,,,,,,,,,,,,,,,,,,0.7907,0.02271,-0.02043,0.013681,0.246599,6.716,0.01384,-0.00458,0.3721,1.347,0.2072,0.010446,43.0,0.00665,0.0127,0.02005,6.266818,,,,,,,,,,,,,,,,,,0.036136,0.666707,0.8217,7.234,0.9535,17.402358,15,35.779543,0.01124,0.3721,0.2072,0,1,0.035045,0.01675,0.03027,0.05106,0.51494,0,0.8372,0.05381,-0.05537,0.036038,0.664492,6.305,0.03641,0.02144,0.4186,1.905,0.1401,0.035282,43.0,0.00749,0.02283,0.03851,15.853575,0.8372,0.08153,-0.05877,0.05869,1.089029,8.682,0.06068,0.01686,0.3256,2.333,0.1383,0.059406,43.0,0.01675,0.03027,0.05106,35.779543,,,,,,,,,,,,,,,,,,,,,,,,,,,,,,,,,,,,,,,,,,,,,,,,,,,,JSWENERGY_data,,2026-10-01
Price_Above_EMA200 + Williams_Oversold,Price_Above_EMA200 + Williams_Oversold,combo_2,44,trend,Bullish,,,,,,,,,,,,,,,,,,,,,,,,,,,,,,,,,,,,,,,,,,,,,,,,,,,,0.046782,0.981967,0.8182,4.867,0.9545,17.365908,20,19.201795,0.04077,0.4697,0.1126,0,1,0.041829,0.01606,0.03571,0.05986,0.50419,0,0.8409,0.05001,-0.05363,0.033518,0.692151,6.064,0.03277,0.02329,0.4545,2.004,0.1126,0.029079,44.0,0.0111,0.02835,0.03521,15.977455,,,,,,,,,,,,,,,,,,0.7955,0.08945,-0.08308,0.054158,1.128006,4.472,0.05373,0.04233,0.4318,2.833,0.0971,0.052293,44.0,0.01606,0.03571,0.05986,19.201795,0.8182,0.0917,-0.12297,0.05267,1.125744,4.065,0.05274,0.05668,0.5227,3.47,0.0937,0.044113,44.0,0.01606,0.03934,0.07355,17.420117,,,,,,,,,,,,,,,,,,JSWENERGY_data,,2026-10-01
EMA_Bullish_State + BB_Lower_Bounce,EMA_Bullish_State + BB_Lower_Bounce,combo_2,17,momentum,Bullish,,,,,,,,,,,,,,,,,,0.9412,0.02675,-0.02977,0.023428,0.558057,21.319,0.02165,0.02398,0.5294,1.474,0.2388,0.015047,17.0,0.02332,0.02714,0.03051,16.129922,,,,,,,,,,,,,,,,,,0.027132,0.600787,0.9412,12.472,1.0,17.364989,15,23.591216,0.01326,0.4706,0.3152,0,1,0.019131,0.02936,0.03461,0.04816,0.17409,0,0.9412,0.02515,-0.1097,0.017219,0.382178,6.631,0.01716,0.01363,0.4706,2.085,0.237,0.010313,17.0,0.02832,0.03086,0.03389,7.324584,0.9412,0.051,-0.12326,0.040748,0.862127,9.467,0.04161,0.00217,0.4118,2.553,0.3152,0.032034,17.0,0.02936,0.03461,0.04816,23.591216,,,,,,,,,,,,,,,,,,,,,,,,,,,,,,,,,,,,,,,,,,,,,,,,,,,,JSWENERGY_data,,2026-10-01
Stoch_Bull_Zone + OBV_Trend_Bull,Stoch_Bull_Zone + OBV_Trend_Bull,combo_2,124,momentum,Bullish,,,,,,,,,,,,,,,,,,0.8387,0.02214,-0.04653,0.011066,0.251644,4.11,0.01117,0.00079,0.4435,1.364,0.0493,0.009976,123.0,0.00764,0.01667,0.0235,4.993393,,,,,,,,,,,,,,,,,,0.025544,0.527851,0.8737,7.241,0.9274,17.116319,15,39.653739,0.01361,0.4382,0.072,0,1,0.021845,0.01956,0.03392,0.04808,0.00638,1,0.871,0.03804,-0.06039,0.025339,0.510634,6.147,0.02577,0.01748,0.4516,1.928,0.072,0.021665,123.0,0.01533,0.02461,0.03867,15.155207,0.9113,0.05027,-0.06296,0.040227,0.821275,11.468,0.03992,0.02255,0.4194,2.362,0.0571,0.033893,123.0,0.01956,0.03392,0.04808,39.653739,,,,,,,,,,,,,,,,,,,,,,,,,,,,,,,,,,,,,,,,,,,,,,,,,,,,JSWENERGY_data,,2026-10-01
RSI_Bull_Momentum + CMF_Positive,RSI_Bull_Momentum + CMF_Positive,combo_2,85,momentum,Bullish,,,,,,,,,,,,,,,,,,0.8353,0.0242,-0.0328,0.01481,0.323832,4.993,0.01481,0.00395,0.4,1.312,0.096,0.01265,84.0,0.00732,0.0158,0.02023,7.202045,,,,,,,,,,,,,,,,,,0.025224,0.531855,0.8627,7.619,0.9412,16.988029,15,33.254506,0.01132,0.4039,0.096,0,1,0.020197,0.01924,0.0329,0.04549,0.07012,1,0.8588,0.03382,-0.03465,0.024152,0.520202,7.93,0.02514,0.01488,0.4353,1.855,0.0703,0.019479,84.0,0.01582,0.02168,0.03441,18.375173,0.8941,0.04729,-0.05265,0.03671,0.751531,9.934,0.03801,0.01512,0.3765,2.272,0.0885,0.028463,84.0,0.01924,0.0329,0.04549,33.254506,,,,,,,,,,,,,,,,,,,,,,,,,,,,,,,,,,,,,,,,,,,,,,,,,,,,JSWENERGY_data,,2026-10-01
CMF_Positive + CDL_Harami_Bull,CMF_Positive + CDL_Harami_Bull,combo_2,25,momentum,Bullish,,,,,,,,,,,,,,,,,,0.92,0.01656,-0.04326,0.011776,0.282269,8.377,0.01153,0.00911,0.44,1.435,0.2435,0.00056,23.0,0.01522,0.01918,0.02239,7.703781,,,,,,,,,,,,,,,,,,0.025851,0.561236,0.8933,10.372,0.92,16.822757,15,38.321673,-0.00296,0.3733,0.2944,0,1,0.010303,0.02578,0.04545,0.04947,0.16898,0,0.84,0.02134,-0.03567,0.012215,0.225241,6.701,0.01447,-0.02044,0.36,2.03,0.2944,-0.001638,23.0,0.01688,0.0221,0.02749,4.917862,0.92,0.0632,-0.05735,0.053561,1.176198,16.039,0.05553,0.00243,0.32,2.486,0.267,0.031987,23.0,0.02578,0.04545,0.04947,38.321673,,,,,,,,,,,,,,,,,,,,,,,,,,,,,,,,,,,,,,,,,,,,,,,,,,,,JSWENERGY_data,,2026-10-01
EMA_Bullish_State + MACD_Bullish_State,EMA_Bullish_State + MACD_Bullish_State,combo_2,44,momentum,Bullish,,,,,,,,,,,,,,,,,,0.9091,0.02974,-0.04125,0.023282,0.519832,9.242,0.0251,0.00303,0.3409,1.27,0.17,0.020514,44.0,0.00954,0.01562,0.01953,18.28811,,,,,,,,,,,,,,,,,,0.032458,0.687836,0.8333,7.202,0.8864,16.713526,15,24.393861,0.00261,0.3333,0.17,0,1,0.028118,0.01325,0.02094,0.03103,0.10133,0,0.7955,0.05198,-0.04963,0.031196,0.671719,5.014,0.03154,0.00347,0.2955,1.797,0.1527,0.028158,44.0,0.01092,0.01626,0.02513,12.819754,0.7955,0.06439,-0.0407,0.042895,0.871956,7.349,0.04495,0.00133,0.3636,2.2,0.162,0.035681,44.0,0.01325,0.02094,0.03103,24.393861,,,,,,,,,,,,,,,,,,,,,,,,,,,,,,,,,,,,,,,,,,,,,,,,,,,,JSWENERGY_data,,2026-10-01
EMA_Bullish_State + MACD_Hist_Positive,EMA_Bullish_State + MACD_Hist_Positive,combo_2,44,momentum,Bullish,,,,,,,,,,,,,,,,,,0.9091,0.02974,-0.04125,0.023282,0.519832,9.242,0.0251,0.00303,0.3409,1.27,0.17,0.020514,44.0,0.00954,0.01562,0.01953,18.28811,,,,,,,,,,,,,,,,,,0.032458,0.687836,0.8333,7.202,0.8864,16.713526,15,24.393861,0.00261,0.3333,0.17,0,1,0.028118,0.01325,0.02094,0.03103,0.10133,0,0.7955,0.05198,-0.04963,0.031196,0.671719,5.014,0.03154,0.00347,0.2955,1.797,0.1527,0.028158,44.0,0.01092,0.01626,0.02513,12.819754,0.7955,0.06439,-0.0407,0.042895,0.871956,7.349,0.04495,0.00133,0.3636,2.2,0.162,0.035681,44.0,0.01325,0.02094,0.03103,24.393861,,,,,,,,,,,,,,,,,,,,,,,,,,,,,,,,,,,,,,,,,,,,,,,,,,,,JSWENERGY_data,,2026-10-01
CMF_Positive + CCI_Exit_Oversold,CMF_Positive + CCI_Exit_Oversold,combo_2,14,momentum,Bullish,,,,,,,,,,,,,,,,,,0.8571,0.03575,-0.04576,0.024109,0.583959,5.497,0.02584,0.01978,0.5,1.417,0.3493,0.019948,14.0,0.01327,0.02515,0.03457,8.693418,,,,,,,,,,,,,,,,,,0.032124,0.661119,0.9048,20.763,0.9286,16.624616,15,21.340953,0.01453,0.4524,0.3891,0,1,0.029693,0.02314,0.04816,0.06213,0.26812,0,0.9286,0.03527,-0.05957,0.028496,0.611341,10.772,0.02988,0.02796,0.5,2.004,0.2622,0.028928,14.0,0.02314,0.04816,0.06213,16.555434,0.9286,0.04862,-0.01935,0.043767,0.788056,46.018,0.0458,-0.00415,0.3571,2.455,0.3891,0.040204,14.0,0.02314,0.04816,0.06213,21.340953,,,,,,,,,,,,,,,,,,,,,,,,,,,,,,,,,,,,,,,,,,,,,,,,,,,,JSWENERGY_data,,2026-10-01
EMA_Bullish_State + Stoch_Cross_Up,EMA_Bullish_State + Stoch_Cross_Up,combo_2,115,momentum,Bullish,,,,,,,,,,,,,,,,,,0.8174,0.02132,-0.03493,0.011047,0.229965,4.483,0.01065,0.00395,0.4435,1.35,0.0567,0.007599,113.0,0.00692,0.01501,0.02215,4.900967,,,,,,,,,,,,,,,,,,0.027383,0.622623,0.8435,5.899,0.9391,16.395201,15,43.877142,0.01405,0.4319,0.0789,0,1,0.021179,0.01634,0.02878,0.04732,0.10054,0,0.8348,0.0432,-0.06394,0.025495,0.591323,4.393,0.02665,0.0163,0.4348,1.91,0.0789,0.020893,113.0,0.01323,0.02186,0.03424,12.347748,0.8783,0.0605,-0.0618,0.045608,1.046581,8.819,0.04649,0.02191,0.4174,2.339,0.0594,0.035045,113.0,0.01634,0.02878,0.04732,43.877142,,,,,,,,,,,,,,,,,,,,,,,,,,,,,,,,,,,,,,,,,,,,,,,,,,,,JSWENERGY_data,,2026-10-01
CMF_Positive + VWAP_Bull,CMF_Positive + VWAP_Bull,combo_2,53,momentum,Bullish,,,,,,,,,,,,,,,,,,0.8302,0.02724,-0.04098,0.015659,0.380838,4.207,0.01637,0.00293,0.3585,1.275,0.1428,0.014197,52.0,0.00394,0.01569,0.02063,6.391158,,,,,,,,,,,,,,,,,,0.025806,0.592413,0.8616,7.327,0.9245,16.007861,15,32.699627,0.0116,0.3962,0.1428,0,1,0.02424,0.02463,0.03223,0.04747,0.09483,1,0.8491,0.03616,-0.0439,0.024079,0.576653,5.97,0.02542,0.01078,0.3962,1.803,0.1089,0.022883,52.0,0.01129,0.0226,0.02641,13.732017,0.9057,0.04642,-0.04617,0.037681,0.819748,11.804,0.03713,0.02107,0.434,2.208,0.0866,0.035639,52.0,0.02463,0.03223,0.04747,32.699627,,,,,,,,,,,,,,,,,,,,,,,,,,,,,,,,,,,,,,,,,,,,,,,,,,,,JSWENERGY_data,,2026-10-01
CMF_Positive + OBV_Trend_Bull,CMF_Positive + OBV_Trend_Bull,combo_2,62,momentum,Bullish,,,,,,,,,,,,,,,,,,0.8387,0.02092,-0.03774,0.011462,0.263145,4.28,0.01098,-0.00329,0.3871,1.29,0.1354,0.009735,61.0,0.00548,0.01365,0.01991,4.665809,,,,,,,,,,,,,,,,,,0.020236,0.435507,0.8871,9.738,0.9032,15.870379,15,23.260678,0.00793,0.3925,0.1354,0,1,0.020112,0.02456,0.03261,0.04725,0.0131,1,0.8871,0.03034,-0.04226,0.022139,0.481947,7.759,0.02277,0.01295,0.4355,1.825,0.1002,0.022083,61.0,0.01544,0.02372,0.03046,15.49196,0.9355,0.03171,-0.03959,0.027107,0.561427,17.176,0.0293,0.01413,0.3548,2.235,0.1304,0.028518,61.0,0.02456,0.03261,0.04725,23.260678,,,,,,,,,,,,,,,,,,,,,,,,,,,,,,,,,,,,,,,,,,,,,,,,,,,,JSWENERGY_data,,2026-10-01
EMA_Bullish_State + Price_Above_SMA20,EMA_Bullish_State + Price_Above_SMA20,combo_2,54,momentum,Bullish,,,,,,,,,,,,,,,,,,0.8889,0.01715,-0.03018,0.011889,0.30493,7.321,0.01113,0.00453,0.463,1.265,0.1284,0.001874,51.0,0.00946,0.01848,0.02507,8.946331,,,,,,,,,,,,,,,,,,0.02357,0.53751,0.8889,7.247,1.0,15.608894,15,26.528671,0.01243,0.4321,0.1313,0,1,0.006915,0.01833,0.03031,0.03855,0.13991,0,0.8889,0.03479,-0.06857,0.023302,0.552562,5.65,0.02414,0.01708,0.463,1.789,0.1253,0.008075,51.0,0.01738,0.02668,0.03469,12.511821,0.8889,0.04687,-0.0553,0.035519,0.755037,8.768,0.03561,0.01569,0.3704,2.191,0.1313,0.010796,51.0,0.01833,0.03031,0.03855,26.528671,,,,,,,,,,,,,,,,,,,,,,,,,,,,,,,,,,,,,,,,,,,,,,,,,,,,JSWENERGY_data,,2026-10-01
MACD_Hist_Rising,MACD_Hist_Rising,single,176,momentum,Bullish,,,,,,,,,,,,,,,,,,0.8636,0.02319,-0.03827,0.014813,0.317755,6.423,0.01511,0.00915,0.4489,1.371,0.0422,0.011698,171.0,0.00914,0.01732,0.02305,10.56427,,,,,,,,,,,,,,,,,,0.026817,0.558673,0.8598,5.417,0.9773,15.308258,15,19.453786,0.01336,0.4242,0.0516,0,1,0.020813,0.01733,0.02759,0.04445,0.09143,1,0.8466,0.04528,-0.06914,0.027728,0.59295,4.917,0.02873,0.01398,0.4148,1.939,0.0516,0.021691,171.0,0.01214,0.02307,0.03071,15.090058,0.8693,0.05877,-0.10087,0.03791,0.765313,4.911,0.03815,0.01696,0.4091,2.374,0.0403,0.02905,171.0,0.01733,0.02759,0.04445,19.453786,,,,,,,,,,,,,,,,,,,,,,,,,,,,,,,,,,,,,,,,,,,,,,,,,,,,JSWENERGY_data,,2026-10-01
MACD_Hist_Rising + VWAP_Bull,MACD_Hist_Rising + VWAP_Bull,combo_2,176,momentum,Bullish,,,,,,,,,,,,,,,,,,0.8636,0.02319,-0.03827,0.014813,0.317755,6.423,0.01511,0.00915,0.4489,1.371,0.0422,0.011698,171.0,0.00914,0.01732,0.02305,10.56427,,,,,,,,,,,,,,,,,,0.026817,0.558673,0.8598,5.417,0.9773,15.308258,15,19.453786,0.01336,0.4242,0.0516,0,1,0.020813,0.01733,0.02759,0.04445,0.09143,1,0.8466,0.04528,-0.06914,0.027728,0.59295,4.917,0.02873,0.01398,0.4148,1.939,0.0516,0.021691,171.0,0.01214,0.02307,0.03071,15.090058,0.8693,0.05877,-0.10087,0.03791,0.765313,4.911,0.03815,0.01696,0.4091,2.374,0.0403,0.02905,171.0,0.01733,0.02759,0.04445,19.453786,,,,,,,,,,,,,,,,,,,,,,,,,,,,,,,,,,,,,,,,,,,,,,,,,,,,JSWENERGY_data,,2026-10-01
OBV_Trend_Bull + CDL_Marubozu_Bull,OBV_Trend_Bull + CDL_Marubozu_Bull,combo_2,13,momentum,Bullish,,,,,,,,,,,,,,,,,,0.8462,0.03729,-0.0094,0.030106,0.72468,31.627,0.02953,-0.00352,0.3846,1.376,0.2637,0.031766,13.0,0.01434,0.02067,0.02145,19.124718,,,,,,,,,,,,,,,,,,0.031009,0.685455,0.7692,12.342,0.8462,15.306554,5,19.124718,0.01697,0.4615,0.3509,0,1,0.04003,0.01434,0.02067,0.02145,0.60817,0,0.6923,0.06401,-0.09622,0.014706,0.293281,1.829,0.01331,0.02879,0.5385,1.946,0.3509,0.029735,13.0,0.01434,0.02067,0.02145,1.415443,0.7692,0.0931,-0.1014,0.048215,1.038406,3.569,0.04659,0.02563,0.4615,2.384,0.3492,0.058589,13.0,0.02066,0.0212,0.02935,9.779904,,,,,,,,,,,,,,,,,,,,,,,,,,,,,,,,,,,,,,,,,,,,,,,,,,,,JSWENERGY_data,,2026-10-01
RSI_Bull_Momentum + MACD_Cross_Up_Event,RSI_Bull_Momentum + MACD_Cross_Up_Event,combo_2,37,momentum,Bullish,,,,,,,,,,,,,,,,,,0.9189,0.02926,-0.03589,0.023975,0.616828,11.93,0.02451,0.01582,0.4054,1.266,0.1301,0.020867,37.0,0.01034,0.01601,0.01952,22.437637,,,,,,,,,,,,,,,,,,0.028828,0.676325,0.8378,7.123,0.8649,15.155165,5,22.437637,0.01374,0.3874,0.2094,0,1,0.023981,0.01034,0.01601,0.01952,0.09668,1,0.8108,0.04246,-0.0481,0.025327,0.594388,4.819,0.02602,0.00757,0.3784,1.79,0.1853,0.02177,37.0,0.01211,0.01839,0.03133,10.419731,0.7838,0.06243,-0.05435,0.037183,0.817759,4.619,0.03935,0.01783,0.3784,2.193,0.2094,0.029307,37.0,0.01422,0.02332,0.03215,13.740346,,,,,,,,,,,,,,,,,,,,,,,,,,,,,,,,,,,,,,,,,,,,,,,,,,,,JSWENERGY_data,,2026-10-01
Price_Above_SMA20 + Stoch_Bull_Zone,Price_Above_SMA20 + Stoch_Bull_Zone,combo_2,123,momentum,Bullish,,,,,,,,,,,,,,,,,,0.8211,0.02201,-0.0418,0.010594,0.253409,4.059,0.0106,0.00395,0.4634,1.341,0.0505,0.008918,121.0,0.00593,0.01667,0.02353,4.95812,,,,,,,,,,,,,,,,,,0.026262,0.586241,0.8672,5.751,0.9187,14.931351,15,32.063087,0.01449,0.4472,0.072,0,1,0.023109,0.01934,0.03451,0.04658,0.01525,1,0.878,0.0391,-0.06567,0.026327,0.578923,6.015,0.02695,0.01762,0.4634,1.896,0.072,0.023441,121.0,0.01428,0.02664,0.03752,16.785492,0.9024,0.05643,-0.0929,0.041866,0.926392,7.18,0.04225,0.02191,0.4146,2.322,0.0566,0.036969,121.0,0.01934,0.03451,0.04658,32.063087,,,,,,,,,,,,,,,,,,,,,,,,,,,,,,,,,,,,,,,,,,,,,,,,,,,,JSWENERGY_data,,2026-10-01
MACD_Cross_Up_Event + Stoch_Bull_Zone,MACD_Cross_Up_Event + Stoch_Bull_Zone,combo_2,40,momentum,Bullish,,,,,,,,,,,,,,,,,,0.925,0.02882,-0.0459,0.023213,0.592269,10.059,0.02504,0.01356,0.45,1.336,0.1872,0.021499,40.0,0.01051,0.015,0.02746,21.994331,,,,,,,,,,,,,,,,,,0.029494,0.673854,0.8417,6.707,0.875,14.68541,5,21.994331,0.01549,0.425,0.1872,0,1,0.028457,0.01051,0.015,0.02746,0.06681,1,0.8,0.04447,-0.0417,0.027233,0.621085,5.553,0.02617,0.00347,0.375,1.889,0.184,0.027417,40.0,0.01166,0.01653,0.03588,12.806592,0.8,0.06471,-0.06866,0.038036,0.808208,4.509,0.03812,0.02945,0.45,2.314,0.1804,0.036456,40.0,0.01667,0.02958,0.04044,13.533055,,,,,,,,,,,,,,,,,,,,,,,,,,,,,,,,,,,,,,,,,,,,,,,,,,,,JSWENERGY_data,,2026-10-01
RSI_Bull_Momentum + Price_Above_SMA20,RSI_Bull_Momentum + Price_Above_SMA20,combo_2,102,momentum,Bullish,,,,,,,,,,,,,,,,,,0.8431,0.02573,-0.03119,0.016798,0.427034,5.916,0.01605,0.01076,0.451,1.333,0.0618,0.010837,99.0,0.00914,0.01811,0.02407,11.709487,,,,,,,,,,,,,,,,,,0.024757,0.559244,0.866,5.669,0.9608,14.117652,15,17.864433,0.01634,0.4412,0.0717,0,1,0.016425,0.01887,0.03331,0.04512,0.09655,1,0.8725,0.03392,-0.05691,0.022344,0.524361,5.784,0.02333,0.01794,0.4608,1.885,0.0701,0.015257,99.0,0.01811,0.02966,0.03839,14.057005,0.8824,0.05207,-0.09194,0.035127,0.726338,5.307,0.03578,0.02033,0.4118,2.309,0.0717,0.023182,99.0,0.01887,0.03331,0.04512,17.864433,,,,,,,,,,,,,,,,,,,,,,,,,,,,,,,,,,,,,,,,,,,,,,,,,,,,JSWENERGY_data,,2026-10-01
RSI_Bull_Momentum,RSI_Bull_Momentum,single,97,momentum,Bullish,,,,,,,,,,,,,,,,,,0.8351,0.02707,-0.03693,0.016513,0.416183,4.887,0.01627,0.01028,0.4433,1.343,0.0633,0.014901,97.0,0.00946,0.0168,0.0219,9.326046,,,,,,,,,,,,,,,,,,0.025808,0.59546,0.8385,5.288,0.9691,13.991602,15,18.298309,0.01424,0.4192,0.076,0,1,0.021599,0.01844,0.03255,0.04484,0.31171,0,0.8247,0.0378,-0.03881,0.024374,0.568169,6.002,0.02477,0.01434,0.4124,1.899,0.076,0.02016,97.0,0.01538,0.02144,0.0366,15.634621,0.8557,0.05649,-0.08177,0.036538,0.802028,4.976,0.03775,0.0181,0.4021,2.325,0.073,0.029738,97.0,0.01844,0.03255,0.04484,18.298309,,,,,,,,,,,,,,,,,,,,,,,,,,,,,,,,,,,,,,,,,,,,,,,,,,,,JSWENERGY_data,,2026-10-01
RSI_Cross50_Up + MACD_Hist_Rising,RSI_Cross50_Up + MACD_Hist_Rising,combo_2,64,momentum,Bullish,,,,,,,,,,,,,,,,,,0.8281,0.03023,-0.04108,0.017973,0.481456,4.579,0.01804,0.00905,0.4375,1.332,0.0888,0.015423,64.0,0.00713,0.01673,0.02022,9.202168,,,,,,,,,,,,,,,,,,0.027575,0.663811,0.8385,5.203,0.9688,13.965685,15,17.377967,0.01482,0.4167,0.1096,0,1,0.024786,0.01829,0.03294,0.04533,0.3431,0,0.8281,0.04102,-0.03994,0.027109,0.66189,6.12,0.02741,0.01407,0.4062,1.884,0.1096,0.025296,64.0,0.01482,0.02093,0.03907,16.909933,0.8594,0.05772,-0.08505,0.037642,0.848087,4.909,0.0379,0.02135,0.4062,2.307,0.0964,0.033641,64.0,0.01829,0.03294,0.04533,17.377967,,,,,,,,,,,,,,,,,,,,,,,,,,,,,,,,,,,,,,,,,,,,,,,,,,,,JSWENERGY_data,,2026-10-01
MACD_Hist_Rising + Stoch_Cross_Up,MACD_Hist_Rising + Stoch_Cross_Up,combo_2,117,momentum,Bullish,,,,,,,,,,,,,,,,,,0.8034,0.0296,-0.04306,0.015312,0.333865,4.046,0.01502,0.00868,0.453,1.369,0.047,0.013694,116.0,0.00739,0.01267,0.02017,6.44469,,,,,,,,,,,,,,,,,,0.02949,0.65767,0.8262,4.458,0.9658,13.507929,15,22.456573,0.02354,0.4729,0.0577,0,1,0.027266,0.01345,0.02686,0.04468,0.41416,0,0.8376,0.05163,-0.07786,0.030605,0.698456,4.323,0.03085,0.02868,0.4957,1.937,0.0497,0.028803,116.0,0.01145,0.02055,0.03741,14.403965,0.8376,0.0669,-0.08303,0.042551,0.94069,5.004,0.04272,0.03325,0.4701,2.372,0.0577,0.039302,116.0,0.01345,0.02686,0.04468,22.456573,,,,,,,,,,,,,,,,,,,,,,,,,,,,,,,,,,,,,,,,,,,,,,,,,,,,JSWENERGY_data,,2026-10-01
RSI_Bull_Momentum + VWAP_Bull,RSI_Bull_Momentum + VWAP_Bull,combo_2,99,momentum,Bullish,,,,,,,,,,,,,,,,,,0.8283,0.02633,-0.03641,0.015554,0.393778,4.667,0.01531,0.00612,0.4545,1.346,0.0633,0.013422,99.0,0.00879,0.01632,0.02183,8.463269,,,,,,,,,,,,,,,,,,0.025109,0.579823,0.835,5.088,0.9596,13.036019,15,18.802783,0.01268,0.4242,0.076,0,1,0.020263,0.01854,0.03278,0.04517,0.27996,0,0.8182,0.03706,-0.03981,0.023088,0.538196,5.54,0.02348,0.01381,0.4141,1.903,0.076,0.018144,99.0,0.01466,0.02093,0.03336,13.729593,0.8586,0.05618,-0.08169,0.036685,0.807494,5.056,0.03794,0.0181,0.404,2.331,0.0719,0.029223,99.0,0.01854,0.03278,0.04517,18.802783,,,,,,,,,,,,,,,,,,,,,,,,,,,,,,,,,,,,,,,,,,,,,,,,,,,,JSWENERGY_data,,2026-10-01
CMF_Positive + CDL_Marubozu_Bull,CMF_Positive + CDL_Marubozu_Bull,combo_2,12,momentum,Bullish,,,,,,,,,,,,,,,,,,0.8333,0.03013,-0.0094,0.02354,0.563079,25.897,0.02296,-0.00708,0.3333,1.377,0.3216,0.023478,12.0,0.01355,0.02066,0.02107,14.442686,,,,,,,,,,,,,,,,,,0.028086,0.609811,0.75,10.334,0.8333,13.034451,5,14.442686,0.00692,0.4167,0.3676,0,1,0.034344,0.01355,0.02066,0.02107,0.65921,0,0.6667,0.06824,-0.097,0.013162,0.252192,1.736,0.01178,0.0037,0.5,1.947,0.367,0.025266,12.0,0.01355,0.02066,0.02107,1.123246,0.75,0.09742,-0.10203,0.047556,1.014162,3.37,0.04595,0.02415,0.4167,2.384,0.3676,0.054287,12.0,0.02066,0.02094,0.02566,8.76545,,,,,,,,,,,,,,,,,,,,,,,,,,,,,,,,,,,,,,,,,,,,,,,,,,,,JSWENERGY_data,,2026-10-01
Price_Above_SMA50,Price_Above_SMA50,single,66,trend,Bullish,,,,,,,,,,,,,,,,,,,,,,,,,,,,,,,,,,,,,,,,,,,,,,,,,,,,0.029482,0.589305,0.8788,5.502,0.9545,13.014371,20,20.445148,0.02145,0.4394,0.1244,0,1,0.018566,0.01888,0.03456,0.05453,0.13858,0,0.8636,0.02723,-0.05289,0.016301,0.367674,5.104,0.01707,0.01332,0.4394,1.85,0.1244,0.008659,66.0,0.01157,0.02531,0.03423,7.891254,,,,,,,,,,,,,,,,,,0.8636,0.05865,-0.07635,0.040242,0.803915,6.048,0.0373,0.03005,0.4545,2.616,0.0737,0.026247,66.0,0.01888,0.03456,0.05453,20.445148,0.9091,0.0482,-0.13104,0.031902,0.596325,5.354,0.03206,0.02098,0.4242,3.204,0.1089,0.020793,66.0,0.02794,0.04072,0.06992,13.425145,,,,,,,,,,,,,,,,,,JSWENERGY_data,,2026-10-01
Price_Above_SMA50 + VWAP_Bull,Price_Above_SMA50 + VWAP_Bull,combo_2,66,trend,Bullish,,,,,,,,,,,,,,,,,,,,,,,,,,,,,,,,,,,,,,,,,,,,,,,,,,,,0.029482,0.589305,0.8788,5.502,0.9545,13.014371,20,20.445148,0.02145,0.4394,0.1244,0,1,0.018566,0.01888,0.03456,0.05453,0.13858,0,0.8636,0.02723,-0.05289,0.016301,0.367674,5.104,0.01707,0.01332,0.4394,1.85,0.1244,0.008659,66.0,0.01157,0.02531,0.03423,7.891254,,,,,,,,,,,,,,,,,,0.8636,0.05865,-0.07635,0.040242,0.803915,6.048,0.0373,0.03005,0.4545,2.616,0.0737,0.026247,66.0,0.01888,0.03456,0.05453,20.445148,0.9091,0.0482,-0.13104,0.031902,0.596325,5.354,0.03206,0.02098,0.4242,3.204,0.1089,0.020793,66.0,0.02794,0.04072,0.06992,13.425145,,,,,,,,,,,,,,,,,,JSWENERGY_data,,2026-10-01
Stoch_Bull_Zone + OBV_Rising,Stoch_Bull_Zone + OBV_Rising,combo_2,194,momentum,Bullish,,,,,,,,,,,,,,,,,,0.8385,0.02394,-0.0438,0.013006,0.262291,4.533,0.01382,0.00549,0.4479,1.37,0.0419,0.009547,189.0,0.00861,0.01565,0.02298,6.269136,,,,,,,,,,,,,,,,,,0.024729,0.502017,0.849,5.027,0.974,12.961567,15,20.596466,0.01329,0.4497,0.047,0,1,0.019723,0.01738,0.02784,0.04503,0.11241,0,0.8438,0.04295,-0.06424,0.026205,0.556013,4.87,0.02717,0.0167,0.4635,1.938,0.047,0.021462,189.0,0.01187,0.02288,0.03652,14.277728,0.8646,0.05268,-0.07806,0.034976,0.687749,5.679,0.03514,0.01768,0.4375,2.373,0.0394,0.02816,189.0,0.01738,0.02784,0.04503,20.596466,,,,,,,,,,,,,,,,,,,,,,,,,,,,,,,,,,,,,,,,,,,,,,,,,,,,JSWENERGY_data,,2026-10-01
RSI_Cross50_Up + CMF_Positive,RSI_Cross50_Up + CMF_Positive,combo_2,34,momentum,Bullish,,,,,,,,,,,,,,,,,,0.7647,0.03939,-0.03742,0.021315,0.511304,4.235,0.02085,0.00842,0.4706,1.318,0.1429,0.022835,34.0,0.00512,0.01101,0.0182,7.698533,,,,,,,,,,,,,,,,,,0.028001,0.59048,0.8137,6.709,0.9118,12.841159,10,20.928455,0.01406,0.4216,0.2059,0,1,0.024798,0.0159,0.02065,0.04104,0.4793,0,0.8235,0.04366,-0.02445,0.031638,0.67115,8.771,0.03207,0.02236,0.4118,1.865,0.1621,0.026475,34.0,0.0159,0.02065,0.04104,20.928455,0.8529,0.04474,-0.04833,0.03105,0.588986,7.12,0.0334,0.0114,0.3824,2.284,0.2059,0.025086,34.0,0.0159,0.03294,0.045,14.910152,,,,,,,,,,,,,,,,,,,,,,,,,,,,,,,,,,,,,,,,,,,,,,,,,,,,JSWENERGY_data,,2026-10-01
Stoch_Bull_Zone,Stoch_Bull_Zone,single,175,momentum,Bullish,,,,,,,,,,,,,,,,,,0.8092,0.02142,-0.03924,0.009852,0.188868,3.967,0.01015,-0.00036,0.4451,1.347,0.0435,0.007335,171.0,0.00797,0.0152,0.02141,3.873726,,,,,,,,,,,,,,,,,,0.023826,0.496162,0.8401,5.279,0.9422,12.759025,15,28.977347,0.01332,0.4489,0.0525,0,1,0.020622,0.01589,0.02691,0.04284,0.10989,0,0.8439,0.04119,-0.06505,0.024608,0.530174,4.585,0.02559,0.0218,0.4855,1.905,0.0525,0.021824,171.0,0.01346,0.02155,0.03477,12.569834,0.8671,0.05205,-0.06102,0.037017,0.769445,7.284,0.03692,0.01853,0.4162,2.334,0.0446,0.032707,171.0,0.01589,0.02691,0.04284,28.977347,,,,,,,,,,,,,,,,,,,,,,,,,,,,,,,,,,,,,,,,,,,,,,,,,,,,JSWENERGY_data,,2026-10-01
RSI_Bull_Momentum + RSI_Cross50_Up,RSI_Bull_Momentum + RSI_Cross50_Up,combo_2,75,momentum,Bullish,,,,,,,,,,,,,,,,,,0.8,0.03085,-0.03946,0.016784,0.444661,4.091,0.01649,0.00612,0.4533,1.309,0.0755,0.014657,75.0,0.00686,0.01389,0.01914,7.878815,,,,,,,,,,,,,,,,,,0.026829,0.649283,0.8089,4.624,0.9733,12.654268,15,15.926863,0.01339,0.4178,0.0937,0,1,0.022395,0.01577,0.02266,0.0442,0.62132,0,0.8,0.0444,-0.03979,0.027562,0.672732,5.351,0.02785,0.01591,0.4133,1.851,0.0937,0.023482,75.0,0.01284,0.01969,0.03775,15.589572,0.8267,0.05922,-0.07391,0.036141,0.830458,4.428,0.03624,0.01814,0.3867,2.267,0.0854,0.029046,75.0,0.01577,0.02266,0.0442,15.926863,,,,,,,,,,,,,,,,,,,,,,,,,,,,,,,,,,,,,,,,,,,,,,,,,,,,JSWENERGY_data,,2026-10-01
RSI_Cross50_Up,RSI_Cross50_Up,single,75,momentum,Bullish,,,,,,,,,,,,,,,,,,0.8,0.03085,-0.03946,0.016784,0.444661,4.091,0.01649,0.00612,0.4533,1.309,0.0755,0.014657,75.0,0.00686,0.01389,0.01914,7.878815,,,,,,,,,,,,,,,,,,0.026829,0.649283,0.8089,4.624,0.9733,12.654268,15,15.926863,0.01339,0.4178,0.0937,0,1,0.022395,0.01577,0.02266,0.0442,0.62132,0,0.8,0.0444,-0.03979,0.027562,0.672732,5.351,0.02785,0.01591,0.4133,1.851,0.0937,0.023482,75.0,0.01284,0.01969,0.03775,15.589572,0.8267,0.05922,-0.07391,0.036141,0.830458,4.428,0.03624,0.01814,0.3867,2.267,0.0854,0.029046,75.0,0.01577,0.02266,0.0442,15.926863,,,,,,,,,,,,,,,,,,,,,,,,,,,,,,,,,,,,,,,,,,,,,,,,,,,,JSWENERGY_data,,2026-10-01
RSI_Cross50_Up + VWAP_Bull,RSI_Cross50_Up + VWAP_Bull,combo_2,75,momentum,Bullish,,,,,,,,,,,,,,,,,,0.8,0.03085,-0.03946,0.016784,0.444661,4.091,0.01649,0.00612,0.4533,1.309,0.0755,0.014657,75.0,0.00686,0.01389,0.01914,7.878815,,,,,,,,,,,,,,,,,,0.026829,0.649283,0.8089,4.624,0.9733,12.654268,15,15.926863,0.01339,0.4178,0.0937,0,1,0.022395,0.01577,0.02266,0.0442,0.62132,0,0.8,0.0444,-0.03979,0.027562,0.672732,5.351,0.02785,0.01591,0.4133,1.851,0.0937,0.023482,75.0,0.01284,0.01969,0.03775,15.589572,0.8267,0.05922,-0.07391,0.036141,0.830458,4.428,0.03624,0.01814,0.3867,2.267,0.0854,0.029046,75.0,0.01577,0.02266,0.0442,15.926863,,,,,,,,,,,,,,,,,,,,,,,,,,,,,,,,,,,,,,,,,,,,,,,,,,,,JSWENERGY_data,,2026-10-01
RSI_Cross50_Up + OBV_Rising,RSI_Cross50_Up + OBV_Rising,combo_2,75,momentum,Bullish,,,,,,,,,,,,,,,,,,0.8,0.03085,-0.03946,0.016784,0.444661,4.091,0.01649,0.00612,0.4533,1.309,0.0755,0.014657,75.0,0.00686,0.01389,0.01914,7.878815,,,,,,,,,,,,,,,,,,0.026829,0.649283,0.8089,4.624,0.9733,12.654268,15,15.926863,0.01339,0.4178,0.0937,0,1,0.022395,0.01577,0.02266,0.0442,0.62132,0,0.8,0.0444,-0.03979,0.027562,0.672732,5.351,0.02785,0.01591,0.4133,1.851,0.0937,0.023482,75.0,0.01284,0.01969,0.03775,15.589572,0.8267,0.05922,-0.07391,0.036141,0.830458,4.428,0.03624,0.01814,0.3867,2.267,0.0854,0.029046,75.0,0.01577,0.02266,0.0442,15.926863,,,,,,,,,,,,,,,,,,,,,,,,,,,,,,,,,,,,,,,,,,,,,,,,,,,,JSWENERGY_data,,2026-10-01
RSI_Bull_Momentum + CDL_Harami_Bull,RSI_Bull_Momentum + CDL_Harami_Bull,combo_2,28,momentum,Bullish,,,,,,,,,,,,,,,,,,0.8929,0.01872,-0.05983,0.010309,0.216152,4.302,0.00972,0.00568,0.4643,1.351,0.2285,-0.003584,26.0,0.01374,0.0186,0.02231,3.131411,,,,,,,,,,,,,,,,,,0.028384,0.567219,0.869,7.117,0.9286,12.622147,15,44.118499,0.00182,0.4167,0.2454,0,1,0.013493,0.01894,0.03142,0.04869,0.26418,0,0.8214,0.02639,-0.04937,0.012864,0.1753,4.668,0.01529,-0.00876,0.4286,1.911,0.2454,0.000919,26.0,0.01374,0.02033,0.02336,2.75544,0.8929,0.07657,-0.0596,0.061979,1.310206,12.38,0.06396,0.00854,0.3571,2.341,0.2223,0.043145,26.0,0.01894,0.03142,0.04869,44.118499,,,,,,,,,,,,,,,,,,,,,,,,,,,,,,,,,,,,,,,,,,,,,,,,,,,,JSWENERGY_data,,2026-10-01
BB_Lower_Touch + Williams_Oversold,BB_Lower_Touch + Williams_Oversold,combo_2,33,mean_rev,Bullish,0.9394,0.02195,-0.03888,0.018268,0.430198,14.544,0.01772,0.02956,0.5758,1.12,0.1061,0.017766,33.0,0.01376,0.02271,0.03304,15.170346,0.9394,0.01924,-0.08302,0.013044,0.29758,7.132,0.01299,0.02117,0.6061,1.446,0.1225,0.010176,33.0,0.01786,0.02677,0.0393,7.483656,0.8788,0.03712,-0.06996,0.024137,0.540677,5.273,0.02612,0.0224,0.4848,1.711,0.1979,0.017062,33.0,0.02066,0.02963,0.04725,10.053397,0.018483,0.422818,0.9192,8.983,0.9394,12.581851,3,15.170346,0.02437,0.5556,0.1979,0,1,0.015001,0.01376,0.02271,0.03304,0.04163,1,,,,,,,,,,,,,,,,,,,,,,,,,,,,,,,,,,,,,,,,,,,,,,,,,,,,,,,,,,,,,,,,,,,,,,,,,,,,,,,,,,,,,,JSWENERGY_data,,2026-10-01
Price_Above_SMA20 + CMF_Strong_Bull,Price_Above_SMA20 + CMF_Strong_Bull,combo_2,51,momentum,Bullish,,,,,,,,,,,,,,,,,,0.8235,0.01841,-0.02043,0.011555,0.227001,7.712,0.01191,-0.00458,0.3922,1.348,0.1801,0.010315,51.0,0.00703,0.01622,0.0196,6.917383,,,,,,,,,,,,,,,,,,0.028566,0.524908,0.8235,5.902,1.0,12.240235,15,18.346707,0.00502,0.3922,0.1801,0,1,0.029086,0.01805,0.02759,0.04402,0.60169,0,0.8235,0.0511,-0.07153,0.029458,0.541479,4.234,0.03011,0.01472,0.4706,1.906,0.1255,0.030242,51.0,0.00934,0.0196,0.03777,9.057717,0.8235,0.06927,-0.07005,0.044684,0.806243,5.759,0.04665,0.00491,0.3137,2.335,0.1354,0.046701,51.0,0.01805,0.02759,0.04402,18.346707,,,,,,,,,,,,,,,,,,,,,,,,,,,,,,,,,,,,,,,,,,,,,,,,,,,,JSWENERGY_data,,2026-10-01
Price_Above_SMA20 + Stoch_Cross_Up,Price_Above_SMA20 + Stoch_Cross_Up,combo_2,108,momentum,Bullish,,,,,,,,,,,,,,,,,,0.7963,0.02626,-0.03987,0.01279,0.280373,3.895,0.01283,-0.00114,0.4259,1.34,0.0549,0.012796,106.0,0.00601,0.01472,0.0216,5.122712,,,,,,,,,,,,,,,,,,0.025886,0.55431,0.8395,5.06,0.9259,12.184162,15,25.314459,0.01158,0.4321,0.083,0,1,0.023231,0.01725,0.02788,0.04362,0.16295,0,0.8519,0.04088,-0.06504,0.025186,0.534012,4.927,0.02578,0.01622,0.463,1.894,0.083,0.023045,106.0,0.01369,0.02045,0.03422,12.343085,0.8704,0.05696,-0.07634,0.039683,0.848544,6.359,0.03951,0.01967,0.4074,2.32,0.0664,0.033853,106.0,0.01725,0.02788,0.04362,25.314459,,,,,,,,,,,,,,,,,,,,,,,,,,,,,,,,,,,,,,,,,,,,,,,,,,,,JSWENERGY_data,,2026-10-01
Price_Above_SMA20 + CDL_Harami_Bull,Price_Above_SMA20 + CDL_Harami_Bull,combo_2,27,momentum,Bullish,,,,,,,,,,,,,,,,,,0.8889,0.01639,-0.06005,0.007899,0.180479,3.931,0.00731,0.00226,0.4815,1.413,0.2492,-0.006939,25.0,0.01327,0.01633,0.0221,2.363791,,,,,,,,,,,,,,,,,,0.027919,0.573517,0.8642,6.879,0.9259,12.171702,15,44.842332,-0.00406,0.4198,0.2531,0,1,0.008618,0.01877,0.03213,0.04623,0.29201,0,0.8148,0.02798,-0.04937,0.013658,0.194345,4.527,0.01608,-0.0196,0.4074,1.999,0.2531,-0.002568,25.0,0.01327,0.0199,0.02287,2.931417,0.8889,0.07743,-0.0596,0.062201,1.345726,12.179,0.06418,0.00516,0.3704,2.448,0.2262,0.035361,25.0,0.01877,0.03213,0.04623,44.842332,,,,,,,,,,,,,,,,,,,,,,,,,,,,,,,,,,,,,,,,,,,,,,,,,,,,JSWENERGY_data,,2026-10-01
EMA_Bullish_State + CMF_Strong_Bull,EMA_Bullish_State + CMF_Strong_Bull,combo_2,29,momentum,Bullish,,,,,,,,,,,,,,,,,,0.7931,0.01865,-0.0213,0.010386,0.143572,6.636,0.0112,-0.00516,0.3448,1.331,0.2933,0.012249,29.0,0.00694,0.01332,0.01727,3.240711,,,,,,,,,,,,,,,,,,0.036859,0.628719,0.7701,6.089,0.931,12.122373,15,24.987329,-0.00479,0.3563,0.2933,0,1,0.040917,0.00879,0.01779,0.02516,0.76869,0,0.7931,0.05848,-0.05515,0.03497,0.576829,5.328,0.03534,0.01472,0.3793,1.882,0.1945,0.039875,29.0,0.00694,0.01587,0.02283,10.45295,0.7241,0.11115,-0.05534,0.065222,1.165757,6.302,0.06718,-0.02393,0.3448,2.305,0.1778,0.070626,29.0,0.00879,0.01779,0.02516,24.987329,,,,,,,,,,,,,,,,,,,,,,,,,,,,,,,,,,,,,,,,,,,,,,,,,,,,JSWENERGY_data,,2026-10-01
Stoch_Cross_Up + OBV_Trend_Bull,Stoch_Cross_Up + OBV_Trend_Bull,combo_2,108,momentum,Bullish,,,,,,,,,,,,,,,,,,0.8056,0.02669,-0.04765,0.012234,0.265208,3.618,0.01212,0.00179,0.4444,1.369,0.0519,0.011943,107.0,0.0064,0.01548,0.0216,4.501855,,,,,,,,,,,,,,,,,,0.027248,0.581456,0.8364,4.702,0.9444,12.11453,15,25.800274,0.01523,0.4444,0.0762,0,1,0.024311,0.01481,0.03037,0.04507,0.24133,0,0.8426,0.04491,-0.07309,0.026339,0.559058,4.512,0.02699,0.02134,0.463,1.936,0.0762,0.023779,107.0,0.01271,0.01984,0.03769,11.832869,0.8611,0.06345,-0.08254,0.043172,0.920101,5.977,0.04314,0.02255,0.4259,2.371,0.0612,0.037213,107.0,0.01481,0.03037,0.04507,25.800274,,,,,,,,,,,,,,,,,,,,,,,,,,,,,,,,,,,,,,,,,,,,,,,,,,,,JSWENERGY_data,,2026-10-01
Stoch_Bull_Zone + CMF_Positive,Stoch_Bull_Zone + CMF_Positive,combo_2,95,momentum,Bullish,,,,,,,,,,,,,,,,,,0.8,0.01893,-0.04114,0.006916,0.136495,3.389,0.00708,-0.00458,0.4316,1.339,0.0711,0.005401,94.0,0.00596,0.01593,0.01999,2.111448,,,,,,,,,,,,,,,,,,0.023369,0.477765,0.8386,5.936,0.9263,11.990348,15,32.744196,0.00718,0.4211,0.0956,0,1,0.020216,0.0187,0.02955,0.04047,0.1612,0,0.8421,0.04089,-0.05785,0.025298,0.524886,5.125,0.02598,0.01614,0.4526,1.894,0.0956,0.021899,94.0,0.01323,0.02117,0.03363,12.277463,0.8737,0.05099,-0.0527,0.037893,0.771913,9.294,0.0385,0.00997,0.3789,2.32,0.0769,0.033347,94.0,0.0187,0.02955,0.04047,32.744196,,,,,,,,,,,,,,,,,,,,,,,,,,,,,,,,,,,,,,,,,,,,,,,,,,,,JSWENERGY_data,,2026-10-01
Price_Above_SMA50 + BB_Expansion_Bull,Price_Above_SMA50 + BB_Expansion_Bull,combo_2,19,trend,Bullish,,,,,,,,,,,,,,,,,,,,,,,,,,,,,,,,,,,,,,,,,,,,,,,,,,,,0.047988,1.246242,0.7895,3.169,1.0,11.832907,30,19.545341,0.04468,0.4737,0.2179,0,1,0.040099,0.01077,0.03613,0.06853,0.78245,0,0.7895,0.05785,-0.06088,0.032858,0.837695,4.386,0.03226,0.02697,0.4737,2.1,0.2179,0.030686,19.0,0.00483,0.0282,0.05665,11.006012,,,,,,,,,,,,,,,,,,0.7895,0.0975,-0.21405,0.031913,0.889652,1.879,0.03193,0.0132,0.4211,2.97,0.2004,0.025606,19.0,0.01077,0.03613,0.06853,5.007656,0.7895,0.15151,-0.19199,0.079193,2.011379,3.244,0.07933,0.09386,0.5263,3.637,0.1587,0.064005,19.0,0.01077,0.03613,0.06853,19.545341,,,,,,,,,,,,,,,,,,JSWENERGY_data,,2026-10-01
MACD_Hist_Rising + CDL_Bullish3Outside,MACD_Hist_Rising + CDL_Bullish3Outside,combo_2,17,momentum,Bullish,,,,,,,,,,,,,,,,,,0.9412,0.01039,-0.03967,0.007445,0.151561,11.434,0.0066,0.00868,0.5294,1.391,0.2094,0.006107,17.0,0.01837,0.02491,0.032,4.380671,,,,,,,,,,,,,,,,,,0.02169,0.451959,0.902,17.079,0.8824,11.526439,15,25.603048,0.0216,0.5294,0.3287,0,1,0.01503,0.03045,0.03403,0.0442,0.18188,0,0.8235,0.02374,-0.02351,0.015403,0.318512,7.725,0.01807,0.03279,0.5882,1.968,0.3287,0.010387,17.0,0.02249,0.0286,0.03673,7.111432,0.9412,0.04691,-0.03279,0.042222,0.885805,32.078,0.04397,0.02334,0.4706,2.41,0.2721,0.028595,17.0,0.03045,0.03403,0.0442,25.603048,,,,,,,,,,,,,,,,,,,,,,,,,,,,,,,,,,,,,,,,,,,,,,,,,,,,JSWENERGY_data,,2026-10-01
RSI_Bull_Momentum + OBV_Rising,RSI_Bull_Momentum + OBV_Rising,combo_2,234,momentum,Bullish,,,,,,,,,,,,,,,,,,0.8376,0.01884,-0.04243,0.008888,0.186058,3.876,0.00927,-0.00404,0.4188,1.317,0.0412,0.005925,227.0,0.00672,0.0146,0.02061,3.937422,,,,,,,,,,,,,,,,,,0.022325,0.466687,0.8362,4.617,0.9786,11.511287,15,22.895573,0.00433,0.3989,0.0421,0,1,0.015775,0.01544,0.02341,0.03724,0.29501,0,0.8248,0.03573,-0.05362,0.020074,0.418444,4.702,0.02091,0.00626,0.4103,1.863,0.0421,0.014544,227.0,0.01182,0.01958,0.02691,10.742325,0.8462,0.05902,-0.07751,0.038012,0.795558,5.271,0.03814,0.01078,0.3675,2.282,0.0339,0.026857,227.0,0.01544,0.02341,0.03724,22.895573,,,,,,,,,,,,,,,,,,,,,,,,,,,,,,,,,,,,,,,,,,,,,,,,,,,,JSWENERGY_data,,2026-10-01
OBV_Rising + CDL_Marubozu_Bull,OBV_Rising + CDL_Marubozu_Bull,combo_2,18,momentum,Bullish,,,,,,,,,,,,,,,,,,0.8333,0.02605,-0.01683,0.018899,0.452438,13.156,0.01866,-0.00708,0.3333,1.357,0.2352,0.023357,18.0,0.01165,0.01711,0.02066,13.321763,,,,,,,,,,,,,,,,,,0.030114,0.691125,0.7778,6.765,0.8333,11.472611,15,18.768625,0.00561,0.3704,0.3024,0,1,0.038379,0.0199,0.0212,0.03436,0.62519,0,0.6667,0.05649,-0.06298,0.016668,0.347299,2.135,0.01524,-0.00024,0.4444,1.919,0.3024,0.028489,18.0,0.01165,0.01775,0.02081,2.183371,0.8333,0.08539,-0.09828,0.054776,1.273637,5.005,0.05312,0.02415,0.3333,2.35,0.2569,0.063291,18.0,0.0199,0.0212,0.03436,18.768625,,,,,,,,,,,,,,,,,,,,,,,,,,,,,,,,,,,,,,,,,,,,,,,,,,,,JSWENERGY_data,,2026-10-01
VWAP_Bull + CDL_Marubozu_Bull,VWAP_Bull + CDL_Marubozu_Bull,combo_2,18,momentum,Bullish,,,,,,,,,,,,,,,,,,0.8333,0.02605,-0.01683,0.018899,0.452438,13.156,0.01866,-0.00708,0.3333,1.357,0.2352,0.023357,18.0,0.01165,0.01711,0.02066,13.321763,,,,,,,,,,,,,,,,,,0.030114,0.691125,0.7778,6.765,0.8333,11.472611,15,18.768625,0.00561,0.3704,0.3024,0,1,0.038379,0.0199,0.0212,0.03436,0.62519,0,0.6667,0.05649,-0.06298,0.016668,0.347299,2.135,0.01524,-0.00024,0.4444,1.919,0.3024,0.028489,18.0,0.01165,0.01775,0.02081,2.183371,0.8333,0.08539,-0.09828,0.054776,1.273637,5.005,0.05312,0.02415,0.3333,2.35,0.2569,0.063291,18.0,0.0199,0.0212,0.03436,18.768625,,,,,,,,,,,,,,,,,,,,,,,,,,,,,,,,,,,,,,,,,,,,,,,,,,,,JSWENERGY_data,,2026-10-01
Stoch_Bull_Zone + VWAP_Bull,Stoch_Bull_Zone + VWAP_Bull,combo_2,173,momentum,Bullish,,,,,,,,,,,,,,,,,,0.8012,0.02049,-0.03893,0.008675,0.161688,3.736,0.00897,-0.00263,0.4386,1.345,0.0452,0.006287,169.0,0.00747,0.01443,0.01971,3.116451,,,,,,,,,,,,,,,,,,0.022689,0.469648,0.8343,5.057,0.9357,11.465332,15,27.370291,0.01256,0.4464,0.0539,0,1,0.019513,0.01573,0.02669,0.04173,0.12372,0,0.8363,0.04064,-0.06478,0.023378,0.500705,4.329,0.02431,0.02177,0.4854,1.902,0.0539,0.020572,169.0,0.01316,0.01971,0.03421,11.183798,0.8655,0.0511,-0.06105,0.036015,0.746552,7.106,0.03592,0.01853,0.4152,2.33,0.0456,0.031681,169.0,0.01573,0.02669,0.04173,27.370291,,,,,,,,,,,,,,,,,,,,,,,,,,,,,,,,,,,,,,,,,,,,,,,,,,,,JSWENERGY_data,,2026-10-01
EMA_Bullish_State + OBV_Rising,EMA_Bullish_State + OBV_Rising,combo_2,215,momentum,Bullish,,,,,,,,,,,,,,,,,,0.8512,0.01576,-0.03653,0.007978,0.165857,4.614,0.00793,-0.00199,0.4326,1.326,0.0461,0.003099,209.0,0.00909,0.01551,0.02075,4.113432,,,,,,,,,,,,,,,,,,0.020562,0.432907,0.8465,4.948,0.986,11.353125,15,22.211379,0.00246,0.4109,0.0472,0,1,0.011214,0.01604,0.02517,0.03432,0.19223,0,0.8372,0.03361,-0.0572,0.01883,0.391224,4.658,0.01942,0.00341,0.414,1.876,0.0472,0.010193,209.0,0.01048,0.01969,0.02863,9.795933,0.8512,0.05392,-0.07402,0.034879,0.74164,5.572,0.03533,0.00594,0.386,2.297,0.0378,0.02035,209.0,0.01604,0.02517,0.03432,22.211379,,,,,,,,,,,,,,,,,,,,,,,,,,,,,,,,,,,,,,,,,,,,,,,,,,,,JSWENERGY_data,,2026-10-01
MACD_Bullish_State,MACD_Bullish_State,single,59,momentum,Bullish,,,,,,,,,,,,,,,,,,0.8644,0.02729,-0.04551,0.017419,0.456941,5.107,0.01908,0.00729,0.4237,1.339,0.139,0.016163,59.0,0.00988,0.01327,0.0205,9.55455,,,,,,,,,,,,,,,,,,0.025386,0.605817,0.8305,4.701,0.9492,11.068058,15,14.809234,0.01249,0.4181,0.139,0,1,0.024179,0.01653,0.02877,0.04016,0.29028,0,0.8136,0.04367,-0.05888,0.024551,0.591891,4.291,0.02439,0.00757,0.4068,1.894,0.1226,0.023986,59.0,0.01171,0.01896,0.03713,10.398318,0.8136,0.05702,-0.06545,0.034187,0.768619,4.706,0.03562,0.02262,0.4237,2.32,0.1295,0.032389,59.0,0.01653,0.02877,0.04016,14.809234,,,,,,,,,,,,,,,,,,,,,,,,,,,,,,,,,,,,,,,,,,,,,,,,,,,,JSWENERGY_data,,2026-10-01
MACD_Hist_Positive,MACD_Hist_Positive,single,59,momentum,Bullish,,,,,,,,,,,,,,,,,,0.8644,0.02729,-0.04551,0.017419,0.456941,5.107,0.01908,0.00729,0.4237,1.339,0.139,0.016163,59.0,0.00988,0.01327,0.0205,9.55455,,,,,,,,,,,,,,,,,,0.025386,0.605817,0.8305,4.701,0.9492,11.068058,15,14.809234,0.01249,0.4181,0.139,0,1,0.024179,0.01653,0.02877,0.04016,0.29028,0,0.8136,0.04367,-0.05888,0.024551,0.591891,4.291,0.02439,0.00757,0.4068,1.894,0.1226,0.023986,59.0,0.01171,0.01896,0.03713,10.398318,0.8136,0.05702,-0.06545,0.034187,0.768619,4.706,0.03562,0.02262,0.4237,2.32,0.1295,0.032389,59.0,0.01653,0.02877,0.04016,14.809234,,,,,,,,,,,,,,,,,,,,,,,,,,,,,,,,,,,,,,,,,,,,,,,,,,,,JSWENERGY_data,,2026-10-01
MACD_Bullish_State + MACD_Hist_Positive,MACD_Bullish_State + MACD_Hist_Positive,combo_2,59,momentum,Bullish,,,,,,,,,,,,,,,,,,0.8644,0.02729,-0.04551,0.017419,0.456941,5.107,0.01908,0.00729,0.4237,1.339,0.139,0.016163,59.0,0.00988,0.01327,0.0205,9.55455,,,,,,,,,,,,,,,,,,0.025386,0.605817,0.8305,4.701,0.9492,11.068058,15,14.809234,0.01249,0.4181,0.139,0,1,0.024179,0.01653,0.02877,0.04016,0.29028,0,0.8136,0.04367,-0.05888,0.024551,0.591891,4.291,0.02439,0.00757,0.4068,1.894,0.1226,0.023986,59.0,0.01171,0.01896,0.03713,10.398318,0.8136,0.05702,-0.06545,0.034187,0.768619,4.706,0.03562,0.02262,0.4237,2.32,0.1295,0.032389,59.0,0.01653,0.02877,0.04016,14.809234,,,,,,,,,,,,,,,,,,,,,,,,,,,,,,,,,,,,,,,,,,,,,,,,,,,,JSWENERGY_data,,2026-10-01
MACD_Bullish_State + VWAP_Bull,MACD_Bullish_State + VWAP_Bull,combo_2,59,momentum,Bullish,,,,,,,,,,,,,,,,,,0.8644,0.02729,-0.04551,0.017419,0.456941,5.107,0.01908,0.00729,0.4237,1.339,0.139,0.016163,59.0,0.00988,0.01327,0.0205,9.55455,,,,,,,,,,,,,,,,,,0.025386,0.605817,0.8305,4.701,0.9492,11.068058,15,14.809234,0.01249,0.4181,0.139,0,1,0.024179,0.01653,0.02877,0.04016,0.29028,0,0.8136,0.04367,-0.05888,0.024551,0.591891,4.291,0.02439,0.00757,0.4068,1.894,0.1226,0.023986,59.0,0.01171,0.01896,0.03713,10.398318,0.8136,0.05702,-0.06545,0.034187,0.768619,4.706,0.03562,0.02262,0.4237,2.32,0.1295,0.032389,59.0,0.01653,0.02877,0.04016,14.809234,,,,,,,,,,,,,,,,,,,,,,,,,,,,,,,,,,,,,,,,,,,,,,,,,,,,JSWENERGY_data,,2026-10-01
MACD_Hist_Positive + VWAP_Bull,MACD_Hist_Positive + VWAP_Bull,combo_2,59,momentum,Bullish,,,,,,,,,,,,,,,,,,0.8644,0.02729,-0.04551,0.017419,0.456941,5.107,0.01908,0.00729,0.4237,1.339,0.139,0.016163,59.0,0.00988,0.01327,0.0205,9.55455,,,,,,,,,,,,,,,,,,0.025386,0.605817,0.8305,4.701,0.9492,11.068058,15,14.809234,0.01249,0.4181,0.139,0,1,0.024179,0.01653,0.02877,0.04016,0.29028,0,0.8136,0.04367,-0.05888,0.024551,0.591891,4.291,0.02439,0.00757,0.4068,1.894,0.1226,0.023986,59.0,0.01171,0.01896,0.03713,10.398318,0.8136,0.05702,-0.06545,0.034187,0.768619,4.706,0.03562,0.02262,0.4237,2.32,0.1295,0.032389,59.0,0.01653,0.02877,0.04016,14.809234,,,,,,,,,,,,,,,,,,,,,,,,,,,,,,,,,,,,,,,,,,,,,,,,,,,,JSWENERGY_data,,2026-10-01
MACD_Hist_Rising + CDL_Marubozu_Bull,MACD_Hist_Rising + CDL_Marubozu_Bull,combo_2,17,momentum,Bullish,,,,,,,,,,,,,,,,,,0.8235,0.02865,-0.01683,0.020622,0.49116,13.167,0.02039,-0.00352,0.3529,1.341,0.2352,0.02564,17.0,0.01128,0.01646,0.02033,14.196355,,,,,,,,,,,,,,,,,,0.029954,0.692988,0.7647,6.646,0.8235,10.962326,15,17.452919,0.00547,0.3725,0.3179,0,1,0.040416,0.01965,0.02094,0.03182,0.66776,0,0.6471,0.05807,-0.0635,0.015165,0.317831,2.016,0.01375,-0.00276,0.4118,1.896,0.3179,0.028944,17.0,0.01128,0.01678,0.02068,1.851745,0.8235,0.08686,-0.0989,0.054075,1.269971,4.755,0.05242,0.02267,0.3529,2.322,0.2688,0.066664,17.0,0.01965,0.02094,0.03182,17.452919,,,,,,,,,,,,,,,,,,,,,,,,,,,,,,,,,,,,,,,,,,,,,,,,,,,,JSWENERGY_data,,2026-10-01
RSI_Cross50_Up + Stoch_Bull_Zone,RSI_Cross50_Up + Stoch_Bull_Zone,combo_2,46,momentum,Bullish,,,,,,,,,,,,,,,,,,0.8043,0.02715,-0.04535,0.012969,0.337139,3.337,0.01259,6e-05,0.4565,1.317,0.1349,0.011749,46.0,0.00984,0.01735,0.02156,4.331436,,,,,,,,,,,,,,,,,,0.020932,0.488472,0.8478,6.212,0.9348,10.920867,10,20.766947,0.01122,0.4348,0.1692,0,1,0.018414,0.01799,0.02028,0.04058,0.28112,0,0.8696,0.03034,-0.02859,0.02265,0.539381,10.429,0.02284,0.01547,0.4348,1.863,0.1692,0.020363,46.0,0.01799,0.02028,0.04058,20.766947,0.8696,0.04303,-0.07849,0.027176,0.588897,4.87,0.02536,0.01812,0.413,2.281,0.11,0.023131,46.0,0.01865,0.03585,0.04551,11.04105,,,,,,,,,,,,,,,,,,,,,,,,,,,,,,,,,,,,,,,,,,,,,,,,,,,,JSWENERGY_data,,2026-10-01
STRAT_Volume_CMF_Bull,Volume_Spike + CMF_Strong_Bull,combo_2,38,momentum,Bullish,,,,,,,,,,,,,,,,,,0.8947,0.04125,-0.04409,0.032266,0.711503,10.851,0.03229,0.00047,0.3947,1.405,0.1535,0.040129,38.0,0.01469,0.02259,0.03299,26.066363,,,,,,,,,,,,,,,,,,0.020912,0.462384,0.886,6.444,0.9737,10.628998,5,26.066363,-0.0047,0.4035,0.1758,0,1,0.027272,0.01469,0.02259,0.03299,0.19073,0,0.8684,0.03844,-0.09915,0.020336,0.464678,3.861,0.0195,0.01038,0.3947,1.986,0.1758,0.025326,38.0,0.02158,0.03026,0.04105,6.572884,0.8947,0.02389,-0.10682,0.010133,0.210971,4.621,0.01018,-0.02496,0.4211,2.433,0.1638,0.016361,38.0,0.02306,0.03939,0.04446,3.57132,,,,,,,,,,,,,,,,,,,,,,,,,,,,,,,,,,,,,,,,,,,,,,,,,,,,JSWENERGY_data,,2026-10-01
MACD_Hist_Rising + OBV_Rising,MACD_Hist_Rising + OBV_Rising,combo_2,245,momentum,Bullish,,,,,,,,,,,,,,,,,,0.8531,0.02192,-0.04147,0.012606,0.257594,5.136,0.01309,0.00612,0.449,1.355,0.0338,0.010168,240.0,0.00909,0.01593,0.02264,7.283842,,,,,,,,,,,,,,,,,,0.022164,0.442894,0.8422,4.426,0.9796,10.571997,15,12.640966,0.01128,0.4367,0.0399,0,1,0.017463,0.01267,0.02517,0.03917,0.14787,0,0.8327,0.0416,-0.06906,0.023079,0.487226,4.21,0.02377,0.011,0.4245,1.916,0.0399,0.01809,240.0,0.01038,0.02068,0.03065,11.291793,0.8408,0.05476,-0.09569,0.030807,0.583861,3.933,0.03182,0.01673,0.4367,2.347,0.0309,0.024132,240.0,0.01267,0.02517,0.03917,12.640966,,,,,,,,,,,,,,,,,,,,,,,,,,,,,,,,,,,,,,,,,,,,,,,,,,,,JSWENERGY_data,,2026-10-01
MACD_Cross_Up_Event + VWAP_Bull,MACD_Cross_Up_Event + VWAP_Bull,combo_2,58,momentum,Bullish,,,,,,,,,,,,,,,,,,0.8793,0.02732,-0.04785,0.018247,0.475921,5.556,0.01991,0.00799,0.431,1.337,0.139,0.016925,58.0,0.0104,0.0149,0.02203,10.78114,,,,,,,,,,,,,,,,,,0.024544,0.586799,0.8333,4.726,0.931,10.527537,15,13.448409,0.01129,0.4195,0.139,0,1,0.023211,0.0164,0.02797,0.03988,0.19252,0,0.8103,0.04208,-0.05903,0.0229,0.554991,4.101,0.02275,0.00567,0.3966,1.891,0.1279,0.022273,58.0,0.01169,0.01868,0.03701,9.279428,0.8103,0.05542,-0.06551,0.032486,0.729485,4.521,0.0339,0.02022,0.431,2.316,0.1346,0.030435,58.0,0.0164,0.02797,0.03988,13.448409,,,,,,,,,,,,,,,,,,,,,,,,,,,,,,,,,,,,,,,,,,,,,,,,,,,,JSWENERGY_data,,2026-10-01
MACD_Cross_Up_Event,MACD_Cross_Up_Event,single,58,momentum,Bullish,,,,,,,,,,,,,,,,,,0.8793,0.02732,-0.04785,0.018247,0.475921,5.556,0.01991,0.00799,0.431,1.337,0.139,0.016925,58.0,0.0104,0.0149,0.02203,10.78114,,,,,,,,,,,,,,,,,,0.024544,0.586799,0.8333,4.726,0.931,10.527537,15,13.448409,0.01129,0.4195,0.139,0,1,0.023211,0.0164,0.02797,0.03988,0.19252,0,0.8103,0.04208,-0.05903,0.0229,0.554991,4.101,0.02275,0.00567,0.3966,1.891,0.1279,0.022273,58.0,0.01169,0.01868,0.03701,9.279428,0.8103,0.05542,-0.06551,0.032486,0.729485,4.521,0.0339,0.02022,0.431,2.316,0.1346,0.030435,58.0,0.0164,0.02797,0.03988,13.448409,,,,,,,,,,,,,,,,,,,,,,,,,,,,,,,,,,,,,,,,,,,,,,,,,,,,JSWENERGY_data,,2026-10-01
MACD_Cross_Up_Event + MACD_Hist_Positive,MACD_Cross_Up_Event + MACD_Hist_Positive,combo_2,58,momentum,Bullish,,,,,,,,,,,,,,,,,,0.8793,0.02732,-0.04785,0.018247,0.475921,5.556,0.01991,0.00799,0.431,1.337,0.139,0.016925,58.0,0.0104,0.0149,0.02203,10.78114,,,,,,,,,,,,,,,,,,0.024544,0.586799,0.8333,4.726,0.931,10.527537,15,13.448409,0.01129,0.4195,0.139,0,1,0.023211,0.0164,0.02797,0.03988,0.19252,0,0.8103,0.04208,-0.05903,0.0229,0.554991,4.101,0.02275,0.00567,0.3966,1.891,0.1279,0.022273,58.0,0.01169,0.01868,0.03701,9.279428,0.8103,0.05542,-0.06551,0.032486,0.729485,4.521,0.0339,0.02022,0.431,2.316,0.1346,0.030435,58.0,0.0164,0.02797,0.03988,13.448409,,,,,,,,,,,,,,,,,,,,,,,,,,,,,,,,,,,,,,,,,,,,,,,,,,,,JSWENERGY_data,,2026-10-01
MACD_Bullish_State + MACD_Cross_Up_Event,MACD_Bullish_State + MACD_Cross_Up_Event,combo_2,58,momentum,Bullish,,,,,,,,,,,,,,,,,,0.8793,0.02732,-0.04785,0.018247,0.475921,5.556,0.01991,0.00799,0.431,1.337,0.139,0.016925,58.0,0.0104,0.0149,0.02203,10.78114,,,,,,,,,,,,,,,,,,0.024544,0.586799,0.8333,4.726,0.931,10.527537,15,13.448409,0.01129,0.4195,0.139,0,1,0.023211,0.0164,0.02797,0.03988,0.19252,0,0.8103,0.04208,-0.05903,0.0229,0.554991,4.101,0.02275,0.00567,0.3966,1.891,0.1279,0.022273,58.0,0.01169,0.01868,0.03701,9.279428,0.8103,0.05542,-0.06551,0.032486,0.729485,4.521,0.0339,0.02022,0.431,2.316,0.1346,0.030435,58.0,0.0164,0.02797,0.03988,13.448409,,,,,,,,,,,,,,,,,,,,,,,,,,,,,,,,,,,,,,,,,,,,,,,,,,,,JSWENERGY_data,,2026-10-01
MACD_Cross_Up_Event + MACD_Hist_Rising,MACD_Cross_Up_Event + MACD_Hist_Rising,combo_2,58,momentum,Bullish,,,,,,,,,,,,,,,,,,0.8793,0.02732,-0.04785,0.018247,0.475921,5.556,0.01991,0.00799,0.431,1.337,0.139,0.016925,58.0,0.0104,0.0149,0.02203,10.78114,,,,,,,,,,,,,,,,,,0.024544,0.586799,0.8333,4.726,0.931,10.527537,15,13.448409,0.01129,0.4195,0.139,0,1,0.023211,0.0164,0.02797,0.03988,0.19252,0,0.8103,0.04208,-0.05903,0.0229,0.554991,4.101,0.02275,0.00567,0.3966,1.891,0.1279,0.022273,58.0,0.01169,0.01868,0.03701,9.279428,0.8103,0.05542,-0.06551,0.032486,0.729485,4.521,0.0339,0.02022,0.431,2.316,0.1346,0.030435,58.0,0.0164,0.02797,0.03988,13.448409,,,,,,,,,,,,,,,,,,,,,,,,,,,,,,,,,,,,,,,,,,,,,,,,,,,,JSWENERGY_data,,2026-10-01
Stoch_Bull_Zone + CDL_Bullish3Outside,Stoch_Bull_Zone + CDL_Bullish3Outside,combo_2,15,momentum,Bullish,,,,,,,,,,,,,,,,,,1.0,0.00924,0.0,0.009236,0.17961,,0.00852,0.00868,0.4667,1.397,0.2171,0.009924,15.0,0.02365,0.02683,0.0308,0.497984,,,,,,,,,,,,,,,,,,0.020233,0.429881,0.9333,18.489,0.8667,10.329653,15,21.127131,0.02958,0.5333,0.3232,0,1,0.020331,0.02812,0.03592,0.0503,0.05821,1,0.8667,0.02743,-0.04497,0.017775,0.348033,7.931,0.01945,0.03283,0.6,1.975,0.3232,0.018181,15.0,0.02493,0.02877,0.03936,7.652568,0.9333,0.03843,-0.03279,0.033686,0.762,29.047,0.03297,0.04722,0.5333,2.419,0.3008,0.032888,15.0,0.02812,0.03592,0.0503,21.127131,,,,,,,,,,,,,,,,,,,,,,,,,,,,,,,,,,,,,,,,,,,,,,,,,,,,JSWENERGY_data,,2026-10-01
CDL_Marubozu_Bull,CDL_Marubozu_Bull,single,18,candle,Bullish,0.8333,0.02419,-0.01397,0.017831,0.390515,12.622,0.01689,-0.00605,0.3889,1.051,0.2128,0.018085,18.0,0.00927,0.01062,0.01339,11.49849,0.8333,0.02605,-0.01683,0.018899,0.452438,13.156,0.01866,-0.00708,0.3333,1.357,0.2352,0.023357,18.0,0.01165,0.01711,0.02066,13.321763,,,,,,,,,,,,,,,,,,0.017495,0.393041,0.8704,13.086,0.8889,10.286974,5,13.321763,-0.00022,0.4074,0.2352,0,1,0.018876,0.01165,0.01711,0.02066,0.12212,0,,,,,,,,,,,,,,,,,,,,,,,,,,,,,,,,,,,,,,,,,,,,,,,,,,,,,,,,,,,,,,,,,,,,,0.9444,0.01884,-0.03662,0.015755,0.336169,13.479,0.01566,0.01248,0.5,0.858,0.2071,0.015187,18.0,0.00927,0.01062,0.01339,9.898285,JSWENERGY_data,,2026-10-01
BB_Lower_Bounce + CCI_Oversold,BB_Lower_Bounce + CCI_Oversold,combo_2,29,mean_rev,Bullish,0.931,0.01131,-0.0259,0.008747,0.263753,13.069,0.00918,0.01172,0.5517,1.183,0.1629,0.00579,29.0,0.01232,0.02321,0.0279,8.970751,0.9655,0.02497,-0.02977,0.023083,0.48034,35.937,0.02279,0.01859,0.4483,1.527,0.2044,0.017815,29.0,0.02345,0.0288,0.03312,16.33732,0.9655,0.00946,-0.03038,0.008088,0.192115,27.694,0.00662,-0.00147,0.4138,1.806,0.1465,0.004822,29.0,0.02345,0.03032,0.03312,6.534221,0.013306,0.312069,0.954,25.567,0.9655,10.248094,5,16.33732,0.00961,0.4713,0.2044,0,1,0.009476,0.02345,0.0288,0.03312,0.02582,1,,,,,,,,,,,,,,,,,,,,,,,,,,,,,,,,,,,,,,,,,,,,,,,,,,,,,,,,,,,,,,,,,,,,,,,,,,,,,,,,,,,,,,JSWENERGY_data,,2026-10-01
CMF_Positive + CDL_Bullish3Outside,CMF_Positive + CDL_Bullish3Outside,combo_2,13,momentum,Bullish,,,,,,,,,,,,,,,,,,0.9231,0.01184,-0.03967,0.007876,0.246857,10.125,0.00716,0.00868,0.5385,1.479,0.2369,0.006705,13.0,0.0299,0.03388,0.03658,6.514686,,,,,,,,,,,,,,,,,,0.017955,0.417333,0.9487,10.125,0.9231,10.166459,5,6.514686,0.02162,0.5385,0.3552,0,1,0.008959,0.0299,0.03388,0.03658,0.09018,1,0.9231,0.02037,0.01943,0.020299,0.513695,,0.02202,0.03283,0.6154,2.092,0.3552,0.011402,13.0,0.0299,0.03493,0.04813,1.355669,1.0,0.02569,0.0,0.02569,0.491449,,0.02498,0.02334,0.4615,2.563,0.3395,0.008769,13.0,0.03258,0.03493,0.06399,1.296961,,,,,,,,,,,,,,,,,,,,,,,,,,,,,,,,,,,,,,,,,,,,,,,,,,,,JSWENERGY_data,,2026-10-01
BB_Lower_Touch + CCI_Oversold,BB_Lower_Touch + CCI_Oversold,combo_2,33,mean_rev,Bullish,0.9394,0.02081,-0.03888,0.017192,0.396527,14.088,0.01652,0.02956,0.5758,1.129,0.0991,0.016983,33.0,0.01376,0.02271,0.03304,13.982982,0.9394,0.01551,-0.08302,0.009539,0.208362,6.435,0.00977,0.02117,0.6364,1.457,0.1345,0.007204,33.0,0.01786,0.02677,0.0393,4.728109,0.8788,0.03449,-0.06996,0.021833,0.469613,5.001,0.02402,0.0224,0.5152,1.724,0.2069,0.015372,33.0,0.02066,0.02963,0.04725,8.28191,0.016188,0.358168,0.9192,8.508,0.9394,10.09451,3,13.982982,0.02437,0.5758,0.2069,0,1,0.013186,0.01376,0.02271,0.03304,0.04163,1,,,,,,,,,,,,,,,,,,,,,,,,,,,,,,,,,,,,,,,,,,,,,,,,,,,,,,,,,,,,,,,,,,,,,,,,,,,,,,,,,,,,,,JSWENERGY_data,,2026-10-01
BB_Lower_Touch,BB_Lower_Touch,single,33,mean_rev,Bullish,0.9394,0.02081,-0.03888,0.017192,0.396527,14.088,0.01652,0.02956,0.5758,1.129,0.0991,0.016983,33.0,0.01376,0.02271,0.03304,13.982982,0.9394,0.01551,-0.08302,0.009539,0.208362,6.435,0.00977,0.02117,0.6364,1.457,0.1345,0.007204,33.0,0.01786,0.02677,0.0393,4.728109,0.8788,0.03449,-0.06996,0.021833,0.469613,5.001,0.02402,0.0224,0.5152,1.724,0.2069,0.015372,33.0,0.02066,0.02963,0.04725,8.28191,0.016188,0.358168,0.9192,8.508,0.9394,10.09451,3,13.982982,0.02437,0.5758,0.2069,0,1,0.013186,0.01376,0.02271,0.03304,0.04163,1,,,,,,,,,,,,,,,,,,,,,,,,,,,,,,,,,,,,,,,,,,,,,,,,,,,,,,,,,,,,,,,,,,,,,,,,,,,,,,,,,,,,,,JSWENERGY_data,,2026-10-01
EMA_Bullish_State + CDL_Marubozu_Bull,EMA_Bullish_State + CDL_Marubozu_Bull,combo_2,14,momentum,Bullish,,,,,,,,,,,,,,,,,,0.8571,0.01895,-0.01761,0.013726,0.33536,13.962,0.01349,-0.00708,0.3571,1.382,0.3176,0.016347,14.0,0.01109,0.01776,0.02049,9.081705,,,,,,,,,,,,,,,,,,0.029372,0.677939,0.7857,6.878,0.7857,9.920838,15,17.056977,0.00486,0.381,0.367,0,1,0.030945,0.02066,0.02145,0.03305,0.55817,0,0.6429,0.06302,-0.06786,0.016276,0.360653,1.963,0.01488,-0.00024,0.4286,1.955,0.367,0.020306,14.0,0.01109,0.01872,0.02068,1.917056,0.8571,0.09046,-0.13596,0.058114,1.337805,4.708,0.05648,0.02189,0.3571,2.394,0.2962,0.056181,14.0,0.02066,0.02145,0.03305,17.056977,,,,,,,,,,,,,,,,,,,,,,,,,,,,,,,,,,,,,,,,,,,,,,,,,,,,JSWENERGY_data,,2026-10-01
BB_Lower_Bounce,BB_Lower_Bounce,single,33,mean_rev,Bullish,0.9091,0.01092,-0.01759,0.008325,0.245217,13.44,0.00876,0.00934,0.5152,1.16,0.1553,0.004896,33.0,0.01142,0.01959,0.02586,8.647245,0.9394,0.0264,-0.03574,0.022634,0.422562,17.759,0.02173,0.01816,0.4242,1.497,0.1752,0.017379,33.0,0.01391,0.02629,0.03032,14.90107,0.9697,0.01209,-0.03038,0.0108,0.219688,34.728,0.00924,0.00165,0.4545,1.772,0.1346,0.006663,33.0,0.02139,0.03014,0.03215,7.746985,0.013919,0.295822,0.9394,21.975,0.9394,9.799538,5,14.90107,0.00972,0.4646,0.1752,0,1,0.009646,0.01391,0.02629,0.03032,0.01317,1,,,,,,,,,,,,,,,,,,,,,,,,,,,,,,,,,,,,,,,,,,,,,,,,,,,,,,,,,,,,,,,,,,,,,,,,,,,,,,,,,,,,,,JSWENERGY_data,,2026-10-01
MACD_Hist_Rising + CMF_Strong_Bull,MACD_Hist_Rising + CMF_Strong_Bull,combo_2,74,momentum,Bullish,,,,,,,,,,,,,,,,,,0.7973,0.02318,-0.03635,0.011115,0.213295,5.099,0.01191,-0.00559,0.4189,1.395,0.0954,0.01475,73.0,0.00655,0.01332,0.02088,4.695921,,,,,,,,,,,,,,,,,,0.026353,0.507863,0.8198,4.645,0.9595,9.771292,15,15.168816,0.00349,0.3874,0.1156,0,1,0.027086,0.01879,0.03113,0.04366,0.51926,0,0.8243,0.04976,-0.07457,0.02792,0.552344,4.199,0.02885,0.01217,0.4054,1.972,0.1156,0.028635,73.0,0.0088,0.02263,0.03309,10.013949,0.8378,0.06623,-0.09539,0.040024,0.757949,4.635,0.03996,0.00389,0.3378,2.416,0.0872,0.037872,73.0,0.01879,0.03113,0.04366,15.168816,,,,,,,,,,,,,,,,,,,,,,,,,,,,,,,,,,,,,,,,,,,,,,,,,,,,JSWENERGY_data,,2026-10-01
Price_Above_SMA20 + OBV_Rising,Price_Above_SMA20 + OBV_Rising,combo_2,235,momentum,Bullish,,,,,,,,,,,,,,,,,,0.8553,0.01652,-0.04118,0.008175,0.171572,4.376,0.00855,-0.00502,0.434,1.343,0.042,0.005121,228.0,0.00909,0.01559,0.02245,4.10196,,,,,,,,,,,,,,,,,,0.019105,0.392407,0.8525,4.502,0.9915,9.570418,15,17.34448,0.00278,0.417,0.044,0,1,0.012305,0.01809,0.02649,0.03731,0.13161,0,0.8468,0.03114,-0.06242,0.016806,0.334658,4.399,0.01796,0.00502,0.434,1.899,0.044,0.010794,228.0,0.01244,0.02068,0.03054,8.04449,0.8553,0.05249,-0.08681,0.032333,0.67099,4.731,0.0326,0.00834,0.383,2.326,0.0357,0.021,228.0,0.01809,0.02649,0.03731,17.34448,,,,,,,,,,,,,,,,,,,,,,,,,,,,,,,,,,,,,,,,,,,,,,,,,,,,JSWENERGY_data,,2026-10-01
Stoch_Cross_Up + OBV_Rising,Stoch_Cross_Up + OBV_Rising,combo_2,140,momentum,Bullish,,,,,,,,,,,,,,,,,,0.7914,0.02412,-0.04339,0.010033,0.212835,3.416,0.00987,0.00395,0.4532,1.361,0.0438,0.008464,137.0,0.00641,0.0126,0.01984,3.597515,,,,,,,,,,,,,,,,,,0.023214,0.495095,0.8177,4.059,0.9568,9.516094,15,17.249671,0.01469,0.4508,0.063,0,1,0.020097,0.01243,0.02614,0.04239,0.5196,0,0.8273,0.04449,-0.07112,0.02453,0.543083,3.983,0.02505,0.0209,0.4748,1.925,0.063,0.021791,137.0,0.01071,0.01967,0.03147,10.704433,0.8345,0.05728,-0.0769,0.03508,0.729368,4.779,0.03538,0.01921,0.4245,2.358,0.0537,0.030036,137.0,0.01243,0.02614,0.04239,17.249671,,,,,,,,,,,,,,,,,,,,,,,,,,,,,,,,,,,,,,,,,,,,,,,,,,,,JSWENERGY_data,,2026-10-01
VWAP_Bull + CDL_DragonFlyDoji,VWAP_Bull + CDL_DragonFlyDoji,combo_2,17,momentum,Bullish,,,,,,,,,,,,,,,,,,0.8824,0.03008,-0.0409,0.021731,0.429356,7.639,0.02177,0.00328,0.4118,1.309,0.2369,0.024346,17.0,0.00818,0.01184,0.0172,9.480432,,,,,,,,,,,,,,,,,,0.031373,0.645924,0.8039,5.743,0.8824,9.460953,15,12.358981,-0.00169,0.3333,0.358,0,1,0.033036,0.01047,0.0161,0.03835,0.4199,0,0.7647,0.06083,-0.05218,0.034237,0.703793,4.276,0.03511,-0.0022,0.3529,1.851,0.3212,0.036884,17.0,0.01047,0.01547,0.03405,8.698745,0.7647,0.06459,-0.04778,0.038153,0.804623,5.314,0.03924,-0.00616,0.2353,2.267,0.358,0.037879,17.0,0.01047,0.0161,0.03835,12.358981,,,,,,,,,,,,,,,,,,,,,,,,,,,,,,,,,,,,,,,,,,,,,,,,,,,,JSWENERGY_data,,2026-10-01
Golden_Cross_State + CDL_HaramiCross_Bull,Golden_Cross_State + CDL_HaramiCross_Bull,combo_2,14,trend,Bullish,,,,,,,,,,,,,,,,,,,,,,,,,,,,,,,,,,,,,,,,,,,,,,,,,,,,0.01868,0.374328,0.9048,34.197,0.9286,9.412908,20,16.762852,0.01336,0.4762,0.3189,0,1,0.006698,0.04652,0.04879,0.05449,0.30034,0,0.8571,0.02218,-0.01716,0.016557,0.306669,12.328,0.01695,-0.00729,0.4286,2.009,0.2852,0.0102,13.0,0.0197,0.02446,0.04644,8.304751,,,,,,,,,,,,,,,,,,0.9286,0.03214,-0.0075,0.02931,0.619001,84.437,0.03079,0.02709,0.4286,2.841,0.3172,0.014552,13.0,0.04652,0.04879,0.05449,16.762852,0.9286,0.0181,-0.09289,0.010173,0.197313,5.826,0.00957,0.02028,0.5714,3.48,0.3189,-0.004657,13.0,0.05074,0.06251,0.07166,3.112918,,,,,,,,,,,,,,,,,,JSWENERGY_data,,2026-10-01
STRAT_Volume_MACD_Bull,Volume_Spike + MACD_Cross_Up_Event,combo_2,21,volume,Bullish,0.9048,0.00489,-0.05115,-0.000447,0.064085,4.082,-0.00039,-0.00319,0.4286,1.033,0.2436,0.000397,21.0,0.00933,0.0168,0.01954,0.808563,,,,,,,,,,,,,,,,,,0.9048,0.03375,-0.08128,0.022795,0.660381,5.711,0.02505,0.00217,0.381,1.578,0.349,0.021043,21.0,0.0168,0.01954,0.03979,11.658543,0.018108,0.543085,0.8889,5.863,0.9524,9.37354,10,21.802763,0.00092,0.3968,0.349,0,1,0.01656,0.0168,0.01954,0.03979,0.2295,0,0.8571,0.04591,-0.05163,0.031977,0.904789,7.796,0.03198,0.00377,0.381,1.886,0.2802,0.028239,21.0,0.0168,0.01954,0.03979,21.802763,,,,,,,,,,,,,,,,,,,,,,,,,,,,,,,,,,,,,,,,,,,,,,,,,,,,,,,,,,,,,,,,,,,,,JSWENERGY_data,,2026-10-01
Stoch_Cross_Up + VWAP_Bull,Stoch_Cross_Up + VWAP_Bull,combo_2,180,momentum,Bullish,,,,,,,,,,,,,,,,,,0.7933,0.02112,-0.04289,0.007885,0.15522,3.202,0.00751,-0.00192,0.4581,1.367,0.037,0.006275,177.0,0.00651,0.01327,0.01984,2.58375,,,,,,,,,,,,,,,,,,0.021409,0.462018,0.8212,4.059,0.9497,9.259734,15,19.785158,0.01212,0.4581,0.0524,0,1,0.018023,0.01406,0.02628,0.04376,0.37098,0,0.8268,0.04012,-0.06762,0.02146,0.490603,3.835,0.02267,0.01908,0.4916,1.933,0.0524,0.018737,177.0,0.01238,0.01921,0.02999,9.780106,0.8436,0.05488,-0.07298,0.034883,0.740232,5.142,0.03482,0.01921,0.4246,2.368,0.0434,0.029058,177.0,0.01406,0.02628,0.04376,19.785158,,,,,,,,,,,,,,,,,,,,,,,,,,,,,,,,,,,,,,,,,,,,,,,,,,,,JSWENERGY_data,,2026-10-01
BB_Lower_Bounce + OBV_Rising,BB_Lower_Bounce + OBV_Rising,combo_2,30,momentum,Bullish,,,,,,,,,,,,,,,,,,0.9333,0.03083,-0.03574,0.026392,0.474033,17.458,0.02549,0.01837,0.4333,1.505,0.1785,0.019715,30.0,0.01257,0.02497,0.03042,16.278226,,,,,,,,,,,,,,,,,,0.017304,0.292552,0.9111,9.848,0.9333,9.233546,5,16.278226,0.00614,0.4444,0.2419,0,1,0.013517,0.01257,0.02497,0.03042,0.08227,1,0.9333,0.01277,-0.08319,0.006371,0.043012,7.157,0.00507,-0.00956,0.4667,2.129,0.1447,0.003723,30.0,0.01944,0.03051,0.03489,1.057102,0.8667,0.03389,-0.07669,0.019149,0.360612,4.927,0.01912,0.00962,0.4333,2.607,0.2419,0.017114,30.0,0.01944,0.03389,0.04922,6.101832,,,,,,,,,,,,,,,,,,,,,,,,,,,,,,,,,,,,,,,,,,,,,,,,,,,,JSWENERGY_data,,2026-10-01
CMF_Positive + OBV_Rising,CMF_Positive + OBV_Rising,combo_2,193,momentum,Bullish,,,,,,,,,,,,,,,,,,0.8705,0.01516,-0.04236,0.007713,0.141221,4.954,0.00788,-0.0078,0.4249,1.353,0.0471,0.006564,187.0,0.00919,0.01746,0.0225,3.685665,,,,,,,,,,,,,,,,,,0.018022,0.339178,0.8601,5.176,0.9793,9.055898,15,16.521073,-0.00067,0.3903,0.0546,0,1,0.013054,0.01865,0.02739,0.03478,0.05446,1,0.8497,0.0292,-0.05396,0.016708,0.306442,5.069,0.01764,0.00165,0.399,1.914,0.0546,0.011776,187.0,0.01481,0.02114,0.02746,8.183349,0.8601,0.04666,-0.07495,0.029645,0.569872,5.503,0.02985,0.00412,0.3472,2.344,0.0449,0.020822,187.0,0.01865,0.02739,0.03478,16.521073,,,,,,,,,,,,,,,,,,,,,,,,,,,,,,,,,,,,,,,,,,,,,,,,,,,,JSWENERGY_data,,2026-10-01
Stoch_Oversold + CCI_Oversold,Stoch_Oversold + CCI_Oversold,combo_2,38,mean_rev,Bullish,0.8947,0.02334,-0.03928,0.016748,0.357168,7.065,0.01724,0.01249,0.4737,1.037,0.1364,0.016096,38.0,0.01074,0.01811,0.02247,9.24519,0.9211,0.02029,-0.05197,0.014586,0.346006,8.247,0.01589,0.01879,0.5263,1.339,0.1669,0.012543,38.0,0.01595,0.0223,0.02808,10.453796,0.8947,0.01692,-0.0416,0.010763,0.259931,7.967,0.0119,0.00602,0.4737,1.585,0.1856,0.005808,38.0,0.01641,0.02338,0.03098,7.587069,0.014032,0.321035,0.9035,7.76,0.9737,8.886449,5,10.453796,0.01243,0.4912,0.1856,0,1,0.011482,0.01595,0.0223,0.02808,0.08286,1,,,,,,,,,,,,,,,,,,,,,,,,,,,,,,,,,,,,,,,,,,,,,,,,,,,,,,,,,,,,,,,,,,,,,,,,,,,,,,,,,,,,,,JSWENERGY_data,,2026-10-01
Stoch_Cross_Up + CMF_Positive,Stoch_Cross_Up + CMF_Positive,combo_2,92,momentum,Bullish,,,,,,,,,,,,,,,,,,0.7609,0.02443,-0.04255,0.008412,0.157174,2.872,0.00798,-0.00423,0.4565,1.353,0.0698,0.008475,91.0,0.00543,0.01347,0.01891,2.045729,,,,,,,,,,,,,,,,,,0.022912,0.473345,0.8043,4.368,0.913,8.556404,15,21.071693,0.00684,0.4312,0.0977,0,1,0.020952,0.01341,0.02866,0.03926,0.39918,0,0.8043,0.04562,-0.06141,0.024683,0.524896,3.933,0.02556,0.01761,0.4565,1.914,0.0977,0.022899,91.0,0.00676,0.01867,0.03045,9.356079,0.8478,0.05342,-0.0634,0.035643,0.737965,6.3,0.03638,0.00715,0.3804,2.344,0.0809,0.031481,91.0,0.01341,0.02866,0.03926,21.071693,,,,,,,,,,,,,,,,,,,,,,,,,,,,,,,,,,,,,,,,,,,,,,,,,,,,JSWENERGY_data,,2026-10-01
STRAT_Volume_OBV_Bull,Volume_Spike + OBV_Trend_Bull,combo_2,93,momentum,Bullish,,,,,,,,,,,,,,,,,,0.8602,0.02679,-0.05363,0.015547,0.345534,4.638,0.0161,-0.00199,0.4086,1.338,0.0889,0.016659,92.0,0.0049,0.02037,0.02754,7.280801,,,,,,,,,,,,,,,,,,0.019058,0.403092,0.8781,4.826,0.9677,8.552426,10,9.683107,0.00059,0.4122,0.0889,0,1,0.018514,0.01967,0.02559,0.03844,0.04656,1,0.8925,0.0328,-0.08824,0.019788,0.424482,5.021,0.0199,0.00424,0.4194,1.892,0.0763,0.01954,92.0,0.01967,0.02559,0.03844,9.683107,0.8817,0.03752,-0.09505,0.021838,0.43926,4.818,0.02213,-0.00048,0.4086,2.317,0.0787,0.019343,92.0,0.02066,0.03232,0.04402,9.615462,,,,,,,,,,,,,,,,,,,,,,,,,,,,,,,,,,,,,,,,,,,,,,,,,,,,JSWENERGY_data,,2026-10-01
OBV_Rising + OBV_Trend_Bull,OBV_Rising + OBV_Trend_Bull,combo_2,246,momentum,Bullish,,,,,,,,,,,,,,,,,,0.8659,0.01623,-0.04987,0.007362,0.140255,4.004,0.0076,-0.00404,0.4431,1.361,0.0393,0.004646,240.0,0.0098,0.01668,0.02292,3.09359,,,,,,,,,,,,,,,,,,0.01769,0.346761,0.8631,4.464,0.9959,8.493575,15,16.326974,0.00302,0.4173,0.0412,0,1,0.011629,0.01753,0.02747,0.03801,0.04863,1,0.8618,0.02932,-0.06992,0.015603,0.299567,4.453,0.01671,0.00754,0.435,1.924,0.0412,0.010088,240.0,0.01401,0.021,0.03063,7.349701,0.8618,0.04908,-0.0882,0.030105,0.60046,4.935,0.03067,0.00555,0.374,2.357,0.0336,0.020153,240.0,0.01753,0.02747,0.03801,16.326974,,,,,,,,,,,,,,,,,,,,,,,,,,,,,,,,,,,,,,,,,,,,,,,,,,,,JSWENERGY_data,,2026-10-01
OBV_Rising + CDL_Bullish3Outside,OBV_Rising + CDL_Bullish3Outside,combo_2,19,momentum,Bullish,,,,,,,,,,,,,,,,,,0.9474,0.00981,-0.03967,0.007205,0.152943,13.62,0.00647,0.00868,0.5263,1.41,0.176,0.006508,19.0,0.0208,0.02619,0.03071,4.581768,,,,,,,,,,,,,,,,,,0.015233,0.314813,0.9123,18.527,0.8947,8.438221,15,17.855008,0.0216,0.5439,0.2962,0,1,0.010149,0.02877,0.03285,0.04091,0.13569,0,0.8421,0.01609,-0.02351,0.009836,0.195481,8.566,0.01161,0.03279,0.6316,1.995,0.2962,0.00604,19.0,0.02286,0.02845,0.03493,5.01646,0.9474,0.03207,-0.03279,0.028659,0.596015,33.394,0.02793,0.02334,0.4737,2.443,0.2608,0.017899,19.0,0.02877,0.03285,0.04091,17.855008,,,,,,,,,,,,,,,,,,,,,,,,,,,,,,,,,,,,,,,,,,,,,,,,,,,,JSWENERGY_data,,2026-10-01
VWAP_Bull + CDL_Bullish3Outside,VWAP_Bull + CDL_Bullish3Outside,combo_2,19,momentum,Bullish,,,,,,,,,,,,,,,,,,0.9474,0.00981,-0.03967,0.007205,0.152943,13.62,0.00647,0.00868,0.5263,1.41,0.176,0.006508,19.0,0.0208,0.02619,0.03071,4.581768,,,,,,,,,,,,,,,,,,0.015233,0.314813,0.9123,18.527,0.8947,8.438221,15,17.855008,0.0216,0.5439,0.2962,0,1,0.010149,0.02877,0.03285,0.04091,0.13569,0,0.8421,0.01609,-0.02351,0.009836,0.195481,8.566,0.01161,0.03279,0.6316,1.995,0.2962,0.00604,19.0,0.02286,0.02845,0.03493,5.01646,0.9474,0.03207,-0.03279,0.028659,0.596015,33.394,0.02793,0.02334,0.4737,2.443,0.2608,0.017899,19.0,0.02877,0.03285,0.04091,17.855008,,,,,,,,,,,,,,,,,,,,,,,,,,,,,,,,,,,,,,,,,,,,,,,,,,,,JSWENERGY_data,,2026-10-01
CCI_Oversold + VWAP_Bull,CCI_Oversold + VWAP_Bull,combo_2,58,momentum,Bullish,,,,,,,,,,,,,,,,,,0.8793,0.02007,-0.04339,0.012408,0.225227,5.7,0.01177,0.01662,0.5172,1.353,0.0843,0.00922,58.0,0.01196,0.02186,0.02704,5.234712,,,,,,,,,,,,,,,,,,0.019808,0.383078,0.8966,5.579,0.9655,8.414153,15,10.815443,0.01753,0.4943,0.1145,0,1,0.015647,0.02208,0.03528,0.04596,0.04309,1,0.9138,0.0277,-0.07629,0.018732,0.34458,6.46,0.02003,0.01149,0.4828,1.914,0.0983,0.012534,58.0,0.01888,0.02497,0.03513,9.07603,0.8966,0.04462,-0.11326,0.028286,0.579428,4.578,0.02971,0.02449,0.4828,2.344,0.1145,0.025187,58.0,0.02208,0.03528,0.04596,10.815443,,,,,,,,,,,,,,,,,,,,,,,,,,,,,,,,,,,,,,,,,,,,,,,,,,,,JSWENERGY_data,,2026-10-01
BB_Lower_Touch + Stoch_Oversold,BB_Lower_Touch + Stoch_Oversold,combo_2,29,mean_rev,Bullish,0.8966,0.02465,-0.04457,0.01749,0.428056,7.533,0.01736,0.02743,0.5862,1.117,0.1503,0.01725,29.0,0.01195,0.02145,0.02802,10.967417,0.931,0.01963,-0.07401,0.01317,0.329389,7.557,0.01445,0.01576,0.5517,1.442,0.1941,0.010728,29.0,0.01639,0.0245,0.03238,8.466724,0.8621,0.03378,-0.06425,0.020259,0.434503,4.86,0.02161,0.01991,0.4828,1.706,0.2364,0.013617,29.0,0.01878,0.02563,0.04329,7.181778,0.016973,0.397316,0.8966,6.65,0.931,8.366796,3,10.967417,0.02103,0.5402,0.2364,0,1,0.013865,0.01195,0.02145,0.02802,0.09827,1,,,,,,,,,,,,,,,,,,,,,,,,,,,,,,,,,,,,,,,,,,,,,,,,,,,,,,,,,,,,,,,,,,,,,,,,,,,,,,,,,,,,,,JSWENERGY_data,,2026-10-01
CDL_Harami_Bull + CDL_HaramiCross_Bull,CDL_Harami_Bull + CDL_HaramiCross_Bull,combo_2,21,candle,Bullish,0.8571,0.01346,-0.01392,0.009545,0.26283,10.042,0.00848,0.00368,0.4762,1.149,0.2113,0.002226,19.0,0.00746,0.01549,0.01842,8.124196,0.9048,0.02845,-0.01979,0.023858,0.617346,17.287,0.02472,0.01552,0.381,1.483,0.2517,0.012455,19.0,0.01531,0.01887,0.02162,19.082427,,,,,,,,,,,,,,,,,,0.012352,0.332321,0.8254,9.982,0.8095,8.300224,5,19.082427,0.00618,0.4286,0.3478,0,1,0.004813,0.01531,0.01887,0.02162,0.26348,0,,,,,,,,,,,,,,,,,,,,,,,,,,,,,,,,,,,,,,,,,,,,,,,,,,,,,,,,,,,,,,,,,,,,,0.7143,0.01092,-0.0145,0.003653,0.116785,2.616,0.00444,-0.00067,0.4286,0.938,0.3478,-0.000241,19.0,0.00443,0.00752,0.01521,0.94432,JSWENERGY_data,,2026-10-01
CDL_HaramiCross_Bull,CDL_HaramiCross_Bull,single,21,candle,Bullish,0.8571,0.01346,-0.01392,0.009545,0.26283,10.042,0.00848,0.00368,0.4762,1.149,0.2113,0.002226,19.0,0.00746,0.01549,0.01842,8.124196,0.9048,0.02845,-0.01979,0.023858,0.617346,17.287,0.02472,0.01552,0.381,1.483,0.2517,0.012455,19.0,0.01531,0.01887,0.02162,19.082427,,,,,,,,,,,,,,,,,,0.012352,0.332321,0.8254,9.982,0.8095,8.300224,5,19.082427,0.00618,0.4286,0.3478,0,1,0.004813,0.01531,0.01887,0.02162,0.26348,0,,,,,,,,,,,,,,,,,,,,,,,,,,,,,,,,,,,,,,,,,,,,,,,,,,,,,,,,,,,,,,,,,,,,,0.7143,0.01092,-0.0145,0.003653,0.116785,2.616,0.00444,-0.00067,0.4286,0.938,0.3478,-0.000241,19.0,0.00443,0.00752,0.01521,0.94432,JSWENERGY_data,,2026-10-01
Price_Above_SMA50 + Stoch_Oversold,Price_Above_SMA50 + Stoch_Oversold,combo_2,24,trend,Bullish,,,,,,,,,,,,,,,,,,,,,,,,,,,,,,,,,,,,,,,,,,,,,,,,,,,,0.033661,0.784009,0.8194,3.429,0.9583,8.293769,30,17.7594,0.02801,0.4861,0.3881,0,1,0.014796,0.01395,0.04682,0.05578,0.60079,0,0.8333,0.03528,-0.07416,0.017039,0.403048,3.149,0.01622,0.02409,0.5833,1.94,0.1914,0.006219,24.0,0.01395,0.02469,0.03497,4.085689,,,,,,,,,,,,,,,,,,0.7917,0.05784,-0.09192,0.026639,0.672615,2.816,0.0335,0.01182,0.4167,2.743,0.3881,0.007762,24.0,0.01395,0.02905,0.05257,6.097109,0.8333,0.09165,-0.11441,0.057305,1.276365,4.323,0.06524,0.04813,0.4583,3.359,0.3485,0.030408,24.0,0.01395,0.04682,0.05578,17.7594,,,,,,,,,,,,,,,,,,JSWENERGY_data,,2026-10-01
Williams_Oversold + VWAP_Bull,Williams_Oversold + VWAP_Bull,combo_2,77,momentum,Bullish,,,,,,,,,,,,,,,,,,0.8312,0.02178,-0.05964,0.008031,0.111937,2.732,0.00768,0.00839,0.5065,1.355,0.074,0.005679,77.0,0.00569,0.01526,0.02903,1.332328,,,,,,,,,,,,,,,,,,0.024148,0.501514,0.8225,3.836,0.987,8.271648,15,16.529321,0.01571,0.4675,0.074,0,1,0.02024,0.01351,0.03078,0.03698,0.54541,0,0.8182,0.04384,-0.05959,0.025039,0.531667,4.368,0.02488,0.0115,0.4416,1.917,0.0705,0.019787,77.0,0.00957,0.01921,0.03144,10.117308,0.8182,0.06621,-0.08141,0.039373,0.860939,4.407,0.0399,0.02723,0.4545,2.347,0.0718,0.035255,77.0,0.01351,0.03078,0.03698,16.529321,,,,,,,,,,,,,,,,,,,,,,,,,,,,,,,,,,,,,,,,,,,,,,,,,,,,JSWENERGY_data,,2026-10-01
RSI_Cross50_Up + Price_Above_SMA20,RSI_Cross50_Up + Price_Above_SMA20,combo_2,55,momentum,Bullish,,,,,,,,,,,,,,,,,,0.7818,0.03152,-0.03396,0.017234,0.468267,4.154,0.01668,0.01198,0.4727,1.294,0.1074,0.015649,55.0,0.00605,0.01056,0.01962,7.829875,,,,,,,,,,,,,,,,,,0.020441,0.473426,0.8303,4.469,0.9273,7.897014,10,11.245549,0.01356,0.4364,0.1406,0,1,0.018414,0.01316,0.02254,0.0405,0.3558,0,0.8545,0.03282,-0.0459,0.021366,0.499474,5.593,0.02188,0.01591,0.4364,1.83,0.1406,0.020406,55.0,0.01316,0.02254,0.0405,11.245549,0.8545,0.04092,-0.08418,0.022721,0.452538,3.659,0.02185,0.01279,0.4,2.241,0.1013,0.019186,55.0,0.01766,0.0331,0.04507,6.666225,,,,,,,,,,,,,,,,,,,,,,,,,,,,,,,,,,,,,,,,,,,,,,,,,,,,JSWENERGY_data,,2026-10-01
EMA_Bullish_State + CDL_Harami_Bull,EMA_Bullish_State + CDL_Harami_Bull,combo_2,37,momentum,Bullish,,,,,,,,,,,,,,,,,,0.8378,0.0192,-0.03727,0.010047,0.236155,3.805,0.01016,0.00911,0.4865,1.314,0.1986,-0.000384,35.0,0.00993,0.01604,0.0221,3.268503,,,,,,,,,,,,,,,,,,0.021462,0.4364,0.8649,5.233,0.9459,7.857927,15,22.597963,0.00583,0.4234,0.21,0,1,0.006233,0.0148,0.0316,0.03607,0.22734,0,0.8649,0.02608,-0.06158,0.014238,0.222479,4.59,0.01674,0.0039,0.4324,1.859,0.199,0.001548,35.0,0.00993,0.02305,0.03192,3.714703,0.8919,0.05461,-0.07962,0.0401,0.850567,7.304,0.0419,0.00449,0.3514,2.276,0.21,0.017535,35.0,0.0148,0.0316,0.03607,22.597963,,,,,,,,,,,,,,,,,,,,,,,,,,,,,,,,,,,,,,,,,,,,,,,,,,,,JSWENERGY_data,,2026-10-01
MACD_Hist_Positive + Stoch_Bull_Zone,MACD_Hist_Positive + Stoch_Bull_Zone,combo_2,99,momentum,Bullish,,,,,,,,,,,,,,,,,,0.8384,0.02397,-0.04699,0.012501,0.302595,3.99,0.01346,0.00198,0.4343,1.34,0.088,0.013285,98.0,0.00602,0.01436,0.02202,5.560628,,,,,,,,,,,,,,,,,,0.019008,0.407477,0.8451,4.27,0.9798,7.850087,15,9.47799,0.00828,0.4478,0.0881,0,1,0.018686,0.01828,0.02937,0.03918,0.27996,0,0.8384,0.03626,-0.05739,0.021121,0.417327,4.723,0.02063,0.00939,0.4545,1.894,0.0794,0.020189,98.0,0.01214,0.01945,0.03297,9.07652,0.8586,0.04199,-0.08943,0.023402,0.502508,4.096,0.02437,0.01346,0.4545,2.32,0.0881,0.022586,98.0,0.01828,0.02937,0.03918,9.47799,,,,,,,,,,,,,,,,,,,,,,,,,,,,,,,,,,,,,,,,,,,,,,,,,,,,JSWENERGY_data,,2026-10-01
MACD_Bullish_State + Stoch_Bull_Zone,MACD_Bullish_State + Stoch_Bull_Zone,combo_2,99,momentum,Bullish,,,,,,,,,,,,,,,,,,0.8384,0.02397,-0.04699,0.012501,0.302595,3.99,0.01346,0.00198,0.4343,1.34,0.088,0.013285,98.0,0.00602,0.01436,0.02202,5.560628,,,,,,,,,,,,,,,,,,0.019008,0.407477,0.8451,4.27,0.9798,7.850087,15,9.47799,0.00828,0.4478,0.0881,0,1,0.018686,0.01828,0.02937,0.03918,0.27996,0,0.8384,0.03626,-0.05739,0.021121,0.417327,4.723,0.02063,0.00939,0.4545,1.894,0.0794,0.020189,98.0,0.01214,0.01945,0.03297,9.07652,0.8586,0.04199,-0.08943,0.023402,0.502508,4.096,0.02437,0.01346,0.4545,2.32,0.0881,0.022586,98.0,0.01828,0.02937,0.03918,9.47799,,,,,,,,,,,,,,,,,,,,,,,,,,,,,,,,,,,,,,,,,,,,,,,,,,,,JSWENERGY_data,,2026-10-01
BB_Lower_Bounce + VWAP_Bull,BB_Lower_Bounce + VWAP_Bull,combo_2,32,momentum,Bullish,,,,,,,,,,,,,,,,,,0.9375,0.02738,-0.03574,0.023434,0.440997,17.77,0.02253,0.01837,0.4375,1.519,0.1752,0.017759,32.0,0.01327,0.02622,0.03115,15.419507,,,,,,,,,,,,,,,,,,0.014781,0.268704,0.8958,9.205,0.9062,7.837537,5,15.419507,0.00332,0.4583,0.2419,0,1,0.01152,0.01327,0.02622,0.03115,0.06732,1,0.9062,0.01382,-0.06612,0.006321,0.071332,6.204,0.00501,-0.00956,0.4688,2.149,0.14,0.003848,32.0,0.0208,0.03086,0.03466,1.547439,0.8438,0.03264,-0.08292,0.014587,0.293783,3.64,0.01455,0.00113,0.4688,2.632,0.2419,0.012953,32.0,0.0208,0.03266,0.04627,3.739356,,,,,,,,,,,,,,,,,,,,,,,,,,,,,,,,,,,,,,,,,,,,,,,,,,,,JSWENERGY_data,,2026-10-01
Price_Above_SMA50 + CDL_Marubozu_Bull,Price_Above_SMA50 + CDL_Marubozu_Bull,combo_2,16,trend,Bullish,,,,,,,,,,,,,,,,,,,,,,,,,,,,,,,,,,,,,,,,,,,,,,,,,,,,0.045087,0.941212,0.75,3.916,0.75,7.830982,30,16.782032,-0.00652,0.375,0.3561,0,1,0.057077,0.02481,0.03428,0.07495,0.58916,0,0.625,0.06871,-0.06402,0.018939,0.399191,2.109,0.01752,0.01554,0.5,1.903,0.3024,0.030018,16.0,0.01092,0.01581,0.02067,2.385269,,,,,,,,,,,,,,,,,,0.75,0.10173,-0.07916,0.056504,1.240636,4.634,0.05805,-0.02045,0.3125,2.691,0.3561,0.074572,16.0,0.02067,0.02196,0.03097,16.288132,0.875,0.09504,-0.18675,0.059817,1.183809,5.004,0.06189,-0.01464,0.3125,3.295,0.3482,0.066642,16.0,0.02481,0.03428,0.07495,16.782032,,,,,,,,,,,,,,,,,,JSWENERGY_data,,2026-10-01
MACD_Bullish_State + BB_Expansion_Bull,MACD_Bullish_State + BB_Expansion_Bull,combo_2,19,momentum,Bullish,,,,,,,,,,,,,,,,,,0.8421,0.05182,-0.05024,0.035709,0.896458,6.614,0.03759,0.02418,0.4737,1.446,0.2594,0.036232,19.0,0.00483,0.02727,0.04465,17.76134,,,,,,,,,,,,,,,,,,0.025434,0.642483,0.807,4.209,0.9474,7.675555,5,17.76134,0.02826,0.4912,0.2596,0,1,0.026834,0.00483,0.02727,0.04465,0.58284,0,0.7895,0.05293,-0.06088,0.028971,0.74234,4.319,0.02838,0.02697,0.4737,2.045,0.2212,0.028913,19.0,0.00483,0.02727,0.05119,9.604347,0.7895,0.05773,-0.16128,0.011624,0.28865,1.696,0.01158,0.03363,0.5263,2.505,0.2596,0.015357,19.0,0.01077,0.0352,0.05119,1.466493,,,,,,,,,,,,,,,,,,,,,,,,,,,,,,,,,,,,,,,,,,,,,,,,,,,,JSWENERGY_data,,2026-10-01
MACD_Hist_Positive + BB_Expansion_Bull,MACD_Hist_Positive + BB_Expansion_Bull,combo_2,19,momentum,Bullish,,,,,,,,,,,,,,,,,,0.8421,0.05182,-0.05024,0.035709,0.896458,6.614,0.03759,0.02418,0.4737,1.446,0.2594,0.036232,19.0,0.00483,0.02727,0.04465,17.76134,,,,,,,,,,,,,,,,,,0.025434,0.642483,0.807,4.209,0.9474,7.675555,5,17.76134,0.02826,0.4912,0.2596,0,1,0.026834,0.00483,0.02727,0.04465,0.58284,0,0.7895,0.05293,-0.06088,0.028971,0.74234,4.319,0.02838,0.02697,0.4737,2.045,0.2212,0.028913,19.0,0.00483,0.02727,0.05119,9.604347,0.7895,0.05773,-0.16128,0.011624,0.28865,1.696,0.01158,0.03363,0.5263,2.505,0.2596,0.015357,19.0,0.01077,0.0352,0.05119,1.466493,,,,,,,,,,,,,,,,,,,,,,,,,,,,,,,,,,,,,,,,,,,,,,,,,,,,JSWENERGY_data,,2026-10-01
RSI_Bull_Momentum + CDL_Marubozu_Bull,RSI_Bull_Momentum + CDL_Marubozu_Bull,combo_2,13,momentum,Bullish,,,,,,,,,,,,,,,,,,0.7692,0.03391,-0.01683,0.0222,0.49873,10.364,0.02162,-0.01065,0.3077,1.347,0.299,0.023917,13.0,0.00981,0.01398,0.01872,13.161774,,,,,,,,,,,,,,,,,,0.031456,0.69704,0.6923,5.394,0.7692,7.633221,15,16.001586,0.00038,0.359,0.3852,0,1,0.041156,0.01865,0.02067,0.02145,0.82936,0,0.5385,0.0731,-0.06558,0.009093,0.150035,1.616,0.0077,-0.01088,0.3846,1.905,0.3852,0.023407,13.0,0.00981,0.01398,0.01872,0.639789,0.7692,0.11242,-0.1014,0.063075,1.442357,4.204,0.06145,0.02267,0.3846,2.333,0.2966,0.076142,13.0,0.01865,0.02067,0.02145,16.001586,,,,,,,,,,,,,,,,,,,,,,,,,,,,,,,,,,,,,,,,,,,,,,,,,,,,JSWENERGY_data,,2026-10-01
OBV_Rising,OBV_Rising,single,348,momentum,Bullish,,,,,,,,,,,,,,,,,,0.8338,0.01768,-0.04267,0.007652,0.13635,3.745,0.00792,-0.00192,0.449,1.362,0.0284,0.004616,336.0,0.0081,0.01396,0.02063,2.989934,,,,,,,,,,,,,,,,,,0.017278,0.329926,0.8338,3.899,0.9942,7.488759,15,12.716536,0.00522,0.4305,0.0307,0,1,0.011661,0.01264,0.02417,0.03736,0.40994,0,0.8309,0.03205,-0.06298,0.015983,0.315814,3.913,0.01674,0.00757,0.4402,1.926,0.0307,0.010034,336.0,0.01045,0.01956,0.02905,7.236001,0.8367,0.05048,-0.086,0.028198,0.537615,4.04,0.02885,0.01001,0.4023,2.359,0.0256,0.020333,336.0,0.01264,0.02417,0.03736,12.716536,,,,,,,,,,,,,,,,,,,,,,,,,,,,,,,,,,,,,,,,,,,,,,,,,,,,JSWENERGY_data,,2026-10-01
Price_Above_SMA20 + CDL_Bullish3Outside,Price_Above_SMA20 + CDL_Bullish3Outside,combo_2,14,momentum,Bullish,,,,,,,,,,,,,,,,,,0.9286,0.00961,-0.03967,0.006088,0.167737,10.984,0.00537,0.01183,0.5,1.446,0.2184,0.004408,14.0,0.02796,0.03152,0.03481,4.542397,,,,,,,,,,,,,,,,,,0.012733,0.29463,0.9524,10.984,0.9286,7.408828,5,4.542397,0.02339,0.5476,0.3792,0,1,0.00471,0.02796,0.03152,0.03481,0.07487,1,0.9286,0.00632,0.01943,0.007259,0.186224,,0.00931,0.03281,0.6429,2.045,0.3792,-0.00037,14.0,0.02796,0.03152,0.03718,0.504303,1.0,0.02485,0.0,0.024851,0.52993,,0.02413,0.02554,0.5,2.505,0.3257,0.010091,14.0,0.0301,0.03285,0.03718,1.435078,,,,,,,,,,,,,,,,,,,,,,,,,,,,,,,,,,,,,,,,,,,,,,,,,,,,JSWENERGY_data,,2026-10-01
OBV_Trend_Bull + CDL_Bullish3Outside,OBV_Trend_Bull + CDL_Bullish3Outside,combo_2,14,momentum,Bullish,,,,,,,,,,,,,,,,,,0.9286,0.01102,-0.03967,0.007395,0.233673,11.445,0.00668,0.01183,0.5,1.426,0.2096,0.006489,14.0,0.02796,0.03152,0.03481,6.32798,,,,,,,,,,,,,,,,,,0.011477,0.291033,0.9524,11.445,0.9286,7.318368,5,6.32798,0.01941,0.5476,0.3757,0,1,0.002931,0.02796,0.03152,0.03481,0.07487,1,0.9286,0.00677,0.01943,0.007679,0.233856,,0.00973,0.03281,0.6429,2.017,0.3757,0.000344,14.0,0.02796,0.03152,0.03718,0.633295,1.0,0.01936,0.0,0.019359,0.40557,,0.01864,0.0136,0.5,2.47,0.3559,0.001961,14.0,0.0301,0.03285,0.03718,1.098303,,,,,,,,,,,,,,,,,,,,,,,,,,,,,,,,,,,,,,,,,,,,,,,,,,,,JSWENERGY_data,,2026-10-01
STRAT_BB_Stoch_Bull,BB_Lower_Bounce + Stoch_Oversold,combo_2,20,mean_rev,Bullish,0.95,0.01289,-0.0388,0.010303,0.378184,12.724,0.0108,0.01285,0.55,1.108,0.2232,0.00621,20.0,0.01871,0.02014,0.02677,11.513908,0.95,0.01613,-0.02977,0.013838,0.344085,20.934,0.01253,0.01837,0.6,1.43,0.2425,0.007995,20.0,0.01944,0.02717,0.03147,10.475759,0.95,-5e-05,-0.03038,-0.001565,-0.006988,18.541,-0.00301,9e-05,0.55,1.692,0.2187,-0.00572,20.0,0.01944,0.02928,0.03199,-0.212751,0.007525,0.238427,0.95,17.4,1.0,7.258972,3,11.513908,0.01044,0.5667,0.2425,0,1,0.002828,0.01871,0.02014,0.02677,0.09332,1,,,,,,,,,,,,,,,,,,,,,,,,,,,,,,,,,,,,,,,,,,,,,,,,,,,,,,,,,,,,,,,,,,,,,,,,,,,,,,,,,,,,,,JSWENERGY_data,,2026-10-01
BB_Lower_Bounce + Stoch_Oversold,BB_Lower_Bounce + Stoch_Oversold,combo_2,20,mean_rev,Bullish,0.95,0.01289,-0.0388,0.010303,0.378184,12.724,0.0108,0.01285,0.55,1.108,0.2232,0.00621,20.0,0.01871,0.02014,0.02677,11.513908,0.95,0.01613,-0.02977,0.013838,0.344085,20.934,0.01253,0.01837,0.6,1.43,0.2425,0.007995,20.0,0.01944,0.02717,0.03147,10.475759,0.95,-5e-05,-0.03038,-0.001565,-0.006988,18.541,-0.00301,9e-05,0.55,1.692,0.2187,-0.00572,20.0,0.01944,0.02928,0.03199,-0.212751,0.007525,0.238427,0.95,17.4,1.0,7.258972,3,11.513908,0.01044,0.5667,0.2425,0,1,0.002828,0.01871,0.02014,0.02677,0.09332,1,,,,,,,,,,,,,,,,,,,,,,,,,,,,,,,,,,,,,,,,,,,,,,,,,,,,,,,,,,,,,,,,,,,,,,,,,,,,,,,,,,,,,,JSWENERGY_data,,2026-10-01
RSI_Bull_Momentum + Williams_Oversold,RSI_Bull_Momentum + Williams_Oversold,combo_2,11,momentum,Bullish,,,,,,,,,,,,,,,,,,0.9091,0.00322,-0.08976,-0.005229,-0.102276,2.294,-0.00571,0.01032,0.5455,1.413,0.304,-0.001286,11.0,0.01386,0.02193,0.0302,-0.582975,,,,,,,,,,,,,,,,,,0.028863,0.83137,0.8485,3.838,0.9091,7.208608,15,20.608049,0.03671,0.5152,0.3526,0,1,0.034997,0.02193,0.04596,0.05175,0.41171,0,0.8182,0.05035,-0.06421,0.02952,0.870253,4.417,0.03,0.0404,0.5455,1.999,0.3526,0.037443,11.0,0.02193,0.02441,0.03679,9.5507,0.8182,0.10047,-0.10948,0.062297,1.726134,4.805,0.06119,0.05942,0.4545,2.448,0.2395,0.068833,11.0,0.02193,0.04596,0.05175,20.608049,,,,,,,,,,,,,,,,,,,,,,,,,,,,,,,,,,,,,,,,,,,,,,,,,,,,JSWENERGY_data,,2026-10-01
MACD_Hist_Positive + Stoch_Cross_Up,MACD_Hist_Positive + Stoch_Cross_Up,combo_2,77,momentum,Bullish,,,,,,,,,,,,,,,,,,0.7922,0.0238,-0.04426,0.009659,0.212974,3.215,0.01007,-0.00036,0.4286,1.369,0.0793,0.011318,76.0,0.00556,0.01546,0.02156,2.982972,,,,,,,,,,,,,,,,,,0.020027,0.409267,0.8398,4.269,0.9221,7.019482,15,11.548596,0.01176,0.4545,0.1098,0,1,0.01752,0.01725,0.02901,0.04007,0.22483,0,0.8571,0.03834,-0.06677,0.023323,0.466516,4.759,0.02429,0.01711,0.4805,1.936,0.0881,0.020324,76.0,0.01367,0.02354,0.03406,9.672695,0.8701,0.04358,-0.08333,0.027098,0.54831,4.834,0.0279,0.01853,0.4545,2.371,0.1098,0.020918,76.0,0.01725,0.02901,0.04007,11.548596,,,,,,,,,,,,,,,,,,,,,,,,,,,,,,,,,,,,,,,,,,,,,,,,,,,,JSWENERGY_data,,2026-10-01
MACD_Bullish_State + Stoch_Cross_Up,MACD_Bullish_State + Stoch_Cross_Up,combo_2,77,momentum,Bullish,,,,,,,,,,,,,,,,,,0.7922,0.0238,-0.04426,0.009659,0.212974,3.215,0.01007,-0.00036,0.4286,1.369,0.0793,0.011318,76.0,0.00556,0.01546,0.02156,2.982972,,,,,,,,,,,,,,,,,,0.020027,0.409267,0.8398,4.269,0.9221,7.019482,15,11.548596,0.01176,0.4545,0.1098,0,1,0.01752,0.01725,0.02901,0.04007,0.22483,0,0.8571,0.03834,-0.06677,0.023323,0.466516,4.759,0.02429,0.01711,0.4805,1.936,0.0881,0.020324,76.0,0.01367,0.02354,0.03406,9.672695,0.8701,0.04358,-0.08333,0.027098,0.54831,4.834,0.0279,0.01853,0.4545,2.371,0.1098,0.020918,76.0,0.01725,0.02901,0.04007,11.548596,,,,,,,,,,,,,,,,,,,,,,,,,,,,,,,,,,,,,,,,,,,,,,,,,,,,JSWENERGY_data,,2026-10-01
MACD_Bullish_State + MACD_Hist_Rising,MACD_Bullish_State + MACD_Hist_Rising,combo_2,116,momentum,Bullish,,,,,,,,,,,,,,,,,,0.8793,0.02113,-0.05013,0.012532,0.315135,5.054,0.0136,0.00263,0.431,1.366,0.0742,0.01304,114.0,0.00934,0.0168,0.02292,7.584304,,,,,,,,,,,,,,,,,,0.01797,0.374848,0.8534,4.129,0.9483,6.988828,15,7.945838,0.00673,0.4253,0.0742,0,1,0.016625,0.01817,0.03038,0.04009,0.07736,1,0.8276,0.03649,-0.07069,0.018012,0.358364,3.633,0.01758,0.00347,0.4052,1.931,0.0666,0.017327,114.0,0.01199,0.02303,0.03284,6.199998,0.8534,0.0439,-0.09621,0.023367,0.451046,3.699,0.02414,0.01408,0.4397,2.365,0.0739,0.019508,114.0,0.01817,0.03038,0.04009,7.945838,,,,,,,,,,,,,,,,,,,,,,,,,,,,,,,,,,,,,,,,,,,,,,,,,,,,JSWENERGY_data,,2026-10-01
MACD_Hist_Positive + MACD_Hist_Rising,MACD_Hist_Positive + MACD_Hist_Rising,combo_2,116,momentum,Bullish,,,,,,,,,,,,,,,,,,0.8793,0.02113,-0.05013,0.012532,0.315135,5.054,0.0136,0.00263,0.431,1.366,0.0742,0.01304,114.0,0.00934,0.0168,0.02292,7.584304,,,,,,,,,,,,,,,,,,0.01797,0.374848,0.8534,4.129,0.9483,6.988828,15,7.945838,0.00673,0.4253,0.0742,0,1,0.016625,0.01817,0.03038,0.04009,0.07736,1,0.8276,0.03649,-0.07069,0.018012,0.358364,3.633,0.01758,0.00347,0.4052,1.931,0.0666,0.017327,114.0,0.01199,0.02303,0.03284,6.199998,0.8534,0.0439,-0.09621,0.023367,0.451046,3.699,0.02414,0.01408,0.4397,2.365,0.0739,0.019508,114.0,0.01817,0.03038,0.04009,7.945838,,,,,,,,,,,,,,,,,,,,,,,,,,,,,,,,,,,,,,,,,,,,,,,,,,,,JSWENERGY_data,,2026-10-01
BB_Expansion_Bull + OBV_Trend_Bull,BB_Expansion_Bull + OBV_Trend_Bull,combo_2,20,momentum,Bullish,,,,,,,,,,,,,,,,,,0.85,0.0468,-0.05023,0.032244,0.818408,6.602,0.03413,0.02204,0.45,1.46,0.2594,0.033677,20.0,0.00593,0.03154,0.05011,16.449279,,,,,,,,,,,,,,,,,,0.022314,0.572819,0.8167,4.205,0.95,6.966846,5,16.449279,0.01984,0.4833,0.2596,0,1,0.023308,0.00593,0.03154,0.05011,0.54117,0,0.8,0.04713,-0.06088,0.025527,0.665569,4.315,0.02493,0.02109,0.5,2.064,0.2212,0.024842,20.0,0.00593,0.03154,0.05535,8.744364,0.8,0.05166,-0.16077,0.00917,0.234481,1.698,0.00913,0.01639,0.5,2.528,0.2596,0.011406,20.0,0.01261,0.03551,0.05535,1.212318,,,,,,,,,,,,,,,,,,,,,,,,,,,,,,,,,,,,,,,,,,,,,,,,,,,,JSWENERGY_data,,2026-10-01
BB_Expansion_Bull + VWAP_Bull,BB_Expansion_Bull + VWAP_Bull,combo_2,20,momentum,Bullish,,,,,,,,,,,,,,,,,,0.85,0.0468,-0.05023,0.032244,0.818408,6.602,0.03413,0.02204,0.45,1.46,0.2594,0.033677,20.0,0.00593,0.03154,0.05011,16.449279,,,,,,,,,,,,,,,,,,0.022314,0.572819,0.8167,4.205,0.95,6.966846,5,16.449279,0.01984,0.4833,0.2596,0,1,0.023308,0.00593,0.03154,0.05011,0.54117,0,0.8,0.04713,-0.06088,0.025527,0.665569,4.315,0.02493,0.02109,0.5,2.064,0.2212,0.024842,20.0,0.00593,0.03154,0.05535,8.744364,0.8,0.05166,-0.16077,0.00917,0.234481,1.698,0.00913,0.01639,0.5,2.528,0.2596,0.011406,20.0,0.01261,0.03551,0.05535,1.212318,,,,,,,,,,,,,,,,,,,,,,,,,,,,,,,,,,,,,,,,,,,,,,,,,,,,JSWENERGY_data,,2026-10-01
Price_Above_SMA20 + BB_Expansion_Bull,Price_Above_SMA20 + BB_Expansion_Bull,combo_2,20,momentum,Bullish,,,,,,,,,,,,,,,,,,0.85,0.0468,-0.05023,0.032244,0.818408,6.602,0.03413,0.02204,0.45,1.46,0.2594,0.033677,20.0,0.00593,0.03154,0.05011,16.449279,,,,,,,,,,,,,,,,,,0.022314,0.572819,0.8167,4.205,0.95,6.966846,5,16.449279,0.01984,0.4833,0.2596,0,1,0.023308,0.00593,0.03154,0.05011,0.54117,0,0.8,0.04713,-0.06088,0.025527,0.665569,4.315,0.02493,0.02109,0.5,2.064,0.2212,0.024842,20.0,0.00593,0.03154,0.05535,8.744364,0.8,0.05166,-0.16077,0.00917,0.234481,1.698,0.00913,0.01639,0.5,2.528,0.2596,0.011406,20.0,0.01261,0.03551,0.05535,1.212318,,,,,,,,,,,,,,,,,,,,,,,,,,,,,,,,,,,,,,,,,,,,,,,,,,,,JSWENERGY_data,,2026-10-01
BB_Expansion_Bull,BB_Expansion_Bull,single,20,momentum,Bullish,,,,,,,,,,,,,,,,,,0.85,0.0468,-0.05023,0.032244,0.818408,6.602,0.03413,0.02204,0.45,1.46,0.2594,0.033677,20.0,0.00593,0.03154,0.05011,16.449279,,,,,,,,,,,,,,,,,,0.022314,0.572819,0.8167,4.205,0.95,6.966846,5,16.449279,0.01984,0.4833,0.2596,0,1,0.023308,0.00593,0.03154,0.05011,0.54117,0,0.8,0.04713,-0.06088,0.025527,0.665569,4.315,0.02493,0.02109,0.5,2.064,0.2212,0.024842,20.0,0.00593,0.03154,0.05535,8.744364,0.8,0.05166,-0.16077,0.00917,0.234481,1.698,0.00913,0.01639,0.5,2.528,0.2596,0.011406,20.0,0.01261,0.03551,0.05535,1.212318,,,,,,,,,,,,,,,,,,,,,,,,,,,,,,,,,,,,,,,,,,,,,,,,,,,,JSWENERGY_data,,2026-10-01
RSI_Bull_Momentum + MACD_Hist_Positive,RSI_Bull_Momentum + MACD_Hist_Positive,combo_2,79,momentum,Bullish,,,,,,,,,,,,,,,,,,0.8354,0.02497,-0.03545,0.01503,0.373679,4.702,0.01518,0.00729,0.4304,1.319,0.0833,0.013507,79.0,0.00622,0.01515,0.01947,7.699557,,,,,,,,,,,,,,,,,,0.019141,0.395713,0.8186,4.076,0.9747,6.888811,5,7.699557,0.00795,0.4135,0.1182,0,1,0.016574,0.00622,0.01515,0.01947,0.50299,0,0.8101,0.03387,-0.04812,0.0183,0.373145,4.098,0.01915,0.00757,0.4051,1.866,0.1003,0.01639,79.0,0.01224,0.01958,0.03063,6.70003,0.8101,0.04659,-0.07191,0.024092,0.440315,3.428,0.02563,0.00898,0.4051,2.285,0.1182,0.019824,79.0,0.01484,0.02283,0.03311,6.614422,,,,,,,,,,,,,,,,,,,,,,,,,,,,,,,,,,,,,,,,,,,,,,,,,,,,JSWENERGY_data,,2026-10-01
RSI_Bull_Momentum + MACD_Bullish_State,RSI_Bull_Momentum + MACD_Bullish_State,combo_2,79,momentum,Bullish,,,,,,,,,,,,,,,,,,0.8354,0.02497,-0.03545,0.01503,0.373679,4.702,0.01518,0.00729,0.4304,1.319,0.0833,0.013507,79.0,0.00622,0.01515,0.01947,7.699557,,,,,,,,,,,,,,,,,,0.019141,0.395713,0.8186,4.076,0.9747,6.888811,5,7.699557,0.00795,0.4135,0.1182,0,1,0.016574,0.00622,0.01515,0.01947,0.50299,0,0.8101,0.03387,-0.04812,0.0183,0.373145,4.098,0.01915,0.00757,0.4051,1.866,0.1003,0.01639,79.0,0.01224,0.01958,0.03063,6.70003,0.8101,0.04659,-0.07191,0.024092,0.440315,3.428,0.02563,0.00898,0.4051,2.285,0.1182,0.019824,79.0,0.01484,0.02283,0.03311,6.614422,,,,,,,,,,,,,,,,,,,,,,,,,,,,,,,,,,,,,,,,,,,,,,,,,,,,JSWENERGY_data,,2026-10-01
OBV_Rising + VWAP_Bull,OBV_Rising + VWAP_Bull,combo_2,344,momentum,Bullish,,,,,,,,,,,,,,,,,,0.8289,0.01695,-0.04244,0.006791,0.116023,3.574,0.00707,-0.00336,0.4454,1.36,0.0294,0.003872,332.0,0.00784,0.01327,0.02023,2.423271,,,,,,,,,,,,,,,,,,0.01656,0.313042,0.8299,3.779,0.9912,6.850995,15,12.182633,0.00379,0.4297,0.0312,0,1,0.010931,0.01246,0.02362,0.03699,0.46863,0,0.826,0.0317,-0.06288,0.01524,0.298968,3.784,0.016,0.00639,0.4395,1.923,0.0312,0.009263,332.0,0.0104,0.01943,0.02804,6.610911,0.8348,0.05014,-0.08601,0.027649,0.524134,3.978,0.0283,0.00834,0.4041,2.355,0.026,0.019658,332.0,0.01246,0.02362,0.03699,12.182633,,,,,,,,,,,,,,,,,,,,,,,,,,,,,,,,,,,,,,,,,,,,,,,,,,,,JSWENERGY_data,,2026-10-01
BB_Lower_Bounce + Stoch_Bull_Zone,BB_Lower_Bounce + Stoch_Bull_Zone,combo_2,11,momentum,Bullish,,,,,,,,,,,,,,,,,,0.9091,0.04542,-0.04171,0.0375,0.558744,14.294,0.03766,0.00819,0.3636,1.576,0.3757,0.03053,11.0,0.01207,0.01906,0.02616,13.884255,,,,,,,,,,,,,,,,,,0.021943,0.288881,0.9091,9.382,1.0,6.735012,5,13.884255,0.00766,0.4848,0.3757,0,1,0.019294,0.01207,0.01906,0.02616,0.40179,0,0.9091,0.02387,-0.0515,0.017023,0.242017,8.517,0.01755,-0.00325,0.4545,2.228,0.2974,0.016337,11.0,0.02616,0.0307,0.03505,5.121949,0.9091,0.01796,-0.05521,0.011305,0.065882,5.336,0.01176,0.01806,0.6364,2.729,0.338,0.011015,11.0,0.02616,0.03505,0.04405,0.873633,,,,,,,,,,,,,,,,,,,,,,,,,,,,,,,,,,,,,,,,,,,,,,,,,,,,JSWENERGY_data,,2026-10-01
OBV_Rising + CDL_Harami_Bull,OBV_Rising + CDL_Harami_Bull,combo_2,58,momentum,Bullish,,,,,,,,,,,,,,,,,,0.8246,0.02072,-0.03627,0.010726,0.273538,4.124,0.0104,0.00226,0.4561,1.389,0.1172,0.003115,55.0,0.00727,0.01535,0.02119,4.599905,,,,,,,,,,,,,,,,,,0.01853,0.401182,0.8421,4.232,0.9474,6.558522,15,15.419589,0.00632,0.4444,0.1431,0,1,0.008247,0.0148,0.03213,0.04883,0.23003,0,0.8246,0.02416,-0.05684,0.009953,0.187593,3.478,0.01238,0.00857,0.4737,1.964,0.14,0.001671,55.0,0.00993,0.02174,0.03132,2.660602,0.8772,0.05305,-0.0947,0.034909,0.742415,5.094,0.03655,0.00813,0.4035,2.405,0.1431,0.019956,55.0,0.0148,0.03213,0.04883,15.419589,,,,,,,,,,,,,,,,,,,,,,,,,,,,,,,,,,,,,,,,,,,,,,,,,,,,JSWENERGY_data,,2026-10-01
BB_Lower_Touch + VWAP_Bull,BB_Lower_Touch + VWAP_Bull,combo_2,32,momentum,Bullish,,,,,,,,,,,,,,,,,,0.9375,0.01518,-0.08302,0.00904,0.183153,6.283,0.00927,0.01981,0.625,1.477,0.1378,0.006931,32.0,0.01757,0.02639,0.03772,4.023575,,,,,,,,,,,,,,,,,,0.019886,0.387505,0.8854,5.205,0.9062,6.390807,10,10.214073,0.0122,0.5,0.1893,0,1,0.016526,0.02254,0.02782,0.05215,0.06732,1,0.875,0.03681,-0.06232,0.024418,0.482651,6.052,0.0246,0.01328,0.4375,2.088,0.145,0.018972,32.0,0.02254,0.02782,0.05215,10.214073,0.8438,0.05251,-0.11585,0.026201,0.496711,3.279,0.02687,0.0035,0.4375,2.558,0.1893,0.023675,32.0,0.02263,0.04118,0.05999,5.694305,,,,,,,,,,,,,,,,,,,,,,,,,,,,,,,,,,,,,,,,,,,,,,,,,,,,JSWENERGY_data,,2026-10-01
BB_Expansion_Bull + CMF_Strong_Bull,BB_Expansion_Bull + CMF_Strong_Bull,combo_2,18,momentum,Bullish,,,,,,,,,,,,,,,,,,0.7222,0.06406,-0.03325,0.037025,0.835828,5.343,0.03875,0.01417,0.4444,1.418,0.2837,0.035748,18.0,0.00339,0.00675,0.01525,13.148771,,,,,,,,,,,,,,,,,,0.031277,0.675519,0.6852,3.383,0.9444,6.355878,5,13.148771,0.0125,0.463,0.2837,0,1,0.034897,0.00339,0.00675,0.01525,0.92743,0,0.6667,0.07937,-0.06076,0.032659,0.726472,2.778,0.03295,0.02334,0.4444,2.005,0.2298,0.03721,18.0,0.00339,0.00675,0.01525,5.94207,0.6667,0.08477,-0.09709,0.024147,0.464256,2.03,0.026,-1e-05,0.5,2.455,0.2412,0.031732,18.0,0.00339,0.00972,0.02356,2.774516,,,,,,,,,,,,,,,,,,,,,,,,,,,,,,,,,,,,,,,,,,,,,,,,,,,,JSWENERGY_data,,2026-10-01
VWAP_Bull + CDL_Harami_Bull,VWAP_Bull + CDL_Harami_Bull,combo_2,57,momentum,Bullish,,,,,,,,,,,,,,,,,,0.8214,0.01994,-0.03627,0.009901,0.254845,3.966,0.00953,0.00103,0.4643,1.387,0.1219,0.002333,54.0,0.00727,0.01531,0.02054,4.104443,,,,,,,,,,,,,,,,,,0.018321,0.396229,0.8393,4.161,0.9464,6.335645,15,15.208721,0.00548,0.4345,0.1446,0,1,0.007546,0.01407,0.03202,0.04877,0.24813,0,0.8214,0.02464,-0.05684,0.010093,0.190871,3.475,0.01257,0.00876,0.4464,1.962,0.1401,0.001123,54.0,0.0098,0.02162,0.03107,2.693,0.875,0.05351,-0.09484,0.034969,0.742972,5.041,0.03654,0.00665,0.3929,2.403,0.1446,0.01918,54.0,0.01407,0.03202,0.04877,15.208721,,,,,,,,,,,,,,,,,,,,,,,,,,,,,,,,,,,,,,,,,,,,,,,,,,,,JSWENERGY_data,,2026-10-01
EMA_Bullish_State + OBV_Trend_Bull,EMA_Bullish_State + OBV_Trend_Bull,combo_2,37,momentum,Bullish,,,,,,,,,,,,,,,,,,0.8919,0.01755,-0.049,0.010355,0.271644,5.442,0.00949,0.00407,0.4054,1.303,0.1539,0.008543,37.0,0.00929,0.016,0.02322,5.37698,,,,,,,,,,,,,,,,,,0.014555,0.336372,0.8649,5.419,0.9459,6.27173,15,11.585348,0.00105,0.4324,0.1974,0,1,0.011113,0.01557,0.02372,0.03198,0.21048,0,0.8649,0.02133,-0.05629,0.010845,0.230642,4.53,0.01122,0.0075,0.4865,1.842,0.1335,0.009734,37.0,0.01484,0.01773,0.02687,3.800827,0.8378,0.03587,-0.04676,0.022467,0.506829,6.284,0.02587,-0.00844,0.4054,2.256,0.1974,0.015061,37.0,0.01557,0.02372,0.03198,11.585348,,,,,,,,,,,,,,,,,,,,,,,,,,,,,,,,,,,,,,,,,,,,,,,,,,,,JSWENERGY_data,,2026-10-01
MACD_Hist_Rising + CDL_Harami_Bull,MACD_Hist_Rising + CDL_Harami_Bull,combo_2,21,momentum,Bullish,,,,,,,,,,,,,,,,,,0.7619,0.01977,-0.01618,0.011213,0.215314,5.712,0.0108,-0.00596,0.3333,1.405,0.2818,0.007758,21.0,0.00479,0.00917,0.02303,3.801699,,,,,,,,,,,,,,,,,,0.022633,0.465596,0.8254,4.899,0.8571,6.043638,15,13.610537,0.01006,0.4444,0.2818,0,1,0.016783,0.01772,0.03644,0.06034,0.28716,0,0.8095,0.03166,-0.04745,0.016588,0.357339,3.643,0.01668,0.0209,0.5238,1.986,0.1922,0.009666,21.0,0.00917,0.02303,0.03064,4.023647,0.9048,0.05612,-0.11207,0.040099,0.824137,5.343,0.04016,0.01525,0.4762,2.433,0.1702,0.032926,21.0,0.01772,0.03644,0.06034,13.610537,,,,,,,,,,,,,,,,,,,,,,,,,,,,,,,,,,,,,,,,,,,,,,,,,,,,JSWENERGY_data,,2026-10-01
Golden_Cross_State + Williams_Oversold,Golden_Cross_State + Williams_Oversold,combo_2,47,trend,Bullish,,,,,,,,,,,,,,,,,,,,,,,,,,,,,,,,,,,,,,,,,,,,,,,,,,,,0.029211,0.560592,0.7872,2.875,0.9574,5.973605,20,8.02558,0.02667,0.4823,0.1142,0,1,0.027133,0.01389,0.03166,0.04107,0.71893,0,0.8085,0.04398,-0.08312,0.019644,0.399064,2.996,0.02061,0.01805,0.4894,2.028,0.1142,0.019546,47.0,0.01058,0.02036,0.03179,4.62886,,,,,,,,,,,,,,,,,,0.766,0.08059,-0.10612,0.036893,0.738683,2.807,0.03661,0.03249,0.4681,2.867,0.0991,0.036821,47.0,0.01389,0.03166,0.04107,8.02558,0.7872,0.07649,-0.13686,0.031096,0.544028,2.822,0.03116,0.02946,0.4894,3.512,0.097,0.025032,47.0,0.01566,0.03295,0.06965,5.943214,,,,,,,,,,,,,,,,,,JSWENERGY_data,,2026-10-01
OBV_Trend_Bull + VWAP_Bull,OBV_Trend_Bull + VWAP_Bull,combo_2,61,momentum,Bullish,,,,,,,,,,,,,,,,,,0.9016,0.02103,-0.0582,0.013234,0.364798,5.529,0.01295,0.0074,0.4754,1.33,0.0953,0.017934,61.0,0.01167,0.0196,0.0249,8.32397,,,,,,,,,,,,,,,,,,0.012813,0.305642,0.8962,4.737,0.9836,5.877769,5,8.32397,0.00965,0.4863,0.1323,0,1,0.018517,0.01167,0.0196,0.0249,0.06939,1,0.9016,0.02115,-0.09069,0.01015,0.228021,4.107,0.01093,0.00923,0.4918,1.881,0.1055,0.016159,61.0,0.01573,0.02447,0.03261,3.865444,0.8852,0.02765,-0.08212,0.015055,0.324106,4.576,0.01771,0.01231,0.4918,2.304,0.1323,0.021459,61.0,0.0202,0.03141,0.04547,6.120457,,,,,,,,,,,,,,,,,,,,,,,,,,,,,,,,,,,,,,,,,,,,,,,,,,,,JSWENERGY_data,,2026-10-01
OBV_Trend_Bull + CCI_Exit_Oversold,OBV_Trend_Bull + CCI_Exit_Oversold,combo_2,14,momentum,Bullish,,,,,,,,,,,,,,,,,,0.8571,0.0334,-0.06663,0.019112,0.453706,3.92,0.0204,0.02505,0.5,1.36,0.3369,0.013923,14.0,0.01451,0.0268,0.03811,4.816211,,,,,,,,,,,,,,,,,,0.025176,0.533561,0.881,4.251,0.9286,5.703844,15,8.518601,0.02605,0.5,0.3875,0,1,0.022484,0.03029,0.05656,0.06259,0.26812,0,0.9286,0.02815,-0.12851,0.016959,0.323329,5.015,0.01712,0.01733,0.5,1.923,0.261,0.016802,14.0,0.03029,0.05656,0.05972,4.390679,0.8571,0.06554,-0.11706,0.039456,0.823647,3.819,0.04097,0.03576,0.5,2.355,0.3875,0.036725,14.0,0.03029,0.05656,0.06259,8.518601,,,,,,,,,,,,,,,,,,,,,,,,,,,,,,,,,,,,,,,,,,,,,,,,,,,,JSWENERGY_data,,2026-10-01
CDL_Bullish3Outside,CDL_Bullish3Outside,single,19,candle,Bullish,0.8421,0.01551,-0.02595,0.008967,0.272264,5.672,0.00904,0.00835,0.4737,1.092,0.2402,0.013371,19.0,0.01045,0.01901,0.02548,4.625887,0.9474,0.00981,-0.03967,0.007205,0.152943,13.62,0.00647,0.00868,0.5263,1.41,0.176,0.006508,19.0,0.0208,0.02619,0.03071,4.581768,,,,,,,,,,,,,,,,,,0.0084,0.223679,0.8772,8.971,0.8947,5.378772,2,5.613324,0.008,0.4737,0.333,0,1,0.009401,0.00779,0.01203,0.01666,0.13024,0,,,,,,,,,,,,,,,,,,,,,,,,,,,,,,,,,,,,,,,,,,,,,,,,,,,,,,,,,,,,,,,,,,,,,0.8421,0.01243,-0.00914,0.009028,0.245829,7.622,0.00966,0.00698,0.4211,0.892,0.333,0.008325,19.0,0.00779,0.01203,0.01666,5.613324,JSWENERGY_data,,2026-10-01
BB_Expansion_Bull + CMF_Positive,BB_Expansion_Bull + CMF_Positive,combo_2,19,momentum,Bullish,,,,,,,,,,,,,,,,,,0.8421,0.04665,-0.04928,0.031506,0.721562,6.158,0.03324,0.0199,0.4211,1.404,0.2831,0.032305,19.0,0.00483,0.01817,0.03558,13.311594,,,,,,,,,,,,,,,,,,0.021785,0.449207,0.8246,4.215,0.9474,5.373909,5,13.311594,0.00114,0.4386,0.2831,0,1,0.022331,0.00483,0.01817,0.03558,0.58284,0,0.7895,0.04384,-0.06088,0.021794,0.453175,4.023,0.02258,-0.01563,0.4211,1.986,0.2373,0.022228,19.0,0.00483,0.01817,0.03558,5.461497,0.8421,0.04119,-0.1433,0.012057,0.172886,2.465,0.01391,-0.00085,0.4737,2.433,0.2678,0.012459,19.0,0.01077,0.02752,0.03689,1.276445,,,,,,,,,,,,,,,,,,,,,,,,,,,,,,,,,,,,,,,,,,,,,,,,,,,,JSWENERGY_data,,2026-10-01
Stoch_Bull_Zone + CMF_Strong_Bull,Stoch_Bull_Zone + CMF_Strong_Bull,combo_2,68,momentum,Bullish,,,,,,,,,,,,,,,,,,0.7941,0.01415,-0.043,0.002387,-0.001959,3.272,0.00355,-0.01976,0.4118,1.38,0.1327,0.003021,67.0,0.00452,0.0164,0.01924,-0.027144,,,,,,,,,,,,,,,,,,0.016809,0.301871,0.8088,4.39,0.9559,5.363445,15,13.522233,-0.00824,0.4118,0.1327,0,1,0.015337,0.01792,0.02705,0.03845,0.52142,0,0.7941,0.04099,-0.05973,0.020254,0.382712,3.813,0.02134,0.00355,0.4706,1.951,0.1324,0.019207,67.0,0.00796,0.0188,0.02983,6.178617,0.8382,0.04408,-0.05663,0.027787,0.524862,6.085,0.02759,-0.00851,0.3529,2.39,0.12,0.023783,67.0,0.01792,0.02705,0.03845,13.522233,,,,,,,,,,,,,,,,,,,,,,,,,,,,,,,,,,,,,,,,,,,,,,,,,,,,JSWENERGY_data,,2026-10-01
OBV_Trend_Bull + CDL_Harami_Bull,OBV_Trend_Bull + CDL_Harami_Bull,combo_2,38,momentum,Bullish,,,,,,,,,,,,,,,,,,0.8684,0.01329,-0.05474,0.004334,0.096659,3.216,0.00377,-0.00122,0.4737,1.406,0.2004,-0.008551,36.0,0.01294,0.01654,0.02231,1.138963,,,,,,,,,,,,,,,,,,0.015732,0.336351,0.8684,4.572,0.9474,5.337296,15,22.908128,0.00154,0.4298,0.2242,0,1,-0.001063,0.01894,0.03224,0.04893,0.20682,0,0.8421,0.01602,-0.05969,0.004069,0.023704,3.463,0.00678,0.00238,0.4737,1.988,0.2242,-0.010473,36.0,0.01374,0.02186,0.03078,0.300777,0.8947,0.05385,-0.08921,0.038793,0.888691,7.036,0.03998,0.00346,0.3421,2.435,0.1949,0.015834,36.0,0.01894,0.03224,0.04893,22.908128,,,,,,,,,,,,,,,,,,,,,,,,,,,,,,,,,,,,,,,,,,,,,,,,,,,,JSWENERGY_data,,2026-10-01
Price_Above_EMA200 + CDL_Bullish3Outside,Price_Above_EMA200 + CDL_Bullish3Outside,combo_2,13,trend,Bullish,,,,,,,,,,,,,,,,,,,,,,,,,,,,,,,,,,,,,,,,,,,,,,,,,,,,0.006899,0.224748,0.8718,9.325,0.9231,5.105182,10,6.106486,0.0078,0.5128,0.3986,0,1,0.002351,0.02408,0.02812,0.03152,0.34117,0,0.8462,0.00875,-0.00432,0.006739,0.231389,20.397,0.00878,0.03283,0.6154,1.953,0.3986,0.004539,13.0,0.02408,0.02812,0.03152,6.106486,,,,,,,,,,,,,,,,,,0.9231,0.01539,-0.09689,0.006751,0.233031,4.922,0.00666,-0.01092,0.4615,2.761,0.3949,0.002856,13.0,0.03215,0.03272,0.03583,3.026704,0.8462,0.03036,-0.12014,0.007207,0.209823,2.655,0.00788,0.00148,0.4615,3.382,0.3768,-0.000341,13.0,0.03258,0.0401,0.05488,1.47017,,,,,,,,,,,,,,,,,,JSWENERGY_data,,2026-10-01
EMA_Bullish_State + Stoch_Oversold,EMA_Bullish_State + Stoch_Oversold,combo_2,38,momentum,Bullish,,,,,,,,,,,,,,,,,,0.8158,0.02353,-0.04058,0.011719,0.313338,3.477,0.0138,0.00976,0.4737,1.326,0.2089,0.008714,38.0,0.00504,0.01267,0.01842,3.99181,,,,,,,,,,,,,,,,,,0.016559,0.412489,0.7982,3.413,0.9737,5.021669,15,7.370915,0.01027,0.4474,0.2528,0,1,0.008537,0.00648,0.0233,0.0359,0.67721,0,0.7895,0.03726,-0.05938,0.016917,0.360566,3.191,0.01647,0.01637,0.5,1.875,0.1201,0.008079,38.0,0.00504,0.02126,0.02576,4.215208,0.7895,0.04123,-0.05469,0.021041,0.563562,3.57,0.02515,0.00468,0.3684,2.297,0.2528,0.008818,38.0,0.00648,0.0233,0.0359,7.370915,,,,,,,,,,,,,,,,,,,,,,,,,,,,,,,,,,,,,,,,,,,,,,,,,,,,JSWENERGY_data,,2026-10-01
Golden_Cross_State + BB_Lower_Touch,Golden_Cross_State + BB_Lower_Touch,combo_2,21,trend,Bullish,,,,,,,,,,,,,,,,,,,,,,,,,,,,,,,,,,,,,,,,,,,,,,,,,,,,0.021107,0.368571,0.873,4.552,0.9524,4.939328,10,11.153187,0.03465,0.5238,0.2489,0,1,0.010949,0.02508,0.026,0.05752,0.39897,0,0.8571,0.03971,-0.05489,0.026192,0.600552,6.008,0.02617,0.01535,0.4762,2.256,0.1819,0.021748,21.0,0.02508,0.026,0.05752,11.153187,,,,,,,,,,,,,,,,,,0.8571,0.0453,-0.12592,0.020836,0.340632,3.293,0.02228,0.04155,0.5238,3.19,0.2489,0.011355,21.0,0.026,0.04124,0.06575,3.466987,0.9048,0.03965,-0.2056,0.016292,0.164527,4.356,0.0176,0.04704,0.5714,3.907,0.1993,-0.000257,21.0,0.04124,0.06034,0.07702,2.215271,,,,,,,,,,,,,,,,,,JSWENERGY_data,,2026-10-01
MACD_Hist_Rising + BB_Lower_Bounce,MACD_Hist_Rising + BB_Lower_Bounce,combo_2,23,momentum,Bullish,,,,,,,,,,,,,,,,,,0.913,0.03838,-0.03574,0.031933,0.512528,14.777,0.03255,0.01771,0.4348,1.532,0.2113,0.026424,23.0,0.01218,0.01952,0.02888,16.28843,,,,,,,,,,,,,,,,,,0.016258,0.215563,0.8841,7.757,0.913,4.851706,5,16.28843,0.01051,0.4783,0.3634,0,1,0.014473,0.01218,0.01952,0.02888,0.20554,0,0.913,0.01412,-0.08319,0.005654,0.00107,5.448,0.0049,-0.00325,0.4783,2.166,0.1876,0.006233,23.0,0.01414,0.02797,0.04045,0.01853,0.8261,0.02969,-0.07669,0.011186,0.13309,3.045,0.01416,0.01706,0.5217,2.653,0.3634,0.010761,23.0,0.01414,0.02972,0.0497,1.28779,,,,,,,,,,,,,,,,,,,,,,,,,,,,,,,,,,,,,,,,,,,,,,,,,,,,JSWENERGY_data,,2026-10-01
Price_Above_EMA200 + CMF_Positive,Price_Above_EMA200 + CMF_Positive,combo_2,39,trend,Bullish,,,,,,,,,,,,,,,,,,,,,,,,,,,,,,,,,,,,,,,,,,,,,,,,,,,,0.015264,0.369284,0.7949,3.735,0.9487,4.82757,30,15.775276,-0.00249,0.4103,0.1972,0,1,0.010183,0.01584,0.02959,0.05877,0.81277,0,0.7692,0.02367,-0.0496,0.00676,0.166602,2.719,0.00694,-0.00986,0.4359,1.743,0.1882,0.005021,39.0,0.00357,0.01802,0.02223,1.67073,,,,,,,,,,,,,,,,,,0.7949,0.02596,-0.06457,0.00739,0.150766,3.078,0.00936,-0.00191,0.3846,2.465,0.1972,-0.001232,39.0,0.00937,0.0199,0.03223,1.711722,0.8205,0.05318,-0.06683,0.03164,0.790484,5.41,0.03355,0.0043,0.4103,3.019,0.181,0.026761,39.0,0.01584,0.02959,0.05877,15.775276,,,,,,,,,,,,,,,,,,JSWENERGY_data,,2026-10-01
Price_Above_SMA50 + Price_Above_EMA200,Price_Above_SMA50 + Price_Above_EMA200,combo_2,55,trend,Bullish,,,,,,,,,,,,,,,,,,,,,,,,,,,,,,,,,,,,,,,,,,,,,,,,,,,,0.02043,0.359741,0.8545,3.377,0.9636,4.712532,20,8.391521,0.0195,0.4909,0.1096,0,1,0.008002,0.0184,0.031,0.03939,0.43055,0,0.8364,0.03069,-0.06289,0.015375,0.363574,3.976,0.01547,0.0039,0.4364,1.86,0.1096,0.008115,55.0,0.01055,0.01875,0.02648,5.81931,,,,,,,,,,,,,,,,,,0.8545,0.05759,-0.12323,0.031287,0.609533,3.42,0.02971,0.03172,0.5091,2.631,0.0967,0.015352,55.0,0.0184,0.031,0.03939,8.391521,0.8727,0.041,-0.16622,0.014627,0.106116,2.735,0.01362,0.02288,0.5273,3.222,0.0904,0.000539,55.0,0.0187,0.03589,0.06549,1.16827,,,,,,,,,,,,,,,,,,JSWENERGY_data,,2026-10-01
RSI_Bull_Momentum + Price_Above_EMA200,RSI_Bull_Momentum + Price_Above_EMA200,combo_2,67,trend,Bullish,,,,,,,,,,,,,,,,,,,,,,,,,,,,,,,,,,,,,,,,,,,,,,,,,,,,0.018702,0.376603,0.8109,3.061,0.9552,4.64575,20,6.016039,0.00604,0.4378,0.0978,0,1,0.010644,0.01848,0.02667,0.03872,0.57305,0,0.791,0.02959,-0.04406,0.014199,0.326538,3.973,0.01383,0.0039,0.4328,1.847,0.0978,0.011457,67.0,0.01227,0.0197,0.0234,5.474591,,,,,,,,,,,,,,,,,,0.8358,0.04835,-0.1081,0.022661,0.486031,2.933,0.02158,0.00558,0.4179,2.612,0.0933,0.013282,67.0,0.01848,0.02667,0.03872,6.016039,0.806,0.05696,-0.13741,0.019246,0.317242,2.275,0.01873,0.00865,0.4627,3.199,0.0834,0.007192,67.0,0.01848,0.03219,0.04524,3.045216,,,,,,,,,,,,,,,,,,JSWENERGY_data,,2026-10-01
RSI_Bull_Momentum + CMF_Strong_Bull,RSI_Bull_Momentum + CMF_Strong_Bull,combo_2,59,momentum,Bullish,,,,,,,,,,,,,,,,,,0.8305,0.00884,-0.03287,0.001774,-0.026431,3.573,0.00193,-0.00458,0.4068,1.357,0.1652,0.002603,59.0,0.00962,0.01603,0.02027,-0.38663,,,,,,,,,,,,,,,,,,0.016035,0.226236,0.8249,4.519,0.9831,4.114893,15,8.447645,-0.00109,0.4011,0.1652,0,1,0.015038,0.01816,0.03084,0.03969,0.56465,0,0.8136,0.03305,-0.0444,0.018609,0.292838,4.98,0.01911,0.00455,0.4407,1.919,0.1199,0.015968,59.0,0.01373,0.01991,0.0332,5.97073,0.8305,0.04731,-0.06825,0.027722,0.412302,5.004,0.03042,-0.00325,0.3559,2.35,0.1414,0.026542,59.0,0.01816,0.03084,0.03969,8.447645,,,,,,,,,,,,,,,,,,,,,,,,,,,,,,,,,,,,,,,,,,,,,,,,,,,,JSWENERGY_data,,2026-10-01
Golden_Cross_State + MACD_Hist_Rising,Golden_Cross_State + MACD_Hist_Rising,combo_2,88,trend,Bullish,,,,,,,,,,,,,,,,,,,,,,,,,,,,,,,,,,,,,,,,,,,,,,,,,,,,0.014638,0.334886,0.8447,2.906,0.9318,4.070674,30,7.842751,-0.00045,0.4508,0.0825,0,1,0.009306,0.02727,0.04724,0.06045,0.3685,0,0.8068,0.02705,-0.08156,0.006068,0.110759,2.426,0.00523,0.00542,0.5,2.036,0.0719,0.002901,87.0,0.00929,0.02194,0.03012,1.205964,,,,,,,,,,,,,,,,,,0.8523,0.04278,-0.13444,0.0166,0.388594,2.835,0.01647,-0.00707,0.4318,2.879,0.0526,0.014817,87.0,0.02634,0.035,0.05008,4.945041,0.875,0.04545,-0.14816,0.021247,0.505304,3.458,0.02248,0.0003,0.4205,3.527,0.0825,0.010202,87.0,0.02727,0.04724,0.06045,7.842751,,,,,,,,,,,,,,,,,,JSWENERGY_data,,2026-10-01
RSI_Bull_Momentum + CDL_Bullish3Outside,RSI_Bull_Momentum + CDL_Bullish3Outside,combo_2,13,momentum,Bullish,,,,,,,,,,,,,,,,,,0.9231,0.01136,-0.03967,0.007434,0.209814,11.198,0.00672,0.01782,0.5385,1.423,0.2143,0.006314,13.0,0.0278,0.03071,0.03425,5.537102,,,,,,,,,,,,,,,,,,0.006005,0.16707,0.9487,11.198,0.9231,4.069924,5,5.537102,0.02743,0.5641,0.3773,0,1,-0.001694,0.0278,0.03071,0.03425,0.09018,1,0.9231,0.0073,0.01943,0.008233,0.252104,,0.01027,0.0606,0.6154,2.013,0.3773,0.001207,13.0,0.0278,0.03071,0.03583,0.665318,1.0,0.00235,0.0,0.002347,0.039293,,0.00104,0.00385,0.5385,2.465,0.3322,-0.012604,13.0,0.02976,0.03272,0.03583,0.103697,,,,,,,,,,,,,,,,,,,,,,,,,,,,,,,,,,,,,,,,,,,,,,,,,,,,JSWENERGY_data,,2026-10-01
Price_Above_SMA50 + MACD_Zero_Cross_Up,Price_Above_SMA50 + MACD_Zero_Cross_Up,combo_2,22,trend,Bullish,,,,,,,,,,,,,,,,,,,,,,,,,,,,,,,,,,,,,,,,,,,,,,,,,,,,0.012153,0.253161,0.8788,5.318,0.9545,4.029282,20,13.962485,0.00655,0.4848,0.3803,0,1,0.003787,0.01954,0.03102,0.03541,0.36603,0,0.8636,0.01217,-0.07021,0.000932,-0.048898,2.756,0.0033,-0.00848,0.4545,1.799,0.3803,-0.00087,22.0,0.01954,0.02904,0.03185,-0.422616,,,,,,,,,,,,,,,,,,0.8636,0.03877,-0.05619,0.025823,0.618745,7.197,0.0279,0.02501,0.5,2.544,0.2443,0.015126,22.0,0.01954,0.03102,0.03541,13.962485,0.9091,0.02027,-0.09594,0.009703,0.189634,6.0,0.01426,0.00313,0.5,3.115,0.3745,-0.002895,22.0,0.02678,0.03233,0.04523,3.567538,,,,,,,,,,,,,,,,,,JSWENERGY_data,,2026-10-01
Price_Above_EMA200 + MACD_Hist_Rising,Price_Above_EMA200 + MACD_Hist_Rising,combo_2,104,trend,Bullish,,,,,,,,,,,,,,,,,,,,,,,,,,,,,,,,,,,,,,,,,,,,,,,,,,,,0.012894,0.301623,0.8462,2.979,0.9615,4.020892,20,4.797857,0.00034,0.4551,0.0723,0,1,0.007529,0.02034,0.03136,0.0444,0.43848,0,0.8269,0.02542,-0.06914,0.00905,0.203707,3.13,0.00822,0.00423,0.4615,1.93,0.0634,0.005934,102.0,0.00922,0.02047,0.02916,2.9678,,,,,,,,,,,,,,,,,,0.8462,0.03856,-0.12052,0.014087,0.35478,2.906,0.01459,-0.00032,0.4519,2.729,0.0585,0.010583,102.0,0.02034,0.03136,0.0444,4.797857,0.8654,0.04262,-0.15853,0.015545,0.346383,2.901,0.01669,-0.00288,0.4519,3.343,0.0723,0.006068,102.0,0.02073,0.03752,0.05756,4.676098,,,,,,,,,,,,,,,,,,JSWENERGY_data,,2026-10-01
Price_Above_EMA200 + Stoch_Cross_Up,Price_Above_EMA200 + Stoch_Cross_Up,combo_2,95,trend,Bullish,,,,,,,,,,,,,,,,,,,,,,,,,,,,,,,,,,,,,,,,,,,,,,,,,,,,0.013316,0.311532,0.8211,2.959,0.9474,3.985544,20,5.597189,0.00255,0.4491,0.0699,0,1,0.010204,0.01726,0.02745,0.04845,0.60374,0,0.7895,0.02667,-0.06259,0.007881,0.19196,2.724,0.00827,0.00629,0.4737,1.933,0.0697,0.007863,93.0,0.00736,0.01864,0.0262,2.386597,,,,,,,,,,,,,,,,,,0.8316,0.03829,-0.09552,0.015752,0.380513,3.223,0.01564,-0.00294,0.4316,2.733,0.0593,0.014116,93.0,0.01726,0.02745,0.04845,5.597189,0.8421,0.04308,-0.12642,0.016317,0.362122,2.929,0.01653,0.0043,0.4421,3.347,0.0699,0.008634,93.0,0.01838,0.03828,0.05788,4.841577,,,,,,,,,,,,,,,,,,JSWENERGY_data,,2026-10-01
EMA_Bullish_State + CMF_Positive,EMA_Bullish_State + CMF_Positive,combo_2,39,momentum,Bullish,,,,,,,,,,,,,,,,,,0.8462,0.00991,-0.04914,0.000828,0.050069,2.539,0.00159,-0.00352,0.4615,1.218,0.2134,-0.001289,38.0,0.00803,0.01549,0.01992,0.468926,,,,,,,,,,,,,,,,,,0.011534,0.24005,0.8462,4.439,1.0,3.930397,15,12.103853,0.00104,0.4444,0.2134,0,1,0.005393,0.01443,0.0241,0.03163,0.46437,0,0.8462,0.02222,-0.05773,0.009919,0.192558,3.906,0.01038,0.0023,0.4872,1.723,0.1247,0.004504,38.0,0.01031,0.0165,0.02464,2.774168,0.8462,0.03597,-0.04279,0.023857,0.477522,6.871,0.02361,0.00433,0.3846,2.11,0.1336,0.012963,38.0,0.01443,0.0241,0.03163,12.103853,,,,,,,,,,,,,,,,,,,,,,,,,,,,,,,,,,,,,,,,,,,,,,,,,,,,JSWENERGY_data,,2026-10-01
OBV_Rising + CCI_Oversold,OBV_Rising + CCI_Oversold,combo_2,46,momentum,Bullish,,,,,,,,,,,,,,,,,,0.8696,0.02132,-0.06011,0.010697,0.260289,3.964,0.0119,0.01574,0.5435,1.514,0.1518,0.008648,46.0,0.0113,0.01921,0.02934,3.97299,,,,,,,,,,,,,,,,,,0.012319,0.279266,0.8696,3.801,0.9565,3.90936,15,6.131246,0.00957,0.5,0.1636,0,1,0.008859,0.01298,0.03449,0.05245,0.1578,0,0.8913,0.02136,-0.09194,0.009047,0.150062,3.713,0.00855,0.00939,0.5,2.141,0.1009,0.003896,46.0,0.01298,0.02976,0.03927,2.145487,0.8478,0.03566,-0.08557,0.017215,0.427447,3.726,0.01813,0.00359,0.4565,2.622,0.1636,0.014033,46.0,0.01298,0.03449,0.05245,6.131246,,,,,,,,,,,,,,,,,,,,,,,,,,,,,,,,,,,,,,,,,,,,,,,,,,,,JSWENERGY_data,,2026-10-01
Stoch_Cross_Up,Stoch_Cross_Up,single,184,mean_rev,Bullish,0.7978,0.01529,-0.0348,0.005163,0.123739,2.81,0.00539,-0.00187,0.4153,1.058,0.0481,0.005178,181.0,0.00452,0.01081,0.01642,1.814878,0.7923,0.02202,-0.04269,0.00858,0.167414,3.252,0.0082,-0.00036,0.459,1.366,0.0356,0.00692,181.0,0.0064,0.01323,0.0199,2.841851,0.7978,0.03297,-0.04333,0.017545,0.363422,4.134,0.01771,0.00523,0.4317,1.616,0.0414,0.014739,181.0,0.00674,0.01555,0.02248,7.843571,0.01043,0.218192,0.796,3.399,0.9945,3.849896,7,7.843571,0.001,0.4353,0.0481,0,1,0.008946,0.00674,0.01555,0.02248,0.78839,0,,,,,,,,,,,,,,,,,,,,,,,,,,,,,,,,,,,,,,,,,,,,,,,,,,,,,,,,,,,,,,,,,,,,,,,,,,,,,,,,,,,,,,JSWENERGY_data,,2026-10-01
CCI_Oversold + Williams_Oversold,CCI_Oversold + Williams_Oversold,combo_2,55,mean_rev,Bullish,0.8909,0.01988,-0.04624,0.012667,0.22161,5.182,0.01362,0.00913,0.4909,1.059,0.1217,0.011085,55.0,0.00838,0.01161,0.02088,4.622941,0.8909,0.02296,-0.06159,0.013739,0.260798,4.625,0.01309,0.01947,0.5273,1.368,0.0796,0.01053,55.0,0.00948,0.01928,0.02813,4.855247,0.8727,0.02209,-0.08343,0.008662,0.176595,3.064,0.01032,0.01281,0.5455,1.618,0.1351,0.005446,55.0,0.01259,0.02397,0.03191,2.178014,0.011689,0.219668,0.8848,4.29,0.9818,3.724755,5,4.855247,0.0138,0.5212,0.1351,0,1,0.00902,0.00948,0.01928,0.02813,0.09524,1,,,,,,,,,,,,,,,,,,,,,,,,,,,,,,,,,,,,,,,,,,,,,,,,,,,,,,,,,,,,,,,,,,,,,,,,,,,,,,,,,,,,,,JSWENERGY_data,,2026-10-01
Stoch_Oversold + Williams_Oversold,Stoch_Oversold + Williams_Oversold,combo_2,45,mean_rev,Bullish,0.8,0.02233,-0.0456,0.008745,0.185188,2.554,0.0093,0.00913,0.5111,1.035,0.1432,0.00758,45.0,0.00515,0.01104,0.01712,1.810503,0.8667,0.0218,-0.04834,0.012448,0.304411,4.667,0.01376,0.01032,0.4667,1.336,0.1575,0.008809,45.0,0.00762,0.01685,0.02568,5.439579,0.8444,0.02265,-0.05117,0.011165,0.303614,4.024,0.01093,0.00367,0.4444,1.581,0.1205,0.0053,45.0,0.00791,0.01685,0.02583,4.677811,0.010786,0.264404,0.837,3.748,0.9333,3.541491,5,5.439579,0.0077,0.4741,0.1575,0,1,0.00723,0.00762,0.01685,0.02568,0.31476,0,,,,,,,,,,,,,,,,,,,,,,,,,,,,,,,,,,,,,,,,,,,,,,,,,,,,,,,,,,,,,,,,,,,,,,,,,,,,,,,,,,,,,,JSWENERGY_data,,2026-10-01
OBV_Trend_Bull,OBV_Trend_Bull,single,61,momentum,Bullish,,,,,,,,,,,,,,,,,,0.9016,0.01499,-0.0582,0.007789,0.25449,4.635,0.00814,0.00657,0.4754,1.333,0.111,0.01117,61.0,0.01167,0.01938,0.02447,4.868336,,,,,,,,,,,,,,,,,,0.008288,0.208248,0.8962,4.145,0.9836,3.503694,5,4.868336,0.00937,0.5137,0.146,0,1,0.012212,0.01167,0.01938,0.02447,0.06939,1,0.9016,0.01706,-0.09069,0.006459,0.145842,3.694,0.00734,0.00923,0.5574,1.885,0.1165,0.010777,61.0,0.01573,0.02447,0.03261,2.223272,0.8852,0.02264,-0.08212,0.010618,0.224412,4.105,0.01337,0.01231,0.5082,2.309,0.146,0.01469,61.0,0.0202,0.03141,0.04547,3.801752,,,,,,,,,,,,,,,,,,,,,,,,,,,,,,,,,,,,,,,,,,,,,,,,,,,,JSWENERGY_data,,2026-10-01
BB_Lower_Bounce + Stoch_Cross_Up,BB_Lower_Bounce + Stoch_Cross_Up,combo_2,14,mean_rev,Bullish,0.9286,0.00019,-0.00095,0.000104,-0.011673,150.292,-0.00073,-0.00031,0.5,1.082,0.3337,-0.006998,14.0,0.01157,0.01699,0.02017,-0.316122,0.9286,0.02593,-0.04171,0.021102,0.348605,11.572,0.02126,0.01553,0.2857,1.397,0.3772,0.015592,14.0,0.01224,0.01717,0.02556,9.440412,1.0,0.00803,0.0,0.008026,0.078106,,0.00845,0.00471,0.4286,1.653,0.3245,0.004058,14.0,0.0149,0.02378,0.03024,0.211514,0.009744,0.138346,0.9524,80.932,0.9286,3.47887,5,9.440412,0.00664,0.4048,0.3772,0,1,0.004217,0.01224,0.01717,0.02556,0.06659,1,,,,,,,,,,,,,,,,,,,,,,,,,,,,,,,,,,,,,,,,,,,,,,,,,,,,,,,,,,,,,,,,,,,,,,,,,,,,,,,,,,,,,,JSWENERGY_data,,2026-10-01
OBV_Trend_Bull + CDL_DragonFlyDoji,OBV_Trend_Bull + CDL_DragonFlyDoji,combo_2,11,momentum,Bullish,,,,,,,,,,,,,,,,,,1.0,0.04716,0.0,0.047158,1.069923,,0.04744,0.03702,0.4545,1.416,0.2481,0.047843,11.0,0.01768,0.03927,0.05481,2.65866,,,,,,,,,,,,,,,,,,0.063078,1.394254,1.0,0.0,1.0,3.464591,15,3.882028,0.02025,0.3939,0.3794,0,1,0.06067,0.04662,0.04952,0.05574,0.11998,0,1.0,0.07006,0.0,0.070061,1.550596,,0.07154,0.01354,0.3636,2.002,0.3372,0.068713,11.0,0.03927,0.04952,0.05574,3.853086,1.0,0.07201,0.0,0.072013,1.562243,,0.07332,0.01019,0.3636,2.452,0.3794,0.065453,11.0,0.04662,0.04952,0.05574,3.882028,,,,,,,,,,,,,,,,,,,,,,,,,,,,,,,,,,,,,,,,,,,,,,,,,,,,JSWENERGY_data,,2026-10-01
Price_Above_EMA200 + MACD_Cross_Up_Event,Price_Above_EMA200 + MACD_Cross_Up_Event,combo_2,34,trend,Bullish,,,,,,,,,,,,,,,,,,,,,,,,,,,,,,,,,,,,,,,,,,,,,,,,,,,,0.010955,0.211683,0.8627,4.611,0.9706,3.368375,10,6.051564,-0.00789,0.4216,0.1855,0,1,0.003609,0.01719,0.02594,0.03733,0.44524,0,0.8529,0.02335,-0.04516,0.013273,0.310828,5.476,0.01171,-0.00043,0.4118,1.872,0.1592,0.010069,34.0,0.01719,0.02594,0.03733,6.051564,,,,,,,,,,,,,,,,,,0.8529,0.03085,-0.08178,0.014288,0.29256,4.156,0.01078,-0.006,0.4118,2.648,0.1262,0.006654,34.0,0.02563,0.03514,0.04071,4.322521,0.8824,0.01992,-0.10433,0.005306,0.03166,4.202,0.00506,-0.01722,0.4412,3.243,0.1855,-0.005897,34.0,0.02757,0.03721,0.04879,0.472992,,,,,,,,,,,,,,,,,,JSWENERGY_data,,2026-10-01
MACD_Bullish_State + OBV_Rising,MACD_Bullish_State + OBV_Rising,combo_2,192,momentum,Bullish,,,,,,,,,,,,,,,,,,0.8594,0.01177,-0.04564,0.003693,0.071433,3.635,0.00474,-0.00901,0.4219,1.359,0.0581,0.003412,189.0,0.00935,0.01616,0.02123,1.366389,,,,,,,,,,,,,,,,,,0.009946,0.175348,0.8472,3.721,0.9792,3.361891,15,5.163049,-0.00102,0.4236,0.0581,0,1,0.007664,0.01775,0.02499,0.03383,0.12787,0,0.8438,0.02329,-0.05832,0.010534,0.178674,3.972,0.01132,0.00174,0.4375,1.923,0.0537,0.008093,189.0,0.01278,0.01981,0.02769,3.734757,0.8385,0.03415,-0.08065,0.015612,0.275936,3.555,0.01613,0.00422,0.4115,2.355,0.0507,0.011486,189.0,0.01775,0.02499,0.03383,5.163049,,,,,,,,,,,,,,,,,,,,,,,,,,,,,,,,,,,,,,,,,,,,,,,,,,,,JSWENERGY_data,,2026-10-01
MACD_Hist_Positive + OBV_Rising,MACD_Hist_Positive + OBV_Rising,combo_2,192,momentum,Bullish,,,,,,,,,,,,,,,,,,0.8594,0.01177,-0.04564,0.003693,0.071433,3.635,0.00474,-0.00901,0.4219,1.359,0.0581,0.003412,189.0,0.00935,0.01616,0.02123,1.366389,,,,,,,,,,,,,,,,,,0.009946,0.175348,0.8472,3.721,0.9792,3.361891,15,5.163049,-0.00102,0.4236,0.0581,0,1,0.007664,0.01775,0.02499,0.03383,0.12787,0,0.8438,0.02329,-0.05832,0.010534,0.178674,3.972,0.01132,0.00174,0.4375,1.923,0.0537,0.008093,189.0,0.01278,0.01981,0.02769,3.734757,0.8385,0.03415,-0.08065,0.015612,0.275936,3.555,0.01613,0.00422,0.4115,2.355,0.0507,0.011486,189.0,0.01775,0.02499,0.03383,5.163049,,,,,,,,,,,,,,,,,,,,,,,,,,,,,,,,,,,,,,,,,,,,,,,,,,,,JSWENERGY_data,,2026-10-01
Stoch_Cross_Up + CMF_Strong_Bull,Stoch_Cross_Up + CMF_Strong_Bull,combo_2,61,momentum,Bullish,,,,,,,,,,,,,,,,,,0.7377,0.02452,-0.04138,0.007232,0.112829,2.771,0.00742,-0.00659,0.459,1.375,0.0992,0.010518,60.0,0.0033,0.00911,0.01732,1.290534,,,,,,,,,,,,,,,,,,0.014415,0.254448,0.765,3.332,0.9344,3.270014,15,5.164593,-0.00255,0.4372,0.1637,0,1,0.012768,0.00656,0.01925,0.03824,0.78743,0,0.7541,0.04173,-0.05403,0.018184,0.349263,3.072,0.02021,0.00195,0.459,1.944,0.1637,0.015535,60.0,0.00654,0.01727,0.03264,4.427971,0.8033,0.03639,-0.05797,0.01783,0.301254,4.154,0.0178,-0.003,0.3934,2.381,0.1561,0.012251,60.0,0.00656,0.01925,0.03824,5.164593,,,,,,,,,,,,,,,,,,,,,,,,,,,,,,,,,,,,,,,,,,,,,,,,,,,,JSWENERGY_data,,2026-10-01
CDL_InvertedHammer,CDL_InvertedHammer,single,12,candle,Bullish,0.75,0.04203,-0.03383,0.023067,0.414546,4.063,0.02278,0.01118,0.3333,1.053,0.3735,0.022685,12.0,0.0038,0.00973,0.01712,4.319902,0.75,0.06401,-0.05821,0.033453,0.581844,3.414,0.03349,0.01544,0.25,1.359,0.3776,0.028521,12.0,0.00468,0.01701,0.0242,5.094424,,,,,,,,,,,,,,,,,,0.021318,0.363781,0.75,3.467,1.0,3.234717,5,5.094424,0.00686,0.3056,0.3776,0,1,0.019921,0.00468,0.01701,0.0242,0.82875,0,,,,,,,,,,,,,,,,,,,,,,,,,,,,,,,,,,,,,,,,,,,,,,,,,,,,,,,,,,,,,,,,,,,,,0.75,0.02029,-0.03115,0.007433,0.094954,2.924,0.00731,-0.00605,0.3333,0.86,0.3722,0.008558,12.0,0.0038,0.0085,0.0119,0.712092,JSWENERGY_data,,2026-10-01
CMF_Strong_Bull + OBV_Rising,CMF_Strong_Bull + OBV_Rising,combo_2,126,momentum,Bullish,,,,,,,,,,,,,,,,,,0.8333,0.0135,-0.03727,0.005039,0.074595,4.379,0.00565,-0.01446,0.381,1.393,0.0768,0.007374,124.0,0.00655,0.01622,0.02209,1.58225,,,,,,,,,,,,,,,,,,0.012077,0.180771,0.8201,3.754,0.9762,3.208709,15,5.273211,-0.01071,0.3862,0.0808,0,1,0.01223,0.01548,0.02368,0.0345,0.49418,0,0.8095,0.03081,-0.06712,0.012153,0.16842,3.245,0.01257,-0.00528,0.4286,1.971,0.0808,0.012023,124.0,0.00942,0.0196,0.02966,2.647442,0.8175,0.04168,-0.08238,0.019038,0.299299,3.637,0.01941,-0.01238,0.3492,2.413,0.0721,0.017294,124.0,0.01548,0.02368,0.0345,5.273211,,,,,,,,,,,,,,,,,,,,,,,,,,,,,,,,,,,,,,,,,,,,,,,,,,,,JSWENERGY_data,,2026-10-01
Price_Above_EMA200 + Stoch_Bull_Zone,Price_Above_EMA200 + Stoch_Bull_Zone,combo_2,96,trend,Bullish,,,,,,,,,,,,,,,,,,,,,,,,,,,,,,,,,,,,,,,,,,,,,,,,,,,,0.011322,0.229067,0.8333,3.176,0.9271,3.085245,30,4.916629,-0.00152,0.4688,0.0716,0,1,0.007894,0.0169,0.03966,0.05718,0.47266,0,0.7917,0.02611,-0.06758,0.006593,0.126079,2.454,0.0067,-0.00024,0.4688,1.909,0.0716,0.006335,94.0,0.0073,0.01656,0.02665,1.415588,,,,,,,,,,,,,,,,,,0.8438,0.03097,-0.09321,0.011564,0.2617,3.484,0.01181,-0.00789,0.4688,2.7,0.0597,0.010616,94.0,0.01425,0.02669,0.04002,4.170466,0.8646,0.03718,-0.12066,0.01581,0.299422,3.589,0.01567,0.00358,0.4688,3.306,0.069,0.006732,94.0,0.0169,0.03966,0.05718,4.916629,,,,,,,,,,,,,,,,,,JSWENERGY_data,,2026-10-01
RSI_Cross50_Up + Price_Above_EMA200,RSI_Cross50_Up + Price_Above_EMA200,combo_2,39,trend,Bullish,,,,,,,,,,,,,,,,,,,,,,,,,,,,,,,,,,,,,,,,,,,,,,,,,,,,0.016547,0.267237,0.8034,3.253,0.9487,3.042344,10,6.717564,0.00721,0.453,0.1566,0,1,0.009588,0.01333,0.01922,0.0223,0.69226,0,0.7692,0.0317,-0.03325,0.016712,0.377871,4.819,0.01582,0.00455,0.4103,1.943,0.1566,0.014155,39.0,0.01333,0.01922,0.0223,6.717564,,,,,,,,,,,,,,,,,,0.8205,0.04777,-0.11086,0.019303,0.307844,2.782,0.01676,-0.00075,0.4359,2.747,0.1206,0.013816,39.0,0.01838,0.02716,0.04262,3.158815,0.8205,0.05333,-0.16786,0.013625,0.115997,2.158,0.01315,0.01782,0.5128,3.365,0.1336,0.000794,39.0,0.01838,0.0354,0.05632,0.923441,,,,,,,,,,,,,,,,,,JSWENERGY_data,,2026-10-01
Golden_Cross_State + CMF_Positive,Golden_Cross_State + CMF_Positive,combo_2,31,trend,Bullish,,,,,,,,,,,,,,,,,,,,,,,,,,,,,,,,,,,,,,,,,,,,,,,,,,,,0.010936,0.288585,0.7742,3.2,0.9032,2.891188,30,8.030316,-0.00672,0.4194,0.2687,0,1,0.008969,0.01709,0.03244,0.05592,0.76013,0,0.7097,0.02791,-0.05265,0.004519,0.113379,1.863,0.00343,-0.0022,0.4516,1.788,0.1836,0.002491,31.0,0.0036,0.0156,0.02136,0.731897,,,,,,,,,,,,,,,,,,0.8065,0.02356,-0.05729,0.007915,0.199478,3.548,0.00775,-0.01209,0.3871,2.529,0.1774,0.005932,31.0,0.01308,0.02531,0.0408,2.452856,0.8065,0.04142,-0.06733,0.020374,0.552899,4.191,0.0219,-0.00589,0.4194,3.098,0.2687,0.018483,31.0,0.01709,0.03244,0.05592,8.030316,,,,,,,,,,,,,,,,,,JSWENERGY_data,,2026-10-01
Stoch_Bull_Zone + CCI_Oversold,Stoch_Bull_Zone + CCI_Oversold,combo_2,34,momentum,Bullish,,,,,,,,,,,,,,,,,,0.8824,0.02225,-0.03133,0.015947,0.291198,9.14,0.01718,0.01662,0.5,1.412,0.1898,0.009604,34.0,0.01199,0.02201,0.02609,9.462995,,,,,,,,,,,,,,,,,,0.011743,0.175913,0.8333,5.006,0.9118,2.85492,5,9.462995,0.01442,0.5196,0.1898,0,1,0.004445,0.01199,0.02201,0.02609,0.27915,0,0.7941,0.02863,-0.06854,0.00862,0.082931,2.584,0.00846,0.00907,0.5,1.997,0.1097,0.000237,34.0,0.01199,0.02201,0.03024,0.761911,0.8235,0.02596,-0.06076,0.01066,0.15361,3.295,0.01014,0.01756,0.5588,2.446,0.0994,0.003495,34.0,0.01247,0.02385,0.0432,1.799557,,,,,,,,,,,,,,,,,,,,,,,,,,,,,,,,,,,,,,,,,,,,,,,,,,,,JSWENERGY_data,,2026-10-01
Price_Above_EMA200 + MACD_Hist_Positive,Price_Above_EMA200 + MACD_Hist_Positive,combo_2,46,trend,Bullish,,,,,,,,,,,,,,,,,,,,,,,,,,,,,,,,,,,,,,,,,,,,,,,,,,,,0.008375,0.244367,0.8261,2.841,1.0,2.672725,20,3.55506,-0.00654,0.4275,0.1493,0,1,0.000215,0.01817,0.03183,0.03717,0.60545,0,0.8261,0.0209,-0.05239,0.008151,0.224223,3.855,0.0081,-0.01345,0.3913,1.855,0.1493,0.006308,46.0,0.00902,0.01954,0.0282,3.327978,,,,,,,,,,,,,,,,,,0.8261,0.04022,-0.12664,0.011198,0.394665,2.34,0.01146,0.00015,0.4348,2.624,0.1347,0.002297,46.0,0.01817,0.03183,0.03717,3.55506,0.8261,0.03542,-0.13503,0.005776,0.114213,2.328,0.00559,-0.00631,0.4565,3.213,0.1325,-0.007962,46.0,0.02177,0.03241,0.04265,1.023572,,,,,,,,,,,,,,,,,,JSWENERGY_data,,2026-10-01
Price_Above_EMA200 + MACD_Bullish_State,Price_Above_EMA200 + MACD_Bullish_State,combo_2,46,trend,Bullish,,,,,,,,,,,,,,,,,,,,,,,,,,,,,,,,,,,,,,,,,,,,,,,,,,,,0.008375,0.244367,0.8261,2.841,1.0,2.672725,20,3.55506,-0.00654,0.4275,0.1493,0,1,0.000215,0.01817,0.03183,0.03717,0.60545,0,0.8261,0.0209,-0.05239,0.008151,0.224223,3.855,0.0081,-0.01345,0.3913,1.855,0.1493,0.006308,46.0,0.00902,0.01954,0.0282,3.327978,,,,,,,,,,,,,,,,,,0.8261,0.04022,-0.12664,0.011198,0.394665,2.34,0.01146,0.00015,0.4348,2.624,0.1347,0.002297,46.0,0.01817,0.03183,0.03717,3.55506,0.8261,0.03542,-0.13503,0.005776,0.114213,2.328,0.00559,-0.00631,0.4565,3.213,0.1325,-0.007962,46.0,0.02177,0.03241,0.04265,1.023572,,,,,,,,,,,,,,,,,,JSWENERGY_data,,2026-10-01
MACD_Hist_Rising + BB_Expansion_Bull,MACD_Hist_Rising + BB_Expansion_Bull,combo_2,35,momentum,Bullish,,,,,,,,,,,,,,,,,,0.8571,0.02732,-0.05291,0.015862,0.4047,4.995,0.01721,-0.00352,0.4571,1.484,0.1928,0.022489,33.0,0.00663,0.01998,0.02656,7.243414,,,,,,,,,,,,,,,,,,0.009747,0.229745,0.8381,3.434,0.9429,2.665262,5,7.243414,-0.00471,0.4762,0.1928,0,1,0.01075,0.00663,0.01998,0.02656,0.42611,0,0.8,0.02719,-0.06255,0.009244,0.238042,3.195,0.00962,-0.00975,0.4857,2.098,0.1653,0.012552,33.0,0.01,0.02526,0.03733,2.725369,0.8571,0.02914,-0.1459,0.004136,0.046493,2.111,0.00409,-0.00085,0.4857,2.57,0.1824,-0.002791,33.0,0.01693,0.037,0.04128,0.351711,,,,,,,,,,,,,,,,,,,,,,,,,,,,,,,,,,,,,,,,,,,,,,,,,,,,JSWENERGY_data,,2026-10-01
RSI_Cross50_Up + Golden_Cross_State,RSI_Cross50_Up + Golden_Cross_State,combo_2,36,trend,Bullish,,,,,,,,,,,,,,,,,,,,,,,,,,,,,,,,,,,,,,,,,,,,,,,,,,,,0.015049,0.263549,0.787,2.949,0.9444,2.650233,10,5.473968,0.00624,0.4537,0.1721,0,1,0.00853,0.01173,0.0196,0.02239,0.76868,0,0.75,0.0314,-0.03325,0.015236,0.345673,4.385,0.01434,0.00603,0.4167,1.979,0.1721,0.012865,36.0,0.01173,0.0196,0.02239,5.473968,,,,,,,,,,,,,,,,,,0.8056,0.05092,-0.11217,0.019208,0.334912,2.565,0.01667,-0.00053,0.4444,2.798,0.1292,0.014254,36.0,0.02009,0.02766,0.0431,3.102077,0.8056,0.05394,-0.16844,0.010702,0.110061,1.895,0.01023,0.01323,0.5,3.427,0.1515,-0.00153,36.0,0.02009,0.03737,0.05745,0.7533,,,,,,,,,,,,,,,,,,JSWENERGY_data,,2026-10-01
CCI_Oversold,CCI_Oversold,single,59,mean_rev,Bullish,0.8814,0.01263,-0.04009,0.006378,0.063668,4.104,0.00681,0.00138,0.4915,1.04,0.1064,0.005605,59.0,0.007,0.01341,0.02186,1.069911,0.8644,0.02007,-0.04015,0.011904,0.207629,5.389,0.01126,0.01377,0.5085,1.343,0.0843,0.008773,59.0,0.00705,0.02103,0.02632,4.581284,0.8814,0.01416,-0.05218,0.006288,0.129819,4.903,0.008,0.01281,0.5085,1.589,0.1339,0.002227,59.0,0.01265,0.02234,0.02985,2.606083,0.00819,0.133705,0.8757,4.799,0.9831,2.582518,5,4.581284,0.00932,0.5028,0.1339,0,1,0.005535,0.00705,0.02103,0.02632,0.12285,0,,,,,,,,,,,,,,,,,,,,,,,,,,,,,,,,,,,,,,,,,,,,,,,,,,,,,,,,,,,,,,,,,,,,,,,,,,,,,,,,,,,,,,JSWENERGY_data,,2026-10-01
Golden_Cross_State + BB_Lower_Bounce,Golden_Cross_State + BB_Lower_Bounce,combo_2,21,trend,Bullish,,,,,,,,,,,,,,,,,,,,,,,,,,,,,,,,,,,,,,,,,,,,,,,,,,,,0.010151,0.202597,0.8889,4.218,0.9524,2.515727,20,3.080895,0.00891,0.4921,0.2351,0,1,0.001358,0.02616,0.05144,0.05293,0.27096,0,0.9048,0.01501,-0.07343,0.006589,0.155379,5.65,0.00559,-0.00325,0.4762,2.348,0.1907,0.00431,21.0,0.02616,0.0307,0.03449,2.713731,,,,,,,,,,,,,,,,,,0.8571,0.0333,-0.10542,0.013483,0.293491,3.396,0.01492,0.02713,0.5714,3.321,0.2351,0.002713,21.0,0.02616,0.05144,0.05293,3.080895,0.9048,0.03222,-0.19704,0.010382,0.15892,3.608,0.01139,0.00285,0.4286,4.067,0.2334,-0.00295,21.0,0.05144,0.05469,0.07203,1.772311,,,,,,,,,,,,,,,,,,JSWENERGY_data,,2026-10-01
Golden_Cross_State + Stoch_Bull_Zone,Golden_Cross_State + Stoch_Bull_Zone,combo_2,88,trend,Bullish,,,,,,,,,,,,,,,,,,,,,,,,,,,,,,,,,,,,,,,,,,,,,,,,,,,,0.01048,0.190052,0.8295,3.005,0.9318,2.388698,30,3.650756,-0.00317,0.4659,0.0749,0,1,0.007813,0.02072,0.04497,0.05751,0.49273,0,0.7955,0.02526,-0.06932,0.005913,0.097604,2.547,0.00626,0.00327,0.4886,1.983,0.0749,0.006495,86.0,0.00841,0.0191,0.02964,1.11573,,,,,,,,,,,,,,,,,,0.8295,0.03514,-0.09934,0.012219,0.229869,3.117,0.01292,-0.01452,0.4545,2.804,0.0627,0.012634,86.0,0.01714,0.02812,0.04491,3.215971,0.8636,0.03583,-0.12933,0.013306,0.242683,3.351,0.01385,0.00176,0.4545,3.434,0.0747,0.00431,86.0,0.02072,0.04497,0.05751,3.650756,,,,,,,,,,,,,,,,,,JSWENERGY_data,,2026-10-01
CMF_Positive + Williams_Oversold,CMF_Positive + Williams_Oversold,combo_2,24,momentum,Bullish,,,,,,,,,,,,,,,,,,0.75,0.03167,-0.06458,0.007611,0.137108,1.806,0.0083,0.02807,0.625,1.334,0.1677,0.003223,24.0,0.00366,0.0083,0.02779,0.797157,,,,,,,,,,,,,,,,,,0.015704,0.310844,0.7361,2.484,0.9583,2.381529,15,5.297528,0.01414,0.5,0.2715,0,1,0.006219,0.00908,0.02043,0.03161,0.89816,0,0.7083,0.04203,-0.0549,0.013759,0.305817,2.283,0.01189,0.01345,0.5,1.886,0.1683,-0.000817,24.0,0.00712,0.00957,0.02973,2.247679,0.75,0.05617,-0.06555,0.025741,0.489608,3.361,0.02582,0.00091,0.375,2.31,0.2715,0.016251,24.0,0.00908,0.02043,0.03161,5.297528,,,,,,,,,,,,,,,,,,,,,,,,,,,,,,,,,,,,,,,,,,,,,,,,,,,,JSWENERGY_data,,2026-10-01
CDL_Harami_Bull,CDL_Harami_Bull,single,58,candle,Bullish,0.8246,0.01348,-0.02514,0.006704,0.159663,4.108,0.0076,0.00207,0.4211,1.076,0.1602,0.003033,55.0,0.00592,0.01115,0.01821,2.674683,0.8246,0.02072,-0.03627,0.010726,0.273538,4.124,0.0104,0.00226,0.4561,1.389,0.1172,0.003115,55.0,0.00727,0.01535,0.02119,4.599905,,,,,,,,,,,,,,,,,,0.007353,0.177862,0.7953,3.571,0.9123,2.362788,5,4.599905,0.00199,0.4327,0.1974,0,1,0.002457,0.00727,0.01535,0.02119,0.51409,0,,,,,,,,,,,,,,,,,,,,,,,,,,,,,,,,,,,,,,,,,,,,,,,,,,,,,,,,,,,,,,,,,,,,,0.7368,0.0139,-0.02134,0.00463,0.100386,2.481,0.00621,0.00163,0.4211,0.878,0.1974,0.001222,55.0,0.00464,0.00747,0.01359,1.015579,JSWENERGY_data,,2026-10-01
Price_Above_SMA20 + Price_Above_EMA200,Price_Above_SMA20 + Price_Above_EMA200,combo_2,53,trend,Bullish,,,,,,,,,,,,,,,,,,,,,,,,,,,,,,,,,,,,,,,,,,,,,,,,,,,,0.008843,0.263037,0.8302,2.338,0.9245,2.268139,10,2.904974,-0.00173,0.4654,0.1362,0,1,-0.001271,0.01809,0.02467,0.03187,0.2813,0,0.8679,0.02076,-0.08297,0.007062,0.219236,3.322,0.00721,0.00424,0.4906,1.887,0.128,0.003436,52.0,0.01809,0.02467,0.03187,2.904974,,,,,,,,,,,,,,,,,,0.8302,0.03949,-0.13467,0.009915,0.350041,1.922,0.01006,-0.00032,0.4717,2.668,0.1362,0.000929,52.0,0.01959,0.03195,0.037,2.684067,0.7925,0.04878,-0.14022,0.009553,0.219835,1.77,0.0095,-0.00911,0.434,3.268,0.1218,-0.008178,52.0,0.01959,0.03218,0.03838,1.552486,,,,,,,,,,,,,,,,,,JSWENERGY_data,,2026-10-01
Stoch_Bull_Zone + CCI_Exit_Oversold,Stoch_Bull_Zone + CCI_Exit_Oversold,combo_2,44,momentum,Bullish,,,,,,,,,,,,,,,,,,0.75,0.01427,-0.04215,0.000167,-0.024905,1.823,0.00194,-0.00394,0.4545,1.435,0.198,-0.005891,44.0,0.00778,0.01121,0.015,-0.172792,,,,,,,,,,,,,,,,,,0.011303,0.216885,0.7727,3.07,0.8864,2.246595,15,10.903568,0.01114,0.4848,0.198,0,1,0.005907,0.01147,0.03593,0.05302,0.53314,0,0.7273,0.02874,-0.05128,0.006916,0.110394,2.319,0.00722,-0.00138,0.4773,2.03,0.1185,0.002042,44.0,0.00876,0.01339,0.03387,0.974639,0.8409,0.04343,-0.06095,0.026826,0.565166,5.068,0.02899,0.03875,0.5227,2.486,0.1581,0.021568,44.0,0.01147,0.03593,0.05302,10.903568,,,,,,,,,,,,,,,,,,,,,,,,,,,,,,,,,,,,,,,,,,,,,,,,,,,,JSWENERGY_data,,2026-10-01
RSI_Bull_Momentum + Golden_Cross_State,RSI_Bull_Momentum + Golden_Cross_State,combo_2,49,trend,Bullish,,,,,,,,,,,,,,,,,,,,,,,,,,,,,,,,,,,,,,,,,,,,,,,,,,,,0.012528,0.251131,0.7823,2.363,0.9184,2.132072,20,3.170941,0.00082,0.4422,0.1435,0,1,0.007214,0.01849,0.02716,0.04477,0.72004,0,0.7347,0.0273,-0.04704,0.007579,0.195037,2.663,0.00775,0.00403,0.449,1.947,0.1435,0.005387,49.0,0.00852,0.0182,0.02183,2.031517,,,,,,,,,,,,,,,,,,0.8163,0.04456,-0.1062,0.01687,0.320245,2.531,0.01431,-0.00075,0.4082,2.753,0.1075,0.012327,49.0,0.01849,0.02716,0.04477,3.170941,0.7959,0.05582,-0.15335,0.013135,0.238111,1.896,0.01266,-0.00082,0.4694,3.372,0.1164,0.003929,49.0,0.01849,0.0354,0.05632,1.765816,,,,,,,,,,,,,,,,,,JSWENERGY_data,,2026-10-01
MACD_Hist_Rising + CDL_Engulfing_Bull,MACD_Hist_Rising + CDL_Engulfing_Bull,combo_2,33,momentum,Bullish,,,,,,,,,,,,,,,,,,0.7879,0.01446,-0.04724,0.001372,-0.0419,2.595,0.00129,-0.00725,0.3939,1.315,0.1496,0.004026,33.0,0.00429,0.01024,0.01607,-0.38344,,,,,,,,,,,,,,,,,,0.013943,0.188818,0.7879,3.132,1.0,2.085161,15,5.964882,-0.00153,0.4242,0.1572,0,1,0.01615,0.00995,0.01834,0.02456,0.79472,0,0.7879,0.03041,-0.06297,0.0106,0.141642,3.175,0.01117,-0.01547,0.4545,1.86,0.1572,0.012841,33.0,0.00777,0.01172,0.02341,1.586076,0.7879,0.057,-0.07095,0.029857,0.466713,3.624,0.02897,0.01814,0.4242,2.277,0.1364,0.031583,33.0,0.00995,0.01834,0.02456,5.964882,,,,,,,,,,,,,,,,,,,,,,,,,,,,,,,,,,,,,,,,,,,,,,,,,,,,JSWENERGY_data,,2026-10-01
EMA_Bullish_State + CCI_Exit_Oversold,EMA_Bullish_State + CCI_Exit_Oversold,combo_2,24,momentum,Bullish,,,,,,,,,,,,,,,,,,0.8333,0.00065,-0.05204,-0.008131,-0.160917,1.506,-0.00891,-0.01767,0.4583,1.373,0.2518,-0.016984,24.0,0.00778,0.01607,0.01906,-0.780176,,,,,,,,,,,,,,,,,,0.008245,0.210621,0.7917,3.464,0.875,2.054978,15,19.183609,-0.007,0.4444,0.2874,0,1,-0.002304,0.01581,0.02951,0.04471,0.60297,0,0.7083,0.01985,-0.0537,-0.001603,-0.029654,1.64,-0.00042,-0.02229,0.4167,1.941,0.2688,-0.00893,24.0,0.00778,0.01607,0.02311,-0.156514,0.8333,0.04958,-0.04111,0.034469,0.822435,7.246,0.03683,0.01896,0.4583,2.377,0.2874,0.019002,24.0,0.01581,0.02951,0.04471,19.183609,,,,,,,,,,,,,,,,,,,,,,,,,,,,,,,,,,,,,,,,,,,,,,,,,,,,JSWENERGY_data,,2026-10-01
Williams_Oversold,Williams_Oversold,single,80,mean_rev,Bullish,0.8,0.01904,-0.0406,0.007114,0.111879,2.658,0.00761,-0.00096,0.4875,1.048,0.1017,0.004291,80.0,0.00431,0.01,0.01529,1.306744,0.8375,0.02292,-0.05957,0.009518,0.15261,2.918,0.00918,0.00881,0.4875,1.353,0.0693,0.006843,80.0,0.0062,0.0153,0.0296,1.956673,0.8125,0.03019,-0.06696,0.011976,0.251218,2.565,0.01208,0.01107,0.4875,1.6,0.0728,0.007928,80.0,0.0062,0.0153,0.03031,2.832185,0.009536,0.171902,0.8167,2.714,0.9625,1.973073,7,2.832185,0.00631,0.4875,0.1017,0,1,0.006354,0.0062,0.0153,0.03031,0.47073,0,,,,,,,,,,,,,,,,,,,,,,,,,,,,,,,,,,,,,,,,,,,,,,,,,,,,,,,,,,,,,,,,,,,,,,,,,,,,,,,,,,,,,,JSWENERGY_data,,2026-10-01
Golden_Cross_State + Price_Above_SMA50,Golden_Cross_State + Price_Above_SMA50,combo_2,42,trend,Bullish,,,,,,,,,,,,,,,,,,,,,,,,,,,,,,,,,,,,,,,,,,,,,,,,,,,,0.013066,0.222203,0.8333,2.608,0.9048,1.971929,20,6.776596,0.01742,0.5238,0.155,0,1,0.004559,0.01943,0.03441,0.06573,0.42324,0,0.7857,0.0248,-0.06579,0.005386,0.134784,2.532,0.00691,0.00426,0.5,1.988,0.155,-0.001533,42.0,0.00944,0.0182,0.02556,1.283612,,,,,,,,,,,,,,,,,,0.8333,0.05913,-0.11968,0.029328,0.583231,3.089,0.0268,0.03358,0.5238,2.812,0.1004,0.019137,42.0,0.01943,0.03441,0.06573,6.776596,0.881,0.03255,-0.2032,0.004485,-0.051405,2.202,0.00362,0.01443,0.5476,3.444,0.1285,-0.003928,42.0,0.02554,0.04276,0.07751,-0.4258,,,,,,,,,,,,,,,,,,JSWENERGY_data,,2026-10-01
Price_Above_EMA200 + OBV_Rising,Price_Above_EMA200 + OBV_Rising,combo_2,191,trend,Bullish,,,,,,,,,,,,,,,,,,,,,,,,,,,,,,,,,,,,,,,,,,,,,,,,,,,,0.006596,0.128497,0.815,2.705,0.9738,1.779276,20,2.768402,-0.0017,0.466,0.0433,0,1,0.001795,0.01709,0.02652,0.03966,0.55584,0,0.8272,0.01438,-0.06141,0.001285,0.014163,3.012,0.00125,-0.00749,0.4764,1.92,0.0397,-0.001646,188.0,0.01043,0.0196,0.02636,0.224277,,,,,,,,,,,,,,,,,,0.801,0.03357,-0.09044,0.008898,0.199249,2.643,0.00867,-0.00191,0.4346,2.716,0.0361,0.004631,188.0,0.01709,0.02652,0.03966,2.768402,0.8168,0.04008,-0.12624,0.009605,0.172078,2.459,0.01009,0.0043,0.4869,3.326,0.0433,0.0024,188.0,0.01805,0.03213,0.05183,2.224511,,,,,,,,,,,,,,,,,,JSWENERGY_data,,2026-10-01
Price_Above_EMA200 + BB_Lower_Bounce,Price_Above_EMA200 + BB_Lower_Bounce,combo_2,15,trend,Bullish,,,,,,,,,,,,,,,,,,,,,,,,,,,,,,,,,,,,,,,,,,,,,,,,,,,,0.01157,0.237351,0.8667,3.118,0.8667,1.778113,20,3.550937,0.01188,0.5111,0.3177,0,1,0.005178,0.02258,0.03327,0.05168,0.24028,0,0.9333,0.00255,-0.11489,-0.005284,-0.097497,4.063,-0.00663,-0.00325,0.5333,2.153,0.2082,-0.004804,15.0,0.02258,0.02904,0.03146,-1.098362,,,,,,,,,,,,,,,,,,0.8,0.05367,-0.10669,0.021595,0.48572,2.637,0.02301,0.03172,0.5333,3.044,0.3004,0.012003,15.0,0.02258,0.03327,0.05168,3.550937,0.8667,0.05154,-0.19704,0.018398,0.32383,2.653,0.01939,0.00717,0.4667,3.728,0.3177,0.008334,15.0,0.0327,0.05358,0.05816,2.382024,,,,,,,,,,,,,,,,,,JSWENERGY_data,,2026-10-01
CCI_Exit_Oversold + VWAP_Bull,CCI_Exit_Oversold + VWAP_Bull,combo_2,58,momentum,Bullish,,,,,,,,,,,,,,,,,,0.7586,0.01285,-0.03664,0.000905,-0.006258,2.188,0.00229,-0.00394,0.431,1.388,0.1507,-0.001638,58.0,0.0074,0.0118,0.0156,-0.055822,,,,,,,,,,,,,,,,,,0.009423,0.160425,0.7759,2.866,0.9138,1.71311,15,6.702693,0.00539,0.4713,0.1507,0,1,0.007745,0.0138,0.0295,0.04664,0.61792,0,0.7414,0.02467,-0.04864,0.005713,0.070231,2.471,0.00568,-0.00138,0.4828,1.963,0.0938,0.003921,58.0,0.00823,0.01459,0.02437,0.707614,0.8276,0.03971,-0.06505,0.02165,0.417301,3.939,0.0238,0.0215,0.5,2.404,0.1322,0.020952,58.0,0.0138,0.0295,0.04664,6.702693,,,,,,,,,,,,,,,,,,,,,,,,,,,,,,,,,,,,,,,,,,,,,,,,,,,,JSWENERGY_data,,2026-10-01
Stoch_Oversold + VWAP_Bull,Stoch_Oversold + VWAP_Bull,combo_2,60,momentum,Bullish,,,,,,,,,,,,,,,,,,0.8,0.02518,-0.05617,0.008909,0.168139,2.681,0.00952,0.00449,0.4833,1.361,0.1209,0.006766,60.0,0.00548,0.01268,0.01725,1.853398,,,,,,,,,,,,,,,,,,0.010548,0.166473,0.7722,2.582,0.95,1.678375,10,1.998144,0.00512,0.4556,0.1702,0,1,0.005288,0.00563,0.01573,0.02474,0.78266,0,0.75,0.03596,-0.05957,0.012074,0.177775,2.734,0.015,0.00763,0.4667,1.925,0.1635,0.005611,60.0,0.00563,0.01573,0.02474,1.998144,0.7667,0.03849,-0.08079,0.010661,0.153505,2.329,0.01218,0.00324,0.4167,2.358,0.1702,0.003487,60.0,0.00672,0.0199,0.03525,1.469817,,,,,,,,,,,,,,,,,,,,,,,,,,,,,,,,,,,,,,,,,,,,,,,,,,,,JSWENERGY_data,,2026-10-01
OBV_Rising + CCI_Exit_Oversold,OBV_Rising + CCI_Exit_Oversold,combo_2,54,momentum,Bullish,,,,,,,,,,,,,,,,,,0.7778,0.01432,-0.03992,0.002268,0.030017,2.343,0.00386,0.00016,0.463,1.387,0.1507,-0.000759,54.0,0.00778,0.01189,0.01601,0.281815,,,,,,,,,,,,,,,,,,0.008905,0.159048,0.784,2.869,0.9074,1.65935,15,6.860697,0.00543,0.4815,0.1507,0,1,0.007482,0.0157,0.03118,0.04584,0.57588,0,0.7407,0.02148,-0.05032,0.002861,0.017668,2.278,0.00312,-0.00537,0.4815,1.962,0.1042,0.002106,54.0,0.00876,0.01491,0.02311,0.161291,0.8333,0.03909,-0.0659,0.021587,0.429459,3.986,0.02375,0.0215,0.5,2.403,0.1435,0.021099,54.0,0.0157,0.03118,0.04584,6.860697,,,,,,,,,,,,,,,,,,,,,,,,,,,,,,,,,,,,,,,,,,,,,,,,,,,,JSWENERGY_data,,2026-10-01
MACD_Hist_Rising + CCI_Oversold,MACD_Hist_Rising + CCI_Oversold,combo_2,42,momentum,Bullish,,,,,,,,,,,,,,,,,,0.8095,0.02169,-0.05382,0.007311,0.166963,2.645,0.0087,0.00902,0.5238,1.471,0.1894,0.005553,42.0,0.00937,0.01435,0.02569,1.661268,,,,,,,,,,,,,,,,,,0.008757,0.158601,0.8254,2.805,0.9762,1.633697,15,2.690478,0.01076,0.5238,0.1894,0,1,0.007075,0.01127,0.02514,0.05066,0.54362,0,0.8333,0.02294,-0.07965,0.005839,0.072263,2.747,0.00597,0.0029,0.5,2.08,0.1122,0.001586,42.0,0.01127,0.02222,0.03026,0.746717,0.8333,0.03384,-0.09046,0.01312,0.236576,3.024,0.01667,0.02035,0.5476,2.547,0.1803,0.014085,42.0,0.01127,0.02514,0.05066,2.690478,,,,,,,,,,,,,,,,,,,,,,,,,,,,,,,,,,,,,,,,,,,,,,,,,,,,JSWENERGY_data,,2026-10-01
Price_Above_EMA200 + OBV_Trend_Bull,Price_Above_EMA200 + OBV_Trend_Bull,combo_2,51,trend,Bullish,,,,,,,,,,,,,,,,,,,,,,,,,,,,,,,,,,,,,,,,,,,,,,,,,,,,0.00297,0.163827,0.8366,2.507,0.9608,1.559241,30,2.769483,-0.00258,0.4902,0.1536,0,1,-0.003467,0.01824,0.03439,0.05055,0.32479,0,0.8627,0.01035,-0.06913,-0.000562,0.049995,3.131,0.00028,-0.00986,0.4902,1.874,0.1536,0.00073,51.0,0.01573,0.02028,0.02861,0.618586,,,,,,,,,,,,,,,,,,0.8235,0.02604,-0.12379,-0.000403,0.146252,2.016,0.00158,-0.00075,0.4902,2.65,0.1411,-0.007357,51.0,0.01824,0.03183,0.03497,1.164843,0.8235,0.04348,-0.14693,0.009876,0.295233,2.374,0.01107,0.00285,0.4902,3.245,0.1065,-0.003775,51.0,0.01824,0.03439,0.05055,2.769483,,,,,,,,,,,,,,,,,,JSWENERGY_data,,2026-10-01
MACD_Hist_Rising + CCI_Exit_Oversold,MACD_Hist_Rising + CCI_Exit_Oversold,combo_2,53,momentum,Bullish,,,,,,,,,,,,,,,,,,0.7547,0.01264,-0.03851,9.1e-05,-0.034897,2.055,0.00176,-0.00021,0.4906,1.431,0.1631,-0.00383,53.0,0.00767,0.0118,0.01544,-0.286037,,,,,,,,,,,,,,,,,,0.009179,0.15041,0.7673,2.743,0.9245,1.521576,15,6.305359,0.00783,0.4969,0.1631,0,1,0.006096,0.01089,0.0297,0.05063,0.7316,0,0.7358,0.02513,-0.05001,0.005284,0.06459,2.424,0.00528,0.00049,0.4906,2.024,0.0996,0.001843,53.0,0.0087,0.01459,0.03033,0.62467,0.8113,0.04255,-0.06551,0.022163,0.421538,3.75,0.02433,0.0232,0.5094,2.479,0.1386,0.020277,53.0,0.01089,0.0297,0.05063,6.305359,,,,,,,,,,,,,,,,,,,,,,,,,,,,,,,,,,,,,,,,,,,,,,,,,,,,JSWENERGY_data,,2026-10-01
BB_Expansion_Bull + Stoch_Cross_Up,BB_Expansion_Bull + Stoch_Cross_Up,combo_2,28,momentum,Bullish,,,,,,,,,,,,,,,,,,0.75,0.02079,-0.04308,0.004823,0.11622,2.377,0.00519,0.00816,0.5,1.52,0.1502,0.008073,27.0,0.00655,0.01667,0.01854,0.930168,,,,,,,,,,,,,,,,,,0.008587,0.169427,0.7381,2.554,0.9643,1.405305,10,1.7445,0.00684,0.4881,0.1576,0,1,0.004222,0.00655,0.01691,0.02999,0.90815,0,0.7143,0.03534,-0.05077,0.01074,0.223552,2.317,0.01068,0.00355,0.4643,2.15,0.1576,0.005438,27.0,0.00655,0.01691,0.02999,1.7445,0.75,0.03293,-0.05798,0.0102,0.168509,2.969,0.00941,0.00882,0.5,2.633,0.1561,-0.000844,27.0,0.00655,0.01889,0.03455,1.684737,,,,,,,,,,,,,,,,,,,,,,,,,,,,,,,,,,,,,,,,,,,,,,,,,,,,JSWENERGY_data,,2026-10-01
MACD_Zero_Cross_Up + OBV_Rising,MACD_Zero_Cross_Up + OBV_Rising,combo_2,19,momentum,Bullish,,,,,,,,,,,,,,,,,,0.8421,-0.00198,-0.05123,-0.009756,-0.237458,1.51,-0.00907,-0.00873,0.5263,1.311,0.3469,-0.011698,19.0,0.00794,0.02093,0.02725,-1.074286,,,,,,,,,,,,,,,,,,0.005615,0.108965,0.8772,3.836,0.9474,1.186145,15,8.308926,0.00094,0.4737,0.3803,0,1,-0.000963,0.02469,0.03273,0.04507,0.3286,0,0.8947,0.01866,-0.09004,0.007214,0.151888,3.272,0.00956,0.00257,0.4737,1.854,0.3803,-0.000835,19.0,0.02469,0.03022,0.03395,1.488848,0.8947,0.02968,-0.06809,0.019388,0.412464,6.724,0.02148,0.00898,0.4211,2.271,0.3084,0.009644,19.0,0.02469,0.03273,0.04507,8.308926,,,,,,,,,,,,,,,,,,,,,,,,,,,,,,,,,,,,,,,,,,,,,,,,,,,,JSWENERGY_data,,2026-10-01
Golden_Cross_State + Stoch_Cross_Up,Golden_Cross_State + Stoch_Cross_Up,combo_2,94,trend,Bullish,,,,,,,,,,,,,,,,,,,,,,,,,,,,,,,,,,,,,,,,,,,,,,,,,,,,0.005435,0.096028,0.7943,2.266,0.9468,0.938057,20,1.4613,-0.00429,0.4645,0.0743,0,1,0.00273,0.01217,0.0264,0.04446,0.87344,0,0.766,0.02485,-0.07234,0.002107,0.041294,2.039,0.00254,0.00327,0.5106,2.013,0.0732,0.002591,92.0,0.00573,0.01755,0.02578,0.383414,,,,,,,,,,,,,,,,,,0.7979,0.03735,-0.10888,0.007791,0.138807,2.312,0.0079,-0.01168,0.4255,2.847,0.0611,0.007021,92.0,0.01217,0.0264,0.04446,1.4613,0.8191,0.03553,-0.12553,0.006406,0.107984,2.446,0.00662,-0.00447,0.4574,3.487,0.0743,-0.001423,92.0,0.01317,0.03447,0.05676,1.202879,,,,,,,,,,,,,,,,,,JSWENERGY_data,,2026-10-01
Stoch_Oversold,Stoch_Oversold,single,61,mean_rev,Bullish,0.7869,0.01883,-0.04749,0.004694,0.056204,2.105,0.005,-0.0013,0.459,1.047,0.1149,0.002947,61.0,0.00489,0.01039,0.01593,0.488345,0.8033,0.02531,-0.05616,0.009279,0.187439,2.728,0.00989,0.00591,0.4754,1.352,0.1189,0.007032,61.0,0.00555,0.01288,0.01727,2.110471,0.7541,0.02512,-0.06055,0.004055,0.060627,2.095,0.00431,-0.01095,0.459,1.6,0.1162,0.000647,61.0,0.00555,0.01288,0.0206,0.524318,0.006009,0.101423,0.7814,2.31,0.9508,0.91924,5,2.110471,-0.00211,0.4645,0.1189,0,1,0.003542,0.00555,0.01288,0.01727,0.75587,0,,,,,,,,,,,,,,,,,,,,,,,,,,,,,,,,,,,,,,,,,,,,,,,,,,,,,,,,,,,,,,,,,,,,,,,,,,,,,,,,,,,,,,JSWENERGY_data,,2026-10-01
Price_Above_EMA200 + CDL_Harami_Bull,Price_Above_EMA200 + CDL_Harami_Bull,combo_2,30,trend,Bullish,,,,,,,,,,,,,,,,,,,,,,,,,,,,,,,,,,,,,,,,,,,,,,,,,,,,0.004322,0.09123,0.8556,3.019,0.9667,0.914233,20,6.504766,0.00375,0.5,0.1575,0,1,-0.009291,0.02974,0.04377,0.04928,0.43248,0,0.8333,0.00281,-0.05888,-0.007476,-0.210918,2.45,-0.00745,0.00507,0.5333,1.987,0.1339,-0.017437,29.0,0.0103,0.02119,0.02895,-1.774688,,,,,,,,,,,,,,,,,,0.8667,0.03411,-0.07669,0.019338,0.417573,4.536,0.01658,0.00368,0.4667,2.81,0.1504,0.004579,29.0,0.02974,0.04377,0.04928,6.504766,0.8667,0.02224,-0.13628,0.001104,0.067035,2.07,-0.0001,0.00249,0.5,3.442,0.1575,-0.015015,29.0,0.02974,0.04638,0.05482,0.47652,,,,,,,,,,,,,,,,,,JSWENERGY_data,,2026-10-01
Stoch_Cross_Up + CCI_Exit_Oversold,Stoch_Cross_Up + CCI_Exit_Oversold,combo_2,18,mean_rev,Bullish,0.6667,0.02387,-0.01547,0.010756,0.20736,3.536,0.0113,-0.00181,0.3889,1.102,0.3272,0.007859,18.0,0.00837,0.00938,0.01236,2.158656,0.6667,0.02227,-0.03583,0.002904,0.003425,2.195,0.005,-0.01269,0.4444,1.423,0.3627,0.000983,18.0,0.00999,0.01218,0.01283,0.022136,0.6667,0.02794,-0.03382,0.007351,0.060467,2.354,0.00829,0.02141,0.5556,1.684,0.2699,0.006946,18.0,0.01136,0.01448,0.016,0.419071,0.007004,0.090418,0.6667,2.695,1.0,0.71741,3,2.158656,0.0023,0.463,0.3627,0,1,0.005263,0.00837,0.00938,0.01236,0.96708,0,,,,,,,,,,,,,,,,,,,,,,,,,,,,,,,,,,,,,,,,,,,,,,,,,,,,,,,,,,,,,,,,,,,,,,,,,,,,,,,,,,,,,,JSWENERGY_data,,2026-10-01
Stoch_Cross_Up + CCI_Oversold,Stoch_Cross_Up + CCI_Oversold,combo_2,31,mean_rev,Bullish,0.9355,0.00734,-0.08987,0.001069,0.067706,3.002,0.00138,0.00033,0.4839,1.137,0.1551,-0.001368,31.0,0.01148,0.01812,0.02593,0.704348,0.9032,0.01467,-0.11593,0.002035,0.074292,2.361,0.00221,0.01336,0.6129,1.467,0.1822,0.001357,31.0,0.01148,0.01812,0.02694,0.607969,0.871,0.0199,-0.08583,0.006259,0.10095,2.833,0.00754,0.00776,0.5161,1.736,0.2238,0.000729,31.0,0.01148,0.01812,0.02694,0.991192,0.003121,0.080982,0.9032,2.732,0.9355,0.717307,7,0.991192,0.00715,0.5376,0.2238,0,1,0.000239,0.01148,0.01812,0.02694,0.0564,1,,,,,,,,,,,,,,,,,,,,,,,,,,,,,,,,,,,,,,,,,,,,,,,,,,,,,,,,,,,,,,,,,,,,,,,,,,,,,,,,,,,,,,JSWENERGY_data,,2026-10-01
EMA_Bullish_State + Price_Above_EMA200,EMA_Bullish_State + Price_Above_EMA200,combo_2,21,trend,Bullish,,,,,,,,,,,,,,,,,,,,,,,,,,,,,,,,,,,,,,,,,,,,,,,,,,,,0.008663,0.071162,0.8095,2.633,0.9048,0.524045,10,2.145807,-0.00447,0.4444,0.2395,0,1,-3.5e-05,0.00703,0.01824,0.01877,0.53484,0,0.7619,0.03304,-0.05719,0.011558,0.275967,2.516,0.01029,-0.01547,0.381,1.555,0.1943,0.009328,21.0,0.00703,0.01824,0.01877,2.145807,,,,,,,,,,,,,,,,,,0.8571,0.02667,-0.10274,0.00818,0.067245,3.061,0.00919,0.00558,0.4762,2.199,0.2395,-0.00424,21.0,0.01824,0.01877,0.03183,0.636268,0.8095,0.03677,-0.12345,0.006249,-0.129726,2.323,0.0056,-0.00352,0.4762,2.694,0.1581,-0.005193,21.0,0.01824,0.01877,0.03213,-0.931463,,,,,,,,,,,,,,,,,,JSWENERGY_data,,2026-10-01
CDL_DragonFlyDoji,CDL_DragonFlyDoji,single,18,candle,Bullish,0.6667,0.02079,-0.02999,0.003868,-0.010177,1.917,0.00504,-0.01411,0.4444,0.99,0.349,0.006081,18.0,0.00334,0.00518,0.00769,-0.057443,0.8333,0.03005,-0.03312,0.019524,0.362374,6.284,0.01957,0.0031,0.3889,1.278,0.2369,0.021976,18.0,0.00553,0.01022,0.01554,6.705005,,,,,,,,,,,,,,,,,,0.006226,0.063099,0.7037,3.113,0.7778,0.449799,5,6.705005,-0.00665,0.3889,0.349,0,1,0.007843,0.00553,0.01022,0.01554,0.61473,0,,,,,,,,,,,,,,,,,,,,,,,,,,,,,,,,,,,,,,,,,,,,,,,,,,,,,,,,,,,,,,,,,,,,,0.6111,0.01032,-0.02833,-0.004712,-0.1629,1.137,-0.00456,-0.00895,0.3333,0.809,0.3215,-0.004528,18.0,0.00334,0.00518,0.00755,-0.545426,JSWENERGY_data,,2026-10-01
Golden_Cross_State + CDL_Harami_Bull,Golden_Cross_State + CDL_Harami_Bull,combo_2,32,trend,Bullish,,,,,,,,,,,,,,,,,,,,,,,,,,,,,,,,,,,,,,,,,,,,,,,,,,,,0.001499,0.049447,0.8333,2.32,0.9688,0.388524,20,3.391543,0.00234,0.5104,0.1699,0,1,-0.010643,0.02252,0.04621,0.0506,0.56273,0,0.8125,0.00889,-0.06762,-0.005459,-0.145895,2.181,-0.0043,0.0074,0.5312,1.995,0.1699,-0.014706,31.0,0.0093,0.0199,0.02747,-1.112689,,,,,,,,,,,,,,,,,,0.8438,0.03554,-0.10155,0.014118,0.332763,2.915,0.0125,-0.00286,0.4688,2.822,0.1414,0.00041,31.0,0.02252,0.04621,0.0506,3.391543,0.8438,0.02042,-0.13693,-0.004163,-0.038527,1.863,-0.00484,0.00249,0.5312,3.456,0.1394,-0.017632,31.0,0.02252,0.04975,0.05668,-0.250948,,,,,,,,,,,,,,,,,,JSWENERGY_data,,2026-10-01
RSI_Cross50_Up + MACD_Hist_Positive,RSI_Cross50_Up + MACD_Hist_Positive,combo_2,31,momentum,Bullish,,,,,,,,,,,,,,,,,,0.7419,0.02387,-0.04258,0.006721,0.213261,2.354,0.00705,-0.00659,0.4194,1.341,0.2213,0.005068,31.0,0.0053,0.00972,0.01735,1.740045,,,,,,,,,,,,,,,,,,0.002668,0.0495,0.7742,2.165,0.9355,0.3474,5,1.740045,0.00161,0.5054,0.309,0,1,0.002928,0.0053,0.00972,0.01735,0.7104,0,0.8065,0.01633,-0.05482,0.002558,0.040584,2.648,0.00489,0.00757,0.5484,1.896,0.309,0.004392,31.0,0.00972,0.0196,0.03327,0.372483,0.7742,0.02608,-0.09506,-0.001274,-0.105346,1.492,-0.00102,0.00385,0.5484,2.322,0.2411,-0.000676,31.0,0.00972,0.02284,0.03585,-0.544568,,,,,,,,,,,,,,,,,,,,,,,,,,,,,,,,,,,,,,,,,,,,,,,,,,,,JSWENERGY_data,,2026-10-01
RSI_Cross50_Up + MACD_Bullish_State,RSI_Cross50_Up + MACD_Bullish_State,combo_2,31,momentum,Bullish,,,,,,,,,,,,,,,,,,0.7419,0.02387,-0.04258,0.006721,0.213261,2.354,0.00705,-0.00659,0.4194,1.341,0.2213,0.005068,31.0,0.0053,0.00972,0.01735,1.740045,,,,,,,,,,,,,,,,,,0.002668,0.0495,0.7742,2.165,0.9355,0.3474,5,1.740045,0.00161,0.5054,0.309,0,1,0.002928,0.0053,0.00972,0.01735,0.7104,0,0.8065,0.01633,-0.05482,0.002558,0.040584,2.648,0.00489,0.00757,0.5484,1.896,0.309,0.004392,31.0,0.00972,0.0196,0.03327,0.372483,0.7742,0.02608,-0.09506,-0.001274,-0.105346,1.492,-0.00102,0.00385,0.5484,2.322,0.2411,-0.000676,31.0,0.00972,0.02284,0.03585,-0.544568,,,,,,,,,,,,,,,,,,,,,,,,,,,,,,,,,,,,,,,,,,,,,,,,,,,,JSWENERGY_data,,2026-10-01
OBV_Trend_Bull + Williams_Oversold,OBV_Trend_Bull + Williams_Oversold,combo_2,20,momentum,Bullish,,,,,,,,,,,,,,,,,,0.8,0.00352,-0.09795,-0.016771,-0.384913,1.226,-0.01553,-0.00987,0.5,1.459,0.3003,-0.015028,20.0,0.00278,0.01342,0.01673,-1.436771,,,,,,,,,,,,,,,,,,0.003827,0.065607,0.75,1.696,0.9,0.30488,15,3.551414,-0.01009,0.4667,0.3003,0,1,0.00132,0.01028,0.01628,0.02733,0.74952,0,0.75,0.04704,-0.12749,0.003403,0.041435,1.703,0.00361,-0.00207,0.5,2.063,0.2387,0.000615,20.0,0.01028,0.0151,0.02221,0.214818,0.7,0.08728,-0.12082,0.024849,0.540299,2.159,0.02463,-0.01833,0.4,2.527,0.1908,0.018373,20.0,0.01028,0.01628,0.02733,3.551414,,,,,,,,,,,,,,,,,,,,,,,,,,,,,,,,,,,,,,,,,,,,,,,,,,,,JSWENERGY_data,,2026-10-01
Stoch_Cross_Up + Williams_Oversold,Stoch_Cross_Up + Williams_Oversold,combo_2,24,mean_rev,Bullish,0.8333,0.01502,-0.05975,0.002558,0.140116,2.079,0.00298,-0.00052,0.4583,1.169,0.2116,-0.001873,24.0,0.00715,0.01234,0.01765,0.937649,0.7917,0.02084,-0.08441,-0.001089,0.006767,1.667,-0.00091,0.01629,0.5833,1.51,0.2133,-0.002397,24.0,0.00715,0.01383,0.01791,0.036303,0.7083,0.03075,-0.06984,0.001409,0.033805,1.493,0.00329,0.01078,0.625,1.786,0.2927,-0.002524,24.0,0.00744,0.01383,0.01791,0.16248,0.00096,0.060229,0.7778,1.746,0.875,0.296235,3,0.937649,0.00885,0.5556,0.2927,0,1,-0.002264,0.00715,0.01234,0.01765,0.54133,0,,,,,,,,,,,,,,,,,,,,,,,,,,,,,,,,,,,,,,,,,,,,,,,,,,,,,,,,,,,,,,,,,,,,,,,,,,,,,,,,,,,,,,JSWENERGY_data,,2026-10-01
Stoch_Oversold + OBV_Rising,Stoch_Oversold + OBV_Rising,combo_2,50,momentum,Bullish,,,,,,,,,,,,,,,,,,0.8,0.00906,-0.05792,-0.004334,-0.069401,1.922,-0.00442,-0.0062,0.5,1.359,0.144,-0.005745,50.0,0.00881,0.01247,0.01751,-0.524335,,,,,,,,,,,,,,,,,,-0.000268,0.022639,0.7933,1.93,0.98,0.168366,15,1.235735,-0.00202,0.5,0.2152,0,1,-0.003826,0.01142,0.01656,0.03904,0.7551,0,0.8,0.01816,-0.08283,-0.002035,-0.024786,1.93,0.00179,0.00939,0.56,1.921,0.2152,-0.005193,50.0,0.00898,0.01579,0.02444,-0.188081,0.78,0.03555,-0.10074,0.005564,0.162103,1.939,0.00568,-0.00926,0.44,2.353,0.1796,-0.00054,50.0,0.01142,0.01656,0.03904,1.235735,,,,,,,,,,,,,,,,,,,,,,,,,,,,,,,,,,,,,,,,,,,,,,,,,,,,JSWENERGY_data,,2026-10-01
MACD_Hist_Positive + CDL_Bullish3Outside,MACD_Hist_Positive + CDL_Bullish3Outside,combo_2,11,momentum,Bullish,,,,,,,,,,,,,,,,,,0.9091,0.00931,-0.03967,0.004859,0.154231,8.841,0.00416,0.00868,0.6364,1.481,0.2714,0.00528,11.0,0.0291,0.03313,0.035,3.388434,,,,,,,,,,,,,,,,,,-0.000227,0.006363,0.9394,8.841,0.9091,0.127085,5,3.388434,0.01512,0.6061,0.291,0,1,-0.009968,0.0291,0.03313,0.035,0.13079,0,0.9091,-0.00104,0.01943,0.000818,0.059128,,0.00018,0.03283,0.6364,2.095,0.245,-0.00814,11.0,0.0291,0.03313,0.03762,0.146928,1.0,-0.00636,0.0,-0.006357,-0.194271,,-0.00879,0.00385,0.5455,2.566,0.291,-0.027045,11.0,0.03244,0.03313,0.03762,-0.482744,,,,,,,,,,,,,,,,,,,,,,,,,,,,,,,,,,,,,,,,,,,,,,,,,,,,JSWENERGY_data,,2026-10-01
MACD_Bullish_State + CDL_Bullish3Outside,MACD_Bullish_State + CDL_Bullish3Outside,combo_2,11,momentum,Bullish,,,,,,,,,,,,,,,,,,0.9091,0.00931,-0.03967,0.004859,0.154231,8.841,0.00416,0.00868,0.6364,1.481,0.2714,0.00528,11.0,0.0291,0.03313,0.035,3.388434,,,,,,,,,,,,,,,,,,-0.000227,0.006363,0.9394,8.841,0.9091,0.127085,5,3.388434,0.01512,0.6061,0.291,0,1,-0.009968,0.0291,0.03313,0.035,0.13079,0,0.9091,-0.00104,0.01943,0.000818,0.059128,,0.00018,0.03283,0.6364,2.095,0.245,-0.00814,11.0,0.0291,0.03313,0.03762,0.146928,1.0,-0.00636,0.0,-0.006357,-0.194271,,-0.00879,0.00385,0.5455,2.566,0.291,-0.027045,11.0,0.03244,0.03313,0.03762,-0.482744,,,,,,,,,,,,,,,,,,,,,,,,,,,,,,,,,,,,,,,,,,,,,,,,,,,,JSWENERGY_data,,2026-10-01
Golden_Cross_State + CCI_Oversold,Golden_Cross_State + CCI_Oversold,combo_2,36,trend,Bullish,,,,,,,,,,,,,,,,,,,,,,,,,,,,,,,,,,,,,,,,,,,,,,,,,,,,0.007035,0.001821,0.9074,3.571,0.9722,0.022835,10,2.879949,0.01188,0.5278,0.1893,0,1,0.004318,0.02193,0.03052,0.04208,0.10777,0,0.9167,0.01913,-0.0918,0.00989,0.154538,5.161,0.0096,0.00797,0.5,2.057,0.1085,0.007931,36.0,0.02193,0.03052,0.04208,2.879949,,,,,,,,,,,,,,,,,,0.9167,0.02807,-0.1815,0.010606,0.070785,3.11,0.01356,0.01317,0.5278,2.909,0.1777,0.012512,36.0,0.02586,0.04592,0.04916,0.794978,0.8889,0.02404,-0.18684,0.000609,-0.219859,2.442,0.0033,0.01451,0.5556,3.563,0.1893,-0.007489,36.0,0.02586,0.04887,0.07179,-1.938474,,,,,,,,,,,,,,,,,,JSWENERGY_data,,2026-10-01
OBV_Rising + Williams_Oversold,OBV_Rising + Williams_Oversold,combo_2,31,momentum,Bullish,,,,,,,,,,,,,,,,,,0.7097,0.02279,-0.05429,0.00041,0.025547,1.695,0.0016,0.00083,0.5161,1.481,0.2599,-0.00026,31.0,0.00727,0.00917,0.01334,0.150111,,,,,,,,,,,,,,,,,,-0.000364,0.002666,0.7527,1.492,0.9355,0.012893,10,0.642287,-0.00286,0.5161,0.2599,0,1,0.000283,0.00806,0.01334,0.02976,0.84158,0,0.7742,0.03866,-0.11158,0.004733,0.124146,1.493,0.00492,0.00895,0.5806,2.094,0.1544,0.004492,31.0,0.00806,0.01334,0.02976,0.642287,0.7742,0.02758,-0.12218,-0.006236,-0.141696,1.287,-0.00541,-0.01835,0.4516,2.565,0.2002,-0.003383,31.0,0.00806,0.01334,0.04099,-0.632075,,,,,,,,,,,,,,,,,,,,,,,,,,,,,,,,,,,,,,,,,,,,,,,,,,,,JSWENERGY_data,,2026-10-01
MACD_Zero_Cross_Up + VWAP_Bull,MACD_Zero_Cross_Up + VWAP_Bull,combo_2,23,momentum,Bullish,,,,,,,,,,,,,,,,,,0.8261,-0.00213,-0.04644,-0.009834,-0.246891,1.271,-0.00914,-0.00873,0.5217,1.271,0.3363,-0.011011,23.0,0.01074,0.0163,0.02341,-0.997555,,,,,,,,,,,,,,,,,,0.001927,0.000805,0.8551,3.243,0.9565,0.007936,15,4.995013,-0.00232,0.4638,0.3709,0,1,-0.000368,0.0203,0.0313,0.03652,0.40929,0,0.8696,0.01225,-0.07021,0.001493,-0.029493,2.82,0.00386,-0.0022,0.4783,1.798,0.3709,-0.000486,23.0,0.0203,0.02945,0.03107,-0.264344,0.8696,0.02471,-0.05646,0.014123,0.278799,5.637,0.01624,0.00398,0.3913,2.202,0.297,0.010391,23.0,0.0203,0.0313,0.03652,4.995013,,,,,,,,,,,,,,,,,,,,,,,,,,,,,,,,,,,,,,,,,,,,,,,,,,,,JSWENERGY_data,,2026-10-01
MACD_Zero_Cross_Up,MACD_Zero_Cross_Up,single,23,momentum,Bullish,,,,,,,,,,,,,,,,,,0.8261,-0.00213,-0.04644,-0.009834,-0.246891,1.271,-0.00914,-0.00873,0.5217,1.271,0.3363,-0.011011,23.0,0.01074,0.0163,0.02341,-0.997555,,,,,,,,,,,,,,,,,,0.001927,0.000805,0.8551,3.243,0.9565,0.007936,15,4.995013,-0.00232,0.4638,0.3709,0,1,-0.000368,0.0203,0.0313,0.03652,0.40929,0,0.8696,0.01225,-0.07021,0.001493,-0.029493,2.82,0.00386,-0.0022,0.4783,1.798,0.3709,-0.000486,23.0,0.0203,0.02945,0.03107,-0.264344,0.8696,0.02471,-0.05646,0.014123,0.278799,5.637,0.01624,0.00398,0.3913,2.202,0.297,0.010391,23.0,0.0203,0.0313,0.03652,4.995013,,,,,,,,,,,,,,,,,,,,,,,,,,,,,,,,,,,,,,,,,,,,,,,,,,,,JSWENERGY_data,,2026-10-01
RSI_Bull_Momentum + MACD_Zero_Cross_Up,RSI_Bull_Momentum + MACD_Zero_Cross_Up,combo_2,23,momentum,Bullish,,,,,,,,,,,,,,,,,,0.8261,-0.00213,-0.04644,-0.009834,-0.246891,1.271,-0.00914,-0.00873,0.5217,1.271,0.3363,-0.011011,23.0,0.01074,0.0163,0.02341,-0.997555,,,,,,,,,,,,,,,,,,0.001927,0.000805,0.8551,3.243,0.9565,0.007936,15,4.995013,-0.00232,0.4638,0.3709,0,1,-0.000368,0.0203,0.0313,0.03652,0.40929,0,0.8696,0.01225,-0.07021,0.001493,-0.029493,2.82,0.00386,-0.0022,0.4783,1.798,0.3709,-0.000486,23.0,0.0203,0.02945,0.03107,-0.264344,0.8696,0.02471,-0.05646,0.014123,0.278799,5.637,0.01624,0.00398,0.3913,2.202,0.297,0.010391,23.0,0.0203,0.0313,0.03652,4.995013,,,,,,,,,,,,,,,,,,,,,,,,,,,,,,,,,,,,,,,,,,,,,,,,,,,,JSWENERGY_data,,2026-10-01
Price_Above_SMA20 + MACD_Zero_Cross_Up,Price_Above_SMA20 + MACD_Zero_Cross_Up,combo_2,23,momentum,Bullish,,,,,,,,,,,,,,,,,,0.8261,-0.00213,-0.04644,-0.009834,-0.246891,1.271,-0.00914,-0.00873,0.5217,1.271,0.3363,-0.011011,23.0,0.01074,0.0163,0.02341,-0.997555,,,,,,,,,,,,,,,,,,0.001927,0.000805,0.8551,3.243,0.9565,0.007936,15,4.995013,-0.00232,0.4638,0.3709,0,1,-0.000368,0.0203,0.0313,0.03652,0.40929,0,0.8696,0.01225,-0.07021,0.001493,-0.029493,2.82,0.00386,-0.0022,0.4783,1.798,0.3709,-0.000486,23.0,0.0203,0.02945,0.03107,-0.264344,0.8696,0.02471,-0.05646,0.014123,0.278799,5.637,0.01624,0.00398,0.3913,2.202,0.297,0.010391,23.0,0.0203,0.0313,0.03652,4.995013,,,,,,,,,,,,,,,,,,,,,,,,,,,,,,,,,,,,,,,,,,,,,,,,,,,,JSWENERGY_data,,2026-10-01
Golden_Cross_State + OBV_Rising,Golden_Cross_State + OBV_Rising,combo_2,175,trend,Bullish,,,,,,,,,,,,,,,,,,,,,,,,,,,,,,,,,,,,,,,,,,,,,,,,,,,,0.001172,-0.007902,0.7943,2.102,0.9829,-0.084394,30,0.738788,-0.00617,0.4629,0.0472,0,1,-0.003041,0.01685,0.03028,0.05212,0.87361,0,0.8,0.0142,-0.07521,-0.00368,-0.111805,2.094,-0.00369,-0.00597,0.4971,1.995,0.043,-0.006657,172.0,0.0092,0.01953,0.02639,-1.210671,,,,,,,,,,,,,,,,,,0.7829,0.03314,-0.10869,0.002338,0.024098,1.978,0.00241,-0.0075,0.4171,2.821,0.0318,-0.001028,172.0,0.01585,0.02645,0.04564,0.246444,0.8,0.03779,-0.12688,0.004858,0.064,2.233,0.00552,-0.00503,0.4743,3.455,0.0472,-0.00144,172.0,0.01685,0.03028,0.05212,0.738788,,,,,,,,,,,,,,,,,,JSWENERGY_data,,2026-10-01
Price_Above_EMA200 + CCI_Exit_Oversold,Price_Above_EMA200 + CCI_Exit_Oversold,combo_2,31,trend,Bullish,,,,,,,,,,,,,,,,,,,,,,,,,,,,,,,,,,,,,,,,,,,,,,,,,,,,0.002382,-0.050785,0.8172,1.912,0.8065,-0.271348,20,1.001074,0.00432,0.5054,0.238,0,1,-0.003839,0.0202,0.03966,0.05588,0.32675,0,0.7097,0.01993,-0.05708,-0.002427,-0.086368,1.616,-0.00341,-0.00749,0.4516,2.065,0.157,-0.002568,31.0,0.00856,0.01555,0.02324,-0.483825,,,,,,,,,,,,,,,,,,0.8387,0.03384,-0.11033,0.010588,0.134702,2.144,0.01148,0.01979,0.5484,2.921,0.2077,0.005654,31.0,0.0202,0.03966,0.05588,1.001074,0.9032,0.02026,-0.19955,-0.001015,-0.200688,1.974,-0.00042,0.00066,0.5161,3.577,0.238,-0.014602,31.0,0.03966,0.05854,0.06928,-1.37325,,,,,,,,,,,,,,,,,,JSWENERGY_data,,2026-10-01
CCI_Exit_Oversold,CCI_Exit_Oversold,single,59,mean_rev,Bullish,0.7627,0.01173,-0.03533,0.000566,-0.056562,1.846,0.00108,-0.00266,0.4746,1.067,0.1187,-0.000955,59.0,0.00669,0.00855,0.01243,-0.427441,0.7458,0.01285,-0.03657,0.000287,-0.032863,2.046,0.00163,-0.00767,0.4407,1.378,0.1507,-0.002099,59.0,0.00669,0.01121,0.01538,-0.275311,0.7119,0.01875,-0.03896,0.002124,-0.023426,1.812,0.00185,0.00715,0.5254,1.631,0.1127,-0.000815,59.0,0.00669,0.01218,0.0162,-0.173826,0.000992,-0.037617,0.7401,1.901,0.9492,-0.277955,7,-0.173826,-0.00106,0.4802,0.1507,0,1,-0.00129,0.00669,0.01218,0.0162,0.89307,0,,,,,,,,,,,,,,,,,,,,,,,,,,,,,,,,,,,,,,,,,,,,,,,,,,,,,,,,,,,,,,,,,,,,,,,,,,,,,,,,,,,,,,JSWENERGY_data,,2026-10-01
MACD_Hist_Rising + Williams_Oversold,MACD_Hist_Rising + Williams_Oversold,combo_2,27,momentum,Bullish,,,,,,,,,,,,,,,,,,0.7778,0.01598,-0.06864,-0.002824,-0.200057,1.773,-0.00145,-0.00681,0.4815,1.46,0.2955,0.001553,27.0,0.00314,0.00967,0.01628,-1.182141,,,,,,,,,,,,,,,,,,-0.000676,-0.108749,0.7284,1.529,0.9259,-0.513111,15,-0.213856,-0.01257,0.4568,0.2955,0,1,0.004103,0.00629,0.01239,0.02085,0.83312,0,0.7037,0.03204,-0.07992,-0.001131,-0.084114,1.289,-0.00048,-0.01167,0.4444,2.065,0.21,0.001934,27.0,0.00629,0.01239,0.02085,-0.361333,0.7037,0.04064,-0.09003,0.001926,-0.042077,1.525,0.00261,-0.01923,0.4444,2.529,0.2194,0.008823,27.0,0.00629,0.01239,0.02085,-0.213856,,,,,,,,,,,,,,,,,,,,,,,,,,,,,,,,,,,,,,,,,,,,,,,,,,,,JSWENERGY_data,,2026-10-01
RSI_Bull_Momentum + BB_Expansion_Bull,RSI_Bull_Momentum + BB_Expansion_Bull,combo_2,26,momentum,Bullish,,,,,,,,,,,,,,,,,,0.8077,0.01549,-0.05611,0.001724,0.10964,1.78,0.00152,0.01076,0.5385,1.444,0.1993,0.001441,26.0,0.00667,0.01666,0.03123,0.643291,,,,,,,,,,,,,,,,,,-0.005261,-0.106846,0.7821,1.543,0.9615,-0.522422,5,0.643291,-0.00237,0.5128,0.2436,0,1,-0.005871,0.00667,0.01666,0.03123,0.71925,0,0.7692,0.01295,-0.05501,-0.00273,-0.058891,1.863,-0.00379,-0.0001,0.5385,2.043,0.2011,-0.003856,26.0,0.00667,0.01865,0.03519,-0.361684,0.7692,0.02127,-0.13493,-0.014778,-0.371287,0.985,-0.01653,-0.01777,0.4615,2.502,0.2436,-0.015199,26.0,0.01038,0.02944,0.03583,-1.2237,,,,,,,,,,,,,,,,,,,,,,,,,,,,,,,,,,,,,,,,,,,,,,,,,,,,JSWENERGY_data,,2026-10-01
Golden_Cross_State + MACD_Hist_Positive,Golden_Cross_State + MACD_Hist_Positive,combo_2,35,trend,Bullish,,,,,,,,,,,,,,,,,,,,,,,,,,,,,,,,,,,,,,,,,,,,,,,,,,,,0.000929,-0.072079,0.7905,2.403,0.9143,-0.56741,20,0.202748,-0.0179,0.4381,0.2204,0,1,-0.00193,0.01732,0.02958,0.03995,0.77083,0,0.7429,0.01627,-0.06126,-0.003666,-0.09809,1.881,-0.00412,-0.02373,0.4571,1.947,0.1913,-0.003154,35.0,0.00679,0.01606,0.02552,-0.661256,,,,,,,,,,,,,,,,,,0.8,0.02939,-0.09985,0.003545,0.024186,2.339,0.00144,-0.01122,0.4286,2.753,0.131,-0.000319,35.0,0.01732,0.02958,0.03995,0.202748,0.8286,0.02684,-0.11279,0.002908,-0.142333,2.988,0.00256,-0.01875,0.4286,3.372,0.2204,-0.002317,35.0,0.02098,0.03565,0.04243,-1.523843,,,,,,,,,,,,,,,,,,JSWENERGY_data,,2026-10-01
Golden_Cross_State + MACD_Bullish_State,Golden_Cross_State + MACD_Bullish_State,combo_2,35,trend,Bullish,,,,,,,,,,,,,,,,,,,,,,,,,,,,,,,,,,,,,,,,,,,,,,,,,,,,0.000929,-0.072079,0.7905,2.403,0.9143,-0.56741,20,0.202748,-0.0179,0.4381,0.2204,0,1,-0.00193,0.01732,0.02958,0.03995,0.77083,0,0.7429,0.01627,-0.06126,-0.003666,-0.09809,1.881,-0.00412,-0.02373,0.4571,1.947,0.1913,-0.003154,35.0,0.00679,0.01606,0.02552,-0.661256,,,,,,,,,,,,,,,,,,0.8,0.02939,-0.09985,0.003545,0.024186,2.339,0.00144,-0.01122,0.4286,2.753,0.131,-0.000319,35.0,0.01732,0.02958,0.03995,0.202748,0.8286,0.02684,-0.11279,0.002908,-0.142333,2.988,0.00256,-0.01875,0.4286,3.372,0.2204,-0.002317,35.0,0.02098,0.03565,0.04243,-1.523843,,,,,,,,,,,,,,,,,,JSWENERGY_data,,2026-10-01
CDL_Engulfing_Bull,CDL_Engulfing_Bull,single,43,candle,Bullish,0.8049,0.01017,-0.0481,-0.0012,-0.078421,1.643,-0.00083,-0.0079,0.4634,1.026,0.1962,0.00059,41.0,0.0035,0.00907,0.01214,-0.487527,0.7805,0.00869,-0.04628,-0.003376,-0.162548,2.226,-0.00346,-0.01255,0.4146,1.324,0.1384,0.000663,41.0,0.0035,0.00966,0.01837,-1.369357,,,,,,,,,,,,,,,,,,-0.001631,-0.090747,0.7886,1.867,0.9756,-0.625589,2,-0.205056,-0.00923,0.4553,0.1962,0,1,0.001159,-0.00018,0.00745,0.00966,0.66362,0,,,,,,,,,,,,,,,,,,,,,,,,,,,,,,,,,,,,,,,,,,,,,,,,,,,,,,,,,,,,,,,,,,,,,0.7805,0.00854,-0.03182,-0.000317,-0.031271,1.733,-1e-05,-0.00725,0.4878,0.837,0.1736,0.002224,41.0,-0.00018,0.00745,0.00966,-0.205056,JSWENERGY_data,,2026-10-01
Golden_Cross_State + MACD_Cross_Up_Event,Golden_Cross_State + MACD_Cross_Up_Event,combo_2,32,trend,Bullish,,,,,,,,,,,,,,,,,,,,,,,,,,,,,,,,,,,,,,,,,,,,,,,,,,,,0.00094,-0.080199,0.8229,2.669,0.9688,-0.725036,10,0.118836,-0.01558,0.4479,0.2361,0,1,-0.003687,0.01225,0.02069,0.03709,0.69203,0,0.8125,0.01629,-0.06795,0.000492,0.013382,2.54,4e-05,-0.01293,0.4688,1.962,0.1913,3.3e-05,32.0,0.01225,0.02069,0.03709,0.118836,,,,,,,,,,,,,,,,,,0.8125,0.02631,-0.11475,-0.00014,-0.075847,2.173,-0.00224,-0.01165,0.4375,2.775,0.1432,-0.006527,32.0,0.01882,0.0317,0.04003,-0.576223,0.8438,0.02416,-0.11468,0.002469,-0.178131,3.294,0.00212,-0.02217,0.4375,3.399,0.2361,-0.004566,32.0,0.02541,0.03705,0.04328,-2.051864,,,,,,,,,,,,,,,,,,JSWENERGY_data,,2026-10-01
BB_Expansion_Bull + Stoch_Bull_Zone,BB_Expansion_Bull + Stoch_Bull_Zone,combo_2,24,momentum,Bullish,,,,,,,,,,,,,,,,,,0.8333,0.00201,-0.05285,-0.00713,-0.116036,2.216,-0.00699,-0.01542,0.4583,1.579,0.1825,-0.006,23.0,0.01667,0.0173,0.03374,-0.827672,,,,,,,,,,,,,,,,,,-0.005869,-0.105349,0.8056,2.251,0.9583,-0.731362,10,-0.292813,-0.01096,0.4861,0.2115,0,1,-0.008546,0.01685,0.02517,0.03705,0.60297,0,0.7917,0.0121,-0.05301,-0.001465,-0.03602,2.525,-0.00229,0.00088,0.5417,2.233,0.192,-0.006705,23.0,0.01685,0.02517,0.03705,-0.292813,0.7917,0.01182,-0.08816,-0.009012,-0.163992,2.01,-0.00791,-0.01835,0.4583,2.734,0.2115,-0.012933,23.0,0.01883,0.03242,0.0376,-1.061059,,,,,,,,,,,,,,,,,,,,,,,,,,,,,,,,,,,,,,,,,,,,,,,,,,,,JSWENERGY_data,,2026-10-01
Stoch_Oversold + OBV_Trend_Bull,Stoch_Oversold + OBV_Trend_Bull,combo_2,30,momentum,Bullish,,,,,,,,,,,,,,,,,,0.7333,0.00646,-0.06403,-0.012339,-0.22764,1.348,-0.01165,-0.02181,0.4333,1.405,0.2424,-0.012526,30.0,0.00357,0.01141,0.01531,-1.054132,,,,,,,,,,,,,,,,,,-0.009084,-0.16379,0.7111,1.478,0.9333,-0.775884,15,0.006074,-0.02274,0.4444,0.3197,0,1,-0.014781,0.00357,0.01141,0.01927,0.93691,0,0.7333,0.02141,-0.10923,-0.013429,-0.264805,1.439,-0.00933,-0.02808,0.5,1.987,0.3197,-0.018032,30.0,0.00357,0.01141,0.01927,-1.308222,0.6667,0.04388,-0.09221,-0.001484,0.001074,1.647,-0.00011,-0.01833,0.4,2.434,0.2971,-0.013784,30.0,0.00357,0.01141,0.01927,0.006074,,,,,,,,,,,,,,,,,,,,,,,,,,,,,,,,,,,,,,,,,,,,,,,,,,,,JSWENERGY_data,,2026-10-01
OBV_Trend_Bull + CDL_Engulfing_Bull,OBV_Trend_Bull + CDL_Engulfing_Bull,combo_2,24,momentum,Bullish,,,,,,,,,,,,,,,,,,0.875,0.01129,-0.09114,-0.001511,0.014023,2.538,-0.00159,-0.0099,0.4167,1.392,0.1856,0.0027,24.0,0.01128,0.02341,0.02732,0.114541,,,,,,,,,,,,,,,,,,-0.00483,-0.068139,0.875,3.58,1.0,-0.785116,5,0.114541,-0.01433,0.4583,0.2463,0,1,-0.003183,0.01128,0.02341,0.02732,0.37354,0,0.875,0.00732,-0.0774,-0.003273,0.00179,3.909,-0.00176,-0.01946,0.4583,1.969,0.2375,-0.001668,24.0,0.01274,0.02436,0.0327,0.022522,0.875,-5e-05,-0.07732,-0.009706,-0.220231,4.293,-0.01129,-0.01365,0.5,2.411,0.2463,-0.010582,24.0,0.01274,0.02597,0.03411,-3.042948,,,,,,,,,,,,,,,,,,,,,,,,,,,,,,,,,,,,,,,,,,,,,,,,,,,,JSWENERGY_data,,2026-10-01
OBV_Rising + CDL_Engulfing_Bull,OBV_Rising + CDL_Engulfing_Bull,combo_2,43,momentum,Bullish,,,,,,,,,,,,,,,,,,0.7805,0.00869,-0.04628,-0.003376,-0.162548,2.226,-0.00346,-0.01255,0.4146,1.324,0.1384,0.000663,41.0,0.0035,0.00966,0.01837,-1.369357,,,,,,,,,,,,,,,,,,0.001682,-0.082026,0.7805,2.807,1.0,-0.871184,15,-0.259325,-0.00902,0.439,0.1443,0,1,0.004713,0.00825,0.01814,0.02524,0.83654,0,0.7805,0.01782,-0.05614,0.001587,-0.061983,3.013,0.00216,-0.01765,0.439,1.872,0.1443,0.004246,41.0,0.00745,0.01112,0.02354,-0.706772,0.7805,0.02723,-0.06568,0.006836,-0.021547,3.18,0.00522,0.00315,0.4634,2.293,0.1305,0.00923,41.0,0.00825,0.01814,0.02524,-0.259325,,,,,,,,,,,,,,,,,,,,,,,,,,,,,,,,,,,,,,,,,,,,,,,,,,,,JSWENERGY_data,,2026-10-01
VWAP_Bull + CDL_Engulfing_Bull,VWAP_Bull + CDL_Engulfing_Bull,combo_2,43,momentum,Bullish,,,,,,,,,,,,,,,,,,0.7805,0.00869,-0.04628,-0.003376,-0.162548,2.226,-0.00346,-0.01255,0.4146,1.324,0.1384,0.000663,41.0,0.0035,0.00966,0.01837,-1.369357,,,,,,,,,,,,,,,,,,0.001682,-0.082026,0.7805,2.807,1.0,-0.871184,15,-0.259325,-0.00902,0.439,0.1443,0,1,0.004713,0.00825,0.01814,0.02524,0.83654,0,0.7805,0.01782,-0.05614,0.001587,-0.061983,3.013,0.00216,-0.01765,0.439,1.872,0.1443,0.004246,41.0,0.00745,0.01112,0.02354,-0.706772,0.7805,0.02723,-0.06568,0.006836,-0.021547,3.18,0.00522,0.00315,0.4634,2.293,0.1305,0.00923,41.0,0.00825,0.01814,0.02524,-0.259325,,,,,,,,,,,,,,,,,,,,,,,,,,,,,,,,,,,,,,,,,,,,,,,,,,,,JSWENERGY_data,,2026-10-01
Stoch_Oversold + Stoch_Cross_Up,Stoch_Oversold + Stoch_Cross_Up,combo_2,33,mean_rev,Bullish,0.8485,0.00654,-0.06179,-0.003808,-0.045108,1.595,-0.00341,-0.00145,0.5455,1.122,0.1683,-0.005175,33.0,0.00689,0.01155,0.01644,-0.253781,0.8182,0.00599,-0.0817,-0.009957,-0.291767,1.405,-0.00978,0.00619,0.5152,1.449,0.2157,-0.009875,33.0,0.00689,0.01205,0.01755,-1.445272,0.7576,0.00275,-0.06453,-0.013562,-0.395379,1.408,-0.01166,0.00165,0.5455,1.715,0.2855,-0.016817,33.0,0.00709,0.01205,0.01755,-1.963329,-0.009109,-0.244085,0.8081,1.469,0.9091,-1.149809,3,-0.253781,0.00213,0.5354,0.2855,0,1,-0.010623,0.00689,0.01155,0.01644,0.41654,0,,,,,,,,,,,,,,,,,,,,,,,,,,,,,,,,,,,,,,,,,,,,,,,,,,,,,,,,,,,,,,,,,,,,,,,,,,,,,,,,,,,,,,JSWENERGY_data,,2026-10-01
Golden_Cross_State + Price_Above_SMA20,Golden_Cross_State + Price_Above_SMA20,combo_2,43,trend,Bullish,,,,,,,,,,,,,,,,,,,,,,,,,,,,,,,,,,,,,,,,,,,,,,,,,,,,-0.010067,-0.228048,0.7907,1.437,0.9535,-1.182169,20,-0.922955,-0.00961,0.4884,0.1961,0,1,-0.015114,0.01959,0.0295,0.03675,0.68508,0,0.814,0.00783,-0.08323,-0.009108,-0.187878,1.757,-0.00758,0.00229,0.5349,1.979,0.1961,-0.01184,42.0,0.01389,0.02089,0.03187,-1.249502,,,,,,,,,,,,,,,,,,0.7907,0.02511,-0.13142,-0.007656,-0.181121,1.347,-0.00925,-0.01209,0.4884,2.799,0.1344,-0.008991,42.0,0.01959,0.0295,0.03675,-0.922955,0.7674,0.02679,-0.14617,-0.013436,-0.315144,1.206,-0.01275,-0.01902,0.4419,3.428,0.1837,-0.02451,42.0,0.01959,0.0295,0.03675,-1.438263,,,,,,,,,,,,,,,,,,JSWENERGY_data,,2026-10-01
Golden_Cross_State + CCI_Exit_Oversold,Golden_Cross_State + CCI_Exit_Oversold,combo_2,35,trend,Bullish,,,,,,,,,,,,,,,,,,,,,,,,,,,,,,,,,,,,,,,,,,,,,,,,,,,,-0.00296,-0.17941,0.8381,2.257,0.8286,-1.202505,20,-0.568515,-0.00134,0.5143,0.2331,0,1,-0.008977,0.02269,0.03903,0.05732,0.23471,0,0.7429,0.01374,-0.05708,-0.004472,-0.132389,1.783,-0.00496,-0.00325,0.5143,2.149,0.1423,-0.006082,35.0,0.00883,0.01927,0.03534,-0.845788,,,,,,,,,,,,,,,,,,0.8571,0.01992,-0.10894,0.001515,-0.065592,2.419,0.00223,0.01459,0.5429,3.039,0.1872,-0.004166,35.0,0.02269,0.03903,0.05732,-0.568515,0.9143,0.01216,-0.19879,-0.005921,-0.340249,2.571,-0.00492,-0.01536,0.4857,3.722,0.2331,-0.016684,35.0,0.03777,0.05801,0.06928,-3.134299,,,,,,,,,,,,,,,,,,JSWENERGY_data,,2026-10-01
MACD_Hist_Positive + CDL_Harami_Bull,MACD_Hist_Positive + CDL_Harami_Bull,combo_2,21,momentum,Bullish,,,,,,,,,,,,,,,,,,0.8571,-0.0051,-0.06137,-0.013135,-0.261467,1.302,-0.01366,-0.01711,0.4286,1.458,0.2408,-0.02136,20.0,0.01043,0.01555,0.01947,-1.052038,,,,,,,,,,,,,,,,,,-0.010726,-0.223634,0.8254,2.109,0.9048,-1.319289,15,-0.0581,-0.01505,0.4444,0.3007,0,1,-0.022846,0.01772,0.02162,0.03644,0.50055,0,0.7619,-0.00986,-0.04328,-0.017815,-0.404135,1.479,-0.01761,-0.02459,0.4286,2.061,0.2886,-0.030034,20.0,0.01043,0.01887,0.02162,-1.847584,0.8571,0.0085,-0.0596,-0.001228,-0.005298,3.548,-0.00371,-0.00345,0.4762,2.525,0.3007,-0.017144,20.0,0.01772,0.02162,0.03644,-0.0581,,,,,,,,,,,,,,,,,,,,,,,,,,,,,,,,,,,,,,,,,,,,,,,,,,,,JSWENERGY_data,,2026-10-01
MACD_Bullish_State + CDL_Harami_Bull,MACD_Bullish_State + CDL_Harami_Bull,combo_2,21,momentum,Bullish,,,,,,,,,,,,,,,,,,0.8571,-0.0051,-0.06137,-0.013135,-0.261467,1.302,-0.01366,-0.01711,0.4286,1.458,0.2408,-0.02136,20.0,0.01043,0.01555,0.01947,-1.052038,,,,,,,,,,,,,,,,,,-0.010726,-0.223634,0.8254,2.109,0.9048,-1.319289,15,-0.0581,-0.01505,0.4444,0.3007,0,1,-0.022846,0.01772,0.02162,0.03644,0.50055,0,0.7619,-0.00986,-0.04328,-0.017815,-0.404135,1.479,-0.01761,-0.02459,0.4286,2.061,0.2886,-0.030034,20.0,0.01043,0.01887,0.02162,-1.847584,0.8571,0.0085,-0.0596,-0.001228,-0.005298,3.548,-0.00371,-0.00345,0.4762,2.525,0.3007,-0.017144,20.0,0.01772,0.02162,0.03644,-0.0581,,,,,,,,,,,,,,,,,,,,,,,,,,,,,,,,,,,,,,,,,,,,,,,,,,,,JSWENERGY_data,,2026-10-01
BB_Expansion_Bull + OBV_Rising,BB_Expansion_Bull + OBV_Rising,combo_2,59,momentum,Bullish,,,,,,,,,,,,,,,,,,0.7966,0.01027,-0.05363,-0.002724,-0.035389,1.907,-0.00103,-0.01465,0.3898,1.493,0.2,-0.002642,57.0,0.0069,0.01497,0.02263,-0.276267,,,,,,,,,,,,,,,,,,-0.008883,-0.204837,0.7797,1.717,0.9661,-1.391542,5,-0.276267,-0.01789,0.4407,0.2,0,1,-0.010666,0.0069,0.01497,0.02263,0.80086,0,0.7627,0.00605,-0.06091,-0.00984,-0.242718,1.786,-0.0094,-0.02139,0.4576,2.111,0.1491,-0.011129,57.0,0.00901,0.01985,0.02987,-1.775283,0.7797,0.00959,-0.09785,-0.014087,-0.336403,1.459,-0.01313,-0.01764,0.4746,2.586,0.15,-0.018227,57.0,0.0098,0.02182,0.03424,-2.009895,,,,,,,,,,,,,,,,,,,,,,,,,,,,,,,,,,,,,,,,,,,,,,,,,,,,JSWENERGY_data,,2026-10-01
Price_Above_EMA200 + CDL_Engulfing_Bull,Price_Above_EMA200 + CDL_Engulfing_Bull,combo_2,27,trend,Bullish,,,,,,,,,,,,,,,,,,,,,,,,,,,,,,,,,,,,,,,,,,,,,,,,,,,,-0.002739,-0.15749,0.7901,3.405,0.963,-1.720527,10,2.970406,-0.01644,0.4444,0.2966,0,1,-0.006746,0.00793,0.01962,0.02712,0.72128,0,0.7778,0.02196,-0.04233,0.00767,0.193479,4.607,0.00761,-0.01586,0.4074,1.898,0.1874,0.003223,27.0,0.00793,0.01962,0.02712,2.970406,,,,,,,,,,,,,,,,,,0.8148,0.0097,-0.06277,-0.00372,-0.207805,3.318,-0.00412,-0.0194,0.4444,2.684,0.2444,-0.006588,27.0,0.01449,0.0276,0.03373,-2.297629,0.7778,0.00669,-0.07816,-0.012167,-0.458143,2.288,-0.00987,-0.01407,0.4815,3.287,0.2966,-0.016873,27.0,0.01449,0.0276,0.04018,-3.493527,,,,,,,,,,,,,,,,,,JSWENERGY_data,,2026-10-01
Golden_Cross_State + CDL_Engulfing_Bull,Golden_Cross_State + CDL_Engulfing_Bull,combo_2,24,trend,Bullish,,,,,,,,,,,,,,,,,,,,,,,,,,,,,,,,,,,,,,,,,,,,,,,,,,,,-0.01214,-0.283641,0.7222,1.971,0.9583,-1.724891,10,-0.13823,-0.03008,0.4444,0.4,1,1,-0.016474,0.00468,0.00874,0.02736,0.91459,0,0.7083,0.01632,-0.05848,-0.005498,-0.018867,2.276,-0.00493,-0.03268,0.4167,1.989,0.2358,-0.009537,24.0,0.00468,0.00874,0.02736,-0.13823,,,,,,,,,,,,,,,,,,0.75,0.01251,-0.07619,-0.009665,-0.20206,2.116,-0.00996,-0.03827,0.375,2.813,0.2634,-0.011678,24.0,0.00492,0.02665,0.03355,-1.376331,0.7083,-0.0,-0.07287,-0.021256,-0.629997,1.522,-0.01868,-0.0193,0.5417,3.445,0.4,-0.028208,24.0,0.00838,0.02665,0.03643,-3.086346,,,,,,,,,,,,,,,,,,JSWENERGY_data,,2026-10-01
EMA_Bullish_State + CDL_Engulfing_Bull,EMA_Bullish_State + CDL_Engulfing_Bull,combo_2,24,momentum,Bullish,,,,,,,,,,,,,,,,,,0.75,0.00713,-0.03874,-0.004337,-0.154622,2.347,-0.00573,-0.0254,0.4167,1.327,0.2232,-0.002372,24.0,0.00468,0.00874,0.02276,-1.167939,,,,,,,,,,,,,,,,,,-0.005311,-0.157283,0.7778,3.762,0.9167,-1.74572,5,-1.167939,-0.02876,0.4167,0.2726,0,1,-0.005873,0.00468,0.00874,0.02276,0.62163,0,0.75,0.00531,-0.04233,-0.006604,-0.125505,3.065,-0.00571,-0.03268,0.375,1.876,0.2726,-0.006957,24.0,0.00769,0.01482,0.02351,-1.238218,0.8333,0.00215,-0.04072,-0.004993,-0.191722,5.873,-0.00658,-0.02819,0.4583,2.298,0.2564,-0.008291,24.0,0.01122,0.02139,0.02507,-3.624573,,,,,,,,,,,,,,,,,,,,,,,,,,,,,,,,,,,,,,,,,,,,,,,,,,,,JSWENERGY_data,,2026-10-01
Stoch_Bull_Zone + CDL_Engulfing_Bull,Stoch_Bull_Zone + CDL_Engulfing_Bull,combo_2,19,momentum,Bullish,,,,,,,,,,,,,,,,,,0.7778,0.00183,-0.03618,-0.006613,-0.306287,2.456,-0.00724,-0.01965,0.3889,1.265,0.3301,-0.00834,18.0,0.00626,0.00931,0.01187,-2.25363,,,,,,,,,,,,,,,,,,-0.004415,-0.241222,0.7593,2.574,0.9444,-1.75675,10,-0.784409,-0.0206,0.4259,0.3809,0,1,-0.003508,0.00858,0.01024,0.01913,0.81676,0,0.7222,0.01633,-0.04803,-0.00155,-0.09604,2.726,-0.00161,-0.0279,0.3889,1.789,0.334,-0.000474,18.0,0.00858,0.01024,0.01913,-0.784409,0.7778,0.0104,-0.05926,-0.005082,-0.321339,2.54,-0.00605,-0.01425,0.5,2.191,0.3809,-0.001711,18.0,0.01068,0.01834,0.02371,-2.444715,,,,,,,,,,,,,,,,,,,,,,,,,,,,,,,,,,,,,,,,,,,,,,,,,,,,JSWENERGY_data,,2026-10-01
Price_Above_EMA200 + VWAP_Bull,Price_Above_EMA200 + VWAP_Bull,combo_2,24,trend,Bullish,,,,,,,,,,,,,,,,,,,,,,,,,,,,,,,,,,,,,,,,,,,,,,,,,,,,-0.030337,-0.578083,0.7083,1.051,0.9167,-1.792031,10,-1.105921,-0.01365,0.4861,0.3092,0,1,-0.036703,0.00371,0.01346,0.01876,0.89712,0,0.75,0.00956,-0.08434,-0.013914,-0.220419,1.559,-0.01236,-0.01942,0.375,1.83,0.2974,-0.015716,24.0,0.00371,0.01346,0.01876,-1.105921,,,,,,,,,,,,,,,,,,0.7083,0.02287,-0.18188,-0.036847,-0.628132,0.779,-0.03355,-0.00878,0.5417,2.588,0.3092,-0.043082,24.0,0.00493,0.01848,0.02006,-2.021879,0.6667,0.03102,-0.18279,-0.040251,-0.885699,0.814,-0.03921,-0.01276,0.5417,3.17,0.2112,-0.051312,24.0,0.00493,0.01848,0.02006,-2.850954,,,,,,,,,,,,,,,,,,JSWENERGY_data,,2026-10-01
Price_Above_EMA200,Price_Above_EMA200,single,24,trend,Bullish,,,,,,,,,,,,,,,,,,,,,,,,,,,,,,,,,,,,,,,,,,,,,,,,,,,,-0.030337,-0.578083,0.7083,1.051,0.9167,-1.792031,10,-1.105921,-0.01365,0.4861,0.3092,0,1,-0.036703,0.00371,0.01346,0.01876,0.89712,0,0.75,0.00956,-0.08434,-0.013914,-0.220419,1.559,-0.01236,-0.01942,0.375,1.83,0.2974,-0.015716,24.0,0.00371,0.01346,0.01876,-1.105921,,,,,,,,,,,,,,,,,,0.7083,0.02287,-0.18188,-0.036847,-0.628132,0.779,-0.03355,-0.00878,0.5417,2.588,0.3092,-0.043082,24.0,0.00493,0.01848,0.02006,-2.021879,0.6667,0.03102,-0.18279,-0.040251,-0.885699,0.814,-0.03921,-0.01276,0.5417,3.17,0.2112,-0.051312,24.0,0.00493,0.01848,0.02006,-2.850954,,,,,,,,,,,,,,,,,,JSWENERGY_data,,2026-10-01
Golden_Cross_State + OBV_Trend_Bull,Golden_Cross_State + OBV_Trend_Bull,combo_2,39,trend,Bullish,,,,,,,,,,,,,,,,,,,,,,,,,,,,,,,,,,,,,,,,,,,,,,,,,,,,-0.009965,-0.231464,0.8034,2.233,0.9744,-1.858086,30,-0.674047,-0.01562,0.4786,0.1687,0,1,-0.010437,0.01629,0.03368,0.04981,0.78399,0,0.7949,-0.00152,-0.07941,-0.017499,-0.396956,1.269,-0.01768,-0.01603,0.5128,1.966,0.1615,-0.01182,39.0,0.00999,0.0186,0.02619,-1.858591,,,,,,,,,,,,,,,,,,0.7949,0.00884,-0.07574,-0.008506,-0.237028,2.406,-0.01035,-0.01209,0.4615,2.78,0.1483,-0.009046,39.0,0.01629,0.0251,0.03462,-2.103904,0.8205,0.0154,-0.09206,-0.003889,-0.060409,3.025,-0.00235,-0.01875,0.4615,3.405,0.1687,-0.010445,39.0,0.01629,0.03368,0.04981,-0.674047,,,,,,,,,,,,,,,,,,JSWENERGY_data,,2026-10-01
Price_Above_EMA200 + CMF_Strong_Bull,Price_Above_EMA200 + CMF_Strong_Bull,combo_2,27,trend,Bullish,,,,,,,,,,,,,,,,,,,,,,,,,,,,,,,,,,,,,,,,,,,,,,,,,,,,-0.013702,-0.476683,0.6667,1.201,1.0,-1.907585,20,-1.526049,-0.03767,0.3827,0.3585,0,1,-0.005412,0.00823,0.01879,0.02655,0.98953,0,0.6667,0.00209,-0.06634,-0.02072,-0.640325,0.82,-0.01895,-0.02139,0.4815,1.823,0.3585,-0.011501,27.0,0.00639,0.00749,0.01826,-2.133693,,,,,,,,,,,,,,,,,,0.6667,0.0282,-0.08697,-0.010188,-0.365518,1.253,-0.00931,-0.03918,0.3333,2.578,0.3375,-0.006284,27.0,0.00823,0.01879,0.02655,-1.526049,0.6667,0.0346,-0.0998,-0.010197,-0.424207,1.53,-0.01037,-0.05244,0.3333,3.157,0.2186,0.001551,27.0,0.00823,0.01879,0.02655,-2.162215,,,,,,,,,,,,,,,,,,JSWENERGY_data,,2026-10-01
Price_Above_EMA200 + Stoch_Oversold,Price_Above_EMA200 + Stoch_Oversold,combo_2,34,trend,Bullish,,,,,,,,,,,,,,,,,,,,,,,,,,,,,,,,,,,,,,,,,,,,,,,,,,,,-0.012722,-0.440046,0.7353,1.54,0.9412,-2.267964,20,-1.517183,-0.01683,0.5,0.2199,0,1,-0.016283,0.006,0.01849,0.03114,0.88505,0,0.7647,0.01213,-0.05445,-0.003532,-0.194583,2.374,-0.00445,-0.0082,0.5,1.954,0.1242,-0.004513,34.0,0.006,0.0177,0.02209,-1.642048,,,,,,,,,,,,,,,,,,0.7059,0.02033,-0.08355,-0.010226,-0.360533,1.184,-0.01001,-0.02935,0.4706,2.764,0.177,-0.01369,34.0,0.006,0.01849,0.03114,-1.517183,0.7353,0.01609,-0.13691,-0.024408,-0.765022,1.064,-0.02291,-0.01293,0.5294,3.385,0.2199,-0.030645,34.0,0.006,0.01849,0.03957,-2.892667,,,,,,,,,,,,,,,,,,JSWENERGY_data,,2026-10-01
Golden_Cross_State + Stoch_Oversold,Golden_Cross_State + Stoch_Oversold,combo_2,40,trend,Bullish,,,,,,,,,,,,,,,,,,,,,,,,,,,,,,,,,,,,,,,,,,,,,,,,,,,,-0.026845,-0.754845,0.7083,1.086,0.975,-2.967324,10,-1.637916,-0.03181,0.4583,0.2209,0,1,-0.028016,0.00544,0.01532,0.02176,0.9691,0,0.725,0.01312,-0.06544,-0.008488,-0.274611,1.606,-0.00815,-0.0163,0.475,1.976,0.1488,-0.008938,40.0,0.00544,0.01532,0.02176,-1.637916,,,,,,,,,,,,,,,,,,0.7,0.00315,-0.09746,-0.027032,-0.726562,0.862,-0.02677,-0.03122,0.425,2.795,0.1734,-0.028069,40.0,0.00544,0.01532,0.02742,-2.698141,0.7,-0.0058,-0.13651,-0.045014,-1.26336,0.789,-0.04308,-0.04791,0.475,3.423,0.2209,-0.047041,40.0,0.00544,0.01532,0.03327,-4.69158,,,,,,,,,,,,,,,,,,JSWENERGY_data,,2026-10-01
RSI_Bull_Momentum + CDL_Engulfing_Bull,RSI_Bull_Momentum + CDL_Engulfing_Bull,combo_2,24,momentum,Bullish,,,,,,,,,,,,,,,,,,0.8333,0.00869,-0.04643,-0.000496,-0.093704,3.298,-0.00176,-0.01965,0.375,1.272,0.2101,0.005857,24.0,0.00849,0.01853,0.02351,-0.994852,,,,,,,,,,,,,,,,,,-0.0084,-0.256263,0.8472,5.492,0.9583,-4.341154,5,-0.994852,-0.01972,0.4167,0.3146,0,1,-0.004014,0.00849,0.01853,0.02351,0.40595,0,0.8333,-0.00697,-0.02967,-0.010751,-0.301172,5.557,-0.01103,-0.02586,0.375,1.8,0.2048,-0.00624,24.0,0.00849,0.02139,0.02476,-5.386701,0.875,-0.01155,-0.03079,-0.013953,-0.373914,7.62,-0.01332,-0.01365,0.5,2.204,0.3146,-0.011658,24.0,0.01122,0.02139,0.02719,-9.17115,,,,,,,,,,,,,,,,,,,,,,,,,,,,,,,,,,,,,,,,,,,,,,,,,,,,JSWENERGY_data,,2026-10-01
MACD_Bullish_State + CDL_Engulfing_Bull,MACD_Bullish_State + CDL_Engulfing_Bull,combo_2,20,momentum,Bullish,,,,,,,,,,,,,,,,,,0.9,0.00704,-0.04388,0.001951,-0.026606,5.438,0.00204,-0.01824,0.3,1.325,0.2696,0.00714,20.0,0.01736,0.02279,0.02449,-0.440503,,,,,,,,,,,,,,,,,,-0.006529,-0.198231,0.9,8.428,1.0,-5.086485,5,-0.440503,-0.01711,0.4167,0.2773,0,1,-0.004691,0.01736,0.02279,0.02449,0.29354,0,0.9,0.00042,-0.03268,-0.002894,-0.114181,9.29,-0.00254,-0.01946,0.45,1.874,0.227,-0.001022,20.0,0.02172,0.02463,0.03393,-3.229512,0.9,-0.01734,-0.03036,-0.018644,-0.453906,10.556,-0.01905,-0.01365,0.5,2.295,0.2773,-0.020189,20.0,0.02172,0.03132,0.03645,-13.819259,,,,,,,,,,,,,,,,,,,,,,,,,,,,,,,,,,,,,,,,,,,,,,,,,,,,JSWENERGY_data,,2026-10-01
MACD_Hist_Positive + CDL_Engulfing_Bull,MACD_Hist_Positive + CDL_Engulfing_Bull,combo_2,20,momentum,Bullish,,,,,,,,,,,,,,,,,,0.9,0.00704,-0.04388,0.001951,-0.026606,5.438,0.00204,-0.01824,0.3,1.325,0.2696,0.00714,20.0,0.01736,0.02279,0.02449,-0.440503,,,,,,,,,,,,,,,,,,-0.006529,-0.198231,0.9,8.428,1.0,-5.086485,5,-0.440503,-0.01711,0.4167,0.2773,0,1,-0.004691,0.01736,0.02279,0.02449,0.29354,0,0.9,0.00042,-0.03268,-0.002894,-0.114181,9.29,-0.00254,-0.01946,0.45,1.874,0.227,-0.001022,20.0,0.02172,0.02463,0.03393,-3.229512,0.9,-0.01734,-0.03036,-0.018644,-0.453906,10.556,-0.01905,-0.01365,0.5,2.295,0.2773,-0.020189,20.0,0.02172,0.03132,0.03645,-13.819259,,,,,,,,,,,,,,,,,,,,,,,,,,,,,,,,,,,,,,,,,,,,,,,,,,,,JSWENERGY_data,,2026-10-01
CMF_Positive + CDL_Engulfing_Bull,CMF_Positive + CDL_Engulfing_Bull,combo_2,22,momentum,Bullish,,,,,,,,,,,,,,,,,,0.9091,0.00963,-0.04388,0.004767,0.002228,7.082,0.00346,-0.01397,0.3636,1.289,0.2072,0.01048,22.0,0.01053,0.01962,0.02571,0.049477,,,,,,,,,,,,,,,,,,-0.003491,-0.211711,0.8939,8.207,0.9545,-5.200453,5,0.049477,-0.02126,0.4091,0.2846,0,1,0.002009,0.01053,0.01962,0.02571,0.23211,0,0.9091,0.0004,-0.03268,-0.002604,-0.126606,11.385,-0.00126,-0.01946,0.4091,1.823,0.2846,0.001981,22.0,0.01056,0.02381,0.0293,-3.969729,0.8636,-0.00724,-0.0468,-0.012636,-0.510754,6.155,-0.01421,-0.03036,0.4545,2.233,0.2837,-0.006435,22.0,0.01056,0.02435,0.03355,-9.856896,,,,,,,,,,,,,,,,,,,,,,,,,,,,,,,,,,,,,,,,,,,,,,,,,,,,JSWENERGY_data,,2026-10-01
Price_Above_SMA20 + CDL_Engulfing_Bull,Price_Above_SMA20 + CDL_Engulfing_Bull,combo_2,24,momentum,Bullish,,,,,,,,,,,,,,,,,,0.8333,0.00122,-0.04643,-0.006726,-0.281606,2.647,-0.00799,-0.0254,0.375,1.314,0.2614,-0.002427,24.0,0.00849,0.02128,0.02476,-2.399621,,,,,,,,,,,,,,,,,,-0.011992,-0.354089,0.8472,5.058,0.9583,-5.524415,5,-2.399621,-0.02164,0.4306,0.3207,0,1,-0.010719,0.00849,0.02128,0.02476,0.40595,0,0.8333,-0.00919,-0.02967,-0.012602,-0.356868,5.061,-0.01288,-0.02586,0.4167,1.858,0.2245,-0.011508,24.0,0.00849,0.02341,0.02732,-5.813882,0.875,-0.01463,-0.03079,-0.016649,-0.423794,7.465,-0.01602,-0.01365,0.5,2.275,0.3207,-0.018223,24.0,0.01122,0.02341,0.0327,-10.182787,,,,,,,,,,,,,,,,,,,,,,,,,,,,,,,,,,,,,,,,,,,,,,,,,,,,JSWENERGY_data,,2026-10-01
EMA_Bearish_State + Price_Below_EMA200,EMA_Bearish_State + Price_Below_EMA200,combo_2,12,trend,Bearish,,,,,,,,,,,,,,,,,,,,,,,,,,,,,,,,,,,,,,,,,,,,,,,,,,,,0.122846,2.844187,0.9167,26.065,1.0,72.951965,30,97.456846,-0.14892,0.6111,0.1717,0,1,0.111086,0.1639,0.18596,0.22063,0.17551,0,0.9167,0.07246,-0.07233,0.060398,1.498839,11.895,-0.06007,-0.08205,0.6667,2.279,0.1717,0.05463,12.0,0.0427,0.08375,0.08738,38.444462,,,,,,,,,,,,,,,,,,0.9167,0.15811,-0.04315,0.141335,3.234161,40.307,-0.13959,-0.15818,0.5,3.223,0.1409,0.123247,12.0,0.08891,0.14481,0.16764,82.954586,0.9167,0.18925,-0.08009,0.166805,3.799562,25.993,-0.16416,-0.20654,0.6667,3.948,0.1298,0.155383,12.0,0.1639,0.18596,0.22063,97.456846,,,,,,,,,,,,,,,,,,JSWENERGY_data,,2026-10-01
Price_Below_EMA200,Price_Below_EMA200,single,23,trend,Bearish,,,,,,,,,,,,,,,,,,,,,,,,,,,,,,,,,,,,,,,,,,,,,,,,,,,,0.043008,0.973499,0.913,8.216,1.0,25.419131,30,54.234097,-0.04304,0.4783,0.1688,0,1,0.049276,0.03472,0.04002,0.06405,0.05857,1,0.913,0.02744,-0.09013,0.017219,0.355245,4.854,-0.01689,-0.00215,0.3913,1.895,0.1688,0.018467,23.0,0.02162,0.03132,0.0362,5.480298,,,,,,,,,,,,,,,,,,0.913,0.05551,-0.09194,0.042691,0.842988,9.885,-0.04267,-0.03361,0.4783,2.68,0.1348,0.049567,23.0,0.02757,0.03546,0.04051,26.483724,0.913,0.08744,-0.1233,0.069113,1.722263,9.909,-0.06907,-0.09337,0.5652,3.282,0.1105,0.079792,23.0,0.03472,0.04002,0.06405,54.234097,,,,,,,,,,,,,,,,,,JSWENERGY_data,,2026-10-01
OBV_Falling + Williams_Overbought,OBV_Falling + Williams_Overbought,combo_2,48,momentum,Bearish,,,,,,,,,,,,,,,,,,0.8958,0.01104,-0.02754,0.007025,0.227858,6.048,-0.00688,-0.00961,0.5417,1.291,0.1119,0.003461,47.0,0.01431,0.0196,0.02685,5.363149,,,,,,,,,,,,,,,,,,0.011461,0.35949,0.9306,15.709,0.9375,13.116277,15,18.724191,-0.00718,0.5069,0.1119,0,1,0.010757,0.03603,0.04424,0.05109,0.00032,1,0.9375,0.0146,-0.02337,0.01223,0.369495,19.634,-0.01114,0.00192,0.4792,1.826,0.0914,0.011094,47.0,0.02761,0.03649,0.04546,14.380082,0.9583,0.01759,-0.04153,0.015128,0.481117,21.446,-0.01454,-0.01383,0.5,2.236,0.0817,0.017715,47.0,0.03603,0.04424,0.05109,18.724191,,,,,,,,,,,,,,,,,,,,,,,,,,,,,,,,,,,,,,,,,,,,,,,,,,,,JSWENERGY_data,,2026-10-01
Price_Below_EMA200 + OBV_Trend_Bear,Price_Below_EMA200 + OBV_Trend_Bear,combo_2,29,trend,Bearish,,,,,,,,,,,,,,,,,,,,,,,,,,,,,,,,,,,,,,,,,,,,,,,,,,,,0.020527,0.598751,0.908,6.214,0.9655,12.218705,20,26.720344,-0.01111,0.4598,0.2468,0,1,0.016332,0.02659,0.03704,0.04279,0.02084,1,0.8966,0.00919,-0.06527,0.001492,0.083098,4.624,-0.00183,0.00473,0.4483,1.777,0.2468,-0.003946,29.0,0.01469,0.03182,0.0378,1.306987,,,,,,,,,,,,,,,,,,0.931,0.0414,-0.09194,0.032203,0.879336,8.934,-0.03151,-0.01538,0.4483,2.513,0.1304,0.025026,29.0,0.02659,0.03704,0.04279,26.720344,0.8966,0.04589,-0.12817,0.027886,0.83382,5.084,-0.02786,-0.02268,0.4828,3.078,0.1379,0.027917,29.0,0.03126,0.04194,0.04622,14.418597,,,,,,,,,,,,,,,,,,JSWENERGY_data,,2026-10-01
Price_Below_EMA200 + CMF_Negative,Price_Below_EMA200 + CMF_Negative,combo_2,31,trend,Bearish,,,,,,,,,,,,,,,,,,,,,,,,,,,,,,,,,,,,,,,,,,,,,,,,,,,,0.019002,0.372612,0.9032,7.609,1.0,9.825692,30,26.995769,-0.00744,0.4194,0.1652,0,1,0.024704,0.03249,0.03925,0.04475,0.03796,1,0.9032,0.00667,-0.04921,0.001261,-0.057638,6.06,-0.00053,0.00524,0.3871,1.859,0.1652,0.006415,31.0,0.01617,0.03081,0.03249,-1.21053,,,,,,,,,,,,,,,,,,0.9032,0.02869,-0.07298,0.018852,0.288222,7.987,-0.01547,-0.01346,0.4839,2.63,0.1401,0.022762,31.0,0.02057,0.03249,0.03952,7.978226,0.9032,0.05021,-0.08743,0.036892,0.887253,8.779,-0.03065,-0.01411,0.3871,3.221,0.1171,0.044935,31.0,0.03249,0.03925,0.04475,26.995769,,,,,,,,,,,,,,,,,,JSWENERGY_data,,2026-10-01
Stoch_Cross_Down + CCI_Exit_Overbought,Stoch_Cross_Down + CCI_Exit_Overbought,combo_2,18,mean_rev,Bearish,0.7778,0.02372,-0.00838,0.016589,0.49061,11.385,-0.01786,-0.00367,0.3333,0.932,0.3453,0.012175,18.0,0.00329,0.0103,0.0158,14.445712,0.8333,0.01699,-0.03225,0.008781,0.291867,3.248,-0.00861,-0.00647,0.4444,1.204,0.3055,-0.001038,18.0,0.01266,0.01605,0.01818,2.791096,0.8333,0.0208,-0.02568,0.013054,0.403915,3.871,-0.01132,-0.01128,0.4444,1.424,0.2038,0.000941,18.0,0.01428,0.022,0.03767,4.603352,0.012808,0.395464,0.8148,6.168,0.9444,6.782833,3,14.445712,-0.00714,0.4074,0.3453,0,1,0.004026,0.00329,0.0103,0.0158,0.3467,0,,,,,,,,,,,,,,,,,,,,,,,,,,,,,,,,,,,,,,,,,,,,,,,,,,,,,,,,,,,,,,,,,,,,,,,,,,,,,,,,,,,,,,JSWENERGY_data,,2026-10-01
MACD_Hist_Negative + OBV_Trend_Bear,MACD_Hist_Negative + OBV_Trend_Bear,combo_2,56,momentum,Bearish,,,,,,,,,,,,,,,,,,0.7679,0.02982,-0.03755,0.014179,0.358404,3.725,-0.01423,0.0,0.4107,1.332,0.0972,0.010952,56.0,0.00619,0.01076,0.01991,5.398,,,,,,,,,,,,,,,,,,0.013186,0.345286,0.8214,5.119,0.875,6.252488,10,10.590486,-0.00599,0.4643,0.1242,0,1,0.011711,0.0074,0.01679,0.03646,0.01339,1,0.8036,0.02587,-0.02716,0.015455,0.392247,6.678,-0.0156,-0.00384,0.4464,1.884,0.1242,0.014977,56.0,0.0074,0.01679,0.03646,10.590486,0.8929,0.0201,-0.07487,0.009925,0.285206,4.953,-0.00696,-0.01412,0.5357,2.308,0.0697,0.009203,56.0,0.01946,0.02958,0.0444,5.711068,,,,,,,,,,,,,,,,,,,,,,,,,,,,,,,,,,,,,,,,,,,,,,,,,,,,JSWENERGY_data,,2026-10-01
MACD_Bearish_State + OBV_Trend_Bear,MACD_Bearish_State + OBV_Trend_Bear,combo_2,56,momentum,Bearish,,,,,,,,,,,,,,,,,,0.7679,0.02982,-0.03755,0.014179,0.358404,3.725,-0.01423,0.0,0.4107,1.332,0.0972,0.010952,56.0,0.00619,0.01076,0.01991,5.398,,,,,,,,,,,,,,,,,,0.013186,0.345286,0.8214,5.119,0.875,6.252488,10,10.590486,-0.00599,0.4643,0.1242,0,1,0.011711,0.0074,0.01679,0.03646,0.01339,1,0.8036,0.02587,-0.02716,0.015455,0.392247,6.678,-0.0156,-0.00384,0.4464,1.884,0.1242,0.014977,56.0,0.0074,0.01679,0.03646,10.590486,0.8929,0.0201,-0.07487,0.009925,0.285206,4.953,-0.00696,-0.01412,0.5357,2.308,0.0697,0.009203,56.0,0.01946,0.02958,0.0444,5.711068,,,,,,,,,,,,,,,,,,,,,,,,,,,,,,,,,,,,,,,,,,,,,,,,,,,,JSWENERGY_data,,2026-10-01
EMA_Bearish_State + OBV_Trend_Bear,EMA_Bearish_State + OBV_Trend_Bear,combo_2,31,momentum,Bearish,,,,,,,,,,,,,,,,,,0.7742,0.03437,-0.04729,0.015927,0.372378,3.336,-0.01473,-0.00777,0.4194,1.306,0.1373,0.005999,31.0,0.00331,0.0082,0.03055,4.305337,,,,,,,,,,,,,,,,,,0.012719,0.325536,0.828,5.839,0.9032,5.950551,15,9.85169,-0.00356,0.4194,0.2308,0,1,-0.000493,0.02129,0.03249,0.04525,0.12113,0,0.8387,0.01914,-0.03615,0.010222,0.282184,5.355,-0.00869,0.00022,0.3871,1.846,0.2308,-0.00119,31.0,0.00331,0.02129,0.04525,5.237489,0.871,0.01882,-0.03396,0.012007,0.322047,8.827,-0.01194,-0.00313,0.4516,2.261,0.1191,-0.006288,31.0,0.02129,0.03249,0.04525,9.85169,,,,,,,,,,,,,,,,,,,,,,,,,,,,,,,,,,,,,,,,,,,,,,,,,,,,JSWENERGY_data,,2026-10-01
Stoch_Overbought + OBV_Trend_Bear,Stoch_Overbought + OBV_Trend_Bear,combo_2,14,momentum,Bearish,,,,,,,,,,,,,,,,,,0.8571,0.02182,-0.03306,0.013979,0.275245,5.757,-0.01398,-0.02012,0.5714,1.203,0.2052,0.011314,14.0,0.01061,0.0251,0.03362,4.29077,,,,,,,,,,,,,,,,,,0.010439,0.307202,0.8571,5.168,1.0,4.299517,10,7.652409,-0.01428,0.5476,0.3109,0,1,0.006796,0.01608,0.03321,0.03554,0.31599,0,0.8571,0.02596,-0.04446,0.015904,0.487552,5.796,-0.01499,-0.02883,0.5714,1.701,0.2172,0.012114,14.0,0.01608,0.03321,0.03554,7.652409,0.8571,0.01023,-0.05133,0.001433,0.15881,3.952,-0.0016,0.0061,0.5,2.084,0.3109,-0.00304,14.0,0.01608,0.03321,0.03807,1.69969,,,,,,,,,,,,,,,,,,,,,,,,,,,,,,,,,,,,,,,,,,,,,,,,,,,,JSWENERGY_data,,2026-10-01
RSI_Bear_Momentum + Stoch_Overbought,RSI_Bear_Momentum + Stoch_Overbought,combo_2,12,momentum,Bearish,,,,,,,,,,,,,,,,,,0.8333,0.0282,-0.02792,0.018844,0.409131,5.396,-0.01811,-0.02012,0.5,1.387,0.2589,0.017076,12.0,0.01026,0.02315,0.03287,5.662411,,,,,,,,,,,,,,,,,,0.009823,0.346164,0.8333,4.601,1.0,4.085537,10,7.042033,-0.01021,0.5,0.3521,0,1,0.010785,0.01142,0.03364,0.04124,0.42812,0,0.8333,0.02893,-0.04446,0.016699,0.55984,4.904,-0.01683,-0.02883,0.5833,1.961,0.2378,0.015898,12.0,0.01142,0.03364,0.04124,7.042033,0.8333,0.00297,-0.05133,-0.006076,0.069521,3.504,0.00702,0.01833,0.4167,2.402,0.3521,-0.000617,12.0,0.01142,0.03364,0.04124,0.624871,,,,,,,,,,,,,,,,,,,,,,,,,,,,,,,,,,,,,,,,,,,,,,,,,,,,JSWENERGY_data,,2026-10-01
EMA_Bearish_State + MACD_Cross_Down_Event,EMA_Bearish_State + MACD_Cross_Down_Event,combo_2,15,momentum,Bearish,,,,,,,,,,,,,,,,,,0.8,0.02967,-0.08014,0.007706,0.281422,2.171,-0.00746,-0.0229,0.5333,1.45,0.2194,0.002125,15.0,0.00548,0.02298,0.03238,1.693863,,,,,,,,,,,,,,,,,,0.015419,0.435562,0.7778,2.653,0.9333,2.989808,15,4.10373,-0.0106,0.4667,0.2942,0,1,0.012171,0.00564,0.02304,0.04531,0.50486,0,0.8,0.0385,-0.06845,0.017109,0.476552,3.089,-0.01813,-0.00931,0.4667,2.051,0.2942,0.013912,15.0,0.00548,0.02298,0.04531,4.082087,0.7333,0.05615,-0.07401,0.021442,0.548713,2.697,-0.01992,0.0004,0.4,2.512,0.2478,0.020475,15.0,0.00564,0.02304,0.04531,4.10373,,,,,,,,,,,,,,,,,,,,,,,,,,,,,,,,,,,,,,,,,,,,,,,,,,,,JSWENERGY_data,,2026-10-01
Price_Below_EMA200 + MACD_Hist_Negative,Price_Below_EMA200 + MACD_Hist_Negative,combo_2,29,trend,Bearish,,,,,,,,,,,,,,,,,,,,,,,,,,,,,,,,,,,,,,,,,,,,,,,,,,,,0.016832,0.42824,0.7471,2.063,0.9655,2.901414,30,5.488395,-0.00048,0.4598,0.2123,0,1,0.021948,0.00804,0.02353,0.03974,0.62236,0,0.7241,0.02902,-0.06577,0.002868,0.052416,1.682,-0.00333,0.00039,0.4483,1.792,0.2123,0.005998,29.0,0.00648,0.00799,0.01568,0.299939,,,,,,,,,,,,,,,,,,0.7586,0.06195,-0.10369,0.021971,0.522776,2.233,-0.01958,-0.00068,0.4828,2.534,0.1496,0.027461,29.0,0.0078,0.01605,0.02742,3.969938,0.7586,0.07446,-0.12773,0.025657,0.709528,2.274,-0.02581,-0.00113,0.4483,3.104,0.1326,0.032385,29.0,0.00804,0.02353,0.03974,5.488395,,,,,,,,,,,,,,,,,,JSWENERGY_data,,2026-10-01
Price_Below_EMA200 + MACD_Bearish_State,Price_Below_EMA200 + MACD_Bearish_State,combo_2,29,trend,Bearish,,,,,,,,,,,,,,,,,,,,,,,,,,,,,,,,,,,,,,,,,,,,,,,,,,,,0.016832,0.42824,0.7471,2.063,0.9655,2.901414,30,5.488395,-0.00048,0.4598,0.2123,0,1,0.021948,0.00804,0.02353,0.03974,0.62236,0,0.7241,0.02902,-0.06577,0.002868,0.052416,1.682,-0.00333,0.00039,0.4483,1.792,0.2123,0.005998,29.0,0.00648,0.00799,0.01568,0.299939,,,,,,,,,,,,,,,,,,0.7586,0.06195,-0.10369,0.021971,0.522776,2.233,-0.01958,-0.00068,0.4828,2.534,0.1496,0.027461,29.0,0.0078,0.01605,0.02742,3.969938,0.7586,0.07446,-0.12773,0.025657,0.709528,2.274,-0.02581,-0.00113,0.4483,3.104,0.1326,0.032385,29.0,0.00804,0.02353,0.03974,5.488395,,,,,,,,,,,,,,,,,,JSWENERGY_data,,2026-10-01
EMA_Bearish_State + CDL_Engulfing_Bear,EMA_Bearish_State + CDL_Engulfing_Bear,combo_2,26,momentum,Bearish,,,,,,,,,,,,,,,,,,0.8846,0.01788,-0.04306,0.010845,0.374844,5.322,-0.01131,-0.00068,0.4231,1.498,0.1846,0.00908,26.0,0.01461,0.0267,0.04105,6.575358,,,,,,,,,,,,,,,,,,0.001098,0.185966,0.8846,4.918,0.9231,2.782249,10,6.719945,0.00695,0.4744,0.2108,0,1,0.001248,0.024,0.03585,0.04483,0.03364,1,0.9231,0.0181,-0.09929,0.009068,0.35873,5.684,-0.01012,-0.01329,0.5385,2.118,0.1727,0.009068,26.0,0.024,0.03585,0.04483,6.719945,0.8462,-0.00702,-0.06943,-0.016619,-0.175675,3.747,0.01793,0.03481,0.4615,2.595,0.2108,-0.014404,26.0,0.024,0.03585,0.04483,-2.169455,,,,,,,,,,,,,,,,,,,,,,,,,,,,,,,,,,,,,,,,,,,,,,,,,,,,JSWENERGY_data,,2026-10-01
EMA_Bearish_State + BB_Upper_Touch,EMA_Bearish_State + BB_Upper_Touch,combo_2,11,momentum,Bearish,,,,,,,,,,,,,,,,,,0.7273,-0.01771,-0.06637,-0.030979,-0.638079,0.6,0.033,0.01782,0.6364,1.35,0.3276,-0.037968,11.0,0.00847,0.00996,0.0121,-1.585568,,,,,,,,,,,,,,,,,,-0.003156,0.086911,0.8485,10.433,0.8182,1.76699,10,10.816562,-0.01858,0.6364,0.3276,0,1,-0.013585,0.02714,0.02972,0.04512,0.22205,0,0.9091,0.01532,-0.01381,0.012674,0.43529,28.32,-0.00895,-0.04316,0.7273,1.909,0.2267,-0.002238,11.0,0.02714,0.02972,0.04512,10.816562,0.9091,0.03054,-0.20818,0.008837,0.463522,2.38,-0.00712,-0.0304,0.5455,2.338,0.2703,-0.000548,11.0,0.02972,0.05199,0.05282,2.741612,,,,,,,,,,,,,,,,,,,,,,,,,,,,,,,,,,,,,,,,,,,,,,,,,,,,JSWENERGY_data,,2026-10-01
OBV_Trend_Bear,OBV_Trend_Bear,single,61,momentum,Bearish,,,,,,,,,,,,,,,,,,0.7869,0.02428,-0.04735,0.009013,0.202729,2.984,-0.00909,0.00486,0.4262,1.323,0.0962,0.003633,61.0,0.00766,0.01139,0.02303,2.496352,,,,,,,,,,,,,,,,,,0.005018,0.102926,0.8306,4.316,0.918,1.682934,5,2.496352,0.00082,0.459,0.1238,0,1,-0.000766,0.00766,0.01139,0.02303,0.03497,1,0.8361,0.01369,-0.03704,0.00537,0.107103,5.356,-0.00472,0.00133,0.4426,1.87,0.1238,0.001416,61.0,0.01076,0.02129,0.03537,2.367695,0.8689,0.00922,-0.05599,0.00067,-0.001052,4.607,0.00217,-0.00371,0.5082,2.291,0.0751,-0.007346,61.0,0.02129,0.02958,0.03959,-0.020008,,,,,,,,,,,,,,,,,,,,,,,,,,,,,,,,,,,,,,,,,,,,,,,,,,,,JSWENERGY_data,,2026-10-01
EMA_Bearish_State + MACD_Hist_Negative,EMA_Bearish_State + MACD_Hist_Negative,combo_2,24,momentum,Bearish,,,,,,,,,,,,,,,,,,0.75,0.02689,-0.05348,0.006802,0.217238,2.245,-0.00616,-0.00771,0.5417,1.375,0.1607,0.004225,24.0,0.00395,0.00828,0.03023,1.569679,,,,,,,,,,,,,,,,,,0.00569,0.224001,0.75,2.28,1.0,1.643785,15,2.242127,-0.00235,0.4722,0.2574,0,1,0.006666,0.00561,0.01906,0.04294,0.66119,0,0.75,0.02174,-0.05301,0.003049,0.158431,2.244,-0.00409,0.00203,0.4583,1.944,0.2574,0.005887,24.0,0.00395,0.00828,0.04249,1.144355,0.75,0.03373,-0.07233,0.007218,0.296333,2.351,-0.00744,-0.00136,0.4167,2.381,0.1922,0.009886,24.0,0.00561,0.01906,0.04294,2.242127,,,,,,,,,,,,,,,,,,,,,,,,,,,,,,,,,,,,,,,,,,,,,,,,,,,,JSWENERGY_data,,2026-10-01
EMA_Bearish_State + MACD_Bearish_State,EMA_Bearish_State + MACD_Bearish_State,combo_2,24,momentum,Bearish,,,,,,,,,,,,,,,,,,0.75,0.02689,-0.05348,0.006802,0.217238,2.245,-0.00616,-0.00771,0.5417,1.375,0.1607,0.004225,24.0,0.00395,0.00828,0.03023,1.569679,,,,,,,,,,,,,,,,,,0.00569,0.224001,0.75,2.28,1.0,1.643785,15,2.242127,-0.00235,0.4722,0.2574,0,1,0.006666,0.00561,0.01906,0.04294,0.66119,0,0.75,0.02174,-0.05301,0.003049,0.158431,2.244,-0.00409,0.00203,0.4583,1.944,0.2574,0.005887,24.0,0.00395,0.00828,0.04249,1.144355,0.75,0.03373,-0.07233,0.007218,0.296333,2.351,-0.00744,-0.00136,0.4167,2.381,0.1922,0.009886,24.0,0.00561,0.01906,0.04294,2.242127,,,,,,,,,,,,,,,,,,,,,,,,,,,,,,,,,,,,,,,,,,,,,,,,,,,,JSWENERGY_data,,2026-10-01
Stoch_Overbought + OBV_Falling,Stoch_Overbought + OBV_Falling,combo_2,50,momentum,Bearish,,,,,,,,,,,,,,,,,,0.88,0.0102,-0.02008,0.00657,0.183804,6.936,-0.00616,-0.00888,0.54,1.331,0.0944,0.005127,50.0,0.01285,0.01805,0.02939,5.012402,,,,,,,,,,,,,,,,,,0.000615,0.099026,0.8933,4.241,0.98,1.618098,5,5.012402,-0.00592,0.5267,0.0944,0,1,0.00194,0.01285,0.01805,0.02939,0.01047,1,0.9,0.01631,-0.09979,0.004698,0.213347,3.284,-0.00465,-0.00026,0.48,1.882,0.0733,0.004328,50.0,0.02244,0.03385,0.03847,2.754682,0.9,0.0053,-0.14191,-0.009423,-0.100073,2.502,0.01022,-0.00863,0.56,2.305,0.0821,-0.003636,50.0,0.02632,0.03491,0.04267,-0.984576,,,,,,,,,,,,,,,,,,,,,,,,,,,,,,,,,,,,,,,,,,,,,,,,,,,,JSWENERGY_data,,2026-10-01
MACD_Cross_Down_Event + OBV_Trend_Bear,MACD_Cross_Down_Event + OBV_Trend_Bear,combo_2,21,momentum,Bearish,,,,,,,,,,,,,,,,,,0.6667,0.02932,-0.04281,0.005273,0.166156,1.923,-0.00513,-0.00579,0.5238,1.266,0.1973,0.000321,21.0,0.00447,0.00698,0.01008,0.98771,,,,,,,,,,,,,,,,,,0.005784,0.220937,0.746,2.703,0.8571,1.58247,10,3.023921,1e-05,0.4762,0.3622,0,1,0.005242,0.00545,0.00965,0.02735,0.44351,0,0.7619,0.02406,-0.0403,0.00874,0.30928,3.163,-0.01099,0.00039,0.4286,1.79,0.3622,0.009896,21.0,0.00545,0.00965,0.02735,3.023921,0.8095,0.01863,-0.06162,0.00334,0.187374,3.024,-0.00261,0.00543,0.4762,2.193,0.1919,0.005507,21.0,0.00698,0.02666,0.04418,1.751415,,,,,,,,,,,,,,,,,,,,,,,,,,,,,,,,,,,,,,,,,,,,,,,,,,,,JSWENERGY_data,,2026-10-01
EMA_Bearish_State + Stoch_Cross_Down,EMA_Bearish_State + Stoch_Cross_Down,combo_2,58,momentum,Bearish,,,,,,,,,,,,,,,,,,0.7931,0.02487,-0.05774,0.007779,0.267565,2.426,-0.00771,-0.01635,0.5345,1.406,0.0872,0.006974,58.0,0.00692,0.01357,0.02336,2.6473,,,,,,,,,,,,,,,,,,0.001121,0.131036,0.8161,2.991,0.9655,1.543169,5,2.6473,0.00392,0.4943,0.1043,0,1,-0.003326,0.00692,0.01357,0.02336,0.14844,0,0.8276,0.01518,-0.08479,-0.002059,0.012828,2.206,0.00205,0.01599,0.4655,1.988,0.1043,-0.007053,58.0,0.00792,0.02685,0.03482,0.115385,0.8276,0.00862,-0.05503,-0.002356,0.112715,4.342,0.00387,0.01213,0.4828,2.435,0.0916,-0.0099,58.0,0.01223,0.03146,0.04337,1.995366,,,,,,,,,,,,,,,,,,,,,,,,,,,,,,,,,,,,,,,,,,,,,,,,,,,,JSWENERGY_data,,2026-10-01
CMF_Negative + CDL_GravestoneDoji,CMF_Negative + CDL_GravestoneDoji,combo_2,14,momentum,Bearish,,,,,,,,,,,,,,,,,,0.7143,0.02431,-0.02197,0.01109,0.477914,3.775,-0.01094,-0.00446,0.4286,1.375,0.3262,0.009744,14.0,0.00235,0.01132,0.01486,4.885917,,,,,,,,,,,,,,,,,,-0.000462,0.275054,0.6429,1.96,0.8571,1.251341,5,4.885917,0.00749,0.4524,0.394,0,1,-0.000585,0.00235,0.01132,0.01486,0.78089,0,0.5714,0.03742,-0.06901,-0.008193,0.126461,0.988,0.00818,0.02331,0.4286,1.945,0.394,-0.008659,14.0,0.00235,0.01132,0.01486,0.342463,0.6429,0.04682,-0.09627,-0.004282,0.220787,1.116,0.00645,0.00361,0.5,2.382,0.2597,-0.002839,14.0,0.00758,0.01132,0.0157,0.667427,,,,,,,,,,,,,,,,,,,,,,,,,,,,,,,,,,,,,,,,,,,,,,,,,,,,JSWENERGY_data,,2026-10-01
Stoch_Cross_Down + CMF_Strong_Bear,Stoch_Cross_Down + CMF_Strong_Bear,combo_2,51,momentum,Bearish,,,,,,,,,,,,,,,,,,0.7255,0.02936,-0.03337,0.012139,0.407264,2.939,-0.01262,-0.00778,0.4902,1.395,0.1069,0.012555,51.0,0.00356,0.00766,0.01955,4.729476,,,,,,,,,,,,,,,,,,0.001593,0.128521,0.7908,2.595,0.8824,1.162973,5,4.729476,0.0013,0.4902,0.1303,0,1,0.00492,0.00356,0.00766,0.01955,0.12975,0,0.8039,0.01361,-0.0727,-0.003313,-0.02368,2.045,0.00327,0.00271,0.5098,1.973,0.1303,0.001497,51.0,0.00598,0.01994,0.03187,-0.191375,0.8431,0.01125,-0.08625,-0.004048,0.001981,2.802,0.00382,0.00896,0.4706,2.416,0.1119,0.000709,51.0,0.00836,0.03104,0.04289,0.021928,,,,,,,,,,,,,,,,,,,,,,,,,,,,,,,,,,,,,,,,,,,,,,,,,,,,JSWENERGY_data,,2026-10-01
Price_Below_EMA200 + Stoch_Overbought,Price_Below_EMA200 + Stoch_Overbought,combo_2,21,trend,Bearish,,,,,,,,,,,,,,,,,,,,,,,,,,,,,,,,,,,,,,,,,,,,,,,,,,,,-0.003309,0.117024,0.8254,3.1,0.9524,1.067829,10,1.359473,8e-05,0.5238,0.2239,0,1,-0.004793,0.00968,0.01875,0.02873,0.22902,0,0.8095,0.00564,-0.02414,-3.4e-05,0.080479,5.465,0.00026,-0.00313,0.5238,1.875,0.189,-0.004283,21.0,0.00968,0.01875,0.02873,1.359473,,,,,,,,,,,,,,,,,,0.8095,0.02788,-0.11498,0.000664,0.126358,1.949,0.00344,0.01215,0.4762,2.651,0.2239,-0.002464,21.0,0.01828,0.02927,0.03865,0.761175,0.8571,0.01681,-0.17475,-0.010558,0.144235,1.885,0.0111,-0.00877,0.5714,3.247,0.2214,-0.007632,21.0,0.02235,0.02927,0.04743,0.840481,,,,,,,,,,,,,,,,,,JSWENERGY_data,,2026-10-01
RSI_Bear_Momentum + EMA_Bearish_State,RSI_Bear_Momentum + EMA_Bearish_State,combo_2,47,momentum,Bearish,,,,,,,,,,,,,,,,,,0.8085,0.00953,-0.04382,-0.000684,-0.012187,2.299,0.00217,-0.00596,0.5106,1.4,0.1228,-0.000737,47.0,0.0038,0.01857,0.02612,-0.10845,,,,,,,,,,,,,,,,,,0.000981,0.101795,0.8085,2.649,0.9574,0.999414,10,1.859976,-0.00112,0.4894,0.1366,0,1,0.00102,0.0038,0.02101,0.0347,0.20379,0,0.7872,0.0192,-0.05645,0.003104,0.191201,2.513,0.00043,0.00484,0.4468,1.98,0.1075,0.004568,47.0,0.0038,0.02101,0.0347,1.859976,0.8298,0.01372,-0.06383,0.000521,0.126371,3.135,0.00462,-0.00224,0.5106,2.425,0.1366,-0.000772,47.0,0.01679,0.02436,0.0347,1.533628,,,,,,,,,,,,,,,,,,,,,,,,,,,,,,,,,,,,,,,,,,,,,,,,,,,,JSWENERGY_data,,2026-10-01
CDL_GravestoneDoji,CDL_GravestoneDoji,single,17,candle,Bearish,0.7647,0.00232,-0.01904,-0.002707,0.061952,2.587,0.00387,0.00538,0.4118,1.087,0.346,-0.003458,17.0,-0.00192,0.01066,0.01258,0.463227,0.6471,0.02817,-0.04311,0.003011,0.240267,1.571,-0.00214,0.00192,0.4706,1.403,0.2664,0.001331,17.0,0.00577,0.01213,0.01469,1.090773,,,,,,,,,,,,,,,,,,-0.000287,0.123823,0.7451,2.152,0.8235,0.634314,5,1.090773,0.00235,0.4706,0.3646,0,1,-0.001252,0.00577,0.01213,0.01469,0.39414,0,,,,,,,,,,,,,,,,,,,,,,,,,,,,,,,,,,,,,,,,,,,,,,,,,,,,,,,,,,,,,,,,,,,,,0.8235,0.00511,-0.03046,-0.001166,0.069249,2.299,0.0012,-0.00024,0.5294,0.887,0.3646,-0.001629,17.0,-0.00192,0.01066,0.01213,0.460123,JSWENERGY_data,,2026-10-01
CCI_Exit_Overbought + CDL_Engulfing_Bear,CCI_Exit_Overbought + CDL_Engulfing_Bear,combo_2,17,mean_rev,Bearish,0.7647,0.0236,-0.03042,0.010888,0.393378,2.746,-0.01028,-0.01233,0.5294,0.937,0.3846,0.012958,16.0,0.00345,0.00867,0.01971,3.122392,0.8235,0.01218,-0.09214,-0.00623,0.024866,0.898,0.00611,-0.01027,0.7059,1.21,0.2686,-0.003062,16.0,0.00361,0.0194,0.02035,0.071873,0.8235,0.01558,-0.10116,-0.005022,-0.016041,0.933,0.00624,-0.01174,0.5882,1.431,0.1841,-0.000955,16.0,0.00361,0.02002,0.02929,-0.046363,-0.000122,0.134068,0.8039,1.526,0.9412,0.55648,3,3.122392,-0.01145,0.6078,0.3846,0,1,0.00298,0.00345,0.00867,0.01971,0.39554,0,,,,,,,,,,,,,,,,,,,,,,,,,,,,,,,,,,,,,,,,,,,,,,,,,,,,,,,,,,,,,,,,,,,,,,,,,,,,,,,,,,,,,,JSWENERGY_data,,2026-10-01
Price_Below_SMA50 + OBV_Trend_Bear,Price_Below_SMA50 + OBV_Trend_Bear,combo_2,56,trend,Bearish,,,,,,,,,,,,,,,,,,,,,,,,,,,,,,,,,,,,,,,,,,,,,,,,,,,,-0.002488,0.054086,0.8036,2.287,0.9643,0.482249,20,1.394834,0.01355,0.4345,0.1402,0,1,0.002763,0.02424,0.03104,0.03722,0.21023,0,0.8036,0.01481,-0.06009,0.0001,0.024144,2.476,0.00054,0.00323,0.4464,1.879,0.1402,0.005818,56.0,0.00783,0.02129,0.02927,0.241674,,,,,,,,,,,,,,,,,,0.8214,0.01762,-0.09078,-0.001739,0.155513,2.218,0.00155,0.01007,0.4464,2.658,0.1056,0.0047,56.0,0.02424,0.03104,0.03722,1.394834,0.7857,0.01858,-0.09531,-0.005826,-0.017398,2.167,0.00896,0.02736,0.4107,3.255,0.1193,-0.00223,56.0,0.02424,0.03386,0.04354,-0.152419,,,,,,,,,,,,,,,,,,JSWENERGY_data,,2026-10-01
OBV_Falling + CDL_Harami_Bear,OBV_Falling + CDL_Harami_Bear,combo_2,22,momentum,Bearish,,,,,,,,,,,,,,,,,,0.7727,0.00179,-0.04145,-0.008036,-0.192249,1.61,0.0085,-0.00268,0.5909,1.395,0.2889,-0.007263,22.0,0.0076,0.01379,0.01776,-0.970301,,,,,,,,,,,,,,,,,,0.000811,0.078916,0.7879,1.912,0.9545,0.451586,15,1.974325,-0.00819,0.5303,0.3081,0,1,-0.002282,0.01788,0.03022,0.04281,0.37034,0,0.8182,0.02524,-0.09418,0.003529,0.119841,2.089,-0.006,-0.02226,0.5455,1.972,0.3081,-0.001624,22.0,0.01231,0.01946,0.03057,0.785109,0.7727,0.03207,-0.0785,0.00694,0.309157,2.037,-0.0068,0.00038,0.4545,2.416,0.2612,0.002042,22.0,0.01788,0.03022,0.04281,1.974325,,,,,,,,,,,,,,,,,,,,,,,,,,,,,,,,,,,,,,,,,,,,,,,,,,,,JSWENERGY_data,,2026-10-01
EMA_Bearish_State + MACD_Hist_Falling,EMA_Bearish_State + MACD_Hist_Falling,combo_2,60,momentum,Bearish,,,,,,,,,,,,,,,,,,0.8333,0.01833,-0.05225,0.006563,0.212087,3.275,-0.00637,-0.01366,0.55,1.396,0.0883,0.004448,60.0,0.00405,0.02141,0.03147,2.85558,,,,,,,,,,,,,,,,,,-0.002363,0.033586,0.8389,2.972,0.9833,0.403462,5,2.85558,0.00133,0.5111,0.1022,0,1,-0.006509,0.00405,0.02141,0.03147,0.08048,1,0.8333,0.00864,-0.08166,-0.006413,-0.081416,2.34,0.00627,0.00493,0.5167,1.974,0.0925,-0.010152,60.0,0.00755,0.02612,0.04385,-0.783017,0.85,0.00479,-0.07543,-0.007238,-0.029912,3.3,0.0084,0.01273,0.4667,2.417,0.1022,-0.013825,60.0,0.00842,0.03493,0.04779,-0.40584,,,,,,,,,,,,,,,,,,,,,,,,,,,,,,,,,,,,,,,,,,,,,,,,,,,,JSWENERGY_data,,2026-10-01
Price_Below_SMA50 + MACD_Cross_Down_Event,Price_Below_SMA50 + MACD_Cross_Down_Event,combo_2,22,trend,Bearish,,,,,,,,,,,,,,,,,,,,,,,,,,,,,,,,,,,,,,,,,,,,,,,,,,,,-0.004048,0.096151,0.697,1.241,0.8636,0.323153,30,1.666308,-0.00923,0.5303,0.2648,0,1,0.002308,0.0095,0.02867,0.05049,0.57448,0,0.6364,0.03271,-0.08204,-0.009014,-0.11207,1.06,0.00939,0.00972,0.5,1.881,0.2648,-0.00409,22.0,0.00457,0.0072,0.00926,-0.372624,,,,,,,,,,,,,,,,,,0.6818,0.04661,-0.12298,-0.00735,0.068453,1.063,0.00687,-0.00997,0.5455,2.66,0.2314,0.004338,22.0,0.00818,0.01194,0.02686,0.228069,0.7727,0.05218,-0.15886,0.00422,0.332072,1.6,-0.00324,-0.02745,0.5455,3.258,0.2121,0.006675,22.0,0.0095,0.02867,0.05049,1.666308,,,,,,,,,,,,,,,,,,JSWENERGY_data,,2026-10-01
EMA_Bearish_State + Stoch_Overbought,EMA_Bearish_State + Stoch_Overbought,combo_2,25,momentum,Bearish,,,,,,,,,,,,,,,,,,0.72,0.00933,-0.04217,-0.005087,-0.146633,1.539,0.00729,0.00105,0.6,1.351,0.1716,-0.008873,25.0,0.00628,0.00896,0.01873,-0.735334,,,,,,,,,,,,,,,,,,-0.00277,0.03157,0.7867,3.467,0.88,0.313845,10,3.897368,0.00258,0.52,0.196,0,1,-0.007063,0.01148,0.02513,0.03053,0.25361,0,0.84,0.00543,-0.02414,0.000695,0.174675,6.848,0.00104,-0.01075,0.56,1.91,0.1637,-0.005527,25.0,0.01148,0.02513,0.03053,3.897368,0.8,0.01682,-0.08688,-0.003917,0.066668,2.015,0.00428,0.01745,0.4,2.34,0.196,-0.006788,25.0,0.01919,0.02884,0.03473,0.437573,,,,,,,,,,,,,,,,,,,,,,,,,,,,,,,,,,,,,,,,,,,,,,,,,,,,JSWENERGY_data,,2026-10-01
Price_Below_SMA20 + OBV_Trend_Bear,Price_Below_SMA20 + OBV_Trend_Bear,combo_2,65,momentum,Bearish,,,,,,,,,,,,,,,,,,0.8154,0.01412,-0.04372,0.003444,0.040973,3.231,-0.00341,0.00911,0.3846,1.307,0.1039,0.003161,65.0,0.00728,0.01146,0.02108,0.554671,,,,,,,,,,,,,,,,,,0.002114,0.012353,0.8256,4.908,0.9692,0.246199,10,0.871077,0.00662,0.4256,0.1218,0,1,0.001545,0.01009,0.01671,0.02392,0.08135,1,0.8154,0.0094,-0.0256,0.002938,0.031883,6.521,-0.00228,0.00552,0.4308,1.849,0.1218,0.003996,65.0,0.01009,0.01671,0.02392,0.871077,0.8462,0.00757,-0.0419,-3.8e-05,-0.035798,4.972,0.00282,0.00522,0.4615,2.264,0.0694,-0.002522,65.0,0.01631,0.02444,0.03392,-0.745742,,,,,,,,,,,,,,,,,,,,,,,,,,,,,,,,,,,,,,,,,,,,,,,,,,,,JSWENERGY_data,,2026-10-01
RSI_Bear_Momentum + OBV_Trend_Bear,RSI_Bear_Momentum + OBV_Trend_Bear,combo_2,75,momentum,Bearish,,,,,,,,,,,,,,,,,,0.8533,0.01104,-0.04789,0.002396,0.082179,3.395,-0.00243,0.00247,0.48,1.346,0.0965,0.00081,75.0,0.00633,0.01834,0.02503,1.208116,,,,,,,,,,,,,,,,,,-0.00056,0.0113,0.8489,3.198,0.9867,0.154432,10,1.282717,0.00165,0.5111,0.1001,0,1,-0.001768,0.00854,0.0236,0.03113,0.036,1,0.84,0.01205,-0.05183,0.001833,0.081007,3.656,-0.00152,0.00038,0.4667,1.904,0.1001,0.001213,75.0,0.00854,0.0236,0.03113,1.282717,0.8533,0.00668,-0.07914,-0.005908,-0.129286,2.544,0.00777,0.00209,0.5867,2.331,0.0717,-0.007328,75.0,0.01986,0.02669,0.03429,-1.424537,,,,,,,,,,,,,,,,,,,,,,,,,,,,,,,,,,,,,,,,,,,,,,,,,,,,JSWENERGY_data,,2026-10-01
OBV_Trend_Bear + CDL_Engulfing_Bear,OBV_Trend_Bear + CDL_Engulfing_Bear,combo_2,28,momentum,Bearish,,,,,,,,,,,,,,,,,,0.7857,0.01484,-0.03486,0.004188,0.198504,2.74,-0.00416,0.00669,0.4286,1.421,0.1663,0.003035,28.0,0.00785,0.0153,0.02723,1.83163,,,,,,,,,,,,,,,,,,-0.004056,0.021838,0.7857,2.179,0.9286,0.148756,5,1.83163,0.00813,0.4643,0.2059,0,1,-0.005477,0.00785,0.0153,0.02723,0.31156,0,0.8214,0.01803,-0.08467,-0.000306,0.065068,2.237,0.00033,-0.00025,0.5,2.01,0.2059,-0.000177,28.0,0.00956,0.02346,0.04187,0.490082,0.75,0.00566,-0.08118,-0.016049,-0.198057,1.559,0.01804,0.01796,0.4643,2.462,0.1629,-0.01929,28.0,0.01072,0.02711,0.04391,-1.039397,,,,,,,,,,,,,,,,,,,,,,,,,,,,,,,,,,,,,,,,,,,,,,,,,,,,JSWENERGY_data,,2026-10-01
CDL_ShootingStar,CDL_ShootingStar,single,23,candle,Bearish,0.8261,0.00836,-0.03716,0.000447,0.017161,2.886,0.0002,-0.00311,0.5217,1.063,0.1968,-0.002594,23.0,0.00489,0.01227,0.01811,0.157415,0.8261,0.01444,-0.03986,0.004994,0.052787,3.188,-0.00661,0.00192,0.4783,1.373,0.3063,0.00375,23.0,0.00489,0.01227,0.02544,0.534755,,,,,,,,,,,,,,,,,,0.001161,0.009072,0.8406,2.735,0.9565,0.075417,5,0.534755,-0.0004,0.5072,0.3063,0,1,-9.6e-05,0.00489,0.01227,0.02544,0.16406,0,,,,,,,,,,,,,,,,,,,,,,,,,,,,,,,,,,,,,,,,,,,,,,,,,,,,,,,,,,,,,,,,,,,,,0.8696,0.00459,-0.04564,-0.001958,-0.042731,2.13,0.00174,0.0,0.5217,0.868,0.2519,-0.001443,23.0,0.00489,0.01106,0.01811,-0.289254,JSWENERGY_data,,2026-10-01
Price_Below_SMA50 + Price_Below_EMA200,Price_Below_SMA50 + Price_Below_EMA200,combo_2,34,trend,Bearish,,,,,,,,,,,,,,,,,,,,,,,,,,,,,,,,,,,,,,,,,,,,,,,,,,,,0.005443,0.00581,0.7549,2.22,0.8529,0.039112,30,0.880442,0.00966,0.4118,0.1578,0,1,0.014733,0.00903,0.02438,0.03532,0.29006,0,0.6765,0.02419,-0.06187,-0.003653,-0.11626,1.376,0.00404,0.0058,0.4118,1.821,0.1578,0.006912,34.0,0.00024,0.00799,0.0111,-0.568662,,,,,,,,,,,,,,,,,,0.8235,0.03794,-0.12284,0.009563,0.046695,2.438,-0.00762,0.00166,0.4412,2.575,0.1363,0.016918,34.0,0.00903,0.02438,0.03481,0.404727,0.7647,0.04418,-0.0993,0.01042,0.086994,2.847,-0.00371,0.02152,0.3824,3.153,0.1192,0.020368,34.0,0.00903,0.02438,0.03532,0.880442,,,,,,,,,,,,,,,,,,JSWENERGY_data,,2026-10-01
EMA_Bearish_State + OBV_Falling,EMA_Bearish_State + OBV_Falling,combo_2,119,momentum,Bearish,,,,,,,,,,,,,,,,,,0.8067,0.01316,-0.06105,-0.00118,0.040651,1.962,0.00124,0.00105,0.5042,1.385,0.0546,-0.000481,118.0,0.00646,0.0157,0.02568,0.381817,,,,,,,,,,,,,,,,,,-0.004579,-0.000354,0.8263,2.482,0.9664,-0.004069,5,0.381817,0.00572,0.4958,0.0546,0,1,-0.005281,0.00646,0.0157,0.02568,0.02052,1,0.8403,0.00536,-0.06657,-0.006121,-0.052954,2.824,0.008,0.00513,0.5126,1.958,0.0543,-0.006442,118.0,0.00787,0.025,0.03386,-0.71591,0.8319,0.00921,-0.08387,-0.006436,0.01124,2.66,0.0078,0.01096,0.4706,2.398,0.0521,-0.008921,118.0,0.01755,0.02822,0.03991,0.143153,,,,,,,,,,,,,,,,,,,,,,,,,,,,,,,,,,,,,,,,,,,,,,,,,,,,JSWENERGY_data,,2026-10-01
Price_Below_SMA50 + Stoch_Cross_Down,Price_Below_SMA50 + Stoch_Cross_Down,combo_2,59,trend,Bearish,,,,,,,,,,,,,,,,,,,,,,,,,,,,,,,,,,,,,,,,,,,,,,,,,,,,-0.008642,-0.001915,0.791,2.065,0.9153,-0.01482,30,2.98872,0.007,0.5028,0.1173,0,1,-0.007453,0.01525,0.04102,0.05862,0.1368,0,0.7458,0.01324,-0.08182,-0.010927,-0.193306,1.349,0.01063,0.01074,0.5085,2.027,0.1173,-0.007542,59.0,0.00759,0.01333,0.0309,-1.068044,,,,,,,,,,,,,,,,,,0.7966,0.0121,-0.09861,-0.010415,-0.078325,2.1,0.01217,0.01264,0.4915,2.867,0.0954,-0.01291,59.0,0.01351,0.03273,0.04165,-0.673416,0.8305,0.01916,-0.12094,-0.004583,0.265885,2.745,0.00502,-0.00239,0.5085,3.512,0.0911,-0.001908,59.0,0.01525,0.04102,0.05862,2.98872,,,,,,,,,,,,,,,,,,JSWENERGY_data,,2026-10-01
Stoch_Cross_Down + CDL_Engulfing_Bear,Stoch_Cross_Down + CDL_Engulfing_Bear,combo_2,22,mean_rev,Bearish,0.7727,0.02135,-0.0532,0.004407,0.173057,1.569,-0.00497,-0.00921,0.5455,1.085,0.3119,0.006076,22.0,0.00615,0.00822,0.01119,0.85121,0.6364,0.01749,-0.03274,-0.000777,0.065123,1.299,0.00106,0.00461,0.5,1.401,0.274,0.000494,22.0,0.00615,0.00822,0.01261,0.265216,0.6818,0.01474,-0.07284,-0.013125,-0.267716,0.782,0.01219,0.00908,0.5455,1.658,0.3139,-0.00962,22.0,0.00618,0.00998,0.01823,-0.839423,-0.003165,-0.009845,0.697,1.216,0.8636,-0.03243,3,0.85121,0.00149,0.5303,0.3139,0,1,-0.001017,0.00615,0.00822,0.01119,0.56955,0,,,,,,,,,,,,,,,,,,,,,,,,,,,,,,,,,,,,,,,,,,,,,,,,,,,,,,,,,,,,,,,,,,,,,,,,,,,,,,,,,,,,,,JSWENERGY_data,,2026-10-01
CDL_Engulfing_Bear,CDL_Engulfing_Bear,single,88,candle,Bearish,0.75,0.01306,-0.04915,-0.002493,-0.02063,1.109,0.0016,-0.00367,0.6023,1.066,0.108,0.002931,86.0,-0.0,0.00659,0.01269,-0.102677,0.7386,0.01302,-0.05169,-0.003892,-0.026397,1.164,0.00453,0.001,0.5682,1.376,0.0905,0.002522,86.0,0.00073,0.00777,0.01873,-0.137914,,,,,,,,,,,,,,,,,,-0.001981,-0.01018,0.7348,1.244,0.9659,-0.054894,2,0.107911,-0.0012,0.5568,0.108,0,1,0.003063,-0.00071,0.00432,0.01038,0.66488,0,,,,,,,,,,,,,,,,,,,,,,,,,,,,,,,,,,,,,,,,,,,,,,,,,,,,,,,,,,,,,,,,,,,,,0.7159,0.01243,-0.02978,0.000442,0.016486,1.458,0.00018,-0.00093,0.5,0.87,0.0872,0.003737,86.0,-0.00071,0.00432,0.01038,0.107911,JSWENERGY_data,,2026-10-01
RSI_Cross50_Down + EMA_Bearish_State,RSI_Cross50_Down + EMA_Bearish_State,combo_2,27,momentum,Bearish,,,,,,,,,,,,,,,,,,0.8519,0.01202,-0.06945,-5e-05,-0.053405,2.118,0.00177,0.00247,0.4444,1.373,0.1607,0.000371,27.0,0.00639,0.02048,0.02612,-0.37698,,,,,,,,,,,,,,,,,,-0.001762,-0.008901,0.8395,3.09,0.963,-0.088238,15,0.369,0.00642,0.4198,0.2265,0,1,0.000378,0.01868,0.02436,0.0347,0.19711,0,0.8148,0.00727,-0.04927,-0.003202,-0.000134,3.024,0.00753,0.00793,0.4074,1.941,0.176,0.000952,27.0,0.00639,0.02436,0.0347,-0.001349,0.8519,0.00816,-0.06062,-0.002034,0.026837,4.126,0.00723,0.00885,0.4074,2.377,0.2265,-0.00019,27.0,0.01868,0.02436,0.0347,0.369,,,,,,,,,,,,,,,,,,,,,,,,,,,,,,,,,,,,,,,,,,,,,,,,,,,,JSWENERGY_data,,2026-10-01
CDL_Harami_Bear,CDL_Harami_Bear,single,24,candle,Bearish,0.8333,0.00247,-0.02266,-0.001721,0.030783,4.074,0.00276,0.00361,0.5,1.041,0.2822,-0.004109,24.0,0.00653,0.01398,0.01768,0.403717,0.7917,0.00433,-0.04145,-0.005204,-0.075033,1.843,0.00567,-0.00471,0.5833,1.344,0.2529,-0.005838,24.0,0.00852,0.01398,0.0178,-0.44518,,,,,,,,,,,,,,,,,,-0.002997,-0.023373,0.7778,2.457,0.875,-0.161724,3,0.403717,0.0025,0.5139,0.2822,0,1,-0.004035,0.00653,0.01398,0.01768,0.29027,0,,,,,,,,,,,,,,,,,,,,,,,,,,,,,,,,,,,,,,,,,,,,,,,,,,,,,,,,,,,,,,,,,,,,,0.7083,0.0086,-0.02798,-0.002066,-0.025869,1.452,0.00166,0.0086,0.4583,0.85,0.2437,-0.002156,24.0,0.0035,0.0068,0.01307,-0.120933,JSWENERGY_data,,2026-10-01
Price_Below_SMA50 + Stoch_Overbought,Price_Below_SMA50 + Stoch_Overbought,combo_2,15,trend,Bearish,,,,,,,,,,,,,,,,,,,,,,,,,,,,,,,,,,,,,,,,,,,,,,,,,,,,-0.01332,-0.034055,0.8,2.228,1.0,-0.210414,10,0.873127,0.00235,0.5778,0.3718,0,1,-0.005829,0.00933,0.02331,0.03266,0.49523,0,0.8,0.00834,-0.03323,2.4e-05,0.075171,4.189,0.00133,0.01078,0.4,2.02,0.2676,0.005639,15.0,0.00933,0.02331,0.03266,0.873127,,,,,,,,,,,,,,,,,,0.8,0.01819,-0.1506,-0.015568,-0.214568,1.186,0.01936,0.01215,0.6,2.857,0.3718,-0.007206,15.0,0.02268,0.03177,0.03473,-0.705567,0.8,0.01317,-0.17475,-0.024416,0.037233,1.31,0.02435,-0.01588,0.7333,3.499,0.3145,-0.015921,15.0,0.02268,0.03184,0.04967,0.135251,,,,,,,,,,,,,,,,,,JSWENERGY_data,,2026-10-01
Stoch_Overbought + CMF_Negative,Stoch_Overbought + CMF_Negative,combo_2,24,momentum,Bearish,,,,,,,,,,,,,,,,,,0.75,0.01677,-0.05625,-0.001481,-0.06605,1.341,0.00165,-0.00944,0.5417,1.254,0.1723,0.00036,24.0,0.006,0.0104,0.01374,-0.285084,,,,,,,,,,,,,,,,,,-0.003733,-0.047815,0.8056,1.838,0.9167,-0.259344,10,1.475843,0.00589,0.4583,0.243,0,1,0.000793,0.01053,0.0229,0.03212,0.28919,0,0.8333,0.01603,-0.0631,0.002845,0.185866,2.467,-0.00296,0.00617,0.4583,1.773,0.1794,0.006111,24.0,0.01053,0.0229,0.03212,1.475843,0.8333,8e-05,-0.07578,-0.012563,-0.263262,1.707,0.01245,0.02096,0.375,2.172,0.243,-0.004092,24.0,0.01053,0.0229,0.03212,-1.446455,,,,,,,,,,,,,,,,,,,,,,,,,,,,,,,,,,,,,,,,,,,,,,,,,,,,JSWENERGY_data,,2026-10-01
CMF_Strong_Bear + CDL_Engulfing_Bear,CMF_Strong_Bear + CDL_Engulfing_Bear,combo_2,24,momentum,Bearish,,,,,,,,,,,,,,,,,,0.75,0.02084,-0.0732,-0.002672,0.11113,1.216,0.00261,0.00653,0.5,1.355,0.2366,0.004798,24.0,0.00252,0.00729,0.02683,0.43497,,,,,,,,,,,,,,,,,,-0.012471,-0.082706,0.7778,1.307,0.9583,-0.333497,5,0.43497,0.02527,0.4444,0.3178,0,1,-0.000408,0.00252,0.00729,0.02683,0.47606,0,0.7917,0.00503,-0.09931,-0.016712,-0.21719,1.188,0.01779,0.0409,0.4583,1.916,0.3178,-0.00436,24.0,0.00252,0.01934,0.03141,-0.830449,0.7917,0.00429,-0.10282,-0.018028,-0.142059,1.518,0.02009,0.0284,0.375,2.346,0.2287,-0.001663,24.0,0.00621,0.02712,0.03141,-0.69399,,,,,,,,,,,,,,,,,,,,,,,,,,,,,,,,,,,,,,,,,,,,,,,,,,,,JSWENERGY_data,,2026-10-01
BB_Upper_Reject + Williams_Overbought,BB_Upper_Reject + Williams_Overbought,combo_2,18,mean_rev,Bearish,0.7222,0.00118,-0.04652,-0.012067,-0.257217,0.678,0.01232,0.02027,0.4444,1.062,0.3015,-0.018368,18.0,0.00619,0.01143,0.0152,-0.75736,0.7778,0.00689,-0.04624,-0.004918,-0.100835,1.309,0.00589,0.0003,0.5556,1.371,0.2487,-0.008706,18.0,0.00619,0.01355,0.0178,-0.388639,0.7778,0.01326,-0.06439,-0.003998,0.002827,1.147,0.00468,-0.00086,0.5556,1.622,0.2053,-0.004009,18.0,0.00911,0.01525,0.04021,0.009549,-0.006994,-0.118409,0.7593,1.045,0.9444,-0.343974,7,0.009549,0.00657,0.5185,0.3015,0,1,-0.010361,0.00911,0.01525,0.04021,0.56648,0,,,,,,,,,,,,,,,,,,,,,,,,,,,,,,,,,,,,,,,,,,,,,,,,,,,,,,,,,,,,,,,,,,,,,,,,,,,,,,,,,,,,,,JSWENERGY_data,,2026-10-01
EMA_Bearish_State + Stoch_Bear_Zone,EMA_Bearish_State + Stoch_Bear_Zone,combo_2,52,momentum,Bearish,,,,,,,,,,,,,,,,,,0.7885,0.01672,-0.05661,0.001211,0.124253,2.022,-0.00162,-0.00552,0.5192,1.373,0.1139,0.001526,52.0,0.0068,0.01166,0.02094,0.997327,,,,,,,,,,,,,,,,,,-0.005737,-0.03666,0.8077,2.603,0.9615,-0.364291,5,0.997327,0.01012,0.4872,0.1183,0,1,-0.00987,0.0068,0.01166,0.02094,0.19979,0,0.8077,0.01399,-0.0866,-0.005351,-0.109878,1.897,0.00531,0.01381,0.4808,1.942,0.1183,-0.009622,52.0,0.00799,0.03099,0.03867,-0.827606,0.8269,-0.00381,-0.05731,-0.013071,-0.124356,3.89,0.01462,0.02209,0.4615,2.378,0.1091,-0.021513,52.0,0.00902,0.03111,0.04144,-1.920637,,,,,,,,,,,,,,,,,,,,,,,,,,,,,,,,,,,,,,,,,,,,,,,,,,,,JSWENERGY_data,,2026-10-01
Price_Below_SMA20 + MACD_Cross_Down_Event,Price_Below_SMA20 + MACD_Cross_Down_Event,combo_2,33,momentum,Bearish,,,,,,,,,,,,,,,,,,0.6364,0.03101,-0.05922,-0.0018,0.028607,1.191,0.00155,0.003,0.4848,1.292,0.1347,-0.004757,33.0,0.00467,0.00722,0.00908,0.120105,,,,,,,,,,,,,,,,,,-0.007654,-0.138809,0.6566,1.081,0.9697,-0.512892,5,0.120105,0.007,0.5152,0.2313,0,1,-0.007097,0.00467,0.00722,0.00908,0.92999,0,0.6667,0.03352,-0.08677,-0.006576,-0.145729,1.102,0.00638,0.00608,0.5152,1.828,0.2313,-0.005853,33.0,0.00546,0.00778,0.00942,-0.5663,0.6667,0.03125,-0.10626,-0.014586,-0.299305,0.949,0.01547,0.01191,0.5455,2.238,0.1775,-0.010681,33.0,0.00604,0.00847,0.01605,-1.055457,,,,,,,,,,,,,,,,,,,,,,,,,,,,,,,,,,,,,,,,,,,,,,,,,,,,JSWENERGY_data,,2026-10-01
OBV_Falling + CCI_Exit_Overbought,OBV_Falling + CCI_Exit_Overbought,combo_2,66,momentum,Bearish,,,,,,,,,,,,,,,,,,0.7879,0.01246,-0.05916,-0.002735,0.006618,1.373,0.00309,0.00019,0.5455,1.312,0.086,-0.001115,65.0,0.00256,0.01437,0.01931,0.038204,,,,,,,,,,,,,,,,,,-0.008761,-0.08941,0.8232,1.493,0.9242,-0.518619,5,0.038204,-0.00649,0.5909,0.086,0,1,-0.004332,0.00256,0.01437,0.01931,0.03678,1,0.8182,0.00912,-0.0851,-0.008011,-0.07488,1.593,0.00974,-0.01274,0.5606,1.855,0.0695,-0.00502,65.0,0.01068,0.02309,0.03702,-0.501593,0.8636,0.00451,-0.14247,-0.015536,-0.199967,1.512,0.01815,-0.00692,0.6667,2.272,0.0761,-0.006861,65.0,0.02064,0.03826,0.04783,-1.271071,,,,,,,,,,,,,,,,,,,,,,,,,,,,,,,,,,,,,,,,,,,,,,,,,,,,JSWENERGY_data,,2026-10-01
CCI_Exit_Overbought,CCI_Exit_Overbought,single,75,mean_rev,Bearish,0.72,0.00937,-0.03345,-0.002621,-0.017861,1.396,0.00336,0.00236,0.5067,1.018,0.1331,-0.001022,74.0,0.0012,0.00596,0.01397,-0.10801,0.7733,0.01016,-0.07609,-0.009392,-0.155751,0.908,0.00937,0.00243,0.5867,1.314,0.0828,-0.007306,74.0,0.00286,0.01422,0.01925,-0.674517,0.7733,0.00907,-0.08563,-0.012396,-0.209544,0.884,0.01207,-0.00675,0.64,1.554,0.087,-0.009031,74.0,0.00286,0.01474,0.02268,-0.907477,-0.008136,-0.127719,0.7556,1.063,0.9467,-0.556494,3,-0.10801,-0.00065,0.5778,0.1331,0,1,-0.005786,0.0012,0.00596,0.01397,0.46961,0,,,,,,,,,,,,,,,,,,,,,,,,,,,,,,,,,,,,,,,,,,,,,,,,,,,,,,,,,,,,,,,,,,,,,,,,,,,,,,,,,,,,,,JSWENERGY_data,,2026-10-01
BB_Upper_Reject + Stoch_Bear_Zone,BB_Upper_Reject + Stoch_Bear_Zone,combo_2,14,momentum,Bearish,,,,,,,,,,,,,,,,,,0.6429,0.01205,-0.05438,-0.011671,-0.101881,0.727,0.01146,0.0114,0.5,1.482,0.3477,-0.009855,14.0,0.0082,0.01435,0.01746,-0.2759,,,,,,,,,,,,,,,,,,-0.022291,-0.247431,0.6905,0.654,0.9286,-0.622195,5,-0.2759,0.00843,0.5476,0.3477,0,1,-0.017504,0.0082,0.01435,0.01746,0.7769,0,0.7143,0.02034,-0.11287,-0.017721,-0.21368,0.651,0.01735,-0.0037,0.6429,2.096,0.3348,-0.014499,14.0,0.01313,0.01665,0.03252,-0.578658,0.7143,0.0055,-0.14493,-0.03748,-0.426732,0.583,0.03711,0.01758,0.5,2.567,0.3403,-0.028158,14.0,0.01313,0.01665,0.03252,-1.15561,,,,,,,,,,,,,,,,,,,,,,,,,,,,,,,,,,,,,,,,,,,,,,,,,,,,JSWENERGY_data,,2026-10-01
Stoch_Bear_Zone + CCI_Exit_Overbought,Stoch_Bear_Zone + CCI_Exit_Overbought,combo_2,57,momentum,Bearish,,,,,,,,,,,,,,,,,,0.7895,0.0119,-0.04915,-0.00095,0.040255,1.547,0.00105,0.00179,0.4912,1.306,0.1059,-0.000165,57.0,0.00669,0.01558,0.02024,0.252871,,,,,,,,,,,,,,,,,,-0.009828,-0.118471,0.8421,1.477,0.8947,-0.635714,5,0.252871,-0.00603,0.5848,0.1059,0,1,-0.005515,0.00669,0.01558,0.02024,0.01132,1,0.8421,0.00699,-0.09807,-0.009597,-0.11354,1.539,0.01083,-0.01087,0.5789,1.847,0.0815,-0.006772,57.0,0.01499,0.02385,0.03689,-0.709573,0.8947,0.00316,-0.20678,-0.018938,-0.282128,1.345,0.02063,-0.009,0.6842,2.262,0.0884,-0.009608,57.0,0.02369,0.03483,0.04793,-1.540559,,,,,,,,,,,,,,,,,,,,,,,,,,,,,,,,,,,,,,,,,,,,,,,,,,,,JSWENERGY_data,,2026-10-01
CCI_Overbought + CDL_Engulfing_Bear,CCI_Overbought + CDL_Engulfing_Bear,combo_2,19,mean_rev,Bearish,0.7368,0.01077,-0.06382,-0.008859,-0.204677,0.62,0.00947,-0.00713,0.6316,1.151,0.2627,0.005312,18.0,-0.00235,0.0042,0.01219,-0.613159,0.6842,0.00671,-0.04945,-0.011022,-0.239943,0.717,0.01386,0.00213,0.5263,1.486,0.2408,0.007436,18.0,-0.00235,0.0042,0.01355,-0.718806,0.6842,0.01219,-0.06647,-0.012651,-0.322993,0.882,0.01355,-0.00119,0.5789,1.759,0.2452,0.005915,18.0,-0.00235,0.0111,0.01833,-0.967602,-0.010844,-0.255871,0.7018,0.74,0.9474,-0.726179,3,-0.613159,-0.00206,0.5789,0.2627,0,1,0.006221,-0.00235,0.0042,0.01219,0.71309,0,,,,,,,,,,,,,,,,,,,,,,,,,,,,,,,,,,,,,,,,,,,,,,,,,,,,,,,,,,,,,,,,,,,,,,,,,,,,,,,,,,,,,,JSWENERGY_data,,2026-10-01
STRAT_BB_Stoch_Bear,BB_Upper_Reject + Stoch_Overbought,combo_2,23,mean_rev,Bearish,0.8261,-0.00186,-0.05366,-0.010867,-0.253928,0.862,0.01112,0.01119,0.4783,1.05,0.2567,-0.0135,23.0,0.00269,0.01246,0.01533,-0.806996,0.8261,0.00091,-0.0286,-0.004227,-0.092557,2.459,0.00521,-0.00045,0.5652,1.356,0.2043,-0.006642,23.0,0.00921,0.01525,0.02847,-0.723426,0.8696,0.00158,-0.06095,-0.00658,-0.098776,1.916,0.00702,0.00098,0.5217,1.604,0.1731,-0.009024,23.0,0.01522,0.02577,0.03767,-0.601584,-0.007225,-0.14842,0.8406,1.746,0.9565,-0.787745,7,-0.601584,0.00391,0.5217,0.2567,0,1,-0.009722,0.01522,0.02577,0.03767,0.16508,0,,,,,,,,,,,,,,,,,,,,,,,,,,,,,,,,,,,,,,,,,,,,,,,,,,,,,,,,,,,,,,,,,,,,,,,,,,,,,,,,,,,,,,JSWENERGY_data,,2026-10-01
BB_Upper_Reject + Stoch_Overbought,BB_Upper_Reject + Stoch_Overbought,combo_2,23,mean_rev,Bearish,0.8261,-0.00186,-0.05366,-0.010867,-0.253928,0.862,0.01112,0.01119,0.4783,1.05,0.2567,-0.0135,23.0,0.00269,0.01246,0.01533,-0.806996,0.8261,0.00091,-0.0286,-0.004227,-0.092557,2.459,0.00521,-0.00045,0.5652,1.356,0.2043,-0.006642,23.0,0.00921,0.01525,0.02847,-0.723426,0.8696,0.00158,-0.06095,-0.00658,-0.098776,1.916,0.00702,0.00098,0.5217,1.604,0.1731,-0.009024,23.0,0.01522,0.02577,0.03767,-0.601584,-0.007225,-0.14842,0.8406,1.746,0.9565,-0.787745,7,-0.601584,0.00391,0.5217,0.2567,0,1,-0.009722,0.01522,0.02577,0.03767,0.16508,0,,,,,,,,,,,,,,,,,,,,,,,,,,,,,,,,,,,,,,,,,,,,,,,,,,,,,,,,,,,,,,,,,,,,,,,,,,,,,,,,,,,,,,JSWENERGY_data,,2026-10-01
Price_Below_EMA200 + CMF_Strong_Bear,Price_Below_EMA200 + CMF_Strong_Bear,combo_2,30,trend,Bearish,,,,,,,,,,,,,,,,,,,,,,,,,,,,,,,,,,,,,,,,,,,,,,,,,,,,-0.007924,-0.14917,0.7889,1.721,0.9,-0.793437,30,-0.082802,0.00144,0.5444,0.1455,0,1,-0.004247,0.01105,0.0307,0.03878,0.23463,0,0.8333,0.00414,-0.12788,-0.017859,-0.337726,1.588,0.01863,0.00136,0.6,1.907,0.1455,-0.011417,30.0,0.00648,0.01919,0.03141,-1.842252,,,,,,,,,,,,,,,,,,0.8,0.03025,-0.13692,-0.003184,-0.093623,2.083,0.00337,0.0057,0.5,2.696,0.1431,-0.001319,30.0,0.01105,0.02848,0.03644,-0.669587,0.7333,0.0605,-0.1766,-0.00273,-0.016162,1.492,0.00417,-0.00272,0.5333,3.302,0.1279,-5e-06,30.0,0.01105,0.0307,0.03878,-0.082802,,,,,,,,,,,,,,,,,,JSWENERGY_data,,2026-10-01
OBV_Falling + CDL_Engulfing_Bear,OBV_Falling + CDL_Engulfing_Bear,combo_2,88,momentum,Bearish,,,,,,,,,,,,,,,,,,0.7386,0.01302,-0.05169,-0.003892,-0.026397,1.164,0.00453,0.001,0.5682,1.376,0.0905,0.002522,86.0,0.00073,0.00777,0.01873,-0.137914,,,,,,,,,,,,,,,,,,-0.008377,-0.124976,0.7689,1.507,0.9432,-0.797489,10,0.090702,0.00144,0.5568,0.0926,0,1,-0.000305,0.00758,0.0151,0.03172,0.31832,0,0.7727,0.0195,-0.0751,-0.002003,0.011278,1.792,0.00252,-0.00835,0.5455,1.946,0.0721,0.005563,86.0,0.00758,0.0151,0.03172,0.090702,0.7955,-0.00276,-0.0833,-0.019237,-0.359809,1.566,0.02063,0.01167,0.5568,2.383,0.0926,-0.008999,86.0,0.00947,0.02711,0.03524,-2.529366,,,,,,,,,,,,,,,,,,,,,,,,,,,,,,,,,,,,,,,,,,,,,,,,,,,,JSWENERGY_data,,2026-10-01
CMF_Negative + CDL_Engulfing_Bear,CMF_Negative + CDL_Engulfing_Bear,combo_2,39,momentum,Bearish,,,,,,,,,,,,,,,,,,0.7436,0.01512,-0.05074,-0.001765,0.043392,1.362,0.0017,0.00243,0.4615,1.334,0.1814,0.005367,39.0,0.00083,0.00729,0.01618,0.217999,,,,,,,,,,,,,,,,,,-0.012103,-0.182819,0.7521,1.215,0.9744,-0.798192,5,0.217999,0.01292,0.4786,0.1852,0,1,-0.001889,0.00083,0.00729,0.01618,0.5844,0,0.7436,0.0135,-0.08849,-0.012653,-0.222775,1.168,0.01251,0.01429,0.4872,1.886,0.1852,-0.002131,39.0,0.005,0.0101,0.02895,-0.959476,0.7692,0.00722,-0.11893,-0.021891,-0.369073,1.115,0.02183,0.02204,0.4872,2.31,0.1827,-0.008903,39.0,0.00659,0.0265,0.03522,-1.517594,,,,,,,,,,,,,,,,,,,,,,,,,,,,,,,,,,,,,,,,,,,,,,,,,,,,JSWENERGY_data,,2026-10-01
EMA_Bearish_State + CMF_Strong_Bear,EMA_Bearish_State + CMF_Strong_Bear,combo_2,24,momentum,Bearish,,,,,,,,,,,,,,,,,,0.75,0.01546,-0.06233,-0.00399,0.082112,1.471,0.00626,0.00703,0.4583,1.376,0.1606,0.002456,24.0,0.00314,0.00966,0.01714,0.388791,,,,,,,,,,,,,,,,,,-0.01858,-0.199346,0.7639,1.301,0.9583,-0.799783,5,0.388791,0.00955,0.5,0.2477,0,1,-0.012684,0.00314,0.00966,0.01714,0.47606,0,0.7917,0.0046,-0.12861,-0.023149,-0.297272,1.17,0.02238,-0.00411,0.5417,1.946,0.2477,-0.014682,24.0,0.00438,0.0158,0.02926,-1.11922,0.75,0.00383,-0.12588,-0.0286,-0.382878,1.261,0.03048,0.02573,0.5,2.383,0.1763,-0.025827,24.0,0.00669,0.0158,0.03032,-1.554326,,,,,,,,,,,,,,,,,,,,,,,,,,,,,,,,,,,,,,,,,,,,,,,,,,,,JSWENERGY_data,,2026-10-01
Stoch_Cross_Down + Williams_Overbought,Stoch_Cross_Down + Williams_Overbought,combo_2,33,mean_rev,Bearish,0.8438,0.00103,-0.06121,-0.008692,-0.163368,1.205,0.01052,0.00495,0.5312,1.038,0.1342,-0.01272,31.0,0.00359,0.01547,0.01838,-0.694337,0.8438,0.00236,-0.10726,-0.014764,-0.294089,1.011,0.01686,-0.00245,0.5938,1.339,0.1689,-0.017767,31.0,0.00359,0.01547,0.01952,-1.048164,0.7812,0.01214,-0.11472,-0.01561,-0.29068,0.853,0.01598,0.00253,0.5938,1.585,0.1422,-0.014354,31.0,0.01106,0.01616,0.02738,-1.025043,-0.013022,-0.249379,0.8229,1.023,0.9375,-0.843306,3,-0.694337,0.00168,0.5729,0.1689,0,1,-0.014947,0.00359,0.01547,0.01838,0.18906,0,,,,,,,,,,,,,,,,,,,,,,,,,,,,,,,,,,,,,,,,,,,,,,,,,,,,,,,,,,,,,,,,,,,,,,,,,,,,,,,,,,,,,,JSWENERGY_data,,2026-10-01
Price_Below_SMA20 + CDL_Engulfing_Bear,Price_Below_SMA20 + CDL_Engulfing_Bear,combo_2,33,momentum,Bearish,,,,,,,,,,,,,,,,,,0.697,0.01422,-0.05478,-0.006693,-0.119367,1.127,0.00729,0.01727,0.4545,1.441,0.2034,-0.002556,33.0,0.0018,0.0085,0.01201,-0.474545,,,,,,,,,,,,,,,,,,-0.014509,-0.247418,0.6768,1.06,0.9394,-0.868426,5,-0.474545,0.02598,0.4848,0.2034,0,1,-0.009876,0.0018,0.0085,0.01201,0.86243,0,0.697,0.01787,-0.08869,-0.014419,-0.259074,1.143,0.01457,0.04124,0.4242,2.038,0.1917,-0.009471,33.0,0.00698,0.00995,0.01777,-1.044251,0.6364,0.01386,-0.08589,-0.022414,-0.363812,0.908,0.02308,0.01943,0.5758,2.496,0.1538,-0.0176,33.0,0.00698,0.01076,0.02454,-1.282933,,,,,,,,,,,,,,,,,,,,,,,,,,,,,,,,,,,,,,,,,,,,,,,,,,,,JSWENERGY_data,,2026-10-01
RSI_Bear_Momentum + CDL_Engulfing_Bear,RSI_Bear_Momentum + CDL_Engulfing_Bear,combo_2,24,momentum,Bearish,,,,,,,,,,,,,,,,,,0.7083,0.01622,-0.07047,-0.009067,-0.139729,1.011,0.00966,0.01927,0.4167,1.501,0.2529,-0.00194,24.0,0.00031,0.00746,0.02041,-0.454627,,,,,,,,,,,,,,,,,,-0.016184,-0.27542,0.6806,1.072,0.9167,-0.8708,5,-0.454627,0.02779,0.4583,0.289,0,1,-0.007304,0.00031,0.00746,0.02041,0.80954,0,0.7083,0.00767,-0.08324,-0.018843,-0.337959,1.139,0.01972,0.04426,0.4167,2.123,0.289,-0.008219,24.0,0.00275,0.00896,0.02041,-1.239132,0.625,0.01357,-0.07766,-0.020641,-0.348573,1.065,0.02209,0.01985,0.5417,2.6,0.2858,-0.011753,24.0,0.00631,0.01066,0.02616,-1.194654,,,,,,,,,,,,,,,,,,,,,,,,,,,,,,,,,,,,,,,,,,,,,,,,,,,,JSWENERGY_data,,2026-10-01
Stoch_Cross_Down,Stoch_Cross_Down,single,184,mean_rev,Bearish,0.7747,0.0084,-0.04152,-0.002848,-0.043888,1.54,0.00316,0.00291,0.5,1.063,0.0511,-0.002143,181.0,0.00267,0.00776,0.01406,-0.352722,0.7527,0.00733,-0.05612,-0.008355,-0.147614,1.235,0.00878,0.00655,0.5275,1.372,0.0466,-0.006793,181.0,0.00356,0.01067,0.01667,-0.951945,0.7637,0.00958,-0.07673,-0.010809,-0.204565,1.126,0.0115,0.00231,0.5604,1.623,0.036,-0.008548,181.0,0.00482,0.01346,0.02043,-1.202762,-0.007338,-0.132022,0.7637,1.3,0.978,-0.876532,3,-0.352722,0.00392,0.5293,0.0511,0,1,-0.005828,0.00267,0.00776,0.01406,0.3711,0,,,,,,,,,,,,,,,,,,,,,,,,,,,,,,,,,,,,,,,,,,,,,,,,,,,,,,,,,,,,,,,,,,,,,,,,,,,,,,,,,,,,,,JSWENERGY_data,,2026-10-01
CMF_Negative + OBV_Trend_Bear,CMF_Negative + OBV_Trend_Bear,combo_2,51,momentum,Bearish,,,,,,,,,,,,,,,,,,0.7647,0.0244,-0.04026,0.009187,0.152267,3.058,-0.0091,0.00619,0.3922,1.334,0.1195,0.007254,51.0,0.00693,0.01076,0.01932,1.839703,,,,,,,,,,,,,,,,,,-0.003611,-0.104946,0.8039,2.295,0.9216,-0.876866,5,1.839703,0.00523,0.4902,0.1634,0,1,-0.004182,0.00693,0.01076,0.01932,0.12975,0,0.8039,0.00711,-0.07441,-0.008875,-0.22496,1.82,0.00813,0.00038,0.5686,1.887,0.1634,-0.009066,51.0,0.00831,0.01932,0.03386,-1.617388,0.8431,0.00629,-0.10484,-0.011145,-0.242146,2.006,0.01219,0.00912,0.5098,2.311,0.0916,-0.010735,51.0,0.01076,0.02679,0.03816,-1.91966,,,,,,,,,,,,,,,,,,,,,,,,,,,,,,,,,,,,,,,,,,,,,,,,,,,,JSWENERGY_data,,2026-10-01
MACD_Cross_Down_Event + OBV_Falling,MACD_Cross_Down_Event + OBV_Falling,combo_2,48,momentum,Bearish,,,,,,,,,,,,,,,,,,0.6875,0.0171,-0.05408,-0.005143,-0.041143,1.299,0.00489,0.00304,0.5417,1.354,0.1079,-0.004645,48.0,0.00326,0.00761,0.01514,-0.208039,,,,,,,,,,,,,,,,,,-0.011746,-0.205749,0.7153,1.171,0.9583,-0.898846,10,-0.06387,0.00433,0.5556,0.1624,0,1,-0.007162,0.00652,0.0118,0.02241,0.76739,0,0.7292,0.02702,-0.07953,-0.001837,-0.011108,1.477,0.00164,0.0003,0.5417,1.914,0.1585,0.003163,48.0,0.00652,0.0118,0.02241,-0.06387,0.7292,0.00681,-0.12266,-0.028259,-0.564996,0.737,0.02815,0.00965,0.5833,2.345,0.1624,-0.020005,48.0,0.0074,0.01645,0.02739,-2.198861,,,,,,,,,,,,,,,,,,,,,,,,,,,,,,,,,,,,,,,,,,,,,,,,,,,,JSWENERGY_data,,2026-10-01
EMA_Bearish_State + Price_Below_SMA50,EMA_Bearish_State + Price_Below_SMA50,combo_2,27,trend,Bearish,,,,,,,,,,,,,,,,,,,,,,,,,,,,,,,,,,,,,,,,,,,,,,,,,,,,-0.002676,-0.081476,0.8272,3.743,0.8889,-0.903214,20,-0.981704,0.01435,0.4568,0.2885,0,1,-0.005537,0.02629,0.02943,0.03963,0.09448,1,0.8148,-0.00184,-0.02963,-0.006989,-0.082163,3.798,0.00773,0.00793,0.4815,1.891,0.2313,0.001733,27.0,0.00726,0.02393,0.03243,-1.039903,,,,,,,,,,,,,,,,,,0.8889,0.00376,-0.08283,-0.00586,-0.080647,3.653,0.0075,0.01832,0.4815,2.675,0.2885,-0.013248,27.0,0.02629,0.02943,0.03963,-0.981704,0.7778,0.02266,-0.05761,0.00482,-0.081618,3.777,0.00255,0.01679,0.4074,3.276,0.228,-0.005096,27.0,0.02629,0.03407,0.0461,-1.02713,,,,,,,,,,,,,,,,,,JSWENERGY_data,,2026-10-01
EMA_Bearish_State + Price_Below_SMA20,EMA_Bearish_State + Price_Below_SMA20,combo_2,32,momentum,Bearish,,,,,,,,,,,,,,,,,,0.7812,0.01168,-0.06294,-0.004644,-0.178998,1.454,0.00575,0.0019,0.5312,1.398,0.1764,-0.001786,32.0,0.00365,0.01129,0.02786,-0.910271,,,,,,,,,,,,,,,,,,-0.006419,-0.15664,0.7708,1.728,0.9688,-0.916653,15,-0.396608,0.00862,0.5,0.2148,0,1,-0.004474,0.00746,0.02146,0.03109,0.49507,0,0.7812,0.00652,-0.0648,-0.009078,-0.232412,1.79,0.01475,0.01618,0.5,1.977,0.2148,-0.004801,32.0,0.00365,0.01129,0.02792,-1.454512,0.75,0.0189,-0.07884,-0.005536,-0.058509,1.939,0.00992,0.00779,0.4688,2.421,0.188,-0.006836,32.0,0.00746,0.02146,0.03109,-0.396608,,,,,,,,,,,,,,,,,,,,,,,,,,,,,,,,,,,,,,,,,,,,,,,,,,,,JSWENERGY_data,,2026-10-01
MACD_Bearish_State,MACD_Bearish_State,single,59,momentum,Bearish,,,,,,,,,,,,,,,,,,0.6949,0.01546,-0.05341,-0.005548,-0.076863,1.318,0.0055,0.00315,0.5085,1.352,0.0899,-0.00515,59.0,0.00525,0.00762,0.01497,-0.414788,,,,,,,,,,,,,,,,,,-0.010349,-0.190066,0.7175,1.228,0.9661,-0.923104,10,-0.163625,0.00526,0.5311,0.1405,0,1,-0.006013,0.00648,0.00942,0.0198,0.78198,0,0.7288,0.02433,-0.07273,-0.001988,-0.027263,1.466,0.00172,0.00072,0.5085,1.912,0.1405,0.002903,59.0,0.00648,0.00942,0.0198,-0.163625,0.7288,0.00939,-0.11194,-0.023511,-0.466073,0.9,0.02382,0.01191,0.5763,2.342,0.1213,-0.015791,59.0,0.00745,0.01574,0.02742,-1.908263,,,,,,,,,,,,,,,,,,,,,,,,,,,,,,,,,,,,,,,,,,,,,,,,,,,,JSWENERGY_data,,2026-10-01
MACD_Cross_Down_Event + MACD_Hist_Negative,MACD_Cross_Down_Event + MACD_Hist_Negative,combo_2,59,momentum,Bearish,,,,,,,,,,,,,,,,,,0.6949,0.01546,-0.05341,-0.005548,-0.076863,1.318,0.0055,0.00315,0.5085,1.352,0.0899,-0.00515,59.0,0.00525,0.00762,0.01497,-0.414788,,,,,,,,,,,,,,,,,,-0.010349,-0.190066,0.7175,1.228,0.9661,-0.923104,10,-0.163625,0.00526,0.5311,0.1405,0,1,-0.006013,0.00648,0.00942,0.0198,0.78198,0,0.7288,0.02433,-0.07273,-0.001988,-0.027263,1.466,0.00172,0.00072,0.5085,1.912,0.1405,0.002903,59.0,0.00648,0.00942,0.0198,-0.163625,0.7288,0.00939,-0.11194,-0.023511,-0.466073,0.9,0.02382,0.01191,0.5763,2.342,0.1213,-0.015791,59.0,0.00745,0.01574,0.02742,-1.908263,,,,,,,,,,,,,,,,,,,,,,,,,,,,,,,,,,,,,,,,,,,,,,,,,,,,JSWENERGY_data,,2026-10-01
MACD_Bearish_State + MACD_Cross_Down_Event,MACD_Bearish_State + MACD_Cross_Down_Event,combo_2,59,momentum,Bearish,,,,,,,,,,,,,,,,,,0.6949,0.01546,-0.05341,-0.005548,-0.076863,1.318,0.0055,0.00315,0.5085,1.352,0.0899,-0.00515,59.0,0.00525,0.00762,0.01497,-0.414788,,,,,,,,,,,,,,,,,,-0.010349,-0.190066,0.7175,1.228,0.9661,-0.923104,10,-0.163625,0.00526,0.5311,0.1405,0,1,-0.006013,0.00648,0.00942,0.0198,0.78198,0,0.7288,0.02433,-0.07273,-0.001988,-0.027263,1.466,0.00172,0.00072,0.5085,1.912,0.1405,0.002903,59.0,0.00648,0.00942,0.0198,-0.163625,0.7288,0.00939,-0.11194,-0.023511,-0.466073,0.9,0.02382,0.01191,0.5763,2.342,0.1213,-0.015791,59.0,0.00745,0.01574,0.02742,-1.908263,,,,,,,,,,,,,,,,,,,,,,,,,,,,,,,,,,,,,,,,,,,,,,,,,,,,JSWENERGY_data,,2026-10-01
MACD_Bearish_State + MACD_Hist_Negative,MACD_Bearish_State + MACD_Hist_Negative,combo_2,59,momentum,Bearish,,,,,,,,,,,,,,,,,,0.6949,0.01546,-0.05341,-0.005548,-0.076863,1.318,0.0055,0.00315,0.5085,1.352,0.0899,-0.00515,59.0,0.00525,0.00762,0.01497,-0.414788,,,,,,,,,,,,,,,,,,-0.010349,-0.190066,0.7175,1.228,0.9661,-0.923104,10,-0.163625,0.00526,0.5311,0.1405,0,1,-0.006013,0.00648,0.00942,0.0198,0.78198,0,0.7288,0.02433,-0.07273,-0.001988,-0.027263,1.466,0.00172,0.00072,0.5085,1.912,0.1405,0.002903,59.0,0.00648,0.00942,0.0198,-0.163625,0.7288,0.00939,-0.11194,-0.023511,-0.466073,0.9,0.02382,0.01191,0.5763,2.342,0.1213,-0.015791,59.0,0.00745,0.01574,0.02742,-1.908263,,,,,,,,,,,,,,,,,,,,,,,,,,,,,,,,,,,,,,,,,,,,,,,,,,,,JSWENERGY_data,,2026-10-01
MACD_Cross_Down_Event + MACD_Hist_Falling,MACD_Cross_Down_Event + MACD_Hist_Falling,combo_2,59,momentum,Bearish,,,,,,,,,,,,,,,,,,0.6949,0.01546,-0.05341,-0.005548,-0.076863,1.318,0.0055,0.00315,0.5085,1.352,0.0899,-0.00515,59.0,0.00525,0.00762,0.01497,-0.414788,,,,,,,,,,,,,,,,,,-0.010349,-0.190066,0.7175,1.228,0.9661,-0.923104,10,-0.163625,0.00526,0.5311,0.1405,0,1,-0.006013,0.00648,0.00942,0.0198,0.78198,0,0.7288,0.02433,-0.07273,-0.001988,-0.027263,1.466,0.00172,0.00072,0.5085,1.912,0.1405,0.002903,59.0,0.00648,0.00942,0.0198,-0.163625,0.7288,0.00939,-0.11194,-0.023511,-0.466073,0.9,0.02382,0.01191,0.5763,2.342,0.1213,-0.015791,59.0,0.00745,0.01574,0.02742,-1.908263,,,,,,,,,,,,,,,,,,,,,,,,,,,,,,,,,,,,,,,,,,,,,,,,,,,,JSWENERGY_data,,2026-10-01
MACD_Cross_Down_Event,MACD_Cross_Down_Event,single,59,momentum,Bearish,,,,,,,,,,,,,,,,,,0.6949,0.01546,-0.05341,-0.005548,-0.076863,1.318,0.0055,0.00315,0.5085,1.352,0.0899,-0.00515,59.0,0.00525,0.00762,0.01497,-0.414788,,,,,,,,,,,,,,,,,,-0.010349,-0.190066,0.7175,1.228,0.9661,-0.923104,10,-0.163625,0.00526,0.5311,0.1405,0,1,-0.006013,0.00648,0.00942,0.0198,0.78198,0,0.7288,0.02433,-0.07273,-0.001988,-0.027263,1.466,0.00172,0.00072,0.5085,1.912,0.1405,0.002903,59.0,0.00648,0.00942,0.0198,-0.163625,0.7288,0.00939,-0.11194,-0.023511,-0.466073,0.9,0.02382,0.01191,0.5763,2.342,0.1213,-0.015791,59.0,0.00745,0.01574,0.02742,-1.908263,,,,,,,,,,,,,,,,,,,,,,,,,,,,,,,,,,,,,,,,,,,,,,,,,,,,JSWENERGY_data,,2026-10-01
MACD_Hist_Negative,MACD_Hist_Negative,single,59,momentum,Bearish,,,,,,,,,,,,,,,,,,0.6949,0.01546,-0.05341,-0.005548,-0.076863,1.318,0.0055,0.00315,0.5085,1.352,0.0899,-0.00515,59.0,0.00525,0.00762,0.01497,-0.414788,,,,,,,,,,,,,,,,,,-0.010349,-0.190066,0.7175,1.228,0.9661,-0.923104,10,-0.163625,0.00526,0.5311,0.1405,0,1,-0.006013,0.00648,0.00942,0.0198,0.78198,0,0.7288,0.02433,-0.07273,-0.001988,-0.027263,1.466,0.00172,0.00072,0.5085,1.912,0.1405,0.002903,59.0,0.00648,0.00942,0.0198,-0.163625,0.7288,0.00939,-0.11194,-0.023511,-0.466073,0.9,0.02382,0.01191,0.5763,2.342,0.1213,-0.015791,59.0,0.00745,0.01574,0.02742,-1.908263,,,,,,,,,,,,,,,,,,,,,,,,,,,,,,,,,,,,,,,,,,,,,,,,,,,,JSWENERGY_data,,2026-10-01
RSI_Exit_Overbought,RSI_Exit_Overbought,single,21,mean_rev,Bearish,0.9048,-0.00537,-0.04375,-0.009021,-0.180741,1.467,0.00972,0.01119,0.4762,1.124,0.2379,-0.005444,21.0,0.01184,0.01927,0.02133,-0.819349,0.8571,-0.01401,-0.03721,-0.017322,-0.355001,0.816,0.01761,0.01124,0.5714,1.451,0.2588,-0.013907,21.0,0.01291,0.01981,0.0269,-1.097322,0.8571,-0.00238,-0.04748,-0.008825,-0.160875,1.906,0.00901,-0.00119,0.619,1.717,0.2942,-0.007071,21.0,0.01535,0.02379,0.03387,-0.947622,-0.011723,-0.232205,0.873,1.396,0.9524,-0.954346,3,-0.819349,0.00708,0.5556,0.2942,0,1,-0.008807,0.01184,0.01927,0.02133,0.09137,1,,,,,,,,,,,,,,,,,,,,,,,,,,,,,,,,,,,,,,,,,,,,,,,,,,,,,,,,,,,,,,,,,,,,,,,,,,,,,,,,,,,,,,JSWENERGY_data,,2026-10-01
BB_Upper_Reject + CCI_Overbought,BB_Upper_Reject + CCI_Overbought,combo_2,40,mean_rev,Bearish,0.725,-0.00365,-0.04589,-0.015266,-0.324613,0.473,0.01543,0.01916,0.475,1.118,0.1985,-0.015301,40.0,0.00551,0.01162,0.01446,-1.205472,0.75,0.00104,-0.04534,-0.010554,-0.192107,0.931,0.01125,0.00558,0.525,1.443,0.1419,-0.00902,40.0,0.00806,0.01327,0.0172,-0.713403,0.775,0.00034,-0.07452,-0.016501,-0.302013,0.78,0.01624,0.00869,0.575,1.707,0.1777,-0.012201,40.0,0.01126,0.01531,0.02252,-1.121547,-0.014107,-0.272911,0.75,0.728,0.95,-0.9628,5,-0.713403,0.01114,0.525,0.1985,0,1,-0.012174,0.00806,0.01327,0.0172,0.50941,0,,,,,,,,,,,,,,,,,,,,,,,,,,,,,,,,,,,,,,,,,,,,,,,,,,,,,,,,,,,,,,,,,,,,,,,,,,,,,,,,,,,,,,JSWENERGY_data,,2026-10-01
MACD_Hist_Falling + CDL_Engulfing_Bear,MACD_Hist_Falling + CDL_Engulfing_Bear,combo_2,73,momentum,Bearish,,,,,,,,,,,,,,,,,,0.726,0.00752,-0.05263,-0.00896,-0.125344,0.871,0.00988,0.00247,0.5342,1.352,0.09,-0.002091,71.0,0.00021,0.00696,0.01501,-0.53949,,,,,,,,,,,,,,,,,,-0.01267,-0.19458,0.7671,1.267,0.9178,-0.973903,10,-0.247278,0.00051,0.5753,0.1053,0,1,-0.005077,0.00822,0.0151,0.03292,0.25111,0,0.7671,0.01701,-0.07864,-0.005267,-0.037356,1.538,0.00627,-0.00592,0.5616,1.912,0.0711,0.000875,71.0,0.00822,0.0151,0.03292,-0.247278,0.8082,-0.00891,-0.08643,-0.023781,-0.42104,1.392,0.02513,0.00499,0.6301,2.342,0.1053,-0.014016,71.0,0.0097,0.02834,0.03558,-2.522397,,,,,,,,,,,,,,,,,,,,,,,,,,,,,,,,,,,,,,,,,,,,,,,,,,,,JSWENERGY_data,,2026-10-01
BB_Upper_Reject,BB_Upper_Reject,single,45,mean_rev,Bearish,0.7111,-0.0031,-0.04648,-0.015629,-0.328499,0.447,0.01647,0.01832,0.4889,1.119,0.1756,-0.014677,45.0,0.00317,0.01071,0.01367,-1.257705,0.7333,0.00407,-0.05747,-0.01234,-0.185592,0.763,0.01268,0.00239,0.5333,1.444,0.1304,-0.010055,45.0,0.0069,0.01327,0.01632,-0.710564,0.7556,0.00217,-0.0847,-0.019065,-0.313176,0.649,0.01919,0.00687,0.5778,1.709,0.1539,-0.01518,45.0,0.00833,0.01515,0.02098,-1.199037,-0.015678,-0.275755,0.7333,0.62,0.9556,-1.008846,5,-0.710564,0.00919,0.5333,0.1756,0,1,-0.013304,0.0069,0.01327,0.01632,0.62063,0,,,,,,,,,,,,,,,,,,,,,,,,,,,,,,,,,,,,,,,,,,,,,,,,,,,,,,,,,,,,,,,,,,,,,,,,,,,,,,,,,,,,,,JSWENERGY_data,,2026-10-01
Stoch_Bear_Zone + CDL_Engulfing_Bear,Stoch_Bear_Zone + CDL_Engulfing_Bear,combo_2,51,momentum,Bearish,,,,,,,,,,,,,,,,,,0.6863,0.01513,-0.0466,-0.004237,-0.077949,1.097,0.0058,0.00243,0.549,1.351,0.1162,0.00087,50.0,-0.00212,0.00598,0.0104,-0.337799,,,,,,,,,,,,,,,,,,-0.010691,-0.217846,0.7386,1.333,0.8824,-1.012566,5,-0.337799,0.00018,0.5425,0.14,0,1,-0.001145,-0.00212,0.00598,0.0104,0.338,0,0.7255,0.01644,-0.07987,-0.010003,-0.188692,1.208,0.00945,-0.00592,0.5686,1.911,0.14,5.2e-05,50.0,0.00793,0.01249,0.03077,-0.900648,0.8039,-0.00176,-0.08371,-0.017833,-0.386897,1.695,0.01978,0.00404,0.5098,2.341,0.127,-0.004358,50.0,0.00952,0.0262,0.03437,-2.590962,,,,,,,,,,,,,,,,,,,,,,,,,,,,,,,,,,,,,,,,,,,,,,,,,,,,JSWENERGY_data,,2026-10-01
Williams_Overbought,Williams_Overbought,single,107,mean_rev,Bearish,0.7642,0.0123,-0.04825,-0.001983,-0.061751,1.419,0.00227,-0.00205,0.566,1.025,0.0593,-0.000997,105.0,-0.00098,0.00598,0.01252,-0.410201,0.7736,0.01091,-0.08357,-0.010485,-0.211821,0.993,0.01116,-0.00293,0.6038,1.323,0.0811,-0.007854,105.0,0.00089,0.0121,0.01755,-0.991776,0.783,0.00778,-0.10748,-0.017228,-0.341605,0.824,0.01785,-0.00281,0.6226,1.565,0.0673,-0.013091,105.0,0.00357,0.01422,0.02072,-1.599438,-0.009899,-0.205059,0.7736,1.079,0.9811,-1.016065,3,-0.410201,-0.0026,0.5975,0.0811,0,1,-0.007314,-0.00098,0.00598,0.01252,0.34622,0,,,,,,,,,,,,,,,,,,,,,,,,,,,,,,,,,,,,,,,,,,,,,,,,,,,,,,,,,,,,,,,,,,,,,,,,,,,,,,,,,,,,,,JSWENERGY_data,,2026-10-01
MACD_Hist_Falling + CCI_Exit_Overbought,MACD_Hist_Falling + CCI_Exit_Overbought,combo_2,68,momentum,Bearish,,,,,,,,,,,,,,,,,,0.7794,0.01069,-0.06626,-0.006284,-0.070267,1.13,0.00614,0.00264,0.5588,1.314,0.087,-0.003824,67.0,0.00399,0.01523,0.0193,-0.336152,,,,,,,,,,,,,,,,,,-0.016503,-0.260483,0.8235,1.028,0.9118,-1.034105,5,-0.336152,-0.00359,0.6275,0.087,0,1,-0.011024,0.00399,0.01523,0.0193,0.02785,1,0.8235,0.00839,-0.12748,-0.015586,-0.230501,1.056,0.01727,-0.00651,0.6324,1.858,0.0701,-0.011217,67.0,0.01149,0.02268,0.03434,-1.030977,0.8676,0.00421,-0.23639,-0.027638,-0.480681,0.899,0.02868,-0.00692,0.6912,2.276,0.0771,-0.018032,67.0,0.02117,0.03278,0.04239,-2.035254,,,,,,,,,,,,,,,,,,,,,,,,,,,,,,,,,,,,,,,,,,,,,,,,,,,,JSWENERGY_data,,2026-10-01
MACD_Hist_Falling + BB_Upper_Reject,MACD_Hist_Falling + BB_Upper_Reject,combo_2,28,momentum,Bearish,,,,,,,,,,,,,,,,,,0.75,0.00706,-0.05869,-0.00938,-0.124762,0.94,0.01052,0.00408,0.5357,1.498,0.1773,-0.009579,28.0,0.01008,0.01515,0.02373,-0.420111,,,,,,,,,,,,,,,,,,-0.023336,-0.319825,0.7619,0.803,0.9643,-1.038482,5,-0.420111,-0.00085,0.5833,0.1889,0,1,-0.019924,0.01008,0.01515,0.02373,0.51915,0,0.75,0.01432,-0.11763,-0.01867,-0.247607,0.813,0.02037,-0.00212,0.6429,2.119,0.1889,-0.017311,28.0,0.01217,0.0163,0.03445,-0.833767,0.7857,-0.0008,-0.19287,-0.041959,-0.587105,0.656,0.04419,-0.00451,0.5714,2.595,0.1529,-0.032883,28.0,0.01217,0.02411,0.03445,-1.976955,,,,,,,,,,,,,,,,,,,,,,,,,,,,,,,,,,,,,,,,,,,,,,,,,,,,JSWENERGY_data,,2026-10-01
BB_Upper_Reject + OBV_Falling,BB_Upper_Reject + OBV_Falling,combo_2,39,momentum,Bearish,,,,,,,,,,,,,,,,,,0.7436,0.00582,-0.0475,-0.007855,-0.080511,1.005,0.00901,0.00105,0.5385,1.445,0.1434,-0.006217,39.0,0.00783,0.01435,0.01879,-0.298346,,,,,,,,,,,,,,,,,,-0.022026,-0.293797,0.7521,0.854,0.9744,-1.055994,5,-0.298346,-0.00153,0.5726,0.1434,0,1,-0.014738,0.00783,0.01435,0.01879,0.5844,0,0.7436,0.0174,-0.12057,-0.017976,-0.216472,0.855,0.01862,-0.00263,0.6154,2.044,0.1227,-0.013748,39.0,0.01222,0.01703,0.03424,-0.79854,0.7692,0.00169,-0.18005,-0.040247,-0.584409,0.702,0.04118,-0.003,0.5641,2.503,0.1034,-0.024249,39.0,0.01222,0.01932,0.03424,-2.155815,,,,,,,,,,,,,,,,,,,,,,,,,,,,,,,,,,,,,,,,,,,,,,,,,,,,JSWENERGY_data,,2026-10-01
CCI_Overbought,CCI_Overbought,single,75,mean_rev,Bearish,0.8533,0.00862,-0.06578,-0.002295,-0.004561,1.811,0.00252,-0.00687,0.6,0.985,0.0787,-0.004002,73.0,0.00666,0.01246,0.01652,-0.03577,0.8267,0.00367,-0.10913,-0.015879,-0.317491,0.878,0.01591,-0.00821,0.6667,1.272,0.1252,-0.015865,73.0,0.00896,0.01529,0.01783,-1.37497,0.8267,0.00429,-0.12242,-0.017673,-0.306135,0.956,0.01877,-0.00696,0.68,1.505,0.0646,-0.019002,73.0,0.00896,0.01685,0.02393,-1.32579,-0.011949,-0.209396,0.8356,1.215,0.9733,-1.072236,3,-0.03577,-0.00735,0.6489,0.1252,0,1,-0.012956,0.00666,0.01246,0.01652,0.03371,1,,,,,,,,,,,,,,,,,,,,,,,,,,,,,,,,,,,,,,,,,,,,,,,,,,,,,,,,,,,,,,,,,,,,,,,,,,,,,,,,,,,,,,JSWENERGY_data,,2026-10-01
Stoch_Overbought + Stoch_Cross_Down,Stoch_Overbought + Stoch_Cross_Down,combo_2,36,mean_rev,Bearish,0.8333,0.0003,-0.06125,-0.00996,-0.203876,1.117,0.01179,0.00663,0.5278,1.039,0.1206,-0.011315,36.0,0.00275,0.01518,0.01647,-0.822386,0.8333,-0.0056,-0.07682,-0.017471,-0.37407,1.004,0.01996,0.00977,0.5833,1.341,0.1436,-0.017025,36.0,0.0067,0.01535,0.01866,-1.356378,0.8056,0.00564,-0.11416,-0.017652,-0.342743,0.847,0.01802,-0.00039,0.6111,1.587,0.1433,-0.014371,36.0,0.01289,0.01599,0.02165,-1.237618,-0.015028,-0.306896,0.8241,0.989,0.9722,-1.077395,3,-0.822386,0.00534,0.5741,0.1436,0,1,-0.014237,0.00275,0.01518,0.01647,0.2093,0,,,,,,,,,,,,,,,,,,,,,,,,,,,,,,,,,,,,,,,,,,,,,,,,,,,,,,,,,,,,,,,,,,,,,,,,,,,,,,,,,,,,,,JSWENERGY_data,,2026-10-01
RSI_Bear_Momentum + MACD_Cross_Down_Event,RSI_Bear_Momentum + MACD_Cross_Down_Event,combo_2,27,momentum,Bearish,,,,,,,,,,,,,,,,,,0.5556,0.02706,-0.0593,-0.011321,-0.222128,0.66,0.01135,0.00315,0.5556,1.291,0.2015,-0.00936,27.0,0.00268,0.00582,0.00798,-0.740174,,,,,,,,,,,,,,,,,,-0.017769,-0.367112,0.6049,0.707,0.8889,-1.087371,5,-0.740174,0.01344,0.5432,0.2691,0,1,-0.012284,0.00268,0.00582,0.00798,0.92803,0,0.5926,0.03105,-0.0873,-0.017164,-0.324586,0.712,0.01652,0.01692,0.5185,1.825,0.2662,-0.010896,27.0,0.00506,0.0071,0.00886,-1.081587,0.6667,0.0169,-0.10826,-0.024821,-0.554623,0.749,0.0257,0.02026,0.5556,2.235,0.2691,-0.016595,27.0,0.00569,0.00767,0.00908,-1.848117,,,,,,,,,,,,,,,,,,,,,,,,,,,,,,,,,,,,,,,,,,,,,,,,,,,,JSWENERGY_data,,2026-10-01
Price_Below_SMA20 + Price_Below_EMA200,Price_Below_SMA20 + Price_Below_EMA200,combo_2,41,trend,Bearish,,,,,,,,,,,,,,,,,,,,,,,,,,,,,,,,,,,,,,,,,,,,,,,,,,,,-0.001783,-0.16084,0.748,1.952,0.9756,-1.144844,30,0.520063,0.02121,0.439,0.1555,0,1,0.00633,0.01446,0.02631,0.03479,0.6259,0,0.7317,0.00277,-0.07517,-0.018142,-0.563232,1.149,0.0232,0.02738,0.4878,1.789,0.1555,-0.011592,41.0,0.00669,0.00965,0.01617,-2.418631,,,,,,,,,,,,,,,,,,0.7561,0.03252,-0.07891,0.005342,0.01514,2.585,-0.00027,0.01248,0.4146,2.531,0.12,0.013427,41.0,0.01208,0.01679,0.03077,0.146287,0.7561,0.04943,-0.12269,0.00745,0.065573,2.122,-0.00054,0.02377,0.4146,3.099,0.1035,0.017154,41.0,0.01446,0.02631,0.03479,0.520063,,,,,,,,,,,,,,,,,,JSWENERGY_data,,2026-10-01
Stoch_Overbought,Stoch_Overbought,single,62,mean_rev,Bearish,0.7258,0.01201,-0.0416,-0.002692,-0.071188,1.552,0.00248,0.00796,0.4516,1.017,0.1169,-0.002178,62.0,0.00061,0.00687,0.01184,-0.457829,0.7258,0.01053,-0.06033,-0.0089,-0.218221,1.192,0.00934,0.00214,0.5645,1.313,0.0894,-0.009121,62.0,0.00366,0.00859,0.01444,-1.077569,0.7097,0.00267,-0.06803,-0.017854,-0.396122,0.945,0.01951,0.00295,0.5645,1.554,0.0967,-0.016886,62.0,0.00366,0.00921,0.01878,-1.641185,-0.009815,-0.22851,0.7204,1.23,0.9839,-1.145293,3,-0.457829,0.00435,0.5269,0.1169,0,1,-0.009395,0.00061,0.00687,0.01184,0.80066,0,,,,,,,,,,,,,,,,,,,,,,,,,,,,,,,,,,,,,,,,,,,,,,,,,,,,,,,,,,,,,,,,,,,,,,,,,,,,,,,,,,,,,,JSWENERGY_data,,2026-10-01
BB_Upper_Reject + Stoch_Cross_Down,BB_Upper_Reject + Stoch_Cross_Down,combo_2,22,mean_rev,Bearish,0.7727,-0.00868,-0.04875,-0.017786,-0.37697,0.489,0.01774,0.02027,0.4091,1.108,0.3971,-0.018066,22.0,0.00176,0.01094,0.01386,-1.181986,0.6818,-0.00882,-0.04084,-0.019011,-0.368531,0.651,0.01877,0.02204,0.4545,1.43,0.3116,-0.017713,22.0,0.00668,0.01369,0.01523,-1.155528,0.6818,-0.00439,-0.06618,-0.024048,-0.472843,0.627,0.02458,0.02826,0.4545,1.692,0.2089,-0.022298,22.0,0.00672,0.01505,0.01606,-1.482597,-0.020282,-0.406115,0.7121,0.589,0.9091,-1.157609,5,-1.155528,0.02352,0.4394,0.3971,0,1,-0.019359,0.00668,0.01369,0.01523,0.56955,0,,,,,,,,,,,,,,,,,,,,,,,,,,,,,,,,,,,,,,,,,,,,,,,,,,,,,,,,,,,,,,,,,,,,,,,,,,,,,,,,,,,,,,JSWENERGY_data,,2026-10-01
Stoch_Overbought + CCI_Overbought,Stoch_Overbought + CCI_Overbought,combo_2,41,mean_rev,Bearish,0.7073,0.0031,-0.04402,-0.010688,-0.221051,1.088,0.00959,0.01009,0.5122,1.014,0.211,-0.011347,41.0,0.00047,0.00676,0.00968,-0.899242,0.7317,0.00552,-0.06647,-0.013795,-0.238739,1.118,0.01352,-0.00467,0.561,1.309,0.1334,-0.016476,41.0,0.00357,0.00829,0.0139,-0.997305,0.7317,-0.00476,-0.07722,-0.024198,-0.4626,0.902,0.02531,0.001,0.561,1.549,0.1431,-0.026193,41.0,0.00357,0.00847,0.02474,-1.729048,-0.016227,-0.307463,0.7236,1.036,0.9756,-1.161439,3,-0.899242,0.00214,0.5447,0.211,0,1,-0.018006,0.00047,0.00676,0.00968,0.74709,0,,,,,,,,,,,,,,,,,,,,,,,,,,,,,,,,,,,,,,,,,,,,,,,,,,,,,,,,,,,,,,,,,,,,,,,,,,,,,,,,,,,,,,JSWENERGY_data,,2026-10-01
RSI_Overbought + OBV_Falling,RSI_Overbought + OBV_Falling,combo_2,22,momentum,Bearish,,,,,,,,,,,,,,,,,,0.8182,-0.00137,-0.05808,-0.011678,-0.256438,1.052,0.01232,-0.00562,0.6364,1.484,0.1677,-0.006515,22.0,0.01382,0.01808,0.03128,-0.846057,,,,,,,,,,,,,,,,,,-0.007517,-0.157117,0.8788,2.644,0.9091,-1.184235,10,-0.357405,0.00825,0.5152,0.2399,0,1,0.003506,0.03042,0.04157,0.05108,0.07535,1,0.9091,0.00702,-0.10255,-0.00294,-0.044812,2.544,0.00423,0.00541,0.4545,2.099,0.2399,0.00704,22.0,0.03042,0.04157,0.05108,-0.357405,0.9091,0.00044,-0.09163,-0.007932,-0.170102,4.337,0.00772,0.02498,0.4545,2.57,0.2367,0.009993,22.0,0.03103,0.05397,0.05618,-2.313054,,,,,,,,,,,,,,,,,,,,,,,,,,,,,,,,,,,,,,,,,,,,,,,,,,,,JSWENERGY_data,,2026-10-01
MACD_Hist_Negative + CDL_Engulfing_Bear,MACD_Hist_Negative + CDL_Engulfing_Bear,combo_2,36,momentum,Bearish,,,,,,,,,,,,,,,,,,0.6389,0.01723,-0.05091,-0.007377,-0.144086,0.893,0.00781,0.01077,0.4722,1.395,0.2094,-0.004725,36.0,0.00052,0.00649,0.00864,-0.520283,,,,,,,,,,,,,,,,,,-0.017935,-0.359385,0.6852,0.982,0.9167,-1.189568,10,-0.238087,0.01256,0.5,0.2094,0,1,-0.014526,0.00389,0.00965,0.02722,0.78239,0,0.7222,0.0269,-0.09044,-0.005696,-0.048234,1.367,0.00641,0.00716,0.4722,1.973,0.119,-0.003933,36.0,0.00389,0.00965,0.02722,-0.238087,0.6944,-0.01765,-0.0932,-0.040734,-0.885836,0.687,0.04353,0.01974,0.5556,2.417,0.1956,-0.034919,36.0,0.00734,0.0104,0.0308,-3.198682,,,,,,,,,,,,,,,,,,,,,,,,,,,,,,,,,,,,,,,,,,,,,,,,,,,,JSWENERGY_data,,2026-10-01
MACD_Bearish_State + CDL_Engulfing_Bear,MACD_Bearish_State + CDL_Engulfing_Bear,combo_2,36,momentum,Bearish,,,,,,,,,,,,,,,,,,0.6389,0.01723,-0.05091,-0.007377,-0.144086,0.893,0.00781,0.01077,0.4722,1.395,0.2094,-0.004725,36.0,0.00052,0.00649,0.00864,-0.520283,,,,,,,,,,,,,,,,,,-0.017935,-0.359385,0.6852,0.982,0.9167,-1.189568,10,-0.238087,0.01256,0.5,0.2094,0,1,-0.014526,0.00389,0.00965,0.02722,0.78239,0,0.7222,0.0269,-0.09044,-0.005696,-0.048234,1.367,0.00641,0.00716,0.4722,1.973,0.119,-0.003933,36.0,0.00389,0.00965,0.02722,-0.238087,0.6944,-0.01765,-0.0932,-0.040734,-0.885836,0.687,0.04353,0.01974,0.5556,2.417,0.1956,-0.034919,36.0,0.00734,0.0104,0.0308,-3.198682,,,,,,,,,,,,,,,,,,,,,,,,,,,,,,,,,,,,,,,,,,,,,,,,,,,,JSWENERGY_data,,2026-10-01
Price_Below_EMA200 + CCI_Overbought,Price_Below_EMA200 + CCI_Overbought,combo_2,22,trend,Bearish,,,,,,,,,,,,,,,,,,,,,,,,,,,,,,,,,,,,,,,,,,,,,,,,,,,,-0.025564,-0.41856,0.8788,0.865,0.9091,-1.193085,10,0.168058,-0.00206,0.6818,0.2425,0,1,-0.016811,0.01449,0.01826,0.03003,0.07689,1,0.8182,0.01055,-0.06853,-0.00383,0.035125,1.526,0.00837,0.00019,0.6364,1.728,0.1908,-0.009477,22.0,0.01449,0.01826,0.03003,0.168058,,,,,,,,,,,,,,,,,,0.9091,0.01305,-0.39009,-0.023595,-0.268581,0.787,0.02476,-0.02213,0.6818,2.444,0.1672,-0.013383,22.0,0.03186,0.04105,0.05623,-0.842136,0.9091,-0.0145,-0.39696,-0.049266,-1.022225,0.282,0.04993,0.01577,0.7273,2.994,0.2425,-0.027574,22.0,0.03784,0.04276,0.06735,-3.205179,,,,,,,,,,,,,,,,,,JSWENERGY_data,,2026-10-01
RSI_Bear_Momentum + Stoch_Cross_Down,RSI_Bear_Momentum + Stoch_Cross_Down,combo_2,60,momentum,Bearish,,,,,,,,,,,,,,,,,,0.7833,0.01266,-0.05486,-0.001966,-0.022649,1.995,0.00175,0.00277,0.5,1.402,0.1025,0.001142,60.0,0.00762,0.01183,0.0167,-0.185786,,,,,,,,,,,,,,,,,,-0.010667,-0.199359,0.7444,1.562,0.9333,-1.194947,5,-0.185786,0.01084,0.5,0.1243,0,1,-0.009679,0.00762,0.01183,0.0167,0.42457,0,0.7333,0.01158,-0.08222,-0.013433,-0.286444,1.186,0.0129,0.01367,0.5,1.982,0.1243,-0.01244,60.0,0.00762,0.01238,0.02275,-1.396619,0.7167,0.00771,-0.0781,-0.016601,-0.288985,1.505,0.01646,0.01609,0.5,2.428,0.1091,-0.01774,60.0,0.00762,0.01361,0.02424,-1.788162,,,,,,,,,,,,,,,,,,,,,,,,,,,,,,,,,,,,,,,,,,,,,,,,,,,,JSWENERGY_data,,2026-10-01
RSI_Bear_Momentum + CMF_Strong_Bear,RSI_Bear_Momentum + CMF_Strong_Bear,combo_2,59,momentum,Bearish,,,,,,,,,,,,,,,,,,0.7627,0.00515,-0.05992,-0.01029,-0.164405,1.217,0.01062,0.00679,0.5424,1.342,0.0856,-0.005987,59.0,0.00087,0.00908,0.018,-0.81951,,,,,,,,,,,,,,,,,,-0.014786,-0.264986,0.7345,1.168,0.9492,-1.202649,5,-0.81951,0.01239,0.5198,0.1115,0,1,-0.009159,0.00087,0.00908,0.018,0.57733,0,0.7288,0.01402,-0.09489,-0.015518,-0.306521,1.119,0.01622,0.01983,0.4915,1.898,0.1115,-0.009175,59.0,0.00087,0.00908,0.01953,-1.404196,0.7119,0.01494,-0.10129,-0.018549,-0.324031,1.167,0.0206,0.01055,0.5254,2.325,0.1088,-0.012315,59.0,0.00627,0.01629,0.02123,-1.548627,,,,,,,,,,,,,,,,,,,,,,,,,,,,,,,,,,,,,,,,,,,,,,,,,,,,JSWENERGY_data,,2026-10-01
MACD_Hist_Falling + Williams_Overbought,MACD_Hist_Falling + Williams_Overbought,combo_2,39,momentum,Bearish,,,,,,,,,,,,,,,,,,0.8974,0.00386,-0.09576,-0.006353,-0.119185,1.626,0.00609,-0.00669,0.641,1.349,0.1484,-0.004982,39.0,0.01735,0.0214,0.02897,-0.715084,,,,,,,,,,,,,,,,,,-0.008744,-0.171422,0.8974,2.069,0.9487,-1.241449,5,-0.715084,0.00643,0.5299,0.1484,0,1,-0.005073,0.01735,0.0214,0.02897,0.01061,1,0.8718,0.00479,-0.08052,-0.006146,-0.105654,2.181,0.00727,0.01147,0.4615,1.908,0.1443,-0.002807,39.0,0.01735,0.02931,0.03872,-0.850151,0.9231,-0.00274,-0.14561,-0.013734,-0.289428,2.4,0.01676,0.0145,0.4872,2.337,0.1304,-0.007429,39.0,0.02738,0.033,0.04306,-2.562659,,,,,,,,,,,,,,,,,,,,,,,,,,,,,,,,,,,,,,,,,,,,,,,,,,,,JSWENERGY_data,,2026-10-01
Stoch_Cross_Down + CCI_Overbought,Stoch_Cross_Down + CCI_Overbought,combo_2,53,mean_rev,Bearish,0.7547,-0.00132,-0.0482,-0.012816,-0.246829,0.749,0.01458,0.01101,0.5283,1.077,0.1142,-0.01322,53.0,0.00204,0.00947,0.01471,-0.984596,0.7358,-0.00447,-0.0627,-0.019849,-0.383594,0.643,0.02221,0.01404,0.5849,1.39,0.1181,-0.017829,53.0,0.00301,0.01152,0.01572,-1.530149,0.7358,0.00429,-0.08631,-0.019641,-0.343666,0.734,0.02156,0.00687,0.5472,1.645,0.1236,-0.014162,53.0,0.00521,0.01447,0.01932,-1.370879,-0.017435,-0.324696,0.7421,0.709,0.9811,-1.27077,3,-0.984596,0.01064,0.5535,0.1236,0,1,-0.01507,0.00204,0.00947,0.01471,0.62357,0,,,,,,,,,,,,,,,,,,,,,,,,,,,,,,,,,,,,,,,,,,,,,,,,,,,,,,,,,,,,,,,,,,,,,,,,,,,,,,,,,,,,,,JSWENERGY_data,,2026-10-01
CMF_Negative + Williams_Overbought,CMF_Negative + Williams_Overbought,combo_2,35,momentum,Bearish,,,,,,,,,,,,,,,,,,0.8,0.00255,-0.06956,-0.011872,-0.224024,1.162,0.0145,0.00198,0.6,1.259,0.1357,-0.008378,35.0,0.00607,0.01594,0.01718,-0.932716,,,,,,,,,,,,,,,,,,-0.017137,-0.334247,0.7905,1.097,0.9714,-1.276375,5,-0.932716,0.00653,0.5905,0.267,0,1,-0.011183,0.00607,0.01594,0.01718,0.38142,0,0.8,0.00423,-0.09372,-0.015357,-0.275795,1.254,0.01485,0.00385,0.6286,1.78,0.1976,-0.011111,35.0,0.00991,0.01774,0.02992,-1.239738,0.7714,0.00524,-0.12349,-0.024182,-0.502923,0.875,0.02368,0.01376,0.5429,2.18,0.267,-0.014062,35.0,0.00991,0.02653,0.03567,-1.802234,,,,,,,,,,,,,,,,,,,,,,,,,,,,,,,,,,,,,,,,,,,,,,,,,,,,JSWENERGY_data,,2026-10-01
CCI_Overbought + Williams_Overbought,CCI_Overbought + Williams_Overbought,combo_2,74,mean_rev,Bearish,0.8108,0.00573,-0.05727,-0.006191,-0.129829,1.285,0.00645,-0.00205,0.5811,1.017,0.0804,-0.005837,73.0,0.00045,0.01056,0.0156,-0.7203,0.7973,0.0042,-0.10005,-0.016934,-0.343561,0.748,0.01683,-0.00423,0.6757,1.313,0.1371,-0.016802,73.0,0.00479,0.01294,0.01695,-1.483322,0.8108,0.00041,-0.11657,-0.021724,-0.430288,0.736,0.02279,-0.00158,0.6351,1.553,0.0815,-0.020656,73.0,0.00643,0.01627,0.01891,-1.857763,-0.01495,-0.301226,0.8063,0.923,0.9865,-1.282966,3,-0.7203,-0.00262,0.6306,0.1371,0,1,-0.014432,0.00045,0.01056,0.0156,0.19265,0,,,,,,,,,,,,,,,,,,,,,,,,,,,,,,,,,,,,,,,,,,,,,,,,,,,,,,,,,,,,,,,,,,,,,,,,,,,,,,,,,,,,,,JSWENERGY_data,,2026-10-01
BB_Expansion_Bear + OBV_Falling,BB_Expansion_Bear + OBV_Falling,combo_2,25,momentum,Bearish,,,,,,,,,,,,,,,,,,0.76,-0.00236,-0.07344,-0.019416,-0.384151,1.138,0.01956,0.01955,0.48,1.434,0.19,-0.012538,25.0,0.00215,0.01608,0.01877,-1.424395,,,,,,,,,,,,,,,,,,-0.018857,-0.41356,0.7333,0.98,0.96,-1.293521,10,-1.203342,0.02288,0.48,0.3105,0,1,-0.009551,0.00215,0.01657,0.02024,0.62382,0,0.72,0.01193,-0.08609,-0.015517,-0.369339,0.996,0.01388,0.01406,0.52,2.028,0.3105,-0.0051,25.0,0.00215,0.01657,0.02024,-1.203342,0.72,0.01988,-0.1284,-0.021637,-0.48719,0.804,0.02355,0.03503,0.44,2.484,0.2115,-0.011016,25.0,0.00429,0.01851,0.02445,-1.587311,,,,,,,,,,,,,,,,,,,,,,,,,,,,,,,,,,,,,,,,,,,,,,,,,,,,JSWENERGY_data,,2026-10-01
MACD_Cross_Down_Event + CMF_Negative,MACD_Cross_Down_Event + CMF_Negative,combo_2,31,momentum,Bearish,,,,,,,,,,,,,,,,,,0.5806,0.0169,-0.05906,-0.01495,-0.30286,0.702,0.0147,0.02123,0.4839,1.338,0.2101,-0.012094,31.0,0.00447,0.00698,0.00808,-1.049631,,,,,,,,,,,,,,,,,,-0.021107,-0.415733,0.6344,0.733,0.9032,-1.301388,5,-1.049631,0.01904,0.5161,0.2659,0,1,-0.016436,0.00447,0.00698,0.00808,0.91962,0,0.6452,0.01611,-0.07397,-0.015857,-0.315062,0.834,0.01616,0.01692,0.4839,1.892,0.2659,-0.012978,31.0,0.00552,0.00757,0.00965,-1.091921,0.6774,0.00759,-0.11673,-0.032514,-0.629279,0.663,0.03307,0.01896,0.5806,2.317,0.2534,-0.024237,31.0,0.00698,0.00909,0.02666,-2.180913,,,,,,,,,,,,,,,,,,,,,,,,,,,,,,,,,,,,,,,,,,,,,,,,,,,,JSWENERGY_data,,2026-10-01
MACD_Bearish_State + CMF_Strong_Bear,MACD_Bearish_State + CMF_Strong_Bear,combo_2,52,momentum,Bearish,,,,,,,,,,,,,,,,,,0.6731,0.00498,-0.05754,-0.015458,-0.291472,0.923,0.01532,0.01181,0.5192,1.338,0.1244,-0.011647,52.0,0.00124,0.0071,0.01155,-1.157229,,,,,,,,,,,,,,,,,,-0.019274,-0.373378,0.6987,0.981,0.9423,-1.396894,5,-1.157229,0.02169,0.4872,0.1342,0,1,-0.014782,0.00124,0.0071,0.01155,0.79795,0,0.6923,0.01543,-0.09022,-0.01708,-0.328086,1.005,0.01705,0.02318,0.4615,1.892,0.1342,-0.01199,52.0,0.00331,0.00767,0.0189,-1.309066,0.7308,0.00562,-0.10917,-0.025284,-0.500575,1.016,0.02576,0.03008,0.4808,2.317,0.125,-0.020709,52.0,0.00566,0.01114,0.02414,-2.019793,,,,,,,,,,,,,,,,,,,,,,,,,,,,,,,,,,,,,,,,,,,,,,,,,,,,JSWENERGY_data,,2026-10-01
MACD_Hist_Negative + CMF_Strong_Bear,MACD_Hist_Negative + CMF_Strong_Bear,combo_2,52,momentum,Bearish,,,,,,,,,,,,,,,,,,0.6731,0.00498,-0.05754,-0.015458,-0.291472,0.923,0.01532,0.01181,0.5192,1.338,0.1244,-0.011647,52.0,0.00124,0.0071,0.01155,-1.157229,,,,,,,,,,,,,,,,,,-0.019274,-0.373378,0.6987,0.981,0.9423,-1.396894,5,-1.157229,0.02169,0.4872,0.1342,0,1,-0.014782,0.00124,0.0071,0.01155,0.79795,0,0.6923,0.01543,-0.09022,-0.01708,-0.328086,1.005,0.01705,0.02318,0.4615,1.892,0.1342,-0.01199,52.0,0.00331,0.00767,0.0189,-1.309066,0.7308,0.00562,-0.10917,-0.025284,-0.500575,1.016,0.02576,0.03008,0.4808,2.317,0.125,-0.020709,52.0,0.00566,0.01114,0.02414,-2.019793,,,,,,,,,,,,,,,,,,,,,,,,,,,,,,,,,,,,,,,,,,,,,,,,,,,,JSWENERGY_data,,2026-10-01
MACD_Cross_Down_Event + Stoch_Bear_Zone,MACD_Cross_Down_Event + Stoch_Bear_Zone,combo_2,34,momentum,Bearish,,,,,,,,,,,,,,,,,,0.5882,0.02018,-0.04735,-0.007628,-0.152459,0.943,0.00817,0.01812,0.4412,1.328,0.1514,-0.00912,34.0,0.00165,0.00561,0.00804,-0.542046,,,,,,,,,,,,,,,,,,-0.018919,-0.421584,0.6275,0.794,0.9412,-1.410707,5,-0.542046,0.01317,0.5098,0.2954,0,1,-0.017482,0.00165,0.00561,0.00804,0.95918,0,0.6471,0.02217,-0.06766,-0.009536,-0.246746,0.934,0.00784,0.0058,0.5294,1.878,0.2954,-0.006789,34.0,0.00547,0.00867,0.01501,-0.877266,0.6471,-0.00278,-0.10709,-0.039593,-0.865546,0.504,0.03911,0.01559,0.5588,2.3,0.2092,-0.036539,34.0,0.00616,0.01259,0.01674,-3.077316,,,,,,,,,,,,,,,,,,,,,,,,,,,,,,,,,,,,,,,,,,,,,,,,,,,,JSWENERGY_data,,2026-10-01
OBV_Falling + CCI_Overbought,OBV_Falling + CCI_Overbought,combo_2,83,momentum,Bearish,,,,,,,,,,,,,,,,,,0.747,0.00139,-0.05448,-0.012745,-0.22863,0.975,0.01358,0.00105,0.5663,1.397,0.0739,-0.00839,82.0,0.00344,0.01227,0.01687,-1.013019,,,,,,,,,,,,,,,,,,-0.019472,-0.326269,0.7631,1.017,0.9639,-1.417662,5,-1.013019,0.0009,0.5622,0.0739,0,1,-0.010431,0.00344,0.01227,0.01687,0.43224,0,0.759,0.01066,-0.10192,-0.016471,-0.273455,1.047,0.01697,0.00515,0.5663,1.975,0.0612,-0.008767,82.0,0.00846,0.01879,0.02981,-1.268348,0.7831,0.00011,-0.13503,-0.029199,-0.476723,1.031,0.02946,-0.0035,0.5542,2.419,0.0672,-0.014135,82.0,0.00963,0.0265,0.03429,-2.177613,,,,,,,,,,,,,,,,,,,,,,,,,,,,,,,,,,,,,,,,,,,,,,,,,,,,JSWENERGY_data,,2026-10-01
Stoch_Cross_Down + CMF_Negative,Stoch_Cross_Down + CMF_Negative,combo_2,89,momentum,Bearish,,,,,,,,,,,,,,,,,,0.7303,0.0152,-0.03573,0.001465,0.086969,2.002,-0.0014,0.00472,0.4719,1.356,0.0837,0.003504,89.0,0.00361,0.00858,0.01551,0.783457,,,,,,,,,,,,,,,,,,-0.0127,-0.237247,0.764,1.409,0.9438,-1.419439,5,0.783457,0.01103,0.5094,0.0943,0,1,-0.010929,0.00361,0.00858,0.01551,0.39464,0,0.7753,0.00773,-0.092,-0.014678,-0.312252,1.124,0.01416,0.0081,0.5393,1.918,0.0943,-0.01321,89.0,0.00682,0.01512,0.0291,-1.578995,0.7865,0.00339,-0.12908,-0.024887,-0.486458,1.101,0.02437,0.02029,0.5169,2.349,0.0804,-0.023082,89.0,0.00865,0.01983,0.03527,-2.408979,,,,,,,,,,,,,,,,,,,,,,,,,,,,,,,,,,,,,,,,,,,,,,,,,,,,JSWENERGY_data,,2026-10-01
Stoch_Overbought + Williams_Overbought,Stoch_Overbought + Williams_Overbought,combo_2,50,mean_rev,Bearish,0.7,0.00674,-0.04055,-0.007449,-0.1501,1.212,0.00644,0.00887,0.48,1.012,0.1663,-0.007278,50.0,1e-05,0.00578,0.00932,-0.715042,0.68,0.0074,-0.06089,-0.014453,-0.312377,0.97,0.01417,0.00742,0.54,1.307,0.1151,-0.014494,50.0,0.00349,0.00799,0.01322,-1.228213,0.68,-0.00221,-0.08136,-0.027539,-0.664471,0.651,0.02882,0.00854,0.56,1.546,0.1299,-0.027445,50.0,0.00349,0.00799,0.01472,-2.612585,-0.01648,-0.375649,0.6867,0.944,0.98,-1.447448,3,-0.715042,0.00828,0.5267,0.1663,0,1,-0.016406,1e-05,0.00578,0.00932,0.88625,0,,,,,,,,,,,,,,,,,,,,,,,,,,,,,,,,,,,,,,,,,,,,,,,,,,,,,,,,,,,,,,,,,,,,,,,,,,,,,,,,,,,,,,JSWENERGY_data,,2026-10-01
RSI_Cross50_Down + Price_Below_SMA50,RSI_Cross50_Down + Price_Below_SMA50,combo_2,45,trend,Bearish,,,,,,,,,,,,,,,,,,,,,,,,,,,,,,,,,,,,,,,,,,,,,,,,,,,,-0.023523,-0.422254,0.7407,1.068,0.8889,-1.534986,10,-1.194551,0.01895,0.5185,0.1864,0,1,-0.011121,0.00584,0.0166,0.02436,0.37499,0,0.7333,0.00459,-0.07474,-0.016564,-0.271364,1.15,0.01706,0.01336,0.5111,1.87,0.1864,-0.004214,45.0,0.00584,0.0166,0.02436,-1.194551,,,,,,,,,,,,,,,,,,0.8,0.00313,-0.15392,-0.028278,-0.507895,1.065,0.02928,0.02036,0.5333,2.645,0.1829,-0.015837,45.0,0.01864,0.0258,0.0316,-2.07171,0.6889,0.02876,-0.14637,-0.025728,-0.487504,0.989,0.02873,0.02313,0.5111,3.24,0.1497,-0.013312,45.0,0.01864,0.02745,0.03442,-1.866477,,,,,,,,,,,,,,,,,,JSWENERGY_data,,2026-10-01
MACD_Hist_Falling + Stoch_Overbought,MACD_Hist_Falling + Stoch_Overbought,combo_2,27,momentum,Bearish,,,,,,,,,,,,,,,,,,0.8889,0.00269,-0.0778,-0.006258,-0.122949,1.654,0.00595,-0.00297,0.5926,1.383,0.2327,-0.009205,27.0,0.01437,0.02377,0.03419,-0.677633,,,,,,,,,,,,,,,,,,-0.010772,-0.186798,0.9012,2.585,0.963,-1.549622,10,-0.455338,0.00879,0.5185,0.2327,0,1,-0.01324,0.01946,0.03395,0.03851,0.03229,1,0.8889,0.00519,-0.0742,-0.003634,-0.043232,3.161,0.00414,0.00403,0.4815,1.957,0.1802,-0.008758,27.0,0.01946,0.03395,0.03851,-0.455338,0.9259,-0.01341,-0.13507,-0.022426,-0.394214,2.941,0.02675,0.02532,0.4815,2.396,0.1686,-0.021757,27.0,0.03077,0.03413,0.04386,-3.863461,,,,,,,,,,,,,,,,,,,,,,,,,,,,,,,,,,,,,,,,,,,,,,,,,,,,JSWENERGY_data,,2026-10-01
EMA_Bearish_State + CMF_Negative,EMA_Bearish_State + CMF_Negative,combo_2,21,momentum,Bearish,,,,,,,,,,,,,,,,,,0.7143,0.01577,-0.04732,-0.002252,-0.121187,1.227,0.0033,0.00486,0.4762,1.333,0.3234,0.006356,21.0,0.00307,0.0051,0.0157,-0.459583,,,,,,,,,,,,,,,,,,-0.018892,-0.438855,0.7619,1.288,0.9048,-1.580328,5,-0.459583,0.01131,0.5238,0.3253,0,1,-0.011059,0.00307,0.0051,0.0157,0.44351,0,0.7619,-0.012,-0.05593,-0.022457,-0.508694,0.823,0.02422,0.01687,0.5238,1.885,0.3253,-0.014428,21.0,0.00307,0.01011,0.03386,-1.572396,0.8095,-0.02576,-0.05834,-0.031966,-0.686684,1.813,0.03561,0.01222,0.5714,2.309,0.2934,-0.025105,21.0,0.0058,0.03183,0.03386,-3.848842,,,,,,,,,,,,,,,,,,,,,,,,,,,,,,,,,,,,,,,,,,,,,,,,,,,,JSWENERGY_data,,2026-10-01
Price_Below_EMA200 + MACD_Hist_Falling,Price_Below_EMA200 + MACD_Hist_Falling,combo_2,69,trend,Bearish,,,,,,,,,,,,,,,,,,,,,,,,,,,,,,,,,,,,,,,,,,,,,,,,,,,,-0.012622,-0.159983,0.8696,2.579,0.9275,-1.625737,10,-0.784739,0.01059,0.5072,0.0924,0,1,-0.007695,0.01071,0.02315,0.03482,0.00376,1,0.8261,0.00507,-0.05109,-0.004696,-0.059986,3.079,0.00504,0.00473,0.4928,1.815,0.0764,-0.004582,69.0,0.01071,0.02315,0.03482,-0.784739,,,,,,,,,,,,,,,,,,0.8986,0.00415,-0.12103,-0.008547,-0.066183,3.058,0.01044,0.00392,0.5217,2.567,0.0924,-0.005405,69.0,0.02996,0.04041,0.04608,-0.859878,0.8841,0.00246,-0.23112,-0.024623,-0.353781,1.599,0.02451,0.02313,0.5072,3.144,0.091,-0.013097,69.0,0.03344,0.04474,0.05538,-2.403197,,,,,,,,,,,,,,,,,,JSWENERGY_data,,2026-10-01
Price_Below_SMA50 + Stoch_Bear_Zone,Price_Below_SMA50 + Stoch_Bear_Zone,combo_2,76,trend,Bearish,,,,,,,,,,,,,,,,,,,,,,,,,,,,,,,,,,,,,,,,,,,,,,,,,,,,-0.018853,-0.292235,0.7632,1.413,0.9211,-1.651932,10,-1.53625,0.0198,0.5044,0.0988,0,1,-0.012921,0.00628,0.0099,0.02854,0.34481,0,0.7105,0.0139,-0.08343,-0.014279,-0.323512,1.093,0.01421,0.00909,0.5263,1.904,0.0988,-0.007612,76.0,0.00628,0.0099,0.02854,-1.53625,,,,,,,,,,,,,,,,,,0.7895,0.00588,-0.12225,-0.021099,-0.349164,1.376,0.02193,0.02417,0.5,2.693,0.0888,-0.017366,76.0,0.00828,0.02627,0.0358,-2.087366,0.7895,0.00749,-0.12868,-0.021181,-0.204029,1.769,0.02225,0.02614,0.4868,3.298,0.0833,-0.013786,76.0,0.01418,0.03386,0.04626,-1.56796,,,,,,,,,,,,,,,,,,JSWENERGY_data,,2026-10-01
Price_Below_SMA50 + Williams_Overbought,Price_Below_SMA50 + Williams_Overbought,combo_2,19,trend,Bearish,,,,,,,,,,,,,,,,,,,,,,,,,,,,,,,,,,,,,,,,,,,,,,,,,,,,-0.033768,-0.47526,0.807,1.472,0.7895,-1.65427,10,-1.481624,0.00236,0.5965,0.3325,0,1,-0.022263,0.0051,0.00981,0.01775,0.14517,0,0.6842,-0.00402,-0.03816,-0.014804,-0.321575,1.538,0.01441,0.01943,0.4211,2.0,0.3108,-0.006326,19.0,0.0051,0.00981,0.01775,-1.481624,,,,,,,,,,,,,,,,,,0.8947,-0.01967,-0.26625,-0.04563,-0.66333,1.306,0.04545,-0.0024,0.6842,2.829,0.3325,-0.036019,19.0,0.02259,0.0349,0.05089,-2.594718,0.8421,-0.01787,-0.16356,-0.04087,-0.440876,1.572,0.0418,-0.00996,0.6842,3.465,0.3096,-0.024443,19.0,0.02771,0.05176,0.05788,-2.075579,,,,,,,,,,,,,,,,,,JSWENERGY_data,,2026-10-01
RSI_Bear_Momentum + Price_Below_EMA200,RSI_Bear_Momentum + Price_Below_EMA200,combo_2,52,trend,Bearish,,,,,,,,,,,,,,,,,,,,,,,,,,,,,,,,,,,,,,,,,,,,,,,,,,,,-0.007382,-0.247134,0.7692,1.949,0.8654,-1.65473,10,-1.195928,0.01904,0.4487,0.1031,0,1,-0.002081,0.00471,0.00967,0.02136,0.11159,0,0.7115,0.0176,-0.06328,-0.005735,-0.189113,1.593,0.00898,0.00701,0.4808,1.903,0.1017,-0.002124,52.0,0.00471,0.00967,0.02136,-1.195928,,,,,,,,,,,,,,,,,,0.8462,0.0123,-0.10772,-0.006168,-0.222505,2.788,0.00894,0.02088,0.4423,2.692,0.1019,-0.001715,52.0,0.012,0.02638,0.03419,-2.463158,0.75,0.032,-0.13696,-0.010242,-0.329784,1.465,0.01562,0.02923,0.4231,3.297,0.1031,-0.002404,52.0,0.01473,0.03197,0.0386,-1.918576,,,,,,,,,,,,,,,,,,JSWENERGY_data,,2026-10-01
Stoch_Cross_Down + OBV_Falling,Stoch_Cross_Down + OBV_Falling,combo_2,139,momentum,Bearish,,,,,,,,,,,,,,,,,,0.7609,0.01093,-0.04849,-0.003279,-0.009285,1.681,0.00312,0.00296,0.5,1.381,0.0538,-0.002435,138.0,0.0046,0.01108,0.01682,-0.077134,,,,,,,,,,,,,,,,,,-0.013646,-0.242356,0.785,1.437,0.9638,-1.658204,5,-0.077134,0.00902,0.5193,0.0593,0,1,-0.013019,0.0046,0.01108,0.01682,0.18105,0,0.7971,0.00552,-0.09243,-0.014357,-0.266663,1.28,0.01406,0.00817,0.5217,1.953,0.0593,-0.013897,138.0,0.00752,0.01684,0.03252,-1.686816,0.7971,-0.00173,-0.10804,-0.023303,-0.451119,1.349,0.02444,0.01592,0.5362,2.391,0.0534,-0.022725,138.0,0.00906,0.01996,0.03595,-3.006769,,,,,,,,,,,,,,,,,,,,,,,,,,,,,,,,,,,,,,,,,,,,,,,,,,,,JSWENERGY_data,,2026-10-01
Price_Below_EMA200 + MACD_Cross_Down_Event,Price_Below_EMA200 + MACD_Cross_Down_Event,combo_2,20,trend,Bearish,,,,,,,,,,,,,,,,,,,,,,,,,,,,,,,,,,,,,,,,,,,,,,,,,,,,-0.018697,-0.576227,0.6833,0.961,0.95,-1.666619,10,-0.764528,0.019,0.5,0.3765,0,1,-0.007267,0.00552,0.0074,0.00918,0.82665,0,0.65,0.0208,-0.04842,-0.003428,-0.176344,1.424,0.00273,0.0058,0.45,1.727,0.3765,0.001723,20.0,0.00552,0.0074,0.00918,-0.764528,,,,,,,,,,,,,,,,,,0.7,0.0227,-0.11085,-0.017361,-0.589687,0.867,0.01939,0.00881,0.6,2.443,0.3636,-0.003624,20.0,0.00737,0.01357,0.0237,-1.795315,0.7,0.0042,-0.12747,-0.035302,-0.962649,0.594,0.03533,0.0424,0.45,2.992,0.2748,-0.0199,20.0,0.00803,0.01723,0.03118,-2.930808,,,,,,,,,,,,,,,,,,JSWENERGY_data,,2026-10-01
MACD_Hist_Falling + CCI_Overbought,MACD_Hist_Falling + CCI_Overbought,combo_2,56,momentum,Bearish,,,,,,,,,,,,,,,,,,0.75,0.00591,-0.07986,-0.015536,-0.278834,0.702,0.01642,0.00077,0.5893,1.423,0.1176,-0.01179,54.0,0.00603,0.01452,0.02229,-1.127339,,,,,,,,,,,,,,,,,,-0.025364,-0.435621,0.7679,0.805,0.9464,-1.666887,5,-1.127339,0.00253,0.5714,0.1176,0,1,-0.018005,0.00603,0.01452,0.02229,0.32581,0,0.75,0.00708,-0.10724,-0.021496,-0.376553,0.831,0.02606,0.00524,0.5893,2.012,0.1049,-0.014647,54.0,0.01122,0.01556,0.03407,-1.522422,0.8036,-0.00908,-0.16171,-0.039061,-0.651478,0.883,0.04027,0.00157,0.5357,2.464,0.107,-0.027579,54.0,0.01122,0.02828,0.03551,-2.633957,,,,,,,,,,,,,,,,,,,,,,,,,,,,,,,,,,,,,,,,,,,,,,,,,,,,JSWENERGY_data,,2026-10-01
MACD_Hist_Falling + OBV_Trend_Bear,MACD_Hist_Falling + OBV_Trend_Bear,combo_2,98,momentum,Bearish,,,,,,,,,,,,,,,,,,0.7959,0.01475,-0.04273,0.003022,0.109548,2.84,-0.00317,0.0049,0.4796,1.32,0.0712,-0.000673,98.0,0.00527,0.01142,0.02621,1.429616,,,,,,,,,,,,,,,,,,-0.009088,-0.178653,0.8163,2.141,0.9592,-1.686074,5,1.429616,0.00539,0.5374,0.0937,0,1,-0.012202,0.00527,0.01142,0.02621,0.05847,1,0.8163,0.00147,-0.07437,-0.012456,-0.266024,1.875,0.01149,0.0058,0.551,1.867,0.0937,-0.013573,98.0,0.00787,0.02199,0.03248,-2.291555,0.8367,-0.00098,-0.10421,-0.017831,-0.379484,1.709,0.01891,0.00548,0.5816,2.286,0.0547,-0.022359,98.0,0.01034,0.02674,0.0398,-2.980314,,,,,,,,,,,,,,,,,,,,,,,,,,,,,,,,,,,,,,,,,,,,,,,,,,,,JSWENERGY_data,,2026-10-01
Death_Cross_State + CCI_Overbought,Death_Cross_State + CCI_Overbought,combo_2,31,trend,Bearish,,,,,,,,,,,,,,,,,,,,,,,,,,,,,,,,,,,,,,,,,,,,,,,,,,,,-0.029878,-0.554127,0.8387,0.73,0.9032,-1.734609,10,-0.766668,0.00785,0.6559,0.2196,0,1,-0.017671,0.00968,0.01696,0.02953,0.10773,0,0.7742,0.00758,-0.08512,-0.013351,-0.221213,0.98,0.01654,0.00037,0.6452,1.656,0.1619,-0.010171,31.0,0.00968,0.01696,0.02953,-0.766668,,,,,,,,,,,,,,,,,,0.871,0.00607,-0.22991,-0.024377,-0.31853,0.824,0.02458,-0.00092,0.6774,2.342,0.1944,-0.011262,31.0,0.02927,0.04354,0.05434,-1.10394,0.871,-0.01517,-0.29991,-0.051907,-1.122639,0.388,0.05262,0.02409,0.6452,2.868,0.2196,-0.03158,31.0,0.02927,0.04824,0.06138,-3.890771,,,,,,,,,,,,,,,,,,JSWENERGY_data,,2026-10-01
MACD_Bearish_State + Stoch_Overbought,MACD_Bearish_State + Stoch_Overbought,combo_2,14,momentum,Bearish,,,,,,,,,,,,,,,,,,0.7857,0.02811,-0.05893,0.009463,0.226062,2.222,-0.00922,-0.02729,0.6429,1.279,0.2778,0.009085,14.0,0.01267,0.01647,0.03089,1.360406,,,,,,,,,,,,,,,,,,-0.028331,-0.53969,0.7857,1.2,1.0,-1.753545,5,1.360406,0.00551,0.5952,0.3747,0,1,-0.025968,0.01267,0.01647,0.03089,0.56392,0,0.7857,0.01265,-0.16681,-0.025803,-0.501715,0.811,0.02603,0.01444,0.5,1.808,0.2545,-0.022467,14.0,0.01267,0.02326,0.03202,-1.358668,0.7857,-0.03363,-0.19708,-0.068653,-1.343418,0.566,0.06854,0.02939,0.6429,2.215,0.3747,-0.064521,14.0,0.01267,0.02326,0.03202,-3.638042,,,,,,,,,,,,,,,,,,,,,,,,,,,,,,,,,,,,,,,,,,,,,,,,,,,,JSWENERGY_data,,2026-10-01
MACD_Hist_Negative + Stoch_Overbought,MACD_Hist_Negative + Stoch_Overbought,combo_2,14,momentum,Bearish,,,,,,,,,,,,,,,,,,0.7857,0.02811,-0.05893,0.009463,0.226062,2.222,-0.00922,-0.02729,0.6429,1.279,0.2778,0.009085,14.0,0.01267,0.01647,0.03089,1.360406,,,,,,,,,,,,,,,,,,-0.028331,-0.53969,0.7857,1.2,1.0,-1.753545,5,1.360406,0.00551,0.5952,0.3747,0,1,-0.025968,0.01267,0.01647,0.03089,0.56392,0,0.7857,0.01265,-0.16681,-0.025803,-0.501715,0.811,0.02603,0.01444,0.5,1.808,0.2545,-0.022467,14.0,0.01267,0.02326,0.03202,-1.358668,0.7857,-0.03363,-0.19708,-0.068653,-1.343418,0.566,0.06854,0.02939,0.6429,2.215,0.3747,-0.064521,14.0,0.01267,0.02326,0.03202,-3.638042,,,,,,,,,,,,,,,,,,,,,,,,,,,,,,,,,,,,,,,,,,,,,,,,,,,,JSWENERGY_data,,2026-10-01
OBV_Falling + OBV_Trend_Bear,OBV_Falling + OBV_Trend_Bear,combo_2,157,momentum,Bearish,,,,,,,,,,,,,,,,,,0.8089,0.01106,-0.05987,-0.002494,-0.013412,1.954,0.00246,0.00247,0.5032,1.339,0.0502,-0.003102,157.0,0.00632,0.01379,0.02296,-0.132658,,,,,,,,,,,,,,,,,,-0.010445,-0.200119,0.8089,1.782,0.9873,-1.782436,5,-0.132658,0.00664,0.5223,0.0648,0,1,-0.010738,0.00632,0.01379,0.02296,0.05634,1,0.8153,6e-05,-0.06823,-0.012556,-0.264809,1.832,0.01145,0.00558,0.535,1.894,0.0648,-0.010934,157.0,0.00811,0.01947,0.02755,-2.456353,0.8025,0.00258,-0.09295,-0.016285,-0.322136,1.56,0.01753,0.01186,0.5287,2.32,0.0347,-0.018179,157.0,0.01023,0.02458,0.03712,-2.544442,,,,,,,,,,,,,,,,,,,,,,,,,,,,,,,,,,,,,,,,,,,,,,,,,,,,JSWENERGY_data,,2026-10-01
EMA_Bearish_State + Williams_Overbought,EMA_Bearish_State + Williams_Overbought,combo_2,29,momentum,Bearish,,,,,,,,,,,,,,,,,,0.7241,0.00387,-0.08414,-0.020405,-0.501659,0.696,0.0219,0.00049,0.6207,1.398,0.1638,-0.019104,29.0,0.00674,0.01337,0.01855,-1.706242,,,,,,,,,,,,,,,,,,-0.02645,-0.577318,0.7816,1.014,0.8966,-1.785733,5,-1.706242,0.01525,0.6092,0.32,0,1,-0.025367,0.00674,0.01337,0.01855,0.30494,0,0.7931,-0.00486,-0.08163,-0.020741,-0.423642,1.351,0.02023,0.01352,0.6552,1.978,0.2454,-0.020498,29.0,0.00903,0.01946,0.03011,-1.947118,0.8276,-0.01545,-0.1474,-0.038204,-0.806652,0.995,0.03663,0.03174,0.5517,2.422,0.32,-0.036498,29.0,0.02116,0.02876,0.03433,-2.743583,,,,,,,,,,,,,,,,,,,,,,,,,,,,,,,,,,,,,,,,,,,,,,,,,,,,JSWENERGY_data,,2026-10-01
MACD_Hist_Falling + Stoch_Bear_Zone,MACD_Hist_Falling + Stoch_Bear_Zone,combo_2,156,momentum,Bearish,,,,,,,,,,,,,,,,,,0.7372,0.00992,-0.05796,-0.007918,-0.127927,1.147,0.00882,0.00156,0.5449,1.356,0.0377,-0.005814,154.0,0.00384,0.00793,0.01673,-0.741623,,,,,,,,,,,,,,,,,,-0.018538,-0.348544,0.7671,1.077,0.9423,-1.788515,5,-0.741623,0.00472,0.5556,0.0687,0,1,-0.015802,0.00384,0.00793,0.01673,0.23549,0,0.7692,0.0086,-0.10055,-0.01659,-0.313763,1.016,0.01637,0.00637,0.5449,1.917,0.0687,-0.013411,154.0,0.00633,0.01502,0.03175,-1.612323,0.7949,-0.00488,-0.13274,-0.031106,-0.603941,1.068,0.03288,0.00623,0.5769,2.348,0.0483,-0.028182,154.0,0.00783,0.01968,0.03615,-3.261757,,,,,,,,,,,,,,,,,,,,,,,,,,,,,,,,,,,,,,,,,,,,,,,,,,,,JSWENERGY_data,,2026-10-01
MACD_Hist_Falling + OBV_Falling,MACD_Hist_Falling + OBV_Falling,combo_2,262,momentum,Bearish,,,,,,,,,,,,,,,,,,0.7824,0.00858,-0.0616,-0.006689,-0.088823,1.355,0.00661,0.00097,0.5649,1.366,0.036,-0.003692,259.0,0.00415,0.01189,0.0211,-0.670824,,,,,,,,,,,,,,,,,,-0.015949,-0.281126,0.7926,1.195,0.9733,-1.8214,5,-0.670824,0.00429,0.5789,0.0387,0,1,-0.010922,0.00415,0.01189,0.0211,0.04769,1,0.7863,0.00751,-0.09892,-0.015242,-0.277409,1.189,0.01621,0.00498,0.5649,1.932,0.0387,-0.010051,259.0,0.00775,0.01936,0.03214,-1.837633,0.8092,0.00108,-0.14038,-0.025916,-0.477146,1.04,0.02647,0.00692,0.6069,2.366,0.0314,-0.019023,259.0,0.01046,0.02646,0.03664,-2.764461,,,,,,,,,,,,,,,,,,,,,,,,,,,,,,,,,,,,,,,,,,,,,,,,,,,,JSWENERGY_data,,2026-10-01
RSI_Overbought + Williams_Overbought,RSI_Overbought + Williams_Overbought,combo_2,28,mean_rev,Bearish,0.75,-0.00108,-0.06016,-0.015849,-0.384035,0.903,0.01603,0.00881,0.5714,1.066,0.1511,-0.011331,28.0,0.00154,0.00649,0.01202,-1.293159,0.6786,0.00096,-0.08263,-0.025904,-0.584962,0.476,0.02787,0.00156,0.5714,1.376,0.1955,-0.020753,28.0,0.00154,0.00649,0.01202,-1.96974,0.75,-0.00874,-0.11258,-0.0347,-0.788542,0.455,0.03742,0.00909,0.6071,1.628,0.1712,-0.030567,28.0,0.00403,0.00884,0.02548,-2.655254,-0.025485,-0.585846,0.7262,0.611,0.9286,-1.831809,3,-1.293159,0.00649,0.5833,0.1955,0,1,-0.020884,0.00154,0.00649,0.01202,0.65768,0,,,,,,,,,,,,,,,,,,,,,,,,,,,,,,,,,,,,,,,,,,,,,,,,,,,,,,,,,,,,,,,,,,,,,,,,,,,,,,,,,,,,,,JSWENERGY_data,,2026-10-01
Price_Below_SMA20 + Stoch_Cross_Down,Price_Below_SMA20 + Stoch_Cross_Down,combo_2,73,momentum,Bearish,,,,,,,,,,,,,,,,,,0.7397,0.01245,-0.05154,-0.004203,-0.057626,1.677,0.00395,0.0074,0.4658,1.41,0.0884,-0.001689,73.0,0.00429,0.00876,0.01619,-0.41583,,,,,,,,,,,,,,,,,,-0.016984,-0.357815,0.7169,1.255,0.9589,-1.853833,5,-0.41583,0.01731,0.4886,0.1133,0,1,-0.016573,0.00429,0.00876,0.01619,0.7406,0,0.6986,0.00539,-0.08283,-0.021195,-0.491966,0.941,0.02053,0.02425,0.4795,1.993,0.1133,-0.02051,73.0,0.00604,0.01,0.01675,-2.117456,0.7123,0.00284,-0.09585,-0.025554,-0.523854,1.149,0.02531,0.02029,0.5205,2.441,0.0949,-0.027519,73.0,0.00777,0.01412,0.02363,-2.590437,,,,,,,,,,,,,,,,,,,,,,,,,,,,,,,,,,,,,,,,,,,,,,,,,,,,JSWENERGY_data,,2026-10-01
RSI_Bear_Momentum + CMF_Negative,RSI_Bear_Momentum + CMF_Negative,combo_2,72,momentum,Bearish,,,,,,,,,,,,,,,,,,0.7639,0.00236,-0.04946,-0.009878,-0.236015,1.306,0.00897,0.00649,0.5556,1.379,0.1496,-0.005293,72.0,0.00172,0.00994,0.0183,-1.322151,,,,,,,,,,,,,,,,,,-0.017566,-0.426267,0.7361,1.075,0.9444,-1.855988,5,-1.322151,0.00805,0.5602,0.1496,0,1,-0.012618,0.00172,0.00994,0.0183,0.56199,0,0.7083,0.00555,-0.07911,-0.019144,-0.462445,0.955,0.0198,0.0082,0.5278,1.951,0.0946,-0.014069,72.0,0.00317,0.00994,0.02153,-1.984102,0.7361,0.00545,-0.10492,-0.023676,-0.580341,0.963,0.02592,0.00946,0.5972,2.389,0.1142,-0.018494,72.0,0.00693,0.01858,0.02701,-2.489928,,,,,,,,,,,,,,,,,,,,,,,,,,,,,,,,,,,,,,,,,,,,,,,,,,,,JSWENERGY_data,,2026-10-01
MACD_Hist_Falling,MACD_Hist_Falling,single,176,momentum,Bearish,,,,,,,,,,,,,,,,,,0.75,0.01128,-0.06547,-0.007911,-0.12304,1.156,0.00817,0.00097,0.5455,1.366,0.0443,-0.006365,175.0,0.00423,0.01139,0.01813,-0.73605,,,,,,,,,,,,,,,,,,-0.020578,-0.381496,0.7708,0.973,0.9489,-1.873701,5,-0.73605,0.00522,0.5663,0.0603,0,1,-0.017085,0.00423,0.01139,0.01813,0.15802,0,0.7614,0.00696,-0.1128,-0.021621,-0.427511,0.885,0.02266,0.00676,0.5739,1.932,0.0603,-0.017805,175.0,0.00617,0.01502,0.03194,-2.21286,0.8011,1e-05,-0.16199,-0.032203,-0.593937,0.878,0.03292,0.00794,0.5795,2.367,0.0463,-0.027083,175.0,0.00854,0.02378,0.03762,-3.074305,,,,,,,,,,,,,,,,,,,,,,,,,,,,,,,,,,,,,,,,,,,,,,,,,,,,JSWENERGY_data,,2026-10-01
MACD_Bearish_State + Williams_Overbought,MACD_Bearish_State + Williams_Overbought,combo_2,18,momentum,Bearish,,,,,,,,,,,,,,,,,,0.7222,0.02685,-0.09231,-0.00625,-0.053306,0.992,0.00658,-0.00153,0.5556,1.362,0.3424,0.015115,17.0,0.00249,0.00799,0.01738,-0.156957,,,,,,,,,,,,,,,,,,-0.033551,-0.675159,0.7037,0.755,0.9444,-1.877523,5,-0.156957,-0.01112,0.5926,0.3424,0,1,-0.004255,0.00249,0.00799,0.01738,0.76368,0,0.6667,0.04312,-0.15452,-0.022757,-0.45496,0.784,0.02722,-0.01567,0.6111,1.927,0.1744,0.008575,17.0,0.00519,0.01173,0.01738,-1.339601,0.7222,-0.00963,-0.23289,-0.071644,-1.517213,0.488,0.07303,-0.01615,0.6111,2.36,0.287,-0.036454,17.0,0.00519,0.01343,0.02907,-4.46734,,,,,,,,,,,,,,,,,,,,,,,,,,,,,,,,,,,,,,,,,,,,,,,,,,,,JSWENERGY_data,,2026-10-01
MACD_Hist_Negative + Williams_Overbought,MACD_Hist_Negative + Williams_Overbought,combo_2,18,momentum,Bearish,,,,,,,,,,,,,,,,,,0.7222,0.02685,-0.09231,-0.00625,-0.053306,0.992,0.00658,-0.00153,0.5556,1.362,0.3424,0.015115,17.0,0.00249,0.00799,0.01738,-0.156957,,,,,,,,,,,,,,,,,,-0.033551,-0.675159,0.7037,0.755,0.9444,-1.877523,5,-0.156957,-0.01112,0.5926,0.3424,0,1,-0.004255,0.00249,0.00799,0.01738,0.76368,0,0.6667,0.04312,-0.15452,-0.022757,-0.45496,0.784,0.02722,-0.01567,0.6111,1.927,0.1744,0.008575,17.0,0.00519,0.01173,0.01738,-1.339601,0.7222,-0.00963,-0.23289,-0.071644,-1.517213,0.488,0.07303,-0.01615,0.6111,2.36,0.287,-0.036454,17.0,0.00519,0.01343,0.02907,-4.46734,,,,,,,,,,,,,,,,,,,,,,,,,,,,,,,,,,,,,,,,,,,,,,,,,,,,JSWENERGY_data,,2026-10-01
Stoch_Cross_Down + OBV_Trend_Bear,Stoch_Cross_Down + OBV_Trend_Bear,combo_2,67,momentum,Bearish,,,,,,,,,,,,,,,,,,0.7463,0.01496,-0.04186,0.000541,-0.007908,2.03,-0.00024,0.00055,0.4925,1.344,0.0849,-0.000322,67.0,0.00462,0.00802,0.01626,-0.067729,,,,,,,,,,,,,,,,,,-0.014036,-0.31904,0.7612,1.451,0.9701,-1.895048,5,-0.067729,0.01257,0.5075,0.1358,0,1,-0.017235,0.00462,0.00802,0.01626,0.50853,0,0.7612,0.00019,-0.07498,-0.017762,-0.444492,1.167,0.0167,0.01687,0.5075,1.9,0.1358,-0.020013,67.0,0.00636,0.01155,0.02566,-2.1886,0.7761,-0.00301,-0.10072,-0.024886,-0.504721,1.156,0.02448,0.02029,0.5224,2.328,0.1084,-0.031369,67.0,0.00785,0.0167,0.03409,-2.462806,,,,,,,,,,,,,,,,,,,,,,,,,,,,,,,,,,,,,,,,,,,,,,,,,,,,JSWENERGY_data,,2026-10-01
BB_Upper_Touch,BB_Upper_Touch,single,45,mean_rev,Bearish,0.7778,0.00809,-0.06695,-0.008587,-0.218858,0.988,0.00852,-0.00209,0.5778,1.057,0.0872,-0.009493,44.0,-0.00067,0.00789,0.01899,-0.837928,0.8,-0.01087,-0.09962,-0.028618,-0.655446,0.54,0.02948,0.00415,0.6444,1.364,0.0907,-0.030801,44.0,-0.00035,0.01167,0.02705,-2.50947,0.8,-0.01204,-0.09663,-0.028955,-0.652235,0.751,0.03128,0.00385,0.5778,1.614,0.1126,-0.029734,44.0,-0.00035,0.01556,0.02731,-2.497173,-0.022053,-0.508846,0.7926,0.759,0.9778,-1.904897,3,-0.837928,0.00197,0.6,0.1126,0,1,-0.023343,-0.00067,0.00789,0.01899,0.3424,0,,,,,,,,,,,,,,,,,,,,,,,,,,,,,,,,,,,,,,,,,,,,,,,,,,,,,,,,,,,,,,,,,,,,,,,,,,,,,,,,,,,,,,JSWENERGY_data,,2026-10-01
BB_Upper_Touch + CCI_Overbought,BB_Upper_Touch + CCI_Overbought,combo_2,45,mean_rev,Bearish,0.7778,0.00809,-0.06695,-0.008587,-0.218858,0.988,0.00852,-0.00209,0.5778,1.057,0.0872,-0.009493,44.0,-0.00067,0.00789,0.01899,-0.837928,0.8,-0.01087,-0.09962,-0.028618,-0.655446,0.54,0.02948,0.00415,0.6444,1.364,0.0907,-0.030801,44.0,-0.00035,0.01167,0.02705,-2.50947,0.8,-0.01204,-0.09663,-0.028955,-0.652235,0.751,0.03128,0.00385,0.5778,1.614,0.1126,-0.029734,44.0,-0.00035,0.01556,0.02731,-2.497173,-0.022053,-0.508846,0.7926,0.759,0.9778,-1.904897,3,-0.837928,0.00197,0.6,0.1126,0,1,-0.023343,-0.00067,0.00789,0.01899,0.3424,0,,,,,,,,,,,,,,,,,,,,,,,,,,,,,,,,,,,,,,,,,,,,,,,,,,,,,,,,,,,,,,,,,,,,,,,,,,,,,,,,,,,,,,JSWENERGY_data,,2026-10-01
RSI_Bear_Momentum + OBV_Falling,RSI_Bear_Momentum + OBV_Falling,combo_2,159,momentum,Bearish,,,,,,,,,,,,,,,,,,0.7862,0.00942,-0.06588,-0.006679,-0.092083,1.448,0.00631,0.00328,0.5157,1.38,0.0536,-0.00281,159.0,0.00256,0.00984,0.01953,-0.676904,,,,,,,,,,,,,,,,,,-0.016745,-0.318787,0.7568,1.234,0.956,-1.908716,5,-0.676904,0.01227,0.5199,0.0536,0,1,-0.011256,0.00256,0.00984,0.01953,0.27177,0,0.7421,0.00173,-0.07925,-0.019149,-0.376588,1.156,0.01954,0.01903,0.5031,1.951,0.052,-0.012623,159.0,0.00397,0.0147,0.02376,-2.208816,0.7421,0.00293,-0.10309,-0.024407,-0.48769,1.098,0.02518,0.0145,0.5409,2.39,0.0491,-0.018336,159.0,0.00662,0.01853,0.02667,-2.71797,,,,,,,,,,,,,,,,,,,,,,,,,,,,,,,,,,,,,,,,,,,,,,,,,,,,JSWENERGY_data,,2026-10-01
MACD_Hist_Falling + Stoch_Cross_Down,MACD_Hist_Falling + Stoch_Cross_Down,combo_2,119,momentum,Bearish,,,,,,,,,,,,,,,,,,0.7647,0.00604,-0.05581,-0.008511,-0.169598,1.281,0.00857,0.00756,0.521,1.397,0.0613,-0.007338,118.0,0.00572,0.01082,0.01718,-1.04048,,,,,,,,,,,,,,,,,,-0.016108,-0.34634,0.7787,1.209,0.9748,-1.953915,5,-1.04048,0.00731,0.5378,0.0683,0,1,-0.015441,0.00572,0.01082,0.01718,0.32577,0,0.7815,0.00689,-0.09053,-0.014392,-0.299991,1.189,0.01464,0.00745,0.5294,1.976,0.0542,-0.013326,118.0,0.00759,0.01614,0.03212,-1.708026,0.7899,-0.00278,-0.11054,-0.025421,-0.569431,1.156,0.02795,0.00692,0.563,2.42,0.0683,-0.025658,118.0,0.00828,0.01809,0.03469,-3.151212,,,,,,,,,,,,,,,,,,,,,,,,,,,,,,,,,,,,,,,,,,,,,,,,,,,,JSWENERGY_data,,2026-10-01
BB_Upper_Touch + Stoch_Overbought,BB_Upper_Touch + Stoch_Overbought,combo_2,27,mean_rev,Bearish,0.7037,-0.00158,-0.04422,-0.014213,-0.368579,0.725,0.01466,0.01001,0.5556,1.026,0.2051,-0.013128,27.0,-0.00191,0.00615,0.00824,-1.22818,0.7407,-0.01107,-0.08686,-0.03072,-0.700101,0.65,0.03098,0.01571,0.5926,1.325,0.1773,-0.031427,27.0,0.00197,0.00754,0.02257,-2.332878,0.7037,-0.01879,-0.06967,-0.033867,-0.767682,0.695,0.03547,0.01563,0.5926,1.568,0.1734,-0.034862,27.0,0.00197,0.00754,0.02257,-2.558075,-0.026267,-0.612121,0.716,0.69,0.963,-1.964166,3,-1.22818,0.01378,0.5802,0.2051,0,1,-0.026472,-0.00191,0.00615,0.00824,0.70099,0,,,,,,,,,,,,,,,,,,,,,,,,,,,,,,,,,,,,,,,,,,,,,,,,,,,,,,,,,,,,,,,,,,,,,,,,,,,,,,,,,,,,,,JSWENERGY_data,,2026-10-01
CMF_Strong_Bear + OBV_Falling,CMF_Strong_Bear + OBV_Falling,combo_2,129,momentum,Bearish,,,,,,,,,,,,,,,,,,0.7519,0.00951,-0.07572,-0.011637,-0.204452,1.032,0.01151,0.00679,0.5426,1.375,0.0592,-0.008141,129.0,0.00302,0.00898,0.01948,-1.026561,,,,,,,,,,,,,,,,,,-0.01879,-0.384574,0.77,1.094,0.969,-1.985145,5,-1.026561,0.01732,0.5116,0.063,0,1,-0.013776,0.00302,0.00898,0.01948,0.32114,0,0.7829,-6e-05,-0.10863,-0.023627,-0.53325,1.017,0.02468,0.01968,0.5116,1.944,0.063,-0.017729,129.0,0.00326,0.01709,0.02735,-2.640269,0.7752,0.0054,-0.11252,-0.021107,-0.41602,1.235,0.02221,0.0255,0.4806,2.381,0.0568,-0.015457,129.0,0.00649,0.01949,0.03223,-2.499872,,,,,,,,,,,,,,,,,,,,,,,,,,,,,,,,,,,,,,,,,,,,,,,,,,,,JSWENERGY_data,,2026-10-01
Stoch_Bear_Zone + OBV_Falling,Stoch_Bear_Zone + OBV_Falling,combo_2,209,momentum,Bearish,,,,,,,,,,,,,,,,,,0.7596,0.00995,-0.05848,-0.006502,-0.111254,1.288,0.00707,0.00181,0.5625,1.357,0.039,-0.003927,207.0,0.0036,0.0101,0.01698,-0.766127,,,,,,,,,,,,,,,,,,-0.01718,-0.337685,0.7724,1.127,0.976,-1.986617,5,-0.766127,0.00613,0.5641,0.0515,0,1,-0.013059,0.0036,0.0101,0.01698,0.32154,0,0.774,0.00758,-0.09645,-0.015925,-0.337487,1.08,0.01651,0.00372,0.5529,1.92,0.0515,-0.01172,207.0,0.00784,0.01672,0.03106,-1.94842,0.7837,-0.00038,-0.13317,-0.029111,-0.564316,1.014,0.03063,0.01286,0.5769,2.351,0.0377,-0.023528,207.0,0.00927,0.02202,0.03417,-3.060967,,,,,,,,,,,,,,,,,,,,,,,,,,,,,,,,,,,,,,,,,,,,,,,,,,,,JSWENERGY_data,,2026-10-01
OBV_Falling,OBV_Falling,single,347,momentum,Bearish,,,,,,,,,,,,,,,,,,0.7813,0.00859,-0.06458,-0.007407,-0.117038,1.268,0.00749,0.00097,0.5714,1.361,0.0282,-0.004296,340.0,0.00485,0.01194,0.0194,-0.868711,,,,,,,,,,,,,,,,,,-0.015998,-0.296485,0.7872,1.169,0.9913,-2.010023,5,-0.868711,0.00569,0.5724,0.0296,0,1,-0.011346,0.00485,0.01194,0.0194,0.0905,1,0.7901,0.00705,-0.0984,-0.015086,-0.295268,1.217,0.0165,0.00515,0.5569,1.925,0.0296,-0.010867,340.0,0.00718,0.01921,0.03047,-2.103178,0.7901,0.00279,-0.132,-0.025501,-0.47715,1.021,0.02666,0.01096,0.5889,2.358,0.0236,-0.018875,340.0,0.0097,0.02405,0.03485,-2.849805,,,,,,,,,,,,,,,,,,,,,,,,,,,,,,,,,,,,,,,,,,,,,,,,,,,,JSWENERGY_data,,2026-10-01
MACD_Bearish_State + CMF_Negative,MACD_Bearish_State + CMF_Negative,combo_2,60,momentum,Bearish,,,,,,,,,,,,,,,,,,0.7,0.0017,-0.04783,-0.013155,-0.318428,1.06,0.01201,0.00795,0.5833,1.327,0.1828,-0.009236,60.0,0.0048,0.008,0.01302,-1.387284,,,,,,,,,,,,,,,,,,-0.023154,-0.508518,0.7,0.831,0.9667,-2.020772,5,-1.387284,0.01217,0.5611,0.1828,0,1,-0.018947,0.0048,0.008,0.01302,0.86963,0,0.6833,0.00702,-0.08588,-0.0224,-0.493911,0.731,0.02204,0.00949,0.5333,1.877,0.1514,-0.019366,60.0,0.0066,0.00959,0.01729,-2.030404,0.7167,0.00235,-0.1256,-0.033905,-0.713217,0.702,0.03406,0.01906,0.5667,2.299,0.1304,-0.02824,60.0,0.00751,0.01465,0.02675,-2.931943,,,,,,,,,,,,,,,,,,,,,,,,,,,,,,,,,,,,,,,,,,,,,,,,,,,,JSWENERGY_data,,2026-10-01
MACD_Hist_Negative + CMF_Negative,MACD_Hist_Negative + CMF_Negative,combo_2,60,momentum,Bearish,,,,,,,,,,,,,,,,,,0.7,0.0017,-0.04783,-0.013155,-0.318428,1.06,0.01201,0.00795,0.5833,1.327,0.1828,-0.009236,60.0,0.0048,0.008,0.01302,-1.387284,,,,,,,,,,,,,,,,,,-0.023154,-0.508518,0.7,0.831,0.9667,-2.020772,5,-1.387284,0.01217,0.5611,0.1828,0,1,-0.018947,0.0048,0.008,0.01302,0.86963,0,0.6833,0.00702,-0.08588,-0.0224,-0.493911,0.731,0.02204,0.00949,0.5333,1.877,0.1514,-0.019366,60.0,0.0066,0.00959,0.01729,-2.030404,0.7167,0.00235,-0.1256,-0.033905,-0.713217,0.702,0.03406,0.01906,0.5667,2.299,0.1304,-0.02824,60.0,0.00751,0.01465,0.02675,-2.931943,,,,,,,,,,,,,,,,,,,,,,,,,,,,,,,,,,,,,,,,,,,,,,,,,,,,JSWENERGY_data,,2026-10-01
CMF_Negative + CCI_Overbought,CMF_Negative + CCI_Overbought,combo_2,37,momentum,Bearish,,,,,,,,,,,,,,,,,,0.8108,-0.00166,-0.10246,-0.020727,-0.451513,0.593,0.02327,0.00239,0.6486,1.236,0.1403,-0.016778,37.0,0.01015,0.01465,0.01738,-1.642417,,,,,,,,,,,,,,,,,,-0.029213,-0.572551,0.7928,0.656,0.973,-2.026413,5,-1.642417,0.00272,0.6396,0.1403,0,1,-0.019455,0.01015,0.01465,0.01738,0.32129,0,0.7838,-0.00031,-0.11771,-0.025696,-0.463952,0.742,0.02839,0.00385,0.6757,1.748,0.1336,-0.018046,37.0,0.01343,0.01826,0.02924,-1.687665,0.7838,-0.01483,-0.13687,-0.041215,-0.802187,0.632,0.04256,0.00193,0.5946,2.141,0.1296,-0.023541,37.0,0.01343,0.02354,0.0357,-2.918026,,,,,,,,,,,,,,,,,,,,,,,,,,,,,,,,,,,,,,,,,,,,,,,,,,,,JSWENERGY_data,,2026-10-01
RSI_Bear_Momentum,RSI_Bear_Momentum,single,88,momentum,Bearish,,,,,,,,,,,,,,,,,,0.7841,0.00339,-0.05914,-0.010113,-0.207685,1.243,0.01029,0.00471,0.5568,1.369,0.0702,-0.006758,88.0,0.00336,0.00997,0.02007,-1.159187,,,,,,,,,,,,,,,,,,-0.022752,-0.480929,0.7614,1.001,0.9545,-2.062728,5,-1.159187,0.01151,0.572,0.1087,0,1,-0.015387,0.00336,0.00997,0.02007,0.37358,0,0.7386,0.00022,-0.08671,-0.022502,-0.449088,0.959,0.02268,0.01943,0.5114,1.936,0.1023,-0.013329,88.0,0.00437,0.01033,0.02482,-2.015795,0.7614,-0.0099,-0.11778,-0.035641,-0.786014,0.801,0.03663,0.01038,0.6477,2.371,0.1087,-0.026074,88.0,0.00876,0.01934,0.02681,-3.528129,,,,,,,,,,,,,,,,,,,,,,,,,,,,,,,,,,,,,,,,,,,,,,,,,,,,JSWENERGY_data,,2026-10-01
Death_Cross_State + Stoch_Overbought,Death_Cross_State + Stoch_Overbought,combo_2,21,trend,Bearish,,,,,,,,,,,,,,,,,,,,,,,,,,,,,,,,,,,,,,,,,,,,,,,,,,,,-0.034039,-0.680722,0.7778,1.04,0.9524,-2.084081,20,-2.360923,0.00972,0.6667,0.3428,0,1,-0.034152,0.01828,0.02873,0.03376,0.4201,0,0.7619,-0.02007,-0.02872,-0.022128,-0.424397,1.98,0.02367,0.00257,0.5714,1.755,0.2173,-0.01959,21.0,0.00968,0.01417,0.02672,-2.596887,,,,,,,,,,,,,,,,,,0.7619,0.00088,-0.17387,-0.040726,-0.763795,0.491,0.04045,0.01215,0.7619,2.481,0.3428,-0.041912,21.0,0.01828,0.02873,0.03376,-2.360923,0.8095,-0.00648,-0.17862,-0.039264,-0.853974,0.65,0.04208,0.01444,0.6667,3.039,0.2466,-0.040952,21.0,0.02235,0.02873,0.03755,-2.639669,,,,,,,,,,,,,,,,,,JSWENERGY_data,,2026-10-01
Stoch_Bear_Zone + CCI_Overbought,Stoch_Bear_Zone + CCI_Overbought,combo_2,55,momentum,Bearish,,,,,,,,,,,,,,,,,,0.7636,0.00771,-0.07172,-0.011067,-0.164882,0.915,0.01096,-0.0017,0.6182,1.372,0.081,-0.007256,54.0,0.0054,0.01525,0.0207,-0.66371,,,,,,,,,,,,,,,,,,-0.029917,-0.555294,0.7939,0.861,0.9455,-2.113332,5,-0.66371,0.0065,0.6,0.1175,0,1,-0.020644,0.0054,0.01525,0.0207,0.23741,0,0.8,0.00448,-0.1344,-0.023296,-0.392385,0.885,0.02643,0.00013,0.6182,1.941,0.0996,-0.014988,54.0,0.01016,0.01942,0.0304,-1.579487,0.8182,-0.02828,-0.17737,-0.055388,-1.108616,0.783,0.05554,0.02107,0.5636,2.377,0.1175,-0.039689,54.0,0.01016,0.02781,0.03447,-4.462569,,,,,,,,,,,,,,,,,,,,,,,,,,,,,,,,,,,,,,,,,,,,,,,,,,,,JSWENERGY_data,,2026-10-01
RSI_Bear_Momentum + MACD_Hist_Negative,RSI_Bear_Momentum + MACD_Hist_Negative,combo_2,74,momentum,Bearish,,,,,,,,,,,,,,,,,,0.7297,0.00471,-0.05799,-0.012233,-0.242353,1.019,0.01245,0.00772,0.527,1.384,0.0831,-0.010294,74.0,0.00244,0.00788,0.01826,-1.066101,,,,,,,,,,,,,,,,,,-0.023511,-0.510623,0.7072,0.859,0.9595,-2.115232,5,-1.066101,0.01295,0.5495,0.1147,0,1,-0.018056,0.00244,0.00788,0.01826,0.80213,0,0.6892,0.00748,-0.08516,-0.021312,-0.453084,0.895,0.02129,0.01943,0.5135,1.957,0.1133,-0.014933,74.0,0.00473,0.00867,0.01952,-1.956185,0.7027,-0.0036,-0.11591,-0.036988,-0.836432,0.663,0.03759,0.0117,0.6081,2.397,0.1147,-0.02894,74.0,0.0061,0.01446,0.02437,-3.611284,,,,,,,,,,,,,,,,,,,,,,,,,,,,,,,,,,,,,,,,,,,,,,,,,,,,JSWENERGY_data,,2026-10-01
RSI_Bear_Momentum + MACD_Bearish_State,RSI_Bear_Momentum + MACD_Bearish_State,combo_2,74,momentum,Bearish,,,,,,,,,,,,,,,,,,0.7297,0.00471,-0.05799,-0.012233,-0.242353,1.019,0.01245,0.00772,0.527,1.384,0.0831,-0.010294,74.0,0.00244,0.00788,0.01826,-1.066101,,,,,,,,,,,,,,,,,,-0.023511,-0.510623,0.7072,0.859,0.9595,-2.115232,5,-1.066101,0.01295,0.5495,0.1147,0,1,-0.018056,0.00244,0.00788,0.01826,0.80213,0,0.6892,0.00748,-0.08516,-0.021312,-0.453084,0.895,0.02129,0.01943,0.5135,1.957,0.1133,-0.014933,74.0,0.00473,0.00867,0.01952,-1.956185,0.7027,-0.0036,-0.11591,-0.036988,-0.836432,0.663,0.03759,0.0117,0.6081,2.397,0.1147,-0.02894,74.0,0.0061,0.01446,0.02437,-3.611284,,,,,,,,,,,,,,,,,,,,,,,,,,,,,,,,,,,,,,,,,,,,,,,,,,,,JSWENERGY_data,,2026-10-01
Stoch_Bear_Zone + CMF_Negative,Stoch_Bear_Zone + CMF_Negative,combo_2,95,momentum,Bearish,,,,,,,,,,,,,,,,,,0.7263,0.0122,-0.03636,-0.001093,-0.013181,1.708,0.00135,0.00134,0.4947,1.316,0.0894,0.002498,95.0,0.00339,0.00782,0.01525,-0.10276,,,,,,,,,,,,,,,,,,-0.019168,-0.413409,0.7579,1.189,0.9474,-2.124935,5,-0.10276,0.01525,0.5333,0.1063,0,1,-0.015561,0.00339,0.00782,0.01525,0.45844,0,0.7684,-0.0033,-0.08869,-0.023079,-0.525113,0.929,0.02246,0.01905,0.5474,1.861,0.1063,-0.019674,95.0,0.00469,0.01365,0.02759,-2.396799,0.7789,-0.00899,-0.11913,-0.033334,-0.701933,0.929,0.03423,0.02538,0.5579,2.28,0.0928,-0.029508,95.0,0.00803,0.01908,0.03277,-3.203866,,,,,,,,,,,,,,,,,,,,,,,,,,,,,,,,,,,,,,,,,,,,,,,,,,,,JSWENERGY_data,,2026-10-01
Stoch_Bear_Zone + Williams_Overbought,Stoch_Bear_Zone + Williams_Overbought,combo_2,35,momentum,Bearish,,,,,,,,,,,,,,,,,,0.8529,0.00862,-0.06914,-0.00282,0.015223,1.64,0.0023,-0.01309,0.6471,1.322,0.1607,-0.003404,33.0,0.01123,0.01785,0.02153,0.08949,,,,,,,,,,,,,,,,,,-0.010993,-0.181764,0.8824,3.58,0.9118,-2.12603,5,0.08949,0.00504,0.549,0.1693,0,1,-0.009611,0.01123,0.01785,0.02153,0.0075,1,0.8529,-0.00474,-0.05736,-0.012482,-0.200099,1.971,0.01245,0.01354,0.5,1.87,0.1693,-0.007868,33.0,0.0157,0.02733,0.03735,-1.413086,0.9412,-0.01409,-0.07498,-0.017677,-0.360415,7.129,0.01982,0.01468,0.5,2.291,0.1534,-0.017561,33.0,0.02312,0.0305,0.04192,-9.206883,,,,,,,,,,,,,,,,,,,,,,,,,,,,,,,,,,,,,,,,,,,,,,,,,,,,JSWENERGY_data,,2026-10-01
Stoch_Bear_Zone + CMF_Strong_Bear,Stoch_Bear_Zone + CMF_Strong_Bear,combo_2,63,momentum,Bearish,,,,,,,,,,,,,,,,,,0.746,0.01295,-0.03911,-0.000272,0.082324,1.974,0.00036,0.00657,0.4444,1.329,0.1159,0.002702,63.0,0.00334,0.00796,0.01745,0.675707,,,,,,,,,,,,,,,,,,-0.018868,-0.369353,0.7884,1.483,0.9365,-2.133067,5,0.675707,0.02094,0.4815,0.1422,0,1,-0.014012,0.00334,0.00796,0.01745,0.2286,0,0.8095,-0.00945,-0.10324,-0.027317,-0.624003,1.08,0.02803,0.02617,0.5079,1.88,0.1422,-0.022212,63.0,0.00431,0.01978,0.03114,-2.80299,0.8095,-0.01031,-0.10852,-0.029015,-0.56638,1.395,0.03148,0.03009,0.4921,2.302,0.1185,-0.022526,63.0,0.00784,0.02648,0.03603,-3.28511,,,,,,,,,,,,,,,,,,,,,,,,,,,,,,,,,,,,,,,,,,,,,,,,,,,,JSWENERGY_data,,2026-10-01
CMF_Strong_Bear + OBV_Trend_Bear,CMF_Strong_Bear + OBV_Trend_Bear,combo_2,49,momentum,Bearish,,,,,,,,,,,,,,,,,,0.7755,0.01278,-0.05346,-0.002089,-0.006046,2.171,0.00261,0.0074,0.3878,1.349,0.1185,-0.001803,49.0,0.0061,0.01355,0.01892,-0.051336,,,,,,,,,,,,,,,,,,-0.01513,-0.328168,0.8027,1.757,0.9592,-2.163284,5,-0.051336,0.01926,0.4558,0.1784,0,1,-0.012046,0.0061,0.01355,0.01892,0.23445,0,0.8163,-0.00474,-0.09141,-0.020659,-0.464766,1.503,0.01916,0.0211,0.4898,1.908,0.1784,-0.015836,49.0,0.00802,0.01906,0.02791,-2.732771,0.8163,-0.00597,-0.09672,-0.022641,-0.513693,1.597,0.02306,0.02928,0.4898,2.337,0.1108,-0.018499,49.0,0.00992,0.01949,0.03342,-3.208553,,,,,,,,,,,,,,,,,,,,,,,,,,,,,,,,,,,,,,,,,,,,,,,,,,,,JSWENERGY_data,,2026-10-01
MACD_Bearish_State + MACD_Hist_Falling,MACD_Bearish_State + MACD_Hist_Falling,combo_2,118,momentum,Bearish,,,,,,,,,,,,,,,,,,0.6949,0.01825,-0.06403,-0.006851,-0.110932,1.114,0.00716,0.00312,0.5169,1.342,0.058,-0.00785,118.0,0.00417,0.00769,0.01181,-0.590501,,,,,,,,,,,,,,,,,,-0.023069,-0.465719,0.7062,0.812,0.9746,-2.169143,5,-0.590501,0.00754,0.565,0.0827,0,1,-0.020353,0.00417,0.00769,0.01181,0.91872,0,0.7034,0.01634,-0.11305,-0.022035,-0.467014,0.73,0.02323,0.00809,0.5763,1.898,0.0827,-0.018141,118.0,0.00516,0.00907,0.01696,-2.231919,0.7203,0.00621,-0.16018,-0.04032,-0.819211,0.591,0.0408,0.01141,0.6017,2.324,0.0624,-0.035068,118.0,0.00617,0.01303,0.02736,-3.915112,,,,,,,,,,,,,,,,,,,,,,,,,,,,,,,,,,,,,,,,,,,,,,,,,,,,JSWENERGY_data,,2026-10-01
MACD_Hist_Negative + MACD_Hist_Falling,MACD_Hist_Negative + MACD_Hist_Falling,combo_2,118,momentum,Bearish,,,,,,,,,,,,,,,,,,0.6949,0.01825,-0.06403,-0.006851,-0.110932,1.114,0.00716,0.00312,0.5169,1.342,0.058,-0.00785,118.0,0.00417,0.00769,0.01181,-0.590501,,,,,,,,,,,,,,,,,,-0.023069,-0.465719,0.7062,0.812,0.9746,-2.169143,5,-0.590501,0.00754,0.565,0.0827,0,1,-0.020353,0.00417,0.00769,0.01181,0.91872,0,0.7034,0.01634,-0.11305,-0.022035,-0.467014,0.73,0.02323,0.00809,0.5763,1.898,0.0827,-0.018141,118.0,0.00516,0.00907,0.01696,-2.231919,0.7203,0.00621,-0.16018,-0.04032,-0.819211,0.591,0.0408,0.01141,0.6017,2.324,0.0624,-0.035068,118.0,0.00617,0.01303,0.02736,-3.915112,,,,,,,,,,,,,,,,,,,,,,,,,,,,,,,,,,,,,,,,,,,,,,,,,,,,JSWENERGY_data,,2026-10-01
Price_Below_SMA50 + CDL_Engulfing_Bear,Price_Below_SMA50 + CDL_Engulfing_Bear,combo_2,27,trend,Bearish,,,,,,,,,,,,,,,,,,,,,,,,,,,,,,,,,,,,,,,,,,,,,,,,,,,,-0.04288,-0.703207,0.6543,0.824,0.9259,-2.169657,10,-1.627329,0.04833,0.4938,0.2723,0,1,-0.025946,0.00062,0.00828,0.01953,0.82104,0,0.7037,0.00057,-0.08482,-0.024734,-0.471799,1.035,0.02538,0.04372,0.4074,2.189,0.2723,-0.010584,27.0,0.00062,0.00828,0.01953,-1.627329,,,,,,,,,,,,,,,,,,0.6296,0.0257,-0.13652,-0.034382,-0.527977,0.831,0.03635,0.04729,0.4444,3.096,0.2401,-0.017692,27.0,0.00446,0.02237,0.03422,-1.759328,0.6296,-0.00069,-0.18655,-0.069525,-1.109844,0.605,0.06948,0.05397,0.6296,3.791,0.2682,-0.04956,27.0,0.00682,0.02258,0.0354,-3.698228,,,,,,,,,,,,,,,,,,JSWENERGY_data,,2026-10-01
MACD_Hist_Falling + CMF_Strong_Bear,MACD_Hist_Falling + CMF_Strong_Bear,combo_2,76,momentum,Bearish,,,,,,,,,,,,,,,,,,0.7237,0.00542,-0.05985,-0.012614,-0.219089,1.144,0.0125,0.01352,0.4868,1.402,0.1043,-0.007357,76.0,-0.00039,0.00598,0.01811,-1.088277,,,,,,,,,,,,,,,,,,-0.022401,-0.470184,0.7544,1.133,0.9474,-2.192925,5,-1.088277,0.02381,0.4912,0.1073,0,1,-0.014741,-0.00039,0.00598,0.01811,0.4986,0,0.7632,-0.0123,-0.09042,-0.030803,-0.666692,0.996,0.03124,0.03804,0.4737,1.983,0.1073,-0.021762,76.0,0.00094,0.01033,0.03032,-2.895979,0.7763,-0.00128,-0.10189,-0.023787,-0.52477,1.26,0.02602,0.01987,0.5132,2.429,0.1049,-0.015104,76.0,0.00205,0.01932,0.03583,-2.873204,,,,,,,,,,,,,,,,,,,,,,,,,,,,,,,,,,,,,,,,,,,,,,,,,,,,JSWENERGY_data,,2026-10-01
Stoch_Bear_Zone,Stoch_Bear_Zone,single,169,momentum,Bearish,,,,,,,,,,,,,,,,,,0.7485,0.00868,-0.05226,-0.006649,-0.108862,1.321,0.00658,0.00472,0.5329,1.353,0.0506,-0.004859,166.0,0.00359,0.01011,0.01678,-0.738294,,,,,,,,,,,,,,,,,,-0.018782,-0.380361,0.7685,1.166,0.9641,-2.195409,5,-0.738294,0.00969,0.5409,0.0506,0,1,-0.016362,0.00359,0.01011,0.01678,0.34055,0,0.7725,0.00436,-0.09557,-0.018377,-0.374955,1.07,0.01823,0.00977,0.5329,1.913,0.0504,-0.016047,166.0,0.0064,0.01667,0.0308,-2.059922,0.7844,-0.0081,-0.1158,-0.031318,-0.657267,1.107,0.03307,0.01458,0.5569,2.343,0.0471,-0.02818,166.0,0.00862,0.01859,0.03409,-3.736776,,,,,,,,,,,,,,,,,,,,,,,,,,,,,,,,,,,,,,,,,,,,,,,,,,,,JSWENERGY_data,,2026-10-01
Stoch_Bear_Zone + OBV_Trend_Bear,Stoch_Bear_Zone + OBV_Trend_Bear,combo_2,76,momentum,Bearish,,,,,,,,,,,,,,,,,,0.75,0.012,-0.04955,-0.003388,-0.063046,1.702,0.0037,0.00277,0.5,1.276,0.0613,-0.00562,76.0,0.00418,0.00793,0.01675,-0.46598,,,,,,,,,,,,,,,,,,-0.018356,-0.404852,0.7675,1.3,0.9605,-2.196763,5,-0.46598,0.01403,0.5175,0.1519,0,1,-0.022446,0.00418,0.00793,0.01675,0.38786,0,0.7632,-0.00378,-0.07883,-0.021558,-0.503629,1.07,0.01985,0.01422,0.5263,1.805,0.1519,-0.024561,76.0,0.00518,0.01097,0.0288,-2.341698,0.7895,-0.01168,-0.09927,-0.030121,-0.647883,1.13,0.03102,0.0251,0.5263,2.21,0.1054,-0.037158,76.0,0.00783,0.01679,0.034,-3.178777,,,,,,,,,,,,,,,,,,,,,,,,,,,,,,,,,,,,,,,,,,,,,,,,,,,,JSWENERGY_data,,2026-10-01
BB_Upper_Touch + Williams_Overbought,BB_Upper_Touch + Williams_Overbought,combo_2,44,mean_rev,Bearish,0.75,0.00621,-0.06268,-0.01101,-0.280372,0.891,0.01094,0.00052,0.5682,1.042,0.0938,-0.010672,44.0,-0.00071,0.00413,0.01595,-1.067283,0.75,-0.01175,-0.09415,-0.032353,-0.74351,0.44,0.03322,0.00967,0.6136,1.345,0.0963,-0.033543,44.0,-0.00037,0.00936,0.01701,-2.830291,0.7727,-0.01323,-0.09912,-0.032746,-0.748925,0.603,0.03507,0.01339,0.5682,1.591,0.1231,-0.032419,44.0,-0.00037,0.01184,0.0262,-2.850903,-0.02537,-0.590936,0.7576,0.645,0.9773,-2.198368,3,-1.067283,0.00786,0.5833,0.1231,0,1,-0.025545,-0.00071,0.00413,0.01595,0.51574,0,,,,,,,,,,,,,,,,,,,,,,,,,,,,,,,,,,,,,,,,,,,,,,,,,,,,,,,,,,,,,,,,,,,,,,,,,,,,,,,,,,,,,,JSWENERGY_data,,2026-10-01
RSI_Bear_Momentum + Stoch_Bear_Zone,RSI_Bear_Momentum + Stoch_Bear_Zone,combo_2,83,momentum,Bearish,,,,,,,,,,,,,,,,,,0.7349,0.00545,-0.04838,-0.008817,-0.169682,1.472,0.00873,0.00803,0.5181,1.351,0.0917,-0.00657,83.0,0.00604,0.00981,0.01669,-1.106657,,,,,,,,,,,,,,,,,,-0.02322,-0.487823,0.7149,1.074,0.9518,-2.208559,5,-1.106657,0.01542,0.5382,0.0992,0,1,-0.020955,0.00604,0.00981,0.01669,0.78015,0,0.6867,0.00569,-0.09197,-0.024898,-0.566115,0.829,0.02593,0.01903,0.5181,1.911,0.0992,-0.021775,83.0,0.00689,0.00981,0.01964,-2.508352,0.7229,-0.00733,-0.11059,-0.035945,-0.727672,0.919,0.03744,0.01921,0.5783,2.34,0.0953,-0.034519,83.0,0.00777,0.01305,0.02336,-3.224181,,,,,,,,,,,,,,,,,,,,,,,,,,,,,,,,,,,,,,,,,,,,,,,,,,,,JSWENERGY_data,,2026-10-01
CMF_Negative + OBV_Falling,CMF_Negative + OBV_Falling,combo_2,187,momentum,Bearish,,,,,,,,,,,,,,,,,,0.7754,0.00807,-0.06222,-0.007718,-0.137414,1.309,0.00729,0.00239,0.5508,1.35,0.0501,-0.004254,187.0,0.00454,0.01062,0.01844,-0.941729,,,,,,,,,,,,,,,,,,-0.018613,-0.388066,0.7701,1.111,0.984,-2.221785,5,-0.941729,0.01354,0.5383,0.0501,0,1,-0.014503,0.00454,0.01062,0.01844,0.36001,0,0.7754,-0.00046,-0.09443,-0.021565,-0.474042,1.034,0.02267,0.01687,0.5348,1.909,0.0475,-0.016808,187.0,0.00635,0.01632,0.02664,-2.565682,0.7594,0.00175,-0.11587,-0.026556,-0.552743,0.991,0.02733,0.02137,0.5294,2.339,0.0441,-0.022447,187.0,0.00696,0.01947,0.03148,-2.894405,,,,,,,,,,,,,,,,,,,,,,,,,,,,,,,,,,,,,,,,,,,,,,,,,,,,JSWENERGY_data,,2026-10-01
Stoch_Cross_Down + Stoch_Bear_Zone,Stoch_Cross_Down + Stoch_Bear_Zone,combo_2,138,momentum,Bearish,,,,,,,,,,,,,,,,,,0.7279,0.00874,-0.05374,-0.008255,-0.138412,1.178,0.00825,0.00655,0.5221,1.362,0.0623,-0.006412,135.0,0.00342,0.00793,0.01611,-0.804814,,,,,,,,,,,,,,,,,,-0.022975,-0.467197,0.7475,1.009,0.9706,-2.258136,5,-0.804814,0.01378,0.5392,0.0636,0,1,-0.020822,0.00342,0.00793,0.01611,0.60068,0,0.7574,0.0022,-0.09974,-0.022534,-0.458357,0.932,0.02208,0.01098,0.5294,1.926,0.0636,-0.020197,135.0,0.00545,0.01389,0.03092,-2.261752,0.7574,-0.01305,-0.11642,-0.038136,-0.804823,0.917,0.04012,0.0238,0.5662,2.359,0.0617,-0.035856,135.0,0.00721,0.01668,0.03344,-3.97138,,,,,,,,,,,,,,,,,,,,,,,,,,,,,,,,,,,,,,,,,,,,,,,,,,,,JSWENERGY_data,,2026-10-01
RSI_Bear_Momentum + MACD_Hist_Falling,RSI_Bear_Momentum + MACD_Hist_Falling,combo_2,102,momentum,Bearish,,,,,,,,,,,,,,,,,,0.7745,0.00588,-0.05454,-0.00774,-0.137446,1.531,0.00722,0.0071,0.5098,1.362,0.076,-0.00409,102.0,0.00417,0.00977,0.01862,-0.975426,,,,,,,,,,,,,,,,,,-0.02379,-0.473591,0.7582,1.078,0.9608,-2.273994,5,-0.975426,0.0149,0.549,0.0893,0,1,-0.016876,0.00417,0.00977,0.01862,0.44698,0,0.7353,-0.00377,-0.09445,-0.027771,-0.548615,0.855,0.02775,0.02302,0.5392,1.926,0.0893,-0.018683,102.0,0.00456,0.00977,0.02524,-2.542681,0.7647,-0.00754,-0.12789,-0.035858,-0.734712,0.848,0.03676,0.01459,0.598,2.358,0.0864,-0.027855,102.0,0.00795,0.01709,0.028,-3.405193,,,,,,,,,,,,,,,,,,,,,,,,,,,,,,,,,,,,,,,,,,,,,,,,,,,,JSWENERGY_data,,2026-10-01
RSI_Exit_Overbought + OBV_Falling,RSI_Exit_Overbought + OBV_Falling,combo_2,21,momentum,Bearish,,,,,,,,,,,,,,,,,,0.8571,-0.01401,-0.03721,-0.017322,-0.355001,0.816,0.01761,0.01124,0.5714,1.451,0.2588,-0.013907,21.0,0.01291,0.01981,0.0269,-1.097322,,,,,,,,,,,,,,,,,,-0.025769,-0.467485,0.8889,1.745,0.9048,-2.281,5,-1.097322,0.00311,0.5556,0.2889,0,1,-0.021115,0.01291,0.01981,0.0269,0.02822,1,0.8571,-0.01076,-0.05945,-0.017714,-0.301428,2.35,0.0172,0.00403,0.5238,2.053,0.2607,-0.012825,21.0,0.01535,0.03387,0.03517,-2.189447,0.9524,-0.03012,-0.28525,-0.042272,-0.746027,2.068,0.04479,-0.00594,0.5714,2.514,0.2889,-0.036612,21.0,0.03387,0.03517,0.04605,-4.769065,,,,,,,,,,,,,,,,,,,,,,,,,,,,,,,,,,,,,,,,,,,,,,,,,,,,JSWENERGY_data,,2026-10-01
Price_Below_SMA20 + OBV_Falling,Price_Below_SMA20 + OBV_Falling,combo_2,186,momentum,Bearish,,,,,,,,,,,,,,,,,,0.7581,0.00723,-0.06856,-0.011111,-0.219406,1.14,0.01086,0.00826,0.5269,1.375,0.0495,-0.006575,186.0,0.00298,0.00942,0.01673,-1.308611,,,,,,,,,,,,,,,,,,-0.021087,-0.46002,0.733,0.996,0.9516,-2.289978,5,-1.308611,0.01652,0.5251,0.0558,0,1,-0.015929,0.00298,0.00942,0.01673,0.61421,0,0.7312,0.00111,-0.08648,-0.022439,-0.519757,0.998,0.02293,0.02326,0.4946,1.944,0.0558,-0.01636,186.0,0.00491,0.01208,0.01995,-2.718903,0.7097,0.00374,-0.11148,-0.029712,-0.640899,0.851,0.03122,0.01804,0.5538,2.381,0.0452,-0.024852,186.0,0.00689,0.01631,0.02416,-3.352612,,,,,,,,,,,,,,,,,,,,,,,,,,,,,,,,,,,,,,,,,,,,,,,,,,,,JSWENERGY_data,,2026-10-01
RSI_Overbought + Stoch_Cross_Down,RSI_Overbought + Stoch_Cross_Down,combo_2,17,mean_rev,Bearish,0.7647,-0.01307,-0.07288,-0.027146,-0.61063,0.372,0.02895,0.01993,0.6471,1.112,0.2096,-0.027929,17.0,-9e-05,0.01167,0.01675,-1.764948,0.7647,-0.01881,-0.14144,-0.047665,-1.069071,0.217,0.04976,0.01862,0.5294,1.436,0.3144,-0.045354,17.0,-9e-05,0.01167,0.01675,-3.090012,0.7059,-0.00094,-0.13125,-0.039263,-0.862345,0.399,0.04137,0.0146,0.5882,1.699,0.2631,-0.033614,17.0,0.00507,0.01616,0.02174,-2.492498,-0.038025,-0.847349,0.7451,0.329,0.9412,-2.305085,3,-1.764948,0.01771,0.5882,0.3144,0,1,-0.035632,-9e-05,0.01167,0.01675,0.61989,0,,,,,,,,,,,,,,,,,,,,,,,,,,,,,,,,,,,,,,,,,,,,,,,,,,,,,,,,,,,,,,,,,,,,,,,,,,,,,,,,,,,,,,JSWENERGY_data,,2026-10-01
Price_Below_EMA200 + CDL_Engulfing_Bear,Price_Below_EMA200 + CDL_Engulfing_Bear,combo_2,26,trend,Bearish,,,,,,,,,,,,,,,,,,,,,,,,,,,,,,,,,,,,,,,,,,,,,,,,,,,,-0.023028,-0.300251,0.7692,2.334,1.0,-2.309714,10,6.599839,0.01128,0.6026,0.3628,0,1,-0.010721,0.01002,0.01494,0.03114,0.56047,0,0.7692,0.02286,-0.02777,0.011174,0.36585,5.473,-0.01161,0.00337,0.4231,1.838,0.1995,0.01476,26.0,0.01002,0.01494,0.03114,6.599839,,,,,,,,,,,,,,,,,,0.7692,0.01963,-0.14977,-0.019461,-0.282611,0.966,0.02227,0.00465,0.6538,2.6,0.2794,-0.004776,26.0,0.02058,0.03585,0.04214,-0.931438,0.7692,-0.01833,-0.20235,-0.060796,-0.983992,0.563,0.05868,0.02582,0.7308,3.184,0.3628,-0.042146,26.0,0.02059,0.03585,0.04751,-3.243078,,,,,,,,,,,,,,,,,,JSWENERGY_data,,2026-10-01
RSI_Bear_Momentum + Price_Below_SMA20,RSI_Bear_Momentum + Price_Below_SMA20,combo_2,86,momentum,Bearish,,,,,,,,,,,,,,,,,,0.7442,0.00289,-0.06325,-0.01403,-0.311953,0.96,0.01421,0.00857,0.5233,1.398,0.0736,-0.009285,86.0,0.00236,0.00905,0.01832,-1.393153,,,,,,,,,,,,,,,,,,-0.024316,-0.552455,0.7171,0.849,0.9535,-2.352461,5,-1.393153,0.01451,0.5581,0.1075,0,1,-0.016294,0.00236,0.00905,0.01832,0.71875,0,0.7093,0.00388,-0.0917,-0.023901,-0.544034,0.849,0.0253,0.02326,0.5116,1.977,0.1015,-0.014289,86.0,0.00364,0.00965,0.01994,-2.429606,0.6977,-0.00262,-0.10978,-0.035016,-0.801379,0.738,0.0364,0.0117,0.6395,2.421,0.1075,-0.025308,86.0,0.00675,0.01599,0.02171,-3.578885,,,,,,,,,,,,,,,,,,,,,,,,,,,,,,,,,,,,,,,,,,,,,,,,,,,,JSWENERGY_data,,2026-10-01
RSI_Cross50_Down + CMF_Strong_Bear,RSI_Cross50_Down + CMF_Strong_Bear,combo_2,22,momentum,Bearish,,,,,,,,,,,,,,,,,,0.6364,0.01046,-0.06349,-0.016431,-0.311072,0.664,0.01633,0.00392,0.5455,1.345,0.2498,-0.008961,22.0,0.00041,0.00706,0.00984,-0.975364,,,,,,,,,,,,,,,,,,-0.035781,-0.791235,0.6212,0.619,0.9545,-2.368143,5,-0.975364,0.02241,0.5758,0.3185,0,1,-0.021911,0.00041,0.00706,0.00984,0.94472,0,0.6364,-0.0055,-0.11318,-0.044657,-1.055743,0.542,0.04619,0.03686,0.6364,1.902,0.2052,-0.031155,22.0,0.00041,0.00706,0.01269,-3.310277,0.5909,0.00252,-0.1167,-0.046253,-1.006889,0.65,0.04792,0.02646,0.5455,2.329,0.3185,-0.025618,22.0,0.0044,0.00842,0.01408,-3.157094,,,,,,,,,,,,,,,,,,,,,,,,,,,,,,,,,,,,,,,,,,,,,,,,,,,,JSWENERGY_data,,2026-10-01
RSI_Exit_Overbought + MACD_Hist_Falling,RSI_Exit_Overbought + MACD_Hist_Falling,combo_2,19,momentum,Bearish,,,,,,,,,,,,,,,,,,0.8421,-0.01472,-0.03721,-0.018272,-0.386495,0.689,0.01856,0.01124,0.5789,1.455,0.3062,-0.013368,19.0,0.01269,0.01802,0.02356,-1.157836,,,,,,,,,,,,,,,,,,-0.030043,-0.572035,0.8772,1.547,0.8947,-2.37184,5,-1.157836,0.02369,0.5789,0.3123,0,1,-0.02354,0.01269,0.01802,0.02356,0.04415,1,0.8421,-0.01559,-0.05945,-0.022511,-0.427746,2.038,0.022,0.01866,0.5789,2.058,0.3004,-0.015608,19.0,0.01464,0.02984,0.03469,-2.610882,0.9474,-0.03624,-0.28525,-0.049347,-0.901863,1.914,0.05185,0.04117,0.5789,2.52,0.3123,-0.041643,19.0,0.03383,0.03485,0.04044,-5.170639,,,,,,,,,,,,,,,,,,,,,,,,,,,,,,,,,,,,,,,,,,,,,,,,,,,,JSWENERGY_data,,2026-10-01
Price_Below_SMA50 + OBV_Falling,Price_Below_SMA50 + OBV_Falling,combo_2,154,trend,Bearish,,,,,,,,,,,,,,,,,,,,,,,,,,,,,,,,,,,,,,,,,,,,,,,,,,,,-0.027129,-0.477406,0.7403,1.012,0.974,-2.372822,10,-2.179373,0.02226,0.513,0.053,0,1,-0.018087,0.00366,0.01417,0.02522,0.70999,0,0.7403,0.00321,-0.08115,-0.018699,-0.370907,1.165,0.01913,0.01756,0.5,1.991,0.0517,-0.010067,154.0,0.00366,0.01417,0.02522,-2.179373,,,,,,,,,,,,,,,,,,0.7532,0.0075,-0.15101,-0.031613,-0.576412,0.894,0.03257,0.01981,0.5325,2.816,0.053,-0.02253,154.0,0.00888,0.02141,0.03385,-2.907089,0.7273,0.01882,-0.16414,-0.031075,-0.484898,0.976,0.03191,0.02939,0.5065,3.449,0.0453,-0.021662,154.0,0.01006,0.02334,0.03654,-2.445545,,,,,,,,,,,,,,,,,,JSWENERGY_data,,2026-10-01
MACD_Hist_Falling + CMF_Negative,MACD_Hist_Falling + CMF_Negative,combo_2,111,momentum,Bearish,,,,,,,,,,,,,,,,,,0.7477,0.01018,-0.04778,-0.00444,-0.058549,1.577,0.0041,0.00213,0.5045,1.346,0.0818,-0.002215,111.0,0.00307,0.00935,0.01837,-0.435571,,,,,,,,,,,,,,,,,,-0.021161,-0.452033,0.7718,1.166,0.955,-2.374719,5,-0.435571,0.01324,0.5285,0.0831,0,1,-0.017205,0.00307,0.00935,0.01837,0.308,0,0.7748,-0.00793,-0.09355,-0.027215,-0.592691,0.913,0.02725,0.01944,0.5315,1.903,0.0817,-0.022078,111.0,0.00382,0.01502,0.03104,-2.796611,0.7928,-0.009,-0.11918,-0.031827,-0.704858,1.008,0.03282,0.01814,0.5495,2.331,0.0831,-0.027321,111.0,0.00773,0.02057,0.03768,-3.351873,,,,,,,,,,,,,,,,,,,,,,,,,,,,,,,,,,,,,,,,,,,,,,,,,,,,JSWENERGY_data,,2026-10-01
Price_Below_SMA20 + CMF_Strong_Bear,Price_Below_SMA20 + CMF_Strong_Bear,combo_2,53,momentum,Bearish,,,,,,,,,,,,,,,,,,0.717,0.00061,-0.07095,-0.019644,-0.411253,0.836,0.01969,0.013,0.5472,1.374,0.0992,-0.012594,53.0,0.00021,0.00888,0.01611,-1.64048,,,,,,,,,,,,,,,,,,-0.025552,-0.601296,0.717,0.834,1.0,-2.398562,5,-1.64048,0.02693,0.5031,0.1429,0,1,-0.018837,0.00021,0.00888,0.01611,0.82978,0,0.717,0.00621,-0.112,-0.027246,-0.716695,0.802,0.03025,0.03852,0.4528,1.943,0.1429,-0.021446,53.0,0.00145,0.01103,0.019,-2.858885,0.717,0.00773,-0.12477,-0.029766,-0.675942,0.865,0.03199,0.02928,0.5094,2.379,0.14,-0.02247,53.0,0.00389,0.013,0.01949,-2.696321,,,,,,,,,,,,,,,,,,,,,,,,,,,,,,,,,,,,,,,,,,,,,,,,,,,,JSWENERGY_data,,2026-10-01
RSI_Overbought,RSI_Overbought,single,21,mean_rev,Bearish,0.7143,-0.00414,-0.06686,-0.022063,-0.538718,0.65,0.02215,0.00928,0.5238,1.045,0.2182,-0.019927,21.0,0.00047,0.00595,0.01127,-1.665201,0.6667,-0.01184,-0.08637,-0.036683,-0.854903,0.301,0.03867,0.00415,0.619,1.349,0.2225,-0.032735,21.0,0.00047,0.00595,0.01127,-2.642542,0.7143,-0.0186,-0.11109,-0.045026,-1.055115,0.232,0.04779,0.00944,0.6667,1.596,0.306,-0.042462,21.0,0.00047,0.00595,0.01879,-3.261405,-0.034591,-0.816245,0.6984,0.394,0.9524,-2.402904,3,-1.665201,0.00762,0.6032,0.306,0,1,-0.031708,0.00047,0.00595,0.01127,0.78605,0,,,,,,,,,,,,,,,,,,,,,,,,,,,,,,,,,,,,,,,,,,,,,,,,,,,,,,,,,,,,,,,,,,,,,,,,,,,,,,,,,,,,,,JSWENERGY_data,,2026-10-01
MACD_Bearish_State + Stoch_Cross_Down,MACD_Bearish_State + Stoch_Cross_Down,combo_2,74,momentum,Bearish,,,,,,,,,,,,,,,,,,0.7162,0.00934,-0.05281,-0.008299,-0.081384,1.341,0.00806,0.00957,0.4865,1.384,0.0973,-0.006223,74.0,0.00339,0.00785,0.01491,-0.471336,,,,,,,,,,,,,,,,,,-0.029695,-0.574734,0.7072,0.871,0.973,-2.414343,5,-0.471336,0.0204,0.536,0.1024,0,1,-0.02574,0.00339,0.00785,0.01491,0.86853,0,0.6892,0.00033,-0.10367,-0.031994,-0.648566,0.624,0.03163,0.02164,0.5405,1.957,0.0938,-0.026188,74.0,0.0037,0.00896,0.01678,-2.800178,0.7162,-0.01435,-0.13571,-0.048792,-0.994252,0.648,0.05083,0.03001,0.5811,2.397,0.1024,-0.044809,74.0,0.00643,0.01228,0.02552,-4.292673,,,,,,,,,,,,,,,,,,,,,,,,,,,,,,,,,,,,,,,,,,,,,,,,,,,,JSWENERGY_data,,2026-10-01
MACD_Hist_Negative + Stoch_Cross_Down,MACD_Hist_Negative + Stoch_Cross_Down,combo_2,74,momentum,Bearish,,,,,,,,,,,,,,,,,,0.7162,0.00934,-0.05281,-0.008299,-0.081384,1.341,0.00806,0.00957,0.4865,1.384,0.0973,-0.006223,74.0,0.00339,0.00785,0.01491,-0.471336,,,,,,,,,,,,,,,,,,-0.029695,-0.574734,0.7072,0.871,0.973,-2.414343,5,-0.471336,0.0204,0.536,0.1024,0,1,-0.02574,0.00339,0.00785,0.01491,0.86853,0,0.6892,0.00033,-0.10367,-0.031994,-0.648566,0.624,0.03163,0.02164,0.5405,1.957,0.0938,-0.026188,74.0,0.0037,0.00896,0.01678,-2.800178,0.7162,-0.01435,-0.13571,-0.048792,-0.994252,0.648,0.05083,0.03001,0.5811,2.397,0.1024,-0.044809,74.0,0.00643,0.01228,0.02552,-4.292673,,,,,,,,,,,,,,,,,,,,,,,,,,,,,,,,,,,,,,,,,,,,,,,,,,,,JSWENERGY_data,,2026-10-01
RSI_Cross50_Down + Stoch_Bear_Zone,RSI_Cross50_Down + Stoch_Bear_Zone,combo_2,43,momentum,Bearish,,,,,,,,,,,,,,,,,,0.7442,0.00372,-0.05362,-0.010945,-0.220776,1.246,0.01169,0.00911,0.5116,1.268,0.1353,-0.008083,43.0,0.0042,0.00933,0.01446,-1.04123,,,,,,,,,,,,,,,,,,-0.032506,-0.698134,0.7364,0.807,0.9302,-2.457555,5,-1.04123,0.01487,0.5736,0.2635,0,1,-0.024471,0.0042,0.00933,0.01446,0.59097,0,0.6977,-0.00569,-0.09364,-0.032282,-0.694933,0.653,0.03216,0.01903,0.6047,1.794,0.2315,-0.021326,43.0,0.00516,0.00969,0.01823,-2.629759,0.7674,-0.02459,-0.15231,-0.054291,-1.178693,0.523,0.05433,0.01645,0.6047,2.197,0.2635,-0.044004,43.0,0.00828,0.01539,0.02584,-4.460397,,,,,,,,,,,,,,,,,,,,,,,,,,,,,,,,,,,,,,,,,,,,,,,,,,,,JSWENERGY_data,,2026-10-01
Price_Below_SMA20 + CMF_Negative,Price_Below_SMA20 + CMF_Negative,combo_2,63,momentum,Bearish,,,,,,,,,,,,,,,,,,0.7302,0.00261,-0.05537,-0.013034,-0.355186,0.967,0.01201,0.00741,0.5714,1.328,0.1799,-0.005159,63.0,0.00308,0.00964,0.01482,-1.477175,,,,,,,,,,,,,,,,,,-0.02334,-0.607485,0.7249,0.814,0.9841,-2.486357,5,-1.477175,0.01615,0.5503,0.1799,0,1,-0.015245,0.00308,0.00964,0.01482,0.77927,0,0.7302,-0.00199,-0.09683,-0.027578,-0.73496,0.728,0.02986,0.02884,0.4921,1.878,0.1431,-0.019074,63.0,0.00341,0.01122,0.01884,-3.056614,0.7143,0.01006,-0.12807,-0.029407,-0.73231,0.748,0.03151,0.01222,0.5873,2.3,0.1327,-0.021502,63.0,0.00834,0.01449,0.02266,-3.04559,,,,,,,,,,,,,,,,,,,,,,,,,,,,,,,,,,,,,,,,,,,,,,,,,,,,JSWENERGY_data,,2026-10-01
MACD_Hist_Negative + OBV_Falling,MACD_Hist_Negative + OBV_Falling,combo_2,182,momentum,Bearish,,,,,,,,,,,,,,,,,,0.7527,0.00897,-0.06719,-0.009863,-0.180778,1.188,0.01004,0.00312,0.533,1.354,0.0486,-0.007064,182.0,0.00286,0.00786,0.01633,-1.119194,,,,,,,,,,,,,,,,,,-0.024452,-0.501615,0.7308,0.903,0.956,-2.498293,5,-1.119194,0.00876,0.5586,0.0542,0,1,-0.019813,0.00286,0.00786,0.01633,0.68027,0,0.7308,0.0063,-0.09956,-0.022198,-0.479779,0.917,0.02348,0.00701,0.5659,1.914,0.0542,-0.017014,182.0,0.00457,0.01261,0.0219,-2.499403,0.7088,0.00285,-0.14873,-0.041295,-0.844289,0.604,0.04198,0.01616,0.5769,2.345,0.0408,-0.035362,182.0,0.00663,0.0167,0.02648,-4.398311,,,,,,,,,,,,,,,,,,,,,,,,,,,,,,,,,,,,,,,,,,,,,,,,,,,,JSWENERGY_data,,2026-10-01
MACD_Bearish_State + OBV_Falling,MACD_Bearish_State + OBV_Falling,combo_2,182,momentum,Bearish,,,,,,,,,,,,,,,,,,0.7527,0.00897,-0.06719,-0.009863,-0.180778,1.188,0.01004,0.00312,0.533,1.354,0.0486,-0.007064,182.0,0.00286,0.00786,0.01633,-1.119194,,,,,,,,,,,,,,,,,,-0.024452,-0.501615,0.7308,0.903,0.956,-2.498293,5,-1.119194,0.00876,0.5586,0.0542,0,1,-0.019813,0.00286,0.00786,0.01633,0.68027,0,0.7308,0.0063,-0.09956,-0.022198,-0.479779,0.917,0.02348,0.00701,0.5659,1.914,0.0542,-0.017014,182.0,0.00457,0.01261,0.0219,-2.499403,0.7088,0.00285,-0.14873,-0.041295,-0.844289,0.604,0.04198,0.01616,0.5769,2.345,0.0408,-0.035362,182.0,0.00663,0.0167,0.02648,-4.398311,,,,,,,,,,,,,,,,,,,,,,,,,,,,,,,,,,,,,,,,,,,,,,,,,,,,JSWENERGY_data,,2026-10-01
RSI_Overbought + CCI_Overbought,RSI_Overbought + CCI_Overbought,combo_2,20,mean_rev,Bearish,0.75,-0.00655,-0.07153,-0.022796,-0.562673,0.676,0.02288,0.01299,0.55,1.048,0.2353,-0.020805,20.0,0.00505,0.00704,0.01654,-1.713071,0.7,-0.0146,-0.09502,-0.038727,-0.913776,0.255,0.04055,0.00194,0.7,1.352,0.2719,-0.034439,20.0,0.00505,0.00704,0.01654,-2.782011,0.75,-0.02113,-0.12867,-0.048018,-1.134299,0.187,0.05038,0.00909,0.65,1.6,0.3696,-0.045486,20.0,0.00505,0.00704,0.02331,-3.453399,-0.036513,-0.870249,0.7333,0.373,0.95,-2.517019,3,-1.713071,0.00801,0.6333,0.3696,0,1,-0.033577,0.00505,0.00704,0.01654,0.6658,0,,,,,,,,,,,,,,,,,,,,,,,,,,,,,,,,,,,,,,,,,,,,,,,,,,,,,,,,,,,,,,,,,,,,,,,,,,,,,,,,,,,,,,JSWENERGY_data,,2026-10-01
Price_Below_EMA200 + Stoch_Cross_Down,Price_Below_EMA200 + Stoch_Cross_Down,combo_2,58,trend,Bearish,,,,,,,,,,,,,,,,,,,,,,,,,,,,,,,,,,,,,,,,,,,,,,,,,,,,-0.012999,-0.204029,0.8851,3.083,0.9828,-2.521011,10,1.304919,0.0107,0.4943,0.1257,0,1,-0.011319,0.01302,0.0291,0.03414,0.00741,1,0.8793,0.01138,-0.06366,0.002319,0.080396,3.981,-0.00223,0.00057,0.431,1.818,0.1098,-0.000428,58.0,0.01302,0.0291,0.03414,1.304919,,,,,,,,,,,,,,,,,,0.8793,0.00291,-0.10953,-0.010657,-0.1956,2.724,0.01255,0.0072,0.5172,2.571,0.1146,-0.011427,58.0,0.02744,0.03698,0.04193,-2.172668,0.8966,-0.01864,-0.13485,-0.030658,-0.496882,2.546,0.03141,0.02434,0.5345,3.149,0.1257,-0.022101,58.0,0.03415,0.03907,0.0537,-5.15756,,,,,,,,,,,,,,,,,,JSWENERGY_data,,2026-10-01
CMF_Negative + CCI_Exit_Overbought,CMF_Negative + CCI_Exit_Overbought,combo_2,26,momentum,Bearish,,,,,,,,,,,,,,,,,,0.6923,0.0046,-0.0779,-0.020787,-0.457624,0.55,0.02039,0.00805,0.5769,1.269,0.2645,-0.01198,26.0,-5e-05,0.00239,0.01431,-1.508255,,,,,,,,,,,,,,,,,,-0.04092,-0.873008,0.7308,0.426,0.8846,-2.545296,5,-1.508255,0.01466,0.641,0.3141,0,1,-0.025134,-5e-05,0.00239,0.01431,0.41949,0,0.6923,-0.02192,-0.09276,-0.04372,-0.905597,0.386,0.04521,0.01788,0.6923,1.795,0.2512,-0.029379,26.0,0.00078,0.00239,0.01717,-2.984701,0.8077,-0.03687,-0.14808,-0.058252,-1.255802,0.343,0.06063,0.01805,0.6538,2.198,0.3141,-0.034043,26.0,0.01431,0.02197,0.03488,-4.138919,,,,,,,,,,,,,,,,,,,,,,,,,,,,,,,,,,,,,,,,,,,,,,,,,,,,JSWENERGY_data,,2026-10-01
Price_Below_SMA20 + Stoch_Bear_Zone,Price_Below_SMA20 + Stoch_Bear_Zone,combo_2,97,momentum,Bearish,,,,,,,,,,,,,,,,,,0.7113,0.00738,-0.05341,-0.010165,-0.208149,1.197,0.00988,0.00803,0.5361,1.36,0.081,-0.007173,97.0,0.0028,0.00796,0.01361,-1.142311,,,,,,,,,,,,,,,,,,-0.024766,-0.561127,0.7079,0.914,0.9897,-2.546224,5,-1.142311,0.02103,0.5292,0.1107,0,1,-0.021223,0.0028,0.00796,0.01361,0.91349,0,0.701,0.0017,-0.09571,-0.027423,-0.665194,0.766,0.02642,0.02774,0.4948,1.924,0.1107,-0.022578,97.0,0.00532,0.00991,0.01688,-3.049893,0.7113,-0.00075,-0.12532,-0.036709,-0.810037,0.778,0.03828,0.0273,0.5567,2.356,0.0806,-0.033917,97.0,0.00785,0.01401,0.02287,-3.713992,,,,,,,,,,,,,,,,,,,,,,,,,,,,,,,,,,,,,,,,,,,,,,,,,,,,JSWENERGY_data,,2026-10-01
Price_Below_EMA200 + Williams_Overbought,Price_Below_EMA200 + Williams_Overbought,combo_2,29,trend,Bearish,,,,,,,,,,,,,,,,,,,,,,,,,,,,,,,,,,,,,,,,,,,,,,,,,,,,-0.047868,-0.837684,0.8276,0.589,0.8966,-2.554391,10,-1.990694,0.00334,0.7816,0.3268,0,1,-0.039458,0.00903,0.01592,0.02492,0.14634,0,0.7586,-0.01571,-0.07068,-0.028979,-0.585292,0.79,0.02954,0.01078,0.7241,1.775,0.2123,-0.025687,29.0,0.00903,0.01592,0.02492,-1.990694,,,,,,,,,,,,,,,,,,0.8621,-0.01726,-0.2887,-0.0547,-0.952096,0.51,0.05334,0.00443,0.7931,2.511,0.2962,-0.047883,29.0,0.02698,0.03898,0.03981,-3.238268,0.8621,-0.01967,-0.31149,-0.059925,-0.975664,0.468,0.05886,-0.00521,0.8276,3.075,0.3268,-0.044804,29.0,0.02902,0.03983,0.04817,-3.318425,,,,,,,,,,,,,,,,,,JSWENERGY_data,,2026-10-01
STRAT_BB_RSI_Overbought_Reject,BB_Upper_Touch + RSI_Overbought,combo_2,16,mean_rev,Bearish,0.75,0.00253,-0.07993,-0.018084,-0.485474,0.709,0.01833,0.00616,0.5625,1.058,0.2541,-0.014803,16.0,0.00575,0.00731,0.01503,-1.375451,0.6875,-0.02053,-0.1064,-0.047364,-1.148583,0.203,0.04914,0.00752,0.625,1.366,0.3716,-0.043144,16.0,0.00575,0.00731,0.01503,-3.254179,0.75,-0.02308,-0.13647,-0.051428,-1.257523,0.277,0.05428,0.00909,0.6875,1.617,0.3292,-0.051605,16.0,0.00575,0.00731,0.02323,-3.562832,-0.038959,-0.96386,0.7292,0.396,0.9375,-2.560144,3,-1.375451,0.00759,0.625,0.3716,0,1,-0.036517,0.00575,0.00731,0.01503,0.67344,0,,,,,,,,,,,,,,,,,,,,,,,,,,,,,,,,,,,,,,,,,,,,,,,,,,,,,,,,,,,,,,,,,,,,,,,,,,,,,,,,,,,,,,JSWENERGY_data,,2026-10-01
RSI_Overbought + BB_Upper_Touch,RSI_Overbought + BB_Upper_Touch,combo_2,16,mean_rev,Bearish,0.75,0.00253,-0.07993,-0.018084,-0.485474,0.709,0.01833,0.00616,0.5625,1.058,0.2541,-0.014803,16.0,0.00575,0.00731,0.01503,-1.375451,0.6875,-0.02053,-0.1064,-0.047364,-1.148583,0.203,0.04914,0.00752,0.625,1.366,0.3716,-0.043144,16.0,0.00575,0.00731,0.01503,-3.254179,0.75,-0.02308,-0.13647,-0.051428,-1.257523,0.277,0.05428,0.00909,0.6875,1.617,0.3292,-0.051605,16.0,0.00575,0.00731,0.02323,-3.562832,-0.038959,-0.96386,0.7292,0.396,0.9375,-2.560144,3,-1.375451,0.00759,0.625,0.3716,0,1,-0.036517,0.00575,0.00731,0.01503,0.67344,0,,,,,,,,,,,,,,,,,,,,,,,,,,,,,,,,,,,,,,,,,,,,,,,,,,,,,,,,,,,,,,,,,,,,,,,,,,,,,,,,,,,,,,JSWENERGY_data,,2026-10-01
Price_Below_SMA20 + MACD_Hist_Negative,Price_Below_SMA20 + MACD_Hist_Negative,combo_2,69,momentum,Bearish,,,,,,,,,,,,,,,,,,0.6667,0.00585,-0.06476,-0.017691,-0.395676,0.815,0.01756,0.0206,0.4928,1.341,0.0953,-0.015162,69.0,0.00093,0.00637,0.01035,-1.681029,,,,,,,,,,,,,,,,,,-0.028005,-0.627847,0.6618,0.756,0.9855,-2.628745,5,-1.681029,0.02097,0.5217,0.1353,0,1,-0.021259,0.00093,0.00637,0.01035,0.97696,0,0.6667,0.00675,-0.08613,-0.024211,-0.543239,0.894,0.02341,0.02962,0.4783,1.896,0.1353,-0.016467,69.0,0.00384,0.00867,0.01347,-2.307947,0.6522,0.00085,-0.12267,-0.042112,-0.944625,0.559,0.04351,0.01269,0.5942,2.322,0.1177,-0.032147,69.0,0.00575,0.01009,0.01921,-4.013234,,,,,,,,,,,,,,,,,,,,,,,,,,,,,,,,,,,,,,,,,,,,,,,,,,,,JSWENERGY_data,,2026-10-01
Price_Below_SMA20 + MACD_Bearish_State,Price_Below_SMA20 + MACD_Bearish_State,combo_2,69,momentum,Bearish,,,,,,,,,,,,,,,,,,0.6667,0.00585,-0.06476,-0.017691,-0.395676,0.815,0.01756,0.0206,0.4928,1.341,0.0953,-0.015162,69.0,0.00093,0.00637,0.01035,-1.681029,,,,,,,,,,,,,,,,,,-0.028005,-0.627847,0.6618,0.756,0.9855,-2.628745,5,-1.681029,0.02097,0.5217,0.1353,0,1,-0.021259,0.00093,0.00637,0.01035,0.97696,0,0.6667,0.00675,-0.08613,-0.024211,-0.543239,0.894,0.02341,0.02962,0.4783,1.896,0.1353,-0.016467,69.0,0.00384,0.00867,0.01347,-2.307947,0.6522,0.00085,-0.12267,-0.042112,-0.944625,0.559,0.04351,0.01269,0.5942,2.322,0.1177,-0.032147,69.0,0.00575,0.01009,0.01921,-4.013234,,,,,,,,,,,,,,,,,,,,,,,,,,,,,,,,,,,,,,,,,,,,,,,,,,,,JSWENERGY_data,,2026-10-01
RSI_Bear_Momentum + RSI_Cross50_Down,RSI_Bear_Momentum + RSI_Cross50_Down,combo_2,76,momentum,Bearish,,,,,,,,,,,,,,,,,,0.7763,0.00326,-0.06263,-0.011482,-0.262397,1.116,0.0116,0.0071,0.5395,1.33,0.0831,-0.006758,76.0,0.00285,0.00974,0.01938,-1.271552,,,,,,,,,,,,,,,,,,-0.028603,-0.640736,0.75,0.838,0.9474,-2.636746,5,-1.271552,0.01516,0.5833,0.1448,0,1,-0.018763,0.00285,0.00974,0.01938,0.45609,0,0.7237,-0.01041,-0.08519,-0.031072,-0.681715,0.73,0.03099,0.02521,0.5658,1.88,0.1448,-0.018514,76.0,0.0043,0.00974,0.02376,-2.961236,0.75,-0.01699,-0.12205,-0.043255,-0.978096,0.667,0.04424,0.01318,0.6447,2.303,0.14,-0.031016,76.0,0.00744,0.01827,0.02564,-4.248658,,,,,,,,,,,,,,,,,,,,,,,,,,,,,,,,,,,,,,,,,,,,,,,,,,,,JSWENERGY_data,,2026-10-01
RSI_Cross50_Down,RSI_Cross50_Down,single,76,momentum,Bearish,,,,,,,,,,,,,,,,,,0.7763,0.00326,-0.06263,-0.011482,-0.262397,1.116,0.0116,0.0071,0.5395,1.33,0.0831,-0.006758,76.0,0.00285,0.00974,0.01938,-1.271552,,,,,,,,,,,,,,,,,,-0.028603,-0.640736,0.75,0.838,0.9474,-2.636746,5,-1.271552,0.01516,0.5833,0.1448,0,1,-0.018763,0.00285,0.00974,0.01938,0.45609,0,0.7237,-0.01041,-0.08519,-0.031072,-0.681715,0.73,0.03099,0.02521,0.5658,1.88,0.1448,-0.018514,76.0,0.0043,0.00974,0.02376,-2.961236,0.75,-0.01699,-0.12205,-0.043255,-0.978096,0.667,0.04424,0.01318,0.6447,2.303,0.14,-0.031016,76.0,0.00744,0.01827,0.02564,-4.248658,,,,,,,,,,,,,,,,,,,,,,,,,,,,,,,,,,,,,,,,,,,,,,,,,,,,JSWENERGY_data,,2026-10-01
RSI_Cross50_Down + OBV_Falling,RSI_Cross50_Down + OBV_Falling,combo_2,76,momentum,Bearish,,,,,,,,,,,,,,,,,,0.7763,0.00326,-0.06263,-0.011482,-0.262397,1.116,0.0116,0.0071,0.5395,1.33,0.0831,-0.006758,76.0,0.00285,0.00974,0.01938,-1.271552,,,,,,,,,,,,,,,,,,-0.028603,-0.640736,0.75,0.838,0.9474,-2.636746,5,-1.271552,0.01516,0.5833,0.1448,0,1,-0.018763,0.00285,0.00974,0.01938,0.45609,0,0.7237,-0.01041,-0.08519,-0.031072,-0.681715,0.73,0.03099,0.02521,0.5658,1.88,0.1448,-0.018514,76.0,0.0043,0.00974,0.02376,-2.961236,0.75,-0.01699,-0.12205,-0.043255,-0.978096,0.667,0.04424,0.01318,0.6447,2.303,0.14,-0.031016,76.0,0.00744,0.01827,0.02564,-4.248658,,,,,,,,,,,,,,,,,,,,,,,,,,,,,,,,,,,,,,,,,,,,,,,,,,,,JSWENERGY_data,,2026-10-01
RSI_Cross50_Down + MACD_Hist_Falling,RSI_Cross50_Down + MACD_Hist_Falling,combo_2,64,momentum,Bearish,,,,,,,,,,,,,,,,,,0.7656,0.00278,-0.05897,-0.011692,-0.260797,1.128,0.01206,0.00857,0.5156,1.284,0.0994,-0.00647,64.0,0.00234,0.00947,0.01836,-1.227626,,,,,,,,,,,,,,,,,,-0.03049,-0.668307,0.75,0.746,0.9531,-2.659,5,-1.227626,0.01524,0.5885,0.1939,0,1,-0.019737,0.00234,0.00947,0.01836,0.5529,0,0.7188,-0.01084,-0.09029,-0.033188,-0.713544,0.584,0.03308,0.02396,0.5938,1.816,0.1939,-0.019398,64.0,0.00423,0.0097,0.02329,-2.97861,0.7656,-0.0177,-0.14097,-0.046591,-1.030579,0.527,0.04721,0.01318,0.6562,2.225,0.1907,-0.033344,64.0,0.00837,0.01768,0.02453,-4.302037,,,,,,,,,,,,,,,,,,,,,,,,,,,,,,,,,,,,,,,,,,,,,,,,,,,,JSWENERGY_data,,2026-10-01
Price_Below_SMA50 + MACD_Zero_Cross_Down,Price_Below_SMA50 + MACD_Zero_Cross_Down,combo_2,21,trend,Bearish,,,,,,,,,,,,,,,,,,,,,,,,,,,,,,,,,,,,,,,,,,,,,,,,,,,,-0.042145,-0.954657,0.619,0.492,0.9048,-2.669848,10,-2.060598,0.03757,0.5079,0.3694,0,1,-0.025337,-0.0028,0.01201,0.01559,0.90905,0,0.5714,0.00766,-0.07977,-0.029811,-0.666635,0.44,0.03052,0.01603,0.5714,1.981,0.3322,-0.013679,21.0,-0.0028,0.01201,0.01559,-2.060598,,,,,,,,,,,,,,,,,,0.6667,-0.0036,-0.14562,-0.050937,-1.149364,0.373,0.05065,0.04373,0.5238,2.801,0.3418,-0.03428,21.0,-0.0028,0.01559,0.02334,-3.552734,0.619,0.00359,-0.12577,-0.045688,-1.047971,0.661,0.0432,0.05295,0.4286,3.43,0.3694,-0.028051,21.0,-0.0028,0.01559,0.02334,-3.239322,,,,,,,,,,,,,,,,,,JSWENERGY_data,,2026-10-01
RSI_Cross50_Down + CMF_Negative,RSI_Cross50_Down + CMF_Negative,combo_2,42,momentum,Bearish,,,,,,,,,,,,,,,,,,0.7381,-2e-05,-0.05082,-0.013323,-0.303616,0.93,0.01322,0.0071,0.5476,1.343,0.161,-0.005212,42.0,0.00183,0.00842,0.0183,-1.141962,,,,,,,,,,,,,,,,,,-0.029707,-0.745485,0.7143,0.774,0.9524,-2.670397,5,-1.141962,0.01598,0.5476,0.2022,0,1,-0.020179,0.00183,0.00842,0.0183,0.72484,0,0.6905,-0.01625,-0.07816,-0.035411,-0.9168,0.676,0.03664,0.0267,0.5476,1.899,0.1879,-0.02601,42.0,0.00417,0.00967,0.02081,-3.448267,0.7143,-0.00452,-0.13006,-0.040389,-1.016038,0.717,0.04343,0.01416,0.5476,2.326,0.2022,-0.029314,42.0,0.00693,0.01853,0.02667,-3.821521,,,,,,,,,,,,,,,,,,,,,,,,,,,,,,,,,,,,,,,,,,,,,,,,,,,,JSWENERGY_data,,2026-10-01
Price_Below_SMA20 + MACD_Hist_Falling,Price_Below_SMA20 + MACD_Hist_Falling,combo_2,122,momentum,Bearish,,,,,,,,,,,,,,,,,,0.7213,0.0077,-0.06161,-0.011615,-0.228133,1.068,0.01147,0.00881,0.5164,1.368,0.0663,-0.008926,122.0,0.00149,0.00819,0.01359,-1.172843,,,,,,,,,,,,,,,,,,-0.026428,-0.568602,0.7131,0.818,0.9836,-2.691362,5,-1.172843,0.0166,0.541,0.0862,0,1,-0.021207,0.00149,0.00819,0.01359,0.89453,0,0.7049,0.00269,-0.10616,-0.02943,-0.652517,0.727,0.02974,0.02578,0.5164,1.935,0.0862,-0.022473,122.0,0.00385,0.00941,0.01855,-3.140032,0.7131,-0.00017,-0.13287,-0.03824,-0.825156,0.659,0.0401,0.01522,0.5902,2.369,0.0747,-0.032223,122.0,0.00679,0.01216,0.02346,-3.970803,,,,,,,,,,,,,,,,,,,,,,,,,,,,,,,,,,,,,,,,,,,,,,,,,,,,JSWENERGY_data,,2026-10-01
RSI_Bear_Momentum + Price_Below_SMA50,RSI_Bear_Momentum + Price_Below_SMA50,combo_2,79,trend,Bearish,,,,,,,,,,,,,,,,,,,,,,,,,,,,,,,,,,,,,,,,,,,,,,,,,,,,-0.033213,-0.676701,0.7046,0.758,0.9241,-2.740108,10,-1.643831,0.03331,0.5021,0.1199,0,1,-0.022111,0.00087,0.00961,0.02153,0.72498,0,0.6962,0.01356,-0.09224,-0.01858,-0.37513,0.846,0.01964,0.01603,0.5063,1.968,0.1047,-0.007895,79.0,0.00087,0.00961,0.02153,-1.643831,,,,,,,,,,,,,,,,,,0.7468,2e-05,-0.16027,-0.040559,-0.820359,0.696,0.04083,0.04439,0.4937,2.783,0.1199,-0.029687,79.0,0.0109,0.02102,0.03052,-3.594834,0.6709,0.0149,-0.15344,-0.040501,-0.834615,0.732,0.04213,0.03951,0.5063,3.408,0.1033,-0.028751,79.0,0.0109,0.02102,0.03398,-3.657303,,,,,,,,,,,,,,,,,,JSWENERGY_data,,2026-10-01
Price_Below_SMA50 + CMF_Strong_Bear,Price_Below_SMA50 + CMF_Strong_Bear,combo_2,43,trend,Bearish,,,,,,,,,,,,,,,,,,,,,,,,,,,,,,,,,,,,,,,,,,,,,,,,,,,,-0.03871,-0.791692,0.6434,0.654,0.9302,-2.786897,10,-2.342837,0.0442,0.4729,0.2197,0,1,-0.024224,0.00021,0.00569,0.01914,0.93022,0,0.6744,-0.00189,-0.09078,-0.030835,-0.619112,0.647,0.03112,0.03717,0.4651,1.926,0.2197,-0.017037,43.0,0.00021,0.00569,0.01914,-2.342837,,,,,,,,,,,,,,,,,,0.6512,-0.00393,-0.11637,-0.043154,-0.886099,0.611,0.04372,0.04642,0.4651,2.723,0.2156,-0.03044,43.0,0.00344,0.01406,0.01954,-3.353165,0.6047,0.02274,-0.14138,-0.042141,-0.869866,0.706,0.0433,0.04902,0.4884,3.335,0.1749,-0.025194,43.0,0.00344,0.01773,0.01997,-3.29174,,,,,,,,,,,,,,,,,,JSWENERGY_data,,2026-10-01
Price_Below_SMA20,Price_Below_SMA20,single,80,momentum,Bearish,,,,,,,,,,,,,,,,,,0.725,0.00186,-0.06933,-0.017717,-0.430224,0.785,0.01762,0.01067,0.5375,1.354,0.0957,-0.010474,80.0,0.00129,0.00804,0.01494,-1.890597,,,,,,,,,,,,,,,,,,-0.028027,-0.662508,0.7083,0.759,0.9625,-2.80218,5,-1.890597,0.01839,0.5375,0.1217,0,1,-0.01767,0.00129,0.00804,0.01494,0.83437,0,0.7125,0.00303,-0.0962,-0.025501,-0.614686,0.887,0.02639,0.03081,0.4625,1.915,0.1217,-0.013317,80.0,0.00434,0.01093,0.01786,-2.701207,0.6875,-0.0028,-0.1246,-0.040862,-0.942613,0.603,0.04235,0.01369,0.6125,2.345,0.1208,-0.02922,80.0,0.00794,0.01569,0.02121,-4.142264,,,,,,,,,,,,,,,,,,,,,,,,,,,,,,,,,,,,,,,,,,,,,,,,,,,,JSWENERGY_data,,2026-10-01
Death_Cross_State + OBV_Trend_Bear,Death_Cross_State + OBV_Trend_Bear,combo_2,21,trend,Bearish,,,,,,,,,,,,,,,,,,,,,,,,,,,,,,,,,,,,,,,,,,,,,,,,,,,,-0.036306,-0.729827,0.8413,1.309,0.9524,-2.812841,20,-1.236336,0.02512,0.5714,0.3409,0,1,-0.03461,0.02631,0.03249,0.03816,0.21754,0,0.8571,-0.02077,-0.0563,-0.025846,-0.548295,2.063,0.02707,0.01157,0.6667,1.648,0.2992,-0.02893,21.0,0.00831,0.01932,0.03537,-3.496969,,,,,,,,,,,,,,,,,,0.8571,-0.0052,-0.11283,-0.020574,-0.294091,1.36,0.02016,0.00603,0.5238,2.33,0.2693,-0.021119,21.0,0.02631,0.03249,0.03816,-1.236336,0.8095,-0.02931,-0.20356,-0.062499,-1.347096,0.504,0.06836,0.05776,0.5238,2.854,0.3409,-0.053782,21.0,0.02631,0.03537,0.04447,-4.163932,,,,,,,,,,,,,,,,,,JSWENERGY_data,,2026-10-01
Price_Below_SMA50 + MACD_Hist_Falling,Price_Below_SMA50 + MACD_Hist_Falling,combo_2,95,trend,Bearish,,,,,,,,,,,,,,,,,,,,,,,,,,,,,,,,,,,,,,,,,,,,,,,,,,,,-0.033475,-0.638851,0.7474,0.872,0.9789,-2.854552,10,-2.089231,0.02708,0.5228,0.0909,0,1,-0.022439,0.0018,0.00985,0.02752,0.64462,0,0.7368,0.00073,-0.08843,-0.022733,-0.457728,0.973,0.02243,0.01603,0.5263,1.99,0.0909,-0.011763,95.0,0.0018,0.00985,0.02752,-2.089231,,,,,,,,,,,,,,,,,,0.7579,-0.00063,-0.14706,-0.036084,-0.688508,0.781,0.03715,0.0304,0.5158,2.815,0.0904,-0.027097,95.0,0.00824,0.0263,0.03461,-3.142591,0.7474,8e-05,-0.16494,-0.041609,-0.770318,0.863,0.04211,0.03482,0.5263,3.447,0.0841,-0.028458,95.0,0.01359,0.03297,0.03961,-3.516,,,,,,,,,,,,,,,,,,JSWENERGY_data,,2026-10-01
Death_Cross_State + CCI_Exit_Overbought,Death_Cross_State + CCI_Exit_Overbought,combo_2,30,trend,Bearish,,,,,,,,,,,,,,,,,,,,,,,,,,,,,,,,,,,,,,,,,,,,,,,,,,,,-0.032069,-0.744512,0.8444,1.245,0.9,-2.865478,10,-1.942492,0.01275,0.6111,0.3789,0,1,-0.017923,0.00231,0.01844,0.03323,0.05609,1,0.8,-0.00467,-0.04362,-0.012461,-0.259463,2.18,0.01606,0.00047,0.5667,1.645,0.1886,-0.00769,30.0,0.00231,0.01844,0.03323,-1.942492,,,,,,,,,,,,,,,,,,0.9,-0.02949,-0.12138,-0.038683,-0.925634,0.994,0.04078,0.01348,0.6333,2.326,0.3789,-0.021933,30.0,0.03277,0.0396,0.04158,-3.178614,0.8333,-0.01434,-0.19865,-0.045063,-1.048439,0.562,0.05001,0.0243,0.6333,2.849,0.2438,-0.024145,30.0,0.03277,0.04086,0.04758,-3.600326,,,,,,,,,,,,,,,,,,JSWENERGY_data,,2026-10-01
Death_Cross_State + Stoch_Bear_Zone,Death_Cross_State + Stoch_Bear_Zone,combo_2,56,trend,Bearish,,,,,,,,,,,,,,,,,,,,,,,,,,,,,,,,,,,,,,,,,,,,,,,,,,,,-0.035175,-0.70113,0.8333,1.041,0.9821,-2.896905,10,-2.177849,0.01907,0.5833,0.1922,0,1,-0.030465,0.00919,0.01968,0.03185,0.11048,0,0.8214,-0.00448,-0.06901,-0.016005,-0.361611,1.49,0.01669,0.00514,0.5357,1.691,0.1259,-0.016125,56.0,0.00919,0.01968,0.03185,-2.177849,,,,,,,,,,,,,,,,,,0.8393,-0.0202,-0.11267,-0.035062,-0.747981,0.889,0.0363,0.01926,0.5714,2.392,0.1922,-0.031641,56.0,0.01824,0.03249,0.03988,-3.024125,0.8393,-0.03488,-0.15669,-0.054459,-0.993797,0.743,0.05456,0.03281,0.6429,2.929,0.135,-0.043629,56.0,0.02614,0.03768,0.04804,-4.017972,,,,,,,,,,,,,,,,,,JSWENERGY_data,,2026-10-01
Price_Below_EMA200 + OBV_Falling,Price_Below_EMA200 + OBV_Falling,combo_2,124,trend,Bearish,,,,,,,,,,,,,,,,,,,,,,,,,,,,,,,,,,,,,,,,,,,,,,,,,,,,-0.022973,-0.400443,0.8306,1.59,0.9758,-2.99896,10,-1.808904,0.0123,0.5591,0.0624,0,1,-0.016098,0.00948,0.02034,0.03144,0.01589,1,0.8226,0.00247,-0.05944,-0.008515,-0.157993,2.371,0.01061,0.00538,0.5242,1.811,0.0624,-0.006008,123.0,0.00948,0.02034,0.03144,-1.808904,,,,,,,,,,,,,,,,,,0.8468,-0.00015,-0.14975,-0.023074,-0.395814,1.439,0.0234,0.00666,0.5806,2.561,0.0592,-0.015517,123.0,0.01883,0.03244,0.0394,-2.749703,0.8226,0.00059,-0.21315,-0.037329,-0.647521,0.959,0.03777,0.02487,0.5726,3.136,0.0592,-0.02677,123.0,0.01925,0.03517,0.04439,-3.126436,,,,,,,,,,,,,,,,,,JSWENERGY_data,,2026-10-01
CMF_Strong_Bear,CMF_Strong_Bear,single,61,momentum,Bearish,,,,,,,,,,,,,,,,,,0.7377,-0.00438,-0.06886,-0.021292,-0.450609,0.785,0.02183,0.01062,0.5738,1.313,0.1013,-0.015618,61.0,0.00161,0.01008,0.01639,-1.859723,,,,,,,,,,,,,,,,,,-0.033237,-0.739732,0.7322,0.721,0.9836,-3.002926,5,-1.859723,0.03321,0.5191,0.162,0,1,-0.025389,0.00161,0.01008,0.01639,0.74308,0,0.7213,-0.01264,-0.10897,-0.039484,-0.908482,0.606,0.0394,0.0429,0.4918,1.857,0.162,-0.030716,61.0,0.00307,0.01152,0.01946,-3.749428,0.7377,-0.01216,-0.11424,-0.038934,-0.860106,0.773,0.04135,0.04609,0.4918,2.275,0.119,-0.029833,61.0,0.00491,0.01439,0.02322,-3.549774,,,,,,,,,,,,,,,,,,,,,,,,,,,,,,,,,,,,,,,,,,,,,,,,,,,,JSWENERGY_data,,2026-10-01
CMF_Negative + CMF_Strong_Bear,CMF_Negative + CMF_Strong_Bear,combo_2,61,momentum,Bearish,,,,,,,,,,,,,,,,,,0.7377,-0.00438,-0.06886,-0.021292,-0.450609,0.785,0.02183,0.01062,0.5738,1.313,0.1013,-0.015618,61.0,0.00161,0.01008,0.01639,-1.859723,,,,,,,,,,,,,,,,,,-0.033237,-0.739732,0.7322,0.721,0.9836,-3.002926,5,-1.859723,0.03321,0.5191,0.162,0,1,-0.025389,0.00161,0.01008,0.01639,0.74308,0,0.7213,-0.01264,-0.10897,-0.039484,-0.908482,0.606,0.0394,0.0429,0.4918,1.857,0.162,-0.030716,61.0,0.00307,0.01152,0.01946,-3.749428,0.7377,-0.01216,-0.11424,-0.038934,-0.860106,0.773,0.04135,0.04609,0.4918,2.275,0.119,-0.029833,61.0,0.00491,0.01439,0.02322,-3.549774,,,,,,,,,,,,,,,,,,,,,,,,,,,,,,,,,,,,,,,,,,,,,,,,,,,,JSWENERGY_data,,2026-10-01
Death_Cross_State + Williams_Overbought,Death_Cross_State + Williams_Overbought,combo_2,37,trend,Bearish,,,,,,,,,,,,,,,,,,,,,,,,,,,,,,,,,,,,,,,,,,,,,,,,,,,,-0.049946,-0.977424,0.8198,0.538,0.8649,-3.074995,10,-2.146614,0.01013,0.7387,0.2331,0,1,-0.041814,0.00838,0.01475,0.02188,0.09548,1,0.7297,-0.01849,-0.05766,-0.029079,-0.59012,0.778,0.02905,0.011,0.7027,1.741,0.206,-0.023689,37.0,0.00838,0.01475,0.02188,-2.146614,,,,,,,,,,,,,,,,,,0.8649,-0.02273,-0.23025,-0.050776,-0.918666,0.483,0.04946,0.00443,0.7838,2.462,0.2331,-0.040906,37.0,0.02595,0.0393,0.04153,-3.341728,0.8649,-0.03568,-0.2895,-0.069983,-1.423484,0.354,0.07149,0.01496,0.7297,3.016,0.1588,-0.060845,37.0,0.02876,0.0406,0.04713,-5.178047,,,,,,,,,,,,,,,,,,JSWENERGY_data,,2026-10-01
MACD_Bearish_State + Stoch_Bear_Zone,MACD_Bearish_State + Stoch_Bear_Zone,combo_2,92,momentum,Bearish,,,,,,,,,,,,,,,,,,0.6522,0.00708,-0.05349,-0.013988,-0.251075,0.929,0.0137,0.02106,0.4674,1.352,0.091,-0.012483,92.0,0.00055,0.00571,0.01035,-1.138024,,,,,,,,,,,,,,,,,,-0.032802,-0.692145,0.6558,0.673,0.9891,-3.103115,5,-1.138024,0.02385,0.5217,0.1364,0,1,-0.0292,0.00055,0.00571,0.01035,0.9941,0,0.6522,0.00125,-0.0929,-0.031497,-0.696325,0.572,0.03061,0.01797,0.5435,1.912,0.1364,-0.02665,92.0,0.00365,0.00796,0.01497,-3.156163,0.663,-0.01669,-0.12422,-0.052922,-1.129034,0.519,0.05502,0.03252,0.5543,2.342,0.0942,-0.048466,92.0,0.00555,0.00981,0.01671,-5.11746,,,,,,,,,,,,,,,,,,,,,,,,,,,,,,,,,,,,,,,,,,,,,,,,,,,,JSWENERGY_data,,2026-10-01
MACD_Hist_Negative + Stoch_Bear_Zone,MACD_Hist_Negative + Stoch_Bear_Zone,combo_2,92,momentum,Bearish,,,,,,,,,,,,,,,,,,0.6522,0.00708,-0.05349,-0.013988,-0.251075,0.929,0.0137,0.02106,0.4674,1.352,0.091,-0.012483,92.0,0.00055,0.00571,0.01035,-1.138024,,,,,,,,,,,,,,,,,,-0.032802,-0.692145,0.6558,0.673,0.9891,-3.103115,5,-1.138024,0.02385,0.5217,0.1364,0,1,-0.0292,0.00055,0.00571,0.01035,0.9941,0,0.6522,0.00125,-0.0929,-0.031497,-0.696325,0.572,0.03061,0.01797,0.5435,1.912,0.1364,-0.02665,92.0,0.00365,0.00796,0.01497,-3.156163,0.663,-0.01669,-0.12422,-0.052922,-1.129034,0.519,0.05502,0.03252,0.5543,2.342,0.0942,-0.048466,92.0,0.00555,0.00981,0.01671,-5.11746,,,,,,,,,,,,,,,,,,,,,,,,,,,,,,,,,,,,,,,,,,,,,,,,,,,,JSWENERGY_data,,2026-10-01
Death_Cross_State + Price_Below_SMA50,Death_Cross_State + Price_Below_SMA50,combo_2,27,trend,Bearish,,,,,,,,,,,,,,,,,,,,,,,,,,,,,,,,,,,,,,,,,,,,,,,,,,,,-0.050126,-1.111139,0.7037,0.519,0.8519,-3.154017,10,-1.498687,0.03009,0.5556,0.3271,0,1,-0.030451,-0.00014,0.0052,0.00985,0.55609,0,0.6296,-0.00234,-0.05117,-0.020426,-0.449758,0.765,0.02037,0.01336,0.5556,1.656,0.2715,-0.004828,27.0,-0.00014,0.0052,0.00985,-1.498687,,,,,,,,,,,,,,,,,,0.7778,-0.0152,-0.13606,-0.042056,-1.027748,0.527,0.04375,0.0214,0.5556,2.342,0.2504,-0.022018,27.0,0.00998,0.02245,0.03251,-3.424667,0.7037,-0.06196,-0.14949,-0.087894,-1.85591,0.266,0.08808,0.05551,0.5556,2.868,0.3271,-0.064506,27.0,0.00998,0.02245,0.03472,-6.184271,,,,,,,,,,,,,,,,,,JSWENERGY_data,,2026-10-01
CMF_Negative,CMF_Negative,single,53,momentum,Bearish,,,,,,,,,,,,,,,,,,0.8302,-0.00119,-0.03428,-0.006811,-0.196858,2.401,0.00533,0.00239,0.566,1.314,0.2159,-0.001539,53.0,0.00878,0.01438,0.01898,-1.885793,,,,,,,,,,,,,,,,,,-0.023933,-0.569595,0.8302,1.409,1.0,-3.202211,5,-1.885793,0.01282,0.5723,0.2159,0,1,-0.018329,0.00878,0.01438,0.01898,0.1525,0,0.8302,-0.01281,-0.09882,-0.027412,-0.622981,0.955,0.02704,0.01687,0.566,1.859,0.1081,-0.022477,53.0,0.01223,0.02392,0.03313,-2.485061,0.8302,-0.0218,-0.11473,-0.037578,-0.888946,0.871,0.03942,0.01921,0.5849,2.277,0.1618,-0.030971,53.0,0.01403,0.02728,0.03372,-3.54599,,,,,,,,,,,,,,,,,,,,,,,,,,,,,,,,,,,,,,,,,,,,,,,,,,,,JSWENERGY_data,,2026-10-01
Death_Cross_State + Stoch_Cross_Down,Death_Cross_State + Stoch_Cross_Down,combo_2,57,trend,Bearish,,,,,,,,,,,,,,,,,,,,,,,,,,,,,,,,,,,,,,,,,,,,,,,,,,,,-0.030734,-0.608084,0.8538,1.335,0.9825,-3.237588,10,-1.856791,0.01967,0.538,0.1716,0,1,-0.027628,0.012,0.01986,0.03224,0.05022,1,0.8421,-0.00226,-0.06915,-0.012825,-0.26466,1.728,0.0135,0.00757,0.5263,1.681,0.1165,-0.012966,57.0,0.012,0.01986,0.03224,-1.856791,,,,,,,,,,,,,,,,,,0.8596,-0.02202,-0.10627,-0.033841,-0.689703,1.136,0.03465,0.01209,0.5439,2.378,0.1716,-0.03165,57.0,0.01853,0.03472,0.03881,-3.180854,0.8596,-0.03407,-0.11576,-0.045536,-0.869888,1.14,0.04709,0.03937,0.5439,2.912,0.1585,-0.038267,57.0,0.03348,0.03781,0.04812,-4.027835,,,,,,,,,,,,,,,,,,JSWENERGY_data,,2026-10-01
Death_Cross_State + MACD_Hist_Falling,Death_Cross_State + MACD_Hist_Falling,combo_2,65,trend,Bearish,,,,,,,,,,,,,,,,,,,,,,,,,,,,,,,,,,,,,,,,,,,,,,,,,,,,-0.030139,-0.531185,0.8615,1.592,0.9231,-3.269753,10,-2.137611,0.0162,0.6205,0.1119,0,1,-0.025826,0.01018,0.02163,0.03619,0.00746,1,0.8154,-0.00404,-0.04696,-0.011961,-0.210024,2.429,0.01246,0.00473,0.6,1.716,0.0936,-0.011864,65.0,0.01018,0.02163,0.03619,-2.137611,,,,,,,,,,,,,,,,,,0.8923,-0.01706,-0.1187,-0.028003,-0.472623,1.555,0.02987,0.01339,0.6308,2.426,0.1071,-0.024936,65.0,0.03099,0.04164,0.04894,-3.078976,0.8769,-0.02288,-0.24695,-0.050454,-0.910907,0.791,0.05046,0.03048,0.6308,2.972,0.1119,-0.040679,65.0,0.03243,0.04497,0.05472,-3.816386,,,,,,,,,,,,,,,,,,JSWENERGY_data,,2026-10-01
RSI_Cross50_Down + MACD_Bearish_State,RSI_Cross50_Down + MACD_Bearish_State,combo_2,48,momentum,Bearish,,,,,,,,,,,,,,,,,,0.75,0.0007,-0.05853,-0.014108,-0.266428,1.032,0.01439,0.01068,0.5208,1.317,0.1361,-0.009103,48.0,0.0011,0.00847,0.01828,-1.070589,,,,,,,,,,,,,,,,,,-0.041242,-0.897389,0.7153,0.569,0.9375,-3.274197,5,-1.070589,0.02011,0.5833,0.3001,0,1,-0.029074,0.0011,0.00847,0.01828,0.66272,0,0.6875,-0.02119,-0.09736,-0.044991,-0.951077,0.385,0.04257,0.02664,0.6458,1.862,0.3001,-0.028447,48.0,0.0036,0.00929,0.01923,-3.701419,0.7083,-0.0296,-0.14969,-0.064627,-1.474662,0.289,0.06465,0.02301,0.5833,2.28,0.2311,-0.049672,48.0,0.00642,0.01738,0.02482,-5.739121,,,,,,,,,,,,,,,,,,,,,,,,,,,,,,,,,,,,,,,,,,,,,,,,,,,,JSWENERGY_data,,2026-10-01
RSI_Cross50_Down + MACD_Hist_Negative,RSI_Cross50_Down + MACD_Hist_Negative,combo_2,48,momentum,Bearish,,,,,,,,,,,,,,,,,,0.75,0.0007,-0.05853,-0.014108,-0.266428,1.032,0.01439,0.01068,0.5208,1.317,0.1361,-0.009103,48.0,0.0011,0.00847,0.01828,-1.070589,,,,,,,,,,,,,,,,,,-0.041242,-0.897389,0.7153,0.569,0.9375,-3.274197,5,-1.070589,0.02011,0.5833,0.3001,0,1,-0.029074,0.0011,0.00847,0.01828,0.66272,0,0.6875,-0.02119,-0.09736,-0.044991,-0.951077,0.385,0.04257,0.02664,0.6458,1.862,0.3001,-0.028447,48.0,0.0036,0.00929,0.01923,-3.701419,0.7083,-0.0296,-0.14969,-0.064627,-1.474662,0.289,0.06465,0.02301,0.5833,2.28,0.2311,-0.049672,48.0,0.00642,0.01738,0.02482,-5.739121,,,,,,,,,,,,,,,,,,,,,,,,,,,,,,,,,,,,,,,,,,,,,,,,,,,,JSWENERGY_data,,2026-10-01
RSI_Cross50_Down + Price_Below_SMA20,RSI_Cross50_Down + Price_Below_SMA20,combo_2,61,momentum,Bearish,,,,,,,,,,,,,,,,,,0.7377,0.00119,-0.05519,-0.013599,-0.303008,0.984,0.01395,0.01224,0.5082,1.325,0.1135,-0.008908,61.0,0.00157,0.00808,0.01827,-1.250554,,,,,,,,,,,,,,,,,,-0.036465,-0.835537,0.7104,0.585,0.9508,-3.278782,5,-1.250554,0.01996,0.5628,0.234,0,1,-0.024818,0.00157,0.00808,0.01827,0.74308,0,0.6885,-0.01658,-0.08639,-0.038322,-0.865721,0.458,0.03669,0.02738,0.5902,1.874,0.234,-0.023672,61.0,0.00413,0.00905,0.0192,-3.572946,0.7049,-0.02846,-0.12679,-0.057474,-1.337883,0.314,0.05749,0.02026,0.5902,2.295,0.1965,-0.041874,61.0,0.0068,0.01446,0.02375,-5.521624,,,,,,,,,,,,,,,,,,,,,,,,,,,,,,,,,,,,,,,,,,,,,,,,,,,,JSWENERGY_data,,2026-10-01
RSI_Cross50_Down + OBV_Trend_Bear,RSI_Cross50_Down + OBV_Trend_Bear,combo_2,45,momentum,Bearish,,,,,,,,,,,,,,,,,,0.8444,-0.00063,-0.04131,-0.006955,-0.166361,2.592,0.00776,0.00911,0.4667,1.277,0.1317,-0.005875,45.0,0.00482,0.01806,0.02503,-1.650792,,,,,,,,,,,,,,,,,,-0.018638,-0.457595,0.837,1.933,0.9778,-3.312132,5,-1.650792,0.00837,0.5556,0.2657,0,1,-0.013604,0.00482,0.01806,0.02503,0.12901,0,0.8222,-0.01416,-0.03804,-0.018401,-0.451634,2.183,0.01834,0.00745,0.5333,1.806,0.2657,-0.010182,45.0,0.00706,0.02291,0.02835,-3.775051,0.8444,-0.01791,-0.09925,-0.030558,-0.754792,1.025,0.03228,0.00854,0.6667,2.211,0.1999,-0.024755,45.0,0.0179,0.02445,0.03113,-2.963501,,,,,,,,,,,,,,,,,,,,,,,,,,,,,,,,,,,,,,,,,,,,,,,,,,,,JSWENERGY_data,,2026-10-01
Price_Below_SMA20 + Price_Below_SMA50,Price_Below_SMA20 + Price_Below_SMA50,combo_2,69,trend,Bearish,,,,,,,,,,,,,,,,,,,,,,,,,,,,,,,,,,,,,,,,,,,,,,,,,,,,-0.037451,-0.834669,0.6667,0.623,0.971,-3.443302,10,-2.691924,0.03744,0.4976,0.1345,0,1,-0.020533,0.00083,0.00801,0.0169,0.967,0,0.6522,0.01066,-0.09574,-0.026352,-0.633618,0.635,0.02871,0.02617,0.5072,1.953,0.1345,-0.010932,69.0,0.00083,0.00801,0.0169,-2.691924,,,,,,,,,,,,,,,,,,0.6812,0.00922,-0.15069,-0.041766,-0.899515,0.548,0.04303,0.03693,0.5072,2.762,0.131,-0.024688,69.0,0.00849,0.01882,0.02628,-3.821586,0.6667,0.01298,-0.15867,-0.044235,-0.970873,0.688,0.04578,0.04922,0.4783,3.383,0.1247,-0.025978,69.0,0.00849,0.01941,0.0333,-4.12475,,,,,,,,,,,,,,,,,,JSWENERGY_data,,2026-10-01
Death_Cross_State + CDL_Engulfing_Bear,Death_Cross_State + CDL_Engulfing_Bear,combo_2,28,trend,Bearish,,,,,,,,,,,,,,,,,,,,,,,,,,,,,,,,,,,,,,,,,,,,,,,,,,,,-0.035913,-0.593661,0.7857,1.746,1.0,-3.48984,10,2.789856,0.01003,0.6071,0.3759,0,1,-0.022356,0.01017,0.02127,0.03192,0.4732,0,0.7857,0.01244,-0.02777,0.003824,0.187049,4.429,-0.0031,-0.0051,0.5,1.791,0.1663,0.008718,28.0,0.01017,0.02127,0.03192,2.789856,,,,,,,,,,,,,,,,,,0.7857,-0.01486,-0.14867,-0.043533,-0.898949,0.377,0.04518,0.00939,0.6071,2.533,0.3759,-0.02835,28.0,0.02466,0.03732,0.04391,-3.027026,0.7857,-0.03142,-0.20225,-0.068029,-1.069084,0.431,0.06751,0.02582,0.7143,3.103,0.2678,-0.047435,28.0,0.02467,0.03941,0.0479,-3.599923,,,,,,,,,,,,,,,,,,JSWENERGY_data,,2026-10-01
Price_Below_EMA200 + Stoch_Bear_Zone,Price_Below_EMA200 + Stoch_Bear_Zone,combo_2,58,trend,Bearish,,,,,,,,,,,,,,,,,,,,,,,,,,,,,,,,,,,,,,,,,,,,,,,,,,,,-0.017085,-0.34926,0.8678,2.614,0.9655,-3.594609,10,-0.969836,0.01296,0.523,0.1267,0,1,-0.012858,0.00947,0.02466,0.03252,0.01934,1,0.8448,0.0083,-0.05959,-0.002231,-0.082923,2.868,0.00229,0.00173,0.5,1.749,0.1259,-0.003337,58.0,0.00947,0.02466,0.03252,-0.969836,,,,,,,,,,,,,,,,,,0.8793,-0.00309,-0.1086,-0.015825,-0.38212,2.51,0.01776,0.01001,0.5172,2.473,0.1255,-0.013709,58.0,0.02095,0.03309,0.039,-3.911581,0.8793,-0.0215,-0.11843,-0.0332,-0.582737,2.464,0.03395,0.02712,0.5517,3.029,0.1267,-0.021527,58.0,0.03198,0.03819,0.04863,-5.85464,,,,,,,,,,,,,,,,,,JSWENERGY_data,,2026-10-01
Price_Below_SMA50 + MACD_Hist_Negative,Price_Below_SMA50 + MACD_Hist_Negative,combo_2,58,trend,Bearish,,,,,,,,,,,,,,,,,,,,,,,,,,,,,,,,,,,,,,,,,,,,,,,,,,,,-0.042395,-0.897989,0.6264,0.538,0.9828,-3.598454,10,-2.379435,0.0416,0.5057,0.162,0,1,-0.027527,0.00073,0.00795,0.01194,0.99066,0,0.6207,0.01535,-0.09201,-0.025369,-0.583547,0.638,0.02586,0.02514,0.5,1.935,0.1538,-0.013833,58.0,0.00073,0.00795,0.01194,-2.379435,,,,,,,,,,,,,,,,,,0.6207,0.00618,-0.14655,-0.051751,-1.03824,0.398,0.05101,0.04727,0.5172,2.736,0.162,-0.034517,58.0,0.00802,0.01405,0.02627,-4.233461,0.6379,0.01116,-0.15793,-0.050063,-1.072181,0.578,0.05084,0.0524,0.5,3.351,0.1413,-0.034231,58.0,0.00802,0.01934,0.02739,-4.371858,,,,,,,,,,,,,,,,,,JSWENERGY_data,,2026-10-01
Price_Below_SMA50 + MACD_Bearish_State,Price_Below_SMA50 + MACD_Bearish_State,combo_2,58,trend,Bearish,,,,,,,,,,,,,,,,,,,,,,,,,,,,,,,,,,,,,,,,,,,,,,,,,,,,-0.042395,-0.897989,0.6264,0.538,0.9828,-3.598454,10,-2.379435,0.0416,0.5057,0.162,0,1,-0.027527,0.00073,0.00795,0.01194,0.99066,0,0.6207,0.01535,-0.09201,-0.025369,-0.583547,0.638,0.02586,0.02514,0.5,1.935,0.1538,-0.013833,58.0,0.00073,0.00795,0.01194,-2.379435,,,,,,,,,,,,,,,,,,0.6207,0.00618,-0.14655,-0.051751,-1.03824,0.398,0.05101,0.04727,0.5172,2.736,0.162,-0.034517,58.0,0.00802,0.01405,0.02627,-4.233461,0.6379,0.01116,-0.15793,-0.050063,-1.072181,0.578,0.05084,0.0524,0.5,3.351,0.1413,-0.034231,58.0,0.00802,0.01934,0.02739,-4.371858,,,,,,,,,,,,,,,,,,JSWENERGY_data,,2026-10-01
Death_Cross_State + OBV_Falling,Death_Cross_State + OBV_Falling,combo_2,120,trend,Bearish,,,,,,,,,,,,,,,,,,,,,,,,,,,,,,,,,,,,,,,,,,,,,,,,,,,,-0.040455,-0.805342,0.8333,0.944,0.9583,-3.701323,10,-2.772709,0.01991,0.6167,0.0792,0,1,-0.032968,0.00901,0.02066,0.03148,0.00716,1,0.8167,-0.00783,-0.059,-0.01721,-0.350549,1.649,0.01938,0.01045,0.5833,1.721,0.0589,-0.014133,119.0,0.00901,0.02066,0.03148,-2.772709,,,,,,,,,,,,,,,,,,0.8583,-0.02411,-0.15899,-0.043218,-0.860894,0.731,0.04342,0.01731,0.6417,2.434,0.0701,-0.034105,119.0,0.01862,0.03393,0.04106,-4.128665,0.825,-0.02463,-0.23211,-0.060938,-1.204582,0.451,0.06149,0.03196,0.625,2.981,0.0792,-0.050664,119.0,0.01917,0.03551,0.04494,-5.776923,,,,,,,,,,,,,,,,,,JSWENERGY_data,,2026-10-01
Price_Below_SMA50,Price_Below_SMA50,single,66,trend,Bearish,,,,,,,,,,,,,,,,,,,,,,,,,,,,,,,,,,,,,,,,,,,,,,,,,,,,-0.041766,-0.923651,0.6717,0.568,0.9545,-3.707137,10,-2.439197,0.03786,0.5152,0.2152,0,1,-0.023698,0.00052,0.0086,0.01938,0.93465,0,0.6667,0.00692,-0.09053,-0.025566,-0.580113,0.627,0.02533,0.01856,0.5303,1.888,0.1527,-0.010127,66.0,0.00052,0.0086,0.01938,-2.439197,,,,,,,,,,,,,,,,,,0.697,-0.01195,-0.14738,-0.052992,-1.134402,0.389,0.05121,0.04621,0.5303,2.67,0.2152,-0.032196,66.0,0.00797,0.0192,0.02668,-4.769811,0.6515,0.00164,-0.13719,-0.046739,-1.056437,0.688,0.04851,0.04882,0.4848,3.27,0.1395,-0.02877,66.0,0.00797,0.0192,0.03041,-4.441992,,,,,,,,,,,,,,,,,,JSWENERGY_data,,2026-10-01
RSI_Cross50_Down + Death_Cross_State,RSI_Cross50_Down + Death_Cross_State,combo_2,33,trend,Bearish,,,,,,,,,,,,,,,,,,,,,,,,,,,,,,,,,,,,,,,,,,,,,,,,,,,,-0.050528,-1.310941,0.7172,0.497,0.8182,-3.782332,10,-3.310276,0.03913,0.5556,0.3879,0,1,-0.033298,0.0042,0.00797,0.00984,0.32246,0,0.6364,-0.02859,-0.04682,-0.03522,-0.938723,0.507,0.0386,0.02738,0.6061,1.645,0.3422,-0.023487,33.0,0.0042,0.00797,0.00984,-3.310276,,,,,,,,,,,,,,,,,,0.8182,-0.03987,-0.08407,-0.047903,-1.210126,0.806,0.0524,0.03227,0.5455,2.326,0.2082,-0.028175,33.0,0.01014,0.01867,0.02954,-4.26734,0.697,-0.03703,-0.14074,-0.06846,-1.783974,0.18,0.07368,0.05776,0.5152,2.849,0.3879,-0.048232,33.0,0.01069,0.02342,0.03407,-6.290936,,,,,,,,,,,,,,,,,,JSWENERGY_data,,2026-10-01
RSI_Bear_Momentum + Death_Cross_State,RSI_Bear_Momentum + Death_Cross_State,combo_2,40,trend,Bearish,,,,,,,,,,,,,,,,,,,,,,,,,,,,,,,,,,,,,,,,,,,,,,,,,,,,-0.054663,-1.233862,0.725,0.515,0.875,-4.00928,10,-2.427413,0.03972,0.575,0.304,0,1,-0.04258,0.00444,0.00933,0.01505,0.39189,0,0.675,-0.0129,-0.05522,-0.026651,-0.65366,0.871,0.0303,0.02521,0.525,1.748,0.162,-0.02115,40.0,0.00444,0.00933,0.01505,-2.427413,,,,,,,,,,,,,,,,,,0.8,-0.03982,-0.11786,-0.055427,-1.267042,0.53,0.0582,0.04042,0.55,2.473,0.1744,-0.04157,40.0,0.01153,0.02125,0.03108,-4.705251,0.7,-0.03706,-0.18657,-0.081911,-1.780883,0.144,0.08154,0.05353,0.65,3.028,0.304,-0.065021,40.0,0.01399,0.02535,0.03425,-6.613438,,,,,,,,,,,,,,,,,,JSWENERGY_data,,2026-10-01
Price_Below_SMA50 + CMF_Negative,Price_Below_SMA50 + CMF_Negative,combo_2,52,trend,Bearish,,,,,,,,,,,,,,,,,,,,,,,,,,,,,,,,,,,,,,,,,,,,,,,,,,,,-0.046631,-1.062585,0.5897,0.469,0.9615,-4.056511,10,-3.813687,0.043,0.5128,0.2375,0,1,-0.032462,-0.00017,0.00456,0.00996,0.99626,0,0.5769,-0.0096,-0.08025,-0.039488,-0.960556,0.313,0.04011,0.02911,0.5769,1.908,0.2311,-0.027275,52.0,-0.00017,0.00456,0.00996,-3.813687,,,,,,,,,,,,,,,,,,0.6154,-0.00601,-0.12603,-0.052173,-1.125188,0.423,0.05071,0.05077,0.5,2.699,0.2375,-0.036965,52.0,0.00325,0.01208,0.02171,-4.467323,0.5769,0.00355,-0.11885,-0.048233,-1.102011,0.671,0.04973,0.04912,0.4615,3.306,0.174,-0.033146,52.0,0.00511,0.01422,0.02171,-4.375304,,,,,,,,,,,,,,,,,,JSWENERGY_data,,2026-10-01
Death_Cross_State + Price_Below_EMA200,Death_Cross_State + Price_Below_EMA200,combo_2,16,trend,Bearish,,,,,,,,,,,,,,,,,,,,,,,,,,,,,,,,,,,,,,,,,,,,,,,,,,,,-0.026855,-0.417875,0.8958,20.482,0.9375,-11.099336,10,1.040892,0.02222,0.5417,0.3216,0,1,-0.006131,0.02506,0.03121,0.03273,0.07314,1,0.9375,-0.00075,-0.00552,-0.00105,0.036739,58.805,0.00149,0.00019,0.5625,1.65,0.3216,0.003934,16.0,0.02506,0.03121,0.03273,1.040892,,,,,,,,,,,,,,,,,,0.875,-0.01415,-0.13124,-0.028788,-0.590197,1.736,0.02868,0.00897,0.5625,2.333,0.2246,-0.001046,16.0,0.02894,0.03398,0.0386,-2.902056,0.875,-0.01942,-0.2699,-0.050728,-0.700167,0.904,0.05724,0.05749,0.5,2.857,0.2872,-0.021282,16.0,0.03583,0.03925,0.04296,-1.983723,,,,,,,,,,,,,,,,,,JSWENERGY_data,,2026-10-01
