SignalName,Components,Type,Count,HorizonClass,Direction,WinRate_MFE_3D,AvgWin_3D,AvgLoss_3D,EV_3D,EV_ATR_3D,ProfitFactor_3D,AvgReturn_Close_3D,MedianReturn_Close_3D,WinRate_HitEV_3D,AvgMinMovePct_3D,Top1_Trade_Share_3D,EV_Excess_3D,ExcessDataCount_3D,MFE_Target_P10_3D,MFE_Target_P20_3D,MFE_Target_P30_3D,CompositeScore_3D,WinRate_MFE_5D,AvgWin_5D,AvgLoss_5D,EV_5D,EV_ATR_5D,ProfitFactor_5D,AvgReturn_Close_5D,MedianReturn_Close_5D,WinRate_HitEV_5D,AvgMinMovePct_5D,Top1_Trade_Share_5D,EV_Excess_5D,ExcessDataCount_5D,MFE_Target_P10_5D,MFE_Target_P20_5D,MFE_Target_P30_5D,CompositeScore_5D,WinRate_MFE_7D,AvgWin_7D,AvgLoss_7D,EV_7D,EV_ATR_7D,ProfitFactor_7D,AvgReturn_Close_7D,MedianReturn_Close_7D,WinRate_HitEV_7D,AvgMinMovePct_7D,Top1_Trade_Share_7D,EV_Excess_7D,ExcessDataCount_7D,MFE_Target_P10_7D,MFE_Target_P20_7D,MFE_Target_P30_7D,CompositeScore_7D,AvgEV,AvgEV_ATR,AvgWinRate,AvgProfitFactor,Consistency,CompositeScore,BestHorizon,BestHorizonComposite,AvgMedianReturn,AvgWinRate_HitEV,MaxTop1TradeShare,Concentration_Flag,RegimeTested_Flag,AvgEV_Excess,Target1_Conservative_BestHorizon,Target2_Median_BestHorizon,Target3_Stretch_BestHorizon,Fisher_p_min,Fisher_sig_flag,WinRate_MFE_10D,AvgWin_10D,AvgLoss_10D,EV_10D,EV_ATR_10D,ProfitFactor_10D,AvgReturn_Close_10D,MedianReturn_Close_10D,WinRate_HitEV_10D,AvgMinMovePct_10D,Top1_Trade_Share_10D,EV_Excess_10D,ExcessDataCount_10D,MFE_Target_P10_10D,MFE_Target_P20_10D,MFE_Target_P30_10D,CompositeScore_10D,WinRate_MFE_15D,AvgWin_15D,AvgLoss_15D,EV_15D,EV_ATR_15D,ProfitFactor_15D,AvgReturn_Close_15D,MedianReturn_Close_15D,WinRate_HitEV_15D,AvgMinMovePct_15D,Top1_Trade_Share_15D,EV_Excess_15D,ExcessDataCount_15D,MFE_Target_P10_15D,MFE_Target_P20_15D,MFE_Target_P30_15D,CompositeScore_15D,WinRate_MFE_20D,AvgWin_20D,AvgLoss_20D,EV_20D,EV_ATR_20D,ProfitFactor_20D,AvgReturn_Close_20D,MedianReturn_Close_20D,WinRate_HitEV_20D,AvgMinMovePct_20D,Top1_Trade_Share_20D,EV_Excess_20D,ExcessDataCount_20D,MFE_Target_P10_20D,MFE_Target_P20_20D,MFE_Target_P30_20D,CompositeScore_20D,WinRate_MFE_30D,AvgWin_30D,AvgLoss_30D,EV_30D,EV_ATR_30D,ProfitFactor_30D,AvgReturn_Close_30D,MedianReturn_Close_30D,WinRate_HitEV_30D,AvgMinMovePct_30D,Top1_Trade_Share_30D,EV_Excess_30D,ExcessDataCount_30D,MFE_Target_P10_30D,MFE_Target_P20_30D,MFE_Target_P30_30D,CompositeScore_30D,WinRate_MFE_2D,AvgWin_2D,AvgLoss_2D,EV_2D,EV_ATR_2D,ProfitFactor_2D,AvgReturn_Close_2D,MedianReturn_Close_2D,WinRate_HitEV_2D,AvgMinMovePct_2D,Top1_Trade_Share_2D,EV_Excess_2D,ExcessDataCount_2D,MFE_Target_P10_2D,MFE_Target_P20_2D,MFE_Target_P30_2D,CompositeScore_2D,Symbol,Company,ScoredThrough
Price_Above_SMA50 + CDL_HaramiCross_Bull,Price_Above_SMA50 + CDL_HaramiCross_Bull,combo_2,11,trend,Bullish,,,,,,,,,,,,,,,,,,,,,,,,,,,,,,,,,,,,,,,,,,,,,,,,,,,,0.064553,2.049767,0.9091,15.555,1.0,50.934808,30,77.828316,0.02532,0.3939,0.3962,0,1,0.049065,0.0749,0.10978,0.12066,0.39985,0,0.9091,0.02231,-0.04567,0.016132,0.64388,7.404,0.01643,0.01383,0.4545,2.019,0.3962,0.014834,11.0,0.04385,0.04593,0.04979,11.846594,,,,,,,,,,,,,,,,,,0.9091,0.08406,-0.04844,0.072011,2.373381,19.999,0.07252,0.03089,0.3636,2.856,0.3652,0.053895,11.0,0.0749,0.08025,0.093,58.976297,0.9091,0.12339,-0.07321,0.105515,3.132042,19.261,0.10533,0.03124,0.3636,3.498,0.2972,0.078465,11.0,0.0749,0.10978,0.12066,77.828316,,,,,,,,,,,,,,,,,,PDSL_data,,2026-09-08
BB_Lower_Touch + VWAP_Bull,BB_Lower_Touch + VWAP_Bull,combo_2,21,momentum,Bullish,,,,,,,,,,,,,,,,,,0.9524,0.02491,-0.00284,0.023587,0.509763,261.833,0.02374,0.01993,0.4762,1.485,0.2289,0.026046,21.0,0.02207,0.0298,0.03491,15.757001,,,,,,,,,,,,,,,,,,0.04426,1.015204,0.9524,290.288,1.0,31.380388,15,40.889996,0.02702,0.4127,0.2497,0,1,0.045711,0.03455,0.03948,0.04372,0.07038,1,0.9524,0.0543,-0.00268,0.051585,1.212994,514.429,0.05248,0.0261,0.4286,2.1,0.2277,0.052402,21.0,0.02278,0.03272,0.04119,37.494165,0.9524,0.06127,-0.01559,0.057608,1.322855,94.603,0.05885,0.03503,0.3333,2.572,0.2497,0.058685,21.0,0.03455,0.03948,0.04372,40.889996,,,,,,,,,,,,,,,,,,,,,,,,,,,,,,,,,,,,,,,,,,,,,,,,,,,,PDSL_data,,2026-09-08
Price_Above_SMA50 + Stoch_Oversold,Price_Above_SMA50 + Stoch_Oversold,combo_2,27,trend,Bullish,,,,,,,,,,,,,,,,,,,,,,,,,,,,,,,,,,,,,,,,,,,,,,,,,,,,0.034952,0.777953,0.9383,10.907,0.963,24.962887,30,27.059615,0.02111,0.4815,0.2238,0,1,0.013919,0.06348,0.0908,0.10529,0.07471,1,0.9259,0.03275,-0.03855,0.027471,0.548715,12.105,0.02711,0.02872,0.5185,2.35,0.1663,0.01317,26.0,0.02366,0.03439,0.05029,18.284306,,,,,,,,,,,,,,,,,,0.963,0.03996,-0.11299,0.034292,0.735873,12.876,0.03442,0.02879,0.4815,3.323,0.1627,0.01878,26.0,0.06348,0.0908,0.10131,24.520808,0.9259,0.05627,-0.12157,0.043094,1.049272,7.739,0.04335,0.00582,0.4444,4.07,0.2238,0.009805,26.0,0.06348,0.0908,0.10529,27.059615,,,,,,,,,,,,,,,,,,PDSL_data,,2026-09-08
BB_Expansion_Bull + Stoch_Cross_Up,BB_Expansion_Bull + Stoch_Cross_Up,combo_2,21,momentum,Bullish,,,,,,,,,,,,,,,,,,0.9524,0.00571,-0.04403,0.003337,0.161479,9.42,0.00514,0.00383,0.5238,1.532,0.3878,-0.010333,20.0,0.02309,0.02366,0.03651,4.701647,,,,,,,,,,,,,,,,,,0.029727,0.82793,0.9365,23.79,0.9524,24.373013,15,40.437439,0.0096,0.3968,0.3878,0,1,0.006026,0.03651,0.0393,0.05753,0.07038,1,0.9524,0.0384,-0.02158,0.035548,1.014097,50.499,0.03536,0.01159,0.3333,2.166,0.2336,0.00856,20.0,0.02468,0.03651,0.03826,31.346161,0.9048,0.06213,-0.06209,0.050296,1.308214,11.451,0.05003,0.01337,0.3333,2.653,0.239,0.019851,20.0,0.03651,0.0393,0.05753,40.437439,,,,,,,,,,,,,,,,,,,,,,,,,,,,,,,,,,,,,,,,,,,,,,,,,,,,PDSL_data,,2026-09-08
MACD_Cross_Up_Event + Stoch_Bull_Zone,MACD_Cross_Up_Event + Stoch_Bull_Zone,combo_2,43,momentum,Bullish,,,,,,,,,,,,,,,,,,0.8605,0.03298,-0.04401,0.022235,0.490697,6.111,0.022,0.00633,0.3488,1.447,0.1337,0.022107,42.0,0.01241,0.02104,0.02736,11.346811,,,,,,,,,,,,,,,,,,0.03361,0.834858,0.8915,8.006,0.9535,24.117347,15,42.425846,0.01544,0.3798,0.1337,0,1,0.033579,0.02529,0.03969,0.05936,0.09745,1,0.907,0.0362,-0.0558,0.027643,0.65128,9.68,0.02748,0.01599,0.4419,2.046,0.1116,0.029829,42.0,0.01892,0.02967,0.04232,23.857387,0.907,0.06616,-0.09731,0.05095,1.362596,8.228,0.05107,0.02399,0.3488,2.506,0.1091,0.0488,42.0,0.02529,0.03969,0.05936,42.425846,,,,,,,,,,,,,,,,,,,,,,,,,,,,,,,,,,,,,,,,,,,,,,,,,,,,PDSL_data,,2026-09-08
MACD_Cross_Up_Event + OBV_Trend_Bull,MACD_Cross_Up_Event + OBV_Trend_Bull,combo_2,35,momentum,Bullish,,,,,,,,,,,,,,,,,,0.8571,0.03394,-0.04925,0.02206,0.500922,5.749,0.02179,0.00633,0.3143,1.469,0.1524,0.023988,34.0,0.01284,0.02033,0.03639,10.319659,,,,,,,,,,,,,,,,,,0.032591,0.778785,0.8667,7.513,0.9714,20.367286,15,25.708483,0.00531,0.3714,0.1524,0,1,0.034715,0.01584,0.03648,0.05055,0.22984,0,0.8857,0.03911,-0.0445,0.029558,0.690607,10.523,0.02919,-0.01589,0.4,2.077,0.1287,0.032671,34.0,0.01584,0.02451,0.03763,24.748023,0.8571,0.06793,-0.0845,0.046154,1.144826,6.267,0.04619,0.02549,0.4,2.544,0.1213,0.047484,34.0,0.01584,0.03648,0.05055,25.708483,,,,,,,,,,,,,,,,,,,,,,,,,,,,,,,,,,,,,,,,,,,,,,,,,,,,PDSL_data,,2026-09-08
Price_Above_SMA50 + Stoch_Cross_Up,Price_Above_SMA50 + Stoch_Cross_Up,combo_2,88,trend,Bullish,,,,,,,,,,,,,,,,,,,,,,,,,,,,,,,,,,,,,,,,,,,,,,,,,,,,0.031685,0.725066,0.8636,6.346,0.9432,19.479154,30,34.474637,0.00952,0.4015,0.0759,0,1,0.019981,0.02435,0.0599,0.07895,0.28338,0,0.8295,0.03468,-0.04789,0.020606,0.47715,4.661,0.02068,0.00477,0.4205,2.111,0.0759,0.013241,87.0,0.01583,0.02678,0.04686,9.982446,,,,,,,,,,,,,,,,,,0.875,0.04972,-0.08481,0.032904,0.803333,5.792,0.03279,0.01418,0.3977,2.985,0.0695,0.02015,87.0,0.02116,0.05422,0.06694,20.885726,0.8864,0.05721,-0.08063,0.041545,0.894714,8.584,0.04127,0.00962,0.3864,3.656,0.0601,0.026552,87.0,0.02435,0.0599,0.07895,34.474637,,,,,,,,,,,,,,,,,,PDSL_data,,2026-09-08
STRAT_Volume_CMF_Bull,Volume_Spike + CMF_Strong_Bull,combo_2,29,momentum,Bullish,,,,,,,,,,,,,,,,,,0.8621,0.02917,-0.04465,0.018992,0.557151,5.332,0.02033,0.0176,0.4483,1.393,0.1771,0.015143,28.0,0.01579,0.03058,0.04318,10.104639,,,,,,,,,,,,,,,,,,0.028124,0.821362,0.8966,7.315,0.931,19.027255,15,33.908973,0.02346,0.4483,0.2053,0,1,0.020092,0.0382,0.05477,0.08677,0.08928,1,0.931,0.03268,-0.08343,0.024671,0.798737,7.618,0.02591,0.02526,0.5517,1.97,0.1863,0.016022,28.0,0.02448,0.05164,0.06373,20.695113,0.8966,0.05292,-0.06513,0.040708,1.108199,8.996,0.04297,0.02752,0.3448,2.413,0.2053,0.029111,28.0,0.0382,0.05477,0.08677,33.908973,,,,,,,,,,,,,,,,,,,,,,,,,,,,,,,,,,,,,,,,,,,,,,,,,,,,PDSL_data,,2026-09-08
MACD_Cross_Up_Event + VWAP_Bull,MACD_Cross_Up_Event + VWAP_Bull,combo_2,40,momentum,Bullish,,,,,,,,,,,,,,,,,,0.875,0.02937,-0.05372,0.018983,0.433748,5.525,0.01872,-0.00696,0.375,1.469,0.1453,0.017262,39.0,0.01379,0.02289,0.0337,8.899882,,,,,,,,,,,,,,,,,,0.028506,0.712616,0.8917,7.126,0.975,18.387294,15,29.525618,0.00817,0.4083,0.1453,0,1,0.027674,0.02631,0.04098,0.05557,0.1365,0,0.9,0.03112,-0.05285,0.022726,0.515083,9.167,0.02256,0.01085,0.45,2.078,0.1244,0.022872,39.0,0.01802,0.03216,0.0412,17.534384,0.9,0.06115,-0.11227,0.043808,1.189018,6.687,0.04393,0.02063,0.4,2.545,0.1163,0.042887,39.0,0.02631,0.04098,0.05557,29.525618,,,,,,,,,,,,,,,,,,,,,,,,,,,,,,,,,,,,,,,,,,,,,,,,,,,,PDSL_data,,2026-09-08
Price_Above_SMA20 + MACD_Bullish_State,Price_Above_SMA20 + MACD_Bullish_State,combo_2,60,momentum,Bullish,,,,,,,,,,,,,,,,,,0.8,0.03673,-0.04601,0.020181,0.457858,4.087,0.02018,-0.00024,0.3833,1.454,0.0954,0.017893,58.0,0.00856,0.01408,0.02446,7.69236,,,,,,,,,,,,,,,,,,0.027358,0.705374,0.8556,6.915,0.9167,18.379648,15,27.519178,0.00961,0.4,0.1284,0,1,0.025743,0.01815,0.0388,0.04636,0.1385,0,0.8833,0.0352,-0.04107,0.026304,0.652604,10.001,0.02872,0.01399,0.45,2.057,0.1284,0.02588,58.0,0.01528,0.03577,0.04369,26.82774,0.8833,0.05179,-0.08707,0.035589,1.005659,6.657,0.03556,0.01509,0.3667,2.519,0.0836,0.033458,58.0,0.01815,0.0388,0.04636,27.519178,,,,,,,,,,,,,,,,,,,,,,,,,,,,,,,,,,,,,,,,,,,,,,,,,,,,PDSL_data,,2026-09-08
Price_Above_SMA20 + MACD_Hist_Positive,Price_Above_SMA20 + MACD_Hist_Positive,combo_2,60,momentum,Bullish,,,,,,,,,,,,,,,,,,0.8,0.03673,-0.04601,0.020181,0.457858,4.087,0.02018,-0.00024,0.3833,1.454,0.0954,0.017893,58.0,0.00856,0.01408,0.02446,7.69236,,,,,,,,,,,,,,,,,,0.027358,0.705374,0.8556,6.915,0.9167,18.379648,15,27.519178,0.00961,0.4,0.1284,0,1,0.025743,0.01815,0.0388,0.04636,0.1385,0,0.8833,0.0352,-0.04107,0.026304,0.652604,10.001,0.02872,0.01399,0.45,2.057,0.1284,0.02588,58.0,0.01528,0.03577,0.04369,26.82774,0.8833,0.05179,-0.08707,0.035589,1.005659,6.657,0.03556,0.01509,0.3667,2.519,0.0836,0.033458,58.0,0.01815,0.0388,0.04636,27.519178,,,,,,,,,,,,,,,,,,,,,,,,,,,,,,,,,,,,,,,,,,,,,,,,,,,,PDSL_data,,2026-09-08
STRAT_Volume_OBV_Bull,Volume_Spike + OBV_Trend_Bull,combo_2,81,momentum,Bullish,,,,,,,,,,,,,,,,,,0.8765,0.02245,-0.04103,0.014617,0.417081,6.139,0.01524,0.00528,0.4321,1.431,0.0863,0.013512,79.0,0.01,0.02141,0.0329,11.28398,,,,,,,,,,,,,,,,,,0.023315,0.679055,0.8724,6.201,0.9877,18.326009,15,24.110302,0.01087,0.4198,0.0863,0,1,0.021831,0.02378,0.04521,0.05324,0.07384,1,0.8765,0.03166,-0.05235,0.02129,0.643418,6.861,0.02186,0.00971,0.4568,2.024,0.0672,0.020228,79.0,0.01496,0.03637,0.04757,19.452838,0.8642,0.05199,-0.08021,0.034038,0.976667,5.602,0.03492,0.01763,0.3704,2.478,0.075,0.031754,79.0,0.02378,0.04521,0.05324,24.110302,,,,,,,,,,,,,,,,,,,,,,,,,,,,,,,,,,,,,,,,,,,,,,,,,,,,PDSL_data,,2026-09-08
MACD_Bullish_State + Stoch_Cross_Up,MACD_Bullish_State + Stoch_Cross_Up,combo_2,63,momentum,Bullish,,,,,,,,,,,,,,,,,,0.8889,0.02004,-0.04015,0.013355,0.376493,6.287,0.01384,0.00319,0.4127,1.426,0.1176,0.009772,61.0,0.01463,0.01954,0.03218,9.84426,,,,,,,,,,,,,,,,,,0.026006,0.734583,0.8677,6.133,0.9683,18.142301,15,27.248598,0.00759,0.3862,0.1524,0,1,0.020106,0.0171,0.04031,0.05467,0.06638,1,0.8571,0.03913,-0.05219,0.026082,0.722481,6.182,0.02941,0.01159,0.3968,2.016,0.1524,0.019887,61.0,0.01664,0.02824,0.04098,18.574897,0.8571,0.05683,-0.0709,0.038582,1.104774,5.931,0.03911,0.00799,0.3492,2.47,0.1032,0.030658,61.0,0.0171,0.04031,0.05467,27.248598,,,,,,,,,,,,,,,,,,,,,,,,,,,,,,,,,,,,,,,,,,,,,,,,,,,,PDSL_data,,2026-09-08
MACD_Hist_Positive + Stoch_Cross_Up,MACD_Hist_Positive + Stoch_Cross_Up,combo_2,63,momentum,Bullish,,,,,,,,,,,,,,,,,,0.8889,0.02004,-0.04015,0.013355,0.376493,6.287,0.01384,0.00319,0.4127,1.426,0.1176,0.009772,61.0,0.01463,0.01954,0.03218,9.84426,,,,,,,,,,,,,,,,,,0.026006,0.734583,0.8677,6.133,0.9683,18.142301,15,27.248598,0.00759,0.3862,0.1524,0,1,0.020106,0.0171,0.04031,0.05467,0.06638,1,0.8571,0.03913,-0.05219,0.026082,0.722481,6.182,0.02941,0.01159,0.3968,2.016,0.1524,0.019887,61.0,0.01664,0.02824,0.04098,18.574897,0.8571,0.05683,-0.0709,0.038582,1.104774,5.931,0.03911,0.00799,0.3492,2.47,0.1032,0.030658,61.0,0.0171,0.04031,0.05467,27.248598,,,,,,,,,,,,,,,,,,,,,,,,,,,,,,,,,,,,,,,,,,,,,,,,,,,,PDSL_data,,2026-09-08
Stoch_Oversold + OBV_Rising,Stoch_Oversold + OBV_Rising,combo_2,57,momentum,Bullish,,,,,,,,,,,,,,,,,,0.9298,0.01545,-0.03817,0.011688,0.279323,8.668,0.01186,0.00304,0.4386,1.499,0.1117,0.006375,56.0,0.01757,0.02391,0.03637,9.830827,,,,,,,,,,,,,,,,,,0.016273,0.442795,0.9298,11.328,1.0,17.979427,15,22.793663,0.00984,0.4737,0.1552,0,1,0.011497,0.03031,0.04881,0.07105,0.00934,1,0.9298,0.02251,-0.04059,0.018078,0.487702,11.907,0.01911,0.01858,0.5088,2.12,0.1447,0.013757,56.0,0.02197,0.03948,0.0477,19.802875,0.9298,0.0237,-0.04252,0.019052,0.561359,13.409,0.021,0.00789,0.4737,2.596,0.1552,0.01436,56.0,0.03031,0.04881,0.07105,22.793663,,,,,,,,,,,,,,,,,,,,,,,,,,,,,,,,,,,,,,,,,,,,,,,,,,,,PDSL_data,,2026-09-08
Golden_Cross_State + BB_Lower_Touch,Golden_Cross_State + BB_Lower_Touch,combo_2,18,trend,Bullish,,,,,,,,,,,,,,,,,,,,,,,,,,,,,,,,,,,,,,,,,,,,,,,,,,,,0.026543,0.620395,0.963,129.89,0.9444,17.252298,30,25.160458,0.02257,0.5185,0.2372,0,1,0.034897,0.04553,0.05485,0.06929,0.05572,1,0.9444,0.02235,-0.00268,0.020957,0.457957,251.434,0.02146,-0.00373,0.4444,2.127,0.2372,0.028824,18.0,0.02257,0.03097,0.03965,13.484269,,,,,,,,,,,,,,,,,,1.0,0.01748,0.0,0.017483,0.379349,,0.01801,0.02197,0.6111,3.008,0.229,0.028578,18.0,0.03961,0.0422,0.04788,1.11697,0.9444,0.05224,-0.14673,0.041191,1.023878,8.346,0.04019,0.04949,0.5,3.684,0.1728,0.04729,18.0,0.04553,0.05485,0.06929,25.160458,,,,,,,,,,,,,,,,,,PDSL_data,,2026-09-08
RSI_Bull_Momentum + Stoch_Oversold,RSI_Bull_Momentum + Stoch_Oversold,combo_2,22,momentum,Bullish,,,,,,,,,,,,,,,,,,0.9091,0.02274,-0.04441,0.016631,0.36637,6.258,0.01759,0.01737,0.5,1.575,0.2332,0.008071,21.0,0.01796,0.03167,0.0337,7.188599,,,,,,,,,,,,,,,,,,0.024938,0.561478,0.9394,291.09,0.9545,16.804892,15,23.666532,0.02335,0.5,0.2332,0,1,0.015191,0.04555,0.0712,0.08803,0.07728,1,0.9545,0.02789,-0.02301,0.025579,0.563271,30.598,0.02595,0.03049,0.5909,2.227,0.1553,0.015896,21.0,0.02699,0.04456,0.04721,17.661325,0.9545,0.03421,-0.0011,0.032606,0.754794,836.415,0.03309,0.02217,0.4091,2.728,0.2104,0.021607,21.0,0.04555,0.0712,0.08803,23.666532,,,,,,,,,,,,,,,,,,,,,,,,,,,,,,,,,,,,,,,,,,,,,,,,,,,,PDSL_data,,2026-09-08
Williams_Oversold + VWAP_Bull,Williams_Oversold + VWAP_Bull,combo_2,70,momentum,Bullish,,,,,,,,,,,,,,,,,,0.9286,0.01952,-0.03453,0.015659,0.289026,11.417,0.01552,0.0075,0.4143,1.594,0.0851,0.012732,70.0,0.0146,0.02208,0.02948,12.320254,,,,,,,,,,,,,,,,,,0.019,0.397079,0.919,11.897,0.9714,16.442581,15,23.338687,0.00603,0.3905,0.1282,0,1,0.012936,0.02826,0.03729,0.04843,0.00419,1,0.9286,0.02001,-0.03432,0.016129,0.354697,13.618,0.01797,0.00653,0.3857,2.255,0.1282,0.009381,70.0,0.02208,0.02971,0.04104,15.119616,0.9,0.03288,-0.04384,0.025212,0.547512,10.655,0.02562,0.00407,0.3714,2.762,0.1198,0.016696,70.0,0.02826,0.03729,0.04843,23.338687,,,,,,,,,,,,,,,,,,,,,,,,,,,,,,,,,,,,,,,,,,,,,,,,,,,,PDSL_data,,2026-09-08
Price_Above_SMA50 + BB_Expansion_Bull,Price_Above_SMA50 + BB_Expansion_Bull,combo_2,23,trend,Bullish,,,,,,,,,,,,,,,,,,,,,,,,,,,,,,,,,,,,,,,,,,,,,,,,,,,,0.019217,0.775013,0.7971,7.612,0.8696,16.303055,30,60.585771,-0.01876,0.4348,0.2928,0,1,0.009488,0.04255,0.04597,0.05522,0.59086,0,0.7391,0.02059,-0.07973,-0.005581,-0.095239,1.663,-0.00498,-0.01618,0.4348,2.078,0.2382,-0.008005,23.0,0.00693,0.01367,0.03404,-0.503445,,,,,,,,,,,,,,,,,,0.7826,0.02839,-0.06511,0.008064,0.5139,3.737,0.00936,-0.03835,0.4348,2.938,0.2842,-0.000481,23.0,0.00823,0.02919,0.04357,6.103125,0.8696,0.06933,-0.03921,0.055168,1.90638,17.436,0.05865,-0.00176,0.4348,3.599,0.2928,0.03695,23.0,0.04255,0.04597,0.05522,60.585771,,,,,,,,,,,,,,,,,,PDSL_data,,2026-09-08
RSI_Exit_Oversold + MACD_Hist_Rising,RSI_Exit_Oversold + MACD_Hist_Rising,combo_2,14,momentum,Bullish,,,,,,,,,,,,,,,,,,1.0,0.0106,0.0,0.010604,0.293576,,0.01107,-0.00417,0.4286,1.576,0.3281,0.003332,14.0,0.02561,0.02903,0.03297,0.795019,,,,,,,,,,,,,,,,,,0.031398,0.777315,0.9524,8.826,0.8571,15.924855,15,25.4835,0.02201,0.4286,0.3336,0,1,0.01598,0.03224,0.05379,0.07568,0.05209,1,1.0,0.04048,0.0,0.040482,0.972181,,0.04202,0.01958,0.3571,2.229,0.3336,0.025387,14.0,0.03033,0.03924,0.04439,2.632716,0.8571,0.05707,-0.04067,0.04311,1.066189,8.826,0.04471,0.05063,0.5,2.73,0.3269,0.019221,14.0,0.03224,0.05379,0.07568,25.4835,,,,,,,,,,,,,,,,,,,,,,,,,,,,,,,,,,,,,,,,,,,,,,,,,,,,PDSL_data,,2026-09-08
RSI_Exit_Oversold + OBV_Rising,RSI_Exit_Oversold + OBV_Rising,combo_2,14,momentum,Bullish,,,,,,,,,,,,,,,,,,1.0,0.0106,0.0,0.010604,0.293576,,0.01107,-0.00417,0.4286,1.576,0.3281,0.003332,14.0,0.02561,0.02903,0.03297,0.795019,,,,,,,,,,,,,,,,,,0.031398,0.777315,0.9524,8.826,0.8571,15.924855,15,25.4835,0.02201,0.4286,0.3336,0,1,0.01598,0.03224,0.05379,0.07568,0.05209,1,1.0,0.04048,0.0,0.040482,0.972181,,0.04202,0.01958,0.3571,2.229,0.3336,0.025387,14.0,0.03033,0.03924,0.04439,2.632716,0.8571,0.05707,-0.04067,0.04311,1.066189,8.826,0.04471,0.05063,0.5,2.73,0.3269,0.019221,14.0,0.03224,0.05379,0.07568,25.4835,,,,,,,,,,,,,,,,,,,,,,,,,,,,,,,,,,,,,,,,,,,,,,,,,,,,PDSL_data,,2026-09-08
MACD_Bullish_State + OBV_Trend_Bull,MACD_Bullish_State + OBV_Trend_Bull,combo_2,49,momentum,Bullish,,,,,,,,,,,,,,,,,,0.8163,0.03031,-0.05577,0.014502,0.335854,3.533,0.01453,-0.00896,0.3673,1.453,0.1253,0.014161,48.0,0.00796,0.01774,0.0246,4.642527,,,,,,,,,,,,,,,,,,0.027395,0.715959,0.8367,5.877,0.9592,15.787903,10,23.828172,0.00367,0.381,0.1253,0,1,0.024643,0.01286,0.0242,0.03728,0.33923,0,0.8571,0.03671,-0.03955,0.025812,0.691317,8.811,0.02565,0.00198,0.3878,2.054,0.0981,0.022934,48.0,0.01286,0.0242,0.03728,23.828172,0.8367,0.06661,-0.0849,0.041871,1.120705,5.286,0.04204,0.01798,0.3878,2.516,0.1039,0.036833,48.0,0.01286,0.03645,0.04648,23.174469,,,,,,,,,,,,,,,,,,,,,,,,,,,,,,,,,,,,,,,,,,,,,,,,,,,,PDSL_data,,2026-09-08
MACD_Hist_Positive + OBV_Trend_Bull,MACD_Hist_Positive + OBV_Trend_Bull,combo_2,49,momentum,Bullish,,,,,,,,,,,,,,,,,,0.8163,0.03031,-0.05577,0.014502,0.335854,3.533,0.01453,-0.00896,0.3673,1.453,0.1253,0.014161,48.0,0.00796,0.01774,0.0246,4.642527,,,,,,,,,,,,,,,,,,0.027395,0.715959,0.8367,5.877,0.9592,15.787903,10,23.828172,0.00367,0.381,0.1253,0,1,0.024643,0.01286,0.0242,0.03728,0.33923,0,0.8571,0.03671,-0.03955,0.025812,0.691317,8.811,0.02565,0.00198,0.3878,2.054,0.0981,0.022934,48.0,0.01286,0.0242,0.03728,23.828172,0.8367,0.06661,-0.0849,0.041871,1.120705,5.286,0.04204,0.01798,0.3878,2.516,0.1039,0.036833,48.0,0.01286,0.03645,0.04648,23.174469,,,,,,,,,,,,,,,,,,,,,,,,,,,,,,,,,,,,,,,,,,,,,,,,,,,,PDSL_data,,2026-09-08
Price_Above_SMA20 + MACD_Cross_Up_Event,Price_Above_SMA20 + MACD_Cross_Up_Event,combo_2,38,momentum,Bullish,,,,,,,,,,,,,,,,,,0.8158,0.03417,-0.04352,0.019859,0.474799,4.727,0.01959,0.00133,0.3421,1.486,0.1498,0.018829,37.0,0.01074,0.01738,0.02406,8.222452,,,,,,,,,,,,,,,,,,0.027853,0.682961,0.8509,6.575,0.9474,15.584589,10,20.819248,0.01093,0.3684,0.1498,0,1,0.02796,0.01317,0.02825,0.04234,0.31058,0,0.8684,0.03655,-0.04053,0.026407,0.634427,8.957,0.02639,0.01085,0.4211,2.102,0.1311,0.02756,37.0,0.01317,0.02825,0.04234,20.819248,0.8684,0.05574,-0.0845,0.037292,0.939656,6.04,0.03733,0.02063,0.3421,2.574,0.1257,0.03749,37.0,0.01715,0.03642,0.05053,20.791846,,,,,,,,,,,,,,,,,,,,,,,,,,,,,,,,,,,,,,,,,,,,,,,,,,,,PDSL_data,,2026-09-08
MACD_Hist_Rising + BB_Lower_Bounce,MACD_Hist_Rising + BB_Lower_Bounce,combo_2,21,momentum,Bullish,,,,,,,,,,,,,,,,,,0.9048,0.01867,-0.02975,0.014058,0.338228,10.911,0.01549,0.0148,0.5238,1.546,0.3004,0.012744,21.0,0.01657,0.02325,0.02681,10.454784,,,,,,,,,,,,,,,,,,0.029329,0.680819,0.873,8.042,0.9048,15.311154,10,27.46697,0.01415,0.4603,0.3004,0,1,0.024263,0.01657,0.02681,0.04121,0.20921,0,0.9048,0.05296,-0.06531,0.041699,0.977131,9.094,0.04267,0.00742,0.4286,2.186,0.2495,0.03251,21.0,0.01657,0.02681,0.04121,27.46697,0.8095,0.05489,-0.06407,0.032231,0.727096,4.12,0.03311,0.02024,0.4286,2.677,0.2842,0.027536,21.0,0.01657,0.04121,0.05971,9.259683,,,,,,,,,,,,,,,,,,,,,,,,,,,,,,,,,,,,,,,,,,,,,,,,,,,,PDSL_data,,2026-09-08
MACD_Bullish_State + CMF_Strong_Bull,MACD_Bullish_State + CMF_Strong_Bull,combo_2,31,momentum,Bullish,,,,,,,,,,,,,,,,,,0.8387,0.02847,-0.02382,0.020033,0.546252,8.473,0.01965,0.00068,0.3226,1.444,0.2137,0.016435,31.0,0.01348,0.02213,0.03121,16.039917,,,,,,,,,,,,,,,,,,0.024696,0.678453,0.8602,6.524,0.9355,14.349664,5,16.039917,0.00521,0.3656,0.2137,0,1,0.021295,0.01348,0.02213,0.03121,0.17317,0,0.9032,0.03389,-0.07099,0.023738,0.691154,6.218,0.02403,0.00667,0.4194,2.042,0.1787,0.021338,31.0,0.01933,0.03121,0.0412,14.893994,0.8387,0.05002,-0.07214,0.030317,0.797953,4.881,0.03086,0.0083,0.3548,2.501,0.211,0.026112,31.0,0.01933,0.0412,0.04542,13.497084,,,,,,,,,,,,,,,,,,,,,,,,,,,,,,,,,,,,,,,,,,,,,,,,,,,,PDSL_data,,2026-09-08
MACD_Hist_Positive + CMF_Strong_Bull,MACD_Hist_Positive + CMF_Strong_Bull,combo_2,31,momentum,Bullish,,,,,,,,,,,,,,,,,,0.8387,0.02847,-0.02382,0.020033,0.546252,8.473,0.01965,0.00068,0.3226,1.444,0.2137,0.016435,31.0,0.01348,0.02213,0.03121,16.039917,,,,,,,,,,,,,,,,,,0.024696,0.678453,0.8602,6.524,0.9355,14.349664,5,16.039917,0.00521,0.3656,0.2137,0,1,0.021295,0.01348,0.02213,0.03121,0.17317,0,0.9032,0.03389,-0.07099,0.023738,0.691154,6.218,0.02403,0.00667,0.4194,2.042,0.1787,0.021338,31.0,0.01933,0.03121,0.0412,14.893994,0.8387,0.05002,-0.07214,0.030317,0.797953,4.881,0.03086,0.0083,0.3548,2.501,0.211,0.026112,31.0,0.01933,0.0412,0.04542,13.497084,,,,,,,,,,,,,,,,,,,,,,,,,,,,,,,,,,,,,,,,,,,,,,,,,,,,PDSL_data,,2026-09-08
MACD_Cross_Up_Event + OBV_Rising,MACD_Cross_Up_Event + OBV_Rising,combo_2,46,momentum,Bullish,,,,,,,,,,,,,,,,,,0.8261,0.0291,-0.04628,0.015992,0.36888,4.251,0.01572,0.00133,0.3696,1.466,0.137,0.015109,45.0,0.01057,0.01845,0.02733,6.037709,,,,,,,,,,,,,,,,,,0.026167,0.676452,0.8551,5.705,0.9565,14.212656,15,24.730524,0.00419,0.3768,0.137,0,1,0.025049,0.01628,0.03637,0.04771,0.26752,0,0.8696,0.0333,-0.0511,0.022296,0.553773,7.06,0.02213,-0.00309,0.413,2.073,0.1114,0.021804,45.0,0.01255,0.02482,0.03931,15.053232,0.8696,0.06055,-0.09539,0.040212,1.106704,5.804,0.04033,0.01432,0.3478,2.539,0.1051,0.038232,45.0,0.01628,0.03637,0.04771,24.730524,,,,,,,,,,,,,,,,,,,,,,,,,,,,,,,,,,,,,,,,,,,,,,,,,,,,PDSL_data,,2026-09-08
EMA_Bullish_State + CDL_InvertedHammer,EMA_Bullish_State + CDL_InvertedHammer,combo_2,10,momentum,Bullish,,,,,,,,,,,,,,,,,,0.9,0.01219,-0.03554,0.007417,0.224928,6.118,0.00664,0.01308,0.5,1.797,0.343,0.008321,10.0,0.0184,0.03383,0.03908,3.299515,,,,,,,,,,,,,,,,,,0.038102,0.816392,0.8667,8.057,0.9,14.195406,15,27.404685,0.02903,0.4333,0.343,0,1,0.034243,0.0193,0.03383,0.08304,0.40795,0,0.9,0.05766,0.00133,0.05203,1.080993,,0.05172,0.04481,0.5,2.541,0.2842,0.046551,10.0,0.0193,0.03383,0.04728,2.592109,0.8,0.07664,-0.03226,0.054859,1.143255,9.997,0.05552,0.02919,0.3,3.112,0.3286,0.047857,10.0,0.0193,0.03383,0.08304,27.404685,,,,,,,,,,,,,,,,,,,,,,,,,,,,,,,,,,,,,,,,,,,,,,,,,,,,PDSL_data,,2026-09-08
MACD_Bullish_State + Stoch_Bull_Zone,MACD_Bullish_State + Stoch_Bull_Zone,combo_2,94,momentum,Bullish,,,,,,,,,,,,,,,,,,0.8723,0.02125,-0.04035,0.013388,0.347543,5.758,0.01364,-0.00268,0.383,1.451,0.0762,0.011105,91.0,0.01262,0.01996,0.02717,9.112989,,,,,,,,,,,,,,,,,,0.020647,0.530378,0.8688,5.799,0.9894,13.856255,15,18.737989,0.00502,0.3936,0.0995,0,1,0.017595,0.0178,0.03756,0.05108,0.06968,1,0.8723,0.02758,-0.04925,0.017769,0.435843,6.544,0.01946,0.00945,0.4468,2.052,0.0995,0.015655,91.0,0.01668,0.02619,0.03823,12.987904,0.8617,0.04845,-0.07929,0.030785,0.807747,5.094,0.03093,0.00829,0.3511,2.513,0.0708,0.026026,91.0,0.0178,0.03756,0.05108,18.737989,,,,,,,,,,,,,,,,,,,,,,,,,,,,,,,,,,,,,,,,,,,,,,,,,,,,PDSL_data,,2026-09-08
MACD_Hist_Positive + Stoch_Bull_Zone,MACD_Hist_Positive + Stoch_Bull_Zone,combo_2,94,momentum,Bullish,,,,,,,,,,,,,,,,,,0.8723,0.02125,-0.04035,0.013388,0.347543,5.758,0.01364,-0.00268,0.383,1.451,0.0762,0.011105,91.0,0.01262,0.01996,0.02717,9.112989,,,,,,,,,,,,,,,,,,0.020647,0.530378,0.8688,5.799,0.9894,13.856255,15,18.737989,0.00502,0.3936,0.0995,0,1,0.017595,0.0178,0.03756,0.05108,0.06968,1,0.8723,0.02758,-0.04925,0.017769,0.435843,6.544,0.01946,0.00945,0.4468,2.052,0.0995,0.015655,91.0,0.01668,0.02619,0.03823,12.987904,0.8617,0.04845,-0.07929,0.030785,0.807747,5.094,0.03093,0.00829,0.3511,2.513,0.0708,0.026026,91.0,0.0178,0.03756,0.05108,18.737989,,,,,,,,,,,,,,,,,,,,,,,,,,,,,,,,,,,,,,,,,,,,,,,,,,,,PDSL_data,,2026-09-08
MACD_Bullish_State + MACD_Cross_Up_Event,MACD_Bullish_State + MACD_Cross_Up_Event,combo_2,51,momentum,Bullish,,,,,,,,,,,,,,,,,,0.8235,0.02987,-0.04842,0.016056,0.372687,4.018,0.01579,-0.00367,0.3725,1.471,0.1232,0.014599,50.0,0.01013,0.01845,0.02718,5.916706,,,,,,,,,,,,,,,,,,0.02569,0.654433,0.8562,5.402,0.9412,13.147783,15,26.890751,0.00977,0.3922,0.1232,0,1,0.02465,0.01845,0.03651,0.05072,0.18736,0,0.8627,0.03253,-0.05598,0.020381,0.492484,5.992,0.02021,0.00971,0.4314,2.08,0.1027,0.020446,50.0,0.011,0.02482,0.03911,11.659226,0.8824,0.05877,-0.09539,0.040634,1.09813,6.197,0.04075,0.02328,0.3725,2.548,0.0984,0.038905,50.0,0.01845,0.03651,0.05072,26.890751,,,,,,,,,,,,,,,,,,,,,,,,,,,,,,,,,,,,,,,,,,,,,,,,,,,,PDSL_data,,2026-09-08
MACD_Cross_Up_Event + MACD_Hist_Rising,MACD_Cross_Up_Event + MACD_Hist_Rising,combo_2,51,momentum,Bullish,,,,,,,,,,,,,,,,,,0.8235,0.02987,-0.04842,0.016056,0.372687,4.018,0.01579,-0.00367,0.3725,1.471,0.1232,0.014599,50.0,0.01013,0.01845,0.02718,5.916706,,,,,,,,,,,,,,,,,,0.02569,0.654433,0.8562,5.402,0.9412,13.147783,15,26.890751,0.00977,0.3922,0.1232,0,1,0.02465,0.01845,0.03651,0.05072,0.18736,0,0.8627,0.03253,-0.05598,0.020381,0.492484,5.992,0.02021,0.00971,0.4314,2.08,0.1027,0.020446,50.0,0.011,0.02482,0.03911,11.659226,0.8824,0.05877,-0.09539,0.040634,1.09813,6.197,0.04075,0.02328,0.3725,2.548,0.0984,0.038905,50.0,0.01845,0.03651,0.05072,26.890751,,,,,,,,,,,,,,,,,,,,,,,,,,,,,,,,,,,,,,,,,,,,,,,,,,,,PDSL_data,,2026-09-08
MACD_Bullish_State,MACD_Bullish_State,single,51,momentum,Bullish,,,,,,,,,,,,,,,,,,0.8235,0.02987,-0.04842,0.016056,0.372687,4.018,0.01579,-0.00367,0.3725,1.471,0.1232,0.014599,50.0,0.01013,0.01845,0.02718,5.916706,,,,,,,,,,,,,,,,,,0.02569,0.654433,0.8562,5.402,0.9412,13.147783,15,26.890751,0.00977,0.3922,0.1232,0,1,0.02465,0.01845,0.03651,0.05072,0.18736,0,0.8627,0.03253,-0.05598,0.020381,0.492484,5.992,0.02021,0.00971,0.4314,2.08,0.1027,0.020446,50.0,0.011,0.02482,0.03911,11.659226,0.8824,0.05877,-0.09539,0.040634,1.09813,6.197,0.04075,0.02328,0.3725,2.548,0.0984,0.038905,50.0,0.01845,0.03651,0.05072,26.890751,,,,,,,,,,,,,,,,,,,,,,,,,,,,,,,,,,,,,,,,,,,,,,,,,,,,PDSL_data,,2026-09-08
MACD_Cross_Up_Event,MACD_Cross_Up_Event,single,51,momentum,Bullish,,,,,,,,,,,,,,,,,,0.8235,0.02987,-0.04842,0.016056,0.372687,4.018,0.01579,-0.00367,0.3725,1.471,0.1232,0.014599,50.0,0.01013,0.01845,0.02718,5.916706,,,,,,,,,,,,,,,,,,0.02569,0.654433,0.8562,5.402,0.9412,13.147783,15,26.890751,0.00977,0.3922,0.1232,0,1,0.02465,0.01845,0.03651,0.05072,0.18736,0,0.8627,0.03253,-0.05598,0.020381,0.492484,5.992,0.02021,0.00971,0.4314,2.08,0.1027,0.020446,50.0,0.011,0.02482,0.03911,11.659226,0.8824,0.05877,-0.09539,0.040634,1.09813,6.197,0.04075,0.02328,0.3725,2.548,0.0984,0.038905,50.0,0.01845,0.03651,0.05072,26.890751,,,,,,,,,,,,,,,,,,,,,,,,,,,,,,,,,,,,,,,,,,,,,,,,,,,,PDSL_data,,2026-09-08
MACD_Hist_Positive,MACD_Hist_Positive,single,51,momentum,Bullish,,,,,,,,,,,,,,,,,,0.8235,0.02987,-0.04842,0.016056,0.372687,4.018,0.01579,-0.00367,0.3725,1.471,0.1232,0.014599,50.0,0.01013,0.01845,0.02718,5.916706,,,,,,,,,,,,,,,,,,0.02569,0.654433,0.8562,5.402,0.9412,13.147783,15,26.890751,0.00977,0.3922,0.1232,0,1,0.02465,0.01845,0.03651,0.05072,0.18736,0,0.8627,0.03253,-0.05598,0.020381,0.492484,5.992,0.02021,0.00971,0.4314,2.08,0.1027,0.020446,50.0,0.011,0.02482,0.03911,11.659226,0.8824,0.05877,-0.09539,0.040634,1.09813,6.197,0.04075,0.02328,0.3725,2.548,0.0984,0.038905,50.0,0.01845,0.03651,0.05072,26.890751,,,,,,,,,,,,,,,,,,,,,,,,,,,,,,,,,,,,,,,,,,,,,,,,,,,,PDSL_data,,2026-09-08
MACD_Cross_Up_Event + MACD_Hist_Positive,MACD_Cross_Up_Event + MACD_Hist_Positive,combo_2,51,momentum,Bullish,,,,,,,,,,,,,,,,,,0.8235,0.02987,-0.04842,0.016056,0.372687,4.018,0.01579,-0.00367,0.3725,1.471,0.1232,0.014599,50.0,0.01013,0.01845,0.02718,5.916706,,,,,,,,,,,,,,,,,,0.02569,0.654433,0.8562,5.402,0.9412,13.147783,15,26.890751,0.00977,0.3922,0.1232,0,1,0.02465,0.01845,0.03651,0.05072,0.18736,0,0.8627,0.03253,-0.05598,0.020381,0.492484,5.992,0.02021,0.00971,0.4314,2.08,0.1027,0.020446,50.0,0.011,0.02482,0.03911,11.659226,0.8824,0.05877,-0.09539,0.040634,1.09813,6.197,0.04075,0.02328,0.3725,2.548,0.0984,0.038905,50.0,0.01845,0.03651,0.05072,26.890751,,,,,,,,,,,,,,,,,,,,,,,,,,,,,,,,,,,,,,,,,,,,,,,,,,,,PDSL_data,,2026-09-08
MACD_Bullish_State + MACD_Hist_Positive,MACD_Bullish_State + MACD_Hist_Positive,combo_2,51,momentum,Bullish,,,,,,,,,,,,,,,,,,0.8235,0.02987,-0.04842,0.016056,0.372687,4.018,0.01579,-0.00367,0.3725,1.471,0.1232,0.014599,50.0,0.01013,0.01845,0.02718,5.916706,,,,,,,,,,,,,,,,,,0.02569,0.654433,0.8562,5.402,0.9412,13.147783,15,26.890751,0.00977,0.3922,0.1232,0,1,0.02465,0.01845,0.03651,0.05072,0.18736,0,0.8627,0.03253,-0.05598,0.020381,0.492484,5.992,0.02021,0.00971,0.4314,2.08,0.1027,0.020446,50.0,0.011,0.02482,0.03911,11.659226,0.8824,0.05877,-0.09539,0.040634,1.09813,6.197,0.04075,0.02328,0.3725,2.548,0.0984,0.038905,50.0,0.01845,0.03651,0.05072,26.890751,,,,,,,,,,,,,,,,,,,,,,,,,,,,,,,,,,,,,,,,,,,,,,,,,,,,PDSL_data,,2026-09-08
BB_Lower_Bounce + OBV_Rising,BB_Lower_Bounce + OBV_Rising,combo_2,25,momentum,Bullish,,,,,,,,,,,,,,,,,,0.88,0.01044,-0.02261,0.006471,0.147014,8.74,0.00797,0.0005,0.44,1.515,0.3234,0.008024,25.0,0.01495,0.02251,0.0249,4.186185,,,,,,,,,,,,,,,,,,0.024606,0.542756,0.8667,7.726,0.96,13.115167,10,23.975267,0.00939,0.4133,0.3234,0,1,0.02094,0.01495,0.02472,0.03907,0.2737,0,0.88,0.0464,-0.04616,0.035291,0.779987,9.434,0.03625,0.00742,0.4,2.143,0.2264,0.027247,25.0,0.01495,0.02472,0.03907,23.975267,0.84,0.05034,-0.06392,0.032055,0.701265,5.003,0.03294,0.02024,0.4,2.624,0.2346,0.027551,25.0,0.0194,0.0279,0.0501,11.430534,,,,,,,,,,,,,,,,,,,,,,,,,,,,,,,,,,,,,,,,,,,,,,,,,,,,PDSL_data,,2026-09-08
Price_Above_SMA50 + Stoch_Bull_Zone,Price_Above_SMA50 + Stoch_Bull_Zone,combo_2,102,trend,Bullish,,,,,,,,,,,,,,,,,,,,,,,,,,,,,,,,,,,,,,,,,,,,,,,,,,,,0.026814,0.597173,0.8235,4.726,0.9608,12.566369,30,21.229431,0.00245,0.3954,0.0858,0,1,0.01807,0.0222,0.05129,0.06683,0.74397,0,0.8039,0.03293,-0.05294,0.016096,0.365106,3.586,0.0159,0.00199,0.402,2.113,0.0644,0.009117,101.0,0.01119,0.02295,0.03933,6.068846,,,,,,,,,,,,,,,,,,0.8235,0.0529,-0.07839,0.029727,0.706593,4.227,0.02981,0.00962,0.3922,2.988,0.0714,0.021627,101.0,0.01659,0.04462,0.05989,13.84297,0.8431,0.0549,-0.07441,0.034618,0.719819,6.363,0.03657,-0.00427,0.3922,3.66,0.0858,0.023467,101.0,0.0222,0.05129,0.06683,21.229431,,,,,,,,,,,,,,,,,,PDSL_data,,2026-09-08
BB_Lower_Bounce + VWAP_Bull,BB_Lower_Bounce + VWAP_Bull,combo_2,21,momentum,Bullish,,,,,,,,,,,,,,,,,,0.8571,0.01676,-0.02261,0.011135,0.273343,8.08,0.01283,-0.00382,0.381,1.497,0.3523,0.014253,21.0,0.01387,0.01955,0.02681,6.827179,,,,,,,,,,,,,,,,,,0.025939,0.633346,0.8413,6.642,0.9524,12.383612,10,21.820335,0.00451,0.3968,0.3523,0,1,0.028171,0.01387,0.02144,0.04121,0.41637,0,0.8571,0.05097,-0.04616,0.037095,0.899185,7.851,0.03807,-0.0029,0.381,2.117,0.2721,0.034897,21.0,0.01387,0.02144,0.04121,21.820335,0.8095,0.05163,-0.06407,0.029588,0.72751,3.995,0.03047,0.02024,0.4286,2.593,0.2929,0.035364,21.0,0.01657,0.02818,0.04771,8.982966,,,,,,,,,,,,,,,,,,,,,,,,,,,,,,,,,,,,,,,,,,,,,,,,,,,,PDSL_data,,2026-09-08
Price_Above_SMA50 + MACD_Cross_Up_Event,Price_Above_SMA50 + MACD_Cross_Up_Event,combo_2,27,trend,Bullish,,,,,,,,,,,,,,,,,,,,,,,,,,,,,,,,,,,,,,,,,,,,,,,,,,,,0.022608,0.637718,0.8642,5.841,0.963,11.9516,30,24.965543,-0.00708,0.4321,0.2254,0,1,0.026595,0.02533,0.04272,0.06551,0.46011,0,0.8519,0.0209,-0.04023,0.011842,0.29251,6.517,0.01201,-0.01926,0.4074,2.058,0.2254,0.016098,26.0,0.01286,0.02653,0.03648,6.351786,,,,,,,,,,,,,,,,,,0.8519,0.0427,-0.11878,0.018779,0.622899,3.496,0.0219,0.01619,0.4815,2.911,0.2243,0.023326,26.0,0.01671,0.03751,0.05068,7.256356,0.8889,0.05413,-0.09821,0.037203,0.997744,7.509,0.03716,-0.01816,0.4074,3.565,0.1696,0.040361,26.0,0.02533,0.04272,0.06551,24.965543,,,,,,,,,,,,,,,,,,PDSL_data,,2026-09-08
BB_Lower_Touch + Stoch_Oversold,BB_Lower_Touch + Stoch_Oversold,combo_2,22,mean_rev,Bullish,0.9091,0.00824,-0.02093,0.005592,0.06562,8.322,0.00637,-0.00201,0.4545,1.122,0.2821,0.004615,22.0,0.01189,0.02057,0.02488,1.712294,0.9545,0.02286,-0.03974,0.020013,0.401023,17.464,0.02086,0.01333,0.4545,1.448,0.2235,0.019091,22.0,0.01736,0.02331,0.03133,12.574042,0.9091,0.03932,-0.03911,0.032191,0.691615,12.752,0.03175,0.01928,0.4545,1.713,0.1515,0.032807,22.0,0.01736,0.02331,0.0327,21.685534,0.019265,0.386086,0.9242,12.846,0.9545,11.555441,7,21.685534,0.0102,0.4545,0.2821,0,1,0.018838,0.01736,0.02331,0.0327,0.06059,1,,,,,,,,,,,,,,,,,,,,,,,,,,,,,,,,,,,,,,,,,,,,,,,,,,,,,,,,,,,,,,,,,,,,,,,,,,,,,,,,,,,,,,PDSL_data,,2026-09-08
BB_Expansion_Bull + OBV_Rising,BB_Expansion_Bull + OBV_Rising,combo_2,55,momentum,Bullish,,,,,,,,,,,,,,,,,,0.8727,0.01581,-0.04426,0.008165,0.325845,4.865,0.0089,0.00071,0.4545,1.541,0.1452,0.006219,55.0,0.01246,0.02303,0.03212,6.380876,,,,,,,,,,,,,,,,,,0.018102,0.613778,0.8424,4.942,0.9455,11.543846,10,15.864072,0.0049,0.4303,0.1452,0,1,0.00941,0.01759,0.02393,0.03745,0.15213,0,0.8364,0.02982,-0.04479,0.017607,0.636325,6.193,0.01782,-0.00054,0.4727,2.18,0.1124,0.007757,55.0,0.01759,0.02393,0.03745,15.864072,0.8182,0.05444,-0.08804,0.028535,0.879165,3.767,0.02778,0.01454,0.3636,2.67,0.1027,0.014254,55.0,0.02,0.02966,0.04761,13.332889,,,,,,,,,,,,,,,,,,,,,,,,,,,,,,,,,,,,,,,,,,,,,,,,,,,,PDSL_data,,2026-09-08
Price_Above_SMA50 + OBV_Rising,Price_Above_SMA50 + OBV_Rising,combo_2,204,trend,Bullish,,,,,,,,,,,,,,,,,,,,,,,,,,,,,,,,,,,,,,,,,,,,,,,,,,,,0.022169,0.571627,0.8252,4.002,0.9461,11.521823,30,21.999226,-0.00347,0.4101,0.0436,0,1,0.014746,0.0225,0.04537,0.06748,0.73391,0,0.7941,0.02954,-0.0537,0.012402,0.335618,3.255,0.01293,0.00188,0.4363,2.113,0.0383,0.00848,204.0,0.01043,0.02004,0.03328,5.814606,,,,,,,,,,,,,,,,,,0.8333,0.04358,-0.0888,0.021515,0.557546,3.723,0.02209,-0.00017,0.4216,2.989,0.0377,0.014556,204.0,0.0168,0.03755,0.05397,11.049245,0.848,0.05577,-0.09681,0.032588,0.821717,5.03,0.03337,-0.01212,0.3725,3.66,0.0436,0.021202,204.0,0.0225,0.04537,0.06748,21.999226,,,,,,,,,,,,,,,,,,PDSL_data,,2026-09-08
Price_Above_SMA50 + CDL_Harami_Bull,Price_Above_SMA50 + CDL_Harami_Bull,combo_2,41,trend,Bullish,,,,,,,,,,,,,,,,,,,,,,,,,,,,,,,,,,,,,,,,,,,,,,,,,,,,0.023498,0.685772,0.8374,4.419,0.9756,11.050199,30,26.351823,-0.00015,0.4309,0.1707,0,1,0.012067,0.02954,0.05088,0.07234,0.4032,0,0.8537,0.02312,-0.07177,0.009237,0.313694,3.147,0.00922,0.01298,0.5366,2.046,0.1529,0.005048,41.0,0.01878,0.03319,0.04672,3.690382,,,,,,,,,,,,,,,,,,0.8293,0.03591,-0.07263,0.017378,0.578478,4.058,0.01747,-0.00083,0.439,2.893,0.1707,0.008945,41.0,0.01878,0.04678,0.06339,8.774352,0.8293,0.06875,-0.07694,0.043878,1.165144,6.051,0.04159,-0.01262,0.3171,3.544,0.1285,0.022206,41.0,0.02954,0.05088,0.07234,26.351823,,,,,,,,,,,,,,,,,,PDSL_data,,2026-09-08
BB_Lower_Touch + Williams_Oversold,BB_Lower_Touch + Williams_Oversold,combo_2,29,mean_rev,Bullish,0.8621,0.0114,-0.03165,0.005464,0.058955,4.214,0.00541,-0.00046,0.4483,1.133,0.1882,0.004912,29.0,0.00962,0.01797,0.02235,0.84506,0.931,0.0207,-0.02129,0.017808,0.336579,21.295,0.01796,0.01052,0.4828,1.463,0.1873,0.018498,29.0,0.01659,0.02436,0.03097,11.447724,0.931,0.03719,-0.03911,0.03193,0.638466,16.926,0.03411,0.01694,0.4138,1.731,0.2054,0.033497,29.0,0.02106,0.0272,0.03543,21.715492,0.018401,0.344667,0.908,14.145,0.931,10.914332,7,21.715492,0.009,0.4483,0.2054,0,1,0.018969,0.02106,0.0272,0.03543,0.06775,1,,,,,,,,,,,,,,,,,,,,,,,,,,,,,,,,,,,,,,,,,,,,,,,,,,,,,,,,,,,,,,,,,,,,,,,,,,,,,,,,,,,,,,PDSL_data,,2026-09-08
MACD_Hist_Rising + Stoch_Oversold,MACD_Hist_Rising + Stoch_Oversold,combo_2,27,momentum,Bullish,,,,,,,,,,,,,,,,,,0.9259,0.01752,-0.02865,0.014102,0.287429,11.448,0.01401,0.00031,0.4444,1.443,0.2082,0.007852,26.0,0.01615,0.02427,0.03637,9.577707,,,,,,,,,,,,,,,,,,0.016093,0.41945,0.9012,7.89,0.963,10.619929,10,14.044739,0.00522,0.4691,0.2189,0,1,0.009754,0.01615,0.03874,0.04449,0.08921,1,0.8889,0.0295,-0.04981,0.020684,0.535113,7.877,0.02231,0.00344,0.4815,2.041,0.2,0.015305,26.0,0.01615,0.03874,0.04449,14.044739,0.8889,0.02577,-0.08469,0.013493,0.435808,4.347,0.01408,0.0119,0.4815,2.5,0.2189,0.006104,26.0,0.02108,0.04189,0.04748,6.31224,,,,,,,,,,,,,,,,,,,,,,,,,,,,,,,,,,,,,,,,,,,,,,,,,,,,PDSL_data,,2026-09-08
Stoch_Oversold + VWAP_Bull,Stoch_Oversold + VWAP_Bull,combo_2,58,momentum,Bullish,,,,,,,,,,,,,,,,,,0.8966,0.02261,-0.04331,0.015787,0.291651,5.974,0.0159,0.01311,0.4828,1.598,0.0873,0.011228,57.0,0.01535,0.02222,0.03156,7.104526,,,,,,,,,,,,,,,,,,0.019059,0.403198,0.8966,6.353,1.0,10.445231,10,13.315848,0.01017,0.4425,0.1721,0,1,0.012786,0.02006,0.03312,0.0478,0.05556,1,0.8966,0.02973,-0.04717,0.021778,0.470764,6.937,0.02439,0.0148,0.431,2.26,0.1721,0.013659,57.0,0.02006,0.03312,0.0478,13.315848,0.8966,0.0294,-0.06519,0.019612,0.447179,6.149,0.02172,0.00261,0.4138,2.768,0.1515,0.013471,57.0,0.03096,0.04106,0.05792,11.211938,,,,,,,,,,,,,,,,,,,,,,,,,,,,,,,,,,,,,,,,,,,,,,,,,,,,PDSL_data,,2026-09-08
OBV_Trend_Bull + CCI_Oversold,OBV_Trend_Bull + CCI_Oversold,combo_2,16,momentum,Bullish,,,,,,,,,,,,,,,,,,0.9375,-2e-05,-0.02538,-0.001604,-0.058772,9.58,-0.00132,-0.01166,0.375,1.452,0.3285,-0.001461,16.0,0.01487,0.01761,0.02101,-1.595214,,,,,,,,,,,,,,,,,,0.020442,0.534819,0.875,7.756,0.875,10.282995,15,24.441255,0.00233,0.3958,0.3324,0,1,0.024919,0.02587,0.04482,0.05832,0.16311,0,0.8125,0.03332,-0.03782,0.019979,0.489941,6.335,0.01989,-0.00614,0.375,2.054,0.3324,0.026852,16.0,0.01487,0.02017,0.02839,8.793195,0.875,0.05946,-0.07264,0.042951,1.173288,7.353,0.04314,0.02477,0.4375,2.515,0.249,0.049365,16.0,0.02587,0.04482,0.05832,24.441255,,,,,,,,,,,,,,,,,,,,,,,,,,,,,,,,,,,,,,,,,,,,,,,,,,,,PDSL_data,,2026-09-08
BB_Lower_Touch,BB_Lower_Touch,single,30,mean_rev,Bullish,0.8667,0.01115,-0.03161,0.005449,0.060289,4.258,0.0054,-0.00031,0.4667,1.142,0.1864,0.005437,30.0,0.00975,0.01828,0.02257,0.881598,0.9333,0.01825,-0.02129,0.01561,0.293583,21.043,0.01577,0.00673,0.4667,1.474,0.1895,0.016908,30.0,0.01682,0.02489,0.03185,10.081616,0.9333,0.03371,-0.03911,0.028856,0.579829,16.891,0.03104,0.01691,0.4,1.744,0.2054,0.031639,30.0,0.02157,0.0278,0.03746,19.911263,0.016638,0.311234,0.9111,14.064,0.9333,9.97522,7,19.911263,0.00778,0.4444,0.2054,0,1,0.017995,0.02157,0.0278,0.03746,0.05814,1,,,,,,,,,,,,,,,,,,,,,,,,,,,,,,,,,,,,,,,,,,,,,,,,,,,,,,,,,,,,,,,,,,,,,,,,,,,,,,,,,,,,,,PDSL_data,,2026-09-08
BB_Lower_Touch + CCI_Oversold,BB_Lower_Touch + CCI_Oversold,combo_2,30,mean_rev,Bullish,0.8667,0.01115,-0.03161,0.005449,0.060289,4.258,0.0054,-0.00031,0.4667,1.142,0.1864,0.005437,30.0,0.00975,0.01828,0.02257,0.881598,0.9333,0.01825,-0.02129,0.01561,0.293583,21.043,0.01577,0.00673,0.4667,1.474,0.1895,0.016908,30.0,0.01682,0.02489,0.03185,10.081616,0.9333,0.03371,-0.03911,0.028856,0.579829,16.891,0.03104,0.01691,0.4,1.744,0.2054,0.031639,30.0,0.02157,0.0278,0.03746,19.911263,0.016638,0.311234,0.9111,14.064,0.9333,9.97522,7,19.911263,0.00778,0.4444,0.2054,0,1,0.017995,0.02157,0.0278,0.03746,0.05814,1,,,,,,,,,,,,,,,,,,,,,,,,,,,,,,,,,,,,,,,,,,,,,,,,,,,,,,,,,,,,,,,,,,,,,,,,,,,,,,,,,,,,,,PDSL_data,,2026-09-08
Price_Above_SMA50 + CMF_Strong_Bull,Price_Above_SMA50 + CMF_Strong_Bull,combo_2,23,trend,Bullish,,,,,,,,,,,,,,,,,,,,,,,,,,,,,,,,,,,,,,,,,,,,,,,,,,,,0.025963,0.845005,0.8551,3.685,0.9565,9.466971,30,26.107755,0.00524,0.4203,0.2683,0,1,0.02054,0.03405,0.07139,0.09852,0.40647,0,0.8696,0.01812,-0.07173,0.006399,0.305369,3.289,0.00676,0.00378,0.4783,2.039,0.2309,0.000688,23.0,0.01556,0.02948,0.0391,3.192225,,,,,,,,,,,,,,,,,,0.8261,0.04219,-0.11172,0.015422,0.541888,2.9,0.0176,-0.01432,0.3913,2.884,0.2683,0.008517,23.0,0.0165,0.03521,0.0549,4.99379,0.8696,0.08763,-0.15433,0.056068,1.687758,4.867,0.05642,0.02624,0.3913,3.532,0.1892,0.052415,23.0,0.03405,0.07139,0.09852,26.107755,,,,,,,,,,,,,,,,,,PDSL_data,,2026-09-08
OBV_Rising + OBV_Trend_Bull,OBV_Rising + OBV_Trend_Bull,combo_2,202,momentum,Bullish,,,,,,,,,,,,,,,,,,0.8168,0.02241,-0.04666,0.009758,0.260419,3.155,0.01018,0.00143,0.4406,1.469,0.0423,0.008491,201.0,0.00936,0.01773,0.02424,4.365225,,,,,,,,,,,,,,,,,,0.018205,0.486932,0.8185,3.67,0.995,9.448174,15,14.952579,0.00841,0.4356,0.0423,0,1,0.017028,0.01264,0.02818,0.05268,0.44743,0,0.8168,0.03477,-0.05674,0.018008,0.479865,3.95,0.01838,0.00948,0.4653,2.077,0.0341,0.016631,201.0,0.0104,0.02369,0.04453,10.069972,0.8218,0.04974,-0.07869,0.026848,0.720512,3.906,0.0275,0.01433,0.401,2.544,0.0333,0.025963,201.0,0.01264,0.02818,0.05268,14.952579,,,,,,,,,,,,,,,,,,,,,,,,,,,,,,,,,,,,,,,,,,,,,,,,,,,,PDSL_data,,2026-09-08
EMA_Bullish_State + MACD_Cross_Up_Event,EMA_Bullish_State + MACD_Cross_Up_Event,combo_2,25,momentum,Bullish,,,,,,,,,,,,,,,,,,0.8,0.03217,-0.02921,0.019894,0.473965,6.754,0.01964,-0.01295,0.28,1.453,0.2187,0.021979,24.0,0.01048,0.01758,0.02444,10.428984,,,,,,,,,,,,,,,,,,0.020777,0.503054,0.8267,6.001,0.96,9.441816,5,10.428984,-0.00697,0.36,0.2187,0,1,0.023817,0.01048,0.01758,0.02444,0.53825,0,0.84,0.03038,-0.04318,0.018608,0.419459,6.548,0.01878,-0.01852,0.4,2.054,0.2095,0.022523,24.0,0.01224,0.03041,0.03763,8.948329,0.84,0.04387,-0.08141,0.023828,0.615737,4.701,0.02386,0.01058,0.4,2.516,0.2092,0.026948,24.0,0.01584,0.03547,0.04383,9.430881,,,,,,,,,,,,,,,,,,,,,,,,,,,,,,,,,,,,,,,,,,,,,,,,,,,,PDSL_data,,2026-09-08
Golden_Cross_State + Williams_Oversold,Golden_Cross_State + Williams_Oversold,combo_2,60,trend,Bullish,,,,,,,,,,,,,,,,,,,,,,,,,,,,,,,,,,,,,,,,,,,,,,,,,,,,0.014164,0.347216,0.8944,6.913,0.95,9.373964,20,10.124424,-0.00242,0.4111,0.1506,0,1,0.007139,0.02971,0.03963,0.05457,0.03311,1,0.9167,0.0161,-0.03457,0.011881,0.211116,10.652,0.01163,0.00486,0.3667,2.233,0.0883,0.007438,60.0,0.02208,0.02908,0.04054,8.678729,,,,,,,,,,,,,,,,,,0.9,0.02623,-0.07389,0.016216,0.416703,5.91,0.01711,-0.00406,0.4,3.158,0.1506,0.009683,60.0,0.02971,0.03963,0.05457,10.124424,0.8667,0.03076,-0.09199,0.014396,0.413828,4.177,0.01565,-0.00807,0.4667,3.868,0.1481,0.004296,60.0,0.03131,0.05267,0.07419,7.10587,,,,,,,,,,,,,,,,,,PDSL_data,,2026-09-08
EMA_Bullish_State + MACD_Hist_Positive,EMA_Bullish_State + MACD_Hist_Positive,combo_2,36,momentum,Bullish,,,,,,,,,,,,,,,,,,0.8056,0.02614,-0.04425,0.012455,0.323919,4.036,0.01393,-0.01335,0.2778,1.438,0.2241,0.014369,35.0,0.00972,0.0141,0.0213,4.720809,,,,,,,,,,,,,,,,,,0.020339,0.545822,0.8056,4.754,1.0,9.370667,15,13.254992,-0.00325,0.3333,0.2241,0,1,0.018923,0.01405,0.02118,0.03931,0.63033,0,0.8056,0.0359,-0.0415,0.020851,0.526415,5.564,0.02083,-0.00441,0.3889,2.033,0.1471,0.018373,35.0,0.01016,0.01845,0.03644,10.575849,0.8056,0.0498,-0.06379,0.02771,0.787132,4.664,0.02774,0.008,0.3333,2.49,0.1537,0.024029,35.0,0.01405,0.02118,0.03931,13.254992,,,,,,,,,,,,,,,,,,,,,,,,,,,,,,,,,,,,,,,,,,,,,,,,,,,,PDSL_data,,2026-09-08
EMA_Bullish_State + MACD_Bullish_State,EMA_Bullish_State + MACD_Bullish_State,combo_2,36,momentum,Bullish,,,,,,,,,,,,,,,,,,0.8056,0.02614,-0.04425,0.012455,0.323919,4.036,0.01393,-0.01335,0.2778,1.438,0.2241,0.014369,35.0,0.00972,0.0141,0.0213,4.720809,,,,,,,,,,,,,,,,,,0.020339,0.545822,0.8056,4.754,1.0,9.370667,15,13.254992,-0.00325,0.3333,0.2241,0,1,0.018923,0.01405,0.02118,0.03931,0.63033,0,0.8056,0.0359,-0.0415,0.020851,0.526415,5.564,0.02083,-0.00441,0.3889,2.033,0.1471,0.018373,35.0,0.01016,0.01845,0.03644,10.575849,0.8056,0.0498,-0.06379,0.02771,0.787132,4.664,0.02774,0.008,0.3333,2.49,0.1537,0.024029,35.0,0.01405,0.02118,0.03931,13.254992,,,,,,,,,,,,,,,,,,,,,,,,,,,,,,,,,,,,,,,,,,,,,,,,,,,,PDSL_data,,2026-09-08
CMF_Strong_Bull + OBV_Rising,CMF_Strong_Bull + OBV_Rising,combo_2,63,momentum,Bullish,,,,,,,,,,,,,,,,,,0.8095,0.02296,-0.04299,0.0104,0.316101,3.377,0.01046,0.00017,0.4127,1.511,0.1217,0.008735,63.0,0.00724,0.02084,0.03051,4.439962,,,,,,,,,,,,,,,,,,0.024174,0.595313,0.8148,3.81,0.9841,9.282327,15,13.367454,0.0103,0.418,0.1217,0,1,0.020757,0.0134,0.03639,0.04885,0.5847,0,0.8095,0.04371,-0.05963,0.024023,0.625744,4.244,0.02384,0.01191,0.4286,2.136,0.0926,0.020225,63.0,0.00749,0.0238,0.03893,11.043779,0.8254,0.06819,-0.10415,0.038099,0.844093,3.808,0.03726,0.01882,0.4127,2.617,0.0861,0.033311,63.0,0.0134,0.03639,0.04885,13.367454,,,,,,,,,,,,,,,,,,,,,,,,,,,,,,,,,,,,,,,,,,,,,,,,,,,,PDSL_data,,2026-09-08
Golden_Cross_State + Stoch_Bull_Zone,Golden_Cross_State + Stoch_Bull_Zone,combo_2,99,trend,Bullish,,,,,,,,,,,,,,,,,,,,,,,,,,,,,,,,,,,,,,,,,,,,,,,,,,,,0.020514,0.443289,0.8552,4.925,0.9192,9.24221,20,18.466398,0.00075,0.3939,0.136,0,1,0.015515,0.01803,0.05047,0.06068,0.23796,0,0.8081,0.02853,-0.05623,0.012266,0.235384,3.105,0.01424,0.00014,0.3939,2.18,0.1117,0.009128,98.0,0.0093,0.02457,0.04146,3.365416,,,,,,,,,,,,,,,,,,0.8687,0.04492,-0.06876,0.029994,0.640167,6.264,0.0302,0.00453,0.3737,3.084,0.0718,0.024088,98.0,0.01803,0.05047,0.06068,18.466398,0.8889,0.03439,-0.10163,0.01928,0.454317,5.407,0.02434,-0.00242,0.4141,3.777,0.136,0.013327,98.0,0.03568,0.05872,0.06814,11.313575,,,,,,,,,,,,,,,,,,PDSL_data,,2026-09-08
Stoch_Cross_Up + CMF_Strong_Bull,Stoch_Cross_Up + CMF_Strong_Bull,combo_2,30,momentum,Bullish,,,,,,,,,,,,,,,,,,0.8333,0.01993,-0.04814,0.008583,0.277646,3.368,0.00841,-0.00572,0.4,1.523,0.2552,0.003356,29.0,0.00642,0.01691,0.02352,3.211085,,,,,,,,,,,,,,,,,,0.028581,0.708041,0.8,4.044,0.9333,9.176017,15,13.919858,0.00728,0.4111,0.2552,0,1,0.018481,0.01581,0.03555,0.05743,0.48511,0,0.7667,0.05763,-0.04689,0.03324,0.839516,4.737,0.03242,0.02399,0.4333,2.154,0.1555,0.021193,29.0,0.00876,0.02233,0.03692,13.656608,0.8,0.07627,-0.08546,0.04392,1.006962,4.026,0.04377,0.00357,0.4,2.638,0.1657,0.030893,29.0,0.01581,0.03555,0.05743,13.919858,,,,,,,,,,,,,,,,,,,,,,,,,,,,,,,,,,,,,,,,,,,,,,,,,,,,PDSL_data,,2026-09-08
Price_Above_SMA50 + CMF_Positive,Price_Above_SMA50 + CMF_Positive,combo_2,43,trend,Bullish,,,,,,,,,,,,,,,,,,,,,,,,,,,,,,,,,,,,,,,,,,,,,,,,,,,,0.012223,0.685802,0.8295,3.768,0.9302,9.097337,30,21.655874,-0.02293,0.3953,0.1935,0,1,-0.003077,0.01466,0.04559,0.05617,0.59859,0,0.7907,0.02543,-0.06532,0.006435,0.365391,2.205,0.00699,0.00113,0.4651,2.048,0.1493,-2.9e-05,43.0,0.00662,0.01663,0.04136,3.048675,,,,,,,,,,,,,,,,,,0.8372,0.02733,-0.08526,0.009002,0.654455,3.585,0.01005,-0.01889,0.3953,2.897,0.1935,-0.009259,43.0,0.01044,0.04261,0.05265,8.877632,0.8605,0.04027,-0.09617,0.021232,1.03756,5.516,0.02411,-0.05103,0.3256,3.548,0.1876,5.6e-05,43.0,0.01466,0.04559,0.05617,21.655874,,,,,,,,,,,,,,,,,,PDSL_data,,2026-09-08
Stoch_Cross_Up + VWAP_Bull,Stoch_Cross_Up + VWAP_Bull,combo_2,135,momentum,Bullish,,,,,,,,,,,,,,,,,,0.8433,0.02181,-0.03991,0.012135,0.295041,3.967,0.01228,0.0045,0.4478,1.519,0.0615,0.00828,131.0,0.01007,0.01854,0.03145,5.75061,,,,,,,,,,,,,,,,,,0.017932,0.427293,0.8433,4.416,0.9701,8.992876,15,13.609625,0.00711,0.4254,0.0903,0,1,0.011776,0.01501,0.04227,0.0575,0.18025,0,0.8284,0.0337,-0.05249,0.018903,0.451287,4.107,0.02048,0.0078,0.4328,2.148,0.0903,0.0118,131.0,0.0124,0.03149,0.03923,9.106038,0.8582,0.03672,-0.06176,0.022759,0.535551,5.173,0.02302,0.00904,0.3955,2.631,0.0641,0.015249,131.0,0.01501,0.04227,0.0575,13.609625,,,,,,,,,,,,,,,,,,,,,,,,,,,,,,,,,,,,,,,,,,,,,,,,,,,,PDSL_data,,2026-09-08
MACD_Hist_Rising + OBV_Trend_Bull,MACD_Hist_Rising + OBV_Trend_Bull,combo_2,119,momentum,Bullish,,,,,,,,,,,,,,,,,,0.8067,0.02483,-0.04054,0.012194,0.300029,3.648,0.01229,0.0,0.4034,1.451,0.0638,0.009214,119.0,0.00772,0.01593,0.02294,5.240123,,,,,,,,,,,,,,,,,,0.018279,0.495031,0.8179,3.86,0.9748,8.918389,15,12.813367,0.00258,0.4118,0.0638,0,1,0.015938,0.0091,0.03615,0.05791,0.45273,0,0.8319,0.03222,-0.06129,0.016502,0.476337,4.157,0.01678,0.00667,0.4454,2.053,0.0558,0.015201,119.0,0.00825,0.02432,0.04499,9.479315,0.8151,0.05082,-0.08266,0.026142,0.708727,3.776,0.0274,0.00108,0.3866,2.514,0.0537,0.0234,119.0,0.0091,0.03615,0.05791,12.813367,,,,,,,,,,,,,,,,,,,,,,,,,,,,,,,,,,,,,,,,,,,,,,,,,,,,PDSL_data,,2026-09-08
Price_Above_SMA20 + Stoch_Bull_Zone,Price_Above_SMA20 + Stoch_Bull_Zone,combo_2,120,momentum,Bullish,,,,,,,,,,,,,,,,,,0.8583,0.01561,-0.04459,0.00708,0.160573,3.786,0.00699,-0.00108,0.425,1.452,0.0727,0.004011,117.0,0.01107,0.01697,0.02354,2.915854,,,,,,,,,,,,,,,,,,0.016154,0.395817,0.8639,4.739,0.9833,8.846659,15,16.608262,0.00617,0.4139,0.0882,0,1,0.012187,0.02234,0.04251,0.05528,0.08366,1,0.8583,0.02645,-0.04938,0.015708,0.379512,5.082,0.01685,0.00592,0.45,2.054,0.0882,0.011108,117.0,0.01411,0.02937,0.03908,9.249981,0.875,0.03977,-0.07301,0.025674,0.647367,5.35,0.02609,0.01366,0.3667,2.515,0.0578,0.021444,117.0,0.02234,0.04251,0.05528,16.608262,,,,,,,,,,,,,,,,,,,,,,,,,,,,,,,,,,,,,,,,,,,,,,,,,,,,PDSL_data,,2026-09-08
Price_Above_SMA20 + Stoch_Cross_Up,Price_Above_SMA20 + Stoch_Cross_Up,combo_2,89,momentum,Bullish,,,,,,,,,,,,,,,,,,0.8652,0.01894,-0.03778,0.011293,0.289735,4.814,0.01089,0.00383,0.4157,1.457,0.0954,0.008012,86.0,0.01197,0.01746,0.02642,6.275815,,,,,,,,,,,,,,,,,,0.017088,0.427767,0.8502,4.687,0.9663,8.718164,15,12.15833,0.00846,0.412,0.0954,0,1,0.012402,0.01741,0.04234,0.0565,0.10878,0,0.8315,0.03106,-0.04856,0.017642,0.436202,4.4,0.01754,0.01096,0.4494,2.06,0.0793,0.012692,86.0,0.01376,0.02881,0.03969,8.636902,0.8539,0.03644,-0.06015,0.022329,0.557364,4.848,0.02261,0.01058,0.3708,2.523,0.0894,0.016501,86.0,0.01741,0.04234,0.0565,12.15833,,,,,,,,,,,,,,,,,,,,,,,,,,,,,,,,,,,,,,,,,,,,,,,,,,,,PDSL_data,,2026-09-08
BB_Expansion_Bull + Stoch_Bull_Zone,BB_Expansion_Bull + Stoch_Bull_Zone,combo_2,22,momentum,Bullish,,,,,,,,,,,,,,,,,,0.9545,-0.00023,-0.04403,-0.002224,-0.009578,9.458,-0.00084,-0.00572,0.5,1.615,0.3847,-0.012905,21.0,0.0228,0.02328,0.03361,-0.28404,,,,,,,,,,,,,,,,,,0.012064,0.304185,0.9242,17.549,0.9091,8.670629,15,8.936677,-0.0018,0.3939,0.3847,0,1,-0.005691,0.02586,0.03847,0.05306,0.05915,1,0.9545,0.01305,-0.02158,0.011479,0.276096,38.777,0.01291,-0.00876,0.4091,2.284,0.2821,-0.007915,21.0,0.02376,0.03378,0.0378,8.656963,0.8636,0.04637,-0.09613,0.026938,0.646037,4.412,0.02844,0.00909,0.2727,2.798,0.2611,0.003748,21.0,0.02586,0.03847,0.05306,8.936677,,,,,,,,,,,,,,,,,,,,,,,,,,,,,,,,,,,,,,,,,,,,,,,,,,,,PDSL_data,,2026-09-08
MACD_Cross_Up_Event + CMF_Positive,MACD_Cross_Up_Event + CMF_Positive,combo_2,18,momentum,Bullish,,,,,,,,,,,,,,,,,,0.7778,0.04439,-0.03666,0.026379,0.614671,5.023,0.02616,0.0076,0.2778,1.541,0.2929,0.022894,18.0,0.00898,0.01513,0.02838,9.091082,,,,,,,,,,,,,,,,,,0.028077,0.666559,0.8333,4.952,0.8889,8.639668,15,10.593266,0.01541,0.3519,0.3082,0,1,0.024545,0.02979,0.04946,0.07032,0.36923,0,0.8333,0.04809,-0.06386,0.029436,0.689554,4.661,0.02945,0.01764,0.3889,2.179,0.2656,0.025207,18.0,0.01175,0.03875,0.06079,9.462765,0.8889,0.04424,-0.09817,0.028417,0.695452,5.173,0.02973,0.02098,0.3889,2.669,0.3082,0.025533,18.0,0.02979,0.04946,0.07032,10.593266,,,,,,,,,,,,,,,,,,,,,,,,,,,,,,,,,,,,,,,,,,,,,,,,,,,,PDSL_data,,2026-09-08
Stoch_Bull_Zone + OBV_Trend_Bull,Stoch_Bull_Zone + OBV_Trend_Bull,combo_2,110,momentum,Bullish,,,,,,,,,,,,,,,,,,0.8364,0.01862,-0.04167,0.008758,0.195106,3.807,0.00877,-0.00085,0.4091,1.469,0.0755,0.007286,109.0,0.00997,0.01697,0.02218,3.497981,,,,,,,,,,,,,,,,,,0.018797,0.460633,0.8333,4.008,0.9909,8.616465,15,14.846033,0.00646,0.403,0.0755,0,1,0.016452,0.01631,0.03909,0.0654,0.28218,0,0.8364,0.03414,-0.06253,0.018325,0.44025,3.996,0.01804,0.00592,0.4273,2.077,0.0544,0.014956,109.0,0.01209,0.02376,0.0429,8.284165,0.8273,0.05099,-0.07454,0.029306,0.746542,4.223,0.03002,0.01432,0.3727,2.544,0.0564,0.027114,109.0,0.01631,0.03909,0.0654,14.846033,,,,,,,,,,,,,,,,,,,,,,,,,,,,,,,,,,,,,,,,,,,,,,,,,,,,PDSL_data,,2026-09-08
RSI_Exit_Oversold,RSI_Exit_Oversold,single,14,mean_rev,Bullish,0.9286,0.00138,-0.02089,-0.000213,0.035637,11.237,-0.0004,-0.01036,0.4286,1.221,0.3004,-0.003455,14.0,0.02462,0.02612,0.03015,0.965071,1.0,0.0106,0.0,0.010604,0.293576,,0.01107,-0.00417,0.4286,1.576,0.3281,0.003332,14.0,0.02561,0.02903,0.03297,0.795019,1.0,0.02778,0.0,0.02778,0.688886,,0.02855,0.01819,0.4286,1.865,0.3283,0.021066,14.0,0.02792,0.03215,0.038,1.865537,0.012724,0.339366,0.9762,11.237,0.9286,8.533767,7,1.865537,0.00122,0.4286,0.3283,0,1,0.006981,0.02792,0.03215,0.038,0.0531,1,,,,,,,,,,,,,,,,,,,,,,,,,,,,,,,,,,,,,,,,,,,,,,,,,,,,,,,,,,,,,,,,,,,,,,,,,,,,,,,,,,,,,,PDSL_data,,2026-09-08
MACD_Hist_Positive + OBV_Rising,MACD_Hist_Positive + OBV_Rising,combo_2,175,momentum,Bullish,,,,,,,,,,,,,,,,,,0.8057,0.02178,-0.04595,0.008624,0.255626,3.139,0.0089,-0.00169,0.4286,1.459,0.0475,0.007872,173.0,0.00704,0.01821,0.02416,4.148219,,,,,,,,,,,,,,,,,,0.015208,0.420097,0.8248,3.931,0.9714,8.29422,15,11.328886,0.00312,0.4171,0.0564,0,1,0.012348,0.0131,0.0301,0.04621,0.38342,0,0.8343,0.0277,-0.0487,0.015039,0.41678,4.927,0.01547,0.00198,0.4229,2.063,0.0564,0.012146,173.0,0.01126,0.02358,0.03689,10.617281,0.8343,0.04321,-0.08501,0.021962,0.587886,3.727,0.02188,0.00906,0.4,2.526,0.0404,0.017026,173.0,0.0131,0.0301,0.04621,11.328886,,,,,,,,,,,,,,,,,,,,,,,,,,,,,,,,,,,,,,,,,,,,,,,,,,,,PDSL_data,,2026-09-08
MACD_Bullish_State + OBV_Rising,MACD_Bullish_State + OBV_Rising,combo_2,175,momentum,Bullish,,,,,,,,,,,,,,,,,,0.8057,0.02178,-0.04595,0.008624,0.255626,3.139,0.0089,-0.00169,0.4286,1.459,0.0475,0.007872,173.0,0.00704,0.01821,0.02416,4.148219,,,,,,,,,,,,,,,,,,0.015208,0.420097,0.8248,3.931,0.9714,8.29422,15,11.328886,0.00312,0.4171,0.0564,0,1,0.012348,0.0131,0.0301,0.04621,0.38342,0,0.8343,0.0277,-0.0487,0.015039,0.41678,4.927,0.01547,0.00198,0.4229,2.063,0.0564,0.012146,173.0,0.01126,0.02358,0.03689,10.617281,0.8343,0.04321,-0.08501,0.021962,0.587886,3.727,0.02188,0.00906,0.4,2.526,0.0404,0.017026,173.0,0.0131,0.0301,0.04621,11.328886,,,,,,,,,,,,,,,,,,,,,,,,,,,,,,,,,,,,,,,,,,,,,,,,,,,,PDSL_data,,2026-09-08
RSI_Oversold + CCI_Oversold,RSI_Oversold + CCI_Oversold,combo_2,13,mean_rev,Bullish,0.9231,0.01419,-0.04537,0.009606,0.221112,6.867,0.00991,0.00888,0.4615,1.207,0.2794,0.007425,13.0,0.01461,0.01783,0.02495,4.007344,0.9231,0.01571,-0.03179,0.012055,0.32564,10.615,0.01285,0.00325,0.4615,1.558,0.3858,0.013486,13.0,0.01744,0.02297,0.03537,8.593831,0.8462,0.04037,-0.03686,0.02849,0.66344,7.817,0.02833,0.02258,0.4615,1.843,0.2842,0.026584,13.0,0.01744,0.02726,0.0421,13.686201,0.016717,0.403397,0.8974,8.433,0.9231,8.287084,7,13.686201,0.01157,0.4615,0.3858,0,1,0.015832,0.01744,0.02726,0.0421,0.26537,0,,,,,,,,,,,,,,,,,,,,,,,,,,,,,,,,,,,,,,,,,,,,,,,,,,,,,,,,,,,,,,,,,,,,,,,,,,,,,,,,,,,,,,PDSL_data,,2026-09-08
RSI_Oversold,RSI_Oversold,single,14,mean_rev,Bullish,0.9286,0.01298,-0.04515,0.008829,0.203334,6.889,0.00914,0.00397,0.5,1.191,0.2794,0.007059,14.0,0.01492,0.01822,0.02794,3.793259,0.9286,0.01484,-0.03179,0.011509,0.310075,10.744,0.01231,0.00427,0.4286,1.538,0.3801,0.01288,14.0,0.01763,0.02495,0.0386,8.39699,0.8571,0.03755,-0.03686,0.026923,0.629029,7.898,0.02676,0.0221,0.4286,1.82,0.2811,0.025066,14.0,0.01763,0.0314,0.04332,13.4533,0.015754,0.380813,0.9048,8.51,0.9286,8.149245,7,13.4533,0.01011,0.4524,0.3801,0,1,0.015002,0.01763,0.0314,0.04332,0.22754,0,,,,,,,,,,,,,,,,,,,,,,,,,,,,,,,,,,,,,,,,,,,,,,,,,,,,,,,,,,,,,,,,,,,,,,,,,,,,,,,,,,,,,,PDSL_data,,2026-09-08
Stoch_Cross_Up + OBV_Rising,Stoch_Cross_Up + OBV_Rising,combo_2,131,momentum,Bullish,,,,,,,,,,,,,,,,,,0.8385,0.0198,-0.04386,0.009516,0.206359,3.318,0.00941,-0.00023,0.4,1.498,0.0674,0.006647,127.0,0.00908,0.0173,0.02466,3.343545,,,,,,,,,,,,,,,,,,0.017943,0.435476,0.8385,3.92,0.9692,8.078756,15,15.03295,0.00638,0.4103,0.0674,0,1,0.012081,0.01747,0.04922,0.0652,0.22618,0,0.8231,0.0342,-0.0562,0.01821,0.45761,3.65,0.01803,0.00477,0.4231,2.119,0.0532,0.011954,127.0,0.01281,0.02507,0.04743,8.154527,0.8538,0.04206,-0.0671,0.026105,0.642459,4.792,0.0264,0.01461,0.4077,2.595,0.0568,0.017641,127.0,0.01747,0.04922,0.0652,15.03295,,,,,,,,,,,,,,,,,,,,,,,,,,,,,,,,,,,,,,,,,,,,,,,,,,,,PDSL_data,,2026-09-08
Golden_Cross_State + Stoch_Cross_Up,Golden_Cross_State + Stoch_Cross_Up,combo_2,99,trend,Bullish,,,,,,,,,,,,,,,,,,,,,,,,,,,,,,,,,,,,,,,,,,,,,,,,,,,,0.018978,0.400157,0.8586,4.763,0.9192,8.067836,20,13.141916,0.00092,0.3973,0.1364,0,1,0.013221,0.02373,0.04753,0.0595,0.23796,0,0.8081,0.0269,-0.05153,0.011846,0.226951,3.213,0.01456,0.00117,0.404,2.192,0.1364,0.008251,98.0,0.00977,0.028,0.03832,3.358489,,,,,,,,,,,,,,,,,,0.8788,0.03933,-0.08036,0.024824,0.514814,5.543,0.02525,0.00401,0.3535,3.1,0.0774,0.01828,98.0,0.02373,0.04753,0.0595,13.141916,0.8889,0.03536,-0.10053,0.020262,0.458707,5.532,0.02443,-0.00242,0.4343,3.796,0.1276,0.013132,98.0,0.03568,0.05872,0.0691,11.686269,,,,,,,,,,,,,,,,,,PDSL_data,,2026-09-08
MACD_Hist_Positive + VWAP_Bull,MACD_Hist_Positive + VWAP_Bull,combo_2,44,momentum,Bullish,,,,,,,,,,,,,,,,,,0.8182,0.02728,-0.05516,0.012289,0.266509,3.363,0.01199,-0.01086,0.3409,1.468,0.1453,0.010586,43.0,0.01039,0.01986,0.02683,3.411424,,,,,,,,,,,,,,,,,,0.020694,0.517616,0.8485,4.271,0.9545,8.032788,15,15.654598,-0.00298,0.3864,0.1453,0,1,0.019642,0.01541,0.03645,0.05,0.31377,0,0.8636,0.02828,-0.06368,0.01574,0.347117,5.071,0.01539,-0.00872,0.4318,2.077,0.1244,0.015684,43.0,0.01193,0.02561,0.03885,6.701228,0.8636,0.05746,-0.11422,0.034053,0.939222,4.379,0.03417,0.01063,0.3864,2.543,0.1163,0.032657,43.0,0.01541,0.03645,0.05,15.654598,,,,,,,,,,,,,,,,,,,,,,,,,,,,,,,,,,,,,,,,,,,,,,,,,,,,PDSL_data,,2026-09-08
MACD_Bullish_State + VWAP_Bull,MACD_Bullish_State + VWAP_Bull,combo_2,44,momentum,Bullish,,,,,,,,,,,,,,,,,,0.8182,0.02728,-0.05516,0.012289,0.266509,3.363,0.01199,-0.01086,0.3409,1.468,0.1453,0.010586,43.0,0.01039,0.01986,0.02683,3.411424,,,,,,,,,,,,,,,,,,0.020694,0.517616,0.8485,4.271,0.9545,8.032788,15,15.654598,-0.00298,0.3864,0.1453,0,1,0.019642,0.01541,0.03645,0.05,0.31377,0,0.8636,0.02828,-0.06368,0.01574,0.347117,5.071,0.01539,-0.00872,0.4318,2.077,0.1244,0.015684,43.0,0.01193,0.02561,0.03885,6.701228,0.8636,0.05746,-0.11422,0.034053,0.939222,4.379,0.03417,0.01063,0.3864,2.543,0.1163,0.032657,43.0,0.01541,0.03645,0.05,15.654598,,,,,,,,,,,,,,,,,,,,,,,,,,,,,,,,,,,,,,,,,,,,,,,,,,,,PDSL_data,,2026-09-08
EMA_Bullish_State + Stoch_Cross_Up,EMA_Bullish_State + Stoch_Cross_Up,combo_2,94,momentum,Bullish,,,,,,,,,,,,,,,,,,0.8511,0.02154,-0.03818,0.012644,0.280594,4.607,0.01246,0.00679,0.4787,1.55,0.0831,0.008799,93.0,0.0124,0.02315,0.03145,5.887386,,,,,,,,,,,,,,,,,,0.017797,0.397675,0.8475,4.515,0.9681,7.915932,15,9.641904,0.00771,0.4397,0.0831,0,1,0.01148,0.01776,0.04733,0.06162,0.18518,0,0.8298,0.03428,-0.04969,0.019986,0.446292,4.396,0.01966,0.00626,0.4362,2.192,0.0712,0.012877,93.0,0.01454,0.03351,0.04866,8.934234,0.8617,0.03565,-0.07202,0.02076,0.466138,4.542,0.02107,0.01006,0.4043,2.685,0.0797,0.012763,93.0,0.01776,0.04733,0.06162,9.641904,,,,,,,,,,,,,,,,,,,,,,,,,,,,,,,,,,,,,,,,,,,,,,,,,,,,PDSL_data,,2026-09-08
Price_Above_SMA50 + MACD_Zero_Cross_Up,Price_Above_SMA50 + MACD_Zero_Cross_Up,combo_2,19,trend,Bullish,,,,,,,,,,,,,,,,,,,,,,,,,,,,,,,,,,,,,,,,,,,,,,,,,,,,0.028761,0.846317,0.7719,3.434,0.8947,7.789446,30,30.513834,0.02231,0.4561,0.3513,0,1,0.023831,0.02515,0.05592,0.08183,0.72711,0,0.7368,0.03673,-0.06319,0.010437,0.326992,2.064,0.01184,0.00314,0.4211,1.996,0.2853,0.0097,19.0,0.00393,0.00895,0.02433,2.021618,,,,,,,,,,,,,,,,,,0.7368,0.04609,-0.07238,0.014915,0.463478,2.412,0.01609,0.0002,0.4211,2.823,0.2912,0.011352,19.0,0.00801,0.0192,0.04716,3.349164,0.8421,0.09019,-0.09512,0.06093,1.748481,5.825,0.06686,0.06358,0.5263,3.458,0.3513,0.050443,19.0,0.02515,0.05592,0.08183,30.513834,,,,,,,,,,,,,,,,,,PDSL_data,,2026-09-08
Stoch_Cross_Up + OBV_Trend_Bull,Stoch_Cross_Up + OBV_Trend_Bull,combo_2,93,momentum,Bullish,,,,,,,,,,,,,,,,,,0.828,0.01744,-0.0463,0.006469,0.158474,2.969,0.00603,-0.00497,0.4194,1.473,0.0947,0.005378,92.0,0.00962,0.01674,0.0201,2.137739,,,,,,,,,,,,,,,,,,0.019346,0.485218,0.8065,3.476,0.957,7.332543,15,14.242313,0.00501,0.4086,0.0947,0,1,0.016817,0.01314,0.03087,0.06603,0.3891,0,0.7849,0.04374,-0.06018,0.021391,0.534972,3.345,0.02088,0.00902,0.4409,2.083,0.0632,0.018239,92.0,0.01099,0.01814,0.03717,8.130488,0.8065,0.05331,-0.06621,0.030178,0.762208,4.113,0.03049,0.01098,0.3656,2.552,0.0693,0.026834,92.0,0.01314,0.03087,0.06603,14.242313,,,,,,,,,,,,,,,,,,,,,,,,,,,,,,,,,,,,,,,,,,,,,,,,,,,,PDSL_data,,2026-09-08
CMF_Strong_Bull + OBV_Trend_Bull,CMF_Strong_Bull + OBV_Trend_Bull,combo_2,23,momentum,Bullish,,,,,,,,,,,,,,,,,,0.913,0.01058,-0.01937,0.007972,0.267871,12.416,0.0076,0.00068,0.3478,1.413,0.2118,0.005799,23.0,0.01989,0.02553,0.03298,8.513076,,,,,,,,,,,,,,,,,,0.009805,0.360445,0.8841,6.975,0.913,7.295489,5,8.513076,-0.00145,0.4058,0.3674,0,1,0.007092,0.01989,0.02553,0.03298,0.15912,0,0.913,0.01744,-0.07302,0.009578,0.339808,4.702,0.00994,0.00378,0.4348,1.998,0.2378,0.006412,23.0,0.0202,0.02948,0.0391,5.077889,0.8261,0.02749,-0.06236,0.011866,0.473657,3.808,0.01484,-0.0088,0.4348,2.447,0.3674,0.009067,23.0,0.02113,0.03521,0.04409,5.732512,,,,,,,,,,,,,,,,,,,,,,,,,,,,,,,,,,,,,,,,,,,,,,,,,,,,PDSL_data,,2026-09-08
MACD_Hist_Rising + Stoch_Cross_Up,MACD_Hist_Rising + Stoch_Cross_Up,combo_2,115,momentum,Bullish,,,,,,,,,,,,,,,,,,0.8174,0.01976,-0.03605,0.009571,0.212236,3.505,0.01042,0.00218,0.3913,1.49,0.076,0.009055,113.0,0.00894,0.01741,0.02384,3.536634,,,,,,,,,,,,,,,,,,0.016355,0.398179,0.8348,3.95,0.9652,7.217087,15,11.414792,0.00844,0.4203,0.076,0,1,0.012714,0.01721,0.04546,0.05814,0.26337,0,0.8348,0.03129,-0.05347,0.017285,0.436161,3.949,0.01742,0.0092,0.4522,2.107,0.0618,0.013458,113.0,0.00949,0.02507,0.041,8.18703,0.8522,0.03792,-0.06839,0.022208,0.546139,4.397,0.02269,0.01394,0.4174,2.581,0.0676,0.015627,113.0,0.01721,0.04546,0.05814,11.414792,,,,,,,,,,,,,,,,,,,,,,,,,,,,,,,,,,,,,,,,,,,,,,,,,,,,PDSL_data,,2026-09-08
EMA_Bullish_State + Stoch_Oversold,EMA_Bullish_State + Stoch_Oversold,combo_2,41,momentum,Bullish,,,,,,,,,,,,,,,,,,0.878,0.02751,-0.05166,0.017854,0.324027,4.75,0.01796,0.02118,0.5366,1.648,0.1106,0.012573,40.0,0.01203,0.0202,0.03345,5.752643,,,,,,,,,,,,,,,,,,0.017027,0.3165,0.8862,6.038,0.9756,6.96843,15,8.642852,0.01392,0.4959,0.1412,0,1,0.009579,0.033,0.04098,0.0713,0.13209,0,0.878,0.0261,-0.04386,0.017567,0.331747,5.491,0.01805,0.01959,0.5122,2.33,0.1312,0.007257,40.0,0.01975,0.02627,0.04119,6.808872,0.9024,0.02252,-0.04779,0.015659,0.293726,7.873,0.01557,0.00101,0.439,2.854,0.1412,0.008907,40.0,0.033,0.04098,0.0713,8.642852,,,,,,,,,,,,,,,,,,,,,,,,,,,,,,,,,,,,,,,,,,,,,,,,,,,,PDSL_data,,2026-09-08
EMA_Bullish_State + CMF_Strong_Bull,EMA_Bullish_State + CMF_Strong_Bull,combo_2,24,momentum,Bullish,,,,,,,,,,,,,,,,,,0.9167,0.00441,-0.02108,0.002289,0.164856,9.16,0.00226,-0.00279,0.4167,1.474,0.2482,-0.001168,24.0,0.01979,0.02305,0.02814,4.860646,,,,,,,,,,,,,,,,,,0.009075,0.367256,0.8889,6.39,0.9167,6.924742,10,10.218778,0.00011,0.4306,0.3709,0,1,0.003846,0.02063,0.03006,0.04068,0.13819,0,0.9167,0.01919,-0.05636,0.012893,0.465027,6.827,0.01303,0.00835,0.4583,2.085,0.2125,0.00752,24.0,0.02063,0.03006,0.04068,10.218778,0.8333,0.02899,-0.0727,0.012044,0.471883,3.184,0.01519,-0.00522,0.4167,2.554,0.3709,0.005185,24.0,0.02203,0.03721,0.05036,4.836703,,,,,,,,,,,,,,,,,,,,,,,,,,,,,,,,,,,,,,,,,,,,,,,,,,,,PDSL_data,,2026-09-08
EMA_Bullish_State + CDL_Harami_Bull,EMA_Bullish_State + CDL_Harami_Bull,combo_2,45,momentum,Bullish,,,,,,,,,,,,,,,,,,0.9333,0.01833,-0.0551,0.013432,0.350304,6.618,0.01215,0.01084,0.4444,1.439,0.0983,0.011785,45.0,0.01847,0.02474,0.03846,8.876645,,,,,,,,,,,,,,,,,,0.01405,0.37827,0.8963,5.084,0.9333,6.871538,5,8.876645,0.01129,0.4741,0.145,0,1,0.012609,0.01847,0.02474,0.03846,0.01802,1,0.8889,0.0225,-0.07618,0.011535,0.329324,4.162,0.01152,0.01298,0.5333,2.035,0.1308,0.010269,45.0,0.01847,0.04007,0.05244,5.248073,0.8667,0.03076,-0.07106,0.017182,0.455183,4.47,0.01691,0.01004,0.4444,2.492,0.145,0.015774,45.0,0.01935,0.0481,0.07285,7.789982,,,,,,,,,,,,,,,,,,,,,,,,,,,,,,,,,,,,,,,,,,,,,,,,,,,,PDSL_data,,2026-09-08
OBV_Rising + VWAP_Bull,OBV_Rising + VWAP_Bull,combo_2,268,momentum,Bullish,,,,,,,,,,,,,,,,,,0.8346,0.01938,-0.04818,0.0082,0.209352,3.12,0.00875,0.00084,0.4474,1.489,0.0345,0.005188,265.0,0.0093,0.01838,0.02548,3.654735,,,,,,,,,,,,,,,,,,0.014237,0.340913,0.8358,3.579,0.9962,6.799915,15,9.985386,0.00507,0.4424,0.0412,0,1,0.00959,0.01519,0.03306,0.04787,0.15291,0,0.8346,0.02824,-0.05507,0.014461,0.33071,3.918,0.01474,0.00457,0.4511,2.105,0.0412,0.009858,265.0,0.01249,0.0248,0.03964,7.248998,0.8383,0.03882,-0.07728,0.02005,0.482677,3.698,0.02019,0.00979,0.4286,2.578,0.03,0.013724,265.0,0.01519,0.03306,0.04787,9.985386,,,,,,,,,,,,,,,,,,,,,,,,,,,,,,,,,,,,,,,,,,,,,,,,,,,,PDSL_data,,2026-09-08
CMF_Positive + Williams_Oversold,CMF_Positive + Williams_Oversold,combo_2,24,momentum,Bullish,,,,,,,,,,,,,,,,,,0.9583,0.00397,-0.03049,0.002531,0.048886,19.235,0.00338,-0.0075,0.4583,1.67,0.2586,0.010159,24.0,0.01813,0.02086,0.02264,1.573565,,,,,,,,,,,,,,,,,,0.012665,0.229885,0.9028,10.162,0.9167,6.783056,15,6.02343,0.00168,0.4444,0.2586,0,1,0.015214,0.02708,0.05209,0.05703,0.04157,1,0.875,0.02385,-0.04255,0.015547,0.281924,6.036,0.01533,0.00723,0.4583,2.362,0.2048,0.017882,24.0,0.0206,0.02264,0.03375,5.477367,0.875,0.03234,-0.06706,0.019916,0.358844,5.215,0.02013,0.00532,0.4167,2.893,0.1851,0.0176,24.0,0.02708,0.05209,0.05703,6.02343,,,,,,,,,,,,,,,,,,,,,,,,,,,,,,,,,,,,,,,,,,,,,,,,,,,,PDSL_data,,2026-09-08
Stoch_Bull_Zone + VWAP_Bull,Stoch_Bull_Zone + VWAP_Bull,combo_2,133,momentum,Bullish,,,,,,,,,,,,,,,,,,0.8333,0.02172,-0.04038,0.01137,0.263631,3.831,0.01108,0.00351,0.4394,1.516,0.061,0.007679,129.0,0.00929,0.01719,0.02818,4.946757,,,,,,,,,,,,,,,,,,0.016242,0.366515,0.8359,3.866,0.9773,6.782812,15,10.013728,0.00607,0.4217,0.0813,0,1,0.01066,0.01226,0.042,0.05537,0.27958,0,0.8258,0.0312,-0.0577,0.015712,0.351761,3.545,0.01671,0.00528,0.4242,2.145,0.0813,0.008889,129.0,0.00989,0.02768,0.0414,6.10759,0.8485,0.03804,-0.07017,0.021644,0.484152,4.223,0.02189,0.00942,0.4015,2.626,0.0624,0.015411,129.0,0.01226,0.042,0.05537,10.013728,,,,,,,,,,,,,,,,,,,,,,,,,,,,,,,,,,,,,,,,,,,,,,,,,,,,PDSL_data,,2026-09-08
Price_Above_SMA20 + OBV_Rising,Price_Above_SMA20 + OBV_Rising,combo_2,220,momentum,Bullish,,,,,,,,,,,,,,,,,,0.8182,0.02003,-0.05012,0.007274,0.189556,2.761,0.00746,0.00024,0.4455,1.463,0.0404,0.005406,218.0,0.00913,0.01663,0.02375,2.824738,,,,,,,,,,,,,,,,,,0.013342,0.362124,0.8273,3.429,0.9773,6.551532,15,10.80306,0.00637,0.4439,0.0487,0,1,0.010294,0.01481,0.03435,0.04906,0.29734,0,0.8227,0.02727,-0.05268,0.013095,0.360505,3.796,0.01384,0.00675,0.45,2.07,0.0487,0.010515,218.0,0.01214,0.02395,0.04146,7.387817,0.8409,0.03861,-0.08053,0.019656,0.53631,3.732,0.01995,0.01212,0.4364,2.535,0.0326,0.014962,218.0,0.01481,0.03435,0.04906,10.80306,,,,,,,,,,,,,,,,,,,,,,,,,,,,,,,,,,,,,,,,,,,,,,,,,,,,PDSL_data,,2026-09-08
Stoch_Bull_Zone + OBV_Rising,Stoch_Bull_Zone + OBV_Rising,combo_2,211,momentum,Bullish,,,,,,,,,,,,,,,,,,0.8429,0.01707,-0.04219,0.007762,0.180033,3.494,0.00795,0.0004,0.4429,1.472,0.0431,0.004231,207.0,0.0103,0.01759,0.02449,3.369593,,,,,,,,,,,,,,,,,,0.01391,0.337975,0.8413,3.575,0.9952,6.441405,15,9.501848,0.00553,0.4349,0.0545,0,1,0.009737,0.01551,0.04103,0.05828,0.11388,0,0.8381,0.02672,-0.0558,0.013362,0.330651,3.706,0.01426,0.00258,0.4333,2.081,0.0545,0.009513,207.0,0.01284,0.02577,0.04147,6.564143,0.8429,0.04001,-0.0835,0.020605,0.503241,3.525,0.02108,0.0136,0.4286,2.549,0.0378,0.015467,207.0,0.01551,0.04103,0.05828,9.501848,,,,,,,,,,,,,,,,,,,,,,,,,,,,,,,,,,,,,,,,,,,,,,,,,,,,PDSL_data,,2026-09-08
Golden_Cross_State + CCI_Oversold,Golden_Cross_State + CCI_Oversold,combo_2,39,trend,Bullish,,,,,,,,,,,,,,,,,,,,,,,,,,,,,,,,,,,,,,,,,,,,,,,,,,,,0.018414,0.394359,0.8547,4.753,0.9231,6.382494,30,6.173261,0.01635,0.4444,0.2055,0,1,0.011768,0.02768,0.04495,0.06599,0.15866,0,0.8974,0.016,-0.03945,0.010315,0.199946,7.889,0.01119,-0.005,0.3846,2.228,0.1641,0.009252,39.0,0.02071,0.027,0.03099,5.818935,,,,,,,,,,,,,,,,,,0.8462,0.04014,-0.08887,0.020291,0.409785,3.451,0.02174,0.00581,0.4103,3.151,0.1837,0.015066,39.0,0.0261,0.03632,0.04788,5.216546,0.8205,0.05498,-0.11409,0.024637,0.573346,2.919,0.03069,0.04824,0.5385,3.859,0.2055,0.010985,39.0,0.02768,0.04495,0.06599,6.173261,,,,,,,,,,,,,,,,,,PDSL_data,,2026-09-08
Stoch_Cross_Up + CMF_Positive,Stoch_Cross_Up + CMF_Positive,combo_2,57,momentum,Bullish,,,,,,,,,,,,,,,,,,0.8596,0.01566,-0.05615,0.005578,0.193662,2.908,0.00584,0.00218,0.4561,1.535,0.1559,0.002179,56.0,0.01103,0.01783,0.03249,2.286711,,,,,,,,,,,,,,,,,,0.017109,0.427312,0.8421,3.732,0.9649,6.247716,10,9.478169,0.00751,0.4327,0.1559,0,1,0.007905,0.01261,0.03278,0.05564,0.21787,0,0.8246,0.03808,-0.05227,0.022232,0.534656,4.366,0.02166,0.01599,0.4561,2.17,0.1078,0.012811,56.0,0.01261,0.03278,0.05564,9.478169,0.8421,0.04225,-0.0764,0.023517,0.553618,3.921,0.02348,0.00436,0.386,2.658,0.1264,0.008726,56.0,0.01508,0.03996,0.05896,8.815025,,,,,,,,,,,,,,,,,,,,,,,,,,,,,,,,,,,,,,,,,,,,,,,,,,,,PDSL_data,,2026-09-08
MACD_Hist_Rising + CCI_Oversold,MACD_Hist_Rising + CCI_Oversold,combo_2,50,momentum,Bullish,,,,,,,,,,,,,,,,,,0.86,0.01392,-0.03684,0.006814,0.225109,4.492,0.00816,-0.00068,0.44,1.534,0.1642,0.006421,50.0,0.01359,0.01951,0.02383,3.976175,,,,,,,,,,,,,,,,,,0.016206,0.421272,0.8267,3.999,0.94,6.226039,10,8.335574,0.0013,0.4333,0.1642,0,1,0.013389,0.01533,0.02481,0.03225,0.24011,0,0.82,0.03629,-0.05452,0.019942,0.518154,4.091,0.02069,-0.00194,0.4,2.169,0.1417,0.015885,50.0,0.01533,0.02481,0.03225,8.335574,0.8,0.04493,-0.0704,0.021863,0.520555,3.412,0.02247,0.00652,0.46,2.657,0.1247,0.01786,50.0,0.01628,0.02671,0.04385,6.984285,,,,,,,,,,,,,,,,,,,,,,,,,,,,,,,,,,,,,,,,,,,,,,,,,,,,PDSL_data,,2026-09-08
RSI_Bull_Momentum + Stoch_Bull_Zone,RSI_Bull_Momentum + Stoch_Bull_Zone,combo_2,106,momentum,Bullish,,,,,,,,,,,,,,,,,,0.8491,0.01437,-0.03934,0.006266,0.141982,3.869,0.00731,0.00294,0.4906,1.483,0.1088,0.005279,106.0,0.01045,0.017,0.02534,2.566833,,,,,,,,,,,,,,,,,,0.015649,0.368681,0.8333,3.683,0.9717,6.16493,15,11.842644,0.00806,0.4434,0.1088,0,1,0.014015,0.01677,0.04268,0.06263,0.17907,0,0.8208,0.02988,-0.06257,0.013313,0.323867,3.22,0.01399,0.00683,0.4434,2.098,0.075,0.012212,106.0,0.01285,0.02902,0.04443,4.87381,0.8302,0.04903,-0.07856,0.027367,0.640192,3.959,0.02743,0.0144,0.3962,2.569,0.0609,0.024554,106.0,0.01677,0.04268,0.06263,11.842644,,,,,,,,,,,,,,,,,,,,,,,,,,,,,,,,,,,,,,,,,,,,,,,,,,,,PDSL_data,,2026-09-08
RSI_Bull_Momentum + OBV_Trend_Bull,RSI_Bull_Momentum + OBV_Trend_Bull,combo_2,86,momentum,Bullish,,,,,,,,,,,,,,,,,,0.8605,0.01476,-0.0428,0.006727,0.163825,3.846,0.00817,0.00566,0.4884,1.514,0.1336,0.004717,84.0,0.01116,0.02071,0.03267,2.81365,,,,,,,,,,,,,,,,,,0.014352,0.329702,0.8605,4.163,1.0,6.12989,15,13.969779,0.01102,0.4767,0.1336,0,1,0.013676,0.0197,0.04645,0.0655,0.1397,0,0.8605,0.01972,-0.06306,0.008173,0.199188,3.647,0.00959,0.00832,0.5,2.142,0.1023,0.009116,84.0,0.01504,0.03452,0.04904,3.244637,0.8605,0.04602,-0.08198,0.028155,0.626092,4.996,0.02857,0.01908,0.4419,2.623,0.0764,0.027194,84.0,0.0197,0.04645,0.0655,13.969779,,,,,,,,,,,,,,,,,,,,,,,,,,,,,,,,,,,,,,,,,,,,,,,,,,,,PDSL_data,,2026-09-08
Price_Above_EMA200 + MACD_Hist_Positive,Price_Above_EMA200 + MACD_Hist_Positive,combo_2,36,trend,Bullish,,,,,,,,,,,,,,,,,,,,,,,,,,,,,,,,,,,,,,,,,,,,,,,,,,,,0.012035,0.293753,0.8796,5.893,0.9722,6.076738,10,12.297957,8e-05,0.4815,0.3056,0,1,0.017711,0.01628,0.0334,0.04328,0.2157,0,0.8889,0.0229,-0.04023,0.015881,0.349338,9.749,0.01564,-0.00441,0.4444,2.117,0.1528,0.021268,34.0,0.01628,0.0334,0.04328,12.297957,,,,,,,,,,,,,,,,,,0.8611,0.02844,-0.12265,0.007456,0.224813,2.656,0.00852,0.01667,0.5556,2.993,0.1581,0.013414,34.0,0.02157,0.0421,0.05346,2.155795,0.8889,0.02583,-0.09175,0.012768,0.307108,5.273,0.01898,-0.01201,0.4444,3.666,0.3056,0.01845,34.0,0.02828,0.04522,0.05724,5.847312,,,,,,,,,,,,,,,,,,PDSL_data,,2026-09-08
Price_Above_EMA200 + MACD_Bullish_State,Price_Above_EMA200 + MACD_Bullish_State,combo_2,36,trend,Bullish,,,,,,,,,,,,,,,,,,,,,,,,,,,,,,,,,,,,,,,,,,,,,,,,,,,,0.012035,0.293753,0.8796,5.893,0.9722,6.076738,10,12.297957,8e-05,0.4815,0.3056,0,1,0.017711,0.01628,0.0334,0.04328,0.2157,0,0.8889,0.0229,-0.04023,0.015881,0.349338,9.749,0.01564,-0.00441,0.4444,2.117,0.1528,0.021268,34.0,0.01628,0.0334,0.04328,12.297957,,,,,,,,,,,,,,,,,,0.8611,0.02844,-0.12265,0.007456,0.224813,2.656,0.00852,0.01667,0.5556,2.993,0.1581,0.013414,34.0,0.02157,0.0421,0.05346,2.155795,0.8889,0.02583,-0.09175,0.012768,0.307108,5.273,0.01898,-0.01201,0.4444,3.666,0.3056,0.01845,34.0,0.02828,0.04522,0.05724,5.847312,,,,,,,,,,,,,,,,,,PDSL_data,,2026-09-08
Price_Above_SMA20 + Stoch_Oversold,Price_Above_SMA20 + Stoch_Oversold,combo_2,16,momentum,Bullish,,,,,,,,,,,,,,,,,,0.8125,0.02035,-0.04443,0.008203,0.14305,2.221,0.00833,0.00673,0.5,1.62,0.2236,0.002534,16.0,0.01252,0.01978,0.03205,0.900271,,,,,,,,,,,,,,,,,,0.018812,0.367262,0.8542,6.091,0.9375,5.942199,15,20.01873,0.01622,0.5208,0.2789,0,1,0.011089,0.02925,0.04525,0.07124,0.44168,0,0.875,0.02117,-0.04136,0.013357,0.252162,5.134,0.01372,0.01976,0.625,2.291,0.2554,0.005409,16.0,0.0219,0.03815,0.04482,3.668047,0.875,0.04439,-0.03171,0.034876,0.706573,10.919,0.03587,0.02217,0.4375,2.806,0.2789,0.025322,16.0,0.02925,0.04525,0.07124,20.01873,,,,,,,,,,,,,,,,,,,,,,,,,,,,,,,,,,,,,,,,,,,,,,,,,,,,PDSL_data,,2026-09-08
MACD_Hist_Rising + Stoch_Bull_Zone,MACD_Hist_Rising + Stoch_Bull_Zone,combo_2,159,momentum,Bullish,,,,,,,,,,,,,,,,,,0.8176,0.01908,-0.03835,0.008607,0.197658,3.49,0.00896,-0.00047,0.4025,1.48,0.054,0.007024,157.0,0.0091,0.01658,0.02313,3.501086,,,,,,,,,,,,,,,,,,0.014192,0.338891,0.8239,3.516,0.9811,5.933637,15,8.744745,0.00316,0.4109,0.0683,0,1,0.010717,0.01207,0.03439,0.05482,0.40352,0,0.8176,0.02929,-0.05604,0.013726,0.344556,3.427,0.01509,0.00117,0.4214,2.093,0.0683,0.011391,157.0,0.0093,0.02432,0.03695,5.992948,0.8365,0.0395,-0.07827,0.020245,0.47446,3.632,0.0207,0.00879,0.4088,2.564,0.0497,0.013735,157.0,0.01207,0.03439,0.05482,8.744745,,,,,,,,,,,,,,,,,,,,,,,,,,,,,,,,,,,,,,,,,,,,,,,,,,,,PDSL_data,,2026-09-08
OBV_Rising,OBV_Rising,single,344,momentum,Bullish,,,,,,,,,,,,,,,,,,0.8216,0.01831,-0.04531,0.006959,0.181253,2.951,0.00749,-0.00027,0.4474,1.477,0.0279,0.004404,341.0,0.00912,0.01676,0.02387,3.125563,,,,,,,,,,,,,,,,,,0.011882,0.302726,0.8255,3.253,0.9912,5.704196,15,8.08901,0.00423,0.4474,0.0326,0,1,0.008081,0.01344,0.03103,0.05069,0.30378,0,0.8246,0.02698,-0.0562,0.012389,0.306309,3.517,0.01313,0.00457,0.4415,2.089,0.0326,0.008627,341.0,0.01169,0.02364,0.03867,6.295574,0.8304,0.03588,-0.07958,0.016297,0.420616,3.291,0.01692,0.00839,0.4532,2.559,0.0241,0.011211,341.0,0.01344,0.03103,0.05069,8.08901,,,,,,,,,,,,,,,,,,,,,,,,,,,,,,,,,,,,,,,,,,,,,,,,,,,,PDSL_data,,2026-09-08
MACD_Hist_Positive + CMF_Positive,MACD_Hist_Positive + CMF_Positive,combo_2,46,momentum,Bullish,,,,,,,,,,,,,,,,,,0.7174,0.02911,-0.04154,0.009142,0.297671,2.508,0.00901,-0.00328,0.4348,1.461,0.1592,0.006892,46.0,0.00429,0.00918,0.0173,2.874061,,,,,,,,,,,,,,,,,,0.016793,0.502981,0.7681,3.188,0.913,5.636011,15,9.215344,0.00754,0.4275,0.1671,0,1,0.011254,0.00551,0.03034,0.04875,0.73114,0,0.7826,0.03994,-0.0559,0.019103,0.577796,3.276,0.01963,0.0152,0.4348,2.065,0.1291,0.014366,46.0,0.00443,0.0141,0.04334,7.28873,0.8043,0.04336,-0.06513,0.022134,0.633478,3.778,0.02264,0.01069,0.413,2.53,0.1671,0.012506,46.0,0.00551,0.03034,0.04875,9.215344,,,,,,,,,,,,,,,,,,,,,,,,,,,,,,,,,,,,,,,,,,,,,,,,,,,,PDSL_data,,2026-09-08
MACD_Bullish_State + CMF_Positive,MACD_Bullish_State + CMF_Positive,combo_2,46,momentum,Bullish,,,,,,,,,,,,,,,,,,0.7174,0.02911,-0.04154,0.009142,0.297671,2.508,0.00901,-0.00328,0.4348,1.461,0.1592,0.006892,46.0,0.00429,0.00918,0.0173,2.874061,,,,,,,,,,,,,,,,,,0.016793,0.502981,0.7681,3.188,0.913,5.636011,15,9.215344,0.00754,0.4275,0.1671,0,1,0.011254,0.00551,0.03034,0.04875,0.73114,0,0.7826,0.03994,-0.0559,0.019103,0.577796,3.276,0.01963,0.0152,0.4348,2.065,0.1291,0.014366,46.0,0.00443,0.0141,0.04334,7.28873,0.8043,0.04336,-0.06513,0.022134,0.633478,3.778,0.02264,0.01069,0.413,2.53,0.1671,0.012506,46.0,0.00551,0.03034,0.04875,9.215344,,,,,,,,,,,,,,,,,,,,,,,,,,,,,,,,,,,,,,,,,,,,,,,,,,,,PDSL_data,,2026-09-08
EMA_Bullish_State + OBV_Rising,EMA_Bullish_State + OBV_Rising,combo_2,198,momentum,Bullish,,,,,,,,,,,,,,,,,,0.8434,0.01716,-0.0465,0.007197,0.179733,3.352,0.00793,5e-05,0.4394,1.511,0.0452,0.004104,198.0,0.00994,0.01963,0.02699,3.188674,,,,,,,,,,,,,,,,,,0.011851,0.289049,0.8434,3.711,0.9899,5.62096,15,7.43693,0.00474,0.4478,0.0452,0,1,0.007299,0.01776,0.03499,0.05056,0.11866,0,0.8384,0.02461,-0.05099,0.012391,0.307601,4.083,0.0133,0.00667,0.4545,2.136,0.0411,0.008484,198.0,0.01215,0.0248,0.0416,6.648113,0.8485,0.03279,-0.07825,0.015963,0.379814,3.699,0.016,0.00749,0.4495,2.616,0.0396,0.00931,198.0,0.01776,0.03499,0.05056,7.43693,,,,,,,,,,,,,,,,,,,,,,,,,,,,,,,,,,,,,,,,,,,,,,,,,,,,PDSL_data,,2026-09-08
MACD_Hist_Rising + CMF_Strong_Bull,MACD_Hist_Rising + CMF_Strong_Bull,combo_2,43,momentum,Bullish,,,,,,,,,,,,,,,,,,0.814,0.0202,-0.0417,0.008687,0.270554,3.662,0.00835,-0.01301,0.3721,1.501,0.174,0.008094,43.0,0.00749,0.02084,0.02974,3.74953,,,,,,,,,,,,,,,,,,0.01635,0.44467,0.8217,3.391,0.9767,5.574197,10,6.745761,0.00138,0.4264,0.174,0,1,0.014804,0.00825,0.02833,0.0414,0.49881,0,0.8372,0.03242,-0.07059,0.015651,0.501855,3.552,0.01681,0.01744,0.5116,2.122,0.1532,0.014571,43.0,0.00825,0.02833,0.0414,6.745761,0.814,0.05418,-0.10419,0.024711,0.561601,2.96,0.02513,-0.00028,0.3953,2.599,0.1519,0.021746,43.0,0.00825,0.04121,0.04885,6.290932,,,,,,,,,,,,,,,,,,,,,,,,,,,,,,,,,,,,,,,,,,,,,,,,,,,,PDSL_data,,2026-09-08
Stoch_Cross_Up + Stoch_Bull_Zone,Stoch_Cross_Up + Stoch_Bull_Zone,combo_2,147,momentum,Bullish,,,,,,,,,,,,,,,,,,0.8219,0.02007,-0.04059,0.009264,0.195662,3.261,0.0093,0.00268,0.4315,1.517,0.0592,0.006018,143.0,0.00914,0.01685,0.02441,3.188971,,,,,,,,,,,,,,,,,,0.01406,0.32569,0.8265,3.394,0.9863,5.448798,15,8.474883,0.00664,0.4315,0.0592,0,1,0.008639,0.01352,0.04183,0.058,0.40553,0,0.8219,0.02935,-0.05804,0.013784,0.323476,3.218,0.014,0.0078,0.4384,2.145,0.049,0.007906,143.0,0.01039,0.02499,0.04077,5.202113,0.8356,0.03644,-0.06882,0.019134,0.457931,3.703,0.01995,0.00942,0.4247,2.627,0.0559,0.011994,143.0,0.01352,0.04183,0.058,8.474883,,,,,,,,,,,,,,,,,,,,,,,,,,,,,,,,,,,,,,,,,,,,,,,,,,,,PDSL_data,,2026-09-08
Williams_Oversold,Williams_Oversold,single,89,mean_rev,Bullish,0.8427,0.01682,-0.03012,0.009439,0.169363,4.144,0.00948,0.00383,0.4382,1.22,0.0578,0.007353,89.0,0.00962,0.01569,0.02103,3.158331,0.8876,0.01794,-0.03862,0.011582,0.208239,6.137,0.01138,0.00462,0.427,1.574,0.0717,0.008992,89.0,0.01272,0.01974,0.02357,5.750964,0.8876,0.02009,-0.03865,0.01349,0.303069,6.428,0.01522,0.00758,0.4607,1.863,0.1083,0.0097,89.0,0.01815,0.02264,0.03373,8.766383,0.011504,0.22689,0.8727,5.57,0.9551,5.431106,7,8.766383,0.00534,0.4419,0.1083,0,1,0.008682,0.01815,0.02264,0.03373,0.03435,1,,,,,,,,,,,,,,,,,,,,,,,,,,,,,,,,,,,,,,,,,,,,,,,,,,,,,,,,,,,,,,,,,,,,,,,,,,,,,,,,,,,,,,PDSL_data,,2026-09-08
BB_Expansion_Bull + OBV_Trend_Bull,BB_Expansion_Bull + OBV_Trend_Bull,combo_2,17,momentum,Bullish,,,,,,,,,,,,,,,,,,0.7647,0.01934,-0.06705,-0.000986,0.13654,1.602,-0.00021,-0.02242,0.4118,1.431,0.2849,0.00264,17.0,0.00645,0.01252,0.02953,0.63225,,,,,,,,,,,,,,,,,,0.018204,0.704201,0.7647,2.573,1.0,5.236346,15,12.255649,-0.00524,0.4314,0.3046,0,1,0.016065,0.00645,0.01333,0.03528,0.79452,0,0.7647,0.04999,-0.08046,0.019298,0.704089,2.782,0.01984,-0.00438,0.4706,2.023,0.218,0.01637,17.0,0.00645,0.01333,0.03528,5.662244,0.7647,0.07519,-0.09008,0.036301,1.271975,3.334,0.03836,0.01108,0.4118,2.478,0.3046,0.029185,17.0,0.00645,0.01333,0.03528,12.255649,,,,,,,,,,,,,,,,,,,,,,,,,,,,,,,,,,,,,,,,,,,,,,,,,,,,PDSL_data,,2026-09-08
OBV_Rising + CCI_Oversold,OBV_Rising + CCI_Oversold,combo_2,58,momentum,Bullish,,,,,,,,,,,,,,,,,,0.8966,0.01116,-0.04396,0.005461,0.148258,5.077,0.00653,-0.00297,0.4138,1.53,0.1459,0.00397,58.0,0.01459,0.02121,0.02517,3.069224,,,,,,,,,,,,,,,,,,0.012502,0.288146,0.8621,4.695,0.9483,5.230924,10,7.205383,-0.00304,0.408,0.1459,0,1,0.008372,0.01459,0.02335,0.03427,0.05556,1,0.8448,0.02862,-0.05036,0.016366,0.382979,4.614,0.0171,-0.00194,0.3793,2.164,0.1349,0.010932,58.0,0.01459,0.02335,0.03427,7.205383,0.8448,0.03025,-0.06366,0.015678,0.333202,4.394,0.01597,-0.0042,0.431,2.651,0.119,0.010215,58.0,0.02091,0.02793,0.04774,5.969561,,,,,,,,,,,,,,,,,,,,,,,,,,,,,,,,,,,,,,,,,,,,,,,,,,,,PDSL_data,,2026-09-08
Golden_Cross_State + OBV_Rising,Golden_Cross_State + OBV_Rising,combo_2,194,trend,Bullish,,,,,,,,,,,,,,,,,,,,,,,,,,,,,,,,,,,,,,,,,,,,,,,,,,,,0.011067,0.301523,0.8351,3.354,0.9742,5.19579,30,9.311554,-0.0076,0.4296,0.0731,0,1,0.008115,0.02186,0.04224,0.07088,0.62557,0,0.8196,0.01949,-0.05282,0.006447,0.14592,3.146,0.00812,-0.00063,0.4485,2.122,0.0641,0.005822,193.0,0.01281,0.02095,0.03373,2.420518,,,,,,,,,,,,,,,,,,0.8402,0.02987,-0.08751,0.011114,0.275856,3.26,0.01131,-0.00714,0.4175,3.0,0.0487,0.008299,193.0,0.0164,0.03252,0.05029,4.741489,0.8454,0.03742,-0.10343,0.015639,0.482792,3.658,0.01985,-0.01502,0.4227,3.675,0.0731,0.010223,193.0,0.02186,0.04224,0.07088,9.311554,,,,,,,,,,,,,,,,,,PDSL_data,,2026-09-08
MACD_Hist_Positive + MACD_Hist_Rising,MACD_Hist_Positive + MACD_Hist_Rising,combo_2,100,momentum,Bullish,,,,,,,,,,,,,,,,,,0.78,0.02486,-0.04806,0.008819,0.235564,2.835,0.00912,-0.01039,0.39,1.444,0.0708,0.006844,99.0,0.00609,0.01377,0.02355,3.081803,,,,,,,,,,,,,,,,,,0.012355,0.356021,0.8067,3.278,0.96,5.169898,15,7.367314,-0.00233,0.4167,0.0927,0,1,0.009709,0.00914,0.02717,0.04392,0.59555,0,0.82,0.02722,-0.05963,0.011586,0.32099,3.877,0.01303,0.00288,0.46,2.042,0.0927,0.009577,99.0,0.00773,0.02238,0.03833,5.743602,0.82,0.04062,-0.09248,0.016659,0.511509,3.121,0.01716,0.00052,0.4,2.501,0.0711,0.012705,99.0,0.00914,0.02717,0.04392,7.367314,,,,,,,,,,,,,,,,,,,,,,,,,,,,,,,,,,,,,,,,,,,,,,,,,,,,PDSL_data,,2026-09-08
MACD_Bullish_State + MACD_Hist_Rising,MACD_Bullish_State + MACD_Hist_Rising,combo_2,100,momentum,Bullish,,,,,,,,,,,,,,,,,,0.78,0.02486,-0.04806,0.008819,0.235564,2.835,0.00912,-0.01039,0.39,1.444,0.0708,0.006844,99.0,0.00609,0.01377,0.02355,3.081803,,,,,,,,,,,,,,,,,,0.012355,0.356021,0.8067,3.278,0.96,5.169898,15,7.367314,-0.00233,0.4167,0.0927,0,1,0.009709,0.00914,0.02717,0.04392,0.59555,0,0.82,0.02722,-0.05963,0.011586,0.32099,3.877,0.01303,0.00288,0.46,2.042,0.0927,0.009577,99.0,0.00773,0.02238,0.03833,5.743602,0.82,0.04062,-0.09248,0.016659,0.511509,3.121,0.01716,0.00052,0.4,2.501,0.0711,0.012705,99.0,0.00914,0.02717,0.04392,7.367314,,,,,,,,,,,,,,,,,,,,,,,,,,,,,,,,,,,,,,,,,,,,,,,,,,,,PDSL_data,,2026-09-08
Stoch_Oversold + CCI_Oversold,Stoch_Oversold + CCI_Oversold,combo_2,43,mean_rev,Bullish,0.8837,0.00796,-0.02346,0.004304,0.067058,5.653,0.00408,-0.00076,0.4419,1.171,0.1562,0.003707,43.0,0.01146,0.01638,0.02197,1.4344,0.907,0.01261,-0.04115,0.007613,0.191734,5.981,0.00779,-0.00667,0.3721,1.512,0.1373,0.00491,43.0,0.01422,0.02144,0.02546,4.339374,0.8837,0.02482,-0.0361,0.01774,0.402296,7.299,0.01731,0.01,0.3953,1.789,0.1089,0.014674,43.0,0.01444,0.02445,0.03158,11.112342,0.009886,0.220363,0.8915,6.311,0.9767,5.140249,7,11.112342,0.00085,0.4031,0.1562,0,1,0.007764,0.01444,0.02445,0.03158,0.06952,1,,,,,,,,,,,,,,,,,,,,,,,,,,,,,,,,,,,,,,,,,,,,,,,,,,,,,,,,,,,,,,,,,,,,,,,,,,,,,,,,,,,,,,PDSL_data,,2026-09-08
RSI_Bull_Momentum + Price_Above_SMA50,RSI_Bull_Momentum + Price_Above_SMA50,combo_2,96,trend,Bullish,,,,,,,,,,,,,,,,,,,,,,,,,,,,,,,,,,,,,,,,,,,,,,,,,,,,0.015315,0.362847,0.809,3.235,0.9271,4.978288,30,11.625901,-0.00557,0.4271,0.1036,0,1,0.009413,0.01924,0.04677,0.05501,0.73498,0,0.7708,0.01733,-0.05534,0.000678,0.028359,2.246,0.0016,-0.003,0.4688,2.153,0.1036,-0.000529,94.0,0.00922,0.01752,0.03299,0.291396,,,,,,,,,,,,,,,,,,0.8125,0.04613,-0.09396,0.019863,0.459233,3.23,0.02118,-0.00691,0.4271,3.045,0.0745,0.014809,94.0,0.01499,0.04205,0.05235,6.785864,0.8438,0.04837,-0.09859,0.025405,0.600948,4.229,0.02546,-0.00679,0.3854,3.73,0.0747,0.013958,94.0,0.01924,0.04677,0.05501,11.625901,,,,,,,,,,,,,,,,,,PDSL_data,,2026-09-08
Stoch_Oversold + CDL_Harami_Bull,Stoch_Oversold + CDL_Harami_Bull,combo_2,24,mean_rev,Bullish,0.875,0.0043,-0.01947,0.001331,0.030491,4.328,0.00128,-0.00148,0.4583,1.087,0.2721,-0.002095,24.0,0.01158,0.01294,0.01635,0.424814,0.9583,0.01365,-0.0336,0.01168,0.270229,14.004,0.01288,0.00685,0.4583,1.404,0.2717,0.007835,24.0,0.01707,0.02309,0.03671,8.698321,0.9583,0.01353,-0.04555,0.011071,0.203818,12.375,0.01071,0.0017,0.4583,1.661,0.2007,0.009157,24.0,0.01766,0.03821,0.05169,6.560644,0.008027,0.168179,0.9306,10.236,0.9167,4.962359,5,8.698321,0.00235,0.4583,0.2721,0,1,0.004966,0.01707,0.02309,0.03671,0.0427,1,,,,,,,,,,,,,,,,,,,,,,,,,,,,,,,,,,,,,,,,,,,,,,,,,,,,,,,,,,,,,,,,,,,,,,,,,,,,,,,,,,,,,,PDSL_data,,2026-09-08
OBV_Trend_Bull,OBV_Trend_Bull,single,59,momentum,Bullish,,,,,,,,,,,,,,,,,,0.7797,0.0149,-0.0444,0.001832,0.055703,2.113,0.00275,0.0,0.4576,1.428,0.1714,-0.000147,58.0,0.0077,0.01222,0.01931,0.48198,,,,,,,,,,,,,,,,,,0.011184,0.356465,0.8023,3.497,0.9661,4.93125,15,10.70077,-0.00138,0.4124,0.1714,0,1,0.008677,0.01354,0.03786,0.04694,0.65476,0,0.8136,0.0231,-0.04259,0.010857,0.339646,4.501,0.01082,-0.00923,0.3729,2.02,0.1135,0.00797,58.0,0.0077,0.01986,0.04303,6.259464,0.8136,0.0433,-0.07706,0.020863,0.674047,3.877,0.02265,0.0051,0.4068,2.474,0.1113,0.018209,58.0,0.01354,0.03786,0.04694,10.70077,,,,,,,,,,,,,,,,,,,,,,,,,,,,,,,,,,,,,,,,,,,,,,,,,,,,PDSL_data,,2026-09-08
Stoch_Oversold + Williams_Oversold,Stoch_Oversold + Williams_Oversold,combo_2,54,mean_rev,Bullish,0.8519,0.01323,-0.01822,0.008576,0.128058,6.806,0.00836,-0.00429,0.3704,1.194,0.1044,0.007104,54.0,0.00906,0.01372,0.01995,3.492519,0.8519,0.02086,-0.04028,0.011803,0.252577,4.374,0.01212,0.0002,0.3333,1.541,0.1123,0.009071,54.0,0.01201,0.01661,0.02269,4.427468,0.8333,0.02542,-0.03491,0.015364,0.307044,5.056,0.01518,0.01158,0.463,1.824,0.0902,0.010497,54.0,0.01201,0.02001,0.0261,6.220909,0.011914,0.229226,0.8457,5.412,0.9815,4.879307,7,6.220909,0.0025,0.3889,0.1123,0,1,0.00889,0.01201,0.02001,0.0261,0.28489,0,,,,,,,,,,,,,,,,,,,,,,,,,,,,,,,,,,,,,,,,,,,,,,,,,,,,,,,,,,,,,,,,,,,,,,,,,,,,,,,,,,,,,,PDSL_data,,2026-09-08
RSI_Oversold + Stoch_Oversold,RSI_Oversold + Stoch_Oversold,combo_2,12,mean_rev,Bullish,0.9167,0.01216,-0.02165,0.009346,0.153407,11.214,0.01001,0.01028,0.5,1.179,0.3524,0.007855,12.0,0.01189,0.01943,0.02985,3.93481,0.8333,0.02136,-0.03665,0.011687,0.200946,4.266,0.01188,0.00427,0.4167,1.522,0.3055,0.012966,12.0,0.01189,0.01943,0.03354,2.198667,0.8333,0.04477,-0.04884,0.029167,0.516071,5.44,0.02914,0.02507,0.4167,1.801,0.3068,0.026021,12.0,0.01189,0.0225,0.0462,7.200508,0.016733,0.290141,0.8611,6.973,0.9167,4.756919,7,7.200508,0.01321,0.4444,0.3524,0,1,0.015614,0.01189,0.0225,0.0462,0.31517,0,,,,,,,,,,,,,,,,,,,,,,,,,,,,,,,,,,,,,,,,,,,,,,,,,,,,,,,,,,,,,,,,,,,,,,,,,,,,,,,,,,,,,,PDSL_data,,2026-09-08
MACD_Hist_Rising + VWAP_Bull,MACD_Hist_Rising + VWAP_Bull,combo_2,139,momentum,Bullish,,,,,,,,,,,,,,,,,,0.8345,0.02042,-0.04031,0.01037,0.235617,3.87,0.01028,0.00031,0.4388,1.507,0.0588,0.006359,138.0,0.00905,0.01795,0.02693,4.505857,,,,,,,,,,,,,,,,,,0.011068,0.2457,0.8417,3.991,0.964,4.670928,15,5.044152,-0.00012,0.4317,0.078,0,1,0.00627,0.01603,0.04086,0.04784,0.13268,0,0.8273,0.02367,-0.05097,0.010786,0.255339,3.955,0.01214,0.00014,0.4173,2.131,0.078,0.007304,138.0,0.01243,0.02829,0.04145,4.990299,0.8633,0.02587,-0.07523,0.012049,0.246144,4.147,0.01275,-0.00082,0.4388,2.61,0.0614,0.005146,138.0,0.01603,0.04086,0.04784,5.044152,,,,,,,,,,,,,,,,,,,,,,,,,,,,,,,,,,,,,,,,,,,,,,,,,,,,PDSL_data,,2026-09-08
VWAP_Bull + CDL_InvertedHammer,VWAP_Bull + CDL_InvertedHammer,combo_2,13,momentum,Bullish,,,,,,,,,,,,,,,,,,0.7692,0.00232,-0.02195,-0.003282,0.033667,3.969,-0.00298,0.00499,0.5385,1.697,0.2846,0.0015,13.0,0.01109,0.01626,0.02957,0.352679,,,,,,,,,,,,,,,,,,0.020951,0.481818,0.7436,3.967,0.9231,4.656613,15,8.62608,0.0149,0.4615,0.309,0,1,0.021909,0.01802,0.02641,0.03906,0.78007,0,0.6923,0.05836,-0.03727,0.028936,0.605841,3.877,0.02892,0.01927,0.3846,2.399,0.2752,0.032435,13.0,0.01576,0.01828,0.03009,6.198727,0.7692,0.06523,-0.05623,0.0372,0.805945,4.056,0.03781,0.02046,0.4615,2.939,0.309,0.031793,13.0,0.01802,0.02641,0.03906,8.62608,,,,,,,,,,,,,,,,,,,,,,,,,,,,,,,,,,,,,,,,,,,,,,,,,,,,PDSL_data,,2026-09-08
MACD_Hist_Rising,MACD_Hist_Rising,single,179,momentum,Bullish,,,,,,,,,,,,,,,,,,0.8156,0.02032,-0.04053,0.009104,0.216214,3.348,0.00901,-0.00047,0.4302,1.489,0.0471,0.005408,178.0,0.00825,0.01663,0.02422,3.759133,,,,,,,,,,,,,,,,,,0.011262,0.269856,0.8231,3.375,0.9832,4.649723,10,5.743542,-4e-05,0.4395,0.0579,0,1,0.006779,0.01073,0.02505,0.04115,0.45129,0,0.8212,0.02743,-0.05763,0.012224,0.308963,3.58,0.01343,0.00039,0.4358,2.105,0.0579,0.00848,178.0,0.01073,0.02505,0.04115,5.743542,0.8324,0.0313,-0.08112,0.012457,0.284392,3.196,0.01318,-4e-05,0.4525,2.579,0.0469,0.00645,178.0,0.01243,0.03439,0.04863,4.719855,,,,,,,,,,,,,,,,,,,,,,,,,,,,,,,,,,,,,,,,,,,,,,,,,,,,PDSL_data,,2026-09-08
Price_Above_SMA50 + Williams_Oversold,Price_Above_SMA50 + Williams_Oversold,combo_2,25,trend,Bullish,,,,,,,,,,,,,,,,,,,,,,,,,,,,,,,,,,,,,,,,,,,,,,,,,,,,0.00999,0.165134,0.92,8.506,1.0,4.576372,10,14.370505,0.00707,0.4933,0.2591,0,1,-0.008131,0.0209,0.03409,0.04528,0.15817,0,0.92,0.02458,-0.02617,0.020521,0.441071,14.496,0.02082,0.00954,0.4,2.149,0.2128,0.002783,25.0,0.0209,0.03409,0.04528,14.370505,,,,,,,,,,,,,,,,,,0.92,0.03349,-0.07817,0.024557,0.496094,6.932,0.02602,0.02404,0.48,3.039,0.2118,0.007629,25.0,0.05391,0.08245,0.09378,11.204328,0.92,-0.0114,-0.05777,-0.015109,-0.441761,4.089,-0.01443,-0.01237,0.6,3.722,0.2591,-0.034804,25.0,0.05391,0.08245,0.09378,-5.885921,,,,,,,,,,,,,,,,,,PDSL_data,,2026-09-08
EMA_Bullish_State + CMF_Positive,EMA_Bullish_State + CMF_Positive,combo_2,35,momentum,Bullish,,,,,,,,,,,,,,,,,,0.8,0.00748,-0.05825,-0.005667,0.035713,1.704,-0.00283,-0.01934,0.4286,1.462,0.3523,-0.008389,35.0,0.00924,0.01678,0.02242,0.218114,,,,,,,,,,,,,,,,,,0.00715,0.464974,0.819,2.784,0.9714,4.505797,15,9.94534,-0.00502,0.419,0.3523,0,1,-0.002393,0.01088,0.02421,0.04356,0.57237,0,0.8286,0.0256,-0.05729,0.011393,0.517017,3.351,0.0124,0.01004,0.4857,2.068,0.1856,-0.000355,35.0,0.00959,0.02421,0.04356,6.209359,0.8286,0.03652,-0.08478,0.015723,0.842193,3.295,0.01554,-0.00575,0.3429,2.533,0.2253,0.001565,35.0,0.01088,0.02421,0.04356,9.94534,,,,,,,,,,,,,,,,,,,,,,,,,,,,,,,,,,,,,,,,,,,,,,,,,,,,PDSL_data,,2026-09-08
Stoch_Bull_Zone,Stoch_Bull_Zone,single,172,momentum,Bullish,,,,,,,,,,,,,,,,,,0.8246,0.01783,-0.04247,0.007248,0.165551,3.107,0.00729,0.00059,0.4386,1.492,0.052,0.003733,168.0,0.00916,0.01655,0.02319,2.650466,,,,,,,,,,,,,,,,,,0.012083,0.28516,0.8207,3.039,0.9883,4.41412,15,6.330719,0.00475,0.4386,0.0664,0,1,0.006691,0.0122,0.0393,0.05582,0.35254,0,0.8129,0.02928,-0.06168,0.012259,0.292108,2.923,0.01325,0.00487,0.4327,2.11,0.0664,0.006006,168.0,0.0098,0.02366,0.03826,4.40045,0.8246,0.03685,-0.07779,0.016741,0.397821,3.088,0.01735,0.00879,0.4444,2.584,0.0508,0.010335,168.0,0.0122,0.0393,0.05582,6.330719,,,,,,,,,,,,,,,,,,,,,,,,,,,,,,,,,,,,,,,,,,,,,,,,,,,,PDSL_data,,2026-09-08
Price_Above_SMA50 + MACD_Hist_Positive,Price_Above_SMA50 + MACD_Hist_Positive,combo_2,50,trend,Bullish,,,,,,,,,,,,,,,,,,,,,,,,,,,,,,,,,,,,,,,,,,,,,,,,,,,,0.012483,0.471273,0.7533,2.588,0.92,4.411683,30,9.160386,-0.01357,0.4067,0.1919,0,1,0.013574,0.0144,0.03547,0.04684,0.91934,0,0.72,0.03043,-0.05581,0.006284,0.190827,2.377,0.00605,-0.01889,0.4,2.08,0.1291,0.008386,49.0,0.00587,0.01348,0.01993,1.783509,,,,,,,,,,,,,,,,,,0.74,0.04876,-0.09284,0.011945,0.498366,2.171,0.01421,-0.0139,0.44,2.941,0.1426,0.013506,49.0,0.00914,0.01827,0.04038,4.255019,0.8,0.04912,-0.10039,0.019219,0.724625,3.215,0.02392,-0.00791,0.38,3.602,0.1919,0.018831,49.0,0.0144,0.03547,0.04684,9.160386,,,,,,,,,,,,,,,,,,PDSL_data,,2026-09-08
Price_Above_SMA50 + MACD_Bullish_State,Price_Above_SMA50 + MACD_Bullish_State,combo_2,50,trend,Bullish,,,,,,,,,,,,,,,,,,,,,,,,,,,,,,,,,,,,,,,,,,,,,,,,,,,,0.012483,0.471273,0.7533,2.588,0.92,4.411683,30,9.160386,-0.01357,0.4067,0.1919,0,1,0.013574,0.0144,0.03547,0.04684,0.91934,0,0.72,0.03043,-0.05581,0.006284,0.190827,2.377,0.00605,-0.01889,0.4,2.08,0.1291,0.008386,49.0,0.00587,0.01348,0.01993,1.783509,,,,,,,,,,,,,,,,,,0.74,0.04876,-0.09284,0.011945,0.498366,2.171,0.01421,-0.0139,0.44,2.941,0.1426,0.013506,49.0,0.00914,0.01827,0.04038,4.255019,0.8,0.04912,-0.10039,0.019219,0.724625,3.215,0.02392,-0.00791,0.38,3.602,0.1919,0.018831,49.0,0.0144,0.03547,0.04684,9.160386,,,,,,,,,,,,,,,,,,PDSL_data,,2026-09-08
Stoch_Oversold,Stoch_Oversold,single,78,mean_rev,Bullish,0.8462,0.01298,-0.02316,0.007421,0.139841,5.333,0.0076,-0.00239,0.3846,1.207,0.0802,0.006695,77.0,0.01087,0.01361,0.01982,3.258719,0.859,0.02061,-0.04611,0.011203,0.208839,3.891,0.0112,0.00596,0.4487,1.559,0.0694,0.007447,77.0,0.01161,0.01995,0.02597,3.550406,0.8462,0.02839,-0.04684,0.016817,0.327785,4.337,0.01702,0.01469,0.4872,1.844,0.0585,0.011362,77.0,0.01161,0.02123,0.03373,6.211904,0.011814,0.225488,0.8504,4.52,0.9872,4.396663,7,6.211904,0.00609,0.4402,0.0802,0,1,0.008501,0.01161,0.02123,0.03373,0.17166,0,,,,,,,,,,,,,,,,,,,,,,,,,,,,,,,,,,,,,,,,,,,,,,,,,,,,,,,,,,,,,,,,,,,,,,,,,,,,,,,,,,,,,,PDSL_data,,2026-09-08
EMA_Bullish_State + Stoch_Bull_Zone,EMA_Bullish_State + Stoch_Bull_Zone,combo_2,93,momentum,Bullish,,,,,,,,,,,,,,,,,,0.8495,0.01711,-0.03949,0.00859,0.187147,4.245,0.00891,-0.00113,0.4516,1.547,0.0872,0.006066,92.0,0.01076,0.01889,0.02583,3.608995,,,,,,,,,,,,,,,,,,0.012394,0.272759,0.8351,3.645,0.9677,4.371116,15,5.218517,0.00408,0.4444,0.0872,0,1,0.00714,0.01664,0.04217,0.05965,0.19875,0,0.8172,0.02771,-0.05381,0.012806,0.276087,3.455,0.01282,0.00383,0.4301,2.188,0.0748,0.006286,92.0,0.01233,0.02414,0.04733,4.333657,0.8387,0.03459,-0.08201,0.015786,0.355043,3.235,0.01649,0.00955,0.4516,2.68,0.0843,0.009069,92.0,0.01664,0.04217,0.05965,5.218517,,,,,,,,,,,,,,,,,,,,,,,,,,,,,,,,,,,,,,,,,,,,,,,,,,,,PDSL_data,,2026-09-08
OBV_Rising + CDL_HaramiCross_Bull,OBV_Rising + CDL_HaramiCross_Bull,combo_2,26,momentum,Bullish,,,,,,,,,,,,,,,,,,0.8846,0.00735,-0.05958,-0.000372,0.068802,2.14,0.00062,-0.00183,0.5,1.363,0.332,0.001943,26.0,0.01365,0.01827,0.02995,0.485367,,,,,,,,,,,,,,,,,,0.010945,0.398936,0.8462,3.591,0.9231,4.358444,15,12.524375,0.00794,0.4872,0.332,0,1,0.012122,0.01742,0.02961,0.06754,0.24434,0,0.8077,0.02235,-0.04214,0.009947,0.344937,3.78,0.01133,0.01337,0.5385,1.927,0.2889,0.013063,26.0,0.01365,0.01841,0.04489,4.297316,0.8462,0.03873,-0.06184,0.023258,0.783069,4.853,0.02252,0.01226,0.4231,2.361,0.2315,0.021362,26.0,0.01742,0.02961,0.06754,12.524375,,,,,,,,,,,,,,,,,,,,,,,,,,,,,,,,,,,,,,,,,,,,,,,,,,,,PDSL_data,,2026-09-08
Golden_Cross_State + Stoch_Oversold,Golden_Cross_State + Stoch_Oversold,combo_2,44,trend,Bullish,,,,,,,,,,,,,,,,,,,,,,,,,,,,,,,,,,,,,,,,,,,,,,,,,,,,0.011859,0.264167,0.8939,4.649,0.9318,4.356436,30,10.486702,-0.00715,0.4091,0.2534,0,1,0.006068,0.03431,0.05152,0.08919,0.09118,1,0.8636,0.02443,-0.04818,0.014531,0.269418,4.518,0.01837,0.00861,0.4545,2.277,0.2471,0.008896,44.0,0.01559,0.02589,0.04406,4.633782,,,,,,,,,,,,,,,,,,0.9318,0.01036,-0.11501,0.001812,0.006929,4.092,0.00437,-0.01534,0.3864,3.221,0.2534,0.00268,44.0,0.03313,0.04022,0.05908,0.107935,0.8864,0.03319,-0.08966,0.019234,0.516155,5.337,0.02354,-0.01472,0.3864,3.945,0.2376,0.006628,44.0,0.03431,0.05152,0.08919,10.486702,,,,,,,,,,,,,,,,,,PDSL_data,,2026-09-08
Price_Above_SMA20 + OBV_Trend_Bull,Price_Above_SMA20 + OBV_Trend_Bull,combo_2,67,momentum,Bullish,,,,,,,,,,,,,,,,,,0.791,0.01843,-0.04637,0.004887,0.131293,2.365,0.00533,-0.00468,0.4328,1.46,0.141,0.002045,66.0,0.00821,0.01469,0.02135,1.310375,,,,,,,,,,,,,,,,,,0.010384,0.292813,0.8259,3.743,0.9403,4.348814,15,8.731393,-0.00182,0.4328,0.141,0,1,0.009056,0.01669,0.03708,0.04621,0.36116,0,0.8358,0.02038,-0.0446,0.00971,0.275861,4.474,0.00941,-0.00744,0.403,2.065,0.1071,0.008791,66.0,0.01342,0.0248,0.04155,5.207468,0.8507,0.03268,-0.07534,0.016554,0.471286,4.391,0.01814,0.00666,0.4627,2.529,0.1104,0.016331,66.0,0.01669,0.03708,0.04621,8.731393,,,,,,,,,,,,,,,,,,,,,,,,,,,,,,,,,,,,,,,,,,,,,,,,,,,,PDSL_data,,2026-09-08
Price_Above_SMA50 + MACD_Hist_Rising,Price_Above_SMA50 + MACD_Hist_Rising,combo_2,120,trend,Bullish,,,,,,,,,,,,,,,,,,,,,,,,,,,,,,,,,,,,,,,,,,,,,,,,,,,,0.010483,0.314649,0.8083,2.941,0.975,4.327483,30,6.310798,-0.01031,0.4306,0.0881,0,1,0.004138,0.01695,0.04209,0.06509,0.8685,0,0.7917,0.02469,-0.05918,0.007218,0.216715,2.765,0.00805,-0.00191,0.4417,2.106,0.0685,0.00491,119.0,0.00928,0.02011,0.04137,2.873298,,,,,,,,,,,,,,,,,,0.8167,0.03394,-0.09906,0.00956,0.345238,2.615,0.01075,-0.00839,0.4417,2.978,0.0642,0.00433,119.0,0.01243,0.03409,0.05359,4.328926,0.8167,0.03964,-0.09658,0.01467,0.381994,3.445,0.01675,-0.02062,0.4083,3.647,0.0881,0.003175,119.0,0.01695,0.04209,0.06509,6.310798,,,,,,,,,,,,,,,,,,PDSL_data,,2026-09-08
EMA_Bullish_State + CCI_Oversold,EMA_Bullish_State + CCI_Oversold,combo_2,26,momentum,Bullish,,,,,,,,,,,,,,,,,,0.8846,0.00764,-0.06884,-0.001186,-0.078096,2.555,-0.0019,-0.00588,0.4615,1.6,0.1617,-0.003021,26.0,0.0126,0.02207,0.02652,-0.657601,,,,,,,,,,,,,,,,,,0.007202,0.129086,0.8846,10.571,1.0,4.254452,10,10.426722,-0.00467,0.4359,0.1759,0,1,0.00606,0.01762,0.02325,0.03214,0.24434,0,0.8846,0.01941,-0.01778,0.015115,0.31636,15.193,0.01517,0.00422,0.4231,2.263,0.1759,0.014348,26.0,0.01762,0.02325,0.03214,10.426722,0.8846,0.01092,-0.01722,0.007675,0.148993,13.966,0.00739,-0.01234,0.4231,2.771,0.1719,0.006853,26.0,0.02824,0.03948,0.05236,4.91056,,,,,,,,,,,,,,,,,,,,,,,,,,,,,,,,,,,,,,,,,,,,,,,,,,,,PDSL_data,,2026-09-08
MACD_Hist_Rising + OBV_Rising,MACD_Hist_Rising + OBV_Rising,combo_2,258,momentum,Bullish,,,,,,,,,,,,,,,,,,0.8256,0.0166,-0.04281,0.006235,0.160008,3.202,0.00646,-0.00147,0.4341,1.466,0.0359,0.003879,256.0,0.00845,0.01701,0.02367,2.84716,,,,,,,,,,,,,,,,,,0.008656,0.241499,0.8269,3.125,0.9884,4.145319,15,5.158687,-0.00041,0.4444,0.0449,0,1,0.00614,0.01352,0.03124,0.04774,0.27953,0,0.8333,0.02117,-0.0584,0.007904,0.233877,3.366,0.00924,-0.00029,0.4457,2.074,0.0449,0.006704,256.0,0.012,0.02427,0.04073,4.374304,0.8217,0.03302,-0.08584,0.011829,0.33061,2.808,0.01216,0.00052,0.4535,2.54,0.0329,0.007837,256.0,0.01352,0.03124,0.04774,5.158687,,,,,,,,,,,,,,,,,,,,,,,,,,,,,,,,,,,,,,,,,,,,,,,,,,,,PDSL_data,,2026-09-08
Golden_Cross_State + MACD_Hist_Positive,Golden_Cross_State + MACD_Hist_Positive,combo_2,33,trend,Bullish,,,,,,,,,,,,,,,,,,,,,,,,,,,,,,,,,,,,,,,,,,,,,,,,,,,,0.011545,0.258648,0.8788,4.474,1.0,4.080364,20,5.202966,0.00479,0.5253,0.2181,0,1,0.014846,0.0202,0.03866,0.06425,0.28729,0,0.8788,0.01711,-0.05285,0.008628,0.169532,5.452,0.009,0.00971,0.5152,2.128,0.2048,0.012245,32.0,0.01497,0.02967,0.04091,3.25918,,,,,,,,,,,,,,,,,,0.8788,0.03189,-0.1047,0.015331,0.387685,3.806,0.01829,0.02283,0.6061,3.009,0.2181,0.018374,32.0,0.0202,0.03866,0.06425,5.202966,0.8788,0.02691,-0.10705,0.010675,0.218728,4.163,0.01148,-0.01816,0.4545,3.685,0.214,0.013919,32.0,0.02812,0.04335,0.06842,3.211363,,,,,,,,,,,,,,,,,,PDSL_data,,2026-09-08
Golden_Cross_State + MACD_Bullish_State,Golden_Cross_State + MACD_Bullish_State,combo_2,33,trend,Bullish,,,,,,,,,,,,,,,,,,,,,,,,,,,,,,,,,,,,,,,,,,,,,,,,,,,,0.011545,0.258648,0.8788,4.474,1.0,4.080364,20,5.202966,0.00479,0.5253,0.2181,0,1,0.014846,0.0202,0.03866,0.06425,0.28729,0,0.8788,0.01711,-0.05285,0.008628,0.169532,5.452,0.009,0.00971,0.5152,2.128,0.2048,0.012245,32.0,0.01497,0.02967,0.04091,3.25918,,,,,,,,,,,,,,,,,,0.8788,0.03189,-0.1047,0.015331,0.387685,3.806,0.01829,0.02283,0.6061,3.009,0.2181,0.018374,32.0,0.0202,0.03866,0.06425,5.202966,0.8788,0.02691,-0.10705,0.010675,0.218728,4.163,0.01148,-0.01816,0.4545,3.685,0.214,0.013919,32.0,0.02812,0.04335,0.06842,3.211363,,,,,,,,,,,,,,,,,,PDSL_data,,2026-09-08
CMF_Positive + OBV_Rising,CMF_Positive + OBV_Rising,combo_2,125,momentum,Bullish,,,,,,,,,,,,,,,,,,0.776,0.01738,-0.04531,0.003334,0.145635,2.441,0.00352,-0.00615,0.456,1.514,0.0716,0.002868,125.0,0.00568,0.01238,0.02328,1.719495,,,,,,,,,,,,,,,,,,0.010246,0.304724,0.784,2.802,0.984,4.063626,15,5.844136,-0.00224,0.4293,0.0716,0,1,0.006443,0.00957,0.02491,0.04206,0.8751,0,0.784,0.02974,-0.05439,0.011564,0.338305,3.157,0.01126,-0.00054,0.424,2.141,0.0612,0.00744,125.0,0.0071,0.02027,0.03232,5.164647,0.792,0.04147,-0.08175,0.015842,0.430231,2.809,0.01575,-4e-05,0.408,2.622,0.0625,0.009021,125.0,0.00957,0.02491,0.04206,5.844136,,,,,,,,,,,,,,,,,,,,,,,,,,,,,,,,,,,,,,,,,,,,,,,,,,,,PDSL_data,,2026-09-08
CCI_Oversold + VWAP_Bull,CCI_Oversold + VWAP_Bull,combo_2,44,momentum,Bullish,,,,,,,,,,,,,,,,,,0.8409,0.00548,-0.03231,-0.00053,-0.051709,3.326,4e-05,-0.00588,0.4318,1.578,0.1567,-0.000452,44.0,0.0129,0.01909,0.02258,-0.654712,,,,,,,,,,,,,,,,,,0.009855,0.226708,0.8485,4.977,0.9318,4.00241,10,12.575695,-0.00035,0.4167,0.22,0,1,0.006204,0.0173,0.027,0.03243,0.1807,0,0.8864,0.02475,-0.04046,0.017341,0.40513,8.154,0.01745,0.00051,0.3864,2.232,0.132,0.012483,44.0,0.0173,0.027,0.03243,12.575695,0.8182,0.02945,-0.06237,0.012754,0.326702,3.451,0.01529,0.00433,0.4318,2.734,0.22,0.006581,44.0,0.02224,0.02934,0.04102,4.291655,,,,,,,,,,,,,,,,,,,,,,,,,,,,,,,,,,,,,,,,,,,,,,,,,,,,PDSL_data,,2026-09-08
RSI_Bull_Momentum + CMF_Strong_Bull,RSI_Bull_Momentum + CMF_Strong_Bull,combo_2,30,momentum,Bullish,,,,,,,,,,,,,,,,,,0.8333,0.01454,-0.0317,0.006832,0.170053,4.934,0.00968,-0.00424,0.4333,1.527,0.3208,0.00862,29.0,0.011,0.01817,0.03373,2.881386,,,,,,,,,,,,,,,,,,0.017016,0.353763,0.7889,3.642,0.9,3.982468,15,7.784631,-0.00418,0.4222,0.3208,0,1,0.018648,0.011,0.02063,0.04194,0.48511,0,0.8,0.03116,-0.07256,0.010415,0.217308,2.629,0.0126,0.00363,0.4667,2.16,0.2402,0.012834,29.0,0.011,0.01817,0.03452,1.962215,0.7333,0.07272,-0.07323,0.033802,0.673929,3.364,0.03435,-0.01193,0.3667,2.646,0.19,0.034491,29.0,0.011,0.02063,0.04194,7.784631,,,,,,,,,,,,,,,,,,,,,,,,,,,,,,,,,,,,,,,,,,,,,,,,,,,,PDSL_data,,2026-09-08
Price_Above_SMA20 + MACD_Hist_Rising,Price_Above_SMA20 + MACD_Hist_Rising,combo_2,129,momentum,Bullish,,,,,,,,,,,,,,,,,,0.7984,0.02226,-0.05074,0.007546,0.160723,2.647,0.00753,-0.00468,0.4264,1.447,0.0612,0.00516,128.0,0.00727,0.01379,0.02266,2.070673,,,,,,,,,,,,,,,,,,0.010285,0.276662,0.8191,3.074,0.9612,3.978801,15,5.879816,2e-05,0.4393,0.079,0,1,0.008487,0.0118,0.03522,0.04627,0.41595,0,0.8217,0.02528,-0.0606,0.009969,0.291579,3.376,0.01168,0.00502,0.4496,2.047,0.079,0.009743,128.0,0.00916,0.02432,0.0413,4.791361,0.8372,0.03362,-0.09096,0.013341,0.377684,3.198,0.01393,-0.00029,0.4419,2.507,0.0561,0.010558,128.0,0.0118,0.03522,0.04627,5.879816,,,,,,,,,,,,,,,,,,,,,,,,,,,,,,,,,,,,,,,,,,,,,,,,,,,,PDSL_data,,2026-09-08
RSI_Bull_Momentum + Stoch_Cross_Up,RSI_Bull_Momentum + Stoch_Cross_Up,combo_2,61,momentum,Bullish,,,,,,,,,,,,,,,,,,0.8361,0.01652,-0.03714,0.00772,0.179466,3.531,0.00703,0.00768,0.4918,1.486,0.1078,0.007233,61.0,0.01108,0.01685,0.02503,2.614981,,,,,,,,,,,,,,,,,,0.012127,0.297391,0.8142,3.378,0.9508,3.941607,15,6.209638,0.00816,0.4536,0.1422,0,1,0.009959,0.01655,0.04183,0.05765,0.37347,0,0.7869,0.0299,-0.05171,0.012508,0.305991,2.903,0.01278,0.0088,0.4426,2.102,0.0998,0.011075,61.0,0.0122,0.02378,0.04183,3.665726,0.8197,0.03229,-0.05717,0.016154,0.406716,3.699,0.01707,0.00799,0.4262,2.574,0.1422,0.011568,61.0,0.01655,0.04183,0.05765,6.209638,,,,,,,,,,,,,,,,,,,,,,,,,,,,,,,,,,,,,,,,,,,,,,,,,,,,PDSL_data,,2026-09-08
Golden_Cross_State + CMF_Strong_Bull,Golden_Cross_State + CMF_Strong_Bull,combo_2,16,trend,Bullish,,,,,,,,,,,,,,,,,,,,,,,,,,,,,,,,,,,,,,,,,,,,,,,,,,,,0.020286,0.479704,0.8542,3.058,0.9375,3.896671,30,7.644337,0.01387,0.4792,0.3501,0,1,0.028669,0.04621,0.08325,0.09334,0.44895,0,0.875,0.00402,-0.0868,-0.007335,-0.048896,2.083,-0.00628,-0.00179,0.5,2.239,0.3501,0.00181,16.0,0.0186,0.03121,0.04521,-0.288616,,,,,,,,,,,,,,,,,,0.8125,0.06079,-0.09443,0.031684,0.655695,3.85,0.03156,0.02604,0.5,3.166,0.2571,0.033523,16.0,0.02238,0.0572,0.07223,7.151486,0.875,0.0698,-0.19651,0.036509,0.832313,3.242,0.03677,0.01735,0.4375,3.878,0.306,0.050673,16.0,0.04621,0.08325,0.09334,7.644337,,,,,,,,,,,,,,,,,,PDSL_data,,2026-09-08
Stoch_Oversold + CMF_Positive,Stoch_Oversold + CMF_Positive,combo_2,16,momentum,Bullish,,,,,,,,,,,,,,,,,,0.875,0.01646,-0.05864,0.007072,0.129753,3.123,0.00709,-0.00769,0.4375,1.693,0.1825,0.000783,16.0,0.0149,0.02893,0.03395,1.148059,,,,,,,,,,,,,,,,,,0.023952,0.495004,0.9375,3.123,0.875,3.832341,15,2.315622,0.02166,0.4375,0.2671,0,1,0.017188,0.06422,0.08958,0.09616,0.04603,1,0.9375,0.02763,0.00263,0.026071,0.537945,,0.02627,0.01667,0.3125,2.394,0.2671,0.024056,16.0,0.03206,0.0572,0.06119,1.524114,1.0,0.03871,0.0,0.038714,0.817313,,0.03768,0.056,0.5625,2.933,0.1373,0.026726,16.0,0.06422,0.08958,0.09616,2.315622,,,,,,,,,,,,,,,,,,,,,,,,,,,,,,,,,,,,,,,,,,,,,,,,,,,,PDSL_data,,2026-09-08
RSI_Bull_Momentum + MACD_Cross_Up_Event,RSI_Bull_Momentum + MACD_Cross_Up_Event,combo_2,31,momentum,Bullish,,,,,,,,,,,,,,,,,,0.7742,0.02435,-0.04387,0.008945,0.25142,3.004,0.00918,-0.01028,0.3226,1.48,0.2298,0.011313,30.0,0.01013,0.0141,0.02141,2.617594,,,,,,,,,,,,,,,,,,0.010683,0.286594,0.8172,4.105,0.9355,3.81423,10,6.766769,-0.00674,0.4086,0.2298,0,1,0.014513,0.011,0.02482,0.0421,0.52254,0,0.8387,0.0238,-0.04053,0.013425,0.330926,5.9,0.01321,-0.01852,0.4194,2.093,0.1832,0.016943,30.0,0.011,0.02482,0.0421,6.766769,0.8387,0.02779,-0.0845,0.009679,0.277437,3.411,0.00912,0.00859,0.4839,2.563,0.1866,0.015282,30.0,0.0141,0.03187,0.04445,3.279514,,,,,,,,,,,,,,,,,,,,,,,,,,,,,,,,,,,,,,,,,,,,,,,,,,,,PDSL_data,,2026-09-08
Stoch_Bull_Zone + CMF_Strong_Bull,Stoch_Bull_Zone + CMF_Strong_Bull,combo_2,35,momentum,Bullish,,,,,,,,,,,,,,,,,,0.8571,0.01032,-0.04983,0.001725,0.12038,3.417,0.00192,-0.01301,0.4,1.568,0.2423,-0.002629,34.0,0.0076,0.01904,0.02328,1.474115,,,,,,,,,,,,,,,,,,0.014422,0.342765,0.8095,3.313,0.9143,3.720895,15,5.816665,-0.00408,0.4095,0.2423,0,1,0.006708,0.01673,0.0299,0.04657,0.32352,0,0.8,0.02897,-0.0489,0.013394,0.300931,3.849,0.01302,-0.0126,0.4286,2.217,0.1765,0.004896,34.0,0.01212,0.02348,0.03422,4.150211,0.7714,0.06418,-0.09345,0.028148,0.606985,2.674,0.0283,0.01337,0.4,2.716,0.1709,0.017858,34.0,0.01673,0.0299,0.04657,5.816665,,,,,,,,,,,,,,,,,,,,,,,,,,,,,,,,,,,,,,,,,,,,,,,,,,,,PDSL_data,,2026-09-08
CMF_Positive + CMF_Strong_Bull,CMF_Positive + CMF_Strong_Bull,combo_2,30,momentum,Bullish,,,,,,,,,,,,,,,,,,0.8333,0.01004,-0.02766,0.003758,0.174313,3.853,0.00338,-0.00424,0.3667,1.48,0.1911,0.002605,30.0,0.01305,0.02157,0.03035,2.306488,,,,,,,,,,,,,,,,,,0.008954,0.307767,0.8556,3.667,0.9333,3.617111,15,5.210703,0.00154,0.4222,0.2902,0,1,0.004995,0.01875,0.0392,0.04943,0.19395,0,0.9,0.01592,-0.07108,0.007219,0.285942,3.871,0.00758,0.00552,0.4667,2.093,0.1975,0.004445,30.0,0.01875,0.03063,0.0397,3.800676,0.8333,0.03349,-0.07214,0.015885,0.463046,3.277,0.01916,0.00333,0.4333,2.564,0.2902,0.007936,30.0,0.01875,0.0392,0.04943,5.210703,,,,,,,,,,,,,,,,,,,,,,,,,,,,,,,,,,,,,,,,,,,,,,,,,,,,PDSL_data,,2026-09-08
CMF_Strong_Bull,CMF_Strong_Bull,single,30,momentum,Bullish,,,,,,,,,,,,,,,,,,0.8333,0.01004,-0.02766,0.003758,0.174313,3.853,0.00338,-0.00424,0.3667,1.48,0.1911,0.002605,30.0,0.01305,0.02157,0.03035,2.306488,,,,,,,,,,,,,,,,,,0.008954,0.307767,0.8556,3.667,0.9333,3.617111,15,5.210703,0.00154,0.4222,0.2902,0,1,0.004995,0.01875,0.0392,0.04943,0.19395,0,0.9,0.01592,-0.07108,0.007219,0.285942,3.871,0.00758,0.00552,0.4667,2.093,0.1975,0.004445,30.0,0.01875,0.03063,0.0397,3.800676,0.8333,0.03349,-0.07214,0.015885,0.463046,3.277,0.01916,0.00333,0.4333,2.564,0.2902,0.007936,30.0,0.01875,0.0392,0.04943,5.210703,,,,,,,,,,,,,,,,,,,,,,,,,,,,,,,,,,,,,,,,,,,,,,,,,,,,PDSL_data,,2026-09-08
EMA_Bullish_State + Williams_Oversold,EMA_Bullish_State + Williams_Oversold,combo_2,51,momentum,Bullish,,,,,,,,,,,,,,,,,,0.8824,0.01489,-0.03559,0.008952,0.163651,5.442,0.00829,0.00524,0.4314,1.611,0.0883,0.005846,51.0,0.01317,0.02208,0.02405,3.519094,,,,,,,,,,,,,,,,,,0.010067,0.154462,0.8824,6.106,0.9608,3.580483,15,4.752979,0.00241,0.4444,0.1258,0,1,0.003352,0.02405,0.03667,0.04525,0.08767,1,0.902,0.01215,-0.03703,0.007331,0.097358,6.932,0.00724,0.0058,0.4706,2.278,0.1258,-0.000279,51.0,0.02207,0.02405,0.03948,2.66664,0.8627,0.02318,-0.04431,0.013918,0.202377,5.944,0.0129,-0.00383,0.4314,2.79,0.1151,0.00449,51.0,0.02405,0.03667,0.04525,4.752979,,,,,,,,,,,,,,,,,,,,,,,,,,,,,,,,,,,,,,,,,,,,,,,,,,,,PDSL_data,,2026-09-08
OBV_Rising + Williams_Oversold,OBV_Rising + Williams_Oversold,combo_2,44,momentum,Bullish,,,,,,,,,,,,,,,,,,0.8864,0.00497,-0.03089,0.000895,0.01462,4.87,0.0011,-0.0042,0.4318,1.439,0.1957,-0.001371,44.0,0.01162,0.01805,0.02111,0.271021,,,,,,,,,,,,,,,,,,0.009094,0.2243,0.8636,4.375,0.9545,3.565324,10,6.554107,-0.00439,0.4015,0.1957,0,1,0.006708,0.01553,0.02238,0.04017,0.13135,0,0.8409,0.03059,-0.05634,0.016762,0.401033,4.293,0.01731,-0.00065,0.3864,2.036,0.1698,0.011855,44.0,0.01553,0.02238,0.04017,6.554107,0.8636,0.02339,-0.07755,0.009623,0.257247,3.96,0.01207,-0.00833,0.3864,2.493,0.1925,0.009641,44.0,0.0205,0.03524,0.04521,3.87814,,,,,,,,,,,,,,,,,,,,,,,,,,,,,,,,,,,,,,,,,,,,,,,,,,,,PDSL_data,,2026-09-08
RSI_Bull_Momentum + MACD_Bullish_State,RSI_Bull_Momentum + MACD_Bullish_State,combo_2,76,momentum,Bullish,,,,,,,,,,,,,,,,,,0.8158,0.01443,-0.04748,0.003024,0.089536,2.747,0.00378,-0.00711,0.4605,1.504,0.1143,0.003806,74.0,0.00971,0.01666,0.02254,1.068556,,,,,,,,,,,,,,,,,,0.009036,0.245838,0.8377,3.383,0.9605,3.469898,15,7.488061,0.00387,0.4737,0.1143,0,1,0.009535,0.0184,0.03878,0.04864,0.27977,0,0.8553,0.018,-0.0636,0.006187,0.184684,3.68,0.00701,0.00832,0.5132,2.127,0.1115,0.008154,74.0,0.01266,0.03329,0.04388,2.952509,0.8421,0.03775,-0.08798,0.017896,0.463295,3.721,0.01895,0.01039,0.4474,2.605,0.0942,0.016644,74.0,0.0184,0.03878,0.04864,7.488061,,,,,,,,,,,,,,,,,,,,,,,,,,,,,,,,,,,,,,,,,,,,,,,,,,,,PDSL_data,,2026-09-08
RSI_Bull_Momentum + MACD_Hist_Positive,RSI_Bull_Momentum + MACD_Hist_Positive,combo_2,76,momentum,Bullish,,,,,,,,,,,,,,,,,,0.8158,0.01443,-0.04748,0.003024,0.089536,2.747,0.00378,-0.00711,0.4605,1.504,0.1143,0.003806,74.0,0.00971,0.01666,0.02254,1.068556,,,,,,,,,,,,,,,,,,0.009036,0.245838,0.8377,3.383,0.9605,3.469898,15,7.488061,0.00387,0.4737,0.1143,0,1,0.009535,0.0184,0.03878,0.04864,0.27977,0,0.8553,0.018,-0.0636,0.006187,0.184684,3.68,0.00701,0.00832,0.5132,2.127,0.1115,0.008154,74.0,0.01266,0.03329,0.04388,2.952509,0.8421,0.03775,-0.08798,0.017896,0.463295,3.721,0.01895,0.01039,0.4474,2.605,0.0942,0.016644,74.0,0.0184,0.03878,0.04864,7.488061,,,,,,,,,,,,,,,,,,,,,,,,,,,,,,,,,,,,,,,,,,,,,,,,,,,,PDSL_data,,2026-09-08
MACD_Hist_Rising + CDL_Harami_Bull,MACD_Hist_Rising + CDL_Harami_Bull,combo_2,34,momentum,Bullish,,,,,,,,,,,,,,,,,,0.8824,0.01399,-0.06213,0.005038,0.163167,2.897,0.00472,-0.00489,0.4118,1.385,0.186,0.00237,34.0,0.01418,0.01946,0.02488,1.680562,,,,,,,,,,,,,,,,,,0.01073,0.352517,0.8431,2.87,0.9412,3.385825,15,4.569152,-0.00258,0.4216,0.187,0,1,0.007811,0.01418,0.04452,0.05786,0.19837,0,0.8235,0.02984,-0.06437,0.013216,0.376114,3.234,0.01452,-0.00025,0.4118,1.959,0.187,0.010074,34.0,0.01418,0.02241,0.04867,4.325031,0.8235,0.03913,-0.10365,0.013937,0.518269,2.48,0.01412,-0.00261,0.4412,2.399,0.1801,0.010989,34.0,0.01418,0.04452,0.05786,4.569152,,,,,,,,,,,,,,,,,,,,,,,,,,,,,,,,,,,,,,,,,,,,,,,,,,,,PDSL_data,,2026-09-08
Price_Above_EMA200 + CCI_Oversold,Price_Above_EMA200 + CCI_Oversold,combo_2,31,trend,Bullish,,,,,,,,,,,,,,,,,,,,,,,,,,,,,,,,,,,,,,,,,,,,,,,,,,,,0.014181,0.239474,0.871,4.335,0.9355,3.365355,20,5.597323,0.00923,0.4731,0.1585,0,1,0.009943,0.02667,0.04119,0.05569,0.17947,0,0.9032,0.02106,-0.05475,0.013723,0.243166,6.591,0.01391,0.00039,0.4194,2.294,0.1489,0.013542,31.0,0.02263,0.02865,0.04119,5.554524,,,,,,,,,,,,,,,,,,0.8387,0.04306,-0.08162,0.022952,0.453066,3.565,0.02369,0.01825,0.4516,3.244,0.1585,0.018895,31.0,0.02667,0.04119,0.05569,5.597323,0.871,0.02272,-0.1079,0.005867,0.02219,2.848,0.00492,0.00906,0.5484,3.973,0.1565,-0.002609,31.0,0.02865,0.05452,0.06628,0.219014,,,,,,,,,,,,,,,,,,PDSL_data,,2026-09-08
RSI_Bull_Momentum,RSI_Bull_Momentum,single,106,momentum,Bullish,,,,,,,,,,,,,,,,,,0.8396,0.0149,-0.04837,0.004748,0.110873,2.932,0.00623,0.00247,0.4811,1.51,0.1097,0.001874,104.0,0.01009,0.01817,0.02834,1.518986,,,,,,,,,,,,,,,,,,0.010119,0.238667,0.8333,3.028,0.9906,3.345361,15,7.385112,0.00972,0.4906,0.1097,0,1,0.008243,0.01551,0.0433,0.05172,0.25757,0,0.8302,0.02035,-0.06899,0.005181,0.150064,2.68,0.00649,0.00976,0.5189,2.135,0.0848,0.00468,104.0,0.01094,0.02902,0.04485,1.879125,0.8302,0.04209,-0.08548,0.020426,0.455063,3.473,0.02086,0.01694,0.4717,2.615,0.0701,0.018175,104.0,0.01551,0.0433,0.05172,7.385112,,,,,,,,,,,,,,,,,,,,,,,,,,,,,,,,,,,,,,,,,,,,,,,,,,,,PDSL_data,,2026-09-08
Golden_Cross_State + BB_Lower_Bounce,Golden_Cross_State + BB_Lower_Bounce,combo_2,18,trend,Bullish,,,,,,,,,,,,,,,,,,,,,,,,,,,,,,,,,,,,,,,,,,,,,,,,,,,,0.015127,0.423865,0.8333,2.673,1.0,3.335804,30,9.12637,0.01458,0.5,0.2695,0,1,0.018525,0.02696,0.06156,0.07336,0.60983,0,0.8333,0.01882,-0.04616,0.007994,0.183177,3.269,0.00847,-0.00576,0.3889,2.146,0.2695,0.008663,18.0,0.01381,0.01852,0.02825,1.763018,,,,,,,,,,,,,,,,,,0.8333,0.01789,-0.07923,0.001701,0.060573,1.734,0.00162,0.0051,0.5556,3.034,0.262,0.007442,18.0,0.02696,0.03884,0.05235,0.309292,0.8333,0.06936,-0.13271,0.035685,1.027846,3.016,0.03468,0.04439,0.5556,3.716,0.2254,0.03947,18.0,0.02696,0.06156,0.07336,9.12637,,,,,,,,,,,,,,,,,,PDSL_data,,2026-09-08
RSI_Cross50_Up + MACD_Hist_Positive,RSI_Cross50_Up + MACD_Hist_Positive,combo_2,34,momentum,Bullish,,,,,,,,,,,,,,,,,,0.8235,0.02501,-0.06198,0.009659,0.244307,2.781,0.01029,0.007,0.4118,1.447,0.2107,0.008804,34.0,0.00674,0.0156,0.01988,2.415225,,,,,,,,,,,,,,,,,,0.010697,0.365727,0.8137,2.621,0.9706,3.307535,15,5.471767,0.01021,0.4902,0.2107,0,1,0.011828,0.01155,0.03325,0.04674,0.52857,0,0.8235,0.02605,-0.08215,0.006958,0.260859,2.482,0.00687,0.00991,0.5588,2.046,0.1939,0.010309,34.0,0.01155,0.02799,0.04625,2.301998,0.7941,0.04394,-0.09431,0.015475,0.592016,2.6,0.01538,0.01372,0.5,2.506,0.148,0.016369,34.0,0.01155,0.03325,0.04674,5.471767,,,,,,,,,,,,,,,,,,,,,,,,,,,,,,,,,,,,,,,,,,,,,,,,,,,,PDSL_data,,2026-09-08
RSI_Cross50_Up + MACD_Bullish_State,RSI_Cross50_Up + MACD_Bullish_State,combo_2,34,momentum,Bullish,,,,,,,,,,,,,,,,,,0.8235,0.02501,-0.06198,0.009659,0.244307,2.781,0.01029,0.007,0.4118,1.447,0.2107,0.008804,34.0,0.00674,0.0156,0.01988,2.415225,,,,,,,,,,,,,,,,,,0.010697,0.365727,0.8137,2.621,0.9706,3.307535,15,5.471767,0.01021,0.4902,0.2107,0,1,0.011828,0.01155,0.03325,0.04674,0.52857,0,0.8235,0.02605,-0.08215,0.006958,0.260859,2.482,0.00687,0.00991,0.5588,2.046,0.1939,0.010309,34.0,0.01155,0.02799,0.04625,2.301998,0.7941,0.04394,-0.09431,0.015475,0.592016,2.6,0.01538,0.01372,0.5,2.506,0.148,0.016369,34.0,0.01155,0.03325,0.04674,5.471767,,,,,,,,,,,,,,,,,,,,,,,,,,,,,,,,,,,,,,,,,,,,,,,,,,,,PDSL_data,,2026-09-08
RSI_Bull_Momentum + CDL_Harami_Bull,RSI_Bull_Momentum + CDL_Harami_Bull,combo_2,31,momentum,Bullish,,,,,,,,,,,,,,,,,,0.871,0.01577,-0.05494,0.006649,0.24641,3.136,0.00538,0.00138,0.4839,1.45,0.1561,0.003094,31.0,0.01827,0.02071,0.0248,2.678204,,,,,,,,,,,,,,,,,,0.011693,0.376369,0.828,2.698,0.9355,3.292062,15,4.609677,0.01173,0.5161,0.1823,0,1,0.007372,0.01827,0.0248,0.04844,0.27244,0,0.8065,0.03111,-0.07159,0.011228,0.370285,2.362,0.01212,0.01833,0.6129,2.051,0.1778,0.007311,31.0,0.01827,0.02364,0.04593,3.030964,0.8065,0.04083,-0.08127,0.017202,0.512411,2.596,0.01761,0.01547,0.4516,2.512,0.1823,0.011711,31.0,0.01827,0.0248,0.04844,4.609677,,,,,,,,,,,,,,,,,,,,,,,,,,,,,,,,,,,,,,,,,,,,,,,,,,,,PDSL_data,,2026-09-08
RSI_Bull_Momentum + EMA_Bullish_State,RSI_Bull_Momentum + EMA_Bullish_State,combo_2,81,momentum,Bullish,,,,,,,,,,,,,,,,,,0.8519,0.01139,-0.04337,0.003278,0.064874,3.29,0.00497,-0.00116,0.4568,1.523,0.1514,-0.00078,79.0,0.01068,0.01845,0.02644,0.940519,,,,,,,,,,,,,,,,,,0.010655,0.210518,0.8354,3.555,0.9753,3.216154,15,7.462596,0.00379,0.4609,0.1514,0,1,0.006086,0.01753,0.03878,0.04823,0.2057,0,0.8272,0.01992,-0.05349,0.007231,0.134687,3.454,0.00809,0.00424,0.4938,2.154,0.1095,0.00247,79.0,0.01121,0.02364,0.04205,2.049922,0.8272,0.04138,-0.07389,0.021457,0.431993,3.92,0.02205,0.0083,0.4321,2.638,0.0924,0.016569,79.0,0.01753,0.03878,0.04823,7.462596,,,,,,,,,,,,,,,,,,,,,,,,,,,,,,,,,,,,,,,,,,,,,,,,,,,,PDSL_data,,2026-09-08
MACD_Zero_Cross_Up + OBV_Rising,MACD_Zero_Cross_Up + OBV_Rising,combo_2,12,momentum,Bullish,,,,,,,,,,,,,,,,,,0.75,0.02351,-0.0763,-0.001443,0.060782,1.61,-0.00086,-0.0124,0.5,1.411,0.3365,0.002239,12.0,0.00452,0.00807,0.0227,0.250955,,,,,,,,,,,,,,,,,,0.016838,0.51141,0.7778,2.662,0.9167,3.200882,10,7.331423,0.01116,0.4722,0.3629,0,1,0.014277,0.00661,0.02381,0.03714,0.64066,0,0.8333,0.04341,-0.06652,0.025085,0.691433,4.134,0.02628,0.03291,0.5,1.995,0.3437,0.018428,12.0,0.00661,0.02381,0.03714,7.331423,0.75,0.06932,-0.10048,0.026871,0.782016,2.242,0.02758,0.01296,0.4167,2.444,0.3629,0.022164,12.0,0.00687,0.03086,0.05452,4.49797,,,,,,,,,,,,,,,,,,,,,,,,,,,,,,,,,,,,,,,,,,,,,,,,,,,,PDSL_data,,2026-09-08
RSI_Cross50_Up + OBV_Trend_Bull,RSI_Cross50_Up + OBV_Trend_Bull,combo_2,50,momentum,Bullish,,,,,,,,,,,,,,,,,,0.86,0.02023,-0.05031,0.010352,0.261769,3.55,0.01082,0.00542,0.42,1.475,0.1734,0.007235,49.0,0.00831,0.01843,0.03034,3.654092,,,,,,,,,,,,,,,,,,0.010967,0.276003,0.84,3.051,0.96,3.178022,5,3.654092,0.01087,0.48,0.1734,0,1,0.011551,0.00831,0.01843,0.03034,0.24011,0,0.84,0.02689,-0.07704,0.010263,0.237886,2.78,0.01061,0.01026,0.5,2.086,0.1383,0.012167,49.0,0.01662,0.03244,0.04929,2.600326,0.82,0.03302,-0.08217,0.012286,0.328352,2.821,0.01193,0.01694,0.52,2.555,0.1217,0.015252,49.0,0.01662,0.04445,0.05682,3.642255,,,,,,,,,,,,,,,,,,,,,,,,,,,,,,,,,,,,,,,,,,,,,,,,,,,,PDSL_data,,2026-09-08
OBV_Rising + CDL_Harami_Bull,OBV_Rising + CDL_Harami_Bull,combo_2,82,momentum,Bullish,,,,,,,,,,,,,,,,,,0.9024,0.01343,-0.05599,0.00666,0.174209,3.673,0.00628,0.00118,0.4634,1.415,0.0821,0.004957,82.0,0.01453,0.0203,0.02982,2.82756,,,,,,,,,,,,,,,,,,0.008773,0.224921,0.8659,3.397,0.939,3.17049,10,3.647719,0.00427,0.4837,0.0903,0,1,0.007287,0.01453,0.02576,0.04617,0.01561,1,0.8415,0.0245,-0.06416,0.01044,0.252363,3.271,0.01091,0.01154,0.5122,2.001,0.0878,0.008477,82.0,0.01453,0.02576,0.04617,3.647719,0.8537,0.02434,-0.07897,0.009219,0.24819,3.247,0.00939,8e-05,0.4756,2.45,0.0903,0.008426,82.0,0.01832,0.04185,0.06077,3.561272,,,,,,,,,,,,,,,,,,,,,,,,,,,,,,,,,,,,,,,,,,,,,,,,,,,,PDSL_data,,2026-09-08
Price_Above_EMA200 + Stoch_Bull_Zone,Price_Above_EMA200 + Stoch_Bull_Zone,combo_2,91,trend,Bullish,,,,,,,,,,,,,,,,,,,,,,,,,,,,,,,,,,,,,,,,,,,,,,,,,,,,0.011071,0.16966,0.8608,4.422,0.9121,3.093872,20,7.198173,0.00031,0.4286,0.1414,0,1,0.008239,0.02277,0.04677,0.06181,0.15068,0,0.8132,0.02054,-0.05131,0.007121,0.083075,3.193,0.00742,-0.00367,0.4176,2.189,0.0831,0.005093,90.0,0.0098,0.02468,0.03826,1.199272,,,,,,,,,,,,,,,,,,0.8681,0.0294,-0.06805,0.016551,0.324255,4.909,0.01773,0.00497,0.4176,3.095,0.0886,0.013603,90.0,0.02277,0.04677,0.06181,7.198173,0.9011,0.02096,-0.09448,0.009542,0.101649,5.163,0.01321,-0.00036,0.4505,3.791,0.1414,0.006021,90.0,0.04441,0.05993,0.06959,2.373005,,,,,,,,,,,,,,,,,,PDSL_data,,2026-09-08
MACD_Zero_Cross_Up + OBV_Trend_Bull,MACD_Zero_Cross_Up + OBV_Trend_Bull,combo_2,17,momentum,Bullish,,,,,,,,,,,,,,,,,,0.7059,0.03131,-0.05133,0.007002,0.287926,2.131,0.00722,-0.01301,0.4706,1.412,0.2771,0.010336,17.0,0.00294,0.00874,0.01889,1.773513,,,,,,,,,,,,,,,,,,0.014369,0.465231,0.7059,2.3,1.0,3.093033,15,7.132275,0.0022,0.451,0.2866,0,1,0.018892,0.00543,0.01209,0.03508,0.916,0,0.7059,0.04071,-0.07398,0.006978,0.286112,1.766,0.00837,0.0088,0.5294,1.996,0.2866,0.013562,17.0,0.00543,0.01199,0.02368,1.460647,0.7059,0.06521,-0.05746,0.029128,0.821655,3.003,0.02886,0.01081,0.3529,2.445,0.2834,0.032779,17.0,0.00543,0.01209,0.03508,7.132275,,,,,,,,,,,,,,,,,,,,,,,,,,,,,,,,,,,,,,,,,,,,,,,,,,,,PDSL_data,,2026-09-08
Golden_Cross_State + MACD_Cross_Up_Event,Golden_Cross_State + MACD_Cross_Up_Event,combo_2,31,trend,Bullish,,,,,,,,,,,,,,,,,,,,,,,,,,,,,,,,,,,,,,,,,,,,,,,,,,,,0.008429,0.211508,0.871,4.145,1.0,3.038365,20,4.043975,-0.00965,0.5054,0.2392,0,1,0.010994,0.01845,0.03637,0.06049,0.34344,0,0.871,0.01644,-0.05285,0.007498,0.149378,5.206,0.00787,-0.01589,0.4839,2.099,0.2145,0.01183,30.0,0.0141,0.02718,0.03911,2.69524,,,,,,,,,,,,,,,,,,0.871,0.02893,-0.1047,0.01169,0.336849,3.464,0.01464,0.02268,0.5806,2.969,0.2392,0.014012,30.0,0.01845,0.03637,0.06049,4.043975,0.871,0.02296,-0.10774,0.0061,0.148298,3.765,0.00691,-0.03574,0.4516,3.636,0.2349,0.007139,30.0,0.02718,0.0421,0.06676,1.934885,,,,,,,,,,,,,,,,,,PDSL_data,,2026-09-08
VWAP_Bull + CDL_Harami_Bull,VWAP_Bull + CDL_Harami_Bull,combo_2,66,momentum,Bullish,,,,,,,,,,,,,,,,,,0.8788,0.01436,-0.05695,0.00572,0.166563,2.729,0.00508,0.004,0.5,1.43,0.0858,0.00432,66.0,0.01499,0.02019,0.02738,1.911511,,,,,,,,,,,,,,,,,,0.0086,0.25462,0.8485,2.93,0.9545,2.994549,15,4.811561,0.0065,0.4949,0.1157,0,1,0.007057,0.01742,0.03319,0.05912,0.09465,1,0.8333,0.02219,-0.06076,0.008363,0.238841,2.869,0.00877,0.01154,0.5152,2.022,0.1067,0.005835,66.0,0.01499,0.02364,0.04515,2.881247,0.8333,0.02742,-0.06682,0.011717,0.358457,3.192,0.01193,0.00396,0.4697,2.476,0.1157,0.011016,66.0,0.01742,0.03319,0.05912,4.811561,,,,,,,,,,,,,,,,,,,,,,,,,,,,,,,,,,,,,,,,,,,,,,,,,,,,PDSL_data,,2026-09-08
MACD_Hist_Rising + Williams_Oversold,MACD_Hist_Rising + Williams_Oversold,combo_2,39,momentum,Bullish,,,,,,,,,,,,,,,,,,0.8462,0.01148,-0.03286,0.004657,0.116551,4.162,0.00498,-0.00066,0.4103,1.463,0.1905,0.001379,39.0,0.01035,0.01898,0.02225,1.789278,,,,,,,,,,,,,,,,,,0.007497,0.225854,0.8376,3.63,0.9744,2.946905,15,5.57837,-0.00538,0.4017,0.1905,0,1,0.003761,0.02173,0.03346,0.04266,0.37071,0,0.8205,0.02233,-0.06533,0.006595,0.169876,2.863,0.00843,-0.00618,0.3846,2.069,0.1772,0.001815,39.0,0.01783,0.02328,0.03394,1.793835,0.8462,0.02598,-0.06982,0.011238,0.391135,3.866,0.01162,-0.00931,0.4103,2.535,0.1506,0.00809,39.0,0.02173,0.03346,0.04266,5.57837,,,,,,,,,,,,,,,,,,,,,,,,,,,,,,,,,,,,,,,,,,,,,,,,,,,,PDSL_data,,2026-09-08
Stoch_Bull_Zone + Williams_Oversold,Stoch_Bull_Zone + Williams_Oversold,combo_2,48,momentum,Bullish,,,,,,,,,,,,,,,,,,0.8333,0.01559,-0.03648,0.006914,0.119431,4.547,0.00675,-0.00057,0.4375,1.483,0.1374,0.003045,48.0,0.01069,0.01576,0.02051,2.113359,,,,,,,,,,,,,,,,,,0.010146,0.210444,0.8403,3.643,0.9792,2.921231,15,3.545818,0.00222,0.4236,0.1932,0,1,0.004626,0.01727,0.03186,0.04621,0.36373,0,0.8542,0.02561,-0.06945,0.01175,0.194445,3.511,0.01346,0.0089,0.375,2.098,0.1763,0.004831,48.0,0.01275,0.02255,0.02955,2.657121,0.8333,0.02958,-0.07728,0.011774,0.317456,2.87,0.01421,-0.00167,0.4583,2.569,0.1932,0.006002,48.0,0.01727,0.03186,0.04621,3.545818,,,,,,,,,,,,,,,,,,,,,,,,,,,,,,,,,,,,,,,,,,,,,,,,,,,,PDSL_data,,2026-09-08
BB_Lower_Bounce + CCI_Oversold,BB_Lower_Bounce + CCI_Oversold,combo_2,25,mean_rev,Bullish,0.84,0.00403,-0.02244,-0.000208,-0.060837,4.663,0.00116,-0.01228,0.44,1.122,0.358,0.00145,25.0,0.00709,0.01366,0.01993,-0.924309,0.88,0.00616,-0.02538,0.002376,0.042948,7.182,0.00388,-0.00382,0.44,1.449,0.3484,0.00766,25.0,0.01484,0.02106,0.02379,1.005033,0.88,0.02546,-0.03199,0.018566,0.397258,9.932,0.01979,-0.00293,0.32,1.714,0.2497,0.020895,25.0,0.01484,0.02106,0.02535,12.855237,0.006911,0.126456,0.8667,7.259,0.96,2.871227,7,12.855237,-0.00634,0.4,0.358,0,1,0.010002,0.01484,0.02106,0.02535,0.27834,0,,,,,,,,,,,,,,,,,,,,,,,,,,,,,,,,,,,,,,,,,,,,,,,,,,,,,,,,,,,,,,,,,,,,,,,,,,,,,,,,,,,,,,PDSL_data,,2026-09-08
Price_Above_SMA20 + CDL_Harami_Bull,Price_Above_SMA20 + CDL_Harami_Bull,combo_2,39,momentum,Bullish,,,,,,,,,,,,,,,,,,0.8718,0.01479,-0.05692,0.005594,0.230142,2.796,0.00481,0.00138,0.4872,1.433,0.1329,0.003431,39.0,0.0173,0.02108,0.02881,2.373753,,,,,,,,,,,,,,,,,,0.00761,0.308319,0.8376,2.649,0.9487,2.857982,15,4.39146,0.01008,0.5214,0.184,0,1,0.003385,0.0173,0.02983,0.05774,0.22215,0,0.8205,0.02062,-0.06748,0.00481,0.266047,2.373,0.00524,0.01375,0.5641,2.026,0.1602,-5.2e-05,39.0,0.0173,0.02983,0.04795,2.329384,0.8205,0.03202,-0.07713,0.012425,0.428766,2.776,0.01215,0.01511,0.5128,2.482,0.184,0.006775,39.0,0.0173,0.02983,0.05774,4.39146,,,,,,,,,,,,,,,,,,,,,,,,,,,,,,,,,,,,,,,,,,,,,,,,,,,,PDSL_data,,2026-09-08
RSI_Cross50_Up + Stoch_Bull_Zone,RSI_Cross50_Up + Stoch_Bull_Zone,combo_2,49,momentum,Bullish,,,,,,,,,,,,,,,,,,0.8571,0.01129,-0.04234,0.003627,0.042119,3.749,0.00417,0.00138,0.4898,1.474,0.1946,0.001211,49.0,0.01059,0.01768,0.02428,0.617668,,,,,,,,,,,,,,,,,,0.009801,0.246078,0.8299,3.084,0.9592,2.848118,15,5.582884,0.00678,0.4966,0.1946,0,1,0.009969,0.01738,0.04001,0.05148,0.26138,0,0.8163,0.02571,-0.06933,0.008255,0.193049,2.668,0.00773,0.00132,0.4898,2.085,0.1424,0.01039,49.0,0.01293,0.02693,0.04443,2.014873,0.8163,0.04159,-0.08946,0.017522,0.503065,2.837,0.0175,0.01763,0.5102,2.554,0.1112,0.018306,49.0,0.01738,0.04001,0.05148,5.582884,,,,,,,,,,,,,,,,,,,,,,,,,,,,,,,,,,,,,,,,,,,,,,,,,,,,PDSL_data,,2026-09-08
Stoch_Cross_Up,Stoch_Cross_Up,single,180,mean_rev,Bullish,0.838,0.01324,-0.03596,0.005269,0.119541,3.012,0.00541,-0.00036,0.4134,1.153,0.0484,0.001992,176.0,0.00831,0.01287,0.01849,1.871541,0.838,0.01792,-0.0397,0.008585,0.194463,3.456,0.00865,0.00218,0.4246,1.489,0.0513,0.005018,176.0,0.00956,0.01722,0.02446,3.493856,0.8436,0.0211,-0.0562,0.009012,0.195405,3.178,0.00942,0.00447,0.4469,1.762,0.0503,0.005057,176.0,0.01074,0.02084,0.03326,3.228659,0.007622,0.169803,0.8399,3.215,0.9944,2.822438,5,3.493856,0.0021,0.4283,0.0513,0,1,0.004022,0.00956,0.01722,0.02446,0.1547,0,,,,,,,,,,,,,,,,,,,,,,,,,,,,,,,,,,,,,,,,,,,,,,,,,,,,,,,,,,,,,,,,,,,,,,,,,,,,,,,,,,,,,,PDSL_data,,2026-09-08
OBV_Trend_Bull + CDL_Harami_Bull,OBV_Trend_Bull + CDL_Harami_Bull,combo_2,43,momentum,Bullish,,,,,,,,,,,,,,,,,,0.8837,0.01354,-0.04564,0.006661,0.186812,3.827,0.00652,-0.00615,0.4186,1.46,0.1232,0.004408,43.0,0.01476,0.019,0.02607,2.705298,,,,,,,,,,,,,,,,,,0.00795,0.225135,0.845,3.504,0.9302,2.776654,15,3.144979,0.00558,0.4884,0.1541,0,1,0.008088,0.01837,0.03347,0.06806,0.14657,0,0.814,0.02319,-0.05437,0.008763,0.24389,3.288,0.00875,0.01383,0.5349,2.065,0.1449,0.009031,43.0,0.01476,0.02226,0.04549,3.034295,0.8372,0.02223,-0.06257,0.008426,0.244701,3.396,0.00951,0.00906,0.5116,2.529,0.1541,0.010825,43.0,0.01837,0.03347,0.06806,3.144979,,,,,,,,,,,,,,,,,,,,,,,,,,,,,,,,,,,,,,,,,,,,,,,,,,,,PDSL_data,,2026-09-08
RSI_Bull_Momentum + VWAP_Bull,RSI_Bull_Momentum + VWAP_Bull,combo_2,88,momentum,Bullish,,,,,,,,,,,,,,,,,,0.8182,0.01431,-0.05075,0.002486,0.048194,2.548,0.00393,-0.00122,0.4545,1.523,0.1278,-0.001152,86.0,0.00975,0.01572,0.02366,0.551272,,,,,,,,,,,,,,,,,,0.010111,0.219882,0.8106,2.776,0.9886,2.709154,15,7.377376,0.00561,0.4545,0.1278,0,1,0.007776,0.01281,0.03555,0.04689,0.4918,0,0.8068,0.0207,-0.06544,0.00406,0.103377,2.546,0.00551,0.00096,0.4773,2.154,0.0996,0.00369,86.0,0.01054,0.02203,0.04105,1.181492,0.8068,0.05037,-0.08723,0.023788,0.508074,3.235,0.02436,0.01709,0.4318,2.638,0.0782,0.020791,86.0,0.01281,0.03555,0.04689,7.377376,,,,,,,,,,,,,,,,,,,,,,,,,,,,,,,,,,,,,,,,,,,,,,,,,,,,PDSL_data,,2026-09-08
EMA_Bullish_State + MACD_Hist_Rising,EMA_Bullish_State + MACD_Hist_Rising,combo_2,112,momentum,Bullish,,,,,,,,,,,,,,,,,,0.8571,0.01647,-0.0443,0.007789,0.170431,3.91,0.00855,-0.00092,0.4286,1.506,0.1006,0.004284,111.0,0.00874,0.02093,0.0268,3.150477,,,,,,,,,,,,,,,,,,0.006896,0.155423,0.8542,3.635,0.9911,2.646961,10,3.296196,-0.00136,0.4345,0.1006,0,1,0.002216,0.01368,0.03257,0.04246,0.1159,0,0.8482,0.01798,-0.05309,0.007195,0.176337,3.954,0.00777,-0.00019,0.4375,2.13,0.0772,0.00319,111.0,0.01368,0.03257,0.04246,3.296196,0.8571,0.02175,-0.09058,0.005704,0.1195,3.041,0.0061,-0.00296,0.4375,2.609,0.0778,-0.000827,111.0,0.01675,0.04074,0.04978,1.717754,,,,,,,,,,,,,,,,,,,,,,,,,,,,,,,,,,,,,,,,,,,,,,,,,,,,PDSL_data,,2026-09-08
Golden_Cross_State + Price_Above_SMA20,Golden_Cross_State + Price_Above_SMA20,combo_2,55,trend,Bullish,,,,,,,,,,,,,,,,,,,,,,,,,,,,,,,,,,,,,,,,,,,,,,,,,,,,0.00216,0.166709,0.8667,4.188,0.9273,2.606295,20,4.525416,-0.01048,0.4485,0.2754,0,1,-0.001164,0.02382,0.0458,0.06539,0.27619,0,0.8182,0.015,-0.04511,0.004074,0.104159,3.48,0.00744,0.00059,0.4545,2.119,0.2204,0.005139,53.0,0.01215,0.02368,0.04461,1.459005,,,,,,,,,,,,,,,,,,0.8909,0.01874,-0.0959,0.006237,0.26863,4.185,0.0086,0.00118,0.4727,2.996,0.1714,0.003436,53.0,0.02382,0.0458,0.06539,4.525416,0.8909,0.00645,-0.08784,-0.003832,0.127338,4.9,0.00421,-0.0332,0.4182,3.67,0.2754,-0.012066,53.0,0.03298,0.04596,0.07041,2.511897,,,,,,,,,,,,,,,,,,PDSL_data,,2026-09-08
Golden_Cross_State + CCI_Exit_Oversold,Golden_Cross_State + CCI_Exit_Oversold,combo_2,37,trend,Bullish,,,,,,,,,,,,,,,,,,,,,,,,,,,,,,,,,,,,,,,,,,,,,,,,,,,,0.012125,0.374806,0.7748,2.208,0.8649,2.603325,30,8.14181,-0.00018,0.4505,0.3048,0,1,0.002559,0.01491,0.04763,0.0625,0.74369,0,0.7027,0.02518,-0.059,0.000155,7.6e-05,1.445,0.00347,-0.01589,0.4324,2.219,0.2756,-0.004682,37.0,0.01013,0.01308,0.02227,0.000402,,,,,,,,,,,,,,,,,,0.7838,0.04305,-0.0949,0.013226,0.379494,2.173,0.01854,0.00252,0.4865,3.138,0.2364,0.005017,37.0,0.01225,0.0231,0.05223,3.000064,0.8378,0.05045,-0.11886,0.022994,0.744847,3.005,0.0297,0.01282,0.4324,3.843,0.3048,0.007342,37.0,0.01491,0.04763,0.0625,8.14181,,,,,,,,,,,,,,,,,,PDSL_data,,2026-09-08
MACD_Zero_Cross_Up + VWAP_Bull,MACD_Zero_Cross_Up + VWAP_Bull,combo_2,15,momentum,Bullish,,,,,,,,,,,,,,,,,,0.6667,0.01742,-0.04479,-0.003313,0.045573,1.636,-0.00277,-0.03492,0.4,1.47,0.3365,-1.4e-05,15.0,0.00607,0.00852,0.01373,0.206657,,,,,,,,,,,,,,,,,,0.01112,0.409505,0.7333,2.59,0.8667,2.548242,15,5.188099,-0.01069,0.3778,0.3617,0,1,0.011106,0.0063,0.02244,0.03143,0.73325,0,0.8,0.03316,-0.05445,0.01564,0.516225,3.327,0.01751,0.00314,0.4,2.079,0.3437,0.017211,15.0,0.0063,0.02244,0.03021,4.761669,0.7333,0.05051,-0.06002,0.021033,0.666717,2.807,0.02132,-0.00029,0.3333,2.546,0.3617,0.016119,15.0,0.0063,0.02244,0.03143,5.188099,,,,,,,,,,,,,,,,,,,,,,,,,,,,,,,,,,,,,,,,,,,,,,,,,,,,PDSL_data,,2026-09-08
BB_Lower_Bounce,BB_Lower_Bounce,single,30,mean_rev,Bullish,0.8667,0.00442,-0.02244,0.000843,-0.035298,5.861,0.00221,-0.00984,0.4667,1.158,0.2859,0.002017,30.0,0.00862,0.01383,0.02087,-0.710367,0.8667,0.00811,-0.0278,0.003323,0.057897,5.835,0.00483,-0.00166,0.4333,1.495,0.2933,0.006114,30.0,0.01385,0.02106,0.02418,1.160148,0.8667,0.02541,-0.04196,0.016423,0.345545,6.301,0.01766,-0.0008,0.3333,1.769,0.2244,0.016773,30.0,0.01385,0.02106,0.02627,7.4766,0.006863,0.122715,0.8667,5.999,1.0,2.527929,7,7.4766,-0.0041,0.4111,0.2933,0,1,0.008302,0.01385,0.02106,0.02627,0.30646,0,,,,,,,,,,,,,,,,,,,,,,,,,,,,,,,,,,,,,,,,,,,,,,,,,,,,,,,,,,,,,,,,,,,,,,,,,,,,,,,,,,,,,,PDSL_data,,2026-09-08
RSI_Bull_Momentum + OBV_Rising,RSI_Bull_Momentum + OBV_Rising,combo_2,180,momentum,Bullish,,,,,,,,,,,,,,,,,,0.7944,0.01596,-0.04975,0.002457,0.096217,2.231,0.00287,-0.00037,0.4667,1.491,0.0509,0.000658,179.0,0.00861,0.0145,0.02247,1.115949,,,,,,,,,,,,,,,,,,0.006714,0.19924,0.7889,2.402,0.9833,2.446535,15,3.778056,0.00375,0.4778,0.0509,0,1,0.003948,0.01214,0.02395,0.04609,0.7595,0,0.7778,0.02606,-0.05965,0.007014,0.206435,2.512,0.0075,0.004,0.4944,2.109,0.0469,0.005182,179.0,0.01032,0.01916,0.03304,2.696062,0.7944,0.03474,-0.08234,0.01067,0.295069,2.463,0.01066,0.00763,0.4722,2.583,0.0458,0.006004,179.0,0.01214,0.02395,0.04609,3.778056,,,,,,,,,,,,,,,,,,,,,,,,,,,,,,,,,,,,,,,,,,,,,,,,,,,,PDSL_data,,2026-09-08
RSI_Bull_Momentum + Price_Above_SMA20,RSI_Bull_Momentum + Price_Above_SMA20,combo_2,104,momentum,Bullish,,,,,,,,,,,,,,,,,,0.8365,0.01289,-0.0539,0.00197,0.038155,2.391,0.00333,0.00036,0.4808,1.498,0.12,0.001052,102.0,0.01046,0.01709,0.02469,0.424608,,,,,,,,,,,,,,,,,,0.007418,0.169569,0.8429,3.04,0.9808,2.352573,15,7.5941,0.00464,0.4808,0.12,0,1,0.006495,0.01893,0.04074,0.05028,0.24597,0,0.8365,0.01435,-0.06249,0.001787,0.065981,2.694,0.00313,0.00426,0.5192,2.118,0.0979,0.002673,102.0,0.01161,0.02951,0.04517,0.827303,0.8558,0.03592,-0.08486,0.018498,0.40457,4.033,0.01861,0.00931,0.4423,2.595,0.073,0.015761,102.0,0.01893,0.04074,0.05028,7.5941,,,,,,,,,,,,,,,,,,,,,,,,,,,,,,,,,,,,,,,,,,,,,,,,,,,,PDSL_data,,2026-09-08
RSI_Oversold + Williams_Oversold,RSI_Oversold + Williams_Oversold,combo_2,12,mean_rev,Bullish,0.8333,0.0186,-0.04783,0.007525,0.168934,3.17,0.00803,0.00412,0.5,1.169,0.2874,0.005365,12.0,0.00268,0.01461,0.01763,1.373638,0.8333,0.02227,-0.05303,0.009719,0.238762,3.193,0.01023,0.01305,0.5,1.509,0.3858,0.010789,12.0,0.01431,0.01744,0.0252,1.9554,0.75,0.0478,-0.05168,0.02293,0.503087,3.348,0.02313,0.0221,0.4167,1.786,0.3154,0.019093,12.0,0.01431,0.01744,0.0252,4.320006,0.013391,0.303594,0.8056,3.237,0.9167,2.310584,7,4.320006,0.01309,0.4722,0.3858,0,1,0.011749,0.01431,0.01744,0.0252,0.60006,0,,,,,,,,,,,,,,,,,,,,,,,,,,,,,,,,,,,,,,,,,,,,,,,,,,,,,,,,,,,,,,,,,,,,,,,,,,,,,,,,,,,,,,PDSL_data,,2026-09-08
MACD_Hist_Rising + CMF_Positive,MACD_Hist_Rising + CMF_Positive,combo_2,84,momentum,Bullish,,,,,,,,,,,,,,,,,,0.7619,0.01363,-0.04134,0.000545,0.092388,2.347,0.00042,-0.01524,0.4405,1.488,0.1092,0.000617,84.0,0.00521,0.00972,0.02306,0.963406,,,,,,,,,,,,,,,,,,0.005149,0.214645,0.7698,2.515,0.9524,2.284104,15,3.239474,-0.00733,0.4444,0.1092,0,1,0.002259,0.00706,0.02215,0.03626,0.7847,0,0.7976,0.02187,-0.06046,0.005207,0.241066,2.849,0.00608,-0.00282,0.4643,2.105,0.0938,0.002576,84.0,0.00706,0.02215,0.03349,3.05155,0.75,0.03872,-0.07739,0.009695,0.310482,2.349,0.00976,-0.00393,0.4286,2.578,0.0982,0.003585,84.0,0.00706,0.02215,0.03626,3.239474,,,,,,,,,,,,,,,,,,,,,,,,,,,,,,,,,,,,,,,,,,,,,,,,,,,,PDSL_data,,2026-09-08
RSI_Cross50_Up + VWAP_Bull,RSI_Cross50_Up + VWAP_Bull,combo_2,61,momentum,Bullish,,,,,,,,,,,,,,,,,,0.8197,0.0213,-0.05252,0.007984,0.174296,2.908,0.00869,0.0045,0.4754,1.484,0.1289,0.002729,60.0,0.00995,0.01738,0.02378,2.09151,,,,,,,,,,,,,,,,,,0.007819,0.203703,0.8087,2.722,0.9836,2.251205,15,2.631287,0.00519,0.4863,0.1289,0,1,0.005513,0.0135,0.03339,0.04798,0.5059,0,0.8033,0.02485,-0.06408,0.007358,0.182108,2.756,0.00723,0.00059,0.4754,2.099,0.1111,0.006512,60.0,0.01068,0.02364,0.04205,2.071714,0.8033,0.03062,-0.08376,0.008116,0.254706,2.503,0.008,0.01046,0.5082,2.571,0.1009,0.007298,60.0,0.0135,0.03339,0.04798,2.631287,,,,,,,,,,,,,,,,,,,,,,,,,,,,,,,,,,,,,,,,,,,,,,,,,,,,PDSL_data,,2026-09-08
Price_Above_SMA20,Price_Above_SMA20,single,79,momentum,Bullish,,,,,,,,,,,,,,,,,,0.7975,0.01995,-0.05292,0.005192,0.081291,2.171,0.00518,-0.00066,0.443,1.468,0.1067,0.001294,77.0,0.00846,0.01388,0.02215,0.773348,,,,,,,,,,,,,,,,,,0.007084,0.176454,0.827,3.093,0.9367,2.240041,15,4.549678,0.00167,0.4473,0.1504,0,1,0.004228,0.01711,0.03615,0.04627,0.25077,0,0.8228,0.01866,-0.05015,0.006466,0.166475,3.42,0.00834,0.00059,0.4304,2.076,0.1504,0.005445,77.0,0.01109,0.02439,0.04298,2.495036,0.8608,0.02461,-0.08321,0.009595,0.281595,3.687,0.00988,0.0051,0.4684,2.543,0.0987,0.005944,77.0,0.01711,0.03615,0.04627,4.549678,,,,,,,,,,,,,,,,,,,,,,,,,,,,,,,,,,,,,,,,,,,,,,,,,,,,PDSL_data,,2026-09-08
CCI_Oversold + Williams_Oversold,CCI_Oversold + Williams_Oversold,combo_2,67,mean_rev,Bullish,0.8358,0.01035,-0.03114,0.003538,0.013573,3.212,0.00341,-0.00094,0.4328,1.206,0.0916,0.004956,67.0,0.00651,0.01319,0.0201,0.183952,0.8806,0.01561,-0.04374,0.008519,0.121641,5.024,0.0083,-0.00284,0.4478,1.557,0.0966,0.008171,67.0,0.01118,0.01916,0.02252,2.578639,0.8209,0.02146,-0.03959,0.010525,0.257449,4.304,0.01231,0.00061,0.4179,1.842,0.1325,0.011445,67.0,0.01301,0.02207,0.0271,4.675248,0.007527,0.130888,0.8458,4.18,0.9403,2.170655,7,4.675248,-0.00106,0.4328,0.1325,0,1,0.008191,0.01301,0.02207,0.0271,0.08911,1,,,,,,,,,,,,,,,,,,,,,,,,,,,,,,,,,,,,,,,,,,,,,,,,,,,,,,,,,,,,,,,,,,,,,,,,,,,,,,,,,,,,,,PDSL_data,,2026-09-08
RSI_Bull_Momentum + Golden_Cross_State,RSI_Bull_Momentum + Golden_Cross_State,combo_2,64,trend,Bullish,,,,,,,,,,,,,,,,,,,,,,,,,,,,,,,,,,,,,,,,,,,,,,,,,,,,0.008523,0.146765,0.8594,3.585,0.9688,2.127477,20,4.372371,-0.00362,0.4583,0.1434,0,1,0.006116,0.01893,0.04653,0.054,0.41714,0,0.8438,0.0167,-0.06233,0.00435,0.084938,3.094,0.00654,0.00717,0.5,2.15,0.1434,0.005443,63.0,0.01152,0.02693,0.04445,1.097178,,,,,,,,,,,,,,,,,,0.8594,0.0348,-0.10151,0.015628,0.282002,3.714,0.01665,0.00185,0.4531,3.041,0.1201,0.01415,63.0,0.01893,0.04653,0.054,4.372371,0.875,0.02054,-0.09905,0.005592,0.073355,3.945,0.00627,-0.01988,0.4219,3.724,0.1247,-0.001245,63.0,0.02469,0.04749,0.06564,1.208013,,,,,,,,,,,,,,,,,,PDSL_data,,2026-09-08
Stoch_Bull_Zone + CCI_Oversold,Stoch_Bull_Zone + CCI_Oversold,combo_2,49,momentum,Bullish,,,,,,,,,,,,,,,,,,0.8571,0.01014,-0.04853,0.001758,0.011312,2.946,0.00298,-0.00166,0.4694,1.56,0.166,0.002498,49.0,0.00925,0.01892,0.02399,0.130354,,,,,,,,,,,,,,,,,,0.008917,0.18134,0.8435,3.123,0.9592,2.12485,15,3.956928,0.00206,0.4626,0.166,0,1,0.005864,0.01799,0.03774,0.05631,0.26138,0,0.8163,0.02526,-0.05555,0.010419,0.236158,3.012,0.0122,-0.00031,0.4286,2.206,0.1465,0.009017,49.0,0.00925,0.02429,0.0302,2.782261,0.8571,0.02956,-0.07535,0.014575,0.29655,3.411,0.01647,0.00817,0.4898,2.702,0.1311,0.006076,49.0,0.01799,0.03774,0.05631,3.956928,,,,,,,,,,,,,,,,,,,,,,,,,,,,,,,,,,,,,,,,,,,,,,,,,,,,PDSL_data,,2026-09-08
OBV_Trend_Bull + Williams_Oversold,OBV_Trend_Bull + Williams_Oversold,combo_2,30,momentum,Bullish,,,,,,,,,,,,,,,,,,0.8333,0.0043,-0.04055,-0.003177,-0.087534,2.556,-0.00357,-0.00262,0.5,1.521,0.158,-0.007611,30.0,0.01016,0.01379,0.01838,-0.768326,,,,,,,,,,,,,,,,,,0.008654,0.226734,0.8,2.917,0.9333,2.119828,15,10.128782,0.00436,0.5,0.2156,0,1,0.009584,0.0102,0.02933,0.04261,0.48511,0,0.7667,0.02433,-0.06351,0.003833,0.086685,1.864,0.00409,0.00764,0.5667,2.151,0.2156,0.004648,30.0,0.01016,0.01818,0.02237,0.554949,0.8,0.04543,-0.05518,0.025308,0.68105,4.331,0.02625,0.00807,0.4333,2.635,0.1871,0.031716,30.0,0.0102,0.02933,0.04261,10.128782,,,,,,,,,,,,,,,,,,,,,,,,,,,,,,,,,,,,,,,,,,,,,,,,,,,,PDSL_data,,2026-09-08
Price_Above_EMA200 + CMF_Strong_Bull,Price_Above_EMA200 + CMF_Strong_Bull,combo_2,21,trend,Bullish,,,,,,,,,,,,,,,,,,,,,,,,,,,,,,,,,,,,,,,,,,,,,,,,,,,,0.009802,0.258749,0.8571,2.92,0.9048,2.113031,30,7.684611,-0.00855,0.4762,0.2576,0,1,0.010458,0.03121,0.06122,0.0975,0.2592,0,0.9048,-0.00199,-0.08737,-0.010122,-0.113769,2.907,-0.00938,-0.02231,0.4762,2.15,0.2545,-0.00788,21.0,0.02366,0.02833,0.0412,-1.022204,,,,,,,,,,,,,,,,,,0.8095,0.03245,-0.10539,0.006197,0.107419,2.677,0.00589,-0.03852,0.4286,3.041,0.216,0.002255,21.0,0.02468,0.03121,0.05398,0.888739,0.8571,0.06533,-0.15866,0.03333,0.782598,3.177,0.0336,0.03517,0.5238,3.724,0.2576,0.036999,21.0,0.03121,0.06122,0.0975,7.684611,,,,,,,,,,,,,,,,,,PDSL_data,,2026-09-08
CMF_Positive,CMF_Positive,single,52,momentum,Bullish,,,,,,,,,,,,,,,,,,0.75,0.01159,-0.04337,-0.002149,0.036665,1.787,-0.00279,-0.01844,0.4423,1.461,0.1227,-0.002853,52.0,0.0049,0.01037,0.01891,0.260126,,,,,,,,,,,,,,,,,,0.002458,0.251,0.7628,2.018,0.9808,1.972746,15,4.642532,-0.00904,0.4615,0.1832,0,1,-0.003486,0.00645,0.01601,0.03867,0.88647,0,0.7692,0.0202,-0.05955,0.001795,0.20764,1.97,0.00234,0.00076,0.4808,2.067,0.1372,-0.004349,52.0,0.00645,0.0127,0.02939,1.623732,0.7692,0.0324,-0.07452,0.007728,0.508695,2.299,0.00763,-0.00945,0.4615,2.531,0.1832,-0.003255,52.0,0.00645,0.01601,0.03867,4.642532,,,,,,,,,,,,,,,,,,,,,,,,,,,,,,,,,,,,,,,,,,,,,,,,,,,,PDSL_data,,2026-09-08
Price_Above_SMA50 + OBV_Trend_Bull,Price_Above_SMA50 + OBV_Trend_Bull,combo_2,50,trend,Bullish,,,,,,,,,,,,,,,,,,,,,,,,,,,,,,,,,,,,,,,,,,,,,,,,,,,,0.00106,0.235988,0.7667,2.238,0.94,1.95226,30,5.222561,-0.01604,0.3933,0.2293,0,1,-0.002052,0.01455,0.04395,0.0481,0.91934,0,0.74,0.01291,-0.05698,-0.005258,0.005923,1.771,-0.00452,-0.02508,0.4,2.071,0.1754,-0.006017,49.0,0.00587,0.01708,0.03016,0.041241,,,,,,,,,,,,,,,,,,0.76,0.03045,-0.08799,0.002028,0.252165,1.992,0.0037,-0.01245,0.4,2.929,0.1644,0.001976,49.0,0.00914,0.02058,0.04512,1.974725,0.8,0.03039,-0.0895,0.00641,0.449875,2.953,0.01138,-0.0106,0.38,3.587,0.2293,-0.002117,49.0,0.01455,0.04395,0.0481,5.222561,,,,,,,,,,,,,,,,,,PDSL_data,,2026-09-08
MACD_Bullish_State + CDL_Harami_Bull,MACD_Bullish_State + CDL_Harami_Bull,combo_2,29,momentum,Bullish,,,,,,,,,,,,,,,,,,0.8621,0.01815,-0.0504,0.008696,0.275157,3.381,0.00861,-0.00615,0.4138,1.452,0.1578,0.007744,29.0,0.01751,0.02341,0.03289,3.163903,,,,,,,,,,,,,,,,,,0.004398,0.186062,0.8391,3.167,0.9655,1.934772,5,3.163903,0.00289,0.4713,0.3045,0,1,0.000257,0.01751,0.02341,0.03289,0.33177,0,0.8276,0.01444,-0.05233,0.002927,0.136656,3.169,0.00212,0.01375,0.5172,2.053,0.1291,-0.001641,29.0,0.01751,0.02983,0.04625,1.473147,0.8276,0.0139,-0.05759,0.00157,0.146372,2.949,0.00399,0.00108,0.4828,2.515,0.3045,-0.005331,29.0,0.01751,0.02983,0.04963,1.468302,,,,,,,,,,,,,,,,,,,,,,,,,,,,,,,,,,,,,,,,,,,,,,,,,,,,PDSL_data,,2026-09-08
MACD_Hist_Positive + CDL_Harami_Bull,MACD_Hist_Positive + CDL_Harami_Bull,combo_2,29,momentum,Bullish,,,,,,,,,,,,,,,,,,0.8621,0.01815,-0.0504,0.008696,0.275157,3.381,0.00861,-0.00615,0.4138,1.452,0.1578,0.007744,29.0,0.01751,0.02341,0.03289,3.163903,,,,,,,,,,,,,,,,,,0.004398,0.186062,0.8391,3.167,0.9655,1.934772,5,3.163903,0.00289,0.4713,0.3045,0,1,0.000257,0.01751,0.02341,0.03289,0.33177,0,0.8276,0.01444,-0.05233,0.002927,0.136656,3.169,0.00212,0.01375,0.5172,2.053,0.1291,-0.001641,29.0,0.01751,0.02983,0.04625,1.473147,0.8276,0.0139,-0.05759,0.00157,0.146372,2.949,0.00399,0.00108,0.4828,2.515,0.3045,-0.005331,29.0,0.01751,0.02983,0.04963,1.468302,,,,,,,,,,,,,,,,,,,,,,,,,,,,,,,,,,,,,,,,,,,,,,,,,,,,PDSL_data,,2026-09-08
CMF_Positive + CDL_Harami_Bull,CMF_Positive + CDL_Harami_Bull,combo_2,14,momentum,Bullish,,,,,,,,,,,,,,,,,,0.8571,0.02381,-0.0411,0.014536,0.350405,4.555,0.01466,0.0122,0.5,1.516,0.2134,0.015219,14.0,0.01525,0.02744,0.03778,4.322351,,,,,,,,,,,,,,,,,,0.006818,0.22315,0.8571,3.175,1.0,1.918918,5,4.322351,0.01413,0.5476,0.3272,0,1,0.006516,0.01525,0.02744,0.03778,0.48804,0,0.8571,0.0212,-0.07965,0.006796,0.240828,2.813,0.00754,0.01907,0.5714,2.144,0.3247,0.005855,14.0,0.02175,0.04636,0.05356,1.834613,0.8571,0.01553,-0.0993,-0.000876,0.078217,2.158,-6e-05,0.01112,0.5714,2.626,0.3272,-0.001527,14.0,0.02175,0.04887,0.06946,0.457135,,,,,,,,,,,,,,,,,,,,,,,,,,,,,,,,,,,,,,,,,,,,,,,,,,,,PDSL_data,,2026-09-08
OBV_Rising + CCI_Exit_Oversold,OBV_Rising + CCI_Exit_Oversold,combo_2,53,momentum,Bullish,,,,,,,,,,,,,,,,,,0.717,0.02739,-0.04563,0.006726,0.213678,1.884,0.00777,-0.00113,0.4528,1.571,0.1667,0.00407,53.0,0.00275,0.01299,0.01548,1.606028,,,,,,,,,,,,,,,,,,0.009836,0.246093,0.7421,1.986,0.9434,1.839139,15,2.466347,0.00103,0.4528,0.1667,0,1,0.004484,0.01053,0.01668,0.05382,0.88439,0,0.7358,0.03768,-0.06643,0.010178,0.208747,2.116,0.00977,-0.00367,0.4528,2.221,0.148,0.004658,53.0,0.0042,0.01344,0.03111,1.761959,0.7736,0.04357,-0.09319,0.012603,0.315853,1.958,0.01401,0.00789,0.4528,2.72,0.1656,0.004724,53.0,0.01053,0.01668,0.05382,2.466347,,,,,,,,,,,,,,,,,,,,,,,,,,,,,,,,,,,,,,,,,,,,,,,,,,,,PDSL_data,,2026-09-08
Price_Above_SMA20 + CMF_Strong_Bull,Price_Above_SMA20 + CMF_Strong_Bull,combo_2,25,momentum,Bullish,,,,,,,,,,,,,,,,,,0.84,0.01149,-0.02862,0.005068,0.207617,4.297,0.0047,-0.00041,0.4,1.429,0.2071,0.002064,25.0,0.01091,0.02279,0.0318,2.906699,,,,,,,,,,,,,,,,,,0.003786,0.218985,0.8133,2.797,0.92,1.835873,5,2.906699,-0.00192,0.4533,0.3738,0,1,-0.00029,0.01091,0.02279,0.0318,0.47303,0,0.84,0.01588,-0.08808,-0.000753,0.102751,1.928,-0.00095,0.00349,0.56,2.02,0.2399,-0.004471,25.0,0.01091,0.02279,0.03216,0.645435,0.76,0.03212,-0.07238,0.007043,0.346587,2.166,0.00913,-0.00883,0.4,2.474,0.3738,0.001537,25.0,0.01091,0.02653,0.04162,2.44547,,,,,,,,,,,,,,,,,,,,,,,,,,,,,,,,,,,,,,,,,,,,,,,,,,,,PDSL_data,,2026-09-08
MACD_Hist_Rising + BB_Expansion_Bull,MACD_Hist_Rising + BB_Expansion_Bull,combo_2,32,momentum,Bullish,,,,,,,,,,,,,,,,,,0.8438,0.01793,-0.06652,0.004737,0.272683,2.672,0.00541,-0.01133,0.4062,1.477,0.1965,0.001011,32.0,0.0068,0.02283,0.03149,2.547527,,,,,,,,,,,,,,,,,,0.000661,0.21514,0.8229,2.576,0.9375,1.816647,5,2.547527,-0.01059,0.4271,0.1965,0,1,-0.009011,0.0068,0.02283,0.03149,0.4164,0,0.8438,0.01233,-0.08056,-0.002182,0.142147,2.978,-0.00185,-0.00876,0.4688,2.088,0.1619,-0.012436,32.0,0.00846,0.02581,0.0413,1.480234,0.7812,0.0268,-0.09833,-0.000572,0.230591,2.078,-0.00054,-0.01167,0.4062,2.558,0.1945,-0.015609,32.0,0.00846,0.02581,0.04146,1.675237,,,,,,,,,,,,,,,,,,,,,,,,,,,,,,,,,,,,,,,,,,,,,,,,,,,,PDSL_data,,2026-09-08
Stoch_Oversold + OBV_Trend_Bull,Stoch_Oversold + OBV_Trend_Bull,combo_2,25,momentum,Bullish,,,,,,,,,,,,,,,,,,0.8,0.00335,-0.04241,-0.005806,-0.180509,1.61,-0.00576,-0.00822,0.44,1.559,0.2359,-0.00749,25.0,0.00809,0.01561,0.02019,-0.94678,,,,,,,,,,,,,,,,,,0.008553,0.146633,0.84,4.064,0.92,1.786358,15,8.834108,-0.00119,0.44,0.2594,0,1,0.009318,0.02042,0.03292,0.04731,0.3289,0,0.88,0.02008,-0.05802,0.010712,0.160282,4.69,0.01168,0.00866,0.48,2.204,0.2594,0.010395,25.0,0.01167,0.02496,0.03301,2.4493,0.84,0.03479,-0.05295,0.020753,0.460126,5.893,0.02168,-0.00401,0.4,2.7,0.2097,0.025049,25.0,0.02042,0.03292,0.04731,8.834108,,,,,,,,,,,,,,,,,,,,,,,,,,,,,,,,,,,,,,,,,,,,,,,,,,,,PDSL_data,,2026-09-08
CCI_Exit_Oversold + VWAP_Bull,CCI_Exit_Oversold + VWAP_Bull,combo_2,43,momentum,Bullish,,,,,,,,,,,,,,,,,,0.7209,0.02673,-0.05116,0.004993,0.208432,1.649,0.00645,-0.00341,0.4419,1.571,0.212,-2e-05,43.0,0.00958,0.01327,0.01611,1.300925,,,,,,,,,,,,,,,,,,0.009668,0.239511,0.7442,2.045,0.9535,1.767205,15,2.249157,-0.00238,0.4341,0.212,0,1,0.002238,0.01215,0.01668,0.0507,0.88813,0,0.7442,0.03439,-0.05892,0.010521,0.23318,2.339,0.01063,-0.01148,0.4186,2.222,0.1926,0.002644,43.0,0.01096,0.01456,0.02998,2.063976,0.7674,0.04304,-0.08403,0.013491,0.27692,2.146,0.01475,0.00775,0.4419,2.721,0.2016,0.004089,43.0,0.01215,0.01668,0.0507,2.249157,,,,,,,,,,,,,,,,,,,,,,,,,,,,,,,,,,,,,,,,,,,,,,,,,,,,PDSL_data,,2026-09-08
Stoch_Cross_Up + CCI_Oversold,Stoch_Cross_Up + CCI_Oversold,combo_2,41,mean_rev,Bullish,0.8537,0.00582,-0.03639,-0.000358,-0.028906,2.315,-0.00119,-0.00141,0.4878,1.214,0.1274,-0.001874,41.0,0.00911,0.0143,0.0186,-0.250115,0.878,0.01127,-0.03443,0.005696,0.132008,4.107,0.00586,0.00248,0.4634,1.567,0.1248,0.002212,41.0,0.01368,0.02325,0.02579,2.026515,0.878,0.02166,-0.05363,0.012475,0.297377,4.332,0.01248,0.00449,0.4146,1.854,0.1532,0.00762,41.0,0.01368,0.02509,0.03324,4.814455,0.005938,0.133493,0.8699,3.585,0.9756,1.744904,7,4.814455,0.00185,0.4553,0.1532,0,1,0.002653,0.01368,0.02509,0.03324,0.18599,0,,,,,,,,,,,,,,,,,,,,,,,,,,,,,,,,,,,,,,,,,,,,,,,,,,,,,,,,,,,,,,,,,,,,,,,,,,,,,,,,,,,,,,PDSL_data,,2026-09-08
MACD_Hist_Positive + MACD_Zero_Cross_Up,MACD_Hist_Positive + MACD_Zero_Cross_Up,combo_2,19,momentum,Bullish,,,,,,,,,,,,,,,,,,0.6316,0.02919,-0.05052,-0.000176,0.141206,1.544,0.00025,-0.01503,0.4211,1.438,0.2771,0.00441,19.0,0.00372,0.00674,0.00884,0.652957,,,,,,,,,,,,,,,,,,0.009617,0.355668,0.6491,1.702,0.9474,1.717929,15,3.528281,-0.00036,0.4211,0.2853,0,1,0.013305,0.00393,0.00895,0.02462,0.96324,0,0.6842,0.04299,-0.06535,0.008775,0.305666,1.663,0.01018,0.00314,0.4737,2.034,0.2853,0.013499,19.0,0.00393,0.00895,0.02348,1.522757,0.6316,0.07037,-0.06566,0.020251,0.620132,1.899,0.02098,0.01081,0.3684,2.491,0.2792,0.022007,19.0,0.00393,0.00895,0.02462,3.528281,,,,,,,,,,,,,,,,,,,,,,,,,,,,,,,,,,,,,,,,,,,,,,,,,,,,PDSL_data,,2026-09-08
MACD_Bullish_State + MACD_Zero_Cross_Up,MACD_Bullish_State + MACD_Zero_Cross_Up,combo_2,19,momentum,Bullish,,,,,,,,,,,,,,,,,,0.6316,0.02919,-0.05052,-0.000176,0.141206,1.544,0.00025,-0.01503,0.4211,1.438,0.2771,0.00441,19.0,0.00372,0.00674,0.00884,0.652957,,,,,,,,,,,,,,,,,,0.009617,0.355668,0.6491,1.702,0.9474,1.717929,15,3.528281,-0.00036,0.4211,0.2853,0,1,0.013305,0.00393,0.00895,0.02462,0.96324,0,0.6842,0.04299,-0.06535,0.008775,0.305666,1.663,0.01018,0.00314,0.4737,2.034,0.2853,0.013499,19.0,0.00393,0.00895,0.02348,1.522757,0.6316,0.07037,-0.06566,0.020251,0.620132,1.899,0.02098,0.01081,0.3684,2.491,0.2792,0.022007,19.0,0.00393,0.00895,0.02462,3.528281,,,,,,,,,,,,,,,,,,,,,,,,,,,,,,,,,,,,,,,,,,,,,,,,,,,,PDSL_data,,2026-09-08
Price_Above_EMA200 + Williams_Oversold,Price_Above_EMA200 + Williams_Oversold,combo_2,45,trend,Bullish,,,,,,,,,,,,,,,,,,,,,,,,,,,,,,,,,,,,,,,,,,,,,,,,,,,,0.009083,0.06883,0.8889,5.825,1.0,1.53506,10,5.65486,0.0003,0.4444,0.133,0,1,-0.001278,0.01993,0.02787,0.04181,0.17129,0,0.8889,0.01997,-0.03523,0.013834,0.188947,7.817,0.0135,0.00648,0.3778,2.296,0.1184,0.005658,45.0,0.01993,0.02787,0.04181,5.65486,,,,,,,,,,,,,,,,,,0.8889,0.02308,-0.06155,0.013673,0.184575,5.596,0.01422,0.00328,0.4667,3.248,0.133,0.002957,45.0,0.02982,0.04013,0.06722,3.954374,0.8889,0.00825,-0.0683,-0.000258,-0.167031,4.062,1e-05,-0.00887,0.4889,3.977,0.1127,-0.012449,45.0,0.03208,0.07004,0.09063,-2.597945,,,,,,,,,,,,,,,,,,PDSL_data,,2026-09-08
Price_Above_SMA20 + CMF_Positive,Price_Above_SMA20 + CMF_Positive,combo_2,45,momentum,Bullish,,,,,,,,,,,,,,,,,,0.7111,0.01524,-0.04545,-0.002296,0.060294,1.514,-0.00295,-0.01934,0.4667,1.452,0.1383,-0.002986,45.0,0.00459,0.00895,0.01692,0.349417,,,,,,,,,,,,,,,,,,1.7e-05,0.226343,0.7407,1.836,0.9556,1.5207,15,4.153076,-0.01374,0.4667,0.1988,0,1,-0.006985,0.00536,0.00986,0.0399,0.9154,0,0.7556,0.01846,-0.06684,-0.002389,0.14444,1.709,-0.00249,-0.00512,0.4889,2.054,0.1538,-0.009323,45.0,0.00536,0.00986,0.03708,0.944868,0.7556,0.03069,-0.07548,0.004736,0.474296,2.287,0.00455,-0.01676,0.4444,2.516,0.1988,-0.008647,45.0,0.00536,0.00986,0.0399,4.153076,,,,,,,,,,,,,,,,,,,,,,,,,,,,,,,,,,,,,,,,,,,,,,,,,,,,PDSL_data,,2026-09-08
RSI_Cross50_Up,RSI_Cross50_Up,single,77,momentum,Bullish,,,,,,,,,,,,,,,,,,0.8182,0.01911,-0.05131,0.006308,0.151063,2.607,0.00707,0.0045,0.4935,1.481,0.1147,0.002552,76.0,0.00852,0.01681,0.02478,1.715462,,,,,,,,,,,,,,,,,,0.004918,0.145893,0.8095,2.345,0.987,1.47098,15,1.793883,0.00368,0.4978,0.1147,0,1,0.003914,0.01039,0.03513,0.04835,0.5014,0,0.8052,0.02195,-0.07465,0.003136,0.107141,2.133,0.00368,0.00723,0.5065,2.094,0.0975,0.003593,76.0,0.01012,0.02367,0.04445,0.995842,0.8052,0.02754,-0.08659,0.00531,0.179475,2.294,0.0051,-0.00069,0.4935,2.564,0.0852,0.005596,76.0,0.01039,0.03513,0.04835,1.793883,,,,,,,,,,,,,,,,,,,,,,,,,,,,,,,,,,,,,,,,,,,,,,,,,,,,PDSL_data,,2026-09-08
RSI_Cross50_Up + OBV_Rising,RSI_Cross50_Up + OBV_Rising,combo_2,77,momentum,Bullish,,,,,,,,,,,,,,,,,,0.8182,0.01911,-0.05131,0.006308,0.151063,2.607,0.00707,0.0045,0.4935,1.481,0.1147,0.002552,76.0,0.00852,0.01681,0.02478,1.715462,,,,,,,,,,,,,,,,,,0.004918,0.145893,0.8095,2.345,0.987,1.47098,15,1.793883,0.00368,0.4978,0.1147,0,1,0.003914,0.01039,0.03513,0.04835,0.5014,0,0.8052,0.02195,-0.07465,0.003136,0.107141,2.133,0.00368,0.00723,0.5065,2.094,0.0975,0.003593,76.0,0.01012,0.02367,0.04445,0.995842,0.8052,0.02754,-0.08659,0.00531,0.179475,2.294,0.0051,-0.00069,0.4935,2.564,0.0852,0.005596,76.0,0.01039,0.03513,0.04835,1.793883,,,,,,,,,,,,,,,,,,,,,,,,,,,,,,,,,,,,,,,,,,,,,,,,,,,,PDSL_data,,2026-09-08
RSI_Cross50_Up + Price_Above_SMA20,RSI_Cross50_Up + Price_Above_SMA20,combo_2,56,momentum,Bullish,,,,,,,,,,,,,,,,,,0.8393,0.01598,-0.05645,0.004342,0.090035,2.592,0.00502,0.00399,0.5,1.461,0.1639,0.001795,55.0,0.00809,0.01738,0.02441,0.943496,,,,,,,,,,,,,,,,,,0.004574,0.147958,0.8214,2.429,0.9643,1.401279,15,2.937338,0.00732,0.506,0.1639,0,1,0.004432,0.01308,0.04205,0.04737,0.36126,0,0.8214,0.01901,-0.07608,0.002029,0.070486,2.132,0.00243,0.00428,0.5,2.066,0.1452,0.003605,55.0,0.01308,0.03269,0.04585,0.607533,0.8036,0.02884,-0.08057,0.007351,0.283351,2.564,0.00722,0.01369,0.5179,2.53,0.1117,0.007897,55.0,0.01308,0.04205,0.04737,2.937338,,,,,,,,,,,,,,,,,,,,,,,,,,,,,,,,,,,,,,,,,,,,,,,,,,,,PDSL_data,,2026-09-08
Price_Above_EMA200 + Stoch_Cross_Up,Price_Above_EMA200 + Stoch_Cross_Up,combo_2,86,trend,Bullish,,,,,,,,,,,,,,,,,,,,,,,,,,,,,,,,,,,,,,,,,,,,,,,,,,,,0.006607,0.080903,0.8682,4.101,0.907,1.343739,20,2.568731,-0.0002,0.4535,0.1037,0,1,0.002378,0.02957,0.04803,0.06087,0.1216,0,0.814,0.01954,-0.04885,0.006818,0.095056,3.036,0.00759,-0.00157,0.4302,2.224,0.0958,0.00437,85.0,0.01044,0.02994,0.04058,1.288888,,,,,,,,,,,,,,,,,,0.8837,0.02009,-0.08145,0.008286,0.137774,4.175,0.0098,0.00353,0.4651,3.145,0.1037,0.003369,85.0,0.02957,0.04803,0.06087,2.568731,0.907,0.01497,-0.09526,0.004717,0.00988,5.091,0.00532,-0.00255,0.4651,3.852,0.0909,-0.000604,85.0,0.04275,0.05993,0.07009,0.224625,,,,,,,,,,,,,,,,,,PDSL_data,,2026-09-08
VWAP_Bull + CDL_HaramiCross_Bull,VWAP_Bull + CDL_HaramiCross_Bull,combo_2,21,momentum,Bullish,,,,,,,,,,,,,,,,,,0.8571,0.0071,-0.05998,-0.002485,-0.003309,1.45,-0.00211,-7e-05,0.5238,1.354,0.2699,-0.000534,21.0,0.01073,0.01827,0.03029,-0.014829,,,,,,,,,,,,,,,,,,0.002634,0.226934,0.8095,2.097,0.9048,1.330612,15,4.781015,-0.00288,0.4921,0.3797,0,1,0.004538,0.01657,0.02619,0.0639,0.41637,0,0.7619,0.01262,-0.04214,-0.000417,0.148248,1.953,0.00016,0.00344,0.5238,1.915,0.3198,0.003915,21.0,0.01073,0.01827,0.04385,0.895149,0.8095,0.02731,-0.05935,0.010804,0.535861,2.886,0.01304,-0.012,0.4286,2.346,0.3797,0.010233,21.0,0.01657,0.02619,0.0639,4.781015,,,,,,,,,,,,,,,,,,,,,,,,,,,,,,,,,,,,,,,,,,,,,,,,,,,,PDSL_data,,2026-09-08
BB_Expansion_Bull + CMF_Positive,BB_Expansion_Bull + CMF_Positive,combo_2,21,momentum,Bullish,,,,,,,,,,,,,,,,,,0.8571,0.00475,-0.05642,-0.003985,0.022785,2.587,-0.00421,-0.02242,0.381,1.407,0.2775,-0.007242,21.0,0.00802,0.02628,0.03651,0.182235,,,,,,,,,,,,,,,,,,-0.003444,0.143342,0.8571,2.947,1.0,1.305961,15,4.484927,-0.01466,0.4286,0.3673,0,1,-0.010234,0.00802,0.03651,0.04459,0.41637,0,0.8571,0.00799,-0.10616,-0.008316,0.035622,2.351,-0.00855,-0.01926,0.4286,1.989,0.2593,-0.016118,21.0,0.00802,0.03651,0.04459,0.25882,0.8571,0.01623,-0.08358,0.001967,0.37162,3.904,0.00387,-0.0023,0.4762,2.436,0.3673,-0.007343,21.0,0.00802,0.03651,0.04459,4.484927,,,,,,,,,,,,,,,,,,,,,,,,,,,,,,,,,,,,,,,,,,,,,,,,,,,,PDSL_data,,2026-09-08
CDL_Harami_Bull,CDL_Harami_Bull,single,82,candle,Bullish,0.878,0.00735,-0.041,0.001457,0.065126,2.862,0.00165,0.00088,0.4878,1.096,0.1015,-0.000907,82.0,0.01158,0.01691,0.02002,0.823663,0.9024,0.01343,-0.05599,0.00666,0.174209,3.673,0.00628,0.00118,0.4634,1.415,0.0821,0.004957,82.0,0.01453,0.0203,0.02982,2.82756,,,,,,,,,,,,,,,,,,0.003104,0.094129,0.8984,3.226,0.9634,1.292664,5,2.82756,0.00101,0.4797,0.1054,0,1,0.001037,0.01453,0.0203,0.02982,0.01556,1,,,,,,,,,,,,,,,,,,,,,,,,,,,,,,,,,,,,,,,,,,,,,,,,,,,,,,,,,,,,,,,,,,,,,0.9146,0.00498,-0.03941,0.001195,0.043052,3.142,0.00147,0.00096,0.4878,0.895,0.1054,-0.000939,82.0,0.01079,0.01323,0.01707,0.597784,PDSL_data,,2026-09-08
Stoch_Bull_Zone + CCI_Exit_Oversold,Stoch_Bull_Zone + CCI_Exit_Oversold,combo_2,48,momentum,Bullish,,,,,,,,,,,,,,,,,,0.7292,0.02417,-0.04785,0.004663,0.102986,1.745,0.0066,-0.00143,0.4375,1.566,0.19,0.002951,48.0,0.00227,0.01299,0.01569,0.699251,,,,,,,,,,,,,,,,,,0.006981,0.197442,0.7431,1.736,0.9583,1.278405,15,1.898114,0.0029,0.4653,0.19,0,1,0.004348,0.01062,0.01668,0.05394,0.88587,0,0.7292,0.03547,-0.06927,0.0071,0.20676,1.738,0.00781,-0.00627,0.4583,2.214,0.1691,0.003804,48.0,0.00689,0.01344,0.02934,1.398147,0.7708,0.04193,-0.10099,0.00918,0.282582,1.726,0.01124,0.01639,0.5,2.712,0.1504,0.006288,48.0,0.01062,0.01668,0.05394,1.898114,,,,,,,,,,,,,,,,,,,,,,,,,,,,,,,,,,,,,,,,,,,,,,,,,,,,PDSL_data,,2026-09-08
RSI_Bull_Momentum + Price_Above_EMA200,RSI_Bull_Momentum + Price_Above_EMA200,combo_2,71,trend,Bullish,,,,,,,,,,,,,,,,,,,,,,,,,,,,,,,,,,,,,,,,,,,,,,,,,,,,0.005263,0.082954,0.8638,3.431,0.9437,1.148481,20,1.982188,-0.00485,0.4695,0.1273,0,1,0.002217,0.02004,0.04798,0.05601,0.31127,0,0.831,0.01686,-0.05644,0.004472,0.075473,3.259,0.00621,0.00132,0.4789,2.144,0.1273,0.005088,69.0,0.01121,0.02378,0.04441,1.051939,,,,,,,,,,,,,,,,,,0.8732,0.02604,-0.10902,0.008918,0.139214,3.329,0.01105,0.00453,0.4789,3.033,0.1216,0.007745,69.0,0.02004,0.04798,0.05601,1.982188,0.8873,0.01599,-0.1046,0.002399,0.034173,3.703,0.00251,-0.02042,0.4507,3.714,0.1126,-0.006181,69.0,0.03339,0.04844,0.06568,0.541233,,,,,,,,,,,,,,,,,,PDSL_data,,2026-09-08
RSI_Bull_Momentum + CMF_Positive,RSI_Bull_Momentum + CMF_Positive,combo_2,59,momentum,Bullish,,,,,,,,,,,,,,,,,,0.7458,0.00963,-0.04392,-0.00398,-0.036615,1.555,-0.00166,-0.00943,0.4576,1.484,0.2359,-0.0028,58.0,0.00714,0.01014,0.01803,-0.233112,,,,,,,,,,,,,,,,,,0.004898,0.123453,0.774,2.261,0.9492,1.084642,15,4.239683,-0.00278,0.452,0.2359,0,1,0.000732,0.00789,0.02336,0.04522,0.78712,0,0.7797,0.01907,-0.06042,0.001557,0.077123,2.088,0.00325,0.00113,0.4915,2.098,0.1668,-0.002565,58.0,0.00789,0.0124,0.03707,0.659376,0.7966,0.04146,-0.07824,0.017116,0.32985,3.139,0.01716,-4e-05,0.4068,2.57,0.1281,0.00756,58.0,0.00789,0.02336,0.04522,4.239683,,,,,,,,,,,,,,,,,,,,,,,,,,,,,,,,,,,,,,,,,,,,,,,,,,,,PDSL_data,,2026-09-08
MACD_Zero_Cross_Up,MACD_Zero_Cross_Up,single,21,momentum,Bullish,,,,,,,,,,,,,,,,,,0.619,0.02323,-0.04854,-0.004111,0.045825,1.403,-0.00368,-0.03492,0.381,1.45,0.2771,0.000345,21.0,0.00449,0.00806,0.00916,0.198693,,,,,,,,,,,,,,,,,,0.004405,0.231488,0.6667,1.653,0.9048,1.070184,15,2.742563,-0.01272,0.3968,0.2853,0,1,0.007278,0.00475,0.00916,0.0259,0.93812,0,0.7143,0.03073,-0.06512,0.003347,0.181344,1.658,0.00476,-0.00309,0.4286,2.051,0.2853,0.006796,21.0,0.00475,0.00916,0.02378,0.929241,0.6667,0.05369,-0.06545,0.013978,0.467295,1.899,0.01471,-0.00017,0.381,2.511,0.2792,0.014693,21.0,0.00475,0.00916,0.0259,2.742563,,,,,,,,,,,,,,,,,,,,,,,,,,,,,,,,,,,,,,,,,,,,,,,,,,,,PDSL_data,,2026-09-08
Price_Above_SMA20 + MACD_Zero_Cross_Up,Price_Above_SMA20 + MACD_Zero_Cross_Up,combo_2,21,momentum,Bullish,,,,,,,,,,,,,,,,,,0.619,0.02323,-0.04854,-0.004111,0.045825,1.403,-0.00368,-0.03492,0.381,1.45,0.2771,0.000345,21.0,0.00449,0.00806,0.00916,0.198693,,,,,,,,,,,,,,,,,,0.004405,0.231488,0.6667,1.653,0.9048,1.070184,15,2.742563,-0.01272,0.3968,0.2853,0,1,0.007278,0.00475,0.00916,0.0259,0.93812,0,0.7143,0.03073,-0.06512,0.003347,0.181344,1.658,0.00476,-0.00309,0.4286,2.051,0.2853,0.006796,21.0,0.00475,0.00916,0.02378,0.929241,0.6667,0.05369,-0.06545,0.013978,0.467295,1.899,0.01471,-0.00017,0.381,2.511,0.2792,0.014693,21.0,0.00475,0.00916,0.0259,2.742563,,,,,,,,,,,,,,,,,,,,,,,,,,,,,,,,,,,,,,,,,,,,,,,,,,,,PDSL_data,,2026-09-08
CMF_Positive + OBV_Trend_Bull,CMF_Positive + OBV_Trend_Bull,combo_2,40,momentum,Bullish,,,,,,,,,,,,,,,,,,0.7,0.01312,-0.04234,-0.003521,-0.005084,1.377,-0.00438,-0.02071,0.425,1.435,0.1762,-0.001177,40.0,0.00398,0.00903,0.01608,-0.026005,,,,,,,,,,,,,,,,,,0.000146,0.174968,0.7167,1.641,0.975,1.0394,15,2.395313,-0.00506,0.475,0.233,0,1,-0.003288,0.00402,0.00986,0.02873,0.96252,0,0.725,0.02482,-0.06392,0.000416,0.197445,1.605,0.00097,0.00024,0.5,2.03,0.1712,-0.00309,40.0,0.00398,0.00986,0.02446,1.176868,0.725,0.03198,-0.07142,0.003543,0.332544,1.94,0.00576,0.00527,0.5,2.486,0.233,-0.005598,40.0,0.00402,0.00986,0.02873,2.395313,,,,,,,,,,,,,,,,,,,,,,,,,,,,,,,,,,,,,,,,,,,,,,,,,,,,PDSL_data,,2026-09-08
RSI_Cross50_Up + Golden_Cross_State,RSI_Cross50_Up + Golden_Cross_State,combo_2,51,trend,Bullish,,,,,,,,,,,,,,,,,,,,,,,,,,,,,,,,,,,,,,,,,,,,,,,,,,,,-0.002355,0.095865,0.8431,2.854,0.9608,1.038688,30,1.728864,-0.00942,0.4575,0.2969,0,1,-0.004585,0.02004,0.04677,0.05401,0.57111,0,0.8235,0.01571,-0.06499,0.001471,0.060869,2.524,0.00278,0.00059,0.4706,2.064,0.1553,0.003355,50.0,0.01068,0.02378,0.04441,0.60697,,,,,,,,,,,,,,,,,,0.8431,0.01588,-0.09559,-0.001609,0.099877,2.589,-0.00061,-0.0025,0.4902,2.919,0.1578,-0.002379,50.0,0.0135,0.04441,0.05294,1.021779,0.8627,0.00511,-0.08261,-0.006926,0.126848,3.449,-0.00223,-0.02636,0.4118,3.575,0.2969,-0.014731,50.0,0.02004,0.04677,0.05401,1.728864,,,,,,,,,,,,,,,,,,PDSL_data,,2026-09-08
Price_Above_SMA20 + VWAP_Bull,Price_Above_SMA20 + VWAP_Bull,combo_2,70,momentum,Bullish,,,,,,,,,,,,,,,,,,0.7714,0.01854,-0.05602,0.001497,-0.003052,1.778,0.00154,-0.00593,0.4286,1.473,0.1232,-0.002176,68.0,0.00833,0.01341,0.02004,-0.023133,,,,,,,,,,,,,,,,,,0.004234,0.100764,0.8048,2.551,0.9286,1.017315,15,2.901715,-0.00362,0.4381,0.176,0,1,0.000874,0.01537,0.03541,0.04501,0.42436,0,0.8,0.01691,-0.05059,0.003411,0.079033,2.866,0.00578,-0.00449,0.4143,2.083,0.176,0.001949,68.0,0.01076,0.0223,0.03908,0.965483,0.8429,0.02614,-0.09059,0.007795,0.22631,3.008,0.00835,-0.00044,0.4714,2.551,0.1106,0.00285,68.0,0.01537,0.03541,0.04501,2.901715,,,,,,,,,,,,,,,,,,,,,,,,,,,,,,,,,,,,,,,,,,,,,,,,,,,,PDSL_data,,2026-09-08
RSI_Bull_Momentum + MACD_Hist_Rising,RSI_Bull_Momentum + MACD_Hist_Rising,combo_2,118,momentum,Bullish,,,,,,,,,,,,,,,,,,0.7797,0.01789,-0.0504,0.002843,0.05549,2.187,0.00313,-0.00093,0.4661,1.474,0.0736,0.00095,117.0,0.00705,0.01285,0.02074,0.579878,,,,,,,,,,,,,,,,,,0.003034,0.096099,0.7768,2.165,0.9915,0.985896,15,1.199122,-0.00428,0.4548,0.0736,0,1,0.001947,0.00859,0.02168,0.04442,0.84636,0,0.7712,0.02354,-0.067,0.00282,0.112433,2.224,0.00336,-0.00852,0.4407,2.084,0.0699,0.003196,117.0,0.00859,0.01785,0.04071,1.195025,0.7797,0.02992,-0.09026,0.003439,0.120375,2.084,0.00409,-0.00338,0.4576,2.552,0.0698,0.001696,117.0,0.00859,0.02168,0.04442,1.199122,,,,,,,,,,,,,,,,,,,,,,,,,,,,,,,,,,,,,,,,,,,,,,,,,,,,PDSL_data,,2026-09-08
Stoch_Cross_Up + Williams_Oversold,Stoch_Cross_Up + Williams_Oversold,combo_2,35,mean_rev,Bullish,0.8,0.00601,-0.03216,-0.001622,-0.050487,1.763,-0.00177,-0.0044,0.4571,1.11,0.2692,-0.003082,35.0,0.00937,0.01103,0.01432,-0.318943,0.8,0.01186,-0.03171,0.003144,0.051024,2.452,0.00402,0.0,0.3714,1.432,0.2442,-0.002033,35.0,0.01017,0.01398,0.01873,0.448382,0.8286,0.02756,-0.0438,0.015326,0.31099,3.93,0.01519,0.00447,0.3429,1.695,0.2042,0.006369,35.0,0.01148,0.01809,0.03511,4.379362,0.005616,0.103842,0.8095,2.715,0.9714,0.981419,7,4.379362,2e-05,0.3905,0.2692,0,1,0.000418,0.01148,0.01809,0.03511,0.51097,0,,,,,,,,,,,,,,,,,,,,,,,,,,,,,,,,,,,,,,,,,,,,,,,,,,,,,,,,,,,,,,,,,,,,,,,,,,,,,,,,,,,,,,PDSL_data,,2026-09-08
OBV_Trend_Bull + VWAP_Bull,OBV_Trend_Bull + VWAP_Bull,combo_2,48,momentum,Bullish,,,,,,,,,,,,,,,,,,0.7083,0.01317,-0.0498,-0.005198,-0.117296,1.386,-0.00476,-0.01337,0.4792,1.417,0.2202,-0.006434,47.0,0.00511,0.01044,0.01512,-0.632843,,,,,,,,,,,,,,,,,,0.002256,0.115189,0.7361,2.043,0.9583,0.877762,15,3.979659,-0.01569,0.4375,0.2202,0,1,-0.000761,0.00762,0.01733,0.04233,0.9333,0,0.75,0.01678,-0.04998,9.1e-05,0.033854,2.36,-0.00045,-0.02508,0.4167,2.003,0.1697,-0.003534,47.0,0.00511,0.01514,0.02486,0.310877,0.75,0.04472,-0.08665,0.011876,0.429009,2.384,0.01416,-0.00862,0.4167,2.454,0.1458,0.007686,47.0,0.00762,0.01733,0.04233,3.979659,,,,,,,,,,,,,,,,,,,,,,,,,,,,,,,,,,,,,,,,,,,,,,,,,,,,PDSL_data,,2026-09-08
MACD_Hist_Rising + CCI_Exit_Oversold,MACD_Hist_Rising + CCI_Exit_Oversold,combo_2,54,momentum,Bullish,,,,,,,,,,,,,,,,,,0.7407,0.02164,-0.04886,0.003359,0.084059,1.662,0.00563,-0.00057,0.4444,1.533,0.1809,0.000845,54.0,0.00484,0.01283,0.01637,0.559724,,,,,,,,,,,,,,,,,,0.004582,0.129863,0.7469,1.695,0.9815,0.865687,10,1.192986,0.00032,0.4691,0.1809,0,1,0.000173,0.00966,0.01358,0.03218,0.92861,0,0.7407,0.03081,-0.06373,0.006297,0.155265,1.917,0.00706,-0.00627,0.4444,2.168,0.1544,0.000424,54.0,0.00966,0.01358,0.03218,1.192986,0.7593,0.0361,-0.09685,0.004091,0.150265,1.506,0.006,0.00782,0.5185,2.656,0.1513,-0.00075,54.0,0.01054,0.01491,0.04609,0.906632,,,,,,,,,,,,,,,,,,,,,,,,,,,,,,,,,,,,,,,,,,,,,,,,,,,,PDSL_data,,2026-09-08
Golden_Cross_State + CDL_Harami_Bull,Golden_Cross_State + CDL_Harami_Bull,combo_2,45,trend,Bullish,,,,,,,,,,,,,,,,,,,,,,,,,,,,,,,,,,,,,,,,,,,,,,,,,,,,0.0043,0.083937,0.8148,2.593,0.9333,0.777817,30,11.347029,-0.01073,0.4593,0.284,0,1,0.00205,0.02358,0.05705,0.07649,0.70758,0,0.7778,0.01123,-0.06232,-0.00511,-0.120654,1.411,-0.00348,-0.00647,0.4889,2.067,0.2203,-0.00397,45.0,0.0118,0.0187,0.03479,-0.651881,,,,,,,,,,,,,,,,,,0.8222,0.00813,-0.09207,-0.009682,-0.256431,1.656,-0.00629,-0.0281,0.4444,2.923,0.284,-0.006998,45.0,0.01536,0.03607,0.04901,-1.625779,0.8444,0.04738,-0.07916,0.027692,0.628897,4.713,0.0262,0.00239,0.4444,3.58,0.1514,0.017116,45.0,0.02358,0.05705,0.07649,11.347029,,,,,,,,,,,,,,,,,,PDSL_data,,2026-09-08
Stoch_Bull_Zone + CMF_Positive,Stoch_Bull_Zone + CMF_Positive,combo_2,70,momentum,Bullish,,,,,,,,,,,,,,,,,,0.8143,0.00776,-0.04847,-0.002681,0.010779,2.103,-0.00202,-0.01336,0.4714,1.528,0.1494,-0.0046,69.0,0.0089,0.01618,0.02071,0.096625,,,,,,,,,,,,,,,,,,0.001999,0.085451,0.7857,2.213,0.9571,0.771514,15,1.29246,-0.01236,0.4476,0.1494,0,1,-0.004834,0.00993,0.02246,0.0451,0.54206,0,0.7714,0.01993,-0.05469,0.002878,0.098369,2.476,0.00337,-0.01238,0.4429,2.161,0.108,-0.004024,69.0,0.00928,0.01691,0.03341,1.038231,0.7714,0.0329,-0.08568,0.0058,0.147207,2.06,0.0062,-0.01135,0.4286,2.646,0.1305,-0.005876,69.0,0.00993,0.02246,0.0451,1.29246,,,,,,,,,,,,,,,,,,,,,,,,,,,,,,,,,,,,,,,,,,,,,,,,,,,,PDSL_data,,2026-09-08
RSI_Cross50_Up + MACD_Hist_Rising,RSI_Cross50_Up + MACD_Hist_Rising,combo_2,66,momentum,Bullish,,,,,,,,,,,,,,,,,,0.803,0.01519,-0.05157,0.002039,0.043445,2.188,0.00276,0.00036,0.4848,1.49,0.1463,-0.001223,66.0,0.00809,0.014,0.02218,0.39978,,,,,,,,,,,,,,,,,,0.002048,0.083656,0.7929,2.071,0.9848,0.717332,15,1.837316,-0.00297,0.4899,0.1463,0,1,0.002229,0.00929,0.02378,0.04661,0.63658,0,0.7879,0.01969,-0.07909,-0.001266,0.006242,1.853,-0.00078,-0.00427,0.5,2.106,0.1142,0.000831,66.0,0.00929,0.02004,0.04149,0.048626,0.7879,0.03183,-0.0929,0.005372,0.201282,2.171,0.0052,-0.005,0.4848,2.58,0.09,0.00708,66.0,0.00929,0.02378,0.04661,1.837316,,,,,,,,,,,,,,,,,,,,,,,,,,,,,,,,,,,,,,,,,,,,,,,,,,,,PDSL_data,,2026-09-08
CDL_Harami_Bull + CDL_HaramiCross_Bull,CDL_Harami_Bull + CDL_HaramiCross_Bull,combo_2,26,candle,Bullish,0.8846,0.00619,-0.03475,0.001465,0.070825,3.623,0.00131,0.00172,0.5,1.056,0.2674,0.000283,26.0,0.01116,0.01657,0.01834,0.845735,0.8846,0.00735,-0.05958,-0.000372,0.068802,2.14,0.00062,-0.00183,0.5,1.363,0.332,0.001943,26.0,0.01365,0.01827,0.02995,0.485367,,,,,,,,,,,,,,,,,,0.00084,0.067011,0.8974,3.187,0.9615,0.676694,3,0.845735,0.00098,0.5128,0.332,0,1,0.000975,0.01116,0.01657,0.01834,0.16164,0,,,,,,,,,,,,,,,,,,,,,,,,,,,,,,,,,,,,,,,,,,,,,,,,,,,,,,,,,,,,,,,,,,,,,0.9231,0.00486,-0.0398,0.001427,0.061406,3.796,0.00144,0.00304,0.5385,0.862,0.1791,0.000699,26.0,0.01116,0.01319,0.01649,0.768241,PDSL_data,,2026-09-08
CDL_HaramiCross_Bull,CDL_HaramiCross_Bull,single,26,candle,Bullish,0.8846,0.00619,-0.03475,0.001465,0.070825,3.623,0.00131,0.00172,0.5,1.056,0.2674,0.000283,26.0,0.01116,0.01657,0.01834,0.845735,0.8846,0.00735,-0.05958,-0.000372,0.068802,2.14,0.00062,-0.00183,0.5,1.363,0.332,0.001943,26.0,0.01365,0.01827,0.02995,0.485367,,,,,,,,,,,,,,,,,,0.00084,0.067011,0.8974,3.187,0.9615,0.676694,3,0.845735,0.00098,0.5128,0.332,0,1,0.000975,0.01116,0.01657,0.01834,0.16164,0,,,,,,,,,,,,,,,,,,,,,,,,,,,,,,,,,,,,,,,,,,,,,,,,,,,,,,,,,,,,,,,,,,,,,0.9231,0.00486,-0.0398,0.001427,0.061406,3.796,0.00144,0.00304,0.5385,0.862,0.1791,0.000699,26.0,0.01116,0.01319,0.01649,0.768241,PDSL_data,,2026-09-08
RSI_Bull_Momentum + RSI_Cross50_Up,RSI_Bull_Momentum + RSI_Cross50_Up,combo_2,76,momentum,Bullish,,,,,,,,,,,,,,,,,,0.8158,0.01618,-0.05134,0.003743,0.086002,2.326,0.00423,0.00399,0.5,1.487,0.1083,-0.000304,75.0,0.0085,0.01666,0.02441,0.868856,,,,,,,,,,,,,,,,,,0.00188,0.066363,0.807,2.111,0.9868,0.600476,5,0.868856,0.00246,0.5088,0.1083,0,1,0.001083,0.0085,0.01666,0.02441,0.52412,0,0.8026,0.01829,-0.07471,-6.3e-05,0.044766,1.913,0.00058,0.00428,0.5395,2.103,0.0993,0.000725,75.0,0.01009,0.02364,0.04443,0.371938,0.8026,0.02374,-0.08661,0.001958,0.06832,2.094,0.00193,-0.00089,0.4868,2.576,0.0929,0.002829,75.0,0.01031,0.03339,0.04821,0.62143,,,,,,,,,,,,,,,,,,,,,,,,,,,,,,,,,,,,,,,,,,,,,,,,,,,,PDSL_data,,2026-09-08
CMF_Positive + VWAP_Bull,CMF_Positive + VWAP_Bull,combo_2,41,momentum,Bullish,,,,,,,,,,,,,,,,,,0.7317,0.00428,-0.05363,-0.011255,-0.095965,1.159,-0.01092,-0.021,0.3659,1.454,0.1786,-0.011993,41.0,0.00475,0.01,0.02121,-0.415676,,,,,,,,,,,,,,,,,,-0.005992,0.114717,0.7561,1.459,0.9512,0.594878,15,2.680518,-0.01418,0.439,0.254,0,1,-0.0124,0.00475,0.0122,0.03651,0.82625,0,0.7805,0.0121,-0.07264,-0.006502,0.048549,1.385,-0.00624,-0.00454,0.5366,2.056,0.2121,-0.013278,41.0,0.00475,0.0122,0.03651,0.251361,0.7561,0.02588,-0.08113,-0.00022,0.391567,1.832,-0.00041,-0.01701,0.4146,2.519,0.254,-0.01193,41.0,0.00475,0.0122,0.03651,2.680518,,,,,,,,,,,,,,,,,,,,,,,,,,,,,,,,,,,,,,,,,,,,,,,,,,,,PDSL_data,,2026-09-08
Williams_Oversold + CDL_Harami_Bull,Williams_Oversold + CDL_Harami_Bull,combo_2,19,mean_rev,Bullish,1.0,0.00871,0.0,0.008711,0.115455,,0.00846,0.00158,0.4211,1.124,0.2285,0.00373,19.0,0.01351,0.01666,0.01912,0.345871,1.0,0.00945,0.0,0.009449,0.133768,,0.01034,-0.00382,0.3684,1.451,0.3234,0.005271,19.0,0.01744,0.01948,0.03263,0.400733,1.0,0.01493,0.0,0.014927,0.233919,,0.01652,0.00447,0.4737,1.716,0.3478,0.008711,19.0,0.01759,0.02585,0.04022,0.700758,0.011029,0.161047,1.0,0.0,1.0,0.482454,7,0.700758,0.00075,0.4211,0.3478,0,1,0.005904,0.01759,0.02585,0.04022,0.01846,1,,,,,,,,,,,,,,,,,,,,,,,,,,,,,,,,,,,,,,,,,,,,,,,,,,,,,,,,,,,,,,,,,,,,,,,,,,,,,,,,,,,,,,PDSL_data,,2026-09-08
OBV_Trend_Bull + CCI_Exit_Oversold,OBV_Trend_Bull + CCI_Exit_Oversold,combo_2,15,momentum,Bullish,,,,,,,,,,,,,,,,,,0.5333,0.02715,-0.05979,-0.013422,-0.288318,0.645,-0.01361,-0.02414,0.4,1.476,0.3709,0.000111,15.0,-0.00148,0.00059,0.00443,-0.799388,,,,,,,,,,,,,,,,,,0.001466,0.139253,0.5778,1.206,0.8667,0.403574,15,3.840951,-0.01594,0.4222,0.389,0,1,0.017999,0.00175,0.00904,0.02406,0.96746,0,0.5333,0.0538,-0.07084,-0.004365,0.01537,0.968,-0.00371,-0.03247,0.4,2.088,0.389,0.012843,15.0,-0.00148,0.00059,0.00443,0.042615,0.6667,0.07175,-0.07694,0.022186,0.690706,2.006,0.02184,0.00879,0.4667,2.557,0.2514,0.041042,15.0,0.00175,0.00904,0.02406,3.840951,,,,,,,,,,,,,,,,,,,,,,,,,,,,,,,,,,,,,,,,,,,,,,,,,,,,PDSL_data,,2026-09-08
MACD_Hist_Rising + MACD_Zero_Cross_Up,MACD_Hist_Rising + MACD_Zero_Cross_Up,combo_2,17,momentum,Bullish,,,,,,,,,,,,,,,,,,0.5294,0.03015,-0.04859,-0.006905,-0.097844,1.003,-0.00631,-0.01503,0.4118,1.428,0.3154,-0.004325,17.0,0.00294,0.00541,0.00852,-0.283731,,,,,,,,,,,,,,,,,,0.001689,0.116073,0.6275,1.377,0.8235,0.380567,15,1.332855,-0.00614,0.4314,0.3591,0,1,0.000199,0.0031,0.00874,0.02255,0.93638,0,0.7059,0.03138,-0.06348,0.003479,0.140358,1.621,0.00488,-0.00309,0.4118,2.019,0.3591,0.00178,17.0,0.0031,0.00874,0.02046,0.657438,0.6471,0.05503,-0.07682,0.008493,0.305706,1.508,0.00922,-0.00029,0.4706,2.473,0.3494,0.003143,17.0,0.0031,0.00874,0.02255,1.332855,,,,,,,,,,,,,,,,,,,,,,,,,,,,,,,,,,,,,,,,,,,,,,,,,,,,PDSL_data,,2026-09-08
CCI_Exit_Oversold,CCI_Exit_Oversold,single,63,mean_rev,Bullish,0.746,0.0105,-0.03547,-0.001174,-0.034648,1.763,-0.00117,-0.00688,0.4762,1.191,0.1155,-0.005036,63.0,0.00335,0.01069,0.01348,-0.254099,0.7143,0.02554,-0.04813,0.004487,0.139928,1.661,0.00571,-0.00173,0.4286,1.537,0.1484,0.001159,63.0,0.0041,0.01256,0.01548,0.96685,0.7302,0.02716,-0.0667,0.001832,0.064882,1.476,0.00348,0.00411,0.5079,1.819,0.1464,-0.001356,63.0,0.0041,0.01256,0.01726,0.398306,0.001715,0.056721,0.7302,1.634,0.9683,0.373132,5,0.96685,-0.0015,0.4709,0.1484,0,1,-0.001744,0.0041,0.01256,0.01548,0.93879,0,,,,,,,,,,,,,,,,,,,,,,,,,,,,,,,,,,,,,,,,,,,,,,,,,,,,,,,,,,,,,,,,,,,,,,,,,,,,,,,,,,,,,,PDSL_data,,2026-09-08
MACD_Bullish_State + BB_Expansion_Bull,MACD_Bullish_State + BB_Expansion_Bull,combo_2,23,momentum,Bullish,,,,,,,,,,,,,,,,,,0.7826,0.0169,-0.07673,-0.003454,-0.037131,1.47,-0.00294,-0.01721,0.4348,1.456,0.2168,-0.000138,23.0,0.00693,0.01272,0.02871,-0.173491,,,,,,,,,,,,,,,,,,-0.001739,0.053813,0.7826,1.841,1.0,0.314826,15,2.377057,-0.01292,0.4493,0.2387,0,1,-0.004189,0.00693,0.01758,0.03983,0.74133,0,0.7826,0.01677,-0.09244,-0.006969,-0.122328,1.722,-0.00637,-0.01926,0.4348,2.059,0.2382,-0.009078,23.0,0.00693,0.01758,0.03983,-0.669275,0.7826,0.03447,-0.10017,0.005204,0.320897,2.331,0.00546,-0.0023,0.4783,2.522,0.2387,-0.003352,23.0,0.00693,0.01758,0.03983,2.377057,,,,,,,,,,,,,,,,,,,,,,,,,,,,,,,,,,,,,,,,,,,,,,,,,,,,PDSL_data,,2026-09-08
Price_Above_SMA20 + BB_Expansion_Bull,Price_Above_SMA20 + BB_Expansion_Bull,combo_2,23,momentum,Bullish,,,,,,,,,,,,,,,,,,0.7826,0.0169,-0.07673,-0.003454,-0.037131,1.47,-0.00294,-0.01721,0.4348,1.456,0.2168,-0.000138,23.0,0.00693,0.01272,0.02871,-0.173491,,,,,,,,,,,,,,,,,,-0.001739,0.053813,0.7826,1.841,1.0,0.314826,15,2.377057,-0.01292,0.4493,0.2387,0,1,-0.004189,0.00693,0.01758,0.03983,0.74133,0,0.7826,0.01677,-0.09244,-0.006969,-0.122328,1.722,-0.00637,-0.01926,0.4348,2.059,0.2382,-0.009078,23.0,0.00693,0.01758,0.03983,-0.669275,0.7826,0.03447,-0.10017,0.005204,0.320897,2.331,0.00546,-0.0023,0.4783,2.522,0.2387,-0.003352,23.0,0.00693,0.01758,0.03983,2.377057,,,,,,,,,,,,,,,,,,,,,,,,,,,,,,,,,,,,,,,,,,,,,,,,,,,,PDSL_data,,2026-09-08
BB_Expansion_Bull,BB_Expansion_Bull,single,23,momentum,Bullish,,,,,,,,,,,,,,,,,,0.7826,0.0169,-0.07673,-0.003454,-0.037131,1.47,-0.00294,-0.01721,0.4348,1.456,0.2168,-0.000138,23.0,0.00693,0.01272,0.02871,-0.173491,,,,,,,,,,,,,,,,,,-0.001739,0.053813,0.7826,1.841,1.0,0.314826,15,2.377057,-0.01292,0.4493,0.2387,0,1,-0.004189,0.00693,0.01758,0.03983,0.74133,0,0.7826,0.01677,-0.09244,-0.006969,-0.122328,1.722,-0.00637,-0.01926,0.4348,2.059,0.2382,-0.009078,23.0,0.00693,0.01758,0.03983,-0.669275,0.7826,0.03447,-0.10017,0.005204,0.320897,2.331,0.00546,-0.0023,0.4783,2.522,0.2387,-0.003352,23.0,0.00693,0.01758,0.03983,2.377057,,,,,,,,,,,,,,,,,,,,,,,,,,,,,,,,,,,,,,,,,,,,,,,,,,,,PDSL_data,,2026-09-08
MACD_Hist_Positive + BB_Expansion_Bull,MACD_Hist_Positive + BB_Expansion_Bull,combo_2,23,momentum,Bullish,,,,,,,,,,,,,,,,,,0.7826,0.0169,-0.07673,-0.003454,-0.037131,1.47,-0.00294,-0.01721,0.4348,1.456,0.2168,-0.000138,23.0,0.00693,0.01272,0.02871,-0.173491,,,,,,,,,,,,,,,,,,-0.001739,0.053813,0.7826,1.841,1.0,0.314826,15,2.377057,-0.01292,0.4493,0.2387,0,1,-0.004189,0.00693,0.01758,0.03983,0.74133,0,0.7826,0.01677,-0.09244,-0.006969,-0.122328,1.722,-0.00637,-0.01926,0.4348,2.059,0.2382,-0.009078,23.0,0.00693,0.01758,0.03983,-0.669275,0.7826,0.03447,-0.10017,0.005204,0.320897,2.331,0.00546,-0.0023,0.4783,2.522,0.2387,-0.003352,23.0,0.00693,0.01758,0.03983,2.377057,,,,,,,,,,,,,,,,,,,,,,,,,,,,,,,,,,,,,,,,,,,,,,,,,,,,PDSL_data,,2026-09-08
Stoch_Bull_Zone + CDL_Harami_Bull,Stoch_Bull_Zone + CDL_Harami_Bull,combo_2,18,momentum,Bullish,,,,,,,,,,,,,,,,,,0.8889,0.00991,-0.03479,0.004948,0.101622,4.666,0.00472,-0.00362,0.4444,1.472,0.2204,0.008236,18.0,0.01748,0.02001,0.042,1.396013,,,,,,,,,,,,,,,,,,0.002712,0.025476,0.8519,3.102,0.9444,0.219744,10,1.538558,0.00384,0.5,0.3926,0,1,0.006631,0.01834,0.04145,0.04406,0.308,0,0.8333,0.0199,-0.04971,0.008299,0.15728,3.322,0.01019,0.00958,0.5,2.082,0.3926,0.010049,18.0,0.01834,0.04145,0.04406,1.538558,0.8333,0.01077,-0.08453,-0.00511,-0.182472,1.317,-0.00599,0.00556,0.5556,2.55,0.3712,0.001608,18.0,0.01873,0.04342,0.0603,-0.707741,,,,,,,,,,,,,,,,,,,,,,,,,,,,,,,,,,,,,,,,,,,,,,,,,,,,PDSL_data,,2026-09-08
BB_Expansion_Bull + VWAP_Bull,BB_Expansion_Bull + VWAP_Bull,combo_2,19,momentum,Bullish,,,,,,,,,,,,,,,,,,0.7895,0.01573,-0.07201,-0.002744,0.060382,1.643,-0.00224,-0.01721,0.4211,1.494,0.2585,0.001218,19.0,0.00615,0.01411,0.0279,0.297237,,,,,,,,,,,,,,,,,,-0.00592,0.032406,0.7895,1.933,1.0,0.187634,15,2.885292,-0.01889,0.4386,0.3754,0,1,-0.007383,0.00615,0.02141,0.03872,0.71698,0,0.7895,0.00015,-0.08734,-0.018272,-0.315252,1.42,-0.01757,-0.02995,0.4211,2.113,0.3754,-0.017876,19.0,0.00615,0.02141,0.03872,-1.340724,0.7895,0.0273,-0.0869,0.003258,0.352087,2.735,0.00327,-0.00952,0.4737,2.587,0.293,-0.005491,19.0,0.00615,0.02141,0.03872,2.885292,,,,,,,,,,,,,,,,,,,,,,,,,,,,,,,,,,,,,,,,,,,,,,,,,,,,PDSL_data,,2026-09-08
EMA_Bullish_State + CCI_Exit_Oversold,EMA_Bullish_State + CCI_Exit_Oversold,combo_2,18,momentum,Bullish,,,,,,,,,,,,,,,,,,0.6667,0.01064,-0.04701,-0.008578,-0.104696,0.826,-0.00831,-0.01051,0.5,1.645,0.3538,-0.011221,18.0,0.00828,0.01355,0.01627,-0.30827,,,,,,,,,,,,,,,,,,0.00046,0.027135,0.7593,1.88,0.8333,0.125148,15,0.84856,-0.00864,0.463,0.3538,0,1,-0.004168,0.01667,0.04917,0.0544,0.61513,0,0.7778,0.02125,-0.06032,0.003127,0.079747,2.103,0.00344,-0.01933,0.3889,2.327,0.2611,-0.001248,18.0,0.01222,0.02399,0.04146,0.493733,0.8333,0.02135,-0.06579,0.006831,0.106353,2.71,0.00636,0.00392,0.5,2.85,0.2147,-3.6e-05,18.0,0.01667,0.04917,0.0544,0.84856,,,,,,,,,,,,,,,,,,,,,,,,,,,,,,,,,,,,,,,,,,,,,,,,,,,,PDSL_data,,2026-09-08
Golden_Cross_State + MACD_Hist_Rising,Golden_Cross_State + MACD_Hist_Rising,combo_2,104,trend,Bullish,,,,,,,,,,,,,,,,,,,,,,,,,,,,,,,,,,,,,,,,,,,,,,,,,,,,0.001211,0.004127,0.8429,3.12,0.9423,0.056474,10,0.685704,-0.01436,0.4231,0.1612,0,1,-0.002221,0.01281,0.02612,0.0412,0.41785,0,0.8077,0.01497,-0.04705,0.003045,0.04683,3.146,0.00544,-0.00329,0.4038,2.143,0.122,0.003602,104.0,0.01281,0.02612,0.0412,0.685704,,,,,,,,,,,,,,,,,,0.8654,0.01403,-0.08483,0.000721,-0.008847,3.214,0.00197,-0.01361,0.4423,3.03,0.1002,-0.003154,104.0,0.02033,0.04117,0.05203,-0.132347,0.8558,0.01828,-0.10938,-0.000133,-0.025601,2.999,0.00531,-0.02618,0.4231,3.712,0.1612,-0.007111,104.0,0.02827,0.04224,0.06529,-0.357349,,,,,,,,,,,,,,,,,,PDSL_data,,2026-09-08
Stoch_Cross_Up + CCI_Exit_Oversold,Stoch_Cross_Up + CCI_Exit_Oversold,combo_2,18,mean_rev,Bullish,0.5556,0.02584,-0.04439,-0.005372,-0.152967,1.042,-0.00571,-0.01588,0.4444,1.228,0.2251,-0.005317,18.0,0.00052,0.00183,0.0055,-0.469484,0.6111,0.04221,-0.05051,0.006151,0.09279,1.318,0.00568,0.00131,0.4444,1.585,0.187,0.007013,18.0,0.00052,0.00183,0.01312,0.360113,0.6667,0.04448,-0.06904,0.006639,0.092316,1.342,0.00643,0.01358,0.5556,1.876,0.2053,0.008204,18.0,0.00052,0.00183,0.01552,0.364871,0.002473,0.010713,0.6111,1.234,0.8889,0.034607,7,0.364871,-0.00033,0.4815,0.2251,0,1,0.0033,0.00052,0.00183,0.01552,0.96419,0,,,,,,,,,,,,,,,,,,,,,,,,,,,,,,,,,,,,,,,,,,,,,,,,,,,,,,,,,,,,,,,,,,,,,,,,,,,,,,,,,,,,,,PDSL_data,,2026-09-08
Price_Above_EMA200 + CCI_Exit_Oversold,Price_Above_EMA200 + CCI_Exit_Oversold,combo_2,24,trend,Bullish,,,,,,,,,,,,,,,,,,,,,,,,,,,,,,,,,,,,,,,,,,,,,,,,,,,,0.001487,-0.006186,0.7778,1.926,0.7917,-0.030355,20,0.970771,0.00047,0.5,0.1916,0,1,-0.007804,0.01163,0.03354,0.05299,0.55712,0,0.6667,0.03418,-0.06076,0.002535,0.004098,1.433,0.00273,-0.01118,0.4167,2.355,0.1902,-0.00054,24.0,0.00367,0.012,0.01785,0.018908,,,,,,,,,,,,,,,,,,0.7917,0.02673,-0.06692,0.00722,0.128003,2.356,0.00817,0.00159,0.4583,3.33,0.1916,-0.000766,24.0,0.01163,0.03354,0.05299,0.970771,0.875,0.00758,-0.09541,-0.005293,-0.15066,1.988,-0.00554,0.01101,0.625,4.078,0.1269,-0.022107,24.0,0.02664,0.05382,0.06312,-0.963848,,,,,,,,,,,,,,,,,,PDSL_data,,2026-09-08
Price_Above_EMA200 + CMF_Positive,Price_Above_EMA200 + CMF_Positive,combo_2,36,trend,Bullish,,,,,,,,,,,,,,,,,,,,,,,,,,,,,,,,,,,,,,,,,,,,,,,,,,,,-0.005544,-0.013008,0.8333,2.555,0.9444,-0.11335,30,0.769248,-0.02163,0.4537,0.3845,0,1,-0.008979,0.01962,0.04583,0.05931,0.60451,0,0.8056,0.00905,-0.06318,-0.004994,-0.062876,1.67,-0.00296,0.00076,0.5556,2.055,0.242,-0.00811,36.0,0.00715,0.02468,0.0409,-0.379108,,,,,,,,,,,,,,,,,,0.8333,0.00952,-0.09095,-0.007221,-0.032884,2.241,-0.00659,-0.02108,0.4167,2.906,0.2137,-0.013699,36.0,0.01166,0.04129,0.05559,-0.266126,0.8611,0.00755,-0.07858,-0.004417,0.056738,3.755,-0.00017,-0.04459,0.3889,3.559,0.3845,-0.005128,36.0,0.01962,0.04583,0.05931,0.769248,,,,,,,,,,,,,,,,,,PDSL_data,,2026-09-08
RSI_Cross50_Up + Price_Above_SMA50,RSI_Cross50_Up + Price_Above_SMA50,combo_2,49,trend,Bullish,,,,,,,,,,,,,,,,,,,,,,,,,,,,,,,,,,,,,,,,,,,,,,,,,,,,-0.003595,-0.015161,0.8299,2.603,0.9388,-0.144928,20,0.752926,-0.01679,0.4422,0.2841,0,1,-0.004761,0.01293,0.04347,0.05148,0.61715,0,0.7959,0.01639,-0.05801,0.00121,0.050665,2.529,0.00208,-0.00744,0.449,2.086,0.1566,0.001237,48.0,0.00986,0.02157,0.03635,0.501185,,,,,,,,,,,,,,,,,,0.8367,0.01886,-0.10396,-0.001192,0.076827,2.505,-0.00054,-0.01104,0.4694,2.951,0.1244,-0.00075,48.0,0.01293,0.04347,0.05148,0.752926,0.8571,0.00402,-0.09973,-0.010803,-0.172974,2.775,-0.00194,-0.03187,0.4082,3.614,0.2841,-0.014771,48.0,0.02101,0.04615,0.05392,-1.877853,,,,,,,,,,,,,,,,,,PDSL_data,,2026-09-08
RSI_Bull_Momentum + MACD_Zero_Cross_Up,RSI_Bull_Momentum + MACD_Zero_Cross_Up,combo_2,20,momentum,Bullish,,,,,,,,,,,,,,,,,,0.6,0.0135,-0.04855,-0.011321,-0.210184,1.042,-0.0102,-0.03503,0.35,1.473,0.359,-0.005474,20.0,0.0041,0.0074,0.009,-0.666769,,,,,,,,,,,,,,,,,,-0.004067,-0.049973,0.65,1.235,0.9,-0.169168,15,0.546167,-0.0154,0.4333,0.359,0,1,-0.000566,0.00434,0.00906,0.02526,0.95171,0,0.7,0.02189,-0.06524,-0.004249,-0.067464,1.26,-0.00487,-0.01095,0.5,2.083,0.1778,-0.000469,20.0,0.00434,0.00906,0.02363,-0.258772,0.65,0.04048,-0.06556,0.003369,0.127729,1.404,0.00288,-0.00023,0.45,2.552,0.2719,0.004245,20.0,0.00434,0.00906,0.02526,0.546167,,,,,,,,,,,,,,,,,,,,,,,,,,,,,,,,,,,,,,,,,,,,,,,,,,,,PDSL_data,,2026-09-08
Price_Above_EMA200 + OBV_Rising,Price_Above_EMA200 + OBV_Rising,combo_2,177,trend,Bullish,,,,,,,,,,,,,,,,,,,,,,,,,,,,,,,,,,,,,,,,,,,,,,,,,,,,0.001578,-0.011634,0.8475,3.001,0.9548,-0.172743,10,0.631753,-0.00906,0.4482,0.0837,0,1,-0.001569,0.01186,0.02365,0.03437,0.45642,0,0.8192,0.01491,-0.05166,0.002872,0.04087,2.983,0.0036,-0.00367,0.4407,2.139,0.0559,0.000754,176.0,0.01186,0.02365,0.03437,0.631753,,,,,,,,,,,,,,,,,,0.8588,0.01609,-0.09073,0.001004,-0.01736,2.812,0.00157,-0.00581,0.4576,3.025,0.0558,-0.001582,176.0,0.01838,0.03983,0.05277,-0.252913,0.8644,0.01635,-0.09789,0.000858,-0.058413,3.208,0.00292,-0.01771,0.4463,3.705,0.0837,-0.003879,176.0,0.02441,0.04623,0.07189,-0.971086,,,,,,,,,,,,,,,,,,PDSL_data,,2026-09-08
CCI_Oversold,CCI_Oversold,single,63,mean_rev,Bullish,0.8413,0.00737,-0.03919,-2.4e-05,-0.041241,2.305,-8e-05,-0.00154,0.4603,1.193,0.1111,0.000927,63.0,0.00895,0.01322,0.02003,-0.395267,0.8254,0.00678,-0.0461,-0.002453,-0.100467,2.34,-0.00232,-0.01201,0.4127,1.54,0.1111,-0.002334,63.0,0.01053,0.01553,0.02198,-0.977599,0.8095,0.01698,-0.04374,0.005416,0.087145,3.176,0.00555,-0.00484,0.4444,1.822,0.0882,0.005704,63.0,0.01218,0.02093,0.027,1.151059,0.00098,-0.018187,0.8254,2.607,0.9683,-0.190914,7,1.151059,-0.00613,0.4392,0.1111,0,1,0.001432,0.01218,0.02093,0.027,0.35267,0,,,,,,,,,,,,,,,,,,,,,,,,,,,,,,,,,,,,,,,,,,,,,,,,,,,,,,,,,,,,,,,,,,,,,,,,,,,,,,,,,,,,,,PDSL_data,,2026-09-08
Price_Above_SMA50,Price_Above_SMA50,single,44,trend,Bullish,,,,,,,,,,,,,,,,,,,,,,,,,,,,,,,,,,,,,,,,,,,,,,,,,,,,-0.00755,-0.059591,0.6667,1.307,0.8864,-0.262783,20,-0.14507,-0.01787,0.4318,0.3001,0,1,-0.006828,0.00732,0.01342,0.02083,0.99469,0,0.6136,0.02489,-0.05902,-0.007531,-0.105827,1.02,-0.00679,-0.01984,0.4545,2.149,0.2237,-0.009291,44.0,0.00345,0.00924,0.01715,-0.410938,,,,,,,,,,,,,,,,,,0.6591,0.03524,-0.09006,-0.007476,-0.034235,1.113,-0.00683,-0.01663,0.4091,3.04,0.1717,-0.006368,44.0,0.00732,0.01342,0.02083,-0.14507,0.7273,0.02193,-0.08652,-0.007645,-0.038711,1.788,0.00024,-0.01713,0.4318,3.723,0.3001,-0.004824,44.0,0.00952,0.01672,0.04686,-0.263419,,,,,,,,,,,,,,,,,,PDSL_data,,2026-09-08
CDL_InvertedHammer,CDL_InvertedHammer,single,16,candle,Bullish,0.625,0.0063,-0.0282,-0.006637,-0.067275,1.15,-0.00655,-0.00637,0.5,1.296,0.3396,-0.004605,16.0,0.00475,0.00872,0.01089,-0.21916,0.6875,0.00198,-0.02362,-0.00602,-0.035144,2.198,-0.00571,-0.00383,0.5,1.673,0.2846,0.000278,16.0,0.00834,0.01174,0.01651,-0.218885,,,,,,,,,,,,,,,,,,-0.00846,-0.11701,0.6667,1.214,0.9375,-0.37738,5,-0.218885,-0.00533,0.5208,0.3396,0,1,-0.004659,0.00834,0.01174,0.01651,0.93572,0,,,,,,,,,,,,,,,,,,,,,,,,,,,,,,,,,,,,,,,,,,,,,,,,,,,,,,,,,,,,,,,,,,,,,0.6875,-0.0037,-0.03257,-0.012724,-0.248611,0.295,-0.01278,-0.0058,0.5625,1.058,0.2284,-0.009651,16.0,0.00392,0.00872,0.01089,-0.704368,PDSL_data,,2026-09-08
CDL_Hammer,CDL_Hammer,single,22,candle,Bullish,0.7273,0.01194,-0.03896,-0.001943,-0.102018,1.545,-0.00165,-0.00847,0.3636,1.174,0.3134,-0.001384,22.0,0.00558,0.00794,0.01102,-0.494347,0.6818,0.02053,-0.05491,-0.003473,-0.14617,1.297,-0.003,-0.00847,0.4091,1.516,0.2968,-0.001664,22.0,0.00618,0.00868,0.01525,-0.594367,,,,,,,,,,,,,,,,,,-0.00091,-0.079102,0.7121,1.801,0.9545,-0.42636,2,0.087364,-0.0059,0.3939,0.3134,0,1,-0.000702,0.00558,0.00794,0.01102,0.90215,0,,,,,,,,,,,,,,,,,,,,,,,,,,,,,,,,,,,,,,,,,,,,,,,,,,,,,,,,,,,,,,,,,,,,,0.7273,0.01218,-0.02264,0.002687,0.010882,2.56,0.00339,-0.00074,0.4091,0.959,0.2986,0.000942,22.0,0.00558,0.00794,0.01102,0.087364,PDSL_data,,2026-09-08
Price_Above_EMA200 + Stoch_Oversold,Price_Above_EMA200 + Stoch_Oversold,combo_2,35,trend,Bullish,,,,,,,,,,,,,,,,,,,,,,,,,,,,,,,,,,,,,,,,,,,,,,,,,,,,-0.001647,-0.065197,0.8667,2.342,0.9143,-0.500308,10,1.755294,-0.00223,0.4857,0.2296,0,1,-0.005615,0.01364,0.02506,0.0458,0.21801,0,0.8286,0.02542,-0.06082,0.010638,0.183622,2.668,0.01112,0.00866,0.4857,2.334,0.1641,0.003862,35.0,0.01364,0.02506,0.0458,1.755294,,,,,,,,,,,,,,,,,,0.9143,0.00616,-0.12502,-0.005082,-0.163462,2.614,-0.00375,-0.00635,0.4571,3.301,0.2296,-0.004479,35.0,0.02892,0.04071,0.07684,-1.531374,0.8571,0.00807,-0.1219,-0.010497,-0.21575,1.745,-0.0097,-0.00898,0.5143,4.042,0.174,-0.016229,35.0,0.03318,0.06527,0.08975,-1.348879,,,,,,,,,,,,,,,,,,PDSL_data,,2026-09-08
Golden_Cross_State + OBV_Trend_Bull,Golden_Cross_State + OBV_Trend_Bull,combo_2,34,trend,Bullish,,,,,,,,,,,,,,,,,,,,,,,,,,,,,,,,,,,,,,,,,,,,,,,,,,,,-0.004427,-0.056733,0.8137,2.828,0.9118,-0.520036,30,1.069775,-0.01416,0.4608,0.3684,0,1,-0.007629,0.02705,0.04349,0.06344,0.65836,0,0.7647,0.00161,-0.04042,-0.00828,-0.220729,2.217,-0.0065,-0.02508,0.4118,2.065,0.3041,-0.007711,33.0,0.00884,0.01611,0.03345,-1.740181,,,,,,,,,,,,,,,,,,0.8235,0.01391,-0.08464,-0.003484,-0.027384,2.404,-0.00223,-7e-05,0.5294,2.921,0.2081,-0.0036,33.0,0.0151,0.0395,0.05011,-0.234023,0.8529,0.01177,-0.07855,-0.001517,0.077913,3.862,0.00654,-0.01734,0.4412,3.577,0.3684,-0.011577,33.0,0.02705,0.04349,0.06344,1.069775,,,,,,,,,,,,,,,,,,PDSL_data,,2026-09-08
RSI_Cross50_Up + EMA_Bullish_State,RSI_Cross50_Up + EMA_Bullish_State,combo_2,44,momentum,Bullish,,,,,,,,,,,,,,,,,,0.8409,0.0141,-0.03717,0.005945,0.142038,3.74,0.00641,0.00299,0.4773,1.513,0.1368,-0.00148,43.0,0.01152,0.01981,0.02739,2.022027,,,,,,,,,,,,,,,,,,-0.001934,-0.057185,0.8258,2.588,0.9773,-0.550563,5,2.022027,-0.00194,0.5076,0.143,0,1,-0.005739,0.01152,0.01981,0.02739,0.38596,0,0.8182,0.0125,-0.06234,-0.001107,-0.037658,2.365,-0.00137,0.00037,0.5227,2.139,0.143,-0.004508,43.0,0.01152,0.02373,0.04194,-0.339094,0.8182,0.00553,-0.08343,-0.010641,-0.275935,1.659,-0.01056,-0.00917,0.5227,2.62,0.1094,-0.011228,43.0,0.01471,0.03859,0.04785,-1.742457,,,,,,,,,,,,,,,,,,,,,,,,,,,,,,,,,,,,,,,,,,,,,,,,,,,,PDSL_data,,2026-09-08
VWAP_Bull + CDL_Engulfing_Bull,VWAP_Bull + CDL_Engulfing_Bull,combo_2,26,momentum,Bullish,,,,,,,,,,,,,,,,,,0.8462,-0.0029,-0.03097,-0.00722,-0.154724,3.232,-0.00737,-0.01789,0.4231,1.53,0.2683,-0.011955,26.0,0.01154,0.01519,0.02594,-1.64822,,,,,,,,,,,,,,,,,,-0.002632,-0.047123,0.8718,5.112,0.9615,-0.763381,15,6.564848,-0.00783,0.4744,0.2683,0,1,-0.00687,0.0268,0.04068,0.04859,0.29758,0,0.8846,0.00356,-0.09956,-0.008334,-0.191803,2.394,-0.00725,-0.00091,0.5385,2.164,0.26,-0.011364,26.0,0.02099,0.02711,0.03782,-1.513524,0.8846,0.0128,-0.03174,0.007659,0.205157,9.709,0.00865,-0.0047,0.4615,2.65,0.2096,0.002711,26.0,0.0268,0.04068,0.04859,6.564848,,,,,,,,,,,,,,,,,,,,,,,,,,,,,,,,,,,,,,,,,,,,,,,,,,,,PDSL_data,,2026-09-08
CMF_Positive + CCI_Oversold,CMF_Positive + CCI_Oversold,combo_2,20,momentum,Bullish,,,,,,,,,,,,,,,,,,0.75,-0.00603,-0.07028,-0.02209,-0.521946,0.721,-0.02228,-0.0241,0.5,1.61,0.2524,-0.015193,20.0,0.01124,0.01263,0.01926,-1.589076,,,,,,,,,,,,,,,,,,-0.011706,-0.264289,0.7333,1.337,0.95,-1.021987,15,-0.660557,-0.02116,0.4333,0.348,0,1,-0.005262,0.02056,0.02558,0.052,0.83911,0,0.7,0.01047,-0.04559,-0.006348,-0.138927,1.646,-0.00589,-0.02272,0.4,2.277,0.348,-0.000429,20.0,0.01124,0.01263,0.01926,-0.696277,0.75,0.00951,-0.05526,-0.00668,-0.131993,1.644,-0.0066,-0.01666,0.4,2.788,0.247,-0.000166,20.0,0.02056,0.02558,0.052,-0.660557,,,,,,,,,,,,,,,,,,,,,,,,,,,,,,,,,,,,,,,,,,,,,,,,,,,,PDSL_data,,2026-09-08
Price_Above_EMA200 + MACD_Cross_Up_Event,Price_Above_EMA200 + MACD_Cross_Up_Event,combo_2,26,trend,Bullish,,,,,,,,,,,,,,,,,,,,,,,,,,,,,,,,,,,,,,,,,,,,,,,,,,,,-0.002372,-0.09086,0.859,3.679,0.9615,-1.059433,10,1.684592,-0.01462,0.4744,0.2704,0,1,0.00217,0.01255,0.0334,0.04061,0.49158,0,0.8462,0.01588,-0.04023,0.007245,0.091396,5.592,0.0074,-0.0216,0.4615,2.154,0.2622,0.012646,25.0,0.01255,0.0334,0.04061,1.684592,,,,,,,,,,,,,,,,,,0.8462,0.01362,-0.11879,-0.006746,-0.130319,1.908,-0.00669,0.01582,0.5385,3.046,0.2291,-0.002161,25.0,0.01628,0.03637,0.0555,-0.819611,0.8846,0.00426,-0.09867,-0.007615,-0.233659,3.537,-0.00852,-0.03808,0.4231,3.731,0.2704,-0.003974,25.0,0.0237,0.0421,0.06363,-2.724052,,,,,,,,,,,,,,,,,,PDSL_data,,2026-09-08
OBV_Rising + CDL_Engulfing_Bull,OBV_Rising + CDL_Engulfing_Bull,combo_2,35,momentum,Bullish,,,,,,,,,,,,,,,,,,0.7714,-0.00206,-0.0248,-0.007257,-0.160362,2.37,-0.00741,-0.01812,0.4,1.494,0.2272,-0.011229,35.0,0.00847,0.01449,0.02297,-1.362016,,,,,,,,,,,,,,,,,,-0.004946,-0.121909,0.8286,2.693,0.9143,-1.075569,15,0.604654,-0.00953,0.4571,0.2302,0,1,-0.00741,0.02425,0.03797,0.05311,0.39445,0,0.8571,0.00197,-0.08407,-0.010319,-0.249729,1.905,-0.00922,-0.00882,0.5143,2.113,0.2302,-0.010794,35.0,0.01154,0.02705,0.03888,-1.704822,0.8571,0.01333,-0.0608,0.002737,0.044364,3.803,0.00324,-0.00164,0.4571,2.588,0.1671,-0.000205,35.0,0.02425,0.03797,0.05311,0.604654,,,,,,,,,,,,,,,,,,,,,,,,,,,,,,,,,,,,,,,,,,,,,,,,,,,,PDSL_data,,2026-09-08
RSI_Bull_Momentum + BB_Expansion_Bull,RSI_Bull_Momentum + BB_Expansion_Bull,combo_2,31,momentum,Bullish,,,,,,,,,,,,,,,,,,0.8387,0.00199,-0.07293,-0.010089,-0.261204,1.474,-0.00983,-0.00943,0.5161,1.594,0.1972,-0.008556,31.0,0.00908,0.02095,0.03482,-1.333984,,,,,,,,,,,,,,,,,,-0.003904,-0.164391,0.8387,2.154,0.9355,-1.148284,15,0.494677,-0.01148,0.4946,0.2856,0,1,-0.008203,0.00908,0.03264,0.0433,0.33424,0,0.871,0.00332,-0.09993,-0.01,-0.285813,2.339,-0.00706,-0.00943,0.5161,2.254,0.2856,-0.01517,31.0,0.00908,0.03264,0.04205,-2.316925,0.8065,0.03579,-0.10586,0.008377,0.053845,2.651,0.00909,-0.01559,0.4516,2.761,0.2217,-0.000881,31.0,0.00908,0.03264,0.0433,0.494677,,,,,,,,,,,,,,,,,,,,,,,,,,,,,,,,,,,,,,,,,,,,,,,,,,,,PDSL_data,,2026-09-08
EMA_Bullish_State + Price_Above_SMA20,EMA_Bullish_State + Price_Above_SMA20,combo_2,56,momentum,Bullish,,,,,,,,,,,,,,,,,,0.8393,0.00917,-0.05621,-0.001335,-0.079632,1.993,0.00129,-0.00482,0.4821,1.46,0.2446,-0.003243,55.0,0.01105,0.01496,0.0213,-0.64159,,,,,,,,,,,,,,,,,,-0.004818,-0.152363,0.8155,1.999,0.9464,-1.165172,5,-0.64159,-0.00794,0.494,0.2446,0,1,-0.007087,0.01105,0.01496,0.0213,0.36126,0,0.7857,0.00657,-0.05236,-0.006059,-0.176787,1.888,-0.00564,-0.01335,0.4821,2.065,0.177,-0.008032,55.0,0.01105,0.01845,0.03928,-1.34969,0.8214,0.0066,-0.0699,-0.007059,-0.200671,2.115,-0.00681,-0.00564,0.5179,2.529,0.1554,-0.009986,55.0,0.01625,0.03187,0.04386,-1.715558,,,,,,,,,,,,,,,,,,,,,,,,,,,,,,,,,,,,,,,,,,,,,,,,,,,,PDSL_data,,2026-09-08
Price_Above_EMA200 + OBV_Trend_Bull,Price_Above_EMA200 + OBV_Trend_Bull,combo_2,38,trend,Bullish,,,,,,,,,,,,,,,,,,,,,,,,,,,,,,,,,,,,,,,,,,,,,,,,,,,,-0.007969,-0.139653,0.8158,2.542,0.9474,-1.231879,30,-0.616581,-0.01517,0.4474,0.371,0,1,-0.010539,0.02429,0.04303,0.05304,0.72042,0,0.7895,0.00428,-0.04735,-0.006592,-0.154291,2.748,-0.00538,-0.0281,0.3684,2.061,0.2201,-0.006014,37.0,0.00762,0.01733,0.03341,-1.55306,,,,,,,,,,,,,,,,,,0.8158,0.00947,-0.10125,-0.010924,-0.211261,1.726,-0.00988,-7e-05,0.5263,2.915,0.2059,-0.010754,37.0,0.01283,0.0382,0.05067,-1.335679,0.8421,0.00658,-0.07557,-0.006392,-0.053407,3.151,0.00268,-0.01734,0.4474,3.571,0.371,-0.014849,37.0,0.02429,0.04303,0.05304,-0.616581,,,,,,,,,,,,,,,,,,PDSL_data,,2026-09-08
Price_Above_SMA20 + CDL_Engulfing_Bull,Price_Above_SMA20 + CDL_Engulfing_Bull,combo_2,19,momentum,Bullish,,,,,,,,,,,,,,,,,,0.7368,-0.00462,-0.02463,-0.009883,-0.224346,1.801,-0.01058,-0.01812,0.3684,1.466,0.3407,-0.020242,19.0,0.00777,0.0116,0.01801,-1.210141,,,,,,,,,,,,,,,,,,-0.012558,-0.234623,0.8246,2.139,0.8421,-1.266087,5,-1.210141,-0.01464,0.4561,0.3922,0,1,-0.020043,0.00777,0.0116,0.01801,0.33116,0,0.8421,-0.0002,-0.0689,-0.011044,-0.177783,2.285,-0.01005,-0.00154,0.5263,2.074,0.3922,-0.017035,19.0,0.00782,0.02698,0.03933,-1.217162,0.8947,-0.00582,-0.10967,-0.016748,-0.301741,2.331,-0.01626,-0.02426,0.4737,2.54,0.3754,-0.022853,19.0,0.02282,0.03525,0.04311,-2.107278,,,,,,,,,,,,,,,,,,,,,,,,,,,,,,,,,,,,,,,,,,,,,,,,,,,,PDSL_data,,2026-09-08
MACD_Hist_Rising + CDL_Engulfing_Bull,MACD_Hist_Rising + CDL_Engulfing_Bull,combo_2,32,momentum,Bullish,,,,,,,,,,,,,,,,,,0.7812,-0.00598,-0.02582,-0.010323,-0.222015,2.095,-0.01048,-0.0186,0.375,1.487,0.2806,-0.013047,32.0,0.00815,0.01473,0.02369,-1.625918,,,,,,,,,,,,,,,,,,-0.006526,-0.154451,0.8229,2.526,0.9375,-1.278645,15,0.597543,-0.01239,0.4375,0.2806,0,1,-0.008812,0.02298,0.02982,0.04934,0.48915,0,0.8438,0.00122,-0.08407,-0.01211,-0.28798,1.818,-0.01102,-0.01724,0.4688,2.103,0.2418,-0.013027,32.0,0.00972,0.02687,0.03758,-1.830726,0.8438,0.01472,-0.0612,0.002855,0.046642,3.664,0.00335,-0.00132,0.4688,2.576,0.1727,-0.000361,32.0,0.02298,0.02982,0.04934,0.597543,,,,,,,,,,,,,,,,,,,,,,,,,,,,,,,,,,,,,,,,,,,,,,,,,,,,PDSL_data,,2026-09-08
OBV_Trend_Bull + CDL_Engulfing_Bull,OBV_Trend_Bull + CDL_Engulfing_Bull,combo_2,22,momentum,Bullish,,,,,,,,,,,,,,,,,,0.7273,-0.00059,-0.02373,-0.006899,-0.183847,2.038,-0.0076,-0.01789,0.4091,1.481,0.2611,-0.014064,22.0,0.00798,0.01083,0.01711,-1.175036,,,,,,,,,,,,,,,,,,-0.009341,-0.197994,0.8333,2.521,0.8182,-1.280336,5,-1.175036,-0.02105,0.4545,0.356,0,1,-0.013826,0.00798,0.01083,0.01711,0.23438,0,0.8636,-0.00236,-0.0689,-0.011436,-0.240857,2.511,-0.01043,-0.02055,0.5,2.094,0.356,-0.013659,22.0,0.00992,0.02937,0.0421,-1.896415,0.9091,6e-05,-0.10716,-0.009688,-0.169277,3.012,-0.00934,-0.02472,0.4545,2.565,0.2982,-0.013754,22.0,0.02683,0.04163,0.05378,-1.598939,,,,,,,,,,,,,,,,,,,,,,,,,,,,,,,,,,,,,,,,,,,,,,,,,,,,PDSL_data,,2026-09-08
Price_Above_EMA200 + CDL_Harami_Bull,Price_Above_EMA200 + CDL_Harami_Bull,combo_2,39,trend,Bullish,,,,,,,,,,,,,,,,,,,,,,,,,,,,,,,,,,,,,,,,,,,,,,,,,,,,-0.01033,-0.247296,0.812,1.678,0.9744,-1.491199,10,-0.859119,-0.02042,0.4701,0.2419,0,1,-0.010974,0.01288,0.01985,0.04145,0.76829,0,0.7949,0.0071,-0.0641,-0.007505,-0.151428,1.538,-0.00548,-0.01063,0.4872,2.107,0.2419,-0.005794,39.0,0.01288,0.01985,0.04145,-0.859119,,,,,,,,,,,,,,,,,,0.8205,-0.00427,-0.08969,-0.019601,-0.421974,1.266,-0.01854,-0.03673,0.4615,2.979,0.2155,-0.013408,39.0,0.0173,0.03521,0.04991,-1.971091,0.8205,0.0131,-0.08153,-0.003885,-0.168485,2.229,-0.00596,-0.01391,0.4615,3.649,0.1974,-0.01372,39.0,0.01868,0.0499,0.07149,-1.38521,,,,,,,,,,,,,,,,,,PDSL_data,,2026-09-08
RSI_Cross50_Up + Price_Above_EMA200,RSI_Cross50_Up + Price_Above_EMA200,combo_2,50,trend,Bullish,,,,,,,,,,,,,,,,,,,,,,,,,,,,,,,,,,,,,,,,,,,,,,,,,,,,-0.010442,-0.209058,0.84,2.201,0.96,-1.736436,10,0.319553,-0.01231,0.4733,0.3676,0,1,-0.011208,0.01063,0.02376,0.0437,0.59413,0,0.82,0.01531,-0.06129,0.001525,0.031044,2.618,0.00283,0.00037,0.46,2.084,0.1588,0.003528,49.0,0.01063,0.02376,0.0437,0.319553,,,,,,,,,,,,,,,,,,0.84,0.00637,-0.10393,-0.011276,-0.228601,1.882,-0.00991,-0.00624,0.52,2.947,0.1607,-0.009797,49.0,0.01321,0.04394,0.05221,-1.691681,0.86,-0.01048,-0.0897,-0.021575,-0.429617,2.101,-0.012,-0.03105,0.44,3.61,0.3676,-0.027357,49.0,0.01959,0.04646,0.05397,-3.549695,,,,,,,,,,,,,,,,,,PDSL_data,,2026-09-08
Price_Above_SMA20 + Price_Above_SMA50,Price_Above_SMA20 + Price_Above_SMA50,combo_2,66,trend,Bullish,,,,,,,,,,,,,,,,,,,,,,,,,,,,,,,,,,,,,,,,,,,,,,,,,,,,-0.0149,-0.306336,0.7626,1.541,0.9091,-1.804579,10,-1.423477,-0.03012,0.4444,0.2301,0,1,-0.017214,0.00809,0.01371,0.02217,0.93185,0,0.7121,0.00487,-0.05302,-0.011796,-0.2627,1.289,-0.01106,-0.02282,0.4242,2.083,0.1762,-0.010414,65.0,0.00809,0.01371,0.02217,-1.423477,,,,,,,,,,,,,,,,,,0.7727,0.00808,-0.08937,-0.014068,-0.289711,1.471,-0.01309,-0.02393,0.4697,2.946,0.1288,-0.015738,65.0,0.0113,0.02238,0.04492,-1.791405,0.803,0.00199,-0.10373,-0.018837,-0.366596,1.864,-0.01312,-0.0436,0.4394,3.608,0.2301,-0.02549,65.0,0.01504,0.0356,0.04742,-2.87329,,,,,,,,,,,,,,,,,,PDSL_data,,2026-09-08
Price_Above_EMA200 + CDL_Engulfing_Bull,Price_Above_EMA200 + CDL_Engulfing_Bull,combo_2,16,trend,Bullish,,,,,,,,,,,,,,,,,,,,,,,,,,,,,,,,,,,,,,,,,,,,,,,,,,,,-0.035041,-0.817542,0.8542,0.995,0.875,-2.026737,10,-1.556536,-0.02824,0.5417,0.3654,0,1,-0.044122,0.01161,0.02679,0.03488,0.29242,0,0.8125,0.00039,-0.07961,-0.014612,-0.376573,1.459,-0.01321,-5e-05,0.5625,2.193,0.3605,-0.021183,16.0,0.01161,0.02679,0.03488,-1.556536,,,,,,,,,,,,,,,,,,0.9375,-0.04041,-0.15443,-0.047541,-1.061097,1.09,-0.0478,-0.04178,0.5625,3.101,0.354,-0.056553,16.0,0.03374,0.04158,0.07453,-3.276143,0.8125,-0.02793,-0.10816,-0.042971,-1.014957,0.437,-0.04326,-0.04291,0.5,3.798,0.3654,-0.05463,16.0,0.03374,0.04158,0.07453,-2.875588,,,,,,,,,,,,,,,,,,PDSL_data,,2026-09-08
Price_Above_EMA200 + MACD_Hist_Rising,Price_Above_EMA200 + MACD_Hist_Rising,combo_2,102,trend,Bullish,,,,,,,,,,,,,,,,,,,,,,,,,,,,,,,,,,,,,,,,,,,,,,,,,,,,-0.00744,-0.195096,0.8431,2.427,0.9706,-2.129569,10,-0.749561,-0.01612,0.4641,0.1705,0,1,-0.008931,0.01114,0.02938,0.04121,0.56645,0,0.8235,0.00936,-0.05031,-0.001168,-0.054334,2.977,-0.00037,-0.00329,0.4804,2.128,0.101,-0.000658,101.0,0.01114,0.02938,0.04121,-0.749561,,,,,,,,,,,,,,,,,,0.8529,0.00911,-0.10569,-0.007768,-0.19965,2.058,-0.00741,-0.0161,0.4608,3.01,0.0788,-0.008766,101.0,0.01431,0.0412,0.05236,-1.904292,0.8529,0.00211,-0.10327,-0.013384,-0.331305,2.245,-0.00945,-0.02898,0.451,3.686,0.1705,-0.017368,101.0,0.02296,0.04256,0.0647,-3.447301,,,,,,,,,,,,,,,,,,PDSL_data,,2026-09-08
Golden_Cross_State + CDL_Engulfing_Bull,Golden_Cross_State + CDL_Engulfing_Bull,combo_2,19,trend,Bullish,,,,,,,,,,,,,,,,,,,,,,,,,,,,,,,,,,,,,,,,,,,,,,,,,,,,-0.012426,-0.252082,0.8421,3.851,0.8947,-2.602252,10,0.219521,-0.01751,0.4737,0.3575,0,1,-0.019867,0.01397,0.0268,0.03441,0.45346,0,0.8421,0.01988,-0.09911,0.001095,0.032187,2.277,0.00216,0.00018,0.4737,2.172,0.2774,-0.00138,19.0,0.01397,0.0268,0.03441,0.219521,,,,,,,,,,,,,,,,,,0.8947,-0.01679,-0.02691,-0.017854,-0.363121,8.043,-0.01684,-0.01285,0.5263,3.072,0.3575,-0.025416,19.0,0.03142,0.04122,0.07374,-8.749122,0.7895,0.00615,-0.12053,-0.02052,-0.42531,1.234,-0.02093,-0.03984,0.4211,3.762,0.3456,-0.032803,19.0,0.03142,0.04122,0.07374,-1.572873,,,,,,,,,,,,,,,,,,PDSL_data,,2026-09-08
Price_Above_SMA20 + Price_Above_EMA200,Price_Above_SMA20 + Price_Above_EMA200,combo_2,53,trend,Bullish,,,,,,,,,,,,,,,,,,,,,,,,,,,,,,,,,,,,,,,,,,,,,,,,,,,,-0.013916,-0.327339,0.8679,2.728,0.9434,-3.36056,10,-1.128372,-0.02495,0.4528,0.3304,0,1,-0.014862,0.01163,0.02789,0.04444,0.31461,0,0.8302,0.00581,-0.04672,-0.00311,-0.086779,3.26,-0.00217,-0.02262,0.4717,2.136,0.167,0.000145,51.0,0.01163,0.02789,0.04444,-1.128372,,,,,,,,,,,,,,,,,,0.8868,0.00038,-0.11642,-0.012846,-0.317047,2.263,-0.01031,-0.00998,0.5094,3.02,0.1536,-0.012767,51.0,0.02612,0.04511,0.054,-2.862365,0.8868,-0.01697,-0.09486,-0.025791,-0.578191,2.661,-0.01642,-0.04227,0.3774,3.699,0.3304,-0.031966,51.0,0.03242,0.04559,0.0541,-6.137934,,,,,,,,,,,,,,,,,,PDSL_data,,2026-09-08
Stoch_Bear_Zone + CDL_Harami_Bear,Stoch_Bear_Zone + CDL_Harami_Bear,combo_2,10,momentum,Bearish,,,,,,,,,,,,,,,,,,1.0,0.04775,0.0,0.047753,,,-0.04727,-0.04548,0.5,1.484,0.1811,0.046082,10.0,0.02362,0.03383,0.05505,0.114507,,,,,,,,,,,,,,,,,,0.056027,,0.9333,32.53,0.9,1.209122,10,1.529119,-0.06283,0.5333,0.2214,0,1,0.058231,0.03422,0.05906,0.08217,0.0705,1,0.9,0.07224,-0.01247,0.063769,,52.465,-0.06376,-0.06878,0.5,2.098,0.2123,0.062733,10.0,0.03422,0.05906,0.08217,1.529119,0.9,0.06839,-0.04995,0.056559,,12.595,-0.05604,-0.07424,0.6,2.57,0.2214,0.065878,10.0,0.03422,0.05906,0.09404,1.356215,,,,,,,,,,,,,,,,,,,,,,,,,,,,,,,,,,,,,,,,,,,,,,,,,,,,PDSL_data,,
Stoch_Overbought + OBV_Trend_Bear,Stoch_Overbought + OBV_Trend_Bear,combo_2,15,momentum,Bearish,,,,,,,,,,,,,,,,,,0.8667,0.02965,-0.07044,0.016307,,3.394,-0.01665,-0.0175,0.5333,1.543,0.2489,0.023171,15.0,0.01225,0.01832,0.02282,0.153456,,,,,,,,,,,,,,,,,,0.02966,,0.9111,18.903,0.9333,0.767517,15,1.049203,-0.03662,0.5111,0.2489,0,1,0.040231,0.03341,0.06785,0.08559,0.11222,0,0.9333,0.03842,-0.01544,0.03483,,41.906,-0.03471,-0.02735,0.4667,2.182,0.2393,0.044651,15.0,0.03114,0.04986,0.05896,0.965686,0.9333,0.04598,-0.07608,0.037842,,11.408,-0.0346,-0.065,0.5333,2.672,0.1602,0.052871,15.0,0.03341,0.06785,0.08559,1.049203,,,,,,,,,,,,,,,,,,,,,,,,,,,,,,,,,,,,,,,,,,,,,,,,,,,,PDSL_data,,
BB_Upper_Reject + Stoch_Overbought,BB_Upper_Reject + Stoch_Overbought,combo_2,15,mean_rev,Bearish,0.8667,0.03204,-0.03616,0.022949,,7.33,-0.02273,-0.04132,0.6,1.101,0.2163,0.015782,15.0,0.01311,0.02286,0.02719,0.46638,0.9333,0.02829,-0.04192,0.023609,,14.23,-0.0237,-0.03496,0.5333,1.421,0.2034,0.015712,15.0,0.02027,0.0254,0.05955,0.654583,0.9333,0.02716,-0.08267,0.019842,,8.939,-0.01805,-0.05185,0.6,1.681,0.1884,0.014816,15.0,0.02027,0.0254,0.07383,0.491745,0.022133,,0.9111,10.166,0.9333,0.572753,5,0.654583,-0.04271,0.5778,0.2163,0,1,0.015437,0.02027,0.0254,0.05955,0.10149,0,,,,,,,,,,,,,,,,,,,,,,,,,,,,,,,,,,,,,,,,,,,,,,,,,,,,,,,,,,,,,,,,,,,,,,,,,,,,,,,,,,,,,,PDSL_data,,
STRAT_BB_Stoch_Bear,BB_Upper_Reject + Stoch_Overbought,combo_2,15,mean_rev,Bearish,0.8667,0.03204,-0.03616,0.022949,,7.33,-0.02273,-0.04132,0.6,1.101,0.2163,0.015782,15.0,0.01311,0.02286,0.02719,0.46638,0.9333,0.02829,-0.04192,0.023609,,14.23,-0.0237,-0.03496,0.5333,1.421,0.2034,0.015712,15.0,0.02027,0.0254,0.05955,0.654583,0.9333,0.02716,-0.08267,0.019842,,8.939,-0.01805,-0.05185,0.6,1.681,0.1884,0.014816,15.0,0.02027,0.0254,0.07383,0.491745,0.022133,,0.9111,10.166,0.9333,0.572753,5,0.654583,-0.04271,0.5778,0.2163,0,1,0.015437,0.02027,0.0254,0.05955,0.10149,0,,,,,,,,,,,,,,,,,,,,,,,,,,,,,,,,,,,,,,,,,,,,,,,,,,,,,,,,,,,,,,,,,,,,,,,,,,,,,,,,,,,,,,PDSL_data,,
Death_Cross_State + CDL_Engulfing_Bear,Death_Cross_State + CDL_Engulfing_Bear,combo_2,22,trend,Bearish,,,,,,,,,,,,,,,,,,,,,,,,,,,,,,,,,,,,,,,,,,,,,,,,,,,,0.017171,,0.9091,22.022,1.0,0.538389,20,0.788775,-0.02644,0.5303,0.1732,0,1,0.01917,0.03865,0.07088,0.07696,0.07131,1,0.9091,0.01913,-0.01158,0.016342,,27.223,-0.01547,-0.03291,0.5909,2.036,0.1732,0.017752,21.0,0.02834,0.03759,0.04534,0.512409,,,,,,,,,,,,,,,,,,0.9091,0.02931,-0.01636,0.025156,,33.335,-0.02177,-0.04174,0.5455,2.88,0.1391,0.025427,21.0,0.03865,0.07088,0.07696,0.788775,0.9091,0.02106,-0.10041,0.010014,,5.509,-0.01001,-0.00468,0.4545,3.527,0.17,0.01433,21.0,0.06432,0.07614,0.08495,0.172966,,,,,,,,,,,,,,,,,,PDSL_data,,
Price_Below_SMA20 + VWAP_Bear,Price_Below_SMA20 + VWAP_Bear,combo_2,13,momentum,Bearish,,,,,,,,,,,,,,,,,,0.9231,0.01611,-0.08768,0.008129,,3.364,-0.00702,-0.0268,0.6923,1.412,0.1398,0.010662,13.0,0.02657,0.03254,0.04215,0.072172,,,,,,,,,,,,,,,,,,0.019899,,0.9487,28.937,0.9231,0.484756,10,0.769974,-0.03029,0.5897,0.249,0,1,0.023534,0.03829,0.04284,0.05056,0.03817,1,0.9231,0.03245,-0.01013,0.029176,,54.51,-0.02957,-0.03476,0.5385,1.997,0.249,0.034535,13.0,0.03829,0.04284,0.05056,0.769974,1.0,0.02239,0.0,0.022392,,,-0.02236,-0.02929,0.5385,2.445,0.2028,0.025404,13.0,0.03829,0.04284,0.05056,0.059094,,,,,,,,,,,,,,,,,,,,,,,,,,,,,,,,,,,,,,,,,,,,,,,,,,,,PDSL_data,,
EMA_Bearish_State + Price_Below_SMA50,EMA_Bearish_State + Price_Below_SMA50,combo_2,26,trend,Bearish,,,,,,,,,,,,,,,,,,,,,,,,,,,,,,,,,,,,,,,,,,,,,,,,,,,,0.010015,,0.8846,13.406,1.0,0.330092,20,0.689346,-0.00509,0.4744,0.2319,0,1,0.004169,0.0241,0.03754,0.04998,0.09476,1,0.8846,0.0143,-0.02589,0.009664,,9.65,-0.0103,-0.00527,0.4615,2.22,0.1691,0.010208,26.0,0.01837,0.02109,0.04566,0.30735,,,,,,,,,,,,,,,,,,0.8846,0.0249,-0.00962,0.020916,,27.403,-0.0193,-0.01334,0.4615,3.139,0.1482,0.010922,26.0,0.0241,0.03754,0.04998,0.689346,0.8846,0.01402,-0.11214,-0.000533,,3.166,-0.00013,0.00334,0.5,3.845,0.2319,-0.008624,26.0,0.0329,0.0445,0.05741,-0.005563,,,,,,,,,,,,,,,,,,PDSL_data,,
Price_Below_SMA50,Price_Below_SMA50,single,43,trend,Bearish,,,,,,,,,,,,,,,,,,,,,,,,,,,,,,,,,,,,,,,,,,,,,,,,,,,,0.013604,,0.845,5.631,0.8837,0.256175,20,0.48175,-0.01605,0.5039,0.1272,0,1,0.012809,0.0216,0.0393,0.0536,0.01154,1,0.7907,0.01887,-0.02777,0.009108,,4.301,-0.00832,-0.00478,0.4651,2.267,0.117,0.013178,43.0,0.01463,0.021,0.03374,0.148254,,,,,,,,,,,,,,,,,,0.8372,0.02479,-0.02371,0.016893,,7.536,-0.01691,-0.01479,0.4651,3.206,0.1085,0.014784,43.0,0.0216,0.0393,0.0536,0.48175,0.907,0.02611,-0.09533,0.014812,,5.055,-0.01512,-0.02857,0.5814,3.926,0.1272,0.010465,43.0,0.03889,0.05493,0.06981,0.283345,,,,,,,,,,,,,,,,,,PDSL_data,,
Death_Cross_State + Price_Below_SMA20,Death_Cross_State + Price_Below_SMA20,combo_2,18,trend,Bearish,,,,,,,,,,,,,,,,,,,,,,,,,,,,,,,,,,,,,,,,,,,,,,,,,,,,0.009002,,0.963,81.683,0.9444,0.250322,10,0.685002,-0.02673,0.5556,0.2107,0,1,0.019724,0.03079,0.03981,0.04599,0.00678,1,0.9444,0.02523,-0.01013,0.023264,,68.348,-0.02323,-0.02424,0.5,1.982,0.1983,0.026729,18.0,0.03079,0.03981,0.04599,0.685002,,,,,,,,,,,,,,,,,,0.9444,0.0142,-0.00658,0.013045,,95.018,-0.00915,-0.01994,0.5556,2.803,0.2107,0.024545,18.0,0.04662,0.0609,0.07189,0.384091,1.0,-0.0093,0.0,-0.009304,,,0.00852,-0.03601,0.6111,3.432,0.2001,0.007898,18.0,0.07352,0.08766,0.09357,-0.027395,,,,,,,,,,,,,,,,,,PDSL_data,,
EMA_Bearish_State + CDL_Harami_Bear,EMA_Bearish_State + CDL_Harami_Bear,combo_2,11,momentum,Bearish,,,,,,,,,,,,,,,,,,0.9091,0.03267,-0.0537,0.024816,,6.803,-0.02431,-0.03012,0.5455,1.558,0.24,0.013161,11.0,0.01974,0.03619,0.0469,0.419481,,,,,,,,,,,,,,,,,,0.023966,,0.8485,4.111,0.9091,0.222574,5,0.419481,-0.04329,0.5455,0.2757,0,1,0.013694,0.01974,0.03619,0.0469,0.23541,0,0.8182,0.04434,-0.11148,0.016004,,2.075,-0.01367,-0.04288,0.5455,2.204,0.2757,0.005922,11.0,0.01974,0.03619,0.0469,0.082509,0.8182,0.0555,-0.07885,0.031077,,3.456,-0.02946,-0.05686,0.5455,2.699,0.2551,0.021998,11.0,0.01974,0.03619,0.0469,0.266908,,,,,,,,,,,,,,,,,,,,,,,,,,,,,,,,,,,,,,,,,,,,,,,,,,,,PDSL_data,,
RSI_Cross50_Down + Death_Cross_State,RSI_Cross50_Down + Death_Cross_State,combo_2,17,trend,Bearish,,,,,,,,,,,,,,,,,,,,,,,,,,,,,,,,,,,,,,,,,,,,,,,,,,,,0.020537,,0.8627,4.496,0.8235,0.219784,10,0.343124,-0.03262,0.5686,0.2259,0,1,0.015787,0.0039,0.01748,0.04367,0.05809,1,0.7647,0.04504,-0.04141,0.024696,,4.807,-0.02385,-0.03374,0.5294,2.017,0.1736,0.01937,17.0,0.0039,0.01748,0.04367,0.343124,,,,,,,,,,,,,,,,,,0.8824,0.03566,-0.0805,0.021995,,4.158,-0.0199,-0.02344,0.5294,2.853,0.2175,0.015856,17.0,0.02764,0.04627,0.05261,0.264357,0.9412,0.03141,-0.24892,0.014921,,4.522,-0.01641,-0.04067,0.6471,3.494,0.2259,0.012134,17.0,0.04214,0.05652,0.06091,0.195048,,,,,,,,,,,,,,,,,,PDSL_data,,
RSI_Cross50_Down + CDL_Engulfing_Bear,RSI_Cross50_Down + CDL_Engulfing_Bear,combo_2,15,momentum,Bearish,,,,,,,,,,,,,,,,,,0.8,0.03609,-0.01161,0.026551,,11.663,-0.02626,-0.02372,0.4667,1.431,0.1733,0.027598,15.0,0.00495,0.0143,0.02653,0.736144,,,,,,,,,,,,,,,,,,0.008682,,0.8667,11.289,0.8667,0.20863,5,0.736144,-0.03697,0.5778,0.2493,0,1,0.010349,0.00495,0.0143,0.02653,0.11222,0,0.9333,0.02096,-0.04788,0.016368,,12.079,-0.01593,-0.0531,0.6,2.024,0.1618,0.01718,15.0,0.02553,0.02669,0.03719,0.45382,0.8667,-0.01716,-0.01498,-0.016872,,10.124,0.02121,-0.0341,0.6667,2.479,0.2493,-0.013732,15.0,0.02553,0.02669,0.03719,-0.467784,,,,,,,,,,,,,,,,,,,,,,,,,,,,,,,,,,,,,,,,,,,,,,,,,,,,PDSL_data,,
OBV_Trend_Bear + CDL_Harami_Bear,OBV_Trend_Bear + CDL_Harami_Bear,combo_2,17,momentum,Bearish,,,,,,,,,,,,,,,,,,0.8235,0.02495,-0.02308,0.016474,,5.505,-0.01616,-0.01721,0.5294,1.523,0.2065,0.009466,17.0,0.0117,0.01634,0.02615,0.262153,,,,,,,,,,,,,,,,,,0.01976,,0.8627,3.869,0.9412,0.207959,15,0.31513,-0.02131,0.5098,0.2065,0,1,0.016121,0.02744,0.04725,0.05403,0.22077,0,0.8824,0.03133,-0.11718,0.013862,,2.334,-0.0109,-0.01838,0.5294,2.154,0.1739,0.010217,17.0,0.02744,0.04182,0.04761,0.093505,0.8824,0.0468,-0.10494,0.028944,,3.767,-0.02763,-0.02834,0.4706,2.638,0.1495,0.028682,17.0,0.02744,0.04725,0.05403,0.31513,,,,,,,,,,,,,,,,,,,,,,,,,,,,,,,,,,,,,,,,,,,,,,,,,,,,PDSL_data,,
CMF_Negative + CDL_Harami_Bear,CMF_Negative + CDL_Harami_Bear,combo_2,19,momentum,Bearish,,,,,,,,,,,,,,,,,,0.8947,0.02911,-0.03268,0.022606,,8.627,-0.02194,-0.02154,0.4737,1.497,0.1561,0.013885,19.0,0.01604,0.02385,0.0377,0.584225,,,,,,,,,,,,,,,,,,0.016569,,0.8246,4.449,0.8947,0.197601,5,0.584225,-0.01899,0.5088,0.2247,0,1,0.010633,0.01604,0.02385,0.0377,0.146,0,0.7895,0.03112,-0.06863,0.010121,,2.055,-0.00773,-0.01118,0.5263,2.117,0.2247,0.00289,19.0,0.01604,0.02961,0.04309,0.062308,0.7895,0.04161,-0.07541,0.016978,,2.667,-0.01642,-0.02424,0.5263,2.593,0.1726,0.015124,19.0,0.01604,0.02961,0.0476,0.135628,,,,,,,,,,,,,,,,,,,,,,,,,,,,,,,,,,,,,,,,,,,,,,,,,,,,PDSL_data,,
Price_Below_SMA50 + Williams_Overbought,Price_Below_SMA50 + Williams_Overbought,combo_2,10,trend,Bearish,,,,,,,,,,,,,,,,,,,,,,,,,,,,,,,,,,,,,,,,,,,,,,,,,,,,0.009855,,0.9,21.069,0.8,0.189043,10,0.106108,-0.02512,0.5667,0.3479,0,1,0.034123,0.01579,0.03692,0.04689,0.07294,1,0.8,0.02339,-0.03969,0.010771,,4.108,-0.01075,-0.02578,0.6,2.115,0.3472,0.021902,10.0,0.01579,0.03692,0.04689,0.106108,,,,,,,,,,,,,,,,,,1.0,0.01751,0.0,0.017508,,,-0.01241,-0.04331,0.6,2.992,0.2352,0.046782,10.0,0.04033,0.04756,0.05187,0.041983,0.9,0.00296,-0.01383,0.001285,,38.03,0.00343,-0.00627,0.5,3.664,0.3479,0.033685,10.0,0.04641,0.05229,0.05601,0.030807,,,,,,,,,,,,,,,,,,PDSL_data,,
RSI_Cross50_Down + VWAP_Bear,RSI_Cross50_Down + VWAP_Bear,combo_2,16,momentum,Bearish,,,,,,,,,,,,,,,,,,0.75,0.02523,-0.0359,0.009947,,2.674,-0.01,-0.02463,0.5625,1.437,0.1702,0.007603,16.0,0.00317,0.01247,0.02797,0.075343,,,,,,,,,,,,,,,,,,0.017653,,0.7708,3.948,0.9375,0.1851,15,0.330489,-0.02616,0.5417,0.2068,0,1,0.014948,0.00964,0.02403,0.03214,0.51355,0,0.75,0.04094,-0.04141,0.020356,,4.021,-0.02075,-0.02194,0.5,2.032,0.2063,0.019786,16.0,0.00317,0.01247,0.03214,0.23189,0.8125,0.03695,-0.0393,0.022657,,5.148,-0.02203,-0.0319,0.5625,2.488,0.2068,0.017456,16.0,0.00964,0.02403,0.03214,0.330489,,,,,,,,,,,,,,,,,,,,,,,,,,,,,,,,,,,,,,,,,,,,,,,,,,,,PDSL_data,,
Price_Below_SMA50 + VWAP_Bear,Price_Below_SMA50 + VWAP_Bear,combo_2,14,trend,Bearish,,,,,,,,,,,,,,,,,,,,,,,,,,,,,,,,,,,,,,,,,,,,,,,,,,,,0.026349,,0.8333,3.601,0.7143,0.18356,20,0.31717,-0.02138,0.4524,0.3038,0,1,0.020316,0.01478,0.02887,0.0415,0.02072,1,0.7143,0.04547,-0.05801,0.015906,,2.489,-0.01507,-0.00892,0.5,2.164,0.223,0.018745,14.0,0.01302,0.01524,0.02603,0.107206,,,,,,,,,,,,,,,,,,0.7857,0.04077,-0.03356,0.024845,,4.714,-0.02489,-0.01203,0.3571,3.06,0.3038,0.018366,14.0,0.01478,0.02887,0.0415,0.31717,1.0,0.0383,0.0,0.038296,,,-0.03662,-0.04319,0.5,3.748,0.2671,0.023837,14.0,0.05764,0.06555,0.08001,0.103709,,,,,,,,,,,,,,,,,,PDSL_data,,
Stoch_Bear_Zone + Williams_Overbought,Stoch_Bear_Zone + Williams_Overbought,combo_2,18,momentum,Bearish,,,,,,,,,,,,,,,,,,0.9444,0.01411,-0.10211,0.007657,,5.656,-0.00769,-0.00276,0.5,1.439,0.2185,0.005443,17.0,0.02096,0.02289,0.02895,0.127513,,,,,,,,,,,,,,,,,,0.014341,,0.9074,4.396,0.9444,0.175311,15,0.41154,-0.02912,0.5926,0.2255,0,1,0.014704,0.02744,0.05006,0.06287,0.05431,1,0.8889,0.00962,-0.07906,-0.000232,,3.606,-0.00023,-0.0284,0.7222,2.036,0.2255,0.000225,17.0,0.02096,0.02925,0.04548,-0.002468,0.8889,0.05495,-0.11921,0.035598,,3.926,-0.03403,-0.05621,0.5556,2.493,0.1514,0.038445,17.0,0.02744,0.05006,0.06287,0.41154,,,,,,,,,,,,,,,,,,,,,,,,,,,,,,,,,,,,,,,,,,,,,,,,,,,,PDSL_data,,
BB_Upper_Reject + CCI_Overbought,BB_Upper_Reject + CCI_Overbought,combo_2,50,mean_rev,Bearish,0.82,0.01672,-0.03554,0.007313,,3.276,-0.00743,-0.01228,0.54,1.158,0.1051,0.003269,50.0,0.00305,0.01082,0.0177,0.094186,0.92,0.01462,-0.03422,0.010714,,8.638,-0.0104,-0.01044,0.48,1.495,0.0964,0.004032,50.0,0.01523,0.02081,0.02703,0.363881,0.92,0.00389,-0.04187,0.000226,,8.007,0.00028,-0.01522,0.6,1.768,0.1022,-0.005469,49.0,0.01768,0.0254,0.03623,0.007121,0.006084,,0.8867,6.64,0.9,0.142967,5,0.363881,-0.01265,0.54,0.1051,0,1,0.00061,0.01523,0.02081,0.02703,0.00391,1,,,,,,,,,,,,,,,,,,,,,,,,,,,,,,,,,,,,,,,,,,,,,,,,,,,,,,,,,,,,,,,,,,,,,,,,,,,,,,,,,,,,,,PDSL_data,,
Stoch_Overbought + OBV_Falling,Stoch_Overbought + OBV_Falling,combo_2,26,momentum,Bearish,,,,,,,,,,,,,,,,,,0.9231,0.01189,-0.07203,0.005435,,5.696,-0.00218,-0.01662,0.5769,1.453,0.1475,0.000698,26.0,0.01689,0.02488,0.0324,0.102033,,,,,,,,,,,,,,,,,,0.008804,,0.8974,5.068,0.9615,0.141394,10,0.248863,-0.02094,0.5897,0.1475,0,1,0.008,0.01871,0.02571,0.04895,0.03875,1,0.8846,0.02474,-0.07273,0.013494,,5.596,-0.01261,-0.01654,0.5385,2.054,0.1332,0.011832,26.0,0.01871,0.02571,0.04895,0.248863,0.8846,0.02407,-0.11968,0.007482,,3.912,-0.0073,-0.02967,0.6538,2.516,0.1255,0.011472,26.0,0.02486,0.02793,0.05518,0.096478,,,,,,,,,,,,,,,,,,,,,,,,,,,,,,,,,,,,,,,,,,,,,,,,,,,,PDSL_data,,
Death_Cross_State + Price_Below_SMA50,Death_Cross_State + Price_Below_SMA50,combo_2,15,trend,Bearish,,,,,,,,,,,,,,,,,,,,,,,,,,,,,,,,,,,,,,,,,,,,,,,,,,,,0.019722,,0.8222,3.467,0.7333,0.139033,20,0.268361,-0.0176,0.4889,0.3045,0,1,0.017257,0.01493,0.02703,0.03842,0.01568,1,0.7333,0.03907,-0.05771,0.013264,,2.501,-0.01242,0.00344,0.4667,2.17,0.223,0.01596,15.0,0.01321,0.01555,0.02694,0.091962,,,,,,,,,,,,,,,,,,0.7333,0.03951,-0.0268,0.02183,,4.434,-0.02188,-0.00927,0.3333,3.068,0.3045,0.018942,15.0,0.01493,0.02703,0.03842,0.268361,1.0,0.02407,0.0,0.024072,,,-0.02516,-0.04697,0.6667,3.758,0.2545,0.016871,15.0,0.05819,0.06691,0.08394,0.066741,,,,,,,,,,,,,,,,,,PDSL_data,,
VWAP_Bear + CDL_Engulfing_Bear,VWAP_Bear + CDL_Engulfing_Bear,combo_2,20,momentum,Bearish,,,,,,,,,,,,,,,,,,0.85,0.00284,-0.02804,-0.001793,,4.003,0.00187,0.00112,0.5,1.466,0.1944,0.001451,20.0,0.01206,0.02445,0.02967,-0.02185,,,,,,,,,,,,,,,,,,0.009624,,0.85,4.724,1.0,0.13841,15,0.302615,-0.01915,0.5333,0.2074,0,1,0.013112,0.01671,0.03404,0.05297,0.28189,0,0.85,0.01581,-0.0339,0.008352,,5.714,-0.00739,-0.01585,0.5,2.074,0.2074,0.011103,20.0,0.01671,0.02735,0.0361,0.145288,0.85,0.03871,-0.07064,0.022312,,4.455,-0.02265,-0.04273,0.6,2.54,0.1577,0.026782,19.0,0.01671,0.03404,0.05297,0.302615,,,,,,,,,,,,,,,,,,,,,,,,,,,,,,,,,,,,,,,,,,,,,,,,,,,,PDSL_data,,
BB_Upper_Reject,BB_Upper_Reject,single,51,mean_rev,Bearish,0.8235,0.01645,-0.03554,0.007275,,3.29,-0.00739,-0.01069,0.5294,1.155,0.1046,0.003738,51.0,0.00306,0.01088,0.01769,0.094573,0.9216,0.01357,-0.03422,0.009818,,8.636,-0.00951,-0.0104,0.5098,1.491,0.0964,0.003243,51.0,0.01544,0.02103,0.02658,0.335023,0.9216,0.00342,-0.04187,-0.000136,,8.005,0.00064,-0.01357,0.5882,1.764,0.1022,-0.005699,50.0,0.01769,0.02415,0.03375,-0.004295,0.005652,,0.8889,6.644,0.902,0.133835,5,0.335023,-0.01155,0.5425,0.1046,0,1,0.000427,0.01544,0.02103,0.02658,0.00321,1,,,,,,,,,,,,,,,,,,,,,,,,,,,,,,,,,,,,,,,,,,,,,,,,,,,,,,,,,,,,,,,,,,,,,,,,,,,,,,,,,,,,,,PDSL_data,,
Stoch_Overbought,Stoch_Overbought,single,45,mean_rev,Bearish,0.8444,0.01743,-0.04079,0.008373,,3.823,-0.00892,-0.02218,0.6,1.152,0.1035,0.005547,45.0,0.0102,0.01509,0.01995,0.122543,0.8222,0.02361,-0.0567,0.009329,,3.043,-0.00958,-0.02242,0.5778,1.488,0.0879,0.009133,45.0,0.01092,0.01934,0.02516,0.108699,0.8222,0.02808,-0.05746,0.01287,,3.382,-0.01132,-0.02278,0.5778,1.76,0.0918,0.014214,45.0,0.01108,0.02473,0.03776,0.166653,0.010191,,0.8296,3.416,0.9778,0.130319,7,0.166653,-0.02246,0.5852,0.1035,0,1,0.009631,0.01108,0.02473,0.03776,0.14594,0,,,,,,,,,,,,,,,,,,,,,,,,,,,,,,,,,,,,,,,,,,,,,,,,,,,,,,,,,,,,,,,,,,,,,,,,,,,,,,,,,,,,,,PDSL_data,,
BB_Upper_Reject + OBV_Falling,BB_Upper_Reject + OBV_Falling,combo_2,48,momentum,Bearish,,,,,,,,,,,,,,,,,,0.9167,0.01609,-0.03422,0.011898,,8.395,-0.01159,-0.01044,0.4792,1.509,0.0992,0.004765,48.0,0.01482,0.02039,0.02665,0.388747,,,,,,,,,,,,,,,,,,0.006245,,0.8819,5.196,0.9375,0.118406,5,0.388747,-0.01089,0.5208,0.1038,0,1,0.006803,0.01482,0.02039,0.02665,0.00619,1,0.875,0.0175,-0.0638,0.007339,,4.198,-0.00702,-0.01854,0.5625,2.134,0.1011,0.008731,48.0,0.0177,0.03125,0.04348,0.119903,0.8542,0.01311,-0.08024,-0.000501,,2.995,0.0011,-0.00368,0.5208,2.613,0.1038,0.006913,48.0,0.01928,0.03125,0.04926,-0.00584,,,,,,,,,,,,,,,,,,,,,,,,,,,,,,,,,,,,,,,,,,,,,,,,,,,,PDSL_data,,
