SignalName,Components,Type,Count,HorizonClass,Direction,WinRate_MFE_3D,AvgWin_3D,AvgLoss_3D,EV_3D,EV_ATR_3D,ProfitFactor_3D,AvgReturn_Close_3D,MedianReturn_Close_3D,WinRate_HitEV_3D,AvgMinMovePct_3D,Top1_Trade_Share_3D,EV_Excess_3D,ExcessDataCount_3D,MFE_Target_P10_3D,MFE_Target_P20_3D,MFE_Target_P30_3D,CompositeScore_3D,WinRate_MFE_5D,AvgWin_5D,AvgLoss_5D,EV_5D,EV_ATR_5D,ProfitFactor_5D,AvgReturn_Close_5D,MedianReturn_Close_5D,WinRate_HitEV_5D,AvgMinMovePct_5D,Top1_Trade_Share_5D,EV_Excess_5D,ExcessDataCount_5D,MFE_Target_P10_5D,MFE_Target_P20_5D,MFE_Target_P30_5D,CompositeScore_5D,WinRate_MFE_7D,AvgWin_7D,AvgLoss_7D,EV_7D,EV_ATR_7D,ProfitFactor_7D,AvgReturn_Close_7D,MedianReturn_Close_7D,WinRate_HitEV_7D,AvgMinMovePct_7D,Top1_Trade_Share_7D,EV_Excess_7D,ExcessDataCount_7D,MFE_Target_P10_7D,MFE_Target_P20_7D,MFE_Target_P30_7D,CompositeScore_7D,AvgEV,AvgEV_ATR,AvgWinRate,AvgProfitFactor,Consistency,CompositeScore,BestHorizon,BestHorizonComposite,AvgMedianReturn,AvgWinRate_HitEV,MaxTop1TradeShare,Concentration_Flag,RegimeTested_Flag,AvgEV_Excess,Target1_Conservative_BestHorizon,Target2_Median_BestHorizon,Target3_Stretch_BestHorizon,Fisher_p_min,Fisher_sig_flag,WinRate_MFE_10D,AvgWin_10D,AvgLoss_10D,EV_10D,EV_ATR_10D,ProfitFactor_10D,AvgReturn_Close_10D,MedianReturn_Close_10D,WinRate_HitEV_10D,AvgMinMovePct_10D,Top1_Trade_Share_10D,EV_Excess_10D,ExcessDataCount_10D,MFE_Target_P10_10D,MFE_Target_P20_10D,MFE_Target_P30_10D,CompositeScore_10D,WinRate_MFE_15D,AvgWin_15D,AvgLoss_15D,EV_15D,EV_ATR_15D,ProfitFactor_15D,AvgReturn_Close_15D,MedianReturn_Close_15D,WinRate_HitEV_15D,AvgMinMovePct_15D,Top1_Trade_Share_15D,EV_Excess_15D,ExcessDataCount_15D,MFE_Target_P10_15D,MFE_Target_P20_15D,MFE_Target_P30_15D,CompositeScore_15D,WinRate_MFE_20D,AvgWin_20D,AvgLoss_20D,EV_20D,EV_ATR_20D,ProfitFactor_20D,AvgReturn_Close_20D,MedianReturn_Close_20D,WinRate_HitEV_20D,AvgMinMovePct_20D,Top1_Trade_Share_20D,EV_Excess_20D,ExcessDataCount_20D,MFE_Target_P10_20D,MFE_Target_P20_20D,MFE_Target_P30_20D,CompositeScore_20D,WinRate_MFE_30D,AvgWin_30D,AvgLoss_30D,EV_30D,EV_ATR_30D,ProfitFactor_30D,AvgReturn_Close_30D,MedianReturn_Close_30D,WinRate_HitEV_30D,AvgMinMovePct_30D,Top1_Trade_Share_30D,EV_Excess_30D,ExcessDataCount_30D,MFE_Target_P10_30D,MFE_Target_P20_30D,MFE_Target_P30_30D,CompositeScore_30D,WinRate_MFE_2D,AvgWin_2D,AvgLoss_2D,EV_2D,EV_ATR_2D,ProfitFactor_2D,AvgReturn_Close_2D,MedianReturn_Close_2D,WinRate_HitEV_2D,AvgMinMovePct_2D,Top1_Trade_Share_2D,EV_Excess_2D,ExcessDataCount_2D,MFE_Target_P10_2D,MFE_Target_P20_2D,MFE_Target_P30_2D,CompositeScore_2D,Symbol,Company,ScoredThrough
Price_Above_SMA50 + Williams_Oversold,Price_Above_SMA50 + Williams_Oversold,combo_2,25,trend,Bullish,,,,,,,,,,,,,,,,,,,,,,,,,,,,,,,,,,,,,,,,,,,,,,,,,,,,0.042745,1.160905,0.9467,14.805,0.96,36.310455,30,39.133828,0.05134,0.5333,0.1586,0,1,0.032002,0.04415,0.07826,0.114,0.06068,1,0.96,0.0268,0.01869,0.026479,0.760512,,0.0263,0.01869,0.4,1.929,0.1586,0.024213,25.0,0.03079,0.03378,0.04598,2.477821,,,,,,,,,,,,,,,,,,0.96,0.05141,-0.07983,0.046161,1.163256,21.904,0.04606,0.05715,0.56,2.728,0.1399,0.033432,25.0,0.03238,0.059,0.06347,37.89999,0.92,0.07192,-0.13209,0.055595,1.558946,7.705,0.05638,0.0782,0.64,3.341,0.1443,0.03836,25.0,0.04415,0.07826,0.114,39.133828,,,,,,,,,,,,,,,,,,PNCINFRA_data,,2026-09-08
RSI_Cross50_Up + EMA_Bullish_State,RSI_Cross50_Up + EMA_Bullish_State,combo_2,36,momentum,Bullish,,,,,,,,,,,,,,,,,,0.8611,0.03395,-0.03473,0.024415,0.687813,8.541,0.02616,0.00873,0.3889,1.296,0.1847,0.016314,35.0,0.01105,0.0153,0.02004,21.212874,,,,,,,,,,,,,,,,,,0.036802,0.939552,0.8519,9.081,0.9722,29.953791,15,41.637558,0.01306,0.4259,0.1847,0,1,0.025874,0.01868,0.03565,0.05821,0.3322,0,0.8333,0.05603,-0.0414,0.039789,0.977741,8.419,0.03902,0.0094,0.4167,1.833,0.0901,0.028956,35.0,0.01512,0.02021,0.03985,29.72266,0.8611,0.06164,-0.04952,0.046201,1.153102,10.284,0.04643,0.02105,0.4722,2.245,0.0839,0.032352,35.0,0.01868,0.03565,0.05821,41.637558,,,,,,,,,,,,,,,,,,,,,,,,,,,,,,,,,,,,,,,,,,,,,,,,,,,,PNCINFRA_data,,2026-09-08
Price_Above_SMA50 + CCI_Oversold,Price_Above_SMA50 + CCI_Oversold,combo_2,13,trend,Bullish,,,,,,,,,,,,,,,,,,,,,,,,,,,,,,,,,,,,,,,,,,,,,,,,,,,,0.079117,2.0697,0.8718,6.683,0.7692,28.079033,30,43.714287,0.08489,0.4872,0.2787,0,1,0.071427,0.02841,0.05242,0.11147,0.09186,1,1.0,0.04749,0.0,0.047486,1.23865,,0.04721,0.00574,0.3077,1.916,0.2787,0.050205,13.0,0.02571,0.02875,0.03059,3.26887,,,,,,,,,,,,,,,,,,0.8462,0.12594,-0.10939,0.089736,2.34175,7.065,0.08896,0.10532,0.5385,2.709,0.2,0.083265,13.0,0.02841,0.03031,0.04885,43.659205,0.7692,0.15614,-0.08658,0.100128,2.6287,6.301,0.09946,0.14361,0.6154,3.318,0.1564,0.08081,13.0,0.02841,0.05242,0.11147,43.714287,,,,,,,,,,,,,,,,,,PNCINFRA_data,,2026-09-08
EMA_Bullish_State + Price_Above_SMA50,EMA_Bullish_State + Price_Above_SMA50,combo_2,22,trend,Bullish,,,,,,,,,,,,,,,,,,,,,,,,,,,,,,,,,,,,,,,,,,,,,,,,,,,,0.03785,0.915318,0.9394,20.278,0.9545,27.395216,30,41.190989,0.02576,0.4091,0.2085,0,1,0.019541,0.03824,0.05202,0.07546,0.09523,1,0.9545,0.03946,-0.0393,0.035876,0.842851,23.363,0.03591,0.01913,0.3182,1.74,0.2085,0.022462,22.0,0.0299,0.03616,0.03841,26.427558,,,,,,,,,,,,,,,,,,0.9091,0.03628,-0.06749,0.026843,0.589403,6.846,0.02704,0.01204,0.4545,2.461,0.1807,0.010082,22.0,0.0299,0.03616,0.04111,12.651094,0.9545,0.05559,-0.04901,0.050831,1.3137,30.626,0.05168,0.04609,0.4545,3.014,0.1775,0.02608,22.0,0.03824,0.05202,0.07546,41.190989,,,,,,,,,,,,,,,,,,PNCINFRA_data,,2026-09-08
EMA_Bullish_State + CCI_Oversold,EMA_Bullish_State + CCI_Oversold,combo_2,29,momentum,Bullish,,,,,,,,,,,,,,,,,,0.8276,0.02188,-0.03085,0.012788,0.322669,4.986,0.01421,0.00477,0.3793,1.377,0.2997,0.013038,29.0,0.00907,0.01609,0.02865,5.472182,,,,,,,,,,,,,,,,,,0.034425,0.851021,0.8736,14.009,0.931,26.948697,15,41.415182,0.01543,0.3793,0.2997,0,1,0.027506,0.02404,0.02965,0.03613,0.24497,0,0.8966,0.05002,-0.03286,0.041447,1.012728,17.359,0.04098,0.01316,0.3448,1.948,0.1395,0.03403,29.0,0.01961,0.02893,0.03267,34.444884,0.8966,0.05845,-0.03255,0.04904,1.217665,19.683,0.04859,0.02836,0.4138,2.385,0.1214,0.035449,29.0,0.02404,0.02965,0.03613,41.415182,,,,,,,,,,,,,,,,,,,,,,,,,,,,,,,,,,,,,,,,,,,,,,,,,,,,PNCINFRA_data,,2026-09-08
Price_Above_SMA50 + CCI_Exit_Oversold,Price_Above_SMA50 + CCI_Exit_Oversold,combo_2,16,trend,Bullish,,,,,,,,,,,,,,,,,,,,,,,,,,,,,,,,,,,,,,,,,,,,,,,,,,,,0.06161,1.476901,0.8333,6.884,0.875,25.203535,20,41.98606,0.05966,0.4583,0.2283,0,1,0.046672,0.02002,0.03885,0.05907,0.54026,0,0.75,0.06467,-0.04013,0.038471,0.871296,5.244,0.03816,-0.00915,0.3125,2.008,0.2283,0.033044,16.0,0.00507,0.01663,0.02262,12.945088,,,,,,,,,,,,,,,,,,0.875,0.10003,-0.08804,0.076523,1.807771,8.198,0.07556,0.07145,0.5,2.839,0.1817,0.061246,16.0,0.02002,0.03885,0.05907,41.98606,0.875,0.09522,-0.10789,0.069835,1.751635,7.21,0.06828,0.11667,0.5625,3.477,0.1418,0.045725,16.0,0.0212,0.03885,0.11606,35.779768,,,,,,,,,,,,,,,,,,PNCINFRA_data,,2026-09-08
RSI_Bull_Momentum + EMA_Bullish_State,RSI_Bull_Momentum + EMA_Bullish_State,combo_2,63,momentum,Bullish,,,,,,,,,,,,,,,,,,0.8889,0.02611,-0.03845,0.018934,0.50491,7.538,0.02022,0.01051,0.3968,1.244,0.1349,0.011555,62.0,0.01123,0.015,0.0196,15.828084,,,,,,,,,,,,,,,,,,0.024911,0.650522,0.8836,8.168,0.9841,21.747124,10,26.318104,0.01228,0.4021,0.1349,0,1,0.015556,0.01839,0.02362,0.03999,0.08523,1,0.8889,0.03469,-0.04114,0.026263,0.680702,9.297,0.02589,0.01376,0.3651,1.76,0.0706,0.017262,62.0,0.01839,0.02362,0.03999,26.318104,0.873,0.04161,-0.05347,0.029536,0.765954,7.67,0.0296,0.01257,0.4444,2.155,0.0651,0.017851,62.0,0.01933,0.03666,0.05343,24.431552,,,,,,,,,,,,,,,,,,,,,,,,,,,,,,,,,,,,,,,,,,,,,,,,,,,,PNCINFRA_data,,2026-09-08
EMA_Bullish_State + CCI_Exit_Oversold,EMA_Bullish_State + CCI_Exit_Oversold,combo_2,22,momentum,Bullish,,,,,,,,,,,,,,,,,,0.8182,0.01532,-0.02375,0.00822,0.188795,5.173,0.00842,0.00803,0.5,1.418,0.3024,0.004192,22.0,0.00913,0.01751,0.02242,3.061995,,,,,,,,,,,,,,,,,,0.027763,0.708815,0.8636,10.793,0.9091,20.20441,15,37.598216,0.00512,0.4394,0.3024,0,1,0.017537,0.02808,0.03936,0.04241,0.27488,0,0.8636,0.04028,-0.05038,0.027918,0.738533,7.352,0.02832,-0.00915,0.3636,2.005,0.193,0.018937,22.0,0.01711,0.02443,0.0367,17.024412,0.9091,0.0559,-0.04037,0.04715,1.199116,19.853,0.04695,0.01646,0.4545,2.456,0.1589,0.029484,22.0,0.02808,0.03936,0.04241,37.598216,,,,,,,,,,,,,,,,,,,,,,,,,,,,,,,,,,,,,,,,,,,,,,,,,,,,PNCINFRA_data,,2026-09-08
Price_Above_EMA200 + Williams_Oversold,Price_Above_EMA200 + Williams_Oversold,combo_2,22,trend,Bullish,,,,,,,,,,,,,,,,,,,,,,,,,,,,,,,,,,,,,,,,,,,,,,,,,,,,0.043045,1.094687,0.8485,5.758,0.9545,18.864728,30,20.628522,0.05318,0.5455,0.198,0,1,0.025968,0.02833,0.04323,0.06677,0.55081,0,0.8182,0.04965,-0.03164,0.034867,0.866373,7.592,0.03462,0.02153,0.4091,1.984,0.198,0.026139,22.0,0.02056,0.03085,0.03792,20.624405,,,,,,,,,,,,,,,,,,0.8636,0.05598,-0.08416,0.036871,0.875742,5.415,0.03821,0.06161,0.5909,2.806,0.1563,0.022068,22.0,0.02056,0.03273,0.05913,14.867593,0.8636,0.08865,-0.14052,0.057398,1.541945,4.267,0.05675,0.0764,0.6364,3.437,0.1519,0.029698,22.0,0.02833,0.04323,0.06677,20.628522,,,,,,,,,,,,,,,,,,PNCINFRA_data,,2026-09-08
CMF_Positive + Williams_Oversold,CMF_Positive + Williams_Oversold,combo_2,24,momentum,Bullish,,,,,,,,,,,,,,,,,,0.875,0.01399,-0.02165,0.009537,0.314257,8.445,0.0096,0.00984,0.5,1.46,0.1574,0.01059,24.0,0.01917,0.02496,0.03321,8.542717,,,,,,,,,,,,,,,,,,0.020251,0.550968,0.9028,10.108,0.9583,16.996016,15,22.420265,0.01349,0.4444,0.2413,0,1,0.012112,0.02927,0.03694,0.06549,0.19636,0,0.9167,0.03005,-0.04334,0.023937,0.642122,8.494,0.02441,0.01682,0.375,2.064,0.2413,0.014729,24.0,0.02927,0.03624,0.04796,17.556588,0.9167,0.03272,-0.03258,0.02728,0.696525,13.386,0.02717,0.01381,0.4583,2.528,0.216,0.011017,24.0,0.02927,0.03694,0.06549,22.420265,,,,,,,,,,,,,,,,,,,,,,,,,,,,,,,,,,,,,,,,,,,,,,,,,,,,PNCINFRA_data,,2026-09-08
EMA_Bullish_State + Williams_Oversold,EMA_Bullish_State + Williams_Oversold,combo_2,43,momentum,Bullish,,,,,,,,,,,,,,,,,,0.8837,0.01398,-0.02889,0.008994,0.271618,6.185,0.01,0.00947,0.5116,1.337,0.1469,0.008846,43.0,0.01675,0.01976,0.02893,6.357146,,,,,,,,,,,,,,,,,,0.019128,0.510609,0.8915,8.652,0.9767,16.329342,10,23.683549,0.0106,0.4496,0.1469,0,1,0.013336,0.0214,0.03151,0.04343,0.118,0,0.907,0.02914,-0.0383,0.022867,0.625855,10.401,0.02262,0.01316,0.4186,1.891,0.122,0.017001,43.0,0.0214,0.03151,0.04343,23.683549,0.8837,0.03461,-0.04355,0.025522,0.634353,9.371,0.02472,0.00919,0.4186,2.316,0.1043,0.014161,43.0,0.0214,0.03151,0.05482,22.494021,,,,,,,,,,,,,,,,,,,,,,,,,,,,,,,,,,,,,,,,,,,,,,,,,,,,PNCINFRA_data,,2026-09-08
Price_Above_SMA50 + VWAP_Bull,Price_Above_SMA50 + VWAP_Bull,combo_2,22,trend,Bullish,,,,,,,,,,,,,,,,,,,,,,,,,,,,,,,,,,,,,,,,,,,,,,,,,,,,0.039269,1.09805,0.8636,4.294,1.0,14.785293,30,31.87668,0.04488,0.5152,0.1762,0,1,0.026064,0.02999,0.08816,0.10525,0.48552,0,0.8636,0.0516,-0.09823,0.03117,0.794532,3.69,0.02693,0.02313,0.4545,1.765,0.1762,0.016677,22.0,0.0085,0.03171,0.04013,9.192863,,,,,,,,,,,,,,,,,,0.8636,0.05404,-0.12731,0.029308,0.793754,3.233,0.02482,0.04952,0.5455,2.496,0.1493,0.017452,22.0,0.02831,0.03821,0.05847,8.047431,0.8636,0.08355,-0.10872,0.057328,1.705864,5.96,0.05318,0.062,0.5455,3.057,0.1525,0.044061,22.0,0.02999,0.08816,0.10525,31.87668,,,,,,,,,,,,,,,,,,PNCINFRA_data,,2026-09-08
EMA_Bullish_State + Price_Above_SMA20,EMA_Bullish_State + Price_Above_SMA20,combo_2,45,momentum,Bullish,,,,,,,,,,,,,,,,,,0.8444,0.02434,-0.04061,0.014232,0.422832,4.547,0.01431,0.00502,0.4222,1.234,0.125,0.005355,44.0,0.01136,0.01795,0.02716,7.361807,,,,,,,,,,,,,,,,,,0.015845,0.454797,0.8889,9.175,0.9111,14.555495,15,17.111108,0.00874,0.4296,0.125,0,1,0.006528,0.03471,0.03939,0.06087,0.04675,1,0.8889,0.02701,-0.05385,0.018028,0.494636,7.178,0.01779,0.00862,0.4,1.745,0.101,0.00825,44.0,0.0245,0.03809,0.03962,13.593619,0.9333,0.01978,-0.04781,0.015274,0.446924,15.799,0.01531,0.01257,0.4667,2.137,0.0874,0.005978,44.0,0.03471,0.03939,0.06087,17.111108,,,,,,,,,,,,,,,,,,,,,,,,,,,,,,,,,,,,,,,,,,,,,,,,,,,,PNCINFRA_data,,2026-09-08
RSI_Cross50_Up + Price_Above_SMA50,RSI_Cross50_Up + Price_Above_SMA50,combo_2,47,trend,Bullish,,,,,,,,,,,,,,,,,,,,,,,,,,,,,,,,,,,,,,,,,,,,,,,,,,,,0.027002,0.703336,0.8298,5.367,0.9574,13.991102,30,21.291913,0.01051,0.4468,0.0893,0,1,0.018454,0.01809,0.03616,0.05184,0.55626,0,0.8085,0.04189,-0.05679,0.022997,0.607828,4.485,0.02254,-0.0152,0.3617,1.85,0.0831,0.019115,46.0,0.0095,0.01994,0.03492,10.553178,,,,,,,,,,,,,,,,,,0.8298,0.04825,-0.07763,0.02682,0.699184,4.767,0.02702,0.02246,0.4894,2.616,0.0883,0.017786,46.0,0.01702,0.02798,0.04045,12.901402,0.8511,0.04841,-0.06721,0.031187,0.802995,6.849,0.03188,0.02429,0.4894,3.204,0.0893,0.018461,46.0,0.01809,0.03616,0.05184,21.291913,,,,,,,,,,,,,,,,,,PNCINFRA_data,,2026-09-08
RSI_Bull_Momentum + VWAP_Bull,RSI_Bull_Momentum + VWAP_Bull,combo_2,54,momentum,Bullish,,,,,,,,,,,,,,,,,,0.8519,0.03145,-0.04256,0.020487,0.559903,5.593,0.02058,0.01422,0.4444,1.32,0.1433,0.01347,53.0,0.01197,0.01837,0.0218,12.548645,,,,,,,,,,,,,,,,,,0.023041,0.602992,0.8457,5.597,0.9815,13.27456,10,13.953932,0.0226,0.4753,0.1433,0,1,0.015235,0.01314,0.02188,0.04711,0.32196,0,0.8519,0.03672,-0.0569,0.022848,0.564481,6.169,0.02434,0.01934,0.463,1.866,0.1063,0.014887,53.0,0.01314,0.02188,0.04711,13.953932,0.8333,0.04511,-0.07084,0.025787,0.684593,5.03,0.03001,0.03424,0.5185,2.286,0.1381,0.017349,53.0,0.01818,0.04592,0.06248,13.799633,,,,,,,,,,,,,,,,,,,,,,,,,,,,,,,,,,,,,,,,,,,,,,,,,,,,PNCINFRA_data,,2026-09-08
CCI_Exit_Oversold + Williams_Oversold,CCI_Exit_Oversold + Williams_Oversold,combo_2,12,mean_rev,Bullish,0.75,0.01899,-0.00662,0.012589,0.292048,8.827,0.01293,0.00832,0.5,1.148,0.373,0.009354,12.0,0.00665,0.0121,0.0129,6.61253,0.8333,0.03439,-0.00058,0.028565,0.683629,52.307,0.02895,0.01778,0.4167,1.482,0.2813,0.021118,12.0,0.0103,0.01467,0.02491,17.534733,0.9167,0.03909,-0.02212,0.033988,0.835206,22.307,0.03439,0.01861,0.3333,1.753,0.304,0.022152,12.0,0.01445,0.02066,0.03912,21.422612,0.025048,0.603628,0.8333,27.814,0.8333,12.902285,7,21.422612,0.0149,0.4167,0.373,0,1,0.017541,0.01445,0.02066,0.03912,0.35097,0,,,,,,,,,,,,,,,,,,,,,,,,,,,,,,,,,,,,,,,,,,,,,,,,,,,,,,,,,,,,,,,,,,,,,,,,,,,,,,,,,,,,,,PNCINFRA_data,,2026-09-08
Golden_Cross_State + VWAP_Bull,Golden_Cross_State + VWAP_Bull,combo_2,10,trend,Bullish,,,,,,,,,,,,,,,,,,,,,,,,,,,,,,,,,,,,,,,,,,,,,,,,,,,,0.03627,1.030401,0.7333,5.769,0.9,12.828717,10,19.739147,0.03819,0.5,0.3102,0,1,0.016007,0.00977,0.01785,0.02551,0.80891,0,0.7,0.049,-0.00955,0.031438,0.823186,10.343,0.03188,0.01547,0.4,1.829,0.3102,0.009657,10.0,0.00977,0.01785,0.02551,19.739147,,,,,,,,,,,,,,,,,,0.8,0.06187,-0.07518,0.034462,0.998619,3.443,0.03402,0.03886,0.5,2.587,0.2825,0.013214,10.0,0.01927,0.02634,0.03594,8.245333,0.7,0.08829,-0.06298,0.042909,1.269398,3.521,0.04149,0.06023,0.6,3.168,0.2553,0.02515,10.0,0.01927,0.02634,0.07492,10.716072,,,,,,,,,,,,,,,,,,PNCINFRA_data,,2026-09-08
OBV_Trend_Bull + Williams_Oversold,OBV_Trend_Bull + Williams_Oversold,combo_2,53,momentum,Bullish,,,,,,,,,,,,,,,,,,0.9057,0.01611,-0.0658,0.008379,0.252811,3.9,0.00905,0.01864,0.5849,1.273,0.1053,0.007066,53.0,0.01675,0.02778,0.0325,3.932525,,,,,,,,,,,,,,,,,,0.012894,0.36379,0.9119,8.379,0.9811,11.929677,10,25.156141,0.01046,0.5157,0.1053,0,1,0.011446,0.02115,0.03316,0.043,0.03723,1,0.9245,0.02786,-0.04903,0.022058,0.63064,10.651,0.02146,0.01616,0.4717,1.8,0.0991,0.020306,53.0,0.02115,0.03316,0.043,25.156141,0.9057,0.01324,-0.0397,0.008245,0.207919,10.586,0.00715,-0.00342,0.4906,2.205,0.1025,0.006966,53.0,0.0242,0.03316,0.04456,8.293876,,,,,,,,,,,,,,,,,,,,,,,,,,,,,,,,,,,,,,,,,,,,,,,,,,,,PNCINFRA_data,,2026-09-08
Golden_Cross_State + CDL_Engulfing_Bull,Golden_Cross_State + CDL_Engulfing_Bull,combo_2,10,trend,Bullish,,,,,,,,,,,,,,,,,,,,,,,,,,,,,,,,,,,,,,,,,,,,,,,,,,,,0.017895,0.653563,0.9333,8.216,0.9,11.588843,30,12.725073,0.04527,0.6,0.3123,0,1,0.005599,0.05501,0.08809,0.10378,0.18551,0,0.9,0.01153,-0.0186,0.008518,0.304666,12.019,0.00772,0.01108,0.5,1.703,0.3123,-0.011403,9.0,0.02965,0.03767,0.05305,7.305575,,,,,,,,,,,,,,,,,,1.0,0.01109,0.0,0.011095,0.453576,,0.01076,0.03966,0.7,2.408,0.2694,-0.000422,9.0,0.03832,0.05095,0.06892,1.087628,0.9,0.05522,-0.15628,0.034073,1.202448,4.413,0.0344,0.08507,0.6,2.949,0.2344,0.028622,9.0,0.05501,0.08809,0.10378,12.725073,,,,,,,,,,,,,,,,,,PNCINFRA_data,,2026-09-08
Price_Above_SMA50 + BB_Expansion_Bull,Price_Above_SMA50 + BB_Expansion_Bull,combo_2,18,trend,Bullish,,,,,,,,,,,,,,,,,,,,,,,,,,,,,,,,,,,,,,,,,,,,,,,,,,,,0.019451,0.702714,0.8519,5.899,0.9444,11.527392,30,33.43894,0.0298,0.5741,0.3234,0,1,0.011246,0.03719,0.06828,0.09549,0.45701,0,0.8333,0.02353,-0.05173,0.010984,0.557344,3.374,0.01271,0.00983,0.5,1.796,0.3234,0.003957,17.0,0.01687,0.02349,0.03545,5.53736,,,,,,,,,,,,,,,,,,0.8333,0.02559,-0.05539,0.012095,0.415134,3.654,0.01224,0.02995,0.6111,2.539,0.1591,0.011644,17.0,0.02708,0.04522,0.07854,4.466695,0.8889,0.04554,-0.04681,0.035275,1.135664,10.668,0.03654,0.04963,0.6111,3.11,0.213,0.018137,17.0,0.03719,0.06828,0.09549,33.43894,,,,,,,,,,,,,,,,,,PNCINFRA_data,,2026-09-08
RSI_Cross50_Up + VWAP_Bull,RSI_Cross50_Up + VWAP_Bull,combo_2,38,momentum,Bullish,,,,,,,,,,,,,,,,,,0.7895,0.03712,-0.04265,0.020326,0.581334,4.388,0.02053,0.01311,0.4474,1.342,0.1825,0.01037,37.0,0.00801,0.01405,0.0215,9.345622,,,,,,,,,,,,,,,,,,0.025673,0.6246,0.7982,4.967,0.9737,11.067448,15,15.434454,0.02562,0.4737,0.1825,0,1,0.016627,0.0158,0.03512,0.06837,0.72556,0,0.7895,0.04633,-0.0569,0.024593,0.541588,4.903,0.02422,0.02074,0.4474,1.897,0.0861,0.016668,37.0,0.00996,0.0201,0.04654,9.728597,0.8158,0.05411,-0.06539,0.0321,0.750879,5.611,0.03173,0.043,0.5263,2.324,0.0815,0.022843,37.0,0.0158,0.03512,0.06837,15.434454,,,,,,,,,,,,,,,,,,,,,,,,,,,,,,,,,,,,,,,,,,,,,,,,,,,,PNCINFRA_data,,2026-09-08
Stoch_Oversold + CDL_Harami_Bull,Stoch_Oversold + CDL_Harami_Bull,combo_2,19,mean_rev,Bullish,0.9474,0.01421,-0.04887,0.010895,0.332229,8.937,0.01084,0.01141,0.5263,1.041,0.2222,0.012037,19.0,0.01558,0.02933,0.03792,8.894375,0.9474,0.01409,-0.01704,0.01245,0.363868,26.697,0.01285,0.01059,0.4737,1.344,0.2378,0.012069,19.0,0.01558,0.02933,0.03927,10.900496,0.8421,0.02837,-0.02393,0.02011,0.539071,7.526,0.02045,0.01652,0.4211,1.59,0.205,0.020988,19.0,0.01558,0.03296,0.04054,12.154116,0.014485,0.411722,0.9123,14.387,0.8947,11.035772,7,12.154116,0.01284,0.4737,0.2378,0,1,0.015031,0.01558,0.03296,0.04054,0.10409,0,,,,,,,,,,,,,,,,,,,,,,,,,,,,,,,,,,,,,,,,,,,,,,,,,,,,,,,,,,,,,,,,,,,,,,,,,,,,,,,,,,,,,,PNCINFRA_data,,2026-09-08
RSI_Cross50_Up + Stoch_Cross_Up,RSI_Cross50_Up + Stoch_Cross_Up,combo_2,22,momentum,Bullish,,,,,,,,,,,,,,,,,,0.7727,0.04854,-0.03283,0.030047,0.914718,5.506,0.03258,0.01921,0.5,1.213,0.2972,0.023639,22.0,0.0028,0.00868,0.02193,15.791883,,,,,,,,,,,,,,,,,,0.026855,0.82905,0.803,4.355,0.9545,10.806389,5,15.791883,0.02038,0.5,0.2972,0,1,0.022331,0.0028,0.00868,0.02193,0.68432,0,0.8182,0.04919,-0.07578,0.02647,0.800965,3.632,0.02644,0.00619,0.4545,1.715,0.1744,0.02577,22.0,0.0028,0.02872,0.04189,9.122204,0.8182,0.04806,-0.08399,0.024049,0.771467,3.927,0.02374,0.03573,0.5455,2.101,0.1617,0.017584,22.0,0.0028,0.02872,0.04825,9.498968,,,,,,,,,,,,,,,,,,,,,,,,,,,,,,,,,,,,,,,,,,,,,,,,,,,,PNCINFRA_data,,2026-09-08
Golden_Cross_State + Price_Above_SMA50,Golden_Cross_State + Price_Above_SMA50,combo_2,18,trend,Bullish,,,,,,,,,,,,,,,,,,,,,,,,,,,,,,,,,,,,,,,,,,,,,,,,,,,,0.035898,1.070828,0.8704,3.609,0.9444,10.745919,30,21.992775,0.04665,0.5556,0.2529,0,1,0.023516,0.03173,0.06678,0.10205,0.45701,0,0.8333,0.04251,-0.08308,0.021574,0.57093,2.869,0.0187,0.02029,0.5,1.725,0.2529,0.011311,18.0,0.00912,0.03554,0.03949,4.822378,,,,,,,,,,,,,,,,,,0.8889,0.05725,-0.15082,0.03413,0.975544,3.474,0.03008,0.05765,0.6111,2.44,0.1749,0.022033,18.0,0.03108,0.03905,0.05319,9.978802,0.8889,0.0799,-0.17126,0.051989,1.66601,4.483,0.04789,0.062,0.5556,2.988,0.1931,0.037205,18.0,0.03173,0.06678,0.10205,21.992775,,,,,,,,,,,,,,,,,,PNCINFRA_data,,2026-09-08
Williams_Oversold + CDL_Harami_Bull,Williams_Oversold + CDL_Harami_Bull,combo_2,20,mean_rev,Bullish,1.0,0.00601,0.0,0.006009,0.231095,,0.00549,0.00793,0.5,1.009,0.1945,0.009554,20.0,0.01575,0.02706,0.03218,0.703574,0.95,0.01474,-0.00709,0.013649,0.42992,66.362,0.01338,0.01234,0.5,1.303,0.1994,0.011492,20.0,0.01575,0.03734,0.04008,13.089022,0.85,0.02446,-0.02091,0.017658,0.571444,9.796,0.01862,0.00661,0.45,1.542,0.22,0.016663,20.0,0.01575,0.03915,0.04152,17.043598,0.012439,0.41082,0.9333,38.079,0.85,10.631373,7,17.043598,0.00896,0.4833,0.22,0,1,0.01257,0.01575,0.03915,0.04152,0.01639,1,,,,,,,,,,,,,,,,,,,,,,,,,,,,,,,,,,,,,,,,,,,,,,,,,,,,,,,,,,,,,,,,,,,,,,,,,,,,,,,,,,,,,,PNCINFRA_data,,2026-09-08
RSI_Bull_Momentum + Price_Above_SMA50,RSI_Bull_Momentum + Price_Above_SMA50,combo_2,79,trend,Bullish,,,,,,,,,,,,,,,,,,,,,,,,,,,,,,,,,,,,,,,,,,,,,,,,,,,,0.018784,0.518551,0.8565,4.432,0.962,9.688249,30,13.589742,0.02029,0.4895,0.0664,0,1,0.008681,0.02084,0.04506,0.06757,0.30024,0,0.8608,0.02819,-0.05976,0.01594,0.432556,4.705,0.01345,0.01267,0.443,1.771,0.0617,0.010431,78.0,0.01433,0.02188,0.03656,8.91763,,,,,,,,,,,,,,,,,,0.8354,0.03887,-0.08793,0.018006,0.520465,3.445,0.0163,0.02431,0.519,2.505,0.0664,0.006938,78.0,0.01819,0.03315,0.05013,7.856755,0.8734,0.03928,-0.09404,0.022406,0.602632,5.146,0.02125,0.02388,0.5063,3.068,0.0603,0.008674,78.0,0.02084,0.04506,0.06757,13.589742,,,,,,,,,,,,,,,,,,PNCINFRA_data,,2026-09-08
Golden_Cross_State + Williams_Oversold,Golden_Cross_State + Williams_Oversold,combo_2,41,trend,Bullish,,,,,,,,,,,,,,,,,,,,,,,,,,,,,,,,,,,,,,,,,,,,,,,,,,,,0.025427,0.637298,0.813,4.211,0.9512,9.542108,10,16.785164,0.04913,0.5772,0.1252,0,1,0.007364,0.01617,0.02759,0.03847,0.70734,0,0.7805,0.04574,-0.03171,0.028741,0.814569,5.513,0.02791,0.02438,0.4634,1.886,0.1252,0.017744,41.0,0.01617,0.02759,0.03847,16.785164,,,,,,,,,,,,,,,,,,0.8293,0.04343,-0.10447,0.01818,0.440285,3.255,0.01918,0.05609,0.6098,2.667,0.0903,0.001297,41.0,0.01685,0.04144,0.0662,5.357299,0.8293,0.05781,-0.10883,0.029359,0.657039,3.865,0.02861,0.06692,0.6585,3.266,0.0928,0.003051,41.0,0.01973,0.0504,0.08327,9.492773,,,,,,,,,,,,,,,,,,PNCINFRA_data,,2026-09-08
RSI_Bull_Momentum + Stoch_Oversold,RSI_Bull_Momentum + Stoch_Oversold,combo_2,17,momentum,Bullish,,,,,,,,,,,,,,,,,,1.0,0.01763,0.0,0.017633,0.58028,,0.018,0.01863,0.5294,1.235,0.2833,0.009504,17.0,0.01934,0.02316,0.02976,1.677225,,,,,,,,,,,,,,,,,,0.011928,0.449984,0.9216,8.258,0.8235,8.844819,10,11.133214,0.01737,0.549,0.2837,0,1,0.004433,0.01934,0.04716,0.04915,0.03169,1,0.9412,0.01208,-0.03714,0.009189,0.385183,11.197,0.00969,0.01763,0.5882,1.746,0.2835,0.003821,17.0,0.01934,0.04716,0.04915,11.133214,0.8235,0.01798,-0.03311,0.008962,0.384488,5.318,0.00989,0.01586,0.5294,2.138,0.2837,-2.7e-05,17.0,0.01934,0.04757,0.06065,5.910409,,,,,,,,,,,,,,,,,,,,,,,,,,,,,,,,,,,,,,,,,,,,,,,,,,,,PNCINFRA_data,,2026-09-08
CMF_Positive + VWAP_Bull,CMF_Positive + VWAP_Bull,combo_2,32,momentum,Bullish,,,,,,,,,,,,,,,,,,0.8438,0.02101,-0.03977,0.011517,0.232173,4.905,0.01468,-0.00763,0.4688,1.38,0.272,0.009978,32.0,0.01145,0.01851,0.02818,3.981519,,,,,,,,,,,,,,,,,,0.020132,0.468713,0.8438,5.22,1.0,8.554702,15,13.311632,0.00599,0.4479,0.3249,0,1,0.016169,0.02554,0.03079,0.04998,0.45518,0,0.8438,0.0319,-0.04468,0.019937,0.451219,5.488,0.02571,0.01488,0.4688,1.952,0.3249,0.015659,32.0,0.01332,0.02733,0.04626,8.657705,0.8438,0.0464,-0.06533,0.028943,0.722748,5.268,0.03232,0.01073,0.4062,2.391,0.2098,0.022869,32.0,0.02554,0.03079,0.04998,13.311632,,,,,,,,,,,,,,,,,,,,,,,,,,,,,,,,,,,,,,,,,,,,,,,,,,,,PNCINFRA_data,,2026-09-08
Price_Above_EMA200 + BB_Expansion_Bull,Price_Above_EMA200 + BB_Expansion_Bull,combo_2,15,trend,Bullish,,,,,,,,,,,,,,,,,,,,,,,,,,,,,,,,,,,,,,,,,,,,,,,,,,,,0.006419,0.329656,0.9111,9.824,0.9333,8.380501,30,12.202387,0.03234,0.6,0.3141,0,1,-0.000516,0.04792,0.08496,0.10713,0.30011,0,0.8667,0.01664,-0.08449,0.003154,0.403399,3.392,0.00204,0.02412,0.6,1.653,0.3141,-0.005832,15.0,0.02349,0.03805,0.0571,3.79381,,,,,,,,,,,,,,,,,,0.9333,0.01034,-0.08971,0.003671,0.145461,6.194,0.00044,0.02804,0.6667,2.338,0.1788,-0.001394,15.0,0.04792,0.07364,0.09176,2.498011,0.9333,0.01605,-0.03819,0.012431,0.440108,19.886,0.00934,0.04484,0.5333,2.864,0.2768,0.005678,15.0,0.04792,0.08496,0.10713,12.202387,,,,,,,,,,,,,,,,,,PNCINFRA_data,,2026-09-08
EMA_Bullish_State + CMF_Positive,EMA_Bullish_State + CMF_Positive,combo_2,29,momentum,Bullish,,,,,,,,,,,,,,,,,,0.8966,0.00691,-0.03268,0.002818,0.037438,6.22,0.00292,-0.00919,0.3793,1.327,0.1962,0.002087,29.0,0.0143,0.01961,0.02416,0.791964,,,,,,,,,,,,,,,,,,0.01354,0.318893,0.908,7.831,0.9655,8.201185,15,15.992245,0.00313,0.4368,0.1962,0,1,0.005851,0.02673,0.03941,0.05036,0.10462,0,0.931,0.01927,-0.04719,0.014685,0.357794,8.9,0.01442,0.01277,0.4828,1.876,0.1543,0.004515,29.0,0.02496,0.02933,0.04537,10.830681,0.8966,0.03163,-0.05064,0.023117,0.561446,8.375,0.02284,0.00581,0.4483,2.298,0.1597,0.010952,29.0,0.02673,0.03941,0.05036,15.992245,,,,,,,,,,,,,,,,,,,,,,,,,,,,,,,,,,,,,,,,,,,,,,,,,,,,PNCINFRA_data,,2026-09-08
Williams_Oversold + VWAP_Bull,Williams_Oversold + VWAP_Bull,combo_2,44,momentum,Bullish,,,,,,,,,,,,,,,,,,0.8636,0.01,-0.0373,0.003549,0.134626,3.811,0.00243,0.0104,0.5682,1.374,0.0913,-0.00034,44.0,0.01474,0.0194,0.02803,1.952984,,,,,,,,,,,,,,,,,,0.015206,0.407112,0.8636,5.294,0.9545,7.831835,10,13.341156,0.01624,0.5152,0.1286,0,1,0.00612,0.01747,0.03091,0.03826,0.24736,0,0.8409,0.0338,-0.04081,0.021932,0.64039,5.473,0.0211,0.02218,0.5,1.943,0.1286,0.011814,44.0,0.01747,0.03091,0.03826,13.341156,0.8864,0.03074,-0.06259,0.020138,0.44632,6.599,0.01886,0.01615,0.4773,2.379,0.1056,0.006887,44.0,0.02773,0.03335,0.04967,11.21212,,,,,,,,,,,,,,,,,,,,,,,,,,,,,,,,,,,,,,,,,,,,,,,,,,,,PNCINFRA_data,,2026-09-08
OBV_Rising + CDL_Harami_Bull,OBV_Rising + CDL_Harami_Bull,combo_2,72,momentum,Bullish,,,,,,,,,,,,,,,,,,0.9014,0.0018,-0.02605,-0.000941,0.023848,6.009,-0.00037,-0.00227,0.493,1.284,0.1411,-0.001326,71.0,0.01047,0.02025,0.02854,0.614828,,,,,,,,,,,,,,,,,,0.00805,0.317111,0.8779,5.575,0.9577,7.264791,15,16.307588,0.00105,0.446,0.1814,0,1,0.0056,0.01704,0.02999,0.04152,0.03572,1,0.8592,0.01656,-0.04512,0.00787,0.3091,4.57,0.01159,0.00198,0.4225,1.816,0.1814,0.006402,71.0,0.01592,0.02939,0.03774,6.060679,0.8732,0.02758,-0.05415,0.01722,0.618384,6.147,0.01995,0.00343,0.4225,2.224,0.1378,0.011725,71.0,0.01704,0.02999,0.04152,16.307588,,,,,,,,,,,,,,,,,,,,,,,,,,,,,,,,,,,,,,,,,,,,,,,,,,,,PNCINFRA_data,,2026-09-08
EMA_Bullish_State + CDL_Harami_Bull,EMA_Bullish_State + CDL_Harami_Bull,combo_2,33,momentum,Bullish,,,,,,,,,,,,,,,,,,0.9091,-0.00368,-0.01773,-0.004955,-0.033062,9.417,-0.0044,-0.01308,0.4242,1.27,0.2977,-0.003797,33.0,0.01094,0.02121,0.0294,-1.097866,,,,,,,,,,,,,,,,,,0.00823,0.318287,0.8788,6.696,0.9394,7.059834,15,18.879896,0.0015,0.4141,0.2977,0,1,0.007126,0.02515,0.02984,0.0382,0.11996,0,0.8485,0.01347,-0.04409,0.004749,0.186834,3.988,0.00404,0.0016,0.3939,1.796,0.1694,0.005102,33.0,0.01675,0.02774,0.0345,2.627145,0.8788,0.03649,-0.05918,0.024895,0.80109,6.683,0.02511,0.01597,0.4242,2.199,0.1533,0.020073,33.0,0.02515,0.02984,0.0382,18.879896,,,,,,,,,,,,,,,,,,,,,,,,,,,,,,,,,,,,,,,,,,,,,,,,,,,,PNCINFRA_data,,2026-09-08
OBV_Rising + Williams_Oversold,OBV_Rising + Williams_Oversold,combo_2,50,momentum,Bullish,,,,,,,,,,,,,,,,,,0.84,0.01477,-0.03596,0.006657,0.183409,3.719,0.00969,0.00773,0.5,1.339,0.211,0.006556,50.0,0.00872,0.01797,0.03047,2.681843,,,,,,,,,,,,,,,,,,0.01163,0.356089,0.8467,5.112,0.98,7.014368,15,11.277394,-0.00359,0.4333,0.211,0,1,0.007596,0.01809,0.03093,0.04137,0.36158,0,0.86,0.02127,-0.0414,0.012499,0.393612,5.779,0.0129,-0.00104,0.4,1.894,0.1526,0.007535,50.0,0.01542,0.02215,0.03908,8.943719,0.84,0.02769,-0.04705,0.015736,0.491246,5.839,0.0157,-0.01745,0.4,2.319,0.1094,0.008698,50.0,0.01809,0.03093,0.04137,11.277394,,,,,,,,,,,,,,,,,,,,,,,,,,,,,,,,,,,,,,,,,,,,,,,,,,,,PNCINFRA_data,,2026-09-08
CCI_Oversold + VWAP_Bull,CCI_Oversold + VWAP_Bull,combo_2,35,momentum,Bullish,,,,,,,,,,,,,,,,,,0.7714,0.00914,-0.04303,-0.002786,-0.050142,2.24,-0.00204,-0.01212,0.4571,1.416,0.2952,-0.000278,35.0,0.00474,0.01202,0.01965,-0.402452,,,,,,,,,,,,,,,,,,0.019839,0.467313,0.8095,4.577,0.9143,7.008407,10,15.469424,-0.00334,0.4381,0.2952,0,1,0.015101,0.01526,0.02404,0.03002,0.4774,0,0.8,0.05559,-0.05571,0.033331,0.872291,4.949,0.03232,0.01616,0.4286,2.003,0.1237,0.028047,35.0,0.01526,0.02404,0.03002,15.469424,0.8571,0.04528,-0.06889,0.028972,0.57979,6.544,0.02719,-0.01405,0.4286,2.453,0.1133,0.017534,35.0,0.01967,0.02798,0.03303,13.595593,,,,,,,,,,,,,,,,,,,,,,,,,,,,,,,,,,,,,,,,,,,,,,,,,,,,PNCINFRA_data,,2026-09-08
Golden_Cross_State + BB_Expansion_Bull,Golden_Cross_State + BB_Expansion_Bull,combo_2,12,trend,Bullish,,,,,,,,,,,,,,,,,,,,,,,,,,,,,,,,,,,,,,,,,,,,,,,,,,,,0.005184,0.327106,0.8889,8.939,0.9167,6.875255,30,16.551041,0.03404,0.5833,0.3959,0,1,-0.002913,0.04203,0.06976,0.1102,0.42504,0,0.8333,0.00883,-0.08449,-0.006728,0.128888,2.692,-0.00782,0.00698,0.5,1.701,0.3959,-0.015018,12.0,0.02128,0.04335,0.05742,0.890041,,,,,,,,,,,,,,,,,,0.9167,0.0131,-0.08971,0.00453,0.207151,5.706,0.00136,0.04881,0.6667,2.406,0.1941,-0.003061,12.0,0.04203,0.06317,0.08526,3.031859,0.9167,0.02284,-0.03819,0.01775,0.645277,18.42,0.01471,0.04633,0.5833,2.947,0.3004,0.009339,12.0,0.04203,0.06976,0.1102,16.551041,,,,,,,,,,,,,,,,,,PNCINFRA_data,,2026-09-08
MACD_Hist_Positive + BB_Expansion_Bull,MACD_Hist_Positive + BB_Expansion_Bull,combo_2,21,momentum,Bullish,,,,,,,,,,,,,,,,,,0.6667,0.02503,-0.03562,0.004811,0.233211,1.418,0.00453,0.00446,0.4762,1.188,0.2172,0.002268,20.0,0.00396,0.00974,0.01091,1.022066,,,,,,,,,,,,,,,,,,0.011029,0.421248,0.8095,6.622,0.7619,6.569626,10,15.371968,0.01697,0.5238,0.2565,0,1,0.007285,0.01246,0.02995,0.04007,0.30591,0,0.8571,0.01808,-0.01834,0.012875,0.497307,11.242,0.01135,0.02412,0.5238,1.681,0.2565,0.007822,20.0,0.01246,0.02995,0.04007,15.371968,0.9048,0.02249,-0.05189,0.015402,0.533226,7.207,0.01293,0.02234,0.5714,2.058,0.2248,0.011766,20.0,0.03046,0.05645,0.06539,11.878649,,,,,,,,,,,,,,,,,,,,,,,,,,,,,,,,,,,,,,,,,,,,,,,,,,,,PNCINFRA_data,,2026-09-08
MACD_Bullish_State + BB_Expansion_Bull,MACD_Bullish_State + BB_Expansion_Bull,combo_2,21,momentum,Bullish,,,,,,,,,,,,,,,,,,0.6667,0.02503,-0.03562,0.004811,0.233211,1.418,0.00453,0.00446,0.4762,1.188,0.2172,0.002268,20.0,0.00396,0.00974,0.01091,1.022066,,,,,,,,,,,,,,,,,,0.011029,0.421248,0.8095,6.622,0.7619,6.569626,10,15.371968,0.01697,0.5238,0.2565,0,1,0.007285,0.01246,0.02995,0.04007,0.30591,0,0.8571,0.01808,-0.01834,0.012875,0.497307,11.242,0.01135,0.02412,0.5238,1.681,0.2565,0.007822,20.0,0.01246,0.02995,0.04007,15.371968,0.9048,0.02249,-0.05189,0.015402,0.533226,7.207,0.01293,0.02234,0.5714,2.058,0.2248,0.011766,20.0,0.03046,0.05645,0.06539,11.878649,,,,,,,,,,,,,,,,,,,,,,,,,,,,,,,,,,,,,,,,,,,,,,,,,,,,PNCINFRA_data,,2026-09-08
Price_Above_EMA200 + CDL_Engulfing_Bull,Price_Above_EMA200 + CDL_Engulfing_Bull,combo_2,10,trend,Bullish,,,,,,,,,,,,,,,,,,,,,,,,,,,,,,,,,,,,,,,,,,,,,,,,,,,,0.013043,0.470574,0.9,7.128,0.8,6.434544,30,9.49419,0.04184,0.5667,0.3764,0,1,-0.001116,0.05501,0.06281,0.08625,0.18551,0,0.8,0.00819,-0.00757,0.005039,0.226595,9.963,0.00424,0.00078,0.4,1.654,0.3764,-0.012394,9.0,0.01254,0.02866,0.03702,5.413273,,,,,,,,,,,,,,,,,,1.0,0.00644,0.0,0.006443,0.2629,,0.00682,0.03966,0.7,2.34,0.2694,-0.011193,9.0,0.03832,0.05095,0.06108,0.630407,0.9,0.04857,-0.16065,0.027649,0.922228,4.293,0.02763,0.08507,0.6,2.865,0.2344,0.02024,9.0,0.05501,0.06281,0.08625,9.49419,,,,,,,,,,,,,,,,,,PNCINFRA_data,,2026-09-08
EMA_Bullish_State + Stoch_Oversold,EMA_Bullish_State + Stoch_Oversold,combo_2,38,momentum,Bullish,,,,,,,,,,,,,,,,,,0.8684,0.0162,-0.05907,0.006296,0.218293,2.573,0.00627,0.01381,0.5789,1.309,0.173,0.002857,38.0,0.00908,0.01765,0.0228,2.057395,,,,,,,,,,,,,,,,,,0.011878,0.370416,0.8684,4.858,0.9474,6.245389,15,10.470384,0.01168,0.5263,0.173,0,1,0.005072,0.01779,0.03752,0.05573,0.19734,0,0.8947,0.0197,-0.04171,0.013236,0.383653,6.389,0.0136,0.01689,0.5526,1.852,0.1461,0.007182,38.0,0.01779,0.03681,0.04915,8.98066,0.8421,0.02844,-0.04967,0.016104,0.509301,5.612,0.01591,0.00433,0.4474,2.268,0.1171,0.005177,38.0,0.01779,0.03752,0.05573,10.470384,,,,,,,,,,,,,,,,,,,,,,,,,,,,,,,,,,,,,,,,,,,,,,,,,,,,PNCINFRA_data,,2026-09-08
EMA_Bullish_State,EMA_Bullish_State,single,10,momentum,Bullish,,,,,,,,,,,,,,,,,,0.9,0.01752,-0.04331,0.011435,0.369806,3.707,0.01082,0.01448,0.6,1.17,0.3098,-0.000665,10.0,0.01104,0.01309,0.02928,3.287386,,,,,,,,,,,,,,,,,,0.024424,0.770113,0.9667,3.707,0.9,6.161325,5,3.287386,0.02244,0.5,0.3101,0,1,0.010572,0.01104,0.01309,0.02928,0.15355,0,1.0,0.02636,0.0,0.026363,0.816817,,0.02658,0.01913,0.4,1.654,0.2709,0.015113,10.0,0.03751,0.03938,0.04396,1.958642,1.0,0.03547,0.0,0.035475,1.123717,,0.03574,0.03372,0.5,2.026,0.3101,0.017267,10.0,0.04487,0.05004,0.05924,2.694555,,,,,,,,,,,,,,,,,,,,,,,,,,,,,,,,,,,,,,,,,,,,,,,,,,,,PNCINFRA_data,,2026-09-08
EMA_Bullish_State + Stoch_Bull_Zone,EMA_Bullish_State + Stoch_Bull_Zone,combo_2,83,momentum,Bullish,,,,,,,,,,,,,,,,,,0.9157,0.014,-0.05027,0.00858,0.278607,5.5,0.01044,0.0078,0.4578,1.246,0.1368,0.005316,83.0,0.0123,0.01964,0.02705,6.789554,,,,,,,,,,,,,,,,,,0.008189,0.28824,0.8956,4.76,0.9639,5.859955,5,6.789554,0.00173,0.4458,0.1368,0,1,0.002305,0.0123,0.01964,0.02705,0.00828,1,0.8916,0.01479,-0.05883,0.006808,0.264224,5.039,0.00807,0.00054,0.4699,1.762,0.11,0.002335,83.0,0.01641,0.0267,0.03483,5.899802,0.8795,0.02262,-0.08897,0.009178,0.32189,3.742,0.00889,-0.00313,0.4096,2.158,0.0692,-0.000736,83.0,0.01961,0.03233,0.04197,5.336608,,,,,,,,,,,,,,,,,,,,,,,,,,,,,,,,,,,,,,,,,,,,,,,,,,,,PNCINFRA_data,,2026-09-08
MACD_Hist_Positive + Stoch_Oversold,MACD_Hist_Positive + Stoch_Oversold,combo_2,21,momentum,Bullish,,,,,,,,,,,,,,,,,,0.9048,0.02393,-0.05081,0.016816,0.423717,6.173,0.0171,0.0288,0.6667,1.341,0.1733,0.012264,21.0,0.01667,0.02091,0.04607,8.085298,,,,,,,,,,,,,,,,,,0.009893,0.247234,0.8889,8.035,0.9524,5.848394,5,8.085298,0.01585,0.5397,0.1978,0,1,0.001989,0.01667,0.02091,0.04607,0.23194,0,0.8571,0.01483,-0.04672,0.006036,0.135414,3.66,0.00599,0.01207,0.5238,1.897,0.1978,-0.004437,21.0,0.01667,0.02091,0.0514,1.531966,0.9048,0.01019,-0.02515,0.006828,0.182571,14.273,0.00739,0.00668,0.4286,2.323,0.1929,-0.001859,21.0,0.01679,0.06183,0.07074,5.64334,,,,,,,,,,,,,,,,,,,,,,,,,,,,,,,,,,,,,,,,,,,,,,,,,,,,PNCINFRA_data,,2026-09-08
MACD_Bullish_State + Stoch_Oversold,MACD_Bullish_State + Stoch_Oversold,combo_2,21,momentum,Bullish,,,,,,,,,,,,,,,,,,0.9048,0.02393,-0.05081,0.016816,0.423717,6.173,0.0171,0.0288,0.6667,1.341,0.1733,0.012264,21.0,0.01667,0.02091,0.04607,8.085298,,,,,,,,,,,,,,,,,,0.009893,0.247234,0.8889,8.035,0.9524,5.848394,5,8.085298,0.01585,0.5397,0.1978,0,1,0.001989,0.01667,0.02091,0.04607,0.23194,0,0.8571,0.01483,-0.04672,0.006036,0.135414,3.66,0.00599,0.01207,0.5238,1.897,0.1978,-0.004437,21.0,0.01667,0.02091,0.0514,1.531966,0.9048,0.01019,-0.02515,0.006828,0.182571,14.273,0.00739,0.00668,0.4286,2.323,0.1929,-0.001859,21.0,0.01679,0.06183,0.07074,5.64334,,,,,,,,,,,,,,,,,,,,,,,,,,,,,,,,,,,,,,,,,,,,,,,,,,,,PNCINFRA_data,,2026-09-08
RSI_Bull_Momentum,RSI_Bull_Momentum,single,94,momentum,Bullish,,,,,,,,,,,,,,,,,,0.8404,0.02462,-0.03905,0.014462,0.392335,4.986,0.01438,0.01009,0.4574,1.268,0.0949,0.010703,93.0,0.00603,0.01441,0.01981,8.908717,,,,,,,,,,,,,,,,,,0.012064,0.302127,0.8333,4.285,0.9894,5.833106,5,8.908717,0.00075,0.4645,0.1077,0,1,0.008147,0.00603,0.01441,0.01981,0.32934,0,0.8298,0.0251,-0.05395,0.011645,0.291441,4.19,0.01014,-0.01072,0.4574,1.793,0.0828,0.00792,93.0,0.01072,0.02072,0.03498,5.560712,0.8298,0.02679,-0.07137,0.010085,0.222606,3.68,0.01104,0.00288,0.4787,2.196,0.1077,0.005816,93.0,0.01551,0.0261,0.04158,3.730024,,,,,,,,,,,,,,,,,,,,,,,,,,,,,,,,,,,,,,,,,,,,,,,,,,,,PNCINFRA_data,,2026-09-08
Price_Above_SMA50 + Price_Above_EMA200,Price_Above_SMA50 + Price_Above_EMA200,combo_2,26,trend,Bullish,,,,,,,,,,,,,,,,,,,,,,,,,,,,,,,,,,,,,,,,,,,,,,,,,,,,0.018742,0.548582,0.8205,3.232,0.9231,5.393627,30,8.250811,0.01891,0.4872,0.2061,0,1,0.009412,0.01237,0.02158,0.06961,0.55599,0,0.8462,0.03111,-0.06908,0.015698,0.462986,3.245,0.01265,0.01331,0.4615,1.604,0.2061,0.006564,26.0,0.00763,0.0177,0.03194,4.951508,,,,,,,,,,,,,,,,,,0.8462,0.03712,-0.09159,0.01732,0.45715,3.0,0.01411,0.01924,0.5,2.269,0.1659,0.008471,26.0,0.01237,0.02158,0.0391,4.520404,0.7692,0.05388,-0.07904,0.023207,0.725611,3.45,0.0207,0.02419,0.5,2.779,0.1812,0.013202,26.0,0.01237,0.02158,0.06961,8.250811,,,,,,,,,,,,,,,,,,PNCINFRA_data,,2026-09-08
RSI_Cross50_Up,RSI_Cross50_Up,single,74,momentum,Bullish,,,,,,,,,,,,,,,,,,0.8108,0.02625,-0.03852,0.013995,0.404925,4.485,0.01425,0.00626,0.4595,1.276,0.113,0.008524,73.0,0.00589,0.01364,0.01981,7.840871,,,,,,,,,,,,,,,,,,0.011966,0.293125,0.8108,3.976,0.973,4.895341,5,7.840871,0.00033,0.4685,0.113,0,1,0.007522,0.00589,0.01364,0.01981,0.62927,0,0.7973,0.02742,-0.05612,0.010487,0.244207,3.62,0.00851,-0.01625,0.4459,1.804,0.0627,0.007078,73.0,0.00724,0.0196,0.03416,3.816621,0.8243,0.02946,-0.07325,0.011417,0.230243,3.822,0.00996,0.01097,0.5,2.209,0.0581,0.006965,73.0,0.01314,0.02386,0.04047,3.799214,,,,,,,,,,,,,,,,,,,,,,,,,,,,,,,,,,,,,,,,,,,,,,,,,,,,PNCINFRA_data,,2026-09-08
RSI_Bull_Momentum + RSI_Cross50_Up,RSI_Bull_Momentum + RSI_Cross50_Up,combo_2,74,momentum,Bullish,,,,,,,,,,,,,,,,,,0.8108,0.02625,-0.03852,0.013995,0.404925,4.485,0.01425,0.00626,0.4595,1.276,0.113,0.008524,73.0,0.00589,0.01364,0.01981,7.840871,,,,,,,,,,,,,,,,,,0.011966,0.293125,0.8108,3.976,0.973,4.895341,5,7.840871,0.00033,0.4685,0.113,0,1,0.007522,0.00589,0.01364,0.01981,0.62927,0,0.7973,0.02742,-0.05612,0.010487,0.244207,3.62,0.00851,-0.01625,0.4459,1.804,0.0627,0.007078,73.0,0.00724,0.0196,0.03416,3.816621,0.8243,0.02946,-0.07325,0.011417,0.230243,3.822,0.00996,0.01097,0.5,2.209,0.0581,0.006965,73.0,0.01314,0.02386,0.04047,3.799214,,,,,,,,,,,,,,,,,,,,,,,,,,,,,,,,,,,,,,,,,,,,,,,,,,,,PNCINFRA_data,,2026-09-08
RSI_Cross50_Up + OBV_Rising,RSI_Cross50_Up + OBV_Rising,combo_2,74,momentum,Bullish,,,,,,,,,,,,,,,,,,0.8108,0.02625,-0.03852,0.013995,0.404925,4.485,0.01425,0.00626,0.4595,1.276,0.113,0.008524,73.0,0.00589,0.01364,0.01981,7.840871,,,,,,,,,,,,,,,,,,0.011966,0.293125,0.8108,3.976,0.973,4.895341,5,7.840871,0.00033,0.4685,0.113,0,1,0.007522,0.00589,0.01364,0.01981,0.62927,0,0.7973,0.02742,-0.05612,0.010487,0.244207,3.62,0.00851,-0.01625,0.4459,1.804,0.0627,0.007078,73.0,0.00724,0.0196,0.03416,3.816621,0.8243,0.02946,-0.07325,0.011417,0.230243,3.822,0.00996,0.01097,0.5,2.209,0.0581,0.006965,73.0,0.01314,0.02386,0.04047,3.799214,,,,,,,,,,,,,,,,,,,,,,,,,,,,,,,,,,,,,,,,,,,,,,,,,,,,PNCINFRA_data,,2026-09-08
Price_Above_SMA20 + VWAP_Bull,Price_Above_SMA20 + VWAP_Bull,combo_2,51,momentum,Bullish,,,,,,,,,,,,,,,,,,0.7843,0.0335,-0.05011,0.015466,0.456849,3.047,0.01784,0.00346,0.451,1.272,0.1625,0.008171,50.0,0.00928,0.01322,0.02625,5.500665,,,,,,,,,,,,,,,,,,0.012505,0.374017,0.817,3.571,0.9216,4.863217,10,9.124265,-0.00152,0.4641,0.1736,0,1,0.00556,0.01035,0.03246,0.04062,0.38553,0,0.8039,0.03863,-0.0641,0.018486,0.609516,3.789,0.02095,-0.00011,0.451,1.799,0.1736,0.008329,50.0,0.01035,0.03246,0.04062,9.124265,0.8627,0.0192,-0.09472,0.003564,0.055685,3.877,0.00628,-0.00791,0.4902,2.204,0.1401,0.000181,50.0,0.01222,0.03776,0.05968,0.852969,,,,,,,,,,,,,,,,,,,,,,,,,,,,,,,,,,,,,,,,,,,,,,,,,,,,PNCINFRA_data,,2026-09-08
Price_Above_SMA50 + Stoch_Oversold,Price_Above_SMA50 + Stoch_Oversold,combo_2,26,trend,Bullish,,,,,,,,,,,,,,,,,,,,,,,,,,,,,,,,,,,,,,,,,,,,,,,,,,,,0.015669,0.48573,0.8205,3.233,0.9231,4.776929,30,12.213448,0.02748,0.5513,0.2223,0,1,0.006688,0.01739,0.07074,0.08092,0.55599,0,0.8462,0.02134,-0.04434,0.011237,0.318019,3.94,0.01127,0.01689,0.5769,1.914,0.1859,0.00506,26.0,0.01739,0.0284,0.04729,4.13011,,,,,,,,,,,,,,,,,,0.7692,0.03164,-0.08563,0.004581,0.161385,1.967,0.00641,0.00247,0.5,2.706,0.2223,-0.003436,26.0,0.01739,0.03115,0.05649,1.046469,0.8462,0.05846,-0.1188,0.031189,0.977787,3.79,0.03246,0.06308,0.5769,3.314,0.1627,0.018441,26.0,0.01739,0.07074,0.08092,12.213448,,,,,,,,,,,,,,,,,,PNCINFRA_data,,2026-09-08
CCI_Exit_Oversold + VWAP_Bull,CCI_Exit_Oversold + VWAP_Bull,combo_2,31,momentum,Bullish,,,,,,,,,,,,,,,,,,0.8065,0.01855,-0.05192,0.004907,0.145869,2.411,0.00523,0.00655,0.5484,1.4,0.206,0.001524,31.0,0.00885,0.01421,0.01679,1.218659,,,,,,,,,,,,,,,,,,0.015153,0.375861,0.7849,3.78,0.9677,4.765521,10,7.596296,-0.00083,0.4731,0.206,0,1,0.00555,0.00885,0.01679,0.02703,0.66756,0,0.7742,0.04368,-0.05897,0.020503,0.585983,3.74,0.01869,0.00385,0.4194,1.979,0.1389,0.010073,31.0,0.00885,0.01679,0.02703,7.596296,0.7742,0.04168,-0.05413,0.020048,0.395731,5.19,0.02073,-0.01288,0.4516,2.424,0.1292,0.005053,31.0,0.00885,0.01751,0.03751,7.117986,,,,,,,,,,,,,,,,,,,,,,,,,,,,,,,,,,,,,,,,,,,,,,,,,,,,PNCINFRA_data,,2026-09-08
Price_Above_SMA50 + CDL_Harami_Bull,Price_Above_SMA50 + CDL_Harami_Bull,combo_2,36,trend,Bullish,,,,,,,,,,,,,,,,,,,,,,,,,,,,,,,,,,,,,,,,,,,,,,,,,,,,0.011216,0.419728,0.8704,3.266,0.9444,4.674747,30,13.677362,0.01845,0.4722,0.1756,0,1,0.007472,0.02819,0.05281,0.07027,0.32447,0,0.8333,0.01543,-0.05708,0.003344,0.189413,2.85,0.00312,0.00173,0.4167,1.758,0.1537,0.004332,36.0,0.01372,0.02663,0.03184,1.949069,,,,,,,,,,,,,,,,,,0.8889,0.01672,-0.137,-0.000362,0.167676,2.749,0.00158,-0.00707,0.4167,2.486,0.1756,-0.005728,36.0,0.02801,0.03774,0.04995,1.664406,0.8889,0.05376,-0.15406,0.030667,0.902095,4.199,0.0304,0.0607,0.5833,3.045,0.0966,0.023812,36.0,0.02819,0.05281,0.07027,13.677362,,,,,,,,,,,,,,,,,,PNCINFRA_data,,2026-09-08
EMA_Bullish_State + Stoch_Cross_Up,EMA_Bullish_State + Stoch_Cross_Up,combo_2,83,momentum,Bullish,,,,,,,,,,,,,,,,,,0.9036,0.01278,-0.04559,0.007152,0.238639,5.051,0.00899,0.00517,0.494,1.243,0.1431,0.004957,83.0,0.01143,0.01893,0.02557,5.341022,,,,,,,,,,,,,,,,,,0.007448,0.258205,0.8795,4.305,0.9398,4.628698,5,5.341022,-0.00013,0.4538,0.1431,0,1,0.003024,0.01143,0.01893,0.02557,0.02003,1,0.8916,0.01385,-0.05785,0.006076,0.228702,4.849,0.00682,0.00054,0.4699,1.757,0.1015,0.002702,83.0,0.01641,0.02581,0.03483,4.91343,0.8434,0.02657,-0.08488,0.009117,0.307275,3.016,0.00883,-0.00609,0.3976,2.152,0.0693,0.001412,83.0,0.01829,0.02847,0.0404,4.105653,,,,,,,,,,,,,,,,,,,,,,,,,,,,,,,,,,,,,,,,,,,,,,,,,,,,PNCINFRA_data,,2026-09-08
MACD_Hist_Rising + Williams_Oversold,MACD_Hist_Rising + Williams_Oversold,combo_2,41,momentum,Bullish,,,,,,,,,,,,,,,,,,0.7805,0.01235,-0.02317,0.004552,0.109992,3.59,0.00771,-0.00641,0.4634,1.347,0.2873,0.002188,41.0,0.00458,0.01421,0.01833,1.476038,,,,,,,,,,,,,,,,,,0.014414,0.373774,0.7805,3.453,0.9512,4.588659,15,9.056197,0.00092,0.439,0.2873,0,1,0.002964,0.00861,0.02374,0.04141,0.74719,0,0.8049,0.02897,-0.05274,0.013028,0.35573,3.073,0.0139,0.00229,0.439,1.905,0.1546,0.001428,41.0,0.00861,0.01847,0.02817,4.085675,0.7561,0.05159,-0.05473,0.025661,0.655599,3.696,0.02574,0.00689,0.4146,2.333,0.1173,0.005277,41.0,0.00861,0.02374,0.04141,9.056197,,,,,,,,,,,,,,,,,,,,,,,,,,,,,,,,,,,,,,,,,,,,,,,,,,,,PNCINFRA_data,,2026-09-08
Golden_Cross_State + MACD_Hist_Rising,Golden_Cross_State + MACD_Hist_Rising,combo_2,82,trend,Bullish,,,,,,,,,,,,,,,,,,,,,,,,,,,,,,,,,,,,,,,,,,,,,,,,,,,,0.011228,0.391897,0.8171,2.712,0.9756,4.582655,30,13.646385,0.02197,0.5366,0.1289,0,1,-0.00034,0.01464,0.04239,0.06675,0.71607,0,0.8171,0.01694,-0.07734,-0.000305,0.08894,1.921,0.00058,-0.00054,0.5,1.735,0.1289,-0.006865,82.0,0.01233,0.01927,0.02861,0.75514,,,,,,,,,,,,,,,,,,0.8049,0.03467,-0.10537,0.007344,0.270688,2.432,0.00742,0.02328,0.5488,2.454,0.0672,-0.003599,82.0,0.01399,0.02682,0.04532,2.908526,0.8293,0.05325,-0.10256,0.026646,0.816061,3.784,0.02588,0.04317,0.561,3.006,0.0543,0.009445,82.0,0.01464,0.04239,0.06675,13.646385,,,,,,,,,,,,,,,,,,PNCINFRA_data,,2026-09-08
Stoch_Cross_Up + CDL_Harami_Bull,Stoch_Cross_Up + CDL_Harami_Bull,combo_2,11,mean_rev,Bullish,1.0,0.00477,0.0,0.004773,0.116778,,0.00494,0.01421,0.5455,0.946,0.2826,0.006956,11.0,0.00861,0.01592,0.03144,0.290182,0.9091,0.00048,-0.00709,-0.000212,0.060837,25.013,-0.00038,0.00863,0.5455,1.222,0.3512,-0.00152,11.0,0.01592,0.03273,0.03946,1.511755,0.8182,0.02631,-0.0203,0.017833,0.482877,8.245,0.01815,-0.01072,0.3636,1.445,0.3315,0.019268,11.0,0.01592,0.03946,0.04152,9.893082,0.007465,0.220164,0.9091,16.629,0.8182,4.476167,7,9.893082,0.00404,0.4848,0.3512,0,1,0.008234,0.01592,0.03946,0.04152,0.10511,0,,,,,,,,,,,,,,,,,,,,,,,,,,,,,,,,,,,,,,,,,,,,,,,,,,,,,,,,,,,,,,,,,,,,,,,,,,,,,,,,,,,,,,PNCINFRA_data,,2026-09-08
Price_Above_SMA20 + Price_Above_SMA50,Price_Above_SMA20 + Price_Above_SMA50,combo_2,61,trend,Bullish,,,,,,,,,,,,,,,,,,,,,,,,,,,,,,,,,,,,,,,,,,,,,,,,,,,,0.008545,0.308536,0.8579,3.599,0.9508,4.35796,30,8.420925,0.01458,0.5082,0.0878,0,1,0.002497,0.02636,0.03817,0.06789,0.24901,0,0.8361,0.02079,-0.071,0.005744,0.201607,3.233,0.00285,-0.00259,0.4754,1.76,0.085,-0.000479,60.0,0.01035,0.03394,0.03792,2.690237,,,,,,,,,,,,,,,,,,0.8852,0.01917,-0.11158,0.004168,0.185054,3.779,0.00255,0.02246,0.5246,2.489,0.0878,0.00141,60.0,0.02636,0.03792,0.04795,2.886277,0.8525,0.03801,-0.11306,0.015724,0.538946,3.786,0.01418,0.02388,0.5246,3.049,0.0764,0.00656,60.0,0.02636,0.03817,0.06789,8.420925,,,,,,,,,,,,,,,,,,PNCINFRA_data,,2026-09-08
RSI_Cross50_Up + MACD_Hist_Rising,RSI_Cross50_Up + MACD_Hist_Rising,combo_2,67,momentum,Bullish,,,,,,,,,,,,,,,,,,0.806,0.02504,-0.03714,0.012975,0.354307,4.541,0.01322,0.00557,0.4478,1.282,0.1244,0.007892,66.0,0.00592,0.01336,0.01905,6.788406,,,,,,,,,,,,,,,,,,0.010928,0.238747,0.806,4.139,0.9701,4.045169,5,6.788406,-0.00426,0.4527,0.1244,0,1,0.007054,0.00592,0.01336,0.01905,0.66789,0,0.791,0.0266,-0.05254,0.010062,0.20405,3.833,0.00845,-0.01743,0.4179,1.812,0.0677,0.007231,66.0,0.00852,0.01933,0.03028,3.299947,0.8209,0.02643,-0.0667,0.009748,0.157884,4.044,0.00854,-0.00091,0.4925,2.22,0.0652,0.006039,66.0,0.01406,0.02142,0.03767,2.693827,,,,,,,,,,,,,,,,,,,,,,,,,,,,,,,,,,,,,,,,,,,,,,,,,,,,PNCINFRA_data,,2026-09-08
Price_Above_SMA20,Price_Above_SMA20,single,81,momentum,Bullish,,,,,,,,,,,,,,,,,,0.8025,0.02775,-0.0432,0.013736,0.36454,3.582,0.01531,0.00327,0.4321,1.262,0.1125,0.007452,80.0,0.00762,0.01392,0.02184,5.753662,,,,,,,,,,,,,,,,,,0.009171,0.229358,0.8477,4.325,0.9136,3.993226,10,6.408014,-0.00165,0.4527,0.131,0,1,0.003584,0.01035,0.03163,0.03939,0.11914,0,0.8519,0.02571,-0.06289,0.012583,0.332102,4.379,0.01415,-0.00032,0.4568,1.784,0.131,0.005206,80.0,0.01035,0.03163,0.03939,6.408014,0.8889,0.01126,-0.07937,0.001193,-0.008567,5.014,0.00209,-0.00791,0.4691,2.185,0.1023,-0.001905,80.0,0.01915,0.03409,0.04437,-0.189277,,,,,,,,,,,,,,,,,,,,,,,,,,,,,,,,,,,,,,,,,,,,,,,,,,,,PNCINFRA_data,,2026-09-08
EMA_Bullish_State + BB_Expansion_Bull,EMA_Bullish_State + BB_Expansion_Bull,combo_2,17,momentum,Bullish,,,,,,,,,,,,,,,,,,0.6471,0.03007,-0.03813,0.006,0.246517,1.449,0.00601,0.01179,0.5294,1.249,0.2268,0.00421,16.0,0.00927,0.01137,0.018,1.032609,,,,,,,,,,,,,,,,,,0.01317,0.529066,0.8039,3.237,0.7647,3.785567,15,9.833668,0.01212,0.5294,0.3225,0,1,0.009253,0.03172,0.05772,0.06487,0.42645,0,0.8824,0.0269,-0.08123,0.014182,0.642496,3.39,0.01591,0.01763,0.5882,1.767,0.3225,0.008221,16.0,0.01902,0.03197,0.05317,6.294502,0.8824,0.02957,-0.05752,0.019328,0.698187,4.873,0.02044,0.00695,0.4706,2.164,0.2991,0.015328,16.0,0.03172,0.05772,0.06487,9.833668,,,,,,,,,,,,,,,,,,,,,,,,,,,,,,,,,,,,,,,,,,,,,,,,,,,,PNCINFRA_data,,2026-09-08
RSI_Cross50_Up + Golden_Cross_State,RSI_Cross50_Up + Golden_Cross_State,combo_2,26,trend,Bullish,,,,,,,,,,,,,,,,,,,,,,,,,,,,,,,,,,,,,,,,,,,,,,,,,,,,0.009115,0.249441,0.8333,5.128,0.8846,3.72905,30,15.917258,0.0371,0.5897,0.1977,0,1,-0.003616,0.0248,0.05968,0.0865,0.41152,0,0.7692,0.01193,-0.05777,-0.004155,-0.157617,2.692,-0.00303,0.01677,0.5385,1.813,0.1977,-0.01437,25.0,0.00869,0.01919,0.05157,-1.39857,,,,,,,,,,,,,,,,,,0.8462,0.02896,-0.08176,0.011922,0.331567,4.282,0.01259,0.04632,0.6538,2.565,0.161,-0.002235,25.0,0.01868,0.04158,0.07293,4.679427,0.8846,0.03145,-0.07144,0.019577,0.574374,8.408,0.01973,0.04821,0.5769,3.141,0.1623,0.005755,25.0,0.0248,0.05968,0.0865,15.917258,,,,,,,,,,,,,,,,,,PNCINFRA_data,,2026-09-08
Price_Above_SMA50 + OBV_Rising,Price_Above_SMA50 + OBV_Rising,combo_2,197,trend,Bullish,,,,,,,,,,,,,,,,,,,,,,,,,,,,,,,,,,,,,,,,,,,,,,,,,,,,0.006453,0.215767,0.8579,3.339,0.9645,3.674232,30,8.358113,0.00189,0.4805,0.0359,0,1,-0.000255,0.02226,0.04001,0.06151,0.10049,0,0.8426,0.01378,-0.06199,0.001853,0.079027,2.773,0.00061,-0.00191,0.467,1.756,0.0359,-0.00084,196.0,0.01164,0.02265,0.03291,1.158925,,,,,,,,,,,,,,,,,,0.8782,0.01849,-0.0964,0.00449,0.148936,3.474,0.00397,-0.00162,0.4772,2.484,0.0342,-0.002198,196.0,0.01878,0.03417,0.04762,2.736204,0.8528,0.03312,-0.10343,0.013017,0.419337,3.769,0.01233,0.00919,0.4975,3.042,0.0259,0.002274,196.0,0.02226,0.04001,0.06151,8.358113,,,,,,,,,,,,,,,,,,PNCINFRA_data,,2026-09-08
Price_Above_SMA50 + OBV_Trend_Bull,Price_Above_SMA50 + OBV_Trend_Bull,combo_2,57,trend,Bullish,,,,,,,,,,,,,,,,,,,,,,,,,,,,,,,,,,,,,,,,,,,,,,,,,,,,0.009952,0.305087,0.8304,2.992,0.9474,3.511768,30,11.471746,0.01157,0.5088,0.1212,0,1,0.004686,0.01091,0.03581,0.05184,0.46998,0,0.807,0.01701,-0.06422,0.001337,-0.031683,2.218,-0.00153,0.00405,0.5263,1.715,0.1212,-0.000808,57.0,0.0055,0.02084,0.03087,-0.285379,,,,,,,,,,,,,,,,,,0.8246,0.03088,-0.09886,0.008122,0.271348,2.577,0.00579,0.00781,0.4912,2.426,0.0908,0.003785,57.0,0.01091,0.03004,0.03747,2.839104,0.8596,0.04031,-0.10157,0.020397,0.675597,4.182,0.01782,0.02284,0.5088,2.971,0.0867,0.011081,57.0,0.01091,0.03581,0.05184,11.471746,,,,,,,,,,,,,,,,,,PNCINFRA_data,,2026-09-08
CMF_Positive,CMF_Positive,single,44,momentum,Bullish,,,,,,,,,,,,,,,,,,0.8636,0.01371,-0.03889,0.006535,0.130345,4.709,0.00972,-0.00245,0.4545,1.364,0.236,0.002175,44.0,0.01162,0.01926,0.02283,2.336508,,,,,,,,,,,,,,,,,,0.009775,0.235692,0.8561,4.005,0.9773,3.511353,15,5.442866,0.00431,0.4545,0.3045,0,1,0.000451,0.02347,0.02983,0.04564,0.2798,0,0.8409,0.02191,-0.05494,0.009687,0.224958,3.24,0.01573,0.01042,0.5,1.929,0.3045,-0.000865,44.0,0.01938,0.02471,0.03071,2.77494,0.8636,0.02594,-0.06821,0.013104,0.351771,4.065,0.01651,0.00496,0.4091,2.362,0.2116,4.4e-05,44.0,0.02347,0.02983,0.04564,5.442866,,,,,,,,,,,,,,,,,,,,,,,,,,,,,,,,,,,,,,,,,,,,,,,,,,,,PNCINFRA_data,,2026-09-08
OBV_Trend_Bull + CDL_Harami_Bull,OBV_Trend_Bull + CDL_Harami_Bull,combo_2,48,momentum,Bullish,,,,,,,,,,,,,,,,,,0.875,0.00107,-0.02419,-0.002085,-0.025554,5.107,-0.00152,-0.00735,0.4167,1.235,0.2063,-0.001034,48.0,0.00962,0.01456,0.02464,-0.507944,,,,,,,,,,,,,,,,,,0.005699,0.219735,0.8542,4.225,0.9583,3.462663,15,6.531242,-0.00517,0.4236,0.2063,0,1,0.005459,0.01496,0.02963,0.0388,0.19683,0,0.8333,0.01928,-0.04936,0.007838,0.278817,3.434,0.00761,-0.00116,0.4167,1.746,0.1117,0.007755,48.0,0.01359,0.0254,0.03407,3.726114,0.8542,0.02426,-0.06428,0.011344,0.405941,4.134,0.01157,-0.007,0.4375,2.139,0.138,0.009657,48.0,0.01496,0.02963,0.0388,6.531242,,,,,,,,,,,,,,,,,,,,,,,,,,,,,,,,,,,,,,,,,,,,,,,,,,,,PNCINFRA_data,,2026-09-08
Price_Above_SMA50 + MACD_Hist_Rising,Price_Above_SMA50 + MACD_Hist_Rising,combo_2,114,trend,Bullish,,,,,,,,,,,,,,,,,,,,,,,,,,,,,,,,,,,,,,,,,,,,,,,,,,,,0.007163,0.267348,0.8246,2.697,1.0,3.42123,30,9.145919,0.00408,0.4854,0.0589,0,1,0.001403,0.01542,0.03637,0.05454,0.65651,0,0.8246,0.01405,-0.07695,-0.001917,-0.023908,2.116,-0.00383,-0.01505,0.4474,1.734,0.0589,-0.004972,112.0,0.01062,0.01981,0.02751,-0.239994,,,,,,,,,,,,,,,,,,0.8246,0.03125,-0.10826,0.006778,0.260991,2.564,0.00585,0.01351,0.5088,2.453,0.0498,0.002473,112.0,0.01542,0.02643,0.03881,3.174677,0.8246,0.04202,-0.1027,0.016627,0.56496,3.412,0.01523,0.01376,0.5,3.004,0.0417,0.006708,112.0,0.01542,0.03637,0.05454,9.145919,,,,,,,,,,,,,,,,,,PNCINFRA_data,,2026-09-08
STRAT_BB_Stoch_Bull,BB_Lower_Bounce + Stoch_Oversold,combo_2,21,mean_rev,Bullish,0.8571,0.01066,-0.03384,0.004299,0.089678,3.998,0.0042,0.01199,0.5714,1.035,0.1845,0.004935,21.0,0.00805,0.01627,0.02835,1.108213,0.8095,0.02314,-0.03808,0.011482,0.283548,3.344,0.01239,0.00981,0.4762,1.336,0.2287,0.011187,21.0,0.00805,0.01627,0.0325,2.930983,0.8571,0.02915,-0.05107,0.017686,0.535436,3.943,0.0179,-0.00039,0.3333,1.581,0.3021,0.019146,21.0,0.00936,0.02706,0.03855,6.526624,0.011156,0.302888,0.8413,3.762,0.9524,3.35425,7,6.526624,0.00713,0.4603,0.3021,0,1,0.011756,0.00936,0.02706,0.03855,0.43901,0,,,,,,,,,,,,,,,,,,,,,,,,,,,,,,,,,,,,,,,,,,,,,,,,,,,,,,,,,,,,,,,,,,,,,,,,,,,,,,,,,,,,,,PNCINFRA_data,,2026-09-08
BB_Lower_Bounce + Stoch_Oversold,BB_Lower_Bounce + Stoch_Oversold,combo_2,21,mean_rev,Bullish,0.8571,0.01066,-0.03384,0.004299,0.089678,3.998,0.0042,0.01199,0.5714,1.035,0.1845,0.004935,21.0,0.00805,0.01627,0.02835,1.108213,0.8095,0.02314,-0.03808,0.011482,0.283548,3.344,0.01239,0.00981,0.4762,1.336,0.2287,0.011187,21.0,0.00805,0.01627,0.0325,2.930983,0.8571,0.02915,-0.05107,0.017686,0.535436,3.943,0.0179,-0.00039,0.3333,1.581,0.3021,0.019146,21.0,0.00936,0.02706,0.03855,6.526624,0.011156,0.302888,0.8413,3.762,0.9524,3.35425,7,6.526624,0.00713,0.4603,0.3021,0,1,0.011756,0.00936,0.02706,0.03855,0.43901,0,,,,,,,,,,,,,,,,,,,,,,,,,,,,,,,,,,,,,,,,,,,,,,,,,,,,,,,,,,,,,,,,,,,,,,,,,,,,,,,,,,,,,,PNCINFRA_data,,2026-09-08
BB_Expansion_Bull + VWAP_Bull,BB_Expansion_Bull + VWAP_Bull,combo_2,16,momentum,Bullish,,,,,,,,,,,,,,,,,,0.6875,0.03119,-0.03896,0.009269,0.416185,1.765,0.00885,0.01074,0.5625,1.213,0.2235,0.005892,15.0,0.00915,0.01322,0.01934,2.081426,,,,,,,,,,,,,,,,,,0.007642,0.411258,0.8125,3.453,0.8125,3.268824,15,5.606845,0.01853,0.5417,0.2876,0,1,0.001439,0.02963,0.05645,0.0684,0.47015,0,0.875,0.01812,-0.08449,0.005293,0.412479,3.708,0.00417,0.03019,0.5625,1.715,0.2876,-0.00399,15.0,0.01897,0.04007,0.05806,4.333617,0.875,0.01827,-0.06098,0.008365,0.405111,4.885,0.00628,0.01464,0.5,2.101,0.2829,0.002413,15.0,0.02963,0.05645,0.0684,5.606845,,,,,,,,,,,,,,,,,,,,,,,,,,,,,,,,,,,,,,,,,,,,,,,,,,,,PNCINFRA_data,,2026-09-08
VWAP_Bull + CDL_Harami_Bull,VWAP_Bull + CDL_Harami_Bull,combo_2,44,momentum,Bullish,,,,,,,,,,,,,,,,,,0.8837,-0.00072,-0.03165,-0.00432,-0.072612,3.814,-0.00332,-0.00227,0.5349,1.32,0.2451,-0.005558,43.0,0.01094,0.01553,0.02503,-1.054101,,,,,,,,,,,,,,,,,,0.004475,0.232642,0.8605,3.789,0.9535,3.199844,15,11.338781,-0.00606,0.4574,0.2959,0,1,0.001704,0.01709,0.02953,0.03557,0.17333,0,0.8372,0.01355,-0.06116,0.001387,0.1416,2.819,0.00649,-0.00966,0.4651,1.867,0.2959,0.001354,43.0,0.01541,0.02552,0.03148,1.519443,0.8605,0.02959,-0.06522,0.016359,0.62894,4.736,0.01914,-0.00625,0.3721,2.287,0.2201,0.009314,43.0,0.01709,0.02953,0.03557,11.338781,,,,,,,,,,,,,,,,,,,,,,,,,,,,,,,,,,,,,,,,,,,,,,,,,,,,PNCINFRA_data,,2026-09-08
EMA_Bullish_State + OBV_Rising,EMA_Bullish_State + OBV_Rising,combo_2,178,momentum,Bullish,,,,,,,,,,,,,,,,,,0.8876,0.00655,-0.04255,0.001029,0.046709,4.024,0.00199,0.00086,0.5,1.252,0.0727,-0.001908,177.0,0.01015,0.01533,0.02276,0.974984,,,,,,,,,,,,,,,,,,0.004691,0.152318,0.8708,3.914,0.9663,2.988211,15,5.885378,-0.00257,0.4625,0.0727,0,1,-0.0003,0.01789,0.03031,0.04157,0.0046,1,0.8539,0.01399,-0.05408,0.004047,0.135292,3.591,0.00393,-0.00273,0.4326,1.77,0.051,-0.001248,177.0,0.01371,0.02318,0.0351,2.520386,0.8708,0.02117,-0.07306,0.008997,0.274952,4.126,0.00942,-0.00584,0.4551,2.168,0.0372,0.002255,177.0,0.01789,0.03031,0.04157,5.885378,,,,,,,,,,,,,,,,,,,,,,,,,,,,,,,,,,,,,,,,,,,,,,,,,,,,PNCINFRA_data,,2026-09-08
Price_Above_SMA50,Price_Above_SMA50,single,41,trend,Bullish,,,,,,,,,,,,,,,,,,,,,,,,,,,,,,,,,,,,,,,,,,,,,,,,,,,,0.007276,0.22362,0.8618,3.622,0.9756,2.953676,30,7.968431,0.00822,0.5041,0.1489,0,1,0.000767,0.02636,0.03817,0.05076,0.37336,0,0.8537,0.01986,-0.06744,0.007082,0.151221,3.174,0.00376,0.00537,0.4878,1.771,0.1489,0.000542,41.0,0.00595,0.02976,0.03503,1.793913,,,,,,,,,,,,,,,,,,0.8537,0.01886,-0.09862,0.001669,0.078885,2.856,-0.00089,0.01603,0.561,2.504,0.1089,-0.004311,41.0,0.02021,0.03409,0.03817,0.842023,0.878,0.02833,-0.09678,0.013077,0.440754,4.837,0.0098,0.00326,0.4634,3.067,0.1266,0.006069,41.0,0.02636,0.03817,0.05076,7.968431,,,,,,,,,,,,,,,,,,PNCINFRA_data,,2026-09-08
Stoch_Oversold + Stoch_Cross_Up,Stoch_Oversold + Stoch_Cross_Up,combo_2,40,mean_rev,Bullish,0.875,0.01079,-0.02774,0.005978,0.127813,4.63,0.00497,0.00937,0.55,1.054,0.0889,0.004577,40.0,0.00682,0.01509,0.02177,2.197826,0.825,0.01651,-0.04389,0.005938,0.117727,2.955,0.00603,0.01095,0.525,1.361,0.1505,0.004373,40.0,0.00913,0.01785,0.02468,1.292036,0.85,0.03106,-0.05317,0.018423,0.387247,4.276,0.01775,0.01599,0.45,1.61,0.1294,0.012968,40.0,0.0108,0.02039,0.02756,6.148768,0.010113,0.210929,0.85,3.954,0.95,2.942192,7,6.148768,0.0121,0.5083,0.1505,0,1,0.007306,0.0108,0.02039,0.02756,0.22341,0,,,,,,,,,,,,,,,,,,,,,,,,,,,,,,,,,,,,,,,,,,,,,,,,,,,,,,,,,,,,,,,,,,,,,,,,,,,,,,,,,,,,,,PNCINFRA_data,,2026-09-08
MACD_Hist_Rising + CCI_Exit_Oversold,MACD_Hist_Rising + CCI_Exit_Oversold,combo_2,61,momentum,Bullish,,,,,,,,,,,,,,,,,,0.8033,0.02038,-0.04676,0.007173,0.17633,2.833,0.00652,0.01042,0.5082,1.349,0.0989,0.002923,61.0,0.0077,0.01019,0.01751,2.061594,,,,,,,,,,,,,,,,,,0.011678,0.219651,0.7869,3.23,0.9672,2.832031,15,3.545163,-0.00232,0.4426,0.0989,0,1,0.001634,0.00899,0.01751,0.03885,0.68625,0,0.7705,0.03471,-0.06176,0.012573,0.270632,2.805,0.01115,-0.00886,0.377,1.907,0.0884,0.001841,61.0,0.00899,0.01679,0.02703,3.132926,0.7869,0.03639,-0.06262,0.015289,0.211992,4.052,0.01493,-0.00851,0.4426,2.336,0.0782,0.000137,61.0,0.00899,0.01751,0.03885,3.545163,,,,,,,,,,,,,,,,,,,,,,,,,,,,,,,,,,,,,,,,,,,,,,,,,,,,PNCINFRA_data,,2026-09-08
BB_Expansion_Bull + OBV_Rising,BB_Expansion_Bull + OBV_Rising,combo_2,55,momentum,Bullish,,,,,,,,,,,,,,,,,,0.8182,0.00824,-0.03803,-0.000173,0.077041,2.302,0.00014,-0.00239,0.4727,1.25,0.1094,-0.001836,54.0,0.00903,0.01497,0.02132,0.714015,,,,,,,,,,,,,,,,,,0.002611,0.150051,0.8848,5.086,0.8909,2.73711,10,6.666925,0.00285,0.4909,0.1366,0,1,-0.00127,0.02106,0.03463,0.04442,0.03817,1,0.9091,0.00894,-0.03671,0.004789,0.24244,6.832,0.00329,0.00397,0.4909,1.768,0.1366,-3e-06,54.0,0.02106,0.03463,0.04442,6.666925,0.9273,0.0075,-0.0513,0.003219,0.130672,6.125,0.00133,0.00695,0.5091,2.165,0.1324,-0.001972,54.0,0.03059,0.05246,0.05975,3.222005,,,,,,,,,,,,,,,,,,,,,,,,,,,,,,,,,,,,,,,,,,,,,,,,,,,,PNCINFRA_data,,2026-09-08
Price_Above_SMA50 + Stoch_Bull_Zone,Price_Above_SMA50 + Stoch_Bull_Zone,combo_2,92,trend,Bullish,,,,,,,,,,,,,,,,,,,,,,,,,,,,,,,,,,,,,,,,,,,,,,,,,,,,0.004135,0.183639,0.8551,3.157,0.9457,2.48471,30,5.018424,-0.00207,0.4855,0.0692,0,1,-0.003181,0.02266,0.0363,0.05142,0.12952,0,0.8804,0.01131,-0.06594,0.00207,0.118553,3.811,0.00024,-0.00169,0.4891,1.743,0.0692,0.00083,92.0,0.01292,0.02556,0.03401,2.047605,,,,,,,,,,,,,,,,,,0.8587,0.01787,-0.10429,0.000612,0.062711,2.664,-0.00087,0.00091,0.5,2.465,0.068,-0.007371,92.0,0.01813,0.03214,0.039,0.757323,0.8261,0.0341,-0.10605,0.009723,0.369653,2.995,0.00844,-0.00543,0.4674,3.019,0.0578,-0.003002,92.0,0.02266,0.0363,0.05142,5.018424,,,,,,,,,,,,,,,,,,PNCINFRA_data,,2026-09-08
RSI_Cross50_Up + Stoch_Bull_Zone,RSI_Cross50_Up + Stoch_Bull_Zone,combo_2,53,momentum,Bullish,,,,,,,,,,,,,,,,,,0.7925,0.02977,-0.03231,0.016887,0.432674,4.765,0.01659,0.01051,0.4528,1.247,0.1595,0.010947,53.0,0.00541,0.01383,0.02014,8.224675,,,,,,,,,,,,,,,,,,0.008979,0.145569,0.8428,4.687,0.9057,2.464646,5,8.224675,0.00193,0.4717,0.1595,0,1,0.006519,0.00541,0.01383,0.02014,0.20836,0,0.8491,0.01555,-0.05598,0.004756,0.004092,4.613,0.00418,-0.0173,0.434,1.763,0.092,0.004298,53.0,0.00589,0.02211,0.0354,0.075308,0.8868,0.01773,-0.09212,0.005294,-6e-05,4.681,0.00487,0.01257,0.5283,2.159,0.0824,0.004312,53.0,0.00874,0.03255,0.04156,-0.001128,,,,,,,,,,,,,,,,,,,,,,,,,,,,,,,,,,,,,,,,,,,,,,,,,,,,PNCINFRA_data,,2026-09-08
RSI_Bull_Momentum + Golden_Cross_State,RSI_Bull_Momentum + Golden_Cross_State,combo_2,34,trend,Bullish,,,,,,,,,,,,,,,,,,,,,,,,,,,,,,,,,,,,,,,,,,,,,,,,,,,,0.00588,0.180652,0.8529,4.024,0.9412,2.432734,30,8.320807,0.02504,0.549,0.1669,0,1,-0.008149,0.02364,0.05272,0.07696,0.377,0,0.8235,0.00984,-0.05777,-0.002092,-0.08954,3.218,-0.0014,0.00546,0.5,1.793,0.1669,-0.01352,33.0,0.01289,0.02172,0.04845,-1.024501,,,,,,,,,,,,,,,,,,0.8529,0.02403,-0.09772,0.00613,0.218314,3.191,0.0068,0.03355,0.6176,2.536,0.1442,-0.0098,33.0,0.01975,0.04592,0.06248,2.476558,0.8824,0.02773,-0.09233,0.013602,0.413184,5.664,0.01376,0.03612,0.5294,3.106,0.1397,-0.001127,33.0,0.02364,0.05272,0.07696,8.320807,,,,,,,,,,,,,,,,,,PNCINFRA_data,,2026-09-08
BB_Lower_Touch + Stoch_Oversold,BB_Lower_Touch + Stoch_Oversold,combo_2,32,mean_rev,Bullish,0.75,0.02,-0.03664,0.005843,0.140885,2.022,0.00577,0.00535,0.5,1.076,0.1519,0.002475,32.0,0.00638,0.01106,0.02054,0.996046,0.8438,0.01721,-0.04481,0.007519,0.13602,3.144,0.00733,0.0066,0.5,1.389,0.1947,0.00225,32.0,0.01034,0.01509,0.0308,1.495334,0.875,0.03022,-0.0591,0.019058,0.459206,4.302,0.01986,0.00783,0.375,1.643,0.1863,0.013366,32.0,0.01124,0.03069,0.03777,6.907569,0.010807,0.24537,0.8229,3.156,0.875,2.369264,7,6.907569,0.00659,0.4583,0.1947,0,1,0.00603,0.01124,0.03069,0.03777,0.31536,0,,,,,,,,,,,,,,,,,,,,,,,,,,,,,,,,,,,,,,,,,,,,,,,,,,,,,,,,,,,,,,,,,,,,,,,,,,,,,,,,,,,,,,PNCINFRA_data,,2026-09-08
Price_Above_SMA20 + Stoch_Bull_Zone,Price_Above_SMA20 + Stoch_Bull_Zone,combo_2,116,momentum,Bullish,,,,,,,,,,,,,,,,,,0.8793,0.01773,-0.04462,0.010207,0.294106,4.672,0.00905,0.00474,0.431,1.236,0.0635,0.006467,116.0,0.01073,0.01849,0.02753,6.543123,,,,,,,,,,,,,,,,,,0.004463,0.120619,0.8793,4.087,1.0,2.347528,5,6.543123,-0.00046,0.454,0.0635,0,1,0.001529,0.01073,0.01849,0.02753,0.04189,1,0.8793,0.01394,-0.06105,0.004885,0.152042,4.488,0.00239,0.00021,0.4655,1.747,0.0565,0.002074,116.0,0.01472,0.02648,0.03535,3.249623,0.8793,0.01138,-0.09706,-0.001704,-0.084289,3.101,-0.00265,-0.00632,0.4655,2.14,0.0544,-0.003953,116.0,0.01614,0.03081,0.04012,-1.244629,,,,,,,,,,,,,,,,,,,,,,,,,,,,,,,,,,,,,,,,,,,,,,,,,,,,PNCINFRA_data,,2026-09-08
EMA_Bullish_State + MACD_Hist_Rising,EMA_Bullish_State + MACD_Hist_Rising,combo_2,101,momentum,Bullish,,,,,,,,,,,,,,,,,,0.8515,0.00919,-0.03368,0.002826,0.130414,3.721,0.00408,-0.00221,0.4653,1.238,0.1285,0.001378,99.0,0.00887,0.01483,0.01958,2.244375,,,,,,,,,,,,,,,,,,0.004239,0.18464,0.8317,2.807,0.9703,2.325762,15,3.92216,-0.00644,0.4455,0.1285,0,1,-0.000245,0.01397,0.02648,0.03961,0.21768,0,0.8218,0.01707,-0.07457,0.000736,0.079209,2.237,0.00148,-0.01397,0.4257,1.751,0.0978,-0.003517,99.0,0.01215,0.01958,0.02944,0.819335,0.8218,0.03285,-0.1001,0.009156,0.344297,2.463,0.00932,-0.00313,0.4455,2.145,0.0543,0.001403,99.0,0.01397,0.02648,0.03961,3.92216,,,,,,,,,,,,,,,,,,,,,,,,,,,,,,,,,,,,,,,,,,,,,,,,,,,,PNCINFRA_data,,2026-09-08
OBV_Rising + VWAP_Bull,OBV_Rising + VWAP_Bull,combo_2,203,momentum,Bullish,,,,,,,,,,,,,,,,,,0.8485,0.01047,-0.05091,0.001173,0.034565,2.724,0.00134,-1e-05,0.4899,1.312,0.0806,-0.002093,197.0,0.00965,0.01481,0.02179,0.500676,,,,,,,,,,,,,,,,,,0.003983,0.144368,0.8434,2.952,0.9899,2.24365,15,3.828791,-0.00394,0.4495,0.0806,0,1,-0.001335,0.01533,0.02949,0.04108,0.12882,0,0.8384,0.01809,-0.06762,0.00424,0.173596,2.932,0.00551,-0.00429,0.4242,1.855,0.0615,-0.001526,197.0,0.01206,0.02267,0.03276,2.70692,0.8434,0.0227,-0.08052,0.006536,0.224943,3.201,0.00699,-0.00752,0.4343,2.272,0.0541,-0.000385,197.0,0.01533,0.02949,0.04108,3.828791,,,,,,,,,,,,,,,,,,,,,,,,,,,,,,,,,,,,,,,,,,,,,,,,,,,,PNCINFRA_data,,2026-09-08
Price_Above_SMA20 + CDL_Harami_Bull,Price_Above_SMA20 + CDL_Harami_Bull,combo_2,32,momentum,Bullish,,,,,,,,,,,,,,,,,,0.875,-0.0024,-0.03025,-0.005877,-0.105854,3.816,-0.00532,-0.00745,0.5,1.208,0.329,-0.004313,32.0,0.00985,0.01512,0.02339,-1.412325,,,,,,,,,,,,,,,,,,0.002208,0.208169,0.8646,3.091,0.9688,2.179432,15,6.792447,0.0017,0.5312,0.329,0,1,0.001095,0.01669,0.03363,0.04086,0.27702,0,0.8438,0.01279,-0.06935,-4.5e-05,0.163696,2.029,0.00043,0.00283,0.5938,1.709,0.2085,-0.000224,32.0,0.01246,0.02951,0.03483,1.161074,0.875,0.02691,-0.08799,0.012548,0.566667,3.428,0.01277,0.00973,0.5,2.093,0.2127,0.007821,32.0,0.01669,0.03363,0.04086,6.792447,,,,,,,,,,,,,,,,,,,,,,,,,,,,,,,,,,,,,,,,,,,,,,,,,,,,PNCINFRA_data,,2026-09-08
VWAP_Bull,VWAP_Bull,single,15,momentum,Bullish,,,,,,,,,,,,,,,,,,0.6154,0.03298,-0.04871,0.00156,0.083066,1.126,0.0021,0.00206,0.5385,1.309,0.3446,-0.004529,13.0,0.0054,0.00836,0.01107,0.259374,,,,,,,,,,,,,,,,,,0.015426,0.458048,0.6923,2.014,0.8462,2.164319,10,5.422477,0.0093,0.4872,0.3446,0,1,0.00554,0.0054,0.0095,0.02168,0.85027,0,0.6923,0.06111,-0.05384,0.025744,0.738891,2.647,0.02532,0.01889,0.4615,1.852,0.2247,0.013054,13.0,0.0054,0.0095,0.02168,5.422477,0.7692,0.04926,-0.08199,0.018973,0.552188,2.269,0.01914,0.00695,0.4615,2.268,0.2956,0.008096,13.0,0.0086,0.01853,0.02968,3.474043,,,,,,,,,,,,,,,,,,,,,,,,,,,,,,,,,,,,,,,,,,,,,,,,,,,,PNCINFRA_data,,2026-09-08
Stoch_Bull_Zone + OBV_Rising,Stoch_Bull_Zone + OBV_Rising,combo_2,200,momentum,Bullish,,,,,,,,,,,,,,,,,,0.8442,0.01753,-0.04555,0.007704,0.181511,3.419,0.00687,0.00655,0.4874,1.266,0.0578,0.003769,199.0,0.00757,0.01563,0.0256,3.291261,,,,,,,,,,,,,,,,,,0.005864,0.126767,0.8358,3.202,0.9849,2.119914,5,3.291261,-0.00098,0.4606,0.0585,0,1,0.000692,0.00757,0.01563,0.0256,0.16806,0,0.8342,0.0205,-0.06061,0.007053,0.168498,3.388,0.00735,-0.00096,0.4573,1.79,0.0585,0.00228,199.0,0.00919,0.02235,0.03201,3.027767,0.8291,0.02039,-0.08236,0.002835,0.030292,2.797,0.00383,-0.00851,0.4372,2.193,0.0551,-0.003973,199.0,0.00928,0.02346,0.03509,0.449383,,,,,,,,,,,,,,,,,,,,,,,,,,,,,,,,,,,,,,,,,,,,,,,,,,,,PNCINFRA_data,,2026-09-08
BB_Expansion_Bull,BB_Expansion_Bull,single,22,momentum,Bullish,,,,,,,,,,,,,,,,,,0.6364,0.02385,-0.04312,-0.000501,0.139531,1.012,-0.00057,0.00036,0.5,1.257,0.22,-0.001137,21.0,0.00442,0.00997,0.01368,0.442646,,,,,,,,,,,,,,,,,,0.004779,0.301708,0.7727,2.9,0.7727,2.119751,15,5.295055,0.0104,0.5303,0.2668,0,1,0.0008,0.02032,0.04265,0.05742,0.50241,0,0.8182,0.01474,-0.04164,0.004491,0.32701,3.837,0.00335,0.00983,0.5455,1.778,0.2668,-0.002254,21.0,0.01309,0.02134,0.03628,3.934351,0.8636,0.02217,-0.06453,0.010348,0.438583,3.85,0.00822,0.02102,0.5455,2.178,0.225,0.005791,21.0,0.02032,0.04265,0.05742,5.295055,,,,,,,,,,,,,,,,,,,,,,,,,,,,,,,,,,,,,,,,,,,,,,,,,,,,PNCINFRA_data,,2026-09-08
Price_Above_SMA20 + BB_Expansion_Bull,Price_Above_SMA20 + BB_Expansion_Bull,combo_2,22,momentum,Bullish,,,,,,,,,,,,,,,,,,0.6364,0.02385,-0.04312,-0.000501,0.139531,1.012,-0.00057,0.00036,0.5,1.257,0.22,-0.001137,21.0,0.00442,0.00997,0.01368,0.442646,,,,,,,,,,,,,,,,,,0.004779,0.301708,0.7727,2.9,0.7727,2.119751,15,5.295055,0.0104,0.5303,0.2668,0,1,0.0008,0.02032,0.04265,0.05742,0.50241,0,0.8182,0.01474,-0.04164,0.004491,0.32701,3.837,0.00335,0.00983,0.5455,1.778,0.2668,-0.002254,21.0,0.01309,0.02134,0.03628,3.934351,0.8636,0.02217,-0.06453,0.010348,0.438583,3.85,0.00822,0.02102,0.5455,2.178,0.225,0.005791,21.0,0.02032,0.04265,0.05742,5.295055,,,,,,,,,,,,,,,,,,,,,,,,,,,,,,,,,,,,,,,,,,,,,,,,,,,,PNCINFRA_data,,2026-09-08
RSI_Bull_Momentum + Stoch_Cross_Up,RSI_Bull_Momentum + Stoch_Cross_Up,combo_2,78,momentum,Bullish,,,,,,,,,,,,,,,,,,0.8718,0.01558,-0.04629,0.00765,0.280684,4.056,0.00725,0.00481,0.4744,1.219,0.1414,0.004623,78.0,0.00961,0.01817,0.0254,4.974818,,,,,,,,,,,,,,,,,,0.001672,0.155844,0.8675,3.155,0.9615,2.06563,5,4.974818,-0.00457,0.4615,0.1414,0,1,-0.001143,0.00961,0.01817,0.0254,0.11736,0,0.8846,0.008,-0.07616,-0.001713,0.058025,3.126,-0.00391,-0.01188,0.4744,1.724,0.089,-0.001447,78.0,0.01361,0.0252,0.03299,0.7926,0.8462,0.01687,-0.09878,-0.000922,0.128823,2.282,-0.00239,-0.00666,0.4359,2.111,0.0851,-0.006606,78.0,0.0154,0.02709,0.03489,1.284423,,,,,,,,,,,,,,,,,,,,,,,,,,,,,,,,,,,,,,,,,,,,,,,,,,,,PNCINFRA_data,,2026-09-08
MACD_Hist_Rising + CDL_Harami_Bull,MACD_Hist_Rising + CDL_Harami_Bull,combo_2,34,momentum,Bullish,,,,,,,,,,,,,,,,,,0.8824,-0.00245,-0.01568,-0.004008,-0.076176,5.624,-0.00403,-0.00011,0.5588,1.263,0.17,-0.008194,34.0,0.00964,0.01339,0.02164,-1.523272,,,,,,,,,,,,,,,,,,0.002885,0.160029,0.8333,3.738,0.9118,1.939349,15,4.599319,0.00121,0.4902,0.17,0,1,-0.005659,0.01076,0.0282,0.04334,0.22689,0,0.7941,0.01686,-0.05645,0.001768,0.142293,2.466,0.00176,-0.00507,0.4412,1.785,0.1474,-0.005192,34.0,0.01014,0.01919,0.03878,1.247563,0.8235,0.02835,-0.07058,0.010895,0.413969,3.125,0.01054,0.0088,0.4706,2.187,0.147,-0.003591,34.0,0.01076,0.0282,0.04334,4.599319,,,,,,,,,,,,,,,,,,,,,,,,,,,,,,,,,,,,,,,,,,,,,,,,,,,,PNCINFRA_data,,2026-09-08
EMA_Bullish_State + OBV_Trend_Bull,EMA_Bullish_State + OBV_Trend_Bull,combo_2,38,momentum,Bullish,,,,,,,,,,,,,,,,,,0.8421,0.01554,-0.0571,0.004071,0.091431,2.327,0.00437,0.01086,0.5526,1.21,0.1988,-0.000504,38.0,0.00968,0.01332,0.01678,0.779585,,,,,,,,,,,,,,,,,,0.005978,0.16481,0.8421,3.007,0.9474,1.720308,15,5.546505,0.00666,0.5263,0.2171,0,1,-0.000546,0.01959,0.03216,0.03907,0.39104,0,0.8158,0.01749,-0.0613,0.002977,0.06221,2.252,0.00354,0.00432,0.5526,1.711,0.2171,-0.003829,38.0,0.01333,0.02395,0.03136,0.513365,0.8684,0.02205,-0.0628,0.010885,0.340788,4.443,0.01203,0.00482,0.4737,2.096,0.1774,0.002697,38.0,0.01959,0.03216,0.03907,5.546505,,,,,,,,,,,,,,,,,,,,,,,,,,,,,,,,,,,,,,,,,,,,,,,,,,,,PNCINFRA_data,,2026-09-08
BB_Expansion_Bull + OBV_Trend_Bull,BB_Expansion_Bull + OBV_Trend_Bull,combo_2,23,momentum,Bullish,,,,,,,,,,,,,,,,,,0.6522,0.02039,-0.0431,-0.001695,0.067123,0.931,-0.00116,0.00147,0.5652,1.265,0.2291,-0.000879,22.0,0.00488,0.01021,0.01413,0.21332,,,,,,,,,,,,,,,,,,0.003975,0.234693,0.7826,2.84,0.7826,1.6575,15,4.843248,0.00935,0.5507,0.2803,0,1,0.002057,0.02144,0.04522,0.05839,0.46505,0,0.8261,0.01204,-0.04164,0.0027,0.254175,3.607,0.00172,0.00688,0.5652,1.789,0.2803,-0.00209,22.0,0.01372,0.02349,0.03752,2.91337,0.8696,0.02224,-0.06453,0.010922,0.38278,3.981,0.00849,0.01971,0.5217,2.191,0.2194,0.009141,22.0,0.02144,0.04522,0.05839,4.843248,,,,,,,,,,,,,,,,,,,,,,,,,,,,,,,,,,,,,,,,,,,,,,,,,,,,PNCINFRA_data,,2026-09-08
Stoch_Oversold + OBV_Trend_Bull,Stoch_Oversold + OBV_Trend_Bull,combo_2,48,momentum,Bullish,,,,,,,,,,,,,,,,,,0.8333,0.01814,-0.06531,0.004232,0.163104,2.17,0.0037,0.01611,0.6042,1.305,0.1172,0.002723,48.0,0.00602,0.01731,0.0228,1.377684,,,,,,,,,,,,,,,,,,0.003809,0.164829,0.8125,2.488,0.9583,1.529211,10,2.044717,0.00124,0.5139,0.1295,0,1,0.002692,0.01006,0.01853,0.03649,0.47443,0,0.8125,0.01738,-0.04845,0.005037,0.19039,2.76,0.00558,0.00101,0.4792,1.846,0.1295,0.00428,48.0,0.01006,0.01853,0.03649,2.044717,0.7917,0.02084,-0.06882,0.002158,0.140991,2.533,0.00163,-0.01338,0.4583,2.261,0.1154,0.001074,48.0,0.01426,0.01919,0.04617,1.389696,,,,,,,,,,,,,,,,,,,,,,,,,,,,,,,,,,,,,,,,,,,,,,,,,,,,PNCINFRA_data,,2026-09-08
MACD_Hist_Rising + VWAP_Bull,MACD_Hist_Rising + VWAP_Bull,combo_2,104,momentum,Bullish,,,,,,,,,,,,,,,,,,0.8173,0.00868,-0.04244,-0.000661,0.037611,2.341,0.00056,-0.00591,0.4712,1.289,0.1283,-0.002246,103.0,0.00883,0.01319,0.01849,0.409785,,,,,,,,,,,,,,,,,,0.002658,0.150667,0.7949,2.203,0.9519,1.470554,15,3.035428,-0.00747,0.4487,0.1283,0,1,-0.001857,0.01274,0.01955,0.03406,0.56184,0,0.7981,0.02171,-0.0771,0.001761,0.114184,2.096,0.00191,-0.00952,0.4231,1.822,0.087,-0.002585,103.0,0.01062,0.01864,0.02751,1.113658,0.7692,0.03588,-0.08981,0.006873,0.300205,2.173,0.00607,-0.00699,0.4519,2.232,0.0515,-0.000742,103.0,0.01274,0.01955,0.03406,3.035428,,,,,,,,,,,,,,,,,,,,,,,,,,,,,,,,,,,,,,,,,,,,,,,,,,,,PNCINFRA_data,,2026-09-08
Price_Above_SMA50 + CDL_HaramiCross_Bull,Price_Above_SMA50 + CDL_HaramiCross_Bull,combo_2,16,trend,Bullish,,,,,,,,,,,,,,,,,,,,,,,,,,,,,,,,,,,,,,,,,,,,,,,,,,,,0.001499,0.197132,0.8542,2.734,0.9375,1.431604,30,7.189427,0.01441,0.5833,0.3755,0,1,-0.002283,0.02819,0.03983,0.08515,0.54026,0,0.8125,0.00288,-0.03157,-0.003577,0.082367,3.586,-0.00361,0.00173,0.5625,1.769,0.3755,-0.001853,16.0,0.01703,0.02663,0.02957,0.836735,,,,,,,,,,,,,,,,,,0.875,-0.0022,-0.15497,-0.021295,-0.33798,1.621,-0.0214,-0.01479,0.5625,2.502,0.2684,-0.025603,16.0,0.02801,0.02974,0.03425,-1.552113,0.875,0.05711,-0.1648,0.029369,0.847008,2.996,0.03057,0.05628,0.625,3.064,0.248,0.020608,16.0,0.02819,0.03983,0.08515,7.189427,,,,,,,,,,,,,,,,,,PNCINFRA_data,,2026-09-08
OBV_Rising + CCI_Exit_Oversold,OBV_Rising + CCI_Exit_Oversold,combo_2,59,momentum,Bullish,,,,,,,,,,,,,,,,,,0.7627,0.01889,-0.0497,0.002613,0.082886,2.087,0.00199,0.00565,0.5254,1.349,0.1084,-0.000849,59.0,0.00693,0.00995,0.01708,0.708355,,,,,,,,,,,,,,,,,,0.007892,0.124107,0.7571,2.683,0.9831,1.34031,10,1.830457,-0.00501,0.4407,0.1084,0,1,-0.000785,0.00878,0.0159,0.02383,0.89712,0,0.7458,0.03281,-0.0606,0.009058,0.183592,2.435,0.0076,-0.00972,0.3729,1.908,0.0967,-0.000497,59.0,0.00878,0.0159,0.02383,1.830457,0.7627,0.03506,-0.06208,0.012005,0.105842,3.527,0.01164,-0.01096,0.4237,2.337,0.0843,-0.001008,59.0,0.00878,0.01722,0.03632,1.528484,,,,,,,,,,,,,,,,,,,,,,,,,,,,,,,,,,,,,,,,,,,,,,,,,,,,PNCINFRA_data,,2026-09-08
RSI_Bull_Momentum + BB_Expansion_Bull,RSI_Bull_Momentum + BB_Expansion_Bull,combo_2,28,momentum,Bullish,,,,,,,,,,,,,,,,,,0.7857,0.02182,-0.04757,0.006948,0.278626,2.002,0.00898,0.0087,0.5357,1.273,0.2948,0.004471,27.0,0.00718,0.01383,0.01654,1.877978,,,,,,,,,,,,,,,,,,0.002055,0.137043,0.8333,2.981,0.9286,1.277295,5,1.877978,0.00746,0.5476,0.2948,0,1,-0.001514,0.00718,0.01383,0.01654,0.46755,0,0.8571,0.008,-0.04164,0.00091,0.11443,4.037,-0.00113,0.01098,0.5357,1.8,0.1885,-0.003246,27.0,0.01648,0.02553,0.04045,1.555414,0.8571,0.00825,-0.06136,-0.001691,0.018075,2.904,-0.00521,0.00271,0.5714,2.205,0.1322,-0.005768,27.0,0.01906,0.04962,0.05544,0.176754,,,,,,,,,,,,,,,,,,,,,,,,,,,,,,,,,,,,,,,,,,,,,,,,,,,,PNCINFRA_data,,2026-09-08
RSI_Bull_Momentum + MACD_Hist_Rising,RSI_Bull_Momentum + MACD_Hist_Rising,combo_2,135,momentum,Bullish,,,,,,,,,,,,,,,,,,0.837,0.01072,-0.0388,0.00265,0.116019,3.436,0.00329,-0.00596,0.4444,1.223,0.0918,0.00066,132.0,0.00883,0.01321,0.01856,1.958568,,,,,,,,,,,,,,,,,,0.002366,0.09188,0.8247,2.879,0.9778,1.270434,5,1.958568,-0.00755,0.4568,0.0918,0,1,-0.000946,0.00883,0.01321,0.01856,0.31145,0,0.8148,0.01478,-0.06495,1.4e-05,0.01055,2.55,-0.00218,-0.01577,0.4296,1.73,0.0462,-0.003654,132.0,0.01071,0.01957,0.02603,0.132159,0.8222,0.02381,-0.08519,0.004434,0.149072,2.649,0.00286,-0.00091,0.4963,2.119,0.0423,0.000155,132.0,0.01449,0.02454,0.03596,1.940187,,,,,,,,,,,,,,,,,,,,,,,,,,,,,,,,,,,,,,,,,,,,,,,,,,,,PNCINFRA_data,,2026-09-08
RSI_Bull_Momentum + OBV_Rising,RSI_Bull_Momentum + OBV_Rising,combo_2,209,momentum,Bullish,,,,,,,,,,,,,,,,,,0.8469,0.00919,-0.04998,0.000127,0.017676,2.843,0.00041,-0.00517,0.4593,1.235,0.074,-0.001096,208.0,0.00814,0.01388,0.01994,0.26873,,,,,,,,,,,,,,,,,,0.001557,0.083578,0.8357,2.838,0.9713,1.231963,15,2.727369,-0.00592,0.4609,0.074,0,1,-3.7e-05,0.01354,0.02633,0.03931,0.13395,0,0.8182,0.01418,-0.06036,0.000623,0.065471,2.628,0.00137,-0.00944,0.4545,1.746,0.0642,-0.000561,208.0,0.01004,0.01993,0.02981,0.91987,0.8421,0.01941,-0.07872,0.00392,0.167588,3.044,0.00468,-0.00315,0.4689,2.139,0.0543,0.001546,208.0,0.01354,0.02633,0.03931,2.727369,,,,,,,,,,,,,,,,,,,,,,,,,,,,,,,,,,,,,,,,,,,,,,,,,,,,PNCINFRA_data,,2026-09-08
Price_Above_SMA50 + CMF_Positive,Price_Above_SMA50 + CMF_Positive,combo_2,39,trend,Bullish,,,,,,,,,,,,,,,,,,,,,,,,,,,,,,,,,,,,,,,,,,,,,,,,,,,,0.004603,0.075289,0.8632,4.518,0.9744,1.222637,30,4.838001,-0.00184,0.4786,0.137,0,1,1e-05,0.03443,0.04683,0.05337,0.4253,0,0.8462,0.01118,-0.04817,0.002053,0.009375,3.405,0.00184,-0.0024,0.4615,1.893,0.1334,-0.002678,39.0,0.01006,0.02596,0.03028,0.117747,,,,,,,,,,,,,,,,,,0.8718,0.01227,-0.07328,0.001299,-0.012326,4.418,0.00137,0.00157,0.5128,2.677,0.137,-0.002604,39.0,0.02528,0.03724,0.05015,-0.200873,0.8718,0.02353,-0.07846,0.010458,0.228818,5.732,0.00999,-0.0047,0.4615,3.279,0.1149,0.005311,39.0,0.03443,0.04683,0.05337,4.838001,,,,,,,,,,,,,,,,,,PNCINFRA_data,,2026-09-08
MACD_Bullish_State + CDL_HaramiCross_Bull,MACD_Bullish_State + CDL_HaramiCross_Bull,combo_2,13,momentum,Bullish,,,,,,,,,,,,,,,,,,0.8462,-0.00395,-0.01868,-0.006214,-0.166986,2.599,-0.00628,-0.00227,0.5385,1.214,0.3172,-0.005701,13.0,0.0105,0.01644,0.0277,-1.145484,,,,,,,,,,,,,,,,,,0.002834,0.152956,0.8974,3.164,0.9231,1.178977,10,3.242583,0.008,0.5385,0.3495,0,1,-0.000923,0.02951,0.03106,0.03617,0.3226,0,0.9231,0.01653,-0.09082,0.008271,0.354168,3.469,0.00772,0.01026,0.5385,1.717,0.3495,0.003581,13.0,0.02951,0.03106,0.03617,3.242583,0.9231,0.01413,-0.08573,0.006444,0.271686,3.424,0.00652,0.01602,0.5385,2.103,0.3265,-0.000649,13.0,0.02951,0.03106,0.03617,2.454837,,,,,,,,,,,,,,,,,,,,,,,,,,,,,,,,,,,,,,,,,,,,,,,,,,,,PNCINFRA_data,,2026-09-08
MACD_Hist_Positive + CDL_HaramiCross_Bull,MACD_Hist_Positive + CDL_HaramiCross_Bull,combo_2,13,momentum,Bullish,,,,,,,,,,,,,,,,,,0.8462,-0.00395,-0.01868,-0.006214,-0.166986,2.599,-0.00628,-0.00227,0.5385,1.214,0.3172,-0.005701,13.0,0.0105,0.01644,0.0277,-1.145484,,,,,,,,,,,,,,,,,,0.002834,0.152956,0.8974,3.164,0.9231,1.178977,10,3.242583,0.008,0.5385,0.3495,0,1,-0.000923,0.02951,0.03106,0.03617,0.3226,0,0.9231,0.01653,-0.09082,0.008271,0.354168,3.469,0.00772,0.01026,0.5385,1.717,0.3495,0.003581,13.0,0.02951,0.03106,0.03617,3.242583,0.9231,0.01413,-0.08573,0.006444,0.271686,3.424,0.00652,0.01602,0.5385,2.103,0.3265,-0.000649,13.0,0.02951,0.03106,0.03617,2.454837,,,,,,,,,,,,,,,,,,,,,,,,,,,,,,,,,,,,,,,,,,,,,,,,,,,,PNCINFRA_data,,2026-09-08
Stoch_Bull_Zone + CCI_Exit_Oversold,Stoch_Bull_Zone + CCI_Exit_Oversold,combo_2,48,momentum,Bullish,,,,,,,,,,,,,,,,,,0.8333,0.01699,-0.04832,0.006107,0.145182,3.129,0.00585,0.00882,0.5208,1.311,0.12,0.002329,48.0,0.00744,0.01099,0.02108,1.767705,,,,,,,,,,,,,,,,,,0.008567,0.084953,0.8194,3.618,0.9792,1.171168,10,2.291696,-0.0023,0.4444,0.1248,0,1,-0.000544,0.00936,0.01972,0.03561,0.47443,0,0.8125,0.02676,-0.05526,0.011382,0.171037,3.443,0.00977,-0.00599,0.375,1.854,0.1248,0.001032,48.0,0.00936,0.01972,0.03561,2.291696,0.8125,0.02466,-0.06307,0.008211,-0.06136,4.282,0.00783,-0.00974,0.4375,2.27,0.1069,-0.004994,48.0,0.00936,0.02069,0.04182,-1.02248,,,,,,,,,,,,,,,,,,,,,,,,,,,,,,,,,,,,,,,,,,,,,,,,,,,,PNCINFRA_data,,2026-09-08
RSI_Bull_Momentum + Stoch_Bull_Zone,RSI_Bull_Momentum + Stoch_Bull_Zone,combo_2,112,momentum,Bullish,,,,,,,,,,,,,,,,,,0.8661,0.01589,-0.04086,0.00829,0.254756,4.512,0.00723,0.00537,0.4732,1.232,0.0988,0.004527,112.0,0.00917,0.01641,0.02285,5.434,,,,,,,,,,,,,,,,,,0.001694,0.063877,0.878,3.674,0.9821,1.089733,5,5.434,-0.00375,0.4732,0.1054,0,1,-0.001513,0.00917,0.01641,0.02285,0.06741,1,0.8839,0.00628,-0.07258,-0.002875,-0.08001,3.519,-0.00314,-0.01354,0.4643,1.742,0.0899,-0.004454,112.0,0.01406,0.02348,0.03317,-1.331044,0.8839,0.01426,-0.11146,-0.000333,0.016883,2.992,0.00136,-0.00307,0.4821,2.134,0.1054,-0.004613,112.0,0.01813,0.0309,0.04096,0.238804,,,,,,,,,,,,,,,,,,,,,,,,,,,,,,,,,,,,,,,,,,,,,,,,,,,,PNCINFRA_data,,2026-09-08
EMA_Bullish_State + MACD_Hist_Positive,EMA_Bullish_State + MACD_Hist_Positive,combo_2,34,momentum,Bullish,,,,,,,,,,,,,,,,,,0.7353,0.01858,-0.04583,0.001528,0.047163,1.898,0.00208,0.00199,0.5294,1.139,0.2357,-0.005042,34.0,0.00646,0.0092,0.01103,0.318303,,,,,,,,,,,,,,,,,,0.003965,0.132755,0.7745,2.387,0.9118,1.027293,15,2.595641,0.00536,0.5294,0.2357,0,1,-0.003837,0.00909,0.03408,0.04003,0.6835,0,0.7647,0.01368,-0.04318,0.000298,0.076741,2.602,0.00132,0.00432,0.5588,1.61,0.2087,-0.006004,34.0,0.0083,0.01154,0.03108,0.709978,0.8235,0.02872,-0.07697,0.010069,0.274363,2.661,0.01004,0.00976,0.5,1.972,0.1651,-0.000466,34.0,0.00909,0.03408,0.04003,2.595641,,,,,,,,,,,,,,,,,,,,,,,,,,,,,,,,,,,,,,,,,,,,,,,,,,,,PNCINFRA_data,,2026-09-08
EMA_Bullish_State + MACD_Bullish_State,EMA_Bullish_State + MACD_Bullish_State,combo_2,34,momentum,Bullish,,,,,,,,,,,,,,,,,,0.7353,0.01858,-0.04583,0.001528,0.047163,1.898,0.00208,0.00199,0.5294,1.139,0.2357,-0.005042,34.0,0.00646,0.0092,0.01103,0.318303,,,,,,,,,,,,,,,,,,0.003965,0.132755,0.7745,2.387,0.9118,1.027293,15,2.595641,0.00536,0.5294,0.2357,0,1,-0.003837,0.00909,0.03408,0.04003,0.6835,0,0.7647,0.01368,-0.04318,0.000298,0.076741,2.602,0.00132,0.00432,0.5588,1.61,0.2087,-0.006004,34.0,0.0083,0.01154,0.03108,0.709978,0.8235,0.02872,-0.07697,0.010069,0.274363,2.661,0.01004,0.00976,0.5,1.972,0.1651,-0.000466,34.0,0.00909,0.03408,0.04003,2.595641,,,,,,,,,,,,,,,,,,,,,,,,,,,,,,,,,,,,,,,,,,,,,,,,,,,,PNCINFRA_data,,2026-09-08
RSI_Bull_Momentum + OBV_Trend_Bull,RSI_Bull_Momentum + OBV_Trend_Bull,combo_2,99,momentum,Bullish,,,,,,,,,,,,,,,,,,0.8384,0.01973,-0.0404,0.010013,0.272996,4.229,0.011,0.00695,0.4747,1.234,0.1003,0.00706,99.0,0.00617,0.01364,0.01946,5.317018,,,,,,,,,,,,,,,,,,0.002022,0.068299,0.835,3.259,0.9899,1.014715,5,5.317018,-0.0022,0.4815,0.1569,0,1,0.000363,0.00617,0.01364,0.01946,0.34188,0,0.8283,0.00913,-0.05884,-0.002542,-0.074998,2.667,-0.00234,-0.01209,0.4747,1.745,0.1569,-0.003409,99.0,0.0098,0.02072,0.03207,-0.921024,0.8384,0.01256,-0.07383,-0.001404,0.006899,2.881,-0.00149,-0.00146,0.4949,2.137,0.1059,-0.002563,99.0,0.01561,0.0261,0.03849,0.091543,,,,,,,,,,,,,,,,,,,,,,,,,,,,,,,,,,,,,,,,,,,,,,,,,,,,PNCINFRA_data,,2026-09-08
Price_Above_SMA20 + MACD_Hist_Rising,Price_Above_SMA20 + MACD_Hist_Rising,combo_2,130,momentum,Bullish,,,,,,,,,,,,,,,,,,0.8077,0.01475,-0.04235,0.003766,0.115786,2.728,0.00386,-0.00498,0.4154,1.217,0.0554,0.001646,127.0,0.00853,0.0122,0.01895,1.539761,,,,,,,,,,,,,,,,,,0.002172,0.083188,0.8128,2.503,0.9846,0.99954,5,1.539761,-0.00373,0.4436,0.0554,0,1,-0.001239,0.00853,0.0122,0.01895,0.66806,0,0.8077,0.01888,-0.06883,0.00201,0.079975,2.367,0.00065,-0.00308,0.4462,1.721,0.0499,-0.002717,127.0,0.01014,0.01918,0.03017,0.923054,0.8231,0.02021,-0.08985,0.000739,0.053802,2.414,-0.00026,-0.00314,0.4692,2.108,0.0461,-0.002646,127.0,0.01117,0.02584,0.03817,0.633227,,,,,,,,,,,,,,,,,,,,,,,,,,,,,,,,,,,,,,,,,,,,,,,,,,,,PNCINFRA_data,,2026-09-08
CMF_Positive + OBV_Trend_Bull,CMF_Positive + OBV_Trend_Bull,combo_2,37,momentum,Bullish,,,,,,,,,,,,,,,,,,0.8378,0.0134,-0.05006,0.003114,0.053292,3.131,0.00629,-0.00919,0.4324,1.372,0.2765,-0.001533,37.0,0.01188,0.0166,0.02496,0.606969,,,,,,,,,,,,,,,,,,0.003721,0.089748,0.8468,3.063,0.973,0.972997,10,1.418331,0.00177,0.4955,0.3791,0,1,-0.002404,0.01444,0.02375,0.03062,0.4189,0,0.8378,0.01852,-0.0577,0.006158,0.135534,2.877,0.01196,0.00963,0.5135,1.94,0.3791,-0.001613,37.0,0.01444,0.02375,0.03062,1.418331,0.8649,0.01236,-0.06513,0.001891,0.080419,3.182,0.00664,0.00486,0.5405,2.376,0.3155,-0.004065,37.0,0.02209,0.03079,0.04661,0.930714,,,,,,,,,,,,,,,,,,,,,,,,,,,,,,,,,,,,,,,,,,,,,,,,,,,,PNCINFRA_data,,2026-09-08
Price_Above_SMA20 + Stoch_Cross_Up,Price_Above_SMA20 + Stoch_Cross_Up,combo_2,85,momentum,Bullish,,,,,,,,,,,,,,,,,,0.8588,0.01737,-0.04835,0.008092,0.266138,3.466,0.00666,0.00446,0.4706,1.233,0.0914,0.004862,85.0,0.00955,0.01591,0.02322,4.108858,,,,,,,,,,,,,,,,,,0.000732,0.078736,0.8549,2.799,0.9882,0.970115,5,4.108858,-0.00058,0.4863,0.0943,0,1,-0.00096,0.00955,0.01591,0.02322,0.19177,0,0.8588,0.00901,-0.06718,-0.00175,0.040801,2.813,-0.00343,-0.00011,0.5059,1.744,0.0943,-0.001556,85.0,0.01326,0.02236,0.03091,0.511191,0.8471,0.0131,-0.09969,-0.004147,-0.070732,2.118,-0.00561,-0.00609,0.4824,2.135,0.0834,-0.006187,85.0,0.01456,0.02616,0.03526,-0.667414,,,,,,,,,,,,,,,,,,,,,,,,,,,,,,,,,,,,,,,,,,,,,,,,,,,,PNCINFRA_data,,2026-09-08
Price_Above_SMA50 + MACD_Hist_Positive,Price_Above_SMA50 + MACD_Hist_Positive,combo_2,48,trend,Bullish,,,,,,,,,,,,,,,,,,,,,,,,,,,,,,,,,,,,,,,,,,,,,,,,,,,,0.000614,0.129804,0.7778,1.968,0.9375,0.932271,30,4.240726,0.01051,0.5208,0.1502,0,1,-0.00442,0.00854,0.03495,0.04092,0.80518,0,0.75,0.01105,-0.06134,-0.007048,-0.089921,1.695,-0.00911,-0.007,0.5,1.656,0.1502,-0.010238,48.0,0.00681,0.00914,0.02689,-0.593005,,,,,,,,,,,,,,,,,,0.7708,0.02652,-0.10186,-0.002904,0.043197,1.712,-0.00493,0.01262,0.5208,2.342,0.0955,-0.005891,48.0,0.00765,0.02576,0.03795,0.287897,0.8125,0.04106,-0.11502,0.011793,0.436136,2.498,0.0085,0.0259,0.5417,2.868,0.1146,0.002869,48.0,0.00854,0.03495,0.04092,4.240726,,,,,,,,,,,,,,,,,,PNCINFRA_data,,2026-09-08
Price_Above_SMA50 + MACD_Bullish_State,Price_Above_SMA50 + MACD_Bullish_State,combo_2,48,trend,Bullish,,,,,,,,,,,,,,,,,,,,,,,,,,,,,,,,,,,,,,,,,,,,,,,,,,,,0.000614,0.129804,0.7778,1.968,0.9375,0.932271,30,4.240726,0.01051,0.5208,0.1502,0,1,-0.00442,0.00854,0.03495,0.04092,0.80518,0,0.75,0.01105,-0.06134,-0.007048,-0.089921,1.695,-0.00911,-0.007,0.5,1.656,0.1502,-0.010238,48.0,0.00681,0.00914,0.02689,-0.593005,,,,,,,,,,,,,,,,,,0.7708,0.02652,-0.10186,-0.002904,0.043197,1.712,-0.00493,0.01262,0.5208,2.342,0.0955,-0.005891,48.0,0.00765,0.02576,0.03795,0.287897,0.8125,0.04106,-0.11502,0.011793,0.436136,2.498,0.0085,0.0259,0.5417,2.868,0.1146,0.002869,48.0,0.00854,0.03495,0.04092,4.240726,,,,,,,,,,,,,,,,,,PNCINFRA_data,,2026-09-08
OBV_Trend_Bull + VWAP_Bull,OBV_Trend_Bull + VWAP_Bull,combo_2,44,momentum,Bullish,,,,,,,,,,,,,,,,,,0.75,0.0323,-0.05569,0.010305,0.271019,2.187,0.01267,0.0168,0.5682,1.267,0.2026,0.005529,44.0,0.00569,0.01083,0.02094,2.256559,,,,,,,,,,,,,,,,,,0.004188,0.117286,0.75,2.084,0.9545,0.888076,5,2.256559,-0.00015,0.4924,0.2549,0,1,-0.000365,0.00569,0.01083,0.02094,0.9093,0,0.7273,0.02867,-0.06737,0.002481,0.073062,2.007,0.00544,-0.01048,0.4545,1.791,0.2549,-0.003499,44.0,0.00569,0.01208,0.02449,0.558125,0.7727,0.02353,-0.081,-0.000223,0.007778,2.057,0.00028,-0.00677,0.4545,2.194,0.2168,-0.003126,44.0,0.00817,0.01939,0.03338,0.060918,,,,,,,,,,,,,,,,,,,,,,,,,,,,,,,,,,,,,,,,,,,,,,,,,,,,PNCINFRA_data,,2026-09-08
Price_Above_EMA200 + Stoch_Oversold,Price_Above_EMA200 + Stoch_Oversold,combo_2,25,trend,Bullish,,,,,,,,,,,,,,,,,,,,,,,,,,,,,,,,,,,,,,,,,,,,,,,,,,,,0.003468,0.140092,0.7467,1.98,0.96,0.867644,30,3.9826,-0.00024,0.5067,0.2481,0,1,-0.005042,0.01722,0.02936,0.05129,0.92267,0,0.72,0.01065,-0.04952,-0.0062,-0.136855,1.451,-0.00574,0.00185,0.56,1.922,0.2481,-0.007336,25.0,0.01217,0.01674,0.02045,-0.647024,,,,,,,,,,,,,,,,,,0.76,0.02506,-0.07524,0.000987,0.052391,2.068,0.00023,-0.02535,0.4,2.719,0.1602,-0.006473,25.0,0.0154,0.01843,0.04965,0.352914,0.76,0.04893,-0.08987,0.015617,0.504739,2.422,0.01678,0.02278,0.56,3.329,0.1953,-0.001319,25.0,0.01722,0.02936,0.05129,3.9826,,,,,,,,,,,,,,,,,,PNCINFRA_data,,2026-09-08
Golden_Cross_State + Price_Above_SMA20,Golden_Cross_State + Price_Above_SMA20,combo_2,35,trend,Bullish,,,,,,,,,,,,,,,,,,,,,,,,,,,,,,,,,,,,,,,,,,,,,,,,,,,,0.002747,0.057005,0.8667,4.141,0.9429,0.797551,20,2.637945,0.03345,0.5714,0.1632,0,1,-0.004317,0.02433,0.03835,0.05379,0.35012,0,0.8286,0.01926,-0.07293,0.003459,0.172386,2.658,0.00156,0.01376,0.5143,1.684,0.1632,-0.007474,34.0,0.00971,0.0367,0.04122,1.641978,,,,,,,,,,,,,,,,,,0.8857,0.01798,-0.09792,0.004731,0.16906,4.354,0.00622,0.04107,0.6286,2.381,0.1496,-0.000547,34.0,0.02433,0.03835,0.05379,2.637945,0.8857,0.01284,-0.09909,5e-05,-0.170431,5.41,-0.00033,0.04554,0.5714,2.916,0.1363,-0.00493,34.0,0.02752,0.05612,0.07186,-3.304294,,,,,,,,,,,,,,,,,,PNCINFRA_data,,2026-09-08
Golden_Cross_State + CDL_Harami_Bull,Golden_Cross_State + CDL_Harami_Bull,combo_2,37,trend,Bullish,,,,,,,,,,,,,,,,,,,,,,,,,,,,,,,,,,,,,,,,,,,,,,,,,,,,0.000109,0.069299,0.8559,3.309,0.9459,0.788976,10,2.682545,0.0069,0.5045,0.1933,0,1,-0.009475,0.01524,0.0278,0.03769,0.30009,0,0.8378,0.01668,-0.05209,0.005532,0.225706,3.267,0.00542,0.00298,0.4324,1.789,0.1475,0.001732,37.0,0.01524,0.0278,0.03769,2.682545,,,,,,,,,,,,,,,,,,0.8919,0.00672,-0.11681,-0.006633,-0.075696,2.905,-0.00548,-0.01071,0.4865,2.53,0.1933,-0.01672,37.0,0.01944,0.0379,0.05314,-0.800014,0.8378,0.01885,-0.08856,0.001429,0.057888,3.753,0.00198,0.02843,0.5946,3.099,0.1214,-0.013438,37.0,0.02235,0.03891,0.06221,0.790348,,,,,,,,,,,,,,,,,,PNCINFRA_data,,2026-09-08
Stoch_Bull_Zone + VWAP_Bull,Stoch_Bull_Zone + VWAP_Bull,combo_2,98,momentum,Bullish,,,,,,,,,,,,,,,,,,0.8351,0.01531,-0.05688,0.0034,0.115983,2.419,0.00273,-0.00117,0.4639,1.308,0.1235,0.000391,97.0,0.00883,0.01411,0.0208,1.289467,,,,,,,,,,,,,,,,,,0.001457,0.075312,0.811,2.322,0.9588,0.770512,10,1.605508,-0.00326,0.4605,0.1235,0,1,-0.003428,0.00883,0.01829,0.02781,0.37836,0,0.7938,0.02012,-0.06474,0.002622,0.139177,2.51,0.00138,-0.00011,0.4845,1.849,0.0903,-0.001828,97.0,0.00883,0.01829,0.02781,1.605508,0.8041,0.02221,-0.09961,-0.001649,-0.029224,2.037,-0.00214,-0.00851,0.433,2.265,0.0598,-0.008846,97.0,0.00928,0.02325,0.03351,-0.273518,,,,,,,,,,,,,,,,,,,,,,,,,,,,,,,,,,,,,,,,,,,,,,,,,,,,PNCINFRA_data,,2026-09-08
CCI_Exit_Oversold,CCI_Exit_Oversold,single,65,mean_rev,Bullish,0.7692,0.00527,-0.03515,-0.004055,-0.105372,1.464,-0.00345,-0.00157,0.5538,1.055,0.1449,-0.005165,65.0,0.00542,0.00897,0.01229,-0.646302,0.7846,0.01937,-0.04942,0.00455,0.120071,2.305,0.00396,0.00565,0.5077,1.362,0.0986,0.000668,65.0,0.00725,0.01013,0.01693,1.159737,0.8,0.03022,-0.06833,0.010509,0.251923,2.42,0.01073,0.00461,0.4615,1.612,0.0974,0.006334,65.0,0.00816,0.01468,0.02193,2.553749,0.003668,0.088874,0.7846,2.063,0.9692,0.74451,7,2.553749,0.00289,0.5077,0.1449,0,1,0.000612,0.00816,0.01468,0.02193,0.7656,0,,,,,,,,,,,,,,,,,,,,,,,,,,,,,,,,,,,,,,,,,,,,,,,,,,,,,,,,,,,,,,,,,,,,,,,,,,,,,,,,,,,,,,PNCINFRA_data,,2026-09-08
Price_Above_SMA20 + OBV_Trend_Bull,Price_Above_SMA20 + OBV_Trend_Bull,combo_2,86,momentum,Bullish,,,,,,,,,,,,,,,,,,0.7791,0.02419,-0.03961,0.010092,0.268698,3.116,0.01158,0.00312,0.4419,1.24,0.1184,0.004779,86.0,0.00692,0.01169,0.01954,3.739535,,,,,,,,,,,,,,,,,,0.00187,0.056769,0.8295,3.172,0.907,0.729289,5,3.739535,-0.00538,0.4651,0.1505,0,1,-0.001516,0.00692,0.01169,0.01954,0.22202,0,0.8372,0.01685,-0.07029,0.002668,0.074734,2.885,0.00418,-0.00167,0.4767,1.754,0.1505,-0.002534,86.0,0.00868,0.03127,0.03797,0.962744,0.8721,0.00374,-0.08138,-0.007151,-0.173124,3.514,-0.00613,-0.01759,0.4767,2.148,0.1152,-0.006792,86.0,0.01215,0.03409,0.0395,-2.716813,,,,,,,,,,,,,,,,,,,,,,,,,,,,,,,,,,,,,,,,,,,,,,,,,,,,PNCINFRA_data,,2026-09-08
Stoch_Cross_Up,Stoch_Cross_Up,single,174,mean_rev,Bullish,0.8497,0.0073,-0.04037,0.000138,-0.010037,2.47,0.00015,-0.00087,0.4624,0.997,0.0696,-0.000681,173.0,0.00625,0.01101,0.01598,-0.128063,0.8266,0.0127,-0.04533,0.002639,0.085931,2.684,0.00277,-0.00286,0.4798,1.287,0.0739,0.000569,173.0,0.00778,0.01426,0.021,1.191215,0.8266,0.01686,-0.06006,0.003521,0.094943,2.439,0.00275,0.00442,0.5145,1.522,0.0528,0.000327,173.0,0.00835,0.01754,0.02557,1.195961,0.002099,0.056946,0.8343,2.531,0.9769,0.727216,7,1.195961,0.00023,0.4855,0.0739,0,1,7.2e-05,0.00835,0.01754,0.02557,0.12679,0,,,,,,,,,,,,,,,,,,,,,,,,,,,,,,,,,,,,,,,,,,,,,,,,,,,,,,,,,,,,,,,,,,,,,,,,,,,,,,,,,,,,,,PNCINFRA_data,,2026-09-08
CDL_Harami_Bull,CDL_Harami_Bull,single,72,candle,Bullish,0.9155,0.00104,-0.02359,-0.001038,-0.017672,6.59,-0.00078,0.0015,0.5211,0.995,0.1037,-0.000403,71.0,0.00882,0.01393,0.02179,-0.499661,0.9014,0.0018,-0.02605,-0.000941,0.023848,6.009,-0.00037,-0.00227,0.493,1.284,0.1411,-0.001326,71.0,0.01047,0.02025,0.02854,0.614828,,,,,,,,,,,,,,,,,,0.000359,0.028128,0.9108,5.983,0.9859,0.711885,2,1.79527,-0.00051,0.4789,0.1411,0,1,9.6e-05,0.00861,0.01215,0.01859,0.01017,1,,,,,,,,,,,,,,,,,,,,,,,,,,,,,,,,,,,,,,,,,,,,,,,,,,,,,,,,,,,,,,,,,,,,,0.9155,0.00555,-0.02396,0.003056,0.078207,5.35,0.00304,-0.00076,0.4225,0.812,0.1059,0.002016,71.0,0.00861,0.01215,0.01859,1.79527,PNCINFRA_data,,2026-09-08
RSI_Oversold + BB_Lower_Touch,RSI_Oversold + BB_Lower_Touch,combo_2,16,mean_rev,Bullish,0.875,0.01718,-0.06367,0.007071,0.049519,2.921,0.00567,-0.0036,0.4375,1.105,0.2421,0.001524,16.0,0.00741,0.01728,0.02114,0.409745,0.875,0.02429,-0.08626,0.010471,0.057956,2.649,0.01032,0.01204,0.5625,1.427,0.3003,0.005139,16.0,0.01293,0.01799,0.03197,0.434911,0.875,0.0235,-0.07153,0.011623,0.154808,3.031,0.01112,0.01299,0.5,1.688,0.3368,0.003801,16.0,0.01293,0.01869,0.03197,1.329524,0.009722,0.087428,0.875,2.867,1.0,0.710113,7,1.329524,0.00714,0.5,0.3368,0,1,0.003488,0.01293,0.01869,0.03197,0.40186,0,,,,,,,,,,,,,,,,,,,,,,,,,,,,,,,,,,,,,,,,,,,,,,,,,,,,,,,,,,,,,,,,,,,,,,,,,,,,,,,,,,,,,,PNCINFRA_data,,2026-09-08
STRAT_BB_RSI_Oversold_Bounce,BB_Lower_Touch + RSI_Oversold,combo_2,16,mean_rev,Bullish,0.875,0.01718,-0.06367,0.007071,0.049519,2.921,0.00567,-0.0036,0.4375,1.105,0.2421,0.001524,16.0,0.00741,0.01728,0.02114,0.409745,0.875,0.02429,-0.08626,0.010471,0.057956,2.649,0.01032,0.01204,0.5625,1.427,0.3003,0.005139,16.0,0.01293,0.01799,0.03197,0.434911,0.875,0.0235,-0.07153,0.011623,0.154808,3.031,0.01112,0.01299,0.5,1.688,0.3368,0.003801,16.0,0.01293,0.01869,0.03197,1.329524,0.009722,0.087428,0.875,2.867,1.0,0.710113,7,1.329524,0.00714,0.5,0.3368,0,1,0.003488,0.01293,0.01869,0.03197,0.40186,0,,,,,,,,,,,,,,,,,,,,,,,,,,,,,,,,,,,,,,,,,,,,,,,,,,,,,,,,,,,,,,,,,,,,,,,,,,,,,,,,,,,,,,PNCINFRA_data,,2026-09-08
MACD_Hist_Rising + BB_Expansion_Bull,MACD_Hist_Rising + BB_Expansion_Bull,combo_2,32,momentum,Bullish,,,,,,,,,,,,,,,,,,0.75,0.01643,-0.03661,0.003171,0.191035,1.771,0.00274,0.00502,0.5312,1.241,0.1481,0.001983,31.0,0.00976,0.01166,0.0156,1.182725,,,,,,,,,,,,,,,,,,0.000323,0.109994,0.8229,2.019,0.875,0.679492,5,1.182725,0.00444,0.5104,0.2219,0,1,-0.001996,0.00976,0.01166,0.0156,0.37846,0,0.8438,0.01126,-0.08172,-0.003268,0.058044,1.933,-0.00416,0.00983,0.5312,1.755,0.2181,-0.006359,31.0,0.01563,0.02537,0.03597,0.392279,0.875,0.01241,-0.07835,0.001067,0.080902,2.354,-0.00076,-0.00152,0.4688,2.149,0.2219,-0.001613,31.0,0.01992,0.03854,0.05742,0.665882,,,,,,,,,,,,,,,,,,,,,,,,,,,,,,,,,,,,,,,,,,,,,,,,,,,,PNCINFRA_data,,2026-09-08
BB_Lower_Bounce + CCI_Oversold,BB_Lower_Bounce + CCI_Oversold,combo_2,35,mean_rev,Bullish,0.8571,0.00682,-0.03096,0.001424,-0.038943,3.577,0.00137,0.01141,0.5143,1.056,0.1347,0.00172,35.0,0.0072,0.01235,0.02203,-0.499185,0.8,0.019,-0.03628,0.007945,0.107306,2.969,0.00811,0.00981,0.5143,1.364,0.1539,0.006603,35.0,0.00745,0.01235,0.02815,1.141546,0.8,0.02446,-0.05077,0.009414,0.12615,2.674,0.00946,-0.00039,0.4,1.613,0.1919,0.007795,35.0,0.00808,0.01379,0.03489,1.208769,0.006261,0.064837,0.819,3.073,0.9429,0.673245,7,1.208769,0.00694,0.4762,0.1919,0,1,0.005373,0.00808,0.01379,0.03489,0.35045,0,,,,,,,,,,,,,,,,,,,,,,,,,,,,,,,,,,,,,,,,,,,,,,,,,,,,,,,,,,,,,,,,,,,,,,,,,,,,,,,,,,,,,,PNCINFRA_data,,2026-09-08
Price_Above_SMA50 + Stoch_Cross_Up,Price_Above_SMA50 + Stoch_Cross_Up,combo_2,75,trend,Bullish,,,,,,,,,,,,,,,,,,,,,,,,,,,,,,,,,,,,,,,,,,,,,,,,,,,,0.000118,0.068279,0.8178,2.451,0.9067,0.657065,30,2.61337,-0.00925,0.4667,0.09,0,1,-0.004567,0.01621,0.03236,0.04574,0.26548,0,0.8667,0.0091,-0.07008,-0.001457,0.019594,3.026,-0.00375,-0.00825,0.48,1.721,0.09,0.000604,75.0,0.01188,0.02228,0.02999,0.256785,,,,,,,,,,,,,,,,,,0.8133,0.01758,-0.10106,-0.004567,-0.067347,1.937,-0.00578,-0.00768,0.48,2.434,0.0882,-0.008834,75.0,0.01478,0.02646,0.03526,-0.565067,0.7733,0.03846,-0.10307,0.006377,0.252589,2.389,0.0045,-0.01183,0.44,2.982,0.0626,-0.00547,75.0,0.01621,0.03236,0.04574,2.61337,,,,,,,,,,,,,,,,,,PNCINFRA_data,,2026-09-08
Stoch_Oversold + OBV_Rising,Stoch_Oversold + OBV_Rising,combo_2,61,momentum,Bullish,,,,,,,,,,,,,,,,,,0.8033,0.01502,-0.05037,0.002153,0.057698,2.043,0.00159,0.00565,0.541,1.36,0.1063,0.002675,61.0,0.00899,0.01627,0.0223,0.486561,,,,,,,,,,,,,,,,,,0.002572,0.065247,0.8033,2.505,0.9672,0.65246,15,1.638949,-0.00687,0.459,0.1641,0,1,-0.000447,0.01246,0.02054,0.03855,0.6615,0,0.8197,0.01271,-0.05865,-0.000154,0.01231,2.314,0.00061,-0.00405,0.4426,1.924,0.1641,-0.002328,61.0,0.01246,0.02054,0.03208,0.11754,0.7869,0.02279,-0.05733,0.005715,0.125735,3.158,0.00453,-0.02221,0.3934,2.356,0.0878,-0.001688,61.0,0.01246,0.02054,0.03855,1.638949,,,,,,,,,,,,,,,,,,,,,,,,,,,,,,,,,,,,,,,,,,,,,,,,,,,,PNCINFRA_data,,2026-09-08
Price_Above_SMA20 + CDL_HaramiCross_Bull,Price_Above_SMA20 + CDL_HaramiCross_Bull,combo_2,15,momentum,Bullish,,,,,,,,,,,,,,,,,,0.8667,-0.00916,-0.01868,-0.010427,-0.268605,2.958,-0.01077,-0.00227,0.5333,1.215,0.2786,-0.009108,15.0,0.00982,0.01833,0.026,-2.203136,,,,,,,,,,,,,,,,,,-0.001101,0.072622,0.8667,3.112,1.0,0.626547,15,3.027098,-0.00272,0.5333,0.3764,0,1,-0.002152,0.01732,0.02987,0.03383,0.46484,0,0.8667,0.00831,-0.04687,0.000953,0.158734,3.045,0.00088,0.00185,0.6,1.718,0.3764,0.000621,15.0,0.01732,0.02987,0.03383,1.340334,0.8667,0.01611,-0.05843,0.006171,0.327738,3.331,0.00574,-0.00774,0.4667,2.104,0.302,0.002031,15.0,0.01732,0.02987,0.03383,3.027098,,,,,,,,,,,,,,,,,,,,,,,,,,,,,,,,,,,,,,,,,,,,,,,,,,,,PNCINFRA_data,,2026-09-08
Stoch_Bull_Zone + CCI_Oversold,Stoch_Bull_Zone + CCI_Oversold,combo_2,38,momentum,Bullish,,,,,,,,,,,,,,,,,,0.8158,0.00314,-0.03583,-0.004041,-0.146698,2.35,-0.00294,-0.00757,0.4737,1.377,0.2418,-0.004644,38.0,0.00688,0.01345,0.01806,-1.263142,,,,,,,,,,,,,,,,,,0.00401,0.057327,0.7807,2.955,0.9211,0.571713,10,2.426249,-0.01351,0.4386,0.2418,0,1,-0.001417,0.00781,0.01603,0.02766,0.60939,0,0.7895,0.02618,-0.05053,0.010031,0.189784,3.49,0.01159,-0.01064,0.4211,1.947,0.2077,0.005109,38.0,0.00781,0.01603,0.02766,2.426249,0.7368,0.02792,-0.05522,0.006039,0.128896,3.027,0.00571,-0.02232,0.4211,2.385,0.15,-0.004717,38.0,0.00781,0.01603,0.03015,1.429212,,,,,,,,,,,,,,,,,,,,,,,,,,,,,,,,,,,,,,,,,,,,,,,,,,,,PNCINFRA_data,,2026-09-08
RSI_Bull_Momentum + Price_Above_SMA20,RSI_Bull_Momentum + Price_Above_SMA20,combo_2,96,momentum,Bullish,,,,,,,,,,,,,,,,,,0.8229,0.02135,-0.04223,0.010086,0.294075,3.734,0.01061,0.0053,0.4479,1.257,0.104,0.005962,95.0,0.00609,0.01392,0.01996,5.022949,,,,,,,,,,,,,,,,,,0.001449,0.03663,0.8333,3.426,0.9792,0.562143,5,5.022949,-0.00454,0.4618,0.1393,0,1,-0.001621,0.00609,0.01392,0.01996,0.48595,0,0.8333,0.01156,-0.058,-3.4e-05,-0.002791,3.327,5e-05,-0.01303,0.4375,1.778,0.1393,-0.003631,95.0,0.01029,0.02308,0.03671,-0.042476,0.8438,0.00662,-0.07227,-0.005706,-0.181396,3.218,-0.00583,-0.00588,0.5,2.177,0.1038,-0.007193,95.0,0.01412,0.03127,0.04115,-2.670074,,,,,,,,,,,,,,,,,,,,,,,,,,,,,,,,,,,,,,,,,,,,,,,,,,,,PNCINFRA_data,,2026-09-08
MACD_Hist_Positive + CDL_Harami_Bull,MACD_Hist_Positive + CDL_Harami_Bull,combo_2,30,momentum,Bullish,,,,,,,,,,,,,,,,,,0.8667,-0.00778,-0.03025,-0.010773,-0.275456,1.922,-0.01134,-0.00539,0.5333,1.198,0.1663,-0.009521,30.0,0.0104,0.01449,0.02238,-1.818208,,,,,,,,,,,,,,,,,,-0.0009,0.073603,0.8778,2.278,0.9667,0.55658,15,3.864973,0.00456,0.5444,0.2004,0,1,-0.004474,0.02114,0.03213,0.03827,0.24981,0,0.8667,0.01367,-0.08723,0.000214,0.114714,1.962,0.00026,0.00283,0.5667,1.695,0.1631,-0.005649,30.0,0.01497,0.02804,0.03338,0.772896,0.9,0.02072,-0.10789,0.007858,0.381551,2.95,0.00786,0.01625,0.5333,2.075,0.2004,0.001748,30.0,0.02114,0.03213,0.03827,3.864973,,,,,,,,,,,,,,,,,,,,,,,,,,,,,,,,,,,,,,,,,,,,,,,,,,,,PNCINFRA_data,,2026-09-08
MACD_Bullish_State + CDL_Harami_Bull,MACD_Bullish_State + CDL_Harami_Bull,combo_2,30,momentum,Bullish,,,,,,,,,,,,,,,,,,0.8667,-0.00778,-0.03025,-0.010773,-0.275456,1.922,-0.01134,-0.00539,0.5333,1.198,0.1663,-0.009521,30.0,0.0104,0.01449,0.02238,-1.818208,,,,,,,,,,,,,,,,,,-0.0009,0.073603,0.8778,2.278,0.9667,0.55658,15,3.864973,0.00456,0.5444,0.2004,0,1,-0.004474,0.02114,0.03213,0.03827,0.24981,0,0.8667,0.01367,-0.08723,0.000214,0.114714,1.962,0.00026,0.00283,0.5667,1.695,0.1631,-0.005649,30.0,0.01497,0.02804,0.03338,0.772896,0.9,0.02072,-0.10789,0.007858,0.381551,2.95,0.00786,0.01625,0.5333,2.075,0.2004,0.001748,30.0,0.02114,0.03213,0.03827,3.864973,,,,,,,,,,,,,,,,,,,,,,,,,,,,,,,,,,,,,,,,,,,,,,,,,,,,PNCINFRA_data,,2026-09-08
Stoch_Oversold + Williams_Oversold,Stoch_Oversold + Williams_Oversold,combo_2,66,mean_rev,Bullish,0.7879,0.01238,-0.03599,0.002122,0.075978,2.079,0.00219,0.00157,0.4848,1.039,0.0886,0.00329,66.0,0.00718,0.01087,0.01856,0.664097,0.8333,0.01019,-0.04981,0.000187,0.014641,2.18,0.00074,0.00528,0.5758,1.342,0.112,0.0009,66.0,0.00846,0.01667,0.02524,0.134226,0.8485,0.01517,-0.06792,0.002582,0.073099,2.18,0.00263,0.00783,0.5606,1.588,0.1018,0.002254,66.0,0.0102,0.01685,0.03388,0.670026,0.00163,0.054573,0.8232,2.146,0.9394,0.46266,7,0.670026,0.00489,0.5404,0.112,0,1,0.002148,0.0102,0.01685,0.03388,0.37402,0,,,,,,,,,,,,,,,,,,,,,,,,,,,,,,,,,,,,,,,,,,,,,,,,,,,,,,,,,,,,,,,,,,,,,,,,,,,,,,,,,,,,,,PNCINFRA_data,,2026-09-08
Golden_Cross_State + OBV_Rising,Golden_Cross_State + OBV_Rising,combo_2,146,trend,Bullish,,,,,,,,,,,,,,,,,,,,,,,,,,,,,,,,,,,,,,,,,,,,,,,,,,,,0.000982,0.034291,0.847,2.652,0.9863,0.44767,30,0.595673,0.00993,0.5274,0.064,0,1,-0.007517,0.02251,0.03855,0.05669,0.40665,0,0.8425,0.01322,-0.07598,-0.000835,0.048254,2.255,-0.00137,0.00241,0.5205,1.756,0.064,-0.006161,145.0,0.01305,0.02386,0.0349,0.543058,,,,,,,,,,,,,,,,,,0.8562,0.0181,-0.10534,0.000342,0.014107,2.756,9e-05,0.00385,0.5137,2.483,0.0452,-0.008095,145.0,0.01807,0.03208,0.04617,0.193988,0.8425,0.02599,-0.11717,0.00344,0.040513,2.946,0.00353,0.02354,0.5479,3.041,0.0364,-0.008296,145.0,0.02251,0.03855,0.05669,0.595673,,,,,,,,,,,,,,,,,,PNCINFRA_data,,2026-09-08
BB_Lower_Bounce + Williams_Oversold,BB_Lower_Bounce + Williams_Oversold,combo_2,21,mean_rev,Bullish,0.8571,0.0081,-0.03516,0.001923,-0.021091,3.236,0.00188,-0.00016,0.4762,1.034,0.2178,0.005811,21.0,0.00458,0.01627,0.02767,-0.210967,0.8095,0.01487,-0.03336,0.005686,0.066308,3.052,0.00454,-0.00709,0.4286,1.335,0.1812,0.0077,21.0,0.00458,0.01627,0.0325,0.625558,0.8571,0.0156,-0.04306,0.007221,0.088543,3.371,0.00819,-0.00053,0.3333,1.579,0.3842,0.011303,21.0,0.00812,0.02706,0.03855,0.922559,0.004943,0.044586,0.8413,3.22,0.9524,0.422593,7,0.922559,-0.00259,0.4127,0.3842,0,1,0.008271,0.00812,0.02706,0.03855,0.43901,0,,,,,,,,,,,,,,,,,,,,,,,,,,,,,,,,,,,,,,,,,,,,,,,,,,,,,,,,,,,,,,,,,,,,,,,,,,,,,,,,,,,,,,PNCINFRA_data,,2026-09-08
Golden_Cross_State + CMF_Positive,Golden_Cross_State + CMF_Positive,combo_2,21,trend,Bullish,,,,,,,,,,,,,,,,,,,,,,,,,,,,,,,,,,,,,,,,,,,,,,,,,,,,0.000191,0.029627,0.8889,4.652,0.9524,0.40577,10,2.353241,0.01318,0.5397,0.2726,0,1,-0.006766,0.02537,0.0284,0.0457,0.34721,0,0.8571,0.01382,-0.03827,0.006377,0.159533,4.772,0.00676,0.00177,0.4762,1.873,0.2316,0.002139,21.0,0.02537,0.0284,0.0457,2.353241,,,,,,,,,,,,,,,,,,0.9048,0.00783,-0.06593,0.000802,0.018587,4.358,0.00054,0.00438,0.5714,2.649,0.2726,-0.004811,21.0,0.02707,0.04515,0.04884,0.250401,0.9048,0.00245,-0.0926,-0.006605,-0.089239,4.827,-0.00536,0.03339,0.5714,3.244,0.2565,-0.017625,21.0,0.03792,0.05263,0.07287,-1.331422,,,,,,,,,,,,,,,,,,PNCINFRA_data,,2026-09-08
Stoch_Cross_Up + OBV_Trend_Bull,Stoch_Cross_Up + OBV_Trend_Bull,combo_2,114,momentum,Bullish,,,,,,,,,,,,,,,,,,0.8421,0.01793,-0.04655,0.007748,0.256778,3.267,0.00731,0.00429,0.4825,1.263,0.0993,0.006164,114.0,0.00841,0.01617,0.02486,3.980479,,,,,,,,,,,,,,,,,,-0.000625,0.029001,0.8392,2.65,0.9912,0.361412,5,3.980479,-0.00628,0.4737,0.0993,0,1,-0.00149,0.00841,0.01617,0.02486,0.28317,0,0.8421,0.0065,-0.06189,-0.004298,-0.052134,2.558,-0.00615,-0.01188,0.4737,1.786,0.0744,-0.003418,114.0,0.00987,0.02255,0.03068,-0.632886,0.8333,0.01229,-0.09341,-0.005326,-0.117641,2.123,-0.00624,-0.01126,0.4649,2.188,0.0611,-0.007217,114.0,0.00987,0.02596,0.03485,-1.185289,,,,,,,,,,,,,,,,,,,,,,,,,,,,,,,,,,,,,,,,,,,,,,,,,,,,PNCINFRA_data,,2026-09-08
MACD_Hist_Rising + CCI_Oversold,MACD_Hist_Rising + CCI_Oversold,combo_2,48,momentum,Bullish,,,,,,,,,,,,,,,,,,0.7708,0.0113,-0.03267,0.001224,-0.023842,2.503,0.00127,-0.00702,0.4583,1.361,0.1304,-0.002171,48.0,0.00381,0.01086,0.01848,-0.232282,,,,,,,,,,,,,,,,,,0.003915,0.03542,0.7847,2.649,0.9583,0.349922,15,1.126747,-0.01167,0.4236,0.1955,0,1,-0.005931,0.00781,0.02177,0.03208,0.70777,0,0.8125,0.01852,-0.05568,0.004608,0.016774,2.888,0.00535,-0.00398,0.4167,1.924,0.1955,-0.006177,48.0,0.00781,0.01606,0.02835,0.188561,0.7708,0.03045,-0.07663,0.005913,0.113329,2.555,0.00604,-0.02401,0.3958,2.357,0.1183,-0.009445,48.0,0.00781,0.02177,0.03208,1.126747,,,,,,,,,,,,,,,,,,,,,,,,,,,,,,,,,,,,,,,,,,,,,,,,,,,,PNCINFRA_data,,2026-09-08
Stoch_Cross_Up + OBV_Rising,Stoch_Cross_Up + OBV_Rising,combo_2,139,momentum,Bullish,,,,,,,,,,,,,,,,,,0.8188,0.01546,-0.04393,0.004699,0.144284,2.777,0.00456,0.00174,0.4783,1.259,0.0881,0.002675,138.0,0.00751,0.01249,0.02059,1.980337,,,,,,,,,,,,,,,,,,0.001021,0.02565,0.814,2.579,0.971,0.317421,5,1.980337,-0.00574,0.4541,0.0881,0,1,-0.002149,0.00751,0.01249,0.02059,0.53468,0,0.8261,0.01188,-0.06156,-0.000892,-0.025614,2.651,-0.00213,-0.00769,0.4565,1.78,0.0653,-0.003245,138.0,0.00884,0.01997,0.03176,-0.335526,0.7971,0.01984,-0.08163,-0.000744,-0.04172,2.309,-0.00146,-0.01126,0.4275,2.18,0.0487,-0.005877,138.0,0.00884,0.02124,0.03456,-0.476009,,,,,,,,,,,,,,,,,,,,,,,,,,,,,,,,,,,,,,,,,,,,,,,,,,,,PNCINFRA_data,,2026-09-08
RSI_Cross50_Up + Price_Above_EMA200,RSI_Cross50_Up + Price_Above_EMA200,combo_2,28,trend,Bullish,,,,,,,,,,,,,,,,,,,,,,,,,,,,,,,,,,,,,,,,,,,,,,,,,,,,0.001639,0.023279,0.8095,4.29,0.8929,0.300245,30,5.343638,0.02521,0.5595,0.1977,0,1,-0.010933,0.01855,0.04882,0.07967,0.55982,0,0.75,0.00849,-0.05513,-0.007419,-0.25759,2.41,-0.00629,-0.00062,0.5,1.791,0.1977,-0.017762,27.0,0.00582,0.01685,0.04654,-2.090371,,,,,,,,,,,,,,,,,,0.8214,0.0219,-0.07731,0.004181,0.095461,3.618,0.00485,0.04013,0.6071,2.533,0.161,-0.009488,27.0,0.01731,0.04024,0.0689,1.163126,0.8571,0.02049,-0.06584,0.008155,0.231967,6.841,0.00831,0.03612,0.5714,3.102,0.1623,-0.00555,27.0,0.01855,0.04882,0.07967,5.343638,,,,,,,,,,,,,,,,,,PNCINFRA_data,,2026-09-08
Price_Above_EMA200 + MACD_Hist_Rising,Price_Above_EMA200 + MACD_Hist_Rising,combo_2,89,trend,Bullish,,,,,,,,,,,,,,,,,,,,,,,,,,,,,,,,,,,,,,,,,,,,,,,,,,,,-0.000719,0.030244,0.7753,2.114,0.9775,0.281296,30,2.644373,0.0049,0.5056,0.1277,0,1,-0.00809,0.01342,0.02352,0.04802,0.91028,0,0.7865,0.01316,-0.07118,-0.004846,-0.035377,1.656,-0.00492,-0.00472,0.5056,1.676,0.1277,-0.00846,89.0,0.01006,0.0164,0.02493,-0.263602,,,,,,,,,,,,,,,,,,0.7753,0.02251,-0.0958,-0.004075,-0.08703,1.93,-0.00354,0.01331,0.5169,2.37,0.0743,-0.010804,89.0,0.01342,0.01943,0.03583,-0.755921,0.764,0.03499,-0.08462,0.006766,0.21314,2.757,0.00611,0.0061,0.4944,2.902,0.0602,-0.005006,89.0,0.01342,0.02352,0.04802,2.644373,,,,,,,,,,,,,,,,,,PNCINFRA_data,,2026-09-08
OBV_Rising,OBV_Rising,single,335,momentum,Bullish,,,,,,,,,,,,,,,,,,0.8303,0.00873,-0.04727,-0.000773,-0.027547,2.414,-0.00024,-0.00302,0.4879,1.29,0.0524,-0.002548,329.0,0.00801,0.0137,0.01988,-0.386906,,,,,,,,,,,,,,,,,,0.001002,0.017563,0.8283,2.661,0.9818,0.266937,10,0.759159,-0.00521,0.4586,0.0524,0,1,-0.00293,0.01039,0.01994,0.03061,0.27003,0,0.8182,0.01539,-0.05831,0.00199,0.048707,2.679,0.00274,-0.00337,0.4545,1.825,0.0422,-0.002391,329.0,0.01039,0.01994,0.03061,0.759159,0.8364,0.01693,-0.07558,0.00179,0.031527,2.89,0.0025,-0.00923,0.4333,2.235,0.0368,-0.003851,329.0,0.01374,0.02584,0.03853,0.529989,,,,,,,,,,,,,,,,,,,,,,,,,,,,,,,,,,,,,,,,,,,,,,,,,,,,PNCINFRA_data,,2026-09-08
Stoch_Oversold + CMF_Positive,Stoch_Oversold + CMF_Positive,combo_2,19,momentum,Bullish,,,,,,,,,,,,,,,,,,0.7895,0.00206,-0.04751,-0.008374,-0.216846,1.032,-0.00896,-0.00144,0.5263,1.393,0.2305,-0.008781,19.0,0.0044,0.01365,0.01942,-0.670662,,,,,,,,,,,,,,,,,,-0.000123,0.025952,0.807,3.149,0.9474,0.231949,10,3.215884,-0.00069,0.5088,0.2989,0,1,-0.007823,0.01853,0.0254,0.04071,0.58993,0,0.8421,0.01365,-0.02469,0.007594,0.215043,4.992,0.00783,0.01316,0.5263,1.969,0.22,-0.004442,19.0,0.01853,0.0254,0.04071,3.215884,0.7895,0.0124,-0.04454,0.00041,0.079658,3.423,0.00187,-0.01379,0.4737,2.412,0.2989,-0.010247,19.0,0.01853,0.03307,0.05625,0.816916,,,,,,,,,,,,,,,,,,,,,,,,,,,,,,,,,,,,,,,,,,,,,,,,,,,,PNCINFRA_data,,2026-09-08
Stoch_Bull_Zone + OBV_Trend_Bull,Stoch_Bull_Zone + OBV_Trend_Bull,combo_2,138,momentum,Bullish,,,,,,,,,,,,,,,,,,0.8116,0.01836,-0.04219,0.00695,0.205907,2.966,0.00661,0.00075,0.4565,1.248,0.0835,0.004632,138.0,0.00673,0.01377,0.02248,3.013226,,,,,,,,,,,,,,,,,,-0.000648,0.011991,0.8213,2.573,0.9783,0.148918,5,3.013226,-0.00594,0.4662,0.0835,0,1,-0.002954,0.00673,0.01377,0.02248,0.59456,0,0.8188,0.01081,-0.0596,-0.001949,-0.012733,2.523,-0.00353,-0.00898,0.471,1.765,0.0571,-0.003512,138.0,0.00811,0.02124,0.02951,-0.158495,0.8333,0.00919,-0.0876,-0.006946,-0.1572,2.23,-0.00781,-0.00959,0.471,2.162,0.0566,-0.009983,138.0,0.00914,0.02576,0.03481,-1.729539,,,,,,,,,,,,,,,,,,,,,,,,,,,,,,,,,,,,,,,,,,,,,,,,,,,,PNCINFRA_data,,2026-09-08
Stoch_Cross_Up + VWAP_Bull,Stoch_Cross_Up + VWAP_Bull,combo_2,98,momentum,Bullish,,,,,,,,,,,,,,,,,,0.8247,0.01379,-0.05474,0.001783,0.074946,2.318,0.00111,-0.00375,0.4536,1.315,0.1259,-6e-06,97.0,0.00883,0.01331,0.01937,0.798336,,,,,,,,,,,,,,,,,,-0.000525,0.012394,0.8007,2.164,0.9485,0.116893,5,0.798336,-0.00809,0.4536,0.1259,0,1,-0.003496,0.00883,0.01331,0.01937,0.48606,0,0.8041,0.01591,-0.06685,-0.000303,0.05004,2.339,-0.00198,-0.00472,0.4845,1.86,0.0859,-0.003094,97.0,0.01029,0.01858,0.0277,0.537937,0.7732,0.02323,-0.09265,-0.003054,-0.087804,1.834,-0.00354,-0.01579,0.4227,2.278,0.0617,-0.007389,97.0,0.01114,0.01989,0.03231,-0.740154,,,,,,,,,,,,,,,,,,,,,,,,,,,,,,,,,,,,,,,,,,,,,,,,,,,,PNCINFRA_data,,2026-09-08
STRAT_Volume_MACD_Bull,Volume_Spike + MACD_Cross_Up_Event,combo_2,28,volume,Bullish,0.7143,0.02036,-0.03167,0.005491,0.164532,2.127,0.00647,-0.00257,0.3929,0.89,0.3066,0.002433,28.0,0.00324,0.00625,0.00994,1.178334,,,,,,,,,,,,,,,,,,0.8214,0.00303,-0.04793,-0.006071,-0.157005,2.507,-0.00606,-0.00828,0.5,1.36,0.2355,-0.008348,28.0,0.00581,0.01476,0.02352,-1.325196,-0.001078,-0.001949,0.7857,2.954,0.8929,-0.017312,3,1.178334,-0.00494,0.4643,0.3066,0,1,-0.004245,0.00324,0.00625,0.00994,0.64553,0,0.8214,0.00493,-0.03756,-0.002655,-0.013375,4.229,-0.00371,-0.00395,0.5,1.626,0.2351,-0.006818,28.0,0.00835,0.01985,0.02572,-0.190455,,,,,,,,,,,,,,,,,,,,,,,,,,,,,,,,,,,,,,,,,,,,,,,,,,,,,,,,,,,,,,,,,,,,,PNCINFRA_data,,2026-09-08
Williams_Oversold,Williams_Oversold,single,100,mean_rev,Bullish,0.8,0.00862,-0.03327,0.000239,0.001351,2.193,-0.00022,-0.00161,0.48,1.018,0.0642,0.000567,100.0,0.00579,0.01106,0.01859,0.013672,0.84,0.00599,-0.04141,-0.001598,-0.02952,2.636,-0.00156,0.00332,0.55,1.314,0.0775,-0.001416,100.0,0.00888,0.01775,0.02392,-0.359076,0.86,0.00793,-0.05994,-0.001571,0.004924,2.586,-0.00054,-0.0019,0.5,1.555,0.1137,-0.00208,100.0,0.01026,0.01961,0.03024,0.058767,-0.000977,-0.007748,0.8333,2.472,0.94,-0.083081,7,0.058767,-6e-05,0.51,0.1137,0,1,-0.000976,0.01026,0.01961,0.03024,0.20775,0,,,,,,,,,,,,,,,,,,,,,,,,,,,,,,,,,,,,,,,,,,,,,,,,,,,,,,,,,,,,,,,,,,,,,,,,,,,,,,,,,,,,,,PNCINFRA_data,,2026-09-08
Stoch_Bull_Zone,Stoch_Bull_Zone,single,168,momentum,Bullish,,,,,,,,,,,,,,,,,,0.8323,0.0137,-0.04629,0.003645,0.119736,2.782,0.00373,-0.0006,0.485,1.278,0.075,0.000997,167.0,0.00744,0.01484,0.02269,1.708934,,,,,,,,,,,,,,,,,,-0.000345,-0.006759,0.8244,2.57,0.988,-0.088032,5,1.708934,-0.00545,0.4691,0.075,0,1,-0.004483,0.00744,0.01484,0.02269,0.33923,0,0.8204,0.01209,-0.05854,-0.000597,-0.009688,2.613,-0.00143,-0.00714,0.479,1.807,0.0642,-0.004087,167.0,0.00883,0.0212,0.03007,-0.129851,0.8204,0.01289,-0.08161,-0.004084,-0.130325,2.314,-0.00501,-0.0086,0.4431,2.213,0.0453,-0.010359,167.0,0.00911,0.02418,0.03484,-1.546907,,,,,,,,,,,,,,,,,,,,,,,,,,,,,,,,,,,,,,,,,,,,,,,,,,,,PNCINFRA_data,,2026-09-08
Golden_Cross_State + CCI_Oversold,Golden_Cross_State + CCI_Oversold,combo_2,26,trend,Bullish,,,,,,,,,,,,,,,,,,,,,,,,,,,,,,,,,,,,,,,,,,,,,,,,,,,,0.003245,-0.017977,0.7821,2.469,0.9615,-0.140689,10,4.782102,0.02272,0.5256,0.2039,0,1,-0.007596,0.00966,0.01973,0.02783,0.79803,0,0.7692,0.03855,-0.06037,0.01572,0.50227,2.889,0.0158,0.00898,0.5,1.843,0.2039,0.008832,26.0,0.00966,0.01973,0.02783,4.782102,,,,,,,,,,,,,,,,,,0.8077,0.02732,-0.10925,0.001055,-0.115087,2.444,0.00109,0.04727,0.5385,2.606,0.123,-0.008597,26.0,0.01795,0.02759,0.03662,-0.926945,0.7692,0.02532,-0.11492,-0.007041,-0.441115,2.076,-0.00798,0.0119,0.5385,3.191,0.121,-0.023022,26.0,0.02242,0.02808,0.04592,-3.017976,,,,,,,,,,,,,,,,,,PNCINFRA_data,,2026-09-08
OBV_Rising + CCI_Oversold,OBV_Rising + CCI_Oversold,combo_2,56,momentum,Bullish,,,,,,,,,,,,,,,,,,0.8036,0.00891,-0.03891,-0.000485,-0.061521,2.264,0.00021,0.00223,0.5357,1.332,0.1186,-0.001108,56.0,0.00755,0.01397,0.0222,-0.563055,,,,,,,,,,,,,,,,,,0.002372,-0.013016,0.8036,2.911,1.0,-0.153163,15,0.925019,-0.00837,0.4464,0.1777,0,1,-0.003867,0.01203,0.01989,0.03044,0.68277,0,0.8036,0.01395,-0.04304,0.002756,-0.04243,2.943,0.00273,-0.0047,0.4107,1.884,0.1777,-0.00483,56.0,0.00954,0.01704,0.02909,-0.504818,0.8036,0.01934,-0.05446,0.004846,0.064903,3.525,0.00484,-0.02264,0.3929,2.307,0.1202,-0.005664,56.0,0.01203,0.01989,0.03044,0.925019,,,,,,,,,,,,,,,,,,,,,,,,,,,,,,,,,,,,,,,,,,,,,,,,,,,,PNCINFRA_data,,2026-09-08
RSI_Bull_Momentum + MACD_Cross_Up_Event,RSI_Bull_Momentum + MACD_Cross_Up_Event,combo_2,29,momentum,Bullish,,,,,,,,,,,,,,,,,,0.7241,0.02709,-0.03911,0.008827,0.27767,2.877,0.00937,0.00246,0.4138,1.155,0.2065,0.006002,29.0,0.00595,0.00852,0.01154,2.716839,,,,,,,,,,,,,,,,,,-0.001738,-0.020452,0.7586,2.488,0.931,-0.161098,5,2.716839,-0.00418,0.4713,0.2122,0,1,-0.001507,0.00595,0.00852,0.01154,0.81648,0,0.7586,0.00615,-0.05182,-0.007842,-0.190815,2.451,-0.00912,-0.01121,0.4828,1.633,0.2122,-0.006227,29.0,0.00731,0.0092,0.02791,-1.590962,0.7931,0.01469,-0.08626,-0.006197,-0.14821,2.134,-0.00673,-0.00378,0.5172,2.001,0.1841,-0.004295,29.0,0.00863,0.02863,0.03666,-1.075915,,,,,,,,,,,,,,,,,,,,,,,,,,,,,,,,,,,,,,,,,,,,,,,,,,,,PNCINFRA_data,,2026-09-08
Price_Above_SMA50 + MACD_Cross_Up_Event,Price_Above_SMA50 + MACD_Cross_Up_Event,combo_2,29,trend,Bullish,,,,,,,,,,,,,,,,,,,,,,,,,,,,,,,,,,,,,,,,,,,,,,,,,,,,-0.002895,-0.040568,0.7241,1.615,0.8621,-0.192071,10,0.091429,-0.01927,0.4713,0.2281,0,1,-0.006563,0.00657,0.00852,0.01085,0.85278,0,0.6552,0.02301,-0.04727,-0.001223,0.015402,1.745,-0.00049,-0.01121,0.4483,1.626,0.2281,-0.003536,29.0,0.00657,0.00852,0.01085,0.091429,,,,,,,,,,,,,,,,,,0.7241,0.03211,-0.08917,-0.001347,-0.015841,1.553,-0.00198,-0.02339,0.4828,2.3,0.1446,-0.000767,29.0,0.00775,0.00925,0.03329,-0.083687,0.7931,0.02148,-0.11191,-0.006116,-0.121266,1.546,-0.00445,-0.02321,0.4828,2.817,0.2269,-0.015386,29.0,0.00863,0.03194,0.03893,-0.63751,,,,,,,,,,,,,,,,,,PNCINFRA_data,,2026-09-08
BB_Lower_Touch,BB_Lower_Touch,single,41,mean_rev,Bullish,0.7805,0.01395,-0.04183,0.001703,-0.021758,1.798,0.00078,-0.00285,0.4146,1.031,0.133,-0.001913,41.0,0.00527,0.00891,0.01465,-0.146222,0.8293,0.01026,-0.0598,-0.001706,-0.100249,1.909,-0.00107,0.00502,0.5122,1.331,0.1706,-0.005713,41.0,0.00527,0.01087,0.01799,-0.71547,0.8293,0.02116,-0.06795,0.005943,0.040747,2.351,0.00612,-0.00072,0.439,1.575,0.1687,0.000144,41.0,0.00858,0.01465,0.02759,0.358126,0.00198,-0.027087,0.813,2.02,0.9512,-0.1945,7,0.358126,0.00048,0.4553,0.1706,0,1,-0.002494,0.00858,0.01465,0.02759,0.49126,0,,,,,,,,,,,,,,,,,,,,,,,,,,,,,,,,,,,,,,,,,,,,,,,,,,,,,,,,,,,,,,,,,,,,,,,,,,,,,,,,,,,,,,PNCINFRA_data,,2026-09-08
BB_Lower_Touch + CCI_Oversold,BB_Lower_Touch + CCI_Oversold,combo_2,41,mean_rev,Bullish,0.7805,0.01395,-0.04183,0.001703,-0.021758,1.798,0.00078,-0.00285,0.4146,1.031,0.133,-0.001913,41.0,0.00527,0.00891,0.01465,-0.146222,0.8293,0.01026,-0.0598,-0.001706,-0.100249,1.909,-0.00107,0.00502,0.5122,1.331,0.1706,-0.005713,41.0,0.00527,0.01087,0.01799,-0.71547,0.8293,0.02116,-0.06795,0.005943,0.040747,2.351,0.00612,-0.00072,0.439,1.575,0.1687,0.000144,41.0,0.00858,0.01465,0.02759,0.358126,0.00198,-0.027087,0.813,2.02,0.9512,-0.1945,7,0.358126,0.00048,0.4553,0.1706,0,1,-0.002494,0.00858,0.01465,0.02759,0.49126,0,,,,,,,,,,,,,,,,,,,,,,,,,,,,,,,,,,,,,,,,,,,,,,,,,,,,,,,,,,,,,,,,,,,,,,,,,,,,,,,,,,,,,,PNCINFRA_data,,2026-09-08
OBV_Trend_Bull,OBV_Trend_Bull,single,67,momentum,Bullish,,,,,,,,,,,,,,,,,,0.7761,0.02708,-0.05017,0.009782,0.206795,2.606,0.01123,0.01109,0.5224,1.26,0.1398,0.005053,67.0,0.00584,0.0098,0.01813,2.273723,,,,,,,,,,,,,,,,,,0.001124,-0.023271,0.791,2.274,0.9552,-0.21326,5,2.273723,-1e-05,0.4925,0.1977,0,1,-0.002922,0.00584,0.0098,0.01813,0.70613,0,0.7761,0.01904,-0.06908,-0.000691,-0.087004,2.038,0.00175,-0.00506,0.4627,1.782,0.1977,-0.006625,67.0,0.00793,0.01644,0.02626,-0.747997,0.8209,0.01262,-0.08978,-0.005719,-0.189602,2.178,-0.00459,-0.00606,0.4925,2.182,0.1535,-0.007193,67.0,0.00916,0.02408,0.03435,-1.742362,,,,,,,,,,,,,,,,,,,,,,,,,,,,,,,,,,,,,,,,,,,,,,,,,,,,PNCINFRA_data,,2026-09-08
Stoch_Oversold + VWAP_Bull,Stoch_Oversold + VWAP_Bull,combo_2,39,momentum,Bullish,,,,,,,,,,,,,,,,,,0.8205,0.00441,-0.05295,-0.005886,-0.119388,1.483,-0.00622,-0.00144,0.5385,1.376,0.1432,-0.00755,39.0,0.00616,0.01577,0.01828,-0.653164,,,,,,,,,,,,,,,,,,-0.002486,-0.032286,0.7692,2.072,0.8974,-0.221511,15,1.530837,-0.00552,0.4957,0.1524,0,1,-0.006849,0.01614,0.01873,0.03575,0.57885,0,0.7692,0.00783,-0.04905,-0.005296,-0.12199,1.863,-0.00467,0.00333,0.5641,1.946,0.1524,-0.008256,39.0,0.01382,0.01839,0.02987,-0.838238,0.7179,0.0237,-0.04712,0.003725,0.14452,2.871,0.0016,-0.01844,0.3846,2.383,0.132,-0.004742,39.0,0.01614,0.01873,0.03575,1.530837,,,,,,,,,,,,,,,,,,,,,,,,,,,,,,,,,,,,,,,,,,,,,,,,,,,,PNCINFRA_data,,2026-09-08
BB_Lower_Touch + Williams_Oversold,BB_Lower_Touch + Williams_Oversold,combo_2,41,mean_rev,Bullish,0.8049,0.01203,-0.04339,0.001217,-0.012268,1.82,0.0003,-0.00285,0.439,1.047,0.1425,-0.002597,41.0,0.0076,0.01087,0.01728,-0.083442,0.8537,0.00984,-0.06711,-0.001417,-0.07563,1.975,-0.00078,0.00502,0.5366,1.352,0.1715,-0.005609,41.0,0.00891,0.01465,0.01865,-0.558251,0.8293,0.01816,-0.0675,0.003535,-0.00579,2.195,0.00371,-0.00859,0.4634,1.6,0.1814,-0.00192,41.0,0.00891,0.01685,0.02759,-0.047514,0.001112,-0.03123,0.8293,1.997,0.9512,-0.221692,7,-0.047514,-0.00214,0.4797,0.1814,0,1,-0.003375,0.00891,0.01685,0.02759,0.33129,0,,,,,,,,,,,,,,,,,,,,,,,,,,,,,,,,,,,,,,,,,,,,,,,,,,,,,,,,,,,,,,,,,,,,,,,,,,,,,,,,,,,,,,PNCINFRA_data,,2026-09-08
OBV_Trend_Bull + CCI_Oversold,OBV_Trend_Bull + CCI_Oversold,combo_2,37,momentum,Bullish,,,,,,,,,,,,,,,,,,0.8108,0.00402,-0.05688,-0.007499,-0.111695,1.477,-0.00699,0.00477,0.5405,1.358,0.1958,-0.005821,37.0,0.00477,0.01722,0.02616,-0.600217,,,,,,,,,,,,,,,,,,-0.001857,-0.028832,0.8198,2.516,0.973,-0.256777,10,2.396548,-0.00546,0.4685,0.1958,0,1,-0.001778,0.01865,0.02561,0.03418,0.55346,0,0.8378,0.01859,-0.05414,0.0068,0.216232,3.047,0.00611,-0.00384,0.4054,1.921,0.1553,0.006968,37.0,0.01865,0.02561,0.03418,2.396548,0.8108,0.0066,-0.05402,-0.004873,-0.191032,3.025,-0.00581,-0.01731,0.4595,2.352,0.1637,-0.006479,37.0,0.01865,0.02561,0.03418,-2.102012,,,,,,,,,,,,,,,,,,,,,,,,,,,,,,,,,,,,,,,,,,,,,,,,,,,,PNCINFRA_data,,2026-09-08
CDL_InvertedHammer,CDL_InvertedHammer,single,15,candle,Bullish,0.8,0.00397,-0.03224,-0.003268,-0.053678,1.783,-0.00311,-0.0057,0.4667,0.881,0.3584,-0.003606,15.0,0.00874,0.00973,0.01502,-0.265342,0.8,0.01297,-0.03761,0.002855,0.084605,2.149,0.00288,0.01782,0.6,1.138,0.1857,3.2e-05,15.0,0.00874,0.01634,0.03242,0.504199,,,,,,,,,,,,,,,,,,-0.002507,-0.04514,0.8444,2.381,0.8667,-0.258257,5,0.504199,-0.00123,0.5111,0.3584,0,1,-0.001233,0.00874,0.01634,0.03242,0.18992,0,,,,,,,,,,,,,,,,,,,,,,,,,,,,,,,,,,,,,,,,,,,,,,,,,,,,,,,,,,,,,,,,,,,,,0.9333,-0.00525,-0.03311,-0.007108,-0.166346,3.211,-0.0072,-0.0158,0.4667,0.72,0.3109,-0.000123,15.0,0.00739,0.00887,0.0115,-1.480775,PNCINFRA_data,,2026-09-08
Stoch_Oversold,Stoch_Oversold,single,80,mean_rev,Bullish,0.8125,0.00729,-0.03504,-0.000651,0.003667,2.275,-0.00073,0.00038,0.5125,1.023,0.0778,0.000113,80.0,0.00616,0.01217,0.01683,0.03665,0.85,0.00659,-0.04977,-0.001861,-0.016073,2.2,-0.00145,0.00324,0.5625,1.32,0.0978,-0.002573,80.0,0.00662,0.01664,0.01941,-0.155376,0.8375,0.00671,-0.06386,-0.004758,-0.093969,1.55,-0.00472,0.00156,0.525,1.562,0.0921,-0.004851,80.0,0.00876,0.01799,0.02556,-0.640114,-0.002424,-0.035458,0.8333,2.008,0.9625,-0.30118,3,0.03665,0.00173,0.5333,0.0978,0,1,-0.002437,0.00616,0.01217,0.01683,0.24007,0,,,,,,,,,,,,,,,,,,,,,,,,,,,,,,,,,,,,,,,,,,,,,,,,,,,,,,,,,,,,,,,,,,,,,,,,,,,,,,,,,,,,,,PNCINFRA_data,,2026-09-08
CCI_Oversold + CDL_Harami_Bull,CCI_Oversold + CDL_Harami_Bull,combo_2,18,mean_rev,Bullish,0.9444,-0.00828,-0.04887,-0.010534,-0.19464,3.564,-0.01031,-0.01107,0.5,1.013,0.2464,-0.002769,18.0,0.01337,0.02582,0.02991,-2.042551,0.8889,-0.00586,-0.01206,-0.006551,-0.085519,10.732,-0.00642,-0.00334,0.5,1.308,0.241,-0.001826,18.0,0.01358,0.02664,0.03311,-2.518066,0.8333,0.01243,-0.02012,0.007003,0.228795,6.925,0.00608,-0.00789,0.3889,1.547,0.1993,0.010647,18.0,0.01358,0.02664,0.03862,4.664907,-0.003361,-0.017121,0.8889,7.074,0.8889,-0.316978,7,4.664907,-0.00744,0.463,0.2464,0,1,0.002017,0.01358,0.02664,0.03862,0.12737,0,,,,,,,,,,,,,,,,,,,,,,,,,,,,,,,,,,,,,,,,,,,,,,,,,,,,,,,,,,,,,,,,,,,,,,,,,,,,,,,,,,,,,,PNCINFRA_data,,2026-09-08
MACD_Hist_Rising + BB_Lower_Bounce,MACD_Hist_Rising + BB_Lower_Bounce,combo_2,27,momentum,Bullish,,,,,,,,,,,,,,,,,,0.7778,0.01392,-0.02942,0.004286,-0.009463,3.186,0.00521,-0.00368,0.4815,1.408,0.2057,-0.001454,27.0,0.00645,0.01011,0.01581,-0.100477,,,,,,,,,,,,,,,,,,0.00941,-0.02632,0.8148,4.192,0.9259,-0.34046,15,0.578907,-0.0013,0.4691,0.2057,0,1,-0.002711,0.01111,0.03654,0.04916,0.50224,0,0.8519,0.01935,-0.05323,0.0086,-0.103104,4.221,0.00691,0.01116,0.5556,1.991,0.204,-0.004981,27.0,0.01111,0.0242,0.03867,-1.450338,0.8148,0.03,-0.04913,0.015343,0.033607,5.17,0.01449,-0.01139,0.3704,2.438,0.2002,-0.001697,27.0,0.01111,0.03654,0.04916,0.578907,,,,,,,,,,,,,,,,,,,,,,,,,,,,,,,,,,,,,,,,,,,,,,,,,,,,PNCINFRA_data,,2026-09-08
BB_Lower_Bounce,BB_Lower_Bounce,single,41,mean_rev,Bullish,0.8293,0.00435,-0.02848,-0.001256,-0.116681,2.819,-0.00131,-0.00377,0.4878,1.065,0.1322,-0.001885,41.0,0.00704,0.00936,0.02077,-1.229519,0.7805,0.01429,-0.03684,0.003066,-0.044837,2.375,0.00333,0.0004,0.4878,1.374,0.1466,0.000649,41.0,0.00704,0.00936,0.02706,-0.398036,0.8049,0.02281,-0.05943,0.00676,0.04505,2.339,0.00707,-0.00039,0.4146,1.626,0.164,0.004868,41.0,0.00805,0.01397,0.03553,0.393803,0.002857,-0.038823,0.8049,2.511,0.9512,-0.346596,7,0.393803,-0.00125,0.4634,0.164,0,1,0.00121,0.00805,0.01397,0.03553,0.50584,0,,,,,,,,,,,,,,,,,,,,,,,,,,,,,,,,,,,,,,,,,,,,,,,,,,,,,,,,,,,,,,,,,,,,,,,,,,,,,,,,,,,,,,PNCINFRA_data,,2026-09-08
RSI_Oversold,RSI_Oversold,single,23,mean_rev,Bullish,0.8696,0.01358,-0.05502,0.004636,0.068491,2.612,0.00337,0.01198,0.5652,1.085,0.2063,0.004018,23.0,0.00841,0.02051,0.02681,0.568608,0.8696,0.00752,-0.08238,-0.004203,-0.141354,1.606,-0.00495,-0.00714,0.4783,1.401,0.1975,-0.00613,23.0,0.01046,0.02557,0.0383,-0.721503,0.8696,0.0091,-0.08881,-0.003669,-0.101298,1.525,-0.00342,0.00646,0.5652,1.657,0.2253,-0.007351,23.0,0.0106,0.02557,0.0383,-0.490997,-0.001079,-0.058054,0.8696,1.915,1.0,-0.353221,3,0.568608,0.00377,0.5362,0.2253,0,1,-0.003154,0.00841,0.02051,0.02681,0.35217,0,,,,,,,,,,,,,,,,,,,,,,,,,,,,,,,,,,,,,,,,,,,,,,,,,,,,,,,,,,,,,,,,,,,,,,,,,,,,,,,,,,,,,,PNCINFRA_data,,2026-09-08
CDL_Hammer,CDL_Hammer,single,24,candle,Bullish,0.6667,-0.00073,-0.02614,-0.009201,-0.181265,0.741,-0.00928,-0.0147,0.375,1.058,0.2464,-0.012742,24.0,0.00492,0.00666,0.00896,-0.583471,0.7083,0.00599,-0.04012,-0.007457,-0.15331,1.298,-0.00635,-0.01404,0.4583,1.366,0.388,-0.010137,24.0,0.0056,0.00799,0.01132,-0.640659,,,,,,,,,,,,,,,,,,-0.006675,-0.127667,0.6806,1.008,0.9583,-0.396849,2,-0.155875,-0.01121,0.4306,0.388,0,1,-0.009926,0.00492,0.00666,0.00896,0.93717,0,,,,,,,,,,,,,,,,,,,,,,,,,,,,,,,,,,,,,,,,,,,,,,,,,,,,,,,,,,,,,,,,,,,,,0.6667,0.00353,-0.01716,-0.003367,-0.048425,0.983,-0.00338,-0.0049,0.4583,0.864,0.2973,-0.0069,24.0,0.00492,0.00666,0.00896,-0.155875,PNCINFRA_data,,2026-09-08
MACD_Hist_Rising + Stoch_Oversold,MACD_Hist_Rising + Stoch_Oversold,combo_2,32,momentum,Bullish,,,,,,,,,,,,,,,,,,0.8125,0.00959,-0.04278,-0.000229,-0.013494,2.112,-0.00043,-0.0016,0.4688,1.365,0.207,0.000106,32.0,0.00903,0.01462,0.01725,-0.09963,,,,,,,,,,,,,,,,,,-0.001025,-0.05452,0.8229,2.47,0.9062,-0.42666,5,-0.09963,-0.00774,0.4792,0.207,0,1,-0.00645,0.00903,0.01462,0.01725,0.34125,0,0.875,0.00754,-0.07611,-0.002919,-0.06841,2.407,-0.00377,0.00047,0.5312,1.93,0.1948,-0.007291,32.0,0.01694,0.02266,0.0318,-0.575633,0.7812,0.01685,-0.05985,7.4e-05,-0.081656,2.891,-0.00103,-0.02208,0.4375,2.364,0.1639,-0.012164,32.0,0.01694,0.02718,0.04081,-0.825384,,,,,,,,,,,,,,,,,,,,,,,,,,,,,,,,,,,,,,,,,,,,,,,,,,,,PNCINFRA_data,,2026-09-08
RSI_Oversold + Stoch_Oversold,RSI_Oversold + Stoch_Oversold,combo_2,18,mean_rev,Bullish,0.8333,0.00861,-0.03834,0.000784,-0.041631,2.319,0.00147,0.0003,0.5,1.105,0.3196,0.001769,18.0,0.00924,0.0165,0.02452,-0.28428,0.8889,0.00052,-0.05433,-0.005578,-0.247436,2.496,-0.00564,-0.00802,0.4444,1.426,0.2885,-0.006187,18.0,0.0143,0.01983,0.03904,-1.818156,0.8889,0.01457,-0.06185,0.006078,0.110527,3.348,0.00624,0.01216,0.5556,1.688,0.2229,0.002777,18.0,0.01668,0.03017,0.03974,1.089696,0.000428,-0.059513,0.8704,2.721,0.9444,-0.450324,7,1.089696,0.00148,0.5,0.3196,0,1,-0.000547,0.01668,0.03017,0.03974,0.31824,0,,,,,,,,,,,,,,,,,,,,,,,,,,,,,,,,,,,,,,,,,,,,,,,,,,,,,,,,,,,,,,,,,,,,,,,,,,,,,,,,,,,,,,PNCINFRA_data,,2026-09-08
BB_Expansion_Bull + Stoch_Cross_Up,BB_Expansion_Bull + Stoch_Cross_Up,combo_2,16,momentum,Bullish,,,,,,,,,,,,,,,,,,0.875,0.00673,-0.06428,-0.002149,0.017978,1.574,-0.0026,-0.00075,0.5,1.278,0.347,-0.00628,16.0,0.01364,0.02003,0.02579,0.080157,,,,,,,,,,,,,,,,,,-0.008454,-0.131876,0.875,1.257,1.0,-0.469617,5,0.080157,0.00589,0.5625,0.347,0,1,-0.014704,0.01364,0.02003,0.02579,0.41807,0,0.875,0.009,-0.10776,-0.005594,-0.02569,1.598,-0.00528,0.02396,0.5625,1.808,0.2598,-0.00848,16.0,0.02055,0.02648,0.03308,-0.116325,0.875,-0.00656,-0.09504,-0.017619,-0.387917,0.599,-0.01774,-0.00553,0.625,2.214,0.3233,-0.029352,16.0,0.02125,0.028,0.04311,-1.099053,,,,,,,,,,,,,,,,,,,,,,,,,,,,,,,,,,,,,,,,,,,,,,,,,,,,PNCINFRA_data,,2026-09-08
RSI_Cross50_Up + Price_Above_SMA20,RSI_Cross50_Up + Price_Above_SMA20,combo_2,51,momentum,Bullish,,,,,,,,,,,,,,,,,,0.7647,0.02063,-0.03847,0.006723,0.191569,3.105,0.00501,-0.00409,0.451,1.26,0.0944,0.001966,50.0,0.00551,0.01222,0.01849,2.350127,,,,,,,,,,,,,,,,,,-0.00018,-0.04373,0.7843,2.87,0.9608,-0.476458,5,2.350127,-0.00847,0.4771,0.1069,0,1,-0.002066,0.00551,0.01222,0.01849,0.80007,0,0.7843,0.01272,-0.06012,-0.002994,-0.133211,2.715,-0.00332,-0.02042,0.4314,1.783,0.1069,-0.003439,50.0,0.00587,0.01919,0.03448,-1.428919,0.8039,0.01296,-0.07492,-0.00427,-0.189546,2.791,-0.00474,-0.00091,0.549,2.183,0.0934,-0.004726,50.0,0.01023,0.0263,0.03565,-2.090009,,,,,,,,,,,,,,,,,,,,,,,,,,,,,,,,,,,,,,,,,,,,,,,,,,,,PNCINFRA_data,,2026-09-08
Price_Above_SMA20 + MACD_Hist_Positive,Price_Above_SMA20 + MACD_Hist_Positive,combo_2,68,momentum,Bullish,,,,,,,,,,,,,,,,,,0.7206,0.02423,-0.04104,0.005993,0.137384,2.269,0.00644,-0.0044,0.3971,1.217,0.1047,0.000931,68.0,0.00622,0.00899,0.01295,1.319782,,,,,,,,,,,,,,,,,,-0.000116,-0.056502,0.7647,2.226,0.9118,-0.485458,5,1.319782,-0.00558,0.4608,0.1047,0,1,-0.003913,0.00622,0.00899,0.01295,0.79037,0,0.7647,0.0193,-0.05481,0.001861,0.027107,2.376,0.00031,-0.00077,0.4853,1.721,0.0967,-0.003872,68.0,0.00765,0.01138,0.03079,0.272719,0.8088,0.01042,-0.08699,-0.008203,-0.333996,2.032,-0.0087,-0.01157,0.5,2.108,0.0896,-0.008797,68.0,0.00854,0.02576,0.0359,-2.873301,,,,,,,,,,,,,,,,,,,,,,,,,,,,,,,,,,,,,,,,,,,,,,,,,,,,PNCINFRA_data,,2026-09-08
Price_Above_SMA20 + MACD_Bullish_State,Price_Above_SMA20 + MACD_Bullish_State,combo_2,68,momentum,Bullish,,,,,,,,,,,,,,,,,,0.7206,0.02423,-0.04104,0.005993,0.137384,2.269,0.00644,-0.0044,0.3971,1.217,0.1047,0.000931,68.0,0.00622,0.00899,0.01295,1.319782,,,,,,,,,,,,,,,,,,-0.000116,-0.056502,0.7647,2.226,0.9118,-0.485458,5,1.319782,-0.00558,0.4608,0.1047,0,1,-0.003913,0.00622,0.00899,0.01295,0.79037,0,0.7647,0.0193,-0.05481,0.001861,0.027107,2.376,0.00031,-0.00077,0.4853,1.721,0.0967,-0.003872,68.0,0.00765,0.01138,0.03079,0.272719,0.8088,0.01042,-0.08699,-0.008203,-0.333996,2.032,-0.0087,-0.01157,0.5,2.108,0.0896,-0.008797,68.0,0.00854,0.02576,0.0359,-2.873301,,,,,,,,,,,,,,,,,,,,,,,,,,,,,,,,,,,,,,,,,,,,,,,,,,,,PNCINFRA_data,,2026-09-08
Stoch_Cross_Up + CCI_Oversold,Stoch_Cross_Up + CCI_Oversold,combo_2,46,mean_rev,Bullish,0.8043,0.00134,-0.03508,-0.005787,-0.193997,1.643,-0.00594,-0.00229,0.5217,1.079,0.1101,-0.004943,46.0,0.00402,0.00743,0.01353,-1.226853,0.7391,0.01121,-0.04037,-0.002248,-0.110357,1.816,-0.00198,-0.00953,0.4348,1.393,0.1549,-0.001437,46.0,0.00475,0.00936,0.01494,-0.771683,0.7391,0.02564,-0.04504,0.0072,0.093568,2.365,0.00697,-0.00314,0.413,1.648,0.1379,0.004035,46.0,0.00593,0.01096,0.0181,0.851982,-0.000278,-0.070262,0.7609,1.941,0.9348,-0.490895,7,0.851982,-0.00499,0.4565,0.1549,0,1,-0.000782,0.00593,0.01096,0.0181,0.66388,0,,,,,,,,,,,,,,,,,,,,,,,,,,,,,,,,,,,,,,,,,,,,,,,,,,,,,,,,,,,,,,,,,,,,,,,,,,,,,,,,,,,,,,PNCINFRA_data,,2026-09-08
MACD_Hist_Positive + VWAP_Bull,MACD_Hist_Positive + VWAP_Bull,combo_2,36,momentum,Bullish,,,,,,,,,,,,,,,,,,0.7222,0.02484,-0.04964,0.004149,0.191336,1.903,0.00462,0.00086,0.4722,1.234,0.196,0.00071,36.0,0.00747,0.00947,0.01121,1.314973,,,,,,,,,,,,,,,,,,-0.004805,-0.093682,0.7222,1.64,0.8889,-0.493186,5,1.314973,0.00018,0.5093,0.196,0,1,-0.008761,0.00747,0.00947,0.01121,0.88017,0,0.6667,0.02198,-0.05883,-0.004956,-0.030068,1.591,-0.00614,0.00107,0.5278,1.745,0.1673,-0.010239,36.0,0.00747,0.00947,0.01522,-0.172741,0.7778,0.01076,-0.09891,-0.013608,-0.442316,1.426,-0.01332,-0.0014,0.5278,2.137,0.1789,-0.016754,36.0,0.00914,0.01751,0.03589,-2.277846,,,,,,,,,,,,,,,,,,,,,,,,,,,,,,,,,,,,,,,,,,,,,,,,,,,,PNCINFRA_data,,2026-09-08
MACD_Bullish_State + VWAP_Bull,MACD_Bullish_State + VWAP_Bull,combo_2,36,momentum,Bullish,,,,,,,,,,,,,,,,,,0.7222,0.02484,-0.04964,0.004149,0.191336,1.903,0.00462,0.00086,0.4722,1.234,0.196,0.00071,36.0,0.00747,0.00947,0.01121,1.314973,,,,,,,,,,,,,,,,,,-0.004805,-0.093682,0.7222,1.64,0.8889,-0.493186,5,1.314973,0.00018,0.5093,0.196,0,1,-0.008761,0.00747,0.00947,0.01121,0.88017,0,0.6667,0.02198,-0.05883,-0.004956,-0.030068,1.591,-0.00614,0.00107,0.5278,1.745,0.1673,-0.010239,36.0,0.00747,0.00947,0.01522,-0.172741,0.7778,0.01076,-0.09891,-0.013608,-0.442316,1.426,-0.01332,-0.0014,0.5278,2.137,0.1789,-0.016754,36.0,0.00914,0.01751,0.03589,-2.277846,,,,,,,,,,,,,,,,,,,,,,,,,,,,,,,,,,,,,,,,,,,,,,,,,,,,PNCINFRA_data,,2026-09-08
MACD_Hist_Rising + Stoch_Bull_Zone,MACD_Hist_Rising + Stoch_Bull_Zone,combo_2,161,momentum,Bullish,,,,,,,,,,,,,,,,,,0.8137,0.0119,-0.04438,0.001412,0.066272,2.47,0.00146,-0.00382,0.4845,1.259,0.082,-0.00162,161.0,0.00685,0.01315,0.02003,0.832802,,,,,,,,,,,,,,,,,,-0.001388,-0.043929,0.8075,2.261,0.9876,-0.499126,5,0.832802,-0.00803,0.4617,0.082,0,1,-0.00667,0.00685,0.01315,0.02003,0.59981,0,0.8075,0.01249,-0.06638,-0.002696,-0.0718,2.15,-0.00367,-0.01166,0.4658,1.78,0.0671,-0.007747,161.0,0.00861,0.01951,0.02703,-0.785198,0.8012,0.01747,-0.08493,-0.00288,-0.126258,2.165,-0.00378,-0.0086,0.4348,2.181,0.0437,-0.010642,161.0,0.0088,0.0209,0.0348,-1.390469,,,,,,,,,,,,,,,,,,,,,,,,,,,,,,,,,,,,,,,,,,,,,,,,,,,,PNCINFRA_data,,2026-09-08
RSI_Bull_Momentum + CMF_Positive,RSI_Bull_Momentum + CMF_Positive,combo_2,45,momentum,Bullish,,,,,,,,,,,,,,,,,,0.8444,0.00912,-0.0468,0.000417,-0.002575,2.905,0.00361,-0.00606,0.4444,1.344,0.2666,-0.001859,45.0,0.01183,0.01497,0.02114,-0.02864,,,,,,,,,,,,,,,,,,-0.001086,-0.050594,0.8519,2.639,0.9778,-0.499825,5,-0.02864,-0.00719,0.4444,0.3211,0,1,-0.003685,0.01183,0.01497,0.02114,0.33182,0,0.8667,0.01043,-0.06975,-0.000261,-0.064368,2.785,0.00587,-0.01165,0.4222,1.901,0.3211,-0.001821,45.0,0.01501,0.02288,0.02781,-0.686409,0.8444,0.01268,-0.09078,-0.003415,-0.084838,2.226,-0.00074,-0.00384,0.4667,2.328,0.2456,-0.007374,45.0,0.01946,0.02634,0.04552,-0.723192,,,,,,,,,,,,,,,,,,,,,,,,,,,,,,,,,,,,,,,,,,,,,,,,,,,,PNCINFRA_data,,2026-09-08
MACD_Hist_Rising + OBV_Trend_Bull,MACD_Hist_Rising + OBV_Trend_Bull,combo_2,157,momentum,Bullish,,,,,,,,,,,,,,,,,,0.7771,0.01508,-0.04331,0.002059,0.066401,2.175,0.00262,-0.00409,0.4713,1.238,0.0762,0.000598,155.0,0.00766,0.01134,0.01633,0.731152,,,,,,,,,,,,,,,,,,-0.003371,-0.057315,0.7728,1.851,0.9745,-0.52344,5,0.731152,-0.00828,0.4862,0.0762,0,1,-0.006409,0.00766,0.01134,0.01633,0.93021,0,0.758,0.01266,-0.06641,-0.006476,-0.14869,1.553,-0.00672,-0.0152,0.4777,1.75,0.0536,-0.010209,155.0,0.00844,0.01577,0.02463,-1.169063,0.7834,0.01597,-0.08409,-0.005696,-0.089657,1.825,-0.00606,-0.00554,0.5096,2.143,0.0485,-0.009615,155.0,0.00894,0.01953,0.03378,-0.828497,,,,,,,,,,,,,,,,,,,,,,,,,,,,,,,,,,,,,,,,,,,,,,,,,,,,PNCINFRA_data,,2026-09-08
RSI_Oversold + CCI_Oversold,RSI_Oversold + CCI_Oversold,combo_2,21,mean_rev,Bullish,0.8571,0.01556,-0.05603,0.005336,0.063584,2.449,0.00408,0.01198,0.5714,1.081,0.2162,0.004257,21.0,0.00837,0.01799,0.02657,0.481252,0.8571,0.00739,-0.08312,-0.005536,-0.231394,1.345,-0.00628,-0.00714,0.4762,1.396,0.2335,-0.006031,21.0,0.00858,0.0243,0.03965,-0.962161,0.8571,0.00999,-0.08908,-0.004164,-0.132761,1.443,-0.00392,0.00646,0.5714,1.652,0.2377,-0.006985,21.0,0.00858,0.0243,0.03965,-0.592303,-0.001455,-0.10019,0.8571,1.746,1.0,-0.540635,3,0.481252,0.00377,0.5397,0.2377,0,1,-0.00292,0.00837,0.01799,0.02657,0.42882,0,,,,,,,,,,,,,,,,,,,,,,,,,,,,,,,,,,,,,,,,,,,,,,,,,,,,,,,,,,,,,,,,,,,,,,,,,,,,,,,,,,,,,,PNCINFRA_data,,2026-09-08
Price_Above_SMA20 + OBV_Rising,Price_Above_SMA20 + OBV_Rising,combo_2,203,momentum,Bullish,,,,,,,,,,,,,,,,,,0.8325,0.0084,-0.0489,-0.001199,-0.025508,2.379,-0.00125,-0.00517,0.4581,1.231,0.0854,-0.002743,202.0,0.00826,0.01281,0.01917,-0.322778,,,,,,,,,,,,,,,,,,-0.002226,-0.043308,0.8374,2.458,0.9655,-0.546607,10,0.016209,-0.00522,0.4696,0.0854,0,1,-0.004087,0.00947,0.02061,0.03288,0.22301,0,0.8227,0.01149,-0.06297,-0.001718,0.001304,2.337,-0.00283,-0.0032,0.4828,1.741,0.0709,-0.004247,202.0,0.00947,0.02061,0.03288,0.016209,0.8571,0.00994,-0.08595,-0.003762,-0.105719,2.657,-0.00487,-0.0073,0.468,2.132,0.0443,-0.005272,202.0,0.01226,0.03007,0.04068,-1.494018,,,,,,,,,,,,,,,,,,,,,,,,,,,,,,,,,,,,,,,,,,,,,,,,,,,,PNCINFRA_data,,2026-09-08
BB_Expansion_Bull + CMF_Positive,BB_Expansion_Bull + CMF_Positive,combo_2,15,momentum,Bullish,,,,,,,,,,,,,,,,,,0.6,-0.00199,-0.05451,-0.022997,-0.525615,0.248,-0.02306,-0.01956,0.5333,1.33,0.3619,-0.020832,15.0,0.0095,0.01127,0.01352,-1.457314,,,,,,,,,,,,,,,,,,-0.014044,-0.261576,0.7111,0.772,0.8,-0.580195,15,-0.362577,-0.00929,0.5556,0.3619,0,1,-0.016644,0.01449,0.02847,0.04966,0.77919,0,0.7333,0.01022,-0.06633,-0.010194,-0.137959,0.988,-0.01038,-0.00448,0.6,1.882,0.2733,-0.014399,15.0,0.00968,0.01762,0.03012,-0.382504,0.8,0.01017,-0.0854,-0.008941,-0.121155,1.079,-0.00843,-0.00384,0.5333,2.304,0.3114,-0.014702,15.0,0.01449,0.02847,0.04966,-0.362577,,,,,,,,,,,,,,,,,,,,,,,,,,,,,,,,,,,,,,,,,,,,,,,,,,,,PNCINFRA_data,,2026-09-08
RSI_Cross50_Up + OBV_Trend_Bull,RSI_Cross50_Up + OBV_Trend_Bull,combo_2,59,momentum,Bullish,,,,,,,,,,,,,,,,,,0.7966,0.01771,-0.039,0.006179,0.246179,3.31,0.00708,-0.0006,0.4576,1.264,0.169,0.003121,59.0,0.0058,0.01282,0.01877,3.336542,,,,,,,,,,,,,,,,,,-0.00339,-0.055543,0.7966,2.817,0.9661,-0.618903,5,3.336542,-0.00812,0.4633,0.169,0,1,-0.003655,0.0058,0.01282,0.01877,0.73051,0,0.7797,0.00419,-0.05561,-0.008985,-0.237669,2.277,-0.00954,-0.01996,0.4068,1.788,0.1138,-0.007104,59.0,0.00593,0.01814,0.02832,-2.215902,0.8136,0.00619,-0.06649,-0.007365,-0.175138,2.864,-0.00799,-0.00378,0.5254,2.19,0.0998,-0.006983,59.0,0.01182,0.02008,0.03495,-2.053425,,,,,,,,,,,,,,,,,,,,,,,,,,,,,,,,,,,,,,,,,,,,,,,,,,,,PNCINFRA_data,,2026-09-08
Golden_Cross_State + Stoch_Bull_Zone,Golden_Cross_State + Stoch_Bull_Zone,combo_2,76,trend,Bullish,,,,,,,,,,,,,,,,,,,,,,,,,,,,,,,,,,,,,,,,,,,,,,,,,,,,-0.003112,-0.075083,0.807,2.154,0.9605,-0.674631,10,1.211365,0.00949,0.5395,0.1258,0,1,-0.013636,0.01027,0.01973,0.02835,0.61176,0,0.8289,0.01641,-0.0724,0.001219,0.113489,2.457,0.00047,0.00646,0.5526,1.752,0.1258,-0.004807,76.0,0.01027,0.01973,0.02835,1.211365,,,,,,,,,,,,,,,,,,0.8026,0.01153,-0.10682,-0.011832,-0.336581,1.781,-0.01153,-0.00033,0.5395,2.478,0.0846,-0.021029,76.0,0.01261,0.02537,0.03843,-2.603195,0.7895,0.03346,-0.1194,0.001276,-0.002156,2.223,0.00132,0.02235,0.5263,3.035,0.0691,-0.01507,76.0,0.01966,0.0329,0.05251,-0.020815,,,,,,,,,,,,,,,,,,PNCINFRA_data,,2026-09-08
RSI_Cross50_Up + MACD_Cross_Up_Event,RSI_Cross50_Up + MACD_Cross_Up_Event,combo_2,12,momentum,Bullish,,,,,,,,,,,,,,,,,,0.75,0.0337,-0.02935,0.017938,0.546578,4.072,0.01826,0.02084,0.5,1.107,0.27,0.014796,12.0,0.00497,0.00777,0.01575,5.70802,,,,,,,,,,,,,,,,,,-0.002482,-0.086947,0.8333,3.661,0.8333,-0.680331,5,5.70802,0.00869,0.5278,0.3625,0,1,0.000531,0.00497,0.00777,0.01575,0.39071,0,0.8333,-2e-05,-0.03892,-0.006508,-0.260009,3.919,-0.0101,0.00083,0.5,1.565,0.3447,-0.005108,12.0,0.00791,0.03616,0.03954,-2.613709,0.9167,-0.00971,-0.11967,-0.018876,-0.547411,2.992,-0.02107,0.0044,0.5833,1.917,0.3625,-0.008095,12.0,0.03129,0.03616,0.04235,-4.200387,,,,,,,,,,,,,,,,,,,,,,,,,,,,,,,,,,,,,,,,,,,,,,,,,,,,PNCINFRA_data,,2026-09-08
RSI_Oversold + Williams_Oversold,RSI_Oversold + Williams_Oversold,combo_2,25,mean_rev,Bullish,0.84,0.0112,-0.05116,0.001222,-0.016829,2.105,-5e-05,0.00801,0.52,1.098,0.2063,0.000532,25.0,0.00845,0.0152,0.02475,-0.115437,0.8,0.00749,-0.06726,-0.007458,-0.234259,1.178,-0.00821,-0.00803,0.48,1.417,0.1975,-0.009285,25.0,0.00859,0.01776,0.02924,-0.899438,0.8,0.00903,-0.07011,-0.006794,-0.200391,1.155,-0.00655,0.00458,0.52,1.677,0.2253,-0.009887,25.0,0.00859,0.01832,0.02924,-0.754313,-0.004344,-0.150493,0.8133,1.48,0.96,-0.696516,3,-0.115437,0.00152,0.5067,0.2253,0,1,-0.006213,0.00845,0.0152,0.02475,0.49832,0,,,,,,,,,,,,,,,,,,,,,,,,,,,,,,,,,,,,,,,,,,,,,,,,,,,,,,,,,,,,,,,,,,,,,,,,,,,,,,,,,,,,,,PNCINFRA_data,,2026-09-08
EMA_Bullish_State + MACD_Cross_Up_Event,EMA_Bullish_State + MACD_Cross_Up_Event,combo_2,25,momentum,Bullish,,,,,,,,,,,,,,,,,,0.64,0.01932,-0.04583,-0.004135,-0.120343,1.517,-0.00359,-0.01705,0.4,1.148,0.2956,-0.007882,25.0,0.00505,0.00787,0.00952,-0.594952,,,,,,,,,,,,,,,,,,-0.004919,-0.138804,0.6933,1.757,0.88,-0.699227,15,-0.545292,-0.0135,0.4267,0.2956,0,1,-0.009653,0.00886,0.02219,0.03616,0.90046,0,0.68,0.00679,-0.04318,-0.009201,-0.205333,1.909,-0.00819,-0.01641,0.4,1.624,0.2846,-0.013072,25.0,0.00744,0.00891,0.01501,-1.277152,0.76,0.02244,-0.07697,-0.001422,-0.090737,1.845,-0.00145,-0.00705,0.48,1.989,0.2378,-0.008005,25.0,0.00886,0.02219,0.03616,-0.545292,,,,,,,,,,,,,,,,,,,,,,,,,,,,,,,,,,,,,,,,,,,,,,,,,,,,PNCINFRA_data,,2026-09-08
Stoch_Cross_Up + Williams_Oversold,Stoch_Cross_Up + Williams_Oversold,combo_2,35,mean_rev,Bullish,0.8286,0.00296,-0.02415,-0.001684,-0.068155,2.636,-0.00238,-0.00082,0.5143,1.088,0.1475,0.000181,35.0,0.00389,0.01025,0.01989,-0.643719,0.7714,0.00018,-0.03748,-0.008424,-0.217045,1.745,-0.00705,-0.01198,0.4857,1.404,0.2418,-0.003982,35.0,0.00473,0.0116,0.01989,-1.356918,0.8,0.01311,-0.03794,0.002903,0.026728,3.074,0.00429,-0.01072,0.4286,1.662,0.2013,0.002594,35.0,0.00614,0.01785,0.02258,0.294424,-0.002402,-0.086157,0.8,2.485,0.9429,-0.723316,7,0.294424,-0.00784,0.4762,0.2418,0,1,-0.000402,0.00614,0.01785,0.02258,0.52529,0,,,,,,,,,,,,,,,,,,,,,,,,,,,,,,,,,,,,,,,,,,,,,,,,,,,,,,,,,,,,,,,,,,,,,,,,,,,,,,,,,,,,,,PNCINFRA_data,,2026-09-08
MACD_Bullish_State + Stoch_Cross_Up,MACD_Bullish_State + Stoch_Cross_Up,combo_2,70,momentum,Bullish,,,,,,,,,,,,,,,,,,0.8286,0.01312,-0.04029,0.003967,0.111043,2.708,0.00239,-0.00331,0.4714,1.228,0.1349,0.000217,70.0,0.00805,0.01543,0.02528,1.281609,,,,,,,,,,,,,,,,,,-0.002074,-0.076137,0.8524,2.422,0.9429,-0.741039,5,1.281609,-0.00128,0.519,0.1349,0,1,-0.00511,0.00805,0.01543,0.02528,0.16295,0,0.8429,0.01095,-0.05925,-8.1e-05,0.017484,2.571,-0.00222,0.0058,0.5286,1.737,0.0959,-0.002935,70.0,0.01107,0.02531,0.03057,0.191616,0.8857,0.00267,-0.10917,-0.010109,-0.356937,1.986,-0.01085,-0.00632,0.5571,2.127,0.1289,-0.012611,70.0,0.01576,0.02861,0.03531,-3.022476,,,,,,,,,,,,,,,,,,,,,,,,,,,,,,,,,,,,,,,,,,,,,,,,,,,,PNCINFRA_data,,2026-09-08
MACD_Hist_Positive + Stoch_Cross_Up,MACD_Hist_Positive + Stoch_Cross_Up,combo_2,70,momentum,Bullish,,,,,,,,,,,,,,,,,,0.8286,0.01312,-0.04029,0.003967,0.111043,2.708,0.00239,-0.00331,0.4714,1.228,0.1349,0.000217,70.0,0.00805,0.01543,0.02528,1.281609,,,,,,,,,,,,,,,,,,-0.002074,-0.076137,0.8524,2.422,0.9429,-0.741039,5,1.281609,-0.00128,0.519,0.1349,0,1,-0.00511,0.00805,0.01543,0.02528,0.16295,0,0.8429,0.01095,-0.05925,-8.1e-05,0.017484,2.571,-0.00222,0.0058,0.5286,1.737,0.0959,-0.002935,70.0,0.01107,0.02531,0.03057,0.191616,0.8857,0.00267,-0.10917,-0.010109,-0.356937,1.986,-0.01085,-0.00632,0.5571,2.127,0.1289,-0.012611,70.0,0.01576,0.02861,0.03531,-3.022476,,,,,,,,,,,,,,,,,,,,,,,,,,,,,,,,,,,,,,,,,,,,,,,,,,,,PNCINFRA_data,,2026-09-08
STRAT_Volume_OBV_Bull,Volume_Spike + OBV_Trend_Bull,combo_2,110,momentum,Bullish,,,,,,,,,,,,,,,,,,0.7818,0.01686,-0.06018,4.9e-05,0.023905,1.81,-9e-05,-0.00507,0.4636,1.244,0.0944,-0.001073,109.0,0.00632,0.01201,0.01875,0.203794,,,,,,,,,,,,,,,,,,-0.003774,-0.092185,0.797,1.795,0.9545,-0.744039,5,0.203794,-0.00515,0.4939,0.0944,0,1,-0.004434,0.00632,0.01201,0.01875,0.66292,0,0.7818,0.01696,-0.07874,-0.003923,-0.084095,1.717,-0.005,-0.00247,0.5182,1.759,0.078,-0.004212,109.0,0.00925,0.01768,0.02528,-0.680084,0.8273,0.01204,-0.10079,-0.007449,-0.216366,1.859,-0.00811,-0.0079,0.5,2.154,0.0677,-0.008017,109.0,0.0108,0.02584,0.03797,-1.894056,,,,,,,,,,,,,,,,,,,,,,,,,,,,,,,,,,,,,,,,,,,,,,,,,,,,PNCINFRA_data,,2026-09-08
CMF_Positive + CMF_Strong_Bull,CMF_Positive + CMF_Strong_Bull,combo_2,26,momentum,Bullish,,,,,,,,,,,,,,,,,,0.6923,0.02072,-0.04679,-5.4e-05,-0.026593,1.558,0.00031,-0.00551,0.4231,1.408,0.3952,-0.00885,26.0,0.0101,0.01222,0.01434,-0.136584,,,,,,,,,,,,,,,,,,-0.003508,-0.129126,0.7949,2.1,0.8462,-0.756325,5,-0.136584,-0.00756,0.4744,0.3952,0,1,-0.011264,0.0101,0.01222,0.01434,0.53783,0,0.8462,0.00439,-0.07263,-0.007462,-0.212093,2.359,-0.00629,-0.0152,0.4615,1.991,0.3542,-0.013239,26.0,0.0157,0.03181,0.03469,-1.648911,0.8462,0.01418,-0.09753,-0.003007,-0.148693,2.384,-0.00229,-0.00197,0.5385,2.438,0.2268,-0.011704,26.0,0.0157,0.03296,0.03829,-1.16813,,,,,,,,,,,,,,,,,,,,,,,,,,,,,,,,,,,,,,,,,,,,,,,,,,,,PNCINFRA_data,,2026-09-08
CMF_Strong_Bull,CMF_Strong_Bull,single,26,momentum,Bullish,,,,,,,,,,,,,,,,,,0.6923,0.02072,-0.04679,-5.4e-05,-0.026593,1.558,0.00031,-0.00551,0.4231,1.408,0.3952,-0.00885,26.0,0.0101,0.01222,0.01434,-0.136584,,,,,,,,,,,,,,,,,,-0.003508,-0.129126,0.7949,2.1,0.8462,-0.756325,5,-0.136584,-0.00756,0.4744,0.3952,0,1,-0.011264,0.0101,0.01222,0.01434,0.53783,0,0.8462,0.00439,-0.07263,-0.007462,-0.212093,2.359,-0.00629,-0.0152,0.4615,1.991,0.3542,-0.013239,26.0,0.0157,0.03181,0.03469,-1.648911,0.8462,0.01418,-0.09753,-0.003007,-0.148693,2.384,-0.00229,-0.00197,0.5385,2.438,0.2268,-0.011704,26.0,0.0157,0.03296,0.03829,-1.16813,,,,,,,,,,,,,,,,,,,,,,,,,,,,,,,,,,,,,,,,,,,,,,,,,,,,PNCINFRA_data,,2026-09-08
MACD_Hist_Positive + CDL_Hammer,MACD_Hist_Positive + CDL_Hammer,combo_2,12,momentum,Bullish,,,,,,,,,,,,,,,,,,0.8333,-0.00177,-0.03726,-0.007686,-0.107531,2.001,-0.00848,0.00137,0.5833,1.283,0.3597,-0.007155,12.0,0.00914,0.0134,0.02227,-0.551796,,,,,,,,,,,,,,,,,,-0.007155,-0.159836,0.8611,2.102,0.9167,-0.789769,10,0.403964,-0.00054,0.5556,0.3597,0,1,-0.008902,0.02237,0.02767,0.03642,0.36743,0,0.9167,0.00877,-0.07857,0.001493,0.050333,3.129,0.00122,0.01502,0.5833,1.814,0.2565,-0.004014,12.0,0.02237,0.02767,0.03642,0.403964,0.8333,-0.00346,-0.07432,-0.015271,-0.422312,1.175,-0.01527,-0.018,0.5,2.222,0.311,-0.015537,12.0,0.02298,0.03288,0.03885,-1.272654,,,,,,,,,,,,,,,,,,,,,,,,,,,,,,,,,,,,,,,,,,,,,,,,,,,,PNCINFRA_data,,2026-09-08
MACD_Bullish_State + CDL_Hammer,MACD_Bullish_State + CDL_Hammer,combo_2,12,momentum,Bullish,,,,,,,,,,,,,,,,,,0.8333,-0.00177,-0.03726,-0.007686,-0.107531,2.001,-0.00848,0.00137,0.5833,1.283,0.3597,-0.007155,12.0,0.00914,0.0134,0.02227,-0.551796,,,,,,,,,,,,,,,,,,-0.007155,-0.159836,0.8611,2.102,0.9167,-0.789769,10,0.403964,-0.00054,0.5556,0.3597,0,1,-0.008902,0.02237,0.02767,0.03642,0.36743,0,0.9167,0.00877,-0.07857,0.001493,0.050333,3.129,0.00122,0.01502,0.5833,1.814,0.2565,-0.004014,12.0,0.02237,0.02767,0.03642,0.403964,0.8333,-0.00346,-0.07432,-0.015271,-0.422312,1.175,-0.01527,-0.018,0.5,2.222,0.311,-0.015537,12.0,0.02298,0.03288,0.03885,-1.272654,,,,,,,,,,,,,,,,,,,,,,,,,,,,,,,,,,,,,,,,,,,,,,,,,,,,PNCINFRA_data,,2026-09-08
Stoch_Oversold + CCI_Oversold,Stoch_Oversold + CCI_Oversold,combo_2,54,mean_rev,Bullish,0.7407,0.00583,-0.03632,-0.005102,-0.104217,1.252,-0.00475,-0.00646,0.4815,1.054,0.1347,-0.002028,54.0,0.00466,0.00992,0.01456,-0.522901,0.7963,0.00242,-0.05189,-0.008646,-0.228251,1.262,-0.00892,-0.00072,0.537,1.361,0.1103,-0.006356,54.0,0.00493,0.01063,0.01787,-1.15413,0.7963,0.00931,-0.06345,-0.005514,-0.168092,1.303,-0.00539,-0.00281,0.5185,1.61,0.125,-0.003931,54.0,0.00577,0.01562,0.02671,-0.877744,-0.006421,-0.166853,0.7778,1.272,0.9444,-0.803448,3,-0.522901,-0.00333,0.5123,0.1347,0,1,-0.004105,0.00466,0.00992,0.01456,0.70218,0,,,,,,,,,,,,,,,,,,,,,,,,,,,,,,,,,,,,,,,,,,,,,,,,,,,,,,,,,,,,,,,,,,,,,,,,,,,,,,,,,,,,,,PNCINFRA_data,,2026-09-08
MACD_Hist_Rising,MACD_Hist_Rising,single,180,momentum,Bullish,,,,,,,,,,,,,,,,,,0.7889,0.00804,-0.03983,-0.00207,-0.047168,2.062,-0.00159,-0.00687,0.4444,1.264,0.0796,-0.003587,178.0,0.00768,0.0122,0.01758,-0.505664,,,,,,,,,,,,,,,,,,-0.003128,-0.080378,0.787,1.96,0.9944,-0.814372,5,-0.505664,-0.00978,0.4574,0.0796,0,1,-0.00752,0.00768,0.0122,0.01758,0.87651,0,0.7889,0.0123,-0.06826,-0.004708,-0.124264,1.771,-0.00455,-0.01303,0.4833,1.788,0.0644,-0.009223,178.0,0.00878,0.01752,0.02578,-1.144363,0.7833,0.01998,-0.08428,-0.002606,-0.069701,2.046,-0.00286,-0.00944,0.4444,2.19,0.0381,-0.009749,178.0,0.00887,0.01918,0.03377,-0.741318,,,,,,,,,,,,,,,,,,,,,,,,,,,,,,,,,,,,,,,,,,,,,,,,,,,,PNCINFRA_data,,2026-09-08
RSI_Exit_Oversold,RSI_Exit_Oversold,single,22,mean_rev,Bullish,0.6364,0.00172,-0.03444,-0.011429,-0.273356,0.567,-0.01171,-0.01139,0.5,1.102,0.389,-0.010663,22.0,0.00403,0.00604,0.00751,-0.857105,0.6364,0.00324,-0.03925,-0.012211,-0.251646,0.707,-0.01217,-0.00757,0.5909,1.423,0.2305,-0.012852,22.0,0.00403,0.0071,0.00988,-0.789034,0.6818,0.00601,-0.0624,-0.01576,-0.336002,0.719,-0.01617,-0.01011,0.5455,1.684,0.2548,-0.016487,22.0,0.00703,0.00929,0.01827,-1.053533,-0.013133,-0.287001,0.6515,0.664,0.9545,-0.858986,5,-0.789034,-0.00969,0.5455,0.389,0,1,-0.013334,0.00403,0.0071,0.00988,0.97342,0,,,,,,,,,,,,,,,,,,,,,,,,,,,,,,,,,,,,,,,,,,,,,,,,,,,,,,,,,,,,,,,,,,,,,,,,,,,,,,,,,,,,,,PNCINFRA_data,,2026-09-08
Stoch_Bull_Zone + CMF_Positive,Stoch_Bull_Zone + CMF_Positive,combo_2,53,momentum,Bullish,,,,,,,,,,,,,,,,,,0.8679,0.01445,-0.05227,0.005634,0.146917,3.073,0.00647,0.00851,0.5094,1.397,0.1476,-0.00076,53.0,0.01211,0.02164,0.02596,1.80093,,,,,,,,,,,,,,,,,,-0.003769,-0.101348,0.8428,2.217,0.9623,-0.862317,5,1.80093,-0.00313,0.4969,0.1834,0,1,-0.01173,0.01211,0.02164,0.02596,0.2185,0,0.8302,0.0047,-0.06525,-0.007176,-0.189385,1.879,-0.00569,-0.00733,0.4906,1.976,0.1834,-0.013722,53.0,0.01558,0.02439,0.02964,-1.419295,0.8302,0.00552,-0.08448,-0.009765,-0.261577,1.698,-0.00992,-0.01058,0.4906,2.42,0.1438,-0.020707,53.0,0.01673,0.02576,0.03206,-1.771893,,,,,,,,,,,,,,,,,,,,,,,,,,,,,,,,,,,,,,,,,,,,,,,,,,,,PNCINFRA_data,,2026-09-08
MACD_Cross_Up_Event + VWAP_Bull,MACD_Cross_Up_Event + VWAP_Bull,combo_2,32,momentum,Bullish,,,,,,,,,,,,,,,,,,0.7188,0.02748,-0.04634,0.006717,0.246326,2.225,0.00719,0.00206,0.4688,1.212,0.2,0.003116,32.0,0.0071,0.00894,0.01003,1.916593,,,,,,,,,,,,,,,,,,-0.005969,-0.159496,0.7292,1.713,0.9062,-0.865569,5,1.916593,-0.00149,0.5208,0.2024,0,1,-0.010231,0.0071,0.00894,0.01003,0.8617,0,0.6875,0.01885,-0.0658,-0.007602,-0.131119,1.558,-0.00878,-0.00514,0.5,1.714,0.1843,-0.013339,32.0,0.0071,0.00894,0.0143,-0.714109,0.7812,0.00766,-0.10518,-0.017023,-0.593693,1.355,-0.01674,-0.0014,0.5938,2.099,0.2024,-0.02047,32.0,0.00887,0.01908,0.03422,-2.812918,,,,,,,,,,,,,,,,,,,,,,,,,,,,,,,,,,,,,,,,,,,,,,,,,,,,PNCINFRA_data,,2026-09-08
MACD_Hist_Rising + Stoch_Cross_Up,MACD_Hist_Rising + Stoch_Cross_Up,combo_2,114,momentum,Bullish,,,,,,,,,,,,,,,,,,0.7982,0.01291,-0.04316,0.001594,0.091834,2.483,0.00171,-0.00591,0.4474,1.264,0.1073,-0.000437,114.0,0.00655,0.01084,0.01829,1.082066,,,,,,,,,,,,,,,,,,-0.003787,-0.096487,0.7982,2.227,0.9649,-0.983839,5,1.082066,-0.01135,0.462,0.1073,0,1,-0.008035,0.00655,0.01084,0.01829,0.71196,0,0.8158,0.00738,-0.0635,-0.005678,-0.152983,2.254,-0.00784,-0.01228,0.4737,1.788,0.063,-0.009828,114.0,0.00882,0.01818,0.02647,-1.636173,0.7807,0.01504,-0.08672,-0.007276,-0.228313,1.944,-0.00766,-0.01587,0.4649,2.189,0.0608,-0.01384,114.0,0.00882,0.01908,0.03158,-2.105997,,,,,,,,,,,,,,,,,,,,,,,,,,,,,,,,,,,,,,,,,,,,,,,,,,,,PNCINFRA_data,,2026-09-08
MACD_Hist_Rising + OBV_Rising,MACD_Hist_Rising + OBV_Rising,combo_2,256,momentum,Bullish,,,,,,,,,,,,,,,,,,0.8125,0.0084,-0.04225,-0.001097,-0.040768,2.351,-0.00137,-0.00432,0.4648,1.284,0.0524,-0.003222,253.0,0.00765,0.01228,0.01841,-0.531829,,,,,,,,,,,,,,,,,,-0.001934,-0.083198,0.8073,2.223,0.9922,-1.018475,5,-0.531829,-0.00648,0.4596,0.0524,0,1,-0.006873,0.00765,0.01228,0.01841,0.62614,0,0.8047,0.0138,-0.06615,-0.001811,-0.074829,2.185,-0.00272,-0.00668,0.4648,1.816,0.0414,-0.007455,253.0,0.0096,0.01876,0.027,-0.90745,0.8047,0.01734,-0.08624,-0.002894,-0.133998,2.134,-0.00367,-0.00843,0.4492,2.225,0.0279,-0.009943,253.0,0.01081,0.01988,0.03374,-1.586754,,,,,,,,,,,,,,,,,,,,,,,,,,,,,,,,,,,,,,,,,,,,,,,,,,,,PNCINFRA_data,,2026-09-08
CCI_Oversold,CCI_Oversold,single,66,mean_rev,Bullish,0.7273,0.00627,-0.04084,-0.006581,-0.150755,1.193,-0.00574,-0.00907,0.4697,1.042,0.1945,-0.004542,66.0,0.00226,0.00845,0.01541,-0.756114,0.803,-9e-05,-0.04171,-0.008284,-0.16985,1.967,-0.00679,-0.00751,0.5152,1.345,0.2053,-0.007127,66.0,0.00467,0.01465,0.02032,-1.405055,0.8333,0.00325,-0.05185,-0.005932,-0.123701,2.35,-0.00454,-0.00839,0.4697,1.592,0.1641,-0.005035,66.0,0.00748,0.01913,0.02753,-1.222169,-0.006933,-0.148102,0.7879,1.837,0.8939,-1.022431,3,-0.756114,-0.00832,0.4848,0.2053,0,1,-0.005568,0.00226,0.00845,0.01541,0.50557,0,,,,,,,,,,,,,,,,,,,,,,,,,,,,,,,,,,,,,,,,,,,,,,,,,,,,,,,,,,,,,,,,,,,,,,,,,,,,,,,,,,,,,,PNCINFRA_data,,2026-09-08
RSI_Bull_Momentum + MACD_Zero_Cross_Up,RSI_Bull_Momentum + MACD_Zero_Cross_Up,combo_2,23,momentum,Bullish,,,,,,,,,,,,,,,,,,0.7826,0.00989,-0.07648,-0.008886,-0.286727,1.04,-0.01195,-0.00239,0.5652,1.227,0.3606,-0.008492,23.0,0.00523,0.0092,0.01665,-0.947523,,,,,,,,,,,,,,,,,,-0.010952,-0.29226,0.8116,1.152,0.9565,-1.023427,15,-0.83144,-0.00328,0.5507,0.3606,0,1,-0.008915,0.01156,0.03413,0.04065,0.64767,0,0.8261,0.00782,-0.12683,-0.015602,-0.395084,1.074,-0.01629,0.00198,0.6087,1.735,0.3264,-0.010417,23.0,0.01156,0.03397,0.03703,-1.348714,0.8261,0.0154,-0.12128,-0.008369,-0.19497,1.342,-0.01109,-0.00944,0.4783,2.125,0.2114,-0.007836,23.0,0.01156,0.03413,0.04065,-0.83144,,,,,,,,,,,,,,,,,,,,,,,,,,,,,,,,,,,,,,,,,,,,,,,,,,,,PNCINFRA_data,,2026-09-08
MACD_Zero_Cross_Up,MACD_Zero_Cross_Up,single,23,momentum,Bullish,,,,,,,,,,,,,,,,,,0.7826,0.00989,-0.07648,-0.008886,-0.286727,1.04,-0.01195,-0.00239,0.5652,1.227,0.3606,-0.008492,23.0,0.00523,0.0092,0.01665,-0.947523,,,,,,,,,,,,,,,,,,-0.010952,-0.29226,0.8116,1.152,0.9565,-1.023427,15,-0.83144,-0.00328,0.5507,0.3606,0,1,-0.008915,0.01156,0.03413,0.04065,0.64767,0,0.8261,0.00782,-0.12683,-0.015602,-0.395084,1.074,-0.01629,0.00198,0.6087,1.735,0.3264,-0.010417,23.0,0.01156,0.03397,0.03703,-1.348714,0.8261,0.0154,-0.12128,-0.008369,-0.19497,1.342,-0.01109,-0.00944,0.4783,2.125,0.2114,-0.007836,23.0,0.01156,0.03413,0.04065,-0.83144,,,,,,,,,,,,,,,,,,,,,,,,,,,,,,,,,,,,,,,,,,,,,,,,,,,,PNCINFRA_data,,2026-09-08
Price_Above_SMA50 + MACD_Zero_Cross_Up,Price_Above_SMA50 + MACD_Zero_Cross_Up,combo_2,19,trend,Bullish,,,,,,,,,,,,,,,,,,,,,,,,,,,,,,,,,,,,,,,,,,,,,,,,,,,,-0.010479,-0.22753,0.8421,1.547,1.0,-1.054554,30,-0.122047,0.00545,0.5789,0.3309,0,1,-0.011568,0.01383,0.04658,0.08334,0.60526,0,0.8421,0.01023,-0.15627,-0.016059,-0.377847,1.166,-0.01674,0.00963,0.5789,1.761,0.3309,-0.011842,19.0,0.01383,0.03554,0.03843,-1.31992,,,,,,,,,,,,,,,,,,0.8421,0.01229,-0.13383,-0.01078,-0.287774,1.074,-0.01483,0.01468,0.6842,2.49,0.2075,-0.014253,19.0,0.01383,0.04065,0.04757,-0.926172,0.8421,0.01504,-0.10933,-0.004599,-0.016968,2.401,-0.00786,-0.00795,0.4737,3.049,0.2538,-0.00861,19.0,0.01383,0.04658,0.08334,-0.122047,,,,,,,,,,,,,,,,,,PNCINFRA_data,,2026-09-08
Price_Above_SMA20 + MACD_Cross_Up_Event,Price_Above_SMA20 + MACD_Cross_Up_Event,combo_2,39,momentum,Bullish,,,,,,,,,,,,,,,,,,0.7179,0.02463,-0.03738,0.00714,0.190468,2.733,0.00769,-0.00587,0.4103,1.152,0.1651,0.00382,39.0,0.00595,0.00852,0.01005,1.920595,,,,,,,,,,,,,,,,,,-0.003295,-0.12921,0.7521,2.415,0.9231,-1.062748,5,1.920595,-0.00769,0.4701,0.1651,0,1,-0.00433,0.00595,0.00852,0.01005,0.82549,0,0.7436,0.01176,-0.04727,-0.003376,-0.073172,2.491,-0.00467,-0.01016,0.4872,1.629,0.1601,-0.005666,39.0,0.00775,0.00925,0.02791,-0.672251,0.7949,0.00475,-0.08496,-0.01365,-0.504926,2.022,-0.01336,-0.00705,0.5128,1.995,0.1475,-0.011144,39.0,0.00863,0.02863,0.03874,-3.766917,,,,,,,,,,,,,,,,,,,,,,,,,,,,,,,,,,,,,,,,,,,,,,,,,,,,PNCINFRA_data,,2026-09-08
Golden_Cross_State + Stoch_Cross_Up,Golden_Cross_State + Stoch_Cross_Up,combo_2,78,trend,Bullish,,,,,,,,,,,,,,,,,,,,,,,,,,,,,,,,,,,,,,,,,,,,,,,,,,,,-0.004829,-0.134645,0.7906,1.923,0.9487,-1.073363,10,0.210726,0.00578,0.5385,0.1184,0,1,-0.014173,0.01117,0.01883,0.02665,0.68578,0,0.8205,0.01346,-0.07077,-0.00166,0.02243,2.15,-0.0028,0.00529,0.5641,1.763,0.1184,-0.006655,78.0,0.01117,0.01883,0.02665,0.210726,,,,,,,,,,,,,,,,,,0.7692,0.01494,-0.10094,-0.011802,-0.337252,1.562,-0.01197,-0.00645,0.5256,2.494,0.085,-0.019488,78.0,0.01396,0.02247,0.0345,-2.302115,0.7821,0.03208,-0.11982,-0.001024,-0.089113,2.057,-0.0012,0.01849,0.5256,3.054,0.0662,-0.016374,78.0,0.01969,0.02847,0.05251,-0.800865,,,,,,,,,,,,,,,,,,PNCINFRA_data,,2026-09-08
Price_Above_SMA20 + MACD_Zero_Cross_Up,Price_Above_SMA20 + MACD_Zero_Cross_Up,combo_2,22,momentum,Bullish,,,,,,,,,,,,,,,,,,0.8182,0.00998,-0.09647,-0.009379,-0.30277,1.034,-0.01243,-0.00284,0.5455,1.21,0.3606,-0.008121,22.0,0.00522,0.01146,0.01787,-0.981951,,,,,,,,,,,,,,,,,,-0.0137,-0.354162,0.8182,1.051,1.0,-1.167463,5,-0.981951,-0.00537,0.5455,0.3721,0,1,-0.010459,0.00522,0.01146,0.01787,0.6257,0,0.8182,0.00427,-0.12762,-0.019713,-0.4854,0.927,-0.02037,-0.00093,0.5909,1.711,0.3721,-0.012952,22.0,0.01089,0.03353,0.03636,-1.52197,0.8182,0.01248,-0.12222,-0.012009,-0.274315,1.193,-0.01472,-0.01233,0.5,2.096,0.2355,-0.010304,22.0,0.01089,0.03361,0.03929,-1.025686,,,,,,,,,,,,,,,,,,,,,,,,,,,,,,,,,,,,,,,,,,,,,,,,,,,,PNCINFRA_data,,2026-09-08
MACD_Bullish_State + Stoch_Bull_Zone,MACD_Bullish_State + Stoch_Bull_Zone,combo_2,97,momentum,Bullish,,,,,,,,,,,,,,,,,,0.8144,0.0151,-0.04606,0.003753,0.074759,2.463,0.00224,-0.00382,0.4433,1.215,0.0907,0.001199,97.0,0.00752,0.01143,0.02318,0.84418,,,,,,,,,,,,,,,,,,-0.002066,-0.117565,0.8385,2.363,0.9278,-1.181815,5,0.84418,-0.0059,0.4948,0.1078,0,1,-0.00485,0.00752,0.01143,0.02318,0.10262,0,0.8144,0.01263,-0.06225,-0.001262,-0.043609,2.302,-0.00309,-0.00714,0.4948,1.719,0.1078,-0.004755,97.0,0.00909,0.02285,0.02861,-0.460243,0.8866,0.00446,-0.11152,-0.008689,-0.383846,2.324,-0.00899,-0.00675,0.5464,2.105,0.0887,-0.010995,97.0,0.01381,0.02725,0.03538,-4.090655,,,,,,,,,,,,,,,,,,,,,,,,,,,,,,,,,,,,,,,,,,,,,,,,,,,,PNCINFRA_data,,2026-09-08
MACD_Hist_Positive + Stoch_Bull_Zone,MACD_Hist_Positive + Stoch_Bull_Zone,combo_2,97,momentum,Bullish,,,,,,,,,,,,,,,,,,0.8144,0.0151,-0.04606,0.003753,0.074759,2.463,0.00224,-0.00382,0.4433,1.215,0.0907,0.001199,97.0,0.00752,0.01143,0.02318,0.84418,,,,,,,,,,,,,,,,,,-0.002066,-0.117565,0.8385,2.363,0.9278,-1.181815,5,0.84418,-0.0059,0.4948,0.1078,0,1,-0.00485,0.00752,0.01143,0.02318,0.10262,0,0.8144,0.01263,-0.06225,-0.001262,-0.043609,2.302,-0.00309,-0.00714,0.4948,1.719,0.1078,-0.004755,97.0,0.00909,0.02285,0.02861,-0.460243,0.8866,0.00446,-0.11152,-0.008689,-0.383846,2.324,-0.00899,-0.00675,0.5464,2.105,0.0887,-0.010995,97.0,0.01381,0.02725,0.03538,-4.090655,,,,,,,,,,,,,,,,,,,,,,,,,,,,,,,,,,,,,,,,,,,,,,,,,,,,PNCINFRA_data,,2026-09-08
OBV_Trend_Bull + CCI_Exit_Oversold,OBV_Trend_Bull + CCI_Exit_Oversold,combo_2,33,momentum,Bullish,,,,,,,,,,,,,,,,,,0.7273,0.01342,-0.05811,-0.006086,-0.098054,1.231,-0.00684,-0.01037,0.4545,1.331,0.2249,-0.003339,33.0,0.00702,0.00934,0.01344,-0.42558,,,,,,,,,,,,,,,,,,-0.0086,-0.245432,0.697,1.468,0.9394,-1.193561,5,-0.42558,-0.01286,0.4343,0.2615,0,1,-0.010641,0.00702,0.00934,0.01344,0.93727,0,0.6667,0.01706,-0.05519,-0.007026,-0.169672,1.32,-0.0083,-0.01489,0.3939,1.882,0.2615,-0.009802,33.0,0.00795,0.01305,0.01779,-0.790051,0.697,0.00928,-0.0632,-0.012687,-0.468571,1.853,-0.01179,-0.01333,0.4545,2.305,0.213,-0.018782,33.0,0.00795,0.01503,0.02176,-3.061609,,,,,,,,,,,,,,,,,,,,,,,,,,,,,,,,,,,,,,,,,,,,,,,,,,,,PNCINFRA_data,,2026-09-08
Golden_Cross_State + Stoch_Oversold,Golden_Cross_State + Stoch_Oversold,combo_2,32,trend,Bullish,,,,,,,,,,,,,,,,,,,,,,,,,,,,,,,,,,,,,,,,,,,,,,,,,,,,-0.005931,-0.173192,0.7604,2.114,0.9375,-1.199932,10,-0.464538,-0.00115,0.5417,0.1927,0,1,-0.015009,0.01093,0.0168,0.02951,0.89304,0,0.7188,0.01083,-0.03935,-0.003287,-0.073966,1.796,-0.00267,0.00489,0.625,1.913,0.1927,-0.006683,32.0,0.01093,0.0168,0.02951,-0.464538,,,,,,,,,,,,,,,,,,0.7812,0.00597,-0.08532,-0.014003,-0.382854,1.79,-0.01575,-0.02955,0.4688,2.705,0.1397,-0.023105,32.0,0.01525,0.02119,0.05208,-2.396779,0.7812,0.02349,-0.08619,-0.000503,-0.062755,2.754,0.00108,0.02121,0.5312,3.313,0.1535,-0.015239,32.0,0.01655,0.03553,0.0591,-0.604332,,,,,,,,,,,,,,,,,,PNCINFRA_data,,2026-09-08
Price_Above_EMA200 + CDL_Harami_Bull,Price_Above_EMA200 + CDL_Harami_Bull,combo_2,31,trend,Bullish,,,,,,,,,,,,,,,,,,,,,,,,,,,,,,,,,,,,,,,,,,,,,,,,,,,,-0.009015,-0.190862,0.7957,1.942,0.9355,-1.201424,10,-0.556396,-0.01046,0.4839,0.2549,0,1,-0.014993,0.01421,0.02179,0.03247,0.65715,0,0.7742,0.01064,-0.06166,-0.005684,-0.092612,1.733,-0.00591,-0.00966,0.4516,1.843,0.2018,-0.005338,31.0,0.01421,0.02179,0.03247,-0.556396,,,,,,,,,,,,,,,,,,0.8387,0.0031,-0.11105,-0.015311,-0.323471,1.843,-0.01349,-0.02736,0.4516,2.607,0.2549,-0.020277,31.0,0.01528,0.02663,0.03855,-2.066158,0.7742,0.01957,-0.09389,-0.006052,-0.156502,2.248,-0.00657,0.00562,0.5484,3.193,0.1641,-0.019364,31.0,0.01528,0.03247,0.04037,-1.219352,,,,,,,,,,,,,,,,,,PNCINFRA_data,,2026-09-08
OBV_Rising + OBV_Trend_Bull,OBV_Rising + OBV_Trend_Bull,combo_2,261,momentum,Bullish,,,,,,,,,,,,,,,,,,0.8123,0.00757,-0.04904,-0.003058,-0.088945,2.024,-0.00263,-0.00709,0.4713,1.256,0.0683,-0.003918,261.0,0.00768,0.01228,0.01849,-1.002489,,,,,,,,,,,,,,,,,,-0.004707,-0.109179,0.8135,2.049,0.9732,-1.212185,5,-1.002489,-0.00827,0.4777,0.0683,0,1,-0.006464,0.00768,0.01228,0.01849,0.63098,0,0.8008,0.00955,-0.06126,-0.004559,-0.097487,1.943,-0.00491,-0.00714,0.4904,1.776,0.06,-0.006693,261.0,0.00899,0.01856,0.02939,-1.054924,0.8276,0.00847,-0.07838,-0.006504,-0.141105,2.179,-0.007,-0.01058,0.4713,2.175,0.0378,-0.00878,261.0,0.01163,0.02458,0.0375,-1.712177,,,,,,,,,,,,,,,,,,,,,,,,,,,,,,,,,,,,,,,,,,,,,,,,,,,,PNCINFRA_data,,2026-09-08
Stoch_Cross_Up + CMF_Positive,Stoch_Cross_Up + CMF_Positive,combo_2,40,momentum,Bullish,,,,,,,,,,,,,,,,,,0.825,0.00561,-0.0609,-0.006032,-0.114669,1.302,-0.00418,-0.00053,0.6,1.418,0.2741,-0.01058,40.0,0.01123,0.01887,0.02488,-0.554393,,,,,,,,,,,,,,,,,,-0.012526,-0.294132,0.7833,1.263,0.925,-1.27628,5,-0.554393,-0.01654,0.4917,0.2828,0,1,-0.015381,0.01123,0.01887,0.02488,0.54841,0,0.775,0.0032,-0.06841,-0.012912,-0.310908,1.452,-0.0122,-0.02047,0.425,2.005,0.2828,-0.013662,40.0,0.01123,0.02063,0.02645,-1.675931,0.75,0.00267,-0.08254,-0.018632,-0.456819,1.036,-0.01837,-0.02864,0.45,2.455,0.2372,-0.021902,40.0,0.01123,0.02063,0.02645,-1.757719,,,,,,,,,,,,,,,,,,,,,,,,,,,,,,,,,,,,,,,,,,,,,,,,,,,,PNCINFRA_data,,2026-09-08
BB_Lower_Bounce + OBV_Rising,BB_Lower_Bounce + OBV_Rising,combo_2,35,momentum,Bullish,,,,,,,,,,,,,,,,,,0.7429,0.01178,-0.03729,-0.000835,-0.157863,1.816,-0.00053,-0.00368,0.4857,1.372,0.1882,-0.003867,35.0,0.00557,0.00811,0.01443,-1.027524,,,,,,,,,,,,,,,,,,0.002841,-0.157282,0.781,2.493,0.9429,-1.324566,15,-0.734177,-0.00559,0.4571,0.1882,0,1,-0.005658,0.00808,0.01871,0.0407,0.76594,0,0.8,0.01649,-0.05895,0.0014,-0.25185,2.364,-0.00031,0.00298,0.5143,1.94,0.1879,-0.008367,35.0,0.00784,0.01379,0.03613,-2.133352,0.8,0.02602,-0.06431,0.007958,-0.062132,3.297,0.0073,-0.01608,0.3714,2.376,0.1708,-0.004739,35.0,0.00808,0.01871,0.0407,-0.734177,,,,,,,,,,,,,,,,,,,,,,,,,,,,,,,,,,,,,,,,,,,,,,,,,,,,PNCINFRA_data,,2026-09-08
CCI_Oversold + Williams_Oversold,CCI_Oversold + Williams_Oversold,combo_2,69,mean_rev,Bullish,0.7391,0.00535,-0.04091,-0.006719,-0.193878,1.161,-0.0073,-0.00687,0.4928,1.025,0.1041,-0.003594,69.0,0.00439,0.00854,0.01526,-0.95591,0.7971,-0.00184,-0.04718,-0.011038,-0.286366,1.305,-0.0111,-0.00613,0.5362,1.324,0.1029,-0.009546,69.0,0.00618,0.01379,0.01992,-1.588282,0.8116,-0.00028,-0.05564,-0.010713,-0.317748,1.418,-0.01062,-0.00859,0.5507,1.566,0.1076,-0.010519,69.0,0.00819,0.01658,0.02582,-1.913713,-0.00949,-0.265997,0.7826,1.295,0.9275,-1.356934,3,-0.95591,-0.0072,0.5266,0.1076,0,1,-0.007887,0.00439,0.00854,0.01526,0.68626,0,,,,,,,,,,,,,,,,,,,,,,,,,,,,,,,,,,,,,,,,,,,,,,,,,,,,,,,,,,,,,,,,,,,,,,,,,,,,,,,,,,,,,,PNCINFRA_data,,2026-09-08
BB_Lower_Bounce + Stoch_Cross_Up,BB_Lower_Bounce + Stoch_Cross_Up,combo_2,20,mean_rev,Bullish,0.85,-0.00049,-0.02459,-0.004104,-0.23706,3.161,-0.00373,-0.00196,0.55,1.099,0.2366,-0.008018,20.0,0.00739,0.00903,0.01371,-2.281317,0.75,0.00755,-0.03383,-0.002798,-0.185958,2.041,-0.00172,-0.00845,0.4,1.419,0.3293,-0.010051,20.0,0.00763,0.00911,0.01371,-1.155749,0.75,0.01491,-0.05478,-0.002515,-0.267464,1.674,-0.00087,0.00217,0.55,1.679,0.3431,-0.012369,20.0,0.00808,0.01235,0.02846,-1.36283,-0.003139,-0.230161,0.7833,2.292,0.9,-1.445445,5,-1.155749,-0.00275,0.5,0.3431,0,1,-0.010146,0.00763,0.00911,0.01371,0.48056,0,,,,,,,,,,,,,,,,,,,,,,,,,,,,,,,,,,,,,,,,,,,,,,,,,,,,,,,,,,,,,,,,,,,,,,,,,,,,,,,,,,,,,,PNCINFRA_data,,2026-09-08
MACD_Cross_Up_Event + Stoch_Cross_Up,MACD_Cross_Up_Event + Stoch_Cross_Up,combo_2,16,momentum,Bullish,,,,,,,,,,,,,,,,,,0.75,0.0236,-0.0247,0.011529,0.272477,4.981,0.01203,0.00502,0.4375,1.194,0.371,0.005436,16.0,0.00752,0.00996,0.01375,3.845532,,,,,,,,,,,,,,,,,,0.000461,-0.118069,0.7917,4.671,0.9375,-1.464808,10,6.111976,-0.00591,0.4583,0.3974,0,1,-0.002713,0.01628,0.02537,0.03685,0.71589,0,0.8125,0.02125,-0.02185,0.01317,0.296029,7.287,0.01286,0.01017,0.4375,1.689,0.2562,0.008868,16.0,0.01628,0.02537,0.03685,6.111976,0.8125,-0.00624,-0.0973,-0.023315,-0.922714,1.744,-0.02385,-0.03292,0.5,2.068,0.3974,-0.022443,16.0,0.01709,0.0348,0.03685,-4.558786,,,,,,,,,,,,,,,,,,,,,,,,,,,,,,,,,,,,,,,,,,,,,,,,,,,,PNCINFRA_data,,2026-09-08
Stoch_Bull_Zone + Williams_Oversold,Stoch_Bull_Zone + Williams_Oversold,combo_2,45,momentum,Bullish,,,,,,,,,,,,,,,,,,0.8222,0.00662,-0.03298,-0.00042,0.021348,2.807,-0.00055,0.00412,0.5111,1.313,0.1039,-0.001271,45.0,0.00713,0.01549,0.02354,0.229382,,,,,,,,,,,,,,,,,,-0.007083,-0.170346,0.7926,2.392,0.9556,-1.490974,5,0.229382,-0.01011,0.4667,0.1917,0,1,-0.011291,0.00713,0.01549,0.02354,0.55891,0,0.7778,0.00594,-0.06087,-0.008907,-0.221478,1.691,-0.00839,-0.01476,0.4667,1.857,0.1917,-0.013027,45.0,0.00832,0.01961,0.03015,-1.434244,0.7778,-0.00158,-0.04812,-0.011922,-0.310908,2.679,-0.01322,-0.01969,0.4222,2.274,0.1192,-0.019576,45.0,0.00832,0.02038,0.03965,-3.189359,,,,,,,,,,,,,,,,,,,,,,,,,,,,,,,,,,,,,,,,,,,,,,,,,,,,PNCINFRA_data,,2026-09-08
MACD_Hist_Positive + MACD_Hist_Rising,MACD_Hist_Positive + MACD_Hist_Rising,combo_2,117,momentum,Bullish,,,,,,,,,,,,,,,,,,0.735,0.00688,-0.0385,-0.005143,-0.161686,1.56,-0.00475,-0.00982,0.4274,1.212,0.0981,-0.006299,115.0,0.00689,0.00994,0.01294,-1.202996,,,,,,,,,,,,,,,,,,-0.007299,-0.216996,0.7607,1.587,0.9316,-1.530546,5,-1.202996,-0.00995,0.4701,0.101,0,1,-0.010534,0.00689,0.00994,0.01294,0.87044,0,0.7436,0.01089,-0.06496,-0.008556,-0.193062,1.394,-0.00813,-0.01209,0.4786,1.713,0.101,-0.012651,115.0,0.00871,0.01324,0.02341,-1.284175,0.8034,0.01039,-0.08416,-0.008199,-0.296241,1.807,-0.0088,-0.00793,0.5043,2.099,0.0723,-0.012652,115.0,0.00993,0.01883,0.03043,-2.553911,,,,,,,,,,,,,,,,,,,,,,,,,,,,,,,,,,,,,,,,,,,,,,,,,,,,PNCINFRA_data,,2026-09-08
MACD_Bullish_State + MACD_Hist_Rising,MACD_Bullish_State + MACD_Hist_Rising,combo_2,117,momentum,Bullish,,,,,,,,,,,,,,,,,,0.735,0.00688,-0.0385,-0.005143,-0.161686,1.56,-0.00475,-0.00982,0.4274,1.212,0.0981,-0.006299,115.0,0.00689,0.00994,0.01294,-1.202996,,,,,,,,,,,,,,,,,,-0.007299,-0.216996,0.7607,1.587,0.9316,-1.530546,5,-1.202996,-0.00995,0.4701,0.101,0,1,-0.010534,0.00689,0.00994,0.01294,0.87044,0,0.7436,0.01089,-0.06496,-0.008556,-0.193062,1.394,-0.00813,-0.01209,0.4786,1.713,0.101,-0.012651,115.0,0.00871,0.01324,0.02341,-1.284175,0.8034,0.01039,-0.08416,-0.008199,-0.296241,1.807,-0.0088,-0.00793,0.5043,2.099,0.0723,-0.012652,115.0,0.00993,0.01883,0.03043,-2.553911,,,,,,,,,,,,,,,,,,,,,,,,,,,,,,,,,,,,,,,,,,,,,,,,,,,,PNCINFRA_data,,2026-09-08
Stoch_Cross_Up + Stoch_Bull_Zone,Stoch_Cross_Up + Stoch_Bull_Zone,combo_2,130,momentum,Bullish,,,,,,,,,,,,,,,,,,0.8295,0.01176,-0.04603,0.001902,0.086644,2.692,0.00177,-0.00382,0.4651,1.265,0.0985,-9.1e-05,129.0,0.00757,0.01364,0.02038,1.137096,,,,,,,,,,,,,,,,,,-0.006187,-0.156005,0.8114,2.178,0.969,-1.605234,5,1.137096,-0.01069,0.4755,0.0985,0,1,-0.008028,0.00757,0.01364,0.02038,0.40694,0,0.8062,0.00558,-0.06049,-0.007221,-0.181026,2.096,-0.00903,-0.01209,0.4806,1.789,0.0676,-0.008573,129.0,0.00884,0.01967,0.0285,-1.849711,0.7984,0.00529,-0.08666,-0.013241,-0.373632,1.747,-0.01385,-0.01617,0.4806,2.191,0.065,-0.015421,129.0,0.00884,0.02043,0.03462,-3.181527,,,,,,,,,,,,,,,,,,,,,,,,,,,,,,,,,,,,,,,,,,,,,,,,,,,,PNCINFRA_data,,2026-09-08
MACD_Bullish_State + CMF_Positive,MACD_Bullish_State + CMF_Positive,combo_2,32,momentum,Bullish,,,,,,,,,,,,,,,,,,0.7812,0.00294,-0.0435,-0.007217,-0.21442,1.723,-0.00731,-0.01366,0.4688,1.332,0.1648,-0.014079,32.0,0.01096,0.01286,0.02033,-1.291797,,,,,,,,,,,,,,,,,,-0.011281,-0.309296,0.8125,1.666,0.9375,-1.689462,5,-1.291797,-0.00501,0.5312,0.2405,0,1,-0.018073,0.01096,0.01286,0.02033,0.57026,0,0.8125,0.00277,-0.04873,-0.006889,-0.181384,2.264,-0.00683,0.00641,0.5938,1.884,0.1395,-0.013776,32.0,0.01145,0.02571,0.03075,-1.435913,0.8438,-0.00657,-0.09082,-0.019736,-0.532083,1.012,-0.01984,-0.00779,0.5312,2.307,0.2405,-0.026362,32.0,0.01291,0.02781,0.03744,-1.882657,,,,,,,,,,,,,,,,,,,,,,,,,,,,,,,,,,,,,,,,,,,,,,,,,,,,PNCINFRA_data,,2026-09-08
MACD_Hist_Positive + CMF_Positive,MACD_Hist_Positive + CMF_Positive,combo_2,32,momentum,Bullish,,,,,,,,,,,,,,,,,,0.7812,0.00294,-0.0435,-0.007217,-0.21442,1.723,-0.00731,-0.01366,0.4688,1.332,0.1648,-0.014079,32.0,0.01096,0.01286,0.02033,-1.291797,,,,,,,,,,,,,,,,,,-0.011281,-0.309296,0.8125,1.666,0.9375,-1.689462,5,-1.291797,-0.00501,0.5312,0.2405,0,1,-0.018073,0.01096,0.01286,0.02033,0.57026,0,0.8125,0.00277,-0.04873,-0.006889,-0.181384,2.264,-0.00683,0.00641,0.5938,1.884,0.1395,-0.013776,32.0,0.01145,0.02571,0.03075,-1.435913,0.8438,-0.00657,-0.09082,-0.019736,-0.532083,1.012,-0.01984,-0.00779,0.5312,2.307,0.2405,-0.026362,32.0,0.01291,0.02781,0.03744,-1.882657,,,,,,,,,,,,,,,,,,,,,,,,,,,,,,,,,,,,,,,,,,,,,,,,,,,,PNCINFRA_data,,2026-09-08
MACD_Hist_Rising + CMF_Positive,MACD_Hist_Rising + CMF_Positive,combo_2,64,momentum,Bullish,,,,,,,,,,,,,,,,,,0.75,0.00658,-0.04144,-0.005423,-0.127319,1.528,-0.0054,-0.00719,0.4531,1.382,0.1161,-0.01056,64.0,0.00866,0.01402,0.01958,-0.812322,,,,,,,,,,,,,,,,,,-0.015814,-0.402248,0.75,1.074,0.9688,-1.74645,5,-0.812322,-0.01623,0.4948,0.1551,0,1,-0.024022,0.00866,0.01402,0.01958,0.93991,0,0.7344,-0.00418,-0.07038,-0.021766,-0.54422,0.765,-0.02222,-0.0206,0.5312,1.955,0.1551,-0.030752,64.0,0.00866,0.01779,0.02316,-2.271785,0.7656,0.00169,-0.09192,-0.020252,-0.535206,0.928,-0.02023,-0.02089,0.5,2.395,0.1291,-0.030754,64.0,0.01129,0.01955,0.02647,-2.234159,,,,,,,,,,,,,,,,,,,,,,,,,,,,,,,,,,,,,,,,,,,,,,,,,,,,PNCINFRA_data,,2026-09-08
MACD_Cross_Up_Event + Stoch_Bull_Zone,MACD_Cross_Up_Event + Stoch_Bull_Zone,combo_2,42,momentum,Bullish,,,,,,,,,,,,,,,,,,0.7143,0.02543,-0.04356,0.00572,0.092652,2.221,0.00619,-0.00965,0.4048,1.185,0.1597,0.00257,42.0,0.00686,0.00894,0.01003,0.774025,,,,,,,,,,,,,,,,,,-0.002999,-0.237013,0.7698,2.298,0.8571,-1.755652,5,0.774025,-0.0127,0.4524,0.2141,0,1,-0.006627,0.00686,0.00894,0.01003,0.45424,0,0.7381,0.01573,-0.05221,-0.002064,-0.170865,2.219,-0.0029,-0.01425,0.4524,1.676,0.2141,-0.006694,42.0,0.00795,0.01053,0.02379,-1.425863,0.8571,0.00219,-0.10173,-0.012654,-0.632827,2.453,-0.01266,-0.01419,0.5,2.052,0.1684,-0.015758,42.0,0.01007,0.02608,0.03557,-5.839006,,,,,,,,,,,,,,,,,,,,,,,,,,,,,,,,,,,,,,,,,,,,,,,,,,,,PNCINFRA_data,,2026-09-08
Price_Above_EMA200 + Stoch_Cross_Up,Price_Above_EMA200 + Stoch_Cross_Up,combo_2,68,trend,Bullish,,,,,,,,,,,,,,,,,,,,,,,,,,,,,,,,,,,,,,,,,,,,,,,,,,,,-0.012138,-0.299942,0.7402,1.525,0.9118,-1.765827,10,-0.783852,-0.0219,0.4657,0.148,0,1,-0.017455,0.01046,0.0168,0.02234,0.85239,0,0.7941,0.00791,-0.0665,-0.007413,-0.101708,1.82,-0.00884,-0.0094,0.5,1.711,0.148,-0.00807,68.0,0.01046,0.0168,0.02234,-0.783852,,,,,,,,,,,,,,,,,,0.7059,0.01546,-0.09624,-0.017394,-0.459792,1.172,-0.01852,-0.02579,0.4559,2.419,0.1076,-0.02109,68.0,0.01117,0.01883,0.02665,-2.281239,0.7206,0.02725,-0.11182,-0.011607,-0.338328,1.583,-0.01221,-0.03049,0.4412,2.963,0.0824,-0.023206,68.0,0.01533,0.02268,0.03468,-2.267632,,,,,,,,,,,,,,,,,,PNCINFRA_data,,2026-09-08
CMF_Positive + OBV_Rising,CMF_Positive + OBV_Rising,combo_2,104,momentum,Bullish,,,,,,,,,,,,,,,,,,0.7885,0.00148,-0.04292,-0.00791,-0.22224,1.652,-0.00553,-0.01346,0.4615,1.355,0.197,-0.009522,104.0,0.00844,0.01302,0.01859,-1.70909,,,,,,,,,,,,,,,,,,-0.010101,-0.26827,0.7949,1.596,0.9615,-1.916073,5,-1.70909,-0.01381,0.4744,0.197,0,1,-0.014058,0.00844,0.01302,0.01859,0.75635,0,0.7788,0.00174,-0.05174,-0.010085,-0.263408,1.472,-0.00734,-0.01303,0.4904,1.916,0.1842,-0.014071,104.0,0.00961,0.0181,0.02965,-1.80504,0.8173,0.00253,-0.0787,-0.012308,-0.319161,1.663,-0.01086,-0.01495,0.4712,2.346,0.1141,-0.018581,104.0,0.01144,0.02505,0.03938,-2.470679,,,,,,,,,,,,,,,,,,,,,,,,,,,,,,,,,,,,,,,,,,,,,,,,,,,,PNCINFRA_data,,2026-09-08
RSI_Bull_Momentum + CMF_Strong_Bull,RSI_Bull_Momentum + CMF_Strong_Bull,combo_2,26,momentum,Bullish,,,,,,,,,,,,,,,,,,0.8077,0.00113,-0.04829,-0.008377,-0.165851,1.123,-0.00838,-0.00507,0.6154,1.326,0.2064,-0.012708,26.0,0.0119,0.01473,0.02047,-0.614065,,,,,,,,,,,,,,,,,,-0.025556,-0.627165,0.8205,0.922,0.9615,-1.987533,5,-0.614065,-0.02274,0.5385,0.2522,0,1,-0.025369,0.0119,0.01473,0.02047,0.53783,0,0.8462,-0.02273,-0.08052,-0.031621,-0.80049,0.912,-0.03227,-0.04212,0.4615,1.875,0.2256,-0.027575,26.0,0.0157,0.02106,0.02908,-2.638283,0.8077,-0.0242,-0.08905,-0.036669,-0.915156,0.73,-0.03645,-0.02102,0.5385,2.296,0.2522,-0.035823,26.0,0.0157,0.02106,0.03089,-3.016203,,,,,,,,,,,,,,,,,,,,,,,,,,,,,,,,,,,,,,,,,,,,,,,,,,,,PNCINFRA_data,,2026-09-08
MACD_Cross_Up_Event + OBV_Trend_Bull,MACD_Cross_Up_Event + OBV_Trend_Bull,combo_2,45,momentum,Bullish,,,,,,,,,,,,,,,,,,0.6667,0.01553,-0.03737,-0.002103,-0.065094,1.76,-0.00155,-0.01473,0.4222,1.195,0.1868,-0.003514,45.0,0.00539,0.00775,0.00978,-0.438513,,,,,,,,,,,,,,,,,,-0.012752,-0.401541,0.7037,1.424,0.9111,-1.994182,5,-0.438513,-0.01372,0.4963,0.1868,0,1,-0.012805,0.00539,0.00775,0.00978,0.94862,0,0.6889,0.00746,-0.05779,-0.012841,-0.348396,1.286,-0.01403,-0.01121,0.5333,1.69,0.1775,-0.013549,45.0,0.00695,0.00891,0.02344,-1.714871,0.7556,-0.0019,-0.08948,-0.023312,-0.791133,1.226,-0.02303,-0.01523,0.5333,2.07,0.1662,-0.021351,45.0,0.00738,0.01217,0.03233,-3.71334,,,,,,,,,,,,,,,,,,,,,,,,,,,,,,,,,,,,,,,,,,,,,,,,,,,,PNCINFRA_data,,2026-09-08
MACD_Hist_Positive + OBV_Trend_Bull,MACD_Hist_Positive + OBV_Trend_Bull,combo_2,69,momentum,Bullish,,,,,,,,,,,,,,,,,,0.6957,0.01922,-0.03722,0.002041,0.011219,2.037,0.00249,-0.01213,0.4493,1.229,0.116,-0.001672,69.0,0.0056,0.00802,0.01005,0.097101,,,,,,,,,,,,,,,,,,-0.008874,-0.32135,0.744,1.693,0.8986,-2.077333,5,0.097101,-0.00983,0.4928,0.116,0,1,-0.011703,0.0056,0.00802,0.01005,0.85679,0,0.7391,0.01031,-0.0574,-0.007356,-0.242783,1.643,-0.0084,-0.00142,0.5217,1.738,0.1156,-0.012709,69.0,0.00699,0.0115,0.02512,-1.694322,0.7971,-0.00387,-0.08982,-0.021306,-0.732485,1.4,-0.02161,-0.01594,0.5072,2.129,0.1154,-0.020729,69.0,0.00775,0.02346,0.03461,-4.357332,,,,,,,,,,,,,,,,,,,,,,,,,,,,,,,,,,,,,,,,,,,,,,,,,,,,PNCINFRA_data,,2026-09-08
MACD_Bullish_State + OBV_Trend_Bull,MACD_Bullish_State + OBV_Trend_Bull,combo_2,69,momentum,Bullish,,,,,,,,,,,,,,,,,,0.6957,0.01922,-0.03722,0.002041,0.011219,2.037,0.00249,-0.01213,0.4493,1.229,0.116,-0.001672,69.0,0.0056,0.00802,0.01005,0.097101,,,,,,,,,,,,,,,,,,-0.008874,-0.32135,0.744,1.693,0.8986,-2.077333,5,0.097101,-0.00983,0.4928,0.116,0,1,-0.011703,0.0056,0.00802,0.01005,0.85679,0,0.7391,0.01031,-0.0574,-0.007356,-0.242783,1.643,-0.0084,-0.00142,0.5217,1.738,0.1156,-0.012709,69.0,0.00699,0.0115,0.02512,-1.694322,0.7971,-0.00387,-0.08982,-0.021306,-0.732485,1.4,-0.02161,-0.01594,0.5072,2.129,0.1154,-0.020729,69.0,0.00775,0.02346,0.03461,-4.357332,,,,,,,,,,,,,,,,,,,,,,,,,,,,,,,,,,,,,,,,,,,,,,,,,,,,PNCINFRA_data,,2026-09-08
Price_Above_EMA200 + MACD_Bullish_State,Price_Above_EMA200 + MACD_Bullish_State,combo_2,37,trend,Bullish,,,,,,,,,,,,,,,,,,,,,,,,,,,,,,,,,,,,,,,,,,,,,,,,,,,,-0.018592,-0.503279,0.7477,1.266,0.9189,-2.130513,10,-0.743958,-0.01329,0.5315,0.1987,0,1,-0.025351,0.00802,0.01014,0.01737,0.89627,0,0.7027,0.01091,-0.06174,-0.010689,-0.148699,1.375,-0.01165,-0.01016,0.5135,1.594,0.1987,-0.015189,37.0,0.00802,0.01014,0.01737,-0.743958,,,,,,,,,,,,,,,,,,0.7568,0.00809,-0.09867,-0.017875,-0.509749,1.173,-0.01748,-0.0065,0.5676,2.255,0.1529,-0.024875,37.0,0.00888,0.01755,0.03045,-2.174237,0.7838,-0.00425,-0.11044,-0.027211,-0.851388,1.251,-0.0276,-0.02321,0.5135,2.761,0.1343,-0.035988,37.0,0.01128,0.0283,0.04216,-3.875482,,,,,,,,,,,,,,,,,,PNCINFRA_data,,2026-09-08
Price_Above_EMA200 + MACD_Hist_Positive,Price_Above_EMA200 + MACD_Hist_Positive,combo_2,37,trend,Bullish,,,,,,,,,,,,,,,,,,,,,,,,,,,,,,,,,,,,,,,,,,,,,,,,,,,,-0.018592,-0.503279,0.7477,1.266,0.9189,-2.130513,10,-0.743958,-0.01329,0.5315,0.1987,0,1,-0.025351,0.00802,0.01014,0.01737,0.89627,0,0.7027,0.01091,-0.06174,-0.010689,-0.148699,1.375,-0.01165,-0.01016,0.5135,1.594,0.1987,-0.015189,37.0,0.00802,0.01014,0.01737,-0.743958,,,,,,,,,,,,,,,,,,0.7568,0.00809,-0.09867,-0.017875,-0.509749,1.173,-0.01748,-0.0065,0.5676,2.255,0.1529,-0.024875,37.0,0.00888,0.01755,0.03045,-2.174237,0.7838,-0.00425,-0.11044,-0.027211,-0.851388,1.251,-0.0276,-0.02321,0.5135,2.761,0.1343,-0.035988,37.0,0.01128,0.0283,0.04216,-3.875482,,,,,,,,,,,,,,,,,,PNCINFRA_data,,2026-09-08
MACD_Bullish_State + OBV_Rising,MACD_Bullish_State + OBV_Rising,combo_2,186,momentum,Bullish,,,,,,,,,,,,,,,,,,0.7903,0.00338,-0.04181,-0.006097,-0.209997,1.734,-0.00667,-0.00964,0.4731,1.223,0.0633,-0.007049,186.0,0.00688,0.01019,0.01663,-1.904336,,,,,,,,,,,,,,,,,,-0.007046,-0.244611,0.81,1.776,0.9462,-2.150582,10,-1.454201,-0.00675,0.5054,0.0633,0,1,-0.009119,0.00853,0.0177,0.02827,0.42571,0,0.7957,0.00918,-0.06117,-0.005188,-0.157091,1.77,-0.00664,-0.00308,0.5215,1.729,0.0476,-0.008652,186.0,0.00853,0.0177,0.02827,-1.454201,0.8441,0.00494,-0.08994,-0.009854,-0.366745,1.825,-0.01072,-0.00752,0.5215,2.118,0.0473,-0.011656,186.0,0.01029,0.02537,0.03834,-3.501936,,,,,,,,,,,,,,,,,,,,,,,,,,,,,,,,,,,,,,,,,,,,,,,,,,,,PNCINFRA_data,,2026-09-08
MACD_Hist_Positive + OBV_Rising,MACD_Hist_Positive + OBV_Rising,combo_2,186,momentum,Bullish,,,,,,,,,,,,,,,,,,0.7903,0.00338,-0.04181,-0.006097,-0.209997,1.734,-0.00667,-0.00964,0.4731,1.223,0.0633,-0.007049,186.0,0.00688,0.01019,0.01663,-1.904336,,,,,,,,,,,,,,,,,,-0.007046,-0.244611,0.81,1.776,0.9462,-2.150582,10,-1.454201,-0.00675,0.5054,0.0633,0,1,-0.009119,0.00853,0.0177,0.02827,0.42571,0,0.7957,0.00918,-0.06117,-0.005188,-0.157091,1.77,-0.00664,-0.00308,0.5215,1.729,0.0476,-0.008652,186.0,0.00853,0.0177,0.02827,-1.454201,0.8441,0.00494,-0.08994,-0.009854,-0.366745,1.825,-0.01072,-0.00752,0.5215,2.118,0.0473,-0.011656,186.0,0.01029,0.02537,0.03834,-3.501936,,,,,,,,,,,,,,,,,,,,,,,,,,,,,,,,,,,,,,,,,,,,,,,,,,,,PNCINFRA_data,,2026-09-08
RSI_Bull_Momentum + Price_Above_EMA200,RSI_Bull_Momentum + Price_Above_EMA200,combo_2,45,trend,Bullish,,,,,,,,,,,,,,,,,,,,,,,,,,,,,,,,,,,,,,,,,,,,,,,,,,,,-0.006091,-0.190921,0.8222,3.093,0.9556,-2.160269,20,-0.971536,-0.00147,0.5111,0.1449,0,1,-0.015953,0.01789,0.02147,0.0562,0.51443,0,0.8444,0.00344,-0.05513,-0.00567,-0.178499,3.312,-0.00498,-0.0098,0.4889,1.697,0.1449,-0.01303,44.0,0.01324,0.01899,0.04232,-2.263358,,,,,,,,,,,,,,,,,,0.8222,0.01343,-0.084,-0.003886,-0.104802,2.421,-0.00321,0.01581,0.5556,2.4,0.1375,-0.014863,44.0,0.01789,0.02147,0.0562,-0.971536,0.8,0.00578,-0.06669,-0.008716,-0.289462,3.545,-0.00856,-0.01043,0.4889,2.939,0.1372,-0.019966,44.0,0.0179,0.02805,0.06121,-3.92906,,,,,,,,,,,,,,,,,,PNCINFRA_data,,2026-09-08
RSI_Bull_Momentum + MACD_Hist_Positive,RSI_Bull_Momentum + MACD_Hist_Positive,combo_2,75,momentum,Bullish,,,,,,,,,,,,,,,,,,0.7867,0.01702,-0.03892,0.005085,0.123068,3.058,0.00448,0.00246,0.48,1.215,0.098,0.002459,75.0,0.00566,0.01018,0.01689,1.629723,,,,,,,,,,,,,,,,,,-0.00718,-0.22306,0.7911,2.285,0.9867,-2.178352,5,1.629723,-0.00556,0.5022,0.1089,0,1,-0.007725,0.00566,0.01018,0.01689,0.80739,0,0.8,-0.0014,-0.05444,-0.012013,-0.348658,2.127,-0.01307,-0.01209,0.4933,1.719,0.1089,-0.011326,75.0,0.00669,0.01787,0.02631,-3.21111,0.7867,0.00213,-0.07636,-0.014611,-0.443589,1.672,-0.01529,-0.00705,0.5333,2.105,0.0987,-0.014308,75.0,0.00977,0.02451,0.03472,-3.21196,,,,,,,,,,,,,,,,,,,,,,,,,,,,,,,,,,,,,,,,,,,,,,,,,,,,PNCINFRA_data,,2026-09-08
RSI_Bull_Momentum + MACD_Bullish_State,RSI_Bull_Momentum + MACD_Bullish_State,combo_2,75,momentum,Bullish,,,,,,,,,,,,,,,,,,0.7867,0.01702,-0.03892,0.005085,0.123068,3.058,0.00448,0.00246,0.48,1.215,0.098,0.002459,75.0,0.00566,0.01018,0.01689,1.629723,,,,,,,,,,,,,,,,,,-0.00718,-0.22306,0.7911,2.285,0.9867,-2.178352,5,1.629723,-0.00556,0.5022,0.1089,0,1,-0.007725,0.00566,0.01018,0.01689,0.80739,0,0.8,-0.0014,-0.05444,-0.012013,-0.348658,2.127,-0.01307,-0.01209,0.4933,1.719,0.1089,-0.011326,75.0,0.00669,0.01787,0.02631,-3.21111,0.7867,0.00213,-0.07636,-0.014611,-0.443589,1.672,-0.01529,-0.00705,0.5333,2.105,0.0987,-0.014308,75.0,0.00977,0.02451,0.03472,-3.21196,,,,,,,,,,,,,,,,,,,,,,,,,,,,,,,,,,,,,,,,,,,,,,,,,,,,PNCINFRA_data,,2026-09-08
Price_Above_SMA20 + CMF_Positive,Price_Above_SMA20 + CMF_Positive,combo_2,42,momentum,Bullish,,,,,,,,,,,,,,,,,,0.7857,0.00412,-0.04384,-0.006161,-0.174988,1.95,-0.00268,-0.01711,0.4048,1.319,0.3186,-0.009703,42.0,0.01096,0.01408,0.01923,-1.283736,,,,,,,,,,,,,,,,,,-0.011503,-0.305624,0.8175,2.028,0.9524,-2.219871,5,-1.283736,-0.0184,0.4524,0.3821,0,1,-0.014095,0.01096,0.01408,0.01923,0.5742,0,0.8333,0.00118,-0.06604,-0.010019,-0.270657,2.081,-0.00376,-0.01719,0.4762,1.866,0.3821,-0.012403,42.0,0.01145,0.02366,0.0302,-2.118507,0.8333,-0.00772,-0.07136,-0.018328,-0.471226,2.052,-0.01417,-0.02089,0.4762,2.285,0.321,-0.020179,42.0,0.01291,0.0265,0.03295,-3.636142,,,,,,,,,,,,,,,,,,,,,,,,,,,,,,,,,,,,,,,,,,,,,,,,,,,,PNCINFRA_data,,2026-09-08
MACD_Bullish_State,MACD_Bullish_State,single,59,momentum,Bullish,,,,,,,,,,,,,,,,,,0.7119,0.01561,-0.04106,-0.000716,-0.047587,1.915,-0.00025,-0.01397,0.4407,1.227,0.1382,-0.003382,59.0,0.00595,0.00852,0.01115,-0.373069,,,,,,,,,,,,,,,,,,-0.009844,-0.349199,0.7458,1.792,0.8983,-2.301624,5,-0.373069,-0.014,0.4689,0.1759,0,1,-0.012791,0.00595,0.00852,0.01115,0.75232,0,0.7119,0.00802,-0.05238,-0.009382,-0.285382,1.724,-0.00943,-0.01209,0.4576,1.735,0.1759,-0.013289,59.0,0.00699,0.00974,0.02381,-2.014128,0.8136,-0.00338,-0.08948,-0.019435,-0.714629,1.738,-0.01932,-0.01594,0.5085,2.125,0.1455,-0.021701,59.0,0.00863,0.02134,0.03509,-5.084263,,,,,,,,,,,,,,,,,,,,,,,,,,,,,,,,,,,,,,,,,,,,,,,,,,,,PNCINFRA_data,,2026-09-08
MACD_Hist_Positive,MACD_Hist_Positive,single,59,momentum,Bullish,,,,,,,,,,,,,,,,,,0.7119,0.01561,-0.04106,-0.000716,-0.047587,1.915,-0.00025,-0.01397,0.4407,1.227,0.1382,-0.003382,59.0,0.00595,0.00852,0.01115,-0.373069,,,,,,,,,,,,,,,,,,-0.009844,-0.349199,0.7458,1.792,0.8983,-2.301624,5,-0.373069,-0.014,0.4689,0.1759,0,1,-0.012791,0.00595,0.00852,0.01115,0.75232,0,0.7119,0.00802,-0.05238,-0.009382,-0.285382,1.724,-0.00943,-0.01209,0.4576,1.735,0.1759,-0.013289,59.0,0.00699,0.00974,0.02381,-2.014128,0.8136,-0.00338,-0.08948,-0.019435,-0.714629,1.738,-0.01932,-0.01594,0.5085,2.125,0.1455,-0.021701,59.0,0.00863,0.02134,0.03509,-5.084263,,,,,,,,,,,,,,,,,,,,,,,,,,,,,,,,,,,,,,,,,,,,,,,,,,,,PNCINFRA_data,,2026-09-08
MACD_Bullish_State + MACD_Hist_Positive,MACD_Bullish_State + MACD_Hist_Positive,combo_2,59,momentum,Bullish,,,,,,,,,,,,,,,,,,0.7119,0.01561,-0.04106,-0.000716,-0.047587,1.915,-0.00025,-0.01397,0.4407,1.227,0.1382,-0.003382,59.0,0.00595,0.00852,0.01115,-0.373069,,,,,,,,,,,,,,,,,,-0.009844,-0.349199,0.7458,1.792,0.8983,-2.301624,5,-0.373069,-0.014,0.4689,0.1759,0,1,-0.012791,0.00595,0.00852,0.01115,0.75232,0,0.7119,0.00802,-0.05238,-0.009382,-0.285382,1.724,-0.00943,-0.01209,0.4576,1.735,0.1759,-0.013289,59.0,0.00699,0.00974,0.02381,-2.014128,0.8136,-0.00338,-0.08948,-0.019435,-0.714629,1.738,-0.01932,-0.01594,0.5085,2.125,0.1455,-0.021701,59.0,0.00863,0.02134,0.03509,-5.084263,,,,,,,,,,,,,,,,,,,,,,,,,,,,,,,,,,,,,,,,,,,,,,,,,,,,PNCINFRA_data,,2026-09-08
MACD_Cross_Up_Event,MACD_Cross_Up_Event,single,58,momentum,Bullish,,,,,,,,,,,,,,,,,,0.7069,0.01609,-0.04106,-0.000665,-0.047239,1.915,-0.00019,-0.01435,0.4483,1.21,0.1382,-0.003408,58.0,0.00581,0.00837,0.01043,-0.368917,,,,,,,,,,,,,,,,,,-0.009851,-0.35341,0.7471,1.794,0.8966,-2.317614,5,-0.368917,-0.01473,0.4713,0.1759,0,1,-0.012947,0.00581,0.00837,0.01043,0.77147,0,0.7241,0.00807,-0.05586,-0.009563,-0.290884,1.726,-0.00964,-0.01425,0.4483,1.711,0.1759,-0.013612,58.0,0.00698,0.00965,0.02377,-2.047267,0.8103,-0.00291,-0.08948,-0.019325,-0.722108,1.74,-0.01922,-0.01559,0.5172,2.095,0.1455,-0.021821,58.0,0.00854,0.02006,0.03487,-5.124013,,,,,,,,,,,,,,,,,,,,,,,,,,,,,,,,,,,,,,,,,,,,,,,,,,,,PNCINFRA_data,,2026-09-08
MACD_Cross_Up_Event + MACD_Hist_Positive,MACD_Cross_Up_Event + MACD_Hist_Positive,combo_2,58,momentum,Bullish,,,,,,,,,,,,,,,,,,0.7069,0.01609,-0.04106,-0.000665,-0.047239,1.915,-0.00019,-0.01435,0.4483,1.21,0.1382,-0.003408,58.0,0.00581,0.00837,0.01043,-0.368917,,,,,,,,,,,,,,,,,,-0.009851,-0.35341,0.7471,1.794,0.8966,-2.317614,5,-0.368917,-0.01473,0.4713,0.1759,0,1,-0.012947,0.00581,0.00837,0.01043,0.77147,0,0.7241,0.00807,-0.05586,-0.009563,-0.290884,1.726,-0.00964,-0.01425,0.4483,1.711,0.1759,-0.013612,58.0,0.00698,0.00965,0.02377,-2.047267,0.8103,-0.00291,-0.08948,-0.019325,-0.722108,1.74,-0.01922,-0.01559,0.5172,2.095,0.1455,-0.021821,58.0,0.00854,0.02006,0.03487,-5.124013,,,,,,,,,,,,,,,,,,,,,,,,,,,,,,,,,,,,,,,,,,,,,,,,,,,,PNCINFRA_data,,2026-09-08
MACD_Bullish_State + MACD_Cross_Up_Event,MACD_Bullish_State + MACD_Cross_Up_Event,combo_2,58,momentum,Bullish,,,,,,,,,,,,,,,,,,0.7069,0.01609,-0.04106,-0.000665,-0.047239,1.915,-0.00019,-0.01435,0.4483,1.21,0.1382,-0.003408,58.0,0.00581,0.00837,0.01043,-0.368917,,,,,,,,,,,,,,,,,,-0.009851,-0.35341,0.7471,1.794,0.8966,-2.317614,5,-0.368917,-0.01473,0.4713,0.1759,0,1,-0.012947,0.00581,0.00837,0.01043,0.77147,0,0.7241,0.00807,-0.05586,-0.009563,-0.290884,1.726,-0.00964,-0.01425,0.4483,1.711,0.1759,-0.013612,58.0,0.00698,0.00965,0.02377,-2.047267,0.8103,-0.00291,-0.08948,-0.019325,-0.722108,1.74,-0.01922,-0.01559,0.5172,2.095,0.1455,-0.021821,58.0,0.00854,0.02006,0.03487,-5.124013,,,,,,,,,,,,,,,,,,,,,,,,,,,,,,,,,,,,,,,,,,,,,,,,,,,,PNCINFRA_data,,2026-09-08
MACD_Cross_Up_Event + MACD_Hist_Rising,MACD_Cross_Up_Event + MACD_Hist_Rising,combo_2,58,momentum,Bullish,,,,,,,,,,,,,,,,,,0.7069,0.01609,-0.04106,-0.000665,-0.047239,1.915,-0.00019,-0.01435,0.4483,1.21,0.1382,-0.003408,58.0,0.00581,0.00837,0.01043,-0.368917,,,,,,,,,,,,,,,,,,-0.009851,-0.35341,0.7471,1.794,0.8966,-2.317614,5,-0.368917,-0.01473,0.4713,0.1759,0,1,-0.012947,0.00581,0.00837,0.01043,0.77147,0,0.7241,0.00807,-0.05586,-0.009563,-0.290884,1.726,-0.00964,-0.01425,0.4483,1.711,0.1759,-0.013612,58.0,0.00698,0.00965,0.02377,-2.047267,0.8103,-0.00291,-0.08948,-0.019325,-0.722108,1.74,-0.01922,-0.01559,0.5172,2.095,0.1455,-0.021821,58.0,0.00854,0.02006,0.03487,-5.124013,,,,,,,,,,,,,,,,,,,,,,,,,,,,,,,,,,,,,,,,,,,,,,,,,,,,PNCINFRA_data,,2026-09-08
MACD_Hist_Rising + CMF_Strong_Bull,MACD_Hist_Rising + CMF_Strong_Bull,combo_2,36,momentum,Bullish,,,,,,,,,,,,,,,,,,0.7222,-0.0014,-0.05085,-0.015137,-0.346742,0.695,-0.01551,-0.00999,0.5278,1.358,0.164,-0.018128,36.0,0.00735,0.01222,0.01621,-1.252056,,,,,,,,,,,,,,,,,,-0.028452,-0.721447,0.713,0.563,0.9722,-2.532722,5,-1.252056,-0.02306,0.5185,0.2553,0,1,-0.029839,0.00735,0.01222,0.01621,0.95072,0,0.7222,-0.02313,-0.08295,-0.039747,-1.022944,0.399,-0.04037,-0.02769,0.5278,1.92,0.2002,-0.03797,36.0,0.00735,0.01574,0.02147,-3.693767,0.6944,-0.00359,-0.09157,-0.030472,-0.794654,0.595,-0.03037,-0.03151,0.5,2.351,0.2553,-0.033418,36.0,0.00735,0.01574,0.02147,-2.869432,,,,,,,,,,,,,,,,,,,,,,,,,,,,,,,,,,,,,,,,,,,,,,,,,,,,PNCINFRA_data,,2026-09-08
Golden_Cross_State + MACD_Bullish_State,Golden_Cross_State + MACD_Bullish_State,combo_2,27,trend,Bullish,,,,,,,,,,,,,,,,,,,,,,,,,,,,,,,,,,,,,,,,,,,,,,,,,,,,-0.026148,-0.752293,0.7531,1.181,0.8889,-2.632319,10,-1.587177,-0.00258,0.5679,0.259,0,1,-0.034297,0.00802,0.01014,0.01659,0.77155,0,0.7037,0.0051,-0.06787,-0.016522,-0.359808,1.324,-0.01747,-0.01016,0.5556,1.66,0.259,-0.022797,27.0,0.00802,0.01014,0.01659,-1.587177,,,,,,,,,,,,,,,,,,0.7407,0.00614,-0.11711,-0.025817,-0.738401,1.056,-0.02543,-0.01317,0.5926,2.348,0.1843,-0.032961,27.0,0.0092,0.01908,0.03782,-2.597533,0.8148,-0.00827,-0.15859,-0.036105,-1.15867,1.165,-0.03699,0.01559,0.5556,2.875,0.1638,-0.047132,27.0,0.01123,0.03703,0.04291,-4.496073,,,,,,,,,,,,,,,,,,PNCINFRA_data,,2026-09-08
Golden_Cross_State + MACD_Cross_Up_Event,Golden_Cross_State + MACD_Cross_Up_Event,combo_2,27,trend,Bullish,,,,,,,,,,,,,,,,,,,,,,,,,,,,,,,,,,,,,,,,,,,,,,,,,,,,-0.026148,-0.752293,0.7531,1.181,0.8889,-2.632319,10,-1.587177,-0.00258,0.5679,0.259,0,1,-0.034297,0.00802,0.01014,0.01659,0.77155,0,0.7037,0.0051,-0.06787,-0.016522,-0.359808,1.324,-0.01747,-0.01016,0.5556,1.66,0.259,-0.022797,27.0,0.00802,0.01014,0.01659,-1.587177,,,,,,,,,,,,,,,,,,0.7407,0.00614,-0.11711,-0.025817,-0.738401,1.056,-0.02543,-0.01317,0.5926,2.348,0.1843,-0.032961,27.0,0.0092,0.01908,0.03782,-2.597533,0.8148,-0.00827,-0.15859,-0.036105,-1.15867,1.165,-0.03699,0.01559,0.5556,2.875,0.1638,-0.047132,27.0,0.01123,0.03703,0.04291,-4.496073,,,,,,,,,,,,,,,,,,PNCINFRA_data,,2026-09-08
Golden_Cross_State + MACD_Hist_Positive,Golden_Cross_State + MACD_Hist_Positive,combo_2,27,trend,Bullish,,,,,,,,,,,,,,,,,,,,,,,,,,,,,,,,,,,,,,,,,,,,,,,,,,,,-0.026148,-0.752293,0.7531,1.181,0.8889,-2.632319,10,-1.587177,-0.00258,0.5679,0.259,0,1,-0.034297,0.00802,0.01014,0.01659,0.77155,0,0.7037,0.0051,-0.06787,-0.016522,-0.359808,1.324,-0.01747,-0.01016,0.5556,1.66,0.259,-0.022797,27.0,0.00802,0.01014,0.01659,-1.587177,,,,,,,,,,,,,,,,,,0.7407,0.00614,-0.11711,-0.025817,-0.738401,1.056,-0.02543,-0.01317,0.5926,2.348,0.1843,-0.032961,27.0,0.0092,0.01908,0.03782,-2.597533,0.8148,-0.00827,-0.15859,-0.036105,-1.15867,1.165,-0.03699,0.01559,0.5556,2.875,0.1638,-0.047132,27.0,0.01123,0.03703,0.04291,-4.496073,,,,,,,,,,,,,,,,,,PNCINFRA_data,,2026-09-08
CMF_Strong_Bull + OBV_Rising,CMF_Strong_Bull + OBV_Rising,combo_2,53,momentum,Bullish,,,,,,,,,,,,,,,,,,0.7925,0.00477,-0.05144,-0.006898,-0.195152,1.823,-0.00616,-0.01648,0.4151,1.358,0.2203,-0.007409,53.0,0.00712,0.0141,0.02701,-1.419242,,,,,,,,,,,,,,,,,,-0.017827,-0.487858,0.7987,1.402,0.9811,-2.677224,5,-1.419242,-0.01961,0.478,0.2944,0,1,-0.017516,0.00712,0.0141,0.02701,0.75143,0,0.7925,-0.01257,-0.06365,-0.023172,-0.637766,1.106,-0.02189,-0.02354,0.4906,1.921,0.2944,-0.019844,53.0,0.00859,0.01946,0.03315,-2.814123,0.8113,-0.00948,-0.08333,-0.023412,-0.630655,1.277,-0.02273,-0.01883,0.5283,2.352,0.1929,-0.025295,53.0,0.0114,0.02176,0.03972,-3.213048,,,,,,,,,,,,,,,,,,,,,,,,,,,,,,,,,,,,,,,,,,,,,,,,,,,,PNCINFRA_data,,2026-09-08
MACD_Cross_Up_Event + OBV_Rising,MACD_Cross_Up_Event + OBV_Rising,combo_2,53,momentum,Bullish,,,,,,,,,,,,,,,,,,0.717,0.01436,-0.03737,-0.000278,-0.032274,2.108,0.00029,-0.01397,0.434,1.165,0.1558,-0.002911,53.0,0.00635,0.00837,0.0101,-0.271393,,,,,,,,,,,,,,,,,,-0.013106,-0.438169,0.7421,1.667,0.9245,-2.693497,5,-0.271393,-0.014,0.4843,0.1558,0,1,-0.015138,0.00635,0.00837,0.0101,0.85667,0,0.717,0.00373,-0.05578,-0.013114,-0.39275,1.493,-0.01426,-0.01209,0.5094,1.648,0.1482,-0.015854,53.0,0.00719,0.00965,0.0236,-2.338341,0.7925,-0.00928,-0.08948,-0.025926,-0.889484,1.4,-0.02571,-0.01594,0.5094,2.019,0.1456,-0.026649,53.0,0.00811,0.01631,0.03135,-4.966887,,,,,,,,,,,,,,,,,,,,,,,,,,,,,,,,,,,,,,,,,,,,,,,,,,,,PNCINFRA_data,,2026-09-08
Price_Above_EMA200 + Stoch_Bull_Zone,Price_Above_EMA200 + Stoch_Bull_Zone,combo_2,78,trend,Bullish,,,,,,,,,,,,,,,,,,,,,,,,,,,,,,,,,,,,,,,,,,,,,,,,,,,,-0.013454,-0.366796,0.7821,1.793,0.9487,-2.72562,10,-0.490096,-0.01304,0.4957,0.1355,0,1,-0.02111,0.00915,0.0168,0.02631,0.78385,0,0.8077,0.00959,-0.06802,-0.005333,-0.053534,2.095,-0.0062,-0.01026,0.4744,1.703,0.1355,-0.009156,78.0,0.00915,0.0168,0.02631,-0.490096,,,,,,,,,,,,,,,,,,0.7821,0.0003,-0.1002,-0.0216,-0.637243,1.429,-0.02117,-0.01512,0.5128,2.408,0.0984,-0.027642,78.0,0.01067,0.02093,0.03388,-3.980218,0.7564,0.01694,-0.10773,-0.01343,-0.40961,1.853,-0.01341,-0.01373,0.5,2.95,0.0772,-0.026531,78.0,0.01526,0.02705,0.04379,-3.316543,,,,,,,,,,,,,,,,,,PNCINFRA_data,,2026-09-08
Price_Above_EMA200 + OBV_Rising,Price_Above_EMA200 + OBV_Rising,combo_2,151,trend,Bullish,,,,,,,,,,,,,,,,,,,,,,,,,,,,,,,,,,,,,,,,,,,,,,,,,,,,-0.009396,-0.268511,0.819,2.143,0.9669,-2.795675,10,-0.935926,-0.00731,0.5033,0.0731,0,1,-0.015168,0.01096,0.01941,0.02963,0.70294,0,0.8212,0.00658,-0.06742,-0.006654,-0.099322,1.876,-0.00768,-0.00714,0.4967,1.715,0.0731,-0.009344,150.0,0.01096,0.01941,0.02963,-0.935926,,,,,,,,,,,,,,,,,,0.8344,0.00684,-0.09686,-0.010328,-0.306079,2.18,-0.01031,-0.00733,0.5033,2.425,0.0521,-0.015367,150.0,0.01592,0.02663,0.0398,-3.352431,0.8013,0.01052,-0.09885,-0.011205,-0.400133,2.374,-0.01126,-0.00745,0.5099,2.97,0.041,-0.020793,150.0,0.0177,0.03208,0.04473,-4.773183,,,,,,,,,,,,,,,,,,PNCINFRA_data,,2026-09-08
Price_Above_EMA200 + MACD_Cross_Up_Event,Price_Above_EMA200 + MACD_Cross_Up_Event,combo_2,27,trend,Bullish,,,,,,,,,,,,,,,,,,,,,,,,,,,,,,,,,,,,,,,,,,,,,,,,,,,,-0.034695,-0.990078,0.6914,0.899,0.8519,-2.81038,10,-1.690433,-0.02355,0.5926,0.3011,0,1,-0.036183,0.00756,0.00883,0.01217,0.89072,0,0.6296,-0.00051,-0.05724,-0.021519,-0.47346,1.071,-0.02247,-0.01641,0.6296,1.598,0.3011,-0.023202,27.0,0.00756,0.00883,0.01217,-1.690433,,,,,,,,,,,,,,,,,,0.6667,-0.0044,-0.09867,-0.035825,-1.048567,0.807,-0.03543,-0.02582,0.5926,2.26,0.2219,-0.035287,27.0,0.00846,0.01014,0.0238,-3.49404,0.7778,-0.01995,-0.14052,-0.04674,-1.448207,0.82,-0.0467,-0.02843,0.5556,2.768,0.2106,-0.050058,27.0,0.00888,0.0283,0.03931,-4.825722,,,,,,,,,,,,,,,,,,PNCINFRA_data,,2026-09-08
Price_Above_SMA20 + Price_Above_EMA200,Price_Above_SMA20 + Price_Above_EMA200,combo_2,41,trend,Bullish,,,,,,,,,,,,,,,,,,,,,,,,,,,,,,,,,,,,,,,,,,,,,,,,,,,,-0.00765,-0.269797,0.8049,2.973,0.9512,-2.852169,10,0.068239,0.00154,0.5285,0.168,0,1,-0.01251,0.00893,0.0177,0.03246,0.70734,0,0.8049,0.01222,-0.06189,-0.002236,0.007655,2.385,-0.00408,-0.00259,0.4878,1.626,0.16,-0.010084,40.0,0.00893,0.0177,0.03246,0.068239,,,,,,,,,,,,,,,,,,0.8293,0.00534,-0.07483,-0.00835,-0.252539,2.87,-0.00685,0.01336,0.561,2.299,0.168,-0.010897,40.0,0.01035,0.02158,0.0385,-2.709044,0.7805,0.00205,-0.06363,-0.012364,-0.564508,3.665,-0.01275,-0.00615,0.5366,2.816,0.1392,-0.016548,40.0,0.0177,0.02451,0.05707,-7.733259,,,,,,,,,,,,,,,,,,PNCINFRA_data,,2026-09-08
RSI_Cross50_Up + MACD_Bullish_State,RSI_Cross50_Up + MACD_Bullish_State,combo_2,39,momentum,Bullish,,,,,,,,,,,,,,,,,,0.7436,0.01394,-0.03466,0.001475,0.0463,2.558,-2e-05,-0.00409,0.4615,1.221,0.1413,-0.001394,39.0,0.0052,0.00863,0.01498,0.436867,,,,,,,,,,,,,,,,,,-0.015209,-0.480463,0.7692,1.893,0.9487,-3.182651,5,0.436867,-0.00946,0.5128,0.1417,0,1,-0.013886,0.0052,0.00863,0.01498,0.82549,0,0.7692,-0.011,-0.05672,-0.021555,-0.688255,1.567,-0.02179,-0.02044,0.5128,1.727,0.1417,-0.018601,39.0,0.00547,0.01482,0.02832,-3.979127,0.7949,-0.01168,-0.07927,-0.025546,-0.799432,1.553,-0.02609,-0.00384,0.5641,2.115,0.1359,-0.021661,39.0,0.00936,0.0224,0.03255,-4.580328,,,,,,,,,,,,,,,,,,,,,,,,,,,,,,,,,,,,,,,,,,,,,,,,,,,,PNCINFRA_data,,2026-09-08
RSI_Cross50_Up + MACD_Hist_Positive,RSI_Cross50_Up + MACD_Hist_Positive,combo_2,39,momentum,Bullish,,,,,,,,,,,,,,,,,,0.7436,0.01394,-0.03466,0.001475,0.0463,2.558,-2e-05,-0.00409,0.4615,1.221,0.1413,-0.001394,39.0,0.0052,0.00863,0.01498,0.436867,,,,,,,,,,,,,,,,,,-0.015209,-0.480463,0.7692,1.893,0.9487,-3.182651,5,0.436867,-0.00946,0.5128,0.1417,0,1,-0.013886,0.0052,0.00863,0.01498,0.82549,0,0.7692,-0.011,-0.05672,-0.021555,-0.688255,1.567,-0.02179,-0.02044,0.5128,1.727,0.1417,-0.018601,39.0,0.00547,0.01482,0.02832,-3.979127,0.7949,-0.01168,-0.07927,-0.025546,-0.799432,1.553,-0.02609,-0.00384,0.5641,2.115,0.1359,-0.021661,39.0,0.00936,0.0224,0.03255,-4.580328,,,,,,,,,,,,,,,,,,,,,,,,,,,,,,,,,,,,,,,,,,,,,,,,,,,,PNCINFRA_data,,2026-09-08
Price_Above_SMA50 + CMF_Strong_Bull,Price_Above_SMA50 + CMF_Strong_Bull,combo_2,21,trend,Bullish,,,,,,,,,,,,,,,,,,,,,,,,,,,,,,,,,,,,,,,,,,,,,,,,,,,,-0.042217,-1.040911,0.7619,0.762,1.0,-3.2175,10,-2.37163,-0.04279,0.4603,0.2966,0,1,-0.042074,0.00245,0.01919,0.02636,0.87727,0,0.7619,-0.01936,-0.07046,-0.031525,-0.767259,0.659,-0.03166,-0.02645,0.5238,1.904,0.2855,-0.029911,21.0,0.00245,0.01919,0.02636,-2.37163,,,,,,,,,,,,,,,,,,0.7619,-0.02964,-0.10475,-0.047527,-1.171347,0.564,-0.04758,-0.04558,0.5238,2.693,0.2806,-0.047972,21.0,0.00701,0.02335,0.03409,-3.620683,0.7619,-0.03597,-0.08482,-0.047598,-1.184127,1.063,-0.04703,-0.05633,0.3333,3.298,0.2966,-0.048338,21.0,0.00701,0.02636,0.03644,-3.889026,,,,,,,,,,,,,,,,,,PNCINFRA_data,,2026-09-08
Golden_Cross_State + CCI_Exit_Oversold,Golden_Cross_State + CCI_Exit_Oversold,combo_2,24,trend,Bullish,,,,,,,,,,,,,,,,,,,,,,,,,,,,,,,,,,,,,,,,,,,,,,,,,,,,0.000466,-0.200696,0.8611,5.325,0.9583,-3.296831,10,4.901223,0.01926,0.5694,0.2206,0,1,-0.019318,0.01499,0.02322,0.03935,0.47881,0,0.8333,0.02904,-0.06184,0.013893,0.395785,3.847,0.01286,0.00582,0.4167,1.776,0.2206,-0.004067,24.0,0.01499,0.02322,0.03935,4.901223,,,,,,,,,,,,,,,,,,0.875,0.01178,-0.08042,0.000252,-0.268637,4.926,0.00156,0.03675,0.6667,2.511,0.1655,-0.018403,24.0,0.02037,0.04224,0.05052,-4.259605,0.875,-0.00713,-0.05204,-0.012748,-0.729236,7.202,-0.01342,0.01522,0.625,3.075,0.1225,-0.035485,24.0,0.02973,0.04224,0.06262,-16.906413,,,,,,,,,,,,,,,,,,PNCINFRA_data,,2026-09-08
Price_Above_EMA200 + CMF_Positive,Price_Above_EMA200 + CMF_Positive,combo_2,23,trend,Bullish,,,,,,,,,,,,,,,,,,,,,,,,,,,,,,,,,,,,,,,,,,,,,,,,,,,,-0.008648,-0.241527,0.8986,4.801,0.9565,-3.524638,10,2.843702,-0.01299,0.5507,0.2732,0,1,-0.012255,0.02571,0.02902,0.04737,0.28518,0,0.8696,0.013,-0.03827,0.00631,0.168428,5.313,0.00669,0.01277,0.5652,1.852,0.2081,0.001575,23.0,0.02571,0.02902,0.04737,2.843702,,,,,,,,,,,,,,,,,,0.913,-0.00472,-0.06593,-0.010041,-0.320877,4.329,-0.00992,0.00157,0.6087,2.619,0.2732,-0.011908,23.0,0.02952,0.04663,0.06132,-4.414179,0.913,-0.01551,-0.0926,-0.022215,-0.572132,4.76,-0.02164,-0.05332,0.4783,3.207,0.2589,-0.026433,23.0,0.03936,0.05842,0.0769,-8.655795,,,,,,,,,,,,,,,,,,PNCINFRA_data,,2026-09-08
MACD_Bullish_State + Williams_Oversold,MACD_Bullish_State + Williams_Oversold,combo_2,25,momentum,Bullish,,,,,,,,,,,,,,,,,,0.88,0.01295,-0.04533,0.005955,0.078106,3.556,0.00575,0.01187,0.56,1.158,0.1767,0.002822,25.0,0.00947,0.02133,0.03151,0.904907,,,,,,,,,,,,,,,,,,-0.003201,-0.372949,0.8933,3.349,0.96,-3.907116,5,0.904907,-0.00325,0.5067,0.1847,0,1,-0.010207,0.00947,0.02133,0.03151,0.19645,0,0.88,0.00745,-0.09062,-0.004316,-0.317779,2.427,-0.00432,-0.01772,0.44,1.637,0.1543,-0.01068,25.0,0.00947,0.02298,0.03862,-2.51274,0.92,-0.00348,-0.1005,-0.011243,-0.879174,4.065,-0.01383,-0.00391,0.52,2.005,0.1847,-0.022763,25.0,0.0196,0.03742,0.04461,-11.645154,,,,,,,,,,,,,,,,,,,,,,,,,,,,,,,,,,,,,,,,,,,,,,,,,,,,PNCINFRA_data,,2026-09-08
MACD_Hist_Positive + Williams_Oversold,MACD_Hist_Positive + Williams_Oversold,combo_2,25,momentum,Bullish,,,,,,,,,,,,,,,,,,0.88,0.01295,-0.04533,0.005955,0.078106,3.556,0.00575,0.01187,0.56,1.158,0.1767,0.002822,25.0,0.00947,0.02133,0.03151,0.904907,,,,,,,,,,,,,,,,,,-0.003201,-0.372949,0.8933,3.349,0.96,-3.907116,5,0.904907,-0.00325,0.5067,0.1847,0,1,-0.010207,0.00947,0.02133,0.03151,0.19645,0,0.88,0.00745,-0.09062,-0.004316,-0.317779,2.427,-0.00432,-0.01772,0.44,1.637,0.1543,-0.01068,25.0,0.00947,0.02298,0.03862,-2.51274,0.92,-0.00348,-0.1005,-0.011243,-0.879174,4.065,-0.01383,-0.00391,0.52,2.005,0.1847,-0.022763,25.0,0.0196,0.03742,0.04461,-11.645154,,,,,,,,,,,,,,,,,,,,,,,,,,,,,,,,,,,,,,,,,,,,,,,,,,,,PNCINFRA_data,,2026-09-08
Golden_Cross_State + OBV_Trend_Bull,Golden_Cross_State + OBV_Trend_Bull,combo_2,29,trend,Bullish,,,,,,,,,,,,,,,,,,,,,,,,,,,,,,,,,,,,,,,,,,,,,,,,,,,,-0.02079,-0.686739,0.7816,2.141,0.8621,-4.31018,10,-2.053055,-0.02304,0.4828,0.3325,0,1,-0.030077,0.00743,0.01125,0.01757,0.71565,0,0.6897,0.0016,-0.05633,-0.016379,-0.534842,1.129,-0.01587,-0.01591,0.5172,1.621,0.3325,-0.022763,29.0,0.00743,0.01125,0.01757,-2.053055,,,,,,,,,,,,,,,,,,0.8276,-0.00915,-0.08064,-0.021476,-0.694055,2.111,-0.02059,-0.02415,0.4828,2.293,0.2283,-0.028686,29.0,0.01488,0.02286,0.03439,-4.983401,0.8276,-0.015,-0.07017,-0.024515,-0.83132,3.182,-0.02416,-0.02907,0.4483,2.808,0.1796,-0.038783,29.0,0.02021,0.02615,0.03895,-8.997194,,,,,,,,,,,,,,,,,,PNCINFRA_data,,2026-09-08
Price_Above_EMA200,Price_Above_EMA200,single,26,trend,Bullish,,,,,,,,,,,,,,,,,,,,,,,,,,,,,,,,,,,,,,,,,,,,,,,,,,,,-0.028403,-0.924699,0.7564,1.63,0.8846,-4.394045,10,-0.29445,-0.01278,0.5897,0.2373,0,1,-0.036951,0.00869,0.01679,0.02065,0.79803,0,0.7692,0.00674,-0.04508,-0.005218,-0.047927,1.864,-0.00833,-0.01181,0.4615,1.591,0.2373,-0.01143,26.0,0.00869,0.01679,0.02065,-0.29445,,,,,,,,,,,,,,,,,,0.8077,-0.02683,-0.07552,-0.03619,-1.216393,1.347,-0.03586,0.0034,0.6538,2.25,0.1802,-0.04517,26.0,0.01237,0.01973,0.03669,-5.398646,0.6923,-0.04216,-0.04749,-0.0438,-1.509776,1.679,-0.04505,-0.02993,0.6538,2.756,0.1653,-0.054254,26.0,0.01237,0.01973,0.03669,-8.353592,,,,,,,,,,,,,,,,,,PNCINFRA_data,,2026-09-08
MACD_Hist_Rising + CDL_Engulfing_Bull,MACD_Hist_Rising + CDL_Engulfing_Bull,combo_2,27,momentum,Bullish,,,,,,,,,,,,,,,,,,0.8148,-0.01351,-0.03872,-0.018176,-0.577053,1.403,-0.01822,-0.01404,0.5185,1.288,0.2636,-0.025176,26.0,0.00561,0.01312,0.01558,-2.69829,,,,,,,,,,,,,,,,,,-0.016359,-0.591759,0.8519,2.493,0.9259,-4.552441,5,-2.69829,-0.01667,0.4938,0.3781,0,1,-0.02567,0.00561,0.01312,0.01558,0.33128,0,0.8519,-0.01535,-0.03866,-0.018806,-0.614974,2.787,-0.01709,-0.02354,0.4815,1.821,0.3781,-0.028689,26.0,0.01421,0.02173,0.03617,-5.710806,0.8889,-0.00151,-0.09678,-0.012094,-0.583251,3.29,-0.01241,-0.01244,0.4815,2.23,0.198,-0.023144,26.0,0.01998,0.03831,0.05651,-6.394343,,,,,,,,,,,,,,,,,,,,,,,,,,,,,,,,,,,,,,,,,,,,,,,,,,,,PNCINFRA_data,,2026-09-08
Golden_Cross_State + Price_Above_EMA200,Golden_Cross_State + Price_Above_EMA200,combo_2,18,trend,Bullish,,,,,,,,,,,,,,,,,,,,,,,,,,,,,,,,,,,,,,,,,,,,,,,,,,,,-0.032469,-1.05812,0.7778,1.714,0.8889,-4.745581,10,-0.746542,-0.00373,0.6111,0.341,0,1,-0.044927,0.00976,0.01796,0.02755,0.70148,0,0.7222,0.00326,-0.04131,-0.009123,-0.167515,1.514,-0.0116,-0.00449,0.5556,1.706,0.341,-0.016639,18.0,0.00976,0.01796,0.02755,-0.746542,,,,,,,,,,,,,,,,,,0.8333,-0.03115,-0.09879,-0.042425,-1.423865,1.532,-0.0421,0.01467,0.6111,2.413,0.2026,-0.05641,18.0,0.01834,0.03626,0.03947,-6.424089,0.7778,-0.04065,-0.0641,-0.04586,-1.582979,2.095,-0.04709,-0.02136,0.6667,2.955,0.1964,-0.061733,18.0,0.01834,0.03626,0.05306,-9.764317,,,,,,,,,,,,,,,,,,PNCINFRA_data,,2026-09-08
Price_Above_EMA200 + VWAP_Bull,Price_Above_EMA200 + VWAP_Bull,combo_2,20,trend,Bullish,,,,,,,,,,,,,,,,,,,,,,,,,,,,,,,,,,,,,,,,,,,,,,,,,,,,-0.016644,-0.60987,0.8333,3.155,0.9,-5.27251,10,1.953918,0.00407,0.55,0.22,0,1,-0.028415,0.01596,0.02498,0.03598,0.38162,0,0.8,0.0191,-0.05325,0.004634,0.231649,2.77,0.00144,0.00187,0.45,1.685,0.1935,-0.007038,20.0,0.01596,0.02498,0.03598,1.953918,,,,,,,,,,,,,,,,,,0.9,-0.01878,-0.12276,-0.02918,-1.063186,2.687,-0.02854,0.01788,0.65,2.383,0.22,-0.041357,20.0,0.02716,0.03839,0.0478,-8.696088,0.8,-0.01886,-0.05148,-0.025385,-0.998072,4.008,-0.02628,-0.00754,0.55,2.919,0.2049,-0.036851,20.0,0.02716,0.04876,0.06254,-12.180084,,,,,,,,,,,,,,,,,,PNCINFRA_data,,2026-09-08
Price_Above_EMA200 + OBV_Trend_Bull,Price_Above_EMA200 + OBV_Trend_Bull,combo_2,40,trend,Bullish,,,,,,,,,,,,,,,,,,,,,,,,,,,,,,,,,,,,,,,,,,,,,,,,,,,,-0.024342,-0.799501,0.7833,2.091,0.925,-5.742725,10,-1.428847,-0.02008,0.5333,0.2524,0,1,-0.03082,0.00787,0.01354,0.02036,0.73141,0,0.75,0.00435,-0.05709,-0.011008,-0.280674,1.371,-0.01209,-0.01022,0.5,1.558,0.2524,-0.015598,40.0,0.00787,0.01354,0.02036,-1.428847,,,,,,,,,,,,,,,,,,0.825,-0.02349,-0.0692,-0.031492,-1.044587,1.914,-0.0303,-0.02093,0.525,2.203,0.2073,-0.036144,40.0,0.01349,0.01957,0.03178,-7.426355,0.775,-0.02408,-0.05271,-0.030525,-1.073241,2.988,-0.03068,-0.0291,0.575,2.698,0.1411,-0.040716,40.0,0.01563,0.02383,0.03358,-11.908374,,,,,,,,,,,,,,,,,,PNCINFRA_data,,2026-09-08
EMA_Bearish_State + CDL_Harami_Bear,EMA_Bearish_State + CDL_Harami_Bear,combo_2,15,momentum,Bearish,,,,,,,,,,,,,,,,,,0.9333,0.04202,-0.02383,0.037628,,25.119,-0.03754,-0.03852,0.5333,1.404,0.1508,0.028017,15.0,0.02066,0.03746,0.06506,1.043269,,,,,,,,,,,,,,,,,,0.052672,,0.9778,25.119,0.9333,1.363029,5,1.043269,-0.05915,0.5333,0.1832,0,1,0.044564,0.02066,0.03746,0.06506,0.02444,1,1.0,0.05246,0.0,0.05246,,,-0.05263,-0.06929,0.5333,1.986,0.1832,0.042221,15.0,0.03648,0.06306,0.07591,0.145451,1.0,0.06793,0.0,0.067929,,,-0.06702,-0.06966,0.5333,2.432,0.1468,0.063455,15.0,0.03838,0.06351,0.08024,0.188339,,,,,,,,,,,,,,,,,,,,,,,,,,,,,,,,,,,,,,,,,,,,,,,,,,,,PNCINFRA_data,,
EMA_Bearish_State + CCI_Exit_Overbought,EMA_Bearish_State + CCI_Exit_Overbought,combo_2,18,momentum,Bearish,,,,,,,,,,,,,,,,,,0.8889,0.05524,-0.02557,0.046265,,18.166,-0.04737,-0.02811,0.2778,1.232,0.335,0.038695,18.0,0.02162,0.03289,0.04056,1.362246,,,,,,,,,,,,,,,,,,0.042622,,0.9259,17.811,0.9444,1.185271,5,1.362246,-0.02163,0.3704,0.335,0,1,0.030998,0.02162,0.03289,0.04056,0.0706,1,0.9444,0.04902,0.00484,0.046564,,,-0.04601,-0.01301,0.3889,1.742,0.2852,0.031245,18.0,0.03518,0.04204,0.04514,0.137106,0.9444,0.04071,-0.06137,0.035038,,17.456,-0.03459,-0.02375,0.4444,2.134,0.2882,0.023055,18.0,0.03518,0.04442,0.05405,1.031676,,,,,,,,,,,,,,,,,,,,,,,,,,,,,,,,,,,,,,,,,,,,,,,,,,,,PNCINFRA_data,,
VWAP_Bear + CDL_Harami_Bear,VWAP_Bear + CDL_Harami_Bear,combo_2,18,momentum,Bearish,,,,,,,,,,,,,,,,,,0.8889,0.03245,-0.01467,0.027216,,19.262,-0.02747,-0.03209,0.5556,1.335,0.1594,0.023858,18.0,0.01288,0.01742,0.02377,0.801369,,,,,,,,,,,,,,,,,,0.041203,,0.963,19.262,0.8889,1.078387,5,0.801369,-0.03979,0.5,0.1817,0,1,0.038356,0.01288,0.01742,0.02377,0.01157,1,1.0,0.04305,0.0,0.043046,,,-0.04339,-0.04119,0.5,1.887,0.1817,0.040651,18.0,0.03032,0.04446,0.06201,0.126747,1.0,0.05335,0.0,0.053345,,,-0.0534,-0.04609,0.4444,2.312,0.1421,0.050558,17.0,0.0364,0.04583,0.06201,0.157072,,,,,,,,,,,,,,,,,,,,,,,,,,,,,,,,,,,,,,,,,,,,,,,,,,,,PNCINFRA_data,,
RSI_Cross50_Down + Price_Below_SMA50,RSI_Cross50_Down + Price_Below_SMA50,combo_2,35,trend,Bearish,,,,,,,,,,,,,,,,,,,,,,,,,,,,,,,,,,,,,,,,,,,,,,,,,,,,0.024306,,0.9238,10.436,0.9714,0.84614,20,1.205761,-0.02833,0.5429,0.209,0,1,0.026082,0.02931,0.03734,0.05343,0.01448,1,0.9143,0.02635,-0.03876,0.020765,,11.275,-0.02322,-0.02118,0.5143,1.755,0.209,0.019604,35.0,0.01864,0.03164,0.03658,0.744116,,,,,,,,,,,,,,,,,,0.9429,0.03988,-0.06911,0.033647,,14.478,-0.03408,-0.04808,0.6286,2.482,0.1364,0.032747,35.0,0.02931,0.03734,0.05343,1.205761,0.9143,0.03161,-0.12127,0.018507,,5.555,-0.01781,-0.01573,0.4857,3.04,0.1536,0.025894,35.0,0.02931,0.0486,0.08678,0.368389,,,,,,,,,,,,,,,,,,PNCINFRA_data,,
RSI_Cross50_Down + EMA_Bearish_State,RSI_Cross50_Down + EMA_Bearish_State,combo_2,29,momentum,Bearish,,,,,,,,,,,,,,,,,,0.8621,0.02132,-0.03734,0.013228,,5.68,-0.0139,-0.01669,0.5172,1.301,0.1519,0.010932,29.0,0.01052,0.02396,0.02904,0.255531,,,,,,,,,,,,,,,,,,0.025457,,0.908,10.822,0.931,0.806132,15,1.085449,-0.02406,0.4943,0.2028,0,1,0.017422,0.02856,0.03706,0.05034,0.03114,1,0.931,0.03771,-0.05626,0.031229,,12.224,-0.03348,-0.02143,0.4483,1.84,0.2028,0.022084,29.0,0.02646,0.03469,0.04042,1.062173,0.931,0.0382,-0.053,0.031914,,14.563,-0.03357,-0.03405,0.5172,2.254,0.1658,0.01925,29.0,0.02856,0.03706,0.05034,1.085449,,,,,,,,,,,,,,,,,,,,,,,,,,,,,,,,,,,,,,,,,,,,,,,,,,,,PNCINFRA_data,,
Death_Cross_State + Price_Below_SMA50,Death_Cross_State + Price_Below_SMA50,combo_2,21,trend,Bearish,,,,,,,,,,,,,,,,,,,,,,,,,,,,,,,,,,,,,,,,,,,,,,,,,,,,0.023589,,0.8889,17.58,0.9524,0.694416,30,0.951067,-0.02681,0.5079,0.2448,0,1,0.020513,0.03019,0.03393,0.07892,0.15896,0,0.8571,0.01469,-0.01837,0.009964,,9.182,-0.00848,-0.00132,0.4286,1.798,0.2448,0.005533,21.0,0.00999,0.02149,0.03393,0.282807,,,,,,,,,,,,,,,,,,0.9048,0.03566,-0.02344,0.030034,,22.956,-0.02947,-0.0355,0.5238,2.543,0.1583,0.026429,21.0,0.03019,0.03082,0.05194,0.928349,0.9048,0.03671,-0.0257,0.030768,,20.601,-0.03125,-0.04362,0.5714,3.114,0.1692,0.029577,21.0,0.03019,0.03393,0.07892,0.951067,,,,,,,,,,,,,,,,,,PNCINFRA_data,,
Price_Below_SMA50 + Price_Below_EMA200,Price_Below_SMA50 + Price_Below_EMA200,combo_2,37,trend,Bearish,,,,,,,,,,,,,,,,,,,,,,,,,,,,,,,,,,,,,,,,,,,,,,,,,,,,0.019838,,0.8829,7.913,0.973,0.555601,30,1.04434,-0.00301,0.4234,0.1926,0,1,0.027799,0.02375,0.03537,0.05938,0.06333,1,0.8919,0.00529,-0.03073,0.0014,,6.406,-0.00066,0.00422,0.3784,1.745,0.1926,0.005127,36.0,0.01626,0.02189,0.03143,0.032613,,,,,,,,,,,,,,,,,,0.8919,0.03625,-0.05802,0.02606,,8.377,-0.02596,-0.00523,0.4324,2.468,0.148,0.033223,36.0,0.02375,0.03145,0.04183,0.794142,0.8649,0.04486,-0.04993,0.032054,,8.957,-0.03234,-0.00801,0.4595,3.023,0.1361,0.045048,36.0,0.02375,0.03537,0.05938,1.04434,,,,,,,,,,,,,,,,,,PNCINFRA_data,,
Death_Cross_State + MACD_Hist_Falling,Death_Cross_State + MACD_Hist_Falling,combo_2,74,trend,Bearish,,,,,,,,,,,,,,,,,,,,,,,,,,,,,,,,,,,,,,,,,,,,,,,,,,,,0.014033,,0.9054,9.157,0.9595,0.532341,30,0.526498,-0.02233,0.5315,0.068,0,1,0.015577,0.03188,0.04249,0.06006,0.00075,1,0.8919,0.02185,-0.03923,0.015244,,7.681,-0.01519,-0.01545,0.5135,1.748,0.068,0.01364,74.0,0.01981,0.02829,0.036,0.505558,,,,,,,,,,,,,,,,,,0.9324,0.01667,-0.0515,0.012059,,11.549,-0.01082,-0.01948,0.527,2.472,0.0559,0.014315,74.0,0.02934,0.03837,0.04378,0.520661,0.8919,0.02261,-0.04967,0.014797,,8.241,-0.01502,-0.03207,0.5541,3.028,0.0666,0.018775,74.0,0.03188,0.04249,0.06006,0.526498,,,,,,,,,,,,,,,,,,PNCINFRA_data,,
Price_Below_SMA50 + MACD_Cross_Down_Event,Price_Below_SMA50 + MACD_Cross_Down_Event,combo_2,27,trend,Bearish,,,,,,,,,,,,,,,,,,,,,,,,,,,,,,,,,,,,,,,,,,,,,,,,,,,,0.034838,,0.8395,5.107,0.8519,0.50501,30,0.932142,-0.04572,0.5432,0.1579,0,1,0.031944,0.04717,0.0761,0.08504,0.15935,0,0.7407,0.03869,-0.03902,0.018543,,3.463,-0.01891,-0.01685,0.4815,1.745,0.1579,0.016169,27.0,0.00742,0.01626,0.02752,0.213995,,,,,,,,,,,,,,,,,,0.8889,0.05396,-0.09521,0.037387,,6.099,-0.03759,-0.04704,0.5556,2.468,0.1353,0.033334,27.0,0.04717,0.06656,0.08381,0.759865,0.8889,0.07059,-0.12751,0.048583,,5.758,-0.0484,-0.07327,0.5926,3.022,0.1311,0.04633,27.0,0.04717,0.0761,0.08504,0.932142,,,,,,,,,,,,,,,,,,PNCINFRA_data,,
Death_Cross_State + Stoch_Bear_Zone,Death_Cross_State + Stoch_Bear_Zone,combo_2,67,trend,Bearish,,,,,,,,,,,,,,,,,,,,,,,,,,,,,,,,,,,,,,,,,,,,,,,,,,,,0.017321,,0.8955,7.236,0.9403,0.497252,30,0.839022,-0.02364,0.5323,0.0781,0,1,0.019436,0.03504,0.0486,0.07375,0.00366,1,0.8657,0.02518,-0.05277,0.014707,,4.347,-0.0142,-0.01595,0.5224,1.76,0.0599,0.014308,66.0,0.01291,0.02452,0.0324,0.269769,,,,,,,,,,,,,,,,,,0.8955,0.02631,-0.05923,0.017371,,6.249,-0.01716,-0.03023,0.5522,2.489,0.07,0.01914,66.0,0.02425,0.03651,0.04216,0.45802,0.9254,0.02583,-0.05384,0.019884,,11.111,-0.02079,-0.02474,0.5224,3.048,0.0781,0.024861,66.0,0.03504,0.0486,0.07375,0.839022,,,,,,,,,,,,,,,,,,PNCINFRA_data,,
Price_Below_SMA50 + CDL_ShootingStar,Price_Below_SMA50 + CDL_ShootingStar,combo_2,11,trend,Bearish,,,,,,,,,,,,,,,,,,,,,,,,,,,,,,,,,,,,,,,,,,,,,,,,,,,,0.056846,,0.7879,3.762,0.9091,0.483077,30,0.821812,-0.07633,0.6364,0.2891,0,1,0.043744,0.01115,0.0766,0.09403,0.59612,0,0.7273,0.06731,-0.05926,0.032791,,3.029,-0.03321,-0.03724,0.5455,1.624,0.2891,0.026815,11.0,0.01115,0.01433,0.04391,0.246811,,,,,,,,,,,,,,,,,,0.8182,0.10027,-0.11587,0.060969,,3.949,-0.06119,-0.10078,0.7273,2.296,0.1665,0.041836,11.0,0.01115,0.0766,0.08109,0.598281,0.8182,0.12221,-0.12767,0.076778,,4.308,-0.07683,-0.09097,0.6364,2.812,0.2024,0.062583,11.0,0.01115,0.0766,0.09403,0.821812,,,,,,,,,,,,,,,,,,PNCINFRA_data,,
EMA_Bearish_State + MACD_Cross_Down_Event,EMA_Bearish_State + MACD_Cross_Down_Event,combo_2,24,momentum,Bearish,,,,,,,,,,,,,,,,,,0.7917,0.0275,-0.0536,0.010601,,2.499,-0.01157,-0.01743,0.5417,1.259,0.1902,0.010561,24.0,0.00405,0.00935,0.01784,0.085281,,,,,,,,,,,,,,,,,,0.023244,,0.8194,7.313,0.8333,0.455943,15,1.2796,-0.02834,0.5278,0.1902,0,1,0.017229,0.03104,0.04958,0.06641,0.10506,0,0.75,0.04148,-0.04692,0.019377,,3.367,-0.01974,-0.01908,0.5,1.781,0.1626,0.014528,24.0,0.00706,0.01803,0.02816,0.210003,0.9167,0.0475,-0.04548,0.039753,,16.072,-0.04193,-0.04851,0.5417,2.181,0.1757,0.026598,24.0,0.03104,0.04958,0.06641,1.2796,,,,,,,,,,,,,,,,,,,,,,,,,,,,,,,,,,,,,,,,,,,,,,,,,,,,PNCINFRA_data,,
CMF_Strong_Bear + CDL_Harami_Bear,CMF_Strong_Bear + CDL_Harami_Bear,combo_2,13,momentum,Bearish,,,,,,,,,,,,,,,,,,0.9231,0.03781,-0.12021,0.025652,,3.836,-0.02318,-0.03521,0.5385,1.271,0.1956,0.020946,13.0,0.01701,0.02066,0.02893,0.259718,,,,,,,,,,,,,,,,,,0.034034,,0.9231,4.097,1.0,0.368026,10,0.479119,-0.03596,0.4872,0.2293,0,1,0.032861,0.0186,0.02892,0.03896,0.13609,0,0.9231,0.05507,-0.14974,0.039311,,4.618,-0.03681,-0.03923,0.4615,1.797,0.2293,0.035633,13.0,0.0186,0.02892,0.03896,0.479119,0.9231,0.0561,-0.19038,0.03714,,3.838,-0.03389,-0.03345,0.4615,2.201,0.2043,0.042003,13.0,0.03189,0.03451,0.0424,0.376137,,,,,,,,,,,,,,,,,,,,,,,,,,,,,,,,,,,,,,,,,,,,,,,,,,,,PNCINFRA_data,,
RSI_Bear_Momentum + CDL_Harami_Bear,RSI_Bear_Momentum + CDL_Harami_Bear,combo_2,15,momentum,Bearish,,,,,,,,,,,,,,,,,,0.8,0.03957,-0.05322,0.021016,,3.021,-0.01892,-0.03521,0.5333,1.345,0.1868,0.018589,15.0,0.00956,0.01577,0.01965,0.176055,,,,,,,,,,,,,,,,,,0.034092,,0.8889,4.403,0.8667,0.360663,10,0.629173,-0.04132,0.4889,0.1993,0,1,0.0369,0.02059,0.03085,0.04825,0.12806,0,0.9333,0.05392,-0.143,0.040795,,5.563,-0.03826,-0.05531,0.5333,1.901,0.1993,0.040187,15.0,0.02059,0.03085,0.04825,0.629173,0.9333,0.05645,-0.18333,0.040464,,4.624,-0.0373,-0.03345,0.4,2.329,0.1836,0.051926,15.0,0.03248,0.0368,0.05007,0.518763,,,,,,,,,,,,,,,,,,,,,,,,,,,,,,,,,,,,,,,,,,,,,,,,,,,,PNCINFRA_data,,
BB_Upper_Reject + OBV_Falling,BB_Upper_Reject + OBV_Falling,combo_2,34,momentum,Bearish,,,,,,,,,,,,,,,,,,0.8235,0.0223,-0.02625,0.013736,,5.396,-0.01656,-0.00233,0.4118,1.28,0.3033,0.010493,34.0,0.01157,0.01459,0.02056,0.263542,,,,,,,,,,,,,,,,,,0.014554,,0.8725,6.889,0.9118,0.325009,15,0.427405,-0.00734,0.4412,0.3033,0,1,0.009466,0.0206,0.0331,0.05077,0.06171,1,0.8824,0.02585,-0.04658,0.017332,,5.724,-0.0203,-0.01085,0.4118,1.81,0.2611,0.011206,34.0,0.02001,0.02672,0.04124,0.352751,0.9118,0.01798,-0.04303,0.012593,,9.546,-0.01577,-0.00884,0.5,2.217,0.2223,0.0067,34.0,0.0206,0.0331,0.05077,0.427405,,,,,,,,,,,,,,,,,,,,,,,,,,,,,,,,,,,,,,,,,,,,,,,,,,,,PNCINFRA_data,,
Price_Below_EMA200,Price_Below_EMA200,single,24,trend,Bearish,,,,,,,,,,,,,,,,,,,,,,,,,,,,,,,,,,,,,,,,,,,,,,,,,,,,0.015512,,0.9167,6.252,0.9167,0.286168,30,0.555697,0.00098,0.375,0.3854,0,1,0.029264,0.03171,0.0419,0.05109,0.01897,1,0.9583,-0.00161,-0.06781,-0.004372,,5.365,0.00322,0.00652,0.4583,1.679,0.3854,0.000783,23.0,0.02141,0.03002,0.03927,-0.075507,,,,,,,,,,,,,,,,,,0.9167,0.03471,-0.08312,0.024888,,6.757,-0.02463,-0.0071,0.2917,2.375,0.2559,0.036868,23.0,0.03066,0.04148,0.04308,0.541332,0.875,0.03918,-0.06608,0.026021,,6.635,-0.02605,0.00353,0.375,2.909,0.2312,0.050141,23.0,0.03171,0.0419,0.05109,0.555697,,,,,,,,,,,,,,,,,,PNCINFRA_data,,
CMF_Negative + CDL_Harami_Bear,CMF_Negative + CDL_Harami_Bear,combo_2,17,momentum,Bearish,,,,,,,,,,,,,,,,,,0.9412,0.03228,-0.11497,0.023618,,4.803,-0.02149,-0.03521,0.5294,1.359,0.1632,0.020489,17.0,0.0152,0.01965,0.03069,0.327856,,,,,,,,,,,,,,,,,,0.021963,,0.9412,4.322,1.0,0.274333,5,0.327856,-0.03189,0.5686,0.2078,0,1,0.022218,0.0152,0.01965,0.03069,0.05501,1,0.9412,0.0349,-0.1794,0.022294,,4.243,-0.02228,-0.027,0.5294,1.921,0.2078,0.021208,17.0,0.02259,0.03462,0.04562,0.27343,0.9412,0.03484,-0.21779,0.019975,,3.919,-0.0191,-0.03345,0.6471,2.353,0.1749,0.024957,17.0,0.03217,0.03921,0.04607,0.226254,,,,,,,,,,,,,,,,,,,,,,,,,,,,,,,,,,,,,,,,,,,,,,,,,,,,PNCINFRA_data,,
EMA_Bearish_State + CCI_Overbought,EMA_Bearish_State + CCI_Overbought,combo_2,23,momentum,Bearish,,,,,,,,,,,,,,,,,,0.7826,0.02708,-0.05254,0.009769,,2.784,-0.0106,0.00343,0.3478,1.237,0.3699,0.015149,23.0,0.00352,0.01374,0.01487,0.086421,,,,,,,,,,,,,,,,,,0.024104,,0.7971,3.693,0.9565,0.27061,10,0.549612,-0.00374,0.3478,0.3699,0,1,0.023057,0.00765,0.01453,0.02762,0.4143,0,0.8261,0.05749,-0.06211,0.036686,,4.714,-0.03688,-0.02447,0.3478,1.75,0.2659,0.030264,23.0,0.00765,0.01453,0.02762,0.549612,0.7826,0.05213,-0.06873,0.025856,,3.582,-0.02601,0.00982,0.3478,2.143,0.2522,0.023758,23.0,0.00765,0.01816,0.04045,0.294335,,,,,,,,,,,,,,,,,,,,,,,,,,,,,,,,,,,,,,,,,,,,,,,,,,,,PNCINFRA_data,,
Price_Below_EMA200 + MACD_Hist_Falling,Price_Below_EMA200 + MACD_Hist_Falling,combo_2,91,trend,Bearish,,,,,,,,,,,,,,,,,,,,,,,,,,,,,,,,,,,,,,,,,,,,,,,,,,,,0.009119,,0.9011,6.63,0.956,0.261376,30,0.312593,-0.00669,0.4872,0.0694,0,1,0.015001,0.02946,0.042,0.05773,0.00048,1,0.9011,0.01332,-0.04369,0.007682,,6.516,-0.00737,-0.00657,0.4945,1.747,0.0641,0.009765,91.0,0.01956,0.02418,0.03319,0.226357,,,,,,,,,,,,,,,,,,0.9231,0.01576,-0.07474,0.008797,,7.019,-0.00855,-0.00581,0.4835,2.471,0.0692,0.016653,91.0,0.02768,0.03754,0.04331,0.279221,0.8791,0.02058,-0.05968,0.010877,,6.356,-0.01001,-0.00769,0.4835,3.026,0.0694,0.018585,91.0,0.02946,0.042,0.05773,0.312593,,,,,,,,,,,,,,,,,,PNCINFRA_data,,
Price_Below_EMA200 + Stoch_Bear_Zone,Price_Below_EMA200 + Stoch_Bear_Zone,combo_2,80,trend,Bearish,,,,,,,,,,,,,,,,,,,,,,,,,,,,,,,,,,,,,,,,,,,,,,,,,,,,0.012631,,0.8792,4.854,0.9625,0.259326,30,0.497798,-0.01072,0.4917,0.0814,0,1,0.016508,0.0299,0.04216,0.05967,0.0113,1,0.8625,0.01728,-0.06238,0.006325,,3.165,-0.00645,-0.0057,0.5,1.739,0.07,0.00784,78.0,0.01217,0.0229,0.03167,0.087977,,,,,,,,,,,,,,,,,,0.875,0.02546,-0.06464,0.014199,,4.875,-0.01479,-0.01344,0.4875,2.46,0.0814,0.018657,78.0,0.01987,0.03366,0.04214,0.304188,0.9,0.02738,-0.07273,0.017369,,6.522,-0.01728,-0.01301,0.4875,3.012,0.0755,0.023027,78.0,0.0299,0.04216,0.05967,0.497798,,,,,,,,,,,,,,,,,,PNCINFRA_data,,
OBV_Falling + CDL_Harami_Bear,OBV_Falling + CDL_Harami_Bear,combo_2,27,momentum,Bearish,,,,,,,,,,,,,,,,,,0.8148,0.02389,-0.03578,0.012842,,3.636,-0.01164,-0.01297,0.5185,1.348,0.1381,0.01109,27.0,0.0081,0.01328,0.01824,0.15558,,,,,,,,,,,,,,,,,,0.018634,,0.8889,4.665,0.8889,0.257498,10,0.478048,-0.02198,0.5432,0.139,0,1,0.018749,0.02259,0.03301,0.04562,0.04523,1,0.9259,0.03492,-0.099,0.024996,,5.739,-0.02498,-0.02855,0.5556,1.907,0.139,0.024427,27.0,0.02259,0.03301,0.04562,0.478048,0.9259,0.0304,-0.13615,0.018065,,4.621,-0.0173,-0.0244,0.5556,2.336,0.1237,0.020729,26.0,0.03217,0.03921,0.05306,0.278156,,,,,,,,,,,,,,,,,,,,,,,,,,,,,,,,,,,,,,,,,,,,,,,,,,,,PNCINFRA_data,,
Death_Cross_State + MACD_Bearish_State,Death_Cross_State + MACD_Bearish_State,combo_2,27,trend,Bearish,,,,,,,,,,,,,,,,,,,,,,,,,,,,,,,,,,,,,,,,,,,,,,,,,,,,0.023097,,0.8272,3.513,0.9259,0.250314,20,0.320267,-0.03306,0.5185,0.1525,0,1,0.020117,0.02034,0.04124,0.06562,0.31603,0,0.7778,0.03766,-0.04163,0.02004,,3.441,-0.01849,-0.01292,0.4444,1.693,0.1525,0.014437,27.0,0.00794,0.01778,0.02263,0.229752,,,,,,,,,,,,,,,,,,0.8519,0.05035,-0.09842,0.028308,,3.395,-0.02933,-0.04704,0.5926,2.394,0.1476,0.02352,27.0,0.02034,0.04124,0.06562,0.320267,0.8519,0.0391,-0.08348,0.020944,,3.702,-0.02018,-0.03921,0.5185,2.932,0.1372,0.022395,27.0,0.0214,0.04124,0.08111,0.25834,,,,,,,,,,,,,,,,,,PNCINFRA_data,,
Death_Cross_State + MACD_Hist_Negative,Death_Cross_State + MACD_Hist_Negative,combo_2,27,trend,Bearish,,,,,,,,,,,,,,,,,,,,,,,,,,,,,,,,,,,,,,,,,,,,,,,,,,,,0.023097,,0.8272,3.513,0.9259,0.250314,20,0.320267,-0.03306,0.5185,0.1525,0,1,0.020117,0.02034,0.04124,0.06562,0.31603,0,0.7778,0.03766,-0.04163,0.02004,,3.441,-0.01849,-0.01292,0.4444,1.693,0.1525,0.014437,27.0,0.00794,0.01778,0.02263,0.229752,,,,,,,,,,,,,,,,,,0.8519,0.05035,-0.09842,0.028308,,3.395,-0.02933,-0.04704,0.5926,2.394,0.1476,0.02352,27.0,0.02034,0.04124,0.06562,0.320267,0.8519,0.0391,-0.08348,0.020944,,3.702,-0.02018,-0.03921,0.5185,2.932,0.1372,0.022395,27.0,0.0214,0.04124,0.08111,0.25834,,,,,,,,,,,,,,,,,,PNCINFRA_data,,
Price_Below_EMA200 + MACD_Hist_Negative,Price_Below_EMA200 + MACD_Hist_Negative,combo_2,40,trend,Bearish,,,,,,,,,,,,,,,,,,,,,,,,,,,,,,,,,,,,,,,,,,,,,,,,,,,,0.020921,,0.8167,3.267,0.925,0.234776,20,0.395015,-0.00942,0.475,0.151,0,1,0.024775,0.02187,0.03661,0.04933,0.24953,0,0.775,0.02118,-0.0463,0.005998,,2.388,-0.00496,-0.00272,0.45,1.685,0.151,0.007275,40.0,0.00655,0.0169,0.02619,0.053187,,,,,,,,,,,,,,,,,,0.85,0.05238,-0.10125,0.029337,,3.626,-0.02987,-0.02568,0.5,2.383,0.1296,0.031446,40.0,0.02187,0.03661,0.04933,0.395015,0.825,0.05228,-0.08975,0.027426,,3.787,-0.02724,0.00014,0.475,2.919,0.1213,0.035603,40.0,0.02346,0.03661,0.04933,0.385744,,,,,,,,,,,,,,,,,,PNCINFRA_data,,
Price_Below_EMA200 + MACD_Bearish_State,Price_Below_EMA200 + MACD_Bearish_State,combo_2,40,trend,Bearish,,,,,,,,,,,,,,,,,,,,,,,,,,,,,,,,,,,,,,,,,,,,,,,,,,,,0.020921,,0.8167,3.267,0.925,0.234776,20,0.395015,-0.00942,0.475,0.151,0,1,0.024775,0.02187,0.03661,0.04933,0.24953,0,0.775,0.02118,-0.0463,0.005998,,2.388,-0.00496,-0.00272,0.45,1.685,0.151,0.007275,40.0,0.00655,0.0169,0.02619,0.053187,,,,,,,,,,,,,,,,,,0.85,0.05238,-0.10125,0.029337,,3.626,-0.02987,-0.02568,0.5,2.383,0.1296,0.031446,40.0,0.02187,0.03661,0.04933,0.395015,0.825,0.05228,-0.08975,0.027426,,3.787,-0.02724,0.00014,0.475,2.919,0.1213,0.035603,40.0,0.02346,0.03661,0.04933,0.385744,,,,,,,,,,,,,,,,,,PNCINFRA_data,,
